label,kind,window,start,end,is_baseline,feasible,cost_bps,cash_yield,data_dir,params.score,params.canary,params.fallback,avg_misallocation,max_misallocation,avg_asset_deviation,max_asset_deviation,final_value,total_contributed,net_profit,net_profit_pct,cagr,xirr,sharpe,volatility,sortino,calmar,max_drawdown,max_drawdown_days,best_year,best_year_return,worst_year,worst_year_return,traded_value,total_fees,turnover,fee_drag,exposure.BIL.avg,exposure.BIL.min,exposure.IEF.avg,exposure.IEF.min,exposure.SPY.avg,exposure.SPY.min
ROT SPY top1 1-3-6-12U can TIP/1 fb best(BIL+IEF),full,full,2012-01-03,2026-08-24,false,true,"{""*"": 6, ""ACWX"": 3, ""AGG"": 1, ""BIL"": 1, ""BND"": 1.5, ""BTAL"": 6, ""DBC"": 3, ""DBMF"": 3, ""EEM"": 1, ""EFA"": 1, ""IEF"": 1, ""IWM"": 1, ""KMLM"": 6, ""LQD"": 1.5, ""QQQ"": 1, ""SCZ"": 5, ""SHY"": 1, ""SPY"": 0.7, ""TIP"": 2, ""TLT"": 1, ""TQQQ"": 1.5, ""VEA"": 1.5, ""VEU"": 2, ""VNQ"": 1.5, ""VTI"": 1, ""VWO"": 2}",0.03000000,tests/data/2026-08-24-net15,1-3-6-12U,TIP/1,best(BIL+IEF),0.00146525,0.00887397,0.00148633,0.00887535,325114.34203370,97500.00000000,227614.34203370,2.33450607,0.12982449,0.13743004,1.19676035,0.10707235,1.69942747,0.96685472,-0.13427507,107,2021,0.28424573,2022,-0.00680651,8691390.06628179,744.42477629,2.61798579,0.00763513,0.24983617,0.00000000,0.09651349,0.00000000,0.65216401,0.00000000
ROT SPY top1 1-3-6-12U can TIP/1 fb IEF,full,full,2012-01-03,2026-08-24,false,true,"{""*"": 6, ""ACWX"": 3, ""AGG"": 1, ""BIL"": 1, ""BND"": 1.5, ""BTAL"": 6, ""DBC"": 3, ""DBMF"": 3, ""EEM"": 1, ""EFA"": 1, ""IEF"": 1, ""IWM"": 1, ""KMLM"": 6, ""LQD"": 1.5, ""QQQ"": 1, ""SCZ"": 5, ""SHY"": 1, ""SPY"": 0.7, ""TIP"": 2, ""TLT"": 1, ""TQQQ"": 1.5, ""VEA"": 1.5, ""VEU"": 2, ""VNQ"": 1.5, ""VTI"": 1, ""VWO"": 2}",0.03000000,tests/data/2026-08-24-net15,1-3-6-12U,TIP/1,IEF,0.00149089,0.00887397,0.00150916,0.00887535,310005.14150194,97500.00000000,212505.14150194,2.17953991,0.12729767,0.13228343,1.11149575,0.11394918,1.58002907,0.84398158,-0.15082992,780,2021,0.28445270,2022,-0.11518014,8233860.38612286,699.41939059,2.49984972,0.00717353,,,0.34631605,0.00000000,0.65217479,0.00000000
ROT SPY top1 1-3-6-12U fb best(BIL+IEF),full,full,2012-01-03,2026-08-24,false,true,"{""*"": 6, ""ACWX"": 3, ""AGG"": 1, ""BIL"": 1, ""BND"": 1.5, ""BTAL"": 6, ""DBC"": 3, ""DBMF"": 3, ""EEM"": 1, ""EFA"": 1, ""IEF"": 1, ""IWM"": 1, ""KMLM"": 6, ""LQD"": 1.5, ""QQQ"": 1, ""SCZ"": 5, ""SHY"": 1, ""SPY"": 0.7, ""TIP"": 2, ""TLT"": 1, ""TQQQ"": 1.5, ""VEA"": 1.5, ""VEU"": 2, ""VNQ"": 1.5, ""VTI"": 1, ""VWO"": 2}",0.03000000,tests/data/2026-08-24-net15,1-3-6-12U,,best(BIL+IEF),0.00173915,0.00887397,0.00174925,0.00887535,309041.00327147,97500.00000000,211541.00327147,2.16965132,0.12827309,0.13194609,1.01838502,0.12673588,1.42547892,0.61574247,-0.20832263,483,2013,0.31842278,2022,-0.11988975,3723711.24729140,315.41279061,1.21255807,0.00323500,0.06816279,0.00000000,0.05110119,0.00000000,0.87898677,0.00000000
ROT SPY top1 1-3-6-12U fb IEF,full,full,2012-01-03,2026-08-24,false,true,"{""*"": 6, ""ACWX"": 3, ""AGG"": 1, ""BIL"": 1, ""BND"": 1.5, ""BTAL"": 6, ""DBC"": 3, ""DBMF"": 3, ""EEM"": 1, ""EFA"": 1, ""IEF"": 1, ""IWM"": 1, ""KMLM"": 6, ""LQD"": 1.5, ""QQQ"": 1, ""SCZ"": 5, ""SHY"": 1, ""SPY"": 0.7, ""TIP"": 2, ""TLT"": 1, ""TQQQ"": 1.5, ""VEA"": 1.5, ""VEU"": 2, ""VNQ"": 1.5, ""VTI"": 1, ""VWO"": 2}",0.03000000,tests/data/2026-08-24-net15,1-3-6-12U,,IEF,0.00173676,0.00887397,0.00174686,0.00887535,312798.37997832,97500.00000000,215298.37997832,2.20818851,0.12936085,0.13325453,1.00606994,0.12961413,1.41212493,0.60992736,-0.21209222,722,2013,0.31842278,2022,-0.17899928,3731789.18473048,316.09464247,1.20933627,0.00324200,,,0.11924866,0.00000000,0.87900449,0.00000000
ROT SPY top1 13612W can TIP/1 fb best(BIL+IEF),full,full,2012-01-03,2026-08-24,false,true,"{""*"": 6, ""ACWX"": 3, ""AGG"": 1, ""BIL"": 1, ""BND"": 1.5, ""BTAL"": 6, ""DBC"": 3, ""DBMF"": 3, ""EEM"": 1, ""EFA"": 1, ""IEF"": 1, ""IWM"": 1, ""KMLM"": 6, ""LQD"": 1.5, ""QQQ"": 1, ""SCZ"": 5, ""SHY"": 1, ""SPY"": 0.7, ""TIP"": 2, ""TLT"": 1, ""TQQQ"": 1.5, ""VEA"": 1.5, ""VEU"": 2, ""VNQ"": 1.5, ""VTI"": 1, ""VWO"": 2}",0.03000000,tests/data/2026-08-24-net15,13612W,TIP/1,best(BIL+IEF),0.00147541,0.00887397,0.00150772,0.00887535,204628.58394818,97500.00000000,107128.58394818,1.09875471,0.09280575,0.08666790,0.94453121,0.09946132,1.31429805,0.69090169,-0.13432555,107,2020,0.24445458,2022,-0.08275395,11872634.02211775,1018.64582096,4.28547495,0.01044765,0.29525298,0.00000000,0.11918588,0.00000000,0.58405341,0.00000000
ROT SPY top1 13612W can TIP/1 fb IEF,full,full,2012-01-03,2026-08-24,false,true,"{""*"": 6, ""ACWX"": 3, ""AGG"": 1, ""BIL"": 1, ""BND"": 1.5, ""BTAL"": 6, ""DBC"": 3, ""DBMF"": 3, ""EEM"": 1, ""EFA"": 1, ""IEF"": 1, ""IWM"": 1, ""KMLM"": 6, ""LQD"": 1.5, ""QQQ"": 1, ""SCZ"": 5, ""SHY"": 1, ""SPY"": 0.7, ""TIP"": 2, ""TLT"": 1, ""TQQQ"": 1.5, ""VEA"": 1.5, ""VEU"": 2, ""VNQ"": 1.5, ""VTI"": 1, ""VWO"": 2}",0.03000000,tests/data/2026-08-24-net15,13612W,TIP/1,IEF,0.00158146,0.00887397,0.00160929,0.00887535,186774.94194160,97500.00000000,89274.94194160,0.91564043,0.08581798,0.07643091,0.82158281,0.10753171,1.14764034,0.37785075,-0.22712137,1135,2020,0.24437080,2022,-0.18321031,10760942.91226891,914.41552023,4.03415194,0.00937862,,,0.41445126,0.00000000,0.58393944,0.00000000
ROT SPY top1 13612W fb best(BIL+IEF),full,full,2012-01-03,2026-08-24,false,true,"{""*"": 6, ""ACWX"": 3, ""AGG"": 1, ""BIL"": 1, ""BND"": 1.5, ""BTAL"": 6, ""DBC"": 3, ""DBMF"": 3, ""EEM"": 1, ""EFA"": 1, ""IEF"": 1, ""IWM"": 1, ""KMLM"": 6, ""LQD"": 1.5, ""QQQ"": 1, ""SCZ"": 5, ""SHY"": 1, ""SPY"": 0.7, ""TIP"": 2, ""TLT"": 1, ""TQQQ"": 1.5, ""VEA"": 1.5, ""VEU"": 2, ""VNQ"": 1.5, ""VTI"": 1, ""VWO"": 2}",0.03000000,tests/data/2026-08-24-net15,13612W,,best(BIL+IEF),0.00185972,0.00887397,0.00188036,0.00887535,204916.56091427,97500.00000000,107416.56091427,1.10170832,0.08755757,0.08682489,0.73917230,0.12433180,1.02469544,0.39763777,-0.22019431,1008,2013,0.31842278,2022,-0.17288627,7177048.83260365,609.13657534,2.86547421,0.00624755,0.09653810,0.00000000,0.07380351,0.00000000,0.82777802,0.00000000
ROT SPY top1 13612W fb IEF,full,full,2012-01-03,2026-08-24,false,true,"{""*"": 6, ""ACWX"": 3, ""AGG"": 1, ""BIL"": 1, ""BND"": 1.5, ""BTAL"": 6, ""DBC"": 3, ""DBMF"": 3, ""EEM"": 1, ""EFA"": 1, ""IEF"": 1, ""IWM"": 1, ""KMLM"": 6, ""LQD"": 1.5, ""QQQ"": 1, ""SCZ"": 5, ""SHY"": 1, ""SPY"": 0.7, ""TIP"": 2, ""TLT"": 1, ""TQQQ"": 1.5, ""VEA"": 1.5, ""VEU"": 2, ""VNQ"": 1.5, ""VTI"": 1, ""VWO"": 2}",0.03000000,tests/data/2026-08-24-net15,13612W,,IEF,0.00186299,0.00887397,0.00188364,0.00887535,199288.68318931,97500.00000000,101788.68318931,1.04398649,0.08416637,0.08371219,0.69829048,0.12774077,0.96985220,0.29874417,-0.28173393,1016,2013,0.31842278,2022,-0.24201123,6926860.04719462,587.82735980,2.84585714,0.00602900,,,0.17031557,0.00000000,0.82780079,0.00000000
ROT SPY top1 12M can TIP/1 fb best(BIL+IEF),full,full,2012-01-03,2026-08-24,false,true,"{""*"": 6, ""ACWX"": 3, ""AGG"": 1, ""BIL"": 1, ""BND"": 1.5, ""BTAL"": 6, ""DBC"": 3, ""DBMF"": 3, ""EEM"": 1, ""EFA"": 1, ""IEF"": 1, ""IWM"": 1, ""KMLM"": 6, ""LQD"": 1.5, ""QQQ"": 1, ""SCZ"": 5, ""SHY"": 1, ""SPY"": 0.7, ""TIP"": 2, ""TLT"": 1, ""TQQQ"": 1.5, ""VEA"": 1.5, ""VEU"": 2, ""VNQ"": 1.5, ""VTI"": 1, ""VWO"": 2}",0.03000000,tests/data/2026-08-24-net15,12M,TIP/1,best(BIL+IEF),0.00160842,0.00887397,0.00162158,0.00887535,259779.70927467,97500.00000000,162279.70927467,1.66440727,0.10910504,0.11304064,0.83885082,0.13461873,1.17167704,0.32348940,-0.33727548,323,2021,0.28424181,2022,-0.11981202,4088849.95647088,350.21029154,1.46077727,0.00359190,0.24415247,0.00000000,0.07947474,0.00000000,0.67475121,0.00000000
ROT SPY top1 12M can TIP/1 fb IEF,full,full,2012-01-03,2026-08-24,false,true,"{""*"": 6, ""ACWX"": 3, ""AGG"": 1, ""BIL"": 1, ""BND"": 1.5, ""BTAL"": 6, ""DBC"": 3, ""DBMF"": 3, ""EEM"": 1, ""EFA"": 1, ""IEF"": 1, ""IWM"": 1, ""KMLM"": 6, ""LQD"": 1.5, ""QQQ"": 1, ""SCZ"": 5, ""SHY"": 1, ""SPY"": 0.7, ""TIP"": 2, ""TLT"": 1, ""TQQQ"": 1.5, ""VEA"": 1.5, ""VEU"": 2, ""VNQ"": 1.5, ""VTI"": 1, ""VWO"": 2}",0.03000000,tests/data/2026-08-24-net15,12M,TIP/1,IEF,0.00156441,0.00887397,0.00157645,0.00887535,254794.46497529,97500.00000000,157294.46497529,1.61327656,0.10853889,0.11091753,0.80842978,0.13995725,1.13201929,0.32192965,-0.33715097,323,2021,0.28441031,2022,-0.17890874,3905384.18229124,331.38985121,1.37941566,0.00339887,,,0.32357707,0.00000000,0.67484647,0.00000000
ROT SPY top1 12M fb best(BIL+IEF),full,full,2012-01-03,2026-08-24,false,true,"{""*"": 6, ""ACWX"": 3, ""AGG"": 1, ""BIL"": 1, ""BND"": 1.5, ""BTAL"": 6, ""DBC"": 3, ""DBMF"": 3, ""EEM"": 1, ""EFA"": 1, ""IEF"": 1, ""IWM"": 1, ""KMLM"": 6, ""LQD"": 1.5, ""QQQ"": 1, ""SCZ"": 5, ""SHY"": 1, ""SPY"": 0.7, ""TIP"": 2, ""TLT"": 1, ""TQQQ"": 1.5, ""VEA"": 1.5, ""VEU"": 2, ""VNQ"": 1.5, ""VTI"": 1, ""VWO"": 2}",0.03000000,tests/data/2026-08-24-net15,12M,,best(BIL+IEF),0.00181656,0.00887397,0.00182338,0.00887535,272110.01948870,97500.00000000,174610.01948870,1.79087199,0.11460716,0.11811009,0.80466199,0.14905482,1.12085384,0.34010554,-0.33697528,323,2013,0.31842278,2022,-0.11997947,1686547.81096847,144.31925981,0.61014987,0.00148020,0.07383510,0.00000000,0.03406322,0.00000000,0.89027830,0.00000000
ROT SPY top1 12M fb IEF,full,full,2012-01-03,2026-08-24,false,true,"{""*"": 6, ""ACWX"": 3, ""AGG"": 1, ""BIL"": 1, ""BND"": 1.5, ""BTAL"": 6, ""DBC"": 3, ""DBMF"": 3, ""EEM"": 1, ""EFA"": 1, ""IEF"": 1, ""IWM"": 1, ""KMLM"": 6, ""LQD"": 1.5, ""QQQ"": 1, ""SCZ"": 5, ""SHY"": 1, ""SPY"": 0.7, ""TIP"": 2, ""TLT"": 1, ""TQQQ"": 1.5, ""VEA"": 1.5, ""VEU"": 2, ""VNQ"": 1.5, ""VTI"": 1, ""VWO"": 2}",0.03000000,tests/data/2026-08-24-net15,12M,,IEF,0.00177362,0.00887397,0.00177987,0.00887535,264802.65494022,97500.00000000,167302.65494022,1.71592467,0.11225117,0.11513616,0.77910751,0.15173750,1.08726815,0.33248923,-0.33760843,323,2013,0.31842278,2022,-0.17884522,1539435.83140668,129.68588534,0.56539046,0.00133011,,,0.10789474,0.00000000,0.89032538,0.00000000
SPY60/IEF40,full,full,2012-01-03,2026-08-24,true,true,"{""*"": 6, ""ACWX"": 3, ""AGG"": 1, ""BIL"": 1, ""BND"": 1.5, ""BTAL"": 6, ""DBC"": 3, ""DBMF"": 3, ""EEM"": 1, ""EFA"": 1, ""IEF"": 1, ""IWM"": 1, ""KMLM"": 6, ""LQD"": 1.5, ""QQQ"": 1, ""SCZ"": 5, ""SHY"": 1, ""SPY"": 0.7, ""TIP"": 2, ""TLT"": 1, ""TQQQ"": 1.5, ""VEA"": 1.5, ""VEU"": 2, ""VNQ"": 1.5, ""VTI"": 1, ""VWO"": 2}",0.03000000,tests/data/2026-08-24-net15,,,,0.00291251,0.01405612,0.00222732,0.00787040,214467.96295631,97500.00000000,116967.96295631,1.19967141,0.09277079,0.09189974,0.96877755,0.09664282,1.37786321,0.43398757,-0.21376371,795,2019,0.21411968,2022,-0.16839614,270322.95268702,23.22925720,0.10465660,0.00023825,,,0.39916916,0.39253954,0.59791728,0.59212960
SPY benchmark,full,full,2012-01-03,2026-08-24,true,true,"{""*"": 6, ""ACWX"": 3, ""AGG"": 1, ""BIL"": 1, ""BND"": 1.5, ""BTAL"": 6, ""DBC"": 3, ""DBMF"": 3, ""EEM"": 1, ""EFA"": 1, ""IEF"": 1, ""IWM"": 1, ""KMLM"": 6, ""LQD"": 1.5, ""QQQ"": 1, ""SCZ"": 5, ""SHY"": 1, ""SPY"": 0.7, ""TIP"": 2, ""TLT"": 1, ""TQQQ"": 1.5, ""VEA"": 1.5, ""VEU"": 2, ""VNQ"": 1.5, ""VTI"": 1, ""VWO"": 2}",0.03000000,tests/data/2026-08-24-net15,,,,0.00165763,0.00887397,0.00165813,0.00887535,353051.02493906,97500.00000000,255551.02493906,2.62103615,0.14643292,0.14631590,0.91192795,0.16527492,1.29098146,0.43404677,-0.33736669,173,2013,0.31819168,2022,-0.18365542,97233.05567962,6.80631390,0.02779235,0.00006981,,,,,0.99834187,0.99112465
ROT SPY top1 1-3-6-12U can TIP/1 fb best(BIL+IEF),fit,fit,2012-01-03,2022-12-30,false,true,"{""*"": 6, ""ACWX"": 3, ""AGG"": 1, ""BIL"": 1, ""BND"": 1.5, ""BTAL"": 6, ""DBC"": 3, ""DBMF"": 3, ""EEM"": 1, ""EFA"": 1, ""IEF"": 1, ""IWM"": 1, ""KMLM"": 6, ""LQD"": 1.5, ""QQQ"": 1, ""SCZ"": 5, ""SHY"": 1, ""SPY"": 0.7, ""TIP"": 2, ""TLT"": 1, ""TQQQ"": 1.5, ""VEA"": 1.5, ""VEU"": 2, ""VNQ"": 1.5, ""VTI"": 1, ""VWO"": 2}",0.03000000,tests/data/2026-08-24-net15,1-3-6-12U,TIP/1,best(BIL+IEF),0.00162626,0.00887397,0.00164790,0.00887535,176253.02249803,75500.00000000,100753.02249803,1.33447712,0.12256816,0.12984724,1.14100262,0.10642080,1.60583341,0.91281394,-0.13427507,107,2021,0.28424573,2022,-0.00680624,4149085.45546553,358.42328182,2.61951722,0.00474733,0.23465931,0.00000000,0.12868466,0.00000000,0.63500813,0.00000000
ROT SPY top1 1-3-6-12U can TIP/1 fb IEF,fit,fit,2012-01-03,2022-12-30,false,true,"{""*"": 6, ""ACWX"": 3, ""AGG"": 1, ""BIL"": 1, ""BND"": 1.5, ""BTAL"": 6, ""DBC"": 3, ""DBMF"": 3, ""EEM"": 1, ""EFA"": 1, ""IEF"": 1, ""IWM"": 1, ""KMLM"": 6, ""LQD"": 1.5, ""QQQ"": 1, ""SCZ"": 5, ""SHY"": 1, ""SPY"": 0.7, ""TIP"": 2, ""TLT"": 1, ""TQQQ"": 1.5, ""VEA"": 1.5, ""VEU"": 2, ""VNQ"": 1.5, ""VTI"": 1, ""VWO"": 2}",0.03000000,tests/data/2026-08-24-net15,1-3-6-12U,TIP/1,IEF,0.00167148,0.00887397,0.00168939,0.00887535,167911.69819354,75500.00000000,92411.69819354,1.22399600,0.11969599,0.12265057,1.06436089,0.11227515,1.49713740,0.79358256,-0.15082992,,2021,0.28445270,2022,-0.11517987,3927623.33863785,333.48471876,2.37892345,0.00441702,,,0.36329651,0.00000000,0.63501410,0.00000000
ROT SPY top1 1-3-6-12U fb best(BIL+IEF),fit,fit,2012-01-03,2022-12-30,false,true,"{""*"": 6, ""ACWX"": 3, ""AGG"": 1, ""BIL"": 1, ""BND"": 1.5, ""BTAL"": 6, ""DBC"": 3, ""DBMF"": 3, ""EEM"": 1, ""EFA"": 1, ""IEF"": 1, ""IWM"": 1, ""KMLM"": 6, ""LQD"": 1.5, ""QQQ"": 1, ""SCZ"": 5, ""SHY"": 1, ""SPY"": 0.7, ""TIP"": 2, ""TLT"": 1, ""TQQQ"": 1.5, ""VEA"": 1.5, ""VEU"": 2, ""VNQ"": 1.5, ""VTI"": 1, ""VWO"": 2}",0.03000000,tests/data/2026-08-24-net15,1-3-6-12U,,best(BIL+IEF),0.00186076,0.00887397,0.00187098,0.00887535,144836.90142880,75500.00000000,69336.90142880,0.91836956,0.10708979,0.10059065,0.86011682,0.12795266,1.18655763,0.51405741,-0.20832263,483,2013,0.31842278,2022,-0.11988946,1980957.86575762,167.54004655,1.31281907,0.00221907,0.06816508,0.00000000,0.06813493,0.00000000,0.86182901,0.00000000
ROT SPY top1 1-3-6-12U fb IEF,fit,fit,2012-01-03,2022-12-30,false,true,"{""*"": 6, ""ACWX"": 3, ""AGG"": 1, ""BIL"": 1, ""BND"": 1.5, ""BTAL"": 6, ""DBC"": 3, ""DBMF"": 3, ""EEM"": 1, ""EFA"": 1, ""IEF"": 1, ""IWM"": 1, ""KMLM"": 6, ""LQD"": 1.5, ""QQQ"": 1, ""SCZ"": 5, ""SHY"": 1, ""SPY"": 0.7, ""TIP"": 2, ""TLT"": 1, ""TQQQ"": 1.5, ""VEA"": 1.5, ""VEU"": 2, ""VNQ"": 1.5, ""VTI"": 1, ""VWO"": 2}",0.03000000,tests/data/2026-08-24-net15,1-3-6-12U,,IEF,0.00188015,0.00887397,0.00189037,0.00887535,136444.37747195,75500.00000000,60944.37747195,0.80721030,0.10126160,0.09162558,0.80438722,0.13068624,1.11094779,0.47744136,-0.21209222,,2013,0.31842278,2022,-0.17899897,1995324.22511984,168.75822054,1.31924406,0.00223521,,,0.13628376,0.00000000,0.86182587,0.00000000
ROT SPY top1 13612W can TIP/1 fb best(BIL+IEF),fit,fit,2012-01-03,2022-12-30,false,true,"{""*"": 6, ""ACWX"": 3, ""AGG"": 1, ""BIL"": 1, ""BND"": 1.5, ""BTAL"": 6, ""DBC"": 3, ""DBMF"": 3, ""EEM"": 1, ""EFA"": 1, ""IEF"": 1, ""IWM"": 1, ""KMLM"": 6, ""LQD"": 1.5, ""QQQ"": 1, ""SCZ"": 5, ""SHY"": 1, ""SPY"": 0.7, ""TIP"": 2, ""TLT"": 1, ""TQQQ"": 1.5, ""VEA"": 1.5, ""VEU"": 2, ""VNQ"": 1.5, ""VTI"": 1, ""VWO"": 2}",0.03000000,tests/data/2026-08-24-net15,13612W,TIP/1,best(BIL+IEF),0.00158176,0.00887397,0.00161326,0.00887535,141103.90055905,75500.00000000,65603.90055905,0.86892584,0.10096881,0.09667339,1.03052824,0.09812744,1.43683218,0.75167240,-0.13432555,107,2020,0.24445458,2022,-0.08275364,5795294.00304423,502.10015413,3.82905556,0.00665033,0.28007194,0.00000000,0.14376830,0.00000000,0.57454650,0.00000000
ROT SPY top1 13612W can TIP/1 fb IEF,fit,fit,2012-01-03,2022-12-30,false,true,"{""*"": 6, ""ACWX"": 3, ""AGG"": 1, ""BIL"": 1, ""BND"": 1.5, ""BTAL"": 6, ""DBC"": 3, ""DBMF"": 3, ""EEM"": 1, ""EFA"": 1, ""IEF"": 1, ""IWM"": 1, ""KMLM"": 6, ""LQD"": 1.5, ""QQQ"": 1, ""SCZ"": 5, ""SHY"": 1, ""SPY"": 0.7, ""TIP"": 2, ""TLT"": 1, ""TQQQ"": 1.5, ""VEA"": 1.5, ""VEU"": 2, ""VNQ"": 1.5, ""VTI"": 1, ""VWO"": 2}",0.03000000,tests/data/2026-08-24-net15,13612W,TIP/1,IEF,0.00169712,0.00887397,0.00172265,0.00887535,125715.94555681,75500.00000000,50215.94555681,0.66511186,0.09031764,0.07926305,0.87347900,0.10548455,1.21697707,0.39766245,-0.22712137,,2020,0.24437080,2022,-0.18320997,5153351.90299554,437.78915188,3.41496493,0.00579853,,,0.42385764,0.00000000,0.57441972,0.00000000
ROT SPY top1 13612W fb best(BIL+IEF),fit,fit,2012-01-03,2022-12-30,false,true,"{""*"": 6, ""ACWX"": 3, ""AGG"": 1, ""BIL"": 1, ""BND"": 1.5, ""BTAL"": 6, ""DBC"": 3, ""DBMF"": 3, ""EEM"": 1, ""EFA"": 1, ""IEF"": 1, ""IWM"": 1, ""KMLM"": 6, ""LQD"": 1.5, ""QQQ"": 1, ""SCZ"": 5, ""SHY"": 1, ""SPY"": 0.7, ""TIP"": 2, ""TLT"": 1, ""TQQQ"": 1.5, ""VEA"": 1.5, ""VEU"": 2, ""VNQ"": 1.5, ""VTI"": 1, ""VWO"": 2}",0.03000000,tests/data/2026-08-24-net15,13612W,,best(BIL+IEF),0.00208542,0.00887397,0.00210649,0.00887535,115967.67362176,75500.00000000,40467.67362176,0.53599568,0.07573544,0.06699837,0.63951595,0.12689237,0.88022535,0.34394823,-0.22019431,1008,2013,0.31842278,2022,-0.17274551,4310687.95320707,365.69828118,3.22004180,0.00484369,0.09085963,0.00000000,0.08325790,0.00000000,0.82377597,0.00000000
ROT SPY top1 13612W fb IEF,fit,fit,2012-01-03,2022-12-30,false,true,"{""*"": 6, ""ACWX"": 3, ""AGG"": 1, ""BIL"": 1, ""BND"": 1.5, ""BTAL"": 6, ""DBC"": 3, ""DBMF"": 3, ""EEM"": 1, ""EFA"": 1, ""IEF"": 1, ""IWM"": 1, ""KMLM"": 6, ""LQD"": 1.5, ""QQQ"": 1, ""SCZ"": 5, ""SHY"": 1, ""SPY"": 0.7, ""TIP"": 2, ""TLT"": 1, ""TQQQ"": 1.5, ""VEA"": 1.5, ""VEU"": 2, ""VNQ"": 1.5, ""VTI"": 1, ""VWO"": 2}",0.03000000,tests/data/2026-08-24-net15,13612W,,IEF,0.00188424,0.00887397,0.00190532,0.00887535,103887.49334588,75500.00000000,28387.49334588,0.37599329,0.06379517,0.05013677,0.54197158,0.12980114,0.74499328,0.22643766,-0.28173393,,2013,0.31842278,2022,-0.24188206,4181812.34621541,354.69076851,3.21035912,0.00469789,,,0.17408167,0.00000000,0.82401301,0.00000000
ROT SPY top1 12M can TIP/1 fb best(BIL+IEF),fit,fit,2012-01-03,2022-12-30,false,true,"{""*"": 6, ""ACWX"": 3, ""AGG"": 1, ""BIL"": 1, ""BND"": 1.5, ""BTAL"": 6, ""DBC"": 3, ""DBMF"": 3, ""EEM"": 1, ""EFA"": 1, ""IEF"": 1, ""IWM"": 1, ""KMLM"": 6, ""LQD"": 1.5, ""QQQ"": 1, ""SCZ"": 5, ""SHY"": 1, ""SPY"": 0.7, ""TIP"": 2, ""TLT"": 1, ""TQQQ"": 1.5, ""VEA"": 1.5, ""VEU"": 2, ""VNQ"": 1.5, ""VTI"": 1, ""VWO"": 2}",0.03000000,tests/data/2026-08-24-net15,12M,TIP/1,best(BIL+IEF),0.00176012,0.00887397,0.00177444,0.00887535,137369.91432206,75500.00000000,61869.91432206,0.81946906,0.09562119,0.09264278,0.74476799,0.13507979,1.02070993,0.28351064,-0.33727548,323,2021,0.28424181,2022,-0.11981166,2545631.33805230,219.15911420,1.74455774,0.00290277,0.22708279,0.00000000,0.10596632,0.00000000,0.66517645,0.00000000
ROT SPY top1 12M can TIP/1 fb IEF,fit,fit,2012-01-03,2022-12-30,false,true,"{""*"": 6, ""ACWX"": 3, ""AGG"": 1, ""BIL"": 1, ""BND"": 1.5, ""BTAL"": 6, ""DBC"": 3, ""DBMF"": 3, ""EEM"": 1, ""EFA"": 1, ""IEF"": 1, ""IWM"": 1, ""KMLM"": 6, ""LQD"": 1.5, ""QQQ"": 1, ""SCZ"": 5, ""SHY"": 1, ""SPY"": 0.7, ""TIP"": 2, ""TLT"": 1, ""TQQQ"": 1.5, ""VEA"": 1.5, ""VEU"": 2, ""VNQ"": 1.5, ""VTI"": 1, ""VWO"": 2}",0.03000000,tests/data/2026-08-24-net15,12M,TIP/1,IEF,0.00168038,0.00887397,0.00169320,0.00887535,135577.68948225,75500.00000000,60077.68948225,0.79573099,0.09572039,0.09066633,0.72682065,0.13934524,0.99763420,0.28390958,-0.33715097,323,2021,0.28441031,2022,-0.17890843,2408261.20779964,204.25044274,1.58917161,0.00270530,,,0.33297930,0.00000000,0.66532750,0.00000000
ROT SPY top1 12M fb best(BIL+IEF),fit,fit,2012-01-03,2022-12-30,false,true,"{""*"": 6, ""ACWX"": 3, ""AGG"": 1, ""BIL"": 1, ""BND"": 1.5, ""BTAL"": 6, ""DBC"": 3, ""DBMF"": 3, ""EEM"": 1, ""EFA"": 1, ""IEF"": 1, ""IWM"": 1, ""KMLM"": 6, ""LQD"": 1.5, ""QQQ"": 1, ""SCZ"": 5, ""SHY"": 1, ""SPY"": 0.7, ""TIP"": 2, ""TLT"": 1, ""TQQQ"": 1.5, ""VEA"": 1.5, ""VEU"": 2, ""VNQ"": 1.5, ""VTI"": 1, ""VWO"": 2}",0.03000000,tests/data/2026-08-24-net15,12M,,best(BIL+IEF),0.00195373,0.00887397,0.00196215,0.00887535,125117.60332476,75500.00000000,49617.60332476,0.65718680,0.08883049,0.07854041,0.64000707,0.15103758,0.87398776,0.26361128,-0.33697528,323,2013,0.31842278,2022,-0.11997914,1407497.82616913,120.86548351,1.01339432,0.00160087,0.06815465,0.00000000,0.04541763,0.00000000,0.88446557,0.00000000
ROT SPY top1 12M fb IEF,fit,fit,2012-01-03,2022-12-30,false,true,"{""*"": 6, ""ACWX"": 3, ""AGG"": 1, ""BIL"": 1, ""BND"": 1.5, ""BTAL"": 6, ""DBC"": 3, ""DBMF"": 3, ""EEM"": 1, ""EFA"": 1, ""IEF"": 1, ""IWM"": 1, ""KMLM"": 6, ""LQD"": 1.5, ""QQQ"": 1, ""SCZ"": 5, ""SHY"": 1, ""SPY"": 0.7, ""TIP"": 2, ""TLT"": 1, ""TQQQ"": 1.5, ""VEA"": 1.5, ""VEU"": 2, ""VNQ"": 1.5, ""VTI"": 1, ""VWO"": 2}",0.03000000,tests/data/2026-08-24-net15,12M,,IEF,0.00193548,0.00887397,0.00194315,0.00887535,117250.40357496,75500.00000000,41750.40357496,0.55298548,0.08243764,0.06867495,0.59372226,0.15351770,0.81174439,0.24418124,-0.33760843,323,2013,0.31842278,2022,-0.17884492,1268655.55704323,106.93210657,0.91453445,0.00141632,,,0.11356899,0.00000000,0.88448786,0.00000000
SPY60/IEF40,fit,fit,2012-01-03,2022-12-30,true,true,"{""*"": 6, ""ACWX"": 3, ""AGG"": 1, ""BIL"": 1, ""BND"": 1.5, ""BTAL"": 6, ""DBC"": 3, ""DBMF"": 3, ""EEM"": 1, ""EFA"": 1, ""IEF"": 1, ""IWM"": 1, ""KMLM"": 6, ""LQD"": 1.5, ""QQQ"": 1, ""SCZ"": 5, ""SHY"": 1, ""SPY"": 0.7, ""TIP"": 2, ""TLT"": 1, ""TQQQ"": 1.5, ""VEA"": 1.5, ""VEU"": 2, ""VNQ"": 1.5, ""VTI"": 1, ""VWO"": 2}",0.03000000,tests/data/2026-08-24-net15,,,,0.00331845,0.01405612,0.00247989,0.00787040,116226.59054558,75500.00000000,40726.59054558,0.53942504,0.07797403,0.06733841,0.82224060,0.09715967,1.14951544,0.36476741,-0.21376371,,2019,0.21411968,2022,-0.16839466,176834.15156284,15.17027695,0.12730220,0.00020093,,,0.39897446,0.39253954,0.59770587,0.59212960
SPY benchmark,fit,fit,2012-01-03,2022-12-30,true,true,"{""*"": 6, ""ACWX"": 3, ""AGG"": 1, ""BIL"": 1, ""BND"": 1.5, ""BTAL"": 6, ""DBC"": 3, ""DBMF"": 3, ""EEM"": 1, ""EFA"": 1, ""IEF"": 1, ""IWM"": 1, ""KMLM"": 6, ""LQD"": 1.5, ""QQQ"": 1, ""SCZ"": 5, ""SHY"": 1, ""SPY"": 0.7, ""TIP"": 2, ""TLT"": 1, ""TQQQ"": 1.5, ""VEA"": 1.5, ""VEU"": 2, ""VNQ"": 1.5, ""VTI"": 1, ""VWO"": 2}",0.03000000,tests/data/2026-08-24-net15,,,,0.00181713,0.00887397,0.00181778,0.00887535,155037.99589010,75500.00000000,79537.99589010,1.05348339,0.12272174,0.11077065,0.76728635,0.16992121,1.07071696,0.36376365,-0.33736669,173,2013,0.31819168,2022,-0.18365528,75481.94120423,5.28373588,0.04442562,0.00006998,,,,,0.99818222,0.99112465
ROT SPY top1 1-3-6-12U can TIP/1 fb best(BIL+IEF),test,test,2023-01-03,2026-08-24,false,true,"{""*"": 6, ""ACWX"": 3, ""AGG"": 1, ""BIL"": 1, ""BND"": 1.5, ""BTAL"": 6, ""DBC"": 3, ""DBMF"": 3, ""EEM"": 1, ""EFA"": 1, ""IEF"": 1, ""IWM"": 1, ""KMLM"": 6, ""LQD"": 1.5, ""QQQ"": 1, ""SCZ"": 5, ""SHY"": 1, ""SPY"": 0.7, ""TIP"": 2, ""TLT"": 1, ""TQQQ"": 1.5, ""VEA"": 1.5, ""VEU"": 2, ""VNQ"": 1.5, ""VTI"": 1, ""VWO"": 2}",0.03000000,tests/data/2026-08-24-net15,1-3-6-12U,TIP/1,best(BIL+IEF),0.00874667,0.02127131,0.00876741,0.02127131,45557.22711661,31500.00000000,14057.22711661,0.44626118,0.15135233,0.15900812,1.36587846,0.10804188,1.99356338,1.38106421,-0.10959109,202,2024,0.18910934,2023,0.09960898,490309.15290281,41.71859816,2.62267527,0.00132440,0.29446822,0.00000000,0.00000000,0.00000000,0.69676437,0.00000000
ROT SPY top1 1-3-6-12U can TIP/1 fb IEF,test,test,2023-01-03,2026-08-24,false,true,"{""*"": 6, ""ACWX"": 3, ""AGG"": 1, ""BIL"": 1, ""BND"": 1.5, ""BTAL"": 6, ""DBC"": 3, ""DBMF"": 3, ""EEM"": 1, ""EFA"": 1, ""IEF"": 1, ""IWM"": 1, ""KMLM"": 6, ""LQD"": 1.5, ""QQQ"": 1, ""SCZ"": 5, ""SHY"": 1, ""SPY"": 0.7, ""TIP"": 2, ""TLT"": 1, ""TQQQ"": 1.5, ""VEA"": 1.5, ""VEU"": 2, ""VNQ"": 1.5, ""VTI"": 1, ""VWO"": 2}",0.03000000,tests/data/2026-08-24-net15,1-3-6-12U,TIP/1,IEF,0.00807814,0.03019483,0.00809895,0.03027640,45533.18369714,31500.00000000,14033.18369714,0.44549790,0.14756320,0.15877289,1.23341628,0.11785313,1.80704012,1.37125197,-0.10761203,200,2024,0.20460267,2023,0.05954614,487360.56324470,41.45932698,2.63084506,0.00131617,,,0.29465236,0.00000000,0.69724869,0.00000000
ROT SPY top1 1-3-6-12U fb best(BIL+IEF),test,test,2023-01-03,2026-08-24,false,true,"{""*"": 6, ""ACWX"": 3, ""AGG"": 1, ""BIL"": 1, ""BND"": 1.5, ""BTAL"": 6, ""DBC"": 3, ""DBMF"": 3, ""EEM"": 1, ""EFA"": 1, ""IEF"": 1, ""IWM"": 1, ""KMLM"": 6, ""LQD"": 1.5, ""QQQ"": 1, ""SCZ"": 5, ""SHY"": 1, ""SPY"": 0.7, ""TIP"": 2, ""TLT"": 1, ""TQQQ"": 1.5, ""VEA"": 1.5, ""VEU"": 2, ""VNQ"": 1.5, ""VTI"": 1, ""VWO"": 2}",0.03000000,tests/data/2026-08-24-net15,1-3-6-12U,,best(BIL+IEF),0.00896776,0.03342168,0.00897892,0.03350301,49934.54226348,31500.00000000,18434.54226348,0.58522356,0.19376315,0.20025392,1.52075713,0.12202547,2.23939711,1.93311481,-0.10023365,125,2024,0.24456214,2026,0.12280045,208762.80935247,17.61610634,1.04294461,0.00055924,0.06807624,0.00000000,0.00000000,0.00000000,0.92294484,0.00000000
ROT SPY top1 1-3-6-12U fb IEF,test,test,2023-01-03,2026-08-24,false,true,"{""*"": 6, ""ACWX"": 3, ""AGG"": 1, ""BIL"": 1, ""BND"": 1.5, ""BTAL"": 6, ""DBC"": 3, ""DBMF"": 3, ""EEM"": 1, ""EFA"": 1, ""IEF"": 1, ""IWM"": 1, ""KMLM"": 6, ""LQD"": 1.5, ""QQQ"": 1, ""SCZ"": 5, ""SHY"": 1, ""SPY"": 0.7, ""TIP"": 2, ""TLT"": 1, ""TQQQ"": 1.5, ""VEA"": 1.5, ""VEU"": 2, ""VNQ"": 1.5, ""VTI"": 1, ""VWO"": 2}",0.03000000,tests/data/2026-08-24-net15,1-3-6-12U,,IEF,0.00963292,0.02406787,0.00964406,0.02406887,51451.56829178,31500.00000000,19951.56829178,0.63338312,0.21495263,0.21386928,1.62655616,0.12521346,2.41354212,2.15613476,-0.09969350,111,2024,0.24433179,2026,0.12379779,214313.26346566,18.08969286,1.03626342,0.00057428,,,0.06797327,0.00000000,0.92238267,0.00000000
ROT SPY top1 13612W can TIP/1 fb best(BIL+IEF),test,test,2023-01-03,2026-08-24,false,true,"{""*"": 6, ""ACWX"": 3, ""AGG"": 1, ""BIL"": 1, ""BND"": 1.5, ""BTAL"": 6, ""DBC"": 3, ""DBMF"": 3, ""EEM"": 1, ""EFA"": 1, ""IEF"": 1, ""IWM"": 1, ""KMLM"": 6, ""LQD"": 1.5, ""QQQ"": 1, ""SCZ"": 5, ""SHY"": 1, ""SPY"": 0.7, ""TIP"": 2, ""TLT"": 1, ""TQQQ"": 1.5, ""VEA"": 1.5, ""VEU"": 2, ""VNQ"": 1.5, ""VTI"": 1, ""VWO"": 2}",0.03000000,tests/data/2026-08-24-net15,13612W,TIP/1,best(BIL+IEF),0.01062489,0.03342168,0.01066055,0.03350301,36949.09039989,31500.00000000,5449.09039989,0.17298700,0.06843664,0.06747993,0.70398822,0.10193727,0.97475557,0.54810774,-0.12485983,336,2024,0.09343182,2026,0.00282789,790427.56042900,67.35736964,4.69894945,0.00213833,0.34025087,0.00000000,0.04540790,0.00000000,0.60368068,0.00000000
ROT SPY top1 13612W can TIP/1 fb IEF,test,test,2023-01-03,2026-08-24,false,true,"{""*"": 6, ""ACWX"": 3, ""AGG"": 1, ""BIL"": 1, ""BND"": 1.5, ""BTAL"": 6, ""DBC"": 3, ""DBMF"": 3, ""EEM"": 1, ""EFA"": 1, ""IEF"": 1, ""IWM"": 1, ""KMLM"": 6, ""LQD"": 1.5, ""QQQ"": 1, ""SCZ"": 5, ""SHY"": 1, ""SPY"": 0.7, ""TIP"": 2, ""TLT"": 1, ""TQQQ"": 1.5, ""VEA"": 1.5, ""VEU"": 2, ""VNQ"": 1.5, ""VTI"": 1, ""VWO"": 2}",0.03000000,tests/data/2026-08-24-net15,13612W,TIP/1,IEF,0.00696217,0.02162297,0.00699792,0.02162297,36664.19949795,31500.00000000,5164.19949795,0.16394284,0.07001874,0.06416331,0.65958109,0.11282513,0.92780152,0.59808844,-0.11707088,328,2024,0.12088740,2026,-0.01819141,802156.90749492,68.30819706,4.72034576,0.00216851,,,0.38538251,0.00000000,0.60761957,0.00000000
ROT SPY top1 13612W fb best(BIL+IEF),test,test,2023-01-03,2026-08-24,false,true,"{""*"": 6, ""ACWX"": 3, ""AGG"": 1, ""BIL"": 1, ""BND"": 1.5, ""BTAL"": 6, ""DBC"": 3, ""DBMF"": 3, ""EEM"": 1, ""EFA"": 1, ""IEF"": 1, ""IWM"": 1, ""KMLM"": 6, ""LQD"": 1.5, ""QQQ"": 1, ""SCZ"": 5, ""SHY"": 1, ""SPY"": 0.7, ""TIP"": 2, ""TLT"": 1, ""TQQQ"": 1.5, ""VEA"": 1.5, ""VEU"": 2, ""VNQ"": 1.5, ""VTI"": 1, ""VWO"": 2}",0.03000000,tests/data/2026-08-24-net15,13612W,,best(BIL+IEF),0.00969737,0.03342168,0.00971605,0.03350301,41771.07273893,31500.00000000,10271.07273893,0.32606580,0.12386639,0.12065930,1.07849147,0.11502115,1.53701072,1.23343469,-0.10042396,175,2024,0.24470911,2026,0.01974821,409876.64798359,34.80570313,2.22162982,0.00110494,0.11338988,0.00000000,0.04541880,0.00000000,0.83147526,0.00000000
ROT SPY top1 13612W fb IEF,test,test,2023-01-03,2026-08-24,false,true,"{""*"": 6, ""ACWX"": 3, ""AGG"": 1, ""BIL"": 1, ""BND"": 1.5, ""BTAL"": 6, ""DBC"": 3, ""DBMF"": 3, ""EEM"": 1, ""EFA"": 1, ""IEF"": 1, ""IWM"": 1, ""KMLM"": 6, ""LQD"": 1.5, ""QQQ"": 1, ""SCZ"": 5, ""SHY"": 1, ""SPY"": 0.7, ""TIP"": 2, ""TLT"": 1, ""TQQQ"": 1.5, ""VEA"": 1.5, ""VEU"": 2, ""VNQ"": 1.5, ""VTI"": 1, ""VWO"": 2}",0.03000000,tests/data/2026-08-24-net15,13612W,,IEF,0.00908321,0.02618660,0.00910193,0.02626897,42947.21443206,31500.00000000,11447.21443206,0.36340363,0.14509472,0.13286432,1.19390350,0.12017448,1.72182878,1.44481606,-0.10042435,175,2024,0.24468195,2026,0.01590956,425234.36350681,36.09221427,2.21801122,0.00114578,,,0.15863419,0.00000000,0.83226388,0.00000000
ROT SPY top1 12M can TIP/1 fb best(BIL+IEF),test,test,2023-01-03,2026-08-24,false,true,"{""*"": 6, ""ACWX"": 3, ""AGG"": 1, ""BIL"": 1, ""BND"": 1.5, ""BTAL"": 6, ""DBC"": 3, ""DBMF"": 3, ""EEM"": 1, ""EFA"": 1, ""IEF"": 1, ""IWM"": 1, ""KMLM"": 6, ""LQD"": 1.5, ""QQQ"": 1, ""SCZ"": 5, ""SHY"": 1, ""SPY"": 0.7, ""TIP"": 2, ""TLT"": 1, ""TQQQ"": 1.5, ""VEA"": 1.5, ""VEU"": 2, ""VNQ"": 1.5, ""VTI"": 1, ""VWO"": 2}",0.03000000,tests/data/2026-08-24-net15,12M,TIP/1,best(BIL+IEF),0.00937863,0.02515565,0.00938998,0.02515662,46140.59622644,31500.00000000,14640.59622644,0.46478083,0.14948112,0.16468498,1.12717118,0.13196484,1.67850506,0.80515535,-0.18565500,127,2024,0.24084200,2023,0.01524450,196128.99603576,16.70095310,1.06378809,0.00053019,0.29440214,0.00000000,0.00000000,0.00000000,0.69620789,0.00000000
ROT SPY top1 12M can TIP/1 fb IEF,test,test,2023-01-03,2026-08-24,false,true,"{""*"": 6, ""ACWX"": 3, ""AGG"": 1, ""BIL"": 1, ""BND"": 1.5, ""BTAL"": 6, ""DBC"": 3, ""DBMF"": 3, ""EEM"": 1, ""EFA"": 1, ""IEF"": 1, ""IWM"": 1, ""KMLM"": 6, ""LQD"": 1.5, ""QQQ"": 1, ""SCZ"": 5, ""SHY"": 1, ""SPY"": 0.7, ""TIP"": 2, ""TLT"": 1, ""TQQQ"": 1.5, ""VEA"": 1.5, ""VEU"": 2, ""VNQ"": 1.5, ""VTI"": 1, ""VWO"": 2}",0.03000000,tests/data/2026-08-24-net15,12M,TIP/1,IEF,0.00759367,0.02266317,0.00760507,0.02266317,45927.35318509,31500.00000000,14427.35318509,0.45801121,0.14554921,0.16261664,1.03832242,0.14113994,1.54982953,0.77803332,-0.18707324,127,2024,0.21578440,2023,0.02178178,193964.55872886,16.50424511,1.05994981,0.00052394,,,0.29446805,0.00000000,0.69792688,0.00000000
ROT SPY top1 12M fb best(BIL+IEF),test,test,2023-01-03,2026-08-24,false,true,"{""*"": 6, ""ACWX"": 3, ""AGG"": 1, ""BIL"": 1, ""BND"": 1.5, ""BTAL"": 6, ""DBC"": 3, ""DBMF"": 3, ""EEM"": 1, ""EFA"": 1, ""IEF"": 1, ""IWM"": 1, ""KMLM"": 6, ""LQD"": 1.5, ""QQQ"": 1, ""SCZ"": 5, ""SHY"": 1, ""SPY"": 0.7, ""TIP"": 2, ""TLT"": 1, ""TQQQ"": 1.5, ""VEA"": 1.5, ""VEU"": 2, ""VNQ"": 1.5, ""VTI"": 1, ""VWO"": 2}",0.03000000,tests/data/2026-08-24-net15,12M,,best(BIL+IEF),0.00956619,0.02417618,0.00956995,0.02417719,49833.91797198,31500.00000000,18333.91797198,0.58202914,0.19554623,0.19933912,1.33628546,0.14191308,2.00422245,1.04701164,-0.18676605,127,2024,0.24337431,2026,0.12424260,54415.85370292,4.49819254,0.27151776,0.00014280,0.09046542,0.00000000,0.00000000,0.00000000,0.89996463,0.00000000
ROT SPY top1 12M fb IEF,test,test,2023-01-03,2026-08-24,false,true,"{""*"": 6, ""ACWX"": 3, ""AGG"": 1, ""BIL"": 1, ""BND"": 1.5, ""BTAL"": 6, ""DBC"": 3, ""DBMF"": 3, ""EEM"": 1, ""EFA"": 1, ""IEF"": 1, ""IWM"": 1, ""KMLM"": 6, ""LQD"": 1.5, ""QQQ"": 1, ""SCZ"": 5, ""SHY"": 1, ""SPY"": 0.7, ""TIP"": 2, ""TLT"": 1, ""TQQQ"": 1.5, ""VEA"": 1.5, ""VEU"": 2, ""VNQ"": 1.5, ""VTI"": 1, ""VWO"": 2}",0.03000000,tests/data/2026-08-24-net15,12M,,IEF,0.00803308,0.02937441,0.00803684,0.02945628,50449.84923606,31500.00000000,18949.84923606,0.60158252,0.20483502,0.20491561,1.36016474,0.14552706,2.04693104,1.09294322,-0.18741597,127,2024,0.24486797,2026,0.12479686,55246.62516181,4.56840066,0.27153292,0.00014503,,,0.09053324,0.00000000,0.90142992,0.00000000
SPY60/IEF40,test,test,2023-01-03,2026-08-24,true,true,"{""*"": 6, ""ACWX"": 3, ""AGG"": 1, ""BIL"": 1, ""BND"": 1.5, ""BTAL"": 6, ""DBC"": 3, ""DBMF"": 3, ""EEM"": 1, ""EFA"": 1, ""IEF"": 1, ""IWM"": 1, ""KMLM"": 6, ""LQD"": 1.5, ""QQQ"": 1, ""SCZ"": 5, ""SHY"": 1, ""SPY"": 0.7, ""TIP"": 2, ""TLT"": 1, ""TQQQ"": 1.5, ""VEA"": 1.5, ""VEU"": 2, ""VNQ"": 1.5, ""VTI"": 1, ""VWO"": 2}",0.03000000,tests/data/2026-08-24-net15,,,,0.01319622,0.03412316,0.01142414,0.03113101,42873.51448593,31500.00000000,11373.51448593,0.36106395,0.13648648,0.13210756,1.41738012,0.09387539,2.13720107,1.28355614,-0.10633464,188,2023,0.16005231,2026,0.06830658,34115.41185434,2.89757406,0.18429769,0.00009199,,,0.39803187,0.39246603,0.58876996,0.56886899
SPY benchmark,test,test,2023-01-03,2026-08-24,true,true,"{""*"": 6, ""ACWX"": 3, ""AGG"": 1, ""BIL"": 1, ""BND"": 1.5, ""BTAL"": 6, ""DBC"": 3, ""DBMF"": 3, ""EEM"": 1, ""EFA"": 1, ""IEF"": 1, ""IWM"": 1, ""KMLM"": 6, ""LQD"": 1.5, ""QQQ"": 1, ""SCZ"": 5, ""SHY"": 1, ""SPY"": 0.7, ""TIP"": 2, ""TLT"": 1, ""TQQQ"": 1.5, ""VEA"": 1.5, ""VEU"": 2, ""VNQ"": 1.5, ""VTI"": 1, ""VWO"": 2}",0.03000000,tests/data/2026-08-24-net15,,,,0.01118127,0.02889993,0.01118276,0.02890110,51462.51865568,31500.00000000,19962.51865568,0.63373075,0.22151929,0.21396638,1.42521974,0.14894780,2.14327329,1.18927495,-0.18626415,127,2023,0.26134206,2026,0.12377263,31218.24766906,2.18527734,0.14948196,0.00006937,,,,,0.98881724,0.97109890
ROT SPY top1 1-3-6-12U can TIP/1 fb best(BIL+IEF),sens,sens_2012-01-03,2012-01-03,2017-01-03,false,true,"{""*"": 6, ""ACWX"": 3, ""AGG"": 1, ""BIL"": 1, ""BND"": 1.5, ""BTAL"": 6, ""DBC"": 3, ""DBMF"": 3, ""EEM"": 1, ""EFA"": 1, ""IEF"": 1, ""IWM"": 1, ""KMLM"": 6, ""LQD"": 1.5, ""QQQ"": 1, ""SCZ"": 5, ""SHY"": 1, ""SPY"": 0.7, ""TIP"": 2, ""TLT"": 1, ""TQQQ"": 1.5, ""VEA"": 1.5, ""VEU"": 2, ""VNQ"": 1.5, ""VTI"": 1, ""VWO"": 2}",0.03000000,tests/data/2026-08-24-net15,1-3-6-12U,TIP/1,best(BIL+IEF),0.00223804,0.00887397,0.00225811,0.00887535,51747.76333135,40000.00000000,11747.76333135,0.29369408,0.08952319,0.08339888,1.00113159,0.08985970,1.47758245,0.94395469,-0.09483843,275,2013,0.15051623,2017,0.00043750,824302.47826184,73.64470626,2.78240322,0.00184112,0.21283665,0.00000000,0.21292328,0.00000000,0.57198195,0.00000000
ROT SPY top1 1-3-6-12U can TIP/1 fb IEF,sens,sens_2012-01-03,2012-01-03,2017-01-03,false,true,"{""*"": 6, ""ACWX"": 3, ""AGG"": 1, ""BIL"": 1, ""BND"": 1.5, ""BTAL"": 6, ""DBC"": 3, ""DBMF"": 3, ""EEM"": 1, ""EFA"": 1, ""IEF"": 1, ""IWM"": 1, ""KMLM"": 6, ""LQD"": 1.5, ""QQQ"": 1, ""SCZ"": 5, ""SHY"": 1, ""SPY"": 0.7, ""TIP"": 2, ""TLT"": 1, ""TQQQ"": 1.5, ""VEA"": 1.5, ""VEU"": 2, ""VNQ"": 1.5, ""VTI"": 1, ""VWO"": 2}",0.03000000,tests/data/2026-08-24-net15,1-3-6-12U,TIP/1,IEF,0.00234115,0.00887397,0.00235479,0.00887535,52681.44106071,40000.00000000,12681.44106071,0.31703603,0.09382367,0.08923449,1.00296636,0.09401335,1.46821838,0.98930011,-0.09483843,275,2016,0.13075269,2017,-0.00047583,579343.93439506,49.04106770,1.93829806,0.00122603,,,0.42567630,0.00000000,0.57196891,0.00000000
ROT SPY top1 1-3-6-12U fb best(BIL+IEF),sens,sens_2012-01-03,2012-01-03,2017-01-03,false,true,"{""*"": 6, ""ACWX"": 3, ""AGG"": 1, ""BIL"": 1, ""BND"": 1.5, ""BTAL"": 6, ""DBC"": 3, ""DBMF"": 3, ""EEM"": 1, ""EFA"": 1, ""IEF"": 1, ""IWM"": 1, ""KMLM"": 6, ""LQD"": 1.5, ""QQQ"": 1, ""SCZ"": 5, ""SHY"": 1, ""SPY"": 0.7, ""TIP"": 2, ""TLT"": 1, ""TQQQ"": 1.5, ""VEA"": 1.5, ""VEU"": 2, ""VNQ"": 1.5, ""VTI"": 1, ""VWO"": 2}",0.03000000,tests/data/2026-08-24-net15,1-3-6-12U,,best(BIL+IEF),0.00258402,0.00887397,0.00259345,0.00887535,53312.99887294,40000.00000000,13312.99887294,0.33282497,0.10846137,0.09312724,0.93174369,0.11826942,1.33217435,0.68526402,-0.15827676,,2013,0.31842278,2015,-0.03646412,428107.10324738,35.87139008,1.34593961,0.00089678,0.00000000,0.00000000,0.08189804,0.00000000,0.91550851,0.00000000
ROT SPY top1 1-3-6-12U fb IEF,sens,sens_2012-01-03,2012-01-03,2017-01-03,false,true,"{""*"": 6, ""ACWX"": 3, ""AGG"": 1, ""BIL"": 1, ""BND"": 1.5, ""BTAL"": 6, ""DBC"": 3, ""DBMF"": 3, ""EEM"": 1, ""EFA"": 1, ""IEF"": 1, ""IWM"": 1, ""KMLM"": 6, ""LQD"": 1.5, ""QQQ"": 1, ""SCZ"": 5, ""SHY"": 1, ""SPY"": 0.7, ""TIP"": 2, ""TLT"": 1, ""TQQQ"": 1.5, ""VEA"": 1.5, ""VEU"": 2, ""VNQ"": 1.5, ""VTI"": 1, ""VWO"": 2}",0.03000000,tests/data/2026-08-24-net15,1-3-6-12U,,IEF,0.00258402,0.00887397,0.00259345,0.00887535,53312.99887294,40000.00000000,13312.99887294,0.33282497,0.10846137,0.09312724,0.93174369,0.11826942,1.33217435,0.68526402,-0.15827676,,2013,0.31842278,2015,-0.03646412,428107.10324738,35.87139008,1.34593961,0.00089678,,,0.08189804,0.00000000,0.91550851,0.00000000
ROT SPY top1 13612W can TIP/1 fb best(BIL+IEF),sens,sens_2012-01-03,2012-01-03,2017-01-03,false,true,"{""*"": 6, ""ACWX"": 3, ""AGG"": 1, ""BIL"": 1, ""BND"": 1.5, ""BTAL"": 6, ""DBC"": 3, ""DBMF"": 3, ""EEM"": 1, ""EFA"": 1, ""IEF"": 1, ""IWM"": 1, ""KMLM"": 6, ""LQD"": 1.5, ""QQQ"": 1, ""SCZ"": 5, ""SHY"": 1, ""SPY"": 0.7, ""TIP"": 2, ""TLT"": 1, ""TQQQ"": 1.5, ""VEA"": 1.5, ""VEU"": 2, ""VNQ"": 1.5, ""VTI"": 1, ""VWO"": 2}",0.03000000,tests/data/2026-08-24-net15,13612W,TIP/1,best(BIL+IEF),0.00202773,0.00887397,0.00206355,0.00887535,50727.65028273,40000.00000000,10727.65028273,0.26819126,0.08931323,0.07690920,1.06652461,0.08366589,1.57360702,0.94174090,-0.09483843,275,2013,0.17737032,2017,0.00043757,1499286.86799537,134.74321494,4.93065733,0.00336858,0.24558049,0.00000000,0.22919541,0.00000000,0.52316054,0.00000000
ROT SPY top1 13612W can TIP/1 fb IEF,sens,sens_2012-01-03,2012-01-03,2017-01-03,false,true,"{""*"": 6, ""ACWX"": 3, ""AGG"": 1, ""BIL"": 1, ""BND"": 1.5, ""BTAL"": 6, ""DBC"": 3, ""DBMF"": 3, ""EEM"": 1, ""EFA"": 1, ""IEF"": 1, ""IWM"": 1, ""KMLM"": 6, ""LQD"": 1.5, ""QQQ"": 1, ""SCZ"": 5, ""SHY"": 1, ""SPY"": 0.7, ""TIP"": 2, ""TLT"": 1, ""TQQQ"": 1.5, ""VEA"": 1.5, ""VEU"": 2, ""VNQ"": 1.5, ""VTI"": 1, ""VWO"": 2}",0.03000000,tests/data/2026-08-24-net15,13612W,TIP/1,IEF,0.00218872,0.00887397,0.00221326,0.00887535,51123.32685542,40000.00000000,11123.32685542,0.27808317,0.09266526,0.07944079,1.03684664,0.08952034,1.51122743,0.97708555,-0.09483843,275,2014,0.15393181,2017,-0.00047580,1015670.94217610,86.17416150,3.27483777,0.00215435,,,0.47483961,0.00000000,0.52294713,0.00000000
ROT SPY top1 13612W fb best(BIL+IEF),sens,sens_2012-01-03,2012-01-03,2017-01-03,false,true,"{""*"": 6, ""ACWX"": 3, ""AGG"": 1, ""BIL"": 1, ""BND"": 1.5, ""BTAL"": 6, ""DBC"": 3, ""DBMF"": 3, ""EEM"": 1, ""EFA"": 1, ""IEF"": 1, ""IWM"": 1, ""KMLM"": 6, ""LQD"": 1.5, ""QQQ"": 1, ""SCZ"": 5, ""SHY"": 1, ""SPY"": 0.7, ""TIP"": 2, ""TLT"": 1, ""TQQQ"": 1.5, ""VEA"": 1.5, ""VEU"": 2, ""VNQ"": 1.5, ""VTI"": 1, ""VWO"": 2}",0.03000000,tests/data/2026-08-24-net15,13612W,,best(BIL+IEF),0.00251238,0.00887397,0.00253281,0.00887535,46260.20195783,40000.00000000,6260.20195783,0.15650505,0.06903624,0.04695936,0.63752316,0.11538390,0.90052734,0.31352418,-0.22019431,,2013,0.31842278,2015,-0.13047216,976524.11979524,82.55022853,3.29492530,0.00206376,0.03274143,0.00000000,0.11461479,0.00000000,0.85011098,0.00000000
ROT SPY top1 13612W fb IEF,sens,sens_2012-01-03,2012-01-03,2017-01-03,false,true,"{""*"": 6, ""ACWX"": 3, ""AGG"": 1, ""BIL"": 1, ""BND"": 1.5, ""BTAL"": 6, ""DBC"": 3, ""DBMF"": 3, ""EEM"": 1, ""EFA"": 1, ""IEF"": 1, ""IWM"": 1, ""KMLM"": 6, ""LQD"": 1.5, ""QQQ"": 1, ""SCZ"": 5, ""SHY"": 1, ""SPY"": 0.7, ""TIP"": 2, ""TLT"": 1, ""TQQQ"": 1.5, ""VEA"": 1.5, ""VEU"": 2, ""VNQ"": 1.5, ""VTI"": 1, ""VWO"": 2}",0.03000000,tests/data/2026-08-24-net15,13612W,,IEF,0.00239691,0.00887397,0.00241734,0.00887535,44874.40537022,40000.00000000,4874.40537022,0.12186013,0.06296918,0.03711114,0.58500092,0.11614278,0.82418730,0.30165277,-0.20874722,,2013,0.31842278,2015,-0.11770237,980669.39217111,82.89912557,3.29758303,0.00207248,,,0.14739417,0.00000000,0.85018848,0.00000000
ROT SPY top1 12M can TIP/1 fb best(BIL+IEF),sens,sens_2012-01-03,2012-01-03,2017-01-03,false,true,"{""*"": 6, ""ACWX"": 3, ""AGG"": 1, ""BIL"": 1, ""BND"": 1.5, ""BTAL"": 6, ""DBC"": 3, ""DBMF"": 3, ""EEM"": 1, ""EFA"": 1, ""IEF"": 1, ""IWM"": 1, ""KMLM"": 6, ""LQD"": 1.5, ""QQQ"": 1, ""SCZ"": 5, ""SHY"": 1, ""SPY"": 0.7, ""TIP"": 2, ""TLT"": 1, ""TQQQ"": 1.5, ""VEA"": 1.5, ""VEU"": 2, ""VNQ"": 1.5, ""VTI"": 1, ""VWO"": 2}",0.03000000,tests/data/2026-08-24-net15,12M,TIP/1,best(BIL+IEF),0.00206829,0.00887397,0.00207941,0.00887535,53422.64817301,40000.00000000,13422.64817301,0.33556620,0.09629526,0.09379870,1.03641498,0.09307699,1.53194863,1.01536116,-0.09483843,275,2016,0.15468931,2017,0.00764166,403850.35120139,34.92344541,1.36358881,0.00087309,0.19644329,0.00000000,0.19654523,0.00000000,0.60493206,0.00000000
ROT SPY top1 12M can TIP/1 fb IEF,sens,sens_2012-01-03,2012-01-03,2017-01-03,false,true,"{""*"": 6, ""ACWX"": 3, ""AGG"": 1, ""BIL"": 1, ""BND"": 1.5, ""BTAL"": 6, ""DBC"": 3, ""DBMF"": 3, ""EEM"": 1, ""EFA"": 1, ""IEF"": 1, ""IWM"": 1, ""KMLM"": 6, ""LQD"": 1.5, ""QQQ"": 1, ""SCZ"": 5, ""SHY"": 1, ""SPY"": 0.7, ""TIP"": 2, ""TLT"": 1, ""TQQQ"": 1.5, ""VEA"": 1.5, ""VEU"": 2, ""VNQ"": 1.5, ""VTI"": 1, ""VWO"": 2}",0.03000000,tests/data/2026-08-24-net15,12M,TIP/1,IEF,0.00218856,0.00887397,0.00219807,0.00887535,53753.34352518,40000.00000000,13753.34352518,0.34383359,0.09722307,0.09581601,1.00703980,0.09700520,1.47576176,1.02514418,-0.09483843,275,2016,0.15458763,2017,0.00762355,350125.99778596,29.52493891,1.18039785,0.00073812,,,0.39289384,0.00000000,0.60490809,0.00000000
ROT SPY top1 12M fb best(BIL+IEF),sens,sens_2012-01-03,2012-01-03,2017-01-03,false,true,"{""*"": 6, ""ACWX"": 3, ""AGG"": 1, ""BIL"": 1, ""BND"": 1.5, ""BTAL"": 6, ""DBC"": 3, ""DBMF"": 3, ""EEM"": 1, ""EFA"": 1, ""IEF"": 1, ""IWM"": 1, ""KMLM"": 6, ""LQD"": 1.5, ""QQQ"": 1, ""SCZ"": 5, ""SHY"": 1, ""SPY"": 0.7, ""TIP"": 2, ""TLT"": 1, ""TQQQ"": 1.5, ""VEA"": 1.5, ""VEU"": 2, ""VNQ"": 1.5, ""VTI"": 1, ""VWO"": 2}",0.03000000,tests/data/2026-08-24-net15,12M,,best(BIL+IEF),0.00256294,0.00887397,0.00257236,0.00887535,51471.52084810,40000.00000000,11471.52084810,0.28678802,0.09919553,0.08165342,0.84151407,0.12139863,1.19581154,0.51459633,-0.19276377,,2013,0.31842278,2015,-0.07604664,416731.63992458,34.88833201,1.32878450,0.00087221,0.00000000,0.00000000,0.06551743,0.00000000,0.93191020,0.00000000
ROT SPY top1 12M fb IEF,sens,sens_2012-01-03,2012-01-03,2017-01-03,false,true,"{""*"": 6, ""ACWX"": 3, ""AGG"": 1, ""BIL"": 1, ""BND"": 1.5, ""BTAL"": 6, ""DBC"": 3, ""DBMF"": 3, ""EEM"": 1, ""EFA"": 1, ""IEF"": 1, ""IWM"": 1, ""KMLM"": 6, ""LQD"": 1.5, ""QQQ"": 1, ""SCZ"": 5, ""SHY"": 1, ""SPY"": 0.7, ""TIP"": 2, ""TLT"": 1, ""TQQQ"": 1.5, ""VEA"": 1.5, ""VEU"": 2, ""VNQ"": 1.5, ""VTI"": 1, ""VWO"": 2}",0.03000000,tests/data/2026-08-24-net15,12M,,IEF,0.00256294,0.00887397,0.00257236,0.00887535,51471.52084810,40000.00000000,11471.52084810,0.28678802,0.09919553,0.08165342,0.84151407,0.12139863,1.19581154,0.51459633,-0.19276377,,2013,0.31842278,2015,-0.07604664,416731.63992458,34.88833201,1.32878450,0.00087221,,,0.06551743,0.00000000,0.93191020,0.00000000
SPY60/IEF40,sens,sens_2012-01-03,2012-01-03,2017-01-03,true,true,"{""*"": 6, ""ACWX"": 3, ""AGG"": 1, ""BIL"": 1, ""BND"": 1.5, ""BTAL"": 6, ""DBC"": 3, ""DBMF"": 3, ""EEM"": 1, ""EFA"": 1, ""IEF"": 1, ""IWM"": 1, ""KMLM"": 6, ""LQD"": 1.5, ""QQQ"": 1, ""SCZ"": 5, ""SHY"": 1, ""SPY"": 0.7, ""TIP"": 2, ""TLT"": 1, ""TQQQ"": 1.5, ""VEA"": 1.5, ""VEU"": 2, ""VNQ"": 1.5, ""VTI"": 1, ""VWO"": 2}",0.03000000,tests/data/2026-08-24-net15,,,,0.00468059,0.01405612,0.00335702,0.00787040,51439.26983552,40000.00000000,11439.26983552,0.28598175,0.09056146,0.08144907,1.26652983,0.07056262,1.85937113,1.30971045,-0.06914617,193,2013,0.15148210,2017,0.00439763,48562.31892227,4.10381223,0.16089339,0.00010260,,,0.39837668,0.39253954,0.59694108,0.59212960
SPY benchmark,sens,sens_2012-01-03,2012-01-03,2017-01-03,true,true,"{""*"": 6, ""ACWX"": 3, ""AGG"": 1, ""BIL"": 1, ""BND"": 1.5, ""BTAL"": 6, ""DBC"": 3, ""DBMF"": 3, ""EEM"": 1, ""EFA"": 1, ""IEF"": 1, ""IWM"": 1, ""KMLM"": 6, ""LQD"": 1.5, ""QQQ"": 1, ""SCZ"": 5, ""SHY"": 1, ""SPY"": 0.7, ""TIP"": 2, ""TLT"": 1, ""TQQQ"": 1.5, ""VEA"": 1.5, ""VEU"": 2, ""VNQ"": 1.5, ""VTI"": 1, ""VWO"": 2}",0.03000000,tests/data/2026-08-24-net15,,,,0.00239049,0.00887397,0.00239169,0.00887535,59070.77871491,40000.00000000,19070.77871491,0.47676947,0.13984583,0.12676115,1.09225606,0.12755911,1.57511286,1.06101226,-0.13180416,334,2013,0.31819168,2017,0.00763075,39853.28689682,2.78973008,0.11934910,0.00006974,,,,,0.99760831,0.99112465
ROT SPY top1 1-3-6-12U can TIP/1 fb best(BIL+IEF),sens,sens_2012-07-03,2012-07-03,2017-07-03,false,true,"{""*"": 6, ""ACWX"": 3, ""AGG"": 1, ""BIL"": 1, ""BND"": 1.5, ""BTAL"": 6, ""DBC"": 3, ""DBMF"": 3, ""EEM"": 1, ""EFA"": 1, ""IEF"": 1, ""IWM"": 1, ""KMLM"": 6, ""LQD"": 1.5, ""QQQ"": 1, ""SCZ"": 5, ""SHY"": 1, ""SPY"": 0.7, ""TIP"": 2, ""TLT"": 1, ""TQQQ"": 1.5, ""VEA"": 1.5, ""VEU"": 2, ""VNQ"": 1.5, ""VTI"": 1, ""VWO"": 2}",0.03000000,tests/data/2026-08-24-net15,1-3-6-12U,TIP/1,best(BIL+IEF),0.00237071,0.00970890,0.00239084,0.00971039,53214.31029242,40000.00000000,13214.31029242,0.33035776,0.09600193,0.09263577,1.11275281,0.08589424,1.64578708,1.30162905,-0.07375521,110,2013,0.15041279,2015,0.01342249,879512.00018155,77.82788289,2.96583443,0.00194570,0.22915169,0.00000000,0.19646474,0.00000000,0.57199274,0.00000000
ROT SPY top1 1-3-6-12U can TIP/1 fb IEF,sens,sens_2012-07-03,2012-07-03,2017-07-03,false,true,"{""*"": 6, ""ACWX"": 3, ""AGG"": 1, ""BIL"": 1, ""BND"": 1.5, ""BTAL"": 6, ""DBC"": 3, ""DBMF"": 3, ""EEM"": 1, ""EFA"": 1, ""IEF"": 1, ""IWM"": 1, ""KMLM"": 6, ""LQD"": 1.5, ""QQQ"": 1, ""SCZ"": 5, ""SHY"": 1, ""SPY"": 0.7, ""TIP"": 2, ""TLT"": 1, ""TQQQ"": 1.5, ""VEA"": 1.5, ""VEU"": 2, ""VNQ"": 1.5, ""VTI"": 1, ""VWO"": 2}",0.03000000,tests/data/2026-08-24-net15,1-3-6-12U,TIP/1,IEF,0.00248478,0.00970890,0.00249848,0.00971039,54023.24706376,40000.00000000,14023.24706376,0.35058118,0.10000724,0.09757369,1.10063920,0.09053484,1.61210471,1.24523467,-0.08031196,395,2016,0.13072916,2015,0.02899268,671238.59737123,56.85143210,2.23746014,0.00142129,,,0.42557018,0.00000000,0.57193134,0.00000000
ROT SPY top1 1-3-6-12U fb best(BIL+IEF),sens,sens_2012-07-03,2012-07-03,2017-07-03,false,true,"{""*"": 6, ""ACWX"": 3, ""AGG"": 1, ""BIL"": 1, ""BND"": 1.5, ""BTAL"": 6, ""DBC"": 3, ""DBMF"": 3, ""EEM"": 1, ""EFA"": 1, ""IEF"": 1, ""IWM"": 1, ""KMLM"": 6, ""LQD"": 1.5, ""QQQ"": 1, ""SCZ"": 5, ""SHY"": 1, ""SPY"": 0.7, ""TIP"": 2, ""TLT"": 1, ""TQQQ"": 1.5, ""VEA"": 1.5, ""VEU"": 2, ""VNQ"": 1.5, ""VTI"": 1, ""VWO"": 2}",0.03000000,tests/data/2026-08-24-net15,1-3-6-12U,,best(BIL+IEF),0.00268355,0.00970890,0.00269027,0.00971039,55024.41373750,40000.00000000,15024.41373750,0.37561034,0.11762985,0.10359043,1.02275495,0.11553368,1.46229187,0.74378924,-0.15814944,615,2013,0.31798024,2015,-0.03657087,338333.29713817,28.22815641,1.07114731,0.00070570,0.00000000,0.00000000,0.06548493,0.00000000,0.93182480,0.00000000
ROT SPY top1 1-3-6-12U fb IEF,sens,sens_2012-07-03,2012-07-03,2017-07-03,false,true,"{""*"": 6, ""ACWX"": 3, ""AGG"": 1, ""BIL"": 1, ""BND"": 1.5, ""BTAL"": 6, ""DBC"": 3, ""DBMF"": 3, ""EEM"": 1, ""EFA"": 1, ""IEF"": 1, ""IWM"": 1, ""KMLM"": 6, ""LQD"": 1.5, ""QQQ"": 1, ""SCZ"": 5, ""SHY"": 1, ""SPY"": 0.7, ""TIP"": 2, ""TLT"": 1, ""TQQQ"": 1.5, ""VEA"": 1.5, ""VEU"": 2, ""VNQ"": 1.5, ""VTI"": 1, ""VWO"": 2}",0.03000000,tests/data/2026-08-24-net15,1-3-6-12U,,IEF,0.00268355,0.00970890,0.00269027,0.00971039,55024.41373750,40000.00000000,15024.41373750,0.37561034,0.11762985,0.10359043,1.02275495,0.11553368,1.46229187,0.74378924,-0.15814944,615,2013,0.31798024,2015,-0.03657087,338333.29713817,28.22815641,1.07114731,0.00070570,,,0.06548493,0.00000000,0.93182480,0.00000000
ROT SPY top1 13612W can TIP/1 fb best(BIL+IEF),sens,sens_2012-07-03,2012-07-03,2017-07-03,false,true,"{""*"": 6, ""ACWX"": 3, ""AGG"": 1, ""BIL"": 1, ""BND"": 1.5, ""BTAL"": 6, ""DBC"": 3, ""DBMF"": 3, ""EEM"": 1, ""EFA"": 1, ""IEF"": 1, ""IWM"": 1, ""KMLM"": 6, ""LQD"": 1.5, ""QQQ"": 1, ""SCZ"": 5, ""SHY"": 1, ""SPY"": 0.7, ""TIP"": 2, ""TLT"": 1, ""TQQQ"": 1.5, ""VEA"": 1.5, ""VEU"": 2, ""VNQ"": 1.5, ""VTI"": 1, ""VWO"": 2}",0.03000000,tests/data/2026-08-24-net15,13612W,TIP/1,best(BIL+IEF),0.00269063,0.00970890,0.00272643,0.00971039,52102.76507691,40000.00000000,12102.76507691,0.30256913,0.09562947,0.08573501,1.19339757,0.07935220,1.76451698,1.29657915,-0.07375521,110,2013,0.17685274,2015,0.02659900,1452301.03369406,129.81280568,4.80996761,0.00324532,0.26184433,0.00000000,0.21278548,0.00000000,0.52264375,0.00000000
ROT SPY top1 13612W can TIP/1 fb IEF,sens,sens_2012-07-03,2012-07-03,2017-07-03,false,true,"{""*"": 6, ""ACWX"": 3, ""AGG"": 1, ""BIL"": 1, ""BND"": 1.5, ""BTAL"": 6, ""DBC"": 3, ""DBMF"": 3, ""EEM"": 1, ""EFA"": 1, ""IEF"": 1, ""IWM"": 1, ""KMLM"": 6, ""LQD"": 1.5, ""QQQ"": 1, ""SCZ"": 5, ""SHY"": 1, ""SPY"": 0.7, ""TIP"": 2, ""TLT"": 1, ""TQQQ"": 1.5, ""VEA"": 1.5, ""VEU"": 2, ""VNQ"": 1.5, ""VTI"": 1, ""VWO"": 2}",0.03000000,tests/data/2026-08-24-net15,13612W,TIP/1,IEF,0.00227110,0.00970890,0.00229563,0.00971039,52384.83373807,40000.00000000,12384.83373807,0.30962084,0.09885245,0.08749911,1.14347964,0.08586253,1.66681623,1.21296727,-0.08149638,290,2014,0.15393639,2016,0.04421295,1032089.11512978,87.58020148,3.35196382,0.00218951,,,0.47468195,0.00000000,0.52302242,0.00000000
ROT SPY top1 13612W fb best(BIL+IEF),sens,sens_2012-07-03,2012-07-03,2017-07-03,false,true,"{""*"": 6, ""ACWX"": 3, ""AGG"": 1, ""BIL"": 1, ""BND"": 1.5, ""BTAL"": 6, ""DBC"": 3, ""DBMF"": 3, ""EEM"": 1, ""EFA"": 1, ""IEF"": 1, ""IWM"": 1, ""KMLM"": 6, ""LQD"": 1.5, ""QQQ"": 1, ""SCZ"": 5, ""SHY"": 1, ""SPY"": 0.7, ""TIP"": 2, ""TLT"": 1, ""TQQQ"": 1.5, ""VEA"": 1.5, ""VEU"": 2, ""VNQ"": 1.5, ""VTI"": 1, ""VWO"": 2}",0.03000000,tests/data/2026-08-24-net15,13612W,,best(BIL+IEF),0.00277945,0.00970890,0.00279716,0.00971039,48338.88447982,40000.00000000,8338.88447982,0.20847211,0.07780140,0.06129600,0.72341687,0.11258284,1.02132111,0.35314291,-0.22031138,,2013,0.31798024,2015,-0.13074771,819421.69027630,69.17766336,2.81914489,0.00172944,0.03275458,0.00000000,0.09824911,0.00000000,0.86619915,0.00000000
ROT SPY top1 13612W fb IEF,sens,sens_2012-07-03,2012-07-03,2017-07-03,false,true,"{""*"": 6, ""ACWX"": 3, ""AGG"": 1, ""BIL"": 1, ""BND"": 1.5, ""BTAL"": 6, ""DBC"": 3, ""DBMF"": 3, ""EEM"": 1, ""EFA"": 1, ""IEF"": 1, ""IWM"": 1, ""KMLM"": 6, ""LQD"": 1.5, ""QQQ"": 1, ""SCZ"": 5, ""SHY"": 1, ""SPY"": 0.7, ""TIP"": 2, ""TLT"": 1, ""TQQQ"": 1.5, ""VEA"": 1.5, ""VEU"": 2, ""VNQ"": 1.5, ""VTI"": 1, ""VWO"": 2}",0.03000000,tests/data/2026-08-24-net15,13612W,,IEF,0.00280620,0.00970890,0.00282392,0.00971039,46986.54250297,40000.00000000,6986.54250297,0.17466356,0.07176285,0.05207518,0.66983943,0.11329993,0.94321755,0.34398769,-0.20862039,,2013,0.31798024,2015,-0.11758116,822678.26001120,69.45263570,2.83404026,0.00173632,,,0.13095622,0.00000000,0.86621986,0.00000000
ROT SPY top1 12M can TIP/1 fb best(BIL+IEF),sens,sens_2012-07-03,2012-07-03,2017-07-03,false,true,"{""*"": 6, ""ACWX"": 3, ""AGG"": 1, ""BIL"": 1, ""BND"": 1.5, ""BTAL"": 6, ""DBC"": 3, ""DBMF"": 3, ""EEM"": 1, ""EFA"": 1, ""IEF"": 1, ""IWM"": 1, ""KMLM"": 6, ""LQD"": 1.5, ""QQQ"": 1, ""SCZ"": 5, ""SHY"": 1, ""SPY"": 0.7, ""TIP"": 2, ""TLT"": 1, ""TQQQ"": 1.5, ""VEA"": 1.5, ""VEU"": 2, ""VNQ"": 1.5, ""VTI"": 1, ""VWO"": 2}",0.03000000,tests/data/2026-08-24-net15,12M,TIP/1,best(BIL+IEF),0.00226900,0.00970890,0.00227881,0.00971039,55365.86860866,40000.00000000,15365.86860866,0.38414672,0.10503902,0.10561919,1.16275364,0.08955769,1.72327178,1.42415718,-0.07375521,110,2016,0.15457574,2015,0.02891240,421736.56955077,36.32009807,1.41243209,0.00090800,0.21277476,0.00000000,0.18010026,0.00000000,0.60484617,0.00000000
ROT SPY top1 12M can TIP/1 fb IEF,sens,sens_2012-07-03,2012-07-03,2017-07-03,false,true,"{""*"": 6, ""ACWX"": 3, ""AGG"": 1, ""BIL"": 1, ""BND"": 1.5, ""BTAL"": 6, ""DBC"": 3, ""DBMF"": 3, ""EEM"": 1, ""EFA"": 1, ""IEF"": 1, ""IWM"": 1, ""KMLM"": 6, ""LQD"": 1.5, ""QQQ"": 1, ""SCZ"": 5, ""SHY"": 1, ""SPY"": 0.7, ""TIP"": 2, ""TLT"": 1, ""TQQQ"": 1.5, ""VEA"": 1.5, ""VEU"": 2, ""VNQ"": 1.5, ""VTI"": 1, ""VWO"": 2}",0.03000000,tests/data/2026-08-24-net15,12M,TIP/1,IEF,0.00253597,0.00970890,0.00254418,0.00971039,55484.81610152,40000.00000000,15484.81610152,0.38712040,0.10511513,0.10632318,1.11703985,0.09361776,1.64016565,1.30883530,-0.08031196,461,2016,0.15465327,2015,0.02898406,376624.94003678,31.77465586,1.25767479,0.00079437,,,0.39276390,0.00000000,0.60469192,0.00000000
ROT SPY top1 12M fb best(BIL+IEF),sens,sens_2012-07-03,2012-07-03,2017-07-03,false,true,"{""*"": 6, ""ACWX"": 3, ""AGG"": 1, ""BIL"": 1, ""BND"": 1.5, ""BTAL"": 6, ""DBC"": 3, ""DBMF"": 3, ""EEM"": 1, ""EFA"": 1, ""IEF"": 1, ""IWM"": 1, ""KMLM"": 6, ""LQD"": 1.5, ""QQQ"": 1, ""SCZ"": 5, ""SHY"": 1, ""SPY"": 0.7, ""TIP"": 2, ""TLT"": 1, ""TQQQ"": 1.5, ""VEA"": 1.5, ""VEU"": 2, ""VNQ"": 1.5, ""VTI"": 1, ""VWO"": 2}",0.03000000,tests/data/2026-08-24-net15,12M,,best(BIL+IEF),0.00268705,0.00970890,0.00269377,0.00971039,53261.29464438,40000.00000000,13261.29464438,0.33153237,0.10824711,0.09292448,0.92706643,0.11874802,1.31697066,0.56118291,-0.19289095,650,2013,0.31798024,2015,-0.07609907,328769.07009337,27.39609265,1.05973996,0.00068490,0.00000000,0.00000000,0.04912213,0.00000000,0.94818410,0.00000000
ROT SPY top1 12M fb IEF,sens,sens_2012-07-03,2012-07-03,2017-07-03,false,true,"{""*"": 6, ""ACWX"": 3, ""AGG"": 1, ""BIL"": 1, ""BND"": 1.5, ""BTAL"": 6, ""DBC"": 3, ""DBMF"": 3, ""EEM"": 1, ""EFA"": 1, ""IEF"": 1, ""IWM"": 1, ""KMLM"": 6, ""LQD"": 1.5, ""QQQ"": 1, ""SCZ"": 5, ""SHY"": 1, ""SPY"": 0.7, ""TIP"": 2, ""TLT"": 1, ""TQQQ"": 1.5, ""VEA"": 1.5, ""VEU"": 2, ""VNQ"": 1.5, ""VTI"": 1, ""VWO"": 2}",0.03000000,tests/data/2026-08-24-net15,12M,,IEF,0.00268705,0.00970890,0.00269377,0.00971039,53261.29464438,40000.00000000,13261.29464438,0.33153237,0.10824711,0.09292448,0.92706643,0.11874802,1.31697066,0.56118291,-0.19289095,650,2013,0.31798024,2015,-0.07609907,328769.07009337,27.39609265,1.05973996,0.00068490,,,0.04912213,0.00000000,0.94818410,0.00000000
SPY60/IEF40,sens,sens_2012-07-03,2012-07-03,2017-07-03,true,true,"{""*"": 6, ""ACWX"": 3, ""AGG"": 1, ""BIL"": 1, ""BND"": 1.5, ""BTAL"": 6, ""DBC"": 3, ""DBMF"": 3, ""EEM"": 1, ""EFA"": 1, ""IEF"": 1, ""IWM"": 1, ""KMLM"": 6, ""LQD"": 1.5, ""QQQ"": 1, ""SCZ"": 5, ""SHY"": 1, ""SPY"": 0.7, ""TIP"": 2, ""TLT"": 1, ""TQQQ"": 1.5, ""VEA"": 1.5, ""VEU"": 2, ""VNQ"": 1.5, ""VTI"": 1, ""VWO"": 2}",0.03000000,tests/data/2026-08-24-net15,,,,0.00508345,0.01310254,0.00363223,0.00850734,51757.08033637,40000.00000000,11757.08033637,0.29392701,0.08854075,0.08356082,1.27792754,0.06837637,1.87251884,1.28342457,-0.06898789,193,2013,0.15203431,2015,0.01388788,46403.33518249,3.93807709,0.15622691,0.00009845,,,0.39822595,0.39454816,0.59668896,0.59149266
SPY benchmark,sens,sens_2012-07-03,2012-07-03,2017-07-03,true,true,"{""*"": 6, ""ACWX"": 3, ""AGG"": 1, ""BIL"": 1, ""BND"": 1.5, ""BTAL"": 6, ""DBC"": 3, ""DBMF"": 3, ""EEM"": 1, ""EFA"": 1, ""IEF"": 1, ""IWM"": 1, ""KMLM"": 6, ""LQD"": 1.5, ""QQQ"": 1, ""SCZ"": 5, ""SHY"": 1, ""SPY"": 0.7, ""TIP"": 2, ""TLT"": 1, ""TQQQ"": 1.5, ""VEA"": 1.5, ""VEU"": 2, ""VNQ"": 1.5, ""VTI"": 1, ""VWO"": 2}",0.03000000,tests/data/2026-08-24-net15,,,,0.00260592,0.00970890,0.00260714,0.00971039,59584.96777047,40000.00000000,19584.96777047,0.48962419,0.13937750,0.12977229,1.12857229,0.12256502,1.62712006,1.05788608,-0.13175095,334,2013,0.31798024,2015,0.00918003,39976.79686136,2.79837578,0.12194151,0.00006996,,,,,0.99739286,0.99028961
ROT SPY top1 1-3-6-12U can TIP/1 fb best(BIL+IEF),sens,sens_2013-01-03,2013-01-03,2018-01-03,false,true,"{""*"": 6, ""ACWX"": 3, ""AGG"": 1, ""BIL"": 1, ""BND"": 1.5, ""BTAL"": 6, ""DBC"": 3, ""DBMF"": 3, ""EEM"": 1, ""EFA"": 1, ""IEF"": 1, ""IWM"": 1, ""KMLM"": 6, ""LQD"": 1.5, ""QQQ"": 1, ""SCZ"": 5, ""SHY"": 1, ""SPY"": 0.7, ""TIP"": 2, ""TLT"": 1, ""TQQQ"": 1.5, ""VEA"": 1.5, ""VEU"": 2, ""VNQ"": 1.5, ""VTI"": 1, ""VWO"": 2}",0.03000000,tests/data/2026-08-24-net15,1-3-6-12U,TIP/1,best(BIL+IEF),0.00264818,0.00668742,0.00267241,0.00668791,54415.97924219,40000.00000000,14415.97924219,0.36039948,0.09722693,0.09985941,1.23629572,0.07754770,1.80381412,1.74170930,-0.05582271,30,2017,0.13927586,2015,0.01335476,1051786.46635149,91.96779826,3.59319510,0.00229919,0.26169537,0.00000000,0.19638716,0.00000000,0.53924506,0.00000000
ROT SPY top1 1-3-6-12U can TIP/1 fb IEF,sens,sens_2013-01-03,2013-01-03,2018-01-03,false,true,"{""*"": 6, ""ACWX"": 3, ""AGG"": 1, ""BIL"": 1, ""BND"": 1.5, ""BTAL"": 6, ""DBC"": 3, ""DBMF"": 3, ""EEM"": 1, ""EFA"": 1, ""IEF"": 1, ""IWM"": 1, ""KMLM"": 6, ""LQD"": 1.5, ""QQQ"": 1, ""SCZ"": 5, ""SHY"": 1, ""SPY"": 0.7, ""TIP"": 2, ""TLT"": 1, ""TQQQ"": 1.5, ""VEA"": 1.5, ""VEU"": 2, ""VNQ"": 1.5, ""VTI"": 1, ""VWO"": 2}",0.03000000,tests/data/2026-08-24-net15,1-3-6-12U,TIP/1,IEF,0.00234708,0.00730725,0.00236492,0.00739090,56120.70498293,40000.00000000,16120.70498293,0.40301762,0.10522218,0.10996818,1.24838238,0.08296753,1.80441262,1.30946003,-0.08035540,394,2017,0.15710351,2018,0.01348341,889054.85152195,75.39355808,2.98929116,0.00188484,,,0.45827488,0.00000000,0.53936020,0.00000000
ROT SPY top1 1-3-6-12U fb best(BIL+IEF),sens,sens_2013-01-03,2013-01-03,2018-01-03,false,true,"{""*"": 6, ""ACWX"": 3, ""AGG"": 1, ""BIL"": 1, ""BND"": 1.5, ""BTAL"": 6, ""DBC"": 3, ""DBMF"": 3, ""EEM"": 1, ""EFA"": 1, ""IEF"": 1, ""IWM"": 1, ""KMLM"": 6, ""LQD"": 1.5, ""QQQ"": 1, ""SCZ"": 5, ""SHY"": 1, ""SPY"": 0.7, ""TIP"": 2, ""TLT"": 1, ""TQQQ"": 1.5, ""VEA"": 1.5, ""VEU"": 2, ""VNQ"": 1.5, ""VTI"": 1, ""VWO"": 2}",0.03000000,tests/data/2026-08-24-net15,1-3-6-12U,,best(BIL+IEF),0.00293204,0.00832314,0.00293876,0.00832416,58114.99079710,40000.00000000,18114.99079710,0.45287477,0.12861018,0.12143828,1.15117115,0.11050276,1.62902299,0.81270149,-0.15825021,615,2013,0.28753949,2015,-0.03669266,296272.52783793,24.64629472,0.95629990,0.00061616,0.00000000,0.00000000,0.06548236,0.00000000,0.93157888,0.00000000
ROT SPY top1 1-3-6-12U fb IEF,sens,sens_2013-01-03,2013-01-03,2018-01-03,false,true,"{""*"": 6, ""ACWX"": 3, ""AGG"": 1, ""BIL"": 1, ""BND"": 1.5, ""BTAL"": 6, ""DBC"": 3, ""DBMF"": 3, ""EEM"": 1, ""EFA"": 1, ""IEF"": 1, ""IWM"": 1, ""KMLM"": 6, ""LQD"": 1.5, ""QQQ"": 1, ""SCZ"": 5, ""SHY"": 1, ""SPY"": 0.7, ""TIP"": 2, ""TLT"": 1, ""TQQQ"": 1.5, ""VEA"": 1.5, ""VEU"": 2, ""VNQ"": 1.5, ""VTI"": 1, ""VWO"": 2}",0.03000000,tests/data/2026-08-24-net15,1-3-6-12U,,IEF,0.00293204,0.00832314,0.00293876,0.00832416,58114.99079710,40000.00000000,18114.99079710,0.45287477,0.12861018,0.12143828,1.15117115,0.11050276,1.62902299,0.81270149,-0.15825021,615,2013,0.28753949,2015,-0.03669266,296272.52783793,24.64629472,0.95629990,0.00061616,,,0.06548236,0.00000000,0.93157888,0.00000000
ROT SPY top1 13612W can TIP/1 fb best(BIL+IEF),sens,sens_2013-01-03,2013-01-03,2018-01-03,false,true,"{""*"": 6, ""ACWX"": 3, ""AGG"": 1, ""BIL"": 1, ""BND"": 1.5, ""BTAL"": 6, ""DBC"": 3, ""DBMF"": 3, ""EEM"": 1, ""EFA"": 1, ""IEF"": 1, ""IWM"": 1, ""KMLM"": 6, ""LQD"": 1.5, ""QQQ"": 1, ""SCZ"": 5, ""SHY"": 1, ""SPY"": 0.7, ""TIP"": 2, ""TLT"": 1, ""TQQQ"": 1.5, ""VEA"": 1.5, ""VEU"": 2, ""VNQ"": 1.5, ""VTI"": 1, ""VWO"": 2}",0.03000000,tests/data/2026-08-24-net15,13612W,TIP/1,best(BIL+IEF),0.00242069,0.00750627,0.00246051,0.00758965,53349.95260562,40000.00000000,13349.95260562,0.33374882,0.09745238,0.09338709,1.34000100,0.07135649,1.94058436,1.74910533,-0.05571556,30,2013,0.15040762,2018,0.01350784,1513846.68980206,134.05513788,5.11897716,0.00335138,0.27804681,0.00000000,0.21283971,0.00000000,0.50665296,0.00000000
ROT SPY top1 13612W can TIP/1 fb IEF,sens,sens_2013-01-03,2013-01-03,2018-01-03,false,true,"{""*"": 6, ""ACWX"": 3, ""AGG"": 1, ""BIL"": 1, ""BND"": 1.5, ""BTAL"": 6, ""DBC"": 3, ""DBMF"": 3, ""EEM"": 1, ""EFA"": 1, ""IEF"": 1, ""IWM"": 1, ""KMLM"": 6, ""LQD"": 1.5, ""QQQ"": 1, ""SCZ"": 5, ""SHY"": 1, ""SPY"": 0.7, ""TIP"": 2, ""TLT"": 1, ""TQQQ"": 1.5, ""VEA"": 1.5, ""VEU"": 2, ""VNQ"": 1.5, ""VTI"": 1, ""VWO"": 2}",0.03000000,tests/data/2026-08-24-net15,13612W,TIP/1,IEF,0.00284007,0.01001014,0.00286864,0.01001120,53772.52911345,40000.00000000,13772.52911345,0.34431323,0.10153237,0.09596704,1.26957802,0.07867323,1.81461472,1.24617619,-0.08147513,290,2014,0.15378287,2018,0.01352325,1161165.99710751,98.56516852,3.85431298,0.00246413,,,0.49077492,0.00000000,0.50635644,0.00000000
ROT SPY top1 13612W fb best(BIL+IEF),sens,sens_2013-01-03,2013-01-03,2018-01-03,false,true,"{""*"": 6, ""ACWX"": 3, ""AGG"": 1, ""BIL"": 1, ""BND"": 1.5, ""BTAL"": 6, ""DBC"": 3, ""DBMF"": 3, ""EEM"": 1, ""EFA"": 1, ""IEF"": 1, ""IWM"": 1, ""KMLM"": 6, ""LQD"": 1.5, ""QQQ"": 1, ""SCZ"": 5, ""SHY"": 1, ""SPY"": 0.7, ""TIP"": 2, ""TLT"": 1, ""TQQQ"": 1.5, ""VEA"": 1.5, ""VEU"": 2, ""VNQ"": 1.5, ""VTI"": 1, ""VWO"": 2}",0.03000000,tests/data/2026-08-24-net15,13612W,,best(BIL+IEF),0.00294907,0.00832314,0.00296675,0.00832416,51758.69765980,40000.00000000,11758.69765980,0.29396744,0.08845613,0.08349761,0.84346211,0.10742287,1.17704576,0.40154526,-0.22028930,1008,2013,0.28753949,2015,-0.13061350,704854.05119924,59.44337855,2.49135691,0.00148608,0.03276460,0.00000000,0.09822633,0.00000000,0.86604232,0.00000000
ROT SPY top1 13612W fb IEF,sens,sens_2013-01-03,2013-01-03,2018-01-03,false,true,"{""*"": 6, ""ACWX"": 3, ""AGG"": 1, ""BIL"": 1, ""BND"": 1.5, ""BTAL"": 6, ""DBC"": 3, ""DBMF"": 3, ""EEM"": 1, ""EFA"": 1, ""IEF"": 1, ""IWM"": 1, ""KMLM"": 6, ""LQD"": 1.5, ""QQQ"": 1, ""SCZ"": 5, ""SHY"": 1, ""SPY"": 0.7, ""TIP"": 2, ""TLT"": 1, ""TQQQ"": 1.5, ""VEA"": 1.5, ""VEU"": 2, ""VNQ"": 1.5, ""VTI"": 1, ""VWO"": 2}",0.03000000,tests/data/2026-08-24-net15,13612W,,IEF,0.00293295,0.00832314,0.00295063,0.00832416,50423.18162646,40000.00000000,10423.18162646,0.26057954,0.08248357,0.07497526,0.78767849,0.10813596,1.09643440,0.39591349,-0.20833735,1058,2013,0.28753949,2015,-0.11744566,707361.84096468,59.65912323,2.51464026,0.00149148,,,0.13097810,0.00000000,0.86607127,0.00000000
ROT SPY top1 12M can TIP/1 fb best(BIL+IEF),sens,sens_2013-01-03,2013-01-03,2018-01-03,false,true,"{""*"": 6, ""ACWX"": 3, ""AGG"": 1, ""BIL"": 1, ""BND"": 1.5, ""BTAL"": 6, ""DBC"": 3, ""DBMF"": 3, ""EEM"": 1, ""EFA"": 1, ""IEF"": 1, ""IWM"": 1, ""KMLM"": 6, ""LQD"": 1.5, ""QQQ"": 1, ""SCZ"": 5, ""SHY"": 1, ""SPY"": 0.7, ""TIP"": 2, ""TLT"": 1, ""TQQQ"": 1.5, ""VEA"": 1.5, ""VEU"": 2, ""VNQ"": 1.5, ""VTI"": 1, ""VWO"": 2}",0.03000000,tests/data/2026-08-24-net15,12M,TIP/1,best(BIL+IEF),0.00222963,0.00646808,0.00224359,0.00646858,54876.20663290,40000.00000000,14876.20663290,0.37190517,0.09981807,0.10261720,1.21413343,0.08114275,1.77238285,1.36138210,-0.07332113,43,2016,0.15461828,2018,0.01349060,673057.44953814,57.59640066,2.27177250,0.00143991,0.26175849,0.00000000,0.18006070,0.00000000,0.55593722,0.00000000
ROT SPY top1 12M can TIP/1 fb IEF,sens,sens_2013-01-03,2013-01-03,2018-01-03,false,true,"{""*"": 6, ""ACWX"": 3, ""AGG"": 1, ""BIL"": 1, ""BND"": 1.5, ""BTAL"": 6, ""DBC"": 3, ""DBMF"": 3, ""EEM"": 1, ""EFA"": 1, ""IEF"": 1, ""IWM"": 1, ""KMLM"": 6, ""LQD"": 1.5, ""QQQ"": 1, ""SCZ"": 5, ""SHY"": 1, ""SPY"": 0.7, ""TIP"": 2, ""TLT"": 1, ""TQQQ"": 1.5, ""VEA"": 1.5, ""VEU"": 2, ""VNQ"": 1.5, ""VTI"": 1, ""VWO"": 2}",0.03000000,tests/data/2026-08-24-net15,12M,TIP/1,IEF,0.00227155,0.00600291,0.00228391,0.00600339,55751.03583497,40000.00000000,15751.03583497,0.39377590,0.10310058,0.10780057,1.18427173,0.08605496,1.71224044,1.28305729,-0.08035540,461,2016,0.15469444,2018,0.01351353,642462.22885270,54.42066304,2.15477824,0.00136052,,,0.44193058,0.00000000,0.55578551,0.00000000
ROT SPY top1 12M fb best(BIL+IEF),sens,sens_2013-01-03,2013-01-03,2018-01-03,false,true,"{""*"": 6, ""ACWX"": 3, ""AGG"": 1, ""BIL"": 1, ""BND"": 1.5, ""BTAL"": 6, ""DBC"": 3, ""DBMF"": 3, ""EEM"": 1, ""EFA"": 1, ""IEF"": 1, ""IWM"": 1, ""KMLM"": 6, ""LQD"": 1.5, ""QQQ"": 1, ""SCZ"": 5, ""SHY"": 1, ""SPY"": 0.7, ""TIP"": 2, ""TLT"": 1, ""TQQQ"": 1.5, ""VEA"": 1.5, ""VEU"": 2, ""VNQ"": 1.5, ""VTI"": 1, ""VWO"": 2}",0.03000000,tests/data/2026-08-24-net15,12M,,best(BIL+IEF),0.00294682,0.00832314,0.00295354,0.00832416,56423.23486058,40000.00000000,16423.23486058,0.41058087,0.11914870,0.11173226,1.04653927,0.11385841,1.47177690,0.61744582,-0.19297029,650,2013,0.28753949,2015,-0.07627097,288162.29301827,23.93987682,0.94969139,0.00059850,0.00000000,0.00000000,0.04911025,0.00000000,0.94793621,0.00000000
ROT SPY top1 12M fb IEF,sens,sens_2013-01-03,2013-01-03,2018-01-03,false,true,"{""*"": 6, ""ACWX"": 3, ""AGG"": 1, ""BIL"": 1, ""BND"": 1.5, ""BTAL"": 6, ""DBC"": 3, ""DBMF"": 3, ""EEM"": 1, ""EFA"": 1, ""IEF"": 1, ""IWM"": 1, ""KMLM"": 6, ""LQD"": 1.5, ""QQQ"": 1, ""SCZ"": 5, ""SHY"": 1, ""SPY"": 0.7, ""TIP"": 2, ""TLT"": 1, ""TQQQ"": 1.5, ""VEA"": 1.5, ""VEU"": 2, ""VNQ"": 1.5, ""VTI"": 1, ""VWO"": 2}",0.03000000,tests/data/2026-08-24-net15,12M,,IEF,0.00294682,0.00832314,0.00295354,0.00832416,56423.23486058,40000.00000000,16423.23486058,0.41058087,0.11914870,0.11173226,1.04653927,0.11385841,1.47177690,0.61744582,-0.19297029,650,2013,0.28753949,2015,-0.07627097,288162.29301827,23.93987682,0.94969139,0.00059850,,,0.04911025,0.00000000,0.94793621,0.00000000
SPY60/IEF40,sens,sens_2013-01-03,2013-01-03,2018-01-03,true,true,"{""*"": 6, ""ACWX"": 3, ""AGG"": 1, ""BIL"": 1, ""BND"": 1.5, ""BTAL"": 6, ""DBC"": 3, ""DBMF"": 3, ""EEM"": 1, ""EFA"": 1, ""IEF"": 1, ""IWM"": 1, ""KMLM"": 6, ""LQD"": 1.5, ""QQQ"": 1, ""SCZ"": 5, ""SHY"": 1, ""SPY"": 0.7, ""TIP"": 2, ""TLT"": 1, ""TQQQ"": 1.5, ""VEA"": 1.5, ""VEU"": 2, ""VNQ"": 1.5, ""VTI"": 1, ""VWO"": 2}",0.03000000,tests/data/2026-08-24-net15,,,,0.00474729,0.01658358,0.00358176,0.01059376,53252.25995468,40000.00000000,13252.25995468,0.33130650,0.09558513,0.09278794,1.41392519,0.06616602,2.05703196,1.38829063,-0.06885095,221,2013,0.14027687,2018,0.00716449,44579.26613785,3.79508875,0.15043896,0.00009488,,,0.39853921,0.39400861,0.59671188,0.58940624
SPY benchmark,sens,sens_2013-01-03,2013-01-03,2018-01-03,true,true,"{""*"": 6, ""ACWX"": 3, ""AGG"": 1, ""BIL"": 1, ""BND"": 1.5, ""BTAL"": 6, ""DBC"": 3, ""DBMF"": 3, ""EEM"": 1, ""EFA"": 1, ""IEF"": 1, ""IWM"": 1, ""KMLM"": 6, ""LQD"": 1.5, ""QQQ"": 1, ""SCZ"": 5, ""SHY"": 1, ""SPY"": 0.7, ""TIP"": 2, ""TLT"": 1, ""TQQQ"": 1.5, ""VEA"": 1.5, ""VEU"": 2, ""VNQ"": 1.5, ""VTI"": 1, ""VWO"": 2}",0.03000000,tests/data/2026-08-24-net15,,,,0.00287082,0.00832314,0.00287203,0.00832416,62544.27894207,40000.00000000,22544.27894207,0.56360697,0.15059183,0.14566483,1.25082739,0.11780405,1.78798867,1.14321205,-0.13172695,334,2013,0.28753949,2015,0.00897591,39936.41762853,2.79554923,0.12315887,0.00006989,,,,,0.99712797,0.99167584
ROT SPY top1 1-3-6-12U can TIP/1 fb best(BIL+IEF),sens,sens_2013-07-03,2013-07-03,2018-07-03,false,true,"{""*"": 6, ""ACWX"": 3, ""AGG"": 1, ""BIL"": 1, ""BND"": 1.5, ""BTAL"": 6, ""DBC"": 3, ""DBMF"": 3, ""EEM"": 1, ""EFA"": 1, ""IEF"": 1, ""IWM"": 1, ""KMLM"": 6, ""LQD"": 1.5, ""QQQ"": 1, ""SCZ"": 5, ""SHY"": 1, ""SPY"": 0.7, ""TIP"": 2, ""TLT"": 1, ""TQQQ"": 1.5, ""VEA"": 1.5, ""VEU"": 2, ""VNQ"": 1.5, ""VTI"": 1, ""VWO"": 2}",0.03000000,tests/data/2026-08-24-net15,1-3-6-12U,TIP/1,best(BIL+IEF),0.00272078,0.00817787,0.00274938,0.00817845,51981.85412173,40000.00000000,11981.85412173,0.29954635,0.07497823,0.08498716,0.91207763,0.08313137,1.27382620,0.74314622,-0.10089297,,2017,0.13951688,2013,-0.00083930,1273338.09708924,110.55862795,4.45006770,0.00276397,0.27804046,0.00000000,0.19628635,0.00000000,0.52292381,0.00000000
ROT SPY top1 1-3-6-12U can TIP/1 fb IEF,sens,sens_2013-07-03,2013-07-03,2018-07-03,false,true,"{""*"": 6, ""ACWX"": 3, ""AGG"": 1, ""BIL"": 1, ""BND"": 1.5, ""BTAL"": 6, ""DBC"": 3, ""DBMF"": 3, ""EEM"": 1, ""EFA"": 1, ""IEF"": 1, ""IWM"": 1, ""KMLM"": 6, ""LQD"": 1.5, ""QQQ"": 1, ""SCZ"": 5, ""SHY"": 1, ""SPY"": 0.7, ""TIP"": 2, ""TLT"": 1, ""TQQQ"": 1.5, ""VEA"": 1.5, ""VEU"": 2, ""VNQ"": 1.5, ""VTI"": 1, ""VWO"": 2}",0.03000000,tests/data/2026-08-24-net15,1-3-6-12U,TIP/1,IEF,0.00293136,0.00773592,0.00295359,0.00773647,54807.00224688,40000.00000000,14807.00224688,0.37017506,0.09254450,0.10230565,1.05140364,0.08793806,1.47173206,0.91961347,-0.10063413,137,2017,0.15717316,2013,-0.02162890,1168739.57738176,99.48413514,3.95950976,0.00248710,,,0.47443167,0.00000000,0.52261474,0.00000000
ROT SPY top1 1-3-6-12U fb best(BIL+IEF),sens,sens_2013-07-03,2013-07-03,2018-07-03,false,true,"{""*"": 6, ""ACWX"": 3, ""AGG"": 1, ""BIL"": 1, ""BND"": 1.5, ""BTAL"": 6, ""DBC"": 3, ""DBMF"": 3, ""EEM"": 1, ""EFA"": 1, ""IEF"": 1, ""IWM"": 1, ""KMLM"": 6, ""LQD"": 1.5, ""QQQ"": 1, ""SCZ"": 5, ""SHY"": 1, ""SPY"": 0.7, ""TIP"": 2, ""TLT"": 1, ""TQQQ"": 1.5, ""VEA"": 1.5, ""VEU"": 2, ""VNQ"": 1.5, ""VTI"": 1, ""VWO"": 2}",0.03000000,tests/data/2026-08-24-net15,1-3-6-12U,,best(BIL+IEF),0.00312179,0.01120590,0.00312851,0.01120708,54610.09644865,40000.00000000,14610.09644865,0.36525241,0.10620802,0.10112591,0.92822740,0.11611244,1.29198896,0.67167695,-0.15812367,615,2017,0.21318426,2015,-0.03613554,254056.55410719,21.05897053,0.84436446,0.00052647,0.00000000,0.00000000,0.06544101,0.00000000,0.93143048,0.00000000
ROT SPY top1 1-3-6-12U fb IEF,sens,sens_2013-07-03,2013-07-03,2018-07-03,false,true,"{""*"": 6, ""ACWX"": 3, ""AGG"": 1, ""BIL"": 1, ""BND"": 1.5, ""BTAL"": 6, ""DBC"": 3, ""DBMF"": 3, ""EEM"": 1, ""EFA"": 1, ""IEF"": 1, ""IWM"": 1, ""KMLM"": 6, ""LQD"": 1.5, ""QQQ"": 1, ""SCZ"": 5, ""SHY"": 1, ""SPY"": 0.7, ""TIP"": 2, ""TLT"": 1, ""TQQQ"": 1.5, ""VEA"": 1.5, ""VEU"": 2, ""VNQ"": 1.5, ""VTI"": 1, ""VWO"": 2}",0.03000000,tests/data/2026-08-24-net15,1-3-6-12U,,IEF,0.00312179,0.01120590,0.00312851,0.01120708,54610.09644865,40000.00000000,14610.09644865,0.36525241,0.10620802,0.10112591,0.92822740,0.11611244,1.29198896,0.67167695,-0.15812367,615,2017,0.21318426,2015,-0.03613554,254056.55410719,21.05897053,0.84436446,0.00052647,,,0.06544101,0.00000000,0.93143048,0.00000000
ROT SPY top1 13612W can TIP/1 fb best(BIL+IEF),sens,sens_2013-07-03,2013-07-03,2018-07-03,false,true,"{""*"": 6, ""ACWX"": 3, ""AGG"": 1, ""BIL"": 1, ""BND"": 1.5, ""BTAL"": 6, ""DBC"": 3, ""DBMF"": 3, ""EEM"": 1, ""EFA"": 1, ""IEF"": 1, ""IWM"": 1, ""KMLM"": 6, ""LQD"": 1.5, ""QQQ"": 1, ""SCZ"": 5, ""SHY"": 1, ""SPY"": 0.7, ""TIP"": 2, ""TLT"": 1, ""TQQQ"": 1.5, ""VEA"": 1.5, ""VEU"": 2, ""VNQ"": 1.5, ""VTI"": 1, ""VWO"": 2}",0.03000000,tests/data/2026-08-24-net15,13612W,TIP/1,best(BIL+IEF),0.00238679,0.00815227,0.00242547,0.00823503,52679.26688201,40000.00000000,12679.26688201,0.31698167,0.08522422,0.08934267,1.23230138,0.06831847,1.78656396,1.53018927,-0.05569522,30,2017,0.14149672,2015,0.02664682,1412139.88545093,124.71431870,4.88003806,0.00311786,0.31088437,0.00000000,0.21258175,0.00000000,0.47410841,0.00000000
ROT SPY top1 13612W can TIP/1 fb IEF,sens,sens_2013-07-03,2013-07-03,2018-07-03,false,true,"{""*"": 6, ""ACWX"": 3, ""AGG"": 1, ""BIL"": 1, ""BND"": 1.5, ""BTAL"": 6, ""DBC"": 3, ""DBMF"": 3, ""EEM"": 1, ""EFA"": 1, ""IEF"": 1, ""IWM"": 1, ""KMLM"": 6, ""LQD"": 1.5, ""QQQ"": 1, ""SCZ"": 5, ""SHY"": 1, ""SPY"": 0.7, ""TIP"": 2, ""TLT"": 1, ""TQQQ"": 1.5, ""VEA"": 1.5, ""VEU"": 2, ""VNQ"": 1.5, ""VTI"": 1, ""VWO"": 2}",0.03000000,tests/data/2026-08-24-net15,13612W,TIP/1,IEF,0.00264075,0.00819464,0.00266826,0.00827743,52977.94782658,40000.00000000,12977.94782658,0.32444870,0.09151230,0.09119153,1.19281602,0.07588604,1.71407607,1.12359282,-0.08144614,290,2014,0.15387511,2013,0.01542574,1132677.52282223,96.45388588,3.82543311,0.00241135,,,0.52341059,0.00000000,0.47392115,0.00000000
ROT SPY top1 13612W fb best(BIL+IEF),sens,sens_2013-07-03,2013-07-03,2018-07-03,false,true,"{""*"": 6, ""ACWX"": 3, ""AGG"": 1, ""BIL"": 1, ""BND"": 1.5, ""BTAL"": 6, ""DBC"": 3, ""DBMF"": 3, ""EEM"": 1, ""EFA"": 1, ""IEF"": 1, ""IWM"": 1, ""KMLM"": 6, ""LQD"": 1.5, ""QQQ"": 1, ""SCZ"": 5, ""SHY"": 1, ""SPY"": 0.7, ""TIP"": 2, ""TLT"": 1, ""TQQQ"": 1.5, ""VEA"": 1.5, ""VEU"": 2, ""VNQ"": 1.5, ""VTI"": 1, ""VWO"": 2}",0.03000000,tests/data/2026-08-24-net15,13612W,,best(BIL+IEF),0.00336356,0.01120590,0.00338396,0.01120708,49150.41755770,40000.00000000,9150.41755770,0.22876044,0.06590912,0.06672197,0.63120739,0.11097526,0.86859032,0.30003676,-0.21967015,1008,2017,0.21288283,2015,-0.13033108,774062.86467401,65.34443953,2.82582192,0.00163361,0.04908372,0.00000000,0.09825459,0.00000000,0.84927774,0.00000000
ROT SPY top1 13612W fb IEF,sens,sens_2013-07-03,2013-07-03,2018-07-03,false,true,"{""*"": 6, ""ACWX"": 3, ""AGG"": 1, ""BIL"": 1, ""BND"": 1.5, ""BTAL"": 6, ""DBC"": 3, ""DBMF"": 3, ""EEM"": 1, ""EFA"": 1, ""IEF"": 1, ""IWM"": 1, ""KMLM"": 6, ""LQD"": 1.5, ""QQQ"": 1, ""SCZ"": 5, ""SHY"": 1, ""SPY"": 0.7, ""TIP"": 2, ""TLT"": 1, ""TQQQ"": 1.5, ""VEA"": 1.5, ""VEU"": 2, ""VNQ"": 1.5, ""VTI"": 1, ""VWO"": 2}",0.03000000,tests/data/2026-08-24-net15,13612W,,IEF,0.00344552,0.01120590,0.00346593,0.01120708,47293.33003163,40000.00000000,7293.33003163,0.18233325,0.05691787,0.05419611,0.55142794,0.11182745,0.75690398,0.27348752,-0.20811873,1058,2017,0.21283878,2015,-0.11737679,770541.73608573,65.05001792,2.84464050,0.00162625,,,0.14740976,0.00000000,0.84912431,0.00000000
ROT SPY top1 12M can TIP/1 fb best(BIL+IEF),sens,sens_2013-07-03,2013-07-03,2018-07-03,false,true,"{""*"": 6, ""ACWX"": 3, ""AGG"": 1, ""BIL"": 1, ""BND"": 1.5, ""BTAL"": 6, ""DBC"": 3, ""DBMF"": 3, ""EEM"": 1, ""EFA"": 1, ""IEF"": 1, ""IWM"": 1, ""KMLM"": 6, ""LQD"": 1.5, ""QQQ"": 1, ""SCZ"": 5, ""SHY"": 1, ""SPY"": 0.7, ""TIP"": 2, ""TLT"": 1, ""TQQQ"": 1.5, ""VEA"": 1.5, ""VEU"": 2, ""VNQ"": 1.5, ""VTI"": 1, ""VWO"": 2}",0.03000000,tests/data/2026-08-24-net15,12M,TIP/1,best(BIL+IEF),0.00301347,0.00763554,0.00303184,0.00763660,52339.60521225,40000.00000000,12339.60521225,0.30849013,0.07731338,0.08722818,0.90581719,0.08641030,1.26964267,0.76793930,-0.10067642,,2016,0.15457270,2013,-0.00083930,961233.80205154,82.27466330,3.31915817,0.00205687,0.27798780,0.00000000,0.18002681,0.00000000,0.53895354,0.00000000
ROT SPY top1 12M can TIP/1 fb IEF,sens,sens_2013-07-03,2013-07-03,2018-07-03,false,true,"{""*"": 6, ""ACWX"": 3, ""AGG"": 1, ""BIL"": 1, ""BND"": 1.5, ""BTAL"": 6, ""DBC"": 3, ""DBMF"": 3, ""EEM"": 1, ""EFA"": 1, ""IEF"": 1, ""IWM"": 1, ""KMLM"": 6, ""LQD"": 1.5, ""QQQ"": 1, ""SCZ"": 5, ""SHY"": 1, ""SPY"": 0.7, ""TIP"": 2, ""TLT"": 1, ""TQQQ"": 1.5, ""VEA"": 1.5, ""VEU"": 2, ""VNQ"": 1.5, ""VTI"": 1, ""VWO"": 2}",0.03000000,tests/data/2026-08-24-net15,12M,TIP/1,IEF,0.00292724,0.00770492,0.00294403,0.00770549,54482.74681744,40000.00000000,14482.74681744,0.36206867,0.09046150,0.10036080,0.99996387,0.09080760,1.40288888,0.89772249,-0.10076777,137,2016,0.15453223,2013,-0.02162890,957674.87555972,81.50791944,3.23806958,0.00203770,,,0.45790841,0.00000000,0.53914756,0.00000000
ROT SPY top1 12M fb best(BIL+IEF),sens,sens_2013-07-03,2013-07-03,2018-07-03,false,true,"{""*"": 6, ""ACWX"": 3, ""AGG"": 1, ""BIL"": 1, ""BND"": 1.5, ""BTAL"": 6, ""DBC"": 3, ""DBMF"": 3, ""EEM"": 1, ""EFA"": 1, ""IEF"": 1, ""IWM"": 1, ""KMLM"": 6, ""LQD"": 1.5, ""QQQ"": 1, ""SCZ"": 5, ""SHY"": 1, ""SPY"": 0.7, ""TIP"": 2, ""TLT"": 1, ""TQQQ"": 1.5, ""VEA"": 1.5, ""VEU"": 2, ""VNQ"": 1.5, ""VTI"": 1, ""VWO"": 2}",0.03000000,tests/data/2026-08-24-net15,12M,,best(BIL+IEF),0.00351129,0.01120590,0.00351801,0.01120708,53188.81702579,40000.00000000,13188.81702579,0.32972043,0.09691525,0.09249097,0.83621451,0.11923023,1.15852809,0.50294702,-0.19269476,650,2017,0.21310842,2015,-0.07567696,247407.36527831,20.47869337,0.84101527,0.00051197,0.00000000,0.00000000,0.04907719,0.00000000,0.94740481,0.00000000
ROT SPY top1 12M fb IEF,sens,sens_2013-07-03,2013-07-03,2018-07-03,false,true,"{""*"": 6, ""ACWX"": 3, ""AGG"": 1, ""BIL"": 1, ""BND"": 1.5, ""BTAL"": 6, ""DBC"": 3, ""DBMF"": 3, ""EEM"": 1, ""EFA"": 1, ""IEF"": 1, ""IWM"": 1, ""KMLM"": 6, ""LQD"": 1.5, ""QQQ"": 1, ""SCZ"": 5, ""SHY"": 1, ""SPY"": 0.7, ""TIP"": 2, ""TLT"": 1, ""TQQQ"": 1.5, ""VEA"": 1.5, ""VEU"": 2, ""VNQ"": 1.5, ""VTI"": 1, ""VWO"": 2}",0.03000000,tests/data/2026-08-24-net15,12M,,IEF,0.00351129,0.01120590,0.00351801,0.01120708,53188.81702579,40000.00000000,13188.81702579,0.32972043,0.09691525,0.09249097,0.83621451,0.11923023,1.15852809,0.50294702,-0.19269476,650,2017,0.21310842,2015,-0.07567696,247407.36527831,20.47869337,0.84101527,0.00051197,,,0.04907719,0.00000000,0.94740481,0.00000000
SPY60/IEF40,sens,sens_2013-07-03,2013-07-03,2018-07-03,true,true,"{""*"": 6, ""ACWX"": 3, ""AGG"": 1, ""BIL"": 1, ""BND"": 1.5, ""BTAL"": 6, ""DBC"": 3, ""DBMF"": 3, ""EEM"": 1, ""EFA"": 1, ""IEF"": 1, ""IWM"": 1, ""KMLM"": 6, ""LQD"": 1.5, ""QQQ"": 1, ""SCZ"": 5, ""SHY"": 1, ""SPY"": 0.7, ""TIP"": 2, ""TLT"": 1, ""TQQQ"": 1.5, ""VEA"": 1.5, ""VEU"": 2, ""VNQ"": 1.5, ""VTI"": 1, ""VWO"": 2}",0.03000000,tests/data/2026-08-24-net15,,,,0.00538986,0.01528780,0.00398950,0.01175099,50873.30464229,40000.00000000,10873.30464229,0.27183262,0.08363872,0.07795004,1.20030268,0.06895609,1.71958366,1.20688068,-0.06930156,221,2017,0.13329020,2018,0.00623368,45038.59030228,3.81798275,0.15348176,0.00009545,,,0.39821892,0.39465551,0.59638960,0.58824901
SPY benchmark,sens,sens_2013-07-03,2013-07-03,2018-07-03,true,true,"{""*"": 6, ""ACWX"": 3, ""AGG"": 1, ""BIL"": 1, ""BND"": 1.5, ""BTAL"": 6, ""DBC"": 3, ""DBMF"": 3, ""EEM"": 1, ""EFA"": 1, ""IEF"": 1, ""IWM"": 1, ""KMLM"": 6, ""LQD"": 1.5, ""QQQ"": 1, ""SCZ"": 5, ""SHY"": 1, ""SPY"": 0.7, ""TIP"": 2, ""TLT"": 1, ""TQQQ"": 1.5, ""VEA"": 1.5, ""VEU"": 2, ""VNQ"": 1.5, ""VTI"": 1, ""VWO"": 2}",0.03000000,tests/data/2026-08-24-net15,,,,0.00333273,0.01120590,0.00333396,0.01120708,58377.87129095,40000.00000000,18377.87129095,0.45944678,0.12783394,0.12304346,1.04054177,0.12299664,1.46440622,0.97652677,-0.13090674,334,2017,0.21310750,2015,0.00996807,39770.47898550,2.78393353,0.12552873,0.00006960,,,,,0.99666604,0.98879292
ROT SPY top1 1-3-6-12U can TIP/1 fb best(BIL+IEF),sens,sens_2014-01-03,2014-01-03,2019-01-03,false,true,"{""*"": 6, ""ACWX"": 3, ""AGG"": 1, ""BIL"": 1, ""BND"": 1.5, ""BTAL"": 6, ""DBC"": 3, ""DBMF"": 3, ""EEM"": 1, ""EFA"": 1, ""IEF"": 1, ""IWM"": 1, ""KMLM"": 6, ""LQD"": 1.5, ""QQQ"": 1, ""SCZ"": 5, ""SHY"": 1, ""SPY"": 0.7, ""TIP"": 2, ""TLT"": 1, ""TQQQ"": 1.5, ""VEA"": 1.5, ""VEU"": 2, ""VNQ"": 1.5, ""VTI"": 1, ""VWO"": 2}",0.03000000,tests/data/2026-08-24-net15,1-3-6-12U,TIP/1,best(BIL+IEF),0.00258422,0.01002463,0.00261567,0.01002535,55133.54642202,40000.00000000,15133.54642202,0.37833866,0.09420849,0.10416460,1.10746741,0.08467172,1.56002718,0.93600916,-0.10064911,180,2017,0.13919092,2019,0.01006669,1348917.72749518,118.19165573,4.56597377,0.00295479,0.22911496,0.00000000,0.21255159,0.00000000,0.55571778,0.00000000
ROT SPY top1 1-3-6-12U can TIP/1 fb IEF,sens,sens_2014-01-03,2014-01-03,2019-01-03,false,true,"{""*"": 6, ""ACWX"": 3, ""AGG"": 1, ""BIL"": 1, ""BND"": 1.5, ""BTAL"": 6, ""DBC"": 3, ""DBMF"": 3, ""EEM"": 1, ""EFA"": 1, ""IEF"": 1, ""IWM"": 1, ""KMLM"": 6, ""LQD"": 1.5, ""QQQ"": 1, ""SCZ"": 5, ""SHY"": 1, ""SPY"": 0.7, ""TIP"": 2, ""TLT"": 1, ""TQQQ"": 1.5, ""VEA"": 1.5, ""VEU"": 2, ""VNQ"": 1.5, ""VTI"": 1, ""VWO"": 2}",0.03000000,tests/data/2026-08-24-net15,1-3-6-12U,TIP/1,IEF,0.00289019,0.00878554,0.00291368,0.00886863,60023.87162497,40000.00000000,20023.87162497,0.50059679,0.12343947,0.13209921,1.37726975,0.08743534,1.95054501,1.22360911,-0.10088146,137,2018,0.17045903,2019,0.01006246,1167320.19339147,99.32409678,3.79075852,0.00248310,,,0.44170963,0.00000000,0.55537669,0.00000000
ROT SPY top1 1-3-6-12U fb best(BIL+IEF),sens,sens_2014-01-03,2014-01-03,2019-01-03,false,true,"{""*"": 6, ""ACWX"": 3, ""AGG"": 1, ""BIL"": 1, ""BND"": 1.5, ""BTAL"": 6, ""DBC"": 3, ""DBMF"": 3, ""EEM"": 1, ""EFA"": 1, ""IEF"": 1, ""IWM"": 1, ""KMLM"": 6, ""LQD"": 1.5, ""QQQ"": 1, ""SCZ"": 5, ""SHY"": 1, ""SPY"": 0.7, ""TIP"": 2, ""TLT"": 1, ""TQQQ"": 1.5, ""VEA"": 1.5, ""VEU"": 2, ""VNQ"": 1.5, ""VTI"": 1, ""VWO"": 2}",0.03000000,tests/data/2026-08-24-net15,1-3-6-12U,,best(BIL+IEF),0.00361210,0.01291590,0.00362298,0.01291736,47017.42158274,40000.00000000,7017.42158274,0.17543554,0.06006340,0.05224921,0.53795003,0.12259335,0.73357754,0.28911389,-0.20774996,,2017,0.21286904,2018,-0.06412004,504704.00326105,42.40425096,1.74014415,0.00106011,0.01639003,0.00000000,0.08184185,0.00000000,0.89814514,0.00000000
ROT SPY top1 1-3-6-12U fb IEF,sens,sens_2014-01-03,2014-01-03,2019-01-03,false,true,"{""*"": 6, ""ACWX"": 3, ""AGG"": 1, ""BIL"": 1, ""BND"": 1.5, ""BTAL"": 6, ""DBC"": 3, ""DBMF"": 3, ""EEM"": 1, ""EFA"": 1, ""IEF"": 1, ""IWM"": 1, ""KMLM"": 6, ""LQD"": 1.5, ""QQQ"": 1, ""SCZ"": 5, ""SHY"": 1, ""SPY"": 0.7, ""TIP"": 2, ""TLT"": 1, ""TQQQ"": 1.5, ""VEA"": 1.5, ""VEU"": 2, ""VNQ"": 1.5, ""VTI"": 1, ""VWO"": 2}",0.03000000,tests/data/2026-08-24-net15,1-3-6-12U,,IEF,0.00364508,0.01291590,0.00365595,0.01291736,47545.45221321,40000.00000000,7545.45221321,0.18863631,0.06248329,0.05587418,0.55640248,0.12264398,0.75882912,0.31462848,-0.19859389,,2017,0.21286904,2018,-0.05339301,506661.62975899,42.57140201,1.74624250,0.00106429,,,0.09822020,0.00000000,0.89812385,0.00000000
ROT SPY top1 13612W can TIP/1 fb best(BIL+IEF),sens,sens_2014-01-03,2014-01-03,2019-01-03,false,true,"{""*"": 6, ""ACWX"": 3, ""AGG"": 1, ""BIL"": 1, ""BND"": 1.5, ""BTAL"": 6, ""DBC"": 3, ""DBMF"": 3, ""EEM"": 1, ""EFA"": 1, ""IEF"": 1, ""IWM"": 1, ""KMLM"": 6, ""LQD"": 1.5, ""QQQ"": 1, ""SCZ"": 5, ""SHY"": 1, ""SPY"": 0.7, ""TIP"": 2, ""TLT"": 1, ""TQQQ"": 1.5, ""VEA"": 1.5, ""VEU"": 2, ""VNQ"": 1.5, ""VTI"": 1, ""VWO"": 2}",0.03000000,tests/data/2026-08-24-net15,13612W,TIP/1,best(BIL+IEF),0.00252746,0.01126673,0.00256749,0.01134891,54993.86616448,40000.00000000,14993.86616448,0.37484665,0.09572519,0.10333341,1.39527435,0.06724772,2.02626730,1.72110069,-0.05561859,30,2018,0.14527953,2019,0.01007564,1563145.06704262,138.06195278,5.34058604,0.00345155,0.29461201,0.00000000,0.22903551,0.00000000,0.47378499,0.00000000
ROT SPY top1 13612W can TIP/1 fb IEF,sens,sens_2014-01-03,2014-01-03,2019-01-03,false,true,"{""*"": 6, ""ACWX"": 3, ""AGG"": 1, ""BIL"": 1, ""BND"": 1.5, ""BTAL"": 6, ""DBC"": 3, ""DBMF"": 3, ""EEM"": 1, ""EFA"": 1, ""IEF"": 1, ""IWM"": 1, ""KMLM"": 6, ""LQD"": 1.5, ""QQQ"": 1, ""SCZ"": 5, ""SHY"": 1, ""SPY"": 0.7, ""TIP"": 2, ""TLT"": 1, ""TQQQ"": 1.5, ""VEA"": 1.5, ""VEU"": 2, ""VNQ"": 1.5, ""VTI"": 1, ""VWO"": 2}",0.03000000,tests/data/2026-08-24-net15,13612W,TIP/1,IEF,0.00291757,0.01196590,0.00294643,0.01196718,56215.75012588,40000.00000000,16215.75012588,0.40539375,0.10904103,0.11053889,1.45476715,0.07309842,2.10504169,1.33784293,-0.08150511,290,2018,0.15585495,2019,0.01006649,1255259.23009901,106.86853639,4.17880878,0.00267171,,,0.52361194,0.00000000,0.47344163,0.00000000
ROT SPY top1 13612W fb best(BIL+IEF),sens,sens_2014-01-03,2014-01-03,2019-01-03,false,true,"{""*"": 6, ""ACWX"": 3, ""AGG"": 1, ""BIL"": 1, ""BND"": 1.5, ""BTAL"": 6, ""DBC"": 3, ""DBMF"": 3, ""EEM"": 1, ""EFA"": 1, ""IEF"": 1, ""IWM"": 1, ""KMLM"": 6, ""LQD"": 1.5, ""QQQ"": 1, ""SCZ"": 5, ""SHY"": 1, ""SPY"": 0.7, ""TIP"": 2, ""TLT"": 1, ""TQQQ"": 1.5, ""VEA"": 1.5, ""VEU"": 2, ""VNQ"": 1.5, ""VTI"": 1, ""VWO"": 2}",0.03000000,tests/data/2026-08-24-net15,13612W,,best(BIL+IEF),0.00371052,0.00967239,0.00373498,0.00967309,43004.16788970,40000.00000000,3004.16788970,0.07510420,0.02143597,0.02336266,0.23928828,0.11784337,0.32241319,0.09764237,-0.21953551,1008,2017,0.21269953,2015,-0.13035170,909194.75401967,76.86211646,3.43369681,0.00192155,0.06548538,0.00000000,0.11450857,0.00000000,0.81627107,0.00000000
ROT SPY top1 13612W fb IEF,sens,sens_2014-01-03,2014-01-03,2019-01-03,false,true,"{""*"": 6, ""ACWX"": 3, ""AGG"": 1, ""BIL"": 1, ""BND"": 1.5, ""BTAL"": 6, ""DBC"": 3, ""DBMF"": 3, ""EEM"": 1, ""EFA"": 1, ""IEF"": 1, ""IWM"": 1, ""KMLM"": 6, ""LQD"": 1.5, ""QQQ"": 1, ""SCZ"": 5, ""SHY"": 1, ""SPY"": 0.7, ""TIP"": 2, ""TLT"": 1, ""TQQQ"": 1.5, ""VEA"": 1.5, ""VEU"": 2, ""VNQ"": 1.5, ""VTI"": 1, ""VWO"": 2}",0.03000000,tests/data/2026-08-24-net15,13612W,,IEF,0.00403072,0.00967239,0.00405519,0.00967309,41975.81958514,40000.00000000,1975.81958514,0.04939549,0.01516437,0.01554693,0.18646362,0.11867700,0.25078865,0.07276871,-0.20839132,1058,2017,0.21291193,2015,-0.11754962,898068.54344192,75.90995243,3.44759801,0.00189775,,,0.17990938,0.00000000,0.81603544,0.00000000
ROT SPY top1 12M can TIP/1 fb best(BIL+IEF),sens,sens_2014-01-03,2014-01-03,2019-01-03,false,true,"{""*"": 6, ""ACWX"": 3, ""AGG"": 1, ""BIL"": 1, ""BND"": 1.5, ""BTAL"": 6, ""DBC"": 3, ""DBMF"": 3, ""EEM"": 1, ""EFA"": 1, ""IEF"": 1, ""IWM"": 1, ""KMLM"": 6, ""LQD"": 1.5, ""QQQ"": 1, ""SCZ"": 5, ""SHY"": 1, ""SPY"": 0.7, ""TIP"": 2, ""TLT"": 1, ""TQQQ"": 1.5, ""VEA"": 1.5, ""VEU"": 2, ""VNQ"": 1.5, ""VTI"": 1, ""VWO"": 2}",0.03000000,tests/data/2026-08-24-net15,12M,TIP/1,best(BIL+IEF),0.00306894,0.00949342,0.00308860,0.00949410,54961.15151832,40000.00000000,14961.15151832,0.37402879,0.09459401,0.10313845,1.07426326,0.08787442,1.51622191,0.93668827,-0.10098772,180,2016,0.15453915,2019,0.00021870,974272.52318137,83.25059832,3.25821468,0.00208126,0.24547784,0.00000000,0.17985078,0.00000000,0.57158278,0.00000000
ROT SPY top1 12M can TIP/1 fb IEF,sens,sens_2014-01-03,2014-01-03,2019-01-03,false,true,"{""*"": 6, ""ACWX"": 3, ""AGG"": 1, ""BIL"": 1, ""BND"": 1.5, ""BTAL"": 6, ""DBC"": 3, ""DBMF"": 3, ""EEM"": 1, ""EFA"": 1, ""IEF"": 1, ""IWM"": 1, ""KMLM"": 6, ""LQD"": 1.5, ""QQQ"": 1, ""SCZ"": 5, ""SHY"": 1, ""SPY"": 0.7, ""TIP"": 2, ""TLT"": 1, ""TQQQ"": 1.5, ""VEA"": 1.5, ""VEU"": 2, ""VNQ"": 1.5, ""VTI"": 1, ""VWO"": 2}",0.03000000,tests/data/2026-08-24-net15,12M,TIP/1,IEF,0.00303505,0.01127968,0.00305312,0.01136227,59699.59975215,40000.00000000,19699.59975215,0.49248999,0.12127622,0.13031331,1.31528063,0.09027999,1.86566867,1.20121018,-0.10096170,137,2018,0.17052796,2019,0.01007141,981215.04567643,83.49118487,3.18241546,0.00208728,,,0.42532679,0.00000000,0.57162009,0.00000000
ROT SPY top1 12M fb best(BIL+IEF),sens,sens_2014-01-03,2014-01-03,2019-01-03,false,true,"{""*"": 6, ""ACWX"": 3, ""AGG"": 1, ""BIL"": 1, ""BND"": 1.5, ""BTAL"": 6, ""DBC"": 3, ""DBMF"": 3, ""EEM"": 1, ""EFA"": 1, ""IEF"": 1, ""IWM"": 1, ""KMLM"": 6, ""LQD"": 1.5, ""QQQ"": 1, ""SCZ"": 5, ""SHY"": 1, ""SPY"": 0.7, ""TIP"": 2, ""TLT"": 1, ""TQQQ"": 1.5, ""VEA"": 1.5, ""VEU"": 2, ""VNQ"": 1.5, ""VTI"": 1, ""VWO"": 2}",0.03000000,tests/data/2026-08-24-net15,12M,,best(BIL+IEF),0.00363458,0.01291590,0.00364269,0.01291736,46261.42727093,40000.00000000,6261.42727093,0.15653568,0.05263024,0.04699159,0.46584516,0.12785378,0.63510202,0.27056900,-0.19451688,,2017,0.21284495,2015,-0.07620656,300436.41183469,25.00134821,1.05913385,0.00062503,0.01638669,0.00000000,0.04907929,0.00000000,0.93089133,0.00000000
ROT SPY top1 12M fb IEF,sens,sens_2014-01-03,2014-01-03,2019-01-03,false,true,"{""*"": 6, ""ACWX"": 3, ""AGG"": 1, ""BIL"": 1, ""BND"": 1.5, ""BTAL"": 6, ""DBC"": 3, ""DBMF"": 3, ""EEM"": 1, ""EFA"": 1, ""IEF"": 1, ""IWM"": 1, ""KMLM"": 6, ""LQD"": 1.5, ""QQQ"": 1, ""SCZ"": 5, ""SHY"": 1, ""SPY"": 0.7, ""TIP"": 2, ""TLT"": 1, ""TQQQ"": 1.5, ""VEA"": 1.5, ""VEU"": 2, ""VNQ"": 1.5, ""VTI"": 1, ""VWO"": 2}",0.03000000,tests/data/2026-08-24-net15,12M,,IEF,0.00363391,0.01291590,0.00364203,0.01291736,46717.28488844,40000.00000000,6717.28488844,0.16793212,0.05469691,0.05017154,0.48107598,0.12790298,0.65611917,0.28119362,-0.19451688,,2017,0.21284495,2015,-0.07620656,300438.29472427,25.00153650,1.05912393,0.00062504,,,0.06546664,0.00000000,0.93089133,0.00000000
SPY60/IEF40,sens,sens_2014-01-03,2014-01-03,2019-01-03,true,true,"{""*"": 6, ""ACWX"": 3, ""AGG"": 1, ""BIL"": 1, ""BND"": 1.5, ""BTAL"": 6, ""DBC"": 3, ""DBMF"": 3, ""EEM"": 1, ""EFA"": 1, ""IEF"": 1, ""IWM"": 1, ""KMLM"": 6, ""LQD"": 1.5, ""QQQ"": 1, ""SCZ"": 5, ""SHY"": 1, ""SPY"": 0.7, ""TIP"": 2, ""TLT"": 1, ""TQQQ"": 1.5, ""VEA"": 1.5, ""VEU"": 2, ""VNQ"": 1.5, ""VTI"": 1, ""VWO"": 2}",0.03000000,tests/data/2026-08-24-net15,,,,0.00497394,0.01308557,0.00359609,0.01183673,46641.89645486,40000.00000000,6641.89645486,0.16604741,0.05964048,0.04964769,0.83208315,0.07292596,1.16482611,0.56034684,-0.10643495,,2017,0.13352143,2018,-0.02258526,46966.59779532,3.97086848,0.16308757,0.00009927,,,0.39829130,0.39253346,0.59673312,0.58816327
SPY benchmark,sens,sens_2014-01-03,2014-01-03,2019-01-03,true,true,"{""*"": 6, ""ACWX"": 3, ""AGG"": 1, ""BIL"": 1, ""BND"": 1.5, ""BTAL"": 6, ""DBC"": 3, ""DBMF"": 3, ""EEM"": 1, ""EFA"": 1, ""IEF"": 1, ""IWM"": 1, ""KMLM"": 6, ""LQD"": 1.5, ""QQQ"": 1, ""SCZ"": 5, ""SHY"": 1, ""SPY"": 0.7, ""TIP"": 2, ""TLT"": 1, ""TQQQ"": 1.5, ""VEA"": 1.5, ""VEU"": 2, ""VNQ"": 1.5, ""VTI"": 1, ""VWO"": 2}",0.03000000,tests/data/2026-08-24-net15,,,,0.00365583,0.01291590,0.00365709,0.01291736,49038.74707454,40000.00000000,9038.74707454,0.22596868,0.07717736,0.06592361,0.63076599,0.13185498,0.86984000,0.39713771,-0.19433399,,2017,0.21301839,2018,-0.04830958,39846.10862632,2.78922760,0.13007717,0.00006973,,,,,0.99634291,0.98708264
ROT SPY top1 1-3-6-12U can TIP/1 fb best(BIL+IEF),sens,sens_2014-07-03,2014-07-03,2019-07-03,false,true,"{""*"": 6, ""ACWX"": 3, ""AGG"": 1, ""BIL"": 1, ""BND"": 1.5, ""BTAL"": 6, ""DBC"": 3, ""DBMF"": 3, ""EEM"": 1, ""EFA"": 1, ""IEF"": 1, ""IWM"": 1, ""KMLM"": 6, ""LQD"": 1.5, ""QQQ"": 1, ""SCZ"": 5, ""SHY"": 1, ""SPY"": 0.7, ""TIP"": 2, ""TLT"": 1, ""TQQQ"": 1.5, ""VEA"": 1.5, ""VEU"": 2, ""VNQ"": 1.5, ""VTI"": 1, ""VWO"": 2}",0.03000000,tests/data/2026-08-24-net15,1-3-6-12U,TIP/1,best(BIL+IEF),0.00352236,0.01525139,0.00355313,0.01525306,55615.89860864,40000.00000000,15615.89860864,0.39039747,0.09889233,0.10712051,1.10813717,0.08880699,1.55269297,0.98198842,-0.10070621,180,2017,0.13915963,2015,0.01335178,1444534.90395820,124.99958251,4.81027139,0.00312499,0.18011122,0.00000000,0.19629310,0.00000000,0.62004256,0.00000000
ROT SPY top1 1-3-6-12U can TIP/1 fb IEF,sens,sens_2014-07-03,2014-07-03,2019-07-03,false,true,"{""*"": 6, ""ACWX"": 3, ""AGG"": 1, ""BIL"": 1, ""BND"": 1.5, ""BTAL"": 6, ""DBC"": 3, ""DBMF"": 3, ""EEM"": 1, ""EFA"": 1, ""IEF"": 1, ""IWM"": 1, ""KMLM"": 6, ""LQD"": 1.5, ""QQQ"": 1, ""SCZ"": 5, ""SHY"": 1, ""SPY"": 0.7, ""TIP"": 2, ""TLT"": 1, ""TQQQ"": 1.5, ""VEA"": 1.5, ""VEU"": 2, ""VNQ"": 1.5, ""VTI"": 1, ""VWO"": 2}",0.03000000,tests/data/2026-08-24-net15,1-3-6-12U,TIP/1,IEF,0.00375757,0.01525139,0.00378353,0.01525306,59271.64058794,40000.00000000,19271.64058794,0.48179101,0.11655118,0.12806091,1.26104369,0.09084980,1.77172985,1.15384067,-0.10101151,137,2018,0.17037665,2015,0.02887004,1323010.16931934,112.22278549,4.28651354,0.00280557,,,0.37638442,0.00000000,0.61983205,0.00000000
ROT SPY top1 1-3-6-12U fb best(BIL+IEF),sens,sens_2014-07-03,2014-07-03,2019-07-03,false,true,"{""*"": 6, ""ACWX"": 3, ""AGG"": 1, ""BIL"": 1, ""BND"": 1.5, ""BTAL"": 6, ""DBC"": 3, ""DBMF"": 3, ""EEM"": 1, ""EFA"": 1, ""IEF"": 1, ""IWM"": 1, ""KMLM"": 6, ""LQD"": 1.5, ""QQQ"": 1, ""SCZ"": 5, ""SHY"": 1, ""SPY"": 0.7, ""TIP"": 2, ""TLT"": 1, ""TQQQ"": 1.5, ""VEA"": 1.5, ""VEU"": 2, ""VNQ"": 1.5, ""VTI"": 1, ""VWO"": 2}",0.03000000,tests/data/2026-08-24-net15,1-3-6-12U,,best(BIL+IEF),0.00434224,0.01525139,0.00435723,0.01525306,47208.24441836,40000.00000000,7208.24441836,0.18020611,0.05215850,0.05361619,0.47936628,0.12170941,0.65348937,0.25108262,-0.20773440,,2017,0.21297445,2018,-0.06449749,704813.20034622,59.42486887,2.50480386,0.00148562,0.01638718,0.00000000,0.09816196,0.00000000,0.88109363,0.00000000
ROT SPY top1 1-3-6-12U fb IEF,sens,sens_2014-07-03,2014-07-03,2019-07-03,false,true,"{""*"": 6, ""ACWX"": 3, ""AGG"": 1, ""BIL"": 1, ""BND"": 1.5, ""BTAL"": 6, ""DBC"": 3, ""DBMF"": 3, ""EEM"": 1, ""EFA"": 1, ""IEF"": 1, ""IWM"": 1, ""KMLM"": 6, ""LQD"": 1.5, ""QQQ"": 1, ""SCZ"": 5, ""SHY"": 1, ""SPY"": 0.7, ""TIP"": 2, ""TLT"": 1, ""TQQQ"": 1.5, ""VEA"": 1.5, ""VEU"": 2, ""VNQ"": 1.5, ""VTI"": 1, ""VWO"": 2}",0.03000000,tests/data/2026-08-24-net15,1-3-6-12U,,IEF,0.00430871,0.01525139,0.00432370,0.01525306,47698.72220234,40000.00000000,7698.72220234,0.19246806,0.05453999,0.05697494,0.49775508,0.12178017,0.67863890,0.27441601,-0.19874931,,2017,0.21297445,2018,-0.05389389,709531.97214005,59.82220274,2.51644185,0.00149556,,,0.11452199,0.00000000,0.88115431,0.00000000
ROT SPY top1 13612W can TIP/1 fb best(BIL+IEF),sens,sens_2014-07-03,2014-07-03,2019-07-03,false,true,"{""*"": 6, ""ACWX"": 3, ""AGG"": 1, ""BIL"": 1, ""BND"": 1.5, ""BTAL"": 6, ""DBC"": 3, ""DBMF"": 3, ""EEM"": 1, ""EFA"": 1, ""IEF"": 1, ""IWM"": 1, ""KMLM"": 6, ""LQD"": 1.5, ""QQQ"": 1, ""SCZ"": 5, ""SHY"": 1, ""SPY"": 0.7, ""TIP"": 2, ""TLT"": 1, ""TQQQ"": 1.5, ""VEA"": 1.5, ""VEU"": 2, ""VNQ"": 1.5, ""VTI"": 1, ""VWO"": 2}",0.03000000,tests/data/2026-08-24-net15,13612W,TIP/1,best(BIL+IEF),0.00337124,0.01525139,0.00340950,0.01525306,54848.42436050,40000.00000000,14848.42436050,0.37121061,0.09088906,0.10256247,1.26610857,0.07080311,1.80419764,1.41647802,-0.06416553,,2018,0.14544535,2014,0.02552951,1576184.45073252,137.77850212,5.39152992,0.00344446,0.27821520,0.00000000,0.21257669,0.00000000,0.50579862,0.00000000
ROT SPY top1 13612W can TIP/1 fb IEF,sens,sens_2014-07-03,2014-07-03,2019-07-03,false,true,"{""*"": 6, ""ACWX"": 3, ""AGG"": 1, ""BIL"": 1, ""BND"": 1.5, ""BTAL"": 6, ""DBC"": 3, ""DBMF"": 3, ""EEM"": 1, ""EFA"": 1, ""IEF"": 1, ""IWM"": 1, ""KMLM"": 6, ""LQD"": 1.5, ""QQQ"": 1, ""SCZ"": 5, ""SHY"": 1, ""SPY"": 0.7, ""TIP"": 2, ""TLT"": 1, ""TQQQ"": 1.5, ""VEA"": 1.5, ""VEU"": 2, ""VNQ"": 1.5, ""VTI"": 1, ""VWO"": 2}",0.03000000,tests/data/2026-08-24-net15,13612W,TIP/1,IEF,0.00296903,0.01525139,0.00299771,0.01525306,55486.21877277,40000.00000000,15486.21877277,0.38715547,0.09834862,0.10635446,1.27227910,0.07613371,1.80770951,1.20743112,-0.08145278,290,2018,0.15591581,2014,0.04118147,1325183.75642258,112.51796174,4.47656868,0.00281295,,,0.49092964,0.00000000,0.50607264,0.00000000
ROT SPY top1 13612W fb best(BIL+IEF),sens,sens_2014-07-03,2014-07-03,2019-07-03,false,true,"{""*"": 6, ""ACWX"": 3, ""AGG"": 1, ""BIL"": 1, ""BND"": 1.5, ""BTAL"": 6, ""DBC"": 3, ""DBMF"": 3, ""EEM"": 1, ""EFA"": 1, ""IEF"": 1, ""IWM"": 1, ""KMLM"": 6, ""LQD"": 1.5, ""QQQ"": 1, ""SCZ"": 5, ""SHY"": 1, ""SPY"": 0.7, ""TIP"": 2, ""TLT"": 1, ""TQQQ"": 1.5, ""VEA"": 1.5, ""VEU"": 2, ""VNQ"": 1.5, ""VTI"": 1, ""VWO"": 2}",0.03000000,tests/data/2026-08-24-net15,13612W,,best(BIL+IEF),0.00419500,0.01525139,0.00422088,0.01525306,44215.92874194,40000.00000000,4215.92874194,0.10539822,0.02210563,0.03237847,0.24480633,0.11789376,0.33003396,0.10036043,-0.22026237,1008,2017,0.21282889,2015,-0.13066346,1008003.42661006,85.25864646,3.84863401,0.00213147,0.06544079,0.00000000,0.11457918,0.00000000,0.81575916,0.00000000
ROT SPY top1 13612W fb IEF,sens,sens_2014-07-03,2014-07-03,2019-07-03,false,true,"{""*"": 6, ""ACWX"": 3, ""AGG"": 1, ""BIL"": 1, ""BND"": 1.5, ""BTAL"": 6, ""DBC"": 3, ""DBMF"": 3, ""EEM"": 1, ""EFA"": 1, ""IEF"": 1, ""IWM"": 1, ""KMLM"": 6, ""LQD"": 1.5, ""QQQ"": 1, ""SCZ"": 5, ""SHY"": 1, ""SPY"": 0.7, ""TIP"": 2, ""TLT"": 1, ""TQQQ"": 1.5, ""VEA"": 1.5, ""VEU"": 2, ""VNQ"": 1.5, ""VTI"": 1, ""VWO"": 2}",0.03000000,tests/data/2026-08-24-net15,13612W,,IEF,0.00465507,0.01525139,0.00468094,0.01525306,43271.53531388,40000.00000000,3271.53531388,0.08178838,0.01596621,0.02539090,0.19315738,0.11862962,0.25997164,0.07666258,-0.20826595,1058,2017,0.21263309,2015,-0.11750627,991983.53103489,83.90201959,3.85737669,0.00209755,,,0.17987243,0.00000000,0.81544663,0.00000000
ROT SPY top1 12M can TIP/1 fb best(BIL+IEF),sens,sens_2014-07-03,2014-07-03,2019-07-03,false,true,"{""*"": 6, ""ACWX"": 3, ""AGG"": 1, ""BIL"": 1, ""BND"": 1.5, ""BTAL"": 6, ""DBC"": 3, ""DBMF"": 3, ""EEM"": 1, ""EFA"": 1, ""IEF"": 1, ""IWM"": 1, ""KMLM"": 6, ""LQD"": 1.5, ""QQQ"": 1, ""SCZ"": 5, ""SHY"": 1, ""SPY"": 0.7, ""TIP"": 2, ""TLT"": 1, ""TQQQ"": 1.5, ""VEA"": 1.5, ""VEU"": 2, ""VNQ"": 1.5, ""VTI"": 1, ""VWO"": 2}",0.03000000,tests/data/2026-08-24-net15,12M,TIP/1,best(BIL+IEF),0.00360462,0.01525139,0.00362403,0.01525306,57060.50127702,40000.00000000,17060.50127702,0.42651253,0.10852552,0.11554363,1.15861428,0.09279712,1.63717147,1.07886642,-0.10059217,180,2016,0.15449175,2015,0.02881564,1031682.31409746,88.93605613,3.38325257,0.00222340,0.16377794,0.00000000,0.17992649,0.00000000,0.65267153,0.00000000
ROT SPY top1 12M can TIP/1 fb IEF,sens,sens_2014-07-03,2014-07-03,2019-07-03,false,true,"{""*"": 6, ""ACWX"": 3, ""AGG"": 1, ""BIL"": 1, ""BND"": 1.5, ""BTAL"": 6, ""DBC"": 3, ""DBMF"": 3, ""EEM"": 1, ""EFA"": 1, ""IEF"": 1, ""IWM"": 1, ""KMLM"": 6, ""LQD"": 1.5, ""QQQ"": 1, ""SCZ"": 5, ""SHY"": 1, ""SPY"": 0.7, ""TIP"": 2, ""TLT"": 1, ""TQQQ"": 1.5, ""VEA"": 1.5, ""VEU"": 2, ""VNQ"": 1.5, ""VTI"": 1, ""VWO"": 2}",0.03000000,tests/data/2026-08-24-net15,12M,TIP/1,IEF,0.00361407,0.01525139,0.00363187,0.01525306,60482.11250182,40000.00000000,20482.11250182,0.51205281,0.12318013,0.13473168,1.28117080,0.09430042,1.81496251,1.22151494,-0.10084210,137,2018,0.17024529,2015,0.02881564,950460.63268679,80.52097089,3.06090961,0.00201302,,,0.34368260,0.00000000,0.65268553,0.00000000
ROT SPY top1 12M fb best(BIL+IEF),sens,sens_2014-07-03,2014-07-03,2019-07-03,false,true,"{""*"": 6, ""ACWX"": 3, ""AGG"": 1, ""BIL"": 1, ""BND"": 1.5, ""BTAL"": 6, ""DBC"": 3, ""DBMF"": 3, ""EEM"": 1, ""EFA"": 1, ""IEF"": 1, ""IWM"": 1, ""KMLM"": 6, ""LQD"": 1.5, ""QQQ"": 1, ""SCZ"": 5, ""SHY"": 1, ""SPY"": 0.7, ""TIP"": 2, ""TLT"": 1, ""TQQQ"": 1.5, ""VEA"": 1.5, ""VEU"": 2, ""VNQ"": 1.5, ""VTI"": 1, ""VWO"": 2}",0.03000000,tests/data/2026-08-24-net15,12M,,best(BIL+IEF),0.00444820,0.01525139,0.00445932,0.01525306,47738.11933847,40000.00000000,7738.11933847,0.19345298,0.04962977,0.05724331,0.44512170,0.12718988,0.60895793,0.25528674,-0.19440794,,2017,0.21270275,2015,-0.07615996,426008.28362784,36.93419917,1.54859698,0.00092335,0.01637012,0.00000000,0.06543898,0.00000000,0.91373158,0.00000000
ROT SPY top1 12M fb IEF,sens,sens_2014-07-03,2014-07-03,2019-07-03,false,true,"{""*"": 6, ""ACWX"": 3, ""AGG"": 1, ""BIL"": 1, ""BND"": 1.5, ""BTAL"": 6, ""DBC"": 3, ""DBMF"": 3, ""EEM"": 1, ""EFA"": 1, ""IEF"": 1, ""IWM"": 1, ""KMLM"": 6, ""LQD"": 1.5, ""QQQ"": 1, ""SCZ"": 5, ""SHY"": 1, ""SPY"": 0.7, ""TIP"": 2, ""TLT"": 1, ""TQQQ"": 1.5, ""VEA"": 1.5, ""VEU"": 2, ""VNQ"": 1.5, ""VTI"": 1, ""VWO"": 2}",0.03000000,tests/data/2026-08-24-net15,12M,,IEF,0.00437629,0.01525139,0.00438578,0.01525306,47962.87526650,40000.00000000,7962.87526650,0.19907188,0.05068567,0.05877033,0.45255571,0.12737929,0.61930099,0.26071813,-0.19440794,,2017,0.21270275,2015,-0.07615996,343540.09608407,28.67977517,1.24806716,0.00071699,,,0.08179139,0.00000000,0.91382283,0.00000000
SPY60/IEF40,sens,sens_2014-07-03,2014-07-03,2019-07-03,true,true,"{""*"": 6, ""ACWX"": 3, ""AGG"": 1, ""BIL"": 1, ""BND"": 1.5, ""BTAL"": 6, ""DBC"": 3, ""DBMF"": 3, ""EEM"": 1, ""EFA"": 1, ""IEF"": 1, ""IWM"": 1, ""KMLM"": 6, ""LQD"": 1.5, ""QQQ"": 1, ""SCZ"": 5, ""SHY"": 1, ""SPY"": 0.7, ""TIP"": 2, ""TLT"": 1, ""TQQQ"": 1.5, ""VEA"": 1.5, ""VEU"": 2, ""VNQ"": 1.5, ""VTI"": 1, ""VWO"": 2}",0.03000000,tests/data/2026-08-24-net15,,,,0.00628277,0.01691997,0.00472073,0.01537123,51838.27978974,40000.00000000,11838.27978974,0.29595699,0.07729783,0.08409138,1.04913912,0.07366892,1.49217936,0.72670330,-0.10636779,196,2019,0.15102713,2018,-0.02286251,49112.11159956,4.17181755,0.17305904,0.00010430,,,0.39820327,0.39457849,0.59551225,0.58462877
SPY benchmark,sens,sens_2014-07-03,2014-07-03,2019-07-03,true,true,"{""*"": 6, ""ACWX"": 3, ""AGG"": 1, ""BIL"": 1, ""BND"": 1.5, ""BTAL"": 6, ""DBC"": 3, ""DBMF"": 3, ""EEM"": 1, ""EFA"": 1, ""IEF"": 1, ""IWM"": 1, ""KMLM"": 6, ""LQD"": 1.5, ""QQQ"": 1, ""SCZ"": 5, ""SHY"": 1, ""SPY"": 0.7, ""TIP"": 2, ""TLT"": 1, ""TQQQ"": 1.5, ""VEA"": 1.5, ""VEU"": 2, ""VNQ"": 1.5, ""VTI"": 1, ""VWO"": 2}",0.03000000,tests/data/2026-08-24-net15,,,,0.00437642,0.01525139,0.00437770,0.01525306,56955.48498840,40000.00000000,16955.48498840,0.42388712,0.10378685,0.11493801,0.80901358,0.13324510,1.13249979,0.53398664,-0.19436226,204,2017,0.21277693,2018,-0.04797647,39764.95617225,2.78354693,0.13182634,0.00006959,,,,,0.99562230,0.98474694
ROT SPY top1 1-3-6-12U can TIP/1 fb best(BIL+IEF),sens,sens_2015-01-05,2015-01-05,2020-01-03,false,true,"{""*"": 6, ""ACWX"": 3, ""AGG"": 1, ""BIL"": 1, ""BND"": 1.5, ""BTAL"": 6, ""DBC"": 3, ""DBMF"": 3, ""EEM"": 1, ""EFA"": 1, ""IEF"": 1, ""IWM"": 1, ""KMLM"": 6, ""LQD"": 1.5, ""QQQ"": 1, ""SCZ"": 5, ""SHY"": 1, ""SPY"": 0.7, ""TIP"": 2, ""TLT"": 1, ""TQQQ"": 1.5, ""VEA"": 1.5, ""VEU"": 2, ""VNQ"": 1.5, ""VTI"": 1, ""VWO"": 2}",0.03000000,tests/data/2026-08-24-net15,1-3-6-12U,TIP/1,best(BIL+IEF),0.00324001,0.01320083,0.00326804,0.01320188,58187.83259011,40000.00000000,18187.83259011,0.45469581,0.11352426,0.12194516,1.21369742,0.09215688,1.69043544,1.12862771,-0.10058610,180,2019,0.15346644,2020,0.00170685,1242302.01245405,107.45404201,4.06311878,0.00268635,0.18016876,0.00000000,0.17984608,0.00000000,0.63671712,0.00000000
ROT SPY top1 1-3-6-12U can TIP/1 fb IEF,sens,sens_2015-01-05,2015-01-05,2020-01-03,false,true,"{""*"": 6, ""ACWX"": 3, ""AGG"": 1, ""BIL"": 1, ""BND"": 1.5, ""BTAL"": 6, ""DBC"": 3, ""DBMF"": 3, ""EEM"": 1, ""EFA"": 1, ""IEF"": 1, ""IWM"": 1, ""KMLM"": 6, ""LQD"": 1.5, ""QQQ"": 1, ""SCZ"": 5, ""SHY"": 1, ""SPY"": 0.7, ""TIP"": 2, ""TLT"": 1, ""TQQQ"": 1.5, ""VEA"": 1.5, ""VEU"": 2, ""VNQ"": 1.5, ""VTI"": 1, ""VWO"": 2}",0.03000000,tests/data/2026-08-24-net15,1-3-6-12U,TIP/1,IEF,0.00332529,0.01320083,0.00334854,0.01320188,61722.79100713,40000.00000000,21722.79100713,0.54306978,0.13154643,0.14140490,1.36131142,0.09410041,1.90174672,1.30783079,-0.10058368,137,2018,0.17015848,2020,0.00170794,1138474.07908966,96.53033007,3.59874156,0.00241326,,,0.35998575,0.00000000,0.63666570,0.00000000
ROT SPY top1 1-3-6-12U fb best(BIL+IEF),sens,sens_2015-01-05,2015-01-05,2020-01-03,false,true,"{""*"": 6, ""ACWX"": 3, ""AGG"": 1, ""BIL"": 1, ""BND"": 1.5, ""BTAL"": 6, ""DBC"": 3, ""DBMF"": 3, ""EEM"": 1, ""EFA"": 1, ""IEF"": 1, ""IWM"": 1, ""KMLM"": 6, ""LQD"": 1.5, ""QQQ"": 1, ""SCZ"": 5, ""SHY"": 1, ""SPY"": 0.7, ""TIP"": 2, ""TLT"": 1, ""TQQQ"": 1.5, ""VEA"": 1.5, ""VEU"": 2, ""VNQ"": 1.5, ""VTI"": 1, ""VWO"": 2}",0.03000000,tests/data/2026-08-24-net15,1-3-6-12U,,best(BIL+IEF),0.00372145,0.01320083,0.00373641,0.01320188,50020.72608713,40000.00000000,10020.72608713,0.25051815,0.06438416,0.07242012,0.57179459,0.12228274,0.77639522,0.30957064,-0.20797889,,2017,0.21264651,2018,-0.06456619,630667.04268458,53.11679122,2.23976641,0.00132792,0.01637036,0.00000000,0.09810832,0.00000000,0.88178491,0.00000000
ROT SPY top1 1-3-6-12U fb IEF,sens,sens_2015-01-05,2015-01-05,2020-01-03,false,true,"{""*"": 6, ""ACWX"": 3, ""AGG"": 1, ""BIL"": 1, ""BND"": 1.5, ""BTAL"": 6, ""DBC"": 3, ""DBMF"": 3, ""EEM"": 1, ""EFA"": 1, ""IEF"": 1, ""IWM"": 1, ""KMLM"": 6, ""LQD"": 1.5, ""QQQ"": 1, ""SCZ"": 5, ""SHY"": 1, ""SPY"": 0.7, ""TIP"": 2, ""TLT"": 1, ""TQQQ"": 1.5, ""VEA"": 1.5, ""VEU"": 2, ""VNQ"": 1.5, ""VTI"": 1, ""VWO"": 2}",0.03000000,tests/data/2026-08-24-net15,1-3-6-12U,,IEF,0.00380373,0.01320083,0.00381869,0.01320188,50510.71773401,40000.00000000,10510.71773401,0.26276794,0.06683047,0.07559743,0.59041802,0.12232496,0.80184413,0.33556208,-0.19915976,,2017,0.21264651,2018,-0.05407687,634909.62347922,53.48155361,2.24705647,0.00133704,,,0.11450114,0.00000000,0.88168017,0.00000000
ROT SPY top1 13612W can TIP/1 fb best(BIL+IEF),sens,sens_2015-01-05,2015-01-05,2020-01-03,false,true,"{""*"": 6, ""ACWX"": 3, ""AGG"": 1, ""BIL"": 1, ""BND"": 1.5, ""BTAL"": 6, ""DBC"": 3, ""DBMF"": 3, ""EEM"": 1, ""EFA"": 1, ""IEF"": 1, ""IWM"": 1, ""KMLM"": 6, ""LQD"": 1.5, ""QQQ"": 1, ""SCZ"": 5, ""SHY"": 1, ""SPY"": 0.7, ""TIP"": 2, ""TLT"": 1, ""TQQQ"": 1.5, ""VEA"": 1.5, ""VEU"": 2, ""VNQ"": 1.5, ""VTI"": 1, ""VWO"": 2}",0.03000000,tests/data/2026-08-24-net15,13612W,TIP/1,best(BIL+IEF),0.00299765,0.00866604,0.00303201,0.00866667,57239.69915252,40000.00000000,17239.69915252,0.43099248,0.10148226,0.11654007,1.28300028,0.07773764,1.81083115,1.23117144,-0.08242740,188,2019,0.15338040,2020,0.00170821,1318007.08932437,115.41749501,4.44906207,0.00288544,0.26175891,0.00000000,0.19615765,0.00000000,0.53905143,0.00000000
ROT SPY top1 13612W can TIP/1 fb IEF,sens,sens_2015-01-05,2015-01-05,2020-01-03,false,true,"{""*"": 6, ""ACWX"": 3, ""AGG"": 1, ""BIL"": 1, ""BND"": 1.5, ""BTAL"": 6, ""DBC"": 3, ""DBMF"": 3, ""EEM"": 1, ""EFA"": 1, ""IEF"": 1, ""IWM"": 1, ""KMLM"": 6, ""LQD"": 1.5, ""QQQ"": 1, ""SCZ"": 5, ""SHY"": 1, ""SPY"": 0.7, ""TIP"": 2, ""TLT"": 1, ""TQQQ"": 1.5, ""VEA"": 1.5, ""VEU"": 2, ""VNQ"": 1.5, ""VTI"": 1, ""VWO"": 2}",0.03000000,tests/data/2026-08-24-net15,13612W,TIP/1,IEF,0.00320370,0.01229153,0.00322855,0.01229255,57490.98968707,40000.00000000,17490.98968707,0.43727474,0.10551376,0.11798064,1.26185428,0.08222213,1.77559657,1.27901753,-0.08249594,189,2018,0.15564594,2020,0.00170180,1100801.36585558,93.69588785,3.70109611,0.00234240,,,0.45795887,0.00000000,0.53881258,0.00000000
ROT SPY top1 13612W fb best(BIL+IEF),sens,sens_2015-01-05,2015-01-05,2020-01-03,false,true,"{""*"": 6, ""ACWX"": 3, ""AGG"": 1, ""BIL"": 1, ""BND"": 1.5, ""BTAL"": 6, ""DBC"": 3, ""DBMF"": 3, ""EEM"": 1, ""EFA"": 1, ""IEF"": 1, ""IWM"": 1, ""KMLM"": 6, ""LQD"": 1.5, ""QQQ"": 1, ""SCZ"": 5, ""SHY"": 1, ""SPY"": 0.7, ""TIP"": 2, ""TLT"": 1, ""TQQQ"": 1.5, ""VEA"": 1.5, ""VEU"": 2, ""VNQ"": 1.5, ""VTI"": 1, ""VWO"": 2}",0.03000000,tests/data/2026-08-24-net15,13612W,,best(BIL+IEF),0.00374175,0.01521582,0.00376752,0.01521689,47443.27795543,40000.00000000,7443.27795543,0.18608195,0.03449989,0.05520875,0.34648106,0.11811915,0.46545547,0.16498478,-0.20910954,964,2017,0.21283012,2015,-0.11337244,891834.39301764,75.39578486,3.38072112,0.00188489,0.06547468,0.00000000,0.11456319,0.00000000,0.81619461,0.00000000
ROT SPY top1 13612W fb IEF,sens,sens_2015-01-05,2015-01-05,2020-01-03,false,true,"{""*"": 6, ""ACWX"": 3, ""AGG"": 1, ""BIL"": 1, ""BND"": 1.5, ""BTAL"": 6, ""DBC"": 3, ""DBMF"": 3, ""EEM"": 1, ""EFA"": 1, ""IEF"": 1, ""IWM"": 1, ""KMLM"": 6, ""LQD"": 1.5, ""QQQ"": 1, ""SCZ"": 5, ""SHY"": 1, ""SPY"": 0.7, ""TIP"": 2, ""TLT"": 1, ""TQQQ"": 1.5, ""VEA"": 1.5, ""VEU"": 2, ""VNQ"": 1.5, ""VTI"": 1, ""VWO"": 2}",0.03000000,tests/data/2026-08-24-net15,13612W,,IEF,0.00435200,0.01521582,0.00437777,0.01521689,46484.83146404,40000.00000000,6484.83146404,0.16212079,0.02803490,0.04858256,0.29210356,0.11898989,0.39171088,0.14082413,-0.19907738,,2017,0.21293241,2015,-0.10011460,877335.62616167,74.15928690,3.39279798,0.00185398,,,0.17995683,0.00000000,0.81566540,0.00000000
ROT SPY top1 12M can TIP/1 fb best(BIL+IEF),sens,sens_2015-01-05,2015-01-05,2020-01-03,false,true,"{""*"": 6, ""ACWX"": 3, ""AGG"": 1, ""BIL"": 1, ""BND"": 1.5, ""BTAL"": 6, ""DBC"": 3, ""DBMF"": 3, ""EEM"": 1, ""EFA"": 1, ""IEF"": 1, ""IWM"": 1, ""KMLM"": 6, ""LQD"": 1.5, ""QQQ"": 1, ""SCZ"": 5, ""SHY"": 1, ""SPY"": 0.7, ""TIP"": 2, ""TLT"": 1, ""TQQQ"": 1.5, ""VEA"": 1.5, ""VEU"": 2, ""VNQ"": 1.5, ""VTI"": 1, ""VWO"": 2}",0.03000000,tests/data/2026-08-24-net15,12M,TIP/1,best(BIL+IEF),0.00322745,0.01320083,0.00324684,0.01320188,59392.90056863,40000.00000000,19392.90056863,0.48482251,0.12148881,0.12869863,1.27637545,0.09330235,1.79030841,1.20984064,-0.10041720,180,2019,0.16804874,2020,0.00170657,916448.35426242,78.98218655,2.95890989,0.00197455,0.16373187,0.00000000,0.17985135,0.00000000,0.65316994,0.00000000
ROT SPY top1 12M can TIP/1 fb IEF,sens,sens_2015-01-05,2015-01-05,2020-01-03,false,true,"{""*"": 6, ""ACWX"": 3, ""AGG"": 1, ""BIL"": 1, ""BND"": 1.5, ""BTAL"": 6, ""DBC"": 3, ""DBMF"": 3, ""EEM"": 1, ""EFA"": 1, ""IEF"": 1, ""IWM"": 1, ""KMLM"": 6, ""LQD"": 1.5, ""QQQ"": 1, ""SCZ"": 5, ""SHY"": 1, ""SPY"": 0.7, ""TIP"": 2, ""TLT"": 1, ""TQQQ"": 1.5, ""VEA"": 1.5, ""VEU"": 2, ""VNQ"": 1.5, ""VTI"": 1, ""VWO"": 2}",0.03000000,tests/data/2026-08-24-net15,12M,TIP/1,IEF,0.00303109,0.01320083,0.00304886,0.01320188,62753.12298729,40000.00000000,22753.12298729,0.56882807,0.13647880,0.14688369,1.39786317,0.09480088,1.96613965,1.35368625,-0.10082011,137,2019,0.17448940,2020,0.00170477,842734.15171458,71.35611167,2.65132511,0.00178390,,,0.34353106,0.00000000,0.65342008,0.00000000
ROT SPY top1 12M fb best(BIL+IEF),sens,sens_2015-01-05,2015-01-05,2020-01-03,false,true,"{""*"": 6, ""ACWX"": 3, ""AGG"": 1, ""BIL"": 1, ""BND"": 1.5, ""BTAL"": 6, ""DBC"": 3, ""DBMF"": 3, ""EEM"": 1, ""EFA"": 1, ""IEF"": 1, ""IWM"": 1, ""KMLM"": 6, ""LQD"": 1.5, ""QQQ"": 1, ""SCZ"": 5, ""SHY"": 1, ""SPY"": 0.7, ""TIP"": 2, ""TLT"": 1, ""TQQQ"": 1.5, ""VEA"": 1.5, ""VEU"": 2, ""VNQ"": 1.5, ""VTI"": 1, ""VWO"": 2}",0.03000000,tests/data/2026-08-24-net15,12M,,best(BIL+IEF),0.00380835,0.01320083,0.00381943,0.01320188,50643.01049451,40000.00000000,10643.01049451,0.26607526,0.06176727,0.07645031,0.53344267,0.12773400,0.72706180,0.31756278,-0.19450412,459,2017,0.21267542,2015,-0.05889705,378486.15776012,32.77916293,1.36614733,0.00081948,0.01637961,0.00000000,0.06537267,0.00000000,0.91442829,0.00000000
ROT SPY top1 12M fb IEF,sens,sens_2015-01-05,2015-01-05,2020-01-03,false,true,"{""*"": 6, ""ACWX"": 3, ""AGG"": 1, ""BIL"": 1, ""BND"": 1.5, ""BTAL"": 6, ""DBC"": 3, ""DBMF"": 3, ""EEM"": 1, ""EFA"": 1, ""IEF"": 1, ""IWM"": 1, ""KMLM"": 6, ""LQD"": 1.5, ""QQQ"": 1, ""SCZ"": 5, ""SHY"": 1, ""SPY"": 0.7, ""TIP"": 2, ""TLT"": 1, ""TQQQ"": 1.5, ""VEA"": 1.5, ""VEU"": 2, ""VNQ"": 1.5, ""VTI"": 1, ""VWO"": 2}",0.03000000,tests/data/2026-08-24-net15,12M,,IEF,0.00362676,0.01320083,0.00363622,0.01320188,50877.16883021,40000.00000000,10877.16883021,0.27192922,0.06289008,0.07795479,0.54117872,0.12790184,0.73786147,0.32333547,-0.19450412,455,2017,0.21267542,2015,-0.05889705,303622.25794168,25.28530468,1.09448203,0.00063213,,,0.08176089,0.00000000,0.91460289,0.00000000
SPY60/IEF40,sens,sens_2015-01-05,2015-01-05,2020-01-03,true,true,"{""*"": 6, ""ACWX"": 3, ""AGG"": 1, ""BIL"": 1, ""BND"": 1.5, ""BTAL"": 6, ""DBC"": 3, ""DBMF"": 3, ""EEM"": 1, ""EFA"": 1, ""IEF"": 1, ""IWM"": 1, ""KMLM"": 6, ""LQD"": 1.5, ""QQQ"": 1, ""SCZ"": 5, ""SHY"": 1, ""SPY"": 0.7, ""TIP"": 2, ""TLT"": 1, ""TQQQ"": 1.5, ""VEA"": 1.5, ""VEU"": 2, ""VNQ"": 1.5, ""VTI"": 1, ""VWO"": 2}",0.03000000,tests/data/2026-08-24-net15,,,,0.00663079,0.02207616,0.00498646,0.01697325,52941.29522760,40000.00000000,12941.29522760,0.32353238,0.08150407,0.09094331,1.09965816,0.07376285,1.55963715,0.76319579,-0.10679314,196,2019,0.21342321,2018,-0.02319013,48747.61566515,4.15326328,0.17062263,0.00010383,,,0.39810030,0.39308378,0.59526721,0.58302675
SPY benchmark,sens,sens_2015-01-05,2015-01-05,2020-01-03,true,true,"{""*"": 6, ""ACWX"": 3, ""AGG"": 1, ""BIL"": 1, ""BND"": 1.5, ""BTAL"": 6, ""DBC"": 3, ""DBMF"": 3, ""EEM"": 1, ""EFA"": 1, ""IEF"": 1, ""IWM"": 1, ""KMLM"": 6, ""LQD"": 1.5, ""QQQ"": 1, ""SCZ"": 5, ""SHY"": 1, ""SPY"": 0.7, ""TIP"": 2, ""TLT"": 1, ""TQQQ"": 1.5, ""VEA"": 1.5, ""VEU"": 2, ""VNQ"": 1.5, ""VTI"": 1, ""VWO"": 2}",0.03000000,tests/data/2026-08-24-net15,,,,0.00382762,0.01320083,0.00382889,0.01320188,59441.27275406,40000.00000000,19441.27275406,0.48603182,0.11686189,0.12896707,0.89463541,0.13360211,1.24787435,0.60289987,-0.19383301,204,2019,0.30821065,2018,-0.04793330,39874.05988105,2.79118419,0.12963557,0.00006978,,,,,0.99617111,0.98679812
ROT SPY top1 1-3-6-12U can TIP/1 fb best(BIL+IEF),sens,sens_2015-07-06,2015-07-06,2020-07-02,false,true,"{""*"": 6, ""ACWX"": 3, ""AGG"": 1, ""BIL"": 1, ""BND"": 1.5, ""BTAL"": 6, ""DBC"": 3, ""DBMF"": 3, ""EEM"": 1, ""EFA"": 1, ""IEF"": 1, ""IWM"": 1, ""KMLM"": 6, ""LQD"": 1.5, ""QQQ"": 1, ""SCZ"": 5, ""SHY"": 1, ""SPY"": 0.7, ""TIP"": 2, ""TLT"": 1, ""TQQQ"": 1.5, ""VEA"": 1.5, ""VEU"": 2, ""VNQ"": 1.5, ""VTI"": 1, ""VWO"": 2}",0.03000000,tests/data/2026-08-24-net15,1-3-6-12U,TIP/1,best(BIL+IEF),0.00334009,0.00895699,0.00336813,0.00895775,57449.21798606,40000.00000000,17449.21798606,0.43623045,0.11316933,0.11789281,1.06396800,0.10608948,1.41795932,0.84294924,-0.13425403,107,2019,0.15357205,2015,-0.00038555,1247212.26470644,107.54986202,4.03805370,0.00268875,0.18011013,0.00000000,0.19623066,0.00000000,0.62029108,0.00000000
ROT SPY top1 1-3-6-12U can TIP/1 fb IEF,sens,sens_2015-07-06,2015-07-06,2020-07-02,false,true,"{""*"": 6, ""ACWX"": 3, ""AGG"": 1, ""BIL"": 1, ""BND"": 1.5, ""BTAL"": 6, ""DBC"": 3, ""DBMF"": 3, ""EEM"": 1, ""EFA"": 1, ""IEF"": 1, ""IWM"": 1, ""KMLM"": 6, ""LQD"": 1.5, ""QQQ"": 1, ""SCZ"": 5, ""SHY"": 1, ""SPY"": 0.7, ""TIP"": 2, ""TLT"": 1, ""TQQQ"": 1.5, ""VEA"": 1.5, ""VEU"": 2, ""VNQ"": 1.5, ""VTI"": 1, ""VWO"": 2}",0.03000000,tests/data/2026-08-24-net15,1-3-6-12U,TIP/1,IEF,0.00288537,0.01076401,0.00291026,0.01076481,60516.71973314,40000.00000000,20516.71973314,0.51291799,0.12993289,0.13505602,1.18768235,0.10777944,1.58772125,0.96773688,-0.13426469,107,2018,0.17028038,2015,0.00966750,1189881.31503394,101.18447603,3.71727471,0.00252961,,,0.37625390,0.00000000,0.62083584,0.00000000
ROT SPY top1 1-3-6-12U fb best(BIL+IEF),sens,sens_2015-07-06,2015-07-06,2020-07-02,false,true,"{""*"": 6, ""ACWX"": 3, ""AGG"": 1, ""BIL"": 1, ""BND"": 1.5, ""BTAL"": 6, ""DBC"": 3, ""DBMF"": 3, ""EEM"": 1, ""EFA"": 1, ""IEF"": 1, ""IWM"": 1, ""KMLM"": 6, ""LQD"": 1.5, ""QQQ"": 1, ""SCZ"": 5, ""SHY"": 1, ""SPY"": 0.7, ""TIP"": 2, ""TLT"": 1, ""TQQQ"": 1.5, ""VEA"": 1.5, ""VEU"": 2, ""VNQ"": 1.5, ""VTI"": 1, ""VWO"": 2}",0.03000000,tests/data/2026-08-24-net15,1-3-6-12U,,best(BIL+IEF),0.00427464,0.01432841,0.00429230,0.01441068,50173.24344929,40000.00000000,10173.24344929,0.25433109,0.06395664,0.07350804,0.53427120,0.13254083,0.70938676,0.30777095,-0.20780596,483,2017,0.21231000,2018,-0.06431603,732122.98495690,61.77826991,2.59528636,0.00154446,0.01638012,0.00000000,0.13080459,0.00000000,0.84852299,0.00000000
ROT SPY top1 1-3-6-12U fb IEF,sens,sens_2015-07-06,2015-07-06,2020-07-02,false,true,"{""*"": 6, ""ACWX"": 3, ""AGG"": 1, ""BIL"": 1, ""BND"": 1.5, ""BTAL"": 6, ""DBC"": 3, ""DBMF"": 3, ""EEM"": 1, ""EFA"": 1, ""IEF"": 1, ""IWM"": 1, ""KMLM"": 6, ""LQD"": 1.5, ""QQQ"": 1, ""SCZ"": 5, ""SHY"": 1, ""SPY"": 0.7, ""TIP"": 2, ""TLT"": 1, ""TQQQ"": 1.5, ""VEA"": 1.5, ""VEU"": 2, ""VNQ"": 1.5, ""VTI"": 1, ""VWO"": 2}",0.03000000,tests/data/2026-08-24-net15,1-3-6-12U,,IEF,0.00417153,0.01432841,0.00418919,0.01441068,50625.64958168,40000.00000000,10625.64958168,0.26564124,0.06640480,0.07643803,0.55120450,0.13267061,0.73193787,0.33338405,-0.19918409,480,2017,0.21231000,2018,-0.05396165,737703.82991908,62.25303336,2.60301544,0.00155633,,,0.14720066,0.00000000,0.84861015,0.00000000
ROT SPY top1 13612W can TIP/1 fb best(BIL+IEF),sens,sens_2015-07-06,2015-07-06,2020-07-02,false,true,"{""*"": 6, ""ACWX"": 3, ""AGG"": 1, ""BIL"": 1, ""BND"": 1.5, ""BTAL"": 6, ""DBC"": 3, ""DBMF"": 3, ""EEM"": 1, ""EFA"": 1, ""IEF"": 1, ""IWM"": 1, ""KMLM"": 6, ""LQD"": 1.5, ""QQQ"": 1, ""SCZ"": 5, ""SHY"": 1, ""SPY"": 0.7, ""TIP"": 2, ""TLT"": 1, ""TQQQ"": 1.5, ""VEA"": 1.5, ""VEU"": 2, ""VNQ"": 1.5, ""VTI"": 1, ""VWO"": 2}",0.03000000,tests/data/2026-08-24-net15,13612W,TIP/1,best(BIL+IEF),0.00305841,0.01104777,0.00308964,0.01104857,57014.23450327,40000.00000000,17014.23450327,0.42535586,0.10560048,0.11539069,1.07940396,0.09742674,1.44748638,0.78504499,-0.13451520,107,2019,0.15337788,2015,0.00421322,1282954.11262792,111.32340670,4.23272097,0.00278309,0.24551897,0.00000000,0.17990147,0.00000000,0.57148992,0.00000000
ROT SPY top1 13612W can TIP/1 fb IEF,sens,sens_2015-07-06,2015-07-06,2020-07-02,false,true,"{""*"": 6, ""ACWX"": 3, ""AGG"": 1, ""BIL"": 1, ""BND"": 1.5, ""BTAL"": 6, ""DBC"": 3, ""DBMF"": 3, ""EEM"": 1, ""EFA"": 1, ""IEF"": 1, ""IWM"": 1, ""KMLM"": 6, ""LQD"": 1.5, ""QQQ"": 1, ""SCZ"": 5, ""SHY"": 1, ""SPY"": 0.7, ""TIP"": 2, ""TLT"": 1, ""TQQQ"": 1.5, ""VEA"": 1.5, ""VEU"": 2, ""VNQ"": 1.5, ""VTI"": 1, ""VWO"": 2}",0.03000000,tests/data/2026-08-24-net15,13612W,TIP/1,IEF,0.00286486,0.01076401,0.00288976,0.01076481,57013.62579733,40000.00000000,17013.62579733,0.42534064,0.10681540,0.11538717,1.05995634,0.10054177,1.42266225,0.79406805,-0.13451668,107,2018,0.15576832,2015,0.00966750,1133139.46659442,96.40755319,3.74724524,0.00241019,,,0.42527024,0.00000000,0.57184000,0.00000000
ROT SPY top1 13612W fb best(BIL+IEF),sens,sens_2015-07-06,2015-07-06,2020-07-02,false,true,"{""*"": 6, ""ACWX"": 3, ""AGG"": 1, ""BIL"": 1, ""BND"": 1.5, ""BTAL"": 6, ""DBC"": 3, ""DBMF"": 3, ""EEM"": 1, ""EFA"": 1, ""IEF"": 1, ""IWM"": 1, ""KMLM"": 6, ""LQD"": 1.5, ""QQQ"": 1, ""SCZ"": 5, ""SHY"": 1, ""SPY"": 0.7, ""TIP"": 2, ""TLT"": 1, ""TQQQ"": 1.5, ""VEA"": 1.5, ""VEU"": 2, ""VNQ"": 1.5, ""VTI"": 1, ""VWO"": 2}",0.03000000,tests/data/2026-08-24-net15,13612W,,best(BIL+IEF),0.00395157,0.01497630,0.00397625,0.01505852,48889.37248408,40000.00000000,8889.37248408,0.22223431,0.05143795,0.06505580,0.45282435,0.12930565,0.59823421,0.24787736,-0.20751371,483,2017,0.21264475,2018,-0.06852720,921251.03958213,78.19335633,3.36562340,0.00195483,0.06545874,0.00000000,0.13082334,0.00000000,0.79974167,0.00000000
ROT SPY top1 13612W fb IEF,sens,sens_2015-07-06,2015-07-06,2020-07-02,false,true,"{""*"": 6, ""ACWX"": 3, ""AGG"": 1, ""BIL"": 1, ""BND"": 1.5, ""BTAL"": 6, ""DBC"": 3, ""DBMF"": 3, ""EEM"": 1, ""EFA"": 1, ""IEF"": 1, ""IWM"": 1, ""KMLM"": 6, ""LQD"": 1.5, ""QQQ"": 1, ""SCZ"": 5, ""SHY"": 1, ""SPY"": 0.7, ""TIP"": 2, ""TLT"": 1, ""TQQQ"": 1.5, ""VEA"": 1.5, ""VEU"": 2, ""VNQ"": 1.5, ""VTI"": 1, ""VWO"": 2}",0.03000000,tests/data/2026-08-24-net15,13612W,,IEF,0.00395477,0.01269113,0.00397945,0.01277313,47968.44831797,40000.00000000,7968.44831797,0.19921121,0.04396573,0.05886320,0.39622738,0.13000427,0.52281033,0.22097261,-0.19896461,480,2017,0.21261506,2018,-0.07132548,902983.17864617,76.63189887,3.37389047,0.00191580,,,0.19614623,0.00000000,0.79987432,0.00000000
ROT SPY top1 12M can TIP/1 fb best(BIL+IEF),sens,sens_2015-07-06,2015-07-06,2020-07-02,false,true,"{""*"": 6, ""ACWX"": 3, ""AGG"": 1, ""BIL"": 1, ""BND"": 1.5, ""BTAL"": 6, ""DBC"": 3, ""DBMF"": 3, ""EEM"": 1, ""EFA"": 1, ""IEF"": 1, ""IWM"": 1, ""KMLM"": 6, ""LQD"": 1.5, ""QQQ"": 1, ""SCZ"": 5, ""SHY"": 1, ""SPY"": 0.7, ""TIP"": 2, ""TLT"": 1, ""TQQQ"": 1.5, ""VEA"": 1.5, ""VEU"": 2, ""VNQ"": 1.5, ""VTI"": 1, ""VWO"": 2}",0.03000000,tests/data/2026-08-24-net15,12M,TIP/1,best(BIL+IEF),0.00288800,0.01076401,0.00290903,0.01076481,49576.42870606,40000.00000000,9576.42870606,0.23941072,0.08235351,0.06960460,0.58647712,0.15585225,0.78076689,0.24432649,-0.33706338,,2019,0.16825111,2020,-0.12951780,960557.16001190,82.85523157,3.13133826,0.00207138,0.16371142,0.00000000,0.17980155,0.00000000,0.65357800,0.00000000
ROT SPY top1 12M can TIP/1 fb IEF,sens,sens_2015-07-06,2015-07-06,2020-07-02,false,true,"{""*"": 6, ""ACWX"": 3, ""AGG"": 1, ""BIL"": 1, ""BND"": 1.5, ""BTAL"": 6, ""DBC"": 3, ""DBMF"": 3, ""EEM"": 1, ""EFA"": 1, ""IEF"": 1, ""IWM"": 1, ""KMLM"": 6, ""LQD"": 1.5, ""QQQ"": 1, ""SCZ"": 5, ""SHY"": 1, ""SPY"": 0.7, ""TIP"": 2, ""TLT"": 1, ""TQQQ"": 1.5, ""VEA"": 1.5, ""VEU"": 2, ""VNQ"": 1.5, ""VTI"": 1, ""VWO"": 2}",0.03000000,tests/data/2026-08-24-net15,12M,TIP/1,IEF,0.00325357,0.01076401,0.00327296,0.01076481,52097.49046187,40000.00000000,12097.49046187,0.30243726,0.09656317,0.08580326,0.66679255,0.15688779,0.88903037,0.28613835,-0.33747020,,2019,0.17400197,2020,-0.12972127,902790.76482182,76.75108855,2.85377026,0.00191878,,,0.34345868,0.00000000,0.65326836,0.00000000
ROT SPY top1 12M fb best(BIL+IEF),sens,sens_2015-07-06,2015-07-06,2020-07-02,false,true,"{""*"": 6, ""ACWX"": 3, ""AGG"": 1, ""BIL"": 1, ""BND"": 1.5, ""BTAL"": 6, ""DBC"": 3, ""DBMF"": 3, ""EEM"": 1, ""EFA"": 1, ""IEF"": 1, ""IWM"": 1, ""KMLM"": 6, ""LQD"": 1.5, ""QQQ"": 1, ""SCZ"": 5, ""SHY"": 1, ""SPY"": 0.7, ""TIP"": 2, ""TLT"": 1, ""TQQQ"": 1.5, ""VEA"": 1.5, ""VEU"": 2, ""VNQ"": 1.5, ""VTI"": 1, ""VWO"": 2}",0.03000000,tests/data/2026-08-24-net15,12M,,best(BIL+IEF),0.00416489,0.00954732,0.00417867,0.00954820,43247.34651344,40000.00000000,3247.34651344,0.08118366,0.02581537,0.02523288,0.23289826,0.17792499,0.30964445,0.07668909,-0.33662380,,2017,0.21269509,2020,-0.12920726,484940.47756888,41.73944544,1.76468252,0.00104349,0.01638273,0.00000000,0.08179667,0.00000000,0.89764193,0.00000000
ROT SPY top1 12M fb IEF,sens,sens_2015-07-06,2015-07-06,2020-07-02,false,true,"{""*"": 6, ""ACWX"": 3, ""AGG"": 1, ""BIL"": 1, ""BND"": 1.5, ""BTAL"": 6, ""DBC"": 3, ""DBMF"": 3, ""EEM"": 1, ""EFA"": 1, ""IEF"": 1, ""IWM"": 1, ""KMLM"": 6, ""LQD"": 1.5, ""QQQ"": 1, ""SCZ"": 5, ""SHY"": 1, ""SPY"": 0.7, ""TIP"": 2, ""TLT"": 1, ""TQQQ"": 1.5, ""VEA"": 1.5, ""VEU"": 2, ""VNQ"": 1.5, ""VTI"": 1, ""VWO"": 2}",0.03000000,tests/data/2026-08-24-net15,12M,,IEF,0.00401732,0.00954732,0.00402949,0.00954820,43422.43379939,40000.00000000,3422.43379939,0.08556084,0.02685553,0.02654120,0.23850470,0.17819534,0.31717325,0.07978397,-0.33660309,,2017,0.21269509,2020,-0.12919604,418289.83688521,35.05150542,1.51938773,0.00087629,,,0.09815957,0.00000000,0.89781095,0.00000000
SPY60/IEF40,sens,sens_2015-07-06,2015-07-06,2020-07-02,true,true,"{""*"": 6, ""ACWX"": 3, ""AGG"": 1, ""BIL"": 1, ""BND"": 1.5, ""BTAL"": 6, ""DBC"": 3, ""DBMF"": 3, ""EEM"": 1, ""EFA"": 1, ""IEF"": 1, ""IWM"": 1, ""KMLM"": 6, ""LQD"": 1.5, ""QQQ"": 1, ""SCZ"": 5, ""SHY"": 1, ""SPY"": 0.7, ""TIP"": 2, ""TLT"": 1, ""TQQQ"": 1.5, ""VEA"": 1.5, ""VEU"": 2, ""VNQ"": 1.5, ""VTI"": 1, ""VWO"": 2}",0.03000000,tests/data/2026-08-24-net15,,,,0.00568257,0.01545842,0.00423791,0.01549123,52989.70697103,40000.00000000,12989.70697103,0.32474267,0.08441991,0.09136051,0.83985782,0.10280652,1.15366943,0.44673233,-0.18897201,110,2019,0.21333890,2018,-0.02281556,55042.33585452,4.68838367,0.19025863,0.00011721,,,0.39829796,0.39444686,0.59601769,0.58450877
SPY benchmark,sens,sens_2015-07-06,2015-07-06,2020-07-02,true,true,"{""*"": 6, ""ACWX"": 3, ""AGG"": 1, ""BIL"": 1, ""BND"": 1.5, ""BTAL"": 6, ""DBC"": 3, ""DBMF"": 3, ""EEM"": 1, ""EFA"": 1, ""IEF"": 1, ""IWM"": 1, ""KMLM"": 6, ""LQD"": 1.5, ""QQQ"": 1, ""SCZ"": 5, ""SHY"": 1, ""SPY"": 0.7, ""TIP"": 2, ""TLT"": 1, ""TQQQ"": 1.5, ""VEA"": 1.5, ""VEU"": 2, ""VNQ"": 1.5, ""VTI"": 1, ""VWO"": 2}",0.03000000,tests/data/2026-08-24-net15,,,,0.00415058,0.01469591,0.00415184,0.01469694,55750.26941665,40000.00000000,15750.26941665,0.39375674,0.10444333,0.10801829,0.61870231,0.18987379,0.84786384,0.30942092,-0.33754451,,2019,0.30794819,2018,-0.04791782,39865.36701110,2.79057569,0.12904449,0.00006976,,,,,0.99584816,0.98530306
ROT SPY top1 1-3-6-12U can TIP/1 fb best(BIL+IEF),sens,sens_2016-01-04,2016-01-04,2020-12-31,false,true,"{""*"": 6, ""ACWX"": 3, ""AGG"": 1, ""BIL"": 1, ""BND"": 1.5, ""BTAL"": 6, ""DBC"": 3, ""DBMF"": 3, ""EEM"": 1, ""EFA"": 1, ""IEF"": 1, ""IWM"": 1, ""KMLM"": 6, ""LQD"": 1.5, ""QQQ"": 1, ""SCZ"": 5, ""SHY"": 1, ""SPY"": 0.7, ""TIP"": 2, ""TLT"": 1, ""TQQQ"": 1.5, ""VEA"": 1.5, ""VEU"": 2, ""VNQ"": 1.5, ""VTI"": 1, ""VWO"": 2}",0.03000000,tests/data/2026-08-24-net15,1-3-6-12U,TIP/1,best(BIL+IEF),0.00356537,0.01246632,0.00359215,0.01254877,65832.16810451,39500.00000000,26332.16810451,0.66663717,0.15489399,0.16556692,1.29036869,0.11694201,1.74469430,1.15531489,-0.13407080,107,2020,0.24472138,2018,0.11250651,1082866.95599304,93.06831311,3.37967935,0.00235616,0.16648231,0.00000000,0.11637350,0.00000000,0.71355205,0.00000000
ROT SPY top1 1-3-6-12U can TIP/1 fb IEF,sens,sens_2016-01-04,2016-01-04,2020-12-31,false,true,"{""*"": 6, ""ACWX"": 3, ""AGG"": 1, ""BIL"": 1, ""BND"": 1.5, ""BTAL"": 6, ""DBC"": 3, ""DBMF"": 3, ""EEM"": 1, ""EFA"": 1, ""IEF"": 1, ""IWM"": 1, ""KMLM"": 6, ""LQD"": 1.5, ""QQQ"": 1, ""SCZ"": 5, ""SHY"": 1, ""SPY"": 0.7, ""TIP"": 2, ""TLT"": 1, ""TQQQ"": 1.5, ""VEA"": 1.5, ""VEU"": 2, ""VNQ"": 1.5, ""VTI"": 1, ""VWO"": 2}",0.03000000,tests/data/2026-08-24-net15,1-3-6-12U,TIP/1,IEF,0.00406628,0.01246632,0.00409141,0.01254877,68824.01496463,39500.00000000,29324.01496463,0.74238013,0.16964265,0.18029589,1.38527368,0.11820161,1.87626677,1.26629237,-0.13396799,107,2020,0.24422368,2016,0.12555213,1043256.86296448,88.65249141,3.14492596,0.00224437,,,0.28273837,0.00000000,0.71317022,0.00000000
ROT SPY top1 1-3-6-12U fb best(BIL+IEF),sens,sens_2016-01-04,2016-01-04,2020-12-31,false,true,"{""*"": 6, ""ACWX"": 3, ""AGG"": 1, ""BIL"": 1, ""BND"": 1.5, ""BTAL"": 6, ""DBC"": 3, ""DBMF"": 3, ""EEM"": 1, ""EFA"": 1, ""IEF"": 1, ""IWM"": 1, ""KMLM"": 6, ""LQD"": 1.5, ""QQQ"": 1, ""SCZ"": 5, ""SHY"": 1, ""SPY"": 0.7, ""TIP"": 2, ""TLT"": 1, ""TQQQ"": 1.5, ""VEA"": 1.5, ""VEU"": 2, ""VNQ"": 1.5, ""VTI"": 1, ""VWO"": 2}",0.03000000,tests/data/2026-08-24-net15,1-3-6-12U,,best(BIL+IEF),0.00443723,0.01423768,0.00445237,0.01423874,59270.09642515,39500.00000000,19770.09642515,0.50050877,0.11894324,0.13100538,0.90600106,0.13400334,1.21622744,0.57273920,-0.20767434,483,2020,0.24444720,2018,-0.06456530,633418.34835106,53.36870518,2.11839704,0.00135111,0.01662927,0.00000000,0.09975864,0.00000000,0.87915971,0.00000000
ROT SPY top1 1-3-6-12U fb IEF,sens,sens_2016-01-04,2016-01-04,2020-12-31,false,true,"{""*"": 6, ""ACWX"": 3, ""AGG"": 1, ""BIL"": 1, ""BND"": 1.5, ""BTAL"": 6, ""DBC"": 3, ""DBMF"": 3, ""EEM"": 1, ""EFA"": 1, ""IEF"": 1, ""IWM"": 1, ""KMLM"": 6, ""LQD"": 1.5, ""QQQ"": 1, ""SCZ"": 5, ""SHY"": 1, ""SPY"": 0.7, ""TIP"": 2, ""TLT"": 1, ""TQQQ"": 1.5, ""VEA"": 1.5, ""VEU"": 2, ""VNQ"": 1.5, ""VTI"": 1, ""VWO"": 2}",0.03000000,tests/data/2026-08-24-net15,1-3-6-12U,,IEF,0.00474802,0.01423768,0.00476317,0.01423874,59751.01419587,39500.00000000,20251.01419587,0.51268390,0.12144841,0.13365399,0.92290872,0.13396708,1.23887707,0.61277785,-0.19819321,476,2020,0.24389956,2018,-0.05362124,638846.84452914,53.83138196,2.12489351,0.00136282,,,0.11645821,0.00000000,0.87877862,0.00000000
ROT SPY top1 13612W can TIP/1 fb best(BIL+IEF),sens,sens_2016-01-04,2016-01-04,2020-12-31,false,true,"{""*"": 6, ""ACWX"": 3, ""AGG"": 1, ""BIL"": 1, ""BND"": 1.5, ""BTAL"": 6, ""DBC"": 3, ""DBMF"": 3, ""EEM"": 1, ""EFA"": 1, ""IEF"": 1, ""IWM"": 1, ""KMLM"": 6, ""LQD"": 1.5, ""QQQ"": 1, ""SCZ"": 5, ""SHY"": 1, ""SPY"": 0.7, ""TIP"": 2, ""TLT"": 1, ""TQQQ"": 1.5, ""VEA"": 1.5, ""VEU"": 2, ""VNQ"": 1.5, ""VTI"": 1, ""VWO"": 2}",0.03000000,tests/data/2026-08-24-net15,13612W,TIP/1,best(BIL+IEF),0.00334610,0.01436610,0.00337448,0.01436713,65534.13506251,39500.00000000,26034.13506251,0.65909203,0.14699972,0.16406665,1.30796225,0.10947062,1.78138014,1.09764051,-0.13392337,107,2020,0.24467045,2016,0.05634459,1092862.30942964,94.21236549,3.46047174,0.00238512,0.21630068,0.00000000,0.11644451,0.00000000,0.66388034,0.00000000
ROT SPY top1 13612W can TIP/1 fb IEF,sens,sens_2016-01-04,2016-01-04,2020-12-31,false,true,"{""*"": 6, ""ACWX"": 3, ""AGG"": 1, ""BIL"": 1, ""BND"": 1.5, ""BTAL"": 6, ""DBC"": 3, ""DBMF"": 3, ""EEM"": 1, ""EFA"": 1, ""IEF"": 1, ""IWM"": 1, ""KMLM"": 6, ""LQD"": 1.5, ""QQQ"": 1, ""SCZ"": 5, ""SHY"": 1, ""SPY"": 0.7, ""TIP"": 2, ""TLT"": 1, ""TQQQ"": 1.5, ""VEA"": 1.5, ""VEU"": 2, ""VNQ"": 1.5, ""VTI"": 1, ""VWO"": 2}",0.03000000,tests/data/2026-08-24-net15,13612W,TIP/1,IEF,0.00378706,0.01246632,0.00381220,0.01254877,65275.58981256,39500.00000000,25775.58981256,0.65254658,0.14567414,0.16276014,1.27391263,0.11168057,1.73461200,1.08434108,-0.13434346,107,2020,0.24383285,2016,0.03979445,997476.21386999,84.79850839,3.17983296,0.00214680,,,0.33266996,0.00000000,0.66351784,0.00000000
ROT SPY top1 13612W fb best(BIL+IEF),sens,sens_2016-01-04,2016-01-04,2020-12-31,false,true,"{""*"": 6, ""ACWX"": 3, ""AGG"": 1, ""BIL"": 1, ""BND"": 1.5, ""BTAL"": 6, ""DBC"": 3, ""DBMF"": 3, ""EEM"": 1, ""EFA"": 1, ""IEF"": 1, ""IWM"": 1, ""KMLM"": 6, ""LQD"": 1.5, ""QQQ"": 1, ""SCZ"": 5, ""SHY"": 1, ""SPY"": 0.7, ""TIP"": 2, ""TLT"": 1, ""TQQQ"": 1.5, ""VEA"": 1.5, ""VEU"": 2, ""VNQ"": 1.5, ""VTI"": 1, ""VWO"": 2}",0.03000000,tests/data/2026-08-24-net15,13612W,,best(BIL+IEF),0.00380521,0.01423768,0.00382588,0.01423874,58168.52718184,39500.00000000,18668.52718184,0.47262094,0.10984382,0.12486368,0.85794049,0.13162150,1.14807799,0.52990993,-0.20728771,483,2020,0.24357857,2018,-0.06838337,790642.84031852,66.76897185,2.70331695,0.00169035,0.04991192,0.00000000,0.09978791,0.00000000,0.84647428,0.00000000
ROT SPY top1 13612W fb IEF,sens,sens_2016-01-04,2016-01-04,2020-12-31,false,true,"{""*"": 6, ""ACWX"": 3, ""AGG"": 1, ""BIL"": 1, ""BND"": 1.5, ""BTAL"": 6, ""DBC"": 3, ""DBMF"": 3, ""EEM"": 1, ""EFA"": 1, ""IEF"": 1, ""IWM"": 1, ""KMLM"": 6, ""LQD"": 1.5, ""QQQ"": 1, ""SCZ"": 5, ""SHY"": 1, ""SPY"": 0.7, ""TIP"": 2, ""TLT"": 1, ""TQQQ"": 1.5, ""VEA"": 1.5, ""VEU"": 2, ""VNQ"": 1.5, ""VTI"": 1, ""VWO"": 2}",0.03000000,tests/data/2026-08-24-net15,13612W,,IEF,0.00425923,0.01423768,0.00427990,0.01423874,57082.64565960,39500.00000000,17582.64565960,0.44513027,0.09983184,0.11870419,0.78650808,0.13213777,1.05112120,0.50264477,-0.19861310,480,2020,0.24487615,2018,-0.07118591,771349.02314992,65.12782882,2.70451821,0.00164881,,,0.14962620,0.00000000,0.84609390,0.00000000
ROT SPY top1 12M can TIP/1 fb best(BIL+IEF),sens,sens_2016-01-04,2016-01-04,2020-12-31,false,true,"{""*"": 6, ""ACWX"": 3, ""AGG"": 1, ""BIL"": 1, ""BND"": 1.5, ""BTAL"": 6, ""DBC"": 3, ""DBMF"": 3, ""EEM"": 1, ""EFA"": 1, ""IEF"": 1, ""IWM"": 1, ""KMLM"": 6, ""LQD"": 1.5, ""QQQ"": 1, ""SCZ"": 5, ""SHY"": 1, ""SPY"": 0.7, ""TIP"": 2, ""TLT"": 1, ""TQQQ"": 1.5, ""VEA"": 1.5, ""VEU"": 2, ""VNQ"": 1.5, ""VTI"": 1, ""VWO"": 2}",0.03000000,tests/data/2026-08-24-net15,12M,TIP/1,best(BIL+IEF),0.00349411,0.01246632,0.00351536,0.01254877,56990.46176604,39500.00000000,17490.46176604,0.44279650,0.12049237,0.11817635,0.77968289,0.16315563,1.04561432,0.35801059,-0.33656092,,2019,0.16793282,2020,0.04957288,844189.13114235,72.76146794,2.73255090,0.00184206,0.16646672,0.00000000,0.08312516,0.00000000,0.74689276,0.00000000
ROT SPY top1 12M can TIP/1 fb IEF,sens,sens_2016-01-04,2016-01-04,2020-12-31,false,true,"{""*"": 6, ""ACWX"": 3, ""AGG"": 1, ""BIL"": 1, ""BND"": 1.5, ""BTAL"": 6, ""DBC"": 3, ""DBMF"": 3, ""EEM"": 1, ""EFA"": 1, ""IEF"": 1, ""IWM"": 1, ""KMLM"": 6, ""LQD"": 1.5, ""QQQ"": 1, ""SCZ"": 5, ""SHY"": 1, ""SPY"": 0.7, ""TIP"": 2, ""TLT"": 1, ""TQQQ"": 1.5, ""VEA"": 1.5, ""VEU"": 2, ""VNQ"": 1.5, ""VTI"": 1, ""VWO"": 2}",0.03000000,tests/data/2026-08-24-net15,12M,TIP/1,IEF,0.00330433,0.01246632,0.00332393,0.01254877,59678.62365300,39500.00000000,20178.62365300,0.51085123,0.13531233,0.13325655,0.85571838,0.16422350,1.14903242,0.40126784,-0.33721199,,2019,0.17414124,2020,0.04911776,793848.47163348,67.39950469,2.48204203,0.00170632,,,0.24951253,0.00000000,0.74716354,0.00000000
ROT SPY top1 12M fb best(BIL+IEF),sens,sens_2016-01-04,2016-01-04,2020-12-31,false,true,"{""*"": 6, ""ACWX"": 3, ""AGG"": 1, ""BIL"": 1, ""BND"": 1.5, ""BTAL"": 6, ""DBC"": 3, ""DBMF"": 3, ""EEM"": 1, ""EFA"": 1, ""IEF"": 1, ""IWM"": 1, ""KMLM"": 6, ""LQD"": 1.5, ""QQQ"": 1, ""SCZ"": 5, ""SHY"": 1, ""SPY"": 0.7, ""TIP"": 2, ""TLT"": 1, ""TQQQ"": 1.5, ""VEA"": 1.5, ""VEU"": 2, ""VNQ"": 1.5, ""VTI"": 1, ""VWO"": 2}",0.03000000,tests/data/2026-08-24-net15,12M,,best(BIL+IEF),0.00480128,0.01423768,0.00481248,0.01423874,52123.01485750,39500.00000000,12623.01485750,0.31957000,0.08809516,0.08912404,0.56662397,0.17680993,0.75894615,0.26228005,-0.33588204,,2017,0.21265618,2018,-0.04832156,412975.30579690,35.54613933,1.42296034,0.00089990,0.01664470,0.00000000,0.06648662,0.00000000,0.91205620,0.00000000
ROT SPY top1 12M fb IEF,sens,sens_2016-01-04,2016-01-04,2020-12-31,false,true,"{""*"": 6, ""ACWX"": 3, ""AGG"": 1, ""BIL"": 1, ""BND"": 1.5, ""BTAL"": 6, ""DBC"": 3, ""DBMF"": 3, ""EEM"": 1, ""EFA"": 1, ""IEF"": 1, ""IWM"": 1, ""KMLM"": 6, ""LQD"": 1.5, ""QQQ"": 1, ""SCZ"": 5, ""SHY"": 1, ""SPY"": 0.7, ""TIP"": 2, ""TLT"": 1, ""TQQQ"": 1.5, ""VEA"": 1.5, ""VEU"": 2, ""VNQ"": 1.5, ""VTI"": 1, ""VWO"": 2}",0.03000000,tests/data/2026-08-24-net15,12M,,IEF,0.00473199,0.01423768,0.00474156,0.01423874,52258.82991588,39500.00000000,12758.82991588,0.32300835,0.08892156,0.08996806,0.57001258,0.17722023,0.76352056,0.26408698,-0.33671316,,2017,0.21265618,2018,-0.04832153,350686.33552037,29.30227458,1.20593242,0.00074183,,,0.08313328,0.00000000,0.91212516,0.00000000
SPY60/IEF40,sens,sens_2016-01-04,2016-01-04,2020-12-31,true,true,"{""*"": 6, ""ACWX"": 3, ""AGG"": 1, ""BIL"": 1, ""BND"": 1.5, ""BTAL"": 6, ""DBC"": 3, ""DBMF"": 3, ""EEM"": 1, ""EFA"": 1, ""IEF"": 1, ""IWM"": 1, ""KMLM"": 6, ""LQD"": 1.5, ""QQQ"": 1, ""SCZ"": 5, ""SHY"": 1, ""SPY"": 0.7, ""TIP"": 2, ""TLT"": 1, ""TQQQ"": 1.5, ""VEA"": 1.5, ""VEU"": 2, ""VNQ"": 1.5, ""VTI"": 1, ""VWO"": 2}",0.03000000,tests/data/2026-08-24-net15,,,,0.00689841,0.02028409,0.00537343,0.01410529,56836.83169076,39500.00000000,17336.83169076,0.43890713,0.10942899,0.11729493,1.06759633,0.10217576,1.47253323,0.58319466,-0.18763716,110,2019,0.21362318,2018,-0.02315415,56413.06296406,4.81115927,0.18912580,0.00012180,,,0.39826262,0.39272810,0.59483715,0.58589471
SPY benchmark,sens,sens_2016-01-04,2016-01-04,2020-12-31,true,true,"{""*"": 6, ""ACWX"": 3, ""AGG"": 1, ""BIL"": 1, ""BND"": 1.5, ""BTAL"": 6, ""DBC"": 3, ""DBMF"": 3, ""EEM"": 1, ""EFA"": 1, ""IEF"": 1, ""IWM"": 1, ""KMLM"": 6, ""LQD"": 1.5, ""QQQ"": 1, ""SCZ"": 5, ""SHY"": 1, ""SPY"": 0.7, ""TIP"": 2, ""TLT"": 1, ""TQQQ"": 1.5, ""VEA"": 1.5, ""VEU"": 2, ""VNQ"": 1.5, ""VTI"": 1, ""VWO"": 2}",0.03000000,tests/data/2026-08-24-net15,,,,0.00438019,0.01116430,0.00438144,0.01116527,64313.55190754,39500.00000000,24813.55190754,0.62819119,0.15077401,0.15785704,0.84098770,0.18818934,1.15589326,0.44653035,-0.33765679,173,2019,0.30809701,2018,-0.04781253,39443.59218216,2.76105145,0.12267662,0.00006990,,,,,0.99561856,0.98883473
ROT SPY top1 1-3-6-12U can TIP/1 fb best(BIL+IEF),sens,sens_2016-07-05,2016-07-05,2021-07-02,false,true,"{""*"": 6, ""ACWX"": 3, ""AGG"": 1, ""BIL"": 1, ""BND"": 1.5, ""BTAL"": 6, ""DBC"": 3, ""DBMF"": 3, ""EEM"": 1, ""EFA"": 1, ""IEF"": 1, ""IWM"": 1, ""KMLM"": 6, ""LQD"": 1.5, ""QQQ"": 1, ""SCZ"": 5, ""SHY"": 1, ""SPY"": 0.7, ""TIP"": 2, ""TLT"": 1, ""TQQQ"": 1.5, ""VEA"": 1.5, ""VEU"": 2, ""VNQ"": 1.5, ""VTI"": 1, ""VWO"": 2}",0.03000000,tests/data/2026-08-24-net15,1-3-6-12U,TIP/1,best(BIL+IEF),0.00424141,0.01794132,0.00426607,0.01797569,72284.31083371,40000.00000000,32284.31083371,0.80710777,0.17628204,0.19426659,1.41557251,0.11980507,1.93544271,1.31419448,-0.13413695,107,2020,0.24396545,2016,0.06120774,903698.58965596,77.35375114,2.74088956,0.00193384,0.16364864,0.00000000,0.06550522,0.00000000,0.76658007,0.00000000
ROT SPY top1 1-3-6-12U can TIP/1 fb IEF,sens,sens_2016-07-05,2016-07-05,2021-07-02,false,true,"{""*"": 6, ""ACWX"": 3, ""AGG"": 1, ""BIL"": 1, ""BND"": 1.5, ""BTAL"": 6, ""DBC"": 3, ""DBMF"": 3, ""EEM"": 1, ""EFA"": 1, ""IEF"": 1, ""IWM"": 1, ""KMLM"": 6, ""LQD"": 1.5, ""QQQ"": 1, ""SCZ"": 5, ""SHY"": 1, ""SPY"": 0.7, ""TIP"": 2, ""TLT"": 1, ""TQQQ"": 1.5, ""VEA"": 1.5, ""VEU"": 2, ""VNQ"": 1.5, ""VTI"": 1, ""VWO"": 2}",0.03000000,tests/data/2026-08-24-net15,1-3-6-12U,TIP/1,IEF,0.00444322,0.01794132,0.00446625,0.01797569,75320.38407011,40000.00000000,35320.38407011,0.88300960,0.19166912,0.20810723,1.50925573,0.12108613,2.06693026,1.42854682,-0.13417070,107,2020,0.24444443,2016,0.05934989,868652.12386895,73.47505006,2.53841545,0.00183688,,,0.22901472,0.00000000,0.76651904,0.00000000
ROT SPY top1 1-3-6-12U fb best(BIL+IEF),sens,sens_2016-07-05,2016-07-05,2021-07-02,false,true,"{""*"": 6, ""ACWX"": 3, ""AGG"": 1, ""BIL"": 1, ""BND"": 1.5, ""BTAL"": 6, ""DBC"": 3, ""DBMF"": 3, ""EEM"": 1, ""EFA"": 1, ""IEF"": 1, ""IWM"": 1, ""KMLM"": 6, ""LQD"": 1.5, ""QQQ"": 1, ""SCZ"": 5, ""SHY"": 1, ""SPY"": 0.7, ""TIP"": 2, ""TLT"": 1, ""TQQQ"": 1.5, ""VEA"": 1.5, ""VEU"": 2, ""VNQ"": 1.5, ""VTI"": 1, ""VWO"": 2}",0.03000000,tests/data/2026-08-24-net15,1-3-6-12U,,best(BIL+IEF),0.00412477,0.01794132,0.00413697,0.01797569,66764.68723015,40000.00000000,26764.68723015,0.66911718,0.15483637,0.16769387,1.14242691,0.13390373,1.55144444,0.74445764,-0.20798546,483,2020,0.24393419,2018,-0.06466300,532307.89503487,44.72783125,1.70132343,0.00111820,0.01636106,0.00000000,0.06550779,0.00000000,0.91399417,0.00000000
ROT SPY top1 1-3-6-12U fb IEF,sens,sens_2016-07-05,2016-07-05,2021-07-02,false,true,"{""*"": 6, ""ACWX"": 3, ""AGG"": 1, ""BIL"": 1, ""BND"": 1.5, ""BTAL"": 6, ""DBC"": 3, ""DBMF"": 3, ""EEM"": 1, ""EFA"": 1, ""IEF"": 1, ""IWM"": 1, ""KMLM"": 6, ""LQD"": 1.5, ""QQQ"": 1, ""SCZ"": 5, ""SHY"": 1, ""SPY"": 0.7, ""TIP"": 2, ""TLT"": 1, ""TQQQ"": 1.5, ""VEA"": 1.5, ""VEU"": 2, ""VNQ"": 1.5, ""VTI"": 1, ""VWO"": 2}",0.03000000,tests/data/2026-08-24-net15,1-3-6-12U,,IEF,0.00443621,0.01794132,0.00444840,0.01797569,67299.92218052,40000.00000000,27299.92218052,0.68249805,0.15758962,0.17035651,1.16054459,0.13386095,1.57639435,0.79330583,-0.19864927,480,2020,0.24425521,2018,-0.05381704,536139.25282879,45.05918554,1.70291763,0.00112648,,,0.08182197,0.00000000,0.91372962,0.00000000
ROT SPY top1 13612W can TIP/1 fb best(BIL+IEF),sens,sens_2016-07-05,2016-07-05,2021-07-02,false,true,"{""*"": 6, ""ACWX"": 3, ""AGG"": 1, ""BIL"": 1, ""BND"": 1.5, ""BTAL"": 6, ""DBC"": 3, ""DBMF"": 3, ""EEM"": 1, ""EFA"": 1, ""IEF"": 1, ""IWM"": 1, ""KMLM"": 6, ""LQD"": 1.5, ""QQQ"": 1, ""SCZ"": 5, ""SHY"": 1, ""SPY"": 0.7, ""TIP"": 2, ""TLT"": 1, ""TQQQ"": 1.5, ""VEA"": 1.5, ""VEU"": 2, ""VNQ"": 1.5, ""VTI"": 1, ""VWO"": 2}",0.03000000,tests/data/2026-08-24-net15,13612W,TIP/1,best(BIL+IEF),0.00438035,0.01794132,0.00440777,0.01797569,66165.69697977,40000.00000000,26165.69697977,0.65414242,0.15262046,0.16469086,1.34941993,0.10975385,1.83934984,1.13661684,-0.13427608,107,2020,0.24378558,2016,0.02334992,1153891.45515602,98.66957598,3.53476904,0.00246674,0.22912213,0.00000000,0.08183927,0.00000000,0.68463083,0.00000000
ROT SPY top1 13612W can TIP/1 fb IEF,sens,sens_2016-07-05,2016-07-05,2021-07-02,false,true,"{""*"": 6, ""ACWX"": 3, ""AGG"": 1, ""BIL"": 1, ""BND"": 1.5, ""BTAL"": 6, ""DBC"": 3, ""DBMF"": 3, ""EEM"": 1, ""EFA"": 1, ""IEF"": 1, ""IWM"": 1, ""KMLM"": 6, ""LQD"": 1.5, ""QQQ"": 1, ""SCZ"": 5, ""SHY"": 1, ""SPY"": 0.7, ""TIP"": 2, ""TLT"": 1, ""TQQQ"": 1.5, ""VEA"": 1.5, ""VEU"": 2, ""VNQ"": 1.5, ""VTI"": 1, ""VWO"": 2}",0.03000000,tests/data/2026-08-24-net15,13612W,TIP/1,IEF,0.00394433,0.01794132,0.00397015,0.01797569,64762.78298082,40000.00000000,24762.78298082,0.61906957,0.14198628,0.15755897,1.23890522,0.11228709,1.68773984,1.06156270,-0.13375213,107,2020,0.24431524,2016,-0.02112240,1076855.11458306,91.25212256,3.35275398,0.00228130,,,0.31081963,0.00000000,0.68521022,0.00000000
ROT SPY top1 13612W fb best(BIL+IEF),sens,sens_2016-07-05,2016-07-05,2021-07-02,false,true,"{""*"": 6, ""ACWX"": 3, ""AGG"": 1, ""BIL"": 1, ""BND"": 1.5, ""BTAL"": 6, ""DBC"": 3, ""DBMF"": 3, ""EEM"": 1, ""EFA"": 1, ""IEF"": 1, ""IWM"": 1, ""KMLM"": 6, ""LQD"": 1.5, ""QQQ"": 1, ""SCZ"": 5, ""SHY"": 1, ""SPY"": 0.7, ""TIP"": 2, ""TLT"": 1, ""TQQQ"": 1.5, ""VEA"": 1.5, ""VEU"": 2, ""VNQ"": 1.5, ""VTI"": 1, ""VWO"": 2}",0.03000000,tests/data/2026-08-24-net15,13612W,,best(BIL+IEF),0.00514743,0.01794132,0.00516503,0.01797569,65687.66643509,40000.00000000,25687.66643509,0.64219166,0.14521763,0.16227640,1.09900764,0.13126140,1.48871771,0.69944705,-0.20761776,483,2020,0.24326677,2018,-0.06872729,663735.60802879,55.94222630,2.16556157,0.00139856,0.04912219,0.00000000,0.06546730,0.00000000,0.88024548,0.00000000
ROT SPY top1 13612W fb IEF,sens,sens_2016-07-05,2016-07-05,2021-07-02,false,true,"{""*"": 6, ""ACWX"": 3, ""AGG"": 1, ""BIL"": 1, ""BND"": 1.5, ""BTAL"": 6, ""DBC"": 3, ""DBMF"": 3, ""EEM"": 1, ""EFA"": 1, ""IEF"": 1, ""IWM"": 1, ""KMLM"": 6, ""LQD"": 1.5, ""QQQ"": 1, ""SCZ"": 5, ""SHY"": 1, ""SPY"": 0.7, ""TIP"": 2, ""TLT"": 1, ""TQQQ"": 1.5, ""VEA"": 1.5, ""VEU"": 2, ""VNQ"": 1.5, ""VTI"": 1, ""VWO"": 2}",0.03000000,tests/data/2026-08-24-net15,13612W,,IEF,0.00478087,0.01794132,0.00479846,0.01797569,64761.45923425,40000.00000000,24761.45923425,0.61903648,0.13528981,0.15755217,1.02827286,0.13190289,1.39097058,0.68239361,-0.19825773,476,2020,0.24444656,2018,-0.07108172,648088.27887782,54.61383727,2.16029155,0.00136535,,,0.11442814,0.00000000,0.88077340,0.00000000
ROT SPY top1 12M can TIP/1 fb best(BIL+IEF),sens,sens_2016-07-05,2016-07-05,2021-07-02,false,true,"{""*"": 6, ""ACWX"": 3, ""AGG"": 1, ""BIL"": 1, ""BND"": 1.5, ""BTAL"": 6, ""DBC"": 3, ""DBMF"": 3, ""EEM"": 1, ""EFA"": 1, ""IEF"": 1, ""IWM"": 1, ""KMLM"": 6, ""LQD"": 1.5, ""QQQ"": 1, ""SCZ"": 5, ""SHY"": 1, ""SPY"": 0.7, ""TIP"": 2, ""TLT"": 1, ""TQQQ"": 1.5, ""VEA"": 1.5, ""VEU"": 2, ""VNQ"": 1.5, ""VTI"": 1, ""VWO"": 2}",0.03000000,tests/data/2026-08-24-net15,12M,TIP/1,best(BIL+IEF),0.00410948,0.01794132,0.00412871,0.01797569,63127.75731461,40000.00000000,23127.75731461,0.57819393,0.14122897,0.14906635,0.88120898,0.16563580,1.18887856,0.41829530,-0.33762983,323,2019,0.16763705,2020,0.04867105,701654.97641981,60.15238153,2.25760657,0.00150381,0.16369356,0.00000000,0.03272833,0.00000000,0.79944939,0.00000000
ROT SPY top1 12M can TIP/1 fb IEF,sens,sens_2016-07-05,2016-07-05,2021-07-02,false,true,"{""*"": 6, ""ACWX"": 3, ""AGG"": 1, ""BIL"": 1, ""BND"": 1.5, ""BTAL"": 6, ""DBC"": 3, ""DBMF"": 3, ""EEM"": 1, ""EFA"": 1, ""IEF"": 1, ""IWM"": 1, ""KMLM"": 6, ""LQD"": 1.5, ""QQQ"": 1, ""SCZ"": 5, ""SHY"": 1, ""SPY"": 0.7, ""TIP"": 2, ""TLT"": 1, ""TQQQ"": 1.5, ""VEA"": 1.5, ""VEU"": 2, ""VNQ"": 1.5, ""VTI"": 1, ""VWO"": 2}",0.03000000,tests/data/2026-08-24-net15,12M,TIP/1,IEF,0.00403994,0.01794132,0.00405756,0.01797569,65872.05509391,40000.00000000,25872.05509391,0.64680138,0.15673661,0.16320961,0.96010204,0.16618229,1.29699147,0.46532663,-0.33683137,323,2019,0.17374856,2020,0.04974891,657204.92863886,55.46013636,2.03684507,0.00138650,,,0.19633318,0.00000000,0.79960926,0.00000000
ROT SPY top1 12M fb best(BIL+IEF),sens,sens_2016-07-05,2016-07-05,2021-07-02,false,true,"{""*"": 6, ""ACWX"": 3, ""AGG"": 1, ""BIL"": 1, ""BND"": 1.5, ""BTAL"": 6, ""DBC"": 3, ""DBMF"": 3, ""EEM"": 1, ""EFA"": 1, ""IEF"": 1, ""IWM"": 1, ""KMLM"": 6, ""LQD"": 1.5, ""QQQ"": 1, ""SCZ"": 5, ""SHY"": 1, ""SPY"": 0.7, ""TIP"": 2, ""TLT"": 1, ""TQQQ"": 1.5, ""VEA"": 1.5, ""VEU"": 2, ""VNQ"": 1.5, ""VTI"": 1, ""VWO"": 2}",0.03000000,tests/data/2026-08-24-net15,12M,,best(BIL+IEF),0.00429536,0.01794132,0.00430371,0.01797569,59174.69711763,40000.00000000,19174.69711763,0.47936743,0.12271932,0.12766730,0.74261485,0.17718877,1.00127921,0.36381069,-0.33731643,323,2017,0.21216838,2018,-0.04856404,336997.22105026,28.93080968,1.13142582,0.00072327,0.01638831,0.00000000,0.03275238,0.00000000,0.94655561,0.00000000
ROT SPY top1 12M fb IEF,sens,sens_2016-07-05,2016-07-05,2021-07-02,false,true,"{""*"": 6, ""ACWX"": 3, ""AGG"": 1, ""BIL"": 1, ""BND"": 1.5, ""BTAL"": 6, ""DBC"": 3, ""DBMF"": 3, ""EEM"": 1, ""EFA"": 1, ""IEF"": 1, ""IWM"": 1, ""KMLM"": 6, ""LQD"": 1.5, ""QQQ"": 1, ""SCZ"": 5, ""SHY"": 1, ""SPY"": 0.7, ""TIP"": 2, ""TLT"": 1, ""TQQQ"": 1.5, ""VEA"": 1.5, ""VEU"": 2, ""VNQ"": 1.5, ""VTI"": 1, ""VWO"": 2}",0.03000000,tests/data/2026-08-24-net15,12M,,IEF,0.00467129,0.01794132,0.00467802,0.01797569,59387.40028044,40000.00000000,19387.40028044,0.48468501,0.12390312,0.12885179,0.74924006,0.17697770,1.01030730,0.36864294,-0.33610604,323,2017,0.21216838,2018,-0.04856391,282000.27026379,23.42100837,0.94433278,0.00058553,,,0.04912281,0.00000000,0.94619917,0.00000000
SPY60/IEF40,sens,sens_2016-07-05,2016-07-05,2021-07-02,true,true,"{""*"": 6, ""ACWX"": 3, ""AGG"": 1, ""BIL"": 1, ""BND"": 1.5, ""BTAL"": 6, ""DBC"": 3, ""DBMF"": 3, ""EEM"": 1, ""EFA"": 1, ""IEF"": 1, ""IWM"": 1, ""KMLM"": 6, ""LQD"": 1.5, ""QQQ"": 1, ""SCZ"": 5, ""SHY"": 1, ""SPY"": 0.7, ""TIP"": 2, ""TLT"": 1, ""TQQQ"": 1.5, ""VEA"": 1.5, ""VEU"": 2, ""VNQ"": 1.5, ""VTI"": 1, ""VWO"": 2}",0.03000000,tests/data/2026-08-24-net15,,,,0.00708585,0.02648225,0.00541491,0.01805967,58847.91648167,40000.00000000,18847.91648167,0.47119791,0.11380618,0.12583985,1.09937207,0.10287102,1.51181205,0.60174406,-0.18912722,110,2019,0.21359241,2018,-0.02310544,56076.52854798,4.81958229,0.18657411,0.00012049,,,0.39781605,0.39153747,0.59509628,0.58194033
SPY benchmark,sens,sens_2016-07-05,2016-07-05,2021-07-02,true,true,"{""*"": 6, ""ACWX"": 3, ""AGG"": 1, ""BIL"": 1, ""BND"": 1.5, ""BTAL"": 6, ""DBC"": 3, ""DBMF"": 3, ""EEM"": 1, ""EFA"": 1, ""IEF"": 1, ""IWM"": 1, ""KMLM"": 6, ""LQD"": 1.5, ""QQQ"": 1, ""SCZ"": 5, ""SHY"": 1, ""SPY"": 0.7, ""TIP"": 2, ""TLT"": 1, ""TQQQ"": 1.5, ""VEA"": 1.5, ""VEU"": 2, ""VNQ"": 1.5, ""VTI"": 1, ""VWO"": 2}",0.03000000,tests/data/2026-08-24-net15,,,,0.00428837,0.01794132,0.00428959,0.01797569,70801.76735332,40000.00000000,30801.76735332,0.77004418,0.17586286,0.18731559,0.96389823,0.18618663,1.32910053,0.52185180,-0.33699771,173,2019,0.30761491,2018,-0.04840182,39646.81537657,2.77527708,0.12020701,0.00006938,,,,,0.99571041,0.98202431
ROT SPY top1 1-3-6-12U can TIP/1 fb best(BIL+IEF),sens,sens_2017-01-03,2017-01-03,2022-01-03,false,true,"{""*"": 6, ""ACWX"": 3, ""AGG"": 1, ""BIL"": 1, ""BND"": 1.5, ""BTAL"": 6, ""DBC"": 3, ""DBMF"": 3, ""EEM"": 1, ""EFA"": 1, ""IEF"": 1, ""IWM"": 1, ""KMLM"": 6, ""LQD"": 1.5, ""QQQ"": 1, ""SCZ"": 5, ""SHY"": 1, ""SPY"": 0.7, ""TIP"": 2, ""TLT"": 1, ""TQQQ"": 1.5, ""VEA"": 1.5, ""VEU"": 2, ""VNQ"": 1.5, ""VTI"": 1, ""VWO"": 2}",0.03000000,tests/data/2026-08-24-net15,1-3-6-12U,TIP/1,best(BIL+IEF),0.00416406,0.01427598,0.00418748,0.01427711,74670.05330243,40000.00000000,34670.05330243,0.86675133,0.18609613,0.20473302,1.44762645,0.12328730,1.98469245,1.38838130,-0.13403820,107,2021,0.28403265,2022,0.00576928,737745.91479177,63.38066780,2.15442473,0.00158452,0.14711502,0.00000000,0.06549231,0.00000000,0.78320519,0.00000000
ROT SPY top1 1-3-6-12U can TIP/1 fb IEF,sens,sens_2017-01-03,2017-01-03,2022-01-03,false,true,"{""*"": 6, ""ACWX"": 3, ""AGG"": 1, ""BIL"": 1, ""BND"": 1.5, ""BTAL"": 6, ""DBC"": 3, ""DBMF"": 3, ""EEM"": 1, ""EFA"": 1, ""IEF"": 1, ""IWM"": 1, ""KMLM"": 6, ""LQD"": 1.5, ""QQQ"": 1, ""SCZ"": 5, ""SHY"": 1, ""SPY"": 0.7, ""TIP"": 2, ""TLT"": 1, ""TQQQ"": 1.5, ""VEA"": 1.5, ""VEU"": 2, ""VNQ"": 1.5, ""VTI"": 1, ""VWO"": 2}",0.03000000,tests/data/2026-08-24-net15,1-3-6-12U,TIP/1,IEF,0.00432862,0.01638900,0.00435044,0.01639027,77481.20092265,40000.00000000,37481.20092265,0.93703002,0.20201977,0.21717388,1.54410226,0.12431536,2.12040530,1.50530378,-0.13420532,107,2021,0.28388828,2022,0.00576359,709170.02671489,60.17375795,1.99408791,0.00150434,,,0.21253100,0.00000000,0.78311856,0.00000000
ROT SPY top1 1-3-6-12U fb best(BIL+IEF),sens,sens_2017-01-03,2017-01-03,2022-01-03,false,true,"{""*"": 6, ""ACWX"": 3, ""AGG"": 1, ""BIL"": 1, ""BND"": 1.5, ""BTAL"": 6, ""DBC"": 3, ""DBMF"": 3, ""EEM"": 1, ""EFA"": 1, ""IEF"": 1, ""IWM"": 1, ""KMLM"": 6, ""LQD"": 1.5, ""QQQ"": 1, ""SCZ"": 5, ""SHY"": 1, ""SPY"": 0.7, ""TIP"": 2, ""TLT"": 1, ""TQQQ"": 1.5, ""VEA"": 1.5, ""VEU"": 2, ""VNQ"": 1.5, ""VTI"": 1, ""VWO"": 2}",0.03000000,tests/data/2026-08-24-net15,1-3-6-12U,,best(BIL+IEF),0.00518321,0.01698335,0.00519537,0.01698468,68781.02699428,40000.00000000,28781.02699428,0.71952567,0.15837208,0.17723316,1.14803062,0.13630523,1.56163750,0.76442596,-0.20717778,483,2021,0.28392933,2018,-0.06354884,455298.95203606,38.19050320,1.42913307,0.00095476,0.01635852,0.00000000,0.06542707,0.00000000,0.91301903,0.00000000
ROT SPY top1 1-3-6-12U fb IEF,sens,sens_2017-01-03,2017-01-03,2022-01-03,false,true,"{""*"": 6, ""ACWX"": 3, ""AGG"": 1, ""BIL"": 1, ""BND"": 1.5, ""BTAL"": 6, ""DBC"": 3, ""DBMF"": 3, ""EEM"": 1, ""EFA"": 1, ""IEF"": 1, ""IWM"": 1, ""KMLM"": 6, ""LQD"": 1.5, ""QQQ"": 1, ""SCZ"": 5, ""SHY"": 1, ""SPY"": 0.7, ""TIP"": 2, ""TLT"": 1, ""TQQQ"": 1.5, ""VEA"": 1.5, ""VEU"": 2, ""VNQ"": 1.5, ""VTI"": 1, ""VWO"": 2}",0.03000000,tests/data/2026-08-24-net15,1-3-6-12U,,IEF,0.00520214,0.01698335,0.00521429,0.01698468,69242.92786419,40000.00000000,29242.92786419,0.73107320,0.16099956,0.17946590,1.16432481,0.13635156,1.58387598,0.81277417,-0.19808646,476,2021,0.28389476,2018,-0.05287000,458859.38608086,38.49296522,1.43123739,0.00096232,,,0.08179846,0.00000000,0.91298725,0.00000000
ROT SPY top1 13612W can TIP/1 fb best(BIL+IEF),sens,sens_2017-01-03,2017-01-03,2022-01-03,false,true,"{""*"": 6, ""ACWX"": 3, ""AGG"": 1, ""BIL"": 1, ""BND"": 1.5, ""BTAL"": 6, ""DBC"": 3, ""DBMF"": 3, ""EEM"": 1, ""EFA"": 1, ""IEF"": 1, ""IWM"": 1, ""KMLM"": 6, ""LQD"": 1.5, ""QQQ"": 1, ""SCZ"": 5, ""SHY"": 1, ""SPY"": 0.7, ""TIP"": 2, ""TLT"": 1, ""TQQQ"": 1.5, ""VEA"": 1.5, ""VEU"": 2, ""VNQ"": 1.5, ""VTI"": 1, ""VWO"": 2}",0.03000000,tests/data/2026-08-24-net15,13612W,TIP/1,best(BIL+IEF),0.00394142,0.01427598,0.00397039,0.01427711,64925.23350731,40000.00000000,24925.23350731,0.62313084,0.15471751,0.15804220,1.32565021,0.11350122,1.81273148,1.15013203,-0.13452152,107,2020,0.24358941,2022,0.00578498,1222079.59496836,104.60851467,3.62422186,0.00261521,0.21267419,0.00000000,0.08185022,0.00000000,0.70150520,0.00000000
ROT SPY top1 13612W can TIP/1 fb IEF,sens,sens_2017-01-03,2017-01-03,2022-01-03,false,true,"{""*"": 6, ""ACWX"": 3, ""AGG"": 1, ""BIL"": 1, ""BND"": 1.5, ""BTAL"": 6, ""DBC"": 3, ""DBMF"": 3, ""EEM"": 1, ""EFA"": 1, ""IEF"": 1, ""IWM"": 1, ""KMLM"": 6, ""LQD"": 1.5, ""QQQ"": 1, ""SCZ"": 5, ""SHY"": 1, ""SPY"": 0.7, ""TIP"": 2, ""TLT"": 1, ""TQQQ"": 1.5, ""VEA"": 1.5, ""VEU"": 2, ""VNQ"": 1.5, ""VTI"": 1, ""VWO"": 2}",0.03000000,tests/data/2026-08-24-net15,13612W,TIP/1,IEF,0.00410107,0.01638900,0.00412843,0.01639027,64253.39509874,40000.00000000,24253.39509874,0.60633488,0.15317096,0.15459217,1.29503698,0.11530751,1.77363077,1.13987934,-0.13437472,107,2020,0.24335757,2022,0.00576449,1173781.31624752,99.75080019,3.47360685,0.00249377,,,0.29444246,0.00000000,0.70142911,0.00000000
ROT SPY top1 13612W fb best(BIL+IEF),sens,sens_2017-01-03,2017-01-03,2022-01-03,false,true,"{""*"": 6, ""ACWX"": 3, ""AGG"": 1, ""BIL"": 1, ""BND"": 1.5, ""BTAL"": 6, ""DBC"": 3, ""DBMF"": 3, ""EEM"": 1, ""EFA"": 1, ""IEF"": 1, ""IWM"": 1, ""KMLM"": 6, ""LQD"": 1.5, ""QQQ"": 1, ""SCZ"": 5, ""SHY"": 1, ""SPY"": 0.7, ""TIP"": 2, ""TLT"": 1, ""TQQQ"": 1.5, ""VEA"": 1.5, ""VEU"": 2, ""VNQ"": 1.5, ""VTI"": 1, ""VWO"": 2}",0.03000000,tests/data/2026-08-24-net15,13612W,,best(BIL+IEF),0.00538376,0.01698335,0.00540138,0.01698468,64207.93814591,40000.00000000,24207.93814591,0.60519845,0.14162658,0.15435755,1.05824755,0.13376829,1.43578302,0.68525249,-0.20667795,483,2020,0.24399771,2018,-0.06823547,770170.24357274,64.99941031,2.43830937,0.00162499,0.04910431,0.00000000,0.06541161,0.00000000,0.88008269,0.00000000
ROT SPY top1 13612W fb IEF,sens,sens_2017-01-03,2017-01-03,2022-01-03,false,true,"{""*"": 6, ""ACWX"": 3, ""AGG"": 1, ""BIL"": 1, ""BND"": 1.5, ""BTAL"": 6, ""DBC"": 3, ""DBMF"": 3, ""EEM"": 1, ""EFA"": 1, ""IEF"": 1, ""IWM"": 1, ""KMLM"": 6, ""LQD"": 1.5, ""QQQ"": 1, ""SCZ"": 5, ""SHY"": 1, ""SPY"": 0.7, ""TIP"": 2, ""TLT"": 1, ""TQQQ"": 1.5, ""VEA"": 1.5, ""VEU"": 2, ""VNQ"": 1.5, ""VTI"": 1, ""VWO"": 2}",0.03000000,tests/data/2026-08-24-net15,13612W,,IEF,0.00536679,0.01698335,0.00538441,0.01698468,63894.59206444,40000.00000000,23894.59206444,0.59736480,0.13995844,0.15273609,1.04515744,0.13408332,1.41806057,0.70724118,-0.19789351,476,2020,0.24411857,2018,-0.07075492,768170.12060882,64.82647768,2.43687220,0.00162066,,,0.11449259,0.00000000,0.88012300,0.00000000
ROT SPY top1 12M can TIP/1 fb best(BIL+IEF),sens,sens_2017-01-03,2017-01-03,2022-01-03,false,true,"{""*"": 6, ""ACWX"": 3, ""AGG"": 1, ""BIL"": 1, ""BND"": 1.5, ""BTAL"": 6, ""DBC"": 3, ""DBMF"": 3, ""EEM"": 1, ""EFA"": 1, ""IEF"": 1, ""IWM"": 1, ""KMLM"": 6, ""LQD"": 1.5, ""QQQ"": 1, ""SCZ"": 5, ""SHY"": 1, ""SPY"": 0.7, ""TIP"": 2, ""TLT"": 1, ""TQQQ"": 1.5, ""VEA"": 1.5, ""VEU"": 2, ""VNQ"": 1.5, ""VTI"": 1, ""VWO"": 2}",0.03000000,tests/data/2026-08-24-net15,12M,TIP/1,best(BIL+IEF),0.00455773,0.01698335,0.00457688,0.01698468,65239.56582240,40000.00000000,25239.56582240,0.63098915,0.14469820,0.15964515,0.89242266,0.16741670,1.20542364,0.42982755,-0.33664245,323,2021,0.28369023,2022,0.00575813,580543.63496629,49.71289230,1.85190880,0.00124282,0.16352960,0.00000000,0.03271987,0.00000000,0.79917366,0.00000000
ROT SPY top1 12M can TIP/1 fb IEF,sens,sens_2017-01-03,2017-01-03,2022-01-03,false,true,"{""*"": 6, ""ACWX"": 3, ""AGG"": 1, ""BIL"": 1, ""BND"": 1.5, ""BTAL"": 6, ""DBC"": 3, ""DBMF"": 3, ""EEM"": 1, ""EFA"": 1, ""IEF"": 1, ""IWM"": 1, ""KMLM"": 6, ""LQD"": 1.5, ""QQQ"": 1, ""SCZ"": 5, ""SHY"": 1, ""SPY"": 0.7, ""TIP"": 2, ""TLT"": 1, ""TQQQ"": 1.5, ""VEA"": 1.5, ""VEU"": 2, ""VNQ"": 1.5, ""VTI"": 1, ""VWO"": 2}",0.03000000,tests/data/2026-08-24-net15,12M,TIP/1,IEF,0.00424898,0.01698335,0.00426652,0.01698468,67650.03301436,40000.00000000,27650.03301436,0.69125083,0.15985686,0.17170793,0.96684331,0.16830950,1.30730986,0.47476989,-0.33670387,323,2021,0.28398756,2022,0.00578492,543248.64624105,45.77003695,1.67026284,0.00114425,,,0.19625479,0.00000000,0.79947868,0.00000000
ROT SPY top1 12M fb best(BIL+IEF),sens,sens_2017-01-03,2017-01-03,2022-01-03,false,true,"{""*"": 6, ""ACWX"": 3, ""AGG"": 1, ""BIL"": 1, ""BND"": 1.5, ""BTAL"": 6, ""DBC"": 3, ""DBMF"": 3, ""EEM"": 1, ""EFA"": 1, ""IEF"": 1, ""IWM"": 1, ""KMLM"": 6, ""LQD"": 1.5, ""QQQ"": 1, ""SCZ"": 5, ""SHY"": 1, ""SPY"": 0.7, ""TIP"": 2, ""TLT"": 1, ""TQQQ"": 1.5, ""VEA"": 1.5, ""VEU"": 2, ""VNQ"": 1.5, ""VTI"": 1, ""VWO"": 2}",0.03000000,tests/data/2026-08-24-net15,12M,,best(BIL+IEF),0.00489261,0.01698335,0.00490094,0.01698468,61437.71254347,40000.00000000,21437.71254347,0.53594281,0.12604511,0.13976341,0.75377624,0.17906802,1.01739446,0.37369233,-0.33729649,323,2021,0.28398448,2018,-0.04774058,292193.90315145,24.98126673,0.97901631,0.00062453,0.01635108,0.00000000,0.03274345,0.00000000,0.94600452,0.00000000
ROT SPY top1 12M fb IEF,sens,sens_2017-01-03,2017-01-03,2022-01-03,false,true,"{""*"": 6, ""ACWX"": 3, ""AGG"": 1, ""BIL"": 1, ""BND"": 1.5, ""BTAL"": 6, ""DBC"": 3, ""DBMF"": 3, ""EEM"": 1, ""EFA"": 1, ""IEF"": 1, ""IWM"": 1, ""KMLM"": 6, ""LQD"": 1.5, ""QQQ"": 1, ""SCZ"": 5, ""SHY"": 1, ""SPY"": 0.7, ""TIP"": 2, ""TLT"": 1, ""TQQQ"": 1.5, ""VEA"": 1.5, ""VEU"": 2, ""VNQ"": 1.5, ""VTI"": 1, ""VWO"": 2}",0.03000000,tests/data/2026-08-24-net15,12M,,IEF,0.00519579,0.01698335,0.00520252,0.01698468,61659.83457446,40000.00000000,21659.83457446,0.54149586,0.12736167,0.14095566,0.76099455,0.17885548,1.02726813,0.37892489,-0.33611323,323,2021,0.28322398,2018,-0.04774045,245893.10034022,20.35434886,0.82124671,0.00050886,,,0.04904545,0.00000000,0.94575204,0.00000000
SPY60/IEF40,sens,sens_2017-01-03,2017-01-03,2022-01-03,true,true,"{""*"": 6, ""ACWX"": 3, ""AGG"": 1, ""BIL"": 1, ""BND"": 1.5, ""BTAL"": 6, ""DBC"": 3, ""DBMF"": 3, ""EEM"": 1, ""EFA"": 1, ""IEF"": 1, ""IWM"": 1, ""KMLM"": 6, ""LQD"": 1.5, ""QQQ"": 1, ""SCZ"": 5, ""SHY"": 1, ""SPY"": 0.7, ""TIP"": 2, ""TLT"": 1, ""TQQQ"": 1.5, ""VEA"": 1.5, ""VEU"": 2, ""VNQ"": 1.5, ""VTI"": 1, ""VWO"": 2}",0.03000000,tests/data/2026-08-24-net15,,,,0.00736114,0.02040296,0.00550423,0.01424796,59702.97968978,40000.00000000,19702.97968978,0.49257449,0.12159211,0.13031311,1.16484552,0.10318128,1.60643675,0.64754287,-0.18777461,110,2019,0.21282363,2018,-0.02264159,56250.94571464,4.82252825,0.18179959,0.00012056,,,0.39799289,0.39273841,0.59464416,0.58575204
SPY benchmark,sens,sens_2017-01-03,2017-01-03,2022-01-03,true,true,"{""*"": 6, ""ACWX"": 3, ""AGG"": 1, ""BIL"": 1, ""BND"": 1.5, ""BTAL"": 6, ""DBC"": 3, ""DBMF"": 3, ""EEM"": 1, ""EFA"": 1, ""IEF"": 1, ""IWM"": 1, ""KMLM"": 6, ""LQD"": 1.5, ""QQQ"": 1, ""SCZ"": 5, ""SHY"": 1, ""SPY"": 0.7, ""TIP"": 2, ""TLT"": 1, ""TQQQ"": 1.5, ""VEA"": 1.5, ""VEU"": 2, ""VNQ"": 1.5, ""VTI"": 1, ""VWO"": 2}",0.03000000,tests/data/2026-08-24-net15,,,,0.00468473,0.01698335,0.00468596,0.01698468,72418.68531396,40000.00000000,32418.68531396,0.81046713,0.17924495,0.19446028,0.97214809,0.18806899,1.34124968,0.53135831,-0.33733348,173,2019,0.30750436,2018,-0.04757823,39723.78785113,2.78066515,0.11821748,0.00006952,,,,,0.99531404,0.98301532
ROT SPY top1 1-3-6-12U can TIP/1 fb best(BIL+IEF),sens,sens_2017-07-03,2017-07-03,2022-07-01,false,true,"{""*"": 6, ""ACWX"": 3, ""AGG"": 1, ""BIL"": 1, ""BND"": 1.5, ""BTAL"": 6, ""DBC"": 3, ""DBMF"": 3, ""EEM"": 1, ""EFA"": 1, ""IEF"": 1, ""IWM"": 1, ""KMLM"": 6, ""LQD"": 1.5, ""QQQ"": 1, ""SCZ"": 5, ""SHY"": 1, ""SPY"": 0.7, ""TIP"": 2, ""TLT"": 1, ""TQQQ"": 1.5, ""VEA"": 1.5, ""VEU"": 2, ""VNQ"": 1.5, ""VTI"": 1, ""VWO"": 2}",0.03000000,tests/data/2026-08-24-net15,1-3-6-12U,TIP/1,best(BIL+IEF),0.00335598,0.00929928,0.00338083,0.00930049,67838.76518752,40000.00000000,27838.76518752,0.69596913,0.16459915,0.17308565,1.25794699,0.12772349,1.72832392,1.22518375,-0.13434650,107,2021,0.28395159,2022,-0.01744954,954509.26287265,81.71066871,2.75058685,0.00204277,0.21277019,0.00000000,0.06546482,0.00000000,0.71838417,0.00000000
ROT SPY top1 1-3-6-12U can TIP/1 fb IEF,sens,sens_2017-07-03,2017-07-03,2022-07-01,false,true,"{""*"": 6, ""ACWX"": 3, ""AGG"": 1, ""BIL"": 1, ""BND"": 1.5, ""BTAL"": 6, ""DBC"": 3, ""DBMF"": 3, ""EEM"": 1, ""EFA"": 1, ""IEF"": 1, ""IWM"": 1, ""KMLM"": 6, ""LQD"": 1.5, ""QQQ"": 1, ""SCZ"": 5, ""SHY"": 1, ""SPY"": 0.7, ""TIP"": 2, ""TLT"": 1, ""TQQQ"": 1.5, ""VEA"": 1.5, ""VEU"": 2, ""VNQ"": 1.5, ""VTI"": 1, ""VWO"": 2}",0.03000000,tests/data/2026-08-24-net15,1-3-6-12U,TIP/1,IEF,0.00363460,0.01486955,0.00365779,0.01495224,67439.49313332,40000.00000000,27439.49313332,0.68598733,0.17138332,0.17111520,1.27403130,0.13100819,1.75248877,1.28350494,-0.13352759,107,2021,0.28366523,2022,-0.05566203,941085.36845622,79.95147091,2.62655330,0.00199879,,,0.27797330,0.00000000,0.71836891,0.00000000
ROT SPY top1 1-3-6-12U fb best(BIL+IEF),sens,sens_2017-07-03,2017-07-03,2022-07-01,false,true,"{""*"": 6, ""ACWX"": 3, ""AGG"": 1, ""BIL"": 1, ""BND"": 1.5, ""BTAL"": 6, ""DBC"": 3, ""DBMF"": 3, ""EEM"": 1, ""EFA"": 1, ""IEF"": 1, ""IWM"": 1, ""KMLM"": 6, ""LQD"": 1.5, ""QQQ"": 1, ""SCZ"": 5, ""SHY"": 1, ""SPY"": 0.7, ""TIP"": 2, ""TLT"": 1, ""TQQQ"": 1.5, ""VEA"": 1.5, ""VEU"": 2, ""VNQ"": 1.5, ""VTI"": 1, ""VWO"": 2}",0.03000000,tests/data/2026-08-24-net15,1-3-6-12U,,best(BIL+IEF),0.00581271,0.01606926,0.00582622,0.01607070,55896.24407207,40000.00000000,15896.24407207,0.39740610,0.10764240,0.10894373,0.77333729,0.14613406,1.04141995,0.52003926,-0.20698899,483,2021,0.28320761,2022,-0.12900909,495016.42384311,41.61826996,1.55929239,0.00104046,0.06548871,0.00000000,0.06547191,0.00000000,0.86321316,0.00000000
ROT SPY top1 1-3-6-12U fb IEF,sens,sens_2017-07-03,2017-07-03,2022-07-01,false,true,"{""*"": 6, ""ACWX"": 3, ""AGG"": 1, ""BIL"": 1, ""BND"": 1.5, ""BTAL"": 6, ""DBC"": 3, ""DBMF"": 3, ""EEM"": 1, ""EFA"": 1, ""IEF"": 1, ""IWM"": 1, ""KMLM"": 6, ""LQD"": 1.5, ""QQQ"": 1, ""SCZ"": 5, ""SHY"": 1, ""SPY"": 0.7, ""TIP"": 2, ""TLT"": 1, ""TQQQ"": 1.5, ""VEA"": 1.5, ""VEU"": 2, ""VNQ"": 1.5, ""VTI"": 1, ""VWO"": 2}",0.03000000,tests/data/2026-08-24-net15,1-3-6-12U,,IEF,0.00585628,0.01606926,0.00586979,0.01607070,56602.03780443,40000.00000000,16602.03780443,0.41505095,0.11159902,0.11307133,0.79119915,0.14762132,1.06636899,0.56303828,-0.19820859,476,2021,0.28369076,2022,-0.12331855,498747.26421209,41.92560032,1.56218913,0.00104814,,,0.13093347,0.00000000,0.86319673,0.00000000
ROT SPY top1 13612W can TIP/1 fb best(BIL+IEF),sens,sens_2017-07-03,2017-07-03,2022-07-01,false,true,"{""*"": 6, ""ACWX"": 3, ""AGG"": 1, ""BIL"": 1, ""BND"": 1.5, ""BTAL"": 6, ""DBC"": 3, ""DBMF"": 3, ""EEM"": 1, ""EFA"": 1, ""IEF"": 1, ""IWM"": 1, ""KMLM"": 6, ""LQD"": 1.5, ""QQQ"": 1, ""SCZ"": 5, ""SHY"": 1, ""SPY"": 0.7, ""TIP"": 2, ""TLT"": 1, ""TQQQ"": 1.5, ""VEA"": 1.5, ""VEU"": 2, ""VNQ"": 1.5, ""VTI"": 1, ""VWO"": 2}",0.03000000,tests/data/2026-08-24-net15,13612W,TIP/1,best(BIL+IEF),0.00371006,0.01956542,0.00373765,0.01964711,57353.93828542,40000.00000000,17353.93828542,0.43384846,0.12581572,0.11741634,1.09722775,0.11402219,1.49144834,0.93627774,-0.13437864,107,2020,0.24351736,2022,-0.05210088,1105734.63774487,94.65159647,3.32342386,0.00236629,0.29468191,0.00000000,0.08182184,0.00000000,0.61975860,0.00000000
ROT SPY top1 13612W can TIP/1 fb IEF,sens,sens_2017-07-03,2017-07-03,2022-07-01,false,true,"{""*"": 6, ""ACWX"": 3, ""AGG"": 1, ""BIL"": 1, ""BND"": 1.5, ""BTAL"": 6, ""DBC"": 3, ""DBMF"": 3, ""EEM"": 1, ""EFA"": 1, ""IEF"": 1, ""IWM"": 1, ""KMLM"": 6, ""LQD"": 1.5, ""QQQ"": 1, ""SCZ"": 5, ""SHY"": 1, ""SPY"": 0.7, ""TIP"": 2, ""TLT"": 1, ""TQQQ"": 1.5, ""VEA"": 1.5, ""VEU"": 2, ""VNQ"": 1.5, ""VTI"": 1, ""VWO"": 2}",0.03000000,tests/data/2026-08-24-net15,13612W,TIP/1,IEF,0.00396988,0.01368662,0.00399587,0.01368783,52522.76985086,40000.00000000,12522.76985086,0.31306925,0.10645387,0.08851906,0.90704986,0.11949249,1.23143545,0.57082030,-0.18649279,,2020,0.24318029,2022,-0.12582638,1064668.52213807,90.55491939,3.22494207,0.00226387,,,0.37622118,0.00000000,0.61978295,0.00000000
ROT SPY top1 13612W fb best(BIL+IEF),sens,sens_2017-07-03,2017-07-03,2022-07-01,false,true,"{""*"": 6, ""ACWX"": 3, ""AGG"": 1, ""BIL"": 1, ""BND"": 1.5, ""BTAL"": 6, ""DBC"": 3, ""DBMF"": 3, ""EEM"": 1, ""EFA"": 1, ""IEF"": 1, ""IWM"": 1, ""KMLM"": 6, ""LQD"": 1.5, ""QQQ"": 1, ""SCZ"": 5, ""SHY"": 1, ""SPY"": 0.7, ""TIP"": 2, ""TLT"": 1, ""TQQQ"": 1.5, ""VEA"": 1.5, ""VEU"": 2, ""VNQ"": 1.5, ""VTI"": 1, ""VWO"": 2}",0.03000000,tests/data/2026-08-24-net15,13612W,,best(BIL+IEF),0.00536479,0.01606926,0.00538652,0.01607070,52032.83364839,40000.00000000,12032.83364839,0.30082084,0.09004395,0.08545138,0.69498466,0.13785460,0.92870083,0.43349162,-0.20771785,483,2020,0.24349870,2022,-0.13471750,974945.43505365,82.48963627,3.12883365,0.00206224,0.13099415,0.00000000,0.06544746,0.00000000,0.79817188,0.00000000
ROT SPY top1 13612W fb IEF,sens,sens_2017-07-03,2017-07-03,2022-07-01,false,true,"{""*"": 6, ""ACWX"": 3, ""AGG"": 1, ""BIL"": 1, ""BND"": 1.5, ""BTAL"": 6, ""DBC"": 3, ""DBMF"": 3, ""EEM"": 1, ""EFA"": 1, ""IEF"": 1, ""IWM"": 1, ""KMLM"": 6, ""LQD"": 1.5, ""QQQ"": 1, ""SCZ"": 5, ""SHY"": 1, ""SPY"": 0.7, ""TIP"": 2, ""TLT"": 1, ""TQQQ"": 1.5, ""VEA"": 1.5, ""VEU"": 2, ""VNQ"": 1.5, ""VTI"": 1, ""VWO"": 2}",0.03000000,tests/data/2026-08-24-net15,13612W,,IEF,0.00519009,0.01606926,0.00521182,0.01607070,49956.70377124,40000.00000000,9956.70377124,0.24891759,0.08017230,0.07214389,0.61825618,0.14093231,0.82602518,0.35654331,-0.22485992,,2020,0.24353274,2022,-0.16734047,963600.73569712,81.51764813,3.11509456,0.00203794,,,0.19643560,0.00000000,0.79835258,0.00000000
ROT SPY top1 12M can TIP/1 fb best(BIL+IEF),sens,sens_2017-07-03,2017-07-03,2022-07-01,false,true,"{""*"": 6, ""ACWX"": 3, ""AGG"": 1, ""BIL"": 1, ""BND"": 1.5, ""BTAL"": 6, ""DBC"": 3, ""DBMF"": 3, ""EEM"": 1, ""EFA"": 1, ""IEF"": 1, ""IWM"": 1, ""KMLM"": 6, ""LQD"": 1.5, ""QQQ"": 1, ""SCZ"": 5, ""SHY"": 1, ""SPY"": 0.7, ""TIP"": 2, ""TLT"": 1, ""TQQQ"": 1.5, ""VEA"": 1.5, ""VEU"": 2, ""VNQ"": 1.5, ""VTI"": 1, ""VWO"": 2}",0.03000000,tests/data/2026-08-24-net15,12M,TIP/1,best(BIL+IEF),0.00518484,0.01751225,0.00520417,0.01751350,53262.70134791,40000.00000000,13262.70134791,0.33156753,0.09512541,0.09310169,0.60763787,0.17505041,0.81565751,0.28381828,-0.33516307,323,2021,0.28380420,2022,-0.12908188,556547.39155849,47.87482229,1.79136191,0.00119687,0.21271212,0.00000000,0.03266563,0.00000000,0.74941808,0.00000000
ROT SPY top1 12M can TIP/1 fb IEF,sens,sens_2017-07-03,2017-07-03,2022-07-01,false,true,"{""*"": 6, ""ACWX"": 3, ""AGG"": 1, ""BIL"": 1, ""BND"": 1.5, ""BTAL"": 6, ""DBC"": 3, ""DBMF"": 3, ""EEM"": 1, ""EFA"": 1, ""IEF"": 1, ""IWM"": 1, ""KMLM"": 6, ""LQD"": 1.5, ""QQQ"": 1, ""SCZ"": 5, ""SHY"": 1, ""SPY"": 0.7, ""TIP"": 2, ""TLT"": 1, ""TQQQ"": 1.5, ""VEA"": 1.5, ""VEU"": 2, ""VNQ"": 1.5, ""VTI"": 1, ""VWO"": 2}",0.03000000,tests/data/2026-08-24-net15,12M,TIP/1,IEF,0.00447197,0.01092952,0.00448971,0.01101288,55347.90776209,40000.00000000,15347.90776209,0.38369769,0.11193666,0.10570339,0.68858242,0.17715295,0.92575795,0.33380814,-0.33533232,323,2021,0.28324218,2022,-0.12326842,530489.18987940,45.00642513,1.64647927,0.00112516,,,0.24522206,0.00000000,0.75028823,0.00000000
ROT SPY top1 12M fb best(BIL+IEF),sens,sens_2017-07-03,2017-07-03,2022-07-01,false,true,"{""*"": 6, ""ACWX"": 3, ""AGG"": 1, ""BIL"": 1, ""BND"": 1.5, ""BTAL"": 6, ""DBC"": 3, ""DBMF"": 3, ""EEM"": 1, ""EFA"": 1, ""IEF"": 1, ""IWM"": 1, ""KMLM"": 6, ""LQD"": 1.5, ""QQQ"": 1, ""SCZ"": 5, ""SHY"": 1, ""SPY"": 0.7, ""TIP"": 2, ""TLT"": 1, ""TQQQ"": 1.5, ""VEA"": 1.5, ""VEU"": 2, ""VNQ"": 1.5, ""VTI"": 1, ""VWO"": 2}",0.03000000,tests/data/2026-08-24-net15,12M,,best(BIL+IEF),0.00638909,0.01606926,0.00639878,0.01607070,50476.30885722,40000.00000000,10476.30885722,0.26190772,0.07714125,0.07552248,0.49354999,0.18591428,0.66246200,0.23031584,-0.33493679,323,2021,0.28374033,2022,-0.12914527,348566.36116967,29.71033963,1.18283376,0.00074276,0.06550877,0.00000000,0.03271301,0.00000000,0.89537944,0.00000000
ROT SPY top1 12M fb IEF,sens,sens_2017-07-03,2017-07-03,2022-07-01,false,true,"{""*"": 6, ""ACWX"": 3, ""AGG"": 1, ""BIL"": 1, ""BND"": 1.5, ""BTAL"": 6, ""DBC"": 3, ""DBMF"": 3, ""EEM"": 1, ""EFA"": 1, ""IEF"": 1, ""IWM"": 1, ""KMLM"": 6, ""LQD"": 1.5, ""QQQ"": 1, ""SCZ"": 5, ""SHY"": 1, ""SPY"": 0.7, ""TIP"": 2, ""TLT"": 1, ""TQQQ"": 1.5, ""VEA"": 1.5, ""VEU"": 2, ""VNQ"": 1.5, ""VTI"": 1, ""VWO"": 2}",0.03000000,tests/data/2026-08-24-net15,12M,,IEF,0.00610468,0.01606926,0.00611278,0.01607070,50929.28664881,40000.00000000,10929.28664881,0.27323217,0.07952898,0.07844129,0.50262848,0.18759135,0.67505993,0.23613022,-0.33680134,323,2021,0.28398019,2022,-0.12302395,311196.75008719,25.95964685,1.05413822,0.00064899,,,0.09822496,0.00000000,0.89566226,0.00000000
SPY60/IEF40,sens,sens_2017-07-03,2017-07-03,2022-07-01,true,true,"{""*"": 6, ""ACWX"": 3, ""AGG"": 1, ""BIL"": 1, ""BND"": 1.5, ""BTAL"": 6, ""DBC"": 3, ""DBMF"": 3, ""EEM"": 1, ""EFA"": 1, ""IEF"": 1, ""IWM"": 1, ""KMLM"": 6, ""LQD"": 1.5, ""QQQ"": 1, ""SCZ"": 5, ""SHY"": 1, ""SPY"": 0.7, ""TIP"": 2, ""TLT"": 1, ""TQQQ"": 1.5, ""VEA"": 1.5, ""VEU"": 2, ""VNQ"": 1.5, ""VTI"": 1, ""VWO"": 2}",0.03000000,tests/data/2026-08-24-net15,,,,0.00714669,0.02234513,0.00562937,0.01951498,48206.93457405,40000.00000000,8206.93457405,0.20517336,0.07286198,0.06051793,0.67615687,0.11364583,0.91424590,0.38673824,-0.18840127,,2019,0.21209918,2022,-0.15354927,57627.15193159,4.88942905,0.18832285,0.00012224,,,0.39828306,0.39278723,0.59456841,0.58048502
SPY benchmark,sens,sens_2017-07-03,2017-07-03,2022-07-01,true,true,"{""*"": 6, ""ACWX"": 3, ""AGG"": 1, ""BIL"": 1, ""BND"": 1.5, ""BTAL"": 6, ""DBC"": 3, ""DBMF"": 3, ""EEM"": 1, ""EFA"": 1, ""IEF"": 1, ""IWM"": 1, ""KMLM"": 6, ""LQD"": 1.5, ""QQQ"": 1, ""SCZ"": 5, ""SHY"": 1, ""SPY"": 0.7, ""TIP"": 2, ""TLT"": 1, ""TQQQ"": 1.5, ""VEA"": 1.5, ""VEU"": 2, ""VNQ"": 1.5, ""VTI"": 1, ""VWO"": 2}",0.03000000,tests/data/2026-08-24-net15,,,,0.00584130,0.01606926,0.00584253,0.01607070,54369.01966217,40000.00000000,14369.01966217,0.35922549,0.11140674,0.09984374,0.62410530,0.20232808,0.85103039,0.33176814,-0.33579697,173,2019,0.30803090,2022,-0.19139933,39932.74426649,2.79529210,0.11962748,0.00006988,,,,,0.99415747,0.98392930
ROT SPY top1 1-3-6-12U can TIP/1 fb best(BIL+IEF),sens,sens_2018-01-03,2018-01-03,2023-01-03,false,true,"{""*"": 6, ""ACWX"": 3, ""AGG"": 1, ""BIL"": 1, ""BND"": 1.5, ""BTAL"": 6, ""DBC"": 3, ""DBMF"": 3, ""EEM"": 1, ""EFA"": 1, ""IEF"": 1, ""IWM"": 1, ""KMLM"": 6, ""LQD"": 1.5, ""QQQ"": 1, ""SCZ"": 5, ""SHY"": 1, ""SPY"": 0.7, ""TIP"": 2, ""TLT"": 1, ""TQQQ"": 1.5, ""VEA"": 1.5, ""VEU"": 2, ""VNQ"": 1.5, ""VTI"": 1, ""VWO"": 2}",0.03000000,tests/data/2026-08-24-net15,1-3-6-12U,TIP/1,best(BIL+IEF),0.00488683,0.01631696,0.00490728,0.01639910,63681.07837070,40000.00000000,23681.07837070,0.59202696,0.14932740,0.15164401,1.16326052,0.12679085,1.59319352,1.11390656,-0.13405738,107,2021,0.28400770,2022,-0.00669764,745843.92769639,63.62620514,2.14357292,0.00159066,0.26201589,0.00000000,0.06537230,0.00000000,0.66770453,0.00000000
ROT SPY top1 1-3-6-12U can TIP/1 fb IEF,sens,sens_2018-01-03,2018-01-03,2023-01-03,false,true,"{""*"": 6, ""ACWX"": 3, ""AGG"": 1, ""BIL"": 1, ""BND"": 1.5, ""BTAL"": 6, ""DBC"": 3, ""DBMF"": 3, ""EEM"": 1, ""EFA"": 1, ""IEF"": 1, ""IWM"": 1, ""KMLM"": 6, ""LQD"": 1.5, ""QQQ"": 1, ""SCZ"": 5, ""SHY"": 1, ""SPY"": 0.7, ""TIP"": 2, ""TLT"": 1, ""TQQQ"": 1.5, ""VEA"": 1.5, ""VEU"": 2, ""VNQ"": 1.5, ""VTI"": 1, ""VWO"": 2}",0.03000000,tests/data/2026-08-24-net15,1-3-6-12U,TIP/1,IEF,0.00468793,0.01291960,0.00470680,0.01292088,58821.40453899,40000.00000000,18821.40453899,0.47053511,0.13645752,0.12542771,1.02139872,0.13431420,1.40482991,0.90573704,-0.15065909,,2021,0.28355360,2022,-0.11504040,729718.06754554,61.75402256,2.07895903,0.00154385,,,0.32729905,0.00000000,0.66799415,0.00000000
ROT SPY top1 1-3-6-12U fb best(BIL+IEF),sens,sens_2018-01-03,2018-01-03,2023-01-03,false,true,"{""*"": 6, ""ACWX"": 3, ""AGG"": 1, ""BIL"": 1, ""BND"": 1.5, ""BTAL"": 6, ""DBC"": 3, ""DBMF"": 3, ""EEM"": 1, ""EFA"": 1, ""IEF"": 1, ""IWM"": 1, ""KMLM"": 6, ""LQD"": 1.5, ""QQQ"": 1, ""SCZ"": 5, ""SHY"": 1, ""SPY"": 0.7, ""TIP"": 2, ""TLT"": 1, ""TQQQ"": 1.5, ""VEA"": 1.5, ""VEU"": 2, ""VNQ"": 1.5, ""VTI"": 1, ""VWO"": 2}",0.03000000,tests/data/2026-08-24-net15,1-3-6-12U,,best(BIL+IEF),0.00499235,0.01367638,0.00500584,0.01367688,52873.41798823,40000.00000000,12873.41798823,0.32183545,0.08396216,0.09046494,0.63067819,0.14470933,0.84684815,0.40552749,-0.20704432,483,2021,0.28365036,2022,-0.11953987,412781.75456815,34.70941009,1.33603954,0.00086774,0.16380833,0.00000000,0.06533154,0.00000000,0.76585428,0.00000000
ROT SPY top1 1-3-6-12U fb IEF,sens,sens_2018-01-03,2018-01-03,2023-01-03,false,true,"{""*"": 6, ""ACWX"": 3, ""AGG"": 1, ""BIL"": 1, ""BND"": 1.5, ""BTAL"": 6, ""DBC"": 3, ""DBMF"": 3, ""EEM"": 1, ""EFA"": 1, ""IEF"": 1, ""IWM"": 1, ""KMLM"": 6, ""LQD"": 1.5, ""QQQ"": 1, ""SCZ"": 5, ""SHY"": 1, ""SPY"": 0.7, ""TIP"": 2, ""TLT"": 1, ""TQQQ"": 1.5, ""VEA"": 1.5, ""VEU"": 2, ""VNQ"": 1.5, ""VTI"": 1, ""VWO"": 2}",0.03000000,tests/data/2026-08-24-net15,1-3-6-12U,,IEF,0.00504547,0.01404309,0.00505897,0.01412580,50071.33055434,40000.00000000,10071.33055434,0.25178326,0.07299071,0.07270307,0.54538720,0.15011150,0.73516556,0.34495673,-0.21159381,,2021,0.28352112,2022,-0.17854350,415794.05717718,34.95900217,1.34718187,0.00087398,,,0.22911415,0.00000000,0.76582688,0.00000000
ROT SPY top1 13612W can TIP/1 fb best(BIL+IEF),sens,sens_2018-01-03,2018-01-03,2023-01-03,false,true,"{""*"": 6, ""ACWX"": 3, ""AGG"": 1, ""BIL"": 1, ""BND"": 1.5, ""BTAL"": 6, ""DBC"": 3, ""DBMF"": 3, ""EEM"": 1, ""EFA"": 1, ""IEF"": 1, ""IWM"": 1, ""KMLM"": 6, ""LQD"": 1.5, ""QQQ"": 1, ""SCZ"": 5, ""SHY"": 1, ""SPY"": 0.7, ""TIP"": 2, ""TLT"": 1, ""TQQQ"": 1.5, ""VEA"": 1.5, ""VEU"": 2, ""VNQ"": 1.5, ""VTI"": 1, ""VWO"": 2}",0.03000000,tests/data/2026-08-24-net15,13612W,TIP/1,best(BIL+IEF),0.00334791,0.01160276,0.00337394,0.01160317,52133.10608755,40000.00000000,12133.10608755,0.30332765,0.10146198,0.08585957,0.89604023,0.11550792,1.20965481,0.76002673,-0.13349790,107,2020,0.24433045,2022,-0.08236435,1075234.49529722,91.70139469,3.31804716,0.00229253,0.34378304,0.00000000,0.08177283,0.00000000,0.57107018,0.00000000
ROT SPY top1 13612W can TIP/1 fb IEF,sens,sens_2018-01-03,2018-01-03,2023-01-03,false,true,"{""*"": 6, ""ACWX"": 3, ""AGG"": 1, ""BIL"": 1, ""BND"": 1.5, ""BTAL"": 6, ""DBC"": 3, ""DBMF"": 3, ""EEM"": 1, ""EFA"": 1, ""IEF"": 1, ""IWM"": 1, ""KMLM"": 6, ""LQD"": 1.5, ""QQQ"": 1, ""SCZ"": 5, ""SHY"": 1, ""SPY"": 0.7, ""TIP"": 2, ""TLT"": 1, ""TQQQ"": 1.5, ""VEA"": 1.5, ""VEU"": 2, ""VNQ"": 1.5, ""VTI"": 1, ""VWO"": 2}",0.03000000,tests/data/2026-08-24-net15,13612W,TIP/1,IEF,0.00392399,0.01299427,0.00394843,0.01307728,46737.09667288,40000.00000000,6737.09667288,0.16842742,0.07589818,0.05030750,0.65049637,0.12462518,0.88333195,0.33472760,-0.22674610,,2020,0.24448554,2022,-0.18290524,1027952.34774426,87.19611550,3.24897525,0.00217990,,,0.42536189,0.00000000,0.57068968,0.00000000
ROT SPY top1 13612W fb best(BIL+IEF),sens,sens_2018-01-03,2018-01-03,2023-01-03,false,true,"{""*"": 6, ""ACWX"": 3, ""AGG"": 1, ""BIL"": 1, ""BND"": 1.5, ""BTAL"": 6, ""DBC"": 3, ""DBMF"": 3, ""EEM"": 1, ""EFA"": 1, ""IEF"": 1, ""IWM"": 1, ""KMLM"": 6, ""LQD"": 1.5, ""QQQ"": 1, ""SCZ"": 5, ""SHY"": 1, ""SPY"": 0.7, ""TIP"": 2, ""TLT"": 1, ""TQQQ"": 1.5, ""VEA"": 1.5, ""VEU"": 2, ""VNQ"": 1.5, ""VTI"": 1, ""VWO"": 2}",0.03000000,tests/data/2026-08-24-net15,13612W,,best(BIL+IEF),0.00485130,0.01463905,0.00487847,0.01463958,46892.24419195,40000.00000000,6892.24419195,0.17230610,0.05505444,0.05138260,0.44255955,0.14516736,0.59663326,0.25867089,-0.21283585,,2020,0.24397563,2022,-0.17281932,1188715.24808192,100.69342374,3.96876422,0.00251734,0.18004936,0.00000000,0.06544013,0.00000000,0.74963204,0.00000000
ROT SPY top1 13612W fb IEF,sens,sens_2018-01-03,2018-01-03,2023-01-03,false,true,"{""*"": 6, ""ACWX"": 3, ""AGG"": 1, ""BIL"": 1, ""BND"": 1.5, ""BTAL"": 6, ""DBC"": 3, ""DBMF"": 3, ""EEM"": 1, ""EFA"": 1, ""IEF"": 1, ""IWM"": 1, ""KMLM"": 6, ""LQD"": 1.5, ""QQQ"": 1, ""SCZ"": 5, ""SHY"": 1, ""SPY"": 0.7, ""TIP"": 2, ""TLT"": 1, ""TQQQ"": 1.5, ""VEA"": 1.5, ""VEU"": 2, ""VNQ"": 1.5, ""VTI"": 1, ""VWO"": 2}",0.03000000,tests/data/2026-08-24-net15,13612W,,IEF,0.00563742,0.01501549,0.00566457,0.01501602,43455.47110520,40000.00000000,3455.47110520,0.08638678,0.03714708,0.02673550,0.31873280,0.15000517,0.43005933,0.13228336,-0.28081445,,2020,0.24338239,2022,-0.24074668,1157967.71332998,98.09784755,3.92607574,0.00245245,,,0.24544437,0.00000000,0.74889106,0.00000000
ROT SPY top1 12M can TIP/1 fb best(BIL+IEF),sens,sens_2018-01-03,2018-01-03,2023-01-03,false,true,"{""*"": 6, ""ACWX"": 3, ""AGG"": 1, ""BIL"": 1, ""BND"": 1.5, ""BTAL"": 6, ""DBC"": 3, ""DBMF"": 3, ""EEM"": 1, ""EFA"": 1, ""IEF"": 1, ""IWM"": 1, ""KMLM"": 6, ""LQD"": 1.5, ""QQQ"": 1, ""SCZ"": 5, ""SHY"": 1, ""SPY"": 0.7, ""TIP"": 2, ""TLT"": 1, ""TQQQ"": 1.5, ""VEA"": 1.5, ""VEU"": 2, ""VNQ"": 1.5, ""VTI"": 1, ""VWO"": 2}",0.03000000,tests/data/2026-08-24-net15,12M,TIP/1,best(BIL+IEF),0.00505479,0.01631696,0.00506982,0.01639910,51415.99719671,40000.00000000,11415.99719671,0.28539993,0.08718969,0.08133982,0.56674741,0.17498017,0.75988500,0.25954517,-0.33593261,323,2021,0.28389824,2022,-0.11981275,412612.16312559,35.25886988,1.33737856,0.00088147,0.24556150,0.00000000,0.03275944,0.00000000,0.71660924,0.00000000
ROT SPY top1 12M can TIP/1 fb IEF,sens,sens_2018-01-03,2018-01-03,2023-01-03,false,true,"{""*"": 6, ""ACWX"": 3, ""AGG"": 1, ""BIL"": 1, ""BND"": 1.5, ""BTAL"": 6, ""DBC"": 3, ""DBMF"": 3, ""EEM"": 1, ""EFA"": 1, ""IEF"": 1, ""IWM"": 1, ""KMLM"": 6, ""LQD"": 1.5, ""QQQ"": 1, ""SCZ"": 5, ""SHY"": 1, ""SPY"": 0.7, ""TIP"": 2, ""TLT"": 1, ""TQQQ"": 1.5, ""VEA"": 1.5, ""VEU"": 2, ""VNQ"": 1.5, ""VTI"": 1, ""VWO"": 2}",0.03000000,tests/data/2026-08-24-net15,12M,TIP/1,IEF,0.00476847,0.01291960,0.00478189,0.01292088,49650.04519740,40000.00000000,9650.04519740,0.24125113,0.08612196,0.06995231,0.55118947,0.17962252,0.74181730,0.25670962,-0.33548397,323,2021,0.28361208,2022,-0.17840043,386873.99299211,32.55290683,1.22555502,0.00081382,,,0.27816835,0.00000000,0.71704976,0.00000000
ROT SPY top1 12M fb best(BIL+IEF),sens,sens_2018-01-03,2018-01-03,2023-01-03,false,true,"{""*"": 6, ""ACWX"": 3, ""AGG"": 1, ""BIL"": 1, ""BND"": 1.5, ""BTAL"": 6, ""DBC"": 3, ""DBMF"": 3, ""EEM"": 1, ""EFA"": 1, ""IEF"": 1, ""IWM"": 1, ""KMLM"": 6, ""LQD"": 1.5, ""QQQ"": 1, ""SCZ"": 5, ""SHY"": 1, ""SPY"": 0.7, ""TIP"": 2, ""TLT"": 1, ""TQQQ"": 1.5, ""VEA"": 1.5, ""VEU"": 2, ""VNQ"": 1.5, ""VTI"": 1, ""VWO"": 2}",0.03000000,tests/data/2026-08-24-net15,12M,,best(BIL+IEF),0.00563820,0.01239587,0.00564790,0.01239634,48227.20748188,40000.00000000,8227.20748188,0.20568019,0.05388031,0.06049673,0.37723860,0.18506056,0.50533140,0.16037525,-0.33596398,323,2021,0.28378833,2022,-0.11915056,296358.74323256,25.23504814,1.04026345,0.00063088,0.16377936,0.00000000,0.03269373,0.00000000,0.79787902,0.00000000
ROT SPY top1 12M fb IEF,sens,sens_2018-01-03,2018-01-03,2023-01-03,false,true,"{""*"": 6, ""ACWX"": 3, ""AGG"": 1, ""BIL"": 1, ""BND"": 1.5, ""BTAL"": 6, ""DBC"": 3, ""DBMF"": 3, ""EEM"": 1, ""EFA"": 1, ""IEF"": 1, ""IWM"": 1, ""KMLM"": 6, ""LQD"": 1.5, ""QQQ"": 1, ""SCZ"": 5, ""SHY"": 1, ""SPY"": 0.7, ""TIP"": 2, ""TLT"": 1, ""TQQQ"": 1.5, ""VEA"": 1.5, ""VEU"": 2, ""VNQ"": 1.5, ""VTI"": 1, ""VWO"": 2}",0.03000000,tests/data/2026-08-24-net15,12M,,IEF,0.00565985,0.01415225,0.00566797,0.01423514,45605.97944524,40000.00000000,5605.97944524,0.14014949,0.04229950,0.04236553,0.31466910,0.18904448,0.42267731,0.12631444,-0.33487459,316,2021,0.28330590,2022,-0.17839656,267612.45114353,22.33891045,0.94214301,0.00055847,,,0.19644459,0.00000000,0.79788745,0.00000000
SPY60/IEF40,sens,sens_2018-01-03,2018-01-03,2023-01-03,true,true,"{""*"": 6, ""ACWX"": 3, ""AGG"": 1, ""BIL"": 1, ""BND"": 1.5, ""BTAL"": 6, ""DBC"": 3, ""DBMF"": 3, ""EEM"": 1, ""EFA"": 1, ""IEF"": 1, ""IWM"": 1, ""KMLM"": 6, ""LQD"": 1.5, ""QQQ"": 1, ""SCZ"": 5, ""SHY"": 1, ""SPY"": 0.7, ""TIP"": 2, ""TLT"": 1, ""TQQQ"": 1.5, ""VEA"": 1.5, ""VEU"": 2, ""VNQ"": 1.5, ""VTI"": 1, ""VWO"": 2}",0.03000000,tests/data/2026-08-24-net15,,,,0.00874075,0.02623175,0.00690090,0.01984185,45306.03812164,40000.00000000,5306.03812164,0.13265095,0.05356302,0.04022818,0.48406853,0.12382594,0.66554152,0.25195123,-0.21259282,,2019,0.21138423,2022,-0.16697250,55318.31080554,4.70151944,0.18640711,0.00011754,,,0.39805263,0.39261893,0.59320477,0.58015815
SPY benchmark,sens,sens_2018-01-03,2018-01-03,2023-01-03,true,true,"{""*"": 6, ""ACWX"": 3, ""AGG"": 1, ""BIL"": 1, ""BND"": 1.5, ""BTAL"": 6, ""DBC"": 3, ""DBMF"": 3, ""EEM"": 1, ""EFA"": 1, ""IEF"": 1, ""IWM"": 1, ""KMLM"": 6, ""LQD"": 1.5, ""QQQ"": 1, ""SCZ"": 5, ""SHY"": 1, ""SPY"": 0.7, ""TIP"": 2, ""TLT"": 1, ""TQQQ"": 1.5, ""VEA"": 1.5, ""VEU"": 2, ""VNQ"": 1.5, ""VTI"": 1, ""VWO"": 2}",0.03000000,tests/data/2026-08-24-net15,,,,0.00599019,0.01202681,0.00599144,0.01202812,50772.82943411,40000.00000000,10772.82943411,0.26932074,0.08572069,0.07723556,0.49193175,0.21439699,0.67745590,0.25514055,-0.33597439,173,2019,0.30575270,2022,-0.18346109,39839.06163598,2.78873431,0.12439080,0.00006972,,,,,0.99400856,0.98797188
ROT SPY top1 1-3-6-12U can TIP/1 fb best(BIL+IEF),sens,sens_2018-07-03,2018-07-03,2023-07-03,false,true,"{""*"": 6, ""ACWX"": 3, ""AGG"": 1, ""BIL"": 1, ""BND"": 1.5, ""BTAL"": 6, ""DBC"": 3, ""DBMF"": 3, ""EEM"": 1, ""EFA"": 1, ""IEF"": 1, ""IWM"": 1, ""KMLM"": 6, ""LQD"": 1.5, ""QQQ"": 1, ""SCZ"": 5, ""SHY"": 1, ""SPY"": 0.7, ""TIP"": 2, ""TLT"": 1, ""TQQQ"": 1.5, ""VEA"": 1.5, ""VEU"": 2, ""VNQ"": 1.5, ""VTI"": 1, ""VWO"": 2}",0.03000000,tests/data/2026-08-24-net15,1-3-6-12U,TIP/1,best(BIL+IEF),0.00478989,0.02286424,0.00480772,0.02289844,62398.40571584,40000.00000000,22398.40571584,0.55996014,0.15327491,0.14504619,1.23771620,0.12149234,1.72521332,1.14118008,-0.13431264,110,2021,0.28380398,2022,-0.00656905,810736.89927943,69.06976171,2.29684528,0.00172674,0.29473216,0.00000000,0.06546991,0.00000000,0.63499020,0.00000000
ROT SPY top1 1-3-6-12U can TIP/1 fb IEF,sens,sens_2018-07-03,2018-07-03,2023-07-03,false,true,"{""*"": 6, ""ACWX"": 3, ""AGG"": 1, ""BIL"": 1, ""BND"": 1.5, ""BTAL"": 6, ""DBC"": 3, ""DBMF"": 3, ""EEM"": 1, ""EFA"": 1, ""IEF"": 1, ""IWM"": 1, ""KMLM"": 6, ""LQD"": 1.5, ""QQQ"": 1, ""SCZ"": 5, ""SHY"": 1, ""SPY"": 0.7, ""TIP"": 2, ""TLT"": 1, ""TQQQ"": 1.5, ""VEA"": 1.5, ""VEU"": 2, ""VNQ"": 1.5, ""VTI"": 1, ""VWO"": 2}",0.03000000,tests/data/2026-08-24-net15,1-3-6-12U,TIP/1,IEF,0.00477725,0.02286424,0.00479349,0.02289844,57308.23597731,40000.00000000,17308.23597731,0.43270590,0.13575108,0.11696942,1.03441953,0.13178416,1.44940798,0.89972563,-0.15088053,,2021,0.28327778,2022,-0.11525740,777164.10189534,65.81326963,2.23287101,0.00164533,,,0.36004188,0.00000000,0.63516463,0.00000000
ROT SPY top1 1-3-6-12U fb best(BIL+IEF),sens,sens_2018-07-03,2018-07-03,2023-07-03,false,true,"{""*"": 6, ""ACWX"": 3, ""AGG"": 1, ""BIL"": 1, ""BND"": 1.5, ""BTAL"": 6, ""DBC"": 3, ""DBMF"": 3, ""EEM"": 1, ""EFA"": 1, ""IEF"": 1, ""IWM"": 1, ""KMLM"": 6, ""LQD"": 1.5, ""QQQ"": 1, ""SCZ"": 5, ""SHY"": 1, ""SPY"": 0.7, ""TIP"": 2, ""TLT"": 1, ""TQQQ"": 1.5, ""VEA"": 1.5, ""VEU"": 2, ""VNQ"": 1.5, ""VTI"": 1, ""VWO"": 2}",0.03000000,tests/data/2026-08-24-net15,1-3-6-12U,,best(BIL+IEF),0.00601274,0.02286424,0.00603027,0.02289844,54675.86006432,40000.00000000,14675.86006432,0.36689650,0.09627146,0.10153050,0.73330245,0.13883525,0.99768736,0.46980451,-0.20491813,483,2021,0.28358239,2022,-0.11939986,644651.81094900,54.43876662,2.06559873,0.00136097,0.18010429,0.00000000,0.06545193,0.00000000,0.74841352,0.00000000
ROT SPY top1 1-3-6-12U fb IEF,sens,sens_2018-07-03,2018-07-03,2023-07-03,false,true,"{""*"": 6, ""ACWX"": 3, ""AGG"": 1, ""BIL"": 1, ""BND"": 1.5, ""BTAL"": 6, ""DBC"": 3, ""DBMF"": 3, ""EEM"": 1, ""EFA"": 1, ""IEF"": 1, ""IWM"": 1, ""KMLM"": 6, ""LQD"": 1.5, ""QQQ"": 1, ""SCZ"": 5, ""SHY"": 1, ""SPY"": 0.7, ""TIP"": 2, ""TLT"": 1, ""TQQQ"": 1.5, ""VEA"": 1.5, ""VEU"": 2, ""VNQ"": 1.5, ""VTI"": 1, ""VWO"": 2}",0.03000000,tests/data/2026-08-24-net15,1-3-6-12U,,IEF,0.00540813,0.02286424,0.00542567,0.02289844,54790.59699921,40000.00000000,14790.59699921,0.36976492,0.09744970,0.10221771,0.71061926,0.14627229,0.97485812,0.46115837,-0.21131505,,2021,0.28290588,2022,-0.17826092,640854.50421883,54.12219917,2.06111455,0.00135305,,,0.24557259,0.00000000,0.74900174,0.00000000
ROT SPY top1 13612W can TIP/1 fb best(BIL+IEF),sens,sens_2018-07-03,2018-07-03,2023-07-03,false,true,"{""*"": 6, ""ACWX"": 3, ""AGG"": 1, ""BIL"": 1, ""BND"": 1.5, ""BTAL"": 6, ""DBC"": 3, ""DBMF"": 3, ""EEM"": 1, ""EFA"": 1, ""IEF"": 1, ""IWM"": 1, ""KMLM"": 6, ""LQD"": 1.5, ""QQQ"": 1, ""SCZ"": 5, ""SHY"": 1, ""SPY"": 0.7, ""TIP"": 2, ""TLT"": 1, ""TQQQ"": 1.5, ""VEA"": 1.5, ""VEU"": 2, ""VNQ"": 1.5, ""VTI"": 1, ""VWO"": 2}",0.03000000,tests/data/2026-08-24-net15,13612W,TIP/1,best(BIL+IEF),0.00464422,0.02286424,0.00467295,0.02289844,49925.59067042,40000.00000000,9925.59067042,0.24813977,0.09151548,0.07182623,0.80383658,0.11788212,1.08778810,0.68151000,-0.13428340,107,2020,0.24331407,2022,-0.08216273,1257547.57249018,107.09150329,3.97917559,0.00267729,0.32741980,0.00000000,0.08177113,0.00000000,0.58613612,0.00000000
ROT SPY top1 13612W can TIP/1 fb IEF,sens,sens_2018-07-03,2018-07-03,2023-07-03,false,true,"{""*"": 6, ""ACWX"": 3, ""AGG"": 1, ""BIL"": 1, ""BND"": 1.5, ""BTAL"": 6, ""DBC"": 3, ""DBMF"": 3, ""EEM"": 1, ""EFA"": 1, ""IEF"": 1, ""IWM"": 1, ""KMLM"": 6, ""LQD"": 1.5, ""QQQ"": 1, ""SCZ"": 5, ""SHY"": 1, ""SPY"": 0.7, ""TIP"": 2, ""TLT"": 1, ""TQQQ"": 1.5, ""VEA"": 1.5, ""VEU"": 2, ""VNQ"": 1.5, ""VTI"": 1, ""VWO"": 2}",0.03000000,tests/data/2026-08-24-net15,13612W,TIP/1,IEF,0.00436739,0.02286424,0.00439454,0.02289844,46659.53580777,40000.00000000,6659.53580777,0.16648840,0.07499253,0.04981983,0.62778478,0.12870170,0.85863926,0.33098318,-0.22657505,,2020,0.24354803,2022,-0.18283437,1197518.21295805,101.61596343,3.90361996,0.00254040,,,0.40911821,0.00000000,0.58648724,0.00000000
ROT SPY top1 13612W fb best(BIL+IEF),sens,sens_2018-07-03,2018-07-03,2023-07-03,false,true,"{""*"": 6, ""ACWX"": 3, ""AGG"": 1, ""BIL"": 1, ""BND"": 1.5, ""BTAL"": 6, ""DBC"": 3, ""DBMF"": 3, ""EEM"": 1, ""EFA"": 1, ""IEF"": 1, ""IWM"": 1, ""KMLM"": 6, ""LQD"": 1.5, ""QQQ"": 1, ""SCZ"": 5, ""SHY"": 1, ""SPY"": 0.7, ""TIP"": 2, ""TLT"": 1, ""TQQQ"": 1.5, ""VEA"": 1.5, ""VEU"": 2, ""VNQ"": 1.5, ""VTI"": 1, ""VWO"": 2}",0.03000000,tests/data/2026-08-24-net15,13612W,,best(BIL+IEF),0.00646288,0.02286424,0.00649138,0.02289844,48984.71390077,40000.00000000,8984.71390077,0.22461785,0.06809820,0.06562941,0.53947060,0.14083756,0.73682060,0.32110709,-0.21207317,,2020,0.24386468,2022,-0.17205620,1276399.63718216,108.18142069,4.27022449,0.00270454,0.18006287,0.00000000,0.06545193,0.00000000,0.74799382,0.00000000
ROT SPY top1 13612W fb IEF,sens,sens_2018-07-03,2018-07-03,2023-07-03,false,true,"{""*"": 6, ""ACWX"": 3, ""AGG"": 1, ""BIL"": 1, ""BND"": 1.5, ""BTAL"": 6, ""DBC"": 3, ""DBMF"": 3, ""EEM"": 1, ""EFA"": 1, ""IEF"": 1, ""IWM"": 1, ""KMLM"": 6, ""LQD"": 1.5, ""QQQ"": 1, ""SCZ"": 5, ""SHY"": 1, ""SPY"": 0.7, ""TIP"": 2, ""TLT"": 1, ""TQQQ"": 1.5, ""VEA"": 1.5, ""VEU"": 2, ""VNQ"": 1.5, ""VTI"": 1, ""VWO"": 2}",0.03000000,tests/data/2026-08-24-net15,13612W,,IEF,0.00546064,0.02286424,0.00548917,0.02289844,48267.36780173,40000.00000000,8267.36780173,0.20668420,0.06445850,0.06082898,0.49780461,0.14775556,0.68303795,0.22931170,-0.28109558,,2020,0.24246201,2022,-0.24165894,1246603.01568265,105.61938589,4.22890747,0.00264048,,,0.24549990,0.00000000,0.74901093,0.00000000
ROT SPY top1 12M can TIP/1 fb best(BIL+IEF),sens,sens_2018-07-03,2018-07-03,2023-07-03,false,true,"{""*"": 6, ""ACWX"": 3, ""AGG"": 1, ""BIL"": 1, ""BND"": 1.5, ""BTAL"": 6, ""DBC"": 3, ""DBMF"": 3, ""EEM"": 1, ""EFA"": 1, ""IEF"": 1, ""IWM"": 1, ""KMLM"": 6, ""LQD"": 1.5, ""QQQ"": 1, ""SCZ"": 5, ""SHY"": 1, ""SPY"": 0.7, ""TIP"": 2, ""TLT"": 1, ""TQQQ"": 1.5, ""VEA"": 1.5, ""VEU"": 2, ""VNQ"": 1.5, ""VTI"": 1, ""VWO"": 2}",0.03000000,tests/data/2026-08-24-net15,12M,TIP/1,best(BIL+IEF),0.00484274,0.02286424,0.00485240,0.02289844,50596.95786996,40000.00000000,10596.95786996,0.26492395,0.08783881,0.07618119,0.58173527,0.17017832,0.78369834,0.26055787,-0.33711825,323,2021,0.28372171,2022,-0.11944893,280029.72969994,23.93724650,0.90952127,0.00059843,0.31099883,0.00000000,0.03271087,0.00000000,0.65143791,0.00000000
ROT SPY top1 12M can TIP/1 fb IEF,sens,sens_2018-07-03,2018-07-03,2023-07-03,false,true,"{""*"": 6, ""ACWX"": 3, ""AGG"": 1, ""BIL"": 1, ""BND"": 1.5, ""BTAL"": 6, ""DBC"": 3, ""DBMF"": 3, ""EEM"": 1, ""EFA"": 1, ""IEF"": 1, ""IWM"": 1, ""KMLM"": 6, ""LQD"": 1.5, ""QQQ"": 1, ""SCZ"": 5, ""SHY"": 1, ""SPY"": 0.7, ""TIP"": 2, ""TLT"": 1, ""TQQQ"": 1.5, ""VEA"": 1.5, ""VEU"": 2, ""VNQ"": 1.5, ""VTI"": 1, ""VWO"": 2}",0.03000000,tests/data/2026-08-24-net15,12M,TIP/1,IEF,0.00495273,0.02286424,0.00496080,0.02289844,47862.01996286,40000.00000000,7862.01996286,0.19655050,0.07953265,0.05808655,0.52104205,0.17779040,0.70638277,0.23587046,-0.33718785,323,2021,0.28319950,2022,-0.17830386,256102.89039981,21.49784204,0.82734108,0.00053745,,,0.34367188,0.00000000,0.65136732,0.00000000
ROT SPY top1 12M fb best(BIL+IEF),sens,sens_2018-07-03,2018-07-03,2023-07-03,false,true,"{""*"": 6, ""ACWX"": 3, ""AGG"": 1, ""BIL"": 1, ""BND"": 1.5, ""BTAL"": 6, ""DBC"": 3, ""DBMF"": 3, ""EEM"": 1, ""EFA"": 1, ""IEF"": 1, ""IWM"": 1, ""KMLM"": 6, ""LQD"": 1.5, ""QQQ"": 1, ""SCZ"": 5, ""SHY"": 1, ""SPY"": 0.7, ""TIP"": 2, ""TLT"": 1, ""TQQQ"": 1.5, ""VEA"": 1.5, ""VEU"": 2, ""VNQ"": 1.5, ""VTI"": 1, ""VWO"": 2}",0.03000000,tests/data/2026-08-24-net15,12M,,best(BIL+IEF),0.00621443,0.02286424,0.00622545,0.02289844,51054.31495823,40000.00000000,11054.31495823,0.27635787,0.06886826,0.07911694,0.46255657,0.17936031,0.62389601,0.20432767,-0.33704816,323,2021,0.28303034,2022,-0.11922815,352327.88010447,29.95035016,1.22519451,0.00074876,0.21282528,0.00000000,0.03267339,0.00000000,0.74827588,0.00000000
ROT SPY top1 12M fb IEF,sens,sens_2018-07-03,2018-07-03,2023-07-03,false,true,"{""*"": 6, ""ACWX"": 3, ""AGG"": 1, ""BIL"": 1, ""BND"": 1.5, ""BTAL"": 6, ""DBC"": 3, ""DBMF"": 3, ""EEM"": 1, ""EFA"": 1, ""IEF"": 1, ""IWM"": 1, ""KMLM"": 6, ""LQD"": 1.5, ""QQQ"": 1, ""SCZ"": 5, ""SHY"": 1, ""SPY"": 0.7, ""TIP"": 2, ""TLT"": 1, ""TQQQ"": 1.5, ""VEA"": 1.5, ""VEU"": 2, ""VNQ"": 1.5, ""VTI"": 1, ""VWO"": 2}",0.03000000,tests/data/2026-08-24-net15,12M,,IEF,0.00623916,0.02286424,0.00624862,0.02289844,49657.00295963,40000.00000000,9657.00295963,0.24142507,0.06256864,0.07006855,0.42148813,0.18536746,0.57173336,0.18623554,-0.33596509,323,2021,0.28344408,2022,-0.17830071,326764.61956968,27.40834897,1.14651377,0.00068521,,,0.24548420,0.00000000,0.74826718,0.00000000
SPY60/IEF40,sens,sens_2018-07-03,2018-07-03,2023-07-03,true,true,"{""*"": 6, ""ACWX"": 3, ""AGG"": 1, ""BIL"": 1, ""BND"": 1.5, ""BTAL"": 6, ""DBC"": 3, ""DBMF"": 3, ""EEM"": 1, ""EFA"": 1, ""IEF"": 1, ""IWM"": 1, ""KMLM"": 6, ""LQD"": 1.5, ""QQQ"": 1, ""SCZ"": 5, ""SHY"": 1, ""SPY"": 0.7, ""TIP"": 2, ""TLT"": 1, ""TQQQ"": 1.5, ""VEA"": 1.5, ""VEU"": 2, ""VNQ"": 1.5, ""VTI"": 1, ""VWO"": 2}",0.03000000,tests/data/2026-08-24-net15,,,,0.00792423,0.01961338,0.00608176,0.01576809,48854.51699508,40000.00000000,8854.51699508,0.22136292,0.07535948,0.06476309,0.65239605,0.12330520,0.90766211,0.35461065,-0.21251331,,2019,0.21334984,2022,-0.16723487,52488.86170340,4.48236906,0.17692516,0.00011206,,,0.39808752,0.39451609,0.59398645,0.58423191
SPY benchmark,sens,sens_2018-07-03,2018-07-03,2023-07-03,true,true,"{""*"": 6, ""ACWX"": 3, ""AGG"": 1, ""BIL"": 1, ""BND"": 1.5, ""BTAL"": 6, ""DBC"": 3, ""DBMF"": 3, ""EEM"": 1, ""EFA"": 1, ""IEF"": 1, ""IWM"": 1, ""KMLM"": 6, ""LQD"": 1.5, ""QQQ"": 1, ""SCZ"": 5, ""SHY"": 1, ""SPY"": 0.7, ""TIP"": 2, ""TLT"": 1, ""TQQQ"": 1.5, ""VEA"": 1.5, ""VEU"": 2, ""VNQ"": 1.5, ""VTI"": 1, ""VWO"": 2}",0.03000000,tests/data/2026-08-24-net15,,,,0.00662307,0.02286424,0.00662431,0.02289844,57483.56015721,40000.00000000,17483.56015721,0.43708900,0.11996352,0.11797416,0.64113422,0.21252607,0.89248723,0.35904377,-0.33411949,173,2019,0.30679729,2022,-0.18242534,39722.57226327,2.78058006,0.12311025,0.00006951,,,,,0.99337569,0.97710156
ROT SPY top1 1-3-6-12U can TIP/1 fb best(BIL+IEF),sens,sens_2019-01-03,2019-01-03,2024-01-03,false,true,"{""*"": 6, ""ACWX"": 3, ""AGG"": 1, ""BIL"": 1, ""BND"": 1.5, ""BTAL"": 6, ""DBC"": 3, ""DBMF"": 3, ""EEM"": 1, ""EFA"": 1, ""IEF"": 1, ""IWM"": 1, ""KMLM"": 6, ""LQD"": 1.5, ""QQQ"": 1, ""SCZ"": 5, ""SHY"": 1, ""SPY"": 0.7, ""TIP"": 2, ""TLT"": 1, ""TQQQ"": 1.5, ""VEA"": 1.5, ""VEU"": 2, ""VNQ"": 1.5, ""VTI"": 1, ""VWO"": 2}",0.03000000,tests/data/2026-08-24-net15,1-3-6-12U,TIP/1,best(BIL+IEF),0.00455931,0.01451170,0.00457576,0.01451232,60804.13406841,40000.00000000,20804.13406841,0.52010335,0.14446052,0.13637337,1.17849129,0.12091884,1.63889844,1.08765853,-0.13281790,107,2021,0.28369394,2024,-0.01371508,764228.05470052,65.01577100,2.20709666,0.00162539,0.31121977,0.00000000,0.06530158,0.00000000,0.61890290,0.00000000
ROT SPY top1 1-3-6-12U can TIP/1 fb IEF,sens,sens_2019-01-03,2019-01-03,2024-01-03,false,true,"{""*"": 6, ""ACWX"": 3, ""AGG"": 1, ""BIL"": 1, ""BND"": 1.5, ""BTAL"": 6, ""DBC"": 3, ""DBMF"": 3, ""EEM"": 1, ""EFA"": 1, ""IEF"": 1, ""IWM"": 1, ""KMLM"": 6, ""LQD"": 1.5, ""QQQ"": 1, ""SCZ"": 5, ""SHY"": 1, ""SPY"": 0.7, ""TIP"": 2, ""TLT"": 1, ""TQQQ"": 1.5, ""VEA"": 1.5, ""VEU"": 2, ""VNQ"": 1.5, ""VTI"": 1, ""VWO"": 2}",0.03000000,tests/data/2026-08-24-net15,1-3-6-12U,TIP/1,IEF,0.00456734,0.01451170,0.00458380,0.01451232,53640.64406086,40000.00000000,13640.64406086,0.34101610,0.11178740,0.09518671,0.86252105,0.13340744,1.20677255,0.74198726,-0.15065946,,2021,0.28369394,2022,-0.11500068,734008.90257430,62.44700541,2.22330714,0.00156118,,,0.37648494,0.00000000,0.61893125,0.00000000
ROT SPY top1 1-3-6-12U fb best(BIL+IEF),sens,sens_2019-01-03,2019-01-03,2024-01-03,false,true,"{""*"": 6, ""ACWX"": 3, ""AGG"": 1, ""BIL"": 1, ""BND"": 1.5, ""BTAL"": 6, ""DBC"": 3, ""DBMF"": 3, ""EEM"": 1, ""EFA"": 1, ""IEF"": 1, ""IWM"": 1, ""KMLM"": 6, ""LQD"": 1.5, ""QQQ"": 1, ""SCZ"": 5, ""SHY"": 1, ""SPY"": 0.7, ""TIP"": 2, ""TLT"": 1, ""TQQQ"": 1.5, ""VEA"": 1.5, ""VEU"": 2, ""VNQ"": 1.5, ""VTI"": 1, ""VWO"": 2}",0.03000000,tests/data/2026-08-24-net15,1-3-6-12U,,best(BIL+IEF),0.00510905,0.01451170,0.00512274,0.01451232,57633.33564486,40000.00000000,17633.33564486,0.44083339,0.12693220,0.11872992,0.95712511,0.13455402,1.31530301,0.83463314,-0.15208143,715,2021,0.28369394,2022,-0.11975160,529122.74572019,44.88441164,1.61055455,0.00112211,0.16379747,0.00000000,0.06530158,0.00000000,0.76577822,0.00000000
ROT SPY top1 1-3-6-12U fb IEF,sens,sens_2019-01-03,2019-01-03,2024-01-03,false,true,"{""*"": 6, ""ACWX"": 3, ""AGG"": 1, ""BIL"": 1, ""BND"": 1.5, ""BTAL"": 6, ""DBC"": 3, ""DBMF"": 3, ""EEM"": 1, ""EFA"": 1, ""IEF"": 1, ""IWM"": 1, ""KMLM"": 6, ""LQD"": 1.5, ""QQQ"": 1, ""SCZ"": 5, ""SHY"": 1, ""SPY"": 0.7, ""TIP"": 2, ""TLT"": 1, ""TQQQ"": 1.5, ""VEA"": 1.5, ""VEU"": 2, ""VNQ"": 1.5, ""VTI"": 1, ""VWO"": 2}",0.03000000,tests/data/2026-08-24-net15,1-3-6-12U,,IEF,0.00538964,0.01451170,0.00540333,0.01451232,57564.50302940,40000.00000000,17564.50302940,0.43911258,0.12579047,0.11833704,0.90755329,0.14190136,1.25755124,0.59379559,-0.21184136,722,2021,0.28369394,2022,-0.17879085,522584.29869956,44.33582440,1.60229825,0.00110840,,,0.22908278,0.00000000,0.76551389,0.00000000
ROT SPY top1 13612W can TIP/1 fb best(BIL+IEF),sens,sens_2019-01-03,2019-01-03,2024-01-03,false,true,"{""*"": 6, ""ACWX"": 3, ""AGG"": 1, ""BIL"": 1, ""BND"": 1.5, ""BTAL"": 6, ""DBC"": 3, ""DBMF"": 3, ""EEM"": 1, ""EFA"": 1, ""IEF"": 1, ""IWM"": 1, ""KMLM"": 6, ""LQD"": 1.5, ""QQQ"": 1, ""SCZ"": 5, ""SHY"": 1, ""SPY"": 0.7, ""TIP"": 2, ""TLT"": 1, ""TQQQ"": 1.5, ""VEA"": 1.5, ""VEU"": 2, ""VNQ"": 1.5, ""VTI"": 1, ""VWO"": 2}",0.03000000,tests/data/2026-08-24-net15,13612W,TIP/1,best(BIL+IEF),0.00479559,0.01451170,0.00482030,0.01451232,49555.00716896,40000.00000000,9555.00716896,0.23887518,0.08407684,0.06933766,0.74707982,0.11751668,1.00897771,0.63302337,-0.13281790,107,2020,0.24378598,2022,-0.08216376,1095029.93265763,93.18301101,3.60351239,0.00232958,0.34394714,0.00000000,0.06530158,0.00000000,0.58593099,0.00000000
ROT SPY top1 13612W can TIP/1 fb IEF,sens,sens_2019-01-03,2019-01-03,2024-01-03,false,true,"{""*"": 6, ""ACWX"": 3, ""AGG"": 1, ""BIL"": 1, ""BND"": 1.5, ""BTAL"": 6, ""DBC"": 3, ""DBMF"": 3, ""EEM"": 1, ""EFA"": 1, ""IEF"": 1, ""IWM"": 1, ""KMLM"": 6, ""LQD"": 1.5, ""QQQ"": 1, ""SCZ"": 5, ""SHY"": 1, ""SPY"": 0.7, ""TIP"": 2, ""TLT"": 1, ""TQQQ"": 1.5, ""VEA"": 1.5, ""VEU"": 2, ""VNQ"": 1.5, ""VTI"": 1, ""VWO"": 2}",0.03000000,tests/data/2026-08-24-net15,13612W,TIP/1,IEF,0.00446500,0.01451170,0.00448972,0.01451232,44848.41978602,40000.00000000,4848.41978602,0.12121049,0.05673119,0.03694599,0.48862768,0.13061972,0.66814699,0.25029664,-0.22665582,,2020,0.24378598,2022,-0.18295458,1049503.90749886,89.30374542,3.62567699,0.00223259,,,0.40915126,0.00000000,0.58635902,0.00000000
ROT SPY top1 13612W fb best(BIL+IEF),sens,sens_2019-01-03,2019-01-03,2024-01-03,false,true,"{""*"": 6, ""ACWX"": 3, ""AGG"": 1, ""BIL"": 1, ""BND"": 1.5, ""BTAL"": 6, ""DBC"": 3, ""DBMF"": 3, ""EEM"": 1, ""EFA"": 1, ""IEF"": 1, ""IWM"": 1, ""KMLM"": 6, ""LQD"": 1.5, ""QQQ"": 1, ""SCZ"": 5, ""SHY"": 1, ""SPY"": 0.7, ""TIP"": 2, ""TLT"": 1, ""TQQQ"": 1.5, ""VEA"": 1.5, ""VEU"": 2, ""VNQ"": 1.5, ""VTI"": 1, ""VWO"": 2}",0.03000000,tests/data/2026-08-24-net15,13612W,,best(BIL+IEF),0.00493334,0.01451170,0.00496078,0.01451232,49117.25363266,40000.00000000,9117.25363266,0.22793134,0.08517758,0.06645043,0.67570258,0.13461567,0.92769243,0.40060156,-0.21262418,,2020,0.24378598,2022,-0.17283034,1300333.83063722,110.48144871,4.19193107,0.00276204,0.19649254,0.00000000,0.06530158,0.00000000,0.73324510,0.00000000
ROT SPY top1 13612W fb IEF,sens,sens_2019-01-03,2019-01-03,2024-01-03,false,true,"{""*"": 6, ""ACWX"": 3, ""AGG"": 1, ""BIL"": 1, ""BND"": 1.5, ""BTAL"": 6, ""DBC"": 3, ""DBMF"": 3, ""EEM"": 1, ""EFA"": 1, ""IEF"": 1, ""IWM"": 1, ""KMLM"": 6, ""LQD"": 1.5, ""QQQ"": 1, ""SCZ"": 5, ""SHY"": 1, ""SPY"": 0.7, ""TIP"": 2, ""TLT"": 1, ""TQQQ"": 1.5, ""VEA"": 1.5, ""VEU"": 2, ""VNQ"": 1.5, ""VTI"": 1, ""VWO"": 2}",0.03000000,tests/data/2026-08-24-net15,13612W,,IEF,0.00566687,0.01451170,0.00569427,0.01451232,49236.08531206,40000.00000000,9236.08531206,0.23090213,0.08345256,0.06723658,0.63447534,0.14259031,0.87732630,0.29775129,-0.28027607,,2020,0.24378598,2022,-0.24047410,1263809.91804625,107.41260261,4.14748472,0.00268532,,,0.26174666,0.00000000,0.73255907,0.00000000
ROT SPY top1 12M can TIP/1 fb best(BIL+IEF),sens,sens_2019-01-03,2019-01-03,2024-01-03,false,true,"{""*"": 6, ""ACWX"": 3, ""AGG"": 1, ""BIL"": 1, ""BND"": 1.5, ""BTAL"": 6, ""DBC"": 3, ""DBMF"": 3, ""EEM"": 1, ""EFA"": 1, ""IEF"": 1, ""IWM"": 1, ""KMLM"": 6, ""LQD"": 1.5, ""QQQ"": 1, ""SCZ"": 5, ""SHY"": 1, ""SPY"": 0.7, ""TIP"": 2, ""TLT"": 1, ""TQQQ"": 1.5, ""VEA"": 1.5, ""VEU"": 2, ""VNQ"": 1.5, ""VTI"": 1, ""VWO"": 2}",0.03000000,tests/data/2026-08-24-net15,12M,TIP/1,best(BIL+IEF),0.00529112,0.02117000,0.00530377,0.02117074,47338.84239895,40000.00000000,7338.84239895,0.18347106,0.06745570,0.05446570,0.46986584,0.17025092,0.63127572,0.20020002,-0.33694153,323,2021,0.28313365,2022,-0.11932213,495976.79426117,42.48813140,1.65564090,0.00106220,0.32754069,0.00000000,0.03265622,0.00000000,0.63449932,0.00000000
ROT SPY top1 12M can TIP/1 fb IEF,sens,sens_2019-01-03,2019-01-03,2024-01-03,false,true,"{""*"": 6, ""ACWX"": 3, ""AGG"": 1, ""BIL"": 1, ""BND"": 1.5, ""BTAL"": 6, ""DBC"": 3, ""DBMF"": 3, ""EEM"": 1, ""EFA"": 1, ""IEF"": 1, ""IWM"": 1, ""KMLM"": 6, ""LQD"": 1.5, ""QQQ"": 1, ""SCZ"": 5, ""SHY"": 1, ""SPY"": 0.7, ""TIP"": 2, ""TLT"": 1, ""TQQQ"": 1.5, ""VEA"": 1.5, ""VEU"": 2, ""VNQ"": 1.5, ""VTI"": 1, ""VWO"": 2}",0.03000000,tests/data/2026-08-24-net15,12M,TIP/1,IEF,0.00547003,0.02117431,0.00548111,0.02117509,45320.23183653,40000.00000000,5320.23183653,0.13300580,0.05489881,0.04033488,0.39008168,0.17823589,0.52856710,0.16469031,-0.33334571,316,2021,0.28337666,2022,-0.17838703,450183.47562656,38.29986625,1.54296687,0.00095750,,,0.36011199,0.00000000,0.63440690,0.00000000
ROT SPY top1 12M fb best(BIL+IEF),sens,sens_2019-01-03,2019-01-03,2024-01-03,false,true,"{""*"": 6, ""ACWX"": 3, ""AGG"": 1, ""BIL"": 1, ""BND"": 1.5, ""BTAL"": 6, ""DBC"": 3, ""DBMF"": 3, ""EEM"": 1, ""EFA"": 1, ""IEF"": 1, ""IWM"": 1, ""KMLM"": 6, ""LQD"": 1.5, ""QQQ"": 1, ""SCZ"": 5, ""SHY"": 1, ""SPY"": 0.7, ""TIP"": 2, ""TLT"": 1, ""TQQQ"": 1.5, ""VEA"": 1.5, ""VEU"": 2, ""VNQ"": 1.5, ""VTI"": 1, ""VWO"": 2}",0.03000000,tests/data/2026-08-24-net15,12M,,best(BIL+IEF),0.00563346,0.02117000,0.00564334,0.02117074,54189.35251029,40000.00000000,14189.35251029,0.35473381,0.09776730,0.09851699,0.62337017,0.17449750,0.84425180,0.29016101,-0.33694153,323,2021,0.28313365,2022,-0.11932213,302735.33461206,25.95259775,0.99939596,0.00064881,0.21292753,0.00000000,0.03265622,0.00000000,0.74877291,0.00000000
ROT SPY top1 12M fb IEF,sens,sens_2019-01-03,2019-01-03,2024-01-03,false,true,"{""*"": 6, ""ACWX"": 3, ""AGG"": 1, ""BIL"": 1, ""BND"": 1.5, ""BTAL"": 6, ""DBC"": 3, ""DBMF"": 3, ""EEM"": 1, ""EFA"": 1, ""IEF"": 1, ""IWM"": 1, ""KMLM"": 6, ""LQD"": 1.5, ""QQQ"": 1, ""SCZ"": 5, ""SHY"": 1, ""SPY"": 0.7, ""TIP"": 2, ""TLT"": 1, ""TQQQ"": 1.5, ""VEA"": 1.5, ""VEU"": 2, ""VNQ"": 1.5, ""VTI"": 1, ""VWO"": 2}",0.03000000,tests/data/2026-08-24-net15,12M,,IEF,0.00568124,0.02117431,0.00568955,0.02117509,52672.01490747,40000.00000000,12672.01490747,0.31680037,0.08917559,0.08922943,0.56602745,0.17997328,0.77082250,0.26751685,-0.33334571,316,2021,0.28337666,2022,-0.17838703,279470.34691996,23.67743171,0.93815531,0.00059194,,,0.24549777,0.00000000,0.74881268,0.00000000
SPY60/IEF40,sens,sens_2019-01-03,2019-01-03,2024-01-03,true,true,"{""*"": 6, ""ACWX"": 3, ""AGG"": 1, ""BIL"": 1, ""BND"": 1.5, ""BTAL"": 6, ""DBC"": 3, ""DBMF"": 3, ""EEM"": 1, ""EFA"": 1, ""IEF"": 1, ""IWM"": 1, ""KMLM"": 6, ""LQD"": 1.5, ""QQQ"": 1, ""SCZ"": 5, ""SHY"": 1, ""SPY"": 0.7, ""TIP"": 2, ""TLT"": 1, ""TQQQ"": 1.5, ""VEA"": 1.5, ""VEU"": 2, ""VNQ"": 1.5, ""VTI"": 1, ""VWO"": 2}",0.03000000,tests/data/2026-08-24-net15,,,,0.00758706,0.02757297,0.00590076,0.02031635,50252.76499625,40000.00000000,10252.76499625,0.25631912,0.09296583,0.07389053,0.78647978,0.12281971,1.10029167,0.43528482,-0.21357471,,2019,0.22664781,2022,-0.16840651,51626.40210258,4.40862982,0.17120413,0.00011022,,,0.39809705,0.39274225,0.59431414,0.57968365
SPY benchmark,sens,sens_2019-01-03,2019-01-03,2024-01-03,true,true,"{""*"": 6, ""ACWX"": 3, ""AGG"": 1, ""BIL"": 1, ""BND"": 1.5, ""BTAL"": 6, ""DBC"": 3, ""DBMF"": 3, ""EEM"": 1, ""EFA"": 1, ""IEF"": 1, ""IWM"": 1, ""KMLM"": 6, ""LQD"": 1.5, ""QQQ"": 1, ""SCZ"": 5, ""SHY"": 1, ""SPY"": 0.7, ""TIP"": 2, ""TLT"": 1, ""TQQQ"": 1.5, ""VEA"": 1.5, ""VEU"": 2, ""VNQ"": 1.5, ""VTI"": 1, ""VWO"": 2}",0.03000000,tests/data/2026-08-24-net15,,,,0.00587216,0.01874792,0.00587334,0.01874861,60616.98696768,40000.00000000,20616.98696768,0.51542467,0.15530550,0.13535588,0.79973859,0.20800019,1.11920167,0.46539218,-0.33370886,170,2019,0.33710726,2022,-0.18233140,39744.05943331,2.78208416,0.11612921,0.00006955,,,,,0.99412666,0.98125139
ROT SPY top1 1-3-6-12U can TIP/1 fb best(BIL+IEF),sens,sens_2019-07-03,2019-07-03,2024-07-03,false,true,"{""*"": 6, ""ACWX"": 3, ""AGG"": 1, ""BIL"": 1, ""BND"": 1.5, ""BTAL"": 6, ""DBC"": 3, ""DBMF"": 3, ""EEM"": 1, ""EFA"": 1, ""IEF"": 1, ""IWM"": 1, ""KMLM"": 6, ""LQD"": 1.5, ""QQQ"": 1, ""SCZ"": 5, ""SHY"": 1, ""SPY"": 0.7, ""TIP"": 2, ""TLT"": 1, ""TQQQ"": 1.5, ""VEA"": 1.5, ""VEU"": 2, ""VNQ"": 1.5, ""VTI"": 1, ""VWO"": 2}",0.03000000,tests/data/2026-08-24-net15,1-3-6-12U,TIP/1,best(BIL+IEF),0.00481556,0.01882444,0.00483048,0.01882524,64306.34861974,40000.00000000,24306.34861974,0.60765872,0.16103316,0.15492286,1.29567925,0.12118795,1.81896849,1.21599878,-0.13242871,107,2021,0.28247682,2022,-0.00646818,845181.37803927,71.61706414,2.43769770,0.00179043,0.32759922,0.00000000,0.03269102,0.00000000,0.63487928,0.00000000
ROT SPY top1 1-3-6-12U can TIP/1 fb IEF,sens,sens_2019-07-03,2019-07-03,2024-07-03,false,true,"{""*"": 6, ""ACWX"": 3, ""AGG"": 1, ""BIL"": 1, ""BND"": 1.5, ""BTAL"": 6, ""DBC"": 3, ""DBMF"": 3, ""EEM"": 1, ""EFA"": 1, ""IEF"": 1, ""IWM"": 1, ""KMLM"": 6, ""LQD"": 1.5, ""QQQ"": 1, ""SCZ"": 5, ""SHY"": 1, ""SPY"": 0.7, ""TIP"": 2, ""TLT"": 1, ""TQQQ"": 1.5, ""VEA"": 1.5, ""VEU"": 2, ""VNQ"": 1.5, ""VTI"": 1, ""VWO"": 2}",0.03000000,tests/data/2026-08-24-net15,1-3-6-12U,TIP/1,IEF,0.00506708,0.01882444,0.00508202,0.01882524,57964.68386214,40000.00000000,17964.68386214,0.44911710,0.13084736,0.12063361,0.98782252,0.13385304,1.39366621,0.87018270,-0.15036769,780,2021,0.28247682,2022,-0.11479200,794240.52744735,67.27651408,2.43489934,0.00168191,,,0.36018575,0.00000000,0.63473224,0.00000000
ROT SPY top1 1-3-6-12U fb best(BIL+IEF),sens,sens_2019-07-03,2019-07-03,2024-07-03,false,true,"{""*"": 6, ""ACWX"": 3, ""AGG"": 1, ""BIL"": 1, ""BND"": 1.5, ""BTAL"": 6, ""DBC"": 3, ""DBMF"": 3, ""EEM"": 1, ""EFA"": 1, ""IEF"": 1, ""IWM"": 1, ""KMLM"": 6, ""LQD"": 1.5, ""QQQ"": 1, ""SCZ"": 5, ""SHY"": 1, ""SPY"": 0.7, ""TIP"": 2, ""TLT"": 1, ""TQQQ"": 1.5, ""VEA"": 1.5, ""VEU"": 2, ""VNQ"": 1.5, ""VTI"": 1, ""VWO"": 2}",0.03000000,tests/data/2026-08-24-net15,1-3-6-12U,,best(BIL+IEF),0.00546641,0.01882444,0.00547581,0.01882524,64062.28155041,40000.00000000,24062.28155041,0.60155704,0.15363161,0.15366196,1.12552708,0.13544218,1.56273041,1.01409449,-0.15149634,715,2021,0.28247682,2022,-0.11917548,401866.69118187,33.76323075,1.21996215,0.00084408,0.16375533,0.00000000,0.03269102,0.00000000,0.79807784,0.00000000
ROT SPY top1 1-3-6-12U fb IEF,sens,sens_2019-07-03,2019-07-03,2024-07-03,false,true,"{""*"": 6, ""ACWX"": 3, ""AGG"": 1, ""BIL"": 1, ""BND"": 1.5, ""BTAL"": 6, ""DBC"": 3, ""DBMF"": 3, ""EEM"": 1, ""EFA"": 1, ""IEF"": 1, ""IWM"": 1, ""KMLM"": 6, ""LQD"": 1.5, ""QQQ"": 1, ""SCZ"": 5, ""SHY"": 1, ""SPY"": 0.7, ""TIP"": 2, ""TLT"": 1, ""TQQQ"": 1.5, ""VEA"": 1.5, ""VEU"": 2, ""VNQ"": 1.5, ""VTI"": 1, ""VWO"": 2}",0.03000000,tests/data/2026-08-24-net15,1-3-6-12U,,IEF,0.00539656,0.01882444,0.00540597,0.01882524,64057.07870421,40000.00000000,24057.07870421,0.60142697,0.15262528,0.15363504,1.06881623,0.14276078,1.49494912,0.72279863,-0.21115879,715,2021,0.28247682,2022,-0.17812979,396940.72124471,33.34018130,1.21245579,0.00083350,,,0.19643628,0.00000000,0.79815775,0.00000000
ROT SPY top1 13612W can TIP/1 fb best(BIL+IEF),sens,sens_2019-07-03,2019-07-03,2024-07-03,false,true,"{""*"": 6, ""ACWX"": 3, ""AGG"": 1, ""BIL"": 1, ""BND"": 1.5, ""BTAL"": 6, ""DBC"": 3, ""DBMF"": 3, ""EEM"": 1, ""EFA"": 1, ""IEF"": 1, ""IWM"": 1, ""KMLM"": 6, ""LQD"": 1.5, ""QQQ"": 1, ""SCZ"": 5, ""SHY"": 1, ""SPY"": 0.7, ""TIP"": 2, ""TLT"": 1, ""TQQQ"": 1.5, ""VEA"": 1.5, ""VEU"": 2, ""VNQ"": 1.5, ""VTI"": 1, ""VWO"": 2}",0.03000000,tests/data/2026-08-24-net15,13612W,TIP/1,best(BIL+IEF),0.00443755,0.01882444,0.00446347,0.01882524,51953.04137122,40000.00000000,11953.04137122,0.29882603,0.09363606,0.08475562,0.82355622,0.11731170,1.12058747,0.70706766,-0.13242871,107,2020,0.24538500,2022,-0.08229513,1282703.73320720,108.85165939,4.28599257,0.00272129,0.37660653,0.00000000,0.03269102,0.00000000,0.58623898,0.00000000
ROT SPY top1 13612W can TIP/1 fb IEF,sens,sens_2019-07-03,2019-07-03,2024-07-03,false,true,"{""*"": 6, ""ACWX"": 3, ""AGG"": 1, ""BIL"": 1, ""BND"": 1.5, ""BTAL"": 6, ""DBC"": 3, ""DBMF"": 3, ""EEM"": 1, ""EFA"": 1, ""IEF"": 1, ""IWM"": 1, ""KMLM"": 6, ""LQD"": 1.5, ""QQQ"": 1, ""SCZ"": 5, ""SHY"": 1, ""SPY"": 0.7, ""TIP"": 2, ""TLT"": 1, ""TQQQ"": 1.5, ""VEA"": 1.5, ""VEU"": 2, ""VNQ"": 1.5, ""VTI"": 1, ""VWO"": 2}",0.03000000,tests/data/2026-08-24-net15,13612W,TIP/1,IEF,0.00457908,0.01882444,0.00460501,0.01882524,48237.58358052,40000.00000000,8237.58358052,0.20593959,0.06970932,0.06058570,0.58202817,0.13075896,0.80155032,0.30794065,-0.22637257,,2020,0.24538500,2022,-0.18280933,1210676.55158733,102.72159051,4.27953362,0.00256804,,,0.40916420,0.00000000,0.58623079,0.00000000
ROT SPY top1 13612W fb best(BIL+IEF),sens,sens_2019-07-03,2019-07-03,2024-07-03,false,true,"{""*"": 6, ""ACWX"": 3, ""AGG"": 1, ""BIL"": 1, ""BND"": 1.5, ""BTAL"": 6, ""DBC"": 3, ""DBMF"": 3, ""EEM"": 1, ""EFA"": 1, ""IEF"": 1, ""IWM"": 1, ""KMLM"": 6, ""LQD"": 1.5, ""QQQ"": 1, ""SCZ"": 5, ""SHY"": 1, ""SPY"": 0.7, ""TIP"": 2, ""TLT"": 1, ""TQQQ"": 1.5, ""VEA"": 1.5, ""VEU"": 2, ""VNQ"": 1.5, ""VTI"": 1, ""VWO"": 2}",0.03000000,tests/data/2026-08-24-net15,13612W,,best(BIL+IEF),0.00528395,0.01882444,0.00530707,0.01882524,55336.62343631,40000.00000000,15336.62343631,0.38341559,0.11133702,0.10539681,0.84921594,0.13540307,1.17832030,0.52455778,-0.21224929,1013,2020,0.24538500,2022,-0.17209674,1075247.19236293,91.05382402,3.51810043,0.00227635,0.19648661,0.00000000,0.03269102,0.00000000,0.76551530,0.00000000
ROT SPY top1 13612W fb IEF,sens,sens_2019-07-03,2019-07-03,2024-07-03,false,true,"{""*"": 6, ""ACWX"": 3, ""AGG"": 1, ""BIL"": 1, ""BND"": 1.5, ""BTAL"": 6, ""DBC"": 3, ""DBMF"": 3, ""EEM"": 1, ""EFA"": 1, ""IEF"": 1, ""IWM"": 1, ""KMLM"": 6, ""LQD"": 1.5, ""QQQ"": 1, ""SCZ"": 5, ""SHY"": 1, ""SPY"": 0.7, ""TIP"": 2, ""TLT"": 1, ""TQQQ"": 1.5, ""VEA"": 1.5, ""VEU"": 2, ""VNQ"": 1.5, ""VTI"": 1, ""VWO"": 2}",0.03000000,tests/data/2026-08-24-net15,13612W,,IEF,0.00575359,0.01882444,0.00577671,0.01882524,55410.95298767,40000.00000000,15410.95298767,0.38527382,0.10900649,0.10583690,0.79455596,0.14348615,1.10887989,0.38859179,-0.28051670,1015,2020,0.24538500,2022,-0.24136758,1045071.93540637,88.47743497,3.47394014,0.00221194,,,0.22905740,0.00000000,0.76516590,0.00000000
ROT SPY top1 12M can TIP/1 fb best(BIL+IEF),sens,sens_2019-07-03,2019-07-03,2024-07-03,false,true,"{""*"": 6, ""ACWX"": 3, ""AGG"": 1, ""BIL"": 1, ""BND"": 1.5, ""BTAL"": 6, ""DBC"": 3, ""DBMF"": 3, ""EEM"": 1, ""EFA"": 1, ""IEF"": 1, ""IWM"": 1, ""KMLM"": 6, ""LQD"": 1.5, ""QQQ"": 1, ""SCZ"": 5, ""SHY"": 1, ""SPY"": 0.7, ""TIP"": 2, ""TLT"": 1, ""TQQQ"": 1.5, ""VEA"": 1.5, ""VEU"": 2, ""VNQ"": 1.5, ""VTI"": 1, ""VWO"": 2}",0.03000000,tests/data/2026-08-24-net15,12M,TIP/1,best(BIL+IEF),0.00562760,0.01988144,0.00563984,0.01996357,53134.32366296,40000.00000000,13134.32366296,0.32835809,0.08766620,0.09210089,0.58602573,0.16798272,0.79018085,0.26339014,-0.33283784,316,2021,0.28335616,2022,-0.11965431,596826.44351887,50.47190336,2.03417021,0.00126180,0.34378965,0.00000000,0.01629838,0.00000000,0.63427213,0.00000000
ROT SPY top1 12M can TIP/1 fb IEF,sens,sens_2019-07-03,2019-07-03,2024-07-03,false,true,"{""*"": 6, ""ACWX"": 3, ""AGG"": 1, ""BIL"": 1, ""BND"": 1.5, ""BTAL"": 6, ""DBC"": 3, ""DBMF"": 3, ""EEM"": 1, ""EFA"": 1, ""IEF"": 1, ""IWM"": 1, ""KMLM"": 6, ""LQD"": 1.5, ""QQQ"": 1, ""SCZ"": 5, ""SHY"": 1, ""SPY"": 0.7, ""TIP"": 2, ""TLT"": 1, ""TQQQ"": 1.5, ""VEA"": 1.5, ""VEU"": 2, ""VNQ"": 1.5, ""VTI"": 1, ""VWO"": 2}",0.03000000,tests/data/2026-08-24-net15,12M,TIP/1,IEF,0.00605729,0.01988144,0.00606953,0.01996357,50012.27765460,40000.00000000,10012.27765460,0.25030694,0.07087599,0.07234106,0.47612993,0.17742153,0.64719212,0.21294451,-0.33283784,316,2021,0.28335616,2022,-0.17856051,564241.80852990,47.71905619,1.98339717,0.00119298,,,0.36005007,0.00000000,0.63388040,0.00000000
ROT SPY top1 12M fb best(BIL+IEF),sens,sens_2019-07-03,2019-07-03,2024-07-03,false,true,"{""*"": 6, ""ACWX"": 3, ""AGG"": 1, ""BIL"": 1, ""BND"": 1.5, ""BTAL"": 6, ""DBC"": 3, ""DBMF"": 3, ""EEM"": 1, ""EFA"": 1, ""IEF"": 1, ""IWM"": 1, ""KMLM"": 6, ""LQD"": 1.5, ""QQQ"": 1, ""SCZ"": 5, ""SHY"": 1, ""SPY"": 0.7, ""TIP"": 2, ""TLT"": 1, ""TQQQ"": 1.5, ""VEA"": 1.5, ""VEU"": 2, ""VNQ"": 1.5, ""VTI"": 1, ""VWO"": 2}",0.03000000,tests/data/2026-08-24-net15,12M,,best(BIL+IEF),0.00646163,0.01988144,0.00646834,0.01996357,60341.86132673,40000.00000000,20341.86132673,0.50854653,0.11848329,0.13387444,0.73386555,0.17361467,0.99799413,0.35597902,-0.33283784,316,2021,0.28335616,2022,-0.11965431,228235.62543239,19.00533639,0.75414575,0.00047513,0.19645911,0.00000000,0.01629838,0.00000000,0.78077416,0.00000000
ROT SPY top1 12M fb IEF,sens,sens_2019-07-03,2019-07-03,2024-07-03,false,true,"{""*"": 6, ""ACWX"": 3, ""AGG"": 1, ""BIL"": 1, ""BND"": 1.5, ""BTAL"": 6, ""DBC"": 3, ""DBMF"": 3, ""EEM"": 1, ""EFA"": 1, ""IEF"": 1, ""IWM"": 1, ""KMLM"": 6, ""LQD"": 1.5, ""QQQ"": 1, ""SCZ"": 5, ""SHY"": 1, ""SPY"": 0.7, ""TIP"": 2, ""TLT"": 1, ""TQQQ"": 1.5, ""VEA"": 1.5, ""VEU"": 2, ""VNQ"": 1.5, ""VTI"": 1, ""VWO"": 2}",0.03000000,tests/data/2026-08-24-net15,12M,,IEF,0.00675194,0.01988144,0.00675865,0.01996357,58797.46280766,40000.00000000,18797.46280766,0.46993657,0.11044560,0.12532836,0.67402625,0.17996371,0.92144793,0.33183005,-0.33283784,316,2021,0.28335616,2022,-0.17856051,225835.45005268,18.80189265,0.75986171,0.00047005,,,0.21272900,0.00000000,0.78051235,0.00000000
SPY60/IEF40,sens,sens_2019-07-03,2019-07-03,2024-07-03,true,true,"{""*"": 6, ""ACWX"": 3, ""AGG"": 1, ""BIL"": 1, ""BND"": 1.5, ""BTAL"": 6, ""DBC"": 3, ""DBMF"": 3, ""EEM"": 1, ""EFA"": 1, ""IEF"": 1, ""IWM"": 1, ""KMLM"": 6, ""LQD"": 1.5, ""QQQ"": 1, ""SCZ"": 5, ""SHY"": 1, ""SPY"": 0.7, ""TIP"": 2, ""TLT"": 1, ""TQQQ"": 1.5, ""VEA"": 1.5, ""VEU"": 2, ""VNQ"": 1.5, ""VTI"": 1, ""VWO"": 2}",0.03000000,tests/data/2026-08-24-net15,,,,0.00842654,0.03411878,0.00665973,0.02469518,51382.91682369,40000.00000000,11382.91682369,0.28457292,0.08118523,0.08115444,0.69749272,0.12302034,0.97457380,0.38128335,-0.21292625,795,2023,0.16233099,2022,-0.16827176,48754.57946073,4.14711384,0.17113777,0.00010368,,,0.39791162,0.39053674,0.59366009,0.57530482
SPY benchmark,sens,sens_2019-07-03,2019-07-03,2024-07-03,true,true,"{""*"": 6, ""ACWX"": 3, ""AGG"": 1, ""BIL"": 1, ""BND"": 1.5, ""BTAL"": 6, ""DBC"": 3, ""DBMF"": 3, ""EEM"": 1, ""EFA"": 1, ""IEF"": 1, ""IWM"": 1, ""KMLM"": 6, ""LQD"": 1.5, ""QQQ"": 1, ""SCZ"": 5, ""SHY"": 1, ""SPY"": 0.7, ""TIP"": 2, ""TLT"": 1, ""TQQQ"": 1.5, ""VEA"": 1.5, ""VEU"": 2, ""VNQ"": 1.5, ""VTI"": 1, ""VWO"": 2}",0.03000000,tests/data/2026-08-24-net15,,,,0.00648914,0.01882444,0.00649037,0.01882524,63889.29601020,40000.00000000,23889.29601020,0.59723240,0.14498274,0.15276562,0.76045722,0.20664864,1.06215380,0.43559571,-0.33283784,173,2021,0.28279000,2022,-0.18309715,39924.31580107,2.79470211,0.12473889,0.00006987,,,,,0.99350963,0.98117476
ROT SPY top1 1-3-6-12U can TIP/1 fb best(BIL+IEF),sens,sens_2020-01-03,2020-01-03,2025-01-03,false,true,"{""*"": 6, ""ACWX"": 3, ""AGG"": 1, ""BIL"": 1, ""BND"": 1.5, ""BTAL"": 6, ""DBC"": 3, ""DBMF"": 3, ""EEM"": 1, ""EFA"": 1, ""IEF"": 1, ""IWM"": 1, ""KMLM"": 6, ""LQD"": 1.5, ""QQQ"": 1, ""SCZ"": 5, ""SHY"": 1, ""SPY"": 0.7, ""TIP"": 2, ""TLT"": 1, ""TQQQ"": 1.5, ""VEA"": 1.5, ""VEU"": 2, ""VNQ"": 1.5, ""VTI"": 1, ""VWO"": 2}",0.03000000,tests/data/2026-08-24-net15,1-3-6-12U,TIP/1,best(BIL+IEF),0.00512378,0.01928838,0.00514006,0.01937051,63225.66443337,40000.00000000,23225.66443337,0.58064161,0.15606968,0.14919197,1.24417561,0.12292184,1.74631141,1.16724961,-0.13370720,110,2021,0.28220560,2022,-0.00685093,847699.64342835,71.83291449,2.48415769,0.00179582,0.34395090,0.00000000,0.03271590,0.00000000,0.61819314,0.00000000
ROT SPY top1 1-3-6-12U can TIP/1 fb IEF,sens,sens_2020-01-03,2020-01-03,2025-01-03,false,true,"{""*"": 6, ""ACWX"": 3, ""AGG"": 1, ""BIL"": 1, ""BND"": 1.5, ""BTAL"": 6, ""DBC"": 3, ""DBMF"": 3, ""EEM"": 1, ""EFA"": 1, ""IEF"": 1, ""IWM"": 1, ""KMLM"": 6, ""LQD"": 1.5, ""QQQ"": 1, ""SCZ"": 5, ""SHY"": 1, ""SPY"": 0.7, ""TIP"": 2, ""TLT"": 1, ""TQQQ"": 1.5, ""VEA"": 1.5, ""VEU"": 2, ""VNQ"": 1.5, ""VTI"": 1, ""VWO"": 2}",0.03000000,tests/data/2026-08-24-net15,1-3-6-12U,TIP/1,IEF,0.00519782,0.01928838,0.00521411,0.01937051,57445.02975664,40000.00000000,17445.02975664,0.43612574,0.12578350,0.11758025,0.94461871,0.13543714,1.33234273,0.83448356,-0.15073215,780,2021,0.28220560,2022,-0.11511837,792332.60254058,67.12945016,2.48891201,0.00167824,,,0.37657702,0.00000000,0.61820886,0.00000000
ROT SPY top1 1-3-6-12U fb best(BIL+IEF),sens,sens_2020-01-03,2020-01-03,2025-01-03,false,true,"{""*"": 6, ""ACWX"": 3, ""AGG"": 1, ""BIL"": 1, ""BND"": 1.5, ""BTAL"": 6, ""DBC"": 3, ""DBMF"": 3, ""EEM"": 1, ""EFA"": 1, ""IEF"": 1, ""IWM"": 1, ""KMLM"": 6, ""LQD"": 1.5, ""QQQ"": 1, ""SCZ"": 5, ""SHY"": 1, ""SPY"": 0.7, ""TIP"": 2, ""TLT"": 1, ""TQQQ"": 1.5, ""VEA"": 1.5, ""VEU"": 2, ""VNQ"": 1.5, ""VTI"": 1, ""VWO"": 2}",0.03000000,tests/data/2026-08-24-net15,1-3-6-12U,,best(BIL+IEF),0.00585476,0.01928838,0.00586416,0.01937051,63942.46639063,40000.00000000,23942.46639063,0.59856166,0.15134543,0.15292464,1.09970978,0.13700634,1.52856755,1.00021474,-0.15131293,715,2021,0.28220560,2022,-0.11887952,341625.08538256,28.63576417,1.04402926,0.00071589,0.16370834,0.00000000,0.03271590,0.00000000,0.79771160,0.00000000
ROT SPY top1 1-3-6-12U fb IEF,sens,sens_2020-01-03,2020-01-03,2025-01-03,false,true,"{""*"": 6, ""ACWX"": 3, ""AGG"": 1, ""BIL"": 1, ""BND"": 1.5, ""BTAL"": 6, ""DBC"": 3, ""DBMF"": 3, ""EEM"": 1, ""EFA"": 1, ""IEF"": 1, ""IWM"": 1, ""KMLM"": 6, ""LQD"": 1.5, ""QQQ"": 1, ""SCZ"": 5, ""SHY"": 1, ""SPY"": 0.7, ""TIP"": 2, ""TLT"": 1, ""TQQQ"": 1.5, ""VEA"": 1.5, ""VEU"": 2, ""VNQ"": 1.5, ""VTI"": 1, ""VWO"": 2}",0.03000000,tests/data/2026-08-24-net15,1-3-6-12U,,IEF,0.00588012,0.01928838,0.00588952,0.01937051,63956.73668415,40000.00000000,23956.73668415,0.59891842,0.15027532,0.15299856,1.04514284,0.14423875,1.46304405,0.71227936,-0.21097807,715,2021,0.28220560,2022,-0.17785106,337135.61015476,28.25609367,1.03549176,0.00070640,,,0.19639833,0.00000000,0.79771215,0.00000000
ROT SPY top1 13612W can TIP/1 fb best(BIL+IEF),sens,sens_2020-01-03,2020-01-03,2025-01-03,false,true,"{""*"": 6, ""ACWX"": 3, ""AGG"": 1, ""BIL"": 1, ""BND"": 1.5, ""BTAL"": 6, ""DBC"": 3, ""DBMF"": 3, ""EEM"": 1, ""EFA"": 1, ""IEF"": 1, ""IWM"": 1, ""KMLM"": 6, ""LQD"": 1.5, ""QQQ"": 1, ""SCZ"": 5, ""SHY"": 1, ""SPY"": 0.7, ""TIP"": 2, ""TLT"": 1, ""TQQQ"": 1.5, ""VEA"": 1.5, ""VEU"": 2, ""VNQ"": 1.5, ""VTI"": 1, ""VWO"": 2}",0.03000000,tests/data/2026-08-24-net15,13612W,TIP/1,best(BIL+IEF),0.00527319,0.01928838,0.00530320,0.01937051,49499.95258013,40000.00000000,9499.95258013,0.23749881,0.07708127,0.06893230,0.68999105,0.11797604,0.93414484,0.57649301,-0.13370720,110,2020,0.23896259,2022,-0.08190211,1391741.81782986,118.16501086,4.78834284,0.00295413,0.40929653,0.00000000,0.03271590,0.00000000,0.55268436,0.00000000
ROT SPY top1 13612W can TIP/1 fb IEF,sens,sens_2020-01-03,2020-01-03,2025-01-03,false,true,"{""*"": 6, ""ACWX"": 3, ""AGG"": 1, ""BIL"": 1, ""BND"": 1.5, ""BTAL"": 6, ""DBC"": 3, ""DBMF"": 3, ""EEM"": 1, ""EFA"": 1, ""IEF"": 1, ""IWM"": 1, ""KMLM"": 6, ""LQD"": 1.5, ""QQQ"": 1, ""SCZ"": 5, ""SHY"": 1, ""SPY"": 0.7, ""TIP"": 2, ""TLT"": 1, ""TQQQ"": 1.5, ""VEA"": 1.5, ""VEU"": 2, ""VNQ"": 1.5, ""VTI"": 1, ""VWO"": 2}",0.03000000,tests/data/2026-08-24-net15,13612W,TIP/1,IEF,0.00553102,0.01928838,0.00556102,0.01937051,46595.95198705,40000.00000000,6595.95198705,0.16489880,0.05451371,0.04930163,0.46998455,0.13167833,0.64462224,0.24005131,-0.22709192,1138,2020,0.23896259,2022,-0.18307608,1312294.15471095,111.41971624,4.79395280,0.00278549,,,0.44192530,0.00000000,0.55251368,0.00000000
ROT SPY top1 13612W fb best(BIL+IEF),sens,sens_2020-01-03,2020-01-03,2025-01-03,false,true,"{""*"": 6, ""ACWX"": 3, ""AGG"": 1, ""BIL"": 1, ""BND"": 1.5, ""BTAL"": 6, ""DBC"": 3, ""DBMF"": 3, ""EEM"": 1, ""EFA"": 1, ""IEF"": 1, ""IWM"": 1, ""KMLM"": 6, ""LQD"": 1.5, ""QQQ"": 1, ""SCZ"": 5, ""SHY"": 1, ""SPY"": 0.7, ""TIP"": 2, ""TLT"": 1, ""TQQQ"": 1.5, ""VEA"": 1.5, ""VEU"": 2, ""VNQ"": 1.5, ""VTI"": 1, ""VWO"": 2}",0.03000000,tests/data/2026-08-24-net15,13612W,,best(BIL+IEF),0.00680431,0.01928838,0.00682736,0.01937051,55906.79829724,40000.00000000,15906.79829724,0.39766996,0.10898470,0.10867307,0.82608539,0.13686290,1.14712173,0.51467707,-0.21175356,1013,2024,0.24538941,2022,-0.17180105,909520.69799916,76.98838680,3.03761955,0.00192471,0.19641268,0.00000000,0.03271590,0.00000000,0.76404406,0.00000000
ROT SPY top1 13612W fb IEF,sens,sens_2020-01-03,2020-01-03,2025-01-03,false,true,"{""*"": 6, ""ACWX"": 3, ""AGG"": 1, ""BIL"": 1, ""BND"": 1.5, ""BTAL"": 6, ""DBC"": 3, ""DBMF"": 3, ""EEM"": 1, ""EFA"": 1, ""IEF"": 1, ""IWM"": 1, ""KMLM"": 6, ""LQD"": 1.5, ""QQQ"": 1, ""SCZ"": 5, ""SHY"": 1, ""SPY"": 0.7, ""TIP"": 2, ""TLT"": 1, ""TQQQ"": 1.5, ""VEA"": 1.5, ""VEU"": 2, ""VNQ"": 1.5, ""VTI"": 1, ""VWO"": 2}",0.03000000,tests/data/2026-08-24-net15,13612W,,IEF,0.00705879,0.01928838,0.00708184,0.01937051,56057.22973254,40000.00000000,16057.22973254,0.40143074,0.10672190,0.10955412,0.77395468,0.14489589,1.08108795,0.38116836,-0.27998624,1015,2024,0.24421028,2022,-0.24012392,886104.67335358,74.97743352,2.99552593,0.00187444,,,0.22904393,0.00000000,0.76387423,0.00000000
ROT SPY top1 12M can TIP/1 fb best(BIL+IEF),sens,sens_2020-01-03,2020-01-03,2025-01-03,false,true,"{""*"": 6, ""ACWX"": 3, ""AGG"": 1, ""BIL"": 1, ""BND"": 1.5, ""BTAL"": 6, ""DBC"": 3, ""DBMF"": 3, ""EEM"": 1, ""EFA"": 1, ""IEF"": 1, ""IWM"": 1, ""KMLM"": 6, ""LQD"": 1.5, ""QQQ"": 1, ""SCZ"": 5, ""SHY"": 1, ""SPY"": 0.7, ""TIP"": 2, ""TLT"": 1, ""TQQQ"": 1.5, ""VEA"": 1.5, ""VEU"": 2, ""VNQ"": 1.5, ""VTI"": 1, ""VWO"": 2}",0.03000000,tests/data/2026-08-24-net15,12M,TIP/1,best(BIL+IEF),0.00642290,0.02047233,0.00643512,0.02047306,54202.98524432,40000.00000000,14202.98524432,0.35507463,0.08515046,0.09853730,0.56624542,0.17051253,0.76450293,0.25293080,-0.33665516,323,2021,0.28261018,2022,-0.11893179,521598.92630252,44.09144499,1.79667536,0.00110229,0.34377433,0.00000000,0.01629556,0.00000000,0.63349499,0.00000000
ROT SPY top1 12M can TIP/1 fb IEF,sens,sens_2020-01-03,2020-01-03,2025-01-03,false,true,"{""*"": 6, ""ACWX"": 3, ""AGG"": 1, ""BIL"": 1, ""BND"": 1.5, ""BTAL"": 6, ""DBC"": 3, ""DBMF"": 3, ""EEM"": 1, ""EFA"": 1, ""IEF"": 1, ""IWM"": 1, ""KMLM"": 6, ""LQD"": 1.5, ""QQQ"": 1, ""SCZ"": 5, ""SHY"": 1, ""SPY"": 0.7, ""TIP"": 2, ""TLT"": 1, ""TQQQ"": 1.5, ""VEA"": 1.5, ""VEU"": 2, ""VNQ"": 1.5, ""VTI"": 1, ""VWO"": 2}",0.03000000,tests/data/2026-08-24-net15,12M,TIP/1,IEF,0.00645104,0.02047233,0.00646327,0.02047306,51314.87282860,40000.00000000,11314.87282860,0.28287182,0.06846315,0.08065716,0.45956950,0.17984179,0.62531704,0.20336285,-0.33665516,323,2021,0.28261018,2022,-0.17788434,494485.65268156,41.79171628,1.76705065,0.00104479,,,0.36013087,0.00000000,0.63340585,0.00000000
ROT SPY top1 12M fb best(BIL+IEF),sens,sens_2020-01-03,2020-01-03,2025-01-03,false,true,"{""*"": 6, ""ACWX"": 3, ""AGG"": 1, ""BIL"": 1, ""BND"": 1.5, ""BTAL"": 6, ""DBC"": 3, ""DBMF"": 3, ""EEM"": 1, ""EFA"": 1, ""IEF"": 1, ""IWM"": 1, ""KMLM"": 6, ""LQD"": 1.5, ""QQQ"": 1, ""SCZ"": 5, ""SHY"": 1, ""SPY"": 0.7, ""TIP"": 2, ""TLT"": 1, ""TQQQ"": 1.5, ""VEA"": 1.5, ""VEU"": 2, ""VNQ"": 1.5, ""VTI"": 1, ""VWO"": 2}",0.03000000,tests/data/2026-08-24-net15,12M,,best(BIL+IEF),0.00694375,0.02047233,0.00695045,0.02047306,61154.24749291,40000.00000000,21154.24749291,0.52885619,0.11633956,0.13818258,0.71515000,0.17607389,0.97367626,0.34557486,-0.33665516,323,2021,0.28261018,2022,-0.11893179,195235.66786960,16.20585568,0.63960048,0.00040515,0.19646590,0.00000000,0.01629556,0.00000000,0.78028809,0.00000000
ROT SPY top1 12M fb IEF,sens,sens_2020-01-03,2020-01-03,2025-01-03,false,true,"{""*"": 6, ""ACWX"": 3, ""AGG"": 1, ""BIL"": 1, ""BND"": 1.5, ""BTAL"": 6, ""DBC"": 3, ""DBMF"": 3, ""EEM"": 1, ""EFA"": 1, ""IEF"": 1, ""IWM"": 1, ""KMLM"": 6, ""LQD"": 1.5, ""QQQ"": 1, ""SCZ"": 5, ""SHY"": 1, ""SPY"": 0.7, ""TIP"": 2, ""TLT"": 1, ""TQQQ"": 1.5, ""VEA"": 1.5, ""VEU"": 2, ""VNQ"": 1.5, ""VTI"": 1, ""VWO"": 2}",0.03000000,tests/data/2026-08-24-net15,12M,,IEF,0.00643301,0.02047233,0.00643971,0.02047306,59795.42605167,40000.00000000,19795.42605167,0.49488565,0.10855882,0.13077259,0.65811708,0.18239800,0.90063355,0.32246295,-0.33665516,323,2021,0.28261018,2022,-0.17788434,193402.79033064,16.04603530,0.64605870,0.00040115,,,0.21273350,0.00000000,0.78082680,0.00000000
SPY60/IEF40,sens,sens_2020-01-03,2020-01-03,2025-01-03,true,true,"{""*"": 6, ""ACWX"": 3, ""AGG"": 1, ""BIL"": 1, ""BND"": 1.5, ""BTAL"": 6, ""DBC"": 3, ""DBMF"": 3, ""EEM"": 1, ""EFA"": 1, ""IEF"": 1, ""IWM"": 1, ""KMLM"": 6, ""LQD"": 1.5, ""QQQ"": 1, ""SCZ"": 5, ""SHY"": 1, ""SPY"": 0.7, ""TIP"": 2, ""TLT"": 1, ""TQQQ"": 1.5, ""VEA"": 1.5, ""VEU"": 2, ""VNQ"": 1.5, ""VTI"": 1, ""VWO"": 2}",0.03000000,tests/data/2026-08-24-net15,,,,0.00935592,0.02405851,0.00728401,0.01904226,51401.13443175,40000.00000000,11401.13443175,0.28502836,0.07812283,0.08120469,0.67027500,0.12394464,0.93555658,0.36636144,-0.21323977,795,2023,0.16242440,2022,-0.16809318,43774.90108567,3.77054381,0.15456101,0.00009426,,,0.39765015,0.39097325,0.59299228,0.58095774
SPY benchmark,sens,sens_2020-01-03,2020-01-03,2025-01-03,true,true,"{""*"": 6, ""ACWX"": 3, ""AGG"": 1, ""BIL"": 1, ""BND"": 1.5, ""BTAL"": 6, ""DBC"": 3, ""DBMF"": 3, ""EEM"": 1, ""EFA"": 1, ""IEF"": 1, ""IWM"": 1, ""KMLM"": 6, ""LQD"": 1.5, ""QQQ"": 1, ""SCZ"": 5, ""SHY"": 1, ""SPY"": 0.7, ""TIP"": 2, ""TLT"": 1, ""TQQQ"": 1.5, ""VEA"": 1.5, ""VEU"": 2, ""VNQ"": 1.5, ""VTI"": 1, ""VWO"": 2}",0.03000000,tests/data/2026-08-24-net15,,,,0.00727444,0.01837760,0.00727567,0.01837842,64098.60236288,40000.00000000,24098.60236288,0.60246506,0.14320158,0.15373261,0.74743375,0.20874618,1.04471353,0.42536576,-0.33665516,173,2021,0.28286123,2022,-0.18106724,39528.67319861,2.76700712,0.12301764,0.00006918,,,,,0.99272433,0.98162158
ROT SPY top1 1-3-6-12U can TIP/1 fb best(BIL+IEF),sens,sens_2020-07-06,2020-07-06,2025-07-03,false,true,"{""*"": 6, ""ACWX"": 3, ""AGG"": 1, ""BIL"": 1, ""BND"": 1.5, ""BTAL"": 6, ""DBC"": 3, ""DBMF"": 3, ""EEM"": 1, ""EFA"": 1, ""IEF"": 1, ""IWM"": 1, ""KMLM"": 6, ""LQD"": 1.5, ""QQQ"": 1, ""SCZ"": 5, ""SHY"": 1, ""SPY"": 0.7, ""TIP"": 2, ""TLT"": 1, ""TQQQ"": 1.5, ""VEA"": 1.5, ""VEU"": 2, ""VNQ"": 1.5, ""VTI"": 1, ""VWO"": 2}",0.03000000,tests/data/2026-08-24-net15,1-3-6-12U,TIP/1,best(BIL+IEF),0.00651282,0.02579172,0.00653052,0.02579267,62527.97596544,40000.00000000,22527.97596544,0.56319940,0.15967025,0.14581636,1.37633559,0.11249726,2.01375395,1.44461933,-0.11052756,202,2021,0.28090630,2022,-0.00588387,1024181.30463989,86.84785806,3.05454287,0.00217120,0.36025524,0.00000000,0.00000000,0.00000000,0.63321424,0.00000000
ROT SPY top1 1-3-6-12U can TIP/1 fb IEF,sens,sens_2020-07-06,2020-07-06,2025-07-03,false,true,"{""*"": 6, ""ACWX"": 3, ""AGG"": 1, ""BIL"": 1, ""BND"": 1.5, ""BTAL"": 6, ""DBC"": 3, ""DBMF"": 3, ""EEM"": 1, ""EFA"": 1, ""IEF"": 1, ""IWM"": 1, ""KMLM"": 6, ""LQD"": 1.5, ""QQQ"": 1, ""SCZ"": 5, ""SHY"": 1, ""SPY"": 0.7, ""TIP"": 2, ""TLT"": 1, ""TQQQ"": 1.5, ""VEA"": 1.5, ""VEU"": 2, ""VNQ"": 1.5, ""VTI"": 1, ""VWO"": 2}",0.03000000,tests/data/2026-08-24-net15,1-3-6-12U,TIP/1,IEF,0.00720993,0.02579172,0.00722762,0.02579267,57905.27864173,40000.00000000,17905.27864173,0.44763197,0.13139986,0.12044475,1.04094248,0.12658532,1.51856715,0.87492641,-0.15018390,780,2021,0.28090630,2022,-0.11466087,950899.67543781,80.61883861,3.05333894,0.00201547,,,0.36010441,0.00000000,0.63266796,0.00000000
ROT SPY top1 1-3-6-12U fb best(BIL+IEF),sens,sens_2020-07-06,2020-07-06,2025-07-03,false,true,"{""*"": 6, ""ACWX"": 3, ""AGG"": 1, ""BIL"": 1, ""BND"": 1.5, ""BTAL"": 6, ""DBC"": 3, ""DBMF"": 3, ""EEM"": 1, ""EFA"": 1, ""IEF"": 1, ""IWM"": 1, ""KMLM"": 6, ""LQD"": 1.5, ""QQQ"": 1, ""SCZ"": 5, ""SHY"": 1, ""SPY"": 0.7, ""TIP"": 2, ""TLT"": 1, ""TQQQ"": 1.5, ""VEA"": 1.5, ""VEU"": 2, ""VNQ"": 1.5, ""VTI"": 1, ""VWO"": 2}",0.03000000,tests/data/2026-08-24-net15,1-3-6-12U,,best(BIL+IEF),0.00674028,0.02579172,0.00674975,0.02579267,64246.62618127,40000.00000000,24246.62618127,0.60616565,0.15796852,0.15481078,1.20538050,0.12887543,1.72609102,1.04674821,-0.15091358,714,2021,0.28090630,2022,-0.11863531,481761.85586659,40.53396038,1.47993083,0.00101335,0.18006485,0.00000000,0.00000000,0.00000000,0.81318541,0.00000000
ROT SPY top1 1-3-6-12U fb IEF,sens,sens_2020-07-06,2020-07-06,2025-07-03,false,true,"{""*"": 6, ""ACWX"": 3, ""AGG"": 1, ""BIL"": 1, ""BND"": 1.5, ""BTAL"": 6, ""DBC"": 3, ""DBMF"": 3, ""EEM"": 1, ""EFA"": 1, ""IEF"": 1, ""IWM"": 1, ""KMLM"": 6, ""LQD"": 1.5, ""QQQ"": 1, ""SCZ"": 5, ""SHY"": 1, ""SPY"": 0.7, ""TIP"": 2, ""TLT"": 1, ""TQQQ"": 1.5, ""VEA"": 1.5, ""VEU"": 2, ""VNQ"": 1.5, ""VTI"": 1, ""VWO"": 2}",0.03000000,tests/data/2026-08-24-net15,1-3-6-12U,,IEF,0.00696103,0.02579172,0.00697050,0.02579267,64731.09134289,40000.00000000,24731.09134289,0.61827728,0.15847936,0.15730634,1.14552353,0.13692842,1.64820019,0.75225008,-0.21067377,715,2021,0.28090630,2022,-0.17768433,479325.42802742,40.31955004,1.47756870,0.00100799,,,0.18001638,0.00000000,0.81301312,0.00000000
ROT SPY top1 13612W can TIP/1 fb best(BIL+IEF),sens,sens_2020-07-06,2020-07-06,2025-07-03,false,true,"{""*"": 6, ""ACWX"": 3, ""AGG"": 1, ""BIL"": 1, ""BND"": 1.5, ""BTAL"": 6, ""DBC"": 3, ""DBMF"": 3, ""EEM"": 1, ""EFA"": 1, ""IEF"": 1, ""IWM"": 1, ""KMLM"": 6, ""LQD"": 1.5, ""QQQ"": 1, ""SCZ"": 5, ""SHY"": 1, ""SPY"": 0.7, ""TIP"": 2, ""TLT"": 1, ""TQQQ"": 1.5, ""VEA"": 1.5, ""VEU"": 2, ""VNQ"": 1.5, ""VTI"": 1, ""VWO"": 2}",0.03000000,tests/data/2026-08-24-net15,13612W,TIP/1,best(BIL+IEF),0.00612111,0.02579172,0.00615250,0.02579267,47122.58888938,40000.00000000,7122.58888938,0.17806472,0.06606097,0.05305137,0.65950476,0.10570985,0.91188396,0.52672343,-0.12541870,,2020,0.18625988,2022,-0.08188409,1433499.80641941,121.72977725,5.08797487,0.00304324,0.40918483,0.00000000,0.03276707,0.00000000,0.55189560,0.00000000
ROT SPY top1 13612W can TIP/1 fb IEF,sens,sens_2020-07-06,2020-07-06,2025-07-03,false,true,"{""*"": 6, ""ACWX"": 3, ""AGG"": 1, ""BIL"": 1, ""BND"": 1.5, ""BTAL"": 6, ""DBC"": 3, ""DBMF"": 3, ""EEM"": 1, ""EFA"": 1, ""IEF"": 1, ""IWM"": 1, ""KMLM"": 6, ""LQD"": 1.5, ""QQQ"": 1, ""SCZ"": 5, ""SHY"": 1, ""SPY"": 0.7, ""TIP"": 2, ""TLT"": 1, ""TQQQ"": 1.5, ""VEA"": 1.5, ""VEU"": 2, ""VNQ"": 1.5, ""VTI"": 1, ""VWO"": 2}",0.03000000,tests/data/2026-08-24-net15,13612W,TIP/1,IEF,0.00594365,0.02579172,0.00597504,0.02579267,44920.34074787,40000.00000000,4920.34074787,0.12300852,0.04466848,0.03751538,0.42217913,0.12114208,0.59045753,0.19766122,-0.22598504,1135,2020,0.18625988,2022,-0.18208870,1357685.17516115,115.26917609,5.10827743,0.00288173,,,0.44186326,0.00000000,0.55216171,0.00000000
ROT SPY top1 13612W fb best(BIL+IEF),sens,sens_2020-07-06,2020-07-06,2025-07-03,false,true,"{""*"": 6, ""ACWX"": 3, ""AGG"": 1, ""BIL"": 1, ""BND"": 1.5, ""BTAL"": 6, ""DBC"": 3, ""DBMF"": 3, ""EEM"": 1, ""EFA"": 1, ""IEF"": 1, ""IWM"": 1, ""KMLM"": 6, ""LQD"": 1.5, ""QQQ"": 1, ""SCZ"": 5, ""SHY"": 1, ""SPY"": 0.7, ""TIP"": 2, ""TLT"": 1, ""TQQQ"": 1.5, ""VEA"": 1.5, ""VEU"": 2, ""VNQ"": 1.5, ""VTI"": 1, ""VWO"": 2}",0.03000000,tests/data/2026-08-24-net15,13612W,,best(BIL+IEF),0.00679387,0.02579172,0.00681698,0.02579267,53244.74057319,40000.00000000,13244.74057319,0.33111851,0.10005810,0.09289158,0.81270526,0.12764775,1.15117100,0.47312044,-0.21148546,1014,2024,0.24500937,2022,-0.17238005,936789.86809296,79.27734613,3.18460234,0.00198193,0.19645083,0.00000000,0.03274179,0.00000000,0.76399040,0.00000000
ROT SPY top1 13612W fb IEF,sens,sens_2020-07-06,2020-07-06,2025-07-03,false,true,"{""*"": 6, ""ACWX"": 3, ""AGG"": 1, ""BIL"": 1, ""BND"": 1.5, ""BTAL"": 6, ""DBC"": 3, ""DBMF"": 3, ""EEM"": 1, ""EFA"": 1, ""IEF"": 1, ""IWM"": 1, ""KMLM"": 6, ""LQD"": 1.5, ""QQQ"": 1, ""SCZ"": 5, ""SHY"": 1, ""SPY"": 0.7, ""TIP"": 2, ""TLT"": 1, ""TQQQ"": 1.5, ""VEA"": 1.5, ""VEU"": 2, ""VNQ"": 1.5, ""VTI"": 1, ""VWO"": 2}",0.03000000,tests/data/2026-08-24-net15,13612W,,IEF,0.00785437,0.02579172,0.00787745,0.02579267,53515.01386383,40000.00000000,13515.01386383,0.33787535,0.09811317,0.09454962,0.75730690,0.13611454,1.07783181,0.35045967,-0.27995567,1015,2024,0.24410306,2022,-0.24030459,917015.93187423,77.60748485,3.14353345,0.00194019,,,0.22913496,0.00000000,0.76298760,0.00000000
ROT SPY top1 12M can TIP/1 fb best(BIL+IEF),sens,sens_2020-07-06,2020-07-06,2025-07-03,false,true,"{""*"": 6, ""ACWX"": 3, ""AGG"": 1, ""BIL"": 1, ""BND"": 1.5, ""BTAL"": 6, ""DBC"": 3, ""DBMF"": 3, ""EEM"": 1, ""EFA"": 1, ""IEF"": 1, ""IWM"": 1, ""KMLM"": 6, ""LQD"": 1.5, ""QQQ"": 1, ""SCZ"": 5, ""SHY"": 1, ""SPY"": 0.7, ""TIP"": 2, ""TLT"": 1, ""TQQQ"": 1.5, ""VEA"": 1.5, ""VEU"": 2, ""VNQ"": 1.5, ""VTI"": 1, ""VWO"": 2}",0.03000000,tests/data/2026-08-24-net15,12M,TIP/1,best(BIL+IEF),0.00631414,0.02579172,0.00632364,0.02579267,57393.04913742,40000.00000000,17393.04913742,0.43482623,0.12660998,0.11751923,0.94562619,0.13613552,1.36802428,0.67488722,-0.18760169,127,2021,0.28090630,2022,-0.11863531,454126.44779069,38.34211657,1.47675481,0.00095855,0.34376771,0.00000000,0.00000000,0.00000000,0.64990865,0.00000000
ROT SPY top1 12M can TIP/1 fb IEF,sens,sens_2020-07-06,2020-07-06,2025-07-03,false,true,"{""*"": 6, ""ACWX"": 3, ""AGG"": 1, ""BIL"": 1, ""BND"": 1.5, ""BTAL"": 6, ""DBC"": 3, ""DBMF"": 3, ""EEM"": 1, ""EFA"": 1, ""IEF"": 1, ""IWM"": 1, ""KMLM"": 6, ""LQD"": 1.5, ""QQQ"": 1, ""SCZ"": 5, ""SHY"": 1, ""SPY"": 0.7, ""TIP"": 2, ""TLT"": 1, ""TQQQ"": 1.5, ""VEA"": 1.5, ""VEU"": 2, ""VNQ"": 1.5, ""VTI"": 1, ""VWO"": 2}",0.03000000,tests/data/2026-08-24-net15,12M,TIP/1,IEF,0.00666848,0.02579172,0.00667800,0.02579267,54567.57047282,40000.00000000,14567.57047282,0.36418926,0.10917376,0.10093320,0.77781306,0.14746268,1.12734388,0.46115337,-0.23674067,1010,2021,0.28090630,2022,-0.17768433,429045.41170656,36.20389851,1.45297911,0.00090510,,,0.34373202,0.00000000,0.64958999,0.00000000
ROT SPY top1 12M fb best(BIL+IEF),sens,sens_2020-07-06,2020-07-06,2025-07-03,false,true,"{""*"": 6, ""ACWX"": 3, ""AGG"": 1, ""BIL"": 1, ""BND"": 1.5, ""BTAL"": 6, ""DBC"": 3, ""DBMF"": 3, ""EEM"": 1, ""EFA"": 1, ""IEF"": 1, ""IWM"": 1, ""KMLM"": 6, ""LQD"": 1.5, ""QQQ"": 1, ""SCZ"": 5, ""SHY"": 1, ""SPY"": 0.7, ""TIP"": 2, ""TLT"": 1, ""TQQQ"": 1.5, ""VEA"": 1.5, ""VEU"": 2, ""VNQ"": 1.5, ""VTI"": 1, ""VWO"": 2}",0.03000000,tests/data/2026-08-24-net15,12M,,best(BIL+IEF),0.00685365,0.02579172,0.00685763,0.02579267,64240.87946835,40000.00000000,24240.87946835,0.60602199,0.15899477,0.15478107,1.10555978,0.14301333,1.61106140,0.84782249,-0.18753309,127,2021,0.28090630,2022,-0.11863531,148988.06308627,12.25496745,0.45476793,0.00030637,0.19641520,0.00000000,0.00000000,0.00000000,0.79672717,0.00000000
ROT SPY top1 12M fb IEF,sens,sens_2020-07-06,2020-07-06,2025-07-03,false,true,"{""*"": 6, ""ACWX"": 3, ""AGG"": 1, ""BIL"": 1, ""BND"": 1.5, ""BTAL"": 6, ""DBC"": 3, ""DBMF"": 3, ""EEM"": 1, ""EFA"": 1, ""IEF"": 1, ""IWM"": 1, ""KMLM"": 6, ""LQD"": 1.5, ""QQQ"": 1, ""SCZ"": 5, ""SHY"": 1, ""SPY"": 0.7, ""TIP"": 2, ""TLT"": 1, ""TQQQ"": 1.5, ""VEA"": 1.5, ""VEU"": 2, ""VNQ"": 1.5, ""VTI"": 1, ""VWO"": 2}",0.03000000,tests/data/2026-08-24-net15,12M,,IEF,0.00707482,0.02579172,0.00707881,0.02579267,62836.85922199,40000.00000000,22836.85922199,0.57092148,0.15045292,0.14744946,1.00920868,0.15038813,1.47207912,0.71415119,-0.21067377,746,2021,0.28090630,2022,-0.17768433,147437.10906230,12.12144526,0.45964502,0.00030304,,,0.19639674,0.00000000,0.79652445,0.00000000
SPY60/IEF40,sens,sens_2020-07-06,2020-07-06,2025-07-03,true,true,"{""*"": 6, ""ACWX"": 3, ""AGG"": 1, ""BIL"": 1, ""BND"": 1.5, ""BTAL"": 6, ""DBC"": 3, ""DBMF"": 3, ""EEM"": 1, ""EFA"": 1, ""IEF"": 1, ""IWM"": 1, ""KMLM"": 6, ""LQD"": 1.5, ""QQQ"": 1, ""SCZ"": 5, ""SHY"": 1, ""SPY"": 0.7, ""TIP"": 2, ""TLT"": 1, ""TQQQ"": 1.5, ""VEA"": 1.5, ""VEU"": 2, ""VNQ"": 1.5, ""VTI"": 1, ""VWO"": 2}",0.03000000,tests/data/2026-08-24-net15,,,,0.00993314,0.02594752,0.00800061,0.02125363,51954.63847509,40000.00000000,11954.63847509,0.29886596,0.08071160,0.08486724,0.76217644,0.11000455,1.09857632,0.37828028,-0.21336455,795,2023,0.16144474,2022,-0.16798689,42705.65423291,3.68718973,0.15214239,0.00009218,,,0.39782160,0.39123480,0.59224366,0.57874637
SPY benchmark,sens,sens_2020-07-06,2020-07-06,2025-07-03,true,true,"{""*"": 6, ""ACWX"": 3, ""AGG"": 1, ""BIL"": 1, ""BND"": 1.5, ""BTAL"": 6, ""DBC"": 3, ""DBMF"": 3, ""EEM"": 1, ""EFA"": 1, ""IEF"": 1, ""IWM"": 1, ""KMLM"": 6, ""LQD"": 1.5, ""QQQ"": 1, ""SCZ"": 5, ""SHY"": 1, ""SPY"": 0.7, ""TIP"": 2, ""TLT"": 1, ""TQQQ"": 1.5, ""VEA"": 1.5, ""VEU"": 2, ""VNQ"": 1.5, ""VTI"": 1, ""VWO"": 2}",0.03000000,tests/data/2026-08-24-net15,,,,0.00821265,0.02579172,0.00821385,0.02579267,64485.81743768,40000.00000000,24485.81743768,0.61214544,0.15825162,0.15604504,0.93254437,0.17415177,1.35268846,0.64639103,-0.24482335,709,2021,0.28090630,2022,-0.18316873,39974.71195154,2.79822984,0.12245502,0.00006996,,,,,0.99178615,0.97420733
ROT SPY top1 1-3-6-12U can TIP/1 fb best(BIL+IEF),sens,sens_2021-01-04,2021-01-04,2026-01-02,false,true,"{""*"": 6, ""ACWX"": 3, ""AGG"": 1, ""BIL"": 1, ""BND"": 1.5, ""BTAL"": 6, ""DBC"": 3, ""DBMF"": 3, ""EEM"": 1, ""EFA"": 1, ""IEF"": 1, ""IWM"": 1, ""KMLM"": 6, ""LQD"": 1.5, ""QQQ"": 1, ""SCZ"": 5, ""SHY"": 1, ""SPY"": 0.7, ""TIP"": 2, ""TLT"": 1, ""TQQQ"": 1.5, ""VEA"": 1.5, ""VEU"": 2, ""VNQ"": 1.5, ""VTI"": 1, ""VWO"": 2}",0.03000000,tests/data/2026-08-24-net15,1-3-6-12U,TIP/1,best(BIL+IEF),0.00658558,0.03041091,0.00660327,0.03044485,61945.05489344,40000.00000000,21945.05489344,0.54862637,0.14429647,0.14263528,1.33393597,0.10552442,1.95808300,1.30324255,-0.11072111,202,2021,0.29776361,2022,-0.00612165,854681.86183904,72.41722070,2.66587501,0.00181043,0.36009395,0.00000000,0.00000000,0.00000000,0.63330278,0.00000000
ROT SPY top1 1-3-6-12U can TIP/1 fb IEF,sens,sens_2021-01-04,2021-01-04,2026-01-02,false,true,"{""*"": 6, ""ACWX"": 3, ""AGG"": 1, ""BIL"": 1, ""BND"": 1.5, ""BTAL"": 6, ""DBC"": 3, ""DBMF"": 3, ""EEM"": 1, ""EFA"": 1, ""IEF"": 1, ""IWM"": 1, ""KMLM"": 6, ""LQD"": 1.5, ""QQQ"": 1, ""SCZ"": 5, ""SHY"": 1, ""SPY"": 0.7, ""TIP"": 2, ""TLT"": 1, ""TQQQ"": 1.5, ""VEA"": 1.5, ""VEU"": 2, ""VNQ"": 1.5, ""VTI"": 1, ""VWO"": 2}",0.03000000,tests/data/2026-08-24-net15,1-3-6-12U,TIP/1,IEF,0.00688881,0.03041091,0.00690653,0.03044485,58095.15655649,40000.00000000,18095.15655649,0.45237891,0.11687976,0.12145664,0.97963883,0.12058896,1.43305429,0.78004738,-0.14983675,780,2021,0.29776361,2022,-0.11418538,797947.32551723,67.60175339,2.67562211,0.00169004,,,0.36004992,0.00000000,0.63304355,0.00000000
ROT SPY top1 1-3-6-12U fb best(BIL+IEF),sens,sens_2021-01-04,2021-01-04,2026-01-02,false,true,"{""*"": 6, ""ACWX"": 3, ""AGG"": 1, ""BIL"": 1, ""BND"": 1.5, ""BTAL"": 6, ""DBC"": 3, ""DBMF"": 3, ""EEM"": 1, ""EFA"": 1, ""IEF"": 1, ""IWM"": 1, ""KMLM"": 6, ""LQD"": 1.5, ""QQQ"": 1, ""SCZ"": 5, ""SHY"": 1, ""SPY"": 0.7, ""TIP"": 2, ""TLT"": 1, ""TQQQ"": 1.5, ""VEA"": 1.5, ""VEU"": 2, ""VNQ"": 1.5, ""VTI"": 1, ""VWO"": 2}",0.03000000,tests/data/2026-08-24-net15,1-3-6-12U,,best(BIL+IEF),0.00696068,0.03041091,0.00697017,0.03044485,63955.50745004,40000.00000000,23955.50745004,0.59888769,0.14290975,0.15321783,1.15257572,0.12278824,1.65133779,0.94940210,-0.15052605,714,2021,0.29776361,2022,-0.11812169,407110.05301921,34.17419558,1.28791214,0.00085435,0.17996475,0.00000000,0.00000000,0.00000000,0.81306509,0.00000000
ROT SPY top1 1-3-6-12U fb IEF,sens,sens_2021-01-04,2021-01-04,2026-01-02,false,true,"{""*"": 6, ""ACWX"": 3, ""AGG"": 1, ""BIL"": 1, ""BND"": 1.5, ""BTAL"": 6, ""DBC"": 3, ""DBMF"": 3, ""EEM"": 1, ""EFA"": 1, ""IEF"": 1, ""IWM"": 1, ""KMLM"": 6, ""LQD"": 1.5, ""QQQ"": 1, ""SCZ"": 5, ""SHY"": 1, ""SPY"": 0.7, ""TIP"": 2, ""TLT"": 1, ""TQQQ"": 1.5, ""VEA"": 1.5, ""VEU"": 2, ""VNQ"": 1.5, ""VTI"": 1, ""VWO"": 2}",0.03000000,tests/data/2026-08-24-net15,1-3-6-12U,,IEF,0.00707336,0.03041091,0.00708284,0.03044485,64479.06922054,40000.00000000,24479.06922054,0.61197673,0.14346389,0.15592362,1.09011959,0.13125395,1.57013140,0.68252924,-0.21019450,715,2021,0.29776361,2022,-0.17720542,404527.88560856,33.96584014,1.28051593,0.00084915,,,0.17997247,0.00000000,0.81294469,0.00000000
ROT SPY top1 13612W can TIP/1 fb best(BIL+IEF),sens,sens_2021-01-04,2021-01-04,2026-01-02,false,true,"{""*"": 6, ""ACWX"": 3, ""AGG"": 1, ""BIL"": 1, ""BND"": 1.5, ""BTAL"": 6, ""DBC"": 3, ""DBMF"": 3, ""EEM"": 1, ""EFA"": 1, ""IEF"": 1, ""IWM"": 1, ""KMLM"": 6, ""LQD"": 1.5, ""QQQ"": 1, ""SCZ"": 5, ""SHY"": 1, ""SPY"": 0.7, ""TIP"": 2, ""TLT"": 1, ""TQQQ"": 1.5, ""VEA"": 1.5, ""VEU"": 2, ""VNQ"": 1.5, ""VTI"": 1, ""VWO"": 2}",0.03000000,tests/data/2026-08-24-net15,13612W,TIP/1,best(BIL+IEF),0.00580087,0.03041091,0.00583220,0.03044485,48434.94289879,40000.00000000,8434.94289879,0.21087357,0.05235953,0.06195272,0.56956290,0.09836532,0.78368059,0.41815468,-0.12521570,336,2021,0.10388554,2022,-0.08175965,1199271.78721883,101.79967106,4.49056261,0.00254499,0.40900318,0.00000000,0.03275741,0.00000000,0.55240721,0.00000000
ROT SPY top1 13612W can TIP/1 fb IEF,sens,sens_2021-01-04,2021-01-04,2026-01-02,false,true,"{""*"": 6, ""ACWX"": 3, ""AGG"": 1, ""BIL"": 1, ""BND"": 1.5, ""BTAL"": 6, ""DBC"": 3, ""DBMF"": 3, ""EEM"": 1, ""EFA"": 1, ""IEF"": 1, ""IWM"": 1, ""KMLM"": 6, ""LQD"": 1.5, ""QQQ"": 1, ""SCZ"": 5, ""SHY"": 1, ""SPY"": 0.7, ""TIP"": 2, ""TLT"": 1, ""TQQQ"": 1.5, ""VEA"": 1.5, ""VEU"": 2, ""VNQ"": 1.5, ""VTI"": 1, ""VWO"": 2}",0.03000000,tests/data/2026-08-24-net15,13612W,TIP/1,IEF,0.00714032,0.03102272,0.00717164,0.03110445,46668.53451438,40000.00000000,6668.53451438,0.16671336,0.03151084,0.04987890,0.32906105,0.11446861,0.45922794,0.14006694,-0.22496985,1135,2024,0.12093338,2022,-0.18134640,1141318.61818345,96.88044377,4.50658572,0.00242201,,,0.44149276,0.00000000,0.55133560,0.00000000
ROT SPY top1 13612W fb best(BIL+IEF),sens,sens_2021-01-04,2021-01-04,2026-01-02,false,true,"{""*"": 6, ""ACWX"": 3, ""AGG"": 1, ""BIL"": 1, ""BND"": 1.5, ""BTAL"": 6, ""DBC"": 3, ""DBMF"": 3, ""EEM"": 1, ""EFA"": 1, ""IEF"": 1, ""IWM"": 1, ""KMLM"": 6, ""LQD"": 1.5, ""QQQ"": 1, ""SCZ"": 5, ""SHY"": 1, ""SPY"": 0.7, ""TIP"": 2, ""TLT"": 1, ""TQQQ"": 1.5, ""VEA"": 1.5, ""VEU"": 2, ""VNQ"": 1.5, ""VTI"": 1, ""VWO"": 2}",0.03000000,tests/data/2026-08-24-net15,13612W,,best(BIL+IEF),0.00817417,0.03041091,0.00819721,0.03044485,54076.95162203,40000.00000000,14076.95162203,0.35192379,0.08584723,0.09791904,0.74072032,0.12147306,1.04888694,0.40529243,-0.21181552,1014,2024,0.24377913,2022,-0.17197856,765001.87658394,64.67390746,2.71431717,0.00161685,0.19629189,0.00000000,0.03275536,0.00000000,0.76275554,0.00000000
ROT SPY top1 13612W fb IEF,sens,sens_2021-01-04,2021-01-04,2026-01-02,false,true,"{""*"": 6, ""ACWX"": 3, ""AGG"": 1, ""BIL"": 1, ""BND"": 1.5, ""BTAL"": 6, ""DBC"": 3, ""DBMF"": 3, ""EEM"": 1, ""EFA"": 1, ""IEF"": 1, ""IWM"": 1, ""KMLM"": 6, ""LQD"": 1.5, ""QQQ"": 1, ""SCZ"": 5, ""SHY"": 1, ""SPY"": 0.7, ""TIP"": 2, ""TLT"": 1, ""TQQQ"": 1.5, ""VEA"": 1.5, ""VEU"": 2, ""VNQ"": 1.5, ""VTI"": 1, ""VWO"": 2}",0.03000000,tests/data/2026-08-24-net15,13612W,,IEF,0.00774293,0.03041091,0.00776594,0.03044485,54431.37754767,40000.00000000,14431.37754767,0.36078444,0.08387038,0.10005945,0.68442194,0.13044275,0.97358038,0.29936288,-0.28016292,1015,2024,0.24477463,2022,-0.23963991,751193.05987722,63.49883694,2.67573802,0.00158747,,,0.22888248,0.00000000,0.76335158,0.00000000
ROT SPY top1 12M can TIP/1 fb best(BIL+IEF),sens,sens_2021-01-04,2021-01-04,2026-01-02,false,true,"{""*"": 6, ""ACWX"": 3, ""AGG"": 1, ""BIL"": 1, ""BND"": 1.5, ""BTAL"": 6, ""DBC"": 3, ""DBMF"": 3, ""EEM"": 1, ""EFA"": 1, ""IEF"": 1, ""IWM"": 1, ""KMLM"": 6, ""LQD"": 1.5, ""QQQ"": 1, ""SCZ"": 5, ""SHY"": 1, ""SPY"": 0.7, ""TIP"": 2, ""TLT"": 1, ""TQQQ"": 1.5, ""VEA"": 1.5, ""VEU"": 2, ""VNQ"": 1.5, ""VTI"": 1, ""VWO"": 2}",0.03000000,tests/data/2026-08-24-net15,12M,TIP/1,best(BIL+IEF),0.00718261,0.03041091,0.00719214,0.03044485,57701.03732476,40000.00000000,17701.03732476,0.44252593,0.11213268,0.11921595,0.88496134,0.12994835,1.28173571,0.60308808,-0.18593086,127,2021,0.29776361,2022,-0.11812169,383472.84701691,32.33051209,1.29953664,0.00080826,0.34359344,0.00000000,0.00000000,0.00000000,0.64921442,0.00000000
ROT SPY top1 12M can TIP/1 fb IEF,sens,sens_2021-01-04,2021-01-04,2026-01-02,false,true,"{""*"": 6, ""ACWX"": 3, ""AGG"": 1, ""BIL"": 1, ""BND"": 1.5, ""BTAL"": 6, ""DBC"": 3, ""DBMF"": 3, ""EEM"": 1, ""EFA"": 1, ""IEF"": 1, ""IWM"": 1, ""KMLM"": 6, ""LQD"": 1.5, ""QQQ"": 1, ""SCZ"": 5, ""SHY"": 1, ""SPY"": 0.7, ""TIP"": 2, ""TLT"": 1, ""TQQQ"": 1.5, ""VEA"": 1.5, ""VEU"": 2, ""VNQ"": 1.5, ""VTI"": 1, ""VWO"": 2}",0.03000000,tests/data/2026-08-24-net15,12M,TIP/1,IEF,0.00697208,0.03041091,0.00698163,0.03044485,55191.05064269,40000.00000000,15191.05064269,0.37977627,0.09476620,0.10460379,0.70869754,0.14237159,1.02871214,0.40114472,-0.23623942,1010,2021,0.29776361,2022,-0.17720542,363390.43079927,30.62588010,1.28459093,0.00076565,,,0.34361085,0.00000000,0.64940752,0.00000000
ROT SPY top1 12M fb best(BIL+IEF),sens,sens_2021-01-04,2021-01-04,2026-01-02,false,true,"{""*"": 6, ""ACWX"": 3, ""AGG"": 1, ""BIL"": 1, ""BND"": 1.5, ""BTAL"": 6, ""DBC"": 3, ""DBMF"": 3, ""EEM"": 1, ""EFA"": 1, ""IEF"": 1, ""IWM"": 1, ""KMLM"": 6, ""LQD"": 1.5, ""QQQ"": 1, ""SCZ"": 5, ""SHY"": 1, ""SPY"": 0.7, ""TIP"": 2, ""TLT"": 1, ""TQQQ"": 1.5, ""VEA"": 1.5, ""VEU"": 2, ""VNQ"": 1.5, ""VTI"": 1, ""VWO"": 2}",0.03000000,tests/data/2026-08-24-net15,12M,,best(BIL+IEF),0.00734734,0.03041091,0.00735136,0.03044485,63900.65297425,40000.00000000,23900.65297425,0.59751632,0.14386550,0.15293316,1.05110932,0.13717743,1.53419482,0.77250559,-0.18623231,127,2021,0.29776361,2022,-0.11812169,126480.75368010,10.34429167,0.39824816,0.00025861,0.19630278,0.00000000,0.00000000,0.00000000,0.79634587,0.00000000
ROT SPY top1 12M fb IEF,sens,sens_2021-01-04,2021-01-04,2026-01-02,false,true,"{""*"": 6, ""ACWX"": 3, ""AGG"": 1, ""BIL"": 1, ""BND"": 1.5, ""BTAL"": 6, ""DBC"": 3, ""DBMF"": 3, ""EEM"": 1, ""EFA"": 1, ""IEF"": 1, ""IWM"": 1, ""KMLM"": 6, ""LQD"": 1.5, ""QQQ"": 1, ""SCZ"": 5, ""SHY"": 1, ""SPY"": 0.7, ""TIP"": 2, ""TLT"": 1, ""TQQQ"": 1.5, ""VEA"": 1.5, ""VEU"": 2, ""VNQ"": 1.5, ""VTI"": 1, ""VWO"": 2}",0.03000000,tests/data/2026-08-24-net15,12M,,IEF,0.00726101,0.03041091,0.00726503,0.03044485,62760.82867778,40000.00000000,22760.82867778,0.56902072,0.13571347,0.14696681,0.94973182,0.14549993,1.38827583,0.64565662,-0.21019450,746,2021,0.29776361,2022,-0.17720542,125537.45466077,10.25660338,0.40319119,0.00025642,,,0.19629960,0.00000000,0.79643537,0.00000000
SPY60/IEF40,sens,sens_2021-01-04,2021-01-04,2026-01-02,true,true,"{""*"": 6, ""ACWX"": 3, ""AGG"": 1, ""BIL"": 1, ""BND"": 1.5, ""BTAL"": 6, ""DBC"": 3, ""DBMF"": 3, ""EEM"": 1, ""EFA"": 1, ""IEF"": 1, ""IWM"": 1, ""KMLM"": 6, ""LQD"": 1.5, ""QQQ"": 1, ""SCZ"": 5, ""SHY"": 1, ""SPY"": 0.7, ""TIP"": 2, ""TLT"": 1, ""TQQQ"": 1.5, ""VEA"": 1.5, ""VEU"": 2, ""VNQ"": 1.5, ""VTI"": 1, ""VWO"": 2}",0.03000000,tests/data/2026-08-24-net15,,,,0.01274648,0.02991118,0.01058307,0.02766030,52887.95279191,40000.00000000,12887.95279191,0.32219882,0.07607900,0.09064177,0.74067343,0.10699730,1.07080202,0.36153892,-0.21043100,795,2023,0.15996084,2022,-0.16525692,44092.08733374,3.76077686,0.15824643,0.00009402,,,0.39777877,0.38999950,0.58947311,0.57233970
SPY benchmark,sens,sens_2021-01-04,2021-01-04,2026-01-02,true,true,"{""*"": 6, ""ACWX"": 3, ""AGG"": 1, ""BIL"": 1, ""BND"": 1.5, ""BTAL"": 6, ""DBC"": 3, ""DBMF"": 3, ""EEM"": 1, ""EFA"": 1, ""IEF"": 1, ""IWM"": 1, ""KMLM"": 6, ""LQD"": 1.5, ""QQQ"": 1, ""SCZ"": 5, ""SHY"": 1, ""SPY"": 0.7, ""TIP"": 2, ""TLT"": 1, ""TQQQ"": 1.5, ""VEA"": 1.5, ""VEU"": 2, ""VNQ"": 1.5, ""VTI"": 1, ""VWO"": 2}",0.03000000,tests/data/2026-08-24-net15,,,,0.00949653,0.03041091,0.00949777,0.03044485,64333.39602357,40000.00000000,24333.39602357,0.60833490,0.14397790,0.15517280,0.88099039,0.16937800,1.28001830,0.59534032,-0.24184134,709,2021,0.29776361,2022,-0.18015495,39631.06851642,2.77417480,0.12464179,0.00006935,,,,,0.99050223,0.96955515
ROT SPY top1 1-3-6-12U can TIP/1 fb best(BIL+IEF),sens,sens_2021-07-06,2021-07-06,2026-07-02,false,true,"{""*"": 6, ""ACWX"": 3, ""AGG"": 1, ""BIL"": 1, ""BND"": 1.5, ""BTAL"": 6, ""DBC"": 3, ""DBMF"": 3, ""EEM"": 1, ""EFA"": 1, ""IEF"": 1, ""IWM"": 1, ""KMLM"": 6, ""LQD"": 1.5, ""QQQ"": 1, ""SCZ"": 5, ""SHY"": 1, ""SPY"": 0.7, ""TIP"": 2, ""TLT"": 1, ""TQQQ"": 1.5, ""VEA"": 1.5, ""VEU"": 2, ""VNQ"": 1.5, ""VTI"": 1, ""VWO"": 2}",0.03000000,tests/data/2026-08-24-net15,1-3-6-12U,TIP/1,best(BIL+IEF),0.00625337,0.03059232,0.00627106,0.03059363,61823.78556454,40000.00000000,21823.78556454,0.54559464,0.12789104,0.14220285,1.18665786,0.10655442,1.73409532,1.15137524,-0.11107676,202,2024,0.18879337,2022,-0.00666860,708310.90983988,59.96643230,2.29669565,0.00149916,0.35994555,0.00000000,0.00000000,0.00000000,0.63378339,0.00000000
ROT SPY top1 1-3-6-12U can TIP/1 fb IEF,sens,sens_2021-07-06,2021-07-06,2026-07-02,false,true,"{""*"": 6, ""ACWX"": 3, ""AGG"": 1, ""BIL"": 1, ""BND"": 1.5, ""BTAL"": 6, ""DBC"": 3, ""DBMF"": 3, ""EEM"": 1, ""EFA"": 1, ""IEF"": 1, ""IWM"": 1, ""KMLM"": 6, ""LQD"": 1.5, ""QQQ"": 1, ""SCZ"": 5, ""SHY"": 1, ""SPY"": 0.7, ""TIP"": 2, ""TLT"": 1, ""TQQQ"": 1.5, ""VEA"": 1.5, ""VEU"": 2, ""VNQ"": 1.5, ""VTI"": 1, ""VWO"": 2}",0.03000000,tests/data/2026-08-24-net15,1-3-6-12U,TIP/1,IEF,0.00674798,0.03059232,0.00676569,0.03059363,58643.98950785,40000.00000000,18643.98950785,0.46609974,0.10080053,0.12474312,0.85437860,0.12141380,1.24525693,0.67012580,-0.15042031,780,2024,0.20485565,2022,-0.11479819,664733.00324958,56.27115040,2.30485870,0.00140678,,,0.35995572,0.00000000,0.63327858,0.00000000
ROT SPY top1 1-3-6-12U fb best(BIL+IEF),sens,sens_2021-07-06,2021-07-06,2026-07-02,false,true,"{""*"": 6, ""ACWX"": 3, ""AGG"": 1, ""BIL"": 1, ""BND"": 1.5, ""BTAL"": 6, ""DBC"": 3, ""DBMF"": 3, ""EEM"": 1, ""EFA"": 1, ""IEF"": 1, ""IWM"": 1, ""KMLM"": 6, ""LQD"": 1.5, ""QQQ"": 1, ""SCZ"": 5, ""SHY"": 1, ""SPY"": 0.7, ""TIP"": 2, ""TLT"": 1, ""TQQQ"": 1.5, ""VEA"": 1.5, ""VEU"": 2, ""VNQ"": 1.5, ""VTI"": 1, ""VWO"": 2}",0.03000000,tests/data/2026-08-24-net15,1-3-6-12U,,best(BIL+IEF),0.00725367,0.03059232,0.00726316,0.03059363,64055.72009695,40000.00000000,24055.72009695,0.60139300,0.12629079,0.15397108,1.02813101,0.12349914,1.46860898,0.83377758,-0.15146820,715,2024,0.24530245,2022,-0.11935336,340647.30669046,28.54144308,1.10381336,0.00071354,0.17997687,0.00000000,0.00000000,0.00000000,0.81275997,0.00000000
ROT SPY top1 1-3-6-12U fb IEF,sens,sens_2021-07-06,2021-07-06,2026-07-02,false,true,"{""*"": 6, ""ACWX"": 3, ""AGG"": 1, ""BIL"": 1, ""BND"": 1.5, ""BTAL"": 6, ""DBC"": 3, ""DBMF"": 3, ""EEM"": 1, ""EFA"": 1, ""IEF"": 1, ""IWM"": 1, ""KMLM"": 6, ""LQD"": 1.5, ""QQQ"": 1, ""SCZ"": 5, ""SHY"": 1, ""SPY"": 0.7, ""TIP"": 2, ""TLT"": 1, ""TQQQ"": 1.5, ""VEA"": 1.5, ""VEU"": 2, ""VNQ"": 1.5, ""VTI"": 1, ""VWO"": 2}",0.03000000,tests/data/2026-08-24-net15,1-3-6-12U,,IEF,0.00748069,0.03059232,0.00749019,0.03059363,64604.99367659,40000.00000000,24604.99367659,0.61512484,0.12691701,0.15680949,0.97421341,0.13202279,1.39907106,0.60089819,-0.21121218,715,2024,0.24515174,2022,-0.17830110,340340.32275686,28.50592419,1.09966305,0.00071265,,,0.17985721,0.00000000,0.81265260,0.00000000
ROT SPY top1 13612W can TIP/1 fb best(BIL+IEF),sens,sens_2021-07-06,2021-07-06,2026-07-02,false,true,"{""*"": 6, ""ACWX"": 3, ""AGG"": 1, ""BIL"": 1, ""BND"": 1.5, ""BTAL"": 6, ""DBC"": 3, ""DBMF"": 3, ""EEM"": 1, ""EFA"": 1, ""IEF"": 1, ""IWM"": 1, ""KMLM"": 6, ""LQD"": 1.5, ""QQQ"": 1, ""SCZ"": 5, ""SHY"": 1, ""SPY"": 0.7, ""TIP"": 2, ""TLT"": 1, ""TQQQ"": 1.5, ""VEA"": 1.5, ""VEU"": 2, ""VNQ"": 1.5, ""VTI"": 1, ""VWO"": 2}",0.03000000,tests/data/2026-08-24-net15,13612W,TIP/1,best(BIL+IEF),0.00707983,0.03059232,0.00711249,0.03059363,46701.18837398,40000.00000000,6701.18837398,0.16752971,0.03735732,0.05018257,0.41507957,0.10094145,0.57004302,0.29777365,-0.12545544,336,2024,0.09392756,2022,-0.08149925,1260303.32122833,107.01808321,4.77265066,0.00267545,0.40896771,0.00000000,0.03272020,0.00000000,0.55119960,0.00000000
ROT SPY top1 13612W can TIP/1 fb IEF,sens,sens_2021-07-06,2021-07-06,2026-07-02,false,true,"{""*"": 6, ""ACWX"": 3, ""AGG"": 1, ""BIL"": 1, ""BND"": 1.5, ""BTAL"": 6, ""DBC"": 3, ""DBMF"": 3, ""EEM"": 1, ""EFA"": 1, ""IEF"": 1, ""IWM"": 1, ""KMLM"": 6, ""LQD"": 1.5, ""QQQ"": 1, ""SCZ"": 5, ""SHY"": 1, ""SPY"": 0.7, ""TIP"": 2, ""TLT"": 1, ""TQQQ"": 1.5, ""VEA"": 1.5, ""VEU"": 2, ""VNQ"": 1.5, ""VTI"": 1, ""VWO"": 2}",0.03000000,tests/data/2026-08-24-net15,13612W,TIP/1,IEF,0.00804329,0.03059232,0.00807594,0.03059363,45127.28358689,40000.00000000,5127.28358689,0.12818209,0.01774972,0.03904477,0.20976577,0.11652885,0.29215472,0.07902761,-0.22460150,1135,2024,0.11932919,2022,-0.18145712,1210598.65289160,102.80232350,4.78739551,0.00257006,,,0.44156406,0.00000000,0.55036001,0.00000000
ROT SPY top1 13612W fb best(BIL+IEF),sens,sens_2021-07-06,2021-07-06,2026-07-02,false,true,"{""*"": 6, ""ACWX"": 3, ""AGG"": 1, ""BIL"": 1, ""BND"": 1.5, ""BTAL"": 6, ""DBC"": 3, ""DBMF"": 3, ""EEM"": 1, ""EFA"": 1, ""IEF"": 1, ""IWM"": 1, ""KMLM"": 6, ""LQD"": 1.5, ""QQQ"": 1, ""SCZ"": 5, ""SHY"": 1, ""SPY"": 0.7, ""TIP"": 2, ""TLT"": 1, ""TQQQ"": 1.5, ""VEA"": 1.5, ""VEU"": 2, ""VNQ"": 1.5, ""VTI"": 1, ""VWO"": 2}",0.03000000,tests/data/2026-08-24-net15,13612W,,best(BIL+IEF),0.00936423,0.03059232,0.00938989,0.03059363,50301.42266832,40000.00000000,10301.42266832,0.25753557,0.04947718,0.07438065,0.46190501,0.12065713,0.64613054,0.23729891,-0.20850150,1013,2024,0.24353247,2022,-0.17053932,802505.14216225,67.89166886,2.95391777,0.00169729,0.21253329,0.00000000,0.03275382,0.00000000,0.74532301,0.00000000
ROT SPY top1 13612W fb IEF,sens,sens_2021-07-06,2021-07-06,2026-07-02,false,true,"{""*"": 6, ""ACWX"": 3, ""AGG"": 1, ""BIL"": 1, ""BND"": 1.5, ""BTAL"": 6, ""DBC"": 3, ""DBMF"": 3, ""EEM"": 1, ""EFA"": 1, ""IEF"": 1, ""IWM"": 1, ""KMLM"": 6, ""LQD"": 1.5, ""QQQ"": 1, ""SCZ"": 5, ""SHY"": 1, ""SPY"": 0.7, ""TIP"": 2, ""TLT"": 1, ""TQQQ"": 1.5, ""VEA"": 1.5, ""VEU"": 2, ""VNQ"": 1.5, ""VTI"": 1, ""VWO"": 2}",0.03000000,tests/data/2026-08-24-net15,13612W,,IEF,0.00868075,0.03059232,0.00870639,0.03059363,50509.39551757,40000.00000000,10509.39551757,0.26273489,0.04675767,0.07572814,0.41759786,0.13003444,0.58781544,0.16804700,-0.27824164,1014,2024,0.24410923,2022,-0.23912572,794641.31959766,67.22020793,2.92140941,0.00168051,,,0.24519463,0.00000000,0.74609898,0.00000000
ROT SPY top1 12M can TIP/1 fb best(BIL+IEF),sens,sens_2021-07-06,2021-07-06,2026-07-02,false,true,"{""*"": 6, ""ACWX"": 3, ""AGG"": 1, ""BIL"": 1, ""BND"": 1.5, ""BTAL"": 6, ""DBC"": 3, ""DBMF"": 3, ""EEM"": 1, ""EFA"": 1, ""IEF"": 1, ""IWM"": 1, ""KMLM"": 6, ""LQD"": 1.5, ""QQQ"": 1, ""SCZ"": 5, ""SHY"": 1, ""SPY"": 0.7, ""TIP"": 2, ""TLT"": 1, ""TQQQ"": 1.5, ""VEA"": 1.5, ""VEU"": 2, ""VNQ"": 1.5, ""VTI"": 1, ""VWO"": 2}",0.03000000,tests/data/2026-08-24-net15,12M,TIP/1,best(BIL+IEF),0.00665342,0.03059232,0.00666300,0.03059363,58397.41356983,40000.00000000,18397.41356983,0.45993534,0.09607254,0.12335296,0.76714548,0.13114446,1.10812923,0.51231523,-0.18752623,127,2024,0.24386859,2022,-0.11935336,322306.73469337,27.12677535,1.12689799,0.00067817,0.34355847,0.00000000,0.00000000,0.00000000,0.64977853,0.00000000
ROT SPY top1 12M can TIP/1 fb IEF,sens,sens_2021-07-06,2021-07-06,2026-07-02,false,true,"{""*"": 6, ""ACWX"": 3, ""AGG"": 1, ""BIL"": 1, ""BND"": 1.5, ""BTAL"": 6, ""DBC"": 3, ""DBMF"": 3, ""EEM"": 1, ""EFA"": 1, ""IEF"": 1, ""IWM"": 1, ""KMLM"": 6, ""LQD"": 1.5, ""QQQ"": 1, ""SCZ"": 5, ""SHY"": 1, ""SPY"": 0.7, ""TIP"": 2, ""TLT"": 1, ""TQQQ"": 1.5, ""VEA"": 1.5, ""VEU"": 2, ""VNQ"": 1.5, ""VTI"": 1, ""VWO"": 2}",0.03000000,tests/data/2026-08-24-net15,12M,TIP/1,IEF,0.00761300,0.03059232,0.00762259,0.03059363,56247.64542158,40000.00000000,16247.64542158,0.40619114,0.07894197,0.11099724,0.60453348,0.14293946,0.87509954,0.33313208,-0.23696897,1010,2024,0.21503653,2022,-0.17830110,306065.02482157,25.75573463,1.11490856,0.00064389,,,0.34340243,0.00000000,0.64897499,0.00000000
ROT SPY top1 12M fb best(BIL+IEF),sens,sens_2021-07-06,2021-07-06,2026-07-02,false,true,"{""*"": 6, ""ACWX"": 3, ""AGG"": 1, ""BIL"": 1, ""BND"": 1.5, ""BTAL"": 6, ""DBC"": 3, ""DBMF"": 3, ""EEM"": 1, ""EFA"": 1, ""IEF"": 1, ""IWM"": 1, ""KMLM"": 6, ""LQD"": 1.5, ""QQQ"": 1, ""SCZ"": 5, ""SHY"": 1, ""SPY"": 0.7, ""TIP"": 2, ""TLT"": 1, ""TQQQ"": 1.5, ""VEA"": 1.5, ""VEU"": 2, ""VNQ"": 1.5, ""VTI"": 1, ""VWO"": 2}",0.03000000,tests/data/2026-08-24-net15,12M,,best(BIL+IEF),0.00797404,0.03059232,0.00797810,0.03059363,63847.40764786,40000.00000000,23847.40764786,0.59618519,0.12676015,0.15288878,0.93595490,0.13810261,1.36196189,0.67931331,-0.18660043,127,2024,0.24418472,2022,-0.11935336,107164.56562819,8.69522141,0.34636903,0.00021738,0.19626113,0.00000000,0.00000000,0.00000000,0.79576077,0.00000000
ROT SPY top1 12M fb IEF,sens,sens_2021-07-06,2021-07-06,2026-07-02,false,true,"{""*"": 6, ""ACWX"": 3, ""AGG"": 1, ""BIL"": 1, ""BND"": 1.5, ""BTAL"": 6, ""DBC"": 3, ""DBMF"": 3, ""EEM"": 1, ""EFA"": 1, ""IEF"": 1, ""IWM"": 1, ""KMLM"": 6, ""LQD"": 1.5, ""QQQ"": 1, ""SCZ"": 5, ""SHY"": 1, ""SPY"": 0.7, ""TIP"": 2, ""TLT"": 1, ""TQQQ"": 1.5, ""VEA"": 1.5, ""VEU"": 2, ""VNQ"": 1.5, ""VTI"": 1, ""VWO"": 2}",0.03000000,tests/data/2026-08-24-net15,12M,,IEF,0.00805561,0.03059232,0.00805969,0.03059363,63063.11170276,40000.00000000,23063.11170276,0.57657779,0.11934205,0.14878464,0.84731860,0.14605537,1.23540595,0.56503396,-0.21121218,746,2024,0.24524953,2022,-0.17830110,106267.91917207,8.61946998,0.34933093,0.00021549,,,0.19612165,0.00000000,0.79581866,0.00000000
SPY60/IEF40,sens,sens_2021-07-06,2021-07-06,2026-07-02,true,true,"{""*"": 6, ""ACWX"": 3, ""AGG"": 1, ""BIL"": 1, ""BND"": 1.5, ""BTAL"": 6, ""DBC"": 3, ""DBMF"": 3, ""EEM"": 1, ""EFA"": 1, ""IEF"": 1, ""IWM"": 1, ""KMLM"": 6, ""LQD"": 1.5, ""QQQ"": 1, ""SCZ"": 5, ""SHY"": 1, ""SPY"": 0.7, ""TIP"": 2, ""TLT"": 1, ""TQQQ"": 1.5, ""VEA"": 1.5, ""VEU"": 2, ""VNQ"": 1.5, ""VTI"": 1, ""VWO"": 2}",0.03000000,tests/data/2026-08-24-net15,,,,0.01233588,0.03986640,0.01020058,0.03348124,53263.21250038,40000.00000000,13263.21250038,0.33158031,0.06898381,0.09309651,0.67370764,0.10798993,0.97535039,0.32615062,-0.21150906,795,2023,0.16127706,2022,-0.16538779,45240.55853834,3.85530750,0.16294382,0.00009638,,,0.39760851,0.39078580,0.59005394,0.56651876
SPY benchmark,sens,sens_2021-07-06,2021-07-06,2026-07-02,true,true,"{""*"": 6, ""ACWX"": 3, ""AGG"": 1, ""BIL"": 1, ""BND"": 1.5, ""BTAL"": 6, ""DBC"": 3, ""DBMF"": 3, ""EEM"": 1, ""EFA"": 1, ""IEF"": 1, ""IWM"": 1, ""KMLM"": 6, ""LQD"": 1.5, ""QQQ"": 1, ""SCZ"": 5, ""SHY"": 1, ""SPY"": 0.7, ""TIP"": 2, ""TLT"": 1, ""TQQQ"": 1.5, ""VEA"": 1.5, ""VEU"": 2, ""VNQ"": 1.5, ""VTI"": 1, ""VWO"": 2}",0.03000000,tests/data/2026-08-24-net15,,,,0.00910463,0.03059232,0.00910591,0.03059363,64552.97874649,40000.00000000,24552.97874649,0.61382447,0.12809162,0.15654165,0.79552364,0.17018478,1.15423208,0.52709183,-0.24301576,709,2023,0.25758100,2022,-0.18012880,39530.83900651,2.76715873,0.12694097,0.00006918,,,,,0.99089409,0.96940637
