label,kind,window,start,end,is_baseline,feasible,cost_bps,cash_yield,data_dir,params.score,params.canary,params.fallback,avg_misallocation,max_misallocation,avg_asset_deviation,max_asset_deviation,final_value,total_contributed,net_profit,net_profit_pct,cagr,xirr,sharpe,volatility,sortino,calmar,max_drawdown,max_drawdown_days,best_year,best_year_return,worst_year,worst_year_return,traded_value,total_fees,turnover,fee_drag,exposure.BIL.avg,exposure.BIL.min,exposure.IEF.avg,exposure.IEF.min,exposure.SPY.avg,exposure.SPY.min
ROT SPY top1 1-3-6-12U can TIP/1 fb best(BIL+IEF),full,full,2008-07-01,2026-08-24,false,true,"{""*"": 6, ""ACWX"": 3, ""AGG"": 1, ""BIL"": 1, ""BND"": 1.5, ""BTAL"": 6, ""DBC"": 3, ""DBMF"": 3, ""EEM"": 1, ""EFA"": 1, ""IEF"": 1, ""IWM"": 1, ""KMLM"": 6, ""LQD"": 1.5, ""QQQ"": 1, ""SCZ"": 5, ""SHY"": 1, ""SPY"": 0.7, ""TIP"": 2, ""TLT"": 1, ""TQQQ"": 1.5, ""VEA"": 1.5, ""VEU"": 2, ""VNQ"": 1.5, ""VTI"": 1, ""VWO"": 2}",0.03000000,tests/data/2026-08-24-net15,1-3-6-12U,TIP/1,best(BIL+IEF),0.00104362,0.00480500,0.00106425,0.00480711,471396.71574481,118500.00000000,352896.71574481,2.97803136,0.11584134,0.12634153,0.97747363,0.11973015,1.37549969,0.58139379,-0.19924765,690,2021,0.28453732,2011,-0.00697273,14006492.91837977,1201.64331210,2.63552927,0.01014045,0.20634473,0.00000000,0.14654563,0.00000000,0.64604539,0.00000000
ROT SPY top1 1-3-6-12U can TIP/1 fb IEF,full,full,2008-07-01,2026-08-24,false,true,"{""*"": 6, ""ACWX"": 3, ""AGG"": 1, ""BIL"": 1, ""BND"": 1.5, ""BTAL"": 6, ""DBC"": 3, ""DBMF"": 3, ""EEM"": 1, ""EFA"": 1, ""IEF"": 1, ""IWM"": 1, ""KMLM"": 6, ""LQD"": 1.5, ""QQQ"": 1, ""SCZ"": 5, ""SHY"": 1, ""SPY"": 0.7, ""TIP"": 2, ""TLT"": 1, ""TQQQ"": 1.5, ""VEA"": 1.5, ""VEU"": 2, ""VNQ"": 1.5, ""VTI"": 1, ""VWO"": 2}",0.03000000,tests/data/2026-08-24-net15,1-3-6-12U,TIP/1,IEF,0.00108982,0.00480500,0.00110818,0.00480711,452328.09548151,118500.00000000,333828.09548151,2.81711473,0.11433504,0.12281625,0.93088304,0.12495443,1.31183800,0.57437740,-0.19905909,690,2021,0.28453302,2022,-0.11520264,13283564.05378550,1128.82600609,2.49801182,0.00952596,,,0.35288026,0.00000000,0.64601156,0.00000000
ROT SPY top1 1-3-6-12U fb best(BIL+IEF),full,full,2008-07-01,2026-08-24,false,true,"{""*"": 6, ""ACWX"": 3, ""AGG"": 1, ""BIL"": 1, ""BND"": 1.5, ""BTAL"": 6, ""DBC"": 3, ""DBMF"": 3, ""EEM"": 1, ""EFA"": 1, ""IEF"": 1, ""IWM"": 1, ""KMLM"": 6, ""LQD"": 1.5, ""QQQ"": 1, ""SCZ"": 5, ""SHY"": 1, ""SPY"": 0.7, ""TIP"": 2, ""TLT"": 1, ""TQQQ"": 1.5, ""VEA"": 1.5, ""VEU"": 2, ""VNQ"": 1.5, ""VTI"": 1, ""VWO"": 2}",0.03000000,tests/data/2026-08-24-net15,1-3-6-12U,,best(BIL+IEF),0.00113558,0.00480500,0.00114732,0.00480711,452247.75169056,118500.00000000,333747.75169056,2.81643672,0.11457941,0.12280107,0.87653569,0.13434717,1.22311999,0.55032962,-0.20820142,483,2013,0.31877119,2022,-0.12002133,6335652.61788333,537.60443749,1.26016760,0.00453675,0.05961381,0.00000000,0.10987422,0.00000000,0.82936464,0.00000000
ROT SPY top1 1-3-6-12U fb IEF,full,full,2008-07-01,2026-08-24,false,true,"{""*"": 6, ""ACWX"": 3, ""AGG"": 1, ""BIL"": 1, ""BND"": 1.5, ""BTAL"": 6, ""DBC"": 3, ""DBMF"": 3, ""EEM"": 1, ""EFA"": 1, ""IEF"": 1, ""IWM"": 1, ""KMLM"": 6, ""LQD"": 1.5, ""QQQ"": 1, ""SCZ"": 5, ""SHY"": 1, ""SPY"": 0.7, ""TIP"": 2, ""TLT"": 1, ""TQQQ"": 1.5, ""VEA"": 1.5, ""VEU"": 2, ""VNQ"": 1.5, ""VTI"": 1, ""VWO"": 2}",0.03000000,tests/data/2026-08-24-net15,1-3-6-12U,,IEF,0.00124924,0.00480500,0.00126098,0.00480711,459118.02873195,118500.00000000,340618.02873195,2.87441374,0.11599918,0.12408929,0.87300583,0.13672005,1.22090484,0.54712147,-0.21201724,715,2013,0.31847259,2022,-0.17893006,6366516.96770787,540.27137497,1.25671305,0.00455925,,,0.16949013,0.00000000,0.82924889,0.00000000
ROT SPY top1 13612W can TIP/1 fb best(BIL+IEF),full,full,2008-07-01,2026-08-24,false,true,"{""*"": 6, ""ACWX"": 3, ""AGG"": 1, ""BIL"": 1, ""BND"": 1.5, ""BTAL"": 6, ""DBC"": 3, ""DBMF"": 3, ""EEM"": 1, ""EFA"": 1, ""IEF"": 1, ""IWM"": 1, ""KMLM"": 6, ""LQD"": 1.5, ""QQQ"": 1, ""SCZ"": 5, ""SHY"": 1, ""SPY"": 0.7, ""TIP"": 2, ""TLT"": 1, ""TQQQ"": 1.5, ""VEA"": 1.5, ""VEU"": 2, ""VNQ"": 1.5, ""VTI"": 1, ""VWO"": 2}",0.03000000,tests/data/2026-08-24-net15,13612W,TIP/1,best(BIL+IEF),0.00100797,0.00487517,0.00104059,0.00497257,302554.96450497,118500.00000000,184054.96450497,1.55320645,0.09154335,0.08793889,0.85733696,0.10937478,1.20985171,0.58975320,-0.15522315,664,2020,0.24470025,2022,-0.08265127,20180913.98445630,1736.10414906,4.32123267,0.01465067,0.26590652,0.00000000,0.16493804,0.00000000,0.56811486,0.00000000
ROT SPY top1 13612W can TIP/1 fb IEF,full,full,2008-07-01,2026-08-24,false,true,"{""*"": 6, ""ACWX"": 3, ""AGG"": 1, ""BIL"": 1, ""BND"": 1.5, ""BTAL"": 6, ""DBC"": 3, ""DBMF"": 3, ""EEM"": 1, ""EFA"": 1, ""IEF"": 1, ""IWM"": 1, ""KMLM"": 6, ""LQD"": 1.5, ""QQQ"": 1, ""SCZ"": 5, ""SHY"": 1, ""SPY"": 0.7, ""TIP"": 2, ""TLT"": 1, ""TQQQ"": 1.5, ""VEA"": 1.5, ""VEU"": 2, ""VNQ"": 1.5, ""VTI"": 1, ""VWO"": 2}",0.03000000,tests/data/2026-08-24-net15,13612W,TIP/1,IEF,0.00096356,0.00480500,0.00099121,0.00480711,280439.52888524,118500.00000000,161939.52888524,1.36657830,0.09059845,0.08122059,0.80563414,0.11628371,1.14012145,0.39859018,-0.22729726,1135,2020,0.24447093,2022,-0.18332398,18527265.06535493,1574.80121337,4.00963835,0.01328946,,,0.43082796,0.00000000,0.56818082,0.00000000
ROT SPY top1 13612W fb best(BIL+IEF),full,full,2008-07-01,2026-08-24,false,true,"{""*"": 6, ""ACWX"": 3, ""AGG"": 1, ""BIL"": 1, ""BND"": 1.5, ""BTAL"": 6, ""DBC"": 3, ""DBMF"": 3, ""EEM"": 1, ""EFA"": 1, ""IEF"": 1, ""IWM"": 1, ""KMLM"": 6, ""LQD"": 1.5, ""QQQ"": 1, ""SCZ"": 5, ""SHY"": 1, ""SPY"": 0.7, ""TIP"": 2, ""TLT"": 1, ""TQQQ"": 1.5, ""VEA"": 1.5, ""VEU"": 2, ""VNQ"": 1.5, ""VTI"": 1, ""VWO"": 2}",0.03000000,tests/data/2026-08-24-net15,13612W,,best(BIL+IEF),0.00106173,0.00487517,0.00108212,0.00497257,315804.74910674,118500.00000000,197304.74910674,1.66501898,0.09801964,0.09171096,0.79001234,0.12919774,1.10903906,0.44463163,-0.22045134,1008,2013,0.31894139,2022,-0.17321630,12863258.82049534,1093.33672535,2.83592273,0.00922647,0.08709600,0.00000000,0.12367878,0.00000000,0.78814309,0.00000000
ROT SPY top1 13612W fb IEF,full,full,2008-07-01,2026-08-24,false,true,"{""*"": 6, ""ACWX"": 3, ""AGG"": 1, ""BIL"": 1, ""BND"": 1.5, ""BTAL"": 6, ""DBC"": 3, ""DBMF"": 3, ""EEM"": 1, ""EFA"": 1, ""IEF"": 1, ""IWM"": 1, ""KMLM"": 6, ""LQD"": 1.5, ""QQQ"": 1, ""SCZ"": 5, ""SHY"": 1, ""SPY"": 0.7, ""TIP"": 2, ""TLT"": 1, ""TQQQ"": 1.5, ""VEA"": 1.5, ""VEU"": 2, ""VNQ"": 1.5, ""VTI"": 1, ""VWO"": 2}",0.03000000,tests/data/2026-08-24-net15,13612W,,IEF,0.00116016,0.00480500,0.00117966,0.00480711,309916.50676329,118500.00000000,191416.50676329,1.61532917,0.09946137,0.09005641,0.78431194,0.13233655,1.10357099,0.35292257,-0.28182207,1015,2013,0.31865865,2022,-0.24187536,12592196.01837163,1069.61788592,2.80487831,0.00902631,,,0.21075776,0.00000000,0.78806258,0.00000000
ROT SPY top1 12M can TIP/1 fb best(BIL+IEF),full,full,2008-07-01,2026-08-24,false,true,"{""*"": 6, ""ACWX"": 3, ""AGG"": 1, ""BIL"": 1, ""BND"": 1.5, ""BTAL"": 6, ""DBC"": 3, ""DBMF"": 3, ""EEM"": 1, ""EFA"": 1, ""IEF"": 1, ""IWM"": 1, ""KMLM"": 6, ""LQD"": 1.5, ""QQQ"": 1, ""SCZ"": 5, ""SHY"": 1, ""SPY"": 0.7, ""TIP"": 2, ""TLT"": 1, ""TQQQ"": 1.5, ""VEA"": 1.5, ""VEU"": 2, ""VNQ"": 1.5, ""VTI"": 1, ""VWO"": 2}",0.03000000,tests/data/2026-08-24-net15,12M,TIP/1,best(BIL+IEF),0.00104525,0.00480500,0.00105642,0.00480711,390412.77813726,118500.00000000,271912.77813726,2.29462260,0.10753072,0.11017268,0.79064458,0.14230326,1.10655792,0.31843116,-0.33768906,323,2021,0.28442892,2022,-0.11990988,6985404.88269725,599.37704913,1.45592789,0.00505803,0.19717924,0.00000000,0.13735844,0.00000000,0.66440591,0.00000000
ROT SPY top1 12M can TIP/1 fb IEF,full,full,2008-07-01,2026-08-24,false,true,"{""*"": 6, ""ACWX"": 3, ""AGG"": 1, ""BIL"": 1, ""BND"": 1.5, ""BTAL"": 6, ""DBC"": 3, ""DBMF"": 3, ""EEM"": 1, ""EFA"": 1, ""IEF"": 1, ""IWM"": 1, ""KMLM"": 6, ""LQD"": 1.5, ""QQQ"": 1, ""SCZ"": 5, ""SHY"": 1, ""SPY"": 0.7, ""TIP"": 2, ""TLT"": 1, ""TQQQ"": 1.5, ""VEA"": 1.5, ""VEU"": 2, ""VNQ"": 1.5, ""VTI"": 1, ""VWO"": 2}",0.03000000,tests/data/2026-08-24-net15,12M,TIP/1,IEF,0.00102890,0.00480500,0.00103916,0.00480711,384369.27559543,118500.00000000,265869.27559543,2.24362258,0.10706148,0.10882512,0.76966601,0.14639762,1.07910017,0.31718875,-0.33753239,323,2021,0.28458468,2022,-0.17903928,6658583.61043218,565.61237306,1.36827466,0.00477310,,,0.33454701,0.00000000,0.66441383,0.00000000
ROT SPY top1 12M fb best(BIL+IEF),full,full,2008-07-01,2026-08-24,false,true,"{""*"": 6, ""ACWX"": 3, ""AGG"": 1, ""BIL"": 1, ""BND"": 1.5, ""BTAL"": 6, ""DBC"": 3, ""DBMF"": 3, ""EEM"": 1, ""EFA"": 1, ""IEF"": 1, ""IWM"": 1, ""KMLM"": 6, ""LQD"": 1.5, ""QQQ"": 1, ""SCZ"": 5, ""SHY"": 1, ""SPY"": 0.7, ""TIP"": 2, ""TLT"": 1, ""TQQQ"": 1.5, ""VEA"": 1.5, ""VEU"": 2, ""VNQ"": 1.5, ""VTI"": 1, ""VWO"": 2}",0.03000000,tests/data/2026-08-24-net15,12M,,best(BIL+IEF),0.00115853,0.00480500,0.00116457,0.00480711,412559.01776018,118500.00000000,294059.01776018,2.48151070,0.11195741,0.11492646,0.76986617,0.15349010,1.07495281,0.33182242,-0.33740157,323,2013,0.31878101,2022,-0.11989581,3006986.35800606,258.35522731,0.62605106,0.00218021,0.05961738,0.00000000,0.10069262,0.00000000,0.83852543,0.00000000
ROT SPY top1 12M fb IEF,full,full,2008-07-01,2026-08-24,false,true,"{""*"": 6, ""ACWX"": 3, ""AGG"": 1, ""BIL"": 1, ""BND"": 1.5, ""BTAL"": 6, ""DBC"": 3, ""DBMF"": 3, ""EEM"": 1, ""EFA"": 1, ""IEF"": 1, ""IWM"": 1, ""KMLM"": 6, ""LQD"": 1.5, ""QQQ"": 1, ""SCZ"": 5, ""SHY"": 1, ""SPY"": 0.7, ""TIP"": 2, ""TLT"": 1, ""TQQQ"": 1.5, ""VEA"": 1.5, ""VEU"": 2, ""VNQ"": 1.5, ""VTI"": 1, ""VWO"": 2}",0.03000000,tests/data/2026-08-24-net15,12M,,IEF,0.00115246,0.00480500,0.00115804,0.00480711,401078.20661852,118500.00000000,282578.20661852,2.38462622,0.11008238,0.11249712,0.75092668,0.15552706,1.04997201,0.32633362,-0.33733078,323,2013,0.31878101,2022,-0.17895866,2753437.22379801,233.09122077,0.58099587,0.00196701,,,0.16031074,0.00000000,0.83853122,0.00000000
SPY60/IEF40,full,full,2008-07-01,2026-08-24,true,true,"{""*"": 6, ""ACWX"": 3, ""AGG"": 1, ""BIL"": 1, ""BND"": 1.5, ""BTAL"": 6, ""DBC"": 3, ""DBMF"": 3, ""EEM"": 1, ""EFA"": 1, ""IEF"": 1, ""IWM"": 1, ""KMLM"": 6, ""LQD"": 1.5, ""QQQ"": 1, ""SCZ"": 5, ""SHY"": 1, ""SPY"": 0.7, ""TIP"": 2, ""TLT"": 1, ""TQQQ"": 1.5, ""VEA"": 1.5, ""VEU"": 2, ""VNQ"": 1.5, ""VTI"": 1, ""VWO"": 2}",0.03000000,tests/data/2026-08-24-net15,,,,0.00210674,0.00995958,0.00153642,0.00806153,314270.55505042,118500.00000000,195770.55505042,1.65207219,0.08467859,0.09128313,0.78922755,0.11101856,1.12221526,0.29429636,-0.28773237,586,2019,0.21420421,2022,-0.16834147,444998.60217693,38.14496671,0.10229595,0.00032190,,,0.39928817,0.39501829,0.59860405,0.59193847
SPY benchmark,full,full,2008-07-01,2026-08-24,true,true,"{""*"": 6, ""ACWX"": 3, ""AGG"": 1, ""BIL"": 1, ""BND"": 1.5, ""BTAL"": 6, ""DBC"": 3, ""DBMF"": 3, ""EEM"": 1, ""EFA"": 1, ""IEF"": 1, ""IWM"": 1, ""KMLM"": 6, ""LQD"": 1.5, ""QQQ"": 1, ""SCZ"": 5, ""SHY"": 1, ""SPY"": 0.7, ""TIP"": 2, ""TLT"": 1, ""TQQQ"": 1.5, ""VEA"": 1.5, ""VEU"": 2, ""VNQ"": 1.5, ""VTI"": 1, ""VWO"": 2}",0.03000000,tests/data/2026-08-24-net15,,,,0.00116426,0.00737715,0.00116472,0.00737881,546212.30855534,118500.00000000,427712.30855534,3.60938657,0.12033077,0.13885120,0.67600259,0.19723966,0.95579738,0.25513316,-0.47163908,861,2013,0.31884220,2008,-0.28800229,118234.48610020,8.27641403,0.01979425,0.00006984,,,,,0.99883528,0.99262119
ROT SPY top1 1-3-6-12U can TIP/1 fb best(BIL+IEF),fit,fit,2008-07-01,2022-12-30,false,true,"{""*"": 6, ""ACWX"": 3, ""AGG"": 1, ""BIL"": 1, ""BND"": 1.5, ""BTAL"": 6, ""DBC"": 3, ""DBMF"": 3, ""EEM"": 1, ""EFA"": 1, ""IEF"": 1, ""IWM"": 1, ""KMLM"": 6, ""LQD"": 1.5, ""QQQ"": 1, ""SCZ"": 5, ""SHY"": 1, ""SPY"": 0.7, ""TIP"": 2, ""TLT"": 1, ""TQQQ"": 1.5, ""VEA"": 1.5, ""VEU"": 2, ""VNQ"": 1.5, ""VTI"": 1, ""VWO"": 2}",0.03000000,tests/data/2026-08-24-net15,1-3-6-12U,TIP/1,best(BIL+IEF),0.00115321,0.00480500,0.00117416,0.00480711,263462.20522709,96500.00000000,166962.20522709,1.73017829,0.10690584,0.11678317,0.89282047,0.12224821,1.24780129,0.53654758,-0.19924765,690,2021,0.28453732,2011,-0.00697273,7338804.28568671,635.00523528,2.64978518,0.00658037,0.18382822,0.00000000,0.18360315,0.00000000,0.63139447,0.00000000
ROT SPY top1 1-3-6-12U can TIP/1 fb IEF,fit,fit,2008-07-01,2022-12-30,false,true,"{""*"": 6, ""ACWX"": 3, ""AGG"": 1, ""BIL"": 1, ""BND"": 1.5, ""BTAL"": 6, ""DBC"": 3, ""DBMF"": 3, ""EEM"": 1, ""EFA"": 1, ""IEF"": 1, ""IWM"": 1, ""KMLM"": 6, ""LQD"": 1.5, ""QQQ"": 1, ""SCZ"": 5, ""SHY"": 1, ""SPY"": 0.7, ""TIP"": 2, ""TLT"": 1, ""TQQQ"": 1.5, ""VEA"": 1.5, ""VEU"": 2, ""VNQ"": 1.5, ""VTI"": 1, ""VWO"": 2}",0.03000000,tests/data/2026-08-24-net15,1-3-6-12U,TIP/1,IEF,0.00120386,0.00480500,0.00122196,0.00480711,253132.98736865,96500.00000000,156632.98736865,1.62313977,0.10538168,0.11236101,0.85656115,0.12641818,1.19731786,0.52939897,-0.19905909,690,2021,0.28453302,2022,-0.11520245,6917736.12631006,587.83024460,2.39193611,0.00609151,,,0.36741776,0.00000000,0.63136028,0.00000000
ROT SPY top1 1-3-6-12U fb best(BIL+IEF),fit,fit,2008-07-01,2022-12-30,false,true,"{""*"": 6, ""ACWX"": 3, ""AGG"": 1, ""BIL"": 1, ""BND"": 1.5, ""BTAL"": 6, ""DBC"": 3, ""DBMF"": 3, ""EEM"": 1, ""EFA"": 1, ""IEF"": 1, ""IWM"": 1, ""KMLM"": 6, ""LQD"": 1.5, ""QQQ"": 1, ""SCZ"": 5, ""SHY"": 1, ""SPY"": 0.7, ""TIP"": 2, ""TLT"": 1, ""TQQQ"": 1.5, ""VEA"": 1.5, ""VEU"": 2, ""VNQ"": 1.5, ""VTI"": 1, ""VWO"": 2}",0.03000000,tests/data/2026-08-24-net15,1-3-6-12U,,best(BIL+IEF),0.00124199,0.00480500,0.00125424,0.00480711,219569.65387922,96500.00000000,123069.65387922,1.27533320,0.09526712,0.09652772,0.73335776,0.13702086,1.01287769,0.45757190,-0.20820142,483,2013,0.31877119,2022,-0.12002114,3738586.68739233,317.13635138,1.37749668,0.00328639,0.05745256,0.00000000,0.13765851,0.00000000,0.80363468,0.00000000
ROT SPY top1 1-3-6-12U fb IEF,fit,fit,2008-07-01,2022-12-30,false,true,"{""*"": 6, ""ACWX"": 3, ""AGG"": 1, ""BIL"": 1, ""BND"": 1.5, ""BTAL"": 6, ""DBC"": 3, ""DBMF"": 3, ""EEM"": 1, ""EFA"": 1, ""IEF"": 1, ""IWM"": 1, ""KMLM"": 6, ""LQD"": 1.5, ""QQQ"": 1, ""SCZ"": 5, ""SHY"": 1, ""SPY"": 0.7, ""TIP"": 2, ""TLT"": 1, ""TQQQ"": 1.5, ""VEA"": 1.5, ""VEU"": 2, ""VNQ"": 1.5, ""VTI"": 1, ""VWO"": 2}",0.03000000,tests/data/2026-08-24-net15,1-3-6-12U,,IEF,0.00133296,0.00480500,0.00134522,0.00480711,207510.60466585,96500.00000000,111010.60466585,1.15036896,0.09157764,0.09018954,0.69983096,0.13918572,0.96747040,0.43193486,-0.21201724,,2013,0.31847259,2022,-0.17892986,3772331.42681758,320.02624729,1.38240740,0.00331633,,,0.19511288,0.00000000,0.80354190,0.00000000
ROT SPY top1 13612W can TIP/1 fb best(BIL+IEF),fit,fit,2008-07-01,2022-12-30,false,true,"{""*"": 6, ""ACWX"": 3, ""AGG"": 1, ""BIL"": 1, ""BND"": 1.5, ""BTAL"": 6, ""DBC"": 3, ""DBMF"": 3, ""EEM"": 1, ""EFA"": 1, ""IEF"": 1, ""IWM"": 1, ""KMLM"": 6, ""LQD"": 1.5, ""QQQ"": 1, ""SCZ"": 5, ""SHY"": 1, ""SPY"": 0.7, ""TIP"": 2, ""TLT"": 1, ""TQQQ"": 1.5, ""VEA"": 1.5, ""VEU"": 2, ""VNQ"": 1.5, ""VTI"": 1, ""VWO"": 2}",0.03000000,tests/data/2026-08-24-net15,13612W,TIP/1,best(BIL+IEF),0.00109196,0.00487517,0.00112404,0.00497257,217918.56209908,96500.00000000,121418.56209908,1.25822344,0.09738153,0.09568256,0.89481816,0.11080500,1.26825379,0.62736472,-0.15522315,664,2020,0.24470025,2022,-0.08265107,11014148.69579116,956.94687358,3.96395198,0.00991655,0.24696303,0.00000000,0.19515551,0.00000000,0.55675742,0.00000000
ROT SPY top1 13612W can TIP/1 fb IEF,fit,fit,2008-07-01,2022-12-30,false,true,"{""*"": 6, ""ACWX"": 3, ""AGG"": 1, ""BIL"": 1, ""BND"": 1.5, ""BTAL"": 6, ""DBC"": 3, ""DBMF"": 3, ""EEM"": 1, ""EFA"": 1, ""IEF"": 1, ""IWM"": 1, ""KMLM"": 6, ""LQD"": 1.5, ""QQQ"": 1, ""SCZ"": 5, ""SHY"": 1, ""SPY"": 0.7, ""TIP"": 2, ""TLT"": 1, ""TQQQ"": 1.5, ""VEA"": 1.5, ""VEU"": 2, ""VNQ"": 1.5, ""VTI"": 1, ""VWO"": 2}",0.03000000,tests/data/2026-08-24-net15,13612W,TIP/1,IEF,0.00103706,0.00480500,0.00106291,0.00480711,198211.83788161,96500.00000000,101711.83788161,1.05400868,0.09520346,0.08502191,0.83677038,0.11695132,1.18592109,0.41885003,-0.22729726,,2020,0.24447093,2022,-0.18332376,9916498.18348056,842.92587438,3.48359106,0.00873498,,,0.44210021,0.00000000,0.55683687,0.00000000
ROT SPY top1 13612W fb best(BIL+IEF),fit,fit,2008-07-01,2022-12-30,false,true,"{""*"": 6, ""ACWX"": 3, ""AGG"": 1, ""BIL"": 1, ""BND"": 1.5, ""BTAL"": 6, ""DBC"": 3, ""DBMF"": 3, ""EEM"": 1, ""EFA"": 1, ""IEF"": 1, ""IWM"": 1, ""KMLM"": 6, ""LQD"": 1.5, ""QQQ"": 1, ""SCZ"": 5, ""SHY"": 1, ""SPY"": 0.7, ""TIP"": 2, ""TLT"": 1, ""TQQQ"": 1.5, ""VEA"": 1.5, ""VEU"": 2, ""VNQ"": 1.5, ""VTI"": 1, ""VWO"": 2}",0.03000000,tests/data/2026-08-24-net15,13612W,,best(BIL+IEF),0.00108089,0.00487517,0.00110155,0.00497257,188354.87004561,96500.00000000,91854.87004561,0.95186394,0.09158626,0.07924610,0.72941121,0.13224252,1.02124213,0.41544887,-0.22045134,1008,2013,0.31894139,2022,-0.17307562,8334736.92400406,708.60365378,3.08304929,0.00734304,0.08039265,0.00000000,0.14346151,0.00000000,0.77504429,0.00000000
ROT SPY top1 13612W fb IEF,fit,fit,2008-07-01,2022-12-30,false,true,"{""*"": 6, ""ACWX"": 3, ""AGG"": 1, ""BIL"": 1, ""BND"": 1.5, ""BTAL"": 6, ""DBC"": 3, ""DBMF"": 3, ""EEM"": 1, ""EFA"": 1, ""IEF"": 1, ""IWM"": 1, ""KMLM"": 6, ""LQD"": 1.5, ""QQQ"": 1, ""SCZ"": 5, ""SHY"": 1, ""SPY"": 0.7, ""TIP"": 2, ""TLT"": 1, ""TQQQ"": 1.5, ""VEA"": 1.5, ""VEU"": 2, ""VNQ"": 1.5, ""VTI"": 1, ""VWO"": 2}",0.03000000,tests/data/2026-08-24-net15,13612W,,IEF,0.00118481,0.00480500,0.00120436,0.00480711,170701.19478336,96500.00000000,74201.19478336,0.76892430,0.08756869,0.06801794,0.69012503,0.13494556,0.96641291,0.31072331,-0.28182207,,2013,0.31865865,2022,-0.24174634,8213094.67172395,697.57103587,3.04908145,0.00722872,,,0.22383602,0.00000000,0.77495961,0.00000000
ROT SPY top1 12M can TIP/1 fb best(BIL+IEF),fit,fit,2008-07-01,2022-12-30,false,true,"{""*"": 6, ""ACWX"": 3, ""AGG"": 1, ""BIL"": 1, ""BND"": 1.5, ""BTAL"": 6, ""DBC"": 3, ""DBMF"": 3, ""EEM"": 1, ""EFA"": 1, ""IEF"": 1, ""IWM"": 1, ""KMLM"": 6, ""LQD"": 1.5, ""QQQ"": 1, ""SCZ"": 5, ""SHY"": 1, ""SPY"": 0.7, ""TIP"": 2, ""TLT"": 1, ""TQQQ"": 1.5, ""VEA"": 1.5, ""VEU"": 2, ""VNQ"": 1.5, ""VTI"": 1, ""VWO"": 2}",0.03000000,tests/data/2026-08-24-net15,12M,TIP/1,best(BIL+IEF),0.00114136,0.00480500,0.00115289,0.00480711,215549.39225100,96500.00000000,119049.39225100,1.23367246,0.09688862,0.09445761,0.71321948,0.14447507,0.98599924,0.28691666,-0.33768906,323,2021,0.28442892,2022,-0.11990969,4612274.40289990,397.79154186,1.67591893,0.00412219,0.17234300,0.00000000,0.17209276,0.00000000,0.65441135,0.00000000
ROT SPY top1 12M can TIP/1 fb IEF,fit,fit,2008-07-01,2022-12-30,false,true,"{""*"": 6, ""ACWX"": 3, ""AGG"": 1, ""BIL"": 1, ""BND"": 1.5, ""BTAL"": 6, ""DBC"": 3, ""DBMF"": 3, ""EEM"": 1, ""EFA"": 1, ""IEF"": 1, ""IWM"": 1, ""KMLM"": 6, ""LQD"": 1.5, ""QQQ"": 1, ""SCZ"": 5, ""SHY"": 1, ""SPY"": 0.7, ""TIP"": 2, ""TLT"": 1, ""TQQQ"": 1.5, ""VEA"": 1.5, ""VEU"": 2, ""VNQ"": 1.5, ""VTI"": 1, ""VWO"": 2}",0.03000000,tests/data/2026-08-24-net15,12M,TIP/1,IEF,0.00110440,0.00480500,0.00111480,0.00480711,213820.83021615,96500.00000000,117320.83021615,1.21575990,0.09696018,0.09355462,0.70203973,0.14749724,0.97122869,0.28726186,-0.33753239,323,2021,0.28458468,2022,-0.17903908,4346428.66480166,369.20194838,1.52571782,0.00382593,,,0.34444376,0.00000000,0.65444144,0.00000000
ROT SPY top1 12M fb best(BIL+IEF),fit,fit,2008-07-01,2022-12-30,false,true,"{""*"": 6, ""ACWX"": 3, ""AGG"": 1, ""BIL"": 1, ""BND"": 1.5, ""BTAL"": 6, ""DBC"": 3, ""DBMF"": 3, ""EEM"": 1, ""EFA"": 1, ""IEF"": 1, ""IWM"": 1, ""KMLM"": 6, ""LQD"": 1.5, ""QQQ"": 1, ""SCZ"": 5, ""SHY"": 1, ""SPY"": 0.7, ""TIP"": 2, ""TLT"": 1, ""TQQQ"": 1.5, ""VEA"": 1.5, ""VEU"": 2, ""VNQ"": 1.5, ""VTI"": 1, ""VWO"": 2}",0.03000000,tests/data/2026-08-24-net15,12M,,best(BIL+IEF),0.00123107,0.00480500,0.00123813,0.00480711,198086.17863117,96500.00000000,101586.17863117,1.05270651,0.09170873,0.08495027,0.64123455,0.15601326,0.88309723,0.27180885,-0.33740157,323,2013,0.31878101,2022,-0.11989556,2580221.12260410,222.34660023,0.96038642,0.00230411,0.05170813,0.00000000,0.12615512,0.00000000,0.82089861,0.00000000
ROT SPY top1 12M fb IEF,fit,fit,2008-07-01,2022-12-30,false,true,"{""*"": 6, ""ACWX"": 3, ""AGG"": 1, ""BIL"": 1, ""BND"": 1.5, ""BTAL"": 6, ""DBC"": 3, ""DBMF"": 3, ""EEM"": 1, ""EFA"": 1, ""IEF"": 1, ""IWM"": 1, ""KMLM"": 6, ""LQD"": 1.5, ""QQQ"": 1, ""SCZ"": 5, ""SHY"": 1, ""SPY"": 0.7, ""TIP"": 2, ""TLT"": 1, ""TQQQ"": 1.5, ""VEA"": 1.5, ""VEU"": 2, ""VNQ"": 1.5, ""VTI"": 1, ""VWO"": 2}",0.03000000,tests/data/2026-08-24-net15,12M,,IEF,0.00121356,0.00480500,0.00122005,0.00480711,185730.80362917,96500.00000000,89230.80362917,0.92467154,0.08688421,0.07765244,0.60782488,0.15774000,0.83765294,0.25756384,-0.33733078,323,2013,0.31878101,2022,-0.17895843,2338788.26317648,198.11227629,0.87104018,0.00205298,,,0.17786658,0.00000000,0.82091337,0.00000000
SPY60/IEF40,fit,fit,2008-07-01,2022-12-30,true,true,"{""*"": 6, ""ACWX"": 3, ""AGG"": 1, ""BIL"": 1, ""BND"": 1.5, ""BTAL"": 6, ""DBC"": 3, ""DBMF"": 3, ""EEM"": 1, ""EFA"": 1, ""IEF"": 1, ""IWM"": 1, ""KMLM"": 6, ""LQD"": 1.5, ""QQQ"": 1, ""SCZ"": 5, ""SHY"": 1, ""SPY"": 0.7, ""TIP"": 2, ""TLT"": 1, ""TQQQ"": 1.5, ""VEA"": 1.5, ""VEU"": 2, ""VNQ"": 1.5, ""VTI"": 1, ""VWO"": 2}",0.03000000,tests/data/2026-08-24-net15,,,,0.00230592,0.00995958,0.00163738,0.00806153,178315.75452863,96500.00000000,81815.75452863,0.84783165,0.07149417,0.07301141,0.66007345,0.11465702,0.92970965,0.24847455,-0.28773237,586,2019,0.21420421,2022,-0.16833995,306433.16176132,26.23567365,0.11922660,0.00027187,,,0.39915776,0.39501829,0.59853517,0.59193847
SPY benchmark,fit,fit,2008-07-01,2022-12-30,true,true,"{""*"": 6, ""ACWX"": 3, ""AGG"": 1, ""BIL"": 1, ""BND"": 1.5, ""BTAL"": 6, ""DBC"": 3, ""DBMF"": 3, ""EEM"": 1, ""EFA"": 1, ""IEF"": 1, ""IWM"": 1, ""KMLM"": 6, ""LQD"": 1.5, ""QQQ"": 1, ""SCZ"": 5, ""SHY"": 1, ""SPY"": 0.7, ""TIP"": 2, ""TLT"": 1, ""TQQQ"": 1.5, ""VEA"": 1.5, ""VEU"": 2, ""VNQ"": 1.5, ""VTI"": 1, ""VWO"": 2}",0.03000000,tests/data/2026-08-24-net15,,,,0.00126659,0.00737715,0.00126716,0.00737881,248181.16385159,96500.00000000,151681.16385159,1.57182553,0.09631886,0.11017208,0.54772181,0.20730384,0.76859979,0.20422155,-0.47163908,861,2013,0.31884220,2008,-0.28800229,96483.37162481,6.75383601,0.03056705,0.00006999,,,,,0.99873284,0.99262119
ROT SPY top1 1-3-6-12U can TIP/1 fb best(BIL+IEF),test,test,2023-01-03,2026-08-24,false,true,"{""*"": 6, ""ACWX"": 3, ""AGG"": 1, ""BIL"": 1, ""BND"": 1.5, ""BTAL"": 6, ""DBC"": 3, ""DBMF"": 3, ""EEM"": 1, ""EFA"": 1, ""IEF"": 1, ""IWM"": 1, ""KMLM"": 6, ""LQD"": 1.5, ""QQQ"": 1, ""SCZ"": 5, ""SHY"": 1, ""SPY"": 0.7, ""TIP"": 2, ""TLT"": 1, ""TQQQ"": 1.5, ""VEA"": 1.5, ""VEU"": 2, ""VNQ"": 1.5, ""VTI"": 1, ""VWO"": 2}",0.03000000,tests/data/2026-08-24-net15,1-3-6-12U,TIP/1,best(BIL+IEF),0.00874667,0.02127131,0.00876741,0.02127131,45557.22711661,31500.00000000,14057.22711661,0.44626118,0.15135233,0.15900812,1.36587846,0.10804188,1.99356338,1.38106421,-0.10959109,202,2024,0.18910934,2023,0.09960898,490309.15290281,41.71859816,2.62267527,0.00132440,0.29446822,0.00000000,0.00000000,0.00000000,0.69676437,0.00000000
ROT SPY top1 1-3-6-12U can TIP/1 fb IEF,test,test,2023-01-03,2026-08-24,false,true,"{""*"": 6, ""ACWX"": 3, ""AGG"": 1, ""BIL"": 1, ""BND"": 1.5, ""BTAL"": 6, ""DBC"": 3, ""DBMF"": 3, ""EEM"": 1, ""EFA"": 1, ""IEF"": 1, ""IWM"": 1, ""KMLM"": 6, ""LQD"": 1.5, ""QQQ"": 1, ""SCZ"": 5, ""SHY"": 1, ""SPY"": 0.7, ""TIP"": 2, ""TLT"": 1, ""TQQQ"": 1.5, ""VEA"": 1.5, ""VEU"": 2, ""VNQ"": 1.5, ""VTI"": 1, ""VWO"": 2}",0.03000000,tests/data/2026-08-24-net15,1-3-6-12U,TIP/1,IEF,0.00807814,0.03019483,0.00809895,0.03027640,45533.18369714,31500.00000000,14033.18369714,0.44549790,0.14756320,0.15877289,1.23341628,0.11785313,1.80704012,1.37125197,-0.10761203,200,2024,0.20460267,2023,0.05954614,487360.56324470,41.45932698,2.63084506,0.00131617,,,0.29465236,0.00000000,0.69724869,0.00000000
ROT SPY top1 1-3-6-12U fb best(BIL+IEF),test,test,2023-01-03,2026-08-24,false,true,"{""*"": 6, ""ACWX"": 3, ""AGG"": 1, ""BIL"": 1, ""BND"": 1.5, ""BTAL"": 6, ""DBC"": 3, ""DBMF"": 3, ""EEM"": 1, ""EFA"": 1, ""IEF"": 1, ""IWM"": 1, ""KMLM"": 6, ""LQD"": 1.5, ""QQQ"": 1, ""SCZ"": 5, ""SHY"": 1, ""SPY"": 0.7, ""TIP"": 2, ""TLT"": 1, ""TQQQ"": 1.5, ""VEA"": 1.5, ""VEU"": 2, ""VNQ"": 1.5, ""VTI"": 1, ""VWO"": 2}",0.03000000,tests/data/2026-08-24-net15,1-3-6-12U,,best(BIL+IEF),0.00896776,0.03342168,0.00897892,0.03350301,49934.54226348,31500.00000000,18434.54226348,0.58522356,0.19376315,0.20025392,1.52075713,0.12202547,2.23939711,1.93311481,-0.10023365,125,2024,0.24456214,2026,0.12280045,208762.80935247,17.61610634,1.04294461,0.00055924,0.06807624,0.00000000,0.00000000,0.00000000,0.92294484,0.00000000
ROT SPY top1 1-3-6-12U fb IEF,test,test,2023-01-03,2026-08-24,false,true,"{""*"": 6, ""ACWX"": 3, ""AGG"": 1, ""BIL"": 1, ""BND"": 1.5, ""BTAL"": 6, ""DBC"": 3, ""DBMF"": 3, ""EEM"": 1, ""EFA"": 1, ""IEF"": 1, ""IWM"": 1, ""KMLM"": 6, ""LQD"": 1.5, ""QQQ"": 1, ""SCZ"": 5, ""SHY"": 1, ""SPY"": 0.7, ""TIP"": 2, ""TLT"": 1, ""TQQQ"": 1.5, ""VEA"": 1.5, ""VEU"": 2, ""VNQ"": 1.5, ""VTI"": 1, ""VWO"": 2}",0.03000000,tests/data/2026-08-24-net15,1-3-6-12U,,IEF,0.00963292,0.02406787,0.00964406,0.02406887,51451.56829178,31500.00000000,19951.56829178,0.63338312,0.21495263,0.21386928,1.62655616,0.12521346,2.41354212,2.15613476,-0.09969350,111,2024,0.24433179,2026,0.12379779,214313.26346566,18.08969286,1.03626342,0.00057428,,,0.06797327,0.00000000,0.92238267,0.00000000
ROT SPY top1 13612W can TIP/1 fb best(BIL+IEF),test,test,2023-01-03,2026-08-24,false,true,"{""*"": 6, ""ACWX"": 3, ""AGG"": 1, ""BIL"": 1, ""BND"": 1.5, ""BTAL"": 6, ""DBC"": 3, ""DBMF"": 3, ""EEM"": 1, ""EFA"": 1, ""IEF"": 1, ""IWM"": 1, ""KMLM"": 6, ""LQD"": 1.5, ""QQQ"": 1, ""SCZ"": 5, ""SHY"": 1, ""SPY"": 0.7, ""TIP"": 2, ""TLT"": 1, ""TQQQ"": 1.5, ""VEA"": 1.5, ""VEU"": 2, ""VNQ"": 1.5, ""VTI"": 1, ""VWO"": 2}",0.03000000,tests/data/2026-08-24-net15,13612W,TIP/1,best(BIL+IEF),0.01062489,0.03342168,0.01066055,0.03350301,36949.09039989,31500.00000000,5449.09039989,0.17298700,0.06843664,0.06747993,0.70398822,0.10193727,0.97475557,0.54810774,-0.12485983,336,2024,0.09343182,2026,0.00282789,790427.56042900,67.35736964,4.69894945,0.00213833,0.34025087,0.00000000,0.04540790,0.00000000,0.60368068,0.00000000
ROT SPY top1 13612W can TIP/1 fb IEF,test,test,2023-01-03,2026-08-24,false,true,"{""*"": 6, ""ACWX"": 3, ""AGG"": 1, ""BIL"": 1, ""BND"": 1.5, ""BTAL"": 6, ""DBC"": 3, ""DBMF"": 3, ""EEM"": 1, ""EFA"": 1, ""IEF"": 1, ""IWM"": 1, ""KMLM"": 6, ""LQD"": 1.5, ""QQQ"": 1, ""SCZ"": 5, ""SHY"": 1, ""SPY"": 0.7, ""TIP"": 2, ""TLT"": 1, ""TQQQ"": 1.5, ""VEA"": 1.5, ""VEU"": 2, ""VNQ"": 1.5, ""VTI"": 1, ""VWO"": 2}",0.03000000,tests/data/2026-08-24-net15,13612W,TIP/1,IEF,0.00696217,0.02162297,0.00699792,0.02162297,36664.19949795,31500.00000000,5164.19949795,0.16394284,0.07001874,0.06416331,0.65958109,0.11282513,0.92780152,0.59808844,-0.11707088,328,2024,0.12088740,2026,-0.01819141,802156.90749492,68.30819706,4.72034576,0.00216851,,,0.38538251,0.00000000,0.60761957,0.00000000
ROT SPY top1 13612W fb best(BIL+IEF),test,test,2023-01-03,2026-08-24,false,true,"{""*"": 6, ""ACWX"": 3, ""AGG"": 1, ""BIL"": 1, ""BND"": 1.5, ""BTAL"": 6, ""DBC"": 3, ""DBMF"": 3, ""EEM"": 1, ""EFA"": 1, ""IEF"": 1, ""IWM"": 1, ""KMLM"": 6, ""LQD"": 1.5, ""QQQ"": 1, ""SCZ"": 5, ""SHY"": 1, ""SPY"": 0.7, ""TIP"": 2, ""TLT"": 1, ""TQQQ"": 1.5, ""VEA"": 1.5, ""VEU"": 2, ""VNQ"": 1.5, ""VTI"": 1, ""VWO"": 2}",0.03000000,tests/data/2026-08-24-net15,13612W,,best(BIL+IEF),0.00969737,0.03342168,0.00971605,0.03350301,41771.07273893,31500.00000000,10271.07273893,0.32606580,0.12386639,0.12065930,1.07849147,0.11502115,1.53701072,1.23343469,-0.10042396,175,2024,0.24470911,2026,0.01974821,409876.64798359,34.80570313,2.22162982,0.00110494,0.11338988,0.00000000,0.04541880,0.00000000,0.83147526,0.00000000
ROT SPY top1 13612W fb IEF,test,test,2023-01-03,2026-08-24,false,true,"{""*"": 6, ""ACWX"": 3, ""AGG"": 1, ""BIL"": 1, ""BND"": 1.5, ""BTAL"": 6, ""DBC"": 3, ""DBMF"": 3, ""EEM"": 1, ""EFA"": 1, ""IEF"": 1, ""IWM"": 1, ""KMLM"": 6, ""LQD"": 1.5, ""QQQ"": 1, ""SCZ"": 5, ""SHY"": 1, ""SPY"": 0.7, ""TIP"": 2, ""TLT"": 1, ""TQQQ"": 1.5, ""VEA"": 1.5, ""VEU"": 2, ""VNQ"": 1.5, ""VTI"": 1, ""VWO"": 2}",0.03000000,tests/data/2026-08-24-net15,13612W,,IEF,0.00908321,0.02618660,0.00910193,0.02626897,42947.21443206,31500.00000000,11447.21443206,0.36340363,0.14509472,0.13286432,1.19390350,0.12017448,1.72182878,1.44481606,-0.10042435,175,2024,0.24468195,2026,0.01590956,425234.36350681,36.09221427,2.21801122,0.00114578,,,0.15863419,0.00000000,0.83226388,0.00000000
ROT SPY top1 12M can TIP/1 fb best(BIL+IEF),test,test,2023-01-03,2026-08-24,false,true,"{""*"": 6, ""ACWX"": 3, ""AGG"": 1, ""BIL"": 1, ""BND"": 1.5, ""BTAL"": 6, ""DBC"": 3, ""DBMF"": 3, ""EEM"": 1, ""EFA"": 1, ""IEF"": 1, ""IWM"": 1, ""KMLM"": 6, ""LQD"": 1.5, ""QQQ"": 1, ""SCZ"": 5, ""SHY"": 1, ""SPY"": 0.7, ""TIP"": 2, ""TLT"": 1, ""TQQQ"": 1.5, ""VEA"": 1.5, ""VEU"": 2, ""VNQ"": 1.5, ""VTI"": 1, ""VWO"": 2}",0.03000000,tests/data/2026-08-24-net15,12M,TIP/1,best(BIL+IEF),0.00937863,0.02515565,0.00938998,0.02515662,46140.59622644,31500.00000000,14640.59622644,0.46478083,0.14948112,0.16468498,1.12717118,0.13196484,1.67850506,0.80515535,-0.18565500,127,2024,0.24084200,2023,0.01524450,196128.99603576,16.70095310,1.06378809,0.00053019,0.29440214,0.00000000,0.00000000,0.00000000,0.69620789,0.00000000
ROT SPY top1 12M can TIP/1 fb IEF,test,test,2023-01-03,2026-08-24,false,true,"{""*"": 6, ""ACWX"": 3, ""AGG"": 1, ""BIL"": 1, ""BND"": 1.5, ""BTAL"": 6, ""DBC"": 3, ""DBMF"": 3, ""EEM"": 1, ""EFA"": 1, ""IEF"": 1, ""IWM"": 1, ""KMLM"": 6, ""LQD"": 1.5, ""QQQ"": 1, ""SCZ"": 5, ""SHY"": 1, ""SPY"": 0.7, ""TIP"": 2, ""TLT"": 1, ""TQQQ"": 1.5, ""VEA"": 1.5, ""VEU"": 2, ""VNQ"": 1.5, ""VTI"": 1, ""VWO"": 2}",0.03000000,tests/data/2026-08-24-net15,12M,TIP/1,IEF,0.00759367,0.02266317,0.00760507,0.02266317,45927.35318509,31500.00000000,14427.35318509,0.45801121,0.14554921,0.16261664,1.03832242,0.14113994,1.54982953,0.77803332,-0.18707324,127,2024,0.21578440,2023,0.02178178,193964.55872886,16.50424511,1.05994981,0.00052394,,,0.29446805,0.00000000,0.69792688,0.00000000
ROT SPY top1 12M fb best(BIL+IEF),test,test,2023-01-03,2026-08-24,false,true,"{""*"": 6, ""ACWX"": 3, ""AGG"": 1, ""BIL"": 1, ""BND"": 1.5, ""BTAL"": 6, ""DBC"": 3, ""DBMF"": 3, ""EEM"": 1, ""EFA"": 1, ""IEF"": 1, ""IWM"": 1, ""KMLM"": 6, ""LQD"": 1.5, ""QQQ"": 1, ""SCZ"": 5, ""SHY"": 1, ""SPY"": 0.7, ""TIP"": 2, ""TLT"": 1, ""TQQQ"": 1.5, ""VEA"": 1.5, ""VEU"": 2, ""VNQ"": 1.5, ""VTI"": 1, ""VWO"": 2}",0.03000000,tests/data/2026-08-24-net15,12M,,best(BIL+IEF),0.00956619,0.02417618,0.00956995,0.02417719,49833.91797198,31500.00000000,18333.91797198,0.58202914,0.19554623,0.19933912,1.33628546,0.14191308,2.00422245,1.04701164,-0.18676605,127,2024,0.24337431,2026,0.12424260,54415.85370292,4.49819254,0.27151776,0.00014280,0.09046542,0.00000000,0.00000000,0.00000000,0.89996463,0.00000000
ROT SPY top1 12M fb IEF,test,test,2023-01-03,2026-08-24,false,true,"{""*"": 6, ""ACWX"": 3, ""AGG"": 1, ""BIL"": 1, ""BND"": 1.5, ""BTAL"": 6, ""DBC"": 3, ""DBMF"": 3, ""EEM"": 1, ""EFA"": 1, ""IEF"": 1, ""IWM"": 1, ""KMLM"": 6, ""LQD"": 1.5, ""QQQ"": 1, ""SCZ"": 5, ""SHY"": 1, ""SPY"": 0.7, ""TIP"": 2, ""TLT"": 1, ""TQQQ"": 1.5, ""VEA"": 1.5, ""VEU"": 2, ""VNQ"": 1.5, ""VTI"": 1, ""VWO"": 2}",0.03000000,tests/data/2026-08-24-net15,12M,,IEF,0.00803308,0.02937441,0.00803684,0.02945628,50449.84923606,31500.00000000,18949.84923606,0.60158252,0.20483502,0.20491561,1.36016474,0.14552706,2.04693104,1.09294322,-0.18741597,127,2024,0.24486797,2026,0.12479686,55246.62516181,4.56840066,0.27153292,0.00014503,,,0.09053324,0.00000000,0.90142992,0.00000000
SPY60/IEF40,test,test,2023-01-03,2026-08-24,true,true,"{""*"": 6, ""ACWX"": 3, ""AGG"": 1, ""BIL"": 1, ""BND"": 1.5, ""BTAL"": 6, ""DBC"": 3, ""DBMF"": 3, ""EEM"": 1, ""EFA"": 1, ""IEF"": 1, ""IWM"": 1, ""KMLM"": 6, ""LQD"": 1.5, ""QQQ"": 1, ""SCZ"": 5, ""SHY"": 1, ""SPY"": 0.7, ""TIP"": 2, ""TLT"": 1, ""TQQQ"": 1.5, ""VEA"": 1.5, ""VEU"": 2, ""VNQ"": 1.5, ""VTI"": 1, ""VWO"": 2}",0.03000000,tests/data/2026-08-24-net15,,,,0.01319622,0.03412316,0.01142414,0.03113101,42873.51448593,31500.00000000,11373.51448593,0.36106395,0.13648648,0.13210756,1.41738012,0.09387539,2.13720107,1.28355614,-0.10633464,188,2023,0.16005231,2026,0.06830658,34115.41185434,2.89757406,0.18429769,0.00009199,,,0.39803187,0.39246603,0.58876996,0.56886899
SPY benchmark,test,test,2023-01-03,2026-08-24,true,true,"{""*"": 6, ""ACWX"": 3, ""AGG"": 1, ""BIL"": 1, ""BND"": 1.5, ""BTAL"": 6, ""DBC"": 3, ""DBMF"": 3, ""EEM"": 1, ""EFA"": 1, ""IEF"": 1, ""IWM"": 1, ""KMLM"": 6, ""LQD"": 1.5, ""QQQ"": 1, ""SCZ"": 5, ""SHY"": 1, ""SPY"": 0.7, ""TIP"": 2, ""TLT"": 1, ""TQQQ"": 1.5, ""VEA"": 1.5, ""VEU"": 2, ""VNQ"": 1.5, ""VTI"": 1, ""VWO"": 2}",0.03000000,tests/data/2026-08-24-net15,,,,0.01118127,0.02889993,0.01118276,0.02890110,51462.51865568,31500.00000000,19962.51865568,0.63373075,0.22151929,0.21396638,1.42521974,0.14894780,2.14327329,1.18927495,-0.18626415,127,2023,0.26134206,2026,0.12377263,31218.24766906,2.18527734,0.14948196,0.00006937,,,,,0.98881724,0.97109890
ROT SPY top1 1-3-6-12U can TIP/1 fb best(BIL+IEF),sens,sens_2008-07-01,2008-07-01,2013-07-01,false,true,"{""*"": 6, ""ACWX"": 3, ""AGG"": 1, ""BIL"": 1, ""BND"": 1.5, ""BTAL"": 6, ""DBC"": 3, ""DBMF"": 3, ""EEM"": 1, ""EFA"": 1, ""IEF"": 1, ""IWM"": 1, ""KMLM"": 6, ""LQD"": 1.5, ""QQQ"": 1, ""SCZ"": 5, ""SHY"": 1, ""SPY"": 0.7, ""TIP"": 2, ""TLT"": 1, ""TQQQ"": 1.5, ""VEA"": 1.5, ""VEU"": 2, ""VNQ"": 1.5, ""VTI"": 1, ""VWO"": 2}",0.03000000,tests/data/2026-08-24-net15,1-3-6-12U,TIP/1,best(BIL+IEF),0.00186520,0.00480500,0.00188321,0.00480711,53320.34595655,40000.00000000,13320.34595655,0.33300865,0.08918235,0.09339528,0.65084127,0.14842094,0.91465013,0.44759549,-0.19924765,690,2013,0.15168587,2011,-0.00697273,704909.60062185,59.89336388,2.46580223,0.00149733,0.04914393,0.00000000,0.26159526,0.00000000,0.68737760,0.00000000
ROT SPY top1 1-3-6-12U can TIP/1 fb IEF,sens,sens_2008-07-01,2008-07-01,2013-07-01,false,true,"{""*"": 6, ""ACWX"": 3, ""AGG"": 1, ""BIL"": 1, ""BND"": 1.5, ""BTAL"": 6, ""DBC"": 3, ""DBMF"": 3, ""EEM"": 1, ""EFA"": 1, ""IEF"": 1, ""IWM"": 1, ""KMLM"": 6, ""LQD"": 1.5, ""QQQ"": 1, ""SCZ"": 5, ""SHY"": 1, ""SPY"": 0.7, ""TIP"": 2, ""TLT"": 1, ""TQQQ"": 1.5, ""VEA"": 1.5, ""VEU"": 2, ""VNQ"": 1.5, ""VTI"": 1, ""VWO"": 2}",0.03000000,tests/data/2026-08-24-net15,1-3-6-12U,TIP/1,IEF,0.00195574,0.00480500,0.00197375,0.00480711,52180.00491182,40000.00000000,12180.00491182,0.30450012,0.08548583,0.08631970,0.62463713,0.14943759,0.87697661,0.42944953,-0.19905909,690,2008,0.14636467,2011,-0.00687527,708398.31466133,60.18380166,2.46690887,0.00150460,,,0.31071770,0.00000000,0.68730856,0.00000000
ROT SPY top1 1-3-6-12U fb best(BIL+IEF),sens,sens_2008-07-01,2008-07-01,2013-07-01,false,true,"{""*"": 6, ""ACWX"": 3, ""AGG"": 1, ""BIL"": 1, ""BND"": 1.5, ""BTAL"": 6, ""DBC"": 3, ""DBMF"": 3, ""EEM"": 1, ""EFA"": 1, ""IEF"": 1, ""IWM"": 1, ""KMLM"": 6, ""LQD"": 1.5, ""QQQ"": 1, ""SCZ"": 5, ""SHY"": 1, ""SPY"": 0.7, ""TIP"": 2, ""TLT"": 1, ""TQQQ"": 1.5, ""VEA"": 1.5, ""VEU"": 2, ""VNQ"": 1.5, ""VTI"": 1, ""VWO"": 2}",0.03000000,tests/data/2026-08-24-net15,1-3-6-12U,,best(BIL+IEF),0.00189591,0.00480500,0.00191253,0.00480711,52893.72973723,40000.00000000,12893.72973723,0.32234324,0.08740564,0.09076494,0.63477456,0.14996548,0.89020056,0.43867838,-0.19924765,690,2008,0.14636467,2011,-0.00697273,600507.38291030,50.98697165,2.10101018,0.00127467,0.01637418,0.00000000,0.26159526,0.00000000,0.72011803,0.00000000
ROT SPY top1 1-3-6-12U fb IEF,sens,sens_2008-07-01,2008-07-01,2013-07-01,false,true,"{""*"": 6, ""ACWX"": 3, ""AGG"": 1, ""BIL"": 1, ""BND"": 1.5, ""BTAL"": 6, ""DBC"": 3, ""DBMF"": 3, ""EEM"": 1, ""EFA"": 1, ""IEF"": 1, ""IWM"": 1, ""KMLM"": 6, ""LQD"": 1.5, ""QQQ"": 1, ""SCZ"": 5, ""SHY"": 1, ""SPY"": 0.7, ""TIP"": 2, ""TLT"": 1, ""TQQQ"": 1.5, ""VEA"": 1.5, ""VEU"": 2, ""VNQ"": 1.5, ""VTI"": 1, ""VWO"": 2}",0.03000000,tests/data/2026-08-24-net15,1-3-6-12U,,IEF,0.00197103,0.00480500,0.00198765,0.00480711,53100.69917919,40000.00000000,13100.69917919,0.32751748,0.08931536,0.09204350,0.64444695,0.15058748,0.90395138,0.44868766,-0.19905909,690,2008,0.14636467,2011,-0.00687527,603402.05101841,51.23008712,2.10092485,0.00128075,,,0.27796747,0.00000000,0.72004489,0.00000000
ROT SPY top1 13612W can TIP/1 fb best(BIL+IEF),sens,sens_2008-07-01,2008-07-01,2013-07-01,false,true,"{""*"": 6, ""ACWX"": 3, ""AGG"": 1, ""BIL"": 1, ""BND"": 1.5, ""BTAL"": 6, ""DBC"": 3, ""DBMF"": 3, ""EEM"": 1, ""EFA"": 1, ""IEF"": 1, ""IWM"": 1, ""KMLM"": 6, ""LQD"": 1.5, ""QQQ"": 1, ""SCZ"": 5, ""SHY"": 1, ""SPY"": 0.7, ""TIP"": 2, ""TLT"": 1, ""TQQQ"": 1.5, ""VEA"": 1.5, ""VEU"": 2, ""VNQ"": 1.5, ""VTI"": 1, ""VWO"": 2}",0.03000000,tests/data/2026-08-24-net15,13612W,TIP/1,best(BIL+IEF),0.00179043,0.00487517,0.00182144,0.00497257,55404.33169964,40000.00000000,15404.33169964,0.38510829,0.10570092,0.10596846,0.82145769,0.13332695,1.20669610,0.68096107,-0.15522315,664,2009,0.23606394,2010,-0.04340818,1289591.52771874,111.22778796,4.31292075,0.00278069,0.14727936,0.00000000,0.26173573,0.00000000,0.58916347,0.00000000
ROT SPY top1 13612W can TIP/1 fb IEF,sens,sens_2008-07-01,2008-07-01,2013-07-01,false,true,"{""*"": 6, ""ACWX"": 3, ""AGG"": 1, ""BIL"": 1, ""BND"": 1.5, ""BTAL"": 6, ""DBC"": 3, ""DBMF"": 3, ""EEM"": 1, ""EFA"": 1, ""IEF"": 1, ""IWM"": 1, ""KMLM"": 6, ""LQD"": 1.5, ""QQQ"": 1, ""SCZ"": 5, ""SHY"": 1, ""SPY"": 0.7, ""TIP"": 2, ""TLT"": 1, ""TQQQ"": 1.5, ""VEA"": 1.5, ""VEU"": 2, ""VNQ"": 1.5, ""VTI"": 1, ""VWO"": 2}",0.03000000,tests/data/2026-08-24-net15,13612W,TIP/1,IEF,0.00161317,0.00480500,0.00163943,0.00480711,56227.26059731,40000.00000000,16227.26059731,0.40568151,0.11979754,0.11081238,0.89743693,0.13668703,1.31995985,0.76056673,-0.15751089,664,2009,0.23615899,2010,-0.03159135,1239627.29443253,105.42874328,3.98075116,0.00263572,,,0.40902676,0.00000000,0.58933381,0.00000000
ROT SPY top1 13612W fb best(BIL+IEF),sens,sens_2008-07-01,2008-07-01,2013-07-01,false,true,"{""*"": 6, ""ACWX"": 3, ""AGG"": 1, ""BIL"": 1, ""BND"": 1.5, ""BTAL"": 6, ""DBC"": 3, ""DBMF"": 3, ""EEM"": 1, ""EFA"": 1, ""IEF"": 1, ""IWM"": 1, ""KMLM"": 6, ""LQD"": 1.5, ""QQQ"": 1, ""SCZ"": 5, ""SHY"": 1, ""SPY"": 0.7, ""TIP"": 2, ""TLT"": 1, ""TQQQ"": 1.5, ""VEA"": 1.5, ""VEU"": 2, ""VNQ"": 1.5, ""VTI"": 1, ""VWO"": 2}",0.03000000,tests/data/2026-08-24-net15,13612W,,best(BIL+IEF),0.00150671,0.00487517,0.00152374,0.00497257,62903.35001613,40000.00000000,22903.35001613,0.57258375,0.14714434,0.14784653,1.05920356,0.13892931,1.55361211,1.13374423,-0.12978619,264,2009,0.23627436,2008,0.07047292,667748.74250086,57.39985507,2.01759724,0.00143500,0.03266924,0.00000000,0.24535834,0.00000000,0.72044867,0.00000000
ROT SPY top1 13612W fb IEF,sens,sens_2008-07-01,2008-07-01,2013-07-01,false,true,"{""*"": 6, ""ACWX"": 3, ""AGG"": 1, ""BIL"": 1, ""BND"": 1.5, ""BTAL"": 6, ""DBC"": 3, ""DBMF"": 3, ""EEM"": 1, ""EFA"": 1, ""IEF"": 1, ""IWM"": 1, ""KMLM"": 6, ""LQD"": 1.5, ""QQQ"": 1, ""SCZ"": 5, ""SHY"": 1, ""SPY"": 0.7, ""TIP"": 2, ""TLT"": 1, ""TQQQ"": 1.5, ""VEA"": 1.5, ""VEU"": 2, ""VNQ"": 1.5, ""VTI"": 1, ""VWO"": 2}",0.03000000,tests/data/2026-08-24-net15,13612W,,IEF,0.00166777,0.00480500,0.00168165,0.00480711,64589.95888664,40000.00000000,24589.95888664,0.61474897,0.16296385,0.15662785,1.14566915,0.14063015,1.68597837,1.25633863,-0.12971332,264,2009,0.23636946,2010,0.08028148,642288.63431405,54.53810730,1.87519689,0.00136345,,,0.27804122,0.00000000,0.72027714,0.00000000
ROT SPY top1 12M can TIP/1 fb best(BIL+IEF),sens,sens_2008-07-01,2008-07-01,2013-07-01,false,true,"{""*"": 6, ""ACWX"": 3, ""AGG"": 1, ""BIL"": 1, ""BND"": 1.5, ""BTAL"": 6, ""DBC"": 3, ""DBMF"": 3, ""EEM"": 1, ""EFA"": 1, ""IEF"": 1, ""IWM"": 1, ""KMLM"": 6, ""LQD"": 1.5, ""QQQ"": 1, ""SCZ"": 5, ""SHY"": 1, ""SPY"": 0.7, ""TIP"": 2, ""TLT"": 1, ""TQQQ"": 1.5, ""VEA"": 1.5, ""VEU"": 2, ""VNQ"": 1.5, ""VTI"": 1, ""VWO"": 2}",0.03000000,tests/data/2026-08-24-net15,12M,TIP/1,best(BIL+IEF),0.00168535,0.00480500,0.00169247,0.00480711,58591.78592973,40000.00000000,18591.78592973,0.46479465,0.11912654,0.12437286,0.80572862,0.15480756,1.14702048,0.63715167,-0.18696732,280,2013,0.15173177,2011,0.01590277,360325.15394087,30.59762894,1.17206080,0.00076494,0.03277261,0.00000000,0.27793214,0.00000000,0.68760277,0.00000000
ROT SPY top1 12M can TIP/1 fb IEF,sens,sens_2008-07-01,2008-07-01,2013-07-01,false,true,"{""*"": 6, ""ACWX"": 3, ""AGG"": 1, ""BIL"": 1, ""BND"": 1.5, ""BTAL"": 6, ""DBC"": 3, ""DBMF"": 3, ""EEM"": 1, ""EFA"": 1, ""IEF"": 1, ""IWM"": 1, ""KMLM"": 6, ""LQD"": 1.5, ""QQQ"": 1, ""SCZ"": 5, ""SHY"": 1, ""SPY"": 0.7, ""TIP"": 2, ""TLT"": 1, ""TQQQ"": 1.5, ""VEA"": 1.5, ""VEU"": 2, ""VNQ"": 1.5, ""VTI"": 1, ""VWO"": 2}",0.03000000,tests/data/2026-08-24-net15,12M,TIP/1,IEF,0.00169107,0.00480500,0.00169820,0.00480711,57111.62478101,40000.00000000,17111.62478101,0.42779062,0.11336379,0.11594504,0.77080136,0.15518852,1.09603773,0.60632943,-0.18696732,280,2010,0.14694553,2011,0.01590277,360289.56371435,30.59406992,1.17237875,0.00076485,,,0.31069903,0.00000000,0.68760277,0.00000000
ROT SPY top1 12M fb best(BIL+IEF),sens,sens_2008-07-01,2008-07-01,2013-07-01,false,true,"{""*"": 6, ""ACWX"": 3, ""AGG"": 1, ""BIL"": 1, ""BND"": 1.5, ""BTAL"": 6, ""DBC"": 3, ""DBMF"": 3, ""EEM"": 1, ""EFA"": 1, ""IEF"": 1, ""IWM"": 1, ""KMLM"": 6, ""LQD"": 1.5, ""QQQ"": 1, ""SCZ"": 5, ""SHY"": 1, ""SPY"": 0.7, ""TIP"": 2, ""TLT"": 1, ""TQQQ"": 1.5, ""VEA"": 1.5, ""VEU"": 2, ""VNQ"": 1.5, ""VTI"": 1, ""VWO"": 2}",0.03000000,tests/data/2026-08-24-net15,12M,,best(BIL+IEF),0.00172145,0.00480500,0.00172719,0.00480711,58122.26948793,40000.00000000,18122.26948793,0.45305674,0.11730078,0.12172107,0.78910106,0.15628984,1.12085636,0.62738656,-0.18696732,280,2010,0.14694553,2011,0.01590277,245080.52728098,20.77289992,0.79735420,0.00051932,0.00000000,0.00000000,0.27793214,0.00000000,0.72034067,0.00000000
ROT SPY top1 12M fb IEF,sens,sens_2008-07-01,2008-07-01,2013-07-01,false,true,"{""*"": 6, ""ACWX"": 3, ""AGG"": 1, ""BIL"": 1, ""BND"": 1.5, ""BTAL"": 6, ""DBC"": 3, ""DBMF"": 3, ""EEM"": 1, ""EFA"": 1, ""IEF"": 1, ""IWM"": 1, ""KMLM"": 6, ""LQD"": 1.5, ""QQQ"": 1, ""SCZ"": 5, ""SHY"": 1, ""SPY"": 0.7, ""TIP"": 2, ""TLT"": 1, ""TQQQ"": 1.5, ""VEA"": 1.5, ""VEU"": 2, ""VNQ"": 1.5, ""VTI"": 1, ""VWO"": 2}",0.03000000,tests/data/2026-08-24-net15,12M,,IEF,0.00172145,0.00480500,0.00172719,0.00480711,58122.26948793,40000.00000000,18122.26948793,0.45305674,0.11730078,0.12172107,0.78910106,0.15628984,1.12085636,0.62738656,-0.18696732,280,2010,0.14694553,2011,0.01590277,245080.52728098,20.77289992,0.79735420,0.00051932,,,0.27793214,0.00000000,0.72034067,0.00000000
SPY60/IEF40,sens,sens_2008-07-01,2008-07-01,2013-07-01,true,true,"{""*"": 6, ""ACWX"": 3, ""AGG"": 1, ""BIL"": 1, ""BND"": 1.5, ""BTAL"": 6, ""DBC"": 3, ""DBMF"": 3, ""EEM"": 1, ""EFA"": 1, ""IEF"": 1, ""IWM"": 1, ""KMLM"": 6, ""LQD"": 1.5, ""QQQ"": 1, ""SCZ"": 5, ""SHY"": 1, ""SPY"": 0.7, ""TIP"": 2, ""TLT"": 1, ""TQQQ"": 1.5, ""VEA"": 1.5, ""VEU"": 2, ""VNQ"": 1.5, ""VTI"": 1, ""VWO"": 2}",0.03000000,tests/data/2026-08-24-net15,,,,0.00364963,0.00995958,0.00248361,0.00806153,53128.83683030,40000.00000000,13128.83683030,0.32822092,0.06901265,0.09221696,0.55706393,0.13674548,0.79434515,0.23985015,-0.28773237,586,2010,0.13030182,2008,-0.13108833,52727.60355023,4.46888865,0.18374155,0.00011172,,,0.39843401,0.39501829,0.59791448,0.59193847
SPY benchmark,sens,sens_2008-07-01,2008-07-01,2013-07-01,true,true,"{""*"": 6, ""ACWX"": 3, ""AGG"": 1, ""BIL"": 1, ""BND"": 1.5, ""BTAL"": 6, ""DBC"": 3, ""DBMF"": 3, ""EEM"": 1, ""EFA"": 1, ""IEF"": 1, ""IWM"": 1, ""KMLM"": 6, ""LQD"": 1.5, ""QQQ"": 1, ""SCZ"": 5, ""SHY"": 1, ""SPY"": 0.7, ""TIP"": 2, ""TLT"": 1, ""TQQQ"": 1.5, ""VEA"": 1.5, ""VEU"": 2, ""VNQ"": 1.5, ""VTI"": 1, ""VWO"": 2}",0.03000000,tests/data/2026-08-24-net15,,,,0.00197878,0.00737715,0.00198016,0.00737881,57032.19135140,40000.00000000,17032.19135140,0.42580478,0.06638768,0.11548705,0.37892205,0.25657149,0.53687074,0.14075949,-0.47163908,861,2009,0.25856285,2008,-0.28800229,39953.18890529,2.79672322,0.14071130,0.00006992,,,,,0.99801984,0.99262119
ROT SPY top1 1-3-6-12U can TIP/1 fb best(BIL+IEF),sens,sens_2009-01-02,2009-01-02,2013-12-31,false,true,"{""*"": 6, ""ACWX"": 3, ""AGG"": 1, ""BIL"": 1, ""BND"": 1.5, ""BTAL"": 6, ""DBC"": 3, ""DBMF"": 3, ""EEM"": 1, ""EFA"": 1, ""IEF"": 1, ""IWM"": 1, ""KMLM"": 6, ""LQD"": 1.5, ""QQQ"": 1, ""SCZ"": 5, ""SHY"": 1, ""SPY"": 0.7, ""TIP"": 2, ""TLT"": 1, ""TQQQ"": 1.5, ""VEA"": 1.5, ""VEU"": 2, ""VNQ"": 1.5, ""VTI"": 1, ""VWO"": 2}",0.03000000,tests/data/2026-08-24-net15,1-3-6-12U,TIP/1,best(BIL+IEF),0.00216109,0.00529109,0.00217930,0.00529317,49630.33238064,39500.00000000,10130.33238064,0.25646411,0.06279328,0.07324794,0.49464730,0.14438709,0.69089016,0.31564395,-0.19893706,690,2013,0.15055704,2011,-0.00712805,591201.32332885,50.21659610,2.12635566,0.00127131,0.13314852,0.00000000,0.16623253,0.00000000,0.69843965,0.00000000
ROT SPY top1 1-3-6-12U can TIP/1 fb IEF,sens,sens_2009-01-02,2009-01-02,2013-12-31,false,true,"{""*"": 6, ""ACWX"": 3, ""AGG"": 1, ""BIL"": 1, ""BND"": 1.5, ""BTAL"": 6, ""DBC"": 3, ""DBMF"": 3, ""EEM"": 1, ""EFA"": 1, ""IEF"": 1, ""IWM"": 1, ""KMLM"": 6, ""LQD"": 1.5, ""QQQ"": 1, ""SCZ"": 5, ""SHY"": 1, ""SPY"": 0.7, ""TIP"": 2, ""TLT"": 1, ""TQQQ"": 1.5, ""VEA"": 1.5, ""VEU"": 2, ""VNQ"": 1.5, ""VTI"": 1, ""VWO"": 2}",0.03000000,tests/data/2026-08-24-net15,1-3-6-12U,TIP/1,IEF,0.00230197,0.00529109,0.00232019,0.00529317,47503.15297375,39500.00000000,8003.15297375,0.20261147,0.05425014,0.05911488,0.43361992,0.14692051,0.60441763,0.27227721,-0.19924598,690,2012,0.10651531,2011,-0.00706168,593492.59894568,50.41173007,2.13892230,0.00127625,,,0.29946809,0.00000000,0.69821172,0.00000000
ROT SPY top1 1-3-6-12U fb best(BIL+IEF),sens,sens_2009-01-02,2009-01-02,2013-12-31,false,true,"{""*"": 6, ""ACWX"": 3, ""AGG"": 1, ""BIL"": 1, ""BND"": 1.5, ""BTAL"": 6, ""DBC"": 3, ""DBMF"": 3, ""EEM"": 1, ""EFA"": 1, ""IEF"": 1, ""IWM"": 1, ""KMLM"": 6, ""LQD"": 1.5, ""QQQ"": 1, ""SCZ"": 5, ""SHY"": 1, ""SPY"": 0.7, ""TIP"": 2, ""TLT"": 1, ""TQQQ"": 1.5, ""VEA"": 1.5, ""VEU"": 2, ""VNQ"": 1.5, ""VTI"": 1, ""VWO"": 2}",0.03000000,tests/data/2026-08-24-net15,1-3-6-12U,,best(BIL+IEF),0.00215716,0.00529109,0.00217395,0.00529317,56733.60072178,39500.00000000,17233.60072178,0.43629369,0.09219371,0.11668014,0.66652042,0.14921935,0.93561692,0.46343153,-0.19893706,690,2013,0.31852843,2011,-0.00712805,498938.58981719,42.26928590,1.77538233,0.00107011,0.01660009,0.00000000,0.16623253,0.00000000,0.81499343,0.00000000
ROT SPY top1 1-3-6-12U fb IEF,sens,sens_2009-01-02,2009-01-02,2013-12-31,false,true,"{""*"": 6, ""ACWX"": 3, ""AGG"": 1, ""BIL"": 1, ""BND"": 1.5, ""BTAL"": 6, ""DBC"": 3, ""DBMF"": 3, ""EEM"": 1, ""EFA"": 1, ""IEF"": 1, ""IWM"": 1, ""KMLM"": 6, ""LQD"": 1.5, ""QQQ"": 1, ""SCZ"": 5, ""SHY"": 1, ""SPY"": 0.7, ""TIP"": 2, ""TLT"": 1, ""TQQQ"": 1.5, ""VEA"": 1.5, ""VEU"": 2, ""VNQ"": 1.5, ""VTI"": 1, ""VWO"": 2}",0.03000000,tests/data/2026-08-24-net15,1-3-6-12U,,IEF,0.00233887,0.00529109,0.00235567,0.00529317,56897.34785825,39500.00000000,17397.34785825,0.44043919,0.09396797,0.11762087,0.67521634,0.14984327,0.94804783,0.47161789,-0.19924598,690,2013,0.31846581,2011,-0.00706168,500943.35533555,42.43981531,1.77565391,0.00107443,,,0.18290000,0.00000000,0.81474434,0.00000000
ROT SPY top1 13612W can TIP/1 fb best(BIL+IEF),sens,sens_2009-01-02,2009-01-02,2013-12-31,false,true,"{""*"": 6, ""ACWX"": 3, ""AGG"": 1, ""BIL"": 1, ""BND"": 1.5, ""BTAL"": 6, ""DBC"": 3, ""DBMF"": 3, ""EEM"": 1, ""EFA"": 1, ""IEF"": 1, ""IWM"": 1, ""KMLM"": 6, ""LQD"": 1.5, ""QQQ"": 1, ""SCZ"": 5, ""SHY"": 1, ""SPY"": 0.7, ""TIP"": 2, ""TLT"": 1, ""TQQQ"": 1.5, ""VEA"": 1.5, ""VEU"": 2, ""VNQ"": 1.5, ""VTI"": 1, ""VWO"": 2}",0.03000000,tests/data/2026-08-24-net15,13612W,TIP/1,best(BIL+IEF),0.00177496,0.00529109,0.00180762,0.00534417,54030.23347585,39500.00000000,14530.23347585,0.36785401,0.10160860,0.10077681,0.79991545,0.13201974,1.17627373,0.65396759,-0.15537253,664,2009,0.25370113,2010,-0.04355243,1382850.03713362,119.90859315,4.63375928,0.00303566,0.16644643,0.00000000,0.21629274,0.00000000,0.61545320,0.00000000
ROT SPY top1 13612W can TIP/1 fb IEF,sens,sens_2009-01-02,2009-01-02,2013-12-31,false,true,"{""*"": 6, ""ACWX"": 3, ""AGG"": 1, ""BIL"": 1, ""BND"": 1.5, ""BTAL"": 6, ""DBC"": 3, ""DBMF"": 3, ""EEM"": 1, ""EFA"": 1, ""IEF"": 1, ""IWM"": 1, ""KMLM"": 6, ""LQD"": 1.5, ""QQQ"": 1, ""SCZ"": 5, ""SHY"": 1, ""SPY"": 0.7, ""TIP"": 2, ""TLT"": 1, ""TQQQ"": 1.5, ""VEA"": 1.5, ""VEU"": 2, ""VNQ"": 1.5, ""VTI"": 1, ""VWO"": 2}",0.03000000,tests/data/2026-08-24-net15,13612W,TIP/1,IEF,0.00197381,0.00529109,0.00200319,0.00534417,52358.09166620,39500.00000000,12858.09166620,0.32552131,0.09585603,0.09056827,0.74741111,0.13476911,1.09415448,0.60895650,-0.15741030,664,2009,0.25370089,2010,-0.03150750,1235030.63899310,105.01537568,4.12853233,0.00265862,,,0.38269846,0.00000000,0.61529836,0.00000000
ROT SPY top1 13612W fb best(BIL+IEF),sens,sens_2009-01-02,2009-01-02,2013-12-31,false,true,"{""*"": 6, ""ACWX"": 3, ""AGG"": 1, ""BIL"": 1, ""BND"": 1.5, ""BTAL"": 6, ""DBC"": 3, ""DBMF"": 3, ""EEM"": 1, ""EFA"": 1, ""IEF"": 1, ""IWM"": 1, ""KMLM"": 6, ""LQD"": 1.5, ""QQQ"": 1, ""SCZ"": 5, ""SHY"": 1, ""SPY"": 0.7, ""TIP"": 2, ""TLT"": 1, ""TQQQ"": 1.5, ""VEA"": 1.5, ""VEU"": 2, ""VNQ"": 1.5, ""VTI"": 1, ""VWO"": 2}",0.03000000,tests/data/2026-08-24-net15,13612W,,best(BIL+IEF),0.00177329,0.00529109,0.00178731,0.00534417,67410.14979502,39500.00000000,27910.14979502,0.70658607,0.16801762,0.17337290,1.18229845,0.13981174,1.74303372,1.29432629,-0.12981087,264,2013,0.31850968,2010,0.08017420,533816.19261757,45.22868981,1.59295256,0.00114503,0.00000000,0.00000000,0.18301668,0.00000000,0.81519601,0.00000000
ROT SPY top1 13612W fb IEF,sens,sens_2009-01-02,2009-01-02,2013-12-31,false,true,"{""*"": 6, ""ACWX"": 3, ""AGG"": 1, ""BIL"": 1, ""BND"": 1.5, ""BTAL"": 6, ""DBC"": 3, ""DBMF"": 3, ""EEM"": 1, ""EFA"": 1, ""IEF"": 1, ""IWM"": 1, ""KMLM"": 6, ""LQD"": 1.5, ""QQQ"": 1, ""SCZ"": 5, ""SHY"": 1, ""SPY"": 0.7, ""TIP"": 2, ""TLT"": 1, ""TQQQ"": 1.5, ""VEA"": 1.5, ""VEU"": 2, ""VNQ"": 1.5, ""VTI"": 1, ""VWO"": 2}",0.03000000,tests/data/2026-08-24-net15,13612W,,IEF,0.00177329,0.00529109,0.00178731,0.00534417,67410.14979502,39500.00000000,27910.14979502,0.70658607,0.16801762,0.17337290,1.18229845,0.13981174,1.74303372,1.29432629,-0.12981087,264,2013,0.31850968,2010,0.08017420,533816.19261757,45.22868981,1.59295256,0.00114503,,,0.18301668,0.00000000,0.81519601,0.00000000
ROT SPY top1 12M can TIP/1 fb best(BIL+IEF),sens,sens_2009-01-02,2009-01-02,2013-12-31,false,true,"{""*"": 6, ""ACWX"": 3, ""AGG"": 1, ""BIL"": 1, ""BND"": 1.5, ""BTAL"": 6, ""DBC"": 3, ""DBMF"": 3, ""EEM"": 1, ""EFA"": 1, ""IEF"": 1, ""IWM"": 1, ""KMLM"": 6, ""LQD"": 1.5, ""QQQ"": 1, ""SCZ"": 5, ""SHY"": 1, ""SPY"": 0.7, ""TIP"": 2, ""TLT"": 1, ""TQQQ"": 1.5, ""VEA"": 1.5, ""VEU"": 2, ""VNQ"": 1.5, ""VTI"": 1, ""VWO"": 2}",0.03000000,tests/data/2026-08-24-net15,12M,TIP/1,best(BIL+IEF),0.00188433,0.00529109,0.00189155,0.00529317,54010.05218552,39500.00000000,14510.05218552,0.36734309,0.09205052,0.10065535,0.65973242,0.15093754,0.93452242,0.49225105,-0.18699914,284,2013,0.15072226,2011,0.01560455,313325.47045135,26.59756039,1.04301409,0.00067336,0.11657364,0.00000000,0.18283007,0.00000000,0.69870474,0.00000000
ROT SPY top1 12M can TIP/1 fb IEF,sens,sens_2009-01-02,2009-01-02,2013-12-31,false,true,"{""*"": 6, ""ACWX"": 3, ""AGG"": 1, ""BIL"": 1, ""BND"": 1.5, ""BTAL"": 6, ""DBC"": 3, ""DBMF"": 3, ""EEM"": 1, ""EFA"": 1, ""IEF"": 1, ""IWM"": 1, ""KMLM"": 6, ""LQD"": 1.5, ""QQQ"": 1, ""SCZ"": 5, ""SHY"": 1, ""SPY"": 0.7, ""TIP"": 2, ""TLT"": 1, ""TQQQ"": 1.5, ""VEA"": 1.5, ""VEU"": 2, ""VNQ"": 1.5, ""VTI"": 1, ""VWO"": 2}",0.03000000,tests/data/2026-08-24-net15,12M,TIP/1,IEF,0.00187693,0.00529109,0.00188414,0.00529317,51538.53824511,39500.00000000,12038.53824511,0.30477312,0.08150994,0.08545415,0.59009631,0.15275692,0.83378390,0.43588406,-0.18699914,284,2010,0.14761994,2011,0.01560455,313339.62311935,26.59897566,1.04930753,0.00067339,,,0.29941112,0.00000000,0.69870474,0.00000000
ROT SPY top1 12M fb best(BIL+IEF),sens,sens_2009-01-02,2009-01-02,2013-12-31,false,true,"{""*"": 6, ""ACWX"": 3, ""AGG"": 1, ""BIL"": 1, ""BND"": 1.5, ""BTAL"": 6, ""DBC"": 3, ""DBMF"": 3, ""EEM"": 1, ""EFA"": 1, ""IEF"": 1, ""IWM"": 1, ""KMLM"": 6, ""LQD"": 1.5, ""QQQ"": 1, ""SCZ"": 5, ""SHY"": 1, ""SPY"": 0.7, ""TIP"": 2, ""TLT"": 1, ""TQQQ"": 1.5, ""VEA"": 1.5, ""VEU"": 2, ""VNQ"": 1.5, ""VTI"": 1, ""VWO"": 2}",0.03000000,tests/data/2026-08-24-net15,12M,,best(BIL+IEF),0.00197080,0.00529109,0.00197660,0.00529317,61757.90257752,39500.00000000,22257.90257752,0.56349120,0.12228037,0.14447225,0.82057294,0.15554068,1.16674521,0.65390872,-0.18699914,284,2013,0.31883553,2011,0.01560455,212331.57403101,17.90702048,0.69919711,0.00045334,0.00000000,0.00000000,0.18283007,0.00000000,0.81519333,0.00000000
ROT SPY top1 12M fb IEF,sens,sens_2009-01-02,2009-01-02,2013-12-31,false,true,"{""*"": 6, ""ACWX"": 3, ""AGG"": 1, ""BIL"": 1, ""BND"": 1.5, ""BTAL"": 6, ""DBC"": 3, ""DBMF"": 3, ""EEM"": 1, ""EFA"": 1, ""IEF"": 1, ""IWM"": 1, ""KMLM"": 6, ""LQD"": 1.5, ""QQQ"": 1, ""SCZ"": 5, ""SHY"": 1, ""SPY"": 0.7, ""TIP"": 2, ""TLT"": 1, ""TQQQ"": 1.5, ""VEA"": 1.5, ""VEU"": 2, ""VNQ"": 1.5, ""VTI"": 1, ""VWO"": 2}",0.03000000,tests/data/2026-08-24-net15,12M,,IEF,0.00197080,0.00529109,0.00197660,0.00529317,61757.90257752,39500.00000000,22257.90257752,0.56349120,0.12228037,0.14447225,0.82057294,0.15554068,1.16674521,0.65390872,-0.18699914,284,2013,0.31883553,2011,0.01560455,212331.57403101,17.90702048,0.69919711,0.00045334,,,0.18283007,0.00000000,0.81519333,0.00000000
SPY60/IEF40,sens,sens_2009-01-02,2009-01-02,2013-12-31,true,true,"{""*"": 6, ""ACWX"": 3, ""AGG"": 1, ""BIL"": 1, ""BND"": 1.5, ""BTAL"": 6, ""DBC"": 3, ""DBMF"": 3, ""EEM"": 1, ""EFA"": 1, ""IEF"": 1, ""IWM"": 1, ""KMLM"": 6, ""LQD"": 1.5, ""QQQ"": 1, ""SCZ"": 5, ""SHY"": 1, ""SPY"": 0.7, ""TIP"": 2, ""TLT"": 1, ""TQQQ"": 1.5, ""VEA"": 1.5, ""VEU"": 2, ""VNQ"": 1.5, ""VTI"": 1, ""VWO"": 2}",0.03000000,tests/data/2026-08-24-net15,,,,0.00304668,0.00899361,0.00201524,0.00472742,57197.01621499,39500.00000000,17697.01621499,0.44802573,0.11436857,0.11933605,1.09764113,0.10368175,1.60185153,0.65018106,-0.17590265,196,2013,0.15252616,2011,0.07317452,51981.42166554,4.43952485,0.16676583,0.00011239,,,0.39863915,0.39562432,0.59831238,0.59527258
SPY benchmark,sens,sens_2009-01-02,2009-01-02,2013-12-31,true,true,"{""*"": 6, ""ACWX"": 3, ""AGG"": 1, ""BIL"": 1, ""BND"": 1.5, ""BTAL"": 6, ""DBC"": 3, ""DBMF"": 3, ""EEM"": 1, ""EFA"": 1, ""IEF"": 1, ""IWM"": 1, ""KMLM"": 6, ""LQD"": 1.5, ""QQQ"": 1, ""SCZ"": 5, ""SHY"": 1, ""SPY"": 0.7, ""TIP"": 2, ""TLT"": 1, ""TQQQ"": 1.5, ""VEA"": 1.5, ""VEU"": 2, ""VNQ"": 1.5, ""VTI"": 1, ""VWO"": 2}",0.03000000,tests/data/2026-08-24-net15,,,,0.00158341,0.00479891,0.00158465,0.00479993,68573.27971424,39500.00000000,29073.27971424,0.73603240,0.16796252,0.17904608,0.90892720,0.19117840,1.30057372,0.62136934,-0.27031029,122,2013,0.31879115,2011,0.01591086,39502.43616034,2.76517053,0.11713084,0.00007000,,,,,0.99841535,0.99520007
ROT SPY top1 1-3-6-12U can TIP/1 fb best(BIL+IEF),sens,sens_2009-07-01,2009-07-01,2014-07-01,false,true,"{""*"": 6, ""ACWX"": 3, ""AGG"": 1, ""BIL"": 1, ""BND"": 1.5, ""BTAL"": 6, ""DBC"": 3, ""DBMF"": 3, ""EEM"": 1, ""EFA"": 1, ""IEF"": 1, ""IWM"": 1, ""KMLM"": 6, ""LQD"": 1.5, ""QQQ"": 1, ""SCZ"": 5, ""SHY"": 1, ""SPY"": 0.7, ""TIP"": 2, ""TLT"": 1, ""TQQQ"": 1.5, ""VEA"": 1.5, ""VEU"": 2, ""VNQ"": 1.5, ""VTI"": 1, ""VWO"": 2}",0.03000000,tests/data/2026-08-24-net15,1-3-6-12U,TIP/1,best(BIL+IEF),0.00215632,0.00600090,0.00217607,0.00600225,50817.35533287,40000.00000000,10817.35533287,0.27043388,0.07882129,0.07768522,0.61539144,0.13927872,0.85721631,0.39586517,-0.19911146,690,2013,0.15042215,2011,-0.00684088,775670.85595379,68.71246265,2.68826578,0.00171781,0.18011238,0.00000000,0.11454589,0.00000000,0.70316566,0.00000000
ROT SPY top1 1-3-6-12U can TIP/1 fb IEF,sens,sens_2009-07-01,2009-07-01,2014-07-01,false,true,"{""*"": 6, ""ACWX"": 3, ""AGG"": 1, ""BIL"": 1, ""BND"": 1.5, ""BTAL"": 6, ""DBC"": 3, ""DBMF"": 3, ""EEM"": 1, ""EFA"": 1, ""IEF"": 1, ""IWM"": 1, ""KMLM"": 6, ""LQD"": 1.5, ""QQQ"": 1, ""SCZ"": 5, ""SHY"": 1, ""SPY"": 0.7, ""TIP"": 2, ""TLT"": 1, ""TQQQ"": 1.5, ""VEA"": 1.5, ""VEU"": 2, ""VNQ"": 1.5, ""VTI"": 1, ""VWO"": 2}",0.03000000,tests/data/2026-08-24-net15,1-3-6-12U,TIP/1,IEF,0.00221288,0.00623295,0.00222940,0.00623434,51462.79361156,40000.00000000,11462.79361156,0.28656984,0.08243514,0.08180858,0.62889767,0.14228889,0.87533406,0.41389550,-0.19916896,690,2009,0.14724923,2011,-0.00690939,591125.58660588,50.20953852,2.05443861,0.00125524,,,0.29475173,0.00000000,0.70301887,0.00000000
ROT SPY top1 1-3-6-12U fb best(BIL+IEF),sens,sens_2009-07-01,2009-07-01,2014-07-01,false,true,"{""*"": 6, ""ACWX"": 3, ""AGG"": 1, ""BIL"": 1, ""BND"": 1.5, ""BTAL"": 6, ""DBC"": 3, ""DBMF"": 3, ""EEM"": 1, ""EFA"": 1, ""IEF"": 1, ""IWM"": 1, ""KMLM"": 6, ""LQD"": 1.5, ""QQQ"": 1, ""SCZ"": 5, ""SHY"": 1, ""SPY"": 0.7, ""TIP"": 2, ""TLT"": 1, ""TQQQ"": 1.5, ""VEA"": 1.5, ""VEU"": 2, ""VNQ"": 1.5, ""VTI"": 1, ""VWO"": 2}",0.03000000,tests/data/2026-08-24-net15,1-3-6-12U,,best(BIL+IEF),0.00233997,0.00600090,0.00235368,0.00600225,60413.95734731,40000.00000000,20413.95734731,0.51034893,0.11960342,0.13450231,0.84114170,0.14749568,1.17539689,0.60068575,-0.19911146,690,2013,0.31844486,2011,-0.00684088,405136.09318040,34.21433637,1.35643087,0.00085536,0.01631514,0.00000000,0.08178998,0.00000000,0.89954119,0.00000000
ROT SPY top1 1-3-6-12U fb IEF,sens,sens_2009-07-01,2009-07-01,2014-07-01,false,true,"{""*"": 6, ""ACWX"": 3, ""AGG"": 1, ""BIL"": 1, ""BND"": 1.5, ""BTAL"": 6, ""DBC"": 3, ""DBMF"": 3, ""EEM"": 1, ""EFA"": 1, ""IEF"": 1, ""IWM"": 1, ""KMLM"": 6, ""LQD"": 1.5, ""QQQ"": 1, ""SCZ"": 5, ""SHY"": 1, ""SPY"": 0.7, ""TIP"": 2, ""TLT"": 1, ""TQQQ"": 1.5, ""VEA"": 1.5, ""VEU"": 2, ""VNQ"": 1.5, ""VTI"": 1, ""VWO"": 2}",0.03000000,tests/data/2026-08-24-net15,1-3-6-12U,,IEF,0.00227501,0.00623295,0.00228873,0.00623434,60580.17522118,40000.00000000,20580.17522118,0.51450438,0.12174316,0.13541048,0.85101003,0.14814619,1.18954174,0.61125571,-0.19916896,690,2013,0.31844572,2011,-0.00690939,407378.45073061,34.40877677,1.35853070,0.00086022,,,0.09822089,0.00000000,0.89949038,0.00000000
ROT SPY top1 13612W can TIP/1 fb best(BIL+IEF),sens,sens_2009-07-01,2009-07-01,2014-07-01,false,true,"{""*"": 6, ""ACWX"": 3, ""AGG"": 1, ""BIL"": 1, ""BND"": 1.5, ""BTAL"": 6, ""DBC"": 3, ""DBMF"": 3, ""EEM"": 1, ""EFA"": 1, ""IEF"": 1, ""IWM"": 1, ""KMLM"": 6, ""LQD"": 1.5, ""QQQ"": 1, ""SCZ"": 5, ""SHY"": 1, ""SPY"": 0.7, ""TIP"": 2, ""TLT"": 1, ""TQQQ"": 1.5, ""VEA"": 1.5, ""VEU"": 2, ""VNQ"": 1.5, ""VTI"": 1, ""VWO"": 2}",0.03000000,tests/data/2026-08-24-net15,13612W,TIP/1,best(BIL+IEF),0.00188634,0.00612705,0.00192252,0.00612837,55696.53254806,40000.00000000,15696.53254806,0.39241331,0.10970064,0.10771326,0.90753343,0.12324965,1.32008311,0.70727254,-0.15510377,664,2009,0.21681385,2010,-0.04336221,1578105.31654522,137.39309329,5.27737519,0.00343483,0.18009296,0.00000000,0.18002682,0.00000000,0.63795769,0.00000000
ROT SPY top1 13612W can TIP/1 fb IEF,sens,sens_2009-07-01,2009-07-01,2014-07-01,false,true,"{""*"": 6, ""ACWX"": 3, ""AGG"": 1, ""BIL"": 1, ""BND"": 1.5, ""BTAL"": 6, ""DBC"": 3, ""DBMF"": 3, ""EEM"": 1, ""EFA"": 1, ""IEF"": 1, ""IWM"": 1, ""KMLM"": 6, ""LQD"": 1.5, ""QQQ"": 1, ""SCZ"": 5, ""SHY"": 1, ""SPY"": 0.7, ""TIP"": 2, ""TLT"": 1, ""TQQQ"": 1.5, ""VEA"": 1.5, ""VEU"": 2, ""VNQ"": 1.5, ""VTI"": 1, ""VWO"": 2}",0.03000000,tests/data/2026-08-24-net15,13612W,TIP/1,IEF,0.00198784,0.00612705,0.00201918,0.00612837,55627.29689924,40000.00000000,15627.29689924,0.39068242,0.11064681,0.10730463,0.89478023,0.12640053,1.29682717,0.70418221,-0.15712810,664,2009,0.21681420,2010,-0.03123965,1349064.85918354,114.40391958,4.50775938,0.00286010,,,0.36015507,0.00000000,0.63782575,0.00000000
ROT SPY top1 13612W fb best(BIL+IEF),sens,sens_2009-07-01,2009-07-01,2014-07-01,false,true,"{""*"": 6, ""ACWX"": 3, ""AGG"": 1, ""BIL"": 1, ""BND"": 1.5, ""BTAL"": 6, ""DBC"": 3, ""DBMF"": 3, ""EEM"": 1, ""EFA"": 1, ""IEF"": 1, ""IWM"": 1, ""KMLM"": 6, ""LQD"": 1.5, ""QQQ"": 1, ""SCZ"": 5, ""SHY"": 1, ""SPY"": 0.7, ""TIP"": 2, ""TLT"": 1, ""TQQQ"": 1.5, ""VEA"": 1.5, ""VEU"": 2, ""VNQ"": 1.5, ""VTI"": 1, ""VWO"": 2}",0.03000000,tests/data/2026-08-24-net15,13612W,,best(BIL+IEF),0.00164645,0.00612705,0.00166135,0.00612837,65765.16836002,40000.00000000,25765.16836002,0.64412921,0.16808636,0.16264723,1.23243340,0.13351811,1.78795594,1.29548394,-0.12974793,264,2013,0.31863700,2014,0.03136751,674893.38187677,56.88530131,1.98830694,0.00142213,0.00000000,0.00000000,0.13096986,0.00000000,0.86736879,0.00000000
ROT SPY top1 13612W fb IEF,sens,sens_2009-07-01,2009-07-01,2014-07-01,false,true,"{""*"": 6, ""ACWX"": 3, ""AGG"": 1, ""BIL"": 1, ""BND"": 1.5, ""BTAL"": 6, ""DBC"": 3, ""DBMF"": 3, ""EEM"": 1, ""EFA"": 1, ""IEF"": 1, ""IWM"": 1, ""KMLM"": 6, ""LQD"": 1.5, ""QQQ"": 1, ""SCZ"": 5, ""SHY"": 1, ""SPY"": 0.7, ""TIP"": 2, ""TLT"": 1, ""TQQQ"": 1.5, ""VEA"": 1.5, ""VEU"": 2, ""VNQ"": 1.5, ""VTI"": 1, ""VWO"": 2}",0.03000000,tests/data/2026-08-24-net15,13612W,,IEF,0.00164645,0.00612705,0.00166135,0.00612837,65765.16836002,40000.00000000,25765.16836002,0.64412921,0.16808636,0.16264723,1.23243340,0.13351811,1.78795594,1.29548394,-0.12974793,264,2013,0.31863700,2014,0.03136751,674893.38187677,56.88530131,1.98830694,0.00142213,,,0.13096986,0.00000000,0.86736879,0.00000000
ROT SPY top1 12M can TIP/1 fb best(BIL+IEF),sens,sens_2009-07-01,2009-07-01,2014-07-01,false,true,"{""*"": 6, ""ACWX"": 3, ""AGG"": 1, ""BIL"": 1, ""BND"": 1.5, ""BTAL"": 6, ""DBC"": 3, ""DBMF"": 3, ""EEM"": 1, ""EFA"": 1, ""IEF"": 1, ""IWM"": 1, ""KMLM"": 6, ""LQD"": 1.5, ""QQQ"": 1, ""SCZ"": 5, ""SHY"": 1, ""SPY"": 0.7, ""TIP"": 2, ""TLT"": 1, ""TQQQ"": 1.5, ""VEA"": 1.5, ""VEU"": 2, ""VNQ"": 1.5, ""VTI"": 1, ""VWO"": 2}",0.03000000,tests/data/2026-08-24-net15,12M,TIP/1,best(BIL+IEF),0.00161005,0.00530321,0.00162006,0.00530536,53814.60563346,40000.00000000,13814.60563346,0.34536514,0.10530387,0.09643389,0.75522985,0.14714385,1.06750358,0.56310304,-0.18700640,280,2013,0.15070140,2014,0.00389356,499372.85789594,43.98050164,1.59657268,0.00109951,0.19656649,0.00000000,0.09815597,0.00000000,0.70365748,0.00000000
ROT SPY top1 12M can TIP/1 fb IEF,sens,sens_2009-07-01,2009-07-01,2014-07-01,false,true,"{""*"": 6, ""ACWX"": 3, ""AGG"": 1, ""BIL"": 1, ""BND"": 1.5, ""BTAL"": 6, ""DBC"": 3, ""DBMF"": 3, ""EEM"": 1, ""EFA"": 1, ""IEF"": 1, ""IWM"": 1, ""KMLM"": 6, ""LQD"": 1.5, ""QQQ"": 1, ""SCZ"": 5, ""SHY"": 1, ""SPY"": 0.7, ""TIP"": 2, ""TLT"": 1, ""TQQQ"": 1.5, ""VEA"": 1.5, ""VEU"": 2, ""VNQ"": 1.5, ""VTI"": 1, ""VWO"": 2}",0.03000000,tests/data/2026-08-24-net15,12M,TIP/1,IEF,0.00164716,0.00530321,0.00165555,0.00530536,54194.01161390,40000.00000000,14194.01161390,0.35485029,0.10627753,0.09873716,0.75092118,0.14966090,1.05944005,0.56830962,-0.18700640,280,2010,0.14682538,2011,0.01570808,394901.49055913,33.52346810,1.27171721,0.00083809,,,0.29470134,0.00000000,0.70364311,0.00000000
ROT SPY top1 12M fb best(BIL+IEF),sens,sens_2009-07-01,2009-07-01,2014-07-01,false,true,"{""*"": 6, ""ACWX"": 3, ""AGG"": 1, ""BIL"": 1, ""BND"": 1.5, ""BTAL"": 6, ""DBC"": 3, ""DBMF"": 3, ""EEM"": 1, ""EFA"": 1, ""IEF"": 1, ""IWM"": 1, ""KMLM"": 6, ""LQD"": 1.5, ""QQQ"": 1, ""SCZ"": 5, ""SHY"": 1, ""SPY"": 0.7, ""TIP"": 2, ""TLT"": 1, ""TQQQ"": 1.5, ""VEA"": 1.5, ""VEU"": 2, ""VNQ"": 1.5, ""VTI"": 1, ""VWO"": 2}",0.03000000,tests/data/2026-08-24-net15,12M,,best(BIL+IEF),0.00174424,0.00530321,0.00174983,0.00530536,65281.16733868,40000.00000000,25281.16733868,0.63202918,0.15153963,0.16018982,0.98804840,0.15527414,1.39831748,0.81034463,-0.18700640,280,2013,0.31879768,2011,0.01570808,195324.50566383,16.36199384,0.60304225,0.00040905,0.00000000,0.00000000,0.08176940,0.00000000,0.91648077,0.00000000
ROT SPY top1 12M fb IEF,sens,sens_2009-07-01,2009-07-01,2014-07-01,false,true,"{""*"": 6, ""ACWX"": 3, ""AGG"": 1, ""BIL"": 1, ""BND"": 1.5, ""BTAL"": 6, ""DBC"": 3, ""DBMF"": 3, ""EEM"": 1, ""EFA"": 1, ""IEF"": 1, ""IWM"": 1, ""KMLM"": 6, ""LQD"": 1.5, ""QQQ"": 1, ""SCZ"": 5, ""SHY"": 1, ""SPY"": 0.7, ""TIP"": 2, ""TLT"": 1, ""TQQQ"": 1.5, ""VEA"": 1.5, ""VEU"": 2, ""VNQ"": 1.5, ""VTI"": 1, ""VWO"": 2}",0.03000000,tests/data/2026-08-24-net15,12M,,IEF,0.00174424,0.00530321,0.00174983,0.00530536,65281.16733868,40000.00000000,25281.16733868,0.63202918,0.15153963,0.16018982,0.98804840,0.15527414,1.39831748,0.81034463,-0.18700640,280,2013,0.31879768,2011,0.01570808,195324.50566383,16.36199384,0.60304225,0.00040905,,,0.08176940,0.00000000,0.91648077,0.00000000
SPY60/IEF40,sens,sens_2009-07-01,2009-07-01,2014-07-01,true,true,"{""*"": 6, ""ACWX"": 3, ""AGG"": 1, ""BIL"": 1, ""BND"": 1.5, ""BTAL"": 6, ""DBC"": 3, ""DBMF"": 3, ""EEM"": 1, ""EFA"": 1, ""IEF"": 1, ""IWM"": 1, ""KMLM"": 6, ""LQD"": 1.5, ""QQQ"": 1, ""SCZ"": 5, ""SHY"": 1, ""SPY"": 0.7, ""TIP"": 2, ""TLT"": 1, ""TQQQ"": 1.5, ""VEA"": 1.5, ""VEU"": 2, ""VNQ"": 1.5, ""VTI"": 1, ""VWO"": 2}",0.03000000,tests/data/2026-08-24-net15,,,,0.00323328,0.00932465,0.00226799,0.00568438,58942.90710162,40000.00000000,18942.90710162,0.47357268,0.13167701,0.12636284,1.48928034,0.08566496,2.17241513,1.58002556,-0.08333853,97,2013,0.15228062,2014,0.06490831,51202.45835799,4.38151345,0.16063916,0.00010954,,,0.39853916,0.39529390,0.59822585,0.59431562
SPY benchmark,sens,sens_2009-07-01,2009-07-01,2014-07-01,true,true,"{""*"": 6, ""ACWX"": 3, ""AGG"": 1, ""BIL"": 1, ""BND"": 1.5, ""BTAL"": 6, ""DBC"": 3, ""DBMF"": 3, ""EEM"": 1, ""EFA"": 1, ""IEF"": 1, ""IWM"": 1, ""KMLM"": 6, ""LQD"": 1.5, ""QQQ"": 1, ""SCZ"": 5, ""SHY"": 1, ""SPY"": 0.7, ""TIP"": 2, ""TLT"": 1, ""TQQQ"": 1.5, ""VEA"": 1.5, ""VEU"": 2, ""VNQ"": 1.5, ""VTI"": 1, ""VWO"": 2}",0.03000000,tests/data/2026-08-24-net15,,,,0.00166426,0.00612705,0.00166545,0.00612837,69611.78483286,40000.00000000,29611.78483286,0.74029462,0.18368799,0.18161020,1.11963900,0.16272842,1.59137046,0.98274294,-0.18691357,280,2013,0.31868676,2011,0.01593166,39968.03407371,2.79776239,0.11572562,0.00006994,,,,,0.99833455,0.99387163
ROT SPY top1 1-3-6-12U can TIP/1 fb best(BIL+IEF),sens,sens_2010-01-04,2010-01-04,2014-12-31,false,true,"{""*"": 6, ""ACWX"": 3, ""AGG"": 1, ""BIL"": 1, ""BND"": 1.5, ""BTAL"": 6, ""DBC"": 3, ""DBMF"": 3, ""EEM"": 1, ""EFA"": 1, ""IEF"": 1, ""IWM"": 1, ""KMLM"": 6, ""LQD"": 1.5, ""QQQ"": 1, ""SCZ"": 5, ""SHY"": 1, ""SPY"": 0.7, ""TIP"": 2, ""TLT"": 1, ""TQQQ"": 1.5, ""VEA"": 1.5, ""VEU"": 2, ""VNQ"": 1.5, ""VTI"": 1, ""VWO"": 2}",0.03000000,tests/data/2026-08-24-net15,1-3-6-12U,TIP/1,best(BIL+IEF),0.00228975,0.00723041,0.00231100,0.00723181,49248.36215277,39500.00000000,9748.36215277,0.24679398,0.05714448,0.07079533,0.48032908,0.13461937,0.66537325,0.28737803,-0.19884777,690,2013,0.15037837,2010,-0.02245563,821035.50036688,71.93902343,2.96550746,0.00182124,0.16651222,0.00000000,0.13306778,0.00000000,0.69810901,0.00000000
ROT SPY top1 1-3-6-12U can TIP/1 fb IEF,sens,sens_2010-01-04,2010-01-04,2014-12-31,false,true,"{""*"": 6, ""ACWX"": 3, ""AGG"": 1, ""BIL"": 1, ""BND"": 1.5, ""BTAL"": 6, ""DBC"": 3, ""DBMF"": 3, ""EEM"": 1, ""EFA"": 1, ""IEF"": 1, ""IWM"": 1, ""KMLM"": 6, ""LQD"": 1.5, ""QQQ"": 1, ""SCZ"": 5, ""SHY"": 1, ""SPY"": 0.7, ""TIP"": 2, ""TLT"": 1, ""TQQQ"": 1.5, ""VEA"": 1.5, ""VEU"": 2, ""VNQ"": 1.5, ""VTI"": 1, ""VWO"": 2}",0.03000000,tests/data/2026-08-24-net15,1-3-6-12U,TIP/1,IEF,0.00228985,0.00723041,0.00230782,0.00723181,49731.58621700,39500.00000000,10231.58621700,0.25902750,0.05866933,0.07395160,0.48477192,0.13703817,0.67083294,0.29504644,-0.19884777,690,2014,0.12870746,2010,-0.02245563,659523.76142132,55.74279386,2.39251821,0.00141121,,,0.29956744,0.00000000,0.69812474,0.00000000
ROT SPY top1 1-3-6-12U fb best(BIL+IEF),sens,sens_2010-01-04,2010-01-04,2014-12-31,false,true,"{""*"": 6, ""ACWX"": 3, ""AGG"": 1, ""BIL"": 1, ""BND"": 1.5, ""BTAL"": 6, ""DBC"": 3, ""DBMF"": 3, ""EEM"": 1, ""EFA"": 1, ""IEF"": 1, ""IWM"": 1, ""KMLM"": 6, ""LQD"": 1.5, ""QQQ"": 1, ""SCZ"": 5, ""SHY"": 1, ""SPY"": 0.7, ""TIP"": 2, ""TLT"": 1, ""TQQQ"": 1.5, ""VEA"": 1.5, ""VEU"": 2, ""VNQ"": 1.5, ""VTI"": 1, ""VWO"": 2}",0.03000000,tests/data/2026-08-24-net15,1-3-6-12U,,best(BIL+IEF),0.00250595,0.00723041,0.00251826,0.00723181,58458.10102800,39500.00000000,18958.10102800,0.47995192,0.09908487,0.12654496,0.72466830,0.14492799,1.00888826,0.49829511,-0.19884777,690,2013,0.31838849,2010,-0.02245563,312268.71100532,26.02795839,1.06200919,0.00065894,0.00000000,0.00000000,0.08310541,0.00000000,0.91437633,0.00000000
ROT SPY top1 1-3-6-12U fb IEF,sens,sens_2010-01-04,2010-01-04,2014-12-31,false,true,"{""*"": 6, ""ACWX"": 3, ""AGG"": 1, ""BIL"": 1, ""BND"": 1.5, ""BTAL"": 6, ""DBC"": 3, ""DBMF"": 3, ""EEM"": 1, ""EFA"": 1, ""IEF"": 1, ""IWM"": 1, ""KMLM"": 6, ""LQD"": 1.5, ""QQQ"": 1, ""SCZ"": 5, ""SHY"": 1, ""SPY"": 0.7, ""TIP"": 2, ""TLT"": 1, ""TQQQ"": 1.5, ""VEA"": 1.5, ""VEU"": 2, ""VNQ"": 1.5, ""VTI"": 1, ""VWO"": 2}",0.03000000,tests/data/2026-08-24-net15,1-3-6-12U,,IEF,0.00250595,0.00723041,0.00251826,0.00723181,58458.10102800,39500.00000000,18958.10102800,0.47995192,0.09908487,0.12654496,0.72466830,0.14492799,1.00888826,0.49829511,-0.19884777,690,2013,0.31838849,2010,-0.02245563,312268.71100532,26.02795839,1.06200919,0.00065894,,,0.08310541,0.00000000,0.91437633,0.00000000
ROT SPY top1 13612W can TIP/1 fb best(BIL+IEF),sens,sens_2010-01-04,2010-01-04,2014-12-31,false,true,"{""*"": 6, ""ACWX"": 3, ""AGG"": 1, ""BIL"": 1, ""BND"": 1.5, ""BTAL"": 6, ""DBC"": 3, ""DBMF"": 3, ""EEM"": 1, ""EFA"": 1, ""IEF"": 1, ""IWM"": 1, ""KMLM"": 6, ""LQD"": 1.5, ""QQQ"": 1, ""SCZ"": 5, ""SHY"": 1, ""SPY"": 0.7, ""TIP"": 2, ""TLT"": 1, ""TQQQ"": 1.5, ""VEA"": 1.5, ""VEU"": 2, ""VNQ"": 1.5, ""VTI"": 1, ""VWO"": 2}",0.03000000,tests/data/2026-08-24-net15,13612W,TIP/1,best(BIL+IEF),0.00220593,0.00652207,0.00224565,0.00660489,52367.90614100,39500.00000000,12867.90614100,0.32576978,0.07389066,0.09068507,0.68391919,0.11370060,0.98288664,0.47682659,-0.15496339,664,2013,0.17750148,2010,-0.04296146,1566456.93706828,136.15731366,5.52424219,0.00344702,0.19971573,0.00000000,0.19968849,0.00000000,0.59835013,0.00000000
ROT SPY top1 13612W can TIP/1 fb IEF,sens,sens_2010-01-04,2010-01-04,2014-12-31,false,true,"{""*"": 6, ""ACWX"": 3, ""AGG"": 1, ""BIL"": 1, ""BND"": 1.5, ""BTAL"": 6, ""DBC"": 3, ""DBMF"": 3, ""EEM"": 1, ""EFA"": 1, ""IEF"": 1, ""IWM"": 1, ""KMLM"": 6, ""LQD"": 1.5, ""QQQ"": 1, ""SCZ"": 5, ""SHY"": 1, ""SPY"": 0.7, ""TIP"": 2, ""TLT"": 1, ""TQQQ"": 1.5, ""VEA"": 1.5, ""VEU"": 2, ""VNQ"": 1.5, ""VTI"": 1, ""VWO"": 2}",0.03000000,tests/data/2026-08-24-net15,13612W,TIP/1,IEF,0.00209247,0.00687420,0.00212730,0.00695660,53000.42537697,39500.00000000,13500.42537697,0.34178292,0.07742438,0.09458353,0.69413197,0.11737391,0.99490512,0.49233197,-0.15726051,664,2014,0.15403790,2010,-0.03368244,1373374.11363981,116.79185363,4.84632356,0.00295676,,,0.39928807,0.00000000,0.59858463,0.00000000
ROT SPY top1 13612W fb best(BIL+IEF),sens,sens_2010-01-04,2010-01-04,2014-12-31,false,true,"{""*"": 6, ""ACWX"": 3, ""AGG"": 1, ""BIL"": 1, ""BND"": 1.5, ""BTAL"": 6, ""DBC"": 3, ""DBMF"": 3, ""EEM"": 1, ""EFA"": 1, ""IEF"": 1, ""IWM"": 1, ""KMLM"": 6, ""LQD"": 1.5, ""QQQ"": 1, ""SCZ"": 5, ""SHY"": 1, ""SPY"": 0.7, ""TIP"": 2, ""TLT"": 1, ""TQQQ"": 1.5, ""VEA"": 1.5, ""VEU"": 2, ""VNQ"": 1.5, ""VTI"": 1, ""VWO"": 2}",0.03000000,tests/data/2026-08-24-net15,13612W,,best(BIL+IEF),0.00199804,0.00723041,0.00201314,0.00723181,61384.22907563,39500.00000000,21884.22907563,0.55403112,0.13107394,0.14256920,1.02612744,0.12805581,1.47520891,1.01410434,-0.12925094,257,2013,0.31876643,2010,0.06228723,540163.66461540,45.44289690,1.68703053,0.00115045,0.00000000,0.00000000,0.13303897,0.00000000,0.86494790,0.00000000
ROT SPY top1 13612W fb IEF,sens,sens_2010-01-04,2010-01-04,2014-12-31,false,true,"{""*"": 6, ""ACWX"": 3, ""AGG"": 1, ""BIL"": 1, ""BND"": 1.5, ""BTAL"": 6, ""DBC"": 3, ""DBMF"": 3, ""EEM"": 1, ""EFA"": 1, ""IEF"": 1, ""IWM"": 1, ""KMLM"": 6, ""LQD"": 1.5, ""QQQ"": 1, ""SCZ"": 5, ""SHY"": 1, ""SPY"": 0.7, ""TIP"": 2, ""TLT"": 1, ""TQQQ"": 1.5, ""VEA"": 1.5, ""VEU"": 2, ""VNQ"": 1.5, ""VTI"": 1, ""VWO"": 2}",0.03000000,tests/data/2026-08-24-net15,13612W,,IEF,0.00199804,0.00723041,0.00201314,0.00723181,61384.22907563,39500.00000000,21884.22907563,0.55403112,0.13107394,0.14256920,1.02612744,0.12805581,1.47520891,1.01410434,-0.12925094,257,2013,0.31876643,2010,0.06228723,540163.66461540,45.44289690,1.68703053,0.00115045,,,0.13303897,0.00000000,0.86494790,0.00000000
ROT SPY top1 12M can TIP/1 fb best(BIL+IEF),sens,sens_2010-01-04,2010-01-04,2014-12-31,false,true,"{""*"": 6, ""ACWX"": 3, ""AGG"": 1, ""BIL"": 1, ""BND"": 1.5, ""BTAL"": 6, ""DBC"": 3, ""DBMF"": 3, ""EEM"": 1, ""EFA"": 1, ""IEF"": 1, ""IWM"": 1, ""KMLM"": 6, ""LQD"": 1.5, ""QQQ"": 1, ""SCZ"": 5, ""SHY"": 1, ""SPY"": 0.7, ""TIP"": 2, ""TLT"": 1, ""TQQQ"": 1.5, ""VEA"": 1.5, ""VEU"": 2, ""VNQ"": 1.5, ""VTI"": 1, ""VWO"": 2}",0.03000000,tests/data/2026-08-24-net15,12M,TIP/1,best(BIL+IEF),0.00187773,0.00723041,0.00188628,0.00723181,52265.33791173,39500.00000000,12765.33791173,0.32317311,0.09042826,0.09004880,0.65846401,0.14820730,0.92720252,0.48382013,-0.18690470,280,2013,0.15065660,2011,0.01569146,414572.12304490,36.23631578,1.38147057,0.00091738,0.19983450,0.00000000,0.03327982,0.00000000,0.76499940,0.00000000
ROT SPY top1 12M can TIP/1 fb IEF,sens,sens_2010-01-04,2010-01-04,2014-12-31,false,true,"{""*"": 6, ""ACWX"": 3, ""AGG"": 1, ""BIL"": 1, ""BND"": 1.5, ""BTAL"": 6, ""DBC"": 3, ""DBMF"": 3, ""EEM"": 1, ""EFA"": 1, ""IEF"": 1, ""IWM"": 1, ""KMLM"": 6, ""LQD"": 1.5, ""QQQ"": 1, ""SCZ"": 5, ""SHY"": 1, ""SPY"": 0.7, ""TIP"": 2, ""TLT"": 1, ""TQQQ"": 1.5, ""VEA"": 1.5, ""VEU"": 2, ""VNQ"": 1.5, ""VTI"": 1, ""VWO"": 2}",0.03000000,tests/data/2026-08-24-net15,12M,TIP/1,IEF,0.00195639,0.00723041,0.00196329,0.00723181,52634.03436458,39500.00000000,13134.03436458,0.33250720,0.09139184,0.09233060,0.65589591,0.15070445,0.92202355,0.48897562,-0.18690470,280,2010,0.12757642,2011,0.01569146,323169.53333382,27.08616001,1.08254282,0.00068573,,,0.23307515,0.00000000,0.76496156,0.00000000
ROT SPY top1 12M fb best(BIL+IEF),sens,sens_2010-01-04,2010-01-04,2014-12-31,false,true,"{""*"": 6, ""ACWX"": 3, ""AGG"": 1, ""BIL"": 1, ""BND"": 1.5, ""BTAL"": 6, ""DBC"": 3, ""DBMF"": 3, ""EEM"": 1, ""EFA"": 1, ""IEF"": 1, ""IWM"": 1, ""KMLM"": 6, ""LQD"": 1.5, ""QQQ"": 1, ""SCZ"": 5, ""SHY"": 1, ""SPY"": 0.7, ""TIP"": 2, ""TLT"": 1, ""TQQQ"": 1.5, ""VEA"": 1.5, ""VEU"": 2, ""VNQ"": 1.5, ""VTI"": 1, ""VWO"": 2}",0.03000000,tests/data/2026-08-24-net15,12M,,best(BIL+IEF),0.00198381,0.00723041,0.00198786,0.00723181,62744.46571904,39500.00000000,23244.46571904,0.58846749,0.13611542,0.14978200,0.89497427,0.15630496,1.26235644,0.72826110,-0.18690470,280,2013,0.31859236,2011,0.01569146,149659.66575110,12.14329896,0.46785733,0.00030743,0.00000000,0.00000000,0.01662427,0.00000000,0.98138787,0.00000000
ROT SPY top1 12M fb IEF,sens,sens_2010-01-04,2010-01-04,2014-12-31,false,true,"{""*"": 6, ""ACWX"": 3, ""AGG"": 1, ""BIL"": 1, ""BND"": 1.5, ""BTAL"": 6, ""DBC"": 3, ""DBMF"": 3, ""EEM"": 1, ""EFA"": 1, ""IEF"": 1, ""IWM"": 1, ""KMLM"": 6, ""LQD"": 1.5, ""QQQ"": 1, ""SCZ"": 5, ""SHY"": 1, ""SPY"": 0.7, ""TIP"": 2, ""TLT"": 1, ""TQQQ"": 1.5, ""VEA"": 1.5, ""VEU"": 2, ""VNQ"": 1.5, ""VTI"": 1, ""VWO"": 2}",0.03000000,tests/data/2026-08-24-net15,12M,,IEF,0.00198381,0.00723041,0.00198786,0.00723181,62744.46571904,39500.00000000,23244.46571904,0.58846749,0.13611542,0.14978200,0.89497427,0.15630496,1.26235644,0.72826110,-0.18690470,280,2013,0.31859236,2011,0.01569146,149659.66575110,12.14329896,0.46785733,0.00030743,,,0.01662427,0.00000000,0.98138787,0.00000000
SPY60/IEF40,sens,sens_2010-01-04,2010-01-04,2014-12-31,true,true,"{""*"": 6, ""ACWX"": 3, ""AGG"": 1, ""BIL"": 1, ""BND"": 1.5, ""BTAL"": 6, ""DBC"": 3, ""DBMF"": 3, ""EEM"": 1, ""EFA"": 1, ""IEF"": 1, ""IWM"": 1, ""KMLM"": 6, ""LQD"": 1.5, ""QQQ"": 1, ""SCZ"": 5, ""SHY"": 1, ""SPY"": 0.7, ""TIP"": 2, ""TLT"": 1, ""TQQQ"": 1.5, ""VEA"": 1.5, ""VEU"": 2, ""VNQ"": 1.5, ""VTI"": 1, ""VWO"": 2}",0.03000000,tests/data/2026-08-24-net15,,,,0.00371086,0.01009244,0.00261754,0.00784978,56571.14941907,39500.00000000,17071.14941907,0.43218100,0.11318376,0.11581723,1.33515813,0.08290283,1.93646839,1.36327149,-0.08302364,97,2013,0.15221967,2011,0.07338008,47030.55483454,4.01168056,0.15225921,0.00010156,,,0.39860265,0.39504793,0.59768478,0.59215022
SPY benchmark,sens,sens_2010-01-04,2010-01-04,2014-12-31,true,true,"{""*"": 6, ""ACWX"": 3, ""AGG"": 1, ""BIL"": 1, ""BND"": 1.5, ""BTAL"": 6, ""DBC"": 3, ""DBMF"": 3, ""EEM"": 1, ""EFA"": 1, ""IEF"": 1, ""IWM"": 1, ""KMLM"": 6, ""LQD"": 1.5, ""QQQ"": 1, ""SCZ"": 5, ""SHY"": 1, ""SPY"": 0.7, ""TIP"": 2, ""TLT"": 1, ""TQQQ"": 1.5, ""VEA"": 1.5, ""VEU"": 2, ""VNQ"": 1.5, ""VTI"": 1, ""VWO"": 2}",0.03000000,tests/data/2026-08-24-net15,,,,0.00197527,0.00723041,0.00197653,0.00723181,64697.93200877,39500.00000000,25197.93200877,0.63792233,0.14609942,0.15989530,0.94127908,0.15824026,1.32877353,0.78167867,-0.18690470,280,2013,0.31843493,2011,0.01569146,39455.78811157,2.76190517,0.12032408,0.00006992,,,,,0.99802347,0.99276819
ROT SPY top1 1-3-6-12U can TIP/1 fb best(BIL+IEF),sens,sens_2010-07-01,2010-07-01,2015-07-01,false,true,"{""*"": 6, ""ACWX"": 3, ""AGG"": 1, ""BIL"": 1, ""BND"": 1.5, ""BTAL"": 6, ""DBC"": 3, ""DBMF"": 3, ""EEM"": 1, ""EFA"": 1, ""IEF"": 1, ""IWM"": 1, ""KMLM"": 6, ""LQD"": 1.5, ""QQQ"": 1, ""SCZ"": 5, ""SHY"": 1, ""SPY"": 0.7, ""TIP"": 2, ""TLT"": 1, ""TQQQ"": 1.5, ""VEA"": 1.5, ""VEU"": 2, ""VNQ"": 1.5, ""VTI"": 1, ""VWO"": 2}",0.03000000,tests/data/2026-08-24-net15,1-3-6-12U,TIP/1,best(BIL+IEF),0.00183394,0.00637727,0.00185667,0.00637825,50555.71347620,40000.00000000,10555.71347620,0.26389284,0.07840315,0.07600996,0.67015581,0.12437771,0.94543659,0.45227235,-0.17335383,307,2013,0.15072476,2011,-0.00695002,938522.82097236,83.56907013,3.20151540,0.00208923,0.18010367,0.00000000,0.14728638,0.00000000,0.67075328,0.00000000
ROT SPY top1 1-3-6-12U can TIP/1 fb IEF,sens,sens_2010-07-01,2010-07-01,2015-07-01,false,true,"{""*"": 6, ""ACWX"": 3, ""AGG"": 1, ""BIL"": 1, ""BND"": 1.5, ""BTAL"": 6, ""DBC"": 3, ""DBMF"": 3, ""EEM"": 1, ""EFA"": 1, ""IEF"": 1, ""IWM"": 1, ""KMLM"": 6, ""LQD"": 1.5, ""QQQ"": 1, ""SCZ"": 5, ""SHY"": 1, ""SPY"": 0.7, ""TIP"": 2, ""TLT"": 1, ""TQQQ"": 1.5, ""VEA"": 1.5, ""VEU"": 2, ""VNQ"": 1.5, ""VTI"": 1, ""VWO"": 2}",0.03000000,tests/data/2026-08-24-net15,1-3-6-12U,TIP/1,IEF,0.00202969,0.00637727,0.00204756,0.00637825,50758.35248003,40000.00000000,10758.35248003,0.26895881,0.07882244,0.07731627,0.66197949,0.12700071,0.93190944,0.45469109,-0.17335383,307,2014,0.12861881,2011,-0.00695002,688095.42992185,58.47508978,2.35241052,0.00146188,,,0.32732950,0.00000000,0.67062294,0.00000000
ROT SPY top1 1-3-6-12U fb best(BIL+IEF),sens,sens_2010-07-01,2010-07-01,2015-07-01,false,true,"{""*"": 6, ""ACWX"": 3, ""AGG"": 1, ""BIL"": 1, ""BND"": 1.5, ""BTAL"": 6, ""DBC"": 3, ""DBMF"": 3, ""EEM"": 1, ""EFA"": 1, ""IEF"": 1, ""IWM"": 1, ""KMLM"": 6, ""LQD"": 1.5, ""QQQ"": 1, ""SCZ"": 5, ""SHY"": 1, ""SPY"": 0.7, ""TIP"": 2, ""TLT"": 1, ""TQQQ"": 1.5, ""VEA"": 1.5, ""VEU"": 2, ""VNQ"": 1.5, ""VTI"": 1, ""VWO"": 2}",0.03000000,tests/data/2026-08-24-net15,1-3-6-12U,,best(BIL+IEF),0.00205587,0.00637727,0.00206679,0.00637825,59501.61140352,40000.00000000,19501.61140352,0.48754029,0.12193972,0.12949360,0.91670772,0.13580273,1.29512425,0.70341517,-0.17335383,307,2013,0.31882723,2011,-0.00695002,261358.28468420,21.97407094,0.82190714,0.00054935,0.00000000,0.00000000,0.08175519,0.00000000,0.91617802,0.00000000
ROT SPY top1 1-3-6-12U fb IEF,sens,sens_2010-07-01,2010-07-01,2015-07-01,false,true,"{""*"": 6, ""ACWX"": 3, ""AGG"": 1, ""BIL"": 1, ""BND"": 1.5, ""BTAL"": 6, ""DBC"": 3, ""DBMF"": 3, ""EEM"": 1, ""EFA"": 1, ""IEF"": 1, ""IWM"": 1, ""KMLM"": 6, ""LQD"": 1.5, ""QQQ"": 1, ""SCZ"": 5, ""SHY"": 1, ""SPY"": 0.7, ""TIP"": 2, ""TLT"": 1, ""TQQQ"": 1.5, ""VEA"": 1.5, ""VEU"": 2, ""VNQ"": 1.5, ""VTI"": 1, ""VWO"": 2}",0.03000000,tests/data/2026-08-24-net15,1-3-6-12U,,IEF,0.00205587,0.00637727,0.00206679,0.00637825,59501.61140352,40000.00000000,19501.61140352,0.48754029,0.12193972,0.12949360,0.91670772,0.13580273,1.29512425,0.70341517,-0.17335383,307,2013,0.31882723,2011,-0.00695002,261358.28468420,21.97407094,0.82190714,0.00054935,,,0.08175519,0.00000000,0.91617802,0.00000000
ROT SPY top1 13612W can TIP/1 fb best(BIL+IEF),sens,sens_2010-07-01,2010-07-01,2015-07-01,false,true,"{""*"": 6, ""ACWX"": 3, ""AGG"": 1, ""BIL"": 1, ""BND"": 1.5, ""BTAL"": 6, ""DBC"": 3, ""DBMF"": 3, ""EEM"": 1, ""EFA"": 1, ""IEF"": 1, ""IWM"": 1, ""KMLM"": 6, ""LQD"": 1.5, ""QQQ"": 1, ""SCZ"": 5, ""SHY"": 1, ""SPY"": 0.7, ""TIP"": 2, ""TLT"": 1, ""TQQQ"": 1.5, ""VEA"": 1.5, ""VEU"": 2, ""VNQ"": 1.5, ""VTI"": 1, ""VWO"": 2}",0.03000000,tests/data/2026-08-24-net15,13612W,TIP/1,best(BIL+IEF),0.00220320,0.00596611,0.00224282,0.00604909,52813.99962366,40000.00000000,12813.99962366,0.32034999,0.08020088,0.09029817,0.78937778,0.10484406,1.15175478,0.68545327,-0.11700415,439,2013,0.17734389,2010,-0.03516035,1736858.00253374,153.42222495,5.90678442,0.00383556,0.19645774,0.00000000,0.22906178,0.00000000,0.57223767,0.00000000
ROT SPY top1 13612W can TIP/1 fb IEF,sens,sens_2010-07-01,2010-07-01,2015-07-01,false,true,"{""*"": 6, ""ACWX"": 3, ""AGG"": 1, ""BIL"": 1, ""BND"": 1.5, ""BTAL"": 6, ""DBC"": 3, ""DBMF"": 3, ""EEM"": 1, ""EFA"": 1, ""IEF"": 1, ""IWM"": 1, ""KMLM"": 6, ""LQD"": 1.5, ""QQQ"": 1, ""SCZ"": 5, ""SHY"": 1, ""SPY"": 0.7, ""TIP"": 2, ""TLT"": 1, ""TQQQ"": 1.5, ""VEA"": 1.5, ""VEU"": 2, ""VNQ"": 1.5, ""VTI"": 1, ""VWO"": 2}",0.03000000,tests/data/2026-08-24-net15,13612W,TIP/1,IEF,0.00216507,0.00596611,0.00219665,0.00604909,53453.20262410,40000.00000000,13453.20262410,0.33633007,0.08234167,0.09423852,0.78198821,0.10892987,1.13580476,0.69017186,-0.11930604,439,2014,0.15403559,2010,-0.03496819,1358416.27467517,115.55094273,4.62504284,0.00288877,,,0.42547295,0.00000000,0.57233040,0.00000000
ROT SPY top1 13612W fb best(BIL+IEF),sens,sens_2010-07-01,2010-07-01,2015-07-01,false,true,"{""*"": 6, ""ACWX"": 3, ""AGG"": 1, ""BIL"": 1, ""BND"": 1.5, ""BTAL"": 6, ""DBC"": 3, ""DBMF"": 3, ""EEM"": 1, ""EFA"": 1, ""IEF"": 1, ""IWM"": 1, ""KMLM"": 6, ""LQD"": 1.5, ""QQQ"": 1, ""SCZ"": 5, ""SHY"": 1, ""SPY"": 0.7, ""TIP"": 2, ""TLT"": 1, ""TQQQ"": 1.5, ""VEA"": 1.5, ""VEU"": 2, ""VNQ"": 1.5, ""VTI"": 1, ""VWO"": 2}",0.03000000,tests/data/2026-08-24-net15,13612W,,best(BIL+IEF),0.00209073,0.00637727,0.00210855,0.00637825,55464.20231287,40000.00000000,15464.20231287,0.38660506,0.11557961,0.10635455,0.96278534,0.12144677,1.39665896,1.19457023,-0.09675413,110,2013,0.31855303,2015,-0.06848704,778953.09041499,66.03364578,2.37869559,0.00165084,0.01638059,0.00000000,0.13086692,0.00000000,0.85064394,0.00000000
ROT SPY top1 13612W fb IEF,sens,sens_2010-07-01,2010-07-01,2015-07-01,false,true,"{""*"": 6, ""ACWX"": 3, ""AGG"": 1, ""BIL"": 1, ""BND"": 1.5, ""BTAL"": 6, ""DBC"": 3, ""DBMF"": 3, ""EEM"": 1, ""EFA"": 1, ""IEF"": 1, ""IWM"": 1, ""KMLM"": 6, ""LQD"": 1.5, ""QQQ"": 1, ""SCZ"": 5, ""SHY"": 1, ""SPY"": 0.7, ""TIP"": 2, ""TLT"": 1, ""TQQQ"": 1.5, ""VEA"": 1.5, ""VEU"": 2, ""VNQ"": 1.5, ""VTI"": 1, ""VWO"": 2}",0.03000000,tests/data/2026-08-24-net15,13612W,,IEF,0.00208217,0.00637727,0.00209999,0.00637825,55161.75915864,40000.00000000,15161.75915864,0.37904398,0.11436014,0.10455879,0.95356579,0.12147546,1.38302398,1.18196645,-0.09675413,110,2013,0.31855303,2015,-0.07356653,778982.04951460,66.03654169,2.37880147,0.00165091,,,0.14725606,0.00000000,0.85064394,0.00000000
ROT SPY top1 12M can TIP/1 fb best(BIL+IEF),sens,sens_2010-07-01,2010-07-01,2015-07-01,false,true,"{""*"": 6, ""ACWX"": 3, ""AGG"": 1, ""BIL"": 1, ""BND"": 1.5, ""BTAL"": 6, ""DBC"": 3, ""DBMF"": 3, ""EEM"": 1, ""EFA"": 1, ""IEF"": 1, ""IWM"": 1, ""KMLM"": 6, ""LQD"": 1.5, ""QQQ"": 1, ""SCZ"": 5, ""SHY"": 1, ""SPY"": 0.7, ""TIP"": 2, ""TLT"": 1, ""TQQQ"": 1.5, ""VEA"": 1.5, ""VEU"": 2, ""VNQ"": 1.5, ""VTI"": 1, ""VWO"": 2}",0.03000000,tests/data/2026-08-24-net15,12M,TIP/1,best(BIL+IEF),0.00205870,0.00682259,0.00206844,0.00685735,52902.86512102,40000.00000000,12902.86512102,0.32257163,0.11180801,0.09084864,0.83439505,0.13879162,1.19536001,0.59848972,-0.18681693,280,2010,0.23359709,2015,0.00833467,492254.26679267,42.77206761,1.55829928,0.00106930,0.19652459,0.00000000,0.06551786,0.00000000,0.73588911,0.00000000
ROT SPY top1 12M can TIP/1 fb IEF,sens,sens_2010-07-01,2010-07-01,2015-07-01,false,true,"{""*"": 6, ""ACWX"": 3, ""AGG"": 1, ""BIL"": 1, ""BND"": 1.5, ""BTAL"": 6, ""DBC"": 3, ""DBMF"": 3, ""EEM"": 1, ""EFA"": 1, ""IEF"": 1, ""IWM"": 1, ""KMLM"": 6, ""LQD"": 1.5, ""QQQ"": 1, ""SCZ"": 5, ""SHY"": 1, ""SPY"": 0.7, ""TIP"": 2, ""TLT"": 1, ""TQQQ"": 1.5, ""VEA"": 1.5, ""VEU"": 2, ""VNQ"": 1.5, ""VTI"": 1, ""VWO"": 2}",0.03000000,tests/data/2026-08-24-net15,12M,TIP/1,IEF,0.00207712,0.00682259,0.00208524,0.00685735,53260.49107968,40000.00000000,13260.49107968,0.33151228,0.11279009,0.09305521,0.82758234,0.14145441,1.18246964,0.60374659,-0.18681693,280,2010,0.23359709,2015,0.00834305,407787.25190709,34.30465932,1.29531419,0.00085762,,,0.26204099,0.00000000,0.73587377,0.00000000
ROT SPY top1 12M fb best(BIL+IEF),sens,sens_2010-07-01,2010-07-01,2015-07-01,false,true,"{""*"": 6, ""ACWX"": 3, ""AGG"": 1, ""BIL"": 1, ""BND"": 1.5, ""BTAL"": 6, ""DBC"": 3, ""DBMF"": 3, ""EEM"": 1, ""EFA"": 1, ""IEF"": 1, ""IWM"": 1, ""KMLM"": 6, ""LQD"": 1.5, ""QQQ"": 1, ""SCZ"": 5, ""SHY"": 1, ""SPY"": 0.7, ""TIP"": 2, ""TLT"": 1, ""TQQQ"": 1.5, ""VEA"": 1.5, ""VEU"": 2, ""VNQ"": 1.5, ""VTI"": 1, ""VWO"": 2}",0.03000000,tests/data/2026-08-24-net15,12M,,best(BIL+IEF),0.00211427,0.00682259,0.00211820,0.00685735,63286.61512180,40000.00000000,23286.61512180,0.58216538,0.16035978,0.14990368,1.08272037,0.14769452,1.54898487,0.85837926,-0.18681693,280,2013,0.31848774,2011,0.01568049,139917.49060147,11.31160517,0.40645015,0.00028279,0.00000000,0.00000000,0.01638007,0.00000000,0.98150173,0.00000000
ROT SPY top1 12M fb IEF,sens,sens_2010-07-01,2010-07-01,2015-07-01,false,true,"{""*"": 6, ""ACWX"": 3, ""AGG"": 1, ""BIL"": 1, ""BND"": 1.5, ""BTAL"": 6, ""DBC"": 3, ""DBMF"": 3, ""EEM"": 1, ""EFA"": 1, ""IEF"": 1, ""IWM"": 1, ""KMLM"": 6, ""LQD"": 1.5, ""QQQ"": 1, ""SCZ"": 5, ""SHY"": 1, ""SPY"": 0.7, ""TIP"": 2, ""TLT"": 1, ""TQQQ"": 1.5, ""VEA"": 1.5, ""VEU"": 2, ""VNQ"": 1.5, ""VTI"": 1, ""VWO"": 2}",0.03000000,tests/data/2026-08-24-net15,12M,,IEF,0.00211427,0.00682259,0.00211820,0.00685735,63286.61512180,40000.00000000,23286.61512180,0.58216538,0.16035978,0.14990368,1.08272037,0.14769452,1.54898487,0.85837926,-0.18681693,280,2013,0.31848774,2011,0.01568049,139917.49060147,11.31160517,0.40645015,0.00028279,,,0.01638007,0.00000000,0.98150173,0.00000000
SPY60/IEF40,sens,sens_2010-07-01,2010-07-01,2015-07-01,true,true,"{""*"": 6, ""ACWX"": 3, ""AGG"": 1, ""BIL"": 1, ""BND"": 1.5, ""BTAL"": 6, ""DBC"": 3, ""DBMF"": 3, ""EEM"": 1, ""EFA"": 1, ""IEF"": 1, ""IWM"": 1, ""KMLM"": 6, ""LQD"": 1.5, ""QQQ"": 1, ""SCZ"": 5, ""SHY"": 1, ""SPY"": 0.7, ""TIP"": 2, ""TLT"": 1, ""TQQQ"": 1.5, ""VEA"": 1.5, ""VEU"": 2, ""VNQ"": 1.5, ""VTI"": 1, ""VWO"": 2}",0.03000000,tests/data/2026-08-24-net15,,,,0.00403994,0.01352469,0.00275167,0.00782290,55684.96283871,40000.00000000,15684.96283871,0.39212407,0.11837355,0.10765957,1.45043182,0.07943615,2.13452323,1.42485860,-0.08307740,97,2013,0.15196615,2015,0.00886848,47880.48830293,4.09178113,0.15058409,0.00010229,,,0.39831687,0.39346544,0.59764156,0.59217710
SPY benchmark,sens,sens_2010-07-01,2010-07-01,2015-07-01,true,true,"{""*"": 6, ""ACWX"": 3, ""AGG"": 1, ""BIL"": 1, ""BND"": 1.5, ""BTAL"": 6, ""DBC"": 3, ""DBMF"": 3, ""EEM"": 1, ""EFA"": 1, ""IEF"": 1, ""IWM"": 1, ""KMLM"": 6, ""LQD"": 1.5, ""QQQ"": 1, ""SCZ"": 5, ""SHY"": 1, ""SPY"": 0.7, ""TIP"": 2, ""TLT"": 1, ""TQQQ"": 1.5, ""VEA"": 1.5, ""VEU"": 2, ""VNQ"": 1.5, ""VTI"": 1, ""VWO"": 2}",0.03000000,tests/data/2026-08-24-net15,,,,0.00204017,0.00682259,0.00204135,0.00685735,65108.33596452,40000.00000000,25108.33596452,0.62770840,0.17059897,0.15932978,1.12878939,0.14973503,1.61579190,0.91318791,-0.18681693,280,2013,0.31845403,2011,0.01568049,39969.82437388,2.79788771,0.11311259,0.00006995,,,,,0.99795865,0.99314265
ROT SPY top1 1-3-6-12U can TIP/1 fb best(BIL+IEF),sens,sens_2011-01-03,2011-01-03,2015-12-31,false,true,"{""*"": 6, ""ACWX"": 3, ""AGG"": 1, ""BIL"": 1, ""BND"": 1.5, ""BTAL"": 6, ""DBC"": 3, ""DBMF"": 3, ""EEM"": 1, ""EFA"": 1, ""IEF"": 1, ""IWM"": 1, ""KMLM"": 6, ""LQD"": 1.5, ""QQQ"": 1, ""SCZ"": 5, ""SHY"": 1, ""SPY"": 0.7, ""TIP"": 2, ""TLT"": 1, ""TQQQ"": 1.5, ""VEA"": 1.5, ""VEU"": 2, ""VNQ"": 1.5, ""VTI"": 1, ""VWO"": 2}",0.03000000,tests/data/2026-08-24-net15,1-3-6-12U,TIP/1,best(BIL+IEF),0.00235349,0.00822987,0.00237391,0.00823116,47600.49483613,39500.00000000,8100.49483613,0.20507582,0.06254279,0.05980749,0.56752351,0.11960125,0.79566883,0.36153897,-0.17299044,307,2013,0.15021733,2011,-0.01685237,851905.31417763,76.85946435,2.97412633,0.00194581,0.18309937,0.00000000,0.19967287,0.00000000,0.61485386,0.00000000
ROT SPY top1 1-3-6-12U can TIP/1 fb IEF,sens,sens_2011-01-03,2011-01-03,2015-12-31,false,true,"{""*"": 6, ""ACWX"": 3, ""AGG"": 1, ""BIL"": 1, ""BND"": 1.5, ""BTAL"": 6, ""DBC"": 3, ""DBMF"": 3, ""EEM"": 1, ""EFA"": 1, ""IEF"": 1, ""IWM"": 1, ""KMLM"": 6, ""LQD"": 1.5, ""QQQ"": 1, ""SCZ"": 5, ""SHY"": 1, ""SPY"": 0.7, ""TIP"": 2, ""TLT"": 1, ""TQQQ"": 1.5, ""VEA"": 1.5, ""VEU"": 2, ""VNQ"": 1.5, ""VTI"": 1, ""VWO"": 2}",0.03000000,tests/data/2026-08-24-net15,1-3-6-12U,TIP/1,IEF,0.00240988,0.00822987,0.00242373,0.00823116,48726.63636366,39500.00000000,9226.63636366,0.23358573,0.06731152,0.06735151,0.59324690,0.12257834,0.83039890,0.38910542,-0.17299044,307,2014,0.12862696,2011,-0.01685237,542032.24963192,45.83151742,1.88848474,0.00116029,,,0.38283803,0.00000000,0.61473824,0.00000000
ROT SPY top1 1-3-6-12U fb best(BIL+IEF),sens,sens_2011-01-03,2011-01-03,2015-12-31,false,true,"{""*"": 6, ""ACWX"": 3, ""AGG"": 1, ""BIL"": 1, ""BND"": 1.5, ""BTAL"": 6, ""DBC"": 3, ""DBMF"": 3, ""EEM"": 1, ""EFA"": 1, ""IEF"": 1, ""IWM"": 1, ""KMLM"": 6, ""LQD"": 1.5, ""QQQ"": 1, ""SCZ"": 5, ""SHY"": 1, ""SPY"": 0.7, ""TIP"": 2, ""TLT"": 1, ""TQQQ"": 1.5, ""VEA"": 1.5, ""VEU"": 2, ""VNQ"": 1.5, ""VTI"": 1, ""VWO"": 2}",0.03000000,tests/data/2026-08-24-net15,1-3-6-12U,,best(BIL+IEF),0.00264707,0.00822987,0.00265666,0.00823116,52510.57155039,39500.00000000,13010.57155039,0.32938156,0.09353009,0.09156275,0.71367078,0.13893231,0.99854696,0.54066624,-0.17299044,307,2013,0.31814093,2015,-0.03656728,373344.48643440,31.21873019,1.18895778,0.00079035,0.00000000,0.00000000,0.08319844,0.00000000,0.91414490,0.00000000
ROT SPY top1 1-3-6-12U fb IEF,sens,sens_2011-01-03,2011-01-03,2015-12-31,false,true,"{""*"": 6, ""ACWX"": 3, ""AGG"": 1, ""BIL"": 1, ""BND"": 1.5, ""BTAL"": 6, ""DBC"": 3, ""DBMF"": 3, ""EEM"": 1, ""EFA"": 1, ""IEF"": 1, ""IWM"": 1, ""KMLM"": 6, ""LQD"": 1.5, ""QQQ"": 1, ""SCZ"": 5, ""SHY"": 1, ""SPY"": 0.7, ""TIP"": 2, ""TLT"": 1, ""TQQQ"": 1.5, ""VEA"": 1.5, ""VEU"": 2, ""VNQ"": 1.5, ""VTI"": 1, ""VWO"": 2}",0.03000000,tests/data/2026-08-24-net15,1-3-6-12U,,IEF,0.00264707,0.00822987,0.00265666,0.00823116,52510.57155039,39500.00000000,13010.57155039,0.32938156,0.09353009,0.09156275,0.71367078,0.13893231,0.99854696,0.54066624,-0.17299044,307,2013,0.31814093,2015,-0.03656728,373344.48643440,31.21873019,1.18895778,0.00079035,,,0.08319844,0.00000000,0.91414490,0.00000000
ROT SPY top1 13612W can TIP/1 fb best(BIL+IEF),sens,sens_2011-01-03,2011-01-03,2015-12-31,false,true,"{""*"": 6, ""ACWX"": 3, ""AGG"": 1, ""BIL"": 1, ""BND"": 1.5, ""BTAL"": 6, ""DBC"": 3, ""DBMF"": 3, ""EEM"": 1, ""EFA"": 1, ""IEF"": 1, ""IWM"": 1, ""KMLM"": 6, ""LQD"": 1.5, ""QQQ"": 1, ""SCZ"": 5, ""SHY"": 1, ""SPY"": 0.7, ""TIP"": 2, ""TLT"": 1, ""TQQQ"": 1.5, ""VEA"": 1.5, ""VEU"": 2, ""VNQ"": 1.5, ""VTI"": 1, ""VWO"": 2}",0.03000000,tests/data/2026-08-24-net15,13612W,TIP/1,best(BIL+IEF),0.00167739,0.00819004,0.00171388,0.00819133,51564.65303232,39500.00000000,12064.65303232,0.30543425,0.08899178,0.08566606,0.91370511,0.09870045,1.34655454,0.91998360,-0.09673192,110,2013,0.17752281,2015,0.02654244,1677400.68103193,150.58973270,5.51321743,0.00381240,0.21635517,0.00000000,0.24969296,0.00000000,0.53223798,0.00000000
ROT SPY top1 13612W can TIP/1 fb IEF,sens,sens_2011-01-03,2011-01-03,2015-12-31,false,true,"{""*"": 6, ""ACWX"": 3, ""AGG"": 1, ""BIL"": 1, ""BND"": 1.5, ""BTAL"": 6, ""DBC"": 3, ""DBMF"": 3, ""EEM"": 1, ""EFA"": 1, ""IEF"": 1, ""IWM"": 1, ""KMLM"": 6, ""LQD"": 1.5, ""QQQ"": 1, ""SCZ"": 5, ""SHY"": 1, ""SPY"": 0.7, ""TIP"": 2, ""TLT"": 1, ""TQQQ"": 1.5, ""VEA"": 1.5, ""VEU"": 2, ""VNQ"": 1.5, ""VTI"": 1, ""VWO"": 2}",0.03000000,tests/data/2026-08-24-net15,13612W,TIP/1,IEF,0.00197356,0.00863650,0.00200016,0.00863778,52996.23312323,39500.00000000,13496.23312323,0.34167679,0.09529914,0.09455217,0.93121803,0.10358254,1.36326648,0.98553672,-0.09669770,110,2014,0.15402152,2011,0.03843942,1153897.87433448,98.20317002,3.77155610,0.00248616,,,0.46599621,0.00000000,0.53200363,0.00000000
ROT SPY top1 13612W fb best(BIL+IEF),sens,sens_2011-01-03,2011-01-03,2015-12-31,false,true,"{""*"": 6, ""ACWX"": 3, ""AGG"": 1, ""BIL"": 1, ""BND"": 1.5, ""BTAL"": 6, ""DBC"": 3, ""DBMF"": 3, ""EEM"": 1, ""EFA"": 1, ""IEF"": 1, ""IWM"": 1, ""KMLM"": 6, ""LQD"": 1.5, ""QQQ"": 1, ""SCZ"": 5, ""SHY"": 1, ""SPY"": 0.7, ""TIP"": 2, ""TLT"": 1, ""TQQQ"": 1.5, ""VEA"": 1.5, ""VEU"": 2, ""VNQ"": 1.5, ""VTI"": 1, ""VWO"": 2}",0.03000000,tests/data/2026-08-24-net15,13612W,,best(BIL+IEF),0.00215470,0.00822987,0.00217268,0.00823116,48208.05092667,39500.00000000,8708.05092667,0.22045699,0.08422102,0.06389795,0.71360058,0.12420922,1.02000109,0.45823223,-0.18379549,,2013,0.31870734,2015,-0.13067085,904801.54903584,76.45231940,2.86348508,0.00193550,0.01664634,0.00000000,0.13311122,0.00000000,0.84806976,0.00000000
ROT SPY top1 13612W fb IEF,sens,sens_2011-01-03,2011-01-03,2015-12-31,false,true,"{""*"": 6, ""ACWX"": 3, ""AGG"": 1, ""BIL"": 1, ""BND"": 1.5, ""BTAL"": 6, ""DBC"": 3, ""DBMF"": 3, ""EEM"": 1, ""EFA"": 1, ""IEF"": 1, ""IWM"": 1, ""KMLM"": 6, ""LQD"": 1.5, ""QQQ"": 1, ""SCZ"": 5, ""SHY"": 1, ""SPY"": 0.7, ""TIP"": 2, ""TLT"": 1, ""TQQQ"": 1.5, ""VEA"": 1.5, ""VEU"": 2, ""VNQ"": 1.5, ""VTI"": 1, ""VWO"": 2}",0.03000000,tests/data/2026-08-24-net15,13612W,,IEF,0.00213251,0.00822987,0.00215049,0.00823116,48892.25748709,39500.00000000,9392.25748709,0.23777867,0.08744910,0.06844725,0.73629156,0.12446631,1.05255209,0.50967622,-0.17157776,,2013,0.31870734,2015,-0.11767549,909092.28627614,76.81795153,2.87138758,0.00194476,,,0.14976791,0.00000000,0.84808160,0.00000000
ROT SPY top1 12M can TIP/1 fb best(BIL+IEF),sens,sens_2011-01-03,2011-01-03,2015-12-31,false,true,"{""*"": 6, ""ACWX"": 3, ""AGG"": 1, ""BIL"": 1, ""BND"": 1.5, ""BTAL"": 6, ""DBC"": 3, ""DBMF"": 3, ""EEM"": 1, ""EFA"": 1, ""IEF"": 1, ""IWM"": 1, ""KMLM"": 6, ""LQD"": 1.5, ""QQQ"": 1, ""SCZ"": 5, ""SHY"": 1, ""SPY"": 0.7, ""TIP"": 2, ""TLT"": 1, ""TQQQ"": 1.5, ""VEA"": 1.5, ""VEU"": 2, ""VNQ"": 1.5, ""VTI"": 1, ""VWO"": 2}",0.03000000,tests/data/2026-08-24-net15,12M,TIP/1,best(BIL+IEF),0.00225773,0.00822987,0.00226768,0.00823116,48415.17009453,39500.00000000,8915.17009453,0.22570051,0.06841326,0.06528141,0.56962762,0.13145169,0.80042020,0.36672842,-0.18655020,280,2013,0.15051912,2011,0.00590187,406625.99291325,35.35123078,1.40650810,0.00089497,0.19979818,0.00000000,0.14978812,0.00000000,0.64814603,0.00000000
ROT SPY top1 12M can TIP/1 fb IEF,sens,sens_2011-01-03,2011-01-03,2015-12-31,false,true,"{""*"": 6, ""ACWX"": 3, ""AGG"": 1, ""BIL"": 1, ""BND"": 1.5, ""BTAL"": 6, ""DBC"": 3, ""DBMF"": 3, ""EEM"": 1, ""EFA"": 1, ""IEF"": 1, ""IWM"": 1, ""KMLM"": 6, ""LQD"": 1.5, ""QQQ"": 1, ""SCZ"": 5, ""SHY"": 1, ""SPY"": 0.7, ""TIP"": 2, ""TLT"": 1, ""TQQQ"": 1.5, ""VEA"": 1.5, ""VEU"": 2, ""VNQ"": 1.5, ""VTI"": 1, ""VWO"": 2}",0.03000000,tests/data/2026-08-24-net15,12M,TIP/1,IEF,0.00219997,0.00822987,0.00220828,0.00823116,48745.20375394,39500.00000000,9245.20375394,0.23405579,0.06936306,0.06747452,0.56706695,0.13427601,0.79521586,0.37181984,-0.18655020,280,2014,0.11350779,2011,0.00590187,337052.82576779,28.37315529,1.16764130,0.00071831,,,0.34958346,0.00000000,0.64820826,0.00000000
ROT SPY top1 12M fb best(BIL+IEF),sens,sens_2011-01-03,2011-01-03,2015-12-31,false,true,"{""*"": 6, ""ACWX"": 3, ""AGG"": 1, ""BIL"": 1, ""BND"": 1.5, ""BTAL"": 6, ""DBC"": 3, ""DBMF"": 3, ""EEM"": 1, ""EFA"": 1, ""IEF"": 1, ""IWM"": 1, ""KMLM"": 6, ""LQD"": 1.5, ""QQQ"": 1, ""SCZ"": 5, ""SHY"": 1, ""SPY"": 0.7, ""TIP"": 2, ""TLT"": 1, ""TQQQ"": 1.5, ""VEA"": 1.5, ""VEU"": 2, ""VNQ"": 1.5, ""VTI"": 1, ""VWO"": 2}",0.03000000,tests/data/2026-08-24-net15,12M,,best(BIL+IEF),0.00233894,0.00822987,0.00234578,0.00823116,50983.41590744,39500.00000000,11483.41590744,0.29071939,0.08934153,0.08199279,0.64541294,0.15020007,0.90116693,0.47891414,-0.18655020,280,2013,0.31827985,2015,-0.07629156,317551.54091780,26.43151841,1.00199919,0.00066915,0.00000000,0.00000000,0.03326652,0.00000000,0.96438770,0.00000000
ROT SPY top1 12M fb IEF,sens,sens_2011-01-03,2011-01-03,2015-12-31,false,true,"{""*"": 6, ""ACWX"": 3, ""AGG"": 1, ""BIL"": 1, ""BND"": 1.5, ""BTAL"": 6, ""DBC"": 3, ""DBMF"": 3, ""EEM"": 1, ""EFA"": 1, ""IEF"": 1, ""IWM"": 1, ""KMLM"": 6, ""LQD"": 1.5, ""QQQ"": 1, ""SCZ"": 5, ""SHY"": 1, ""SPY"": 0.7, ""TIP"": 2, ""TLT"": 1, ""TQQQ"": 1.5, ""VEA"": 1.5, ""VEU"": 2, ""VNQ"": 1.5, ""VTI"": 1, ""VWO"": 2}",0.03000000,tests/data/2026-08-24-net15,12M,,IEF,0.00233894,0.00822987,0.00234578,0.00823116,50983.41590744,39500.00000000,11483.41590744,0.29071939,0.08934153,0.08199279,0.64541294,0.15020007,0.90116693,0.47891414,-0.18655020,280,2013,0.31827985,2015,-0.07629156,317551.54091780,26.43151841,1.00199919,0.00066915,,,0.03326652,0.00000000,0.96438770,0.00000000
SPY60/IEF40,sens,sens_2011-01-03,2011-01-03,2015-12-31,true,true,"{""*"": 6, ""ACWX"": 3, ""AGG"": 1, ""BIL"": 1, ""BND"": 1.5, ""BTAL"": 6, ""DBC"": 3, ""DBMF"": 3, ""EEM"": 1, ""EFA"": 1, ""IEF"": 1, ""IWM"": 1, ""KMLM"": 6, ""LQD"": 1.5, ""QQQ"": 1, ""SCZ"": 5, ""SHY"": 1, ""SPY"": 0.7, ""TIP"": 2, ""TLT"": 1, ""TQQQ"": 1.5, ""VEA"": 1.5, ""VEU"": 2, ""VNQ"": 1.5, ""VTI"": 1, ""VWO"": 2}",0.03000000,tests/data/2026-08-24-net15,,,,0.00402553,0.00931321,0.00283022,0.00568785,51414.99624114,39500.00000000,11914.99624114,0.30164547,0.09016668,0.08472395,1.10272255,0.08134982,1.58669667,1.07787630,-0.08365216,97,2013,0.15208768,2015,0.01362266,48406.52501628,4.09807169,0.15919248,0.00010375,,,0.39838839,0.39490282,0.59758439,0.59431215
SPY benchmark,sens,sens_2011-01-03,2011-01-03,2015-12-31,true,true,"{""*"": 6, ""ACWX"": 3, ""AGG"": 1, ""BIL"": 1, ""BND"": 1.5, ""BTAL"": 6, ""DBC"": 3, ""DBMF"": 3, ""EEM"": 1, ""EFA"": 1, ""IEF"": 1, ""IWM"": 1, ""KMLM"": 6, ""LQD"": 1.5, ""QQQ"": 1, ""SCZ"": 5, ""SHY"": 1, ""SPY"": 0.7, ""TIP"": 2, ""TLT"": 1, ""TQQQ"": 1.5, ""VEA"": 1.5, ""VEU"": 2, ""VNQ"": 1.5, ""VTI"": 1, ""VWO"": 2}",0.03000000,tests/data/2026-08-24-net15,,,,0.00228113,0.00822987,0.00228239,0.00823116,56985.04363866,39500.00000000,17485.04363866,0.44265933,0.11863981,0.11819028,0.80974743,0.15306157,1.13851370,0.63596722,-0.18655020,280,2013,0.31863670,2011,0.00590187,39479.52009606,2.76356641,0.12062903,0.00006996,,,,,0.99771761,0.99176884
ROT SPY top1 1-3-6-12U can TIP/1 fb best(BIL+IEF),sens,sens_2011-07-01,2011-07-01,2016-07-01,false,true,"{""*"": 6, ""ACWX"": 3, ""AGG"": 1, ""BIL"": 1, ""BND"": 1.5, ""BTAL"": 6, ""DBC"": 3, ""DBMF"": 3, ""EEM"": 1, ""EFA"": 1, ""IEF"": 1, ""IWM"": 1, ""KMLM"": 6, ""LQD"": 1.5, ""QQQ"": 1, ""SCZ"": 5, ""SHY"": 1, ""SPY"": 0.7, ""TIP"": 2, ""TLT"": 1, ""TQQQ"": 1.5, ""VEA"": 1.5, ""VEU"": 2, ""VNQ"": 1.5, ""VTI"": 1, ""VWO"": 2}",0.03000000,tests/data/2026-08-24-net15,1-3-6-12U,TIP/1,best(BIL+IEF),0.00271363,0.00883873,0.00273505,0.00892091,49720.53631609,40000.00000000,9720.53631609,0.24301341,0.06473733,0.07052499,0.59478967,0.11727681,0.83524403,0.38058441,-0.17009978,235,2013,0.15013015,2011,-0.07456908,836909.03794188,75.09392661,2.93911810,0.00187735,0.18007199,0.00000000,0.24551380,0.00000000,0.57167916,0.00000000
ROT SPY top1 1-3-6-12U can TIP/1 fb IEF,sens,sens_2011-07-01,2011-07-01,2016-07-01,false,true,"{""*"": 6, ""ACWX"": 3, ""AGG"": 1, ""BIL"": 1, ""BND"": 1.5, ""BTAL"": 6, ""DBC"": 3, ""DBMF"": 3, ""EEM"": 1, ""EFA"": 1, ""IEF"": 1, ""IWM"": 1, ""KMLM"": 6, ""LQD"": 1.5, ""QQQ"": 1, ""SCZ"": 5, ""SHY"": 1, ""SPY"": 0.7, ""TIP"": 2, ""TLT"": 1, ""TQQQ"": 1.5, ""VEA"": 1.5, ""VEU"": 2, ""VNQ"": 1.5, ""VTI"": 1, ""VWO"": 2}",0.03000000,tests/data/2026-08-24-net15,1-3-6-12U,TIP/1,IEF,0.00289117,0.00883873,0.00290614,0.00892091,50816.61998003,40000.00000000,10816.61998003,0.27041550,0.06950387,0.07763762,0.62009013,0.12028910,0.86921813,0.40860648,-0.17009978,235,2014,0.12846942,2011,-0.07456908,564953.73206589,47.81476306,1.97234502,0.00119537,,,0.42552878,0.00000000,0.57156508,0.00000000
ROT SPY top1 1-3-6-12U fb best(BIL+IEF),sens,sens_2011-07-01,2011-07-01,2016-07-01,false,true,"{""*"": 6, ""ACWX"": 3, ""AGG"": 1, ""BIL"": 1, ""BND"": 1.5, ""BTAL"": 6, ""DBC"": 3, ""DBMF"": 3, ""EEM"": 1, ""EFA"": 1, ""IEF"": 1, ""IWM"": 1, ""KMLM"": 6, ""LQD"": 1.5, ""QQQ"": 1, ""SCZ"": 5, ""SHY"": 1, ""SPY"": 0.7, ""TIP"": 2, ""TLT"": 1, ""TQQQ"": 1.5, ""VEA"": 1.5, ""VEU"": 2, ""VNQ"": 1.5, ""VTI"": 1, ""VWO"": 2}",0.03000000,tests/data/2026-08-24-net15,1-3-6-12U,,best(BIL+IEF),0.00290558,0.00883873,0.00291773,0.00892091,50103.24830979,40000.00000000,10103.24830979,0.25258121,0.07749140,0.07302507,0.60482749,0.13987521,0.84267217,0.45556437,-0.17009978,235,2013,0.31801367,2011,-0.07456908,508411.09641140,42.71965668,1.64518898,0.00106799,0.00000000,0.00000000,0.11449841,0.00000000,0.88258386,0.00000000
ROT SPY top1 1-3-6-12U fb IEF,sens,sens_2011-07-01,2011-07-01,2016-07-01,false,true,"{""*"": 6, ""ACWX"": 3, ""AGG"": 1, ""BIL"": 1, ""BND"": 1.5, ""BTAL"": 6, ""DBC"": 3, ""DBMF"": 3, ""EEM"": 1, ""EFA"": 1, ""IEF"": 1, ""IWM"": 1, ""KMLM"": 6, ""LQD"": 1.5, ""QQQ"": 1, ""SCZ"": 5, ""SHY"": 1, ""SPY"": 0.7, ""TIP"": 2, ""TLT"": 1, ""TQQQ"": 1.5, ""VEA"": 1.5, ""VEU"": 2, ""VNQ"": 1.5, ""VTI"": 1, ""VWO"": 2}",0.03000000,tests/data/2026-08-24-net15,1-3-6-12U,,IEF,0.00290558,0.00883873,0.00291773,0.00892091,50103.24830979,40000.00000000,10103.24830979,0.25258121,0.07749140,0.07302507,0.60482749,0.13987521,0.84267217,0.45556437,-0.17009978,235,2013,0.31801367,2011,-0.07456908,508411.09641140,42.71965668,1.64518898,0.00106799,,,0.11449841,0.00000000,0.88258386,0.00000000
ROT SPY top1 13612W can TIP/1 fb best(BIL+IEF),sens,sens_2011-07-01,2011-07-01,2016-07-01,false,true,"{""*"": 6, ""ACWX"": 3, ""AGG"": 1, ""BIL"": 1, ""BND"": 1.5, ""BTAL"": 6, ""DBC"": 3, ""DBMF"": 3, ""EEM"": 1, ""EFA"": 1, ""IEF"": 1, ""IWM"": 1, ""KMLM"": 6, ""LQD"": 1.5, ""QQQ"": 1, ""SCZ"": 5, ""SHY"": 1, ""SPY"": 0.7, ""TIP"": 2, ""TLT"": 1, ""TQQQ"": 1.5, ""VEA"": 1.5, ""VEU"": 2, ""VNQ"": 1.5, ""VTI"": 1, ""VWO"": 2}",0.03000000,tests/data/2026-08-24-net15,13612W,TIP/1,best(BIL+IEF),0.00193435,0.00633435,0.00197156,0.00633538,52236.84178190,40000.00000000,12236.84178190,0.30592104,0.09436265,0.08664229,0.97576652,0.09747747,1.44136553,0.97692906,-0.09659110,110,2013,0.17740773,2011,0.02418583,1656147.70010504,149.09962720,5.40605954,0.00372749,0.19646820,0.00000000,0.27822439,0.00000000,0.52333585,0.00000000
ROT SPY top1 13612W can TIP/1 fb IEF,sens,sens_2011-07-01,2011-07-01,2016-07-01,false,true,"{""*"": 6, ""ACWX"": 3, ""AGG"": 1, ""BIL"": 1, ""BND"": 1.5, ""BTAL"": 6, ""DBC"": 3, ""DBMF"": 3, ""EEM"": 1, ""EFA"": 1, ""IEF"": 1, ""IWM"": 1, ""KMLM"": 6, ""LQD"": 1.5, ""QQQ"": 1, ""SCZ"": 5, ""SHY"": 1, ""SPY"": 0.7, ""TIP"": 2, ""TLT"": 1, ""TQQQ"": 1.5, ""VEA"": 1.5, ""VEU"": 2, ""VNQ"": 1.5, ""VTI"": 1, ""VWO"": 2}",0.03000000,tests/data/2026-08-24-net15,13612W,TIP/1,IEF,0.00194712,0.00633435,0.00197301,0.00633538,55277.96029473,40000.00000000,15277.96029473,0.38194901,0.10789062,0.10517777,1.05919175,0.10183725,1.55715430,1.11698311,-0.09659110,110,2014,0.15404000,2011,0.02418583,1099369.74251359,93.28109403,3.53717837,0.00233203,,,0.47459489,0.00000000,0.52343210,0.00000000
ROT SPY top1 13612W fb best(BIL+IEF),sens,sens_2011-07-01,2011-07-01,2016-07-01,false,true,"{""*"": 6, ""ACWX"": 3, ""AGG"": 1, ""BIL"": 1, ""BND"": 1.5, ""BTAL"": 6, ""DBC"": 3, ""DBMF"": 3, ""EEM"": 1, ""EFA"": 1, ""IEF"": 1, ""IWM"": 1, ""KMLM"": 6, ""LQD"": 1.5, ""QQQ"": 1, ""SCZ"": 5, ""SHY"": 1, ""SPY"": 0.7, ""TIP"": 2, ""TLT"": 1, ""TQQQ"": 1.5, ""VEA"": 1.5, ""VEU"": 2, ""VNQ"": 1.5, ""VTI"": 1, ""VWO"": 2}",0.03000000,tests/data/2026-08-24-net15,13612W,,best(BIL+IEF),0.00226923,0.00633435,0.00228963,0.00633538,46086.07134421,40000.00000000,6086.07134421,0.15215178,0.06839424,0.04583316,0.59177872,0.12529622,0.84101419,0.31087599,-0.22000490,,2013,0.31806161,2015,-0.13054611,955911.59616424,80.83077529,3.13825933,0.00202077,0.01637449,0.00000000,0.16358941,0.00000000,0.81774647,0.00000000
ROT SPY top1 13612W fb IEF,sens,sens_2011-07-01,2011-07-01,2016-07-01,false,true,"{""*"": 6, ""ACWX"": 3, ""AGG"": 1, ""BIL"": 1, ""BND"": 1.5, ""BTAL"": 6, ""DBC"": 3, ""DBMF"": 3, ""EEM"": 1, ""EFA"": 1, ""IEF"": 1, ""IWM"": 1, ""KMLM"": 6, ""LQD"": 1.5, ""QQQ"": 1, ""SCZ"": 5, ""SHY"": 1, ""SPY"": 0.7, ""TIP"": 2, ""TLT"": 1, ""TQQQ"": 1.5, ""VEA"": 1.5, ""VEU"": 2, ""VNQ"": 1.5, ""VTI"": 1, ""VWO"": 2}",0.03000000,tests/data/2026-08-24-net15,13612W,,IEF,0.00225510,0.00633435,0.00227549,0.00633538,46676.30139944,40000.00000000,6676.30139944,0.16690753,0.07151972,0.04996575,0.61401608,0.12558611,0.87266254,0.34283733,-0.20861125,,2013,0.31806161,2015,-0.11763673,962099.56692216,81.35004715,3.14693494,0.00203375,,,0.17995815,0.00000000,0.81776635,0.00000000
ROT SPY top1 12M can TIP/1 fb best(BIL+IEF),sens,sens_2011-07-01,2011-07-01,2016-07-01,false,true,"{""*"": 6, ""ACWX"": 3, ""AGG"": 1, ""BIL"": 1, ""BND"": 1.5, ""BTAL"": 6, ""DBC"": 3, ""DBMF"": 3, ""EEM"": 1, ""EFA"": 1, ""IEF"": 1, ""IWM"": 1, ""KMLM"": 6, ""LQD"": 1.5, ""QQQ"": 1, ""SCZ"": 5, ""SHY"": 1, ""SPY"": 0.7, ""TIP"": 2, ""TLT"": 1, ""TQQQ"": 1.5, ""VEA"": 1.5, ""VEU"": 2, ""VNQ"": 1.5, ""VTI"": 1, ""VWO"": 2}",0.03000000,tests/data/2026-08-24-net15,12M,TIP/1,best(BIL+IEF),0.00246089,0.00885469,0.00247206,0.00885630,50452.71054466,40000.00000000,10452.71054466,0.26131776,0.07049325,0.07529230,0.59285354,0.12926791,0.83402169,0.38414952,-0.18350471,211,2013,0.15033698,2011,-0.05386979,450887.08664669,39.01988162,1.56866952,0.00097550,0.19647904,0.00000000,0.19646561,0.00000000,0.60458329,0.00000000
ROT SPY top1 12M can TIP/1 fb IEF,sens,sens_2011-07-01,2011-07-01,2016-07-01,false,true,"{""*"": 6, ""ACWX"": 3, ""AGG"": 1, ""BIL"": 1, ""BND"": 1.5, ""BTAL"": 6, ""DBC"": 3, ""DBMF"": 3, ""EEM"": 1, ""EFA"": 1, ""IEF"": 1, ""IWM"": 1, ""KMLM"": 6, ""LQD"": 1.5, ""QQQ"": 1, ""SCZ"": 5, ""SHY"": 1, ""SPY"": 0.7, ""TIP"": 2, ""TLT"": 1, ""TQQQ"": 1.5, ""VEA"": 1.5, ""VEU"": 2, ""VNQ"": 1.5, ""VTI"": 1, ""VWO"": 2}",0.03000000,tests/data/2026-08-24-net15,12M,TIP/1,IEF,0.00267979,0.00885469,0.00268935,0.00885630,50775.27010218,40000.00000000,10775.27010218,0.26938175,0.07139747,0.07737192,0.58931895,0.13211010,0.82726992,0.38907702,-0.18350471,211,2014,0.11345542,2011,-0.05386979,390499.76969859,32.96013960,1.35851115,0.00082400,,,0.39295034,0.00000000,0.60436031,0.00000000
ROT SPY top1 12M fb best(BIL+IEF),sens,sens_2011-07-01,2011-07-01,2016-07-01,false,true,"{""*"": 6, ""ACWX"": 3, ""AGG"": 1, ""BIL"": 1, ""BND"": 1.5, ""BTAL"": 6, ""DBC"": 3, ""DBMF"": 3, ""EEM"": 1, ""EFA"": 1, ""IEF"": 1, ""IWM"": 1, ""KMLM"": 6, ""LQD"": 1.5, ""QQQ"": 1, ""SCZ"": 5, ""SHY"": 1, ""SPY"": 0.7, ""TIP"": 2, ""TLT"": 1, ""TQQQ"": 1.5, ""VEA"": 1.5, ""VEU"": 2, ""VNQ"": 1.5, ""VTI"": 1, ""VWO"": 2}",0.03000000,tests/data/2026-08-24-net15,12M,,best(BIL+IEF),0.00273989,0.00885469,0.00274936,0.00885630,48700.46851780,40000.00000000,8700.46851780,0.21751171,0.07328889,0.06377172,0.54512353,0.15097301,0.75828927,0.38034623,-0.19268995,,2013,0.31796082,2015,-0.07597479,460045.16914018,38.57669592,1.48522864,0.00096442,0.00000000,0.00000000,0.06550935,0.00000000,0.93174129,0.00000000
ROT SPY top1 12M fb IEF,sens,sens_2011-07-01,2011-07-01,2016-07-01,false,true,"{""*"": 6, ""ACWX"": 3, ""AGG"": 1, ""BIL"": 1, ""BND"": 1.5, ""BTAL"": 6, ""DBC"": 3, ""DBMF"": 3, ""EEM"": 1, ""EFA"": 1, ""IEF"": 1, ""IWM"": 1, ""KMLM"": 6, ""LQD"": 1.5, ""QQQ"": 1, ""SCZ"": 5, ""SHY"": 1, ""SPY"": 0.7, ""TIP"": 2, ""TLT"": 1, ""TQQQ"": 1.5, ""VEA"": 1.5, ""VEU"": 2, ""VNQ"": 1.5, ""VTI"": 1, ""VWO"": 2}",0.03000000,tests/data/2026-08-24-net15,12M,,IEF,0.00273989,0.00885469,0.00274936,0.00885630,48700.46851780,40000.00000000,8700.46851780,0.21751171,0.07328889,0.06377172,0.54512353,0.15097301,0.75828927,0.38034623,-0.19268995,,2013,0.31796082,2015,-0.07597479,460045.16914018,38.57669592,1.48522864,0.00096442,,,0.06550935,0.00000000,0.93174129,0.00000000
SPY60/IEF40,sens,sens_2011-07-01,2011-07-01,2016-07-01,true,true,"{""*"": 6, ""ACWX"": 3, ""AGG"": 1, ""BIL"": 1, ""BND"": 1.5, ""BTAL"": 6, ""DBC"": 3, ""DBMF"": 3, ""EEM"": 1, ""EFA"": 1, ""IEF"": 1, ""IWM"": 1, ""KMLM"": 6, ""LQD"": 1.5, ""QQQ"": 1, ""SCZ"": 5, ""SHY"": 1, ""SPY"": 0.7, ""TIP"": 2, ""TLT"": 1, ""TQQQ"": 1.5, ""VEA"": 1.5, ""VEU"": 2, ""VNQ"": 1.5, ""VTI"": 1, ""VWO"": 2}",0.03000000,tests/data/2026-08-24-net15,,,,0.00423629,0.01230210,0.00305075,0.00786041,52454.83770558,40000.00000000,12454.83770558,0.31137094,0.09114640,0.08800410,1.09485711,0.08298973,1.58243814,1.09887651,-0.08294508,97,2013,0.15170890,2015,0.01359165,48404.92539421,4.08745762,0.16039431,0.00010219,,,0.39827943,0.39314732,0.59748262,0.59213959
SPY benchmark,sens,sens_2011-07-01,2011-07-01,2016-07-01,true,true,"{""*"": 6, ""ACWX"": 3, ""AGG"": 1, ""BIL"": 1, ""BND"": 1.5, ""BTAL"": 6, ""DBC"": 3, ""DBMF"": 3, ""EEM"": 1, ""EFA"": 1, ""IEF"": 1, ""IWM"": 1, ""KMLM"": 6, ""LQD"": 1.5, ""QQQ"": 1, ""SCZ"": 5, ""SHY"": 1, ""SPY"": 0.7, ""TIP"": 2, ""TLT"": 1, ""TQQQ"": 1.5, ""VEA"": 1.5, ""VEU"": 2, ""VNQ"": 1.5, ""VTI"": 1, ""VWO"": 2}",0.03000000,tests/data/2026-08-24-net15,,,,0.00309260,0.00885469,0.00309385,0.00885630,56536.39117869,40000.00000000,16536.39117869,0.41340978,0.11306407,0.11257106,0.76649251,0.15595282,1.07783285,0.61613715,-0.18350471,211,2013,0.31807738,2011,-0.05386979,39890.82868037,2.79235801,0.12279958,0.00006981,,,,,0.99690615,0.99114370
ROT SPY top1 1-3-6-12U can TIP/1 fb best(BIL+IEF),sens,sens_2012-01-03,2012-01-03,2016-12-30,false,true,"{""*"": 6, ""ACWX"": 3, ""AGG"": 1, ""BIL"": 1, ""BND"": 1.5, ""BTAL"": 6, ""DBC"": 3, ""DBMF"": 3, ""EEM"": 1, ""EFA"": 1, ""IEF"": 1, ""IWM"": 1, ""KMLM"": 6, ""LQD"": 1.5, ""QQQ"": 1, ""SCZ"": 5, ""SHY"": 1, ""SPY"": 0.7, ""TIP"": 2, ""TLT"": 1, ""TQQQ"": 1.5, ""VEA"": 1.5, ""VEU"": 2, ""VNQ"": 1.5, ""VTI"": 1, ""VWO"": 2}",0.03000000,tests/data/2026-08-24-net15,1-3-6-12U,TIP/1,best(BIL+IEF),0.00225492,0.00887397,0.00227532,0.00887535,51225.17916146,39500.00000000,11725.17916146,0.29683998,0.08963287,0.08354329,1.00055582,0.08989545,1.47673302,0.94511128,-0.09483843,275,2013,0.15051623,2015,0.01330575,823847.97581991,73.59925602,2.78866512,0.00186327,0.19973769,0.00000000,0.21647201,0.00000000,0.58151499,0.00000000
ROT SPY top1 1-3-6-12U can TIP/1 fb IEF,sens,sens_2012-01-03,2012-01-03,2016-12-30,false,true,"{""*"": 6, ""ACWX"": 3, ""AGG"": 1, ""BIL"": 1, ""BND"": 1.5, ""BTAL"": 6, ""DBC"": 3, ""DBMF"": 3, ""EEM"": 1, ""EFA"": 1, ""IEF"": 1, ""IWM"": 1, ""KMLM"": 6, ""LQD"": 1.5, ""QQQ"": 1, ""SCZ"": 5, ""SHY"": 1, ""SPY"": 0.7, ""TIP"": 2, ""TLT"": 1, ""TQQQ"": 1.5, ""VEA"": 1.5, ""VEU"": 2, ""VNQ"": 1.5, ""VTI"": 1, ""VWO"": 2}",0.03000000,tests/data/2026-08-24-net15,1-3-6-12U,TIP/1,IEF,0.00235560,0.00887397,0.00236945,0.00887535,52206.56355755,39500.00000000,12706.56355755,0.32168515,0.09414344,0.08969757,1.00438915,0.09405000,1.47029772,0.99267183,-0.09483843,275,2016,0.13075363,2015,0.02886538,578911.13148138,48.99778741,1.94230415,0.00124045,,,0.41612882,0.00000000,0.58150173,0.00000000
ROT SPY top1 1-3-6-12U fb best(BIL+IEF),sens,sens_2012-01-03,2012-01-03,2016-12-30,false,true,"{""*"": 6, ""ACWX"": 3, ""AGG"": 1, ""BIL"": 1, ""BND"": 1.5, ""BTAL"": 6, ""DBC"": 3, ""DBMF"": 3, ""EEM"": 1, ""EFA"": 1, ""IEF"": 1, ""IWM"": 1, ""KMLM"": 6, ""LQD"": 1.5, ""QQQ"": 1, ""SCZ"": 5, ""SHY"": 1, ""SPY"": 0.7, ""TIP"": 2, ""TLT"": 1, ""TQQQ"": 1.5, ""VEA"": 1.5, ""VEU"": 2, ""VNQ"": 1.5, ""VTI"": 1, ""VWO"": 2}",0.03000000,tests/data/2026-08-24-net15,1-3-6-12U,,best(BIL+IEF),0.00258018,0.00887397,0.00258976,0.00887535,52409.36196665,39500.00000000,12909.36196665,0.32681929,0.10702491,0.09095595,0.91952873,0.11827259,1.31422247,0.67618841,-0.15827676,,2013,0.31842278,2015,-0.03646412,427713.36869934,35.84382866,1.34839456,0.00090744,0.00000000,0.00000000,0.08326301,0.00000000,0.91414723,0.00000000
ROT SPY top1 1-3-6-12U fb IEF,sens,sens_2012-01-03,2012-01-03,2016-12-30,false,true,"{""*"": 6, ""ACWX"": 3, ""AGG"": 1, ""BIL"": 1, ""BND"": 1.5, ""BTAL"": 6, ""DBC"": 3, ""DBMF"": 3, ""EEM"": 1, ""EFA"": 1, ""IEF"": 1, ""IWM"": 1, ""KMLM"": 6, ""LQD"": 1.5, ""QQQ"": 1, ""SCZ"": 5, ""SHY"": 1, ""SPY"": 0.7, ""TIP"": 2, ""TLT"": 1, ""TQQQ"": 1.5, ""VEA"": 1.5, ""VEU"": 2, ""VNQ"": 1.5, ""VTI"": 1, ""VWO"": 2}",0.03000000,tests/data/2026-08-24-net15,1-3-6-12U,,IEF,0.00258018,0.00887397,0.00258976,0.00887535,52409.36196665,39500.00000000,12909.36196665,0.32681929,0.10702491,0.09095595,0.91952873,0.11827259,1.31422247,0.67618841,-0.15827676,,2013,0.31842278,2015,-0.03646412,427713.36869934,35.84382866,1.34839456,0.00090744,,,0.08326301,0.00000000,0.91414723,0.00000000
ROT SPY top1 13612W can TIP/1 fb best(BIL+IEF),sens,sens_2012-01-03,2012-01-03,2016-12-30,false,true,"{""*"": 6, ""ACWX"": 3, ""AGG"": 1, ""BIL"": 1, ""BND"": 1.5, ""BTAL"": 6, ""DBC"": 3, ""DBMF"": 3, ""EEM"": 1, ""EFA"": 1, ""IEF"": 1, ""IWM"": 1, ""KMLM"": 6, ""LQD"": 1.5, ""QQQ"": 1, ""SCZ"": 5, ""SHY"": 1, ""SPY"": 0.7, ""TIP"": 2, ""TLT"": 1, ""TQQQ"": 1.5, ""VEA"": 1.5, ""VEU"": 2, ""VNQ"": 1.5, ""VTI"": 1, ""VWO"": 2}",0.03000000,tests/data/2026-08-24-net15,13612W,TIP/1,best(BIL+IEF),0.00205216,0.00887397,0.00208858,0.00887535,50205.51596509,39500.00000000,10705.51596509,0.27102572,0.08942246,0.07703195,1.06590300,0.08369918,1.57269022,0.94289263,-0.09483843,275,2013,0.17737032,2015,0.02652235,1498756.61514645,134.69018966,4.94242124,0.00340988,0.23301620,0.00000000,0.23301533,0.00000000,0.53187989,0.00000000
ROT SPY top1 13612W can TIP/1 fb IEF,sens,sens_2012-01-03,2012-01-03,2016-12-30,false,true,"{""*"": 6, ""ACWX"": 3, ""AGG"": 1, ""BIL"": 1, ""BND"": 1.5, ""BTAL"": 6, ""DBC"": 3, ""DBMF"": 3, ""EEM"": 1, ""EFA"": 1, ""IEF"": 1, ""IWM"": 1, ""KMLM"": 6, ""LQD"": 1.5, ""QQQ"": 1, ""SCZ"": 5, ""SHY"": 1, ""SPY"": 0.7, ""TIP"": 2, ""TLT"": 1, ""TQQQ"": 1.5, ""VEA"": 1.5, ""VEU"": 2, ""VNQ"": 1.5, ""VTI"": 1, ""VWO"": 2}",0.03000000,tests/data/2026-08-24-net15,13612W,TIP/1,IEF,0.00220013,0.00887397,0.00222506,0.00887535,50647.70637871,39500.00000000,11147.70637871,0.28222041,0.09298215,0.07987063,1.03833490,0.08955517,1.51339277,0.98042691,-0.09483843,275,2014,0.15393181,2016,0.04436652,1015238.13926242,86.13088121,3.28236040,0.00218053,,,0.46611202,0.00000000,0.53166292,0.00000000
ROT SPY top1 13612W fb best(BIL+IEF),sens,sens_2012-01-03,2012-01-03,2016-12-30,false,true,"{""*"": 6, ""ACWX"": 3, ""AGG"": 1, ""BIL"": 1, ""BND"": 1.5, ""BTAL"": 6, ""DBC"": 3, ""DBMF"": 3, ""EEM"": 1, ""EFA"": 1, ""IEF"": 1, ""IWM"": 1, ""KMLM"": 6, ""LQD"": 1.5, ""QQQ"": 1, ""SCZ"": 5, ""SHY"": 1, ""SPY"": 0.7, ""TIP"": 2, ""TLT"": 1, ""TQQQ"": 1.5, ""VEA"": 1.5, ""VEU"": 2, ""VNQ"": 1.5, ""VTI"": 1, ""VWO"": 2}",0.03000000,tests/data/2026-08-24-net15,13612W,,best(BIL+IEF),0.00254001,0.00887397,0.00256077,0.00887535,45409.32544610,39500.00000000,5909.32544610,0.14960318,0.06756307,0.04464766,0.62475706,0.11538279,0.88213554,0.30683386,-0.22019431,,2013,0.31842278,2015,-0.13047216,975933.51797318,82.50888640,3.30167587,0.00208883,0.03328712,0.00000000,0.11652504,0.00000000,0.84762707,0.00000000
ROT SPY top1 13612W fb IEF,sens,sens_2012-01-03,2012-01-03,2016-12-30,false,true,"{""*"": 6, ""ACWX"": 3, ""AGG"": 1, ""BIL"": 1, ""BND"": 1.5, ""BTAL"": 6, ""DBC"": 3, ""DBMF"": 3, ""EEM"": 1, ""EFA"": 1, ""IEF"": 1, ""IWM"": 1, ""KMLM"": 6, ""LQD"": 1.5, ""QQQ"": 1, ""SCZ"": 5, ""SHY"": 1, ""SPY"": 0.7, ""TIP"": 2, ""TLT"": 1, ""TQQQ"": 1.5, ""VEA"": 1.5, ""VEU"": 2, ""VNQ"": 1.5, ""VTI"": 1, ""VWO"": 2}",0.03000000,tests/data/2026-08-24-net15,13612W,,IEF,0.00242112,0.00887397,0.00244189,0.00887535,44034.07016109,39500.00000000,4534.07016109,0.11478659,0.06149126,0.03476948,0.57227880,0.11614201,0.80593779,0.29457282,-0.20874722,,2013,0.31842278,2015,-0.11770237,980078.79034905,82.85778344,3.30421080,0.00209767,,,0.14985074,0.00000000,0.84770737,0.00000000
ROT SPY top1 12M can TIP/1 fb best(BIL+IEF),sens,sens_2012-01-03,2012-01-03,2016-12-30,false,true,"{""*"": 6, ""ACWX"": 3, ""AGG"": 1, ""BIL"": 1, ""BND"": 1.5, ""BTAL"": 6, ""DBC"": 3, ""DBMF"": 3, ""EEM"": 1, ""EFA"": 1, ""IEF"": 1, ""IWM"": 1, ""KMLM"": 6, ""LQD"": 1.5, ""QQQ"": 1, ""SCZ"": 5, ""SHY"": 1, ""SPY"": 0.7, ""TIP"": 2, ""TLT"": 1, ""TQQQ"": 1.5, ""VEA"": 1.5, ""VEU"": 2, ""VNQ"": 1.5, ""VTI"": 1, ""VWO"": 2}",0.03000000,tests/data/2026-08-24-net15,12M,TIP/1,best(BIL+IEF),0.00208383,0.00887397,0.00209513,0.00887535,52517.54775263,39500.00000000,13017.54775263,0.32955817,0.09484544,0.09162540,1.02099901,0.09305719,1.50824144,1.00007383,-0.09483843,275,2016,0.15469022,2015,0.02895194,403259.74937933,34.88210328,1.36547386,0.00088309,0.19971734,0.00000000,0.19982099,0.00000000,0.59836654,0.00000000
ROT SPY top1 12M can TIP/1 fb IEF,sens,sens_2012-01-03,2012-01-03,2016-12-30,false,true,"{""*"": 6, ""ACWX"": 3, ""AGG"": 1, ""BIL"": 1, ""BND"": 1.5, ""BTAL"": 6, ""DBC"": 3, ""DBMF"": 3, ""EEM"": 1, ""EFA"": 1, ""IEF"": 1, ""IWM"": 1, ""KMLM"": 6, ""LQD"": 1.5, ""QQQ"": 1, ""SCZ"": 5, ""SHY"": 1, ""SPY"": 0.7, ""TIP"": 2, ""TLT"": 1, ""TQQQ"": 1.5, ""VEA"": 1.5, ""VEU"": 2, ""VNQ"": 1.5, ""VTI"": 1, ""VWO"": 2}",0.03000000,tests/data/2026-08-24-net15,12M,TIP/1,IEF,0.00216489,0.00887397,0.00217456,0.00887535,52846.68043699,39500.00000000,13346.68043699,0.33789064,0.09577794,0.09365426,0.99224605,0.09698962,1.45327098,1.00990636,-0.09483843,275,2016,0.15458823,2015,0.02891078,349732.26323791,29.49737750,1.18243751,0.00074677,,,0.39944207,0.00000000,0.59838337,0.00000000
ROT SPY top1 12M fb best(BIL+IEF),sens,sens_2012-01-03,2012-01-03,2016-12-30,false,true,"{""*"": 6, ""ACWX"": 3, ""AGG"": 1, ""BIL"": 1, ""BND"": 1.5, ""BTAL"": 6, ""DBC"": 3, ""DBMF"": 3, ""EEM"": 1, ""EFA"": 1, ""IEF"": 1, ""IWM"": 1, ""KMLM"": 6, ""LQD"": 1.5, ""QQQ"": 1, ""SCZ"": 5, ""SHY"": 1, ""SPY"": 0.7, ""TIP"": 2, ""TLT"": 1, ""TQQQ"": 1.5, ""VEA"": 1.5, ""VEU"": 2, ""VNQ"": 1.5, ""VTI"": 1, ""VWO"": 2}",0.03000000,tests/data/2026-08-24-net15,12M,,best(BIL+IEF),0.00257537,0.00887397,0.00258494,0.00887535,50581.47017429,39500.00000000,11081.47017429,0.28054355,0.09774933,0.07944689,0.82953901,0.12140370,1.17837546,0.50709388,-0.19276377,,2013,0.31842278,2015,-0.07604664,416141.03810251,34.84698988,1.33050853,0.00088220,0.00000000,0.00000000,0.06660939,0.00000000,0.93080567,0.00000000
ROT SPY top1 12M fb IEF,sens,sens_2012-01-03,2012-01-03,2016-12-30,false,true,"{""*"": 6, ""ACWX"": 3, ""AGG"": 1, ""BIL"": 1, ""BND"": 1.5, ""BTAL"": 6, ""DBC"": 3, ""DBMF"": 3, ""EEM"": 1, ""EFA"": 1, ""IEF"": 1, ""IWM"": 1, ""KMLM"": 6, ""LQD"": 1.5, ""QQQ"": 1, ""SCZ"": 5, ""SHY"": 1, ""SPY"": 0.7, ""TIP"": 2, ""TLT"": 1, ""TQQQ"": 1.5, ""VEA"": 1.5, ""VEU"": 2, ""VNQ"": 1.5, ""VTI"": 1, ""VWO"": 2}",0.03000000,tests/data/2026-08-24-net15,12M,,IEF,0.00257537,0.00887397,0.00258494,0.00887535,50581.47017429,39500.00000000,11081.47017429,0.28054355,0.09774933,0.07944689,0.82953901,0.12140370,1.17837546,0.50709388,-0.19276377,,2013,0.31842278,2015,-0.07604664,416141.03810251,34.84698988,1.33050853,0.00088220,,,0.06660939,0.00000000,0.93080567,0.00000000
SPY60/IEF40,sens,sens_2012-01-03,2012-01-03,2016-12-30,true,true,"{""*"": 6, ""ACWX"": 3, ""AGG"": 1, ""BIL"": 1, ""BND"": 1.5, ""BTAL"": 6, ""DBC"": 3, ""DBMF"": 3, ""EEM"": 1, ""EFA"": 1, ""IEF"": 1, ""IWM"": 1, ""KMLM"": 6, ""LQD"": 1.5, ""QQQ"": 1, ""SCZ"": 5, ""SHY"": 1, ""SPY"": 0.7, ""TIP"": 2, ""TLT"": 1, ""TQQQ"": 1.5, ""VEA"": 1.5, ""VEU"": 2, ""VNQ"": 1.5, ""VTI"": 1, ""VWO"": 2}",0.03000000,tests/data/2026-08-24-net15,,,,0.00473436,0.01405612,0.00339431,0.00787040,50714.10645146,39500.00000000,11214.10645146,0.28390143,0.08981063,0.08029490,1.25496051,0.07056745,1.84178019,1.29885187,-0.06914617,193,2013,0.15148210,2015,0.01402978,47932.64873456,4.04675123,0.15924700,0.00010245,,,0.39836829,0.39253954,0.59689568,0.59212960
SPY benchmark,sens,sens_2012-01-03,2012-01-03,2016-12-30,true,true,"{""*"": 6, ""ACWX"": 3, ""AGG"": 1, ""BIL"": 1, ""BND"": 1.5, ""BTAL"": 6, ""DBC"": 3, ""DBMF"": 3, ""EEM"": 1, ""EFA"": 1, ""IEF"": 1, ""IWM"": 1, ""KMLM"": 6, ""LQD"": 1.5, ""QQQ"": 1, ""SCZ"": 5, ""SHY"": 1, ""SPY"": 0.7, ""TIP"": 2, ""TLT"": 1, ""TQQQ"": 1.5, ""VEA"": 1.5, ""VEU"": 2, ""VNQ"": 1.5, ""VTI"": 1, ""VWO"": 2}",0.03000000,tests/data/2026-08-24-net15,,,,0.00238658,0.00887397,0.00238781,0.00887535,58123.46531412,39500.00000000,18623.46531412,0.47148013,0.13843812,0.12468330,1.08103676,0.12757046,1.55845277,1.05033190,-0.13180416,334,2013,0.31819168,2015,0.00918133,39459.55234878,2.76216866,0.11850318,0.00006993,,,,,0.99761219,0.99112465
ROT SPY top1 1-3-6-12U can TIP/1 fb best(BIL+IEF),sens,sens_2012-07-02,2012-07-02,2017-06-30,false,true,"{""*"": 6, ""ACWX"": 3, ""AGG"": 1, ""BIL"": 1, ""BND"": 1.5, ""BTAL"": 6, ""DBC"": 3, ""DBMF"": 3, ""EEM"": 1, ""EFA"": 1, ""IEF"": 1, ""IWM"": 1, ""KMLM"": 6, ""LQD"": 1.5, ""QQQ"": 1, ""SCZ"": 5, ""SHY"": 1, ""SPY"": 0.7, ""TIP"": 2, ""TLT"": 1, ""TQQQ"": 1.5, ""VEA"": 1.5, ""VEU"": 2, ""VNQ"": 1.5, ""VTI"": 1, ""VWO"": 2}",0.03000000,tests/data/2026-08-24-net15,1-3-6-12U,TIP/1,best(BIL+IEF),0.00260948,0.00855040,0.00262853,0.00855182,52805.02364155,39500.00000000,13305.02364155,0.33683604,0.09739734,0.09340965,1.12602746,0.08592644,1.66568918,1.31814872,-0.07388950,110,2013,0.14975829,2015,0.01337769,775549.73776207,68.99434202,2.61488927,0.00174669,0.21632944,0.00000000,0.19975405,0.00000000,0.58128799,0.00000000
ROT SPY top1 1-3-6-12U can TIP/1 fb IEF,sens,sens_2012-07-02,2012-07-02,2017-06-30,false,true,"{""*"": 6, ""ACWX"": 3, ""AGG"": 1, ""BIL"": 1, ""BND"": 1.5, ""BTAL"": 6, ""DBC"": 3, ""DBMF"": 3, ""EEM"": 1, ""EFA"": 1, ""IEF"": 1, ""IWM"": 1, ""KMLM"": 6, ""LQD"": 1.5, ""QQQ"": 1, ""SCZ"": 5, ""SHY"": 1, ""SPY"": 0.7, ""TIP"": 2, ""TLT"": 1, ""TQQQ"": 1.5, ""VEA"": 1.5, ""VEU"": 2, ""VNQ"": 1.5, ""VTI"": 1, ""VWO"": 2}",0.03000000,tests/data/2026-08-24-net15,1-3-6-12U,TIP/1,IEF,0.00274303,0.00855040,0.00275553,0.00855182,53831.63183972,39500.00000000,14331.63183972,0.36282612,0.10229805,0.09966858,1.12243567,0.09054030,1.64451908,1.27429196,-0.08027835,394,2016,0.13062028,2015,0.02887221,564124.45684567,47.74219531,1.88013379,0.00120866,,,0.41600249,0.00000000,0.58124198,0.00000000
ROT SPY top1 1-3-6-12U fb best(BIL+IEF),sens,sens_2012-07-02,2012-07-02,2017-06-30,false,true,"{""*"": 6, ""ACWX"": 3, ""AGG"": 1, ""BIL"": 1, ""BND"": 1.5, ""BTAL"": 6, ""DBC"": 3, ""DBMF"": 3, ""EEM"": 1, ""EFA"": 1, ""IEF"": 1, ""IWM"": 1, ""KMLM"": 6, ""LQD"": 1.5, ""QQQ"": 1, ""SCZ"": 5, ""SHY"": 1, ""SPY"": 0.7, ""TIP"": 2, ""TLT"": 1, ""TQQQ"": 1.5, ""VEA"": 1.5, ""VEU"": 2, ""VNQ"": 1.5, ""VTI"": 1, ""VWO"": 2}",0.03000000,tests/data/2026-08-24-net15,1-3-6-12U,,best(BIL+IEF),0.00323777,0.00855040,0.00324460,0.00855182,54523.11040459,39500.00000000,15023.11040459,0.38033191,0.11869242,0.10382245,1.02998428,0.11552762,1.47288779,0.74973261,-0.15831300,615,2013,0.31745096,2015,-0.03657431,339056.72962035,28.28934253,1.07302689,0.00071619,0.00000000,0.00000000,0.06658415,0.00000000,0.93017125,0.00000000
ROT SPY top1 1-3-6-12U fb IEF,sens,sens_2012-07-02,2012-07-02,2017-06-30,false,true,"{""*"": 6, ""ACWX"": 3, ""AGG"": 1, ""BIL"": 1, ""BND"": 1.5, ""BTAL"": 6, ""DBC"": 3, ""DBMF"": 3, ""EEM"": 1, ""EFA"": 1, ""IEF"": 1, ""IWM"": 1, ""KMLM"": 6, ""LQD"": 1.5, ""QQQ"": 1, ""SCZ"": 5, ""SHY"": 1, ""SPY"": 0.7, ""TIP"": 2, ""TLT"": 1, ""TQQQ"": 1.5, ""VEA"": 1.5, ""VEU"": 2, ""VNQ"": 1.5, ""VTI"": 1, ""VWO"": 2}",0.03000000,tests/data/2026-08-24-net15,1-3-6-12U,,IEF,0.00323777,0.00855040,0.00324460,0.00855182,54523.11040459,39500.00000000,15023.11040459,0.38033191,0.11869242,0.10382245,1.02998428,0.11552762,1.47288779,0.74973261,-0.15831300,615,2013,0.31745096,2015,-0.03657431,339056.72962035,28.28934253,1.07302689,0.00071619,,,0.06658415,0.00000000,0.93017125,0.00000000
ROT SPY top1 13612W can TIP/1 fb best(BIL+IEF),sens,sens_2012-07-02,2012-07-02,2017-06-30,false,true,"{""*"": 6, ""ACWX"": 3, ""AGG"": 1, ""BIL"": 1, ""BND"": 1.5, ""BTAL"": 6, ""DBC"": 3, ""DBMF"": 3, ""EEM"": 1, ""EFA"": 1, ""IEF"": 1, ""IWM"": 1, ""KMLM"": 6, ""LQD"": 1.5, ""QQQ"": 1, ""SCZ"": 5, ""SHY"": 1, ""SPY"": 0.7, ""TIP"": 2, ""TLT"": 1, ""TQQQ"": 1.5, ""VEA"": 1.5, ""VEU"": 2, ""VNQ"": 1.5, ""VTI"": 1, ""VWO"": 2}",0.03000000,tests/data/2026-08-24-net15,13612W,TIP/1,best(BIL+IEF),0.00211280,0.00855040,0.00214780,0.00855182,51729.98615586,39500.00000000,12229.98615586,0.30961990,0.09729830,0.08673355,1.20983270,0.07945822,1.78980087,1.31680826,-0.07388950,110,2013,0.17703755,2015,0.02664102,1353473.90688721,121.41322007,4.47884808,0.00307375,0.24955198,0.00000000,0.21631903,0.00000000,0.53198119,0.00000000
ROT SPY top1 13612W can TIP/1 fb IEF,sens,sens_2012-07-02,2012-07-02,2017-06-30,false,true,"{""*"": 6, ""ACWX"": 3, ""AGG"": 1, ""BIL"": 1, ""BND"": 1.5, ""BTAL"": 6, ""DBC"": 3, ""DBMF"": 3, ""EEM"": 1, ""EFA"": 1, ""IEF"": 1, ""IWM"": 1, ""KMLM"": 6, ""LQD"": 1.5, ""QQQ"": 1, ""SCZ"": 5, ""SHY"": 1, ""SPY"": 0.7, ""TIP"": 2, ""TLT"": 1, ""TQQQ"": 1.5, ""VEA"": 1.5, ""VEU"": 2, ""VNQ"": 1.5, ""VTI"": 1, ""VWO"": 2}",0.03000000,tests/data/2026-08-24-net15,13612W,TIP/1,IEF,0.00228542,0.00855040,0.00230897,0.00855182,52197.49739856,39500.00000000,12697.49739856,0.32145563,0.10122970,0.08965250,1.16727898,0.08587859,1.70273233,1.24170381,-0.08152484,290,2014,0.15391058,2016,0.04435678,930670.13052598,78.94490127,3.02104966,0.00199861,,,0.46603654,0.00000000,0.53165449,0.00000000
ROT SPY top1 13612W fb best(BIL+IEF),sens,sens_2012-07-02,2012-07-02,2017-06-30,false,true,"{""*"": 6, ""ACWX"": 3, ""AGG"": 1, ""BIL"": 1, ""BND"": 1.5, ""BTAL"": 6, ""DBC"": 3, ""DBMF"": 3, ""EEM"": 1, ""EFA"": 1, ""IEF"": 1, ""IWM"": 1, ""KMLM"": 6, ""LQD"": 1.5, ""QQQ"": 1, ""SCZ"": 5, ""SHY"": 1, ""SPY"": 0.7, ""TIP"": 2, ""TLT"": 1, ""TQQQ"": 1.5, ""VEA"": 1.5, ""VEU"": 2, ""VNQ"": 1.5, ""VTI"": 1, ""VWO"": 2}",0.03000000,tests/data/2026-08-24-net15,13612W,,best(BIL+IEF),0.00291254,0.00855040,0.00293054,0.00855182,47868.70641965,39500.00000000,8368.70641965,0.21186599,0.07899692,0.06164162,0.73259405,0.11257438,1.03460475,0.35917563,-0.21993954,,2013,0.31745096,2015,-0.13053363,820590.66054743,69.29375338,2.82069492,0.00175427,0.03331250,0.00000000,0.09986870,0.00000000,0.86388826,0.00000000
ROT SPY top1 13612W fb IEF,sens,sens_2012-07-02,2012-07-02,2017-06-30,false,true,"{""*"": 6, ""ACWX"": 3, ""AGG"": 1, ""BIL"": 1, ""BND"": 1.5, ""BTAL"": 6, ""DBC"": 3, ""DBMF"": 3, ""EEM"": 1, ""EFA"": 1, ""IEF"": 1, ""IWM"": 1, ""KMLM"": 6, ""LQD"": 1.5, ""QQQ"": 1, ""SCZ"": 5, ""SHY"": 1, ""SPY"": 0.7, ""TIP"": 2, ""TLT"": 1, ""TQQQ"": 1.5, ""VEA"": 1.5, ""VEU"": 2, ""VNQ"": 1.5, ""VTI"": 1, ""VWO"": 2}",0.03000000,tests/data/2026-08-24-net15,13612W,,IEF,0.00301782,0.00855040,0.00303582,0.00855182,46510.25752302,39500.00000000,7010.25752302,0.17747487,0.07290657,0.05236279,0.67863552,0.11329181,0.95587171,0.34977703,-0.20843728,,2013,0.31745096,2015,-0.11756315,824042.70752028,69.58432871,2.83644423,0.00176163,,,0.13317223,0.00000000,0.86379195,0.00000000
ROT SPY top1 12M can TIP/1 fb best(BIL+IEF),sens,sens_2012-07-02,2012-07-02,2017-06-30,false,true,"{""*"": 6, ""ACWX"": 3, ""AGG"": 1, ""BIL"": 1, ""BND"": 1.5, ""BTAL"": 6, ""DBC"": 3, ""DBMF"": 3, ""EEM"": 1, ""EFA"": 1, ""IEF"": 1, ""IWM"": 1, ""KMLM"": 6, ""LQD"": 1.5, ""QQQ"": 1, ""SCZ"": 5, ""SHY"": 1, ""SPY"": 0.7, ""TIP"": 2, ""TLT"": 1, ""TQQQ"": 1.5, ""VEA"": 1.5, ""VEU"": 2, ""VNQ"": 1.5, ""VTI"": 1, ""VWO"": 2}",0.03000000,tests/data/2026-08-24-net15,12M,TIP/1,best(BIL+IEF),0.00266772,0.00855040,0.00267628,0.00855182,54959.14272873,39500.00000000,15459.14272873,0.39137070,0.10645318,0.10641687,1.17588930,0.08955291,1.74355333,1.44070795,-0.07388950,110,2016,0.15451179,2015,0.02894550,312124.24706146,26.99682488,1.04522990,0.00068346,0.19962117,0.00000000,0.18313845,0.00000000,0.61456410,0.00000000
ROT SPY top1 12M can TIP/1 fb IEF,sens,sens_2012-07-02,2012-07-02,2017-06-30,false,true,"{""*"": 6, ""ACWX"": 3, ""AGG"": 1, ""BIL"": 1, ""BND"": 1.5, ""BTAL"": 6, ""DBC"": 3, ""DBMF"": 3, ""EEM"": 1, ""EFA"": 1, ""IEF"": 1, ""IWM"": 1, ""KMLM"": 6, ""LQD"": 1.5, ""QQQ"": 1, ""SCZ"": 5, ""SHY"": 1, ""SPY"": 0.7, ""TIP"": 2, ""TLT"": 1, ""TQQQ"": 1.5, ""VEA"": 1.5, ""VEU"": 2, ""VNQ"": 1.5, ""VTI"": 1, ""VWO"": 2}",0.03000000,tests/data/2026-08-24-net15,12M,TIP/1,IEF,0.00250584,0.00855040,0.00251278,0.00855182,55313.41786171,39500.00000000,15813.41786171,0.40033969,0.10748017,0.10851088,1.13823613,0.09366284,1.67178518,1.33884385,-0.08027835,461,2016,0.15473495,2015,0.02892187,266427.89442346,22.40188433,0.88952103,0.00056714,,,0.38273268,0.00000000,0.61475454,0.00000000
ROT SPY top1 12M fb best(BIL+IEF),sens,sens_2012-07-02,2012-07-02,2017-06-30,false,true,"{""*"": 6, ""ACWX"": 3, ""AGG"": 1, ""BIL"": 1, ""BND"": 1.5, ""BTAL"": 6, ""DBC"": 3, ""DBMF"": 3, ""EEM"": 1, ""EFA"": 1, ""IEF"": 1, ""IWM"": 1, ""KMLM"": 6, ""LQD"": 1.5, ""QQQ"": 1, ""SCZ"": 5, ""SHY"": 1, ""SPY"": 0.7, ""TIP"": 2, ""TLT"": 1, ""TQQQ"": 1.5, ""VEA"": 1.5, ""VEU"": 2, ""VNQ"": 1.5, ""VTI"": 1, ""VWO"": 2}",0.03000000,tests/data/2026-08-24-net15,12M,,best(BIL+IEF),0.00335639,0.00855040,0.00336322,0.00855182,52773.56638205,39500.00000000,13273.56638205,0.33603966,0.10935934,0.09321610,0.93475289,0.11872234,1.32819550,0.56740176,-0.19273705,650,2013,0.31745096,2015,-0.07615999,328743.92294741,27.39951539,1.05913082,0.00069366,0.00000000,0.00000000,0.04990841,0.00000000,0.94672837,0.00000000
ROT SPY top1 12M fb IEF,sens,sens_2012-07-02,2012-07-02,2017-06-30,false,true,"{""*"": 6, ""ACWX"": 3, ""AGG"": 1, ""BIL"": 1, ""BND"": 1.5, ""BTAL"": 6, ""DBC"": 3, ""DBMF"": 3, ""EEM"": 1, ""EFA"": 1, ""IEF"": 1, ""IWM"": 1, ""KMLM"": 6, ""LQD"": 1.5, ""QQQ"": 1, ""SCZ"": 5, ""SHY"": 1, ""SPY"": 0.7, ""TIP"": 2, ""TLT"": 1, ""TQQQ"": 1.5, ""VEA"": 1.5, ""VEU"": 2, ""VNQ"": 1.5, ""VTI"": 1, ""VWO"": 2}",0.03000000,tests/data/2026-08-24-net15,12M,,IEF,0.00335639,0.00855040,0.00336322,0.00855182,52773.56638205,39500.00000000,13273.56638205,0.33603966,0.10935934,0.09321610,0.93475289,0.11872234,1.32819550,0.56740176,-0.19273705,650,2013,0.31745096,2015,-0.07615999,328743.92294741,27.39951539,1.05913082,0.00069366,,,0.04990841,0.00000000,0.94672837,0.00000000
SPY60/IEF40,sens,sens_2012-07-02,2012-07-02,2017-06-30,true,true,"{""*"": 6, ""ACWX"": 3, ""AGG"": 1, ""BIL"": 1, ""BND"": 1.5, ""BTAL"": 6, ""DBC"": 3, ""DBMF"": 3, ""EEM"": 1, ""EFA"": 1, ""IEF"": 1, ""IWM"": 1, ""KMLM"": 6, ""LQD"": 1.5, ""QQQ"": 1, ""SCZ"": 5, ""SHY"": 1, ""SPY"": 0.7, ""TIP"": 2, ""TLT"": 1, ""TQQQ"": 1.5, ""VEA"": 1.5, ""VEU"": 2, ""VNQ"": 1.5, ""VTI"": 1, ""VWO"": 2}",0.03000000,tests/data/2026-08-24-net15,,,,0.00502415,0.01193539,0.00367532,0.00814335,51318.41574233,39500.00000000,11818.41574233,0.29920040,0.08929129,0.08414355,1.28622530,0.06840079,1.88496631,1.29536157,-0.06893156,193,2013,0.15177719,2015,0.01369535,45946.73910177,3.89326293,0.15488326,0.00009856,,,0.39815940,0.39185665,0.59681479,0.59216587
SPY benchmark,sens,sens_2012-07-02,2012-07-02,2017-06-30,true,true,"{""*"": 6, ""ACWX"": 3, ""AGG"": 1, ""BIL"": 1, ""BND"": 1.5, ""BTAL"": 6, ""DBC"": 3, ""DBMF"": 3, ""EEM"": 1, ""EFA"": 1, ""IEF"": 1, ""IWM"": 1, ""KMLM"": 6, ""LQD"": 1.5, ""QQQ"": 1, ""SCZ"": 5, ""SHY"": 1, ""SPY"": 0.7, ""TIP"": 2, ""TLT"": 1, ""TQQQ"": 1.5, ""VEA"": 1.5, ""VEU"": 2, ""VNQ"": 1.5, ""VTI"": 1, ""VWO"": 2}",0.03000000,tests/data/2026-08-24-net15,,,,0.00319923,0.00855040,0.00320045,0.00855182,59100.36651884,39500.00000000,19600.36651884,0.49621181,0.14055357,0.13015498,1.13601624,0.12254305,1.63824553,1.06983291,-0.13137899,334,2013,0.31745096,2015,0.00929199,39433.41935670,2.76033935,0.12023494,0.00006988,,,,,0.99679955,0.99144818
ROT SPY top1 1-3-6-12U can TIP/1 fb best(BIL+IEF),sens,sens_2013-01-02,2013-01-02,2017-12-29,false,true,"{""*"": 6, ""ACWX"": 3, ""AGG"": 1, ""BIL"": 1, ""BND"": 1.5, ""BTAL"": 6, ""DBC"": 3, ""DBMF"": 3, ""EEM"": 1, ""EFA"": 1, ""IEF"": 1, ""IWM"": 1, ""KMLM"": 6, ""LQD"": 1.5, ""QQQ"": 1, ""SCZ"": 5, ""SHY"": 1, ""SPY"": 0.7, ""TIP"": 2, ""TLT"": 1, ""TQQQ"": 1.5, ""VEA"": 1.5, ""VEU"": 2, ""VNQ"": 1.5, ""VTI"": 1, ""VWO"": 2}",0.03000000,tests/data/2026-08-24-net15,1-3-6-12U,TIP/1,best(BIL+IEF),0.00239998,0.00992279,0.00242460,0.00992385,53161.90792120,39500.00000000,13661.90792120,0.34587109,0.09404750,0.09567881,1.19824797,0.07747628,1.74570200,1.68334621,-0.05586938,30,2017,0.13936874,2015,0.01330207,1050756.15367973,91.88642667,3.60767430,0.00232624,0.26617538,0.00000000,0.19968605,0.00000000,0.53171396,0.00000000
ROT SPY top1 1-3-6-12U can TIP/1 fb IEF,sens,sens_2013-01-02,2013-01-02,2017-12-29,false,true,"{""*"": 6, ""ACWX"": 3, ""AGG"": 1, ""BIL"": 1, ""BND"": 1.5, ""BTAL"": 6, ""DBC"": 3, ""DBMF"": 3, ""EEM"": 1, ""EFA"": 1, ""IEF"": 1, ""IWM"": 1, ""KMLM"": 6, ""LQD"": 1.5, ""QQQ"": 1, ""SCZ"": 5, ""SHY"": 1, ""SPY"": 0.7, ""TIP"": 2, ""TLT"": 1, ""TQQQ"": 1.5, ""VEA"": 1.5, ""VEU"": 2, ""VNQ"": 1.5, ""VTI"": 1, ""VWO"": 2}",0.03000000,tests/data/2026-08-24-net15,1-3-6-12U,TIP/1,IEF,0.00237340,0.00992279,0.00239151,0.00992385,54832.41217288,39500.00000000,15332.41217288,0.38816233,0.10197012,0.10575413,1.21179700,0.08292297,1.74927327,1.27389089,-0.08004619,394,2017,0.15706516,2015,0.02886623,887028.79766947,75.23648904,2.99794684,0.00190472,,,0.46576553,0.00000000,0.53184297,0.00000000
ROT SPY top1 1-3-6-12U fb best(BIL+IEF),sens,sens_2013-01-02,2013-01-02,2017-12-29,false,true,"{""*"": 6, ""ACWX"": 3, ""AGG"": 1, ""BIL"": 1, ""BND"": 1.5, ""BTAL"": 6, ""DBC"": 3, ""DBMF"": 3, ""EEM"": 1, ""EFA"": 1, ""IEF"": 1, ""IWM"": 1, ""KMLM"": 6, ""LQD"": 1.5, ""QQQ"": 1, ""SCZ"": 5, ""SHY"": 1, ""SPY"": 0.7, ""TIP"": 2, ""TLT"": 1, ""TQQQ"": 1.5, ""VEA"": 1.5, ""VEU"": 2, ""VNQ"": 1.5, ""VTI"": 1, ""VWO"": 2}",0.03000000,tests/data/2026-08-24-net15,1-3-6-12U,,best(BIL+IEF),0.00303950,0.00992279,0.00304632,0.00992385,56806.15037293,39500.00000000,17306.15037293,0.43813039,0.12545350,0.11729983,1.12461583,0.11046828,1.59039120,0.79225317,-0.15835027,615,2013,0.28502201,2015,-0.03654431,295588.98117565,24.59848545,0.95879174,0.00062275,0.00000000,0.00000000,0.06656919,0.00000000,0.93038449,0.00000000
ROT SPY top1 1-3-6-12U fb IEF,sens,sens_2013-01-02,2013-01-02,2017-12-29,false,true,"{""*"": 6, ""ACWX"": 3, ""AGG"": 1, ""BIL"": 1, ""BND"": 1.5, ""BTAL"": 6, ""DBC"": 3, ""DBMF"": 3, ""EEM"": 1, ""EFA"": 1, ""IEF"": 1, ""IWM"": 1, ""KMLM"": 6, ""LQD"": 1.5, ""QQQ"": 1, ""SCZ"": 5, ""SHY"": 1, ""SPY"": 0.7, ""TIP"": 2, ""TLT"": 1, ""TQQQ"": 1.5, ""VEA"": 1.5, ""VEU"": 2, ""VNQ"": 1.5, ""VTI"": 1, ""VWO"": 2}",0.03000000,tests/data/2026-08-24-net15,1-3-6-12U,,IEF,0.00303950,0.00992279,0.00304632,0.00992385,56806.15037293,39500.00000000,17306.15037293,0.43813039,0.12545350,0.11729983,1.12461583,0.11046828,1.59039120,0.79225317,-0.15835027,615,2013,0.28502201,2015,-0.03654431,295588.98117565,24.59848545,0.95879174,0.00062275,,,0.06656919,0.00000000,0.93038449,0.00000000
ROT SPY top1 13612W can TIP/1 fb best(BIL+IEF),sens,sens_2013-01-02,2013-01-02,2017-12-29,false,true,"{""*"": 6, ""ACWX"": 3, ""AGG"": 1, ""BIL"": 1, ""BND"": 1.5, ""BTAL"": 6, ""DBC"": 3, ""DBMF"": 3, ""EEM"": 1, ""EFA"": 1, ""IEF"": 1, ""IWM"": 1, ""KMLM"": 6, ""LQD"": 1.5, ""QQQ"": 1, ""SCZ"": 5, ""SHY"": 1, ""SPY"": 0.7, ""TIP"": 2, ""TLT"": 1, ""TQQQ"": 1.5, ""VEA"": 1.5, ""VEU"": 2, ""VNQ"": 1.5, ""VTI"": 1, ""VWO"": 2}",0.03000000,tests/data/2026-08-24-net15,13612W,TIP/1,best(BIL+IEF),0.00208677,0.00882601,0.00212726,0.00882708,52110.55442936,39500.00000000,12610.55442936,0.31925454,0.09427505,0.08918660,1.29850796,0.07130144,1.87729307,1.69075855,-0.05575902,30,2013,0.14784867,2015,0.02650462,1512160.43410690,133.90817544,5.13848646,0.00339008,0.28286337,0.00000000,0.21629222,0.00000000,0.49871715,0.00000000
ROT SPY top1 13612W can TIP/1 fb IEF,sens,sens_2013-01-02,2013-01-02,2017-12-29,false,true,"{""*"": 6, ""ACWX"": 3, ""AGG"": 1, ""BIL"": 1, ""BND"": 1.5, ""BTAL"": 6, ""DBC"": 3, ""DBMF"": 3, ""EEM"": 1, ""EFA"": 1, ""IEF"": 1, ""IWM"": 1, ""KMLM"": 6, ""LQD"": 1.5, ""QQQ"": 1, ""SCZ"": 5, ""SHY"": 1, ""SPY"": 0.7, ""TIP"": 2, ""TLT"": 1, ""TQQQ"": 1.5, ""VEA"": 1.5, ""VEU"": 2, ""VNQ"": 1.5, ""VTI"": 1, ""VWO"": 2}",0.03000000,tests/data/2026-08-24-net15,13612W,TIP/1,IEF,0.00273109,0.00830346,0.00276014,0.00830452,52515.10349334,39500.00000000,13015.10349334,0.32949629,0.09830268,0.09169896,1.23178531,0.07858888,1.75850402,1.20561929,-0.08153708,290,2014,0.15363536,2016,0.04421950,1159360.21013748,98.42855320,3.86752737,0.00249186,,,0.49913308,0.00000000,0.49810678,0.00000000
ROT SPY top1 13612W fb best(BIL+IEF),sens,sens_2013-01-02,2013-01-02,2017-12-29,false,true,"{""*"": 6, ""ACWX"": 3, ""AGG"": 1, ""BIL"": 1, ""BND"": 1.5, ""BTAL"": 6, ""DBC"": 3, ""DBMF"": 3, ""EEM"": 1, ""EFA"": 1, ""IEF"": 1, ""IWM"": 1, ""KMLM"": 6, ""LQD"": 1.5, ""QQQ"": 1, ""SCZ"": 5, ""SHY"": 1, ""SPY"": 0.7, ""TIP"": 2, ""TLT"": 1, ""TQQQ"": 1.5, ""VEA"": 1.5, ""VEU"": 2, ""VNQ"": 1.5, ""VTI"": 1, ""VWO"": 2}",0.03000000,tests/data/2026-08-24-net15,13612W,,best(BIL+IEF),0.00349083,0.00992279,0.00350880,0.00992385,50544.86127111,39500.00000000,11044.86127111,0.27961674,0.08530392,0.07928961,0.81595593,0.10733418,1.13787106,0.38775613,-0.21999373,1008,2013,0.28502201,2015,-0.13068142,703423.89513737,59.32393984,2.49872201,0.00150187,0.03326202,0.00000000,0.09985502,0.00000000,0.86337417,0.00000000
ROT SPY top1 13612W fb IEF,sens,sens_2013-01-02,2013-01-02,2017-12-29,false,true,"{""*"": 6, ""ACWX"": 3, ""AGG"": 1, ""BIL"": 1, ""BND"": 1.5, ""BTAL"": 6, ""DBC"": 3, ""DBMF"": 3, ""EEM"": 1, ""EFA"": 1, ""IEF"": 1, ""IWM"": 1, ""KMLM"": 6, ""LQD"": 1.5, ""QQQ"": 1, ""SCZ"": 5, ""SHY"": 1, ""SPY"": 0.7, ""TIP"": 2, ""TLT"": 1, ""TQQQ"": 1.5, ""VEA"": 1.5, ""VEU"": 2, ""VNQ"": 1.5, ""VTI"": 1, ""VWO"": 2}",0.03000000,tests/data/2026-08-24-net15,13612W,,IEF,0.00356590,0.00992279,0.00358387,0.00992385,49204.54845986,39500.00000000,9704.54845986,0.24568477,0.07921468,0.07058827,0.75895762,0.10809268,1.05558974,0.37991728,-0.20850507,1058,2013,0.28502201,2015,-0.11751413,706013.75709997,59.54426363,2.52261890,0.00150745,,,0.13310932,0.00000000,0.86330682,0.00000000
ROT SPY top1 12M can TIP/1 fb best(BIL+IEF),sens,sens_2013-01-02,2013-01-02,2017-12-29,false,true,"{""*"": 6, ""ACWX"": 3, ""AGG"": 1, ""BIL"": 1, ""BND"": 1.5, ""BTAL"": 6, ""DBC"": 3, ""DBMF"": 3, ""EEM"": 1, ""EFA"": 1, ""IEF"": 1, ""IWM"": 1, ""KMLM"": 6, ""LQD"": 1.5, ""QQQ"": 1, ""SCZ"": 5, ""SHY"": 1, ""SPY"": 0.7, ""TIP"": 2, ""TLT"": 1, ""TQQQ"": 1.5, ""VEA"": 1.5, ""VEU"": 2, ""VNQ"": 1.5, ""VTI"": 1, ""VWO"": 2}",0.03000000,tests/data/2026-08-24-net15,12M,TIP/1,best(BIL+IEF),0.00276629,0.00992279,0.00278045,0.00992385,53602.85602920,39500.00000000,14102.85602920,0.35703433,0.09657277,0.09836641,1.17795589,0.08100458,1.71730743,1.32614162,-0.07282236,43,2016,0.15446798,2015,0.02884862,670926.69221879,57.42862240,2.27612673,0.00145389,0.26612003,0.00000000,0.18302440,0.00000000,0.54807512,0.00000000
ROT SPY top1 12M can TIP/1 fb IEF,sens,sens_2013-01-02,2013-01-02,2017-12-29,false,true,"{""*"": 6, ""ACWX"": 3, ""AGG"": 1, ""BIL"": 1, ""BND"": 1.5, ""BTAL"": 6, ""DBC"": 3, ""DBMF"": 3, ""EEM"": 1, ""EFA"": 1, ""IEF"": 1, ""IWM"": 1, ""KMLM"": 6, ""LQD"": 1.5, ""QQQ"": 1, ""SCZ"": 5, ""SHY"": 1, ""SPY"": 0.7, ""TIP"": 2, ""TLT"": 1, ""TQQQ"": 1.5, ""VEA"": 1.5, ""VEU"": 2, ""VNQ"": 1.5, ""VTI"": 1, ""VWO"": 2}",0.03000000,tests/data/2026-08-24-net15,12M,TIP/1,IEF,0.00255529,0.00992279,0.00256784,0.00992385,54461.66700813,39500.00000000,14961.66700813,0.37877638,0.09982032,0.10354277,1.14886762,0.08599138,1.65888112,1.24703396,-0.08004619,461,2016,0.15449846,2015,0.02889242,641181.93394967,54.32088214,2.16167873,0.00137521,,,0.44909312,0.00000000,0.54833904,0.00000000
ROT SPY top1 12M fb best(BIL+IEF),sens,sens_2013-01-02,2013-01-02,2017-12-29,false,true,"{""*"": 6, ""ACWX"": 3, ""AGG"": 1, ""BIL"": 1, ""BND"": 1.5, ""BTAL"": 6, ""DBC"": 3, ""DBMF"": 3, ""EEM"": 1, ""EFA"": 1, ""IEF"": 1, ""IWM"": 1, ""KMLM"": 6, ""LQD"": 1.5, ""QQQ"": 1, ""SCZ"": 5, ""SHY"": 1, ""SPY"": 0.7, ""TIP"": 2, ""TLT"": 1, ""TQQQ"": 1.5, ""VEA"": 1.5, ""VEU"": 2, ""VNQ"": 1.5, ""VTI"": 1, ""VWO"": 2}",0.03000000,tests/data/2026-08-24-net15,12M,,best(BIL+IEF),0.00314055,0.00992279,0.00314737,0.00992385,55155.51188086,39500.00000000,15655.51188086,0.39634207,0.11608673,0.10767009,1.02170142,0.11378305,1.43606090,0.60258856,-0.19264675,650,2013,0.28502201,2015,-0.07615341,287125.67162059,23.86731332,0.95074611,0.00060424,0.00000000,0.00000000,0.04995067,0.00000000,0.94690196,0.00000000
ROT SPY top1 12M fb IEF,sens,sens_2013-01-02,2013-01-02,2017-12-29,false,true,"{""*"": 6, ""ACWX"": 3, ""AGG"": 1, ""BIL"": 1, ""BND"": 1.5, ""BTAL"": 6, ""DBC"": 3, ""DBMF"": 3, ""EEM"": 1, ""EFA"": 1, ""IEF"": 1, ""IWM"": 1, ""KMLM"": 6, ""LQD"": 1.5, ""QQQ"": 1, ""SCZ"": 5, ""SHY"": 1, ""SPY"": 0.7, ""TIP"": 2, ""TLT"": 1, ""TQQQ"": 1.5, ""VEA"": 1.5, ""VEU"": 2, ""VNQ"": 1.5, ""VTI"": 1, ""VWO"": 2}",0.03000000,tests/data/2026-08-24-net15,12M,,IEF,0.00314055,0.00992279,0.00314737,0.00992385,55155.51188086,39500.00000000,15655.51188086,0.39634207,0.11608673,0.10767009,1.02170142,0.11378305,1.43606090,0.60258856,-0.19264675,650,2013,0.28502201,2015,-0.07615341,287125.67162059,23.86731332,0.95074611,0.00060424,,,0.04995067,0.00000000,0.94690196,0.00000000
SPY60/IEF40,sens,sens_2013-01-02,2013-01-02,2017-12-29,true,true,"{""*"": 6, ""ACWX"": 3, ""AGG"": 1, ""BIL"": 1, ""BND"": 1.5, ""BTAL"": 6, ""DBC"": 3, ""DBMF"": 3, ""EEM"": 1, ""EFA"": 1, ""IEF"": 1, ""IWM"": 1, ""KMLM"": 6, ""LQD"": 1.5, ""QQQ"": 1, ""SCZ"": 5, ""SHY"": 1, ""SPY"": 0.7, ""TIP"": 2, ""TLT"": 1, ""TQQQ"": 1.5, ""VEA"": 1.5, ""VEU"": 2, ""VNQ"": 1.5, ""VTI"": 1, ""VWO"": 2}",0.03000000,tests/data/2026-08-24-net15,,,,0.00568871,0.01334021,0.00401096,0.01160264,52302.69778808,39500.00000000,12802.69778808,0.32411893,0.09332609,0.09038211,1.38090444,0.06616135,2.00752602,1.35223660,-0.06901610,221,2013,0.13603031,2015,0.01354088,44177.30995697,3.75709131,0.14996089,0.00009512,,,0.39808820,0.39535535,0.59622146,0.58839736
SPY benchmark,sens,sens_2013-01-02,2013-01-02,2017-12-29,true,true,"{""*"": 6, ""ACWX"": 3, ""AGG"": 1, ""BIL"": 1, ""BND"": 1.5, ""BTAL"": 6, ""DBC"": 3, ""DBMF"": 3, ""EEM"": 1, ""EFA"": 1, ""IEF"": 1, ""IWM"": 1, ""KMLM"": 6, ""LQD"": 1.5, ""QQQ"": 1, ""SCZ"": 5, ""SHY"": 1, ""SPY"": 0.7, ""TIP"": 2, ""TLT"": 1, ""TQQQ"": 1.5, ""VEA"": 1.5, ""VEU"": 2, ""VNQ"": 1.5, ""VTI"": 1, ""VWO"": 2}",0.03000000,tests/data/2026-08-24-net15,,,,0.00314322,0.00992279,0.00314445,0.00992385,61163.43280000,39500.00000000,21663.43280000,0.54844134,0.14737859,0.14153726,1.22569506,0.11777550,1.75096677,1.11809139,-0.13181265,334,2013,0.28502201,2015,0.00915937,39506.85678004,2.76547997,0.12245344,0.00007001,,,,,0.99685555,0.99007615
ROT SPY top1 1-3-6-12U can TIP/1 fb best(BIL+IEF),sens,sens_2013-07-01,2013-07-01,2018-06-29,false,true,"{""*"": 6, ""ACWX"": 3, ""AGG"": 1, ""BIL"": 1, ""BND"": 1.5, ""BTAL"": 6, ""DBC"": 3, ""DBMF"": 3, ""EEM"": 1, ""EFA"": 1, ""IEF"": 1, ""IWM"": 1, ""KMLM"": 6, ""LQD"": 1.5, ""QQQ"": 1, ""SCZ"": 5, ""SHY"": 1, ""SPY"": 0.7, ""TIP"": 2, ""TLT"": 1, ""TQQQ"": 1.5, ""VEA"": 1.5, ""VEU"": 2, ""VNQ"": 1.5, ""VTI"": 1, ""VWO"": 2}",0.03000000,tests/data/2026-08-24-net15,1-3-6-12U,TIP/1,best(BIL+IEF),0.00270397,0.00817832,0.00273304,0.00817890,51554.47823946,39500.00000000,12054.47823946,0.30517666,0.07536419,0.08569500,0.91565511,0.08311006,1.27894072,0.74697188,-0.10089295,,2017,0.13951686,2013,-0.00083836,1272848.86100136,110.52438142,4.46371302,0.00279809,0.28267433,0.00000000,0.19955770,0.00000000,0.51503493,0.00000000
ROT SPY top1 1-3-6-12U can TIP/1 fb IEF,sens,sens_2013-07-01,2013-07-01,2018-06-29,false,true,"{""*"": 6, ""ACWX"": 3, ""AGG"": 1, ""BIL"": 1, ""BND"": 1.5, ""BTAL"": 6, ""DBC"": 3, ""DBMF"": 3, ""EEM"": 1, ""EFA"": 1, ""IEF"": 1, ""IWM"": 1, ""KMLM"": 6, ""LQD"": 1.5, ""QQQ"": 1, ""SCZ"": 5, ""SHY"": 1, ""SPY"": 0.7, ""TIP"": 2, ""TLT"": 1, ""TQQQ"": 1.5, ""VEA"": 1.5, ""VEU"": 2, ""VNQ"": 1.5, ""VTI"": 1, ""VWO"": 2}",0.03000000,tests/data/2026-08-24-net15,1-3-6-12U,TIP/1,IEF,0.00269966,0.00692837,0.00272226,0.00693045,54361.74562285,39500.00000000,14861.74562285,0.37624672,0.09260840,0.10293260,1.05066475,0.08796552,1.47068873,0.91988056,-0.10067438,137,2017,0.15719280,2013,-0.02323885,1167745.12318435,99.39930475,3.97268595,0.00251644,,,0.48233449,0.00000000,0.51494325,0.00000000
ROT SPY top1 1-3-6-12U fb best(BIL+IEF),sens,sens_2013-07-01,2013-07-01,2018-06-29,false,true,"{""*"": 6, ""ACWX"": 3, ""AGG"": 1, ""BIL"": 1, ""BND"": 1.5, ""BTAL"": 6, ""DBC"": 3, ""DBMF"": 3, ""EEM"": 1, ""EFA"": 1, ""IEF"": 1, ""IWM"": 1, ""KMLM"": 6, ""LQD"": 1.5, ""QQQ"": 1, ""SCZ"": 5, ""SHY"": 1, ""SPY"": 0.7, ""TIP"": 2, ""TLT"": 1, ""TQQQ"": 1.5, ""VEA"": 1.5, ""VEU"": 2, ""VNQ"": 1.5, ""VTI"": 1, ""VWO"": 2}",0.03000000,tests/data/2026-08-24-net15,1-3-6-12U,,best(BIL+IEF),0.00323600,0.01213978,0.00324282,0.01214106,54157.60305167,39500.00000000,14657.60305167,0.37107856,0.10639840,0.10170719,0.92867104,0.11612466,1.29251041,0.67264076,-0.15818013,615,2017,0.21295707,2015,-0.03615759,253596.57340980,21.02677188,0.84615168,0.00053232,0.00000000,0.00000000,0.06655464,0.00000000,0.93020254,0.00000000
ROT SPY top1 1-3-6-12U fb IEF,sens,sens_2013-07-01,2013-07-01,2018-06-29,false,true,"{""*"": 6, ""ACWX"": 3, ""AGG"": 1, ""BIL"": 1, ""BND"": 1.5, ""BTAL"": 6, ""DBC"": 3, ""DBMF"": 3, ""EEM"": 1, ""EFA"": 1, ""IEF"": 1, ""IWM"": 1, ""KMLM"": 6, ""LQD"": 1.5, ""QQQ"": 1, ""SCZ"": 5, ""SHY"": 1, ""SPY"": 0.7, ""TIP"": 2, ""TLT"": 1, ""TQQQ"": 1.5, ""VEA"": 1.5, ""VEU"": 2, ""VNQ"": 1.5, ""VTI"": 1, ""VWO"": 2}",0.03000000,tests/data/2026-08-24-net15,1-3-6-12U,,IEF,0.00323600,0.01213978,0.00324282,0.01214106,54157.60305167,39500.00000000,14657.60305167,0.37107856,0.10639840,0.10170719,0.92867104,0.11612466,1.29251041,0.67264076,-0.15818013,615,2017,0.21295707,2015,-0.03615759,253596.57340980,21.02677188,0.84615168,0.00053232,,,0.06655464,0.00000000,0.93020254,0.00000000
ROT SPY top1 13612W can TIP/1 fb best(BIL+IEF),sens,sens_2013-07-01,2013-07-01,2018-06-29,false,true,"{""*"": 6, ""ACWX"": 3, ""AGG"": 1, ""BIL"": 1, ""BND"": 1.5, ""BTAL"": 6, ""DBC"": 3, ""DBMF"": 3, ""EEM"": 1, ""EFA"": 1, ""IEF"": 1, ""IWM"": 1, ""KMLM"": 6, ""LQD"": 1.5, ""QQQ"": 1, ""SCZ"": 5, ""SHY"": 1, ""SPY"": 0.7, ""TIP"": 2, ""TLT"": 1, ""TQQQ"": 1.5, ""VEA"": 1.5, ""VEU"": 2, ""VNQ"": 1.5, ""VTI"": 1, ""VWO"": 2}",0.03000000,tests/data/2026-08-24-net15,13612W,TIP/1,best(BIL+IEF),0.00237641,0.00815292,0.00241574,0.00823568,52252.93042788,39500.00000000,12752.93042788,0.32285900,0.08562542,0.09006352,1.23684479,0.06829238,1.79346503,1.53739322,-0.05569520,30,2017,0.14149669,2015,0.02664682,1411650.64936305,124.68007218,4.89524614,0.00315646,0.31606565,0.00000000,0.21612468,0.00000000,0.46539393,0.00000000
ROT SPY top1 13612W can TIP/1 fb IEF,sens,sens_2013-07-01,2013-07-01,2018-06-29,false,true,"{""*"": 6, ""ACWX"": 3, ""AGG"": 1, ""BIL"": 1, ""BND"": 1.5, ""BTAL"": 6, ""DBC"": 3, ""DBMF"": 3, ""EEM"": 1, ""EFA"": 1, ""IEF"": 1, ""IWM"": 1, ""KMLM"": 6, ""LQD"": 1.5, ""QQQ"": 1, ""SCZ"": 5, ""SHY"": 1, ""SPY"": 0.7, ""TIP"": 2, ""TLT"": 1, ""TQQQ"": 1.5, ""VEA"": 1.5, ""VEU"": 2, ""VNQ"": 1.5, ""VTI"": 1, ""VWO"": 2}",0.03000000,tests/data/2026-08-24-net15,13612W,TIP/1,IEF,0.00240065,0.00724365,0.00242863,0.00732652,52528.87214439,39500.00000000,13028.87214439,0.32984486,0.09161585,0.09177452,1.19267340,0.07589470,1.71401420,1.12434769,-0.08148355,290,2014,0.15399743,2013,0.01399587,1131860.10378775,96.38656372,3.83798141,0.00244017,,,0.53225086,0.00000000,0.46532050,0.00000000
ROT SPY top1 13612W fb best(BIL+IEF),sens,sens_2013-07-01,2013-07-01,2018-06-29,false,true,"{""*"": 6, ""ACWX"": 3, ""AGG"": 1, ""BIL"": 1, ""BND"": 1.5, ""BTAL"": 6, ""DBC"": 3, ""DBMF"": 3, ""EEM"": 1, ""EFA"": 1, ""IEF"": 1, ""IWM"": 1, ""KMLM"": 6, ""LQD"": 1.5, ""QQQ"": 1, ""SCZ"": 5, ""SHY"": 1, ""SPY"": 0.7, ""TIP"": 2, ""TLT"": 1, ""TQQQ"": 1.5, ""VEA"": 1.5, ""VEU"": 2, ""VNQ"": 1.5, ""VTI"": 1, ""VWO"": 2}",0.03000000,tests/data/2026-08-24-net15,13612W,,best(BIL+IEF),0.00343624,0.01213978,0.00345696,0.01214106,48711.81174995,39500.00000000,9211.81174995,0.23321042,0.06614524,0.06732818,0.63255392,0.11097923,0.87044764,0.30113442,-0.21965354,1008,2017,0.21292100,2015,-0.13028307,773246.66262378,65.27722347,2.83320415,0.00165259,0.04991315,0.00000000,0.09977066,0.00000000,0.84685923,0.00000000
ROT SPY top1 13612W fb IEF,sens,sens_2013-07-01,2013-07-01,2018-06-29,false,true,"{""*"": 6, ""ACWX"": 3, ""AGG"": 1, ""BIL"": 1, ""BND"": 1.5, ""BTAL"": 6, ""DBC"": 3, ""DBMF"": 3, ""EEM"": 1, ""EFA"": 1, ""IEF"": 1, ""IWM"": 1, ""KMLM"": 6, ""LQD"": 1.5, ""QQQ"": 1, ""SCZ"": 5, ""SHY"": 1, ""SPY"": 0.7, ""TIP"": 2, ""TLT"": 1, ""TQQQ"": 1.5, ""VEA"": 1.5, ""VEU"": 2, ""VNQ"": 1.5, ""VTI"": 1, ""VWO"": 2}",0.03000000,tests/data/2026-08-24-net15,13612W,,IEF,0.00370633,0.01213978,0.00372705,0.01214106,46853.98124998,39500.00000000,7353.98124998,0.18617674,0.05715139,0.05477619,0.55291248,0.11181428,0.75892647,0.27466586,-0.20807605,1058,2017,0.21287464,2015,-0.11730165,769379.71142912,64.94819997,2.85050597,0.00164426,,,0.14966351,0.00000000,0.84660944,0.00000000
ROT SPY top1 12M can TIP/1 fb best(BIL+IEF),sens,sens_2013-07-01,2013-07-01,2018-06-29,false,true,"{""*"": 6, ""ACWX"": 3, ""AGG"": 1, ""BIL"": 1, ""BND"": 1.5, ""BTAL"": 6, ""DBC"": 3, ""DBMF"": 3, ""EEM"": 1, ""EFA"": 1, ""IEF"": 1, ""IWM"": 1, ""KMLM"": 6, ""LQD"": 1.5, ""QQQ"": 1, ""SCZ"": 5, ""SHY"": 1, ""SPY"": 0.7, ""TIP"": 2, ""TLT"": 1, ""TQQQ"": 1.5, ""VEA"": 1.5, ""VEU"": 2, ""VNQ"": 1.5, ""VTI"": 1, ""VWO"": 2}",0.03000000,tests/data/2026-08-24-net15,12M,TIP/1,best(BIL+IEF),0.00304354,0.00763613,0.00306222,0.00763718,51912.95699897,39500.00000000,12412.95699897,0.31425208,0.07770369,0.08794394,0.90926023,0.08638967,1.27458075,0.77181631,-0.10067640,,2016,0.15457266,2013,-0.00083836,960744.56596366,82.24041678,3.32889219,0.00208204,0.28262079,0.00000000,0.18302719,0.00000000,0.53128981,0.00000000
ROT SPY top1 12M can TIP/1 fb IEF,sens,sens_2013-07-01,2013-07-01,2018-06-29,false,true,"{""*"": 6, ""ACWX"": 3, ""AGG"": 1, ""BIL"": 1, ""BND"": 1.5, ""BTAL"": 6, ""DBC"": 3, ""DBMF"": 3, ""EEM"": 1, ""EFA"": 1, ""IEF"": 1, ""IWM"": 1, ""KMLM"": 6, ""LQD"": 1.5, ""QQQ"": 1, ""SCZ"": 5, ""SHY"": 1, ""SPY"": 0.7, ""TIP"": 2, ""TLT"": 1, ""TQQQ"": 1.5, ""VEA"": 1.5, ""VEU"": 2, ""VNQ"": 1.5, ""VTI"": 1, ""VWO"": 2}",0.03000000,tests/data/2026-08-24-net15,12M,TIP/1,IEF,0.00275109,0.00692837,0.00276815,0.00693045,54031.50268788,39500.00000000,14531.50268788,0.36788614,0.09049359,0.10094811,0.99909472,0.09082236,1.40175453,0.89758373,-0.10081911,137,2016,0.15457178,2013,-0.02323885,955868.62160945,81.37674901,3.24556246,0.00206017,,,0.46562750,0.00000000,0.53160435,0.00000000
ROT SPY top1 12M fb best(BIL+IEF),sens,sens_2013-07-01,2013-07-01,2018-06-29,false,true,"{""*"": 6, ""ACWX"": 3, ""AGG"": 1, ""BIL"": 1, ""BND"": 1.5, ""BTAL"": 6, ""DBC"": 3, ""DBMF"": 3, ""EEM"": 1, ""EFA"": 1, ""IEF"": 1, ""IWM"": 1, ""KMLM"": 6, ""LQD"": 1.5, ""QQQ"": 1, ""SCZ"": 5, ""SHY"": 1, ""SPY"": 0.7, ""TIP"": 2, ""TLT"": 1, ""TQQQ"": 1.5, ""VEA"": 1.5, ""VEU"": 2, ""VNQ"": 1.5, ""VTI"": 1, ""VWO"": 2}",0.03000000,tests/data/2026-08-24-net15,12M,,best(BIL+IEF),0.00358910,0.01213978,0.00359592,0.01214106,52762.94897305,39500.00000000,13262.94897305,0.33577086,0.09724588,0.09321941,0.83815409,0.11918664,1.16129866,0.50587049,-0.19223474,650,2017,0.21310935,2015,-0.07571187,246583.32603679,20.42101062,0.84123710,0.00051699,0.00000000,0.00000000,0.04990133,0.00000000,0.94650275,0.00000000
ROT SPY top1 12M fb IEF,sens,sens_2013-07-01,2013-07-01,2018-06-29,false,true,"{""*"": 6, ""ACWX"": 3, ""AGG"": 1, ""BIL"": 1, ""BND"": 1.5, ""BTAL"": 6, ""DBC"": 3, ""DBMF"": 3, ""EEM"": 1, ""EFA"": 1, ""IEF"": 1, ""IWM"": 1, ""KMLM"": 6, ""LQD"": 1.5, ""QQQ"": 1, ""SCZ"": 5, ""SHY"": 1, ""SPY"": 0.7, ""TIP"": 2, ""TLT"": 1, ""TQQQ"": 1.5, ""VEA"": 1.5, ""VEU"": 2, ""VNQ"": 1.5, ""VTI"": 1, ""VWO"": 2}",0.03000000,tests/data/2026-08-24-net15,12M,,IEF,0.00358910,0.01213978,0.00359592,0.01214106,52762.94897305,39500.00000000,13262.94897305,0.33577086,0.09724588,0.09321941,0.83815409,0.11918664,1.16129866,0.50587049,-0.19223474,650,2017,0.21310935,2015,-0.07571187,246583.32603679,20.42101062,0.84123710,0.00051699,,,0.04990133,0.00000000,0.94650275,0.00000000
SPY60/IEF40,sens,sens_2013-07-01,2013-07-01,2018-06-29,true,true,"{""*"": 6, ""ACWX"": 3, ""AGG"": 1, ""BIL"": 1, ""BND"": 1.5, ""BTAL"": 6, ""DBC"": 3, ""DBMF"": 3, ""EEM"": 1, ""EFA"": 1, ""IEF"": 1, ""IWM"": 1, ""KMLM"": 6, ""LQD"": 1.5, ""QQQ"": 1, ""SCZ"": 5, ""SHY"": 1, ""SPY"": 0.7, ""TIP"": 2, ""TLT"": 1, ""TQQQ"": 1.5, ""VEA"": 1.5, ""VEU"": 2, ""VNQ"": 1.5, ""VTI"": 1, ""VWO"": 2}",0.03000000,tests/data/2026-08-24-net15,,,,0.00535788,0.01453730,0.00382755,0.01145920,50369.29698985,39500.00000000,10869.29698985,0.27517208,0.08356423,0.07815487,1.19761911,0.06898113,1.71567276,1.20509979,-0.06934217,221,2017,0.13332706,2018,0.00643710,44708.58532810,3.79212322,0.15293158,0.00009600,,,0.39811115,0.39345358,0.59652933,0.58854080
SPY benchmark,sens,sens_2013-07-01,2013-07-01,2018-06-29,true,true,"{""*"": 6, ""ACWX"": 3, ""AGG"": 1, ""BIL"": 1, ""BND"": 1.5, ""BTAL"": 6, ""DBC"": 3, ""DBMF"": 3, ""EEM"": 1, ""EFA"": 1, ""IEF"": 1, ""IWM"": 1, ""KMLM"": 6, ""LQD"": 1.5, ""QQQ"": 1, ""SCZ"": 5, ""SHY"": 1, ""SPY"": 0.7, ""TIP"": 2, ""TLT"": 1, ""TQQQ"": 1.5, ""VEA"": 1.5, ""VEU"": 2, ""VNQ"": 1.5, ""VTI"": 1, ""VWO"": 2}",0.03000000,tests/data/2026-08-24-net15,,,,0.00344694,0.01213978,0.00344818,0.01214106,57921.95517086,39500.00000000,18421.95517086,0.46637861,0.12799897,0.12364834,1.04060687,0.12300370,1.46423206,0.97389929,-0.13142937,334,2017,0.21317293,2015,0.00946473,39318.89011424,2.75232231,0.12462465,0.00006968,,,,,0.99655182,0.98785894
ROT SPY top1 1-3-6-12U can TIP/1 fb best(BIL+IEF),sens,sens_2014-01-02,2014-01-02,2018-12-31,false,true,"{""*"": 6, ""ACWX"": 3, ""AGG"": 1, ""BIL"": 1, ""BND"": 1.5, ""BTAL"": 6, ""DBC"": 3, ""DBMF"": 3, ""EEM"": 1, ""EFA"": 1, ""IEF"": 1, ""IWM"": 1, ""KMLM"": 6, ""LQD"": 1.5, ""QQQ"": 1, ""SCZ"": 5, ""SHY"": 1, ""SPY"": 0.7, ""TIP"": 2, ""TLT"": 1, ""TQQQ"": 1.5, ""VEA"": 1.5, ""VEU"": 2, ""VNQ"": 1.5, ""VTI"": 1, ""VWO"": 2}",0.03000000,tests/data/2026-08-24-net15,1-3-6-12U,TIP/1,best(BIL+IEF),0.00261017,0.01021542,0.00264049,0.01021614,54098.42039496,39500.00000000,14598.42039496,0.36958026,0.09222234,0.10120338,1.08619424,0.08462639,1.52879132,0.91634272,-0.10064175,180,2017,0.13917519,2015,0.01331783,1240503.87512472,107.35027050,4.21116564,0.00271773,0.23294066,0.00000000,0.19950879,0.00000000,0.56491007,0.00000000
ROT SPY top1 1-3-6-12U can TIP/1 fb IEF,sens,sens_2014-01-02,2014-01-02,2018-12-31,false,true,"{""*"": 6, ""ACWX"": 3, ""AGG"": 1, ""BIL"": 1, ""BND"": 1.5, ""BTAL"": 6, ""DBC"": 3, ""DBMF"": 3, ""EEM"": 1, ""EFA"": 1, ""IEF"": 1, ""IWM"": 1, ""KMLM"": 6, ""LQD"": 1.5, ""QQQ"": 1, ""SCZ"": 5, ""SHY"": 1, ""SPY"": 0.7, ""TIP"": 2, ""TLT"": 1, ""TQQQ"": 1.5, ""VEA"": 1.5, ""VEU"": 2, ""VNQ"": 1.5, ""VTI"": 1, ""VWO"": 2}",0.03000000,tests/data/2026-08-24-net15,1-3-6-12U,TIP/1,IEF,0.00293924,0.00845147,0.00296312,0.00853458,58923.78997105,39500.00000000,19423.78997105,0.49174152,0.12125360,0.12908221,1.35492597,0.08740998,1.91753336,1.20188940,-0.10088582,137,2018,0.17046603,2015,0.02884720,1166876.93842680,99.27986987,3.80175134,0.00251341,,,0.43240732,0.00000000,0.56462956,0.00000000
ROT SPY top1 1-3-6-12U fb best(BIL+IEF),sens,sens_2014-01-02,2014-01-02,2018-12-31,false,true,"{""*"": 6, ""ACWX"": 3, ""AGG"": 1, ""BIL"": 1, ""BND"": 1.5, ""BTAL"": 6, ""DBC"": 3, ""DBMF"": 3, ""EEM"": 1, ""EFA"": 1, ""IEF"": 1, ""IWM"": 1, ""KMLM"": 6, ""LQD"": 1.5, ""QQQ"": 1, ""SCZ"": 5, ""SHY"": 1, ""SPY"": 0.7, ""TIP"": 2, ""TLT"": 1, ""TQQQ"": 1.5, ""VEA"": 1.5, ""VEU"": 2, ""VNQ"": 1.5, ""VTI"": 1, ""VWO"": 2}",0.03000000,tests/data/2026-08-24-net15,1-3-6-12U,,best(BIL+IEF),0.00374205,0.01274792,0.00375169,0.01274938,46049.57371272,39500.00000000,6549.57371272,0.16581199,0.05798297,0.04912126,0.52175155,0.12259600,0.71118718,0.27906400,-0.20777660,,2017,0.21287864,2018,-0.06407591,411944.14112513,34.50575050,1.42415583,0.00087356,0.01663985,0.00000000,0.06649736,0.00000000,0.91311111,0.00000000
ROT SPY top1 1-3-6-12U fb IEF,sens,sens_2014-01-02,2014-01-02,2018-12-31,false,true,"{""*"": 6, ""ACWX"": 3, ""AGG"": 1, ""BIL"": 1, ""BND"": 1.5, ""BTAL"": 6, ""DBC"": 3, ""DBMF"": 3, ""EEM"": 1, ""EFA"": 1, ""IEF"": 1, ""IWM"": 1, ""KMLM"": 6, ""LQD"": 1.5, ""QQQ"": 1, ""SCZ"": 5, ""SHY"": 1, ""SPY"": 0.7, ""TIP"": 2, ""TLT"": 1, ""TQQQ"": 1.5, ""VEA"": 1.5, ""VEU"": 2, ""VNQ"": 1.5, ""VTI"": 1, ""VWO"": 2}",0.03000000,tests/data/2026-08-24-net15,1-3-6-12U,,IEF,0.00375425,0.01274792,0.00376389,0.01274938,46572.22703520,39500.00000000,7072.22703520,0.17904372,0.06040021,0.05275180,0.54022013,0.12264680,0.73644843,0.30409815,-0.19862079,,2017,0.21287864,2018,-0.05334841,413066.80911986,34.60304646,1.42754470,0.00087603,,,0.08314666,0.00000000,0.91308946,0.00000000
ROT SPY top1 13612W can TIP/1 fb best(BIL+IEF),sens,sens_2014-01-02,2014-01-02,2018-12-31,false,true,"{""*"": 6, ""ACWX"": 3, ""AGG"": 1, ""BIL"": 1, ""BND"": 1.5, ""BTAL"": 6, ""DBC"": 3, ""DBMF"": 3, ""EEM"": 1, ""EFA"": 1, ""IEF"": 1, ""IWM"": 1, ""KMLM"": 6, ""LQD"": 1.5, ""QQQ"": 1, ""SCZ"": 5, ""SHY"": 1, ""SPY"": 0.7, ""TIP"": 2, ""TLT"": 1, ""TQQQ"": 1.5, ""VEA"": 1.5, ""VEU"": 2, ""VNQ"": 1.5, ""VTI"": 1, ""VWO"": 2}",0.03000000,tests/data/2026-08-24-net15,13612W,TIP/1,best(BIL+IEF),0.00266474,0.01146262,0.00270542,0.01154478,53947.87051082,39500.00000000,14447.87051082,0.36576887,0.09367946,0.10029724,1.36839242,0.06717752,1.98456899,1.68446651,-0.05561373,30,2018,0.14527424,2015,0.02665676,1562608.30778572,138.00827686,5.35446929,0.00349388,0.29949706,0.00000000,0.21616244,0.00000000,0.48163507,0.00000000
ROT SPY top1 13612W can TIP/1 fb IEF,sens,sens_2014-01-02,2014-01-02,2018-12-31,false,true,"{""*"": 6, ""ACWX"": 3, ""AGG"": 1, ""BIL"": 1, ""BND"": 1.5, ""BTAL"": 6, ""DBC"": 3, ""DBMF"": 3, ""EEM"": 1, ""EFA"": 1, ""IEF"": 1, ""IWM"": 1, ""KMLM"": 6, ""LQD"": 1.5, ""QQQ"": 1, ""SCZ"": 5, ""SHY"": 1, ""SPY"": 0.7, ""TIP"": 2, ""TLT"": 1, ""TQQQ"": 1.5, ""VEA"": 1.5, ""VEU"": 2, ""VNQ"": 1.5, ""VTI"": 1, ""VWO"": 2}",0.03000000,tests/data/2026-08-24-net15,13612W,TIP/1,IEF,0.00289084,0.01151383,0.00292018,0.01151511,55148.93955412,39500.00000000,15648.93955412,0.39617568,0.10684494,0.10746235,1.42799884,0.07305440,2.06404593,1.31071245,-0.08151669,290,2018,0.15582293,2016,0.04423536,1254731.19713975,106.81573310,4.19033488,0.00270420,,,0.51564609,0.00000000,0.48143373,0.00000000
ROT SPY top1 13612W fb best(BIL+IEF),sens,sens_2014-01-02,2014-01-02,2018-12-31,false,true,"{""*"": 6, ""ACWX"": 3, ""AGG"": 1, ""BIL"": 1, ""BND"": 1.5, ""BTAL"": 6, ""DBC"": 3, ""DBMF"": 3, ""EEM"": 1, ""EFA"": 1, ""IEF"": 1, ""IWM"": 1, ""KMLM"": 6, ""LQD"": 1.5, ""QQQ"": 1, ""SCZ"": 5, ""SHY"": 1, ""SPY"": 0.7, ""TIP"": 2, ""TLT"": 1, ""TQQQ"": 1.5, ""VEA"": 1.5, ""VEU"": 2, ""VNQ"": 1.5, ""VTI"": 1, ""VWO"": 2}",0.03000000,tests/data/2026-08-24-net15,13612W,,best(BIL+IEF),0.00386897,0.00956165,0.00389243,0.00956235,42084.94048111,39500.00000000,2584.94048111,0.06544153,0.01944506,0.02024686,0.22269823,0.11779749,0.29992641,0.08862758,-0.21940190,1008,2017,0.21268882,2015,-0.13020832,824634.57232323,69.66790878,3.12237627,0.00176374,0.06657600,0.00000000,0.09978861,0.00000000,0.82974296,0.00000000
ROT SPY top1 13612W fb IEF,sens,sens_2014-01-02,2014-01-02,2018-12-31,false,true,"{""*"": 6, ""ACWX"": 3, ""AGG"": 1, ""BIL"": 1, ""BND"": 1.5, ""BTAL"": 6, ""DBC"": 3, ""DBMF"": 3, ""EEM"": 1, ""EFA"": 1, ""IEF"": 1, ""IWM"": 1, ""KMLM"": 6, ""LQD"": 1.5, ""QQQ"": 1, ""SCZ"": 5, ""SHY"": 1, ""SPY"": 0.7, ""TIP"": 2, ""TLT"": 1, ""TQQQ"": 1.5, ""VEA"": 1.5, ""VEU"": 2, ""VNQ"": 1.5, ""VTI"": 1, ""VWO"": 2}",0.03000000,tests/data/2026-08-24-net15,13612W,,IEF,0.00398954,0.00956165,0.00401300,0.00956235,41062.24188032,39500.00000000,1562.24188032,0.03955043,0.01314125,0.01238160,0.16959365,0.11868173,0.22799710,0.06305374,-0.20841345,1058,2017,0.21292501,2015,-0.11756432,815628.43291230,68.89355213,3.13940170,0.00174414,,,0.16627545,0.00000000,0.82971154,0.00000000
ROT SPY top1 12M can TIP/1 fb best(BIL+IEF),sens,sens_2014-01-02,2014-01-02,2018-12-31,false,true,"{""*"": 6, ""ACWX"": 3, ""AGG"": 1, ""BIL"": 1, ""BND"": 1.5, ""BTAL"": 6, ""DBC"": 3, ""DBMF"": 3, ""EEM"": 1, ""EFA"": 1, ""IEF"": 1, ""IWM"": 1, ""KMLM"": 6, ""LQD"": 1.5, ""QQQ"": 1, ""SCZ"": 5, ""SHY"": 1, ""SPY"": 0.7, ""TIP"": 2, ""TLT"": 1, ""TQQQ"": 1.5, ""VEA"": 1.5, ""VEU"": 2, ""VNQ"": 1.5, ""VTI"": 1, ""VWO"": 2}",0.03000000,tests/data/2026-08-24-net15,12M,TIP/1,best(BIL+IEF),0.00309411,0.00961550,0.00311409,0.00961619,54449.87492518,39500.00000000,14949.87492518,0.37847785,0.09468215,0.10330972,1.07447271,0.08790992,1.51650155,0.93757452,-0.10098626,180,2016,0.15453605,2015,0.02890432,973807.82994943,83.20412900,3.26623233,0.00210643,0.23289845,0.00000000,0.18291142,0.00000000,0.58107604,0.00000000
ROT SPY top1 12M can TIP/1 fb IEF,sens,sens_2014-01-02,2014-01-02,2018-12-31,false,true,"{""*"": 6, ""ACWX"": 3, ""AGG"": 1, ""BIL"": 1, ""BND"": 1.5, ""BTAL"": 6, ""DBC"": 3, ""DBMF"": 3, ""EEM"": 1, ""EFA"": 1, ""IEF"": 1, ""IWM"": 1, ""KMLM"": 6, ""LQD"": 1.5, ""QQQ"": 1, ""SCZ"": 5, ""SHY"": 1, ""SPY"": 0.7, ""TIP"": 2, ""TLT"": 1, ""TQQQ"": 1.5, ""VEA"": 1.5, ""VEU"": 2, ""VNQ"": 1.5, ""VTI"": 1, ""VWO"": 2}",0.03000000,tests/data/2026-08-24-net15,12M,TIP/1,IEF,0.00313184,0.01143240,0.00315020,0.01143364,58594.46181477,39500.00000000,19094.46181477,0.48340410,0.11900691,0.12724745,1.29260940,0.09026596,1.83215799,1.17851855,-0.10098009,137,2018,0.17053657,2015,0.02883909,980690.22526531,83.43860876,3.19166940,0.00211237,,,0.41577778,0.00000000,0.58107201,0.00000000
ROT SPY top1 12M fb best(BIL+IEF),sens,sens_2014-01-02,2014-01-02,2018-12-31,false,true,"{""*"": 6, ""ACWX"": 3, ""AGG"": 1, ""BIL"": 1, ""BND"": 1.5, ""BTAL"": 6, ""DBC"": 3, ""DBMF"": 3, ""EEM"": 1, ""EFA"": 1, ""IEF"": 1, ""IWM"": 1, ""KMLM"": 6, ""LQD"": 1.5, ""QQQ"": 1, ""SCZ"": 5, ""SHY"": 1, ""SPY"": 0.7, ""TIP"": 2, ""TLT"": 1, ""TQQQ"": 1.5, ""VEA"": 1.5, ""VEU"": 2, ""VNQ"": 1.5, ""VTI"": 1, ""VWO"": 2}",0.03000000,tests/data/2026-08-24-net15,12M,,best(BIL+IEF),0.00368832,0.01274792,0.00369516,0.01274938,45754.74501490,39500.00000000,6254.74501490,0.15834798,0.05263059,0.04705618,0.46555783,0.12791786,0.63471749,0.27054767,-0.19453352,,2017,0.21279570,2015,-0.07621602,208504.39886888,17.17890512,0.73704324,0.00043491,0.00000000,0.00000000,0.04990192,0.00000000,0.94640292,0.00000000
ROT SPY top1 12M fb IEF,sens,sens_2014-01-02,2014-01-02,2018-12-31,false,true,"{""*"": 6, ""ACWX"": 3, ""AGG"": 1, ""BIL"": 1, ""BND"": 1.5, ""BTAL"": 6, ""DBC"": 3, ""DBMF"": 3, ""EEM"": 1, ""EFA"": 1, ""IEF"": 1, ""IWM"": 1, ""KMLM"": 6, ""LQD"": 1.5, ""QQQ"": 1, ""SCZ"": 5, ""SHY"": 1, ""SPY"": 0.7, ""TIP"": 2, ""TLT"": 1, ""TQQQ"": 1.5, ""VEA"": 1.5, ""VEU"": 2, ""VNQ"": 1.5, ""VTI"": 1, ""VWO"": 2}",0.03000000,tests/data/2026-08-24-net15,12M,,IEF,0.00368832,0.01274792,0.00369516,0.01274938,45754.74501490,39500.00000000,6254.74501490,0.15834798,0.05263059,0.04705618,0.46555783,0.12791786,0.63471749,0.27054767,-0.19453352,,2017,0.21279570,2015,-0.07621602,208504.39886888,17.17890512,0.73704324,0.00043491,,,0.04990192,0.00000000,0.94640292,0.00000000
SPY60/IEF40,sens,sens_2014-01-02,2014-01-02,2018-12-31,true,true,"{""*"": 6, ""ACWX"": 3, ""AGG"": 1, ""BIL"": 1, ""BND"": 1.5, ""BTAL"": 6, ""DBC"": 3, ""DBMF"": 3, ""EEM"": 1, ""EFA"": 1, ""IEF"": 1, ""IWM"": 1, ""KMLM"": 6, ""LQD"": 1.5, ""QQQ"": 1, ""SCZ"": 5, ""SHY"": 1, ""SPY"": 0.7, ""TIP"": 2, ""TLT"": 1, ""TQQQ"": 1.5, ""VEA"": 1.5, ""VEU"": 2, ""VNQ"": 1.5, ""VTI"": 1, ""VWO"": 2}",0.03000000,tests/data/2026-08-24-net15,,,,0.00501164,0.01281554,0.00370978,0.01166635,46584.77262155,39500.00000000,7084.77262155,0.17936133,0.06164800,0.05283848,0.85964345,0.07275818,1.20584865,0.57867453,-0.10653312,,2017,0.13354450,2018,-0.02267269,44001.63139709,3.72864477,0.15322877,0.00009440,,,0.39837301,0.39266695,0.59661371,0.58833365
SPY benchmark,sens,sens_2014-01-02,2014-01-02,2018-12-31,true,true,"{""*"": 6, ""ACWX"": 3, ""AGG"": 1, ""BIL"": 1, ""BND"": 1.5, ""BTAL"": 6, ""DBC"": 3, ""DBMF"": 3, ""EEM"": 1, ""EFA"": 1, ""IEF"": 1, ""IWM"": 1, ""KMLM"": 6, ""LQD"": 1.5, ""QQQ"": 1, ""SCZ"": 5, ""SHY"": 1, ""SPY"": 0.7, ""TIP"": 2, ""TLT"": 1, ""TQQQ"": 1.5, ""VEA"": 1.5, ""VEU"": 2, ""VNQ"": 1.5, ""VTI"": 1, ""VWO"": 2}",0.03000000,tests/data/2026-08-24-net15,,,,0.00357927,0.01274792,0.00358054,0.01274938,49679.27217938,39500.00000000,10179.27217938,0.25770309,0.08220971,0.07357867,0.66753711,0.13147456,0.92319326,0.42301641,-0.19434166,,2017,0.21302903,2018,-0.04831209,39393.31924028,2.75753235,0.12894650,0.00006981,,,,,0.99641946,0.98725062
ROT SPY top1 1-3-6-12U can TIP/1 fb best(BIL+IEF),sens,sens_2014-07-01,2014-07-01,2019-07-01,false,true,"{""*"": 6, ""ACWX"": 3, ""AGG"": 1, ""BIL"": 1, ""BND"": 1.5, ""BTAL"": 6, ""DBC"": 3, ""DBMF"": 3, ""EEM"": 1, ""EFA"": 1, ""IEF"": 1, ""IWM"": 1, ""KMLM"": 6, ""LQD"": 1.5, ""QQQ"": 1, ""SCZ"": 5, ""SHY"": 1, ""SPY"": 0.7, ""TIP"": 2, ""TLT"": 1, ""TQQQ"": 1.5, ""VEA"": 1.5, ""VEU"": 2, ""VNQ"": 1.5, ""VTI"": 1, ""VWO"": 2}",0.03000000,tests/data/2026-08-24-net15,1-3-6-12U,TIP/1,best(BIL+IEF),0.00296187,0.00992048,0.00299262,0.00992129,55151.06523485,40000.00000000,15151.06523485,0.37877663,0.09792742,0.10449228,1.09829534,0.08880097,1.53831213,0.97419250,-0.10052163,180,2017,0.13926135,2015,0.01316749,1446908.29633166,125.21474384,4.81817002,0.00313037,0.18007975,0.00000000,0.19628259,0.00000000,0.62064504,0.00000000
ROT SPY top1 1-3-6-12U can TIP/1 fb IEF,sens,sens_2014-07-01,2014-07-01,2019-07-01,false,true,"{""*"": 6, ""ACWX"": 3, ""AGG"": 1, ""BIL"": 1, ""BND"": 1.5, ""BTAL"": 6, ""DBC"": 3, ""DBMF"": 3, ""EEM"": 1, ""EFA"": 1, ""IEF"": 1, ""IWM"": 1, ""KMLM"": 6, ""LQD"": 1.5, ""QQQ"": 1, ""SCZ"": 5, ""SHY"": 1, ""SPY"": 0.7, ""TIP"": 2, ""TLT"": 1, ""TQQQ"": 1.5, ""VEA"": 1.5, ""VEU"": 2, ""VNQ"": 1.5, ""VTI"": 1, ""VWO"": 2}",0.03000000,tests/data/2026-08-24-net15,1-3-6-12U,TIP/1,IEF,0.00287329,0.00992048,0.00289925,0.00992129,58744.67296694,40000.00000000,18744.67296694,0.46861682,0.11543613,0.12526508,1.24918677,0.09091552,1.75436239,1.14500749,-0.10081692,137,2018,0.17021024,2015,0.02870872,1326036.68612167,112.47720636,4.29729106,0.00281193,,,0.37639644,0.00000000,0.62070431,0.00000000
ROT SPY top1 1-3-6-12U fb best(BIL+IEF),sens,sens_2014-07-01,2014-07-01,2019-07-01,false,true,"{""*"": 6, ""ACWX"": 3, ""AGG"": 1, ""BIL"": 1, ""BND"": 1.5, ""BTAL"": 6, ""DBC"": 3, ""DBMF"": 3, ""EEM"": 1, ""EFA"": 1, ""IEF"": 1, ""IWM"": 1, ""KMLM"": 6, ""LQD"": 1.5, ""QQQ"": 1, ""SCZ"": 5, ""SHY"": 1, ""SPY"": 0.7, ""TIP"": 2, ""TLT"": 1, ""TQQQ"": 1.5, ""VEA"": 1.5, ""VEU"": 2, ""VNQ"": 1.5, ""VTI"": 1, ""VWO"": 2}",0.03000000,tests/data/2026-08-24-net15,1-3-6-12U,,best(BIL+IEF),0.00391334,0.01128197,0.00392832,0.01128286,46816.93542412,40000.00000000,6816.93542412,0.17042339,0.05134976,0.05097701,0.47321192,0.12164891,0.64503610,0.24768628,-0.20731776,,2017,0.21273865,2018,-0.06379485,705748.14421200,59.51129107,2.50683623,0.00148778,0.01637851,0.00000000,0.09817086,0.00000000,0.88152231,0.00000000
ROT SPY top1 1-3-6-12U fb IEF,sens,sens_2014-07-01,2014-07-01,2019-07-01,false,true,"{""*"": 6, ""ACWX"": 3, ""AGG"": 1, ""BIL"": 1, ""BND"": 1.5, ""BTAL"": 6, ""DBC"": 3, ""DBMF"": 3, ""EEM"": 1, ""EFA"": 1, ""IEF"": 1, ""IWM"": 1, ""KMLM"": 6, ""LQD"": 1.5, ""QQQ"": 1, ""SCZ"": 5, ""SHY"": 1, ""SPY"": 0.7, ""TIP"": 2, ""TLT"": 1, ""TQQQ"": 1.5, ""VEA"": 1.5, ""VEU"": 2, ""VNQ"": 1.5, ""VTI"": 1, ""VWO"": 2}",0.03000000,tests/data/2026-08-24-net15,1-3-6-12U,,IEF,0.00372932,0.01128197,0.00374431,0.01128286,47279.47745893,40000.00000000,7279.47745893,0.18198694,0.05361410,0.05417409,0.49049565,0.12179116,0.66866203,0.26929855,-0.19908797,,2017,0.21273865,2018,-0.05370668,710961.78668276,59.94380621,2.52050447,0.00149860,,,0.11454189,0.00000000,0.88171380,0.00000000
ROT SPY top1 13612W can TIP/1 fb best(BIL+IEF),sens,sens_2014-07-01,2014-07-01,2019-07-01,false,true,"{""*"": 6, ""ACWX"": 3, ""AGG"": 1, ""BIL"": 1, ""BND"": 1.5, ""BTAL"": 6, ""DBC"": 3, ""DBMF"": 3, ""EEM"": 1, ""EFA"": 1, ""IEF"": 1, ""IWM"": 1, ""KMLM"": 6, ""LQD"": 1.5, ""QQQ"": 1, ""SCZ"": 5, ""SHY"": 1, ""SPY"": 0.7, ""TIP"": 2, ""TLT"": 1, ""TQQQ"": 1.5, ""VEA"": 1.5, ""VEU"": 2, ""VNQ"": 1.5, ""VTI"": 1, ""VWO"": 2}",0.03000000,tests/data/2026-08-24-net15,13612W,TIP/1,best(BIL+IEF),0.00278983,0.00779437,0.00282809,0.00787694,54388.46652019,40000.00000000,14388.46652019,0.35971166,0.08995597,0.09992262,1.25443760,0.07077699,1.78633419,1.40490434,-0.06402996,,2018,0.14544967,2015,0.02646187,1579755.78728543,138.10031009,5.40367720,0.00345251,0.27822880,0.00000000,0.21260118,0.00000000,0.50634193,0.00000000
ROT SPY top1 13612W can TIP/1 fb IEF,sens,sens_2014-07-01,2014-07-01,2019-07-01,false,true,"{""*"": 6, ""ACWX"": 3, ""AGG"": 1, ""BIL"": 1, ""BND"": 1.5, ""BTAL"": 6, ""DBC"": 3, ""DBMF"": 3, ""EEM"": 1, ""EFA"": 1, ""IEF"": 1, ""IWM"": 1, ""KMLM"": 6, ""LQD"": 1.5, ""QQQ"": 1, ""SCZ"": 5, ""SHY"": 1, ""SPY"": 0.7, ""TIP"": 2, ""TLT"": 1, ""TQQQ"": 1.5, ""VEA"": 1.5, ""VEU"": 2, ""VNQ"": 1.5, ""VTI"": 1, ""VWO"": 2}",0.03000000,tests/data/2026-08-24-net15,13612W,TIP/1,IEF,0.00277344,0.00809366,0.00280214,0.00817604,54977.79057339,40000.00000000,14977.79057339,0.37444476,0.09723559,0.10345918,1.25953970,0.07609500,1.78808887,1.19449351,-0.08140320,290,2018,0.15569604,2016,0.04431860,1328726.66893237,112.81359539,4.48839828,0.00282034,,,0.49092650,0.00000000,0.50627137,0.00000000
ROT SPY top1 13612W fb best(BIL+IEF),sens,sens_2014-07-01,2014-07-01,2019-07-01,false,true,"{""*"": 6, ""ACWX"": 3, ""AGG"": 1, ""BIL"": 1, ""BND"": 1.5, ""BTAL"": 6, ""DBC"": 3, ""DBMF"": 3, ""EEM"": 1, ""EFA"": 1, ""IEF"": 1, ""IWM"": 1, ""KMLM"": 6, ""LQD"": 1.5, ""QQQ"": 1, ""SCZ"": 5, ""SHY"": 1, ""SPY"": 0.7, ""TIP"": 2, ""TLT"": 1, ""TQQQ"": 1.5, ""VEA"": 1.5, ""VEU"": 2, ""VNQ"": 1.5, ""VTI"": 1, ""VWO"": 2}",0.03000000,tests/data/2026-08-24-net15,13612W,,best(BIL+IEF),0.00374428,0.01128197,0.00377012,0.01128286,43868.31651817,40000.00000000,3868.31651817,0.09670791,0.02159909,0.02986161,0.24066115,0.11783043,0.32441065,0.09852493,-0.21922466,1008,2017,0.21268472,2015,-0.12974844,1009901.79864796,85.42644199,3.85182027,0.00213566,0.06543574,0.00000000,0.11442534,0.00000000,0.81636880,0.00000000
ROT SPY top1 13612W fb IEF,sens,sens_2014-07-01,2014-07-01,2019-07-01,false,true,"{""*"": 6, ""ACWX"": 3, ""AGG"": 1, ""BIL"": 1, ""BND"": 1.5, ""BTAL"": 6, ""DBC"": 3, ""DBMF"": 3, ""EEM"": 1, ""EFA"": 1, ""IEF"": 1, ""IWM"": 1, ""KMLM"": 6, ""LQD"": 1.5, ""QQQ"": 1, ""SCZ"": 5, ""SHY"": 1, ""SPY"": 0.7, ""TIP"": 2, ""TLT"": 1, ""TQQQ"": 1.5, ""VEA"": 1.5, ""VEU"": 2, ""VNQ"": 1.5, ""VTI"": 1, ""VWO"": 2}",0.03000000,tests/data/2026-08-24-net15,13612W,,IEF,0.00361254,0.01128197,0.00363839,0.01128286,42905.74908480,40000.00000000,2905.74908480,0.07264373,0.01534922,0.02267459,0.18804472,0.11860247,0.25306361,0.07406703,-0.20723418,1045,2017,0.21293703,2015,-0.11659962,994538.57813948,84.12273004,3.86290437,0.00210307,,,0.17987039,0.00000000,0.81649122,0.00000000
ROT SPY top1 12M can TIP/1 fb best(BIL+IEF),sens,sens_2014-07-01,2014-07-01,2019-07-01,false,true,"{""*"": 6, ""ACWX"": 3, ""AGG"": 1, ""BIL"": 1, ""BND"": 1.5, ""BTAL"": 6, ""DBC"": 3, ""DBMF"": 3, ""EEM"": 1, ""EFA"": 1, ""IEF"": 1, ""IWM"": 1, ""KMLM"": 6, ""LQD"": 1.5, ""QQQ"": 1, ""SCZ"": 5, ""SHY"": 1, ""SPY"": 0.7, ""TIP"": 2, ""TLT"": 1, ""TQQQ"": 1.5, ""VEA"": 1.5, ""VEU"": 2, ""VNQ"": 1.5, ""VTI"": 1, ""VWO"": 2}",0.03000000,tests/data/2026-08-24-net15,12M,TIP/1,best(BIL+IEF),0.00297051,0.01128197,0.00298994,0.01128286,56556.95232147,40000.00000000,16556.95232147,0.41392381,0.10751684,0.11276460,1.14793090,0.09287240,1.62107046,1.06491520,-0.10096282,180,2016,0.15435209,2015,0.02888008,1035005.81497685,89.20230754,3.39387052,0.00223006,0.16374410,0.00000000,0.17994047,0.00000000,0.65332549,0.00000000
ROT SPY top1 12M can TIP/1 fb IEF,sens,sens_2014-07-01,2014-07-01,2019-07-01,false,true,"{""*"": 6, ""ACWX"": 3, ""AGG"": 1, ""BIL"": 1, ""BND"": 1.5, ""BTAL"": 6, ""DBC"": 3, ""DBMF"": 3, ""EEM"": 1, ""EFA"": 1, ""IEF"": 1, ""IWM"": 1, ""KMLM"": 6, ""LQD"": 1.5, ""QQQ"": 1, ""SCZ"": 5, ""SHY"": 1, ""SPY"": 0.7, ""TIP"": 2, ""TLT"": 1, ""TQQQ"": 1.5, ""VEA"": 1.5, ""VEU"": 2, ""VNQ"": 1.5, ""VTI"": 1, ""VWO"": 2}",0.03000000,tests/data/2026-08-24-net15,12M,TIP/1,IEF,0.00300765,0.01128197,0.00302545,0.01128286,59954.20581194,40000.00000000,19954.20581194,0.49885515,0.12217337,0.13199241,1.27159586,0.09430415,1.80086034,1.21378848,-0.10065458,137,2018,0.17048221,2015,0.02888008,952573.99962738,80.70048527,3.06794545,0.00201751,,,0.34369726,0.00000000,0.65327729,0.00000000
ROT SPY top1 12M fb best(BIL+IEF),sens,sens_2014-07-01,2014-07-01,2019-07-01,false,true,"{""*"": 6, ""ACWX"": 3, ""AGG"": 1, ""BIL"": 1, ""BND"": 1.5, ""BTAL"": 6, ""DBC"": 3, ""DBMF"": 3, ""EEM"": 1, ""EFA"": 1, ""IEF"": 1, ""IWM"": 1, ""KMLM"": 6, ""LQD"": 1.5, ""QQQ"": 1, ""SCZ"": 5, ""SHY"": 1, ""SPY"": 0.7, ""TIP"": 2, ""TLT"": 1, ""TQQQ"": 1.5, ""VEA"": 1.5, ""VEU"": 2, ""VNQ"": 1.5, ""VTI"": 1, ""VWO"": 2}",0.03000000,tests/data/2026-08-24-net15,12M,,best(BIL+IEF),0.00377284,0.01128197,0.00378394,0.01128286,47290.07584313,40000.00000000,7290.07584313,0.18225190,0.04857363,0.05424700,0.43691233,0.12730620,0.59739028,0.24972019,-0.19451223,,2017,0.21269352,2015,-0.07591574,426624.32222832,36.98732933,1.55063785,0.00092468,0.01638008,0.00000000,0.06541698,0.00000000,0.91441899,0.00000000
ROT SPY top1 12M fb IEF,sens,sens_2014-07-01,2014-07-01,2019-07-01,false,true,"{""*"": 6, ""ACWX"": 3, ""AGG"": 1, ""BIL"": 1, ""BND"": 1.5, ""BTAL"": 6, ""DBC"": 3, ""DBMF"": 3, ""EEM"": 1, ""EFA"": 1, ""IEF"": 1, ""IWM"": 1, ""KMLM"": 6, ""LQD"": 1.5, ""QQQ"": 1, ""SCZ"": 5, ""SHY"": 1, ""SPY"": 0.7, ""TIP"": 2, ""TLT"": 1, ""TQQQ"": 1.5, ""VEA"": 1.5, ""VEU"": 2, ""VNQ"": 1.5, ""VTI"": 1, ""VWO"": 2}",0.03000000,tests/data/2026-08-24-net15,12M,,IEF,0.00366063,0.01128197,0.00367012,0.01128286,47511.67022312,40000.00000000,7511.67022312,0.18779176,0.04962360,0.05576785,0.44431394,0.12749623,0.60768030,0.25511818,-0.19451223,,2017,0.21269352,2015,-0.07591574,344179.62881283,28.73525475,1.25024773,0.00071838,,,0.08181876,0.00000000,0.91451112,0.00000000
SPY60/IEF40,sens,sens_2014-07-01,2014-07-01,2019-07-01,true,true,"{""*"": 6, ""ACWX"": 3, ""AGG"": 1, ""BIL"": 1, ""BND"": 1.5, ""BTAL"": 6, ""DBC"": 3, ""DBMF"": 3, ""EEM"": 1, ""EFA"": 1, ""IEF"": 1, ""IWM"": 1, ""KMLM"": 6, ""LQD"": 1.5, ""QQQ"": 1, ""SCZ"": 5, ""SHY"": 1, ""SPY"": 0.7, ""TIP"": 2, ""TLT"": 1, ""TQQQ"": 1.5, ""VEA"": 1.5, ""VEU"": 2, ""VNQ"": 1.5, ""VTI"": 1, ""VWO"": 2}",0.03000000,tests/data/2026-08-24-net15,,,,0.00633738,0.01663108,0.00472762,0.01130550,51403.98337629,40000.00000000,11403.98337629,0.28509958,0.07557910,0.08144376,1.02795333,0.07362833,1.46098422,0.71063533,-0.10635427,196,2019,0.14125016,2018,-0.02285616,49107.10250828,4.17225237,0.17340791,0.00010431,,,0.39808946,0.39268071,0.59557145,0.58869450
SPY benchmark,sens,sens_2014-07-01,2014-07-01,2019-07-01,true,true,"{""*"": 6, ""ACWX"": 3, ""AGG"": 1, ""BIL"": 1, ""BND"": 1.5, ""BTAL"": 6, ""DBC"": 3, ""DBMF"": 3, ""EEM"": 1, ""EFA"": 1, ""IEF"": 1, ""IWM"": 1, ""KMLM"": 6, ""LQD"": 1.5, ""QQQ"": 1, ""SCZ"": 5, ""SHY"": 1, ""SPY"": 0.7, ""TIP"": 2, ""TLT"": 1, ""TQQQ"": 1.5, ""VEA"": 1.5, ""VEU"": 2, ""VNQ"": 1.5, ""VTI"": 1, ""VWO"": 2}",0.03000000,tests/data/2026-08-24-net15,,,,0.00331232,0.01128197,0.00331359,0.01128286,56439.47515167,40000.00000000,16439.47515167,0.41098688,0.10272663,0.11208072,0.80118457,0.13336577,1.12102935,0.52852857,-0.19436344,204,2017,0.21305278,2018,-0.04833380,39954.55703079,2.79681899,0.13245336,0.00006992,,,,,0.99668641,0.98871714
ROT SPY top1 1-3-6-12U can TIP/1 fb best(BIL+IEF),sens,sens_2015-01-02,2015-01-02,2019-12-31,false,true,"{""*"": 6, ""ACWX"": 3, ""AGG"": 1, ""BIL"": 1, ""BND"": 1.5, ""BTAL"": 6, ""DBC"": 3, ""DBMF"": 3, ""EEM"": 1, ""EFA"": 1, ""IEF"": 1, ""IWM"": 1, ""KMLM"": 6, ""LQD"": 1.5, ""QQQ"": 1, ""SCZ"": 5, ""SHY"": 1, ""SPY"": 0.7, ""TIP"": 2, ""TLT"": 1, ""TQQQ"": 1.5, ""VEA"": 1.5, ""VEU"": 2, ""VNQ"": 1.5, ""VTI"": 1, ""VWO"": 2}",0.03000000,tests/data/2026-08-24-net15,1-3-6-12U,TIP/1,best(BIL+IEF),0.00359707,0.01583125,0.00362555,0.01583236,57290.18661354,39500.00000000,17790.18661354,0.45038447,0.10919965,0.11990123,1.16994383,0.09236173,1.62349519,1.08585217,-0.10056586,180,2019,0.15347727,2015,0.01402652,1232929.57428294,106.64335555,4.07025453,0.00269983,0.18304819,0.00000000,0.18279106,0.00000000,0.63053520,0.00000000
ROT SPY top1 1-3-6-12U can TIP/1 fb IEF,sens,sens_2015-01-02,2015-01-02,2019-12-31,false,true,"{""*"": 6, ""ACWX"": 3, ""AGG"": 1, ""BIL"": 1, ""BND"": 1.5, ""BTAL"": 6, ""DBC"": 3, ""DBMF"": 3, ""EEM"": 1, ""EFA"": 1, ""IEF"": 1, ""IWM"": 1, ""KMLM"": 6, ""LQD"": 1.5, ""QQQ"": 1, ""SCZ"": 5, ""SHY"": 1, ""SPY"": 0.7, ""TIP"": 2, ""TLT"": 1, ""TQQQ"": 1.5, ""VEA"": 1.5, ""VEU"": 2, ""VNQ"": 1.5, ""VTI"": 1, ""VWO"": 2}",0.03000000,tests/data/2026-08-24-net15,1-3-6-12U,TIP/1,IEF,0.00344649,0.01583125,0.00347012,0.01583236,60795.59633868,39500.00000000,21295.59633868,0.53912902,0.12714542,0.13935210,1.31792690,0.09432753,1.83458527,1.26404133,-0.10058644,137,2018,0.17019167,2015,0.02952805,1129999.40992356,95.80942051,3.60593417,0.00242555,,,0.36589565,0.00000000,0.63063423,0.00000000
ROT SPY top1 1-3-6-12U fb best(BIL+IEF),sens,sens_2015-01-02,2015-01-02,2019-12-31,false,true,"{""*"": 6, ""ACWX"": 3, ""AGG"": 1, ""BIL"": 1, ""BND"": 1.5, ""BTAL"": 6, ""DBC"": 3, ""DBMF"": 3, ""EEM"": 1, ""EFA"": 1, ""IEF"": 1, ""IWM"": 1, ""KMLM"": 6, ""LQD"": 1.5, ""QQQ"": 1, ""SCZ"": 5, ""SHY"": 1, ""SPY"": 0.7, ""TIP"": 2, ""TLT"": 1, ""TQQQ"": 1.5, ""VEA"": 1.5, ""VEU"": 2, ""VNQ"": 1.5, ""VTI"": 1, ""VWO"": 2}",0.03000000,tests/data/2026-08-24-net15,1-3-6-12U,,best(BIL+IEF),0.00415058,0.01583125,0.00416579,0.01583236,49195.14750676,39500.00000000,9695.14750676,0.24544677,0.06022367,0.07042341,0.53971394,0.12240470,0.73139225,0.28969209,-0.20788854,,2017,0.21262875,2018,-0.06452236,626284.54893839,52.75299064,2.24423924,0.00133552,0.01664255,0.00000000,0.09974269,0.00000000,0.87944897,0.00000000
ROT SPY top1 1-3-6-12U fb IEF,sens,sens_2015-01-02,2015-01-02,2019-12-31,false,true,"{""*"": 6, ""ACWX"": 3, ""AGG"": 1, ""BIL"": 1, ""BND"": 1.5, ""BTAL"": 6, ""DBC"": 3, ""DBMF"": 3, ""EEM"": 1, ""EFA"": 1, ""IEF"": 1, ""IWM"": 1, ""KMLM"": 6, ""LQD"": 1.5, ""QQQ"": 1, ""SCZ"": 5, ""SHY"": 1, ""SPY"": 0.7, ""TIP"": 2, ""TLT"": 1, ""TQQQ"": 1.5, ""VEA"": 1.5, ""VEU"": 2, ""VNQ"": 1.5, ""VTI"": 1, ""VWO"": 2}",0.03000000,tests/data/2026-08-24-net15,1-3-6-12U,,IEF,0.00409818,0.01583125,0.00411339,0.01583236,49698.22857463,39500.00000000,10198.22857463,0.25818300,0.06273669,0.07371086,0.55891312,0.12245210,0.75758390,0.31515711,-0.19906482,,2017,0.21262875,2018,-0.05402397,630448.89550824,53.11046232,2.25127115,0.00134457,,,0.11639163,0.00000000,0.87949498,0.00000000
ROT SPY top1 13612W can TIP/1 fb best(BIL+IEF),sens,sens_2015-01-02,2015-01-02,2019-12-31,false,true,"{""*"": 6, ""ACWX"": 3, ""AGG"": 1, ""BIL"": 1, ""BND"": 1.5, ""BTAL"": 6, ""DBC"": 3, ""DBMF"": 3, ""EEM"": 1, ""EFA"": 1, ""IEF"": 1, ""IWM"": 1, ""KMLM"": 6, ""LQD"": 1.5, ""QQQ"": 1, ""SCZ"": 5, ""SHY"": 1, ""SPY"": 0.7, ""TIP"": 2, ""TLT"": 1, ""TQQQ"": 1.5, ""VEA"": 1.5, ""VEU"": 2, ""VNQ"": 1.5, ""VTI"": 1, ""VWO"": 2}",0.03000000,tests/data/2026-08-24-net15,13612W,TIP/1,best(BIL+IEF),0.00316181,0.01324191,0.00319673,0.01332410,56741.60130825,39500.00000000,17241.60130825,0.43649624,0.10245893,0.11675893,1.29793373,0.07757678,1.83230340,1.24061279,-0.08258736,189,2019,0.15359632,2015,0.02134473,1320525.25106718,115.65958993,4.45577924,0.00292809,0.26621585,0.00000000,0.19946898,0.00000000,0.53111844,0.00000000
ROT SPY top1 13612W can TIP/1 fb IEF,sens,sens_2015-01-02,2015-01-02,2019-12-31,false,true,"{""*"": 6, ""ACWX"": 3, ""AGG"": 1, ""BIL"": 1, ""BND"": 1.5, ""BTAL"": 6, ""DBC"": 3, ""DBMF"": 3, ""EEM"": 1, ""EFA"": 1, ""IEF"": 1, ""IWM"": 1, ""KMLM"": 6, ""LQD"": 1.5, ""QQQ"": 1, ""SCZ"": 5, ""SHY"": 1, ""SPY"": 0.7, ""TIP"": 2, ""TLT"": 1, ""TQQQ"": 1.5, ""VEA"": 1.5, ""VEU"": 2, ""VNQ"": 1.5, ""VTI"": 1, ""VWO"": 2}",0.03000000,tests/data/2026-08-24-net15,13612W,TIP/1,IEF,0.00322903,0.00825930,0.00325430,0.00825988,57007.76651943,39500.00000000,17507.76651943,0.44323460,0.10657865,0.11828700,1.27548788,0.08215778,1.79505368,1.29500094,-0.08230005,188,2018,0.15544472,2015,0.04122079,1102604.59170615,93.86278599,3.70505841,0.00237627,,,0.46559701,0.00000000,0.53114870,0.00000000
ROT SPY top1 13612W fb best(BIL+IEF),sens,sens_2015-01-02,2015-01-02,2019-12-31,false,true,"{""*"": 6, ""ACWX"": 3, ""AGG"": 1, ""BIL"": 1, ""BND"": 1.5, ""BTAL"": 6, ""DBC"": 3, ""DBMF"": 3, ""EEM"": 1, ""EFA"": 1, ""IEF"": 1, ""IWM"": 1, ""KMLM"": 6, ""LQD"": 1.5, ""QQQ"": 1, ""SCZ"": 5, ""SHY"": 1, ""SPY"": 0.7, ""TIP"": 2, ""TLT"": 1, ""TQQQ"": 1.5, ""VEA"": 1.5, ""VEU"": 2, ""VNQ"": 1.5, ""VTI"": 1, ""VWO"": 2}",0.03000000,tests/data/2026-08-24-net15,13612W,,best(BIL+IEF),0.00409999,0.01222638,0.00412618,0.01230894,46634.09145491,39500.00000000,7134.09145491,0.18060991,0.03034060,0.05318545,0.31234486,0.11825070,0.41873283,0.14532034,-0.20878430,964,2017,0.21253994,2015,-0.12906873,884698.36606086,74.79680309,3.38317603,0.00189359,0.06656633,0.00000000,0.11637631,0.00000000,0.81293118,0.00000000
ROT SPY top1 13612W fb IEF,sens,sens_2015-01-02,2015-01-02,2019-12-31,false,true,"{""*"": 6, ""ACWX"": 3, ""AGG"": 1, ""BIL"": 1, ""BND"": 1.5, ""BTAL"": 6, ""DBC"": 3, ""DBMF"": 3, ""EEM"": 1, ""EFA"": 1, ""IEF"": 1, ""IWM"": 1, ""KMLM"": 6, ""LQD"": 1.5, ""QQQ"": 1, ""SCZ"": 5, ""SHY"": 1, ""SPY"": 0.7, ""TIP"": 2, ""TLT"": 1, ""TQQQ"": 1.5, ""VEA"": 1.5, ""VEU"": 2, ""VNQ"": 1.5, ""VTI"": 1, ""VWO"": 2}",0.03000000,tests/data/2026-08-24-net15,13612W,,IEF,0.00372100,0.01229780,0.00374720,0.01238042,45729.01805199,39500.00000000,6229.01805199,0.15769666,0.02413203,0.04688107,0.26003092,0.11920384,0.34804799,0.12112732,-0.19922866,,2017,0.21278430,2015,-0.11605777,870756.81464442,73.60898815,3.39600633,0.00186352,,,0.18294930,0.00000000,0.81330350,0.00000000
ROT SPY top1 12M can TIP/1 fb best(BIL+IEF),sens,sens_2015-01-02,2015-01-02,2019-12-31,false,true,"{""*"": 6, ""ACWX"": 3, ""AGG"": 1, ""BIL"": 1, ""BND"": 1.5, ""BTAL"": 6, ""DBC"": 3, ""DBMF"": 3, ""EEM"": 1, ""EFA"": 1, ""IEF"": 1, ""IWM"": 1, ""KMLM"": 6, ""LQD"": 1.5, ""QQQ"": 1, ""SCZ"": 5, ""SHY"": 1, ""SPY"": 0.7, ""TIP"": 2, ""TLT"": 1, ""TQQQ"": 1.5, ""VEA"": 1.5, ""VEU"": 2, ""VNQ"": 1.5, ""VTI"": 1, ""VWO"": 2}",0.03000000,tests/data/2026-08-24-net15,12M,TIP/1,best(BIL+IEF),0.00336388,0.01583125,0.00338359,0.01583236,58478.53559884,39500.00000000,18978.53559884,0.48046926,0.11710639,0.12661445,1.23277391,0.09351138,1.72278570,1.16626083,-0.10041183,180,2019,0.16799574,2015,0.02952805,909426.89479211,78.39525747,2.96420596,0.00198469,0.16650536,0.00000000,0.18289338,0.00000000,0.64721768,0.00000000
ROT SPY top1 12M can TIP/1 fb IEF,sens,sens_2015-01-02,2015-01-02,2019-12-31,false,true,"{""*"": 6, ""ACWX"": 3, ""AGG"": 1, ""BIL"": 1, ""BND"": 1.5, ""BTAL"": 6, ""DBC"": 3, ""DBMF"": 3, ""EEM"": 1, ""EFA"": 1, ""IEF"": 1, ""IWM"": 1, ""KMLM"": 6, ""LQD"": 1.5, ""QQQ"": 1, ""SCZ"": 5, ""SHY"": 1, ""SPY"": 0.7, ""TIP"": 2, ""TLT"": 1, ""TQQQ"": 1.5, ""VEA"": 1.5, ""VEU"": 2, ""VNQ"": 1.5, ""VTI"": 1, ""VWO"": 2}",0.03000000,tests/data/2026-08-24-net15,12M,TIP/1,IEF,0.00294195,0.01583125,0.00296001,0.01583236,61804.24082161,39500.00000000,22304.24082161,0.56466432,0.13201061,0.14475882,1.35429159,0.09502876,1.89789630,1.30930239,-0.10082515,137,2019,0.17422629,2015,0.02952805,836625.29780039,70.84430890,2.65741147,0.00179353,,,0.34935028,0.00000000,0.64768971,0.00000000
ROT SPY top1 12M fb best(BIL+IEF),sens,sens_2015-01-02,2015-01-02,2019-12-31,false,true,"{""*"": 6, ""ACWX"": 3, ""AGG"": 1, ""BIL"": 1, ""BND"": 1.5, ""BTAL"": 6, ""DBC"": 3, ""DBMF"": 3, ""EEM"": 1, ""EFA"": 1, ""IEF"": 1, ""IWM"": 1, ""KMLM"": 6, ""LQD"": 1.5, ""QQQ"": 1, ""SCZ"": 5, ""SHY"": 1, ""SPY"": 0.7, ""TIP"": 2, ""TLT"": 1, ""TQQQ"": 1.5, ""VEA"": 1.5, ""VEU"": 2, ""VNQ"": 1.5, ""VTI"": 1, ""VWO"": 2}",0.03000000,tests/data/2026-08-24-net15,12M,,best(BIL+IEF),0.00420992,0.01583125,0.00422116,0.01583236,49836.37691253,39500.00000000,10336.37691253,0.26168043,0.05778367,0.07460818,0.50414491,0.12780372,0.68587193,0.29736078,-0.19432175,459,2017,0.21297777,2015,-0.07517929,375135.07358335,32.49871392,1.36564898,0.00082275,0.01663334,0.00000000,0.06649634,0.00000000,0.91264916,0.00000000
ROT SPY top1 12M fb IEF,sens,sens_2015-01-02,2015-01-02,2019-12-31,false,true,"{""*"": 6, ""ACWX"": 3, ""AGG"": 1, ""BIL"": 1, ""BND"": 1.5, ""BTAL"": 6, ""DBC"": 3, ""DBMF"": 3, ""EEM"": 1, ""EFA"": 1, ""IEF"": 1, ""IWM"": 1, ""KMLM"": 6, ""LQD"": 1.5, ""QQQ"": 1, ""SCZ"": 5, ""SHY"": 1, ""SPY"": 0.7, ""TIP"": 2, ""TLT"": 1, ""TQQQ"": 1.5, ""VEA"": 1.5, ""VEU"": 2, ""VNQ"": 1.5, ""VTI"": 1, ""VWO"": 2}",0.03000000,tests/data/2026-08-24-net15,12M,,IEF,0.00413963,0.01583125,0.00414924,0.01583236,50053.66349611,39500.00000000,10553.66349611,0.26718135,0.05883502,0.07601487,0.51134949,0.12799683,0.69585769,0.30277114,-0.19432175,455,2017,0.21297777,2015,-0.07517929,300752.90297720,25.05255964,1.09347311,0.00063424,,,0.08312327,0.00000000,0.91272749,0.00000000
SPY60/IEF40,sens,sens_2015-01-02,2015-01-02,2019-12-31,true,true,"{""*"": 6, ""ACWX"": 3, ""AGG"": 1, ""BIL"": 1, ""BND"": 1.5, ""BTAL"": 6, ""DBC"": 3, ""DBMF"": 3, ""EEM"": 1, ""EFA"": 1, ""IEF"": 1, ""IWM"": 1, ""KMLM"": 6, ""LQD"": 1.5, ""QQQ"": 1, ""SCZ"": 5, ""SHY"": 1, ""SPY"": 0.7, ""TIP"": 2, ""TLT"": 1, ""TQQQ"": 1.5, ""VEA"": 1.5, ""VEU"": 2, ""VNQ"": 1.5, ""VTI"": 1, ""VWO"": 2}",0.03000000,tests/data/2026-08-24-net15,,,,0.00679604,0.01454501,0.00495892,0.01069789,52056.58206288,39500.00000000,12556.58206288,0.31788815,0.07882696,0.08872078,1.06814544,0.07366710,1.51272884,0.73619508,-0.10707346,196,2019,0.21361156,2018,-0.02342104,48144.88737051,4.10555292,0.16928563,0.00010394,,,0.39803602,0.39246231,0.59516621,0.58930211
SPY benchmark,sens,sens_2015-01-02,2015-01-02,2019-12-31,true,true,"{""*"": 6, ""ACWX"": 3, ""AGG"": 1, ""BIL"": 1, ""BND"": 1.5, ""BTAL"": 6, ""DBC"": 3, ""DBMF"": 3, ""EEM"": 1, ""EFA"": 1, ""IEF"": 1, ""IWM"": 1, ""KMLM"": 6, ""LQD"": 1.5, ""QQQ"": 1, ""SCZ"": 5, ""SHY"": 1, ""SPY"": 0.7, ""TIP"": 2, ""TLT"": 1, ""TQQQ"": 1.5, ""VEA"": 1.5, ""VEU"": 2, ""VNQ"": 1.5, ""VTI"": 1, ""VWO"": 2}",0.03000000,tests/data/2026-08-24-net15,,,,0.00427583,0.01583125,0.00427712,0.01583236,58542.45429268,39500.00000000,19042.45429268,0.48208745,0.11257886,0.12697198,0.86598256,0.13369490,1.20586913,0.58081697,-0.19382847,204,2019,0.30821096,2018,-0.04793104,39279.98442302,2.74959891,0.12888232,0.00006961,,,,,0.99572288,0.98416764
ROT SPY top1 1-3-6-12U can TIP/1 fb best(BIL+IEF),sens,sens_2015-07-01,2015-07-01,2020-07-01,false,true,"{""*"": 6, ""ACWX"": 3, ""AGG"": 1, ""BIL"": 1, ""BND"": 1.5, ""BTAL"": 6, ""DBC"": 3, ""DBMF"": 3, ""EEM"": 1, ""EFA"": 1, ""IEF"": 1, ""IWM"": 1, ""KMLM"": 6, ""LQD"": 1.5, ""QQQ"": 1, ""SCZ"": 5, ""SHY"": 1, ""SPY"": 0.7, ""TIP"": 2, ""TLT"": 1, ""TQQQ"": 1.5, ""VEA"": 1.5, ""VEU"": 2, ""VNQ"": 1.5, ""VTI"": 1, ""VWO"": 2}",0.03000000,tests/data/2026-08-24-net15,1-3-6-12U,TIP/1,best(BIL+IEF),0.00334015,0.00895708,0.00336819,0.00895783,57135.12203430,40000.00000000,17135.12203430,0.42837805,0.11168899,0.11603681,1.05340556,0.10602357,1.40356804,0.83192282,-0.13425403,107,2019,0.15357204,2015,-0.00038541,1247212.26470644,107.54986202,4.03629343,0.00268875,0.18011012,0.00000000,0.19623064,0.00000000,0.62029105,0.00000000
ROT SPY top1 1-3-6-12U can TIP/1 fb IEF,sens,sens_2015-07-01,2015-07-01,2020-07-01,false,true,"{""*"": 6, ""ACWX"": 3, ""AGG"": 1, ""BIL"": 1, ""BND"": 1.5, ""BTAL"": 6, ""DBC"": 3, ""DBMF"": 3, ""EEM"": 1, ""EFA"": 1, ""IEF"": 1, ""IWM"": 1, ""KMLM"": 6, ""LQD"": 1.5, ""QQQ"": 1, ""SCZ"": 5, ""SHY"": 1, ""SPY"": 0.7, ""TIP"": 2, ""TLT"": 1, ""TQQQ"": 1.5, ""VEA"": 1.5, ""VEU"": 2, ""VNQ"": 1.5, ""VTI"": 1, ""VWO"": 2}",0.03000000,tests/data/2026-08-24-net15,1-3-6-12U,TIP/1,IEF,0.00305891,0.00934088,0.00308377,0.00934157,60396.22348886,40000.00000000,20396.22348886,0.50990559,0.13087505,0.13433380,1.19713784,0.10776716,1.60066228,0.97339259,-0.13445248,107,2018,0.17045095,2015,0.02028334,1194015.86514206,101.54704925,3.71103605,0.00253868,,,0.37621203,0.00000000,0.62070420,0.00000000
ROT SPY top1 1-3-6-12U fb best(BIL+IEF),sens,sens_2015-07-01,2015-07-01,2020-07-01,false,true,"{""*"": 6, ""ACWX"": 3, ""AGG"": 1, ""BIL"": 1, ""BND"": 1.5, ""BTAL"": 6, ""DBC"": 3, ""DBMF"": 3, ""EEM"": 1, ""EFA"": 1, ""IEF"": 1, ""IWM"": 1, ""KMLM"": 6, ""LQD"": 1.5, ""QQQ"": 1, ""SCZ"": 5, ""SHY"": 1, ""SPY"": 0.7, ""TIP"": 2, ""TLT"": 1, ""TQQQ"": 1.5, ""VEA"": 1.5, ""VEU"": 2, ""VNQ"": 1.5, ""VTI"": 1, ""VWO"": 2}",0.03000000,tests/data/2026-08-24-net15,1-3-6-12U,,best(BIL+IEF),0.00426344,0.01118300,0.00428108,0.01126516,49869.74050185,40000.00000000,9869.74050185,0.24674351,0.06196235,0.07150279,0.52093396,0.13247739,0.69167384,0.29859475,-0.20751320,483,2017,0.21250167,2018,-0.06391331,730943.03855912,61.67405212,2.59288748,0.00154185,0.01635620,0.00000000,0.13077836,0.00000000,0.84858436,0.00000000
ROT SPY top1 1-3-6-12U fb IEF,sens,sens_2015-07-01,2015-07-01,2020-07-01,false,true,"{""*"": 6, ""ACWX"": 3, ""AGG"": 1, ""BIL"": 1, ""BND"": 1.5, ""BTAL"": 6, ""DBC"": 3, ""DBMF"": 3, ""EEM"": 1, ""EFA"": 1, ""IEF"": 1, ""IWM"": 1, ""KMLM"": 6, ""LQD"": 1.5, ""QQQ"": 1, ""SCZ"": 5, ""SHY"": 1, ""SPY"": 0.7, ""TIP"": 2, ""TLT"": 1, ""TQQQ"": 1.5, ""VEA"": 1.5, ""VEU"": 2, ""VNQ"": 1.5, ""VTI"": 1, ""VWO"": 2}",0.03000000,tests/data/2026-08-24-net15,1-3-6-12U,,IEF,0.00395734,0.01118300,0.00397499,0.01126516,50323.12250728,40000.00000000,10323.12250728,0.25807806,0.06441828,0.07445431,0.53795401,0.13262227,0.71434790,0.32389989,-0.19888332,476,2017,0.21250167,2018,-0.05354898,736484.65422188,62.14503987,2.60046179,0.00155363,,,0.14714291,0.00000000,0.84888210,0.00000000
ROT SPY top1 13612W can TIP/1 fb best(BIL+IEF),sens,sens_2015-07-01,2015-07-01,2020-07-01,false,true,"{""*"": 6, ""ACWX"": 3, ""AGG"": 1, ""BIL"": 1, ""BND"": 1.5, ""BTAL"": 6, ""DBC"": 3, ""DBMF"": 3, ""EEM"": 1, ""EFA"": 1, ""IEF"": 1, ""IWM"": 1, ""KMLM"": 6, ""LQD"": 1.5, ""QQQ"": 1, ""SCZ"": 5, ""SHY"": 1, ""SPY"": 0.7, ""TIP"": 2, ""TLT"": 1, ""TQQQ"": 1.5, ""VEA"": 1.5, ""VEU"": 2, ""VNQ"": 1.5, ""VTI"": 1, ""VWO"": 2}",0.03000000,tests/data/2026-08-24-net15,13612W,TIP/1,best(BIL+IEF),0.00305847,0.01104786,0.00308969,0.01104866,56703.31535331,40000.00000000,16703.31535331,0.41758288,0.10414981,0.11354192,1.06799206,0.09736194,1.43179914,0.77426054,-0.13451519,107,2019,0.15337787,2015,0.00421336,1282954.11262792,111.32340670,4.23090504,0.00278309,0.24551895,0.00000000,0.17990146,0.00000000,0.57148989,0.00000000
ROT SPY top1 13612W can TIP/1 fb IEF,sens,sens_2015-07-01,2015-07-01,2020-07-01,false,true,"{""*"": 6, ""ACWX"": 3, ""AGG"": 1, ""BIL"": 1, ""BND"": 1.5, ""BTAL"": 6, ""DBC"": 3, ""DBMF"": 3, ""EEM"": 1, ""EFA"": 1, ""IEF"": 1, ""IWM"": 1, ""KMLM"": 6, ""LQD"": 1.5, ""QQQ"": 1, ""SCZ"": 5, ""SHY"": 1, ""SPY"": 0.7, ""TIP"": 2, ""TLT"": 1, ""TQQQ"": 1.5, ""VEA"": 1.5, ""VEU"": 2, ""VNQ"": 1.5, ""VTI"": 1, ""VWO"": 2}",0.03000000,tests/data/2026-08-24-net15,13612W,TIP/1,IEF,0.00326322,0.00934088,0.00328810,0.00934157,56871.65015942,40000.00000000,16871.65015942,0.42179125,0.10764348,0.11451662,1.06976252,0.10044366,1.43642393,0.80245578,-0.13414257,107,2018,0.15572712,2015,0.02028334,1137023.01447521,96.73137415,3.74265614,0.00241828,,,0.42525126,0.00000000,0.57146063,0.00000000
ROT SPY top1 13612W fb best(BIL+IEF),sens,sens_2015-07-01,2015-07-01,2020-07-01,false,true,"{""*"": 6, ""ACWX"": 3, ""AGG"": 1, ""BIL"": 1, ""BND"": 1.5, ""BTAL"": 6, ""DBC"": 3, ""DBMF"": 3, ""EEM"": 1, ""EFA"": 1, ""IEF"": 1, ""IWM"": 1, ""KMLM"": 6, ""LQD"": 1.5, ""QQQ"": 1, ""SCZ"": 5, ""SHY"": 1, ""SPY"": 0.7, ""TIP"": 2, ""TLT"": 1, ""TQQQ"": 1.5, ""VEA"": 1.5, ""VEU"": 2, ""VNQ"": 1.5, ""VTI"": 1, ""VWO"": 2}",0.03000000,tests/data/2026-08-24-net15,13612W,,best(BIL+IEF),0.00395163,0.01497642,0.00397631,0.01505864,48623.09336059,40000.00000000,8623.09336059,0.21557733,0.05017526,0.06325488,0.44423728,0.12923299,0.58679301,0.24179253,-0.20751370,483,2017,0.21264474,2018,-0.06852720,921251.03958213,78.19335633,3.36373699,0.00195483,0.06545874,0.00000000,0.13082333,0.00000000,0.79974162,0.00000000
ROT SPY top1 13612W fb IEF,sens,sens_2015-07-01,2015-07-01,2020-07-01,false,true,"{""*"": 6, ""ACWX"": 3, ""AGG"": 1, ""BIL"": 1, ""BND"": 1.5, ""BTAL"": 6, ""DBC"": 3, ""DBMF"": 3, ""EEM"": 1, ""EFA"": 1, ""IEF"": 1, ""IWM"": 1, ""KMLM"": 6, ""LQD"": 1.5, ""QQQ"": 1, ""SCZ"": 5, ""SHY"": 1, ""SPY"": 0.7, ""TIP"": 2, ""TLT"": 1, ""TQQQ"": 1.5, ""VEA"": 1.5, ""VEU"": 2, ""VNQ"": 1.5, ""VTI"": 1, ""VWO"": 2}",0.03000000,tests/data/2026-08-24-net15,13612W,,IEF,0.00466184,0.01215027,0.00468650,0.01215130,47833.53385846,40000.00000000,7833.53385846,0.19583835,0.04490063,0.05792725,0.40393515,0.12983759,0.53308243,0.22644910,-0.19828132,476,2017,0.21242323,2018,-0.07104669,906178.68970544,76.91788853,3.36997491,0.00192295,,,0.19623367,0.00000000,0.79907982,0.00000000
ROT SPY top1 12M can TIP/1 fb best(BIL+IEF),sens,sens_2015-07-01,2015-07-01,2020-07-01,false,true,"{""*"": 6, ""ACWX"": 3, ""AGG"": 1, ""BIL"": 1, ""BND"": 1.5, ""BTAL"": 6, ""DBC"": 3, ""DBMF"": 3, ""EEM"": 1, ""EFA"": 1, ""IEF"": 1, ""IWM"": 1, ""KMLM"": 6, ""LQD"": 1.5, ""QQQ"": 1, ""SCZ"": 5, ""SHY"": 1, ""SPY"": 0.7, ""TIP"": 2, ""TLT"": 1, ""TQQQ"": 1.5, ""VEA"": 1.5, ""VEU"": 2, ""VNQ"": 1.5, ""VTI"": 1, ""VWO"": 2}",0.03000000,tests/data/2026-08-24-net15,12M,TIP/1,best(BIL+IEF),0.00360589,0.00934088,0.00362688,0.00934157,49452.33860260,40000.00000000,9452.33860260,0.23630847,0.08320238,0.06876309,0.59299182,0.15557761,0.78938717,0.24707261,-0.33675274,,2019,0.16795852,2020,-0.13402727,962693.01085561,83.06977029,3.12280751,0.00207674,0.16377620,0.00000000,0.17978535,0.00000000,0.65281157,0.00000000
ROT SPY top1 12M can TIP/1 fb IEF,sens,sens_2015-07-01,2015-07-01,2020-07-01,false,true,"{""*"": 6, ""ACWX"": 3, ""AGG"": 1, ""BIL"": 1, ""BND"": 1.5, ""BTAL"": 6, ""DBC"": 3, ""DBMF"": 3, ""EEM"": 1, ""EFA"": 1, ""IEF"": 1, ""IWM"": 1, ""KMLM"": 6, ""LQD"": 1.5, ""QQQ"": 1, ""SCZ"": 5, ""SHY"": 1, ""SPY"": 0.7, ""TIP"": 2, ""TLT"": 1, ""TQQQ"": 1.5, ""VEA"": 1.5, ""VEU"": 2, ""VNQ"": 1.5, ""VTI"": 1, ""VWO"": 2}",0.03000000,tests/data/2026-08-24-net15,12M,TIP/1,IEF,0.00342838,0.00934088,0.00344776,0.00934157,52024.48686881,40000.00000000,12024.48686881,0.30061217,0.09766311,0.08531181,0.67533999,0.15648467,0.90049559,0.29033973,-0.33637530,,2019,0.17376541,2020,-0.13372406,906514.84183105,77.07274215,2.85048813,0.00192682,,,0.34347520,0.00000000,0.65307703,0.00000000
ROT SPY top1 12M fb best(BIL+IEF),sens,sens_2015-07-01,2015-07-01,2020-07-01,false,true,"{""*"": 6, ""ACWX"": 3, ""AGG"": 1, ""BIL"": 1, ""BND"": 1.5, ""BTAL"": 6, ""DBC"": 3, ""DBMF"": 3, ""EEM"": 1, ""EFA"": 1, ""IEF"": 1, ""IWM"": 1, ""KMLM"": 6, ""LQD"": 1.5, ""QQQ"": 1, ""SCZ"": 5, ""SHY"": 1, ""SPY"": 0.7, ""TIP"": 2, ""TLT"": 1, ""TQQQ"": 1.5, ""VEA"": 1.5, ""VEU"": 2, ""VNQ"": 1.5, ""VTI"": 1, ""VWO"": 2}",0.03000000,tests/data/2026-08-24-net15,12M,,best(BIL+IEF),0.00474460,0.01554803,0.00475834,0.01554916,42979.55576609,40000.00000000,2979.55576609,0.07448889,0.02399349,0.02321582,0.22312995,0.17778244,0.29663617,0.07136076,-0.33622799,,2017,0.21283595,2020,-0.13382647,483801.55468645,41.64452846,1.76148952,0.00104111,0.01636421,0.00000000,0.08163821,0.00000000,0.89723923,0.00000000
ROT SPY top1 12M fb IEF,sens,sens_2015-07-01,2015-07-01,2020-07-01,false,true,"{""*"": 6, ""ACWX"": 3, ""AGG"": 1, ""BIL"": 1, ""BND"": 1.5, ""BTAL"": 6, ""DBC"": 3, ""DBMF"": 3, ""EEM"": 1, ""EFA"": 1, ""IEF"": 1, ""IWM"": 1, ""KMLM"": 6, ""LQD"": 1.5, ""QQQ"": 1, ""SCZ"": 5, ""SHY"": 1, ""SPY"": 0.7, ""TIP"": 2, ""TLT"": 1, ""TQQQ"": 1.5, ""VEA"": 1.5, ""VEU"": 2, ""VNQ"": 1.5, ""VTI"": 1, ""VWO"": 2}",0.03000000,tests/data/2026-08-24-net15,12M,,IEF,0.00444691,0.01554803,0.00445905,0.01554916,43140.05028098,40000.00000000,3140.05028098,0.07850126,0.02496008,0.02442204,0.22833968,0.17816670,0.30361883,0.07408619,-0.33690602,,2017,0.21283595,2020,-0.13408581,417284.08443659,34.96957024,1.51663443,0.00087424,,,0.09798536,0.00000000,0.89755558,0.00000000
SPY60/IEF40,sens,sens_2015-07-01,2015-07-01,2020-07-01,true,true,"{""*"": 6, ""ACWX"": 3, ""AGG"": 1, ""BIL"": 1, ""BND"": 1.5, ""BTAL"": 6, ""DBC"": 3, ""DBMF"": 3, ""EEM"": 1, ""EFA"": 1, ""IEF"": 1, ""IWM"": 1, ""KMLM"": 6, ""LQD"": 1.5, ""QQQ"": 1, ""SCZ"": 5, ""SHY"": 1, ""SPY"": 0.7, ""TIP"": 2, ""TLT"": 1, ""TQQQ"": 1.5, ""VEA"": 1.5, ""VEU"": 2, ""VNQ"": 1.5, ""VTI"": 1, ""VWO"": 2}",0.03000000,tests/data/2026-08-24-net15,,,,0.00626117,0.01746511,0.00449209,0.01393252,52827.64649637,40000.00000000,12827.64649637,0.32069116,0.08387485,0.09032207,0.83701172,0.10267353,1.14969574,0.44417603,-0.18883244,110,2019,0.21363464,2018,-0.02278209,54948.49660268,4.68058459,0.18967606,0.00011701,,,0.39803973,0.39381478,0.59569733,0.58606748
SPY benchmark,sens,sens_2015-07-01,2015-07-01,2020-07-01,true,true,"{""*"": 6, ""ACWX"": 3, ""AGG"": 1, ""BIL"": 1, ""BND"": 1.5, ""BTAL"": 6, ""DBC"": 3, ""DBMF"": 3, ""EEM"": 1, ""EFA"": 1, ""IEF"": 1, ""IWM"": 1, ""KMLM"": 6, ""LQD"": 1.5, ""QQQ"": 1, ""SCZ"": 5, ""SHY"": 1, ""SPY"": 0.7, ""TIP"": 2, ""TLT"": 1, ""TQQQ"": 1.5, ""VEA"": 1.5, ""VEU"": 2, ""VNQ"": 1.5, ""VTI"": 1, ""VWO"": 2}",0.03000000,tests/data/2026-08-24-net15,,,,0.00410072,0.01554803,0.00410198,0.01554916,55428.10226158,40000.00000000,15428.10226158,0.38570256,0.10242688,0.10606960,0.61086553,0.18938774,0.83706414,0.30428597,-0.33661388,,2019,0.30828026,2018,-0.04813367,39884.89158543,2.79194241,0.12919630,0.00006980,,,,,0.99589802,0.98445084
ROT SPY top1 1-3-6-12U can TIP/1 fb best(BIL+IEF),sens,sens_2016-01-04,2016-01-04,2020-12-31,false,true,"{""*"": 6, ""ACWX"": 3, ""AGG"": 1, ""BIL"": 1, ""BND"": 1.5, ""BTAL"": 6, ""DBC"": 3, ""DBMF"": 3, ""EEM"": 1, ""EFA"": 1, ""IEF"": 1, ""IWM"": 1, ""KMLM"": 6, ""LQD"": 1.5, ""QQQ"": 1, ""SCZ"": 5, ""SHY"": 1, ""SPY"": 0.7, ""TIP"": 2, ""TLT"": 1, ""TQQQ"": 1.5, ""VEA"": 1.5, ""VEU"": 2, ""VNQ"": 1.5, ""VTI"": 1, ""VWO"": 2}",0.03000000,tests/data/2026-08-24-net15,1-3-6-12U,TIP/1,best(BIL+IEF),0.00356537,0.01246632,0.00359215,0.01254877,65832.16810451,39500.00000000,26332.16810451,0.66663717,0.15489399,0.16556692,1.29036869,0.11694201,1.74469430,1.15531489,-0.13407080,107,2020,0.24472138,2018,0.11250651,1082866.95599304,93.06831311,3.37967935,0.00235616,0.16648231,0.00000000,0.11637350,0.00000000,0.71355205,0.00000000
ROT SPY top1 1-3-6-12U can TIP/1 fb IEF,sens,sens_2016-01-04,2016-01-04,2020-12-31,false,true,"{""*"": 6, ""ACWX"": 3, ""AGG"": 1, ""BIL"": 1, ""BND"": 1.5, ""BTAL"": 6, ""DBC"": 3, ""DBMF"": 3, ""EEM"": 1, ""EFA"": 1, ""IEF"": 1, ""IWM"": 1, ""KMLM"": 6, ""LQD"": 1.5, ""QQQ"": 1, ""SCZ"": 5, ""SHY"": 1, ""SPY"": 0.7, ""TIP"": 2, ""TLT"": 1, ""TQQQ"": 1.5, ""VEA"": 1.5, ""VEU"": 2, ""VNQ"": 1.5, ""VTI"": 1, ""VWO"": 2}",0.03000000,tests/data/2026-08-24-net15,1-3-6-12U,TIP/1,IEF,0.00406628,0.01246632,0.00409141,0.01254877,68824.01496463,39500.00000000,29324.01496463,0.74238013,0.16964265,0.18029589,1.38527368,0.11820161,1.87626677,1.26629237,-0.13396799,107,2020,0.24422368,2016,0.12555213,1043256.86296448,88.65249141,3.14492596,0.00224437,,,0.28273837,0.00000000,0.71317022,0.00000000
ROT SPY top1 1-3-6-12U fb best(BIL+IEF),sens,sens_2016-01-04,2016-01-04,2020-12-31,false,true,"{""*"": 6, ""ACWX"": 3, ""AGG"": 1, ""BIL"": 1, ""BND"": 1.5, ""BTAL"": 6, ""DBC"": 3, ""DBMF"": 3, ""EEM"": 1, ""EFA"": 1, ""IEF"": 1, ""IWM"": 1, ""KMLM"": 6, ""LQD"": 1.5, ""QQQ"": 1, ""SCZ"": 5, ""SHY"": 1, ""SPY"": 0.7, ""TIP"": 2, ""TLT"": 1, ""TQQQ"": 1.5, ""VEA"": 1.5, ""VEU"": 2, ""VNQ"": 1.5, ""VTI"": 1, ""VWO"": 2}",0.03000000,tests/data/2026-08-24-net15,1-3-6-12U,,best(BIL+IEF),0.00443723,0.01423768,0.00445237,0.01423874,59270.09642515,39500.00000000,19770.09642515,0.50050877,0.11894324,0.13100538,0.90600106,0.13400334,1.21622744,0.57273920,-0.20767434,483,2020,0.24444720,2018,-0.06456530,633418.34835106,53.36870518,2.11839704,0.00135111,0.01662927,0.00000000,0.09975864,0.00000000,0.87915971,0.00000000
ROT SPY top1 1-3-6-12U fb IEF,sens,sens_2016-01-04,2016-01-04,2020-12-31,false,true,"{""*"": 6, ""ACWX"": 3, ""AGG"": 1, ""BIL"": 1, ""BND"": 1.5, ""BTAL"": 6, ""DBC"": 3, ""DBMF"": 3, ""EEM"": 1, ""EFA"": 1, ""IEF"": 1, ""IWM"": 1, ""KMLM"": 6, ""LQD"": 1.5, ""QQQ"": 1, ""SCZ"": 5, ""SHY"": 1, ""SPY"": 0.7, ""TIP"": 2, ""TLT"": 1, ""TQQQ"": 1.5, ""VEA"": 1.5, ""VEU"": 2, ""VNQ"": 1.5, ""VTI"": 1, ""VWO"": 2}",0.03000000,tests/data/2026-08-24-net15,1-3-6-12U,,IEF,0.00474802,0.01423768,0.00476317,0.01423874,59751.01419587,39500.00000000,20251.01419587,0.51268390,0.12144841,0.13365399,0.92290872,0.13396708,1.23887707,0.61277785,-0.19819321,476,2020,0.24389956,2018,-0.05362124,638846.84452914,53.83138196,2.12489351,0.00136282,,,0.11645821,0.00000000,0.87877862,0.00000000
ROT SPY top1 13612W can TIP/1 fb best(BIL+IEF),sens,sens_2016-01-04,2016-01-04,2020-12-31,false,true,"{""*"": 6, ""ACWX"": 3, ""AGG"": 1, ""BIL"": 1, ""BND"": 1.5, ""BTAL"": 6, ""DBC"": 3, ""DBMF"": 3, ""EEM"": 1, ""EFA"": 1, ""IEF"": 1, ""IWM"": 1, ""KMLM"": 6, ""LQD"": 1.5, ""QQQ"": 1, ""SCZ"": 5, ""SHY"": 1, ""SPY"": 0.7, ""TIP"": 2, ""TLT"": 1, ""TQQQ"": 1.5, ""VEA"": 1.5, ""VEU"": 2, ""VNQ"": 1.5, ""VTI"": 1, ""VWO"": 2}",0.03000000,tests/data/2026-08-24-net15,13612W,TIP/1,best(BIL+IEF),0.00334610,0.01436610,0.00337448,0.01436713,65534.13506251,39500.00000000,26034.13506251,0.65909203,0.14699972,0.16406665,1.30796225,0.10947062,1.78138014,1.09764051,-0.13392337,107,2020,0.24467045,2016,0.05634459,1092862.30942964,94.21236549,3.46047174,0.00238512,0.21630068,0.00000000,0.11644451,0.00000000,0.66388034,0.00000000
ROT SPY top1 13612W can TIP/1 fb IEF,sens,sens_2016-01-04,2016-01-04,2020-12-31,false,true,"{""*"": 6, ""ACWX"": 3, ""AGG"": 1, ""BIL"": 1, ""BND"": 1.5, ""BTAL"": 6, ""DBC"": 3, ""DBMF"": 3, ""EEM"": 1, ""EFA"": 1, ""IEF"": 1, ""IWM"": 1, ""KMLM"": 6, ""LQD"": 1.5, ""QQQ"": 1, ""SCZ"": 5, ""SHY"": 1, ""SPY"": 0.7, ""TIP"": 2, ""TLT"": 1, ""TQQQ"": 1.5, ""VEA"": 1.5, ""VEU"": 2, ""VNQ"": 1.5, ""VTI"": 1, ""VWO"": 2}",0.03000000,tests/data/2026-08-24-net15,13612W,TIP/1,IEF,0.00378706,0.01246632,0.00381220,0.01254877,65275.58981256,39500.00000000,25775.58981256,0.65254658,0.14567414,0.16276014,1.27391263,0.11168057,1.73461200,1.08434108,-0.13434346,107,2020,0.24383285,2016,0.03979445,997476.21386999,84.79850839,3.17983296,0.00214680,,,0.33266996,0.00000000,0.66351784,0.00000000
ROT SPY top1 13612W fb best(BIL+IEF),sens,sens_2016-01-04,2016-01-04,2020-12-31,false,true,"{""*"": 6, ""ACWX"": 3, ""AGG"": 1, ""BIL"": 1, ""BND"": 1.5, ""BTAL"": 6, ""DBC"": 3, ""DBMF"": 3, ""EEM"": 1, ""EFA"": 1, ""IEF"": 1, ""IWM"": 1, ""KMLM"": 6, ""LQD"": 1.5, ""QQQ"": 1, ""SCZ"": 5, ""SHY"": 1, ""SPY"": 0.7, ""TIP"": 2, ""TLT"": 1, ""TQQQ"": 1.5, ""VEA"": 1.5, ""VEU"": 2, ""VNQ"": 1.5, ""VTI"": 1, ""VWO"": 2}",0.03000000,tests/data/2026-08-24-net15,13612W,,best(BIL+IEF),0.00380521,0.01423768,0.00382588,0.01423874,58168.52718184,39500.00000000,18668.52718184,0.47262094,0.10984382,0.12486368,0.85794049,0.13162150,1.14807799,0.52990993,-0.20728771,483,2020,0.24357857,2018,-0.06838337,790642.84031852,66.76897185,2.70331695,0.00169035,0.04991192,0.00000000,0.09978791,0.00000000,0.84647428,0.00000000
ROT SPY top1 13612W fb IEF,sens,sens_2016-01-04,2016-01-04,2020-12-31,false,true,"{""*"": 6, ""ACWX"": 3, ""AGG"": 1, ""BIL"": 1, ""BND"": 1.5, ""BTAL"": 6, ""DBC"": 3, ""DBMF"": 3, ""EEM"": 1, ""EFA"": 1, ""IEF"": 1, ""IWM"": 1, ""KMLM"": 6, ""LQD"": 1.5, ""QQQ"": 1, ""SCZ"": 5, ""SHY"": 1, ""SPY"": 0.7, ""TIP"": 2, ""TLT"": 1, ""TQQQ"": 1.5, ""VEA"": 1.5, ""VEU"": 2, ""VNQ"": 1.5, ""VTI"": 1, ""VWO"": 2}",0.03000000,tests/data/2026-08-24-net15,13612W,,IEF,0.00425923,0.01423768,0.00427990,0.01423874,57082.64565960,39500.00000000,17582.64565960,0.44513027,0.09983184,0.11870419,0.78650808,0.13213777,1.05112120,0.50264477,-0.19861310,480,2020,0.24487615,2018,-0.07118591,771349.02314992,65.12782882,2.70451821,0.00164881,,,0.14962620,0.00000000,0.84609390,0.00000000
ROT SPY top1 12M can TIP/1 fb best(BIL+IEF),sens,sens_2016-01-04,2016-01-04,2020-12-31,false,true,"{""*"": 6, ""ACWX"": 3, ""AGG"": 1, ""BIL"": 1, ""BND"": 1.5, ""BTAL"": 6, ""DBC"": 3, ""DBMF"": 3, ""EEM"": 1, ""EFA"": 1, ""IEF"": 1, ""IWM"": 1, ""KMLM"": 6, ""LQD"": 1.5, ""QQQ"": 1, ""SCZ"": 5, ""SHY"": 1, ""SPY"": 0.7, ""TIP"": 2, ""TLT"": 1, ""TQQQ"": 1.5, ""VEA"": 1.5, ""VEU"": 2, ""VNQ"": 1.5, ""VTI"": 1, ""VWO"": 2}",0.03000000,tests/data/2026-08-24-net15,12M,TIP/1,best(BIL+IEF),0.00349411,0.01246632,0.00351536,0.01254877,56990.46176604,39500.00000000,17490.46176604,0.44279650,0.12049237,0.11817635,0.77968289,0.16315563,1.04561432,0.35801059,-0.33656092,,2019,0.16793282,2020,0.04957288,844189.13114235,72.76146794,2.73255090,0.00184206,0.16646672,0.00000000,0.08312516,0.00000000,0.74689276,0.00000000
ROT SPY top1 12M can TIP/1 fb IEF,sens,sens_2016-01-04,2016-01-04,2020-12-31,false,true,"{""*"": 6, ""ACWX"": 3, ""AGG"": 1, ""BIL"": 1, ""BND"": 1.5, ""BTAL"": 6, ""DBC"": 3, ""DBMF"": 3, ""EEM"": 1, ""EFA"": 1, ""IEF"": 1, ""IWM"": 1, ""KMLM"": 6, ""LQD"": 1.5, ""QQQ"": 1, ""SCZ"": 5, ""SHY"": 1, ""SPY"": 0.7, ""TIP"": 2, ""TLT"": 1, ""TQQQ"": 1.5, ""VEA"": 1.5, ""VEU"": 2, ""VNQ"": 1.5, ""VTI"": 1, ""VWO"": 2}",0.03000000,tests/data/2026-08-24-net15,12M,TIP/1,IEF,0.00330433,0.01246632,0.00332393,0.01254877,59678.62365300,39500.00000000,20178.62365300,0.51085123,0.13531233,0.13325655,0.85571838,0.16422350,1.14903242,0.40126784,-0.33721199,,2019,0.17414124,2020,0.04911776,793848.47163348,67.39950469,2.48204203,0.00170632,,,0.24951253,0.00000000,0.74716354,0.00000000
ROT SPY top1 12M fb best(BIL+IEF),sens,sens_2016-01-04,2016-01-04,2020-12-31,false,true,"{""*"": 6, ""ACWX"": 3, ""AGG"": 1, ""BIL"": 1, ""BND"": 1.5, ""BTAL"": 6, ""DBC"": 3, ""DBMF"": 3, ""EEM"": 1, ""EFA"": 1, ""IEF"": 1, ""IWM"": 1, ""KMLM"": 6, ""LQD"": 1.5, ""QQQ"": 1, ""SCZ"": 5, ""SHY"": 1, ""SPY"": 0.7, ""TIP"": 2, ""TLT"": 1, ""TQQQ"": 1.5, ""VEA"": 1.5, ""VEU"": 2, ""VNQ"": 1.5, ""VTI"": 1, ""VWO"": 2}",0.03000000,tests/data/2026-08-24-net15,12M,,best(BIL+IEF),0.00480128,0.01423768,0.00481248,0.01423874,52123.01485750,39500.00000000,12623.01485750,0.31957000,0.08809516,0.08912404,0.56662397,0.17680993,0.75894615,0.26228005,-0.33588204,,2017,0.21265618,2018,-0.04832156,412975.30579690,35.54613933,1.42296034,0.00089990,0.01664470,0.00000000,0.06648662,0.00000000,0.91205620,0.00000000
ROT SPY top1 12M fb IEF,sens,sens_2016-01-04,2016-01-04,2020-12-31,false,true,"{""*"": 6, ""ACWX"": 3, ""AGG"": 1, ""BIL"": 1, ""BND"": 1.5, ""BTAL"": 6, ""DBC"": 3, ""DBMF"": 3, ""EEM"": 1, ""EFA"": 1, ""IEF"": 1, ""IWM"": 1, ""KMLM"": 6, ""LQD"": 1.5, ""QQQ"": 1, ""SCZ"": 5, ""SHY"": 1, ""SPY"": 0.7, ""TIP"": 2, ""TLT"": 1, ""TQQQ"": 1.5, ""VEA"": 1.5, ""VEU"": 2, ""VNQ"": 1.5, ""VTI"": 1, ""VWO"": 2}",0.03000000,tests/data/2026-08-24-net15,12M,,IEF,0.00473199,0.01423768,0.00474156,0.01423874,52258.82991588,39500.00000000,12758.82991588,0.32300835,0.08892156,0.08996806,0.57001258,0.17722023,0.76352056,0.26408698,-0.33671316,,2017,0.21265618,2018,-0.04832153,350686.33552037,29.30227458,1.20593242,0.00074183,,,0.08313328,0.00000000,0.91212516,0.00000000
SPY60/IEF40,sens,sens_2016-01-04,2016-01-04,2020-12-31,true,true,"{""*"": 6, ""ACWX"": 3, ""AGG"": 1, ""BIL"": 1, ""BND"": 1.5, ""BTAL"": 6, ""DBC"": 3, ""DBMF"": 3, ""EEM"": 1, ""EFA"": 1, ""IEF"": 1, ""IWM"": 1, ""KMLM"": 6, ""LQD"": 1.5, ""QQQ"": 1, ""SCZ"": 5, ""SHY"": 1, ""SPY"": 0.7, ""TIP"": 2, ""TLT"": 1, ""TQQQ"": 1.5, ""VEA"": 1.5, ""VEU"": 2, ""VNQ"": 1.5, ""VTI"": 1, ""VWO"": 2}",0.03000000,tests/data/2026-08-24-net15,,,,0.00689841,0.02028409,0.00537343,0.01410529,56836.83169076,39500.00000000,17336.83169076,0.43890713,0.10942899,0.11729493,1.06759633,0.10217576,1.47253323,0.58319466,-0.18763716,110,2019,0.21362318,2018,-0.02315415,56413.06296406,4.81115927,0.18912580,0.00012180,,,0.39826262,0.39272810,0.59483715,0.58589471
SPY benchmark,sens,sens_2016-01-04,2016-01-04,2020-12-31,true,true,"{""*"": 6, ""ACWX"": 3, ""AGG"": 1, ""BIL"": 1, ""BND"": 1.5, ""BTAL"": 6, ""DBC"": 3, ""DBMF"": 3, ""EEM"": 1, ""EFA"": 1, ""IEF"": 1, ""IWM"": 1, ""KMLM"": 6, ""LQD"": 1.5, ""QQQ"": 1, ""SCZ"": 5, ""SHY"": 1, ""SPY"": 0.7, ""TIP"": 2, ""TLT"": 1, ""TQQQ"": 1.5, ""VEA"": 1.5, ""VEU"": 2, ""VNQ"": 1.5, ""VTI"": 1, ""VWO"": 2}",0.03000000,tests/data/2026-08-24-net15,,,,0.00438019,0.01116430,0.00438144,0.01116527,64313.55190754,39500.00000000,24813.55190754,0.62819119,0.15077401,0.15785704,0.84098770,0.18818934,1.15589326,0.44653035,-0.33765679,173,2019,0.30809701,2018,-0.04781253,39443.59218216,2.76105145,0.12267662,0.00006990,,,,,0.99561856,0.98883473
ROT SPY top1 1-3-6-12U can TIP/1 fb best(BIL+IEF),sens,sens_2016-07-01,2016-07-01,2021-07-01,false,true,"{""*"": 6, ""ACWX"": 3, ""AGG"": 1, ""BIL"": 1, ""BND"": 1.5, ""BTAL"": 6, ""DBC"": 3, ""DBMF"": 3, ""EEM"": 1, ""EFA"": 1, ""IEF"": 1, ""IWM"": 1, ""KMLM"": 6, ""LQD"": 1.5, ""QQQ"": 1, ""SCZ"": 5, ""SHY"": 1, ""SPY"": 0.7, ""TIP"": 2, ""TLT"": 1, ""TQQQ"": 1.5, ""VEA"": 1.5, ""VEU"": 2, ""VNQ"": 1.5, ""VTI"": 1, ""VWO"": 2}",0.03000000,tests/data/2026-08-24-net15,1-3-6-12U,TIP/1,best(BIL+IEF),0.00359702,0.01413322,0.00362169,0.01413439,71594.38481165,40000.00000000,31594.38481165,0.78985962,0.17266656,0.19099369,1.39054224,0.11994784,1.89998251,1.28477940,-0.13439393,107,2020,0.24379235,2016,0.05404249,901465.26670770,77.15266613,2.74104407,0.00192882,0.16363471,0.00000000,0.06548590,0.00000000,0.76725770,0.00000000
ROT SPY top1 1-3-6-12U can TIP/1 fb IEF,sens,sens_2016-07-01,2016-07-01,2021-07-01,false,true,"{""*"": 6, ""ACWX"": 3, ""AGG"": 1, ""BIL"": 1, ""BND"": 1.5, ""BTAL"": 6, ""DBC"": 3, ""DBMF"": 3, ""EEM"": 1, ""EFA"": 1, ""IEF"": 1, ""IWM"": 1, ""KMLM"": 6, ""LQD"": 1.5, ""QQQ"": 1, ""SCZ"": 5, ""SHY"": 1, ""SPY"": 0.7, ""TIP"": 2, ""TLT"": 1, ""TQQQ"": 1.5, ""VEA"": 1.5, ""VEU"": 2, ""VNQ"": 1.5, ""VTI"": 1, ""VWO"": 2}",0.03000000,tests/data/2026-08-24-net15,1-3-6-12U,TIP/1,IEF,0.00390307,0.01413322,0.00392611,0.01413439,74541.03339528,40000.00000000,34541.03339528,0.86352583,0.18778408,0.20454133,1.48398862,0.12114172,2.03087658,1.39663534,-0.13445462,107,2020,0.24336276,2016,0.05220154,866973.33673676,73.31412184,2.54077133,0.00183285,,,0.22890409,0.00000000,0.76716980,0.00000000
ROT SPY top1 1-3-6-12U fb best(BIL+IEF),sens,sens_2016-07-01,2016-07-01,2021-07-01,false,true,"{""*"": 6, ""ACWX"": 3, ""AGG"": 1, ""BIL"": 1, ""BND"": 1.5, ""BTAL"": 6, ""DBC"": 3, ""DBMF"": 3, ""EEM"": 1, ""EFA"": 1, ""IEF"": 1, ""IWM"": 1, ""KMLM"": 6, ""LQD"": 1.5, ""QQQ"": 1, ""SCZ"": 5, ""SHY"": 1, ""SPY"": 0.7, ""TIP"": 2, ""TLT"": 1, ""TQQQ"": 1.5, ""VEA"": 1.5, ""VEU"": 2, ""VNQ"": 1.5, ""VTI"": 1, ""VWO"": 2}",0.03000000,tests/data/2026-08-24-net15,1-3-6-12U,,best(BIL+IEF),0.00479743,0.01413322,0.00480961,0.01413439,66216.63979816,40000.00000000,26216.63979816,0.65541599,0.15167007,0.16490604,1.12534063,0.13367534,1.52817349,0.73340140,-0.20680363,483,2020,0.24453163,2018,-0.06355624,529762.84899500,44.52765880,1.69637339,0.00111319,0.01635979,0.00000000,0.06545932,0.00000000,0.91337127,0.00000000
ROT SPY top1 1-3-6-12U fb IEF,sens,sens_2016-07-01,2016-07-01,2021-07-01,false,true,"{""*"": 6, ""ACWX"": 3, ""AGG"": 1, ""BIL"": 1, ""BND"": 1.5, ""BTAL"": 6, ""DBC"": 3, ""DBMF"": 3, ""EEM"": 1, ""EFA"": 1, ""IEF"": 1, ""IWM"": 1, ""KMLM"": 6, ""LQD"": 1.5, ""QQQ"": 1, ""SCZ"": 5, ""SHY"": 1, ""SPY"": 0.7, ""TIP"": 2, ""TLT"": 1, ""TQQQ"": 1.5, ""VEA"": 1.5, ""VEU"": 2, ""VNQ"": 1.5, ""VTI"": 1, ""VWO"": 2}",0.03000000,tests/data/2026-08-24-net15,1-3-6-12U,,IEF,0.00470708,0.01413322,0.00471926,0.01413439,66680.82799115,40000.00000000,26680.82799115,0.66702070,0.15412021,0.16723264,1.14037658,0.13379409,1.54871192,0.77591448,-0.19863041,476,2020,0.24397128,2018,-0.05350673,534503.02672488,44.92209015,1.70179969,0.00112305,,,0.08180696,0.00000000,0.91347378,0.00000000
ROT SPY top1 13612W can TIP/1 fb best(BIL+IEF),sens,sens_2016-07-01,2016-07-01,2021-07-01,false,true,"{""*"": 6, ""ACWX"": 3, ""AGG"": 1, ""BIL"": 1, ""BND"": 1.5, ""BTAL"": 6, ""DBC"": 3, ""DBMF"": 3, ""EEM"": 1, ""EFA"": 1, ""IEF"": 1, ""IWM"": 1, ""KMLM"": 6, ""LQD"": 1.5, ""QQQ"": 1, ""SCZ"": 5, ""SHY"": 1, ""SPY"": 0.7, ""TIP"": 2, ""TLT"": 1, ""TQQQ"": 1.5, ""VEA"": 1.5, ""VEU"": 2, ""VNQ"": 1.5, ""VTI"": 1, ""VWO"": 2}",0.03000000,tests/data/2026-08-24-net15,13612W,TIP/1,best(BIL+IEF),0.00346928,0.01413322,0.00349672,0.01413439,65578.46985915,40000.00000000,25578.46985915,0.63946175,0.14926156,0.16168294,1.32386984,0.10984751,1.80379370,1.11609153,-0.13373595,107,2020,0.24457251,2016,0.01624517,1151323.21888043,98.44025298,3.53442016,0.00246101,0.22911518,0.00000000,0.08184208,0.00000000,0.68554602,0.00000000
ROT SPY top1 13612W can TIP/1 fb IEF,sens,sens_2016-07-01,2016-07-01,2021-07-01,false,true,"{""*"": 6, ""ACWX"": 3, ""AGG"": 1, ""BIL"": 1, ""BND"": 1.5, ""BTAL"": 6, ""DBC"": 3, ""DBMF"": 3, ""EEM"": 1, ""EFA"": 1, ""IEF"": 1, ""IWM"": 1, ""KMLM"": 6, ""LQD"": 1.5, ""QQQ"": 1, ""SCZ"": 5, ""SHY"": 1, ""SPY"": 0.7, ""TIP"": 2, ""TLT"": 1, ""TQQQ"": 1.5, ""VEA"": 1.5, ""VEU"": 2, ""VNQ"": 1.5, ""VTI"": 1, ""VWO"": 2}",0.03000000,tests/data/2026-08-24-net15,13612W,TIP/1,IEF,0.00385973,0.01413322,0.00388558,0.01413439,64110.41736630,40000.00000000,24110.41736630,0.60276043,0.13826790,0.15415807,1.21219658,0.11224138,1.65008398,1.03113218,-0.13409328,107,2020,0.24402016,2016,-0.02818095,1074739.59751444,91.04811612,3.35598728,0.00227620,,,0.31089413,0.00000000,0.68522029,0.00000000
ROT SPY top1 13612W fb best(BIL+IEF),sens,sens_2016-07-01,2016-07-01,2021-07-01,false,true,"{""*"": 6, ""ACWX"": 3, ""AGG"": 1, ""BIL"": 1, ""BND"": 1.5, ""BTAL"": 6, ""DBC"": 3, ""DBMF"": 3, ""EEM"": 1, ""EFA"": 1, ""IEF"": 1, ""IWM"": 1, ""KMLM"": 6, ""LQD"": 1.5, ""QQQ"": 1, ""SCZ"": 5, ""SHY"": 1, ""SPY"": 0.7, ""TIP"": 2, ""TLT"": 1, ""TQQQ"": 1.5, ""VEA"": 1.5, ""VEU"": 2, ""VNQ"": 1.5, ""VTI"": 1, ""VWO"": 2}",0.03000000,tests/data/2026-08-24-net15,13612W,,best(BIL+IEF),0.00407177,0.01413322,0.00408939,0.01413439,65104.96121580,40000.00000000,25104.96121580,0.62762403,0.14186789,0.15927286,1.07718528,0.13142263,1.45874129,0.68142473,-0.20819305,483,2020,0.24436276,2018,-0.06899176,662229.43960229,55.80564178,2.16579958,0.00139514,0.04912228,0.00000000,0.06547674,0.00000000,0.88131159,0.00000000
ROT SPY top1 13612W fb IEF,sens,sens_2016-07-01,2016-07-01,2021-07-01,false,true,"{""*"": 6, ""ACWX"": 3, ""AGG"": 1, ""BIL"": 1, ""BND"": 1.5, ""BTAL"": 6, ""DBC"": 3, ""DBMF"": 3, ""EEM"": 1, ""EFA"": 1, ""IEF"": 1, ""IWM"": 1, ""KMLM"": 6, ""LQD"": 1.5, ""QQQ"": 1, ""SCZ"": 5, ""SHY"": 1, ""SPY"": 0.7, ""TIP"": 2, ""TLT"": 1, ""TQQQ"": 1.5, ""VEA"": 1.5, ""VEU"": 2, ""VNQ"": 1.5, ""VTI"": 1, ""VWO"": 2}",0.03000000,tests/data/2026-08-24-net15,13612W,,IEF,0.00476409,0.01413322,0.00478170,0.01413439,64067.75145252,40000.00000000,24067.75145252,0.60169379,0.13136059,0.15393702,1.00393747,0.13183957,1.35736536,0.66049017,-0.19888349,480,2020,0.24402680,2018,-0.07120590,646485.84312437,54.47404852,2.16239334,0.00136185,,,0.11454849,0.00000000,0.88066981,0.00000000
ROT SPY top1 12M can TIP/1 fb best(BIL+IEF),sens,sens_2016-07-01,2016-07-01,2021-07-01,false,true,"{""*"": 6, ""ACWX"": 3, ""AGG"": 1, ""BIL"": 1, ""BND"": 1.5, ""BTAL"": 6, ""DBC"": 3, ""DBMF"": 3, ""EEM"": 1, ""EFA"": 1, ""IEF"": 1, ""IWM"": 1, ""KMLM"": 6, ""LQD"": 1.5, ""QQQ"": 1, ""SCZ"": 5, ""SHY"": 1, ""SPY"": 0.7, ""TIP"": 2, ""TLT"": 1, ""TQQQ"": 1.5, ""VEA"": 1.5, ""VEU"": 2, ""VNQ"": 1.5, ""VTI"": 1, ""VWO"": 2}",0.03000000,tests/data/2026-08-24-net15,12M,TIP/1,best(BIL+IEF),0.00388743,0.01413322,0.00390667,0.01413439,62576.34439920,40000.00000000,22576.34439920,0.56440861,0.13793500,0.14612396,0.86685523,0.16520422,1.16920140,0.41037343,-0.33612068,323,2019,0.16787324,2020,0.04974320,699065.31320359,59.93359551,2.25421456,0.00149834,0.16362231,0.00000000,0.03274542,0.00000000,0.79972561,0.00000000
ROT SPY top1 12M can TIP/1 fb IEF,sens,sens_2016-07-01,2016-07-01,2021-07-01,false,true,"{""*"": 6, ""ACWX"": 3, ""AGG"": 1, ""BIL"": 1, ""BND"": 1.5, ""BTAL"": 6, ""DBC"": 3, ""DBMF"": 3, ""EEM"": 1, ""EFA"": 1, ""IEF"": 1, ""IWM"": 1, ""KMLM"": 6, ""LQD"": 1.5, ""QQQ"": 1, ""SCZ"": 5, ""SHY"": 1, ""SPY"": 0.7, ""TIP"": 2, ""TLT"": 1, ""TQQQ"": 1.5, ""VEA"": 1.5, ""VEU"": 2, ""VNQ"": 1.5, ""VTI"": 1, ""VWO"": 2}",0.03000000,tests/data/2026-08-24-net15,12M,TIP/1,IEF,0.00425833,0.01413322,0.00427595,0.01413439,65168.45559593,40000.00000000,25168.45559593,0.62921139,0.15282866,0.15959697,0.94021285,0.16638197,1.26977864,0.45263025,-0.33764571,323,2019,0.17408159,2020,0.04857758,655383.79946323,55.30001656,2.03762510,0.00138250,,,0.19637922,0.00000000,0.79934483,0.00000000
ROT SPY top1 12M fb best(BIL+IEF),sens,sens_2016-07-01,2016-07-01,2021-07-01,false,true,"{""*"": 6, ""ACWX"": 3, ""AGG"": 1, ""BIL"": 1, ""BND"": 1.5, ""BTAL"": 6, ""DBC"": 3, ""DBMF"": 3, ""EEM"": 1, ""EFA"": 1, ""IEF"": 1, ""IWM"": 1, ""KMLM"": 6, ""LQD"": 1.5, ""QQQ"": 1, ""SCZ"": 5, ""SHY"": 1, ""SPY"": 0.7, ""TIP"": 2, ""TLT"": 1, ""TQQQ"": 1.5, ""VEA"": 1.5, ""VEU"": 2, ""VNQ"": 1.5, ""VTI"": 1, ""VWO"": 2}",0.03000000,tests/data/2026-08-24-net15,12M,,best(BIL+IEF),0.00506047,0.01413322,0.00506879,0.01413439,58673.36982911,40000.00000000,18673.36982911,0.46683425,0.11962913,0.12483571,0.73024836,0.17649929,0.98437509,0.35584957,-0.33617895,323,2017,0.21219591,2018,-0.04755022,335576.07179714,28.81495300,1.12873027,0.00072037,0.01637604,0.00000000,0.03269104,0.00000000,0.94586413,0.00000000
ROT SPY top1 12M fb IEF,sens,sens_2016-07-01,2016-07-01,2021-07-01,false,true,"{""*"": 6, ""ACWX"": 3, ""AGG"": 1, ""BIL"": 1, ""BND"": 1.5, ""BTAL"": 6, ""DBC"": 3, ""DBMF"": 3, ""EEM"": 1, ""EFA"": 1, ""IEF"": 1, ""IWM"": 1, ""KMLM"": 6, ""LQD"": 1.5, ""QQQ"": 1, ""SCZ"": 5, ""SHY"": 1, ""SPY"": 0.7, ""TIP"": 2, ""TLT"": 1, ""TQQQ"": 1.5, ""VEA"": 1.5, ""VEU"": 2, ""VNQ"": 1.5, ""VTI"": 1, ""VWO"": 2}",0.03000000,tests/data/2026-08-24-net15,12M,,IEF,0.00503982,0.01413322,0.00504654,0.01413439,58884.12770942,40000.00000000,18884.12770942,0.47210319,0.12078114,0.12601819,0.73462681,0.17696275,0.99052871,0.35882586,-0.33660099,323,2017,0.21219591,2018,-0.04755004,280802.44355089,23.32544524,0.94221421,0.00058314,,,0.04906272,0.00000000,0.94589075,0.00000000
SPY60/IEF40,sens,sens_2016-07-01,2016-07-01,2021-07-01,true,true,"{""*"": 6, ""ACWX"": 3, ""AGG"": 1, ""BIL"": 1, ""BND"": 1.5, ""BTAL"": 6, ""DBC"": 3, ""DBMF"": 3, ""EEM"": 1, ""EFA"": 1, ""IEF"": 1, ""IWM"": 1, ""KMLM"": 6, ""LQD"": 1.5, ""QQQ"": 1, ""SCZ"": 5, ""SHY"": 1, ""SPY"": 0.7, ""TIP"": 2, ""TLT"": 1, ""TQQQ"": 1.5, ""VEA"": 1.5, ""VEU"": 2, ""VNQ"": 1.5, ""VTI"": 1, ""VWO"": 2}",0.03000000,tests/data/2026-08-24-net15,,,,0.00719118,0.02125743,0.00550805,0.01568642,58465.13314731,40000.00000000,18465.13314731,0.46162833,0.11186240,0.12366351,1.08366449,0.10291519,1.48973046,0.59098706,-0.18928062,110,2019,0.21337602,2018,-0.02312733,55570.16798483,4.78330041,0.18498138,0.00011958,,,0.39794660,0.39297866,0.59486041,0.58431358
SPY benchmark,sens,sens_2016-07-01,2016-07-01,2021-07-01,true,true,"{""*"": 6, ""ACWX"": 3, ""AGG"": 1, ""BIL"": 1, ""BND"": 1.5, ""BTAL"": 6, ""DBC"": 3, ""DBMF"": 3, ""EEM"": 1, ""EFA"": 1, ""IEF"": 1, ""IWM"": 1, ""KMLM"": 6, ""LQD"": 1.5, ""QQQ"": 1, ""SCZ"": 5, ""SHY"": 1, ""SPY"": 0.7, ""TIP"": 2, ""TLT"": 1, ""TQQQ"": 1.5, ""VEA"": 1.5, ""VEU"": 2, ""VNQ"": 1.5, ""VTI"": 1, ""VWO"": 2}",0.03000000,tests/data/2026-08-24-net15,,,,0.00458790,0.01413322,0.00458912,0.01413439,70113.15059939,40000.00000000,30113.15059939,0.75282876,0.17219162,0.18399122,0.94835887,0.18622128,1.30757641,0.50999476,-0.33763410,173,2019,0.30723778,2018,-0.04738887,39802.44226504,2.78617096,0.12098762,0.00006965,,,,,0.99541088,0.98586561
ROT SPY top1 1-3-6-12U can TIP/1 fb best(BIL+IEF),sens,sens_2017-01-03,2017-01-03,2021-12-31,false,true,"{""*"": 6, ""ACWX"": 3, ""AGG"": 1, ""BIL"": 1, ""BND"": 1.5, ""BTAL"": 6, ""DBC"": 3, ""DBMF"": 3, ""EEM"": 1, ""EFA"": 1, ""IEF"": 1, ""IWM"": 1, ""KMLM"": 6, ""LQD"": 1.5, ""QQQ"": 1, ""SCZ"": 5, ""SHY"": 1, ""SPY"": 0.7, ""TIP"": 2, ""TLT"": 1, ""TQQQ"": 1.5, ""VEA"": 1.5, ""VEU"": 2, ""VNQ"": 1.5, ""VTI"": 1, ""VWO"": 2}",0.03000000,tests/data/2026-08-24-net15,1-3-6-12U,TIP/1,best(BIL+IEF),0.00417132,0.01427598,0.00419512,0.01427711,73741.76367377,39500.00000000,34241.76367377,0.86688009,0.18506272,0.20331150,1.43907484,0.12331549,1.97263555,1.38067149,-0.13403820,107,2021,0.28403320,2018,0.11256896,737294.90927297,63.34909742,2.15869966,0.00160377,0.14956694,0.00000000,0.06658385,0.00000000,0.77965409,0.00000000
ROT SPY top1 1-3-6-12U can TIP/1 fb IEF,sens,sens_2017-01-03,2017-01-03,2021-12-31,false,true,"{""*"": 6, ""ACWX"": 3, ""AGG"": 1, ""BIL"": 1, ""BND"": 1.5, ""BTAL"": 6, ""DBC"": 3, ""DBMF"": 3, ""EEM"": 1, ""EFA"": 1, ""IEF"": 1, ""IWM"": 1, ""KMLM"": 6, ""LQD"": 1.5, ""QQQ"": 1, ""SCZ"": 5, ""SHY"": 1, ""SPY"": 0.7, ""TIP"": 2, ""TLT"": 1, ""TQQQ"": 1.5, ""VEA"": 1.5, ""VEU"": 2, ""VNQ"": 1.5, ""VTI"": 1, ""VWO"": 2}",0.03000000,tests/data/2026-08-24-net15,1-3-6-12U,TIP/1,IEF,0.00432152,0.01638900,0.00434370,0.01639027,76537.22173871,39500.00000000,37037.22173871,0.93765118,0.20100020,0.21577772,1.53568169,0.12434461,2.10850039,1.49770671,-0.13420532,107,2021,0.28388881,2019,0.15334534,708719.02119609,60.14218756,1.99799154,0.00152259,,,0.21607318,0.00000000,0.77958312,0.00000000
ROT SPY top1 1-3-6-12U fb best(BIL+IEF),sens,sens_2017-01-03,2017-01-03,2021-12-31,false,true,"{""*"": 6, ""ACWX"": 3, ""AGG"": 1, ""BIL"": 1, ""BND"": 1.5, ""BTAL"": 6, ""DBC"": 3, ""DBMF"": 3, ""EEM"": 1, ""EFA"": 1, ""IEF"": 1, ""IWM"": 1, ""KMLM"": 6, ""LQD"": 1.5, ""QQQ"": 1, ""SCZ"": 5, ""SHY"": 1, ""SPY"": 0.7, ""TIP"": 2, ""TLT"": 1, ""TQQQ"": 1.5, ""VEA"": 1.5, ""VEU"": 2, ""VNQ"": 1.5, ""VTI"": 1, ""VWO"": 2}",0.03000000,tests/data/2026-08-24-net15,1-3-6-12U,,best(BIL+IEF),0.00520018,0.01698335,0.00521254,0.01698468,67886.68238245,39500.00000000,28386.68238245,0.71865019,0.15731834,0.17575974,1.14017830,0.13633995,1.55073508,0.75933983,-0.20717778,483,2021,0.28392993,2018,-0.06354884,454847.94651726,38.15893282,1.43140209,0.00096605,0.01663117,0.00000000,0.06651753,0.00000000,0.91163877,0.00000000
ROT SPY top1 1-3-6-12U fb IEF,sens,sens_2017-01-03,2017-01-03,2021-12-31,false,true,"{""*"": 6, ""ACWX"": 3, ""AGG"": 1, ""BIL"": 1, ""BND"": 1.5, ""BTAL"": 6, ""DBC"": 3, ""DBMF"": 3, ""EEM"": 1, ""EFA"": 1, ""IEF"": 1, ""IWM"": 1, ""KMLM"": 6, ""LQD"": 1.5, ""QQQ"": 1, ""SCZ"": 5, ""SHY"": 1, ""SPY"": 0.7, ""TIP"": 2, ""TLT"": 1, ""TQQQ"": 1.5, ""VEA"": 1.5, ""VEU"": 2, ""VNQ"": 1.5, ""VTI"": 1, ""VWO"": 2}",0.03000000,tests/data/2026-08-24-net15,1-3-6-12U,,IEF,0.00521788,0.01698335,0.00523023,0.01698468,68345.96993552,39500.00000000,28845.96993552,0.73027772,0.15994788,0.17799699,1.15648419,0.13638638,1.57298680,0.80746497,-0.19808646,476,2021,0.28389535,2018,-0.05287000,458408.38056206,38.46139484,1.43352159,0.00097371,,,0.08316176,0.00000000,0.91160800,0.00000000
ROT SPY top1 13612W can TIP/1 fb best(BIL+IEF),sens,sens_2017-01-03,2017-01-03,2021-12-31,false,true,"{""*"": 6, ""ACWX"": 3, ""AGG"": 1, ""BIL"": 1, ""BND"": 1.5, ""BTAL"": 6, ""DBC"": 3, ""DBMF"": 3, ""EEM"": 1, ""EFA"": 1, ""IEF"": 1, ""IWM"": 1, ""KMLM"": 6, ""LQD"": 1.5, ""QQQ"": 1, ""SCZ"": 5, ""SHY"": 1, ""SPY"": 0.7, ""TIP"": 2, ""TLT"": 1, ""TQQQ"": 1.5, ""VEA"": 1.5, ""VEU"": 2, ""VNQ"": 1.5, ""VTI"": 1, ""VWO"": 2}",0.03000000,tests/data/2026-08-24-net15,13612W,TIP/1,best(BIL+IEF),0.00399213,0.01427598,0.00402157,0.01427711,64051.83443985,39500.00000000,24551.83443985,0.62156543,0.15365694,0.15652521,1.31624732,0.11352257,1.79949733,1.14224805,-0.13452152,107,2020,0.24358941,2021,0.08999382,1221628.58944956,104.57694429,3.63155770,0.00264752,0.21621876,0.00000000,0.08321439,0.00000000,0.69654528,0.00000000
ROT SPY top1 13612W can TIP/1 fb IEF,sens,sens_2017-01-03,2017-01-03,2021-12-31,false,true,"{""*"": 6, ""ACWX"": 3, ""AGG"": 1, ""BIL"": 1, ""BND"": 1.5, ""BTAL"": 6, ""DBC"": 3, ""DBMF"": 3, ""EEM"": 1, ""EFA"": 1, ""IEF"": 1, ""IWM"": 1, ""KMLM"": 6, ""LQD"": 1.5, ""QQQ"": 1, ""SCZ"": 5, ""SHY"": 1, ""SPY"": 0.7, ""TIP"": 2, ""TLT"": 1, ""TQQQ"": 1.5, ""VEA"": 1.5, ""VEU"": 2, ""VNQ"": 1.5, ""VTI"": 1, ""VWO"": 2}",0.03000000,tests/data/2026-08-24-net15,13612W,TIP/1,IEF,0.00409288,0.01638900,0.00412070,0.01639027,63385.16145815,39500.00000000,23885.16145815,0.60468763,0.15211398,0.15307512,1.28580102,0.11533010,1.76062700,1.13201341,-0.13437472,107,2020,0.24335757,2021,0.06976000,1173330.31072872,99.71922981,3.48051858,0.00252454,,,0.29934984,0.00000000,0.69652946,0.00000000
ROT SPY top1 13612W fb best(BIL+IEF),sens,sens_2017-01-03,2017-01-03,2021-12-31,false,true,"{""*"": 6, ""ACWX"": 3, ""AGG"": 1, ""BIL"": 1, ""BND"": 1.5, ""BTAL"": 6, ""DBC"": 3, ""DBMF"": 3, ""EEM"": 1, ""EFA"": 1, ""IEF"": 1, ""IWM"": 1, ""KMLM"": 6, ""LQD"": 1.5, ""QQQ"": 1, ""SCZ"": 5, ""SHY"": 1, ""SPY"": 0.7, ""TIP"": 2, ""TLT"": 1, ""TQQQ"": 1.5, ""VEA"": 1.5, ""VEU"": 2, ""VNQ"": 1.5, ""VTI"": 1, ""VWO"": 2}",0.03000000,tests/data/2026-08-24-net15,13612W,,best(BIL+IEF),0.00540877,0.01698335,0.00542668,0.01698468,63339.71554771,39500.00000000,23839.71554771,0.60353710,0.14056040,0.15283874,1.05019323,0.13380117,1.42463933,0.68009384,-0.20667795,483,2020,0.24399771,2018,-0.06823547,769719.23805395,64.96783992,2.44292589,0.00164476,0.04992272,0.00000000,0.06650181,0.00000000,0.87814880,0.00000000
ROT SPY top1 13612W fb IEF,sens,sens_2017-01-03,2017-01-03,2021-12-31,false,true,"{""*"": 6, ""ACWX"": 3, ""AGG"": 1, ""BIL"": 1, ""BND"": 1.5, ""BTAL"": 6, ""DBC"": 3, ""DBMF"": 3, ""EEM"": 1, ""EFA"": 1, ""IEF"": 1, ""IWM"": 1, ""KMLM"": 6, ""LQD"": 1.5, ""QQQ"": 1, ""SCZ"": 5, ""SHY"": 1, ""SPY"": 0.7, ""TIP"": 2, ""TLT"": 1, ""TQQQ"": 1.5, ""VEA"": 1.5, ""VEU"": 2, ""VNQ"": 1.5, ""VTI"": 1, ""VWO"": 2}",0.03000000,tests/data/2026-08-24-net15,13612W,,IEF,0.00535440,0.01698335,0.00537231,0.01698468,63028.94669621,39500.00000000,23528.94669621,0.59566954,0.13889388,0.15121813,1.03713352,0.13411641,1.40696208,0.70186172,-0.19789351,476,2020,0.24411857,2018,-0.07075492,767719.11509002,64.79490729,2.44147098,0.00164038,,,0.11640080,0.00000000,0.87822689,0.00000000
ROT SPY top1 12M can TIP/1 fb best(BIL+IEF),sens,sens_2017-01-03,2017-01-03,2021-12-31,false,true,"{""*"": 6, ""ACWX"": 3, ""AGG"": 1, ""BIL"": 1, ""BND"": 1.5, ""BTAL"": 6, ""DBC"": 3, ""DBMF"": 3, ""EEM"": 1, ""EFA"": 1, ""IEF"": 1, ""IWM"": 1, ""KMLM"": 6, ""LQD"": 1.5, ""QQQ"": 1, ""SCZ"": 5, ""SHY"": 1, ""SPY"": 0.7, ""TIP"": 2, ""TLT"": 1, ""TQQQ"": 1.5, ""VEA"": 1.5, ""VEU"": 2, ""VNQ"": 1.5, ""VTI"": 1, ""VWO"": 2}",0.03000000,tests/data/2026-08-24-net15,12M,TIP/1,best(BIL+IEF),0.00453803,0.01698335,0.00455750,0.01698468,64366.09039748,39500.00000000,24866.09039748,0.62952128,0.14363655,0.15814020,0.88597515,0.16746730,1.19660097,0.42667392,-0.33664245,323,2021,0.28369086,2020,0.04984951,580092.62944749,49.68132191,1.85513141,0.00125775,0.16625509,0.00000000,0.03326520,0.00000000,0.79592221,0.00000000
ROT SPY top1 12M can TIP/1 fb IEF,sens,sens_2017-01-03,2017-01-03,2021-12-31,false,true,"{""*"": 6, ""ACWX"": 3, ""AGG"": 1, ""BIL"": 1, ""BND"": 1.5, ""BTAL"": 6, ""DBC"": 3, ""DBMF"": 3, ""EEM"": 1, ""EFA"": 1, ""IEF"": 1, ""IWM"": 1, ""KMLM"": 6, ""LQD"": 1.5, ""QQQ"": 1, ""SCZ"": 5, ""SHY"": 1, ""SPY"": 0.7, ""TIP"": 2, ""TLT"": 1, ""TQQQ"": 1.5, ""VEA"": 1.5, ""VEU"": 2, ""VNQ"": 1.5, ""VTI"": 1, ""VWO"": 2}",0.03000000,tests/data/2026-08-24-net15,12M,TIP/1,IEF,0.00430465,0.01698335,0.00432248,0.01698468,66760.96536727,39500.00000000,27260.96536727,0.69015102,0.15880005,0.17021778,0.96043520,0.16836070,1.29852422,0.47163120,-0.33670387,323,2021,0.28398817,2020,0.04941341,542797.64072225,45.73846656,1.67307775,0.00115794,,,0.19952571,0.00000000,0.79615181,0.00000000
ROT SPY top1 12M fb best(BIL+IEF),sens,sens_2017-01-03,2017-01-03,2021-12-31,false,true,"{""*"": 6, ""ACWX"": 3, ""AGG"": 1, ""BIL"": 1, ""BND"": 1.5, ""BTAL"": 6, ""DBC"": 3, ""DBMF"": 3, ""EEM"": 1, ""EFA"": 1, ""IEF"": 1, ""IWM"": 1, ""KMLM"": 6, ""LQD"": 1.5, ""QQQ"": 1, ""SCZ"": 5, ""SHY"": 1, ""SPY"": 0.7, ""TIP"": 2, ""TLT"": 1, ""TQQQ"": 1.5, ""VEA"": 1.5, ""VEU"": 2, ""VNQ"": 1.5, ""VTI"": 1, ""VWO"": 2}",0.03000000,tests/data/2026-08-24-net15,12M,,best(BIL+IEF),0.00491974,0.01698335,0.00492821,0.01698468,60585.16955978,39500.00000000,21085.16955978,0.53380176,0.12496728,0.13821427,0.74768598,0.17912388,1.00908807,0.37049682,-0.33729649,323,2021,0.28398515,2018,-0.04774058,291742.89763265,24.94969635,0.97995052,0.00063164,0.01662360,0.00000000,0.03328918,0.00000000,0.94515901,0.00000000
ROT SPY top1 12M fb IEF,sens,sens_2017-01-03,2017-01-03,2021-12-31,false,true,"{""*"": 6, ""ACWX"": 3, ""AGG"": 1, ""BIL"": 1, ""BND"": 1.5, ""BTAL"": 6, ""DBC"": 3, ""DBMF"": 3, ""EEM"": 1, ""EFA"": 1, ""IEF"": 1, ""IWM"": 1, ""KMLM"": 6, ""LQD"": 1.5, ""QQQ"": 1, ""SCZ"": 5, ""SHY"": 1, ""SPY"": 0.7, ""TIP"": 2, ""TLT"": 1, ""TQQQ"": 1.5, ""VEA"": 1.5, ""VEU"": 2, ""VNQ"": 1.5, ""VTI"": 1, ""VWO"": 2}",0.03000000,tests/data/2026-08-24-net15,12M,,IEF,0.00516781,0.01698335,0.00517464,0.01698468,60807.23763299,39500.00000000,21307.23763299,0.53942374,0.12628923,0.13941552,0.75492208,0.17891137,1.01898447,0.37573420,-0.33611323,323,2021,0.28322465,2018,-0.04774045,245442.09482142,20.32277847,0.82179160,0.00051450,,,0.04986287,0.00000000,0.94496249,0.00000000
SPY60/IEF40,sens,sens_2017-01-03,2017-01-03,2021-12-31,true,true,"{""*"": 6, ""ACWX"": 3, ""AGG"": 1, ""BIL"": 1, ""BND"": 1.5, ""BTAL"": 6, ""DBC"": 3, ""DBMF"": 3, ""EEM"": 1, ""EFA"": 1, ""IEF"": 1, ""IWM"": 1, ""KMLM"": 6, ""LQD"": 1.5, ""QQQ"": 1, ""SCZ"": 5, ""SHY"": 1, ""SPY"": 0.7, ""TIP"": 2, ""TLT"": 1, ""TQQQ"": 1.5, ""VEA"": 1.5, ""VEU"": 2, ""VNQ"": 1.5, ""VTI"": 1, ""VWO"": 2}",0.03000000,tests/data/2026-08-24-net15,,,,0.00740557,0.02040296,0.00553972,0.01424796,59218.26282841,39500.00000000,19718.26282841,0.49919653,0.12186146,0.13073030,1.16581069,0.10322179,1.60776217,0.64897731,-0.18777461,110,2019,0.21282363,2018,-0.02264159,54884.23441660,4.69938728,0.17780790,0.00011897,,,0.39798147,0.39273841,0.59461114,0.58575204
SPY benchmark,sens,sens_2017-01-03,2017-01-03,2021-12-31,true,true,"{""*"": 6, ""ACWX"": 3, ""AGG"": 1, ""BIL"": 1, ""BND"": 1.5, ""BTAL"": 6, ""DBC"": 3, ""DBMF"": 3, ""EEM"": 1, ""EFA"": 1, ""IEF"": 1, ""IWM"": 1, ""KMLM"": 6, ""LQD"": 1.5, ""QQQ"": 1, ""SCZ"": 5, ""SHY"": 1, ""SPY"": 0.7, ""TIP"": 2, ""TLT"": 1, ""TQQQ"": 1.5, ""VEA"": 1.5, ""VEU"": 2, ""VNQ"": 1.5, ""VTI"": 1, ""VWO"": 2}",0.03000000,tests/data/2026-08-24-net15,,,,0.00469486,0.01698335,0.00469610,0.01698468,71503.44814707,39500.00000000,32003.44814707,0.81021388,0.17820674,0.19301987,0.96646366,0.18813023,1.33331137,0.52828060,-0.33733348,173,2019,0.30750436,2018,-0.04757823,39272.78233233,2.74909476,0.11717650,0.00006960,,,,,0.99530390,0.98301532
ROT SPY top1 1-3-6-12U can TIP/1 fb best(BIL+IEF),sens,sens_2017-07-03,2017-07-03,2022-07-01,false,true,"{""*"": 6, ""ACWX"": 3, ""AGG"": 1, ""BIL"": 1, ""BND"": 1.5, ""BTAL"": 6, ""DBC"": 3, ""DBMF"": 3, ""EEM"": 1, ""EFA"": 1, ""IEF"": 1, ""IWM"": 1, ""KMLM"": 6, ""LQD"": 1.5, ""QQQ"": 1, ""SCZ"": 5, ""SHY"": 1, ""SPY"": 0.7, ""TIP"": 2, ""TLT"": 1, ""TQQQ"": 1.5, ""VEA"": 1.5, ""VEU"": 2, ""VNQ"": 1.5, ""VTI"": 1, ""VWO"": 2}",0.03000000,tests/data/2026-08-24-net15,1-3-6-12U,TIP/1,best(BIL+IEF),0.00335598,0.00929928,0.00338083,0.00930049,67838.76518752,40000.00000000,27838.76518752,0.69596913,0.16459915,0.17308565,1.25794699,0.12772349,1.72832392,1.22518375,-0.13434650,107,2021,0.28395159,2022,-0.01744954,954509.26287265,81.71066871,2.75058685,0.00204277,0.21277019,0.00000000,0.06546482,0.00000000,0.71838417,0.00000000
ROT SPY top1 1-3-6-12U can TIP/1 fb IEF,sens,sens_2017-07-03,2017-07-03,2022-07-01,false,true,"{""*"": 6, ""ACWX"": 3, ""AGG"": 1, ""BIL"": 1, ""BND"": 1.5, ""BTAL"": 6, ""DBC"": 3, ""DBMF"": 3, ""EEM"": 1, ""EFA"": 1, ""IEF"": 1, ""IWM"": 1, ""KMLM"": 6, ""LQD"": 1.5, ""QQQ"": 1, ""SCZ"": 5, ""SHY"": 1, ""SPY"": 0.7, ""TIP"": 2, ""TLT"": 1, ""TQQQ"": 1.5, ""VEA"": 1.5, ""VEU"": 2, ""VNQ"": 1.5, ""VTI"": 1, ""VWO"": 2}",0.03000000,tests/data/2026-08-24-net15,1-3-6-12U,TIP/1,IEF,0.00363460,0.01486955,0.00365779,0.01495224,67439.49313332,40000.00000000,27439.49313332,0.68598733,0.17138332,0.17111520,1.27403130,0.13100819,1.75248877,1.28350494,-0.13352759,107,2021,0.28366523,2022,-0.05566203,941085.36845622,79.95147091,2.62655330,0.00199879,,,0.27797330,0.00000000,0.71836891,0.00000000
ROT SPY top1 1-3-6-12U fb best(BIL+IEF),sens,sens_2017-07-03,2017-07-03,2022-07-01,false,true,"{""*"": 6, ""ACWX"": 3, ""AGG"": 1, ""BIL"": 1, ""BND"": 1.5, ""BTAL"": 6, ""DBC"": 3, ""DBMF"": 3, ""EEM"": 1, ""EFA"": 1, ""IEF"": 1, ""IWM"": 1, ""KMLM"": 6, ""LQD"": 1.5, ""QQQ"": 1, ""SCZ"": 5, ""SHY"": 1, ""SPY"": 0.7, ""TIP"": 2, ""TLT"": 1, ""TQQQ"": 1.5, ""VEA"": 1.5, ""VEU"": 2, ""VNQ"": 1.5, ""VTI"": 1, ""VWO"": 2}",0.03000000,tests/data/2026-08-24-net15,1-3-6-12U,,best(BIL+IEF),0.00581271,0.01606926,0.00582622,0.01607070,55896.24407207,40000.00000000,15896.24407207,0.39740610,0.10764240,0.10894373,0.77333729,0.14613406,1.04141995,0.52003926,-0.20698899,483,2021,0.28320761,2022,-0.12900909,495016.42384311,41.61826996,1.55929239,0.00104046,0.06548871,0.00000000,0.06547191,0.00000000,0.86321316,0.00000000
ROT SPY top1 1-3-6-12U fb IEF,sens,sens_2017-07-03,2017-07-03,2022-07-01,false,true,"{""*"": 6, ""ACWX"": 3, ""AGG"": 1, ""BIL"": 1, ""BND"": 1.5, ""BTAL"": 6, ""DBC"": 3, ""DBMF"": 3, ""EEM"": 1, ""EFA"": 1, ""IEF"": 1, ""IWM"": 1, ""KMLM"": 6, ""LQD"": 1.5, ""QQQ"": 1, ""SCZ"": 5, ""SHY"": 1, ""SPY"": 0.7, ""TIP"": 2, ""TLT"": 1, ""TQQQ"": 1.5, ""VEA"": 1.5, ""VEU"": 2, ""VNQ"": 1.5, ""VTI"": 1, ""VWO"": 2}",0.03000000,tests/data/2026-08-24-net15,1-3-6-12U,,IEF,0.00585628,0.01606926,0.00586979,0.01607070,56602.03780443,40000.00000000,16602.03780443,0.41505095,0.11159902,0.11307133,0.79119915,0.14762132,1.06636899,0.56303828,-0.19820859,476,2021,0.28369076,2022,-0.12331855,498747.26421209,41.92560032,1.56218913,0.00104814,,,0.13093347,0.00000000,0.86319673,0.00000000
ROT SPY top1 13612W can TIP/1 fb best(BIL+IEF),sens,sens_2017-07-03,2017-07-03,2022-07-01,false,true,"{""*"": 6, ""ACWX"": 3, ""AGG"": 1, ""BIL"": 1, ""BND"": 1.5, ""BTAL"": 6, ""DBC"": 3, ""DBMF"": 3, ""EEM"": 1, ""EFA"": 1, ""IEF"": 1, ""IWM"": 1, ""KMLM"": 6, ""LQD"": 1.5, ""QQQ"": 1, ""SCZ"": 5, ""SHY"": 1, ""SPY"": 0.7, ""TIP"": 2, ""TLT"": 1, ""TQQQ"": 1.5, ""VEA"": 1.5, ""VEU"": 2, ""VNQ"": 1.5, ""VTI"": 1, ""VWO"": 2}",0.03000000,tests/data/2026-08-24-net15,13612W,TIP/1,best(BIL+IEF),0.00371006,0.01956542,0.00373765,0.01964711,57353.93828542,40000.00000000,17353.93828542,0.43384846,0.12581572,0.11741634,1.09722775,0.11402219,1.49144834,0.93627774,-0.13437864,107,2020,0.24351736,2022,-0.05210088,1105734.63774487,94.65159647,3.32342386,0.00236629,0.29468191,0.00000000,0.08182184,0.00000000,0.61975860,0.00000000
ROT SPY top1 13612W can TIP/1 fb IEF,sens,sens_2017-07-03,2017-07-03,2022-07-01,false,true,"{""*"": 6, ""ACWX"": 3, ""AGG"": 1, ""BIL"": 1, ""BND"": 1.5, ""BTAL"": 6, ""DBC"": 3, ""DBMF"": 3, ""EEM"": 1, ""EFA"": 1, ""IEF"": 1, ""IWM"": 1, ""KMLM"": 6, ""LQD"": 1.5, ""QQQ"": 1, ""SCZ"": 5, ""SHY"": 1, ""SPY"": 0.7, ""TIP"": 2, ""TLT"": 1, ""TQQQ"": 1.5, ""VEA"": 1.5, ""VEU"": 2, ""VNQ"": 1.5, ""VTI"": 1, ""VWO"": 2}",0.03000000,tests/data/2026-08-24-net15,13612W,TIP/1,IEF,0.00396988,0.01368662,0.00399587,0.01368783,52522.76985086,40000.00000000,12522.76985086,0.31306925,0.10645387,0.08851906,0.90704986,0.11949249,1.23143545,0.57082030,-0.18649279,,2020,0.24318029,2022,-0.12582638,1064668.52213807,90.55491939,3.22494207,0.00226387,,,0.37622118,0.00000000,0.61978295,0.00000000
ROT SPY top1 13612W fb best(BIL+IEF),sens,sens_2017-07-03,2017-07-03,2022-07-01,false,true,"{""*"": 6, ""ACWX"": 3, ""AGG"": 1, ""BIL"": 1, ""BND"": 1.5, ""BTAL"": 6, ""DBC"": 3, ""DBMF"": 3, ""EEM"": 1, ""EFA"": 1, ""IEF"": 1, ""IWM"": 1, ""KMLM"": 6, ""LQD"": 1.5, ""QQQ"": 1, ""SCZ"": 5, ""SHY"": 1, ""SPY"": 0.7, ""TIP"": 2, ""TLT"": 1, ""TQQQ"": 1.5, ""VEA"": 1.5, ""VEU"": 2, ""VNQ"": 1.5, ""VTI"": 1, ""VWO"": 2}",0.03000000,tests/data/2026-08-24-net15,13612W,,best(BIL+IEF),0.00536479,0.01606926,0.00538652,0.01607070,52032.83364839,40000.00000000,12032.83364839,0.30082084,0.09004395,0.08545138,0.69498466,0.13785460,0.92870083,0.43349162,-0.20771785,483,2020,0.24349870,2022,-0.13471750,974945.43505365,82.48963627,3.12883365,0.00206224,0.13099415,0.00000000,0.06544746,0.00000000,0.79817188,0.00000000
ROT SPY top1 13612W fb IEF,sens,sens_2017-07-03,2017-07-03,2022-07-01,false,true,"{""*"": 6, ""ACWX"": 3, ""AGG"": 1, ""BIL"": 1, ""BND"": 1.5, ""BTAL"": 6, ""DBC"": 3, ""DBMF"": 3, ""EEM"": 1, ""EFA"": 1, ""IEF"": 1, ""IWM"": 1, ""KMLM"": 6, ""LQD"": 1.5, ""QQQ"": 1, ""SCZ"": 5, ""SHY"": 1, ""SPY"": 0.7, ""TIP"": 2, ""TLT"": 1, ""TQQQ"": 1.5, ""VEA"": 1.5, ""VEU"": 2, ""VNQ"": 1.5, ""VTI"": 1, ""VWO"": 2}",0.03000000,tests/data/2026-08-24-net15,13612W,,IEF,0.00519009,0.01606926,0.00521182,0.01607070,49956.70377124,40000.00000000,9956.70377124,0.24891759,0.08017230,0.07214389,0.61825618,0.14093231,0.82602518,0.35654331,-0.22485992,,2020,0.24353274,2022,-0.16734047,963600.73569712,81.51764813,3.11509456,0.00203794,,,0.19643560,0.00000000,0.79835258,0.00000000
ROT SPY top1 12M can TIP/1 fb best(BIL+IEF),sens,sens_2017-07-03,2017-07-03,2022-07-01,false,true,"{""*"": 6, ""ACWX"": 3, ""AGG"": 1, ""BIL"": 1, ""BND"": 1.5, ""BTAL"": 6, ""DBC"": 3, ""DBMF"": 3, ""EEM"": 1, ""EFA"": 1, ""IEF"": 1, ""IWM"": 1, ""KMLM"": 6, ""LQD"": 1.5, ""QQQ"": 1, ""SCZ"": 5, ""SHY"": 1, ""SPY"": 0.7, ""TIP"": 2, ""TLT"": 1, ""TQQQ"": 1.5, ""VEA"": 1.5, ""VEU"": 2, ""VNQ"": 1.5, ""VTI"": 1, ""VWO"": 2}",0.03000000,tests/data/2026-08-24-net15,12M,TIP/1,best(BIL+IEF),0.00518484,0.01751225,0.00520417,0.01751350,53262.70134791,40000.00000000,13262.70134791,0.33156753,0.09512541,0.09310169,0.60763787,0.17505041,0.81565751,0.28381828,-0.33516307,323,2021,0.28380420,2022,-0.12908188,556547.39155849,47.87482229,1.79136191,0.00119687,0.21271212,0.00000000,0.03266563,0.00000000,0.74941808,0.00000000
ROT SPY top1 12M can TIP/1 fb IEF,sens,sens_2017-07-03,2017-07-03,2022-07-01,false,true,"{""*"": 6, ""ACWX"": 3, ""AGG"": 1, ""BIL"": 1, ""BND"": 1.5, ""BTAL"": 6, ""DBC"": 3, ""DBMF"": 3, ""EEM"": 1, ""EFA"": 1, ""IEF"": 1, ""IWM"": 1, ""KMLM"": 6, ""LQD"": 1.5, ""QQQ"": 1, ""SCZ"": 5, ""SHY"": 1, ""SPY"": 0.7, ""TIP"": 2, ""TLT"": 1, ""TQQQ"": 1.5, ""VEA"": 1.5, ""VEU"": 2, ""VNQ"": 1.5, ""VTI"": 1, ""VWO"": 2}",0.03000000,tests/data/2026-08-24-net15,12M,TIP/1,IEF,0.00447197,0.01092952,0.00448971,0.01101288,55347.90776209,40000.00000000,15347.90776209,0.38369769,0.11193666,0.10570339,0.68858242,0.17715295,0.92575795,0.33380814,-0.33533232,323,2021,0.28324218,2022,-0.12326842,530489.18987940,45.00642513,1.64647927,0.00112516,,,0.24522206,0.00000000,0.75028823,0.00000000
ROT SPY top1 12M fb best(BIL+IEF),sens,sens_2017-07-03,2017-07-03,2022-07-01,false,true,"{""*"": 6, ""ACWX"": 3, ""AGG"": 1, ""BIL"": 1, ""BND"": 1.5, ""BTAL"": 6, ""DBC"": 3, ""DBMF"": 3, ""EEM"": 1, ""EFA"": 1, ""IEF"": 1, ""IWM"": 1, ""KMLM"": 6, ""LQD"": 1.5, ""QQQ"": 1, ""SCZ"": 5, ""SHY"": 1, ""SPY"": 0.7, ""TIP"": 2, ""TLT"": 1, ""TQQQ"": 1.5, ""VEA"": 1.5, ""VEU"": 2, ""VNQ"": 1.5, ""VTI"": 1, ""VWO"": 2}",0.03000000,tests/data/2026-08-24-net15,12M,,best(BIL+IEF),0.00638909,0.01606926,0.00639878,0.01607070,50476.30885722,40000.00000000,10476.30885722,0.26190772,0.07714125,0.07552248,0.49354999,0.18591428,0.66246200,0.23031584,-0.33493679,323,2021,0.28374033,2022,-0.12914527,348566.36116967,29.71033963,1.18283376,0.00074276,0.06550877,0.00000000,0.03271301,0.00000000,0.89537944,0.00000000
ROT SPY top1 12M fb IEF,sens,sens_2017-07-03,2017-07-03,2022-07-01,false,true,"{""*"": 6, ""ACWX"": 3, ""AGG"": 1, ""BIL"": 1, ""BND"": 1.5, ""BTAL"": 6, ""DBC"": 3, ""DBMF"": 3, ""EEM"": 1, ""EFA"": 1, ""IEF"": 1, ""IWM"": 1, ""KMLM"": 6, ""LQD"": 1.5, ""QQQ"": 1, ""SCZ"": 5, ""SHY"": 1, ""SPY"": 0.7, ""TIP"": 2, ""TLT"": 1, ""TQQQ"": 1.5, ""VEA"": 1.5, ""VEU"": 2, ""VNQ"": 1.5, ""VTI"": 1, ""VWO"": 2}",0.03000000,tests/data/2026-08-24-net15,12M,,IEF,0.00610468,0.01606926,0.00611278,0.01607070,50929.28664881,40000.00000000,10929.28664881,0.27323217,0.07952898,0.07844129,0.50262848,0.18759135,0.67505993,0.23613022,-0.33680134,323,2021,0.28398019,2022,-0.12302395,311196.75008719,25.95964685,1.05413822,0.00064899,,,0.09822496,0.00000000,0.89566226,0.00000000
SPY60/IEF40,sens,sens_2017-07-03,2017-07-03,2022-07-01,true,true,"{""*"": 6, ""ACWX"": 3, ""AGG"": 1, ""BIL"": 1, ""BND"": 1.5, ""BTAL"": 6, ""DBC"": 3, ""DBMF"": 3, ""EEM"": 1, ""EFA"": 1, ""IEF"": 1, ""IWM"": 1, ""KMLM"": 6, ""LQD"": 1.5, ""QQQ"": 1, ""SCZ"": 5, ""SHY"": 1, ""SPY"": 0.7, ""TIP"": 2, ""TLT"": 1, ""TQQQ"": 1.5, ""VEA"": 1.5, ""VEU"": 2, ""VNQ"": 1.5, ""VTI"": 1, ""VWO"": 2}",0.03000000,tests/data/2026-08-24-net15,,,,0.00714669,0.02234513,0.00562937,0.01951498,48206.93457405,40000.00000000,8206.93457405,0.20517336,0.07286198,0.06051793,0.67615687,0.11364583,0.91424590,0.38673824,-0.18840127,,2019,0.21209918,2022,-0.15354927,57627.15193159,4.88942905,0.18832285,0.00012224,,,0.39828306,0.39278723,0.59456841,0.58048502
SPY benchmark,sens,sens_2017-07-03,2017-07-03,2022-07-01,true,true,"{""*"": 6, ""ACWX"": 3, ""AGG"": 1, ""BIL"": 1, ""BND"": 1.5, ""BTAL"": 6, ""DBC"": 3, ""DBMF"": 3, ""EEM"": 1, ""EFA"": 1, ""IEF"": 1, ""IWM"": 1, ""KMLM"": 6, ""LQD"": 1.5, ""QQQ"": 1, ""SCZ"": 5, ""SHY"": 1, ""SPY"": 0.7, ""TIP"": 2, ""TLT"": 1, ""TQQQ"": 1.5, ""VEA"": 1.5, ""VEU"": 2, ""VNQ"": 1.5, ""VTI"": 1, ""VWO"": 2}",0.03000000,tests/data/2026-08-24-net15,,,,0.00584130,0.01606926,0.00584253,0.01607070,54369.01966217,40000.00000000,14369.01966217,0.35922549,0.11140674,0.09984374,0.62410530,0.20232808,0.85103039,0.33176814,-0.33579697,173,2019,0.30803090,2022,-0.19139933,39932.74426649,2.79529210,0.11962748,0.00006988,,,,,0.99415747,0.98392930
ROT SPY top1 1-3-6-12U can TIP/1 fb best(BIL+IEF),sens,sens_2018-01-02,2018-01-02,2022-12-30,false,true,"{""*"": 6, ""ACWX"": 3, ""AGG"": 1, ""BIL"": 1, ""BND"": 1.5, ""BTAL"": 6, ""DBC"": 3, ""DBMF"": 3, ""EEM"": 1, ""EFA"": 1, ""IEF"": 1, ""IWM"": 1, ""KMLM"": 6, ""LQD"": 1.5, ""QQQ"": 1, ""SCZ"": 5, ""SHY"": 1, ""SPY"": 0.7, ""TIP"": 2, ""TLT"": 1, ""TQQQ"": 1.5, ""VEA"": 1.5, ""VEU"": 2, ""VNQ"": 1.5, ""VTI"": 1, ""VWO"": 2}",0.03000000,tests/data/2026-08-24-net15,1-3-6-12U,TIP/1,best(BIL+IEF),0.00433484,0.01675223,0.00435562,0.01675283,63359.26307031,39500.00000000,23859.26307031,0.60403198,0.15141644,0.15304584,1.17483410,0.12690543,1.60985226,1.13327153,-0.13361002,107,2021,0.28318888,2022,-0.00638217,747878.65311094,63.79494369,2.14780543,0.00161506,0.24963949,0.00000000,0.06647244,0.00000000,0.67953245,0.00000000
ROT SPY top1 1-3-6-12U can TIP/1 fb IEF,sens,sens_2018-01-02,2018-01-02,2022-12-30,false,true,"{""*"": 6, ""ACWX"": 3, ""AGG"": 1, ""BIL"": 1, ""BND"": 1.5, ""BTAL"": 6, ""DBC"": 3, ""DBMF"": 3, ""EEM"": 1, ""EFA"": 1, ""IEF"": 1, ""IWM"": 1, ""KMLM"": 6, ""LQD"": 1.5, ""QQQ"": 1, ""SCZ"": 5, ""SHY"": 1, ""SPY"": 0.7, ""TIP"": 2, ""TLT"": 1, ""TQQQ"": 1.5, ""VEA"": 1.5, ""VEU"": 2, ""VNQ"": 1.5, ""VTI"": 1, ""VWO"": 2}",0.03000000,tests/data/2026-08-24-net15,1-3-6-12U,TIP/1,IEF,0.00453595,0.01766617,0.00455511,0.01772691,57990.43871942,39500.00000000,18490.43871942,0.46811237,0.13641231,0.12395958,1.01881260,0.13442392,1.40127188,0.90480408,-0.15076447,,2021,0.28380721,2022,-0.11512266,732086.89282225,61.94333205,2.08548953,0.00156819,,,0.31617282,0.00000000,0.67927206,0.00000000
ROT SPY top1 1-3-6-12U fb best(BIL+IEF),sens,sens_2018-01-02,2018-01-02,2022-12-30,false,true,"{""*"": 6, ""ACWX"": 3, ""AGG"": 1, ""BIL"": 1, ""BND"": 1.5, ""BTAL"": 6, ""DBC"": 3, ""DBMF"": 3, ""EEM"": 1, ""EFA"": 1, ""IEF"": 1, ""IWM"": 1, ""KMLM"": 6, ""LQD"": 1.5, ""QQQ"": 1, ""SCZ"": 5, ""SHY"": 1, ""SPY"": 0.7, ""TIP"": 2, ""TLT"": 1, ""TQQQ"": 1.5, ""VEA"": 1.5, ""VEU"": 2, ""VNQ"": 1.5, ""VTI"": 1, ""VWO"": 2}",0.03000000,tests/data/2026-08-24-net15,1-3-6-12U,,best(BIL+IEF),0.00592600,0.01677079,0.00593970,0.01677208,52476.99959030,39500.00000000,12976.99959030,0.32853164,0.08551741,0.09139484,0.64031330,0.14452126,0.85997028,0.41469153,-0.20621932,483,2021,0.28393885,2022,-0.11926115,413011.01968202,34.73536473,1.33708934,0.00087938,0.14987710,0.00000000,0.06652830,0.00000000,0.77765491,0.00000000
ROT SPY top1 1-3-6-12U fb IEF,sens,sens_2018-01-02,2018-01-02,2022-12-30,false,true,"{""*"": 6, ""ACWX"": 3, ""AGG"": 1, ""BIL"": 1, ""BND"": 1.5, ""BTAL"": 6, ""DBC"": 3, ""DBMF"": 3, ""EEM"": 1, ""EFA"": 1, ""IEF"": 1, ""IWM"": 1, ""KMLM"": 6, ""LQD"": 1.5, ""QQQ"": 1, ""SCZ"": 5, ""SHY"": 1, ""SPY"": 0.7, ""TIP"": 2, ""TLT"": 1, ""TQQQ"": 1.5, ""VEA"": 1.5, ""VEU"": 2, ""VNQ"": 1.5, ""VTI"": 1, ""VWO"": 2}",0.03000000,tests/data/2026-08-24-net15,1-3-6-12U,,IEF,0.00560647,0.01677079,0.00562017,0.01677208,49310.77603891,39500.00000000,9810.77603891,0.24837408,0.07314886,0.07123249,0.54604510,0.14994126,0.73615343,0.34556543,-0.21167877,,2021,0.28374264,2022,-0.17855671,415991.06793860,34.98245860,1.34688650,0.00088563,,,0.21636583,0.00000000,0.77801400,0.00000000
ROT SPY top1 13612W can TIP/1 fb best(BIL+IEF),sens,sens_2018-01-02,2018-01-02,2022-12-30,false,true,"{""*"": 6, ""ACWX"": 3, ""AGG"": 1, ""BIL"": 1, ""BND"": 1.5, ""BTAL"": 6, ""DBC"": 3, ""DBMF"": 3, ""EEM"": 1, ""EFA"": 1, ""IEF"": 1, ""IWM"": 1, ""KMLM"": 6, ""LQD"": 1.5, ""QQQ"": 1, ""SCZ"": 5, ""SHY"": 1, ""SPY"": 0.7, ""TIP"": 2, ""TLT"": 1, ""TQQQ"": 1.5, ""VEA"": 1.5, ""VEU"": 2, ""VNQ"": 1.5, ""VTI"": 1, ""VWO"": 2}",0.03000000,tests/data/2026-08-24-net15,13612W,TIP/1,best(BIL+IEF),0.00408250,0.01344111,0.00410895,0.01347564,51702.51457728,39500.00000000,12202.51457728,0.30892442,0.10276348,0.08656948,0.90530403,0.11544735,1.22205928,0.76459497,-0.13440250,107,2020,0.24320197,2022,-0.08222646,1076672.84347724,91.83089691,3.32444260,0.00232483,0.33279874,0.00000000,0.08311197,0.00000000,0.57998034,0.00000000
ROT SPY top1 13612W can TIP/1 fb IEF,sens,sens_2018-01-02,2018-01-02,2022-12-30,false,true,"{""*"": 6, ""ACWX"": 3, ""AGG"": 1, ""BIL"": 1, ""BND"": 1.5, ""BTAL"": 6, ""DBC"": 3, ""DBMF"": 3, ""EEM"": 1, ""EFA"": 1, ""IEF"": 1, ""IWM"": 1, ""KMLM"": 6, ""LQD"": 1.5, ""QQQ"": 1, ""SCZ"": 5, ""SHY"": 1, ""SPY"": 0.7, ""TIP"": 2, ""TLT"": 1, ""TQQQ"": 1.5, ""VEA"": 1.5, ""VEU"": 2, ""VNQ"": 1.5, ""VTI"": 1, ""VWO"": 2}",0.03000000,tests/data/2026-08-24-net15,13612W,TIP/1,IEF,0.00407148,0.01618775,0.00409631,0.01627034,45943.52059727,39500.00000000,6443.52059727,0.16312710,0.07558788,0.04842044,0.64736763,0.12458877,0.87892936,0.33311323,-0.22691346,,2020,0.24410516,2022,-0.18277400,1029784.93058651,87.35710109,3.25478873,0.00221157,,,0.41584149,0.00000000,0.58006221,0.00000000
ROT SPY top1 13612W fb best(BIL+IEF),sens,sens_2018-01-02,2018-01-02,2022-12-30,false,true,"{""*"": 6, ""ACWX"": 3, ""AGG"": 1, ""BIL"": 1, ""BND"": 1.5, ""BTAL"": 6, ""DBC"": 3, ""DBMF"": 3, ""EEM"": 1, ""EFA"": 1, ""IEF"": 1, ""IWM"": 1, ""KMLM"": 6, ""LQD"": 1.5, ""QQQ"": 1, ""SCZ"": 5, ""SHY"": 1, ""SPY"": 0.7, ""TIP"": 2, ""TLT"": 1, ""TQQQ"": 1.5, ""VEA"": 1.5, ""VEU"": 2, ""VNQ"": 1.5, ""VTI"": 1, ""VWO"": 2}",0.03000000,tests/data/2026-08-24-net15,13612W,,best(BIL+IEF),0.00523002,0.01344111,0.00525623,0.01347564,46467.87793874,39500.00000000,6967.87793874,0.17640197,0.05644093,0.05207362,0.45117311,0.14508457,0.60833453,0.26570586,-0.21241882,,2020,0.24363246,2022,-0.17275562,1098152.16540124,92.99366112,3.66694116,0.00235427,0.16645108,0.00000000,0.06648723,0.00000000,0.76180546,0.00000000
ROT SPY top1 13612W fb IEF,sens,sens_2018-01-02,2018-01-02,2022-12-30,false,true,"{""*"": 6, ""ACWX"": 3, ""AGG"": 1, ""BIL"": 1, ""BND"": 1.5, ""BTAL"": 6, ""DBC"": 3, ""DBMF"": 3, ""EEM"": 1, ""EFA"": 1, ""IEF"": 1, ""IWM"": 1, ""KMLM"": 6, ""LQD"": 1.5, ""QQQ"": 1, ""SCZ"": 5, ""SHY"": 1, ""SPY"": 0.7, ""TIP"": 2, ""TLT"": 1, ""TQQQ"": 1.5, ""VEA"": 1.5, ""VEU"": 2, ""VNQ"": 1.5, ""VTI"": 1, ""VWO"": 2}",0.03000000,tests/data/2026-08-24-net15,13612W,,IEF,0.00597944,0.01957479,0.00600563,0.01965658,42692.81186081,39500.00000000,3192.81186081,0.08083068,0.03697132,0.02485742,0.31731974,0.14989976,0.42814504,0.13149564,-0.28116006,,2020,0.24350783,2022,-0.24134104,1076178.18755571,91.12696060,3.64816703,0.00230701,,,0.23278121,0.00000000,0.76121316,0.00000000
ROT SPY top1 12M can TIP/1 fb best(BIL+IEF),sens,sens_2018-01-02,2018-01-02,2022-12-30,false,true,"{""*"": 6, ""ACWX"": 3, ""AGG"": 1, ""BIL"": 1, ""BND"": 1.5, ""BTAL"": 6, ""DBC"": 3, ""DBMF"": 3, ""EEM"": 1, ""EFA"": 1, ""IEF"": 1, ""IWM"": 1, ""KMLM"": 6, ""LQD"": 1.5, ""QQQ"": 1, ""SCZ"": 5, ""SHY"": 1, ""SPY"": 0.7, ""TIP"": 2, ""TLT"": 1, ""TQQQ"": 1.5, ""VEA"": 1.5, ""VEU"": 2, ""VNQ"": 1.5, ""VTI"": 1, ""VWO"": 2}",0.03000000,tests/data/2026-08-24-net15,12M,TIP/1,best(BIL+IEF),0.00468181,0.01675223,0.00469707,0.01675283,51067.09830096,39500.00000000,11567.09830096,0.29283793,0.08913215,0.08256025,0.57669712,0.17474572,0.77342084,0.26617476,-0.33486326,316,2021,0.28307337,2022,-0.11939140,413464.39688493,35.33448886,1.33883846,0.00089454,0.23299845,0.00000000,0.03332323,0.00000000,0.72898125,0.00000000
ROT SPY top1 12M can TIP/1 fb IEF,sens,sens_2018-01-02,2018-01-02,2022-12-30,false,true,"{""*"": 6, ""ACWX"": 3, ""AGG"": 1, ""BIL"": 1, ""BND"": 1.5, ""BTAL"": 6, ""DBC"": 3, ""DBMF"": 3, ""EEM"": 1, ""EFA"": 1, ""IEF"": 1, ""IWM"": 1, ""KMLM"": 6, ""LQD"": 1.5, ""QQQ"": 1, ""SCZ"": 5, ""SHY"": 1, ""SPY"": 0.7, ""TIP"": 2, ""TLT"": 1, ""TQQQ"": 1.5, ""VEA"": 1.5, ""VEU"": 2, ""VNQ"": 1.5, ""VTI"": 1, ""VWO"": 2}",0.03000000,tests/data/2026-08-24-net15,12M,TIP/1,IEF,0.00509041,0.01766617,0.00510404,0.01772691,48834.33836846,39500.00000000,9334.33836846,0.23631236,0.08573950,0.06809485,0.54742947,0.18013594,0.73688573,0.25457243,-0.33679804,323,2021,0.28336010,2022,-0.17848553,387377.15903926,32.59104904,1.22761072,0.00082509,,,0.26616836,0.00000000,0.72872760,0.00000000
ROT SPY top1 12M fb best(BIL+IEF),sens,sens_2018-01-02,2018-01-02,2022-12-30,false,true,"{""*"": 6, ""ACWX"": 3, ""AGG"": 1, ""BIL"": 1, ""BND"": 1.5, ""BTAL"": 6, ""DBC"": 3, ""DBMF"": 3, ""EEM"": 1, ""EFA"": 1, ""IEF"": 1, ""IWM"": 1, ""KMLM"": 6, ""LQD"": 1.5, ""QQQ"": 1, ""SCZ"": 5, ""SHY"": 1, ""SPY"": 0.7, ""TIP"": 2, ""TLT"": 1, ""TQQQ"": 1.5, ""VEA"": 1.5, ""VEU"": 2, ""VNQ"": 1.5, ""VTI"": 1, ""VWO"": 2}",0.03000000,tests/data/2026-08-24-net15,12M,,best(BIL+IEF),0.00660364,0.01677079,0.00661349,0.01677208,47847.76899538,39500.00000000,8347.76899538,0.21133592,0.05562066,0.06150583,0.38606460,0.18470878,0.51729499,0.16599615,-0.33507198,316,2021,0.28342112,2022,-0.11946711,297010.04719242,25.28036088,1.04162671,0.00064001,0.14979400,0.00000000,0.03329530,0.00000000,0.81029721,0.00000000
ROT SPY top1 12M fb IEF,sens,sens_2018-01-02,2018-01-02,2022-12-30,false,true,"{""*"": 6, ""ACWX"": 3, ""AGG"": 1, ""BIL"": 1, ""BND"": 1.5, ""BTAL"": 6, ""DBC"": 3, ""DBMF"": 3, ""EEM"": 1, ""EFA"": 1, ""IEF"": 1, ""IWM"": 1, ""KMLM"": 6, ""LQD"": 1.5, ""QQQ"": 1, ""SCZ"": 5, ""SHY"": 1, ""SPY"": 0.7, ""TIP"": 2, ""TLT"": 1, ""TQQQ"": 1.5, ""VEA"": 1.5, ""VEU"": 2, ""VNQ"": 1.5, ""VTI"": 1, ""VWO"": 2}",0.03000000,tests/data/2026-08-24-net15,12M,,IEF,0.00648918,0.01677079,0.00649742,0.01677208,44779.21470533,39500.00000000,5279.21470533,0.13365101,0.04175752,0.04016675,0.31117271,0.18966439,0.41791216,0.12370401,-0.33755993,323,2021,0.28290113,2022,-0.17838506,267635.32124325,22.32775478,0.94307785,0.00056526,,,0.18301553,0.00000000,0.81048705,0.00000000
SPY60/IEF40,sens,sens_2018-01-02,2018-01-02,2022-12-30,true,true,"{""*"": 6, ""ACWX"": 3, ""AGG"": 1, ""BIL"": 1, ""BND"": 1.5, ""BTAL"": 6, ""DBC"": 3, ""DBMF"": 3, ""EEM"": 1, ""EFA"": 1, ""IEF"": 1, ""IWM"": 1, ""KMLM"": 6, ""LQD"": 1.5, ""QQQ"": 1, ""SCZ"": 5, ""SHY"": 1, ""SPY"": 0.7, ""TIP"": 2, ""TLT"": 1, ""TQQQ"": 1.5, ""VEA"": 1.5, ""VEU"": 2, ""VNQ"": 1.5, ""VTI"": 1, ""VWO"": 2}",0.03000000,tests/data/2026-08-24-net15,,,,0.00821571,0.02541660,0.00672241,0.02252233,44878.16707019,39500.00000000,5378.16707019,0.13615613,0.05496742,0.04087602,0.49417769,0.12381114,0.67957104,0.25742132,-0.21353094,,2019,0.21328094,2022,-0.16800194,55457.83220778,4.71036653,0.18669160,0.00011925,,,0.39814282,0.39420238,0.59363959,0.57747767
SPY benchmark,sens,sens_2018-01-02,2018-01-02,2022-12-30,true,true,"{""*"": 6, ""ACWX"": 3, ""AGG"": 1, ""BIL"": 1, ""BND"": 1.5, ""BTAL"": 6, ""DBC"": 3, ""DBMF"": 3, ""EEM"": 1, ""EFA"": 1, ""IEF"": 1, ""IWM"": 1, ""KMLM"": 6, ""LQD"": 1.5, ""QQQ"": 1, ""SCZ"": 5, ""SHY"": 1, ""SPY"": 0.7, ""TIP"": 2, ""TLT"": 1, ""TQQQ"": 1.5, ""VEA"": 1.5, ""VEU"": 2, ""VNQ"": 1.5, ""VTI"": 1, ""VWO"": 2}",0.03000000,tests/data/2026-08-24-net15,,,,0.00721403,0.01677079,0.00721529,0.01677208,50610.37332350,39500.00000000,11110.37332350,0.28127527,0.08828665,0.07964978,0.50286575,0.21398252,0.69268082,0.26348056,-0.33507844,173,2019,0.30520928,2022,-0.18335895,39348.23292637,2.75437630,0.12284269,0.00006973,,,,,0.99278471,0.98322792
ROT SPY top1 1-3-6-12U can TIP/1 fb best(BIL+IEF),sens,sens_2018-07-02,2018-07-02,2023-06-30,false,true,"{""*"": 6, ""ACWX"": 3, ""AGG"": 1, ""BIL"": 1, ""BND"": 1.5, ""BTAL"": 6, ""DBC"": 3, ""DBMF"": 3, ""EEM"": 1, ""EFA"": 1, ""IEF"": 1, ""IWM"": 1, ""KMLM"": 6, ""LQD"": 1.5, ""QQQ"": 1, ""SCZ"": 5, ""SHY"": 1, ""SPY"": 0.7, ""TIP"": 2, ""TLT"": 1, ""TQQQ"": 1.5, ""VEA"": 1.5, ""VEU"": 2, ""VNQ"": 1.5, ""VTI"": 1, ""VWO"": 2}",0.03000000,tests/data/2026-08-24-net15,1-3-6-12U,TIP/1,best(BIL+IEF),0.00492104,0.01940152,0.00493914,0.01943584,61862.82432095,39500.00000000,22362.82432095,0.56614745,0.15284422,0.14518742,1.23322547,0.12150538,1.71959865,1.14891594,-0.13303342,107,2021,0.28379561,2022,-0.00659758,808835.49165887,68.89441030,2.29969453,0.00174416,0.28291920,0.00000000,0.06647144,0.00000000,0.64567022,0.00000000
ROT SPY top1 1-3-6-12U can TIP/1 fb IEF,sens,sens_2018-07-02,2018-07-02,2023-06-30,false,true,"{""*"": 6, ""ACWX"": 3, ""AGG"": 1, ""BIL"": 1, ""BND"": 1.5, ""BTAL"": 6, ""DBC"": 3, ""DBMF"": 3, ""EEM"": 1, ""EFA"": 1, ""IEF"": 1, ""IWM"": 1, ""KMLM"": 6, ""LQD"": 1.5, ""QQQ"": 1, ""SCZ"": 5, ""SHY"": 1, ""SPY"": 0.7, ""TIP"": 2, ""TLT"": 1, ""TQQQ"": 1.5, ""VEA"": 1.5, ""VEU"": 2, ""VNQ"": 1.5, ""VTI"": 1, ""VWO"": 2}",0.03000000,tests/data/2026-08-24-net15,1-3-6-12U,TIP/1,IEF,0.00453361,0.01940152,0.00455012,0.01943584,57050.13823753,39500.00000000,17550.13823753,0.44430730,0.13642357,0.11862736,1.03773908,0.13180147,1.45429561,0.90449569,-0.15082832,,2021,0.28368142,2022,-0.11515614,776201.34878257,65.71592856,2.23737930,0.00166369,,,0.34943486,0.00000000,0.64601502,0.00000000
ROT SPY top1 1-3-6-12U fb best(BIL+IEF),sens,sens_2018-07-02,2018-07-02,2023-06-30,false,true,"{""*"": 6, ""ACWX"": 3, ""AGG"": 1, ""BIL"": 1, ""BND"": 1.5, ""BTAL"": 6, ""DBC"": 3, ""DBMF"": 3, ""EEM"": 1, ""EFA"": 1, ""IEF"": 1, ""IWM"": 1, ""KMLM"": 6, ""LQD"": 1.5, ""QQQ"": 1, ""SCZ"": 5, ""SHY"": 1, ""SPY"": 0.7, ""TIP"": 2, ""TLT"": 1, ""TQQQ"": 1.5, ""VEA"": 1.5, ""VEU"": 2, ""VNQ"": 1.5, ""VTI"": 1, ""VWO"": 2}",0.03000000,tests/data/2026-08-24-net15,1-3-6-12U,,best(BIL+IEF),0.00590095,0.01940152,0.00591876,0.01943584,54033.66316857,39500.00000000,14533.66316857,0.36794084,0.09518129,0.10091035,0.72540157,0.13883465,0.98666840,0.46319869,-0.20548695,483,2021,0.28379491,2022,-0.11915337,641613.09890993,54.20484458,2.06439942,0.00137227,0.18312352,0.00000000,0.06639861,0.00000000,0.74455912,0.00000000
ROT SPY top1 1-3-6-12U fb IEF,sens,sens_2018-07-02,2018-07-02,2023-06-30,false,true,"{""*"": 6, ""ACWX"": 3, ""AGG"": 1, ""BIL"": 1, ""BND"": 1.5, ""BTAL"": 6, ""DBC"": 3, ""DBMF"": 3, ""EEM"": 1, ""EFA"": 1, ""IEF"": 1, ""IWM"": 1, ""KMLM"": 6, ""LQD"": 1.5, ""QQQ"": 1, ""SCZ"": 5, ""SHY"": 1, ""SPY"": 0.7, ""TIP"": 2, ""TLT"": 1, ""TQQQ"": 1.5, ""VEA"": 1.5, ""VEU"": 2, ""VNQ"": 1.5, ""VTI"": 1, ""VWO"": 2}",0.03000000,tests/data/2026-08-24-net15,1-3-6-12U,,IEF,0.00600011,0.01966251,0.00601794,0.01974479,54188.03180427,39500.00000000,14688.03180427,0.37184891,0.09653065,0.10183891,0.70434797,0.14622886,0.96646892,0.45661219,-0.21140620,,2021,0.28285120,2022,-0.17835679,639337.92566909,53.99867348,2.06354175,0.00136706,,,0.24967657,0.00000000,0.74430550,0.00000000
ROT SPY top1 13612W can TIP/1 fb best(BIL+IEF),sens,sens_2018-07-02,2018-07-02,2023-06-30,false,true,"{""*"": 6, ""ACWX"": 3, ""AGG"": 1, ""BIL"": 1, ""BND"": 1.5, ""BTAL"": 6, ""DBC"": 3, ""DBMF"": 3, ""EEM"": 1, ""EFA"": 1, ""IEF"": 1, ""IWM"": 1, ""KMLM"": 6, ""LQD"": 1.5, ""QQQ"": 1, ""SCZ"": 5, ""SHY"": 1, ""SPY"": 0.7, ""TIP"": 2, ""TLT"": 1, ""TQQQ"": 1.5, ""VEA"": 1.5, ""VEU"": 2, ""VNQ"": 1.5, ""VTI"": 1, ""VWO"": 2}",0.03000000,tests/data/2026-08-24-net15,13612W,TIP/1,best(BIL+IEF),0.00445041,0.01940152,0.00447961,0.01943584,49406.31211775,39500.00000000,9906.31211775,0.25079271,0.09108429,0.07186871,0.79979187,0.11785970,1.08259473,0.68481849,-0.13300501,107,2020,0.24428511,2022,-0.08224042,1255703.25779442,106.92248020,3.98629826,0.00270690,0.31627646,0.00000000,0.08308951,0.00000000,0.59615443,0.00000000
ROT SPY top1 13612W can TIP/1 fb IEF,sens,sens_2018-07-02,2018-07-02,2023-06-30,false,true,"{""*"": 6, ""ACWX"": 3, ""AGG"": 1, ""BIL"": 1, ""BND"": 1.5, ""BTAL"": 6, ""DBC"": 3, ""DBMF"": 3, ""EEM"": 1, ""EFA"": 1, ""IEF"": 1, ""IWM"": 1, ""KMLM"": 6, ""LQD"": 1.5, ""QQQ"": 1, ""SCZ"": 5, ""SHY"": 1, ""SPY"": 0.7, ""TIP"": 2, ""TLT"": 1, ""TQQQ"": 1.5, ""VEA"": 1.5, ""VEU"": 2, ""VNQ"": 1.5, ""VTI"": 1, ""VWO"": 2}",0.03000000,tests/data/2026-08-24-net15,13612W,TIP/1,IEF,0.00437211,0.01940152,0.00439970,0.01943584,46327.04095228,39500.00000000,6827.04095228,0.17283648,0.07536066,0.05110427,0.62970084,0.12873555,0.86127940,0.33229763,-0.22678662,,2020,0.24378919,2022,-0.18298115,1195542.52132977,101.41696156,3.91082023,0.00256752,,,0.39909131,0.00000000,0.59650899,0.00000000
ROT SPY top1 13612W fb best(BIL+IEF),sens,sens_2018-07-02,2018-07-02,2023-06-30,false,true,"{""*"": 6, ""ACWX"": 3, ""AGG"": 1, ""BIL"": 1, ""BND"": 1.5, ""BTAL"": 6, ""DBC"": 3, ""DBMF"": 3, ""EEM"": 1, ""EFA"": 1, ""IEF"": 1, ""IWM"": 1, ""KMLM"": 6, ""LQD"": 1.5, ""QQQ"": 1, ""SCZ"": 5, ""SHY"": 1, ""SPY"": 0.7, ""TIP"": 2, ""TLT"": 1, ""TQQQ"": 1.5, ""VEA"": 1.5, ""VEU"": 2, ""VNQ"": 1.5, ""VTI"": 1, ""VWO"": 2}",0.03000000,tests/data/2026-08-24-net15,13612W,,best(BIL+IEF),0.00567027,0.01940152,0.00569926,0.01943584,48318.85081584,39500.00000000,8818.85081584,0.22326205,0.06679360,0.06467739,0.52998317,0.14094144,0.72343420,0.31475546,-0.21220791,,2020,0.24255323,2022,-0.17279395,1274574.37322778,108.00873113,4.28295602,0.00273440,0.18313030,0.00000000,0.06639861,0.00000000,0.74477182,0.00000000
ROT SPY top1 13612W fb IEF,sens,sens_2018-07-02,2018-07-02,2023-06-30,false,true,"{""*"": 6, ""ACWX"": 3, ""AGG"": 1, ""BIL"": 1, ""BND"": 1.5, ""BTAL"": 6, ""DBC"": 3, ""DBMF"": 3, ""EEM"": 1, ""EFA"": 1, ""IEF"": 1, ""IWM"": 1, ""KMLM"": 6, ""LQD"": 1.5, ""QQQ"": 1, ""SCZ"": 5, ""SHY"": 1, ""SPY"": 0.7, ""TIP"": 2, ""TLT"": 1, ""TQQQ"": 1.5, ""VEA"": 1.5, ""VEU"": 2, ""VNQ"": 1.5, ""VTI"": 1, ""VWO"": 2}",0.03000000,tests/data/2026-08-24-net15,13612W,,IEF,0.00610793,0.01966251,0.00613693,0.01974479,47690.45821049,39500.00000000,8190.45821049,0.20735337,0.06359046,0.06045267,0.49191744,0.14770881,0.67515201,0.22614085,-0.28119847,,2020,0.24479244,2022,-0.24174108,1244091.27453511,105.41958209,4.23487304,0.00266885,,,0.24960572,0.00000000,0.74425735,0.00000000
ROT SPY top1 12M can TIP/1 fb best(BIL+IEF),sens,sens_2018-07-02,2018-07-02,2023-06-30,false,true,"{""*"": 6, ""ACWX"": 3, ""AGG"": 1, ""BIL"": 1, ""BND"": 1.5, ""BTAL"": 6, ""DBC"": 3, ""DBMF"": 3, ""EEM"": 1, ""EFA"": 1, ""IEF"": 1, ""IWM"": 1, ""KMLM"": 6, ""LQD"": 1.5, ""QQQ"": 1, ""SCZ"": 5, ""SHY"": 1, ""SPY"": 0.7, ""TIP"": 2, ""TLT"": 1, ""TQQQ"": 1.5, ""VEA"": 1.5, ""VEU"": 2, ""VNQ"": 1.5, ""VTI"": 1, ""VWO"": 2}",0.03000000,tests/data/2026-08-24-net15,12M,TIP/1,best(BIL+IEF),0.00522343,0.01940152,0.00523323,0.01943584,50116.18060739,39500.00000000,10616.18060739,0.26876407,0.08771111,0.07648385,0.58288961,0.16918766,0.78512807,0.26190519,-0.33489643,323,2021,0.28371559,2022,-0.11944633,278884.51020579,23.83707820,0.90807484,0.00060347,0.29949227,0.00000000,0.03319178,0.00000000,0.66208272,0.00000000
ROT SPY top1 12M can TIP/1 fb IEF,sens,sens_2018-07-02,2018-07-02,2023-06-30,false,true,"{""*"": 6, ""ACWX"": 3, ""AGG"": 1, ""BIL"": 1, ""BND"": 1.5, ""BTAL"": 6, ""DBC"": 3, ""DBMF"": 3, ""EEM"": 1, ""EFA"": 1, ""IEF"": 1, ""IWM"": 1, ""KMLM"": 6, ""LQD"": 1.5, ""QQQ"": 1, ""SCZ"": 5, ""SHY"": 1, ""SPY"": 0.7, ""TIP"": 2, ""TLT"": 1, ""TQQQ"": 1.5, ""VEA"": 1.5, ""VEU"": 2, ""VNQ"": 1.5, ""VTI"": 1, ""VWO"": 2}",0.03000000,tests/data/2026-08-24-net15,12M,TIP/1,IEF,0.00506759,0.01940152,0.00507578,0.01943584,47587.09300860,39500.00000000,8087.09300860,0.20473653,0.08032903,0.05975276,0.52653182,0.17686173,0.71380394,0.23976152,-0.33503721,323,2021,0.28320353,2022,-0.17830620,255186.85026935,21.42059168,0.82641815,0.00054229,,,0.33287177,0.00000000,0.66205245,0.00000000
ROT SPY top1 12M fb best(BIL+IEF),sens,sens_2018-07-02,2018-07-02,2023-06-30,false,true,"{""*"": 6, ""ACWX"": 3, ""AGG"": 1, ""BIL"": 1, ""BND"": 1.5, ""BTAL"": 6, ""DBC"": 3, ""DBMF"": 3, ""EEM"": 1, ""EFA"": 1, ""IEF"": 1, ""IWM"": 1, ""KMLM"": 6, ""LQD"": 1.5, ""QQQ"": 1, ""SCZ"": 5, ""SHY"": 1, ""SPY"": 0.7, ""TIP"": 2, ""TLT"": 1, ""TQQQ"": 1.5, ""VEA"": 1.5, ""VEU"": 2, ""VNQ"": 1.5, ""VTI"": 1, ""VWO"": 2}",0.03000000,tests/data/2026-08-24-net15,12M,,best(BIL+IEF),0.00635206,0.01940152,0.00636325,0.01943584,50496.61179308,39500.00000000,10996.61179308,0.27839524,0.06834428,0.07893221,0.46093993,0.17837696,0.62161870,0.20424666,-0.33461637,323,2021,0.28302543,2022,-0.11922607,351241.11066028,29.86891050,1.22462611,0.00075617,0.21641785,0.00000000,0.03314495,0.00000000,0.74407396,0.00000000
ROT SPY top1 12M fb IEF,sens,sens_2018-07-02,2018-07-02,2023-06-30,false,true,"{""*"": 6, ""ACWX"": 3, ""AGG"": 1, ""BIL"": 1, ""BND"": 1.5, ""BTAL"": 6, ""DBC"": 3, ""DBMF"": 3, ""EEM"": 1, ""EFA"": 1, ""IEF"": 1, ""IWM"": 1, ""KMLM"": 6, ""LQD"": 1.5, ""QQQ"": 1, ""SCZ"": 5, ""SHY"": 1, ""SPY"": 0.7, ""TIP"": 2, ""TLT"": 1, ""TQQQ"": 1.5, ""VEA"": 1.5, ""VEU"": 2, ""VNQ"": 1.5, ""VTI"": 1, ""VWO"": 2}",0.03000000,tests/data/2026-08-24-net15,12M,,IEF,0.00605904,0.01940152,0.00606866,0.01943584,49035.08477717,39500.00000000,9535.08477717,0.24139455,0.06144376,0.06943055,0.41519001,0.18554486,0.56311343,0.18256270,-0.33656248,323,2021,0.28367702,2022,-0.17812146,325615.88682988,27.32795855,1.14742625,0.00069185,,,0.24960115,0.00000000,0.74433019,0.00000000
SPY60/IEF40,sens,sens_2018-07-02,2018-07-02,2023-06-30,true,true,"{""*"": 6, ""ACWX"": 3, ""AGG"": 1, ""BIL"": 1, ""BND"": 1.5, ""BTAL"": 6, ""DBC"": 3, ""DBMF"": 3, ""EEM"": 1, ""EFA"": 1, ""IEF"": 1, ""IWM"": 1, ""KMLM"": 6, ""LQD"": 1.5, ""QQQ"": 1, ""SCZ"": 5, ""SHY"": 1, ""SPY"": 0.7, ""TIP"": 2, ""TLT"": 1, ""TQQQ"": 1.5, ""VEA"": 1.5, ""VEU"": 2, ""VNQ"": 1.5, ""VTI"": 1, ""VWO"": 2}",0.03000000,tests/data/2026-08-24-net15,,,,0.00773377,0.01894803,0.00585313,0.01537160,48404.46909095,39500.00000000,8904.46909095,0.22542960,0.07551560,0.06524903,0.65270609,0.12335693,0.90810420,0.35540061,-0.21248021,,2019,0.21342659,2022,-0.16719071,51020.40883135,4.34778414,0.17240909,0.00011007,,,0.39803102,0.39441435,0.59423340,0.58462840
SPY benchmark,sens,sens_2018-07-02,2018-07-02,2023-06-30,true,true,"{""*"": 6, ""ACWX"": 3, ""AGG"": 1, ""BIL"": 1, ""BND"": 1.5, ""BTAL"": 6, ""DBC"": 3, ""DBMF"": 3, ""EEM"": 1, ""EFA"": 1, ""IEF"": 1, ""IWM"": 1, ""KMLM"": 6, ""LQD"": 1.5, ""QQQ"": 1, ""SCZ"": 5, ""SHY"": 1, ""SPY"": 0.7, ""TIP"": 2, ""TLT"": 1, ""TQQQ"": 1.5, ""VEA"": 1.5, ""VEU"": 2, ""VNQ"": 1.5, ""VTI"": 1, ""VWO"": 2}",0.03000000,tests/data/2026-08-24-net15,,,,0.00670207,0.01940152,0.00670332,0.01943584,56705.50623153,39500.00000000,17205.50623153,0.43558244,0.11805456,0.11664743,0.63201970,0.21277777,0.87933704,0.35229037,-0.33510583,173,2019,0.30468476,2022,-0.18315597,39505.00456708,2.76535032,0.12316995,0.00007001,,,,,0.99329668,0.98056416
ROT SPY top1 1-3-6-12U can TIP/1 fb best(BIL+IEF),sens,sens_2019-01-02,2019-01-02,2023-12-29,false,true,"{""*"": 6, ""ACWX"": 3, ""AGG"": 1, ""BIL"": 1, ""BND"": 1.5, ""BTAL"": 6, ""DBC"": 3, ""DBMF"": 3, ""EEM"": 1, ""EFA"": 1, ""IEF"": 1, ""IWM"": 1, ""KMLM"": 6, ""LQD"": 1.5, ""QQQ"": 1, ""SCZ"": 5, ""SHY"": 1, ""SPY"": 0.7, ""TIP"": 2, ""TLT"": 1, ""TQQQ"": 1.5, ""VEA"": 1.5, ""VEU"": 2, ""VNQ"": 1.5, ""VTI"": 1, ""VWO"": 2}",0.03000000,tests/data/2026-08-24-net15,1-3-6-12U,TIP/1,best(BIL+IEF),0.00543240,0.02171904,0.00544911,0.02180049,61321.56576964,39500.00000000,21821.56576964,0.55244470,0.14980837,0.14242012,1.21589205,0.12087632,1.69257565,1.11663535,-0.13416051,107,2021,0.28308635,2022,-0.00632757,766373.13341754,65.20435324,2.21451821,0.00165074,0.31644269,0.00000000,0.06634194,0.00000000,0.61176625,0.00000000
ROT SPY top1 1-3-6-12U can TIP/1 fb IEF,sens,sens_2019-01-02,2019-01-02,2023-12-29,false,true,"{""*"": 6, ""ACWX"": 3, ""AGG"": 1, ""BIL"": 1, ""BND"": 1.5, ""BTAL"": 6, ""DBC"": 3, ""DBMF"": 3, ""EEM"": 1, ""EFA"": 1, ""IEF"": 1, ""IWM"": 1, ""KMLM"": 6, ""LQD"": 1.5, ""QQQ"": 1, ""SCZ"": 5, ""SHY"": 1, ""SPY"": 0.7, ""TIP"": 2, ""TLT"": 1, ""TQQQ"": 1.5, ""VEA"": 1.5, ""VEU"": 2, ""VNQ"": 1.5, ""VTI"": 1, ""VWO"": 2}",0.03000000,tests/data/2026-08-24-net15,1-3-6-12U,TIP/1,IEF,0.00572433,0.02171904,0.00574105,0.02180049,54003.47424394,39500.00000000,14503.47424394,0.36717656,0.11676423,0.10081472,0.89550083,0.13330331,1.25380328,0.77537593,-0.15059047,,2021,0.28308635,2022,-0.11499324,735127.45713588,62.55767433,2.22773178,0.00158374,,,0.38268790,0.00000000,0.61157105,0.00000000
ROT SPY top1 1-3-6-12U fb best(BIL+IEF),sens,sens_2019-01-02,2019-01-02,2023-12-29,false,true,"{""*"": 6, ""ACWX"": 3, ""AGG"": 1, ""BIL"": 1, ""BND"": 1.5, ""BTAL"": 6, ""DBC"": 3, ""DBMF"": 3, ""EEM"": 1, ""EFA"": 1, ""IEF"": 1, ""IWM"": 1, ""KMLM"": 6, ""LQD"": 1.5, ""QQQ"": 1, ""SCZ"": 5, ""SHY"": 1, ""SPY"": 0.7, ""TIP"": 2, ""TLT"": 1, ""TQQQ"": 1.5, ""VEA"": 1.5, ""VEU"": 2, ""VNQ"": 1.5, ""VTI"": 1, ""VWO"": 2}",0.03000000,tests/data/2026-08-24-net15,1-3-6-12U,,best(BIL+IEF),0.00579802,0.02171904,0.00581193,0.02180049,58088.75968727,39500.00000000,18588.75968727,0.47060151,0.13213756,0.12463595,0.98998173,0.13458053,1.36163118,0.87067511,-0.15176449,715,2021,0.28308635,2022,-0.11933123,530699.24427843,45.01867437,1.61623368,0.00113971,0.16653717,0.00000000,0.06634194,0.00000000,0.76130896,0.00000000
ROT SPY top1 1-3-6-12U fb IEF,sens,sens_2019-01-02,2019-01-02,2023-12-29,false,true,"{""*"": 6, ""ACWX"": 3, ""AGG"": 1, ""BIL"": 1, ""BND"": 1.5, ""BTAL"": 6, ""DBC"": 3, ""DBMF"": 3, ""EEM"": 1, ""EFA"": 1, ""IEF"": 1, ""IWM"": 1, ""KMLM"": 6, ""LQD"": 1.5, ""QQQ"": 1, ""SCZ"": 5, ""SHY"": 1, ""SPY"": 0.7, ""TIP"": 2, ""TLT"": 1, ""TQQQ"": 1.5, ""VEA"": 1.5, ""VEU"": 2, ""VNQ"": 1.5, ""VTI"": 1, ""VWO"": 2}",0.03000000,tests/data/2026-08-24-net15,1-3-6-12U,,IEF,0.00591705,0.02171904,0.00593096,0.02180049,58068.65504798,39500.00000000,18568.65504798,0.47009253,0.13119420,0.12452255,0.94000180,0.14192732,1.30366726,0.62059658,-0.21140013,715,2021,0.28308635,2022,-0.17836908,524623.05307619,44.50405584,1.60926098,0.00112668,,,0.23283181,0.00000000,0.76123722,0.00000000
ROT SPY top1 13612W can TIP/1 fb best(BIL+IEF),sens,sens_2019-01-02,2019-01-02,2023-12-29,false,true,"{""*"": 6, ""ACWX"": 3, ""AGG"": 1, ""BIL"": 1, ""BND"": 1.5, ""BTAL"": 6, ""DBC"": 3, ""DBMF"": 3, ""EEM"": 1, ""EFA"": 1, ""IEF"": 1, ""IWM"": 1, ""KMLM"": 6, ""LQD"": 1.5, ""QQQ"": 1, ""SCZ"": 5, ""SHY"": 1, ""SPY"": 0.7, ""TIP"": 2, ""TLT"": 1, ""TQQQ"": 1.5, ""VEA"": 1.5, ""VEU"": 2, ""VNQ"": 1.5, ""VTI"": 1, ""VWO"": 2}",0.03000000,tests/data/2026-08-24-net15,13612W,TIP/1,best(BIL+IEF),0.00544493,0.02171904,0.00547005,0.02180049,49852.35335767,39500.00000000,10352.35335767,0.26208490,0.08889465,0.07483926,0.78375099,0.11753700,1.05968691,0.66259921,-0.13416051,107,2020,0.24378533,2022,-0.08250281,1098998.23872062,93.50377348,3.61822762,0.00236718,0.34960498,0.00000000,0.06634194,0.00000000,0.57858302,0.00000000
ROT SPY top1 13612W can TIP/1 fb IEF,sens,sens_2019-01-02,2019-01-02,2023-12-29,false,true,"{""*"": 6, ""ACWX"": 3, ""AGG"": 1, ""BIL"": 1, ""BND"": 1.5, ""BTAL"": 6, ""DBC"": 3, ""DBMF"": 3, ""EEM"": 1, ""EFA"": 1, ""IEF"": 1, ""IWM"": 1, ""KMLM"": 6, ""LQD"": 1.5, ""QQQ"": 1, ""SCZ"": 5, ""SHY"": 1, ""SPY"": 0.7, ""TIP"": 2, ""TLT"": 1, ""TQQQ"": 1.5, ""VEA"": 1.5, ""VEU"": 2, ""VNQ"": 1.5, ""VTI"": 1, ""VWO"": 2}",0.03000000,tests/data/2026-08-24-net15,13612W,TIP/1,IEF,0.00566869,0.02171904,0.00569380,0.02180049,45073.25500815,39500.00000000,5573.25500815,0.14109506,0.06140500,0.04231249,0.52209754,0.13053136,0.71447860,0.27065792,-0.22687310,,2020,0.24378533,2022,-0.18271607,1051823.31150121,89.50953007,3.63453110,0.00226606,,,0.41587672,0.00000000,0.57842947,0.00000000
ROT SPY top1 13612W fb best(BIL+IEF),sens,sens_2019-01-02,2019-01-02,2023-12-29,false,true,"{""*"": 6, ""ACWX"": 3, ""AGG"": 1, ""BIL"": 1, ""BND"": 1.5, ""BTAL"": 6, ""DBC"": 3, ""DBMF"": 3, ""EEM"": 1, ""EFA"": 1, ""IEF"": 1, ""IWM"": 1, ""KMLM"": 6, ""LQD"": 1.5, ""QQQ"": 1, ""SCZ"": 5, ""SHY"": 1, ""SPY"": 0.7, ""TIP"": 2, ""TLT"": 1, ""TQQQ"": 1.5, ""VEA"": 1.5, ""VEU"": 2, ""VNQ"": 1.5, ""VTI"": 1, ""VWO"": 2}",0.03000000,tests/data/2026-08-24-net15,13612W,,best(BIL+IEF),0.00601860,0.02171904,0.00604647,0.02180049,49464.58376961,39500.00000000,9964.58376961,0.25226794,0.09029547,0.07231118,0.71046297,0.13446518,0.97620529,0.42514802,-0.21238596,,2020,0.24378533,2022,-0.17226936,1303389.98107363,110.76248314,4.20148388,0.00280411,0.19977988,0.00000000,0.06634194,0.00000000,0.72783170,0.00000000
ROT SPY top1 13612W fb IEF,sens,sens_2019-01-02,2019-01-02,2023-12-29,false,true,"{""*"": 6, ""ACWX"": 3, ""AGG"": 1, ""BIL"": 1, ""BND"": 1.5, ""BTAL"": 6, ""DBC"": 3, ""DBMF"": 3, ""EEM"": 1, ""EFA"": 1, ""IEF"": 1, ""IWM"": 1, ""KMLM"": 6, ""LQD"": 1.5, ""QQQ"": 1, ""SCZ"": 5, ""SHY"": 1, ""SPY"": 0.7, ""TIP"": 2, ""TLT"": 1, ""TQQQ"": 1.5, ""VEA"": 1.5, ""VEU"": 2, ""VNQ"": 1.5, ""VTI"": 1, ""VWO"": 2}",0.03000000,tests/data/2026-08-24-net15,13612W,,IEF,0.00608377,0.02171904,0.00611164,0.02180049,49502.12835488,39500.00000000,10002.12835488,0.25321844,0.08814536,0.07255676,0.66384074,0.14263710,0.91854607,0.31420449,-0.28053502,,2020,0.24378533,2022,-0.24128698,1268832.71155297,107.81770767,4.16590105,0.00272956,,,0.26610581,0.00000000,0.72778255,0.00000000
ROT SPY top1 12M can TIP/1 fb best(BIL+IEF),sens,sens_2019-01-02,2019-01-02,2023-12-29,false,true,"{""*"": 6, ""ACWX"": 3, ""AGG"": 1, ""BIL"": 1, ""BND"": 1.5, ""BTAL"": 6, ""DBC"": 3, ""DBMF"": 3, ""EEM"": 1, ""EFA"": 1, ""IEF"": 1, ""IWM"": 1, ""KMLM"": 6, ""LQD"": 1.5, ""QQQ"": 1, ""SCZ"": 5, ""SHY"": 1, ""SPY"": 0.7, ""TIP"": 2, ""TLT"": 1, ""TQQQ"": 1.5, ""VEA"": 1.5, ""VEU"": 2, ""VNQ"": 1.5, ""VTI"": 1, ""VWO"": 2}",0.03000000,tests/data/2026-08-24-net15,12M,TIP/1,best(BIL+IEF),0.00447286,0.02034555,0.00448432,0.02034626,47466.19134593,39500.00000000,7966.19134593,0.20167573,0.07012659,0.05898210,0.48344773,0.17056108,0.64954193,0.20779610,-0.33747792,323,2021,0.28342417,2022,-0.11943503,400815.49344802,34.40304909,1.34426004,0.00087096,0.33298793,0.00000000,0.03322825,0.00000000,0.62929950,0.00000000
ROT SPY top1 12M can TIP/1 fb IEF,sens,sens_2019-01-02,2019-01-02,2023-12-29,false,true,"{""*"": 6, ""ACWX"": 3, ""AGG"": 1, ""BIL"": 1, ""BND"": 1.5, ""BTAL"": 6, ""DBC"": 3, ""DBMF"": 3, ""EEM"": 1, ""EFA"": 1, ""IEF"": 1, ""IWM"": 1, ""KMLM"": 6, ""LQD"": 1.5, ""QQQ"": 1, ""SCZ"": 5, ""SHY"": 1, ""SPY"": 0.7, ""TIP"": 2, ""TLT"": 1, ""TQQQ"": 1.5, ""VEA"": 1.5, ""VEU"": 2, ""VNQ"": 1.5, ""VTI"": 1, ""VWO"": 2}",0.03000000,tests/data/2026-08-24-net15,12M,TIP/1,IEF,0.00552837,0.01885578,0.00553823,0.01885647,45511.34388028,39500.00000000,6011.34388028,0.15218592,0.05915146,0.04542545,0.41103053,0.17917890,0.55712257,0.17567093,-0.33671742,323,2021,0.28328515,2022,-0.17828828,359770.07623337,30.61977250,1.23517411,0.00077518,,,0.36596735,0.00000000,0.62849442,0.00000000
ROT SPY top1 12M fb best(BIL+IEF),sens,sens_2019-01-02,2019-01-02,2023-12-29,false,true,"{""*"": 6, ""ACWX"": 3, ""AGG"": 1, ""BIL"": 1, ""BND"": 1.5, ""BTAL"": 6, ""DBC"": 3, ""DBMF"": 3, ""EEM"": 1, ""EFA"": 1, ""IEF"": 1, ""IWM"": 1, ""KMLM"": 6, ""LQD"": 1.5, ""QQQ"": 1, ""SCZ"": 5, ""SHY"": 1, ""SPY"": 0.7, ""TIP"": 2, ""TLT"": 1, ""TQQQ"": 1.5, ""VEA"": 1.5, ""VEU"": 2, ""VNQ"": 1.5, ""VTI"": 1, ""VWO"": 2}",0.03000000,tests/data/2026-08-24-net15,12M,,best(BIL+IEF),0.00483977,0.02034555,0.00484981,0.02034626,54404.02649026,39500.00000000,14904.02649026,0.37731713,0.10056894,0.10322244,0.63641935,0.17480801,0.86193235,0.29800155,-0.33747792,323,2021,0.28342417,2022,-0.11943503,302142.81400522,25.90621696,1.00244876,0.00065585,0.21637515,0.00000000,0.03322825,0.00000000,0.74554679,0.00000000
ROT SPY top1 12M fb IEF,sens,sens_2019-01-02,2019-01-02,2023-12-29,false,true,"{""*"": 6, ""ACWX"": 3, ""AGG"": 1, ""BIL"": 1, ""BND"": 1.5, ""BTAL"": 6, ""DBC"": 3, ""DBMF"": 3, ""EEM"": 1, ""EFA"": 1, ""IEF"": 1, ""IWM"": 1, ""KMLM"": 6, ""LQD"": 1.5, ""QQQ"": 1, ""SCZ"": 5, ""SHY"": 1, ""SPY"": 0.7, ""TIP"": 2, ""TLT"": 1, ""TQQQ"": 1.5, ""VEA"": 1.5, ""VEU"": 2, ""VNQ"": 1.5, ""VTI"": 1, ""VWO"": 2}",0.03000000,tests/data/2026-08-24-net15,12M,,IEF,0.00574205,0.01885578,0.00575050,0.01885647,52956.63327714,39500.00000000,13456.63327714,0.34067426,0.09356303,0.09444336,0.58561853,0.18091045,0.79769516,0.27786811,-0.33671742,323,2021,0.28328515,2022,-0.17828828,279791.46799672,23.70828390,0.94118134,0.00060021,,,0.24941220,0.00000000,0.74483730,0.00000000
SPY60/IEF40,sens,sens_2019-01-02,2019-01-02,2023-12-29,true,true,"{""*"": 6, ""ACWX"": 3, ""AGG"": 1, ""BIL"": 1, ""BND"": 1.5, ""BTAL"": 6, ""DBC"": 3, ""DBMF"": 3, ""EEM"": 1, ""EFA"": 1, ""IEF"": 1, ""IWM"": 1, ""KMLM"": 6, ""LQD"": 1.5, ""QQQ"": 1, ""SCZ"": 5, ""SHY"": 1, ""SPY"": 0.7, ""TIP"": 2, ""TLT"": 1, ""TQQQ"": 1.5, ""VEA"": 1.5, ""VEU"": 2, ""VNQ"": 1.5, ""VTI"": 1, ""VWO"": 2}",0.03000000,tests/data/2026-08-24-net15,,,,0.00959210,0.02686437,0.00752058,0.01876610,50084.53917859,39500.00000000,10584.53917859,0.26796302,0.09270673,0.07634425,0.78677442,0.12221962,1.10103062,0.43731581,-0.21199035,,2019,0.20852647,2022,-0.16671134,50716.28480627,4.31628491,0.16969152,0.00010927,,,0.39775211,0.39190009,0.59265402,0.58123390
SPY benchmark,sens,sens_2019-01-02,2019-01-02,2023-12-29,true,true,"{""*"": 6, ""ACWX"": 3, ""AGG"": 1, ""BIL"": 1, ""BND"": 1.5, ""BTAL"": 6, ""DBC"": 3, ""DBMF"": 3, ""EEM"": 1, ""EFA"": 1, ""IEF"": 1, ""IWM"": 1, ""KMLM"": 6, ""LQD"": 1.5, ""QQQ"": 1, ""SCZ"": 5, ""SHY"": 1, ""SPY"": 0.7, ""TIP"": 2, ""TLT"": 1, ""TQQQ"": 1.5, ""VEA"": 1.5, ""VEU"": 2, ""VNQ"": 1.5, ""VTI"": 1, ""VWO"": 2}",0.03000000,tests/data/2026-08-24-net15,,,,0.00666346,0.02136139,0.00666467,0.02139564,60262.96939114,39500.00000000,20762.96939114,0.52564479,0.15192611,0.13669307,0.78362960,0.20838208,1.09484787,0.45423682,-0.33446455,173,2019,0.30221549,2022,-0.18333079,39509.92274388,2.76569459,0.11753281,0.00007002,,,,,0.99333533,0.97860436
ROT SPY top1 1-3-6-12U can TIP/1 fb best(BIL+IEF),sens,sens_2019-07-01,2019-07-01,2024-07-01,false,true,"{""*"": 6, ""ACWX"": 3, ""AGG"": 1, ""BIL"": 1, ""BND"": 1.5, ""BTAL"": 6, ""DBC"": 3, ""DBMF"": 3, ""EEM"": 1, ""EFA"": 1, ""IEF"": 1, ""IWM"": 1, ""KMLM"": 6, ""LQD"": 1.5, ""QQQ"": 1, ""SCZ"": 5, ""SHY"": 1, ""SPY"": 0.7, ""TIP"": 2, ""TLT"": 1, ""TQQQ"": 1.5, ""VEA"": 1.5, ""VEU"": 2, ""VNQ"": 1.5, ""VTI"": 1, ""VWO"": 2}",0.03000000,tests/data/2026-08-24-net15,1-3-6-12U,TIP/1,best(BIL+IEF),0.00561827,0.02409307,0.00563321,0.02412723,63740.80299706,40000.00000000,23740.80299706,0.59352007,0.16036888,0.15216965,1.29099946,0.12118233,1.81189290,1.19821770,-0.13383952,107,2021,0.28314394,2022,-0.00666597,849201.00405189,71.93911783,2.44684086,0.00179848,0.32755468,0.00000000,0.03260113,0.00000000,0.63421098,0.00000000
ROT SPY top1 1-3-6-12U can TIP/1 fb IEF,sens,sens_2019-07-01,2019-07-01,2024-07-01,false,true,"{""*"": 6, ""ACWX"": 3, ""AGG"": 1, ""BIL"": 1, ""BND"": 1.5, ""BTAL"": 6, ""DBC"": 3, ""DBMF"": 3, ""EEM"": 1, ""EFA"": 1, ""IEF"": 1, ""IWM"": 1, ""KMLM"": 6, ""LQD"": 1.5, ""QQQ"": 1, ""SCZ"": 5, ""SHY"": 1, ""SPY"": 0.7, ""TIP"": 2, ""TLT"": 1, ""TQQQ"": 1.5, ""VEA"": 1.5, ""VEU"": 2, ""VNQ"": 1.5, ""VTI"": 1, ""VWO"": 2}",0.03000000,tests/data/2026-08-24-net15,1-3-6-12U,TIP/1,IEF,0.00548646,0.02409307,0.00550141,0.02412723,57453.19963338,40000.00000000,17453.19963338,0.43632999,0.13019665,0.11785878,0.98362980,0.13383453,1.38738705,0.86292339,-0.15087857,780,2021,0.28314394,2022,-0.11520511,797605.02992831,67.54574045,2.44252515,0.00168864,,,0.36013631,0.00000000,0.63436228,0.00000000
ROT SPY top1 1-3-6-12U fb best(BIL+IEF),sens,sens_2019-07-01,2019-07-01,2024-07-01,false,true,"{""*"": 6, ""ACWX"": 3, ""AGG"": 1, ""BIL"": 1, ""BND"": 1.5, ""BTAL"": 6, ""DBC"": 3, ""DBMF"": 3, ""EEM"": 1, ""EFA"": 1, ""IEF"": 1, ""IWM"": 1, ""KMLM"": 6, ""LQD"": 1.5, ""QQQ"": 1, ""SCZ"": 5, ""SHY"": 1, ""SPY"": 0.7, ""TIP"": 2, ""TLT"": 1, ""TQQQ"": 1.5, ""VEA"": 1.5, ""VEU"": 2, ""VNQ"": 1.5, ""VTI"": 1, ""VWO"": 2}",0.03000000,tests/data/2026-08-24-net15,1-3-6-12U,,best(BIL+IEF),0.00646510,0.02409307,0.00647452,0.02412723,63473.35109840,40000.00000000,23473.35109840,0.58683378,0.15288805,0.15077504,1.12155039,0.13533294,1.55674289,1.00711650,-0.15180771,715,2021,0.28314394,2022,-0.11932615,403594.94947425,33.90014704,1.22422659,0.00084750,0.16376245,0.00000000,0.03260113,0.00000000,0.79716190,0.00000000
ROT SPY top1 1-3-6-12U fb IEF,sens,sens_2019-07-01,2019-07-01,2024-07-01,false,true,"{""*"": 6, ""ACWX"": 3, ""AGG"": 1, ""BIL"": 1, ""BND"": 1.5, ""BTAL"": 6, ""DBC"": 3, ""DBMF"": 3, ""EEM"": 1, ""EFA"": 1, ""IEF"": 1, ""IWM"": 1, ""KMLM"": 6, ""LQD"": 1.5, ""QQQ"": 1, ""SCZ"": 5, ""SHY"": 1, ""SPY"": 0.7, ""TIP"": 2, ""TLT"": 1, ""TQQQ"": 1.5, ""VEA"": 1.5, ""VEU"": 2, ""VNQ"": 1.5, ""VTI"": 1, ""VWO"": 2}",0.03000000,tests/data/2026-08-24-net15,1-3-6-12U,,IEF,0.00659736,0.02409307,0.00660678,0.02412723,63475.81212308,40000.00000000,23475.81212308,0.58689530,0.15191850,0.15078789,1.06534798,0.14263095,1.48974900,0.71853062,-0.21142941,715,2021,0.28314394,2022,-0.17829625,397935.70967866,33.42695313,1.21447042,0.00083567,,,0.19634902,0.00000000,0.79704420,0.00000000
ROT SPY top1 13612W can TIP/1 fb best(BIL+IEF),sens,sens_2019-07-01,2019-07-01,2024-07-01,false,true,"{""*"": 6, ""ACWX"": 3, ""AGG"": 1, ""BIL"": 1, ""BND"": 1.5, ""BTAL"": 6, ""DBC"": 3, ""DBMF"": 3, ""EEM"": 1, ""EFA"": 1, ""IEF"": 1, ""IWM"": 1, ""KMLM"": 6, ""LQD"": 1.5, ""QQQ"": 1, ""SCZ"": 5, ""SHY"": 1, ""SPY"": 0.7, ""TIP"": 2, ""TLT"": 1, ""TQQQ"": 1.5, ""VEA"": 1.5, ""VEU"": 2, ""VNQ"": 1.5, ""VTI"": 1, ""VWO"": 2}",0.03000000,tests/data/2026-08-24-net15,13612W,TIP/1,best(BIL+IEF),0.00574844,0.02409307,0.00577435,0.02412723,51491.76911954,40000.00000000,11491.76911954,0.28729423,0.09303898,0.08194515,0.82015022,0.11710159,1.11530675,0.69515327,-0.13383952,107,2020,0.24254307,2022,-0.08199472,1285777.29451042,109.12153150,4.29066815,0.00272804,0.37658792,0.00000000,0.03260113,0.00000000,0.58503660,0.00000000
ROT SPY top1 13612W can TIP/1 fb IEF,sens,sens_2019-07-01,2019-07-01,2024-07-01,false,true,"{""*"": 6, ""ACWX"": 3, ""AGG"": 1, ""BIL"": 1, ""BND"": 1.5, ""BTAL"": 6, ""DBC"": 3, ""DBMF"": 3, ""EEM"": 1, ""EFA"": 1, ""IEF"": 1, ""IWM"": 1, ""KMLM"": 6, ""LQD"": 1.5, ""QQQ"": 1, ""SCZ"": 5, ""SHY"": 1, ""SPY"": 0.7, ""TIP"": 2, ""TLT"": 1, ""TQQQ"": 1.5, ""VEA"": 1.5, ""VEU"": 2, ""VNQ"": 1.5, ""VTI"": 1, ""VWO"": 2}",0.03000000,tests/data/2026-08-24-net15,13612W,TIP/1,IEF,0.00569763,0.02409307,0.00572355,0.02412723,47794.67184257,40000.00000000,7794.67184257,0.19486680,0.06904408,0.05766048,0.57777663,0.13060832,0.79521953,0.30520694,-0.22622055,,2020,0.24254307,2022,-0.18258845,1212815.73781455,102.92189457,4.28205204,0.00257305,,,0.40909881,0.00000000,0.58517764,0.00000000
ROT SPY top1 13612W fb best(BIL+IEF),sens,sens_2019-07-01,2019-07-01,2024-07-01,false,true,"{""*"": 6, ""ACWX"": 3, ""AGG"": 1, ""BIL"": 1, ""BND"": 1.5, ""BTAL"": 6, ""DBC"": 3, ""DBMF"": 3, ""EEM"": 1, ""EFA"": 1, ""IEF"": 1, ""IWM"": 1, ""KMLM"": 6, ""LQD"": 1.5, ""QQQ"": 1, ""SCZ"": 5, ""SHY"": 1, ""SPY"": 0.7, ""TIP"": 2, ""TLT"": 1, ""TQQQ"": 1.5, ""VEA"": 1.5, ""VEU"": 2, ""VNQ"": 1.5, ""VTI"": 1, ""VWO"": 2}",0.03000000,tests/data/2026-08-24-net15,13612W,,best(BIL+IEF),0.00655249,0.02409307,0.00657563,0.02412723,54820.83318859,40000.00000000,14820.83318859,0.37052083,0.11062242,0.10245071,0.84533003,0.13523628,1.17240371,0.52301553,-0.21150886,1013,2020,0.24254307,2022,-0.17204407,1079006.95813116,91.37109144,3.52641843,0.00228428,0.19644124,0.00000000,0.03260113,0.00000000,0.76438201,0.00000000
ROT SPY top1 13612W fb IEF,sens,sens_2019-07-01,2019-07-01,2024-07-01,false,true,"{""*"": 6, ""ACWX"": 3, ""AGG"": 1, ""BIL"": 1, ""BND"": 1.5, ""BTAL"": 6, ""DBC"": 3, ""DBMF"": 3, ""EEM"": 1, ""EFA"": 1, ""IEF"": 1, ""IWM"": 1, ""KMLM"": 6, ""LQD"": 1.5, ""QQQ"": 1, ""SCZ"": 5, ""SHY"": 1, ""SPY"": 0.7, ""TIP"": 2, ""TLT"": 1, ""TQQQ"": 1.5, ""VEA"": 1.5, ""VEU"": 2, ""VNQ"": 1.5, ""VTI"": 1, ""VWO"": 2}",0.03000000,tests/data/2026-08-24-net15,13612W,,IEF,0.00666551,0.02409307,0.00668863,0.02412723,54927.81443892,40000.00000000,14927.81443892,0.37319536,0.10847979,0.10309020,0.79160708,0.14340402,1.10467582,0.38694170,-0.28035178,1015,2020,0.24254307,2022,-0.24040372,1048710.38126619,88.80363684,3.48099016,0.00222009,,,0.22910526,0.00000000,0.76420611,0.00000000
ROT SPY top1 12M can TIP/1 fb best(BIL+IEF),sens,sens_2019-07-01,2019-07-01,2024-07-01,false,true,"{""*"": 6, ""ACWX"": 3, ""AGG"": 1, ""BIL"": 1, ""BND"": 1.5, ""BTAL"": 6, ""DBC"": 3, ""DBMF"": 3, ""EEM"": 1, ""EFA"": 1, ""IEF"": 1, ""IWM"": 1, ""KMLM"": 6, ""LQD"": 1.5, ""QQQ"": 1, ""SCZ"": 5, ""SHY"": 1, ""SPY"": 0.7, ""TIP"": 2, ""TLT"": 1, ""TQQQ"": 1.5, ""VEA"": 1.5, ""VEU"": 2, ""VNQ"": 1.5, ""VTI"": 1, ""VWO"": 2}",0.03000000,tests/data/2026-08-24-net15,12M,TIP/1,best(BIL+IEF),0.00580418,0.02409307,0.00581644,0.02412723,52671.26767858,40000.00000000,12671.26767858,0.31678169,0.08715567,0.08934855,0.58029554,0.16918577,0.78267868,0.25876606,-0.33681261,323,2021,0.28273486,2022,-0.11918783,598393.41133738,50.61773453,2.03669477,0.00126544,0.34392337,0.00000000,0.01636295,0.00000000,0.63389725,0.00000000
ROT SPY top1 12M can TIP/1 fb IEF,sens,sens_2019-07-01,2019-07-01,2024-07-01,false,true,"{""*"": 6, ""ACWX"": 3, ""AGG"": 1, ""BIL"": 1, ""BND"": 1.5, ""BTAL"": 6, ""DBC"": 3, ""DBMF"": 3, ""EEM"": 1, ""EFA"": 1, ""IEF"": 1, ""IWM"": 1, ""KMLM"": 6, ""LQD"": 1.5, ""QQQ"": 1, ""SCZ"": 5, ""SHY"": 1, ""SPY"": 0.7, ""TIP"": 2, ""TLT"": 1, ""TQQQ"": 1.5, ""VEA"": 1.5, ""VEU"": 2, ""VNQ"": 1.5, ""VTI"": 1, ""VWO"": 2}",0.03000000,tests/data/2026-08-24-net15,12M,TIP/1,IEF,0.00552618,0.02409307,0.00553845,0.02412723,49604.68813062,40000.00000000,9604.68813062,0.24011720,0.07050307,0.06976271,0.47218374,0.17862612,0.64197940,0.20932432,-0.33681261,323,2021,0.28273486,2022,-0.17815569,567310.07134804,47.96111923,1.99118702,0.00119903,,,0.36023660,0.00000000,0.63422495,0.00000000
ROT SPY top1 12M fb best(BIL+IEF),sens,sens_2019-07-01,2019-07-01,2024-07-01,false,true,"{""*"": 6, ""ACWX"": 3, ""AGG"": 1, ""BIL"": 1, ""BND"": 1.5, ""BTAL"": 6, ""DBC"": 3, ""DBMF"": 3, ""EEM"": 1, ""EFA"": 1, ""IEF"": 1, ""IWM"": 1, ""KMLM"": 6, ""LQD"": 1.5, ""QQQ"": 1, ""SCZ"": 5, ""SHY"": 1, ""SPY"": 0.7, ""TIP"": 2, ""TLT"": 1, ""TQQQ"": 1.5, ""VEA"": 1.5, ""VEU"": 2, ""VNQ"": 1.5, ""VTI"": 1, ""VWO"": 2}",0.03000000,tests/data/2026-08-24-net15,12M,,best(BIL+IEF),0.00574276,0.02409307,0.00574949,0.02412723,59958.46328792,40000.00000000,19958.46328792,0.49896158,0.11852275,0.13192638,0.73019999,0.17482887,0.99335009,0.35189524,-0.33681261,323,2021,0.28273486,2022,-0.11918783,229335.03101190,19.09341924,0.75661186,0.00047734,0.19650947,0.00000000,0.01636295,0.00000000,0.78137810,0.00000000
ROT SPY top1 12M fb IEF,sens,sens_2019-07-01,2019-07-01,2024-07-01,false,true,"{""*"": 6, ""ACWX"": 3, ""AGG"": 1, ""BIL"": 1, ""BND"": 1.5, ""BTAL"": 6, ""DBC"": 3, ""DBMF"": 3, ""EEM"": 1, ""EFA"": 1, ""IEF"": 1, ""IWM"": 1, ""KMLM"": 6, ""LQD"": 1.5, ""QQQ"": 1, ""SCZ"": 5, ""SHY"": 1, ""SPY"": 0.7, ""TIP"": 2, ""TLT"": 1, ""TQQQ"": 1.5, ""VEA"": 1.5, ""VEU"": 2, ""VNQ"": 1.5, ""VTI"": 1, ""VWO"": 2}",0.03000000,tests/data/2026-08-24-net15,12M,,IEF,0.00609049,0.02409307,0.00609722,0.02412723,58408.95034819,40000.00000000,18408.95034819,0.46022376,0.11042258,0.12329130,0.67072370,0.18114056,0.91716608,0.32784573,-0.33681261,323,2021,0.28273486,2022,-0.17815569,226977.10438977,18.89377865,0.76259532,0.00047234,,,0.21283125,0.00000000,0.78107153,0.00000000
SPY60/IEF40,sens,sens_2019-07-01,2019-07-01,2024-07-01,true,true,"{""*"": 6, ""ACWX"": 3, ""AGG"": 1, ""BIL"": 1, ""BND"": 1.5, ""BTAL"": 6, ""DBC"": 3, ""DBMF"": 3, ""EEM"": 1, ""EFA"": 1, ""IEF"": 1, ""IWM"": 1, ""KMLM"": 6, ""LQD"": 1.5, ""QQQ"": 1, ""SCZ"": 5, ""SHY"": 1, ""SPY"": 0.7, ""TIP"": 2, ""TLT"": 1, ""TQQQ"": 1.5, ""VEA"": 1.5, ""VEU"": 2, ""VNQ"": 1.5, ""VTI"": 1, ""VWO"": 2}",0.03000000,tests/data/2026-08-24-net15,,,,0.00787509,0.02230803,0.00622131,0.02028239,51018.57970840,40000.00000000,11018.57970840,0.27546449,0.08087218,0.07893028,0.69546494,0.12294845,0.97197259,0.38057202,-0.21250164,795,2023,0.16339793,2022,-0.16664859,47288.71491192,4.05164024,0.16573599,0.00010129,,,0.39805483,0.39241525,0.59406836,0.57971761
SPY benchmark,sens,sens_2019-07-01,2019-07-01,2024-07-01,true,true,"{""*"": 6, ""ACWX"": 3, ""AGG"": 1, ""BIL"": 1, ""BND"": 1.5, ""BTAL"": 6, ""DBC"": 3, ""DBMF"": 3, ""EEM"": 1, ""EFA"": 1, ""IEF"": 1, ""IWM"": 1, ""KMLM"": 6, ""LQD"": 1.5, ""QQQ"": 1, ""SCZ"": 5, ""SHY"": 1, ""SPY"": 0.7, ""TIP"": 2, ""TLT"": 1, ""TQQQ"": 1.5, ""VEA"": 1.5, ""VEU"": 2, ""VNQ"": 1.5, ""VTI"": 1, ""VWO"": 2}",0.03000000,tests/data/2026-08-24-net15,,,,0.00732007,0.02409307,0.00732129,0.02412723,63380.80448646,40000.00000000,23380.80448646,0.58452011,0.14475705,0.15029120,0.75676030,0.20768392,1.05717746,0.42978512,-0.33681261,173,2021,0.28314931,2022,-0.18144797,39731.00476702,2.78117033,0.12387895,0.00006953,,,,,0.99267871,0.97587277
ROT SPY top1 1-3-6-12U can TIP/1 fb best(BIL+IEF),sens,sens_2020-01-02,2020-01-02,2024-12-31,false,true,"{""*"": 6, ""ACWX"": 3, ""AGG"": 1, ""BIL"": 1, ""BND"": 1.5, ""BTAL"": 6, ""DBC"": 3, ""DBMF"": 3, ""EEM"": 1, ""EFA"": 1, ""IEF"": 1, ""IWM"": 1, ""KMLM"": 6, ""LQD"": 1.5, ""QQQ"": 1, ""SCZ"": 5, ""SHY"": 1, ""SPY"": 0.7, ""TIP"": 2, ""TLT"": 1, ""TQQQ"": 1.5, ""VEA"": 1.5, ""VEU"": 2, ""VNQ"": 1.5, ""VTI"": 1, ""VWO"": 2}",0.03000000,tests/data/2026-08-24-net15,1-3-6-12U,TIP/1,best(BIL+IEF),0.00619099,0.02817296,0.00620610,0.02817396,62613.00158823,39500.00000000,23113.00158823,0.58513928,0.15506012,0.14893946,1.23755356,0.12282684,1.73849098,1.18256002,-0.13112241,107,2021,0.28272333,2022,-0.00689321,719851.53348646,60.96267715,2.12017164,0.00154336,0.33293415,0.00000000,0.03309879,0.00000000,0.62776096,0.00000000
ROT SPY top1 1-3-6-12U can TIP/1 fb IEF,sens,sens_2020-01-02,2020-01-02,2024-12-31,false,true,"{""*"": 6, ""ACWX"": 3, ""AGG"": 1, ""BIL"": 1, ""BND"": 1.5, ""BTAL"": 6, ""DBC"": 3, ""DBMF"": 3, ""EEM"": 1, ""EFA"": 1, ""IEF"": 1, ""IWM"": 1, ""KMLM"": 6, ""LQD"": 1.5, ""QQQ"": 1, ""SCZ"": 5, ""SHY"": 1, ""SPY"": 0.7, ""TIP"": 2, ""TLT"": 1, ""TQQQ"": 1.5, ""VEA"": 1.5, ""VEU"": 2, ""VNQ"": 1.5, ""VTI"": 1, ""VWO"": 2}",0.03000000,tests/data/2026-08-24-net15,1-3-6-12U,TIP/1,IEF,0.00569616,0.02817296,0.00571130,0.02817396,56952.58860579,39500.00000000,17452.58860579,0.44183769,0.12520225,0.11789390,0.94054525,0.13543452,1.32761056,0.83038818,-0.15077557,780,2021,0.28272333,2022,-0.11517712,677338.64891180,57.34270671,2.13791312,0.00145171,,,0.36598578,0.00000000,0.62830292,0.00000000
ROT SPY top1 1-3-6-12U fb best(BIL+IEF),sens,sens_2020-01-02,2020-01-02,2024-12-31,false,true,"{""*"": 6, ""ACWX"": 3, ""AGG"": 1, ""BIL"": 1, ""BND"": 1.5, ""BTAL"": 6, ""DBC"": 3, ""DBMF"": 3, ""EEM"": 1, ""EFA"": 1, ""IEF"": 1, ""IWM"": 1, ""KMLM"": 6, ""LQD"": 1.5, ""QQQ"": 1, ""SCZ"": 5, ""SHY"": 1, ""SPY"": 0.7, ""TIP"": 2, ""TLT"": 1, ""TQQQ"": 1.5, ""VEA"": 1.5, ""VEU"": 2, ""VNQ"": 1.5, ""VTI"": 1, ""VWO"": 2}",0.03000000,tests/data/2026-08-24-net15,1-3-6-12U,,best(BIL+IEF),0.00634275,0.02817296,0.00635226,0.02817396,62759.50835022,39500.00000000,23259.50835022,0.58884831,0.14827201,0.14970843,1.08052177,0.13690772,1.50179580,0.97944358,-0.15138392,714,2021,0.28272333,2022,-0.11915840,339256.79038666,28.45413742,1.04199344,0.00072036,0.16643905,0.00000000,0.03309879,0.00000000,0.79410990,0.00000000
ROT SPY top1 1-3-6-12U fb IEF,sens,sens_2020-01-02,2020-01-02,2024-12-31,false,true,"{""*"": 6, ""ACWX"": 3, ""AGG"": 1, ""BIL"": 1, ""BND"": 1.5, ""BTAL"": 6, ""DBC"": 3, ""DBMF"": 3, ""EEM"": 1, ""EFA"": 1, ""IEF"": 1, ""IWM"": 1, ""KMLM"": 6, ""LQD"": 1.5, ""QQQ"": 1, ""SCZ"": 5, ""SHY"": 1, ""SPY"": 0.7, ""TIP"": 2, ""TLT"": 1, ""TQQQ"": 1.5, ""VEA"": 1.5, ""VEU"": 2, ""VNQ"": 1.5, ""VTI"": 1, ""VWO"": 2}",0.03000000,tests/data/2026-08-24-net15,1-3-6-12U,,IEF,0.00629403,0.02817296,0.00630355,0.02817396,62770.94748372,39500.00000000,23270.94748372,0.58913791,0.14717997,0.14976840,1.02661959,0.14415768,1.43703423,0.69665822,-0.21126567,715,2021,0.28272333,2022,-0.17820238,335675.05338536,28.14232875,1.03627296,0.00071246,,,0.19951679,0.00000000,0.79417966,0.00000000
ROT SPY top1 13612W can TIP/1 fb best(BIL+IEF),sens,sens_2020-01-02,2020-01-02,2024-12-31,false,true,"{""*"": 6, ""ACWX"": 3, ""AGG"": 1, ""BIL"": 1, ""BND"": 1.5, ""BTAL"": 6, ""DBC"": 3, ""DBMF"": 3, ""EEM"": 1, ""EFA"": 1, ""IEF"": 1, ""IWM"": 1, ""KMLM"": 6, ""LQD"": 1.5, ""QQQ"": 1, ""SCZ"": 5, ""SHY"": 1, ""SPY"": 0.7, ""TIP"": 2, ""TLT"": 1, ""TQQQ"": 1.5, ""VEA"": 1.5, ""VEU"": 2, ""VNQ"": 1.5, ""VTI"": 1, ""VWO"": 2}",0.03000000,tests/data/2026-08-24-net15,13612W,TIP/1,best(BIL+IEF),0.00576332,0.02817296,0.00579238,0.02817396,48945.77251369,39500.00000000,9445.77251369,0.23913348,0.07620390,0.06873711,0.68354592,0.11783615,0.92610515,0.58116613,-0.13112241,107,2020,0.23271830,2022,-0.08153627,1290725.91089951,109.57988264,4.46056073,0.00277417,0.39956334,0.00000000,0.03309879,0.00000000,0.56154549,0.00000000
ROT SPY top1 13612W can TIP/1 fb IEF,sens,sens_2020-01-02,2020-01-02,2024-12-31,false,true,"{""*"": 6, ""ACWX"": 3, ""AGG"": 1, ""BIL"": 1, ""BND"": 1.5, ""BTAL"": 6, ""DBC"": 3, ""DBMF"": 3, ""EEM"": 1, ""EFA"": 1, ""IEF"": 1, ""IWM"": 1, ""KMLM"": 6, ""LQD"": 1.5, ""QQQ"": 1, ""SCZ"": 5, ""SHY"": 1, ""SPY"": 0.7, ""TIP"": 2, ""TLT"": 1, ""TQQQ"": 1.5, ""VEA"": 1.5, ""VEU"": 2, ""VNQ"": 1.5, ""VTI"": 1, ""VWO"": 2}",0.03000000,tests/data/2026-08-24-net15,13612W,TIP/1,IEF,0.00625765,0.02817296,0.00628670,0.02817396,46127.60642916,39500.00000000,6627.60642916,0.16778750,0.05401128,0.04963910,0.46654100,0.13155707,0.64032801,0.23875786,-0.22621780,1135,2020,0.23271830,2022,-0.18220716,1217130.61330389,103.33645419,4.46557258,0.00261611,,,0.43254511,0.00000000,0.56116819,0.00000000
ROT SPY top1 13612W fb best(BIL+IEF),sens,sens_2020-01-02,2020-01-02,2024-12-31,false,true,"{""*"": 6, ""ACWX"": 3, ""AGG"": 1, ""BIL"": 1, ""BND"": 1.5, ""BTAL"": 6, ""DBC"": 3, ""DBMF"": 3, ""EEM"": 1, ""EFA"": 1, ""IEF"": 1, ""IWM"": 1, ""KMLM"": 6, ""LQD"": 1.5, ""QQQ"": 1, ""SCZ"": 5, ""SHY"": 1, ""SPY"": 0.7, ""TIP"": 2, ""TLT"": 1, ""TQQQ"": 1.5, ""VEA"": 1.5, ""VEU"": 2, ""VNQ"": 1.5, ""VTI"": 1, ""VWO"": 2}",0.03000000,tests/data/2026-08-24-net15,13612W,,best(BIL+IEF),0.00707473,0.02817296,0.00709812,0.02817396,54818.82482355,39500.00000000,15318.82482355,0.38781835,0.10605175,0.10545126,0.80727254,0.13669756,1.12112417,0.50252985,-0.21103572,1013,2024,0.24558483,2022,-0.17096536,906953.10658632,76.78792568,3.04295810,0.00194400,0.19975057,0.00000000,0.03309879,0.00000000,0.76005252,0.00000000
ROT SPY top1 13612W fb IEF,sens,sens_2020-01-02,2020-01-02,2024-12-31,false,true,"{""*"": 6, ""ACWX"": 3, ""AGG"": 1, ""BIL"": 1, ""BND"": 1.5, ""BTAL"": 6, ""DBC"": 3, ""DBMF"": 3, ""EEM"": 1, ""EFA"": 1, ""IEF"": 1, ""IWM"": 1, ""KMLM"": 6, ""LQD"": 1.5, ""QQQ"": 1, ""SCZ"": 5, ""SHY"": 1, ""SPY"": 0.7, ""TIP"": 2, ""TLT"": 1, ""TQQQ"": 1.5, ""VEA"": 1.5, ""VEU"": 2, ""VNQ"": 1.5, ""VTI"": 1, ""VWO"": 2}",0.03000000,tests/data/2026-08-24-net15,13612W,,IEF,0.00679786,0.02817296,0.00682129,0.02817396,54925.23862725,39500.00000000,15425.23862725,0.39051237,0.10350404,0.10608228,0.75355740,0.14490670,1.05235619,0.36905109,-0.28045994,1015,2024,0.24459748,2022,-0.24052919,884109.26044203,74.80965669,3.00469241,0.00189392,,,0.23281746,0.00000000,0.76036125,0.00000000
ROT SPY top1 12M can TIP/1 fb best(BIL+IEF),sens,sens_2020-01-02,2020-01-02,2024-12-31,false,true,"{""*"": 6, ""ACWX"": 3, ""AGG"": 1, ""BIL"": 1, ""BND"": 1.5, ""BTAL"": 6, ""DBC"": 3, ""DBMF"": 3, ""EEM"": 1, ""EFA"": 1, ""IEF"": 1, ""IWM"": 1, ""KMLM"": 6, ""LQD"": 1.5, ""QQQ"": 1, ""SCZ"": 5, ""SHY"": 1, ""SPY"": 0.7, ""TIP"": 2, ""TLT"": 1, ""TQQQ"": 1.5, ""VEA"": 1.5, ""VEU"": 2, ""VNQ"": 1.5, ""VTI"": 1, ""VWO"": 2}",0.03000000,tests/data/2026-08-24-net15,12M,TIP/1,best(BIL+IEF),0.00680727,0.02817296,0.00681967,0.02817396,53159.83381420,39500.00000000,13659.83381420,0.34581858,0.08267063,0.09546473,0.55718678,0.16850383,0.75200796,0.25054718,-0.32996035,316,2021,0.28242607,2022,-0.11904734,520554.23615328,44.01833553,1.79999171,0.00111439,0.34959769,0.00000000,0.01659573,0.00000000,0.62698691,0.00000000
ROT SPY top1 12M can TIP/1 fb IEF,sens,sens_2020-01-02,2020-01-02,2024-12-31,false,true,"{""*"": 6, ""ACWX"": 3, ""AGG"": 1, ""BIL"": 1, ""BND"": 1.5, ""BTAL"": 6, ""DBC"": 3, ""DBMF"": 3, ""EEM"": 1, ""EFA"": 1, ""IEF"": 1, ""IWM"": 1, ""KMLM"": 6, ""LQD"": 1.5, ""QQQ"": 1, ""SCZ"": 5, ""SHY"": 1, ""SPY"": 0.7, ""TIP"": 2, ""TLT"": 1, ""TQQQ"": 1.5, ""VEA"": 1.5, ""VEU"": 2, ""VNQ"": 1.5, ""VTI"": 1, ""VWO"": 2}",0.03000000,tests/data/2026-08-24-net15,12M,TIP/1,IEF,0.00684289,0.02817296,0.00685530,0.02817396,50282.14147099,39500.00000000,10782.14147099,0.27296561,0.06591662,0.07743715,0.44895615,0.17795958,0.61074401,0.19977133,-0.32996035,316,2021,0.28242607,2022,-0.17808730,493691.76889461,41.72592064,1.77099077,0.00105635,,,0.36603525,0.00000000,0.62710945,0.00000000
ROT SPY top1 12M fb best(BIL+IEF),sens,sens_2020-01-02,2020-01-02,2024-12-31,false,true,"{""*"": 6, ""ACWX"": 3, ""AGG"": 1, ""BIL"": 1, ""BND"": 1.5, ""BTAL"": 6, ""DBC"": 3, ""DBMF"": 3, ""EEM"": 1, ""EFA"": 1, ""IEF"": 1, ""IWM"": 1, ""KMLM"": 6, ""LQD"": 1.5, ""QQQ"": 1, ""SCZ"": 5, ""SHY"": 1, ""SPY"": 0.7, ""TIP"": 2, ""TLT"": 1, ""TQQQ"": 1.5, ""VEA"": 1.5, ""VEU"": 2, ""VNQ"": 1.5, ""VTI"": 1, ""VWO"": 2}",0.03000000,tests/data/2026-08-24-net15,12M,,best(BIL+IEF),0.00720572,0.02817296,0.00721249,0.02817396,60025.61513767,39500.00000000,20525.61513767,0.51963583,0.11376963,0.13508138,0.70759007,0.17416213,0.96322476,0.34479788,-0.32996035,316,2021,0.28242607,2022,-0.11904734,194043.97210644,16.11760943,0.63826827,0.00040804,0.19972987,0.00000000,0.01659573,0.00000000,0.77646192,0.00000000
ROT SPY top1 12M fb IEF,sens,sens_2020-01-02,2020-01-02,2024-12-31,false,true,"{""*"": 6, ""ACWX"": 3, ""AGG"": 1, ""BIL"": 1, ""BND"": 1.5, ""BTAL"": 6, ""DBC"": 3, ""DBMF"": 3, ""EEM"": 1, ""EFA"": 1, ""IEF"": 1, ""IWM"": 1, ""KMLM"": 6, ""LQD"": 1.5, ""QQQ"": 1, ""SCZ"": 5, ""SHY"": 1, ""SPY"": 0.7, ""TIP"": 2, ""TLT"": 1, ""TQQQ"": 1.5, ""VEA"": 1.5, ""VEU"": 2, ""VNQ"": 1.5, ""VTI"": 1, ""VWO"": 2}",0.03000000,tests/data/2026-08-24-net15,12M,,IEF,0.00707610,0.02817296,0.00708289,0.02817396,58618.24237660,39500.00000000,19118.24237660,0.48400614,0.10573132,0.12731252,0.64873253,0.18050449,0.88766405,0.32043644,-0.32996035,316,2021,0.28242607,2022,-0.17808730,192435.08292953,15.97835539,0.64564489,0.00040452,,,0.21628585,0.00000000,0.77663126,0.00000000
SPY60/IEF40,sens,sens_2020-01-02,2020-01-02,2024-12-31,true,true,"{""*"": 6, ""ACWX"": 3, ""AGG"": 1, ""BIL"": 1, ""BND"": 1.5, ""BTAL"": 6, ""DBC"": 3, ""DBMF"": 3, ""EEM"": 1, ""EFA"": 1, ""IEF"": 1, ""IWM"": 1, ""KMLM"": 6, ""LQD"": 1.5, ""QQQ"": 1, ""SCZ"": 5, ""SHY"": 1, ""SPY"": 0.7, ""TIP"": 2, ""TLT"": 1, ""TQQQ"": 1.5, ""VEA"": 1.5, ""VEU"": 2, ""VNQ"": 1.5, ""VTI"": 1, ""VWO"": 2}",0.03000000,tests/data/2026-08-24-net15,,,,0.01003431,0.03423321,0.00793225,0.02947995,50586.07587779,39500.00000000,11086.07587779,0.28066015,0.07653364,0.07938577,0.65829167,0.12391537,0.91889542,0.35858233,-0.21343394,795,2023,0.16296360,2022,-0.16833525,43798.74244030,3.76612505,0.15526945,0.00009534,,,0.39767874,0.39154998,0.59228526,0.57052005
SPY benchmark,sens,sens_2020-01-02,2020-01-02,2024-12-31,true,true,"{""*"": 6, ""ACWX"": 3, ""AGG"": 1, ""BIL"": 1, ""BND"": 1.5, ""BTAL"": 6, ""DBC"": 3, ""DBMF"": 3, ""EEM"": 1, ""EFA"": 1, ""IEF"": 1, ""IWM"": 1, ""KMLM"": 6, ""LQD"": 1.5, ""QQQ"": 1, ""SCZ"": 5, ""SHY"": 1, ""SPY"": 0.7, ""TIP"": 2, ""TLT"": 1, ""TQQQ"": 1.5, ""VEA"": 1.5, ""VEU"": 2, ""VNQ"": 1.5, ""VTI"": 1, ""VWO"": 2}",0.03000000,tests/data/2026-08-24-net15,,,,0.00756791,0.02817296,0.00756916,0.02817396,62942.45723914,39500.00000000,23442.45723914,0.59347993,0.14052691,0.15066638,0.74009610,0.20712538,1.03473838,0.42589028,-0.32996035,169,2021,0.28320657,2022,-0.18171509,38975.39934027,2.72827795,0.12181557,0.00006907,,,,,0.99243084,0.97182604
ROT SPY top1 1-3-6-12U can TIP/1 fb best(BIL+IEF),sens,sens_2020-07-01,2020-07-01,2025-07-01,false,true,"{""*"": 6, ""ACWX"": 3, ""AGG"": 1, ""BIL"": 1, ""BND"": 1.5, ""BTAL"": 6, ""DBC"": 3, ""DBMF"": 3, ""EEM"": 1, ""EFA"": 1, ""IEF"": 1, ""IWM"": 1, ""KMLM"": 6, ""LQD"": 1.5, ""QQQ"": 1, ""SCZ"": 5, ""SHY"": 1, ""SPY"": 0.7, ""TIP"": 2, ""TLT"": 1, ""TQQQ"": 1.5, ""VEA"": 1.5, ""VEU"": 2, ""VNQ"": 1.5, ""VTI"": 1, ""VWO"": 2}",0.03000000,tests/data/2026-08-24-net15,1-3-6-12U,TIP/1,best(BIL+IEF),0.00591357,0.02318656,0.00593127,0.02318741,62126.79627604,40000.00000000,22126.79627604,0.55316991,0.16096689,0.14373599,1.38589993,0.11272584,2.02878495,1.45124430,-0.11091646,202,2021,0.28236844,2022,-0.00655252,1033692.58030972,87.64387736,3.05709901,0.00219110,0.36025517,0.00000000,0.00000000,0.00000000,0.63381356,0.00000000
ROT SPY top1 1-3-6-12U can TIP/1 fb IEF,sens,sens_2020-07-01,2020-07-01,2025-07-01,false,true,"{""*"": 6, ""ACWX"": 3, ""AGG"": 1, ""BIL"": 1, ""BND"": 1.5, ""BTAL"": 6, ""DBC"": 3, ""DBMF"": 3, ""EEM"": 1, ""EFA"": 1, ""IEF"": 1, ""IWM"": 1, ""KMLM"": 6, ""LQD"": 1.5, ""QQQ"": 1, ""SCZ"": 5, ""SHY"": 1, ""SPY"": 0.7, ""TIP"": 2, ""TLT"": 1, ""TQQQ"": 1.5, ""VEA"": 1.5, ""VEU"": 2, ""VNQ"": 1.5, ""VTI"": 1, ""VWO"": 2}",0.03000000,tests/data/2026-08-24-net15,1-3-6-12U,TIP/1,IEF,0.00633011,0.02318656,0.00634782,0.02318741,57619.36794179,40000.00000000,17619.36794179,0.44048420,0.13317432,0.11886329,1.05300309,0.12685610,1.53787289,0.88514541,-0.15045474,780,2021,0.28236844,2022,-0.11480490,959873.32705194,81.37123231,3.05526788,0.00203428,,,0.36015283,0.00000000,0.63349935,0.00000000
ROT SPY top1 1-3-6-12U fb best(BIL+IEF),sens,sens_2020-07-01,2020-07-01,2025-07-01,false,true,"{""*"": 6, ""ACWX"": 3, ""AGG"": 1, ""BIL"": 1, ""BND"": 1.5, ""BTAL"": 6, ""DBC"": 3, ""DBMF"": 3, ""EEM"": 1, ""EFA"": 1, ""IEF"": 1, ""IWM"": 1, ""KMLM"": 6, ""LQD"": 1.5, ""QQQ"": 1, ""SCZ"": 5, ""SHY"": 1, ""SPY"": 0.7, ""TIP"": 2, ""TLT"": 1, ""TQQQ"": 1.5, ""VEA"": 1.5, ""VEU"": 2, ""VNQ"": 1.5, ""VTI"": 1, ""VWO"": 2}",0.03000000,tests/data/2026-08-24-net15,1-3-6-12U,,best(BIL+IEF),0.00679564,0.02318656,0.00680510,0.02318741,63760.67428697,40000.00000000,23760.67428697,0.59401686,0.15896948,0.15234266,1.21255218,0.12904682,1.73713412,1.05092523,-0.15126621,715,2021,0.28236844,2022,-0.11882381,485115.20268108,40.81322649,1.47979782,0.00102033,0.18009211,0.00000000,0.00000000,0.00000000,0.81310278,0.00000000
ROT SPY top1 1-3-6-12U fb IEF,sens,sens_2020-07-01,2020-07-01,2025-07-01,false,true,"{""*"": 6, ""ACWX"": 3, ""AGG"": 1, ""BIL"": 1, ""BND"": 1.5, ""BTAL"": 6, ""DBC"": 3, ""DBMF"": 3, ""EEM"": 1, ""EFA"": 1, ""IEF"": 1, ""IWM"": 1, ""KMLM"": 6, ""LQD"": 1.5, ""QQQ"": 1, ""SCZ"": 5, ""SHY"": 1, ""SPY"": 0.7, ""TIP"": 2, ""TLT"": 1, ""TQQQ"": 1.5, ""VEA"": 1.5, ""VEU"": 2, ""VNQ"": 1.5, ""VTI"": 1, ""VWO"": 2}",0.03000000,tests/data/2026-08-24-net15,1-3-6-12U,,IEF,0.00710033,0.02318656,0.00710979,0.02318741,64301.23173879,40000.00000000,24301.23173879,0.60753079,0.15974448,0.15514556,1.15421827,0.13707438,1.66177124,0.75757567,-0.21086274,715,2021,0.28236844,2022,-0.17785709,482168.92255808,40.57259335,1.47552197,0.00101431,,,0.18003289,0.00000000,0.81285733,0.00000000
ROT SPY top1 13612W can TIP/1 fb best(BIL+IEF),sens,sens_2020-07-01,2020-07-01,2025-07-01,false,true,"{""*"": 6, ""ACWX"": 3, ""AGG"": 1, ""BIL"": 1, ""BND"": 1.5, ""BTAL"": 6, ""DBC"": 3, ""DBMF"": 3, ""EEM"": 1, ""EFA"": 1, ""IEF"": 1, ""IWM"": 1, ""KMLM"": 6, ""LQD"": 1.5, ""QQQ"": 1, ""SCZ"": 5, ""SHY"": 1, ""SPY"": 0.7, ""TIP"": 2, ""TLT"": 1, ""TQQQ"": 1.5, ""VEA"": 1.5, ""VEU"": 2, ""VNQ"": 1.5, ""VTI"": 1, ""VWO"": 2}",0.03000000,tests/data/2026-08-24-net15,13612W,TIP/1,best(BIL+IEF),0.00525316,0.02318656,0.00528459,0.02318741,46791.14243187,40000.00000000,6791.14243187,0.16977856,0.06744918,0.05078556,0.67097979,0.10606253,0.92854921,0.53444414,-0.12620436,,2020,0.20946387,2022,-0.08256376,1447159.06234342,122.85506431,5.09385273,0.00307138,0.40927892,0.00000000,0.03275134,0.00000000,0.55268515,0.00000000
ROT SPY top1 13612W can TIP/1 fb IEF,sens,sens_2020-07-01,2020-07-01,2025-07-01,false,true,"{""*"": 6, ""ACWX"": 3, ""AGG"": 1, ""BIL"": 1, ""BND"": 1.5, ""BTAL"": 6, ""DBC"": 3, ""DBMF"": 3, ""EEM"": 1, ""EFA"": 1, ""IEF"": 1, ""IWM"": 1, ""KMLM"": 6, ""LQD"": 1.5, ""QQQ"": 1, ""SCZ"": 5, ""SHY"": 1, ""SPY"": 0.7, ""TIP"": 2, ""TLT"": 1, ""TQQQ"": 1.5, ""VEA"": 1.5, ""VEU"": 2, ""VNQ"": 1.5, ""VTI"": 1, ""VWO"": 2}",0.03000000,tests/data/2026-08-24-net15,13612W,TIP/1,IEF,0.00587499,0.02318656,0.00590642,0.02318741,44600.84345325,40000.00000000,4600.84345325,0.11502109,0.04593606,0.03522210,0.43219528,0.12138720,0.60496878,0.20273880,-0.22657753,1135,2020,0.20946387,2022,-0.18273767,1367844.90692209,116.11755752,5.10918379,0.00290294,,,0.44171344,0.00000000,0.55238014,0.00000000
ROT SPY top1 13612W fb best(BIL+IEF),sens,sens_2020-07-01,2020-07-01,2025-07-01,false,true,"{""*"": 6, ""ACWX"": 3, ""AGG"": 1, ""BIL"": 1, ""BND"": 1.5, ""BTAL"": 6, ""DBC"": 3, ""DBMF"": 3, ""EEM"": 1, ""EFA"": 1, ""IEF"": 1, ""IWM"": 1, ""KMLM"": 6, ""LQD"": 1.5, ""QQQ"": 1, ""SCZ"": 5, ""SHY"": 1, ""SPY"": 0.7, ""TIP"": 2, ""TLT"": 1, ""TQQQ"": 1.5, ""VEA"": 1.5, ""VEU"": 2, ""VNQ"": 1.5, ""VTI"": 1, ""VWO"": 2}",0.03000000,tests/data/2026-08-24-net15,13612W,,best(BIL+IEF),0.00726932,0.02318656,0.00729238,0.02318741,52960.45320698,40000.00000000,12960.45320698,0.32401133,0.10180867,0.09118130,0.82585998,0.12775488,1.17113640,0.48110095,-0.21161602,1013,2024,0.24542373,2022,-0.17184684,943268.40102867,79.84846768,3.17890513,0.00199621,0.19629752,0.00000000,0.03274234,0.00000000,0.76366777,0.00000000
ROT SPY top1 13612W fb IEF,sens,sens_2020-07-01,2020-07-01,2025-07-01,false,true,"{""*"": 6, ""ACWX"": 3, ""AGG"": 1, ""BIL"": 1, ""BND"": 1.5, ""BTAL"": 6, ""DBC"": 3, ""DBMF"": 3, ""EEM"": 1, ""EFA"": 1, ""IEF"": 1, ""IWM"": 1, ""KMLM"": 6, ""LQD"": 1.5, ""QQQ"": 1, ""SCZ"": 5, ""SHY"": 1, ""SPY"": 0.7, ""TIP"": 2, ""TLT"": 1, ""TQQQ"": 1.5, ""VEA"": 1.5, ""VEU"": 2, ""VNQ"": 1.5, ""VTI"": 1, ""VWO"": 2}",0.03000000,tests/data/2026-08-24-net15,13612W,,IEF,0.00714898,0.02318656,0.00717203,0.02318741,53219.98713134,40000.00000000,13219.98713134,0.33049968,0.09983772,0.09278201,0.76863949,0.13641129,1.09476688,0.35690322,-0.27973331,1014,2024,0.24478666,2022,-0.24000685,924218.94942012,78.23695295,3.14114956,0.00195592,,,0.22917554,0.00000000,0.76365242,0.00000000
ROT SPY top1 12M can TIP/1 fb best(BIL+IEF),sens,sens_2020-07-01,2020-07-01,2025-07-01,false,true,"{""*"": 6, ""ACWX"": 3, ""AGG"": 1, ""BIL"": 1, ""BND"": 1.5, ""BTAL"": 6, ""DBC"": 3, ""DBMF"": 3, ""EEM"": 1, ""EFA"": 1, ""IEF"": 1, ""IWM"": 1, ""KMLM"": 6, ""LQD"": 1.5, ""QQQ"": 1, ""SCZ"": 5, ""SHY"": 1, ""SPY"": 0.7, ""TIP"": 2, ""TLT"": 1, ""TQQQ"": 1.5, ""VEA"": 1.5, ""VEU"": 2, ""VNQ"": 1.5, ""VTI"": 1, ""VWO"": 2}",0.03000000,tests/data/2026-08-24-net15,12M,TIP/1,best(BIL+IEF),0.00619158,0.02318656,0.00620110,0.02318741,57074.85783961,40000.00000000,17074.85783961,0.42687145,0.12824318,0.11573767,0.95832781,0.13604246,1.38701967,0.68811956,-0.18636758,127,2021,0.28236844,2022,-0.11882381,458647.18848166,38.70817967,1.47881890,0.00096770,0.34381181,0.00000000,0.00000000,0.00000000,0.64998710,0.00000000
ROT SPY top1 12M can TIP/1 fb IEF,sens,sens_2020-07-01,2020-07-01,2025-07-01,false,true,"{""*"": 6, ""ACWX"": 3, ""AGG"": 1, ""BIL"": 1, ""BND"": 1.5, ""BTAL"": 6, ""DBC"": 3, ""DBMF"": 3, ""EEM"": 1, ""EFA"": 1, ""IEF"": 1, ""IWM"": 1, ""KMLM"": 6, ""LQD"": 1.5, ""QQQ"": 1, ""SCZ"": 5, ""SHY"": 1, ""SPY"": 0.7, ""TIP"": 2, ""TLT"": 1, ""TQQQ"": 1.5, ""VEA"": 1.5, ""VEU"": 2, ""VNQ"": 1.5, ""VTI"": 1, ""VWO"": 2}",0.03000000,tests/data/2026-08-24-net15,12M,TIP/1,IEF,0.00576647,0.02318656,0.00577599,0.02318741,54253.64218747,40000.00000000,14253.64218747,0.35634105,0.11082490,0.09908568,0.78710204,0.14792296,1.14171881,0.46741584,-0.23710130,1010,2021,0.28236844,2022,-0.17785709,432857.43699473,36.51749947,1.45313097,0.00091294,,,0.34370153,0.00000000,0.65052247,0.00000000
ROT SPY top1 12M fb best(BIL+IEF),sens,sens_2020-07-01,2020-07-01,2025-07-01,false,true,"{""*"": 6, ""ACWX"": 3, ""AGG"": 1, ""BIL"": 1, ""BND"": 1.5, ""BTAL"": 6, ""DBC"": 3, ""DBMF"": 3, ""EEM"": 1, ""EFA"": 1, ""IEF"": 1, ""IWM"": 1, ""KMLM"": 6, ""LQD"": 1.5, ""QQQ"": 1, ""SCZ"": 5, ""SHY"": 1, ""SPY"": 0.7, ""TIP"": 2, ""TLT"": 1, ""TQQQ"": 1.5, ""VEA"": 1.5, ""VEU"": 2, ""VNQ"": 1.5, ""VTI"": 1, ""VWO"": 2}",0.03000000,tests/data/2026-08-24-net15,12M,,best(BIL+IEF),0.00703531,0.02318656,0.00703928,0.02318741,63778.97433764,40000.00000000,23778.97433764,0.59447436,0.16009709,0.15243791,1.11423485,0.14297066,1.62402494,0.85788300,-0.18661879,127,2021,0.28236844,2022,-0.11882381,150711.64491103,12.39479685,0.45671197,0.00030987,0.19648437,0.00000000,0.00000000,0.00000000,0.79647635,0.00000000
ROT SPY top1 12M fb IEF,sens,sens_2020-07-01,2020-07-01,2025-07-01,false,true,"{""*"": 6, ""ACWX"": 3, ""AGG"": 1, ""BIL"": 1, ""BND"": 1.5, ""BTAL"": 6, ""DBC"": 3, ""DBMF"": 3, ""EEM"": 1, ""EFA"": 1, ""IEF"": 1, ""IWM"": 1, ""KMLM"": 6, ""LQD"": 1.5, ""QQQ"": 1, ""SCZ"": 5, ""SHY"": 1, ""SPY"": 0.7, ""TIP"": 2, ""TLT"": 1, ""TQQQ"": 1.5, ""VEA"": 1.5, ""VEU"": 2, ""VNQ"": 1.5, ""VTI"": 1, ""VWO"": 2}",0.03000000,tests/data/2026-08-24-net15,12M,,IEF,0.00695776,0.02318656,0.00696174,0.02318741,62453.83788504,40000.00000000,22453.83788504,0.56134595,0.15188978,0.14547525,1.01706605,0.15073745,1.48449414,0.72032537,-0.21086274,746,2021,0.28236844,2022,-0.17785709,148988.85065659,12.24638411,0.46086671,0.00030616,,,0.19639871,0.00000000,0.79663954,0.00000000
SPY60/IEF40,sens,sens_2020-07-01,2020-07-01,2025-07-01,true,true,"{""*"": 6, ""ACWX"": 3, ""AGG"": 1, ""BIL"": 1, ""BND"": 1.5, ""BTAL"": 6, ""DBC"": 3, ""DBMF"": 3, ""EEM"": 1, ""EFA"": 1, ""IEF"": 1, ""IWM"": 1, ""KMLM"": 6, ""LQD"": 1.5, ""QQQ"": 1, ""SCZ"": 5, ""SHY"": 1, ""SPY"": 0.7, ""TIP"": 2, ""TLT"": 1, ""TQQQ"": 1.5, ""VEA"": 1.5, ""VEU"": 2, ""VNQ"": 1.5, ""VTI"": 1, ""VWO"": 2}",0.03000000,tests/data/2026-08-24-net15,,,,0.00997079,0.03385446,0.00810890,0.02549477,52136.51536279,40000.00000000,12136.51536279,0.30341288,0.08367139,0.08605047,0.79049970,0.10965015,1.14152528,0.39438974,-0.21215408,795,2023,0.16363490,2022,-0.16696648,46257.47794742,3.94653958,0.16361569,0.00009866,,,0.39799120,0.39163939,0.59203636,0.57450523
SPY benchmark,sens,sens_2020-07-01,2020-07-01,2025-07-01,true,true,"{""*"": 6, ""ACWX"": 3, ""AGG"": 1, ""BIL"": 1, ""BND"": 1.5, ""BTAL"": 6, ""DBC"": 3, ""DBMF"": 3, ""EEM"": 1, ""EFA"": 1, ""IEF"": 1, ""IWM"": 1, ""KMLM"": 6, ""LQD"": 1.5, ""QQQ"": 1, ""SCZ"": 5, ""SHY"": 1, ""SPY"": 0.7, ""TIP"": 2, ""TLT"": 1, ""TQQQ"": 1.5, ""VEA"": 1.5, ""VEU"": 2, ""VNQ"": 1.5, ""VTI"": 1, ""VWO"": 2}",0.03000000,tests/data/2026-08-24-net15,,,,0.00824521,0.02318656,0.00824641,0.02318741,64287.92023148,40000.00000000,24287.92023148,0.60719801,0.16069996,0.15507680,0.94590227,0.17419918,1.37354599,0.66064309,-0.24324777,709,2021,0.28236844,2022,-0.18059348,39993.97353528,2.79957815,0.12127436,0.00006999,,,,,0.99175359,0.97681259
ROT SPY top1 1-3-6-12U can TIP/1 fb best(BIL+IEF),sens,sens_2021-01-04,2021-01-04,2025-12-31,false,true,"{""*"": 6, ""ACWX"": 3, ""AGG"": 1, ""BIL"": 1, ""BND"": 1.5, ""BTAL"": 6, ""DBC"": 3, ""DBMF"": 3, ""EEM"": 1, ""EFA"": 1, ""IEF"": 1, ""IWM"": 1, ""KMLM"": 6, ""LQD"": 1.5, ""QQQ"": 1, ""SCZ"": 5, ""SHY"": 1, ""SPY"": 0.7, ""TIP"": 2, ""TLT"": 1, ""TQQQ"": 1.5, ""VEA"": 1.5, ""VEU"": 2, ""VNQ"": 1.5, ""VTI"": 1, ""VWO"": 2}",0.03000000,tests/data/2026-08-24-net15,1-3-6-12U,TIP/1,best(BIL+IEF),0.00668026,0.03041091,0.00669824,0.03044485,61331.85450035,39500.00000000,21831.85450035,0.55270518,0.14404622,0.14227123,1.33100186,0.10556497,1.95374827,1.30098240,-0.11072111,202,2021,0.29776361,2022,-0.00612165,854003.00611736,72.36970080,2.66869179,0.00183214,0.36609551,0.00000000,0.00000000,0.00000000,0.62720625,0.00000000
ROT SPY top1 1-3-6-12U can TIP/1 fb IEF,sens,sens_2021-01-04,2021-01-04,2025-12-31,false,true,"{""*"": 6, ""ACWX"": 3, ""AGG"": 1, ""BIL"": 1, ""BND"": 1.5, ""BTAL"": 6, ""DBC"": 3, ""DBMF"": 3, ""EEM"": 1, ""EFA"": 1, ""IEF"": 1, ""IWM"": 1, ""KMLM"": 6, ""LQD"": 1.5, ""QQQ"": 1, ""SCZ"": 5, ""SHY"": 1, ""SPY"": 0.7, ""TIP"": 2, ""TLT"": 1, ""TQQQ"": 1.5, ""VEA"": 1.5, ""VEU"": 2, ""VNQ"": 1.5, ""VTI"": 1, ""VWO"": 2}",0.03000000,tests/data/2026-08-24-net15,1-3-6-12U,TIP/1,IEF,0.00692124,0.03041091,0.00693926,0.03044485,57489.38509845,39500.00000000,17989.38509845,0.45542747,0.11660731,0.12106283,0.97700317,0.12063553,1.42918115,0.77822902,-0.14983675,780,2021,0.29776361,2022,-0.11418538,797268.46979556,67.55423349,2.67833412,0.00171023,,,0.36605075,0.00000000,0.62701000,0.00000000
ROT SPY top1 1-3-6-12U fb best(BIL+IEF),sens,sens_2021-01-04,2021-01-04,2025-12-31,false,true,"{""*"": 6, ""ACWX"": 3, ""AGG"": 1, ""BIL"": 1, ""BND"": 1.5, ""BTAL"": 6, ""DBC"": 3, ""DBMF"": 3, ""EEM"": 1, ""EFA"": 1, ""IEF"": 1, ""IWM"": 1, ""KMLM"": 6, ""LQD"": 1.5, ""QQQ"": 1, ""SCZ"": 5, ""SHY"": 1, ""SPY"": 0.7, ""TIP"": 2, ""TLT"": 1, ""TQQQ"": 1.5, ""VEA"": 1.5, ""VEU"": 2, ""VNQ"": 1.5, ""VTI"": 1, ""VWO"": 2}",0.03000000,tests/data/2026-08-24-net15,1-3-6-12U,,best(BIL+IEF),0.00706987,0.03041091,0.00707951,0.03044485,63338.57874190,39500.00000000,23838.57874190,0.60350832,0.14265809,0.15286933,1.15005082,0.12283589,1.64770316,0.94773023,-0.15052605,714,2021,0.29776361,2022,-0.11812169,406431.19729753,34.12667568,1.28823995,0.00086397,0.18296416,0.00000000,0.00000000,0.00000000,0.80995633,0.00000000
ROT SPY top1 1-3-6-12U fb IEF,sens,sens_2021-01-04,2021-01-04,2025-12-31,false,true,"{""*"": 6, ""ACWX"": 3, ""AGG"": 1, ""BIL"": 1, ""BND"": 1.5, ""BTAL"": 6, ""DBC"": 3, ""DBMF"": 3, ""EEM"": 1, ""EFA"": 1, ""IEF"": 1, ""IWM"": 1, ""KMLM"": 6, ""LQD"": 1.5, ""QQQ"": 1, ""SCZ"": 5, ""SHY"": 1, ""SPY"": 0.7, ""TIP"": 2, ""TLT"": 1, ""TQQQ"": 1.5, ""VEA"": 1.5, ""VEU"": 2, ""VNQ"": 1.5, ""VTI"": 1, ""VWO"": 2}",0.03000000,tests/data/2026-08-24-net15,1-3-6-12U,,IEF,0.00704894,0.03041091,0.00705858,0.03044485,63862.00820014,39500.00000000,24362.00820014,0.61675970,0.14321565,0.15558342,1.08778019,0.13130511,1.56674809,0.68134825,-0.21019450,715,2021,0.29776361,2022,-0.17720542,404527.88560856,33.96584014,1.28299942,0.00085989,,,0.18297201,0.00000000,0.80996942,0.00000000
ROT SPY top1 13612W can TIP/1 fb best(BIL+IEF),sens,sens_2021-01-04,2021-01-04,2025-12-31,false,true,"{""*"": 6, ""ACWX"": 3, ""AGG"": 1, ""BIL"": 1, ""BND"": 1.5, ""BTAL"": 6, ""DBC"": 3, ""DBMF"": 3, ""EEM"": 1, ""EFA"": 1, ""IEF"": 1, ""IWM"": 1, ""KMLM"": 6, ""LQD"": 1.5, ""QQQ"": 1, ""SCZ"": 5, ""SHY"": 1, ""SPY"": 0.7, ""TIP"": 2, ""TLT"": 1, ""TQQQ"": 1.5, ""VEA"": 1.5, ""VEU"": 2, ""VNQ"": 1.5, ""VTI"": 1, ""VWO"": 2}",0.03000000,tests/data/2026-08-24-net15,13612W,TIP/1,best(BIL+IEF),0.00584659,0.03041091,0.00587843,0.03044485,47846.61528371,39500.00000000,8346.61528371,0.21130672,0.05203347,0.06146526,0.56607409,0.09840192,0.77885970,0.41555067,-0.12521570,336,2021,0.10388554,2022,-0.08175965,1198592.93149715,101.75215116,4.49592080,0.00257600,0.41581990,0.00000000,0.03330337,0.00000000,0.54499830,0.00000000
ROT SPY top1 13612W can TIP/1 fb IEF,sens,sens_2021-01-04,2021-01-04,2025-12-31,false,true,"{""*"": 6, ""ACWX"": 3, ""AGG"": 1, ""BIL"": 1, ""BND"": 1.5, ""BTAL"": 6, ""DBC"": 3, ""DBMF"": 3, ""EEM"": 1, ""EFA"": 1, ""IEF"": 1, ""IWM"": 1, ""KMLM"": 6, ""LQD"": 1.5, ""QQQ"": 1, ""SCZ"": 5, ""SHY"": 1, ""SPY"": 0.7, ""TIP"": 2, ""TLT"": 1, ""TQQQ"": 1.5, ""VEA"": 1.5, ""VEU"": 2, ""VNQ"": 1.5, ""VTI"": 1, ""VWO"": 2}",0.03000000,tests/data/2026-08-24-net15,13612W,TIP/1,IEF,0.00710846,0.03102272,0.00714029,0.03110445,46083.89569068,39500.00000000,6583.89569068,0.16668090,0.03117066,0.04937531,0.32601070,0.11451181,0.45496143,0.13855483,-0.22496985,1135,2024,0.12093338,2022,-0.18134640,1140639.76246178,96.83292387,4.51194165,0.00245147,,,0.44885098,0.00000000,0.54400873,0.00000000
ROT SPY top1 13612W fb best(BIL+IEF),sens,sens_2021-01-04,2021-01-04,2025-12-31,false,true,"{""*"": 6, ""ACWX"": 3, ""AGG"": 1, ""BIL"": 1, ""BND"": 1.5, ""BTAL"": 6, ""DBC"": 3, ""DBMF"": 3, ""EEM"": 1, ""EFA"": 1, ""IEF"": 1, ""IWM"": 1, ""KMLM"": 6, ""LQD"": 1.5, ""QQQ"": 1, ""SCZ"": 5, ""SHY"": 1, ""SPY"": 0.7, ""TIP"": 2, ""TLT"": 1, ""TQQQ"": 1.5, ""VEA"": 1.5, ""VEU"": 2, ""VNQ"": 1.5, ""VTI"": 1, ""VWO"": 2}",0.03000000,tests/data/2026-08-24-net15,13612W,,best(BIL+IEF),0.00820264,0.03041091,0.00822606,0.03044485,53478.63635679,39500.00000000,13978.63635679,0.35388953,0.08554933,0.09748995,0.73801428,0.12151974,1.04504021,0.40388603,-0.21181552,1014,2024,0.24377913,2022,-0.17197856,764323.02086227,64.62638756,2.71690749,0.00163611,0.19956342,0.00000000,0.03330128,0.00000000,0.75890924,0.00000000
ROT SPY top1 13612W fb IEF,sens,sens_2021-01-04,2021-01-04,2025-12-31,false,true,"{""*"": 6, ""ACWX"": 3, ""AGG"": 1, ""BIL"": 1, ""BND"": 1.5, ""BTAL"": 6, ""DBC"": 3, ""DBMF"": 3, ""EEM"": 1, ""EFA"": 1, ""IEF"": 1, ""IWM"": 1, ""KMLM"": 6, ""LQD"": 1.5, ""QQQ"": 1, ""SCZ"": 5, ""SHY"": 1, ""SPY"": 0.7, ""TIP"": 2, ""TLT"": 1, ""TQQQ"": 1.5, ""VEA"": 1.5, ""VEU"": 2, ""VNQ"": 1.5, ""VTI"": 1, ""VWO"": 2}",0.03000000,tests/data/2026-08-24-net15,13612W,,IEF,0.00786480,0.03041091,0.00788819,0.03044485,53831.87064332,39500.00000000,14331.87064332,0.36283217,0.08356867,0.09963036,0.68188303,0.13049309,0.96995668,0.29828596,-0.28016292,1015,2024,0.24477463,2022,-0.23963991,750514.20415555,63.45131704,2.67829086,0.00160636,,,0.23269719,0.00000000,0.75941462,0.00000000
ROT SPY top1 12M can TIP/1 fb best(BIL+IEF),sens,sens_2021-01-04,2021-01-04,2025-12-31,false,true,"{""*"": 6, ""ACWX"": 3, ""AGG"": 1, ""BIL"": 1, ""BND"": 1.5, ""BTAL"": 6, ""DBC"": 3, ""DBMF"": 3, ""EEM"": 1, ""EFA"": 1, ""IEF"": 1, ""IWM"": 1, ""KMLM"": 6, ""LQD"": 1.5, ""QQQ"": 1, ""SCZ"": 5, ""SHY"": 1, ""SPY"": 0.7, ""TIP"": 2, ""TLT"": 1, ""TQQQ"": 1.5, ""VEA"": 1.5, ""VEU"": 2, ""VNQ"": 1.5, ""VTI"": 1, ""VWO"": 2}",0.03000000,tests/data/2026-08-24-net15,12M,TIP/1,best(BIL+IEF),0.00713664,0.03041091,0.00714634,0.03044485,57096.41641437,39500.00000000,17596.41641437,0.44547890,0.11185786,0.11882120,0.88251567,0.12999876,1.27817984,0.60160998,-0.18593086,127,2021,0.29776361,2022,-0.11812169,383472.84701691,32.33051209,1.30196936,0.00081849,0.34932000,0.00000000,0.00000000,0.00000000,0.64353367,0.00000000
ROT SPY top1 12M can TIP/1 fb IEF,sens,sens_2021-01-04,2021-01-04,2025-12-31,false,true,"{""*"": 6, ""ACWX"": 3, ""AGG"": 1, ""BIL"": 1, ""BND"": 1.5, ""BTAL"": 6, ""DBC"": 3, ""DBMF"": 3, ""EEM"": 1, ""EFA"": 1, ""IEF"": 1, ""IWM"": 1, ""KMLM"": 6, ""LQD"": 1.5, ""QQQ"": 1, ""SCZ"": 5, ""SHY"": 1, ""SPY"": 0.7, ""TIP"": 2, ""TLT"": 1, ""TQQQ"": 1.5, ""VEA"": 1.5, ""VEU"": 2, ""VNQ"": 1.5, ""VTI"": 1, ""VWO"": 2}",0.03000000,tests/data/2026-08-24-net15,12M,TIP/1,IEF,0.00705713,0.03041091,0.00706684,0.03044485,54590.28646827,39500.00000000,15090.28646827,0.38203257,0.09447399,0.10418250,0.70640634,0.14242693,1.02537634,0.39990783,-0.23623942,1010,2021,0.29776361,2022,-0.17720542,362711.57507760,30.57836020,1.28458766,0.00077414,,,0.34933770,0.00000000,0.64359546,0.00000000
ROT SPY top1 12M fb best(BIL+IEF),sens,sens_2021-01-04,2021-01-04,2025-12-31,false,true,"{""*"": 6, ""ACWX"": 3, ""AGG"": 1, ""BIL"": 1, ""BND"": 1.5, ""BTAL"": 6, ""DBC"": 3, ""DBMF"": 3, ""EEM"": 1, ""EFA"": 1, ""IEF"": 1, ""IWM"": 1, ""KMLM"": 6, ""LQD"": 1.5, ""QQQ"": 1, ""SCZ"": 5, ""SHY"": 1, ""SPY"": 0.7, ""TIP"": 2, ""TLT"": 1, ""TQQQ"": 1.5, ""VEA"": 1.5, ""VEU"": 2, ""VNQ"": 1.5, ""VTI"": 1, ""VWO"": 2}",0.03000000,tests/data/2026-08-24-net15,12M,,best(BIL+IEF),0.00729963,0.03041091,0.00730371,0.03044485,63284.81986884,39500.00000000,23784.81986884,0.60214734,0.14361825,0.15258943,1.04887740,0.13723102,1.53092495,0.77117797,-0.18623231,127,2021,0.29776361,2022,-0.11812169,126480.75368010,10.34429167,0.39901129,0.00026188,0.19957449,0.00000000,0.00000000,0.00000000,0.79312180,0.00000000
ROT SPY top1 12M fb IEF,sens,sens_2021-01-04,2021-01-04,2025-12-31,false,true,"{""*"": 6, ""ACWX"": 3, ""AGG"": 1, ""BIL"": 1, ""BND"": 1.5, ""BTAL"": 6, ""DBC"": 3, ""DBMF"": 3, ""EEM"": 1, ""EFA"": 1, ""IEF"": 1, ""IWM"": 1, ""KMLM"": 6, ""LQD"": 1.5, ""QQQ"": 1, ""SCZ"": 5, ""SHY"": 1, ""SPY"": 0.7, ""TIP"": 2, ""TLT"": 1, ""TQQQ"": 1.5, ""VEA"": 1.5, ""VEU"": 2, ""VNQ"": 1.5, ""VTI"": 1, ""VWO"": 2}",0.03000000,tests/data/2026-08-24-net15,12M,,IEF,0.00733104,0.03041091,0.00733513,0.03044485,62146.36192894,39500.00000000,22646.36192894,0.57332562,0.13545653,0.14661044,0.94759493,0.14555684,1.38514197,0.64443423,-0.21019450,746,2021,0.29776361,2022,-0.17720542,124858.59893910,10.20908348,0.40178060,0.00025846,,,0.19957126,0.00000000,0.79309361,0.00000000
SPY60/IEF40,sens,sens_2021-01-04,2021-01-04,2025-12-31,true,true,"{""*"": 6, ""ACWX"": 3, ""AGG"": 1, ""BIL"": 1, ""BND"": 1.5, ""BTAL"": 6, ""DBC"": 3, ""DBMF"": 3, ""EEM"": 1, ""EFA"": 1, ""IEF"": 1, ""IWM"": 1, ""KMLM"": 6, ""LQD"": 1.5, ""QQQ"": 1, ""SCZ"": 5, ""SHY"": 1, ""SPY"": 0.7, ""TIP"": 2, ""TLT"": 1, ""TQQQ"": 1.5, ""VEA"": 1.5, ""VEU"": 2, ""VNQ"": 1.5, ""VTI"": 1, ""VWO"": 2}",0.03000000,tests/data/2026-08-24-net15,,,,0.01280276,0.02991118,0.01060758,0.02766030,52348.24416796,39500.00000000,12848.24416796,0.32527200,0.07600359,0.09055146,0.73955914,0.10703980,1.06918970,0.36118057,-0.21043100,795,2023,0.15996084,2022,-0.16525692,43714.84241625,3.72305237,0.15717915,0.00009425,,,0.39774603,0.38999950,0.58944954,0.57233970
SPY benchmark,sens,sens_2021-01-04,2021-01-04,2025-12-31,true,true,"{""*"": 6, ""ACWX"": 3, ""AGG"": 1, ""BIL"": 1, ""BND"": 1.5, ""BTAL"": 6, ""DBC"": 3, ""DBMF"": 3, ""EEM"": 1, ""EFA"": 1, ""IEF"": 1, ""IWM"": 1, ""KMLM"": 6, ""LQD"": 1.5, ""QQQ"": 1, ""SCZ"": 5, ""SHY"": 1, ""SPY"": 0.7, ""TIP"": 2, ""TLT"": 1, ""TQQQ"": 1.5, ""VEA"": 1.5, ""VEU"": 2, ""VNQ"": 1.5, ""VTI"": 1, ""VWO"": 2}",0.03000000,tests/data/2026-08-24-net15,,,,0.00954997,0.03041091,0.00955122,0.03044485,63716.40611526,39500.00000000,24216.40611526,0.61307357,0.14372943,0.15483048,0.87918541,0.16944466,1.27738947,0.59431290,-0.24184134,709,2021,0.29776361,2022,-0.18015495,38952.21279475,2.72665490,0.12274261,0.00006903,,,,,0.99044878,0.96955515
ROT SPY top1 1-3-6-12U can TIP/1 fb best(BIL+IEF),sens,sens_2021-07-01,2021-07-01,2026-07-01,false,true,"{""*"": 6, ""ACWX"": 3, ""AGG"": 1, ""BIL"": 1, ""BND"": 1.5, ""BTAL"": 6, ""DBC"": 3, ""DBMF"": 3, ""EEM"": 1, ""EFA"": 1, ""IEF"": 1, ""IWM"": 1, ""KMLM"": 6, ""LQD"": 1.5, ""QQQ"": 1, ""SCZ"": 5, ""SHY"": 1, ""SPY"": 0.7, ""TIP"": 2, ""TLT"": 1, ""TQQQ"": 1.5, ""VEA"": 1.5, ""VEU"": 2, ""VNQ"": 1.5, ""VTI"": 1, ""VWO"": 2}",0.03000000,tests/data/2026-08-24-net15,1-3-6-12U,TIP/1,best(BIL+IEF),0.00735418,0.03540157,0.00737187,0.03540287,61987.18493999,40000.00000000,21987.18493999,0.54967962,0.12913899,0.14300796,1.19884156,0.10653781,1.75323722,1.16492933,-0.11085564,202,2024,0.18840246,2022,-0.00561629,709940.46405264,60.10574914,2.29575605,0.00150264,0.35999095,0.00000000,0.00000000,0.00000000,0.63263718,0.00000000
ROT SPY top1 1-3-6-12U can TIP/1 fb IEF,sens,sens_2021-07-01,2021-07-01,2026-07-01,false,true,"{""*"": 6, ""ACWX"": 3, ""AGG"": 1, ""BIL"": 1, ""BND"": 1.5, ""BTAL"": 6, ""DBC"": 3, ""DBMF"": 3, ""EEM"": 1, ""EFA"": 1, ""IEF"": 1, ""IWM"": 1, ""KMLM"": 6, ""LQD"": 1.5, ""QQQ"": 1, ""SCZ"": 5, ""SHY"": 1, ""SPY"": 0.7, ""TIP"": 2, ""TLT"": 1, ""TQQQ"": 1.5, ""VEA"": 1.5, ""VEU"": 2, ""VNQ"": 1.5, ""VTI"": 1, ""VWO"": 2}",0.03000000,tests/data/2026-08-24-net15,1-3-6-12U,TIP/1,IEF,0.00784209,0.03540157,0.00785977,0.03540287,58747.33342376,40000.00000000,18747.33342376,0.46868334,0.10181705,0.12526704,0.86399997,0.12127116,1.25963560,0.67821254,-0.15012558,780,2024,0.20448732,2022,-0.11467330,664880.83712195,56.28680314,2.30009064,0.00140717,,,0.35973131,0.00000000,0.63240893,0.00000000
ROT SPY top1 1-3-6-12U fb best(BIL+IEF),sens,sens_2021-07-01,2021-07-01,2026-07-01,false,true,"{""*"": 6, ""ACWX"": 3, ""AGG"": 1, ""BIL"": 1, ""BND"": 1.5, ""BTAL"": 6, ""DBC"": 3, ""DBMF"": 3, ""EEM"": 1, ""EFA"": 1, ""IEF"": 1, ""IWM"": 1, ""KMLM"": 6, ""LQD"": 1.5, ""QQQ"": 1, ""SCZ"": 5, ""SHY"": 1, ""SPY"": 0.7, ""TIP"": 2, ""TLT"": 1, ""TQQQ"": 1.5, ""VEA"": 1.5, ""VEU"": 2, ""VNQ"": 1.5, ""VTI"": 1, ""VWO"": 2}",0.03000000,tests/data/2026-08-24-net15,1-3-6-12U,,best(BIL+IEF),0.00820982,0.03540157,0.00821930,0.03540287,64294.25300891,40000.00000000,24294.25300891,0.60735633,0.12800703,0.15512778,1.04148521,0.12355119,1.48880718,0.85407146,-0.14987860,714,2024,0.24520889,2022,-0.11786347,341938.15566363,28.64183519,1.10387068,0.00071605,0.17978925,0.00000000,0.00000000,0.00000000,0.81199144,0.00000000
ROT SPY top1 1-3-6-12U fb IEF,sens,sens_2021-07-01,2021-07-01,2026-07-01,false,true,"{""*"": 6, ""ACWX"": 3, ""AGG"": 1, ""BIL"": 1, ""BND"": 1.5, ""BTAL"": 6, ""DBC"": 3, ""DBMF"": 3, ""EEM"": 1, ""EFA"": 1, ""IEF"": 1, ""IWM"": 1, ""KMLM"": 6, ""LQD"": 1.5, ""QQQ"": 1, ""SCZ"": 5, ""SHY"": 1, ""SPY"": 0.7, ""TIP"": 2, ""TLT"": 1, ""TQQQ"": 1.5, ""VEA"": 1.5, ""VEU"": 2, ""VNQ"": 1.5, ""VTI"": 1, ""VWO"": 2}",0.03000000,tests/data/2026-08-24-net15,1-3-6-12U,,IEF,0.00823763,0.03540157,0.00824712,0.03540287,64755.38705770,40000.00000000,24755.38705770,0.61888468,0.12816039,0.15750231,0.98397363,0.13200766,1.41394165,0.61066657,-0.20986967,715,2024,0.24446232,2022,-0.17689344,340634.86370536,28.53717346,1.09796799,0.00071343,,,0.17982923,0.00000000,0.81192365,0.00000000
ROT SPY top1 13612W can TIP/1 fb best(BIL+IEF),sens,sens_2021-07-01,2021-07-01,2026-07-01,false,true,"{""*"": 6, ""ACWX"": 3, ""AGG"": 1, ""BIL"": 1, ""BND"": 1.5, ""BTAL"": 6, ""DBC"": 3, ""DBMF"": 3, ""EEM"": 1, ""EFA"": 1, ""IEF"": 1, ""IWM"": 1, ""KMLM"": 6, ""LQD"": 1.5, ""QQQ"": 1, ""SCZ"": 5, ""SHY"": 1, ""SPY"": 0.7, ""TIP"": 2, ""TLT"": 1, ""TQQQ"": 1.5, ""VEA"": 1.5, ""VEU"": 2, ""VNQ"": 1.5, ""VTI"": 1, ""VWO"": 2}",0.03000000,tests/data/2026-08-24-net15,13612W,TIP/1,best(BIL+IEF),0.00719789,0.03540157,0.00723054,0.03540287,46752.16368176,40000.00000000,6752.16368176,0.16880409,0.03837904,0.05052114,0.42554412,0.10089269,0.58475632,0.30633715,-0.12528365,336,2024,0.09379914,2022,-0.08111733,1262511.07548654,107.21802764,4.76757797,0.00268045,0.40895559,0.00000000,0.03275284,0.00000000,0.55106103,0.00000000
ROT SPY top1 13612W can TIP/1 fb IEF,sens,sens_2021-07-01,2021-07-01,2026-07-01,false,true,"{""*"": 6, ""ACWX"": 3, ""AGG"": 1, ""BIL"": 1, ""BND"": 1.5, ""BTAL"": 6, ""DBC"": 3, ""DBMF"": 3, ""EEM"": 1, ""EFA"": 1, ""IEF"": 1, ""IWM"": 1, ""KMLM"": 6, ""LQD"": 1.5, ""QQQ"": 1, ""SCZ"": 5, ""SHY"": 1, ""SPY"": 0.7, ""TIP"": 2, ""TLT"": 1, ""TQQQ"": 1.5, ""VEA"": 1.5, ""VEU"": 2, ""VNQ"": 1.5, ""VTI"": 1, ""VWO"": 2}",0.03000000,tests/data/2026-08-24-net15,13612W,TIP/1,IEF,0.00816858,0.03540157,0.00820125,0.03540287,45147.67099939,40000.00000000,5147.67099939,0.12869177,0.01866173,0.03917969,0.21766502,0.11656960,0.30328799,0.08302447,-0.22477383,1135,2024,0.12024676,2022,-0.18176906,1214074.24874443,103.07507316,4.78768611,0.00257688,,,0.44143713,0.00000000,0.55036162,0.00000000
ROT SPY top1 13612W fb best(BIL+IEF),sens,sens_2021-07-01,2021-07-01,2026-07-01,false,true,"{""*"": 6, ""ACWX"": 3, ""AGG"": 1, ""BIL"": 1, ""BND"": 1.5, ""BTAL"": 6, ""DBC"": 3, ""DBMF"": 3, ""EEM"": 1, ""EFA"": 1, ""IEF"": 1, ""IWM"": 1, ""KMLM"": 6, ""LQD"": 1.5, ""QQQ"": 1, ""SCZ"": 5, ""SHY"": 1, ""SPY"": 0.7, ""TIP"": 2, ""TLT"": 1, ""TQQQ"": 1.5, ""VEA"": 1.5, ""VEU"": 2, ""VNQ"": 1.5, ""VTI"": 1, ""VWO"": 2}",0.03000000,tests/data/2026-08-24-net15,13612W,,best(BIL+IEF),0.00924311,0.03540157,0.00926878,0.03540287,50446.16079096,40000.00000000,10446.16079096,0.26115402,0.05072242,0.07529140,0.47144740,0.12096389,0.65981679,0.24046281,-0.21093663,1013,2024,0.24309938,2022,-0.17139976,804215.69808355,68.04156147,2.95288500,0.00170104,0.21264435,0.00000000,0.03273264,0.00000000,0.74535422,0.00000000
ROT SPY top1 13612W fb IEF,sens,sens_2021-07-01,2021-07-01,2026-07-01,false,true,"{""*"": 6, ""ACWX"": 3, ""AGG"": 1, ""BIL"": 1, ""BND"": 1.5, ""BTAL"": 6, ""DBC"": 3, ""DBMF"": 3, ""EEM"": 1, ""EFA"": 1, ""IEF"": 1, ""IWM"": 1, ""KMLM"": 6, ""LQD"": 1.5, ""QQQ"": 1, ""SCZ"": 5, ""SHY"": 1, ""SPY"": 0.7, ""TIP"": 2, ""TLT"": 1, ""TQQQ"": 1.5, ""VEA"": 1.5, ""VEU"": 2, ""VNQ"": 1.5, ""VTI"": 1, ""VWO"": 2}",0.03000000,tests/data/2026-08-24-net15,13612W,,IEF,0.00893025,0.03540157,0.00895589,0.03540287,50646.18647375,40000.00000000,10646.18647375,0.26615466,0.04801798,0.07658335,0.42756443,0.12995767,0.60201999,0.17293302,-0.27766807,1014,2024,0.24499160,2022,-0.23992157,796221.69009963,67.35856502,2.92064584,0.00168396,,,0.24526279,0.00000000,0.74578132,0.00000000
ROT SPY top1 12M can TIP/1 fb best(BIL+IEF),sens,sens_2021-07-01,2021-07-01,2026-07-01,false,true,"{""*"": 6, ""ACWX"": 3, ""AGG"": 1, ""BIL"": 1, ""BND"": 1.5, ""BTAL"": 6, ""DBC"": 3, ""DBMF"": 3, ""EEM"": 1, ""EFA"": 1, ""IEF"": 1, ""IWM"": 1, ""KMLM"": 6, ""LQD"": 1.5, ""QQQ"": 1, ""SCZ"": 5, ""SHY"": 1, ""SPY"": 0.7, ""TIP"": 2, ""TLT"": 1, ""TQQQ"": 1.5, ""VEA"": 1.5, ""VEU"": 2, ""VNQ"": 1.5, ""VTI"": 1, ""VWO"": 2}",0.03000000,tests/data/2026-08-24-net15,12M,TIP/1,best(BIL+IEF),0.00754882,0.03540157,0.00755838,0.03540287,58564.00645927,40000.00000000,18564.00645927,0.46410016,0.09752360,0.12423636,0.77874705,0.13104704,1.12548250,0.52101396,-0.18718040,127,2024,0.24303487,2022,-0.11786347,322719.96130995,27.17058116,1.12506094,0.00067926,0.34344467,0.00000000,0.00000000,0.00000000,0.64899695,0.00000000
ROT SPY top1 12M can TIP/1 fb IEF,sens,sens_2021-07-01,2021-07-01,2026-07-01,false,true,"{""*"": 6, ""ACWX"": 3, ""AGG"": 1, ""BIL"": 1, ""BND"": 1.5, ""BTAL"": 6, ""DBC"": 3, ""DBMF"": 3, ""EEM"": 1, ""EFA"": 1, ""IEF"": 1, ""IWM"": 1, ""KMLM"": 6, ""LQD"": 1.5, ""QQQ"": 1, ""SCZ"": 5, ""SHY"": 1, ""SPY"": 0.7, ""TIP"": 2, ""TLT"": 1, ""TQQQ"": 1.5, ""VEA"": 1.5, ""VEU"": 2, ""VNQ"": 1.5, ""VTI"": 1, ""VWO"": 2}",0.03000000,tests/data/2026-08-24-net15,12M,TIP/1,IEF,0.00808766,0.03540157,0.00809725,0.03540287,56441.70777383,40000.00000000,16441.70777383,0.41104269,0.08057977,0.11208191,0.61623708,0.14285100,0.89256984,0.34116809,-0.23618788,1010,2024,0.21572607,2022,-0.17689344,306926.54815241,25.82110623,1.11439592,0.00064553,,,0.34333621,0.00000000,0.64856654,0.00000000
ROT SPY top1 12M fb best(BIL+IEF),sens,sens_2021-07-01,2021-07-01,2026-07-01,false,true,"{""*"": 6, ""ACWX"": 3, ""AGG"": 1, ""BIL"": 1, ""BND"": 1.5, ""BTAL"": 6, ""DBC"": 3, ""DBMF"": 3, ""EEM"": 1, ""EFA"": 1, ""IEF"": 1, ""IWM"": 1, ""KMLM"": 6, ""LQD"": 1.5, ""QQQ"": 1, ""SCZ"": 5, ""SHY"": 1, ""SPY"": 0.7, ""TIP"": 2, ""TLT"": 1, ""TQQQ"": 1.5, ""VEA"": 1.5, ""VEU"": 2, ""VNQ"": 1.5, ""VTI"": 1, ""VWO"": 2}",0.03000000,tests/data/2026-08-24-net15,12M,,best(BIL+IEF),0.00884366,0.03540157,0.00884770,0.03540287,64043.83763764,40000.00000000,24043.83763764,0.60109594,0.12821742,0.15383176,0.94729825,0.13797909,1.37928033,0.68865391,-0.18618557,127,2024,0.24360974,2022,-0.11786347,107217.14023351,8.70369631,0.34552065,0.00021759,0.19616942,0.00000000,0.00000000,0.00000000,0.79498288,0.00000000
ROT SPY top1 12M fb IEF,sens,sens_2021-07-01,2021-07-01,2026-07-01,false,true,"{""*"": 6, ""ACWX"": 3, ""AGG"": 1, ""BIL"": 1, ""BND"": 1.5, ""BTAL"": 6, ""DBC"": 3, ""DBMF"": 3, ""EEM"": 1, ""EFA"": 1, ""IEF"": 1, ""IWM"": 1, ""KMLM"": 6, ""LQD"": 1.5, ""QQQ"": 1, ""SCZ"": 5, ""SHY"": 1, ""SPY"": 0.7, ""TIP"": 2, ""TLT"": 1, ""TQQQ"": 1.5, ""VEA"": 1.5, ""VEU"": 2, ""VNQ"": 1.5, ""VTI"": 1, ""VWO"": 2}",0.03000000,tests/data/2026-08-24-net15,12M,,IEF,0.00844932,0.03540157,0.00845338,0.03540287,63204.35084527,40000.00000000,23204.35084527,0.58010877,0.12054452,0.14945282,0.85592754,0.14602708,1.24836424,0.57437801,-0.20986967,746,2024,0.24486853,2022,-0.17689344,106389.12824271,8.63334526,0.34892804,0.00021583,,,0.19615196,0.00000000,0.79539466,0.00000000
SPY60/IEF40,sens,sens_2021-07-01,2021-07-01,2026-07-01,true,true,"{""*"": 6, ""ACWX"": 3, ""AGG"": 1, ""BIL"": 1, ""BND"": 1.5, ""BTAL"": 6, ""DBC"": 3, ""DBMF"": 3, ""EEM"": 1, ""EFA"": 1, ""IEF"": 1, ""IWM"": 1, ""KMLM"": 6, ""LQD"": 1.5, ""QQQ"": 1, ""SCZ"": 5, ""SHY"": 1, ""SPY"": 0.7, ""TIP"": 2, ""TLT"": 1, ""TQQQ"": 1.5, ""VEA"": 1.5, ""VEU"": 2, ""VNQ"": 1.5, ""VTI"": 1, ""VWO"": 2}",0.03000000,tests/data/2026-08-24-net15,,,,0.01229557,0.04563361,0.01024701,0.03688387,53369.03698082,40000.00000000,13369.03698082,0.33422592,0.07031776,0.09370958,0.68711725,0.10781500,0.99489349,0.33324806,-0.21100726,795,2023,0.16150269,2022,-0.16503875,45824.42305500,3.88994050,0.16456926,0.00009725,,,0.39783619,0.39124935,0.58986655,0.56311613
SPY benchmark,sens,sens_2021-07-01,2021-07-01,2026-07-01,true,true,"{""*"": 6, ""ACWX"": 3, ""AGG"": 1, ""BIL"": 1, ""BND"": 1.5, ""BTAL"": 6, ""DBC"": 3, ""DBMF"": 3, ""EEM"": 1, ""EFA"": 1, ""IEF"": 1, ""IWM"": 1, ""KMLM"": 6, ""LQD"": 1.5, ""QQQ"": 1, ""SCZ"": 5, ""SHY"": 1, ""SPY"": 0.7, ""TIP"": 2, ""TLT"": 1, ""TQQQ"": 1.5, ""VEA"": 1.5, ""VEU"": 2, ""VNQ"": 1.5, ""VTI"": 1, ""VWO"": 2}",0.03000000,tests/data/2026-08-24-net15,,,,0.01038275,0.03540157,0.01038403,0.03540287,64672.10504899,40000.00000000,24672.10504899,0.61680263,0.12920127,0.15707461,0.80346289,0.16987868,1.16606654,0.53571614,-0.24117488,709,2023,0.25566821,2022,-0.17842686,39498.28924228,2.76488025,0.12655406,0.00006912,,,,,0.98961597,0.96459713
