label,kind,window,start,end,is_baseline,feasible,cost_bps,cash_yield,data_dir,params.safe,params.sigma_target,params.w_max,params.gate,avg_misallocation,max_misallocation,avg_asset_deviation,max_asset_deviation,final_value,total_contributed,net_profit,net_profit_pct,cagr,xirr,sharpe,volatility,sortino,calmar,max_drawdown,max_drawdown_days,best_year,best_year_return,worst_year,worst_year_return,traded_value,total_fees,turnover,fee_drag,exposure.BTAL.avg,exposure.BTAL.min,exposure.SPY.avg,exposure.SPY.min,exposure.TQQQ.avg,exposure.TQQQ.min
VT TQQQ/BTAL t25 w0-50 QQQ:VOL_EWMA80,full,full,2012-01-03,2026-08-20,false,true,"{""*"": 6, ""BTAL"": 6, ""DBMF"": 2.5, ""KMLM"": 6, ""QQQ"": 1, ""SPY"": 0.7, ""TQQQ"": 1.5}",0.03000000,tests/data/2026-08-20-net15,BTAL,0.25000000,0.50000000,,0.00016831,0.00163809,0.00017073,0.00162354,544890.22028908,97500.00000000,447390.22028908,4.58861764,0.20295808,0.19284219,1.01267701,0.20347722,1.41860852,0.73885984,-0.27469091,530,2023,0.48947420,2022,-0.23124039,4637846.26347741,1745.09794769,0.82305966,0.01789844,0.56118039,0.49837646,,,0.43862801,0.12429035
VT TQQQ/BTAL t25 w0-50 QQQ:VOL_EWMA80 gate QQQ<SMA200,full,full,2012-01-03,2026-08-20,false,true,"{""*"": 6, ""BTAL"": 6, ""DBMF"": 2.5, ""KMLM"": 6, ""QQQ"": 1, ""SPY"": 0.7, ""TQQQ"": 1.5}",0.03000000,tests/data/2026-08-20-net15,BTAL,0.25000000,0.50000000,QQQ<SMA200,0.01337640,0.27337818,0.01337869,0.27337880,506571.09000182,97500.00000000,409071.09000182,4.19560092,0.19442794,0.18509200,0.99018415,0.20023038,1.38309712,0.76524777,-0.25407189,362,2017,0.46842364,2022,-0.15358913,3909972.16171314,1474.68850894,0.74090755,0.01512501,0.57438880,0.49837646,,,0.42541550,0.06821857
VT TQQQ/BTAL t25 w0-60 QQQ:VOL_EWMA80,full,full,2012-01-03,2026-08-20,false,true,"{""*"": 6, ""BTAL"": 6, ""DBMF"": 2.5, ""KMLM"": 6, ""QQQ"": 1, ""SPY"": 0.7, ""TQQQ"": 1.5}",0.03000000,tests/data/2026-08-20-net15,BTAL,0.25000000,0.60000000,,0.00017908,0.00139468,0.00019147,0.00152740,607655.40458804,97500.00000000,510155.40458804,5.23236312,0.21642057,0.20441007,0.97393091,0.22866953,1.35670168,0.78147779,-0.27693758,530,2013,0.58735230,2022,-0.23360796,7110856.51372905,2670.10654164,1.17153991,0.02738571,0.51107245,0.39859789,,,0.48871443,0.12429392
VT TQQQ/BTAL t25 w0-60 QQQ:VOL_EWMA80 gate QQQ<SMA200,full,full,2012-01-03,2026-08-20,false,true,"{""*"": 6, ""BTAL"": 6, ""DBMF"": 2.5, ""KMLM"": 6, ""QQQ"": 1, ""SPY"": 0.7, ""TQQQ"": 1.5}",0.03000000,tests/data/2026-08-20-net15,BTAL,0.25000000,0.60000000,QQQ<SMA200,0.01355299,0.27325636,0.01356409,0.27325693,563860.80383432,97500.00000000,466360.80383432,4.78318773,0.20768888,0.19647568,0.95200088,0.22562027,1.32292487,0.82790135,-0.25086187,355,2013,0.58729631,2022,-0.15631374,6175232.80211909,2322.04757412,1.08802759,0.02381587,0.52447581,0.39859789,,,0.47532310,0.06834044
VT TQQQ/BTAL t25 w0-70 QQQ:VOL_EWMA80,full,full,2012-01-03,2026-08-20,false,true,"{""*"": 6, ""BTAL"": 6, ""DBMF"": 2.5, ""KMLM"": 6, ""QQQ"": 1, ""SPY"": 0.7, ""TQQQ"": 1.5}",0.03000000,tests/data/2026-08-20-net15,BTAL,0.25000000,0.70000000,,0.00015508,0.00134188,0.00017971,0.00152740,643723.91288829,97500.00000000,546223.91288829,5.60229654,0.22285375,0.21052084,0.93351619,0.24967347,1.29511764,0.79111224,-0.28169676,571,2017,0.65181644,2022,-0.23359669,9662371.16228521,3625.12833565,1.55224588,0.03718080,0.47427721,0.29892088,,,0.52551984,0.12429953
VT TQQQ/BTAL t25 w0-70 QQQ:VOL_EWMA80 gate QQQ<SMA200,full,full,2012-01-03,2026-08-20,false,true,"{""*"": 6, ""BTAL"": 6, ""DBMF"": 2.5, ""KMLM"": 6, ""QQQ"": 1, ""SPY"": 0.7, ""TQQQ"": 1.5}",0.03000000,tests/data/2026-08-20-net15,BTAL,0.25000000,0.70000000,QQQ<SMA200,0.01366210,0.27320990,0.01368508,0.27321047,597947.92891315,97500.00000000,500447.92891315,5.13279927,0.21416948,0.20270258,0.91261095,0.24677042,1.26353072,0.84320591,-0.25399428,337,2017,0.65178731,2022,-0.15639253,8560065.33838046,3214.49220571,1.46913816,0.03296915,0.48777719,0.29892088,,,0.51201353,0.06838690
VT TQQQ/BTAL t25 w0-80 QQQ:VOL_EWMA80,full,full,2012-01-03,2026-08-20,false,true,"{""*"": 6, ""BTAL"": 6, ""DBMF"": 2.5, ""KMLM"": 6, ""QQQ"": 1, ""SPY"": 0.7, ""TQQQ"": 1.5}",0.03000000,tests/data/2026-08-20-net15,BTAL,0.25000000,0.80000000,,0.00018035,0.00134188,0.00021634,0.00152740,686038.60988354,97500.00000000,588538.60988354,6.03629343,0.23018550,0.21726326,0.91297839,0.26672715,1.26591070,0.78628284,-0.29275152,455,2017,0.74657670,2022,-0.23362490,12090961.21790266,4535.80217500,1.86419311,0.04652105,0.44633896,0.19908747,,,0.55341955,0.12429698
VT TQQQ/BTAL t25 w0-80 QQQ:VOL_EWMA80 gate QQQ<SMA200,full,full,2012-01-03,2026-08-20,false,true,"{""*"": 6, ""BTAL"": 6, ""DBMF"": 2.5, ""KMLM"": 6, ""QQQ"": 1, ""SPY"": 0.7, ""TQQQ"": 1.5}",0.03000000,tests/data/2026-08-20-net15,BTAL,0.25000000,0.80000000,QQQ<SMA200,0.01368390,0.27314004,0.01371941,0.27314058,636930.16773300,97500.00000000,539430.16773300,5.53261710,0.22145758,0.20939677,0.89257754,0.26401643,1.23540962,0.80224701,-0.27604662,574,2017,0.74656580,2022,-0.15644911,10804341.63305799,4055.99917874,1.78044314,0.04159999,0.45981878,0.19928420,,,0.53992263,0.06845678
VT TQQQ/BTAL t30 w0-50 QQQ:VOL_EWMA80,full,full,2012-01-03,2026-08-20,false,true,"{""*"": 6, ""BTAL"": 6, ""DBMF"": 2.5, ""KMLM"": 6, ""QQQ"": 1, ""SPY"": 0.7, ""TQQQ"": 1.5}",0.03000000,tests/data/2026-08-20-net15,BTAL,0.30000000,0.50000000,,0.00016117,0.00173099,0.00016301,0.00191068,668433.77046887,97500.00000000,570933.77046887,5.85573098,0.22369017,0.21451054,1.04349884,0.21651540,1.47145543,0.69395202,-0.32234241,530,2023,0.62451509,2022,-0.28012172,4397223.76548199,1654.19625895,0.68010661,0.01696612,0.53839420,0.49808932,,,0.46142407,0.14916294
VT TQQQ/BTAL t30 w0-50 QQQ:VOL_EWMA80 gate QQQ<SMA200,full,full,2012-01-03,2026-08-20,false,true,"{""*"": 6, ""BTAL"": 6, ""DBMF"": 2.5, ""KMLM"": 6, ""QQQ"": 1, ""SPY"": 0.7, ""TQQQ"": 1.5}",0.03000000,tests/data/2026-08-20-net15,BTAL,0.30000000,0.50000000,QQQ<SMA200,0.01538791,0.32415249,0.01538656,0.32415305,621758.66765042,97500.00000000,524258.66765042,5.37701198,0.21503133,0.20684211,1.03567930,0.20991598,1.45597282,0.85777193,-0.25068591,140,2017,0.47759228,2022,-0.18982249,3525126.64571191,1329.82396406,0.58322844,0.01363922,0.55363338,0.49808932,,,0.44618430,0.08576379
VT TQQQ/BTAL t30 w0-60 QQQ:VOL_EWMA80,full,full,2012-01-03,2026-08-20,false,true,"{""*"": 6, ""BTAL"": 6, ""DBMF"": 2.5, ""KMLM"": 6, ""QQQ"": 1, ""SPY"": 0.7, ""TQQQ"": 1.5}",0.03000000,tests/data/2026-08-20-net15,BTAL,0.30000000,0.60000000,,0.00015139,0.00175383,0.00015837,0.00190927,824016.53875668,97500.00000000,726516.53875668,7.45145168,0.24798530,0.23665628,1.01568832,0.24950300,1.41971486,0.71731262,-0.34571440,533,2023,0.64756697,2022,-0.30489792,7335885.11257415,2755.53460674,0.98078035,0.02826189,0.47346123,0.39889101,,,0.52636056,0.14915511
VT TQQQ/BTAL t30 w0-60 QQQ:VOL_EWMA80 gate QQQ<SMA200,full,full,2012-01-03,2026-08-20,false,true,"{""*"": 6, ""BTAL"": 6, ""DBMF"": 2.5, ""KMLM"": 6, ""QQQ"": 1, ""SPY"": 0.7, ""TQQQ"": 1.5}",0.03000000,tests/data/2026-08-20-net15,BTAL,0.30000000,0.60000000,QQQ<SMA200,0.01555451,0.32393290,0.01556178,0.32393340,760127.28217126,97500.00000000,662627.28217126,6.79617725,0.23853260,0.22811745,1.00281700,0.24366704,1.39758223,0.86254363,-0.27654555,533,2013,0.61174426,2022,-0.21789972,6140373.03858943,2309.95298226,0.88521813,0.02369183,0.48886288,0.39900717,,,0.51095548,0.08598344
VT TQQQ/BTAL t30 w0-70 QQQ:VOL_EWMA80,full,full,2012-01-03,2026-08-20,false,true,"{""*"": 6, ""BTAL"": 6, ""DBMF"": 2.5, ""KMLM"": 6, ""QQQ"": 1, ""SPY"": 0.7, ""TQQQ"": 1.5}",0.03000000,tests/data/2026-08-20-net15,BTAL,0.30000000,0.70000000,,0.00016650,0.00175383,0.00018393,0.00190927,921774.64930264,97500.00000000,824274.64930264,8.45409897,0.26177468,0.24851808,0.98144141,0.27685278,1.36590625,0.74142204,-0.35307107,601,2013,0.75933676,2022,-0.30758596,10888118.89256008,4085.96326148,1.34475788,0.04190732,0.42216109,0.29899181,,,0.57763432,0.14916473
VT TQQQ/BTAL t30 w0-70 QQQ:VOL_EWMA80 gate QQQ<SMA200,full,full,2012-01-03,2026-08-20,false,true,"{""*"": 6, ""BTAL"": 6, ""DBMF"": 2.5, ""KMLM"": 6, ""QQQ"": 1, ""SPY"": 0.7, ""TQQQ"": 1.5}",0.03000000,tests/data/2026-08-20-net15,BTAL,0.30000000,0.70000000,QQQ<SMA200,0.01564361,0.32381352,0.01566211,0.32381398,849042.87732669,97500.00000000,751542.87732669,7.70813208,0.25218083,0.23982166,0.96718682,0.27150161,1.34263310,0.88583860,-0.28468033,602,2013,0.75927221,2022,-0.22097346,9356954.48280937,3514.60186261,1.24763258,0.03604720,0.43764953,0.29899181,,,0.56215044,0.08610286
VT TQQQ/BTAL t30 w0-80 QQQ:VOL_EWMA80,full,full,2012-01-03,2026-08-20,false,true,"{""*"": 6, ""BTAL"": 6, ""DBMF"": 2.5, ""KMLM"": 6, ""QQQ"": 1, ""SPY"": 0.7, ""TQQQ"": 1.5}",0.03000000,tests/data/2026-08-20-net15,BTAL,0.30000000,0.80000000,,0.00016853,0.00175383,0.00020063,0.00190927,970227.62792906,97500.00000000,872727.62792906,8.95105259,0.26779238,0.25393991,0.94425470,0.29995923,1.30939521,0.74449732,-0.35969555,605,2013,0.82281468,2022,-0.30759244,14335282.39472197,5377.48245102,1.73750410,0.05515367,0.38225691,0.19863239,,,0.61752254,0.14914707
VT TQQQ/BTAL t30 w0-80 QQQ:VOL_EWMA80 gate QQQ<SMA200,full,full,2012-01-03,2026-08-20,false,true,"{""*"": 6, ""BTAL"": 6, ""DBMF"": 2.5, ""KMLM"": 6, ""QQQ"": 1, ""SPY"": 0.7, ""TQQQ"": 1.5}",0.03000000,tests/data/2026-08-20-net15,BTAL,0.30000000,0.80000000,QQQ<SMA200,0.01595404,0.32378612,0.01598557,0.32378658,893919.08782970,97500.00000000,796419.08782970,8.16840090,0.25810834,0.24527111,0.92952892,0.29478029,1.28605482,0.80939909,-0.31888884,578,2013,0.82277043,2022,-0.22100248,12540987.27666322,4707.46503907,1.64073562,0.04828169,0.39806541,0.19863239,,,0.60172172,0.08613026
VT TQQQ/BTAL t35 w0-50 QQQ:VOL_EWMA80,full,full,2012-01-03,2026-08-20,false,true,"{""*"": 6, ""BTAL"": 6, ""DBMF"": 2.5, ""KMLM"": 6, ""QQQ"": 1, ""SPY"": 0.7, ""TQQQ"": 1.5}",0.03000000,tests/data/2026-08-20-net15,BTAL,0.35000000,0.50000000,,0.00017623,0.00173099,0.00017489,0.00191068,713151.93704130,97500.00000000,615651.93704130,6.31437884,0.23009492,0.22136649,1.02566174,0.22783911,1.44899212,0.62471445,-0.36832015,535,2023,0.68820327,2022,-0.32774448,3998934.55965373,1504.86976123,0.59163679,0.01543456,0.52499867,0.49808932,,,0.47480680,0.17400707
VT TQQQ/BTAL t35 w0-50 QQQ:VOL_EWMA80 gate QQQ<SMA200,full,full,2012-01-03,2026-08-20,false,true,"{""*"": 6, ""BTAL"": 6, ""DBMF"": 2.5, ""KMLM"": 6, ""QQQ"": 1, ""SPY"": 0.7, ""TQQQ"": 1.5}",0.03000000,tests/data/2026-08-20-net15,BTAL,0.35000000,0.50000000,QQQ<SMA200,0.01697831,0.37342029,0.01697648,0.37342083,671449.59810648,97500.00000000,573949.59810648,5.88666254,0.22262756,0.21498725,1.03587430,0.21747133,1.45931616,0.79828969,-0.27888067,535,2017,0.47761458,2022,-0.22589639,3073533.54701273,1159.98443260,0.48187621,0.01189728,0.54184142,0.49808932,,,0.45798080,0.10481548
VT TQQQ/BTAL t35 w0-60 QQQ:VOL_EWMA80,full,full,2012-01-03,2026-08-20,false,true,"{""*"": 6, ""BTAL"": 6, ""DBMF"": 2.5, ""KMLM"": 6, ""QQQ"": 1, ""SPY"": 0.7, ""TQQQ"": 1.5}",0.03000000,tests/data/2026-08-20-net15,BTAL,0.35000000,0.60000000,,0.00013682,0.00121431,0.00014196,0.00122929,1019044.40348496,97500.00000000,921544.40348496,9.45173747,0.26972674,0.25913677,1.03845952,0.26440448,1.45980346,0.68951462,-0.39118350,535,2023,0.80196867,2022,-0.35093845,6843783.10682765,2571.15024874,0.78813919,0.02637077,0.44959504,0.39877071,,,0.55024495,0.17402676
VT TQQQ/BTAL t35 w0-60 QQQ:VOL_EWMA80 gate QQQ<SMA200,full,full,2012-01-03,2026-08-20,false,true,"{""*"": 6, ""BTAL"": 6, ""DBMF"": 2.5, ""KMLM"": 6, ""QQQ"": 1, ""SPY"": 0.7, ""TQQQ"": 1.5}",0.03000000,tests/data/2026-08-20-net15,BTAL,0.35000000,0.60000000,QQQ<SMA200,0.01751820,0.37302144,0.01752024,0.37302189,941209.13232332,97500.00000000,843709.13232332,8.65342700,0.26018533,0.25072608,1.03682777,0.25522707,1.45283201,0.83561824,-0.31136866,535,2013,0.62244829,2022,-0.25285001,5480799.86462063,2062.61970178,0.68156115,0.02115507,0.46698201,0.39877071,,,0.53285511,0.10521442
VT TQQQ/BTAL t35 w0-70 QQQ:VOL_EWMA80,full,full,2012-01-03,2026-08-20,false,true,"{""*"": 6, ""BTAL"": 6, ""DBMF"": 2.5, ""KMLM"": 6, ""QQQ"": 1, ""SPY"": 0.7, ""TQQQ"": 1.5}",0.03000000,tests/data/2026-08-20-net15,BTAL,0.35000000,0.70000000,,0.00014134,0.00134428,0.00015282,0.00132697,1225125.49379465,97500.00000000,1127625.49379465,11.56538968,0.29137489,0.27865535,1.00817131,0.29893811,1.40735011,0.70009384,-0.41619405,605,2023,0.81482242,2022,-0.37409642,11293341.70349827,4238.40440109,1.14258278,0.04347081,0.38573604,0.29867303,,,0.61409212,0.17401720
VT TQQQ/BTAL t35 w0-70 QQQ:VOL_EWMA80 gate QQQ<SMA200,full,full,2012-01-03,2026-08-20,false,true,"{""*"": 6, ""BTAL"": 6, ""DBMF"": 2.5, ""KMLM"": 6, ""QQQ"": 1, ""SPY"": 0.7, ""TQQQ"": 1.5}",0.03000000,tests/data/2026-08-20-net15,BTAL,0.35000000,0.70000000,QQQ<SMA200,0.01759943,0.37279179,0.01761175,0.37279219,1124341.56006090,97500.00000000,1026841.56006090,10.53170831,0.28126138,0.26955290,1.00110328,0.29076754,1.39327924,0.82440608,-0.34116849,605,2013,0.77829402,2022,-0.27968274,9433887.94851255,3543.94172632,1.03691885,0.03634812,0.40318299,0.29867303,,,0.59663714,0.10544412
VT TQQQ/BTAL t35 w0-80 QQQ:VOL_EWMA80,full,full,2012-01-03,2026-08-20,false,true,"{""*"": 6, ""BTAL"": 6, ""DBMF"": 2.5, ""KMLM"": 6, ""QQQ"": 1, ""SPY"": 0.7, ""TQQQ"": 1.5}",0.03000000,tests/data/2026-08-20-net15,BTAL,0.35000000,0.80000000,,0.00014392,0.00102753,0.00016979,0.00113490,1366606.84804498,97500.00000000,1269106.84804498,13.01648049,0.30480367,0.29025903,0.97900223,0.32780531,1.36206202,0.71741218,-0.42486548,606,2013,0.93833945,2022,-0.37700640,16376659.78649975,6142.94216144,1.53136389,0.06300453,0.33362129,0.19904924,,,0.66619244,0.17401724
VT TQQQ/BTAL t35 w0-80 QQQ:VOL_EWMA80 gate QQQ<SMA200,full,full,2012-01-03,2026-08-20,false,true,"{""*"": 6, ""BTAL"": 6, ""DBMF"": 2.5, ""KMLM"": 6, ""QQQ"": 1, ""SPY"": 0.7, ""TQQQ"": 1.5}",0.03000000,tests/data/2026-08-20-net15,BTAL,0.35000000,0.80000000,QQQ<SMA200,0.01756032,0.37266678,0.01758295,0.37266715,1252857.87687475,97500.00000000,1155357.87687475,11.84982438,0.29460597,0.28103044,0.96970619,0.32033885,1.34558845,0.83934386,-0.35099556,606,2013,0.93817339,2022,-0.28311719,14007211.32590341,5257.18397346,1.42411136,0.05391984,0.35106659,0.19904924,,,0.64875832,0.10556916
VT TQQQ/BTAL t40 w0-50 QQQ:VOL_EWMA80,full,full,2012-01-03,2026-08-20,false,true,"{""*"": 6, ""BTAL"": 6, ""DBMF"": 2.5, ""KMLM"": 6, ""QQQ"": 1, ""SPY"": 0.7, ""TQQQ"": 1.5}",0.03000000,tests/data/2026-08-20-net15,BTAL,0.40000000,0.50000000,,0.00015269,0.00173099,0.00015234,0.00191068,729553.94622718,97500.00000000,632053.94622718,6.48260458,0.23255796,0.22377316,1.00171425,0.23755026,1.41575297,0.58046290,-0.40064225,683,2023,0.69969386,2022,-0.36210249,3642236.49520756,1371.75439807,0.53205845,0.01406928,0.51512809,0.49808932,,,0.48470259,0.19887700
VT TQQQ/BTAL t40 w0-50 QQQ:VOL_EWMA80 gate QQQ<SMA200,full,full,2012-01-03,2026-08-20,false,true,"{""*"": 6, ""BTAL"": 6, ""DBMF"": 2.5, ""KMLM"": 6, ""QQQ"": 1, ""SPY"": 0.7, ""TQQQ"": 1.5}",0.03000000,tests/data/2026-08-20-net15,BTAL,0.40000000,0.50000000,QQQ<SMA200,0.01800076,0.37426474,0.01799526,0.37426528,692315.60597652,97500.00000000,594815.60597652,6.10067288,0.22597801,0.21822755,1.02381763,0.22416040,1.44323088,0.73532943,-0.30731534,680,2019,0.48180133,2022,-0.26201318,2768813.17445091,1046.37663665,0.42461229,0.01073207,0.53296829,0.49808932,,,0.46685460,0.12573472
VT TQQQ/BTAL t40 w0-60 QQQ:VOL_EWMA80,full,full,2012-01-03,2026-08-20,false,true,"{""*"": 6, ""BTAL"": 6, ""DBMF"": 2.5, ""KMLM"": 6, ""QQQ"": 1, ""SPY"": 0.7, ""TQQQ"": 1.5}",0.03000000,tests/data/2026-08-20-net15,BTAL,0.40000000,0.60000000,,0.00014894,0.00125146,0.00015375,0.00129278,1104771.69393979,97500.00000000,1007271.69393979,10.33099173,0.27780784,0.26769220,1.02644616,0.27702691,1.44661715,0.63851395,-0.43508500,567,2023,0.89001150,2022,-0.39565834,6279110.24973824,2359.26654879,0.68427434,0.02419761,0.43485632,0.39885787,,,0.56497407,0.19888592
VT TQQQ/BTAL t40 w0-60 QQQ:VOL_EWMA80 gate QQQ<SMA200,full,full,2012-01-03,2026-08-20,false,true,"{""*"": 6, ""BTAL"": 6, ""DBMF"": 2.5, ""KMLM"": 6, ""QQQ"": 1, ""SPY"": 0.7, ""TQQQ"": 1.5}",0.03000000,tests/data/2026-08-20-net15,BTAL,0.40000000,0.60000000,QQQ<SMA200,0.01898677,0.42028224,0.01898840,0.42028267,1034769.41358651,97500.00000000,937269.41358651,9.61301963,0.26964303,0.26075828,1.03860269,0.26427727,1.45921244,0.78932107,-0.34161387,563,2013,0.62241144,2022,-0.28776938,4899506.42825829,1844.39808019,0.56997993,0.01891690,0.45372887,0.39885787,,,0.54611488,0.12627312
VT TQQQ/BTAL t40 w0-70 QQQ:VOL_EWMA80,full,full,2012-01-03,2026-08-20,false,true,"{""*"": 6, ""BTAL"": 6, ""DBMF"": 2.5, ""KMLM"": 6, ""QQQ"": 1, ""SPY"": 0.7, ""TQQQ"": 1.5}",0.03000000,tests/data/2026-08-20-net15,BTAL,0.40000000,0.70000000,,0.00013647,0.00135660,0.00014744,0.00133799,1514558.60522153,97500.00000000,1417058.60522153,14.53393441,0.31338459,0.30119253,1.02599626,0.31511436,1.43942855,0.68536218,-0.45725399,605,2023,0.98323403,2022,-0.41722213,10449018.91422827,3922.63734223,0.90503517,0.04023218,0.36099930,0.29866201,,,0.63883846,0.19887753
VT TQQQ/BTAL t40 w0-70 QQQ:VOL_EWMA80 gate QQQ<SMA200,full,full,2012-01-03,2026-08-20,false,true,"{""*"": 6, ""BTAL"": 6, ""DBMF"": 2.5, ""KMLM"": 6, ""QQQ"": 1, ""SPY"": 0.7, ""TQQQ"": 1.5}",0.03000000,tests/data/2026-08-20-net15,BTAL,0.40000000,0.70000000,QQQ<SMA200,0.01953081,0.41992666,0.01954074,0.41992702,1391530.57983374,97500.00000000,1294030.57983374,13.27210851,0.30315212,0.29217993,1.02718223,0.30367412,1.43621807,0.81200704,-0.37333681,601,2013,0.79173349,2022,-0.31341832,8410451.48887129,3160.83328638,0.79239471,0.03241880,0.38039613,0.29866201,,,0.61944250,0.12662876
VT TQQQ/BTAL t40 w0-80 QQQ:VOL_EWMA80,full,full,2012-01-03,2026-08-20,false,true,"{""*"": 6, ""BTAL"": 6, ""DBMF"": 2.5, ""KMLM"": 6, ""QQQ"": 1, ""SPY"": 0.7, ""TQQQ"": 1.5}",0.03000000,tests/data/2026-08-20-net15,BTAL,0.40000000,0.80000000,,0.00014253,0.00130522,0.00016176,0.00128698,1784358.72851831,97500.00000000,1686858.72851831,17.30111516,0.33289660,0.31867624,0.99851330,0.35061269,1.39323614,0.68960228,-0.48273709,752,2023,0.99112783,2022,-0.43880245,16890034.71749900,6336.02283165,1.30377719,0.06498485,0.29799771,0.19871302,,,0.70182556,0.19887312
VT TQQQ/BTAL t40 w0-80 QQQ:VOL_EWMA80 gate QQQ<SMA200,full,full,2012-01-03,2026-08-20,false,true,"{""*"": 6, ""BTAL"": 6, ""DBMF"": 2.5, ""KMLM"": 6, ""QQQ"": 1, ""SPY"": 0.7, ""TQQQ"": 1.5}",0.03000000,tests/data/2026-08-20-net15,BTAL,0.40000000,0.80000000,QQQ<SMA200,0.01949150,0.41973935,0.01951068,0.41973968,1632606.06609009,97500.00000000,1535106.06609009,15.74467760,0.32233790,0.30918929,0.99481836,0.34033240,1.38382948,0.79883801,-0.40350847,606,2013,0.95899775,2022,-0.33895767,14138156.81522713,5306.78680499,1.19182784,0.05442858,0.31738467,0.19871302,,,0.68245589,0.12681610
VT TQQQ/cash t25 w0-50 QQQ:VOL_EWMA80,full,full,2012-01-03,2026-08-20,false,true,"{""*"": 6, ""BTAL"": 6, ""DBMF"": 2.5, ""KMLM"": 6, ""QQQ"": 1, ""SPY"": 0.7, ""TQQQ"": 1.5}",0.03000000,tests/data/2026-08-20-net15,,0.25000000,0.50000000,,0.00002382,0.00009002,0.00002643,0.00009215,757759.05436673,97500.00000000,660259.05436673,6.77188774,0.23701926,0.22778727,1.03870142,0.23117000,1.44706585,0.65971487,-0.35927531,605,2023,0.64430325,2022,-0.32007422,2671606.63315579,400.74099497,0.40739309,0.00411016,,,,,0.43863689,0.12427881
VT TQQQ/cash t25 w0-50 QQQ:VOL_EWMA80 gate QQQ<SMA200,full,full,2012-01-03,2026-08-20,false,true,"{""*"": 6, ""BTAL"": 6, ""DBMF"": 2.5, ""KMLM"": 6, ""QQQ"": 1, ""SPY"": 0.7, ""TQQQ"": 1.5}",0.03000000,tests/data/2026-08-20-net15,,0.25000000,0.50000000,QQQ<SMA200,0.01284682,0.26600455,0.01284923,0.26600455,727558.70520572,97500.00000000,630058.70520572,6.46214057,0.23163763,0.22348332,1.04949858,0.22282181,1.45675181,0.81141566,-0.28547346,601,2013,0.58848251,2022,-0.25484452,2318026.66295515,347.70399944,0.36943520,0.00356619,,,,,0.42581409,0.07559282
VT TQQQ/cash t25 w0-60 QQQ:VOL_EWMA80,full,full,2012-01-03,2026-08-20,false,true,"{""*"": 6, ""BTAL"": 6, ""DBMF"": 2.5, ""KMLM"": 6, ""QQQ"": 1, ""SPY"": 0.7, ""TQQQ"": 1.5}",0.03000000,tests/data/2026-08-20-net15,,0.25000000,0.60000000,,0.00002108,0.00007762,0.00002440,0.00007963,844134.25401185,97500.00000000,746634.25401185,7.65778722,0.25023647,0.23920823,1.00620586,0.25505883,1.39672608,0.68355632,-0.36608026,606,2013,0.70925206,2022,-0.32186416,4224416.82676247,633.66252401,0.59046375,0.00649910,,,,,0.48873083,0.12428080
VT TQQQ/cash t25 w0-60 QQQ:VOL_EWMA80 gate QQQ<SMA200,full,full,2012-01-03,2026-08-20,false,true,"{""*"": 6, ""BTAL"": 6, ""DBMF"": 2.5, ""KMLM"": 6, ""QQQ"": 1, ""SPY"": 0.7, ""TQQQ"": 1.5}",0.03000000,tests/data/2026-08-20-net15,,0.25000000,0.60000000,QQQ<SMA200,0.01302503,0.26587201,0.01302773,0.26587201,809403.18927283,97500.00000000,711903.18927283,7.30157117,0.24471771,0.23476319,1.01173638,0.24737243,1.39988291,0.83486767,-0.29312156,605,2013,0.70925534,2022,-0.25690113,3774022.57570996,566.10338636,0.55193853,0.00580619,,,,,0.47572750,0.07572536
VT TQQQ/cash t25 w0-70 QQQ:VOL_EWMA80,full,full,2012-01-03,2026-08-20,false,true,"{""*"": 6, ""BTAL"": 6, ""DBMF"": 2.5, ""KMLM"": 6, ""QQQ"": 1, ""SPY"": 0.7, ""TQQQ"": 1.5}",0.03000000,tests/data/2026-08-20-net15,,0.25000000,0.70000000,,0.00001930,0.00008009,0.00002298,0.00008948,897507.26335479,97500.00000000,800007.26335479,8.20520270,0.25734621,0.24569498,0.97616213,0.27389806,1.35165231,0.69457900,-0.37050675,752,2013,0.75879985,2022,-0.32186782,5839777.26855085,875.96659028,0.78567835,0.00898427,,,,,0.52554417,0.12429425
VT TQQQ/cash t25 w0-70 QQQ:VOL_EWMA80 gate QQQ<SMA200,full,full,2012-01-03,2026-08-20,false,true,"{""*"": 6, ""BTAL"": 6, ""DBMF"": 2.5, ""KMLM"": 6, ""QQQ"": 1, ""SPY"": 0.7, ""TQQQ"": 1.5}",0.03000000,tests/data/2026-08-20-net15,,0.25000000,0.70000000,QQQ<SMA200,0.01309238,0.26583047,0.01309546,0.26583047,862165.67557027,97500.00000000,764665.67557027,7.84272488,0.25199246,0.24144439,0.97924396,0.26667291,1.35210189,0.83763701,-0.30083730,571,2013,0.75881114,2022,-0.25691902,5317682.77759985,797.65241664,0.74714255,0.00818105,,,,,0.51247170,0.07576690
VT TQQQ/cash t25 w0-80 QQQ:VOL_EWMA80,full,full,2012-01-03,2026-08-20,false,true,"{""*"": 6, ""BTAL"": 6, ""DBMF"": 2.5, ""KMLM"": 6, ""QQQ"": 1, ""SPY"": 0.7, ""TQQQ"": 1.5}",0.03000000,tests/data/2026-08-20-net15,,0.25000000,0.80000000,,0.00002118,0.00007535,0.00002334,0.00007692,965750.62243064,97500.00000000,868250.62243064,8.90513459,0.26589542,0.25345036,0.96419211,0.28871591,1.33534728,0.71762477,-0.37052152,752,2013,0.80563056,2022,-0.32188932,7378699.50125945,1106.80492519,0.94000159,0.01135185,,,,,0.55345301,0.12430373
VT TQQQ/cash t25 w0-80 QQQ:VOL_EWMA80 gate QQQ<SMA200,full,full,2012-01-03,2026-08-20,false,true,"{""*"": 6, ""BTAL"": 6, ""DBMF"": 2.5, ""KMLM"": 6, ""QQQ"": 1, ""SPY"": 0.7, ""TQQQ"": 1.5}",0.03000000,tests/data/2026-08-20-net15,,0.25000000,0.80000000,QQQ<SMA200,0.01308866,0.26576310,0.01308984,0.26576310,927257.46092064,97500.00000000,829757.46092064,8.51033293,0.26050234,0.24914566,0.96548397,0.28187399,1.33378107,0.81594371,-0.31926509,570,2013,0.80561920,2022,-0.25694128,6769692.88307260,1015.45393246,0.90096466,0.01041491,,,,,0.54038651,0.07583427
VT TQQQ/cash t30 w0-50 QQQ:VOL_EWMA80,full,full,2012-01-03,2026-08-20,false,true,"{""*"": 6, ""BTAL"": 6, ""DBMF"": 2.5, ""KMLM"": 6, ""QQQ"": 1, ""SPY"": 0.7, ""TQQQ"": 1.5}",0.03000000,tests/data/2026-08-20-net15,,0.30000000,0.50000000,,0.00002216,0.00009045,0.00002444,0.00009458,890723.38185007,97500.00000000,793223.38185007,8.13562443,0.25356046,0.24489217,1.04202569,0.24680814,1.45980600,0.63569517,-0.39887114,605,2023,0.76920051,2022,-0.36064221,2328077.70220885,349.21165533,0.31764230,0.00358166,,,,,0.46143162,0.14915273
VT TQQQ/cash t30 w0-50 QQQ:VOL_EWMA80 gate QQQ<SMA200,full,full,2012-01-03,2026-08-20,false,true,"{""*"": 6, ""BTAL"": 6, ""DBMF"": 2.5, ""KMLM"": 6, ""QQQ"": 1, ""SPY"": 0.7, ""TQQQ"": 1.5}",0.03000000,tests/data/2026-08-20-net15,,0.30000000,0.50000000,QQQ<SMA200,0.01486673,0.31520081,0.01486878,0.31520081,857928.25365773,97500.00000000,760428.25365773,7.79926414,0.24831881,0.24092312,1.06154420,0.23581699,1.48129816,0.79168486,-0.31365866,601,2023,0.61103641,2022,-0.28523813,1919164.89073661,287.87473361,0.27344878,0.00295256,,,,,0.44658728,0.09471603
VT TQQQ/cash t30 w0-60 QQQ:VOL_EWMA80,full,full,2012-01-03,2026-08-20,false,true,"{""*"": 6, ""BTAL"": 6, ""DBMF"": 2.5, ""KMLM"": 6, ""QQQ"": 1, ""SPY"": 0.7, ""TQQQ"": 1.5}",0.03000000,tests/data/2026-08-20-net15,,0.30000000,0.60000000,,0.00001964,0.00006789,0.00002174,0.00007091,1078155.46646741,97500.00000000,980655.46646741,10.05800478,0.27604094,0.26510849,1.01884780,0.27806233,1.41963769,0.65507916,-0.42138562,752,2023,0.79085614,2022,-0.37961733,4176707.60688829,626.50614103,0.48888948,0.00642570,,,,,0.52637424,0.14914351
VT TQQQ/cash t30 w0-60 QQQ:VOL_EWMA80 gate QQQ<SMA200,full,full,2012-01-03,2026-08-20,false,true,"{""*"": 6, ""BTAL"": 6, ""DBMF"": 2.5, ""KMLM"": 6, ""QQQ"": 1, ""SPY"": 0.7, ""TQQQ"": 1.5}",0.03000000,tests/data/2026-08-20-net15,,0.30000000,0.60000000,QQQ<SMA200,0.01497918,0.31496308,0.01498159,0.31496308,1031267.78122734,97500.00000000,933767.78122734,9.57710545,0.27016624,0.26039933,1.02888218,0.26825191,1.42841458,0.79273864,-0.34080115,606,2013,0.72596613,2022,-0.30660010,3620292.79141014,543.04391871,0.44544975,0.00556968,,,,,0.51141439,0.09495376
VT TQQQ/cash t30 w0-70 QQQ:VOL_EWMA80,full,full,2012-01-03,2026-08-20,false,true,"{""*"": 6, ""BTAL"": 6, ""DBMF"": 2.5, ""KMLM"": 6, ""QQQ"": 1, ""SPY"": 0.7, ""TQQQ"": 1.5}",0.03000000,tests/data/2026-08-20-net15,,0.30000000,0.70000000,,0.00001820,0.00005262,0.00002090,0.00005750,1205839.12463810,97500.00000000,1108339.12463810,11.36758077,0.28964033,0.27697213,0.99496307,0.30269965,1.38261763,0.67696614,-0.42785054,754,2013,0.86144109,2022,-0.38168661,6387106.96349040,958.06604452,0.68138591,0.00982632,,,,,0.57765526,0.14916055
VT TQQQ/cash t30 w0-70 QQQ:VOL_EWMA80 gate QQQ<SMA200,full,full,2012-01-03,2026-08-20,false,true,"{""*"": 6, ""BTAL"": 6, ""DBMF"": 2.5, ""KMLM"": 6, ""QQQ"": 1, ""SPY"": 0.7, ""TQQQ"": 1.5}",0.03000000,tests/data/2026-08-20-net15,,0.30000000,0.70000000,QQQ<SMA200,0.01505049,0.31478690,0.01505236,0.31478690,1152178.07744176,97500.00000000,1054678.07744176,10.81721105,0.28367966,0.27214513,1.00067254,0.29363094,1.38609380,0.81466307,-0.34821715,606,2013,0.86144784,2022,-0.30900829,5678823.90705797,851.82358606,0.63732393,0.00873665,,,,,0.56262380,0.09512994
VT TQQQ/cash t30 w0-80 QQQ:VOL_EWMA80,full,full,2012-01-03,2026-08-20,false,true,"{""*"": 6, ""BTAL"": 6, ""DBMF"": 2.5, ""KMLM"": 6, ""QQQ"": 1, ""SPY"": 0.7, ""TQQQ"": 1.5}",0.03000000,tests/data/2026-08-20-net15,,0.30000000,0.80000000,,0.00001765,0.00005143,0.00001994,0.00006048,1277567.70639839,97500.00000000,1180067.70639839,12.10325853,0.29653167,0.28310341,0.96914850,0.32288044,1.34368662,0.68599050,-0.43226790,754,2013,0.92612966,2022,-0.38168438,8530824.18262588,1279.62362739,0.87868490,0.01312434,,,,,0.61754984,0.14916096
VT TQQQ/cash t30 w0-80 QQQ:VOL_EWMA80 gate QQQ<SMA200,full,full,2012-01-03,2026-08-20,false,true,"{""*"": 6, ""BTAL"": 6, ""DBMF"": 2.5, ""KMLM"": 6, ""QQQ"": 1, ""SPY"": 0.7, ""TQQQ"": 1.5}",0.03000000,tests/data/2026-08-20-net15,,0.30000000,0.80000000,QQQ<SMA200,0.01535821,0.31475268,0.01535966,0.31475268,1221055.48125782,97500.00000000,1123555.48125782,11.52364596,0.29052073,0.27830233,0.97234550,0.31417801,1.34418419,0.82241113,-0.35325486,753,2013,0.92611815,2022,-0.30901720,7703426.20553672,1155.51393083,0.83442700,0.01185142,,,,,0.60221012,0.09516415
VT TQQQ/cash t35 w0-50 QQQ:VOL_EWMA80,full,full,2012-01-03,2026-08-20,false,true,"{""*"": 6, ""BTAL"": 6, ""DBMF"": 2.5, ""KMLM"": 6, ""QQQ"": 1, ""SPY"": 0.7, ""TQQQ"": 1.5}",0.03000000,tests/data/2026-08-20-net15,,0.35000000,0.50000000,,0.00001980,0.00008321,0.00002193,0.00008722,922365.42437935,97500.00000000,824865.42437935,8.46015820,0.25722033,0.24858588,1.01448582,0.25957876,1.42414002,0.58803374,-0.43742444,752,2023,0.82202191,2022,-0.40011648,2008645.85177097,301.29687777,0.26738347,0.00309022,,,,,0.47481659,0.17401925
VT TQQQ/cash t35 w0-50 QQQ:VOL_EWMA80 gate QQQ<SMA200,full,full,2012-01-03,2026-08-20,false,true,"{""*"": 6, ""BTAL"": 6, ""DBMF"": 2.5, ""KMLM"": 6, ""QQQ"": 1, ""SPY"": 0.7, ""TQQQ"": 1.5}",0.03000000,tests/data/2026-08-20-net15,,0.35000000,0.50000000,QQQ<SMA200,0.01639688,0.36274854,0.01639870,0.36274854,899284.11903166,97500.00000000,801784.11903166,8.22342686,0.25318669,0.24590425,1.04415299,0.24578581,1.45983293,0.74011898,-0.34208917,606,2023,0.63808084,2022,-0.31566262,1583499.95661442,237.52499349,0.21801669,0.00243615,,,,,0.45843982,0.11548777
VT TQQQ/cash t35 w0-60 QQQ:VOL_EWMA80,full,full,2012-01-03,2026-08-20,false,true,"{""*"": 6, ""BTAL"": 6, ""DBMF"": 2.5, ""KMLM"": 6, ""QQQ"": 1, ""SPY"": 0.7, ""TQQQ"": 1.5}",0.03000000,tests/data/2026-08-20-net15,,0.35000000,0.60000000,,0.00001732,0.00006588,0.00001908,0.00007067,1279088.37276129,97500.00000000,1181588.37276129,12.11885511,0.29365553,0.28322969,1.02557728,0.29413550,1.43619525,0.64082946,-0.45824287,752,2023,0.93357186,2022,-0.41792621,3663901.11327591,549.58516699,0.37961378,0.00563677,,,,,0.55025680,0.17402873
VT TQQQ/cash t35 w0-60 QQQ:VOL_EWMA80 gate QQQ<SMA200,full,full,2012-01-03,2026-08-20,false,true,"{""*"": 6, ""BTAL"": 6, ""DBMF"": 2.5, ""KMLM"": 6, ""QQQ"": 1, ""SPY"": 0.7, ""TQQQ"": 1.5}",0.03000000,tests/data/2026-08-20-net15,,0.35000000,0.60000000,QQQ<SMA200,0.01695449,0.36234151,0.01695590,0.36234151,1226717.48007917,97500.00000000,1129217.48007917,11.58171774,0.28786474,0.27879312,1.04200669,0.28177026,1.45341335,0.78198115,-0.36812236,605,2023,0.73861703,2022,-0.33617501,3044680.11333050,456.70201700,0.33141459,0.00468412,,,,,0.53331999,0.11589480
VT TQQQ/cash t35 w0-70 QQQ:VOL_EWMA80,full,full,2012-01-03,2026-08-20,false,true,"{""*"": 6, ""BTAL"": 6, ""DBMF"": 2.5, ""KMLM"": 6, ""QQQ"": 1, ""SPY"": 0.7, ""TQQQ"": 1.5}",0.03000000,tests/data/2026-08-20-net15,,0.35000000,0.70000000,,0.00001519,0.00005253,0.00001600,0.00005428,1516244.27941134,97500.00000000,1418744.27941134,14.55122338,0.31387678,0.30131096,1.00521031,0.32530500,1.40134257,0.65532358,-0.47896458,754,2023,0.94559760,2022,-0.43574946,6330320.69551326,949.54810433,0.57058332,0.00973895,,,,,0.61411265,0.17402470
VT TQQQ/cash t35 w0-70 QQQ:VOL_EWMA80 gate QQQ<SMA200,full,full,2012-01-03,2026-08-20,false,true,"{""*"": 6, ""BTAL"": 6, ""DBMF"": 2.5, ""KMLM"": 6, ""QQQ"": 1, ""SPY"": 0.7, ""TQQQ"": 1.5}",0.03000000,tests/data/2026-08-20-net15,,0.35000000,0.70000000,QQQ<SMA200,0.01696920,0.36211556,0.01697012,0.36211556,1446721.38666223,97500.00000000,1349221.38666223,13.83816807,0.30766365,0.29631595,1.01452965,0.31411058,1.40923539,0.78246559,-0.39319768,753,2013,0.87320705,2022,-0.35660554,5496540.01457877,824.48100219,0.52300372,0.00845622,,,,,0.59715853,0.11612076
VT TQQQ/cash t35 w0-80 QQQ:VOL_EWMA80,full,full,2012-01-03,2026-08-20,false,true,"{""*"": 6, ""BTAL"": 6, ""DBMF"": 2.5, ""KMLM"": 6, ""QQQ"": 1, ""SPY"": 0.7, ""TQQQ"": 1.5}",0.03000000,tests/data/2026-08-20-net15,,0.35000000,0.80000000,,0.00001538,0.00004685,0.00001685,0.00004752,1693878.80613376,97500.00000000,1596378.80613376,16.37311596,0.32727551,0.31311954,0.98640447,0.35061440,1.37224034,0.67471769,-0.48505547,756,2013,1.01806118,2022,-0.43800061,9453770.45290150,1418.06556794,0.77601407,0.01454426,,,,,0.66621608,0.17402632
VT TQQQ/cash t35 w0-80 QQQ:VOL_EWMA80 gate QQQ<SMA200,full,full,2012-01-03,2026-08-20,false,true,"{""*"": 6, ""BTAL"": 6, ""DBMF"": 2.5, ""KMLM"": 6, ""QQQ"": 1, ""SPY"": 0.7, ""TQQQ"": 1.5}",0.03000000,tests/data/2026-08-20-net15,,0.35000000,0.80000000,QQQ<SMA200,0.01693178,0.36197375,0.01693260,0.36197375,1615417.67755890,97500.00000000,1517917.67755890,15.56838644,0.32105023,0.30806083,0.99211682,0.34023692,1.37578063,0.80201611,-0.40030397,754,2013,1.01805968,2022,-0.35921757,8397890.14954726,1259.68352243,0.72786453,0.01291983,,,,,0.64930033,0.11626256
VT TQQQ/cash t40 w0-50 QQQ:VOL_EWMA80,full,full,2012-01-03,2026-08-20,false,true,"{""*"": 6, ""BTAL"": 6, ""DBMF"": 2.5, ""KMLM"": 6, ""QQQ"": 1, ""SPY"": 0.7, ""TQQQ"": 1.5}",0.03000000,tests/data/2026-08-20-net15,,0.40000000,0.50000000,,0.00002123,0.00007508,0.00002285,0.00007636,928075.07756331,97500.00000000,830575.07756331,8.51871874,0.25811227,0.24923893,0.98819107,0.27000925,1.38820703,0.55341702,-0.46639742,759,2023,0.83133249,2022,-0.42927478,1720199.74497397,258.02996175,0.22870215,0.00264646,,,,,0.48471054,0.19886001
VT TQQQ/cash t40 w0-50 QQQ:VOL_EWMA80 gate QQQ<SMA200,full,full,2012-01-03,2026-08-20,false,true,"{""*"": 6, ""BTAL"": 6, ""DBMF"": 2.5, ""KMLM"": 6, ""QQQ"": 1, ""SPY"": 0.7, ""TQQQ"": 1.5}",0.03000000,tests/data/2026-08-20-net15,,0.40000000,0.50000000,QQQ<SMA200,0.01706136,0.36184897,0.01706285,0.36184897,915873.03765435,97500.00000000,818373.03765435,8.39356962,0.25538593,0.24783841,1.02454960,0.25428816,1.43339018,0.68605654,-0.37225202,753,2023,0.64802216,2022,-0.34605325,1324899.09190809,198.73486379,0.18009998,0.00203831,,,,,0.46767054,0.13815103
VT TQQQ/cash t40 w0-60 QQQ:VOL_EWMA80,full,full,2012-01-03,2026-08-20,false,true,"{""*"": 6, ""BTAL"": 6, ""DBMF"": 2.5, ""KMLM"": 6, ""QQQ"": 1, ""SPY"": 0.7, ""TQQQ"": 1.5}",0.03000000,tests/data/2026-08-20-net15,,0.40000000,0.60000000,,0.00001682,0.00005363,0.00001854,0.00005705,1343200.63731685,97500.00000000,1245700.63731685,12.77641679,0.29872541,0.28842347,1.00711822,0.30737556,1.41379747,0.60485110,-0.49388255,753,2023,1.00635411,2022,-0.45512253,3183739.56517510,477.56093478,0.31892485,0.00489806,,,,,0.56498068,0.19889072
VT TQQQ/cash t40 w0-60 QQQ:VOL_EWMA80 gate QQQ<SMA200,full,full,2012-01-03,2026-08-20,false,true,"{""*"": 6, ""BTAL"": 6, ""DBMF"": 2.5, ""KMLM"": 6, ""QQQ"": 1, ""SPY"": 0.7, ""TQQQ"": 1.5}",0.03000000,tests/data/2026-08-20-net15,,0.40000000,0.60000000,QQQ<SMA200,0.01835062,0.40785228,0.01835216,0.40785228,1306820.41610275,97500.00000000,1209320.41610275,12.40328632,0.29435898,0.28550704,1.03184011,0.29239562,1.44267058,0.74495877,-0.39513459,606,2023,0.78290728,2022,-0.36573138,2565852.35958659,384.87785394,0.26694114,0.00394747,,,,,0.54664706,0.13870350
VT TQQQ/cash t40 w0-70 QQQ:VOL_EWMA80,full,full,2012-01-03,2026-08-20,false,false,"{""*"": 6, ""BTAL"": 6, ""DBMF"": 2.5, ""KMLM"": 6, ""QQQ"": 1, ""SPY"": 0.7, ""TQQQ"": 1.5}",0.03000000,tests/data/2026-08-20-net15,,0.40000000,0.70000000,,0.00001385,0.00005021,0.00001457,0.00003955,1802618.70553048,97500.00000000,1705118.70553048,17.48839698,0.33191113,0.31976421,1.01291199,0.34175705,1.41842418,0.64679044,-0.51316640,753,2023,1.10125784,2022,-0.47179220,5582233.75332319,837.33506300,0.44271446,0.00858805,,,,,0.63885398,0.19888095
VT TQQQ/cash t40 w0-70 QQQ:VOL_EWMA80 gate QQQ<SMA200,full,full,2012-01-03,2026-08-20,false,true,"{""*"": 6, ""BTAL"": 6, ""DBMF"": 2.5, ""KMLM"": 6, ""QQQ"": 1, ""SPY"": 0.7, ""TQQQ"": 1.5}",0.03000000,tests/data/2026-08-20-net15,,0.40000000,0.70000000,QQQ<SMA200,0.01887786,0.40748696,0.01887899,0.40748696,1724993.82227653,97500.00000000,1627493.82227653,16.69224433,0.32580160,0.31506246,1.02711998,0.32809952,1.43261982,0.77647362,-0.41959133,606,2013,0.88056676,2022,-0.38529880,4679042.61617101,701.85639243,0.39147727,0.00719853,,,,,0.61998956,0.13906883
VT TQQQ/cash t40 w0-80 QQQ:VOL_EWMA80,full,full,2012-01-03,2026-08-20,false,false,"{""*"": 6, ""BTAL"": 6, ""DBMF"": 2.5, ""KMLM"": 6, ""QQQ"": 1, ""SPY"": 0.7, ""TQQQ"": 1.5}",0.03000000,tests/data/2026-08-20-net15,,0.40000000,0.80000000,,0.00001440,0.00005021,0.00001505,0.00004156,2101981.72300767,97500.00000000,2004481.72300767,20.55878690,0.35035092,0.33621593,0.99551182,0.37295939,1.38888360,0.65832090,-0.53218866,759,2023,1.10850475,2022,-0.48847359,9344952.76424391,1401.74291464,0.65247929,0.01437685,,,,,0.70184626,0.19888662
VT TQQQ/cash t40 w0-80 QQQ:VOL_EWMA80 gate QQQ<SMA200,full,full,2012-01-03,2026-08-20,false,true,"{""*"": 6, ""BTAL"": 6, ""DBMF"": 2.5, ""KMLM"": 6, ""QQQ"": 1, ""SPY"": 0.7, ""TQQQ"": 1.5}",0.03000000,tests/data/2026-08-20-net15,,0.40000000,0.80000000,QQQ<SMA200,0.01879534,0.40729719,0.01879580,0.40729719,2005069.05633357,97500.00000000,1907569.05633357,19.56481083,0.34403266,0.33115455,1.00426802,0.36047877,1.39611411,0.77708587,-0.44272155,754,2013,1.03073059,2022,-0.40478036,8144961.34961144,1221.74420244,0.60173348,0.01253071,,,,,0.68306551,0.13925860
50/50,full,full,2012-01-03,2026-08-20,true,true,"{""*"": 6, ""BTAL"": 6, ""DBMF"": 2.5, ""KMLM"": 6, ""QQQ"": 1, ""SPY"": 0.7, ""TQQQ"": 1.5}",0.03000000,tests/data/2026-08-20-net15,,,,,0.00016371,0.00173099,0.00015919,0.00191068,776004.13803430,97500.00000000,678504.13803430,6.95901680,0.23821361,0.23030476,0.95112940,0.26129349,1.34453237,0.53162753,-0.44808367,752,2023,0.69970737,2022,-0.42571147,3438150.67084379,1293.16930785,0.48004049,0.01326327,0.49985067,0.49808932,,,0.49997079,0.49989733
TQQQ50/BTAL50 gate QQQ<SMA200,full,full,2012-01-03,2026-08-20,true,true,"{""*"": 6, ""BTAL"": 6, ""DBMF"": 2.5, ""KMLM"": 6, ""QQQ"": 1, ""SPY"": 0.7, ""TQQQ"": 1.5}",0.03000000,tests/data/2026-08-20-net15,,,,,0.02399859,0.35537593,0.02399505,0.35537645,713816.06378771,97500.00000000,616316.06378771,6.32119040,0.22950444,0.22146501,0.98988661,0.23805275,1.39214316,0.60824409,-0.37732293,138,2019,0.51184467,2022,-0.29178994,2494498.97525306,942.62977356,0.36962135,0.00966800,0.52370355,0.49808932,,,0.47612296,0.14462355
SPY benchmark,full,full,2012-01-03,2026-08-20,true,true,"{""*"": 6, ""BTAL"": 6, ""DBMF"": 2.5, ""KMLM"": 6, ""QQQ"": 1, ""SPY"": 0.7, ""TQQQ"": 1.5}",0.03000000,tests/data/2026-08-20-net15,,,,,0.00165763,0.00887397,0.00165813,0.00887535,352648.97874381,97500.00000000,255148.97874381,2.61691260,0.14646091,0.14635435,0.91172651,0.16531475,1.29068442,0.43412974,-0.33736669,173,2013,0.31819168,2022,-0.18365542,97233.05567962,6.80631390,0.02784281,0.00006981,,,0.99834187,0.99112465,,
VT TQQQ/BTAL t25 w0-50 QQQ:VOL_EWMA80,fit,fit,2012-01-03,2022-12-30,false,true,"{""*"": 6, ""BTAL"": 6, ""DBMF"": 2.5, ""KMLM"": 6, ""QQQ"": 1, ""SPY"": 0.7, ""TQQQ"": 1.5}",0.03000000,tests/data/2026-08-20-net15,BTAL,0.25000000,0.50000000,,0.00020248,0.00163809,0.00020362,0.00162354,233807.07307500,75500.00000000,158307.07307500,2.09678242,0.19002639,0.17151914,0.94226581,0.20789765,1.31102892,0.69178261,-0.27469091,,2017,0.46842037,2022,-0.23114197,1941184.49082988,732.24463135,0.76380414,0.00969860,0.56090096,0.49837646,,,0.43887447,0.12429035
VT TQQQ/BTAL t25 w0-50 QQQ:VOL_EWMA80 gate QQQ<SMA200,fit,fit,2012-01-03,2022-12-30,false,true,"{""*"": 6, ""BTAL"": 6, ""DBMF"": 2.5, ""KMLM"": 6, ""QQQ"": 1, ""SPY"": 0.7, ""TQQQ"": 1.5}",0.03000000,tests/data/2026-08-20-net15,BTAL,0.25000000,0.50000000,QQQ<SMA200,0.01510092,0.20485418,0.01510104,0.20485482,240695.61339704,75500.00000000,165195.61339704,2.18802137,0.19022624,0.17578145,0.95281130,0.20518693,1.32340140,0.74871031,-0.25407189,362,2017,0.46842364,2022,-0.15358808,1515046.29237529,574.75206105,0.63109884,0.00761261,0.57579717,0.49837646,,,0.42397180,0.07938753
VT TQQQ/BTAL t25 w0-60 QQQ:VOL_EWMA80,fit,fit,2012-01-03,2022-12-30,false,true,"{""*"": 6, ""BTAL"": 6, ""DBMF"": 2.5, ""KMLM"": 6, ""QQQ"": 1, ""SPY"": 0.7, ""TQQQ"": 1.5}",0.03000000,tests/data/2026-08-20-net15,BTAL,0.25000000,0.60000000,,0.00021522,0.00139468,0.00022621,0.00152740,252783.79214627,75500.00000000,177283.79214627,2.34812970,0.20393779,0.18296858,0.91353122,0.23337907,1.26832376,0.73640346,-0.27693758,,2013,0.58735230,2022,-0.23350980,2874583.94745475,1080.83352935,1.05884208,0.01431568,0.50619013,0.39859789,,,0.49356232,0.12429392
VT TQQQ/BTAL t25 w0-60 QQQ:VOL_EWMA80 gate QQQ<SMA200,fit,fit,2012-01-03,2022-12-30,false,true,"{""*"": 6, ""BTAL"": 6, ""DBMF"": 2.5, ""KMLM"": 6, ""QQQ"": 1, ""SPY"": 0.7, ""TQQQ"": 1.5}",0.03000000,tests/data/2026-08-20-net15,BTAL,0.25000000,0.60000000,QQQ<SMA200,0.01533636,0.20475079,0.01534565,0.20475141,259790.34039205,75500.00000000,184290.34039205,2.44093166,0.20399721,0.18697587,0.92151793,0.23074904,1.27751358,0.81318538,-0.25086187,355,2013,0.58729631,2022,-0.15631277,2363832.97214307,891.86395833,0.92288210,0.01181277,0.52134927,0.39859789,,,0.47841781,0.07949095
VT TQQQ/BTAL t25 w0-70 QQQ:VOL_EWMA80,fit,fit,2012-01-03,2022-12-30,false,true,"{""*"": 6, ""BTAL"": 6, ""DBMF"": 2.5, ""KMLM"": 6, ""QQQ"": 1, ""SPY"": 0.7, ""TQQQ"": 1.5}",0.03000000,tests/data/2026-08-20-net15,BTAL,0.25000000,0.70000000,,0.00017948,0.00134188,0.00020333,0.00152740,257065.66061284,75500.00000000,181565.66061284,2.40484319,0.20777095,0.18543074,0.86818812,0.25553143,1.20155580,0.73756955,-0.28169676,,2017,0.65181644,2022,-0.23349850,4013029.51423343,1506.42553062,1.45533153,0.01995266,0.46518635,0.29892088,,,0.53458701,0.12429953
VT TQQQ/BTAL t25 w0-70 QQQ:VOL_EWMA80 gate QQQ<SMA200,fit,fit,2012-01-03,2022-12-30,false,true,"{""*"": 6, ""BTAL"": 6, ""DBMF"": 2.5, ""KMLM"": 6, ""QQQ"": 1, ""SPY"": 0.7, ""TQQQ"": 1.5}",0.03000000,tests/data/2026-08-20-net15,BTAL,0.25000000,0.70000000,QQQ<SMA200,0.01547763,0.20470561,0.01549991,0.20470622,264491.39091092,75500.00000000,188991.39091092,2.50319723,0.20794804,0.18960348,0.87495303,0.25298444,1.20945520,0.81871149,-0.25399428,337,2017,0.65178731,2022,-0.15639158,3434727.97449123,1292.02674470,1.31877060,0.01711294,0.48047423,0.29892088,,,0.51928984,0.07953614
VT TQQQ/BTAL t25 w0-80 QQQ:VOL_EWMA80,fit,fit,2012-01-03,2022-12-30,false,true,"{""*"": 6, ""BTAL"": 6, ""DBMF"": 2.5, ""KMLM"": 6, ""QQQ"": 1, ""SPY"": 0.7, ""TQQQ"": 1.5}",0.03000000,tests/data/2026-08-20-net15,BTAL,0.25000000,0.80000000,,0.00021132,0.00134188,0.00024703,0.00152740,267090.27873334,75500.00000000,191590.27873334,2.53761959,0.21436410,0.19103584,0.84808690,0.27375749,1.17348290,0.73223906,-0.29275152,455,2017,0.74657670,2022,-0.23352673,5107790.80445828,1916.89044403,1.79636774,0.02538928,0.43296208,0.19908747,,,0.56676455,0.12429698
VT TQQQ/BTAL t25 w0-80 QQQ:VOL_EWMA80 gate QQQ<SMA200,fit,fit,2012-01-03,2022-12-30,false,true,"{""*"": 6, ""BTAL"": 6, ""DBMF"": 2.5, ""KMLM"": 6, ""QQQ"": 1, ""SPY"": 0.7, ""TQQQ"": 1.5}",0.03000000,tests/data/2026-08-20-net15,BTAL,0.25000000,0.80000000,QQQ<SMA200,0.01550579,0.20464229,0.01554194,0.20464287,274697.62238558,75500.00000000,199197.62238558,2.63837910,0.21455043,0.19514878,0.85368548,0.27138602,1.17998612,0.77722534,-0.27604662,574,2017,0.74656580,2022,-0.15644819,4448707.96770588,1672.16034073,1.65685843,0.02214782,0.44822190,0.19928420,,,0.55148074,0.07959949
VT TQQQ/BTAL t30 w0-50 QQQ:VOL_EWMA80,fit,fit,2012-01-03,2022-12-30,false,true,"{""*"": 6, ""BTAL"": 6, ""DBMF"": 2.5, ""KMLM"": 6, ""QQQ"": 1, ""SPY"": 0.7, ""TQQQ"": 1.5}",0.03000000,tests/data/2026-08-20-net15,BTAL,0.30000000,0.50000000,,0.00019698,0.00173099,0.00019712,0.00191068,254010.28862269,75500.00000000,178510.28862269,2.36437468,0.20311188,0.18367815,0.95495375,0.21912177,1.33251638,0.63011220,-0.32234241,,2019,0.48832967,2022,-0.28001245,1895536.37185466,714.70959226,0.68499768,0.00946635,0.54115316,0.49808932,,,0.45862967,0.14916294
VT TQQQ/BTAL t30 w0-50 QQQ:VOL_EWMA80 gate QQQ<SMA200,fit,fit,2012-01-03,2022-12-30,false,true,"{""*"": 6, ""BTAL"": 6, ""DBMF"": 2.5, ""KMLM"": 6, ""QQQ"": 1, ""SPY"": 0.7, ""TQQQ"": 1.5}",0.03000000,tests/data/2026-08-20-net15,BTAL,0.30000000,0.50000000,QQQ<SMA200,0.01737793,0.24163928,0.01737485,0.24163986,265935.15865350,75500.00000000,190435.15865350,2.52231998,0.20505579,0.19040096,0.98354821,0.21306365,1.37037233,0.81797894,-0.25068591,140,2017,0.47759228,2022,-0.18982158,1353530.61448716,513.89270612,0.51949361,0.00680653,0.55835059,0.49808932,,,0.44143206,0.09945097
VT TQQQ/BTAL t30 w0-60 QQQ:VOL_EWMA80,fit,fit,2012-01-03,2022-12-30,false,true,"{""*"": 6, ""BTAL"": 6, ""DBMF"": 2.5, ""KMLM"": 6, ""QQQ"": 1, ""SPY"": 0.7, ""TQQQ"": 1.5}",0.03000000,tests/data/2026-08-20-net15,BTAL,0.30000000,0.60000000,,0.00018305,0.00175383,0.00018813,0.00190927,289296.57238113,75500.00000000,213796.57238113,2.83174268,0.22543859,0.20272871,0.93583257,0.25150775,1.29768251,0.65209486,-0.34571440,,2013,0.61169807,2022,-0.30479233,2888481.31833062,1086.41457449,0.91540020,0.01438960,0.47313840,0.39889101,,,0.52665331,0.14915511
VT TQQQ/BTAL t30 w0-60 QQQ:VOL_EWMA80 gate QQQ<SMA200,fit,fit,2012-01-03,2022-12-30,false,true,"{""*"": 6, ""BTAL"": 6, ""DBMF"": 2.5, ""KMLM"": 6, ""QQQ"": 1, ""SPY"": 0.7, ""TQQQ"": 1.5}",0.03000000,tests/data/2026-08-20-net15,BTAL,0.30000000,0.60000000,QQQ<SMA200,0.01760252,0.24145328,0.01760811,0.24145379,300365.15959686,75500.00000000,224865.15959686,2.97834648,0.22658619,0.20822268,0.95482680,0.24606958,1.32162123,0.83412680,-0.27164478,140,2013,0.61174426,2022,-0.21789894,2215018.94721764,836.37961322,0.75109094,0.01107788,0.49055306,0.39900717,,,0.50923390,0.09963704
VT TQQQ/BTAL t30 w0-70 QQQ:VOL_EWMA80,fit,fit,2012-01-03,2022-12-30,false,true,"{""*"": 6, ""BTAL"": 6, ""DBMF"": 2.5, ""KMLM"": 6, ""QQQ"": 1, ""SPY"": 0.7, ""TQQQ"": 1.5}",0.03000000,tests/data/2026-08-20-net15,BTAL,0.30000000,0.70000000,,0.00019933,0.00175383,0.00021380,0.00190927,314494.79586543,75500.00000000,238994.79586543,3.16549398,0.23990985,0.21494727,0.91202721,0.27905535,1.26291607,0.67949450,-0.35307107,,2013,0.75933676,2022,-0.30748075,4157082.65882272,1561.16300348,1.22735526,0.02067766,0.41717158,0.29899181,,,0.58259312,0.14916473
VT TQQQ/BTAL t30 w0-70 QQQ:VOL_EWMA80 gate QQQ<SMA200,fit,fit,2012-01-03,2022-12-30,false,true,"{""*"": 6, ""BTAL"": 6, ""DBMF"": 2.5, ""KMLM"": 6, ""QQQ"": 1, ""SPY"": 0.7, ""TQQQ"": 1.5}",0.03000000,tests/data/2026-08-20-net15,BTAL,0.30000000,0.70000000,QQQ<SMA200,0.01771825,0.24135663,0.01773436,0.24135710,326099.04800431,75500.00000000,250599.04800431,3.31919269,0.24101981,0.22024694,0.92696404,0.27402490,1.28160515,0.86901042,-0.27734974,,2013,0.75927221,2022,-0.22097275,3347738.72980628,1260.24229368,1.05847663,0.01669195,0.43470396,0.29899181,,,0.56506680,0.09973373
VT TQQQ/BTAL t30 w0-80 QQQ:VOL_EWMA80,fit,fit,2012-01-03,2022-12-30,false,true,"{""*"": 6, ""BTAL"": 6, ""DBMF"": 2.5, ""KMLM"": 6, ""QQQ"": 1, ""SPY"": 0.7, ""TQQQ"": 1.5}",0.03000000,tests/data/2026-08-20-net15,BTAL,0.30000000,0.80000000,,0.00019896,0.00175383,0.00022848,0.00190927,317206.94809402,75500.00000000,241706.94809402,3.20141653,0.24288509,0.21620326,0.87016026,0.30353482,1.20179254,0.67525185,-0.35969555,,2013,0.82281468,2022,-0.30748725,5530162.66166030,2074.90098079,1.61443423,0.02748213,0.37307385,0.19863239,,,0.62667660,0.14914707
VT TQQQ/BTAL t30 w0-80 QQQ:VOL_EWMA80 gate QQQ<SMA200,fit,fit,2012-01-03,2022-12-30,false,true,"{""*"": 6, ""BTAL"": 6, ""DBMF"": 2.5, ""KMLM"": 6, ""QQQ"": 1, ""SPY"": 0.7, ""TQQQ"": 1.5}",0.03000000,tests/data/2026-08-20-net15,BTAL,0.30000000,0.80000000,QQQ<SMA200,0.01813026,0.24132935,0.01815987,0.24132982,328996.72761033,75500.00000000,253496.72761033,3.35757255,0.24393035,0.22154083,0.88240139,0.29859096,1.21700321,0.76493850,-0.31888884,578,2013,0.82277043,2022,-0.22100177,4621965.30263409,1736.94448425,1.44474488,0.02300589,0.39103226,0.19863239,,,0.60872744,0.09976101
VT TQQQ/BTAL t35 w0-50 QQQ:VOL_EWMA80,fit,fit,2012-01-03,2022-12-30,false,true,"{""*"": 6, ""BTAL"": 6, ""DBMF"": 2.5, ""KMLM"": 6, ""QQQ"": 1, ""SPY"": 0.7, ""TQQQ"": 1.5}",0.03000000,tests/data/2026-08-20-net15,BTAL,0.35000000,0.50000000,,0.00021814,0.00173099,0.00021516,0.00191068,256473.25821223,75500.00000000,180973.25821223,2.39699680,0.20522000,0.18509259,0.92979452,0.22943331,1.29747719,0.55717832,-0.36832015,,2019,0.51822868,2022,-0.32762702,1739980.53676550,656.88260837,0.60456534,0.00870043,0.52847623,0.49808932,,,0.47128756,0.17400707
VT TQQQ/BTAL t35 w0-50 QQQ:VOL_EWMA80 gate QQQ<SMA200,fit,fit,2012-01-03,2022-12-30,false,true,"{""*"": 6, ""BTAL"": 6, ""DBMF"": 2.5, ""KMLM"": 6, ""QQQ"": 1, ""SPY"": 0.7, ""TQQQ"": 1.5}",0.03000000,tests/data/2026-08-20-net15,BTAL,0.35000000,0.50000000,QQQ<SMA200,0.01910924,0.27680955,0.01910574,0.27681011,276145.88101573,75500.00000000,200645.88101573,2.65756134,0.21046345,0.19591871,0.98121428,0.21958257,1.36863873,0.77166172,-0.27274056,,2017,0.47761458,2022,-0.22589555,1118932.18127757,425.90623392,0.41035432,0.00564114,0.54742003,0.49808932,,,0.45236583,0.12112919
VT TQQQ/BTAL t35 w0-60 QQQ:VOL_EWMA80,fit,fit,2012-01-03,2022-12-30,false,true,"{""*"": 6, ""BTAL"": 6, ""DBMF"": 2.5, ""KMLM"": 6, ""QQQ"": 1, ""SPY"": 0.7, ""TQQQ"": 1.5}",0.03000000,tests/data/2026-08-20-net15,BTAL,0.35000000,0.60000000,,0.00016690,0.00121431,0.00017034,0.00122929,315996.00838762,75500.00000000,240496.00838762,3.18537759,0.23913924,0.21564382,0.94538273,0.26423336,1.31426901,0.61132241,-0.39118350,,2013,0.62477405,2022,-0.35082497,2782112.15222225,1046.92026546,0.80339181,0.01386649,0.45251907,0.39877071,,,0.54729136,0.17402676
VT TQQQ/BTAL t35 w0-60 QQQ:VOL_EWMA80 gate QQQ<SMA200,fit,fit,2012-01-03,2022-12-30,false,true,"{""*"": 6, ""BTAL"": 6, ""DBMF"": 2.5, ""KMLM"": 6, ""QQQ"": 1, ""SPY"": 0.7, ""TQQQ"": 1.5}",0.03000000,tests/data/2026-08-20-net15,BTAL,0.35000000,0.60000000,QQQ<SMA200,0.01983339,0.27647110,0.01983314,0.27647155,333672.15008656,75500.00000000,258172.15008656,3.41949868,0.24210013,0.22360467,0.97867037,0.25532039,1.35817226,0.80075916,-0.30233826,141,2013,0.62244829,2022,-0.25284934,1955819.13380230,739.45176063,0.60676408,0.00979406,0.47219317,0.39877071,,,0.52761361,0.12146775
VT TQQQ/BTAL t35 w0-70 QQQ:VOL_EWMA80,fit,fit,2012-01-03,2022-12-30,false,true,"{""*"": 6, ""BTAL"": 6, ""DBMF"": 2.5, ""KMLM"": 6, ""QQQ"": 1, ""SPY"": 0.7, ""TQQQ"": 1.5}",0.03000000,tests/data/2026-08-20-net15,BTAL,0.35000000,0.70000000,,0.00017142,0.00134428,0.00017937,0.00132697,354256.96543478,75500.00000000,278756.96543478,3.69214524,0.25885227,0.23236032,0.92311445,0.29822454,1.27697250,0.62195092,-0.41619405,,2013,0.77833063,2022,-0.37398697,4194189.65020495,1575.16603015,1.07258900,0.02086313,0.38536707,0.29867303,,,0.61443301,0.17401720
VT TQQQ/BTAL t35 w0-70 QQQ:VOL_EWMA80 gate QQQ<SMA200,fit,fit,2012-01-03,2022-12-30,false,true,"{""*"": 6, ""BTAL"": 6, ""DBMF"": 2.5, ""KMLM"": 6, ""QQQ"": 1, ""SPY"": 0.7, ""TQQQ"": 1.5}",0.03000000,tests/data/2026-08-20-net15,BTAL,0.35000000,0.70000000,QQQ<SMA200,0.01994266,0.27626684,0.01995237,0.27626725,371698.37875174,75500.00000000,296198.37875174,3.92315733,0.26131370,0.23939074,0.94715319,0.29023905,1.30778178,0.79643156,-0.32810565,,2013,0.77829402,2022,-0.27968216,3172436.95827765,1194.56179263,0.87651086,0.01582201,0.40512349,0.29867303,,,0.59466571,0.12167205
VT TQQQ/BTAL t35 w0-80 QQQ:VOL_EWMA80,fit,fit,2012-01-03,2022-12-30,false,true,"{""*"": 6, ""BTAL"": 6, ""DBMF"": 2.5, ""KMLM"": 6, ""QQQ"": 1, ""SPY"": 0.7, ""TQQQ"": 1.5}",0.03000000,tests/data/2026-08-20-net15,BTAL,0.35000000,0.80000000,,0.00017040,0.00102753,0.00019211,0.00113490,384920.45748689,75500.00000000,309420.45748689,4.09828421,0.27299590,0.24450512,0.90348865,0.32725928,1.24875964,0.64254667,-0.42486548,,2013,0.93833945,2022,-0.37689744,5895622.77027401,2212.16516524,1.40404280,0.02930020,0.32859015,0.19904924,,,0.67119971,0.17401724
VT TQQQ/BTAL t35 w0-80 QQQ:VOL_EWMA80 gate QQQ<SMA200,fit,fit,2012-01-03,2022-12-30,false,true,"{""*"": 6, ""BTAL"": 6, ""DBMF"": 2.5, ""KMLM"": 6, ""QQQ"": 1, ""SPY"": 0.7, ""TQQQ"": 1.5}",0.03000000,tests/data/2026-08-20-net15,BTAL,0.35000000,0.80000000,QQQ<SMA200,0.01988636,0.27616407,0.01990472,0.27616445,403488.10649561,75500.00000000,327988.10649561,4.34421333,0.27550591,0.25140041,0.92289483,0.31995167,1.27355298,0.81478448,-0.33813348,,2013,0.93817339,2022,-0.28311666,4671884.38894644,1755.76790297,1.20262399,0.02325520,0.34834596,0.19904924,,,0.65145954,0.12177485
VT TQQQ/BTAL t40 w0-50 QQQ:VOL_EWMA80,fit,fit,2012-01-03,2022-12-30,false,true,"{""*"": 6, ""BTAL"": 6, ""DBMF"": 2.5, ""KMLM"": 6, ""QQQ"": 1, ""SPY"": 0.7, ""TQQQ"": 1.5}",0.03000000,tests/data/2026-08-20-net15,BTAL,0.40000000,0.50000000,,0.00018711,0.00173099,0.00018536,0.00191068,254863.15873981,75500.00000000,179363.15873981,2.37567098,0.20523445,0.18416951,0.89971841,0.23984471,1.25515517,0.51226364,-0.40064225,,2019,0.54004367,2022,-0.36199922,1636373.81483502,618.48374111,0.55518336,0.00819184,0.51819696,0.49808932,,,0.48159937,0.19887700
VT TQQQ/BTAL t40 w0-50 QQQ:VOL_EWMA80 gate QQQ<SMA200,fit,fit,2012-01-03,2022-12-30,false,true,"{""*"": 6, ""BTAL"": 6, ""DBMF"": 2.5, ""KMLM"": 6, ""QQQ"": 1, ""SPY"": 0.7, ""TQQQ"": 1.5}",0.03000000,tests/data/2026-08-20-net15,BTAL,0.40000000,0.50000000,QQQ<SMA200,0.02037458,0.30999684,0.02036700,0.30999739,278205.63657775,75500.00000000,202705.63657775,2.68484287,0.21224595,0.19700671,0.96555028,0.22620963,1.34672562,0.70035381,-0.30305532,,2019,0.48180133,2022,-0.26201239,974913.12505035,372.57454197,0.34681159,0.00493476,0.53837467,0.49808932,,,0.46141161,0.14479039
VT TQQQ/BTAL t40 w0-60 QQQ:VOL_EWMA80,fit,fit,2012-01-03,2022-12-30,false,true,"{""*"": 6, ""BTAL"": 6, ""DBMF"": 2.5, ""KMLM"": 6, ""QQQ"": 1, ""SPY"": 0.7, ""TQQQ"": 1.5}",0.03000000,tests/data/2026-08-20-net15,BTAL,0.40000000,0.60000000,,0.00018645,0.00125146,0.00019000,0.00129278,319744.43738376,75500.00000000,244244.43738376,3.23502566,0.24162130,0.21736866,0.92484781,0.27560010,1.28643687,0.55534274,-0.43508500,,2013,0.62477944,2022,-0.39553933,2588133.85071216,974.32331856,0.71608903,0.01290494,0.43897712,0.39885787,,,0.56081605,0.19888592
VT TQQQ/BTAL t40 w0-60 QQQ:VOL_EWMA80 gate QQQ<SMA200,fit,fit,2012-01-03,2022-12-30,false,true,"{""*"": 6, ""BTAL"": 6, ""DBMF"": 2.5, ""KMLM"": 6, ""QQQ"": 1, ""SPY"": 0.7, ""TQQQ"": 1.5}",0.03000000,tests/data/2026-08-20-net15,BTAL,0.40000000,0.60000000,QQQ<SMA200,0.02141268,0.30954691,0.02141287,0.30954736,347816.59225443,75500.00000000,272316.59225443,3.60684228,0.24817519,0.22967675,0.97635199,0.26297171,1.35680823,0.75027141,-0.33078055,,2013,0.62241144,2022,-0.28776877,1676567.00900961,634.65001217,0.49476647,0.00840596,0.46024989,0.39885787,,,0.53956241,0.14524041
VT TQQQ/BTAL t40 w0-70 QQQ:VOL_EWMA80,fit,fit,2012-01-03,2022-12-30,false,true,"{""*"": 6, ""BTAL"": 6, ""DBMF"": 2.5, ""KMLM"": 6, ""QQQ"": 1, ""SPY"": 0.7, ""TQQQ"": 1.5}",0.03000000,tests/data/2026-08-20-net15,BTAL,0.40000000,0.70000000,,0.00016764,0.00135660,0.00017661,0.00133799,387672.49829060,75500.00000000,312172.49829060,4.13473508,0.27273925,0.24554768,0.93105242,0.31203982,1.29102524,0.59647210,-0.45725399,,2013,0.79492511,2022,-0.41710733,4006685.29392380,1505.46771781,0.92819298,0.01993997,0.36398053,0.29866201,,,0.63582679,0.19887753
VT TQQQ/BTAL t40 w0-70 QQQ:VOL_EWMA80 gate QQQ<SMA200,fit,fit,2012-01-03,2022-12-30,false,true,"{""*"": 6, ""BTAL"": 6, ""DBMF"": 2.5, ""KMLM"": 6, ""QQQ"": 1, ""SPY"": 0.7, ""TQQQ"": 1.5}",0.03000000,tests/data/2026-08-20-net15,BTAL,0.40000000,0.70000000,QQQ<SMA200,0.02214180,0.30924652,0.02214969,0.30924690,413553.09453759,75500.00000000,338053.09453759,4.47752443,0.27703532,0.25500792,0.96617594,0.30053985,1.33710214,0.77553185,-0.35721979,,2013,0.79173349,2022,-0.31341783,2787004.76458319,1050.46896602,0.70104022,0.01391350,0.38595719,0.29866201,,,0.61385035,0.14554087
VT TQQQ/BTAL t40 w0-80 QQQ:VOL_EWMA80,fit,fit,2012-01-03,2022-12-30,false,true,"{""*"": 6, ""BTAL"": 6, ""DBMF"": 2.5, ""KMLM"": 6, ""QQQ"": 1, ""SPY"": 0.7, ""TQQQ"": 1.5}",0.03000000,tests/data/2026-08-20-net15,BTAL,0.40000000,0.80000000,,0.00017211,0.00130522,0.00018757,0.00128698,428189.35017445,75500.00000000,352689.35017445,4.67138212,0.29007289,0.26010191,0.90987980,0.34708417,1.25689842,0.60089207,-0.48273709,,2013,0.95898190,2022,-0.43869187,5961254.17656056,2236.66484293,1.23503524,0.02962470,0.29758167,0.19871302,,,0.70221442,0.19887312
VT TQQQ/BTAL t40 w0-80 QQQ:VOL_EWMA80 gate QQQ<SMA200,fit,fit,2012-01-03,2022-12-30,false,true,"{""*"": 6, ""BTAL"": 6, ""DBMF"": 2.5, ""KMLM"": 6, ""QQQ"": 1, ""SPY"": 0.7, ""TQQQ"": 1.5}",0.03000000,tests/data/2026-08-20-net15,BTAL,0.40000000,0.80000000,QQQ<SMA200,0.02208693,0.30908403,0.02210251,0.30908437,454897.14830198,75500.00000000,379397.14830198,5.02512779,0.29419267,0.26896953,0.93681485,0.33673178,1.29166024,0.75923303,-0.38748666,,2013,0.95899775,2022,-0.33895723,4464021.56664782,1677.69566690,1.00787638,0.02222113,0.31954511,0.19871302,,,0.68027363,0.14570341
VT TQQQ/cash t25 w0-50 QQQ:VOL_EWMA80,fit,fit,2012-01-03,2022-12-30,false,true,"{""*"": 6, ""BTAL"": 6, ""DBMF"": 2.5, ""KMLM"": 6, ""QQQ"": 1, ""SPY"": 0.7, ""TQQQ"": 1.5}",0.03000000,tests/data/2026-08-20-net15,,0.25000000,0.50000000,,0.00002165,0.00009002,0.00002382,0.00009215,255456.11536098,75500.00000000,179956.11536098,2.38352471,0.20738217,0.18451014,0.95131694,0.22512730,1.30988275,0.57722355,-0.35927531,,2013,0.58848099,2022,-0.32005711,1077308.78915305,161.59631837,0.37925028,0.00214035,,,,,0.43887982,0.12427881
VT TQQQ/cash t25 w0-50 QQQ:VOL_EWMA80 gate QQQ<SMA200,fit,fit,2012-01-03,2022-12-30,false,true,"{""*"": 6, ""BTAL"": 6, ""DBMF"": 2.5, ""KMLM"": 6, ""QQQ"": 1, ""SPY"": 0.7, ""TQQQ"": 1.5}",0.03000000,tests/data/2026-08-20-net15,,0.25000000,0.50000000,QQQ<SMA200,0.01460336,0.19985902,0.01460541,0.19985902,264605.14729751,75500.00000000,189105.14729751,2.50470394,0.20892097,0.18966648,0.98768382,0.21611615,1.35560578,0.73793358,-0.28311623,,2013,0.58848251,2022,-0.25484452,839718.49369860,125.95777405,0.30987604,0.00166831,,,,,0.42429824,0.08438334
VT TQQQ/cash t25 w0-60 QQQ:VOL_EWMA80,fit,fit,2012-01-03,2022-12-30,false,true,"{""*"": 6, ""BTAL"": 6, ""DBMF"": 2.5, ""KMLM"": 6, ""QQQ"": 1, ""SPY"": 0.7, ""TQQQ"": 1.5}",0.03000000,tests/data/2026-08-20-net15,,0.25000000,0.60000000,,0.00001997,0.00007762,0.00002262,0.00007963,280254.37861870,75500.00000000,204754.37861870,2.71197852,0.22241694,0.19808085,0.92945088,0.25023698,1.27936235,0.60756334,-0.36608026,,2013,0.70925206,2022,-0.32184710,1632548.77955221,244.88231693,0.53388639,0.00324347,,,,,0.49357264,0.12428080
VT TQQQ/cash t25 w0-60 QQQ:VOL_EWMA80 gate QQQ<SMA200,fit,fit,2012-01-03,2022-12-30,false,true,"{""*"": 6, ""BTAL"": 6, ""DBMF"": 2.5, ""KMLM"": 6, ""QQQ"": 1, ""SPY"": 0.7, ""TQQQ"": 1.5}",0.03000000,tests/data/2026-08-20-net15,,0.25000000,0.60000000,QQQ<SMA200,0.01484520,0.19975403,0.01484739,0.19975403,289911.45539211,75500.00000000,214411.45539211,2.83988683,0.22386191,0.20303942,0.95771246,0.24196059,1.31475896,0.76977286,-0.29081554,,2013,0.70925534,2022,-0.25690113,1347695.03337695,202.15425501,0.46241686,0.00267754,,,,,0.47874787,0.08448833
VT TQQQ/cash t25 w0-70 QQQ:VOL_EWMA80,fit,fit,2012-01-03,2022-12-30,false,true,"{""*"": 6, ""BTAL"": 6, ""DBMF"": 2.5, ""KMLM"": 6, ""QQQ"": 1, ""SPY"": 0.7, ""TQQQ"": 1.5}",0.03000000,tests/data/2026-08-20-net15,,0.25000000,0.70000000,,0.00001756,0.00008009,0.00002049,0.00008948,289634.10799392,75500.00000000,214134.10799392,2.83621335,0.22831018,0.20289935,0.89633484,0.27093789,1.23236464,0.61621060,-0.37050675,,2013,0.75879985,2022,-0.32185077,2313569.55031910,347.03543255,0.73645348,0.00459650,,,,,0.53460489,0.12429425
VT TQQQ/cash t25 w0-70 QQQ:VOL_EWMA80 gate QQQ<SMA200,fit,fit,2012-01-03,2022-12-30,false,true,"{""*"": 6, ""BTAL"": 6, ""DBMF"": 2.5, ""KMLM"": 6, ""QQQ"": 1, ""SPY"": 0.7, ""TQQQ"": 1.5}",0.03000000,tests/data/2026-08-20-net15,,0.25000000,0.70000000,QQQ<SMA200,0.01493596,0.19972302,0.01493857,0.19972302,300208.78286128,75500.00000000,224708.78286128,2.97627527,0.23001743,0.20814649,0.92011559,0.26320022,1.26225452,0.76459080,-0.30083730,571,2013,0.75881114,2022,-0.25691902,1993163.51901606,298.97452785,0.66444220,0.00395993,,,,,0.51968681,0.08451934
VT TQQQ/cash t25 w0-80 QQQ:VOL_EWMA80,fit,fit,2012-01-03,2022-12-30,false,true,"{""*"": 6, ""BTAL"": 6, ""DBMF"": 2.5, ""KMLM"": 6, ""QQQ"": 1, ""SPY"": 0.7, ""TQQQ"": 1.5}",0.03000000,tests/data/2026-08-20-net15,,0.25000000,0.80000000,,0.00002057,0.00007535,0.00002200,0.00007692,305643.51608777,75500.00000000,230143.51608777,3.04825849,0.23697381,0.21077125,0.88546188,0.28748346,1.21874246,0.63956829,-0.37052152,,2013,0.80563056,2022,-0.32187227,2959878.90584554,443.98183588,0.90422115,0.00588055,,,,,0.56679192,0.12430373
VT TQQQ/cash t25 w0-80 QQQ:VOL_EWMA80 gate QQQ<SMA200,fit,fit,2012-01-03,2022-12-30,false,true,"{""*"": 6, ""BTAL"": 6, ""DBMF"": 2.5, ""KMLM"": 6, ""QQQ"": 1, ""SPY"": 0.7, ""TQQQ"": 1.5}",0.03000000,tests/data/2026-08-20-net15,,0.25000000,0.80000000,QQQ<SMA200,0.01493152,0.19967040,0.01493223,0.19967040,316657.29484871,75500.00000000,241157.29484871,3.19413636,0.23868511,0.21594959,0.90602154,0.28020739,1.24466357,0.74760793,-0.31926509,570,2013,0.80561920,2022,-0.25694128,2594743.50637795,389.21152596,0.83035555,0.00515512,,,,,0.55188170,0.08457196
VT TQQQ/cash t30 w0-50 QQQ:VOL_EWMA80,fit,fit,2012-01-03,2022-12-30,false,true,"{""*"": 6, ""BTAL"": 6, ""DBMF"": 2.5, ""KMLM"": 6, ""QQQ"": 1, ""SPY"": 0.7, ""TQQQ"": 1.5}",0.03000000,tests/data/2026-08-20-net15,,0.30000000,0.50000000,,0.00002044,0.00009045,0.00002261,0.00009458,270682.38772208,75500.00000000,195182.38772208,2.58519719,0.21675126,0.19299252,0.94138937,0.23921509,1.30007793,0.54341175,-0.39887114,,2013,0.59482947,2022,-0.36062316,1019872.36373651,152.98085456,0.33476689,0.00202624,,,,,0.45863469,0.14915273
VT TQQQ/cash t30 w0-50 QQQ:VOL_EWMA80 gate QQQ<SMA200,fit,fit,2012-01-03,2022-12-30,false,true,"{""*"": 6, ""BTAL"": 6, ""DBMF"": 2.5, ""KMLM"": 6, ""QQQ"": 1, ""SPY"": 0.7, ""TQQQ"": 1.5}",0.03000000,tests/data/2026-08-20-net15,,0.30000000,0.50000000,QQQ<SMA200,0.01689238,0.23564431,0.01689425,0.23564431,284952.89583312,75500.00000000,209452.89583312,2.77421054,0.21998166,0.20051456,0.99025965,0.22727786,1.36302528,0.70430607,-0.31233816,,2013,0.59269605,2022,-0.28523813,725337.07022684,108.80056053,0.25015226,0.00144107,,,,,0.44176305,0.10544652
VT TQQQ/cash t30 w0-60 QQQ:VOL_EWMA80,fit,fit,2012-01-03,2022-12-30,false,true,"{""*"": 6, ""BTAL"": 6, ""DBMF"": 2.5, ""KMLM"": 6, ""QQQ"": 1, ""SPY"": 0.7, ""TQQQ"": 1.5}",0.03000000,tests/data/2026-08-20-net15,,0.30000000,0.60000000,,0.00002039,0.00006789,0.00002219,0.00007091,311832.60377515,75500.00000000,236332.60377515,3.13023316,0.23961261,0.21370379,0.93021297,0.27092925,1.28082496,0.56863025,-0.42138562,,2013,0.72595750,2022,-0.37959886,1593626.30584596,239.04394588,0.45719365,0.00316614,,,,,0.52666218,0.14914351
VT TQQQ/cash t30 w0-60 QQQ:VOL_EWMA80 gate QQQ<SMA200,fit,fit,2012-01-03,2022-12-30,false,true,"{""*"": 6, ""BTAL"": 6, ""DBMF"": 2.5, ""KMLM"": 6, ""QQQ"": 1, ""SPY"": 0.7, ""TQQQ"": 1.5}",0.03000000,tests/data/2026-08-20-net15,,0.30000000,0.60000000,QQQ<SMA200,0.01704632,0.23545211,0.01704843,0.23545211,325956.49445911,75500.00000000,250456.49445911,3.31730456,0.24219061,0.22018299,0.96532495,0.26030602,1.32504675,0.71601977,-0.33824570,,2013,0.72596613,2022,-0.30660010,1228070.95735259,184.21064360,0.37248397,0.00243988,,,,,0.50963594,0.10563872
VT TQQQ/cash t30 w0-70 QQQ:VOL_EWMA80,fit,fit,2012-01-03,2022-12-30,false,true,"{""*"": 6, ""BTAL"": 6, ""DBMF"": 2.5, ""KMLM"": 6, ""QQQ"": 1, ""SPY"": 0.7, ""TQQQ"": 1.5}",0.03000000,tests/data/2026-08-20-net15,,0.30000000,0.70000000,,0.00001753,0.00004855,0.00001986,0.00005750,344054.74049693,75500.00000000,268554.74049693,3.55701643,0.25529842,0.22808624,0.91669595,0.29673939,1.26246134,0.59670001,-0.42785054,,2013,0.86144109,2022,-0.38166821,2335888.18355560,350.38322753,0.61937701,0.00464084,,,,,0.58260848,0.14916055
VT TQQQ/cash t30 w0-70 QQQ:VOL_EWMA80 gate QQQ<SMA200,fit,fit,2012-01-03,2022-12-30,false,true,"{""*"": 6, ""BTAL"": 6, ""DBMF"": 2.5, ""KMLM"": 6, ""QQQ"": 1, ""SPY"": 0.7, ""TQQQ"": 1.5}",0.03000000,tests/data/2026-08-20-net15,,0.30000000,0.70000000,QQQ<SMA200,0.01714338,0.23530316,0.01714446,0.23530316,359278.40097919,75500.00000000,283778.40097919,3.75865432,0.25787229,0.23441912,0.94514348,0.28695651,1.29826746,0.74586950,-0.34573378,,2013,0.86144784,2022,-0.30900829,1896795.69093909,284.51935364,0.53201856,0.00376847,,,,,0.56548389,0.10578767
VT TQQQ/cash t30 w0-80 QQQ:VOL_EWMA80,fit,fit,2012-01-03,2022-12-30,false,true,"{""*"": 6, ""BTAL"": 6, ""DBMF"": 2.5, ""KMLM"": 6, ""QQQ"": 1, ""SPY"": 0.7, ""TQQQ"": 1.5}",0.03000000,tests/data/2026-08-20-net15,,0.30000000,0.80000000,,0.00001682,0.00004465,0.00001906,0.00006048,353963.62677881,75500.00000000,278463.62677881,3.68825996,0.26073209,0.23223915,0.88817570,0.31892603,1.22206719,0.60317245,-0.43226790,,2013,0.92612966,2022,-0.38166598,3156788.61291882,473.51829194,0.81612436,0.00627177,,,,,0.62669766,0.14916096
VT TQQQ/cash t30 w0-80 QQQ:VOL_EWMA80 gate QQQ<SMA200,fit,fit,2012-01-03,2022-12-30,false,true,"{""*"": 6, ""BTAL"": 6, ""DBMF"": 2.5, ""KMLM"": 6, ""QQQ"": 1, ""SPY"": 0.7, ""TQQQ"": 1.5}",0.03000000,tests/data/2026-08-20-net15,,0.30000000,0.80000000,QQQ<SMA200,0.01755474,0.23527796,0.01755623,0.23527796,369752.71897001,75500.00000000,294252.71897001,3.89738701,0.26329342,0.23862293,0.91212005,0.30955078,1.25212101,0.75055296,-0.35079926,,2013,0.92611815,2022,-0.30901720,2661402.85437818,399.21042816,0.72761584,0.00528756,,,,,0.60916048,0.10581287
VT TQQQ/cash t35 w0-50 QQQ:VOL_EWMA80,fit,fit,2012-01-03,2022-12-30,false,true,"{""*"": 6, ""BTAL"": 6, ""DBMF"": 2.5, ""KMLM"": 6, ""QQQ"": 1, ""SPY"": 0.7, ""TQQQ"": 1.5}",0.03000000,tests/data/2026-08-20-net15,,0.35000000,0.50000000,,0.00001833,0.00008321,0.00002036,0.00008722,268406.15397993,75500.00000000,192906.15397993,2.55504840,0.21659093,0.19175570,0.90720937,0.25139214,1.25369812,0.49515049,-0.43742444,,2013,0.59483301,2022,-0.40009592,919345.47571860,137.90182136,0.29335988,0.00182651,,,,,0.47129509,0.17401925
VT TQQQ/cash t35 w0-50 QQQ:VOL_EWMA80 gate QQQ<SMA200,fit,fit,2012-01-03,2022-12-30,false,true,"{""*"": 6, ""BTAL"": 6, ""DBMF"": 2.5, ""KMLM"": 6, ""QQQ"": 1, ""SPY"": 0.7, ""TQQQ"": 1.5}",0.03000000,tests/data/2026-08-20-net15,,0.35000000,0.50000000,QQQ<SMA200,0.01853653,0.26969693,0.01853833,0.26969693,289791.94134158,75500.00000000,214291.94134158,2.83830386,0.22280277,0.20297908,0.97079461,0.23641226,1.33761411,0.65130029,-0.34208917,,2013,0.59268605,2022,-0.31566262,588428.27329014,88.26424099,0.19612502,0.00116906,,,,,0.45277712,0.12824237
VT TQQQ/cash t35 w0-60 QQQ:VOL_EWMA80,fit,fit,2012-01-03,2022-12-30,false,true,"{""*"": 6, ""BTAL"": 6, ""DBMF"": 2.5, ""KMLM"": 6, ""QQQ"": 1, ""SPY"": 0.7, ""TQQQ"": 1.5}",0.03000000,tests/data/2026-08-20-net15,,0.35000000,0.60000000,,0.00001631,0.00006588,0.00001786,0.00007067,332286.29328821,75500.00000000,256786.29328821,3.40114296,0.24966325,0.22299595,0.92576459,0.28531323,1.27813822,0.54482736,-0.45824287,,2013,0.73421182,2022,-0.41790627,1504221.49303219,225.63322395,0.39951120,0.00298852,,,,,0.54730135,0.17402873
VT TQQQ/cash t35 w0-60 QQQ:VOL_EWMA80 gate QQQ<SMA200,fit,fit,2012-01-03,2022-12-30,false,true,"{""*"": 6, ""BTAL"": 6, ""DBMF"": 2.5, ""KMLM"": 6, ""QQQ"": 1, ""SPY"": 0.7, ""TQQQ"": 1.5}",0.03000000,tests/data/2026-08-20-net15,,0.35000000,0.60000000,QQQ<SMA200,0.01928562,0.26936884,0.01928680,0.26936884,352743.36604206,75500.00000000,277243.36604206,3.67209756,0.25389880,0.23173403,0.97032879,0.27182883,1.33521169,0.69252808,-0.36662600,,2013,0.73161182,2022,-0.33617501,1064108.34866330,159.61625230,0.29977036,0.00211412,,,,,0.52803241,0.12857046
VT TQQQ/cash t35 w0-70 QQQ:VOL_EWMA80,fit,fit,2012-01-03,2022-12-30,false,true,"{""*"": 6, ""BTAL"": 6, ""DBMF"": 2.5, ""KMLM"": 6, ""QQQ"": 1, ""SPY"": 0.7, ""TQQQ"": 1.5}",0.03000000,tests/data/2026-08-20-net15,,0.35000000,0.70000000,,0.00001493,0.00005253,0.00001575,0.00005428,377633.51598399,75500.00000000,302133.51598399,4.00176842,0.27038622,0.24170848,0.91547573,0.31712723,1.26095843,0.56452237,-0.47896458,,2013,0.87320180,2022,-0.43573014,2294088.05157587,344.11320774,0.53685383,0.00455779,,,,,0.61444935,0.17402470
VT TQQQ/cash t35 w0-70 QQQ:VOL_EWMA80 gate QQQ<SMA200,fit,fit,2012-01-03,2022-12-30,false,true,"{""*"": 6, ""BTAL"": 6, ""DBMF"": 2.5, ""KMLM"": 6, ""QQQ"": 1, ""SPY"": 0.7, ""TQQQ"": 1.5}",0.03000000,tests/data/2026-08-20-net15,,0.35000000,0.70000000,QQQ<SMA200,0.01930800,0.26918425,0.01930855,0.26918425,398809.70717746,75500.00000000,323309.70717746,4.28224778,0.27425307,0.24969314,0.94954699,0.30496970,1.30396482,0.70148272,-0.39096198,,2013,0.87320705,2022,-0.35660554,1751683.72740590,262.75255911,0.43678144,0.00348017,,,,,0.59515655,0.12875505
VT TQQQ/cash t35 w0-80 QQQ:VOL_EWMA80,fit,fit,2012-01-03,2022-12-30,false,true,"{""*"": 6, ""BTAL"": 6, ""DBMF"": 2.5, ""KMLM"": 6, ""QQQ"": 1, ""SPY"": 0.7, ""TQQQ"": 1.5}",0.03000000,tests/data/2026-08-20-net15,,0.35000000,0.80000000,,0.00001576,0.00004685,0.00001662,0.00004752,416743.88793836,75500.00000000,341243.88793836,4.51978660,0.28593435,0.25613346,0.90620980,0.34357707,1.24874346,0.58948793,-0.48505547,,2013,1.01806118,2022,-0.43798137,3276902.66717589,491.53540008,0.70793634,0.00651040,,,,,0.67121696,0.17402632
VT TQQQ/cash t35 w0-80 QQQ:VOL_EWMA80 gate QQQ<SMA200,fit,fit,2012-01-03,2022-12-30,false,true,"{""*"": 6, ""BTAL"": 6, ""DBMF"": 2.5, ""KMLM"": 6, ""QQQ"": 1, ""SPY"": 0.7, ""TQQQ"": 1.5}",0.03000000,tests/data/2026-08-20-net15,,0.35000000,0.80000000,QQQ<SMA200,0.01926034,0.26907404,0.01926127,0.26907404,439926.47707972,75500.00000000,364426.47707972,4.82684076,0.28991067,0.26406420,0.93468475,0.33236113,1.28474822,0.72818883,-0.39812567,,2013,1.01805968,2022,-0.35921757,2627108.58874997,394.06628831,0.60476976,0.00521942,,,,,0.65197231,0.12886526
VT TQQQ/cash t40 w0-50 QQQ:VOL_EWMA80,fit,fit,2012-01-03,2022-12-30,false,true,"{""*"": 6, ""BTAL"": 6, ""DBMF"": 2.5, ""KMLM"": 6, ""QQQ"": 1, ""SPY"": 0.7, ""TQQQ"": 1.5}",0.03000000,tests/data/2026-08-20-net15,,0.40000000,0.50000000,,0.00001930,0.00007508,0.00002079,0.00007597,263254.76396788,75500.00000000,187754.76396788,2.48681807,0.21496844,0.18891690,0.87363763,0.26294442,1.20782039,0.46091258,-0.46639742,,2013,0.59482782,2022,-0.42925674,839962.45688229,125.99436853,0.26380146,0.00166880,,,,,0.48160471,0.19886001
VT TQQQ/cash t40 w0-50 QQQ:VOL_EWMA80 gate QQQ<SMA200,fit,fit,2012-01-03,2022-12-30,false,true,"{""*"": 6, ""BTAL"": 6, ""DBMF"": 2.5, ""KMLM"": 6, ""QQQ"": 1, ""SPY"": 0.7, ""TQQQ"": 1.5}",0.03000000,tests/data/2026-08-20-net15,,0.40000000,0.50000000,QQQ<SMA200,0.01940038,0.30178858,0.01940176,0.30178858,288531.35334927,75500.00000000,213031.35334927,2.82160733,0.22312699,0.20234109,0.94545852,0.24531378,1.30293102,0.59939766,-0.37225202,,2013,0.59268842,2022,-0.34605325,492292.85255370,73.84392788,0.16015826,0.00097807,,,,,0.46222374,0.15299919
VT TQQQ/cash t40 w0-60 QQQ:VOL_EWMA80,fit,fit,2012-01-03,2022-12-30,false,true,"{""*"": 6, ""BTAL"": 6, ""DBMF"": 2.5, ""KMLM"": 6, ""QQQ"": 1, ""SPY"": 0.7, ""TQQQ"": 1.5}",0.03000000,tests/data/2026-08-20-net15,,0.40000000,0.60000000,,0.00001573,0.00005363,0.00001741,0.00005705,330373.66721005,75500.00000000,254873.66721005,3.37581016,0.24985351,0.22215167,0.89979416,0.29778110,1.24346307,0.50589662,-0.49388255,,2013,0.73420103,2022,-0.45510151,1362005.95642095,204.30089346,0.35068277,0.00270597,,,,,0.56082190,0.19889072
VT TQQQ/cash t40 w0-60 QQQ:VOL_EWMA80 gate QQQ<SMA200,fit,fit,2012-01-03,2022-12-30,false,true,"{""*"": 6, ""BTAL"": 6, ""DBMF"": 2.5, ""KMLM"": 6, ""QQQ"": 1, ""SPY"": 0.7, ""TQQQ"": 1.5}",0.03000000,tests/data/2026-08-20-net15,,0.40000000,0.60000000,QQQ<SMA200,0.02078456,0.30134350,0.02078594,0.30134350,360131.76284344,75500.00000000,284631.76284344,3.76995712,0.25729035,0.23476614,0.95638448,0.28141041,1.31772537,0.65114610,-0.39513459,,2013,0.73163072,2022,-0.36573138,883137.24193286,132.47058629,0.23956879,0.00175458,,,,,0.54005336,0.15344427
VT TQQQ/cash t40 w0-70 QQQ:VOL_EWMA80,fit,fit,2012-01-03,2022-12-30,false,false,"{""*"": 6, ""BTAL"": 6, ""DBMF"": 2.5, ""KMLM"": 6, ""QQQ"": 1, ""SPY"": 0.7, ""TQQQ"": 1.5}",0.03000000,tests/data/2026-08-20-net15,,0.40000000,0.70000000,,0.00001387,0.00005021,0.00001435,0.00003955,403356.21078016,75500.00000000,327856.21078016,4.34246637,0.28070321,0.25135254,0.91383214,0.33181331,1.26173474,0.54700232,-0.51316640,,2013,0.88357480,2022,-0.47177183,2148185.23017969,322.22778453,0.46295045,0.00426792,,,,,0.63583904,0.19888095
VT TQQQ/cash t40 w0-70 QQQ:VOL_EWMA80 gate QQQ<SMA200,fit,fit,2012-01-03,2022-12-30,false,true,"{""*"": 6, ""BTAL"": 6, ""DBMF"": 2.5, ""KMLM"": 6, ""QQQ"": 1, ""SPY"": 0.7, ""TQQQ"": 1.5}",0.03000000,tests/data/2026-08-20-net15,,0.40000000,0.70000000,QQQ<SMA200,0.02149288,0.30105163,0.02149356,0.30105163,432344.61239618,75500.00000000,356844.61239618,4.72641871,0.28621018,0.26151679,0.95522465,0.31685100,1.31455762,0.68414966,-0.41834440,,2013,0.88056676,2022,-0.38529880,1511139.74091001,226.67096114,0.34843344,0.00300226,,,,,0.61435983,0.15373614
VT TQQQ/cash t40 w0-80 QQQ:VOL_EWMA80,fit,fit,2012-01-03,2022-12-30,false,false,"{""*"": 6, ""BTAL"": 6, ""DBMF"": 2.5, ""KMLM"": 6, ""QQQ"": 1, ""SPY"": 0.7, ""TQQQ"": 1.5}",0.03000000,tests/data/2026-08-20-net15,,0.40000000,0.80000000,,0.00001483,0.00005021,0.00001514,0.00004156,452814.04042785,75500.00000000,377314.04042785,4.99753696,0.29953801,0.26829658,0.90477531,0.36378442,1.24696066,0.56284177,-0.53218866,,2013,1.03072930,2022,-0.48845387,3238937.86707205,485.84068006,0.61984967,0.00643498,,,,,0.70223068,0.19888662
VT TQQQ/cash t40 w0-80 QQQ:VOL_EWMA80 gate QQQ<SMA200,fit,fit,2012-01-03,2022-12-30,false,true,"{""*"": 6, ""BTAL"": 6, ""DBMF"": 2.5, ""KMLM"": 6, ""QQQ"": 1, ""SPY"": 0.7, ""TQQQ"": 1.5}",0.03000000,tests/data/2026-08-20-net15,,0.40000000,0.80000000,QQQ<SMA200,0.02138396,0.30090136,0.02138383,0.30090136,483795.42350954,75500.00000000,408295.42350954,5.40788640,0.30495562,0.27800486,0.93795397,0.35017727,1.28895760,0.69128260,-0.44114465,,2013,1.03073059,2022,-0.40478036,2457427.82932293,368.61417440,0.50458970,0.00488231,,,,,0.68086200,0.15388641
50/50,fit,fit,2012-01-03,2022-12-30,true,true,"{""*"": 6, ""BTAL"": 6, ""DBMF"": 2.5, ""KMLM"": 6, ""QQQ"": 1, ""SPY"": 0.7, ""TQQQ"": 1.5}",0.03000000,tests/data/2026-08-20-net15,,,,,0.00020170,0.00173099,0.00019617,0.00191068,260662.61157189,75500.00000000,185162.61157189,2.45248492,0.20814374,0.18746705,0.83786057,0.26954829,1.17041089,0.46451980,-0.44808367,,2019,0.61007710,2022,-0.42567552,1513920.94378903,571.39654547,0.48358257,0.00756817,0.49981029,0.49808932,,,0.49997325,0.49991074
TQQQ50/BTAL50 gate QQQ<SMA200,fit,fit,2012-01-03,2022-12-30,true,true,"{""*"": 6, ""BTAL"": 6, ""DBMF"": 2.5, ""KMLM"": 6, ""QQQ"": 1, ""SPY"": 0.7, ""TQQQ"": 1.5}",0.03000000,tests/data/2026-08-20-net15,,,,,0.02770073,0.33400397,0.02769542,0.33400453,285398.87829334,75500.00000000,209898.87829334,2.78011759,0.21616778,0.20074346,0.92693077,0.24361259,1.29047523,0.57289860,-0.37732293,138,2019,0.51184467,2022,-0.29178920,848427.42592301,324.67668338,0.29079608,0.00430035,0.52733038,0.49808932,,,0.47245948,0.16599547
SPY benchmark,fit,fit,2012-01-03,2022-12-30,true,true,"{""*"": 6, ""BTAL"": 6, ""DBMF"": 2.5, ""KMLM"": 6, ""QQQ"": 1, ""SPY"": 0.7, ""TQQQ"": 1.5}",0.03000000,tests/data/2026-08-20-net15,,,,,0.00181713,0.00887397,0.00181778,0.00887535,155037.99589010,75500.00000000,79537.99589010,1.05348339,0.12272174,0.11077065,0.76728635,0.16992121,1.07071696,0.36376365,-0.33736669,173,2013,0.31819168,2022,-0.18365528,75481.94120423,5.28373588,0.04442562,0.00006998,,,0.99818222,0.99112465,,
VT TQQQ/BTAL t25 w0-50 QQQ:VOL_EWMA80,test,test,2023-01-03,2026-08-20,false,true,"{""*"": 6, ""BTAL"": 6, ""DBMF"": 2.5, ""KMLM"": 6, ""QQQ"": 1, ""SPY"": 0.7, ""TQQQ"": 1.5}",0.03000000,tests/data/2026-08-20-net15,BTAL,0.25000000,0.50000000,,0.00088310,0.00194577,0.00070237,0.00174514,50413.13647927,31500.00000000,18913.13647927,0.60041703,0.24876842,0.20551580,1.26967863,0.19010201,1.82931964,1.27327996,-0.19537606,215,2023,0.51151084,2026,0.04843175,212430.19262302,81.82230374,0.93090500,0.00259753,0.56097840,0.49919081,,,0.43810707,0.26758589
VT TQQQ/BTAL t25 w0-50 QQQ:VOL_EWMA80 gate QQQ<SMA200,test,test,2023-01-03,2026-08-20,false,true,"{""*"": 6, ""BTAL"": 6, ""DBMF"": 2.5, ""KMLM"": 6, ""QQQ"": 1, ""SPY"": 0.7, ""TQQQ"": 1.5}",0.03000000,tests/data/2026-08-20-net15,BTAL,0.25000000,0.50000000,QQQ<SMA200,0.01163813,0.37264447,0.01138033,0.37294392,46899.67734178,31500.00000000,15399.67734178,0.48887865,0.19314438,0.17276823,1.05289256,0.18479134,1.49996231,0.98824370,-0.19544206,215,2024,0.31425136,2026,0.04780521,192175.69028303,75.92282856,0.92078312,0.00241025,0.57161194,0.49915039,,,0.42735498,0.00000000
VT TQQQ/BTAL t25 w0-60 QQQ:VOL_EWMA80,test,test,2023-01-03,2026-08-20,false,true,"{""*"": 6, ""BTAL"": 6, ""DBMF"": 2.5, ""KMLM"": 6, ""QQQ"": 1, ""SPY"": 0.7, ""TQQQ"": 1.5}",0.03000000,tests/data/2026-08-20-net15,BTAL,0.25000000,0.60000000,,0.00081967,0.00194577,0.00065535,0.00174514,52142.66520455,31500.00000000,20642.66520455,0.65532270,0.26067653,0.22096649,1.19364455,0.21435975,1.68672899,1.27425160,-0.20457226,,2023,0.52072199,2026,0.04448807,299447.29773903,113.55488417,1.30023753,0.00360492,0.52468580,0.39939306,,,0.47445154,0.26697684
VT TQQQ/BTAL t25 w0-60 QQQ:VOL_EWMA80 gate QQQ<SMA200,test,test,2023-01-03,2026-08-20,false,true,"{""*"": 6, ""BTAL"": 6, ""DBMF"": 2.5, ""KMLM"": 6, ""QQQ"": 1, ""SPY"": 0.7, ""TQQQ"": 1.5}",0.03000000,tests/data/2026-08-20-net15,BTAL,0.25000000,0.60000000,QQQ<SMA200,0.01158481,0.37264447,0.01137879,0.37294392,48555.73709396,31500.00000000,17055.73709396,0.54145197,0.20494402,0.18844128,0.99872996,0.20968672,1.39843804,1.00269524,-0.20439313,,2023,0.29551477,2026,0.04439693,271581.28613376,104.80593999,1.28831252,0.00332717,0.53536395,0.39937729,,,0.46365422,0.00000000
VT TQQQ/BTAL t25 w0-70 QQQ:VOL_EWMA80,test,test,2023-01-03,2026-08-20,false,true,"{""*"": 6, ""BTAL"": 6, ""DBMF"": 2.5, ""KMLM"": 6, ""QQQ"": 1, ""SPY"": 0.7, ""TQQQ"": 1.5}",0.03000000,tests/data/2026-08-20-net15,BTAL,0.25000000,0.70000000,,0.00093593,0.00194577,0.00072724,0.00174514,54057.02066021,31500.00000000,22557.02066021,0.71609589,0.27551608,0.23759688,1.17252384,0.23157048,1.64460288,1.27847982,-0.21550288,432,2023,0.55984183,2026,0.04813231,389784.99111996,147.08404569,1.66462908,0.00466933,0.50049676,0.29934727,,,0.49851371,0.26765626
VT TQQQ/BTAL t25 w0-70 QQQ:VOL_EWMA80 gate QQQ<SMA200,test,test,2023-01-03,2026-08-20,false,true,"{""*"": 6, ""BTAL"": 6, ""DBMF"": 2.5, ""KMLM"": 6, ""QQQ"": 1, ""SPY"": 0.7, ""TQQQ"": 1.5}",0.03000000,tests/data/2026-08-20-net15,BTAL,0.25000000,0.70000000,QQQ<SMA200,0.01160824,0.37264447,0.01140003,0.37294392,50273.97011154,31500.00000000,18773.97011154,0.59599905,0.21878646,0.20425417,0.98905510,0.22728374,1.37626887,1.06882136,-0.20469881,,2023,0.32859851,2026,0.04756961,354321.38652223,135.48036561,1.65391014,0.00430096,0.51118206,0.29932877,,,0.48777941,0.00000000
VT TQQQ/BTAL t25 w0-80 QQQ:VOL_EWMA80,test,test,2023-01-03,2026-08-20,false,true,"{""*"": 6, ""BTAL"": 6, ""DBMF"": 2.5, ""KMLM"": 6, ""QQQ"": 1, ""SPY"": 0.7, ""TQQQ"": 1.5}",0.03000000,tests/data/2026-08-20-net15,BTAL,0.25000000,0.80000000,,0.00085334,0.00194577,0.00068990,0.00174514,55285.45209137,31500.00000000,23785.45209137,0.75509372,0.28512574,0.24802216,1.15314581,0.24475949,1.61446148,1.26735141,-0.22497765,435,2023,0.59896689,2026,0.04912724,463156.84760076,174.54882517,1.95589367,0.00554123,0.48543579,0.19963696,,,0.51364884,0.26705862
VT TQQQ/BTAL t25 w0-80 QQQ:VOL_EWMA80 gate QQQ<SMA200,test,test,2023-01-03,2026-08-20,false,true,"{""*"": 6, ""BTAL"": 6, ""DBMF"": 2.5, ""KMLM"": 6, ""QQQ"": 1, ""SPY"": 0.7, ""TQQQ"": 1.5}",0.03000000,tests/data/2026-08-20-net15,BTAL,0.25000000,0.80000000,QQQ<SMA200,0.01154492,0.37264447,0.01134158,0.37294392,51464.77232397,31500.00000000,19964.77232397,0.63380230,0.22849069,0.21496025,0.98018817,0.24071292,1.36274766,1.10536096,-0.20671138,,2023,0.36204536,2026,0.04929939,421175.59235423,160.51980964,1.94306618,0.00509587,0.49606586,0.19929619,,,0.50295832,0.00000000
VT TQQQ/BTAL t30 w0-50 QQQ:VOL_EWMA80,test,test,2023-01-03,2026-08-20,false,true,"{""*"": 6, ""BTAL"": 6, ""DBMF"": 2.5, ""KMLM"": 6, ""QQQ"": 1, ""SPY"": 0.7, ""TQQQ"": 1.5}",0.03000000,tests/data/2026-08-20-net15,BTAL,0.30000000,0.50000000,,0.00083920,0.00155073,0.00061586,0.00111905,54783.94448828,31500.00000000,23283.94448828,0.73917284,0.29569899,0.24378860,1.34858397,0.20931244,1.97846227,1.31845032,-0.22427769,277,2023,0.65580092,2025,0.06395531,173295.35328840,66.68530110,0.70451917,0.00211699,0.52893790,0.49914533,,,0.47019765,0.32057656
VT TQQQ/BTAL t30 w0-50 QQQ:VOL_EWMA80 gate QQQ<SMA200,test,test,2023-01-03,2026-08-20,false,true,"{""*"": 6, ""BTAL"": 6, ""DBMF"": 2.5, ""KMLM"": 6, ""QQQ"": 1, ""SPY"": 0.7, ""TQQQ"": 1.5}",0.03000000,tests/data/2026-08-20-net15,BTAL,0.30000000,0.50000000,QQQ<SMA200,0.01329990,0.44723326,0.01309443,0.44753271,50270.14294849,31500.00000000,18770.14294849,0.59587755,0.22898072,0.20421943,1.13397370,0.20046368,1.64241249,1.15458622,-0.19832275,280,2023,0.36994250,2025,0.06129148,152525.80625799,60.89579293,0.69001226,0.00193320,0.54135760,0.49906482,,,0.45771490,0.00000000
VT TQQQ/BTAL t30 w0-60 QQQ:VOL_EWMA80,test,test,2023-01-03,2026-08-20,false,true,"{""*"": 6, ""BTAL"": 6, ""DBMF"": 2.5, ""KMLM"": 6, ""QQQ"": 1, ""SPY"": 0.7, ""TQQQ"": 1.5}",0.03000000,tests/data/2026-08-20-net15,BTAL,0.30000000,0.60000000,,0.00074793,0.00202137,0.00055852,0.00120968,59052.37527687,31500.00000000,27552.37527687,0.87467858,0.32665833,0.27887985,1.28604213,0.24414360,1.85031275,1.33569727,-0.24456016,240,2023,0.67964179,2026,0.08547701,273380.87830492,104.01612057,1.07822962,0.00330210,0.47330396,0.39933764,,,0.52591300,0.32079353
VT TQQQ/BTAL t30 w0-60 QQQ:VOL_EWMA80 gate QQQ<SMA200,test,test,2023-01-03,2026-08-20,false,true,"{""*"": 6, ""BTAL"": 6, ""DBMF"": 2.5, ""KMLM"": 6, ""QQQ"": 1, ""SPY"": 0.7, ""TQQQ"": 1.5}",0.03000000,tests/data/2026-08-20-net15,BTAL,0.30000000,0.60000000,QQQ<SMA200,0.01321262,0.44723326,0.01304420,0.44753271,54138.54207980,31500.00000000,22638.54207980,0.71868388,0.25834266,0.23829455,1.09443809,0.23668213,1.55898262,1.11851805,-0.23096870,209,2023,0.38916999,2026,0.08582200,243181.20386189,94.68170284,1.06743147,0.00300577,0.48569395,0.39912755,,,0.51350055,0.00000000
VT TQQQ/BTAL t30 w0-70 QQQ:VOL_EWMA80,test,test,2023-01-03,2026-08-20,false,true,"{""*"": 6, ""BTAL"": 6, ""DBMF"": 2.5, ""KMLM"": 6, ""QQQ"": 1, ""SPY"": 0.7, ""TQQQ"": 1.5}",0.03000000,tests/data/2026-08-20-net15,BTAL,0.30000000,0.70000000,,0.00075898,0.00202137,0.00057428,0.00120968,60986.87119353,31500.00000000,29486.87119353,0.93609115,0.33828054,0.29412265,1.21730588,0.27086091,1.72578407,1.30846838,-0.25853169,239,2023,0.68607677,2026,0.08122332,373095.68964331,140.82449815,1.45987860,0.00447062,0.43597401,0.29924348,,,0.56321947,0.32108777
VT TQQQ/BTAL t30 w0-70 QQQ:VOL_EWMA80 gate QQQ<SMA200,test,test,2023-01-03,2026-08-20,false,true,"{""*"": 6, ""BTAL"": 6, ""DBMF"": 2.5, ""KMLM"": 6, ""QQQ"": 1, ""SPY"": 0.7, ""TQQQ"": 1.5}",0.03000000,tests/data/2026-08-20-net15,BTAL,0.30000000,0.70000000,QQQ<SMA200,0.01332151,0.44723326,0.01315671,0.44753271,55912.71974094,31500.00000000,24412.71974094,0.77500698,0.26937249,0.25327445,1.04049919,0.26405618,1.46270470,1.11820619,-0.24089697,209,2023,0.39486355,2026,0.08169151,332410.69702831,127.53072711,1.44686544,0.00404859,0.44839576,0.29904170,,,0.55067740,0.00000000
VT TQQQ/BTAL t30 w0-80 QQQ:VOL_EWMA80,test,test,2023-01-03,2026-08-20,false,true,"{""*"": 6, ""BTAL"": 6, ""DBMF"": 2.5, ""KMLM"": 6, ""QQQ"": 1, ""SPY"": 0.7, ""TQQQ"": 1.5}",0.03000000,tests/data/2026-08-20-net15,BTAL,0.30000000,0.80000000,,0.00074329,0.00202137,0.00058244,0.00120968,63367.91038274,31500.00000000,31867.91038274,1.01167969,0.35424896,0.31236671,1.19802711,0.28963447,1.68707971,1.30138782,-0.27220860,239,2023,0.72367970,2026,0.08315734,480991.43437202,181.20750864,1.85117267,0.00575262,0.40869548,0.19946888,,,0.59050195,0.32048968
VT TQQQ/BTAL t30 w0-80 QQQ:VOL_EWMA80 gate QQQ<SMA200,test,test,2023-01-03,2026-08-20,false,true,"{""*"": 6, ""BTAL"": 6, ""DBMF"": 2.5, ""KMLM"": 6, ""QQQ"": 1, ""SPY"": 0.7, ""TQQQ"": 1.5}",0.03000000,tests/data/2026-08-20-net15,BTAL,0.30000000,0.80000000,QQQ<SMA200,0.01329713,0.44723326,0.01312268,0.44753271,58081.42108371,31500.00000000,26581.42108371,0.84385464,0.28456980,0.27107934,1.03092481,0.28330082,1.44085304,1.15072618,-0.24729585,239,2023,0.42591478,2026,0.08368170,429137.37338375,163.78977196,1.83719652,0.00519968,0.42110110,0.19941015,,,0.57798633,0.00000000
VT TQQQ/BTAL t35 w0-50 QQQ:VOL_EWMA80,test,test,2023-01-03,2026-08-20,false,true,"{""*"": 6, ""BTAL"": 6, ""DBMF"": 2.5, ""KMLM"": 6, ""QQQ"": 1, ""SPY"": 0.7, ""TQQQ"": 1.5}",0.03000000,tests/data/2026-08-20-net15,BTAL,0.35000000,0.50000000,,0.00077269,0.00146166,0.00059557,0.00111551,56781.68264789,31500.00000000,25281.68264789,0.80259310,0.31497782,0.26047348,1.34250655,0.22360679,1.98141280,1.20899700,-0.26052820,280,2023,0.71497293,2025,0.05727783,150818.05118063,57.64535707,0.59816554,0.00183001,0.51380031,0.49888449,,,0.48540520,0.37429563
VT TQQQ/BTAL t35 w0-50 QQQ:VOL_EWMA80 gate QQQ<SMA200,test,test,2023-01-03,2026-08-20,false,true,"{""*"": 6, ""BTAL"": 6, ""DBMF"": 2.5, ""KMLM"": 6, ""QQQ"": 1, ""SPY"": 0.7, ""TQQQ"": 1.5}",0.03000000,tests/data/2026-08-20-net15,BTAL,0.35000000,0.50000000,QQQ<SMA200,0.01449812,0.49970055,0.01431584,0.50000000,51650.25406758,31500.00000000,20150.25406758,0.63969061,0.24092166,0.21660992,1.13281639,0.21119148,1.64744935,1.03476626,-0.23282713,280,2023,0.39019154,2025,0.05675693,130666.69776922,52.39105420,0.58337481,0.00166321,0.52744456,0.49864576,,,0.47168106,0.00000000
VT TQQQ/BTAL t35 w0-60 QQQ:VOL_EWMA80,test,test,2023-01-03,2026-08-20,false,true,"{""*"": 6, ""BTAL"": 6, ""DBMF"": 2.5, ""KMLM"": 6, ""QQQ"": 1, ""SPY"": 0.7, ""TQQQ"": 1.5}",0.03000000,tests/data/2026-08-20-net15,BTAL,0.35000000,0.60000000,,0.00073608,0.00221431,0.00054422,0.00137050,64389.30881225,31500.00000000,32889.30881225,1.04410504,0.37684347,0.32002705,1.34165564,0.26597551,1.95783955,1.33466893,-0.28234977,273,2023,0.84487641,2026,0.10724098,221391.85664994,84.16553382,0.80692529,0.00267192,0.43952759,0.39900690,,,0.55970891,0.37462107
VT TQQQ/BTAL t35 w0-60 QQQ:VOL_EWMA80 gate QQQ<SMA200,test,test,2023-01-03,2026-08-20,false,true,"{""*"": 6, ""BTAL"": 6, ""DBMF"": 2.5, ""KMLM"": 6, ""QQQ"": 1, ""SPY"": 0.7, ""TQQQ"": 1.5}",0.03000000,tests/data/2026-08-20-net15,BTAL,0.35000000,0.60000000,QQQ<SMA200,0.01489454,0.52182204,0.01472573,0.52212149,58138.26126567,31500.00000000,26638.26126567,0.84565909,0.29658731,0.27153883,1.15050770,0.25526711,1.65992082,1.16006533,-0.25566432,273,2023,0.48377373,2026,0.10734984,191766.97437480,75.39982268,0.79182404,0.00239365,0.45368773,0.39898512,,,0.54551240,0.00000000
VT TQQQ/BTAL t35 w0-70 QQQ:VOL_EWMA80,test,test,2023-01-03,2026-08-20,false,true,"{""*"": 6, ""BTAL"": 6, ""DBMF"": 2.5, ""KMLM"": 6, ""QQQ"": 1, ""SPY"": 0.7, ""TQQQ"": 1.5}",0.03000000,tests/data/2026-08-20-net15,BTAL,0.35000000,0.70000000,,0.00073296,0.00221431,0.00056110,0.00137050,68950.38522921,31500.00000000,37450.38522921,1.18890112,0.40549519,0.35310836,1.28425706,0.30204868,1.84728240,1.34989321,-0.30039057,239,2023,0.85832542,2026,0.12117829,346002.50167264,130.70816829,1.22976244,0.00414947,0.38558717,0.29953901,,,0.61364076,0.37416222
VT TQQQ/BTAL t35 w0-70 QQQ:VOL_EWMA80 gate QQQ<SMA200,test,test,2023-01-03,2026-08-20,false,true,"{""*"": 6, ""BTAL"": 6, ""DBMF"": 2.5, ""KMLM"": 6, ""QQQ"": 1, ""SPY"": 0.7, ""TQQQ"": 1.5}",0.03000000,tests/data/2026-08-20-net15,BTAL,0.35000000,0.70000000,QQQ<SMA200,0.01501186,0.52182204,0.01482456,0.52212149,62161.99135073,31500.00000000,30661.99135073,0.97339655,0.32319458,0.30319580,1.10861040,0.29267016,1.57984518,1.17763993,-0.27444261,239,2023,0.49429122,2026,0.12084804,301592.09876983,116.41822552,1.21460530,0.00369582,0.39964577,0.29916060,,,0.59941684,0.00000000
VT TQQQ/BTAL t35 w0-80 QQQ:VOL_EWMA80,test,test,2023-01-03,2026-08-20,false,true,"{""*"": 6, ""BTAL"": 6, ""DBMF"": 2.5, ""KMLM"": 6, ""QQQ"": 1, ""SPY"": 0.7, ""TQQQ"": 1.5}",0.03000000,tests/data/2026-08-20-net15,BTAL,0.35000000,0.80000000,,0.00075818,0.00221431,0.00059039,0.00137050,71062.50813886,31500.00000000,39562.50813886,1.25595264,0.41658199,0.36784672,1.22566138,0.33034854,1.74305258,1.33056719,-0.31308602,239,2023,0.86200806,2026,0.11644442,465448.73872629,174.84945551,1.64352996,0.00555078,0.34747164,0.19953534,,,0.65171762,0.37445416
VT TQQQ/BTAL t35 w0-80 QQQ:VOL_EWMA80 gate QQQ<SMA200,test,test,2023-01-03,2026-08-20,false,true,"{""*"": 6, ""BTAL"": 6, ""DBMF"": 2.5, ""KMLM"": 6, ""QQQ"": 1, ""SPY"": 0.7, ""TQQQ"": 1.5}",0.03000000,tests/data/2026-08-20-net15,BTAL,0.35000000,0.80000000,QQQ<SMA200,0.01500396,0.52182204,0.01482106,0.52212149,64113.11687987,31500.00000000,32613.11687987,1.03533704,0.33387013,0.31796517,1.06149703,0.32184209,1.49745544,1.16166419,-0.28740676,239,2023,0.49734940,2026,0.11654775,407054.44421394,155.32459695,1.62736102,0.00493094,0.36152096,0.19911340,,,0.63755363,0.00000000
VT TQQQ/BTAL t40 w0-50 QQQ:VOL_EWMA80,test,test,2023-01-03,2026-08-20,false,true,"{""*"": 6, ""BTAL"": 6, ""DBMF"": 2.5, ""KMLM"": 6, ""QQQ"": 1, ""SPY"": 0.7, ""TQQQ"": 1.5}",0.03000000,tests/data/2026-08-20-net15,BTAL,0.40000000,0.50000000,,0.00078566,0.00137600,0.00061426,0.00110026,57952.57105007,31500.00000000,26452.57105007,0.83976416,0.32255784,0.27003640,1.33357527,0.23062210,1.97394032,1.17580517,-0.27432933,277,2023,0.71264375,2025,0.06337194,134704.40009793,51.87538779,0.53214975,0.00164684,0.50567232,0.49908357,,,0.49352218,0.42766105
VT TQQQ/BTAL t40 w0-50 QQQ:VOL_EWMA80 gate QQQ<SMA200,test,test,2023-01-03,2026-08-20,false,true,"{""*"": 6, ""BTAL"": 6, ""DBMF"": 2.5, ""KMLM"": 6, ""QQQ"": 1, ""SPY"": 0.7, ""TQQQ"": 1.5}",0.03000000,tests/data/2026-08-20-net15,BTAL,0.40000000,0.50000000,QQQ<SMA200,0.01497516,0.49970055,0.01473941,0.50000000,52405.43018627,31500.00000000,20905.43018627,0.66366445,0.24571692,0.22327782,1.12216911,0.21793229,1.63622132,0.98633982,-0.24911995,288,2023,0.38868618,2025,0.05495559,120851.11242666,48.76671360,0.53905445,0.00154815,0.51966675,0.49861568,,,0.47938502,0.00000000
VT TQQQ/BTAL t40 w0-60 QQQ:VOL_EWMA80,test,test,2023-01-03,2026-08-20,false,true,"{""*"": 6, ""BTAL"": 6, ""DBMF"": 2.5, ""KMLM"": 6, ""QQQ"": 1, ""SPY"": 0.7, ""TQQQ"": 1.5}",0.03000000,tests/data/2026-08-20-net15,BTAL,0.40000000,0.60000000,,0.00073830,0.00166530,0.00055697,0.00131706,67663.95210514,31500.00000000,36163.95210514,1.14806197,0.40563127,0.34395686,1.35262906,0.28251897,1.98968146,1.28136466,-0.31656193,273,2023,0.94324118,2025,0.11069867,194315.70969302,73.48758232,0.68034608,0.00233294,0.42109183,0.39885023,,,0.57814632,0.42795578
VT TQQQ/BTAL t40 w0-60 QQQ:VOL_EWMA80 gate QQQ<SMA200,test,test,2023-01-03,2026-08-20,false,true,"{""*"": 6, ""BTAL"": 6, ""DBMF"": 2.5, ""KMLM"": 6, ""QQQ"": 1, ""SPY"": 0.7, ""TQQQ"": 1.5}",0.03000000,tests/data/2026-08-20-net15,BTAL,0.40000000,0.60000000,QQQ<SMA200,0.01661258,0.59641083,0.01642089,0.59671028,60266.29303056,31500.00000000,28766.29303056,0.91321565,0.31426163,0.28849031,1.15749851,0.26845007,1.67945062,1.08479447,-0.28969694,273,2023,0.51992870,2025,0.11248799,164559.78524217,64.97307137,0.66389674,0.00206264,0.43684173,0.39862567,,,0.56228493,0.00000000
VT TQQQ/BTAL t40 w0-70 QQQ:VOL_EWMA80,test,test,2023-01-03,2026-08-20,false,true,"{""*"": 6, ""BTAL"": 6, ""DBMF"": 2.5, ""KMLM"": 6, ""QQQ"": 1, ""SPY"": 0.7, ""TQQQ"": 1.5}",0.03000000,tests/data/2026-08-20-net15,BTAL,0.40000000,0.70000000,,0.00069141,0.00184690,0.00051255,0.00134872,75148.52144715,31500.00000000,43648.52144715,1.38566735,0.45706648,0.39540977,1.32584419,0.32538800,1.92916614,1.35450676,-0.33744127,240,2023,1.03945967,2026,0.14217958,281291.42731656,106.12683854,0.92326032,0.00336911,0.35062857,0.29865128,,,0.64865006,0.42808836
VT TQQQ/BTAL t40 w0-70 QQQ:VOL_EWMA80 gate QQQ<SMA200,test,test,2023-01-03,2026-08-20,false,true,"{""*"": 6, ""BTAL"": 6, ""DBMF"": 2.5, ""KMLM"": 6, ""QQQ"": 1, ""SPY"": 0.7, ""TQQQ"": 1.5}",0.03000000,tests/data/2026-08-20-net15,BTAL,0.40000000,0.70000000,QQQ<SMA200,0.01661567,0.59641083,0.01642008,0.59671028,66693.77813744,31500.00000000,35193.77813744,1.11726280,0.36220417,0.33696416,1.14882621,0.31325845,1.65391591,1.16427076,-0.31109960,240,2023,0.59525417,2026,0.14233311,239788.98442737,93.19388115,0.90831389,0.00295854,0.36639833,0.29896925,,,0.63273250,0.00000000
VT TQQQ/BTAL t40 w0-80 QQQ:VOL_EWMA80,test,test,2023-01-03,2026-08-20,false,true,"{""*"": 6, ""BTAL"": 6, ""DBMF"": 2.5, ""KMLM"": 6, ""QQQ"": 1, ""SPY"": 0.7, ""TQQQ"": 1.5}",0.03000000,tests/data/2026-08-20-net15,BTAL,0.40000000,0.80000000,,0.00073047,0.00166530,0.00057747,0.00131706,80069.71426512,31500.00000000,48569.71426512,1.54189569,0.48426190,0.42709165,1.27789328,0.36216157,1.83913711,1.37163387,-0.35305479,235,2023,1.04781334,2026,0.15486043,429368.26574619,161.58710582,1.37844129,0.00512975,0.29783480,0.19931373,,,0.70139147,0.42842829
VT TQQQ/BTAL t40 w0-80 QQQ:VOL_EWMA80 gate QQQ<SMA200,test,test,2023-01-03,2026-08-20,false,true,"{""*"": 6, ""BTAL"": 6, ""DBMF"": 2.5, ""KMLM"": 6, ""QQQ"": 1, ""SPY"": 0.7, ""TQQQ"": 1.5}",0.03000000,tests/data/2026-08-20-net15,BTAL,0.40000000,0.80000000,QQQ<SMA200,0.01656128,0.59641083,0.01637513,0.59671028,71025.56511751,31500.00000000,39525.56511751,1.25477985,0.38759332,0.36759191,1.11356021,0.35135234,1.58842937,1.18359787,-0.32747044,235,2023,0.60160306,2026,0.15476105,368541.37187348,141.41084585,1.36490743,0.00448923,0.31360457,0.19915302,,,0.68555363,0.00000000
VT TQQQ/cash t25 w0-50 QQQ:VOL_EWMA80,test,test,2023-01-03,2026-08-20,false,true,"{""*"": 6, ""BTAL"": 6, ""DBMF"": 2.5, ""KMLM"": 6, ""QQQ"": 1, ""SPY"": 0.7, ""TQQQ"": 1.5}",0.03000000,tests/data/2026-08-20-net15,,0.25000000,0.50000000,,0.00044309,0.00100563,0.00044859,0.00101998,62090.80221459,31500.00000000,30590.80221459,0.97113658,0.33885090,0.30265003,1.30217237,0.24910803,1.87292585,1.30805707,-0.25904902,220,2023,0.67491539,2026,0.14077327,109447.58318118,16.41713748,0.43904768,0.00052118,,,,,0.43820618,0.26767455
VT TQQQ/cash t25 w0-50 QQQ:VOL_EWMA80 gate QQQ<SMA200,test,test,2023-01-03,2026-08-20,false,true,"{""*"": 6, ""BTAL"": 6, ""DBMF"": 2.5, ""KMLM"": 6, ""QQQ"": 1, ""SPY"": 0.7, ""TQQQ"": 1.5}",0.03000000,tests/data/2026-08-20-net15,,0.25000000,0.50000000,QQQ<SMA200,0.01077262,0.37294392,0.01077771,0.37294392,58759.53186275,31500.00000000,27259.53186275,0.86538196,0.29425134,0.27653799,1.19423651,0.24155552,1.70511960,1.22060825,-0.24106944,220,2023,0.48090454,2026,0.14062821,97653.15581814,14.64797337,0.41942514,0.00046502,,,,,0.42787706,0.00000000
VT TQQQ/cash t25 w0-60 QQQ:VOL_EWMA80,test,test,2023-01-03,2026-08-20,false,true,"{""*"": 6, ""BTAL"": 6, ""DBMF"": 2.5, ""KMLM"": 6, ""QQQ"": 1, ""SPY"": 0.7, ""TQQQ"": 1.5}",0.03000000,tests/data/2026-08-20-net15,,0.25000000,0.60000000,,0.00043869,0.00101735,0.00044638,0.00102689,63209.35012249,31500.00000000,31709.35012249,1.00664604,0.34599816,0.31116879,1.24268687,0.26968835,1.76711648,1.27614662,-0.27112728,224,2023,0.67946446,2026,0.12962658,159985.01452969,23.99775218,0.63621498,0.00076183,,,,,0.47450117,0.26775243
VT TQQQ/cash t25 w0-60 QQQ:VOL_EWMA80 gate QQQ<SMA200,test,test,2023-01-03,2026-08-20,false,true,"{""*"": 6, ""BTAL"": 6, ""DBMF"": 2.5, ""KMLM"": 6, ""QQQ"": 1, ""SPY"": 0.7, ""TQQQ"": 1.5}",0.03000000,tests/data/2026-08-20-net15,,0.25000000,0.60000000,QQQ<SMA200,0.01079694,0.37294392,0.01080409,0.37294392,59815.89606946,31500.00000000,28315.89606946,0.89891734,0.30111953,0.28494264,1.13895367,0.26268536,1.60888852,1.18982760,-0.25307828,224,2023,0.48436899,2026,0.12961803,145134.50821309,21.77017623,0.61800757,0.00069112,,,,,0.46414346,0.00000000
VT TQQQ/cash t25 w0-70 QQQ:VOL_EWMA80,test,test,2023-01-03,2026-08-20,false,true,"{""*"": 6, ""BTAL"": 6, ""DBMF"": 2.5, ""KMLM"": 6, ""QQQ"": 1, ""SPY"": 0.7, ""TQQQ"": 1.5}",0.03000000,tests/data/2026-08-20-net15,,0.25000000,0.70000000,,0.00054256,0.00098169,0.00055297,0.00098588,64835.41399317,31500.00000000,33335.41399317,1.05826711,0.35726851,0.32334269,1.22662862,0.28312503,1.73550677,1.27385765,-0.28046188,235,2023,0.70360069,2026,0.13248731,211180.83477091,31.67712522,0.82843748,0.00100562,,,,,0.49855191,0.26765091
VT TQQQ/cash t25 w0-70 QQQ:VOL_EWMA80 gate QQQ<SMA200,test,test,2023-01-03,2026-08-20,false,true,"{""*"": 6, ""BTAL"": 6, ""DBMF"": 2.5, ""KMLM"": 6, ""QQQ"": 1, ""SPY"": 0.7, ""TQQQ"": 1.5}",0.03000000,tests/data/2026-08-20-net15,,0.25000000,0.70000000,QQQ<SMA200,0.01071666,0.37294392,0.01072458,0.37294392,61323.31272110,31500.00000000,29823.31272110,0.94677183,0.31195952,0.29673437,1.12561977,0.27658337,1.58274217,1.18690957,-0.26283343,235,2023,0.50577758,2026,0.13184543,192771.86957734,28.91578044,0.80966057,0.00091796,,,,,0.48838029,0.00000000
VT TQQQ/cash t25 w0-80 QQQ:VOL_EWMA80,test,test,2023-01-03,2026-08-20,false,true,"{""*"": 6, ""BTAL"": 6, ""DBMF"": 2.5, ""KMLM"": 6, ""QQQ"": 1, ""SPY"": 0.7, ""TQQQ"": 1.5}",0.03000000,tests/data/2026-08-20-net15,,0.25000000,0.80000000,,0.00050082,0.00097202,0.00051237,0.00097212,65987.68059185,31500.00000000,34487.68059185,1.09484700,0.36552158,0.33182428,1.21635393,0.29286069,1.71841742,1.30344443,-0.28042744,235,2023,0.72773769,2026,0.13317004,250760.27999691,37.61404200,0.97301175,0.00119410,,,,,0.51366367,0.26777440
VT TQQQ/cash t25 w0-80 QQQ:VOL_EWMA80 gate QQQ<SMA200,test,test,2023-01-03,2026-08-20,false,true,"{""*"": 6, ""BTAL"": 6, ""DBMF"": 2.5, ""KMLM"": 6, ""QQQ"": 1, ""SPY"": 0.7, ""TQQQ"": 1.5}",0.03000000,tests/data/2026-08-20-net15,,0.25000000,0.80000000,QQQ<SMA200,0.01077462,0.37294392,0.01078632,0.37294392,62390.92937538,31500.00000000,30890.92937538,0.98066442,0.31989218,0.30494761,1.11764074,0.28651122,1.56982217,1.21748104,-0.26274921,235,2023,0.52695699,2026,0.13239588,229539.41258815,34.43091189,0.95372124,0.00109304,,,,,0.50338972,0.00000000
VT TQQQ/cash t30 w0-50 QQQ:VOL_EWMA80,test,test,2023-01-03,2026-08-20,false,true,"{""*"": 6, ""BTAL"": 6, ""DBMF"": 2.5, ""KMLM"": 6, ""QQQ"": 1, ""SPY"": 0.7, ""TQQQ"": 1.5}",0.03000000,tests/data/2026-08-20-net15,,0.30000000,0.50000000,,0.00044850,0.00108022,0.00045139,0.00109166,66714.58080147,31500.00000000,35214.58080147,1.11792320,0.38129538,0.33711494,1.34093992,0.26916092,1.95115857,1.31140353,-0.29075366,224,2023,0.80850694,2026,0.16107184,82186.73933391,12.32801090,0.30884685,0.00039137,,,,,0.47025586,0.32115349
VT TQQQ/cash t30 w0-50 QQQ:VOL_EWMA80 gate QQQ<SMA200,test,test,2023-01-03,2026-08-20,false,true,"{""*"": 6, ""BTAL"": 6, ""DBMF"": 2.5, ""KMLM"": 6, ""QQQ"": 1, ""SPY"": 0.7, ""TQQQ"": 1.5}",0.03000000,tests/data/2026-08-20-net15,,0.30000000,0.50000000,QQQ<SMA200,0.01242742,0.44753271,0.01243088,0.44753271,62410.97888807,31500.00000000,30910.97888807,0.98130092,0.32737056,0.30510079,1.22687407,0.25948060,1.76970836,1.20708011,-0.27120864,224,2023,0.56284987,2026,0.16065568,70242.23515686,10.53633527,0.28655750,0.00033449,,,,,0.45827637,0.00000000
VT TQQQ/cash t30 w0-60 QQQ:VOL_EWMA80,test,test,2023-01-03,2026-08-20,false,true,"{""*"": 6, ""BTAL"": 6, ""DBMF"": 2.5, ""KMLM"": 6, ""QQQ"": 1, ""SPY"": 0.7, ""TQQQ"": 1.5}",0.03000000,tests/data/2026-08-20-net15,,0.30000000,0.60000000,,0.00037124,0.00086988,0.00037620,0.00087470,69810.12622601,31500.00000000,38310.12622601,1.21619448,0.40246663,0.35914985,1.28578705,0.29933183,1.85062592,1.31872786,-0.30519309,224,2023,0.83051824,2026,0.15969974,142697.53248137,21.40462987,0.52243253,0.00067951,,,,,0.52600952,0.32099402
VT TQQQ/cash t30 w0-60 QQQ:VOL_EWMA80 gate QQQ<SMA200,test,test,2023-01-03,2026-08-20,false,true,"{""*"": 6, ""BTAL"": 6, ""DBMF"": 2.5, ""KMLM"": 6, ""QQQ"": 1, ""SPY"": 0.7, ""TQQQ"": 1.5}",0.03000000,tests/data/2026-08-20-net15,,0.30000000,0.60000000,QQQ<SMA200,0.01247461,0.44753271,0.01248072,0.44753271,65271.58506397,31500.00000000,33771.58506397,1.07211381,0.34772986,0.32656714,1.17789982,0.29058988,1.68276043,1.21668746,-0.28580048,221,2023,0.58166878,2026,0.15955991,126102.84177533,18.91542627,0.50137037,0.00060049,,,,,0.51390500,0.00000000
VT TQQQ/cash t30 w0-70 QQQ:VOL_EWMA80,test,test,2023-01-03,2026-08-20,false,true,"{""*"": 6, ""BTAL"": 6, ""DBMF"": 2.5, ""KMLM"": 6, ""QQQ"": 1, ""SPY"": 0.7, ""TQQQ"": 1.5}",0.03000000,tests/data/2026-08-20-net15,,0.30000000,0.70000000,,0.00042520,0.00095064,0.00043326,0.00095726,70956.37436037,31500.00000000,39456.37436037,1.25258331,0.40909628,0.36711439,1.23579009,0.32072223,1.76185937,1.29409470,-0.31612546,235,2023,0.83412069,2026,0.14717649,201770.04590248,30.26550689,0.73287304,0.00096081,,,,,0.56324124,0.32095040
VT TQQQ/cash t30 w0-70 QQQ:VOL_EWMA80 gate QQQ<SMA200,test,test,2023-01-03,2026-08-20,false,true,"{""*"": 6, ""BTAL"": 6, ""DBMF"": 2.5, ""KMLM"": 6, ""QQQ"": 1, ""SPY"": 0.7, ""TQQQ"": 1.5}",0.03000000,tests/data/2026-08-20-net15,,0.30000000,0.70000000,QQQ<SMA200,0.01254904,0.44753271,0.01255701,0.44753271,66328.15504038,31500.00000000,34828.15504038,1.10565572,0.35401824,0.33430807,1.13161418,0.31254507,1.60237801,1.19298016,-0.29675115,224,2023,0.58448893,2026,0.14691797,180200.80273546,27.03012041,0.71075444,0.00085810,,,,,0.55111749,0.00000000
VT TQQQ/cash t30 w0-80 QQQ:VOL_EWMA80,test,test,2023-01-03,2026-08-20,false,true,"{""*"": 6, ""BTAL"": 6, ""DBMF"": 2.5, ""KMLM"": 6, ""QQQ"": 1, ""SPY"": 0.7, ""TQQQ"": 1.5}",0.03000000,tests/data/2026-08-20-net15,,0.30000000,0.80000000,,0.00043422,0.00095064,0.00044403,0.00095726,72860.94125208,31500.00000000,41360.94125208,1.31304575,0.42094690,0.38012749,1.22190725,0.33521233,1.73347550,1.28838709,-0.32672394,235,2023,0.85711640,2026,0.14774565,259522.26864435,38.92834030,0.92982681,0.00123582,,,,,0.59053985,0.32081384
VT TQQQ/cash t30 w0-80 QQQ:VOL_EWMA80 gate QQQ<SMA200,test,test,2023-01-03,2026-08-20,false,true,"{""*"": 6, ""BTAL"": 6, ""DBMF"": 2.5, ""KMLM"": 6, ""QQQ"": 1, ""SPY"": 0.7, ""TQQQ"": 1.5}",0.03000000,tests/data/2026-08-20-net15,,0.30000000,0.80000000,QQQ<SMA200,0.01253261,0.44753271,0.01254336,0.44753271,68094.19907295,31500.00000000,36594.19907295,1.16172061,0.36542191,0.34703270,1.12077387,0.32740333,1.57989755,1.18684111,-0.30789456,235,2023,0.60404843,2026,0.14773251,233638.04550006,35.04570683,0.90903971,0.00111256,,,,,0.57844053,0.00000000
VT TQQQ/cash t35 w0-50 QQQ:VOL_EWMA80,test,test,2023-01-03,2026-08-20,false,true,"{""*"": 6, ""BTAL"": 6, ""DBMF"": 2.5, ""KMLM"": 6, ""QQQ"": 1, ""SPY"": 0.7, ""TQQQ"": 1.5}",0.03000000,tests/data/2026-08-20-net15,,0.35000000,0.50000000,,0.00050785,0.00097391,0.00051146,0.00097585,68557.32332780,31500.00000000,37057.32332780,1.17642296,0.39656413,0.35032653,1.32652238,0.28333866,1.93991461,1.23642162,-0.32073536,235,2023,0.85599379,2026,0.18003786,67483.60150295,10.12254023,0.24892381,0.00032135,,,,,0.48539089,0.37487803
VT TQQQ/cash t35 w0-50 QQQ:VOL_EWMA80 gate QQQ<SMA200,test,test,2023-01-03,2026-08-20,false,true,"{""*"": 6, ""BTAL"": 6, ""DBMF"": 2.5, ""KMLM"": 6, ""QQQ"": 1, ""SPY"": 0.7, ""TQQQ"": 1.5}",0.03000000,tests/data/2026-08-20-net15,,0.35000000,0.50000000,QQQ<SMA200,0.01370354,0.50000000,0.01370669,0.50000000,63762.63618037,31500.00000000,32262.63618037,1.02421067,0.33713363,0.31533858,1.21125738,0.27153004,1.75362301,1.12460877,-0.29977859,235,2023,0.57874807,2026,0.18029577,55753.35763822,8.36300365,0.22516434,0.00026549,,,,,0.47219566,0.00000000
VT TQQQ/cash t35 w0-60 QQQ:VOL_EWMA80,test,test,2023-01-03,2026-08-20,false,true,"{""*"": 6, ""BTAL"": 6, ""DBMF"": 2.5, ""KMLM"": 6, ""QQQ"": 1, ""SPY"": 0.7, ""TQQQ"": 1.5}",0.03000000,tests/data/2026-08-20-net15,,0.35000000,0.60000000,,0.00044822,0.00095674,0.00045267,0.00095748,75241.17959780,31500.00000000,43741.17959780,1.38860888,0.44763630,0.39602106,1.32175163,0.32014599,1.92206257,1.33389201,-0.33558661,235,2023,0.98278157,2026,0.17911207,109328.69790699,16.39930469,0.37352200,0.00052061,,,,,0.55969064,0.37478586
VT TQQQ/cash t35 w0-60 QQQ:VOL_EWMA80 gate QQQ<SMA200,test,test,2023-01-03,2026-08-20,false,true,"{""*"": 6, ""BTAL"": 6, ""DBMF"": 2.5, ""KMLM"": 6, ""QQQ"": 1, ""SPY"": 0.7, ""TQQQ"": 1.5}",0.03000000,tests/data/2026-08-20-net15,,0.35000000,0.60000000,QQQ<SMA200,0.01414349,0.52212149,0.01414744,0.52212149,69483.87608367,31500.00000000,37983.87608367,1.20583734,0.38306538,0.35686418,1.20836946,0.30945795,1.74215122,1.21447948,-0.31541528,235,2023,0.67542666,2026,0.17872294,92854.56044600,13.92818407,0.34943227,0.00044216,,,,,0.54599587,0.00000000
VT TQQQ/cash t35 w0-70 QQQ:VOL_EWMA80,test,test,2023-01-03,2026-08-20,false,true,"{""*"": 6, ""BTAL"": 6, ""DBMF"": 2.5, ""KMLM"": 6, ""QQQ"": 1, ""SPY"": 0.7, ""TQQQ"": 1.5}",0.03000000,tests/data/2026-08-20-net15,,0.35000000,0.70000000,,0.00038506,0.00076005,0.00039196,0.00076334,78279.78079926,31500.00000000,46779.78079926,1.48507241,0.46601754,0.41574896,1.27497166,0.34968977,1.83687531,1.33658395,-0.34866313,235,2023,0.99477994,2026,0.17667489,180753.82135792,27.11307320,0.60475137,0.00086073,,,,,0.61372471,0.37488264
VT TQQQ/cash t35 w0-70 QQQ:VOL_EWMA80 gate QQQ<SMA200,test,test,2023-01-03,2026-08-20,false,true,"{""*"": 6, ""BTAL"": 6, ""DBMF"": 2.5, ""KMLM"": 6, ""QQQ"": 1, ""SPY"": 0.7, ""TQQQ"": 1.5}",0.03000000,tests/data/2026-08-20-net15,,0.35000000,0.70000000,QQQ<SMA200,0.01417724,0.52212149,0.01418438,0.52212149,72330.16109322,31500.00000000,40830.16109322,1.29619559,0.40108060,0.37652797,1.16792081,0.33985778,1.67018303,1.22042859,-0.32863914,224,2023,0.68532978,2026,0.17684420,157956.76207570,23.69351431,0.58187077,0.00075218,,,,,0.59993229,0.00000000
VT TQQQ/cash t35 w0-80 QQQ:VOL_EWMA80,test,test,2023-01-03,2026-08-20,false,true,"{""*"": 6, ""BTAL"": 6, ""DBMF"": 2.5, ""KMLM"": 6, ""QQQ"": 1, ""SPY"": 0.7, ""TQQQ"": 1.5}",0.03000000,tests/data/2026-08-20-net15,,0.35000000,0.80000000,,0.00039581,0.00083438,0.00040505,0.00084912,79437.34952011,31500.00000000,47937.34952011,1.52182062,0.47206098,0.42310720,1.23183197,0.37190725,1.76048071,1.31513292,-0.35894545,235,2023,0.99689004,2026,0.16313129,249776.73893307,37.46651084,0.82983160,0.00118941,,,,,0.65182333,0.37481672
VT TQQQ/cash t35 w0-80 QQQ:VOL_EWMA80 gate QQQ<SMA200,test,test,2023-01-03,2026-08-20,false,true,"{""*"": 6, ""BTAL"": 6, ""DBMF"": 2.5, ""KMLM"": 6, ""QQQ"": 1, ""SPY"": 0.7, ""TQQQ"": 1.5}",0.03000000,tests/data/2026-08-20-net15,,0.35000000,0.80000000,QQQ<SMA200,0.01413325,0.52212149,0.01414329,0.52212149,73364.50994403,31500.00000000,41864.50994403,1.32903206,0.40663105,0.38352353,1.12778812,0.36270770,1.60073702,1.19821677,-0.33936351,235,2023,0.68688711,2026,0.16293504,220645.58264448,33.09683740,0.80718755,0.00105069,,,,,0.63808509,0.00000000
VT TQQQ/cash t40 w0-50 QQQ:VOL_EWMA80,test,test,2023-01-03,2026-08-20,false,true,"{""*"": 6, ""BTAL"": 6, ""DBMF"": 2.5, ""KMLM"": 6, ""QQQ"": 1, ""SPY"": 0.7, ""TQQQ"": 1.5}",0.03000000,tests/data/2026-08-20-net15,,0.40000000,0.50000000,,0.00044803,0.00087987,0.00045109,0.00088198,69857.30379556,31500.00000000,38357.30379556,1.21769218,0.40402567,0.35947968,1.31952491,0.29042568,1.93445937,1.21637405,-0.33215578,235,2023,0.85444421,2025,0.18822143,54961.06147887,8.24415922,0.20176344,0.00026172,,,,,0.49360598,0.42844276
VT TQQQ/cash t40 w0-50 QQQ:VOL_EWMA80 gate QQQ<SMA200,test,test,2023-01-03,2026-08-20,false,true,"{""*"": 6, ""BTAL"": 6, ""DBMF"": 2.5, ""KMLM"": 6, ""QQQ"": 1, ""SPY"": 0.7, ""TQQQ"": 1.5}",0.03000000,tests/data/2026-08-20-net15,,0.40000000,0.50000000,QQQ<SMA200,0.01405633,0.50000000,0.01405911,0.50000000,64590.86956430,31500.00000000,33090.86956430,1.05050380,0.34174269,0.32152737,1.19964063,0.27866490,1.74042991,1.09108257,-0.31321432,235,2023,0.57680485,2025,0.18552235,46670.10647746,7.00051597,0.18817063,0.00022224,,,,,0.47999796,0.00000000
VT TQQQ/cash t40 w0-60 QQQ:VOL_EWMA80,test,test,2023-01-03,2026-08-20,false,true,"{""*"": 6, ""BTAL"": 6, ""DBMF"": 2.5, ""KMLM"": 6, ""QQQ"": 1, ""SPY"": 0.7, ""TQQQ"": 1.5}",0.03000000,tests/data/2026-08-20-net15,,0.40000000,0.60000000,,0.00041785,0.00088411,0.00042047,0.00089475,78276.21227767,31500.00000000,46776.21227767,1.48495912,0.47127574,0.41572615,1.32398073,0.33571340,1.93747722,1.29337635,-0.36437634,235,2023,1.06390526,2026,0.19819702,91963.75252480,13.79456288,0.30439958,0.00043792,,,,,0.57819835,0.42833979
VT TQQQ/cash t40 w0-60 QQQ:VOL_EWMA80 gate QQQ<SMA200,test,test,2023-01-03,2026-08-20,false,true,"{""*"": 6, ""BTAL"": 6, ""DBMF"": 2.5, ""KMLM"": 6, ""QQQ"": 1, ""SPY"": 0.7, ""TQQQ"": 1.5}",0.03000000,tests/data/2026-08-20-net15,,0.40000000,0.60000000,QQQ<SMA200,0.01605971,0.59671028,0.01606351,0.59671028,71440.99931151,31500.00000000,39940.99931151,1.26796823,0.39723767,0.37045137,1.20361182,0.32262130,1.74300789,1.15636677,-0.34352221,235,2023,0.70543313,2026,0.19784637,75898.69260770,11.38480389,0.28057655,0.00036142,,,,,0.56255532,0.00000000
VT TQQQ/cash t40 w0-70 QQQ:VOL_EWMA80,test,test,2023-01-03,2026-08-20,false,false,"{""*"": 6, ""BTAL"": 6, ""DBMF"": 2.5, ""KMLM"": 6, ""QQQ"": 1, ""SPY"": 0.7, ""TQQQ"": 1.5}",0.03000000,tests/data/2026-08-20-net15,,0.40000000,0.70000000,,0.00041912,0.00085759,0.00042322,0.00086500,84440.47173454,31500.00000000,52940.47173454,1.68064990,0.51271889,0.45398086,1.30691353,0.37113422,1.90030767,1.35485281,-0.37843143,235,2023,1.16126593,2026,0.19525817,141698.72093106,21.25480814,0.44170477,0.00067476,,,,,0.64863070,0.42783018
VT TQQQ/cash t40 w0-70 QQQ:VOL_EWMA80 gate QQQ<SMA200,test,test,2023-01-03,2026-08-20,false,true,"{""*"": 6, ""BTAL"": 6, ""DBMF"": 2.5, ""KMLM"": 6, ""QQQ"": 1, ""SPY"": 0.7, ""TQQQ"": 1.5}",0.03000000,tests/data/2026-08-20-net15,,0.40000000,0.70000000,QQQ<SMA200,0.01596387,0.59671028,0.01596914,0.59671028,76947.34440146,31500.00000000,45447.34440146,1.44277284,0.43705581,0.40717324,1.19421098,0.35941150,1.72157512,1.22035327,-0.35813877,235,2023,0.78692729,2026,0.19547388,120120.78222527,18.01811733,0.41858137,0.00057200,,,,,0.63308478,0.00000000
VT TQQQ/cash t40 w0-80 QQQ:VOL_EWMA80,test,test,2023-01-03,2026-08-20,false,false,"{""*"": 6, ""BTAL"": 6, ""DBMF"": 2.5, ""KMLM"": 6, ""QQQ"": 1, ""SPY"": 0.7, ""TQQQ"": 1.5}",0.03000000,tests/data/2026-08-20-net15,,0.40000000,0.80000000,,0.00038134,0.00085759,0.00038805,0.00086500,87603.35230302,31500.00000000,56103.35230302,1.78105880,0.52992914,0.47277165,1.26846136,0.40035140,1.82997597,1.35851116,-0.39008081,235,2023,1.16875993,2026,0.19173125,224331.50694720,33.64972604,0.68630959,0.00106825,,,,,0.70145958,0.42822551
VT TQQQ/cash t40 w0-80 QQQ:VOL_EWMA80 gate QQQ<SMA200,test,test,2023-01-03,2026-08-20,false,true,"{""*"": 6, ""BTAL"": 6, ""DBMF"": 2.5, ""KMLM"": 6, ""QQQ"": 1, ""SPY"": 0.7, ""TQQQ"": 1.5}",0.03000000,tests/data/2026-08-20-net15,,0.40000000,0.80000000,QQQ<SMA200,0.01589724,0.59671028,0.01590506,0.59671028,79713.99366686,31500.00000000,48213.99366686,1.53060297,0.45289501,0.42485333,1.15940926,0.38956684,1.65983361,1.22308849,-0.37028802,235,2023,0.79223533,2026,0.19150888,193965.88410896,29.09488262,0.66373385,0.00092365,,,,,0.68594257,0.00000000
50/50,test,test,2023-01-03,2026-08-20,true,true,"{""*"": 6, ""BTAL"": 6, ""DBMF"": 2.5, ""KMLM"": 6, ""QQQ"": 1, ""SPY"": 0.7, ""TQQQ"": 1.5}",0.03000000,tests/data/2026-08-20-net15,,,,,0.00077364,0.00137600,0.00061453,0.00116588,60165.07429224,31500.00000000,28665.07429224,0.91000236,0.33760696,0.28769487,1.36358152,0.23455629,2.02985090,1.23125678,-0.27419704,240,2023,0.71264375,2025,0.08481851,131463.77045039,49.87376087,0.51255509,0.00158329,0.49973731,0.49908357,,,0.49947000,0.49883412
TQQQ50/BTAL50 gate QQQ<SMA200,test,test,2023-01-03,2026-08-20,true,true,"{""*"": 6, ""BTAL"": 6, ""DBMF"": 2.5, ""KMLM"": 6, ""QQQ"": 1, ""SPY"": 0.7, ""TQQQ"": 1.5}",0.03000000,tests/data/2026-08-20-net15,,,,,0.01751425,0.49970055,0.01731491,0.50000000,52189.39498778,31500.00000000,20689.39498778,0.65680619,0.24425379,0.22137822,1.10708988,0.22030049,1.61488245,0.98127265,-0.24891532,288,2023,0.38868618,2025,0.05482925,108269.45308941,43.67166694,0.48291516,0.00138640,0.51636592,0.49861568,,,0.48274670,0.00000000
SPY benchmark,test,test,2023-01-03,2026-08-20,true,true,"{""*"": 6, ""BTAL"": 6, ""DBMF"": 2.5, ""KMLM"": 6, ""QQQ"": 1, ""SPY"": 0.7, ""TQQQ"": 1.5}",0.03000000,tests/data/2026-08-20-net15,,,,,0.01118127,0.02889993,0.01118276,0.02890110,51404.12824372,31500.00000000,19904.12824372,0.63187709,0.22187494,0.21441985,1.42486981,0.14908875,2.14267887,1.19118436,-0.18626415,127,2023,0.26134206,2026,0.12249757,31218.24766906,2.18527734,0.15019565,0.00006937,,,0.98881724,0.97109890,,
VT TQQQ/BTAL t25 w0-50 QQQ:VOL_EWMA80,sens,sens_2012-01-03,2012-01-03,2017-01-03,false,true,"{""*"": 6, ""BTAL"": 6, ""DBMF"": 2.5, ""KMLM"": 6, ""QQQ"": 1, ""SPY"": 0.7, ""TQQQ"": 1.5}",0.03000000,tests/data/2026-08-20-net15,BTAL,0.25000000,0.50000000,,0.00033695,0.00163809,0.00034030,0.00162354,68837.22968506,40000.00000000,28837.22968506,0.72093074,0.20144564,0.17744108,1.04832480,0.19333174,1.49172328,1.23479470,-0.16314100,141,2013,0.45837798,2017,0.00702850,227986.91852234,87.73819975,0.57185684,0.00219345,0.52438654,0.49837646,,,0.47525639,0.21315871
VT TQQQ/BTAL t25 w0-50 QQQ:VOL_EWMA80 gate QQQ<SMA200,sens,sens_2012-01-03,2012-01-03,2017-01-03,false,true,"{""*"": 6, ""BTAL"": 6, ""DBMF"": 2.5, ""KMLM"": 6, ""QQQ"": 1, ""SPY"": 0.7, ""TQQQ"": 1.5}",0.03000000,tests/data/2026-08-20-net15,BTAL,0.25000000,0.50000000,QQQ<SMA200,0.00676402,0.18422375,0.00676706,0.18422648,63080.96791143,40000.00000000,23080.96791143,0.57702420,0.17824372,0.14843842,0.95394820,0.19161902,1.34944069,1.07348007,-0.16604288,,2013,0.45839306,2016,-0.02410793,222639.67942203,86.23592180,0.57574196,0.00215590,0.53080001,0.49837646,,,0.46882681,0.19136658
VT TQQQ/BTAL t25 w0-60 QQQ:VOL_EWMA80,sens,sens_2012-01-03,2012-01-03,2017-01-03,false,true,"{""*"": 6, ""BTAL"": 6, ""DBMF"": 2.5, ""KMLM"": 6, ""QQQ"": 1, ""SPY"": 0.7, ""TQQQ"": 1.5}",0.03000000,tests/data/2026-08-20-net15,BTAL,0.25000000,0.60000000,,0.00035866,0.00139468,0.00037370,0.00152740,70206.12593528,40000.00000000,30206.12593528,0.75515315,0.21465335,0.18401146,0.98007852,0.22469206,1.39062726,1.07041750,-0.20053236,462,2013,0.58735230,2017,0.01046477,404254.71229287,152.81048014,0.97620549,0.00382026,0.45659700,0.39859789,,,0.54301272,0.21317093
VT TQQQ/BTAL t25 w0-60 QQQ:VOL_EWMA80 gate QQQ<SMA200,sens,sens_2012-01-03,2012-01-03,2017-01-03,false,true,"{""*"": 6, ""BTAL"": 6, ""DBMF"": 2.5, ""KMLM"": 6, ""QQQ"": 1, ""SPY"": 0.7, ""TQQQ"": 1.5}",0.03000000,tests/data/2026-08-20-net15,BTAL,0.25000000,0.60000000,QQQ<SMA200,0.00728644,0.18420903,0.00730059,0.18421173,64291.98455772,40000.00000000,24291.98455772,0.60729961,0.19093630,0.15473566,0.89799018,0.22272563,1.26851609,0.90123983,-0.21185959,,2013,0.58729631,2015,-0.03314385,394997.57111621,150.08743742,0.98324629,0.00375219,0.46360312,0.39859789,,,0.53603607,0.19141136
VT TQQQ/BTAL t25 w0-70 QQQ:VOL_EWMA80,sens,sens_2012-01-03,2012-01-03,2017-01-03,false,true,"{""*"": 6, ""BTAL"": 6, ""DBMF"": 2.5, ""KMLM"": 6, ""QQQ"": 1, ""SPY"": 0.7, ""TQQQ"": 1.5}",0.03000000,tests/data/2026-08-20-net15,BTAL,0.25000000,0.70000000,,0.00027416,0.00134188,0.00030687,0.00152740,69031.92796595,40000.00000000,29031.92796595,0.72579820,0.21393420,0.17838280,0.89981437,0.25109082,1.27035247,0.89895708,-0.23798044,,2013,0.63347064,2015,-0.02863335,637398.80401244,239.82438951,1.53922128,0.00599561,0.40656637,0.29892088,,,0.59311047,0.21313857
VT TQQQ/BTAL t25 w0-70 QQQ:VOL_EWMA80 gate QQQ<SMA200,sens,sens_2012-01-03,2012-01-03,2017-01-03,false,true,"{""*"": 6, ""BTAL"": 6, ""DBMF"": 2.5, ""KMLM"": 6, ""QQQ"": 1, ""SPY"": 0.7, ""TQQQ"": 1.5}",0.03000000,tests/data/2026-08-20-net15,BTAL,0.25000000,0.70000000,QQQ<SMA200,0.00759586,0.18429363,0.00762548,0.18429642,63336.58404383,40000.00000000,23336.58404383,0.58341460,0.19050642,0.14977679,0.82679694,0.24900022,1.16338147,0.75133014,-0.25355887,,2013,0.63350827,2015,-0.07876101,627631.27745028,236.83422351,1.56151201,0.00592086,0.41386585,0.29892088,,,0.58578886,0.19137703
VT TQQQ/BTAL t25 w0-80 QQQ:VOL_EWMA80,sens,sens_2012-01-03,2012-01-03,2017-01-03,false,true,"{""*"": 6, ""BTAL"": 6, ""DBMF"": 2.5, ""KMLM"": 6, ""QQQ"": 1, ""SPY"": 0.7, ""TQQQ"": 1.5}",0.03000000,tests/data/2026-08-20-net15,BTAL,0.25000000,0.80000000,,0.00033275,0.00134188,0.00038068,0.00152740,69278.56496837,40000.00000000,29278.56496837,0.73196412,0.21817804,0.17957227,0.86243251,0.27258092,1.21688085,0.83043641,-0.26272697,,2013,0.67630724,2015,-0.06325755,911064.50245432,342.60882093,2.18816664,0.00856522,0.36726796,0.19908747,,,0.63233058,0.21316231
VT TQQQ/BTAL t25 w0-80 QQQ:VOL_EWMA80 gate QQQ<SMA200,sens,sens_2012-01-03,2012-01-03,2017-01-03,false,true,"{""*"": 6, ""BTAL"": 6, ""DBMF"": 2.5, ""KMLM"": 6, ""QQQ"": 1, ""SPY"": 0.7, ""TQQQ"": 1.5}",0.03000000,tests/data/2026-08-20-net15,BTAL,0.25000000,0.80000000,QQQ<SMA200,0.00765975,0.18433671,0.00770695,0.18433945,63574.06187765,40000.00000000,23574.06187765,0.58935155,0.19469174,0.15101576,0.79447941,0.27067188,1.11784640,0.70528570,-0.27604662,,2013,0.67644364,2015,-0.11158422,893560.40610967,336.67219507,2.20966028,0.00841680,0.37452485,0.19928420,,,0.62502193,0.19137539
VT TQQQ/BTAL t30 w0-50 QQQ:VOL_EWMA80,sens,sens_2012-01-03,2012-01-03,2017-01-03,false,true,"{""*"": 6, ""BTAL"": 6, ""DBMF"": 2.5, ""KMLM"": 6, ""QQQ"": 1, ""SPY"": 0.7, ""TQQQ"": 1.5}",0.03000000,tests/data/2026-08-20-net15,BTAL,0.30000000,0.50000000,,0.00033837,0.00173099,0.00033844,0.00191068,73049.81145174,40000.00000000,33049.81145174,0.82624529,0.22092429,0.19729645,1.11595344,0.19664415,1.59624468,1.34532302,-0.16421654,98,2013,0.46832120,2017,0.00703000,219514.00489379,83.94018968,0.53269855,0.00209850,0.51316195,0.49808932,,,0.48648091,0.25578524
VT TQQQ/BTAL t30 w0-50 QQQ:VOL_EWMA80 gate QQQ<SMA200,sens,sens_2012-01-03,2012-01-03,2017-01-03,false,true,"{""*"": 6, ""BTAL"": 6, ""DBMF"": 2.5, ""KMLM"": 6, ""QQQ"": 1, ""SPY"": 0.7, ""TQQQ"": 1.5}",0.03000000,tests/data/2026-08-20-net15,BTAL,0.30000000,0.50000000,QQQ<SMA200,0.00721209,0.17943938,0.00721217,0.17944203,66441.93486940,40000.00000000,26441.93486940,0.66104837,0.19532621,0.16565235,1.01771533,0.19430416,1.44385995,1.15255014,-0.16947307,,2013,0.46665136,2016,-0.00846257,202013.81515501,77.95733244,0.50752050,0.00194893,0.52009694,0.49808932,,,0.47956311,0.23086046
VT TQQQ/BTAL t30 w0-60 QQQ:VOL_EWMA80,sens,sens_2012-01-03,2012-01-03,2017-01-03,false,true,"{""*"": 6, ""BTAL"": 6, ""DBMF"": 2.5, ""KMLM"": 6, ""QQQ"": 1, ""SPY"": 0.7, ""TQQQ"": 1.5}",0.03000000,tests/data/2026-08-20-net15,BTAL,0.30000000,0.60000000,,0.00030656,0.00175383,0.00031130,0.00190927,77992.26202613,40000.00000000,37992.26202613,0.94980655,0.24845975,0.21931031,1.06473275,0.23488606,1.51874211,1.20640920,-0.20594981,430,2013,0.61169807,2017,0.01046564,288021.93421671,109.26492509,0.64898022,0.00273162,0.42935875,0.39889101,,,0.57031292,0.25578695
VT TQQQ/BTAL t30 w0-60 QQQ:VOL_EWMA80 gate QQQ<SMA200,sens,sens_2012-01-03,2012-01-03,2017-01-03,false,true,"{""*"": 6, ""BTAL"": 6, ""DBMF"": 2.5, ""KMLM"": 6, ""QQQ"": 1, ""SPY"": 0.7, ""TQQQ"": 1.5}",0.03000000,tests/data/2026-08-20-net15,BTAL,0.30000000,0.60000000,QQQ<SMA200,0.00774621,0.21975929,0.00775270,0.21976181,70384.68034624,40000.00000000,30384.68034624,0.75961701,0.22048532,0.18485987,0.97547057,0.23252221,1.38208159,0.98127237,-0.22469329,,2013,0.61174426,2016,-0.02432752,279290.94732647,106.72358548,0.65213842,0.00266809,0.43679941,0.39900717,,,0.56286510,0.23104000
VT TQQQ/BTAL t30 w0-70 QQQ:VOL_EWMA80,sens,sens_2012-01-03,2012-01-03,2017-01-03,false,true,"{""*"": 6, ""BTAL"": 6, ""DBMF"": 2.5, ""KMLM"": 6, ""QQQ"": 1, ""SPY"": 0.7, ""TQQQ"": 1.5}",0.03000000,tests/data/2026-08-20-net15,BTAL,0.30000000,0.70000000,,0.00033776,0.00175383,0.00035240,0.00190927,79860.84096126,40000.00000000,39860.84096126,0.99652102,0.26268628,0.22730625,1.00435486,0.26888882,1.42798820,1.08057373,-0.24309889,,2013,0.75933676,2017,0.01389984,495231.10558319,186.20549239,1.07013370,0.00465514,0.35997610,0.29899181,,,0.63965243,0.25578011
VT TQQQ/BTAL t30 w0-70 QQQ:VOL_EWMA80 gate QQQ<SMA200,sens,sens_2012-01-03,2012-01-03,2017-01-03,false,true,"{""*"": 6, ""BTAL"": 6, ""DBMF"": 2.5, ""KMLM"": 6, ""QQQ"": 1, ""SPY"": 0.7, ""TQQQ"": 1.5}",0.03000000,tests/data/2026-08-20-net15,BTAL,0.30000000,0.70000000,QQQ<SMA200,0.00801259,0.21971448,0.00803080,0.21971687,72050.89883228,40000.00000000,32050.89883228,0.80127247,0.23430424,0.19268411,0.92538398,0.26651759,1.30892253,0.85644919,-0.27357634,,2013,0.75927221,2015,-0.03449261,480822.47068476,181.56163604,1.07604028,0.00453904,0.36768573,0.29899181,,,0.63195780,0.23111628
VT TQQQ/BTAL t30 w0-80 QQQ:VOL_EWMA80,sens,sens_2012-01-03,2012-01-03,2017-01-03,false,true,"{""*"": 6, ""BTAL"": 6, ""DBMF"": 2.5, ""KMLM"": 6, ""QQQ"": 1, ""SPY"": 0.7, ""TQQQ"": 1.5}",0.03000000,tests/data/2026-08-20-net15,BTAL,0.30000000,0.80000000,,0.00031972,0.00175383,0.00035395,0.00190927,78309.28695324,40000.00000000,38309.28695324,0.95773217,0.26154299,0.22067897,0.93035774,0.29833823,1.31649813,0.93312442,-0.28028737,,2013,0.82281468,2015,-0.02642765,755647.88931942,283.70207219,1.62886974,0.00709255,0.30556232,0.19863239,,,0.69406698,0.25580732
VT TQQQ/BTAL t30 w0-80 QQQ:VOL_EWMA80 gate QQQ<SMA200,sens,sens_2012-01-03,2012-01-03,2017-01-03,false,true,"{""*"": 6, ""BTAL"": 6, ""DBMF"": 2.5, ""KMLM"": 6, ""QQQ"": 1, ""SPY"": 0.7, ""TQQQ"": 1.5}",0.03000000,tests/data/2026-08-20-net15,BTAL,0.30000000,0.80000000,QQQ<SMA200,0.00890811,0.21979855,0.00894515,0.21980112,70692.04283158,40000.00000000,30692.04283158,0.76730107,0.23303814,0.18631575,0.85892793,0.29548068,1.21040634,0.73078172,-0.31888884,,2013,0.82277043,2015,-0.08466848,738975.39592190,278.27253091,1.64964142,0.00695681,0.31419265,0.19863239,,,0.68544529,0.23109481
VT TQQQ/BTAL t35 w0-50 QQQ:VOL_EWMA80,sens,sens_2012-01-03,2012-01-03,2017-01-03,false,true,"{""*"": 6, ""BTAL"": 6, ""DBMF"": 2.5, ""KMLM"": 6, ""QQQ"": 1, ""SPY"": 0.7, ""TQQQ"": 1.5}",0.03000000,tests/data/2026-08-20-net15,BTAL,0.35000000,0.50000000,,0.00038199,0.00173099,0.00038090,0.00191068,75232.71845625,40000.00000000,35232.71845625,0.88081796,0.22882499,0.20718013,1.14099694,0.19827921,1.63580844,1.39340230,-0.16422033,95,2013,0.46837231,2017,0.00702785,188818.21904067,72.69009662,0.45405851,0.00181725,0.50853855,0.49808932,,,0.49106271,0.29841445
VT TQQQ/BTAL t35 w0-50 QQQ:VOL_EWMA80 gate QQQ<SMA200,sens,sens_2012-01-03,2012-01-03,2017-01-03,false,true,"{""*"": 6, ""BTAL"": 6, ""DBMF"": 2.5, ""KMLM"": 6, ""QQQ"": 1, ""SPY"": 0.7, ""TQQQ"": 1.5}",0.03000000,tests/data/2026-08-20-net15,BTAL,0.35000000,0.50000000,QQQ<SMA200,0.00673915,0.18202661,0.00673779,0.18202931,68668.63961834,40000.00000000,28668.63961834,0.71671599,0.20394707,0.17662368,1.04854221,0.19572875,1.49007773,1.18072461,-0.17273043,462,2013,0.46657689,2017,0.00702903,161413.17477456,62.74986892,0.40202285,0.00156875,0.51501335,0.49808932,,,0.48463702,0.27072183
VT TQQQ/BTAL t35 w0-60 QQQ:VOL_EWMA80,sens,sens_2012-01-03,2012-01-03,2017-01-03,false,true,"{""*"": 6, ""BTAL"": 6, ""DBMF"": 2.5, ""KMLM"": 6, ""QQQ"": 1, ""SPY"": 0.7, ""TQQQ"": 1.5}",0.03000000,tests/data/2026-08-20-net15,BTAL,0.35000000,0.60000000,,0.00028038,0.00121431,0.00028263,0.00122929,83063.67777720,40000.00000000,43063.67777720,1.07659194,0.26931642,0.24062850,1.11898291,0.23927476,1.60390255,1.30010629,-0.20714954,106,2013,0.62477405,2017,0.01046571,278345.59276126,105.47854872,0.60521320,0.00263696,0.41706746,0.39877071,,,0.58263210,0.29841446
VT TQQQ/BTAL t35 w0-60 QQQ:VOL_EWMA80 gate QQQ<SMA200,sens,sens_2012-01-03,2012-01-03,2017-01-03,false,true,"{""*"": 6, ""BTAL"": 6, ""DBMF"": 2.5, ""KMLM"": 6, ""QQQ"": 1, ""SPY"": 0.7, ""TQQQ"": 1.5}",0.03000000,tests/data/2026-08-20-net15,BTAL,0.35000000,0.60000000,QQQ<SMA200,0.00837615,0.22447730,0.00837720,0.22447974,74280.74280898,40000.00000000,34280.74280898,0.85701857,0.23837785,0.20290215,1.02568945,0.23621147,1.45715397,1.02817172,-0.23184634,,2013,0.62244829,2016,-0.01101950,255822.38440785,97.63829767,0.57918586,0.00244096,0.42518515,0.39877071,,,0.57450874,0.27099424
VT TQQQ/BTAL t35 w0-70 QQQ:VOL_EWMA80,sens,sens_2012-01-03,2012-01-03,2017-01-03,false,true,"{""*"": 6, ""BTAL"": 6, ""DBMF"": 2.5, ""KMLM"": 6, ""QQQ"": 1, ""SPY"": 0.7, ""TQQQ"": 1.5}",0.03000000,tests/data/2026-08-20-net15,BTAL,0.35000000,0.70000000,,0.00028418,0.00134428,0.00028725,0.00132697,88114.38070787,40000.00000000,48114.38070787,1.20285952,0.29463956,0.26072974,1.06680471,0.27933221,1.52331028,1.18750852,-0.24811575,,2013,0.77833063,2017,0.01389983,362820.89294191,136.62546642,0.73513956,0.00341564,0.33432894,0.29867303,,,0.66536322,0.29844072
VT TQQQ/BTAL t35 w0-70 QQQ:VOL_EWMA80 gate QQQ<SMA200,sens,sens_2012-01-03,2012-01-03,2017-01-03,false,true,"{""*"": 6, ""BTAL"": 6, ""DBMF"": 2.5, ""KMLM"": 6, ""QQQ"": 1, ""SPY"": 0.7, ""TQQQ"": 1.5}",0.03000000,tests/data/2026-08-20-net15,BTAL,0.35000000,0.70000000,QQQ<SMA200,0.00865863,0.25487567,0.00866373,0.25487800,78380.28918706,40000.00000000,38380.28918706,0.95950723,0.26193014,0.22098482,0.98225622,0.27644023,1.39267558,0.91513943,-0.28621883,,2013,0.77829402,2016,-0.02631402,348623.25015069,132.04991540,0.73546282,0.00330125,0.34266844,0.29867303,,,0.65699405,0.27119221
VT TQQQ/BTAL t35 w0-80 QQQ:VOL_EWMA80,sens,sens_2012-01-03,2012-01-03,2017-01-03,false,true,"{""*"": 6, ""BTAL"": 6, ""DBMF"": 2.5, ""KMLM"": 6, ""QQQ"": 1, ""SPY"": 0.7, ""TQQQ"": 1.5}",0.03000000,tests/data/2026-08-20-net15,BTAL,0.35000000,0.80000000,,0.00027466,0.00102753,0.00029298,0.00113490,90260.08669550,40000.00000000,50260.08669550,1.25650217,0.30861487,0.26895930,1.01364375,0.31518185,1.44288593,1.08274303,-0.28503057,,2013,0.93833945,2017,0.01733569,603793.20541515,226.00689320,1.17271769,0.00565017,0.26393428,0.19904924,,,0.73575515,0.29842639
VT TQQQ/BTAL t35 w0-80 QQQ:VOL_EWMA80 gate QQQ<SMA200,sens,sens_2012-01-03,2012-01-03,2017-01-03,false,true,"{""*"": 6, ""BTAL"": 6, ""DBMF"": 2.5, ""KMLM"": 6, ""QQQ"": 1, ""SPY"": 0.7, ""TQQQ"": 1.5}",0.03000000,tests/data/2026-08-20-net15,BTAL,0.35000000,0.80000000,QQQ<SMA200,0.00855613,0.25481770,0.00857226,0.25481999,80300.68553904,40000.00000000,40300.68553904,1.00751714,0.27563316,0.22916392,0.93770483,0.31252383,1.32737521,0.82887893,-0.33253730,,2013,0.93817339,2015,-0.03766764,583321.55714969,219.02721627,1.17834409,0.00547568,0.27227716,0.19904924,,,0.72743224,0.27125584
VT TQQQ/BTAL t40 w0-50 QQQ:VOL_EWMA80,sens,sens_2012-01-03,2012-01-03,2017-01-03,false,true,"{""*"": 6, ""BTAL"": 6, ""DBMF"": 2.5, ""KMLM"": 6, ""QQQ"": 1, ""SPY"": 0.7, ""TQQQ"": 1.5}",0.03000000,tests/data/2026-08-20-net15,BTAL,0.40000000,0.50000000,,0.00031044,0.00173099,0.00030838,0.00191068,76977.27531702,40000.00000000,36977.27531702,0.92443188,0.23497273,0.21489441,1.15659945,0.20027429,1.66157460,1.43096415,-0.16420588,95,2013,0.46834219,2017,0.00702927,170696.45316944,65.88586490,0.40781896,0.00164715,0.50431646,0.49808932,,,0.49535782,0.34107028
VT TQQQ/BTAL t40 w0-50 QQQ:VOL_EWMA80 gate QQQ<SMA200,sens,sens_2012-01-03,2012-01-03,2017-01-03,false,true,"{""*"": 6, ""BTAL"": 6, ""DBMF"": 2.5, ""KMLM"": 6, ""QQQ"": 1, ""SPY"": 0.7, ""TQQQ"": 1.5}",0.03000000,tests/data/2026-08-20-net15,BTAL,0.40000000,0.50000000,QQQ<SMA200,0.00705168,0.18902384,0.00704605,0.18902645,70604.98280386,40000.00000000,30604.98280386,0.76512457,0.21127584,0.18590396,1.07325842,0.19715131,1.52799842,1.25246759,-0.16868767,378,2013,0.46659260,2017,0.00702867,133105.49370946,52.37348313,0.32903787,0.00130934,0.51102896,0.49808932,,,0.48861797,0.31097355
VT TQQQ/BTAL t40 w0-60 QQQ:VOL_EWMA80,sens,sens_2012-01-03,2012-01-03,2017-01-03,false,true,"{""*"": 6, ""BTAL"": 6, ""DBMF"": 2.5, ""KMLM"": 6, ""QQQ"": 1, ""SPY"": 0.7, ""TQQQ"": 1.5}",0.03000000,tests/data/2026-08-20-net15,BTAL,0.40000000,0.60000000,,0.00031957,0.00125146,0.00032346,0.00129278,85629.53662905,40000.00000000,45629.53662905,1.14073842,0.27826501,0.25097291,1.14149555,0.24111403,1.63962903,1.34334604,-0.20714321,98,2013,0.62477944,2017,0.01046393,235445.00874032,89.56396949,0.50644352,0.00223910,0.41221212,0.39885787,,,0.58745070,0.34104890
VT TQQQ/BTAL t40 w0-60 QQQ:VOL_EWMA80 gate QQQ<SMA200,sens,sens_2012-01-03,2012-01-03,2017-01-03,false,true,"{""*"": 6, ""BTAL"": 6, ""DBMF"": 2.5, ""KMLM"": 6, ""QQQ"": 1, ""SPY"": 0.7, ""TQQQ"": 1.5}",0.03000000,tests/data/2026-08-20-net15,BTAL,0.40000000,0.60000000,QQQ<SMA200,0.00788632,0.20612171,0.00788764,0.20612403,76876.14695720,40000.00000000,36876.14695720,0.92190367,0.24814608,0.21445156,1.05321702,0.23789835,1.49885342,1.05552630,-0.23509228,,2013,0.62241144,2017,0.01046488,213056.70559736,81.56335558,0.47735794,0.00203908,0.41986029,0.39885787,,,0.57983066,0.31130585
VT TQQQ/BTAL t40 w0-70 QQQ:VOL_EWMA80,sens,sens_2012-01-03,2012-01-03,2017-01-03,false,true,"{""*"": 6, ""BTAL"": 6, ""DBMF"": 2.5, ""KMLM"": 6, ""QQQ"": 1, ""SPY"": 0.7, ""TQQQ"": 1.5}",0.03000000,tests/data/2026-08-20-net15,BTAL,0.40000000,0.70000000,,0.00028290,0.00135660,0.00028873,0.00133799,94140.60151666,40000.00000000,54140.60151666,1.35351504,0.31673160,0.28340980,1.11169141,0.28467006,1.59442800,1.26998814,-0.24939729,392,2013,0.79492511,2017,0.01389998,341179.33944998,128.45718578,0.66554572,0.00321143,0.32094546,0.29866201,,,0.67875072,0.34105319
VT TQQQ/BTAL t40 w0-70 QQQ:VOL_EWMA80 gate QQQ<SMA200,sens,sens_2012-01-03,2012-01-03,2017-01-03,false,true,"{""*"": 6, ""BTAL"": 6, ""DBMF"": 2.5, ""KMLM"": 6, ""QQQ"": 1, ""SPY"": 0.7, ""TQQQ"": 1.5}",0.03000000,tests/data/2026-08-20-net15,BTAL,0.40000000,0.70000000,QQQ<SMA200,0.00953037,0.26910009,0.00953814,0.26910235,82842.72303193,40000.00000000,42842.72303193,1.07106808,0.28044905,0.23972437,1.02283529,0.28100508,1.45372786,0.96362511,-0.29103543,,2013,0.79173349,2016,-0.01550858,313933.08296693,118.82567609,0.64110503,0.00297064,0.33016819,0.29866201,,,0.66950976,0.31160253
VT TQQQ/BTAL t40 w0-80 QQQ:VOL_EWMA80,sens,sens_2012-01-03,2012-01-03,2017-01-03,false,true,"{""*"": 6, ""BTAL"": 6, ""DBMF"": 2.5, ""KMLM"": 6, ""QQQ"": 1, ""SPY"": 0.7, ""TQQQ"": 1.5}",0.03000000,tests/data/2026-08-20-net15,BTAL,0.40000000,0.80000000,,0.00029382,0.00130522,0.00030471,0.00128698,99210.03784736,40000.00000000,59210.03784736,1.48025095,0.33987552,0.30151098,1.06382905,0.32577105,1.51984305,1.17336246,-0.28965945,,2013,0.95898190,2017,0.01733714,452061.16486238,169.26714800,0.82471509,0.00423168,0.23925882,0.19871302,,,0.76042177,0.34105208
VT TQQQ/BTAL t40 w0-80 QQQ:VOL_EWMA80 gate QQQ<SMA200,sens,sens_2012-01-03,2012-01-03,2017-01-03,false,true,"{""*"": 6, ""BTAL"": 6, ""DBMF"": 2.5, ""KMLM"": 6, ""QQQ"": 1, ""SPY"": 0.7, ""TQQQ"": 1.5}",0.03000000,tests/data/2026-08-20-net15,BTAL,0.40000000,0.80000000,QQQ<SMA200,0.00943680,0.28956805,0.00944873,0.28957022,87056.87147910,40000.00000000,47056.87147910,1.17642179,0.30247828,0.25660782,0.98343173,0.32245678,1.39498515,0.87686553,-0.34495401,,2013,0.95899775,2016,-0.03014581,431334.45596545,162.21391137,0.82282238,0.00405535,0.24850111,0.19871302,,,0.75122072,0.31177842
VT TQQQ/cash t25 w0-50 QQQ:VOL_EWMA80,sens,sens_2012-01-03,2012-01-03,2017-01-03,false,true,"{""*"": 6, ""BTAL"": 6, ""DBMF"": 2.5, ""KMLM"": 6, ""QQQ"": 1, ""SPY"": 0.7, ""TQQQ"": 1.5}",0.03000000,tests/data/2026-08-20-net15,,0.25000000,0.50000000,,0.00001555,0.00003612,0.00001650,0.00003681,76000.93380759,40000.00000000,36000.93380759,0.90002335,0.23773811,0.21059681,1.12714261,0.20911825,1.61053338,1.17626310,-0.20211304,430,2013,0.58848099,2017,0.01226559,114273.74509253,17.14106176,0.26900130,0.00042853,,,,,0.47525846,0.21316710
VT TQQQ/cash t25 w0-50 QQQ:VOL_EWMA80 gate QQQ<SMA200,sens,sens_2012-01-03,2012-01-03,2017-01-03,false,true,"{""*"": 6, ""BTAL"": 6, ""DBMF"": 2.5, ""KMLM"": 6, ""QQQ"": 1, ""SPY"": 0.7, ""TQQQ"": 1.5}",0.03000000,tests/data/2026-08-20-net15,,0.25000000,0.50000000,QQQ<SMA200,0.00653055,0.18504379,0.00653225,0.18504379,70506.69743972,40000.00000000,30506.69743972,0.76266744,0.21730589,0.18543852,1.05798487,0.20650300,1.50010362,0.92349814,-0.23530734,,2013,0.58848251,2017,0.01226601,110577.07560320,16.58656134,0.26702138,0.00041466,,,,,0.46874271,0.19715814
VT TQQQ/cash t25 w0-60 QQQ:VOL_EWMA80,sens,sens_2012-01-03,2012-01-03,2017-01-03,false,true,"{""*"": 6, ""BTAL"": 6, ""DBMF"": 2.5, ""KMLM"": 6, ""QQQ"": 1, ""SPY"": 0.7, ""TQQQ"": 1.5}",0.03000000,tests/data/2026-08-20-net15,,0.25000000,0.60000000,,0.00001458,0.00003138,0.00001638,0.00002961,76997.85858786,40000.00000000,36997.85858786,0.92494646,0.24835797,0.21498448,1.04493721,0.24056771,1.48514933,1.09930467,-0.22592278,526,2013,0.70925206,2017,0.01465444,213288.15156156,31.99322273,0.48468386,0.00079983,,,,,0.54301602,0.21314840
VT TQQQ/cash t25 w0-60 QQQ:VOL_EWMA80 gate QQQ<SMA200,sens,sens_2012-01-03,2012-01-03,2017-01-03,false,true,"{""*"": 6, ""BTAL"": 6, ""DBMF"": 2.5, ""KMLM"": 6, ""QQQ"": 1, ""SPY"": 0.7, ""TQQQ"": 1.5}",0.03000000,tests/data/2026-08-20-net15,,0.25000000,0.60000000,QQQ<SMA200,0.00707531,0.18501230,0.00707623,0.18501230,71391.79535231,40000.00000000,31391.79535231,0.78479488,0.22753034,0.18960893,0.98324517,0.23784561,1.38921553,0.84788991,-0.26834892,,2013,0.70925534,2015,-0.01247483,207612.62867865,31.14189430,0.48396010,0.00077855,,,,,0.53595617,0.19721106
VT TQQQ/cash t25 w0-70 QQQ:VOL_EWMA80,sens,sens_2012-01-03,2012-01-03,2017-01-03,false,true,"{""*"": 6, ""BTAL"": 6, ""DBMF"": 2.5, ""KMLM"": 6, ""QQQ"": 1, ""SPY"": 0.7, ""TQQQ"": 1.5}",0.03000000,tests/data/2026-08-20-net15,,0.25000000,0.70000000,,0.00001541,0.00003464,0.00001707,0.00003533,75565.65341431,40000.00000000,35565.65341431,0.88914134,0.24735435,0.20866473,0.96772736,0.26548144,1.36858674,0.96447387,-0.25646558,,2013,0.75879985,2015,-0.01329605,341708.68296514,51.25630244,0.77285011,0.00128141,,,,,0.59311092,0.21316070
VT TQQQ/cash t25 w0-70 QQQ:VOL_EWMA80 gate QQQ<SMA200,sens,sens_2012-01-03,2012-01-03,2017-01-03,false,true,"{""*"": 6, ""BTAL"": 6, ""DBMF"": 2.5, ""KMLM"": 6, ""QQQ"": 1, ""SPY"": 0.7, ""TQQQ"": 1.5}",0.03000000,tests/data/2026-08-20-net15,,0.25000000,0.70000000,QQQ<SMA200,0.00727617,0.18506566,0.00727733,0.18506566,70256.10999748,40000.00000000,30256.10999748,0.75640275,0.22709446,0.18424916,0.91250591,0.26277168,1.28453011,0.75487470,-0.30083730,,2013,0.75881114,2015,-0.05435017,336662.86003147,50.49942900,0.78065904,0.00126249,,,,,0.58585065,0.19716676
VT TQQQ/cash t25 w0-80 QQQ:VOL_EWMA80,sens,sens_2012-01-03,2012-01-03,2017-01-03,false,true,"{""*"": 6, ""BTAL"": 6, ""DBMF"": 2.5, ""KMLM"": 6, ""QQQ"": 1, ""SPY"": 0.7, ""TQQQ"": 1.5}",0.03000000,tests/data/2026-08-20-net15,,0.25000000,0.80000000,,0.00001705,0.00003757,0.00001540,0.00003268,75423.79319947,40000.00000000,35423.79319947,0.88559483,0.25078493,0.20803288,0.92952177,0.28523100,1.31365935,0.90108577,-0.27831416,,2013,0.80563056,2015,-0.04383537,492179.85244848,73.82697787,1.10145690,0.00184567,,,,,0.63234498,0.21315657
VT TQQQ/cash t25 w0-80 QQQ:VOL_EWMA80 gate QQQ<SMA200,sens,sens_2012-01-03,2012-01-03,2017-01-03,false,true,"{""*"": 6, ""BTAL"": 6, ""DBMF"": 2.5, ""KMLM"": 6, ""QQQ"": 1, ""SPY"": 0.7, ""TQQQ"": 1.5}",0.03000000,tests/data/2026-08-20-net15,,0.25000000,0.80000000,QQQ<SMA200,0.00727285,0.18507249,0.00727201,0.18507249,70127.78878466,40000.00000000,30127.78878466,0.75319472,0.23047146,0.18363862,0.87720378,0.28271371,1.23476971,0.72188118,-0.31926509,,2013,0.80561920,2015,-0.08360905,483568.02986733,72.53520448,1.10902017,0.00181338,,,,,0.62508837,0.19715682
VT TQQQ/cash t30 w0-50 QQQ:VOL_EWMA80,sens,sens_2012-01-03,2012-01-03,2017-01-03,false,true,"{""*"": 6, ""BTAL"": 6, ""DBMF"": 2.5, ""KMLM"": 6, ""QQQ"": 1, ""SPY"": 0.7, ""TQQQ"": 1.5}",0.03000000,tests/data/2026-08-20-net15,,0.30000000,0.50000000,,0.00001441,0.00003750,0.00001548,0.00003738,79877.08453295,40000.00000000,39877.08453295,0.99692711,0.25385040,0.22737502,1.16883328,0.21355572,1.67827875,1.24210567,-0.20437102,382,2013,0.59482947,2017,0.01226575,107806.27975810,16.17094196,0.24707204,0.00040427,,,,,0.48648475,0.25579632
VT TQQQ/cash t30 w0-50 QQQ:VOL_EWMA80 gate QQQ<SMA200,sens,sens_2012-01-03,2012-01-03,2017-01-03,false,true,"{""*"": 6, ""BTAL"": 6, ""DBMF"": 2.5, ""KMLM"": 6, ""QQQ"": 1, ""SPY"": 0.7, ""TQQQ"": 1.5}",0.03000000,tests/data/2026-08-20-net15,,0.30000000,0.50000000,QQQ<SMA200,0.00715635,0.18033774,0.00715735,0.18033774,73629.16113087,40000.00000000,33629.16113087,0.84072903,0.23133767,0.19994539,1.09658824,0.21046809,1.55991950,0.95185870,-0.24303783,,2013,0.59269605,2017,0.01226580,98751.00232132,14.81265035,0.23300611,0.00037032,,,,,0.47934287,0.23750690
VT TQQQ/cash t30 w0-60 QQQ:VOL_EWMA80,sens,sens_2012-01-03,2012-01-03,2017-01-03,false,true,"{""*"": 6, ""BTAL"": 6, ""DBMF"": 2.5, ""KMLM"": 6, ""QQQ"": 1, ""SPY"": 0.7, ""TQQQ"": 1.5}",0.03000000,tests/data/2026-08-20-net15,,0.30000000,0.60000000,,0.00001547,0.00003766,0.00001609,0.00003182,84647.82890283,40000.00000000,44647.82890283,1.11619572,0.27851255,0.24704830,1.10459446,0.25173727,1.57797815,1.14430390,-0.24339037,512,2013,0.72595750,2017,0.01465437,147164.49477139,22.07467422,0.31488681,0.00055187,,,,,0.57031386,0.25580476
VT TQQQ/cash t30 w0-60 QQQ:VOL_EWMA80 gate QQQ<SMA200,sens,sens_2012-01-03,2012-01-03,2017-01-03,false,true,"{""*"": 6, ""BTAL"": 6, ""DBMF"": 2.5, ""KMLM"": 6, ""QQQ"": 1, ""SPY"": 0.7, ""TQQQ"": 1.5}",0.03000000,tests/data/2026-08-20-net15,,0.30000000,0.60000000,QQQ<SMA200,0.00753170,0.22068376,0.00753265,0.22068376,77511.14533090,40000.00000000,37511.14533090,0.93777863,0.25401613,0.21722362,1.03679486,0.24878266,1.47010136,0.90679510,-0.28012517,,2013,0.72596613,2016,0.01347085,141867.40810656,21.28011122,0.31276180,0.00053200,,,,,0.56279731,0.23764813
VT TQQQ/cash t30 w0-70 QQQ:VOL_EWMA80,sens,sens_2012-01-03,2012-01-03,2017-01-03,false,true,"{""*"": 6, ""BTAL"": 6, ""DBMF"": 2.5, ""KMLM"": 6, ""QQQ"": 1, ""SPY"": 0.7, ""TQQQ"": 1.5}",0.03000000,tests/data/2026-08-20-net15,,0.30000000,0.70000000,,0.00001544,0.00003766,0.00001714,0.00003685,86046.59118477,40000.00000000,46046.59118477,1.15116478,0.28994865,0.25262801,1.04081888,0.28412703,1.48122974,1.08841548,-0.26639519,,2013,0.86144109,2017,0.01704224,259734.81292631,38.96022194,0.53492034,0.00097401,,,,,0.63965862,0.25578350
VT TQQQ/cash t30 w0-70 QQQ:VOL_EWMA80 gate QQQ<SMA200,sens,sens_2012-01-03,2012-01-03,2017-01-03,false,true,"{""*"": 6, ""BTAL"": 6, ""DBMF"": 2.5, ""KMLM"": 6, ""QQQ"": 1, ""SPY"": 0.7, ""TQQQ"": 1.5}",0.03000000,tests/data/2026-08-20-net15,,0.30000000,0.70000000,QQQ<SMA200,0.00777340,0.22063680,0.00777413,0.22063680,78783.72324398,40000.00000000,38783.72324398,0.96959308,0.26518919,0.22271792,0.97951652,0.28124235,1.38577440,0.84672816,-0.31319283,,2013,0.86144784,2015,-0.01505155,252202.29588348,37.83034438,0.53493477,0.00094576,,,,,0.63190164,0.23770502
VT TQQQ/cash t30 w0-80 QQQ:VOL_EWMA80,sens,sens_2012-01-03,2012-01-03,2017-01-03,false,true,"{""*"": 6, ""BTAL"": 6, ""DBMF"": 2.5, ""KMLM"": 6, ""QQQ"": 1, ""SPY"": 0.7, ""TQQQ"": 1.5}",0.03000000,tests/data/2026-08-20-net15,,0.30000000,0.80000000,,0.00001517,0.00003766,0.00001641,0.00003356,84383.32482897,40000.00000000,44383.32482897,1.10958312,0.28882882,0.24598392,0.97363611,0.31116330,1.37982749,0.98514757,-0.29318330,,2013,0.92612966,2015,-0.01342085,402569.43587826,60.38541538,0.82384233,0.00150964,,,,,0.69407133,0.25579837
VT TQQQ/cash t30 w0-80 QQQ:VOL_EWMA80 gate QQQ<SMA200,sens,sens_2012-01-03,2012-01-03,2017-01-03,false,true,"{""*"": 6, ""BTAL"": 6, ""DBMF"": 2.5, ""KMLM"": 6, ""QQQ"": 1, ""SPY"": 0.7, ""TQQQ"": 1.5}",0.03000000,tests/data/2026-08-20-net15,,0.30000000,0.80000000,QQQ<SMA200,0.00866637,0.22069980,0.00866651,0.22069980,77318.16831780,40000.00000000,37318.16831780,0.93295421,0.26404335,0.21638336,0.91748241,0.30788366,1.29389437,0.75815453,-0.34827115,,2013,0.92611815,2015,-0.06130470,393495.33143598,59.02429972,0.82943625,0.00147561,,,,,0.68542123,0.23767548
VT TQQQ/cash t35 w0-50 QQQ:VOL_EWMA80,sens,sens_2012-01-03,2012-01-03,2017-01-03,false,true,"{""*"": 6, ""BTAL"": 6, ""DBMF"": 2.5, ""KMLM"": 6, ""QQQ"": 1, ""SPY"": 0.7, ""TQQQ"": 1.5}",0.03000000,tests/data/2026-08-20-net15,,0.35000000,0.50000000,,0.00001277,0.00003750,0.00001377,0.00003738,81800.29519063,40000.00000000,41800.29519063,1.04500738,0.26045784,0.23542946,1.18344378,0.21577399,1.70303766,1.21592872,-0.21420486,248,2013,0.59483301,2017,0.01226574,89808.48995439,13.47127349,0.20423806,0.00033678,,,,,0.49106710,0.29843205
VT TQQQ/cash t35 w0-50 QQQ:VOL_EWMA80 gate QQQ<SMA200,sens,sens_2012-01-03,2012-01-03,2017-01-03,false,true,"{""*"": 6, ""BTAL"": 6, ""DBMF"": 2.5, ""KMLM"": 6, ""QQQ"": 1, ""SPY"": 0.7, ""TQQQ"": 1.5}",0.03000000,tests/data/2026-08-20-net15,,0.35000000,0.50000000,QQQ<SMA200,0.00665683,0.17466224,0.00665797,0.17466224,75659.73562136,40000.00000000,35659.73562136,0.89149339,0.23870567,0.20908318,1.11543418,0.21269763,1.59028231,0.97269253,-0.24540712,,2013,0.59268605,2017,0.01226588,77727.04840566,11.65905726,0.18202117,0.00029148,,,,,0.48442289,0.27808891
VT TQQQ/cash t35 w0-60 QQQ:VOL_EWMA80,sens,sens_2012-01-03,2012-01-03,2017-01-03,false,true,"{""*"": 6, ""BTAL"": 6, ""DBMF"": 2.5, ""KMLM"": 6, ""QQQ"": 1, ""SPY"": 0.7, ""TQQQ"": 1.5}",0.03000000,tests/data/2026-08-20-net15,,0.35000000,0.60000000,,0.00001329,0.00004393,0.00001325,0.00003592,89289.40129636,40000.00000000,49289.40129636,1.23223503,0.29595903,0.26525822,1.14130410,0.25663895,1.63739443,1.19721492,-0.24720626,429,2013,0.73421182,2017,0.01465390,138183.88572928,20.72758286,0.28715544,0.00051819,,,,,0.58263790,0.29843124
VT TQQQ/cash t35 w0-60 QQQ:VOL_EWMA80 gate QQQ<SMA200,sens,sens_2012-01-03,2012-01-03,2017-01-03,false,true,"{""*"": 6, ""BTAL"": 6, ""DBMF"": 2.5, ""KMLM"": 6, ""QQQ"": 1, ""SPY"": 0.7, ""TQQQ"": 1.5}",0.03000000,tests/data/2026-08-20-net15,,0.35000000,0.60000000,QQQ<SMA200,0.00834320,0.22547017,0.00834333,0.22547017,81116.82990694,40000.00000000,41116.82990694,1.02792075,0.26887584,0.23258677,1.06992099,0.25314680,1.52122203,0.93126406,-0.28872138,,2013,0.73161182,2017,0.01465444,127414.05963156,19.11210894,0.27395268,0.00047780,,,,,0.57430781,0.27833039
VT TQQQ/cash t35 w0-70 QQQ:VOL_EWMA80,sens,sens_2012-01-03,2012-01-03,2017-01-03,false,true,"{""*"": 6, ""BTAL"": 6, ""DBMF"": 2.5, ""KMLM"": 6, ""QQQ"": 1, ""SPY"": 0.7, ""TQQQ"": 1.5}",0.03000000,tests/data/2026-08-20-net15,,0.35000000,0.70000000,,0.00001366,0.00004393,0.00001389,0.00003467,94102.85268623,40000.00000000,54102.85268623,1.35257132,0.31875846,0.28327180,1.08899596,0.29472216,1.55597092,1.12350366,-0.28371822,519,2013,0.87320180,2017,0.01704284,185277.25529539,27.79158829,0.36059216,0.00069479,,,,,0.66537105,0.29841607
VT TQQQ/cash t35 w0-70 QQQ:VOL_EWMA80 gate QQQ<SMA200,sens,sens_2012-01-03,2012-01-03,2017-01-03,false,true,"{""*"": 6, ""BTAL"": 6, ""DBMF"": 2.5, ""KMLM"": 6, ""QQQ"": 1, ""SPY"": 0.7, ""TQQQ"": 1.5}",0.03000000,tests/data/2026-08-20-net15,,0.35000000,0.70000000,QQQ<SMA200,0.00842761,0.25587089,0.00842737,0.25587089,85114.87560400,40000.00000000,45114.87560400,1.12787189,0.29025116,0.24892048,1.02267184,0.29149263,1.45069255,0.89812054,-0.32317618,,2013,0.87320705,2016,0.00793522,177995.99589527,26.69939938,0.35839798,0.00066748,,,,,0.65695758,0.27850449
VT TQQQ/cash t35 w0-80 QQQ:VOL_EWMA80,sens,sens_2012-01-03,2012-01-03,2017-01-03,false,true,"{""*"": 6, ""BTAL"": 6, ""DBMF"": 2.5, ""KMLM"": 6, ""QQQ"": 1, ""SPY"": 0.7, ""TQQQ"": 1.5}",0.03000000,tests/data/2026-08-20-net15,,0.35000000,0.80000000,,0.00001464,0.00004393,0.00001466,0.00003449,95692.95416899,40000.00000000,55692.95416899,1.39232385,0.32995108,0.28904269,1.03635942,0.32789930,1.47654004,1.07854582,-0.30592217,,2013,1.01806118,2017,0.01943123,315796.94337876,47.36954151,0.59149719,0.00118424,,,,,0.73576063,0.29843548
VT TQQQ/cash t35 w0-80 QQQ:VOL_EWMA80 gate QQQ<SMA200,sens,sens_2012-01-03,2012-01-03,2017-01-03,false,true,"{""*"": 6, ""BTAL"": 6, ""DBMF"": 2.5, ""KMLM"": 6, ""QQQ"": 1, ""SPY"": 0.7, ""TQQQ"": 1.5}",0.03000000,tests/data/2026-08-20-net15,,0.35000000,0.80000000,QQQ<SMA200,0.00834145,0.25582576,0.00834186,0.25582576,86589.07651885,40000.00000000,46589.07651885,1.16472691,0.30135278,0.25477019,0.97577713,0.32493685,1.38213712,0.84547468,-0.35643029,,2013,1.01805968,2015,-0.01909240,306226.40240968,45.93396036,0.59287612,0.00114835,,,,,0.72743343,0.27855420
VT TQQQ/cash t40 w0-50 QQQ:VOL_EWMA80,sens,sens_2012-01-03,2012-01-03,2017-01-03,false,true,"{""*"": 6, ""BTAL"": 6, ""DBMF"": 2.5, ""KMLM"": 6, ""QQQ"": 1, ""SPY"": 0.7, ""TQQQ"": 1.5}",0.03000000,tests/data/2026-08-20-net15,,0.40000000,0.50000000,,0.00001518,0.00003750,0.00001598,0.00003738,83319.33887571,40000.00000000,43319.33887571,1.08298347,0.26557719,0.24167195,1.19163885,0.21812887,1.71779909,1.18227922,-0.22463153,244,2013,0.59482782,2017,0.01226543,75784.44613215,11.36766692,0.17138316,0.00028419,,,,,0.49535979,0.34104911
VT TQQQ/cash t40 w0-50 QQQ:VOL_EWMA80 gate QQQ<SMA200,sens,sens_2012-01-03,2012-01-03,2017-01-03,false,true,"{""*"": 6, ""BTAL"": 6, ""DBMF"": 2.5, ""KMLM"": 6, ""QQQ"": 1, ""SPY"": 0.7, ""TQQQ"": 1.5}",0.03000000,tests/data/2026-08-20-net15,,0.40000000,0.50000000,QQQ<SMA200,0.00625873,0.18103186,0.00625951,0.18103186,77619.48498191,40000.00000000,37619.48498191,0.94048712,0.24567251,0.21769452,1.13192932,0.21500071,1.61763795,0.99971025,-0.24574371,448,2013,0.59268842,2017,0.01226579,57831.12030632,8.67466805,0.13445139,0.00021687,,,,,0.48911626,0.31896814
VT TQQQ/cash t40 w0-60 QQQ:VOL_EWMA80,sens,sens_2012-01-03,2012-01-03,2017-01-03,false,true,"{""*"": 6, ""BTAL"": 6, ""DBMF"": 2.5, ""KMLM"": 6, ""QQQ"": 1, ""SPY"": 0.7, ""TQQQ"": 1.5}",0.03000000,tests/data/2026-08-20-net15,,0.40000000,0.60000000,,0.00001296,0.00004500,0.00001360,0.00003627,91503.90245978,40000.00000000,51503.90245978,1.28759756,0.30329193,0.27365030,1.15576650,0.25880526,1.66125421,1.21308185,-0.25001770,252,2013,0.73420103,2017,0.01465419,115139.17382238,17.27087607,0.23714308,0.00043177,,,,,0.58745119,0.34106384
VT TQQQ/cash t40 w0-60 QQQ:VOL_EWMA80 gate QQQ<SMA200,sens,sens_2012-01-03,2012-01-03,2017-01-03,false,true,"{""*"": 6, ""BTAL"": 6, ""DBMF"": 2.5, ""KMLM"": 6, ""QQQ"": 1, ""SPY"": 0.7, ""TQQQ"": 1.5}",0.03000000,tests/data/2026-08-20-net15,,0.40000000,0.60000000,QQQ<SMA200,0.00782941,0.19815036,0.00783042,0.19815036,83436.61849570,40000.00000000,43436.61849570,1.08591546,0.27704957,0.24214966,1.08813612,0.25533821,1.55012417,0.95162978,-0.29113167,,2013,0.73163072,2017,0.01465437,105361.61235493,15.80424185,0.22455284,0.00039511,,,,,0.57963437,0.31927952
VT TQQQ/cash t40 w0-70 QQQ:VOL_EWMA80,sens,sens_2012-01-03,2012-01-03,2017-01-03,false,false,"{""*"": 6, ""BTAL"": 6, ""DBMF"": 2.5, ""KMLM"": 6, ""QQQ"": 1, ""SPY"": 0.7, ""TQQQ"": 1.5}",0.03000000,tests/data/2026-08-20-net15,,0.40000000,0.70000000,,0.00001256,0.00005021,0.00001278,0.00002899,99581.64443720,40000.00000000,59581.64443720,1.48954111,0.33738003,0.30280539,1.12162286,0.30011368,1.60868877,1.16757779,-0.28895722,430,2013,0.88357480,2017,0.01704240,171087.22559608,25.66308384,0.32269861,0.00064158,,,,,0.67875480,0.34105671
VT TQQQ/cash t40 w0-70 QQQ:VOL_EWMA80 gate QQQ<SMA200,sens,sens_2012-01-03,2012-01-03,2017-01-03,false,true,"{""*"": 6, ""BTAL"": 6, ""DBMF"": 2.5, ""KMLM"": 6, ""QQQ"": 1, ""SPY"": 0.7, ""TQQQ"": 1.5}",0.03000000,tests/data/2026-08-20-net15,,0.40000000,0.70000000,QQQ<SMA200,0.00941605,0.27015869,0.00941611,0.27015869,89233.64564583,40000.00000000,49233.64564583,1.23084114,0.30578813,0.26504455,1.05141522,0.29628451,1.49495194,0.91952055,-0.33255171,,2013,0.88056676,2017,0.01704250,158767.65652991,23.81514848,0.31127298,0.00059538,,,,,0.66935148,0.31951768
VT TQQQ/cash t40 w0-80 QQQ:VOL_EWMA80,sens,sens_2012-01-03,2012-01-03,2017-01-03,false,false,"{""*"": 6, ""BTAL"": 6, ""DBMF"": 2.5, ""KMLM"": 6, ""QQQ"": 1, ""SPY"": 0.7, ""TQQQ"": 1.5}",0.03000000,tests/data/2026-08-20-net15,,0.40000000,0.80000000,,0.00001318,0.00005021,0.00001239,0.00002480,104366.72644648,40000.00000000,64366.72644648,1.60916816,0.35834239,0.31910264,1.07778007,0.33812422,1.54067165,1.10926481,-0.32304495,,2013,1.03072930,2017,0.01943123,232074.99360855,34.81124904,0.41124054,0.00087028,,,,,0.76042755,0.34106978
VT TQQQ/cash t40 w0-80 QQQ:VOL_EWMA80 gate QQQ<SMA200,sens,sens_2012-01-03,2012-01-03,2017-01-03,false,true,"{""*"": 6, ""BTAL"": 6, ""DBMF"": 2.5, ""KMLM"": 6, ""QQQ"": 1, ""SPY"": 0.7, ""TQQQ"": 1.5}",0.03000000,tests/data/2026-08-20-net15,,0.40000000,0.80000000,QQQ<SMA200,0.00921147,0.29064291,0.00921079,0.29064291,93313.49615763,40000.00000000,53313.49615763,1.33283740,0.32589842,0.28037479,1.01300325,0.33468954,1.43801775,0.89403715,-0.36452447,,2013,1.03073059,2016,0.00154650,222552.65189786,33.38289778,0.40954811,0.00083457,,,,,0.75122915,0.31966171
50/50,sens,sens_2012-01-03,2012-01-03,2017-01-03,true,true,"{""*"": 6, ""BTAL"": 6, ""DBMF"": 2.5, ""KMLM"": 6, ""QQQ"": 1, ""SPY"": 0.7, ""TQQQ"": 1.5}",0.03000000,tests/data/2026-08-20-net15,,,,,0.00034753,0.00173099,0.00034399,0.00191068,76362.61610510,40000.00000000,36362.61610510,0.90906540,0.23257153,0.21219462,1.13056264,0.20379070,1.62229921,1.35973577,-0.17104171,213,2013,0.46832293,2017,0.00702825,159840.14695202,61.49980566,0.38431546,0.00153750,0.49965627,0.49808932,,,0.49998172,0.49996084
TQQQ50/BTAL50 gate QQQ<SMA200,sens,sens_2012-01-03,2012-01-03,2017-01-03,true,true,"{""*"": 6, ""BTAL"": 6, ""DBMF"": 2.5, ""KMLM"": 6, ""QQQ"": 1, ""SPY"": 0.7, ""TQQQ"": 1.5}",0.03000000,tests/data/2026-08-20-net15,,,,,0.00762577,0.10326521,0.00762105,0.10326785,72908.32782081,40000.00000000,32908.32782081,0.82270820,0.21982959,0.19664666,1.09959824,0.19921786,1.56929983,1.33867034,-0.16421488,141,2013,0.46665875,2017,0.00702966,122536.49960769,48.30988133,0.29981816,0.00120775,0.50695804,0.49808932,,,0.49267957,0.39673215
SPY benchmark,sens,sens_2012-01-03,2012-01-03,2017-01-03,true,true,"{""*"": 6, ""BTAL"": 6, ""DBMF"": 2.5, ""KMLM"": 6, ""QQQ"": 1, ""SPY"": 0.7, ""TQQQ"": 1.5}",0.03000000,tests/data/2026-08-20-net15,,,,,0.00239049,0.00887397,0.00239169,0.00887535,59070.77871491,40000.00000000,19070.77871491,0.47676947,0.13984583,0.12676115,1.09225606,0.12755911,1.57511286,1.06101226,-0.13180416,334,2013,0.31819168,2017,0.00763075,39853.28689682,2.78973008,0.11934910,0.00006974,,,0.99760831,0.99112465,,
VT TQQQ/BTAL t25 w0-50 QQQ:VOL_EWMA80,sens,sens_2012-07-03,2012-07-03,2017-07-03,false,true,"{""*"": 6, ""BTAL"": 6, ""DBMF"": 2.5, ""KMLM"": 6, ""QQQ"": 1, ""SPY"": 0.7, ""TQQQ"": 1.5}",0.03000000,tests/data/2026-08-20-net15,BTAL,0.25000000,0.50000000,,0.00038340,0.00171560,0.00038038,0.00172432,74488.17071074,40000.00000000,34488.17071074,0.86220427,0.20498090,0.20407923,1.08527156,0.18870292,1.52825181,1.25647360,-0.16313984,141,2013,0.45841275,2012,-0.03238933,196984.99993463,76.71603043,0.51964641,0.00191790,0.52214599,0.49864055,,,0.47745229,0.21313665
VT TQQQ/BTAL t25 w0-50 QQQ:VOL_EWMA80 gate QQQ<SMA200,sens,sens_2012-07-03,2012-07-03,2017-07-03,false,true,"{""*"": 6, ""BTAL"": 6, ""DBMF"": 2.5, ""KMLM"": 6, ""QQQ"": 1, ""SPY"": 0.7, ""TQQQ"": 1.5}",0.03000000,tests/data/2026-08-20-net15,BTAL,0.25000000,0.50000000,QQQ<SMA200,0.00689088,0.18474350,0.00689141,0.18474680,68613.39461135,40000.00000000,28613.39461135,0.71533487,0.18153473,0.17656559,0.98855484,0.18688736,1.38331424,1.09154398,-0.16631004,576,2013,0.45839841,2012,-0.03432530,191334.80870548,75.13948149,0.52625468,0.00187849,0.52874077,0.49877969,,,0.47089528,0.19096126
VT TQQQ/BTAL t25 w0-60 QQQ:VOL_EWMA80,sens,sens_2012-07-03,2012-07-03,2017-07-03,false,true,"{""*"": 6, ""BTAL"": 6, ""DBMF"": 2.5, ""KMLM"": 6, ""QQQ"": 1, ""SPY"": 0.7, ""TQQQ"": 1.5}",0.03000000,tests/data/2026-08-20-net15,BTAL,0.25000000,0.60000000,,0.00036859,0.00171560,0.00037690,0.00172432,77564.93627987,40000.00000000,37564.93627987,0.93912341,0.21996313,0.21771324,1.01584098,0.22016492,1.42515799,1.09675618,-0.20055792,462,2013,0.58742391,2012,-0.03634623,342160.99333404,130.20765780,0.88221858,0.00325519,0.45171119,0.39851145,,,0.54789158,0.21315000
VT TQQQ/BTAL t25 w0-60 QQQ:VOL_EWMA80 gate QQQ<SMA200,sens,sens_2012-07-03,2012-07-03,2017-07-03,false,true,"{""*"": 6, ""BTAL"": 6, ""DBMF"": 2.5, ""KMLM"": 6, ""QQQ"": 1, ""SPY"": 0.7, ""TQQQ"": 1.5}",0.03000000,tests/data/2026-08-20-net15,BTAL,0.25000000,0.60000000,QQQ<SMA200,0.00747304,0.18475403,0.00748150,0.18475735,71411.43878649,40000.00000000,31411.43878649,0.78528597,0.19596561,0.18992601,0.93212323,0.21807201,1.30150306,0.92341338,-0.21221872,576,2013,0.58732350,2012,-0.03929174,332252.29981958,127.24793770,0.89314668,0.00318120,0.45886747,0.39901885,,,0.54075110,0.19099300
VT TQQQ/BTAL t25 w0-70 QQQ:VOL_EWMA80,sens,sens_2012-07-03,2012-07-03,2017-07-03,false,true,"{""*"": 6, ""BTAL"": 6, ""DBMF"": 2.5, ""KMLM"": 6, ""QQQ"": 1, ""SPY"": 0.7, ""TQQQ"": 1.5}",0.03000000,tests/data/2026-08-20-net15,BTAL,0.25000000,0.70000000,,0.00034180,0.00171560,0.00036317,0.00172432,78339.32963646,40000.00000000,38339.32963646,0.95848324,0.22180382,0.22106784,0.93685961,0.24710924,1.30624100,0.93202145,-0.23798146,543,2013,0.63348477,2012,-0.03191862,526929.51068904,199.11814509,1.37457756,0.00497795,0.39835199,0.29839257,,,0.60126097,0.21313333
VT TQQQ/BTAL t25 w0-70 QQQ:VOL_EWMA80 gate QQQ<SMA200,sens,sens_2012-07-03,2012-07-03,2017-07-03,false,true,"{""*"": 6, ""BTAL"": 6, ""DBMF"": 2.5, ""KMLM"": 6, ""QQQ"": 1, ""SPY"": 0.7, ""TQQQ"": 1.5}",0.03000000,tests/data/2026-08-20-net15,BTAL,0.25000000,0.70000000,QQQ<SMA200,0.00779234,0.18488649,0.00781598,0.18488995,72279.24672879,40000.00000000,32279.24672879,0.80698117,0.19807196,0.19397311,0.86268507,0.24493097,1.19851774,0.78032730,-0.25383190,576,2013,0.63358626,2015,-0.07894666,516025.42956211,195.71274711,1.40228761,0.00489282,0.40577348,0.29839257,,,0.59381160,0.19095007
VT TQQQ/BTAL t25 w0-80 QQQ:VOL_EWMA80,sens,sens_2012-07-03,2012-07-03,2017-07-03,false,true,"{""*"": 6, ""BTAL"": 6, ""DBMF"": 2.5, ""KMLM"": 6, ""QQQ"": 1, ""SPY"": 0.7, ""TQQQ"": 1.5}",0.03000000,tests/data/2026-08-20-net15,BTAL,0.25000000,0.80000000,,0.00037447,0.00171560,0.00041232,0.00172432,80648.30914610,40000.00000000,40648.30914610,1.01620773,0.22869984,0.23089582,0.90291485,0.26893203,1.25628317,0.87051738,-0.26271714,541,2013,0.67645880,2015,-0.06321271,739597.31789031,279.04205865,1.93472605,0.00697605,0.35580806,0.19908135,,,0.64375323,0.21313555
VT TQQQ/BTAL t25 w0-80 QQQ:VOL_EWMA80 gate QQQ<SMA200,sens,sens_2012-07-03,2012-07-03,2017-07-03,false,true,"{""*"": 6, ""BTAL"": 6, ""DBMF"": 2.5, ""KMLM"": 6, ""QQQ"": 1, ""SPY"": 0.7, ""TQQQ"": 1.5}",0.03000000,tests/data/2026-08-20-net15,BTAL,0.25000000,0.80000000,QQQ<SMA200,0.00781178,0.18499601,0.00785069,0.18499959,74418.94744554,40000.00000000,34418.94744554,0.86047369,0.20478910,0.20376667,0.83380386,0.26694470,1.15660176,0.74106933,-0.27634270,574,2013,0.67626994,2015,-0.11181364,721875.04712893,273.06720407,1.96682906,0.00682668,0.36325126,0.19864649,,,0.63631037,0.19088916
VT TQQQ/BTAL t30 w0-50 QQQ:VOL_EWMA80,sens,sens_2012-07-03,2012-07-03,2017-07-03,false,true,"{""*"": 6, ""BTAL"": 6, ""DBMF"": 2.5, ""KMLM"": 6, ""QQQ"": 1, ""SPY"": 0.7, ""TQQQ"": 1.5}",0.03000000,tests/data/2026-08-20-net15,BTAL,0.30000000,0.50000000,,0.00031339,0.00145430,0.00030694,0.00146240,78259.42299194,40000.00000000,38259.42299194,0.95648557,0.22109726,0.22072308,1.13988662,0.19188130,1.61354113,1.34643482,-0.16420941,98,2013,0.46834290,2012,-0.02659957,187264.86976112,72.37850429,0.47841095,0.00180946,0.51200329,0.49853760,,,0.48766620,0.25580612
VT TQQQ/BTAL t30 w0-50 QQQ:VOL_EWMA80 gate QQQ<SMA200,sens,sens_2012-07-03,2012-07-03,2017-07-03,false,true,"{""*"": 6, ""BTAL"": 6, ""DBMF"": 2.5, ""KMLM"": 6, ""QQQ"": 1, ""SPY"": 0.7, ""TQQQ"": 1.5}",0.03000000,tests/data/2026-08-20-net15,BTAL,0.30000000,0.50000000,QQQ<SMA200,0.00746751,0.18007161,0.00746331,0.18007471,71557.62544564,40000.00000000,31557.62544564,0.78894064,0.19516052,0.19061088,1.03873659,0.18938231,1.45743375,1.15064393,-0.16960983,568,2013,0.46549678,2012,-0.02848888,171485.81573607,66.98876298,0.45921615,0.00167472,0.51912076,0.49853760,,,0.48052144,0.23039776
VT TQQQ/BTAL t30 w0-60 QQQ:VOL_EWMA80,sens,sens_2012-07-03,2012-07-03,2017-07-03,false,true,"{""*"": 6, ""BTAL"": 6, ""DBMF"": 2.5, ""KMLM"": 6, ""QQQ"": 1, ""SPY"": 0.7, ""TQQQ"": 1.5}",0.03000000,tests/data/2026-08-20-net15,BTAL,0.30000000,0.60000000,,0.00034922,0.00183096,0.00034738,0.00182750,85121.44225964,40000.00000000,45121.44225964,1.12803606,0.25275199,0.24923691,1.10288486,0.22863649,1.55704687,1.22725031,-0.20594983,430,2013,0.61173197,2012,-0.02593698,242512.28678264,92.88772609,0.58048665,0.00232219,0.42668062,0.39839620,,,0.57295057,0.25579711
VT TQQQ/BTAL t30 w0-60 QQQ:VOL_EWMA80 gate QQQ<SMA200,sens,sens_2012-07-03,2012-07-03,2017-07-03,false,true,"{""*"": 6, ""BTAL"": 6, ""DBMF"": 2.5, ""KMLM"": 6, ""QQQ"": 1, ""SPY"": 0.7, ""TQQQ"": 1.5}",0.03000000,tests/data/2026-08-20-net15,BTAL,0.30000000,0.60000000,QQQ<SMA200,0.00792564,0.22039553,0.00792465,0.22039864,77255.01419309,40000.00000000,37255.01419309,0.93137535,0.22450867,0.21636222,1.01149616,0.22612110,1.41775656,0.99757139,-0.22505524,576,2013,0.61184583,2012,-0.02791672,233758.07494335,90.35475293,0.58765405,0.00225887,0.43428757,0.39861965,,,0.56534308,0.23057103
VT TQQQ/BTAL t30 w0-70 QQQ:VOL_EWMA80,sens,sens_2012-07-03,2012-07-03,2017-07-03,false,true,"{""*"": 6, ""BTAL"": 6, ""DBMF"": 2.5, ""KMLM"": 6, ""QQQ"": 1, ""SPY"": 0.7, ""TQQQ"": 1.5}",0.03000000,tests/data/2026-08-20-net15,BTAL,0.30000000,0.70000000,,0.00035921,0.00183096,0.00036515,0.00182750,88861.18268695,40000.00000000,48861.18268695,1.22152957,0.26872548,0.26392016,1.04048133,0.26264552,1.46306275,1.10534666,-0.24311421,539,2013,0.75931135,2012,-0.03226411,409601.47993313,154.74341926,0.95502982,0.00386859,0.35475921,0.29877749,,,0.64485132,0.25577578
VT TQQQ/BTAL t30 w0-70 QQQ:VOL_EWMA80 gate QQQ<SMA200,sens,sens_2012-07-03,2012-07-03,2017-07-03,false,true,"{""*"": 6, ""BTAL"": 6, ""DBMF"": 2.5, ""KMLM"": 6, ""QQQ"": 1, ""SPY"": 0.7, ""TQQQ"": 1.5}",0.03000000,tests/data/2026-08-20-net15,BTAL,0.30000000,0.70000000,QQQ<SMA200,0.00820641,0.22041639,0.00821358,0.22041951,80626.17574939,40000.00000000,40626.17574939,1.01565439,0.23997882,0.23080282,0.95973767,0.26009951,1.34206345,0.87593201,-0.27396969,577,2013,0.75929670,2012,-0.03487615,395063.06081742,149.99225864,0.96711176,0.00374981,0.36269219,0.29901801,,,0.63695475,0.23062432
VT TQQQ/BTAL t30 w0-80 QQQ:VOL_EWMA80,sens,sens_2012-07-03,2012-07-03,2017-07-03,false,true,"{""*"": 6, ""BTAL"": 6, ""DBMF"": 2.5, ""KMLM"": 6, ""QQQ"": 1, ""SPY"": 0.7, ""TQQQ"": 1.5}",0.03000000,tests/data/2026-08-20-net15,BTAL,0.30000000,0.80000000,,0.00031254,0.00183096,0.00033402,0.00182750,89379.66222135,40000.00000000,49379.66222135,1.23449156,0.27023127,0.26591212,0.96640737,0.29273287,1.35123817,0.96430995,-0.28023279,553,2013,0.82290159,2012,-0.02652953,610352.70266464,230.00919203,1.43862668,0.00575023,0.29710337,0.19878065,,,0.70253741,0.25577924
VT TQQQ/BTAL t30 w0-80 QQQ:VOL_EWMA80 gate QQQ<SMA200,sens,sens_2012-07-03,2012-07-03,2017-07-03,false,true,"{""*"": 6, ""BTAL"": 6, ""DBMF"": 2.5, ""KMLM"": 6, ""QQQ"": 1, ""SPY"": 0.7, ""TQQQ"": 1.5}",0.03000000,tests/data/2026-08-20-net15,BTAL,0.30000000,0.80000000,QQQ<SMA200,0.00915089,0.22056034,0.00917199,0.22056359,81174.03322033,40000.00000000,41174.03322033,1.02935083,0.24130304,0.23309811,0.89368095,0.28971779,1.24397843,0.75568207,-0.31931820,578,2013,0.82293776,2015,-0.08491485,592815.27333425,224.26284603,1.46661041,0.00560657,0.30590325,0.19903360,,,0.69370376,0.23055635
VT TQQQ/BTAL t35 w0-50 QQQ:VOL_EWMA80,sens,sens_2012-07-03,2012-07-03,2017-07-03,false,true,"{""*"": 6, ""BTAL"": 6, ""DBMF"": 2.5, ""KMLM"": 6, ""QQQ"": 1, ""SPY"": 0.7, ""TQQQ"": 1.5}",0.03000000,tests/data/2026-08-20-net15,BTAL,0.35000000,0.50000000,,0.00034264,0.00144371,0.00033589,0.00143474,80409.26014331,40000.00000000,40409.26014331,1.01023150,0.22851519,0.22989016,1.16195892,0.19377816,1.64931761,1.39154998,-0.16421630,95,2013,0.46830361,2012,-0.02769523,164039.07069832,63.63662276,0.41399204,0.00159092,0.50720093,0.49856526,,,0.49244113,0.29840433
VT TQQQ/BTAL t35 w0-50 QQQ:VOL_EWMA80 gate QQQ<SMA200,sens,sens_2012-07-03,2012-07-03,2017-07-03,false,true,"{""*"": 6, ""BTAL"": 6, ""DBMF"": 2.5, ""KMLM"": 6, ""QQQ"": 1, ""SPY"": 0.7, ""TQQQ"": 1.5}",0.03000000,tests/data/2026-08-20-net15,BTAL,0.35000000,0.50000000,QQQ<SMA200,0.00697286,0.18260132,0.00696390,0.18260463,73763.04170754,40000.00000000,33763.04170754,0.84407604,0.20331455,0.20079195,1.06694995,0.19106575,1.50020791,1.17571611,-0.17292827,547,2013,0.46557935,2012,-0.02964104,140534.89592139,55.17693335,0.37171095,0.00137942,0.51383457,0.49873321,,,0.48577985,0.27014652
VT TQQQ/BTAL t35 w0-60 QQQ:VOL_EWMA80,sens,sens_2012-07-03,2012-07-03,2017-07-03,false,true,"{""*"": 6, ""BTAL"": 6, ""DBMF"": 2.5, ""KMLM"": 6, ""QQQ"": 1, ""SPY"": 0.7, ""TQQQ"": 1.5}",0.03000000,tests/data/2026-08-20-net15,BTAL,0.35000000,0.60000000,,0.00033088,0.00145185,0.00032555,0.00146673,89787.04599745,40000.00000000,49787.04599745,1.24467615,0.27077666,0.26747005,1.14906744,0.23273935,1.63060056,1.30719455,-0.20714335,106,2013,0.62478382,2012,-0.01874328,231014.25107732,88.24822147,0.53341807,0.00220621,0.41539854,0.39853327,,,0.58425237,0.29840841
VT TQQQ/BTAL t35 w0-60 QQQ:VOL_EWMA80 gate QQQ<SMA200,sens,sens_2012-07-03,2012-07-03,2017-07-03,false,true,"{""*"": 6, ""BTAL"": 6, ""DBMF"": 2.5, ""KMLM"": 6, ""QQQ"": 1, ""SPY"": 0.7, ""TQQQ"": 1.5}",0.03000000,tests/data/2026-08-20-net15,BTAL,0.35000000,0.60000000,QQQ<SMA200,0.00869445,0.22523821,0.00868952,0.22524124,80749.63340530,40000.00000000,40749.63340530,1.01874084,0.23938798,0.23132127,1.05292700,0.22945145,1.47979308,1.03190229,-0.23198706,571,2013,0.62106833,2012,-0.02080827,211592.11252050,81.51614492,0.51641341,0.00203790,0.42380823,0.39853327,,,0.57584199,0.27043923
VT TQQQ/BTAL t35 w0-70 QQQ:VOL_EWMA80,sens,sens_2012-07-03,2012-07-03,2017-07-03,false,true,"{""*"": 6, ""BTAL"": 6, ""DBMF"": 2.5, ""KMLM"": 6, ""QQQ"": 1, ""SPY"": 0.7, ""TQQQ"": 1.5}",0.03000000,tests/data/2026-08-20-net15,BTAL,0.35000000,0.70000000,,0.00025871,0.00115805,0.00025884,0.00112740,97023.46506710,40000.00000000,57023.46506710,1.42558663,0.30013296,0.29414513,1.10623614,0.27130368,1.56371705,1.20961423,-0.24812288,536,2013,0.77829161,2012,-0.02000650,297305.55630369,112.71361865,0.64627534,0.00281784,0.33126909,0.29887260,,,0.66845125,0.29843734
VT TQQQ/BTAL t35 w0-70 QQQ:VOL_EWMA80 gate QQQ<SMA200,sens,sens_2012-07-03,2012-07-03,2017-07-03,false,true,"{""*"": 6, ""BTAL"": 6, ""DBMF"": 2.5, ""KMLM"": 6, ""QQQ"": 1, ""SPY"": 0.7, ""TQQQ"": 1.5}",0.03000000,tests/data/2026-08-20-net15,BTAL,0.35000000,0.70000000,QQQ<SMA200,0.00884076,0.25562611,0.00883718,0.25562893,86815.73983537,40000.00000000,46815.73983537,1.17039350,0.26705011,0.25595916,1.01952186,0.26820859,1.43019022,0.93164916,-0.28664236,578,2013,0.77836897,2016,-0.02665225,283907.62052937,108.40636024,0.65274461,0.00271016,0.33978867,0.29893312,,,0.65987911,0.27062857
VT TQQQ/BTAL t35 w0-80 QQQ:VOL_EWMA80,sens,sens_2012-07-03,2012-07-03,2017-07-03,false,true,"{""*"": 6, ""BTAL"": 6, ""DBMF"": 2.5, ""KMLM"": 6, ""QQQ"": 1, ""SPY"": 0.7, ""TQQQ"": 1.5}",0.03000000,tests/data/2026-08-20-net15,BTAL,0.35000000,0.80000000,,0.00031788,0.00158795,0.00032720,0.00158386,101246.20032917,40000.00000000,61246.20032917,1.53115501,0.31582055,0.30890609,1.05058481,0.30704483,1.47938742,1.10798094,-0.28504150,541,2013,0.93831009,2012,-0.02889007,486791.26493062,182.87644970,1.03058962,0.00457191,0.25837269,0.19841614,,,0.74127749,0.29841638
VT TQQQ/BTAL t35 w0-80 QQQ:VOL_EWMA80 gate QQQ<SMA200,sens,sens_2012-07-03,2012-07-03,2017-07-03,false,true,"{""*"": 6, ""BTAL"": 6, ""DBMF"": 2.5, ""KMLM"": 6, ""QQQ"": 1, ""SPY"": 0.7, ""TQQQ"": 1.5}",0.03000000,tests/data/2026-08-20-net15,BTAL,0.35000000,0.80000000,QQQ<SMA200,0.00882661,0.25564822,0.00883893,0.25565116,90608.82045907,40000.00000000,50608.82045907,1.26522051,0.28241046,0.27059362,0.97283427,0.30416777,1.36173868,0.84827516,-0.33292318,578,2013,0.93838745,2015,-0.03789777,467012.36853672,176.11906130,1.04485004,0.00440298,0.26696570,0.19872804,,,0.73271653,0.27066953
VT TQQQ/BTAL t40 w0-50 QQQ:VOL_EWMA80,sens,sens_2012-07-03,2012-07-03,2017-07-03,false,true,"{""*"": 6, ""BTAL"": 6, ""DBMF"": 2.5, ""KMLM"": 6, ""QQQ"": 1, ""SPY"": 0.7, ""TQQQ"": 1.5}",0.03000000,tests/data/2026-08-20-net15,BTAL,0.40000000,0.50000000,,0.00034598,0.00144371,0.00033925,0.00143474,82144.63264710,40000.00000000,42144.63264710,1.05361582,0.23444672,0.23713056,1.17873116,0.19538447,1.67606062,1.42767020,-0.16421630,95,2013,0.46830361,2012,-0.02769523,152510.12404630,59.32409332,0.38131773,0.00148310,0.50387614,0.49856526,,,0.49576331,0.34104542
VT TQQQ/BTAL t40 w0-50 QQQ:VOL_EWMA80 gate QQQ<SMA200,sens,sens_2012-07-03,2012-07-03,2017-07-03,false,true,"{""*"": 6, ""BTAL"": 6, ""DBMF"": 2.5, ""KMLM"": 6, ""QQQ"": 1, ""SPY"": 0.7, ""TQQQ"": 1.5}",0.03000000,tests/data/2026-08-20-net15,BTAL,0.40000000,0.50000000,QQQ<SMA200,0.00729517,0.18967704,0.00728652,0.18968024,75684.64772478,40000.00000000,35684.64772478,0.89211619,0.21038548,0.20944055,1.09297666,0.19206838,1.53897129,1.24682129,-0.16873747,378,2013,0.46557935,2012,-0.02964104,120808.10037945,48.00099837,0.31606966,0.00120002,0.51086882,0.49873321,,,0.48876435,0.31031976
VT TQQQ/BTAL t40 w0-60 QQQ:VOL_EWMA80,sens,sens_2012-07-03,2012-07-03,2017-07-03,false,true,"{""*"": 6, ""BTAL"": 6, ""DBMF"": 2.5, ""KMLM"": 6, ""QQQ"": 1, ""SPY"": 0.7, ""TQQQ"": 1.5}",0.03000000,tests/data/2026-08-20-net15,BTAL,0.40000000,0.60000000,,0.00028844,0.00106477,0.00028129,0.00102985,92214.55567256,40000.00000000,52214.55567256,1.30536389,0.27827015,0.27662490,1.16607213,0.23481865,1.65863306,1.34332223,-0.20715071,98,2013,0.62485341,2012,-0.01989444,197745.35148974,75.66988791,0.45113496,0.00189175,0.41066187,0.39897015,,,0.58903393,0.34105260
VT TQQQ/BTAL t40 w0-60 QQQ:VOL_EWMA80 gate QQQ<SMA200,sens,sens_2012-07-03,2012-07-03,2017-07-03,false,true,"{""*"": 6, ""BTAL"": 6, ""DBMF"": 2.5, ""KMLM"": 6, ""QQQ"": 1, ""SPY"": 0.7, ""TQQQ"": 1.5}",0.03000000,tests/data/2026-08-20-net15,BTAL,0.40000000,0.60000000,QQQ<SMA200,0.00819235,0.20677285,0.00818668,0.20677587,83228.70191304,40000.00000000,43228.70191304,1.08071755,0.24770862,0.24158420,1.07508648,0.23137693,1.51391713,1.05272772,-0.23530170,554,2013,0.62105412,2012,-0.02195773,178605.70622344,68.84907324,0.43059364,0.00172123,0.41854919,0.39883567,,,0.58112571,0.31065401
VT TQQQ/BTAL t40 w0-70 QQQ:VOL_EWMA80,sens,sens_2012-07-03,2012-07-03,2017-07-03,false,true,"{""*"": 6, ""BTAL"": 6, ""DBMF"": 2.5, ""KMLM"": 6, ""QQQ"": 1, ""SPY"": 0.7, ""TQQQ"": 1.5}",0.03000000,tests/data/2026-08-20-net15,BTAL,0.40000000,0.70000000,,0.00032417,0.00145941,0.00032480,0.00143013,102742.88086070,40000.00000000,62742.88086070,1.56857202,0.32007515,0.31400739,1.14672384,0.27620895,1.62883923,1.28336980,-0.24940212,392,2013,0.79507467,2012,-0.01154810,275335.92793473,104.28112285,0.57514631,0.00260703,0.31881504,0.29856987,,,0.68084188,0.34107442
VT TQQQ/BTAL t40 w0-70 QQQ:VOL_EWMA80 gate QQQ<SMA200,sens,sens_2012-07-03,2012-07-03,2017-07-03,false,true,"{""*"": 6, ""BTAL"": 6, ""DBMF"": 2.5, ""KMLM"": 6, ""QQQ"": 1, ""SPY"": 0.7, ""TQQQ"": 1.5}",0.03000000,tests/data/2026-08-20-net15,BTAL,0.40000000,0.70000000,QQQ<SMA200,0.00986596,0.26996516,0.00986725,0.26996802,90935.29853993,40000.00000000,50935.29853993,1.27338246,0.28315568,0.27182756,1.05494081,0.27225391,1.48365838,0.97232276,-0.29121573,574,2013,0.78988502,2016,-0.01585565,252506.31809929,96.24056132,0.56202330,0.00240601,0.32843154,0.29872312,,,0.67125310,0.31099908
VT TQQQ/BTAL t40 w0-80 QQQ:VOL_EWMA80,sens,sens_2012-07-03,2012-07-03,2017-07-03,false,true,"{""*"": 6, ""BTAL"": 6, ""DBMF"": 2.5, ""KMLM"": 6, ""QQQ"": 1, ""SPY"": 0.7, ""TQQQ"": 1.5}",0.03000000,tests/data/2026-08-20-net15,BTAL,0.40000000,0.80000000,,0.00026636,0.00096466,0.00026715,0.00093319,110259.55877484,40000.00000000,70259.55877484,1.75648897,0.34699395,0.33867717,1.10437859,0.31585144,1.56217813,1.19792905,-0.28966152,539,2013,0.95896332,2012,-0.01457473,360232.38581608,135.61170955,0.71199665,0.00339029,0.23576719,0.19906681,,,0.76394398,0.34106180
VT TQQQ/BTAL t40 w0-80 QQQ:VOL_EWMA80 gate QQQ<SMA200,sens,sens_2012-07-03,2012-07-03,2017-07-03,false,true,"{""*"": 6, ""BTAL"": 6, ""DBMF"": 2.5, ""KMLM"": 6, ""QQQ"": 1, ""SPY"": 0.7, ""TQQQ"": 1.5}",0.03000000,tests/data/2026-08-20-net15,BTAL,0.40000000,0.80000000,QQQ<SMA200,0.00966277,0.29048075,0.00966315,0.29048354,97344.59837829,40000.00000000,57344.59837829,1.43361496,0.30912624,0.29528746,1.02184197,0.31228738,1.43431464,0.89510738,-0.34535101,578,2013,0.95899007,2016,-0.03050978,341499.07292335,129.22321724,0.71857470,0.00323058,0.24523484,0.19892590,,,0.75450184,0.31117701
VT TQQQ/cash t25 w0-50 QQQ:VOL_EWMA80,sens,sens_2012-07-03,2012-07-03,2017-07-03,false,true,"{""*"": 6, ""BTAL"": 6, ""DBMF"": 2.5, ""KMLM"": 6, ""QQQ"": 1, ""SPY"": 0.7, ""TQQQ"": 1.5}",0.03000000,tests/data/2026-08-20-net15,,0.25000000,0.50000000,,0.00001815,0.00003852,0.00001928,0.00003913,81108.40785248,40000.00000000,41108.40785248,1.02771020,0.24034404,0.23282390,1.16953089,0.20217868,1.65513070,1.18918262,-0.20210861,430,2013,0.58846472,2012,0.01155556,96949.70780035,14.54245617,0.23947321,0.00036356,,,,,0.47746136,0.21316557
VT TQQQ/cash t25 w0-50 QQQ:VOL_EWMA80 gate QQQ<SMA200,sens,sens_2012-07-03,2012-07-03,2017-07-03,false,true,"{""*"": 6, ""BTAL"": 6, ""DBMF"": 2.5, ""KMLM"": 6, ""QQQ"": 1, ""SPY"": 0.7, ""TQQQ"": 1.5}",0.03000000,tests/data/2026-08-20-net15,,0.25000000,0.50000000,QQQ<SMA200,0.00665989,0.18553476,0.00666132,0.18553476,75557.85145842,40000.00000000,35557.85145842,0.88894629,0.21973174,0.20887603,1.09873191,0.19940744,1.54192851,0.93338267,-0.23541442,555,2013,0.58845881,2012,0.00973609,93191.67358450,13.97875104,0.23847741,0.00034947,,,,,0.47081932,0.19678581
VT TQQQ/cash t25 w0-60 QQQ:VOL_EWMA80,sens,sens_2012-07-03,2012-07-03,2017-07-03,false,true,"{""*"": 6, ""BTAL"": 6, ""DBMF"": 2.5, ""KMLM"": 6, ""QQQ"": 1, ""SPY"": 0.7, ""TQQQ"": 1.5}",0.03000000,tests/data/2026-08-20-net15,,0.25000000,0.60000000,,0.00001998,0.00003922,0.00002256,0.00004299,84039.40304295,40000.00000000,44039.40304295,1.10098508,0.25303067,0.24488091,1.08400877,0.23398490,1.52425211,1.12001234,-0.22591776,526,2013,0.70924234,2012,0.00220480,178947.21385809,26.84208208,0.43331924,0.00067105,,,,,0.54789680,0.21315204
VT TQQQ/cash t25 w0-60 QQQ:VOL_EWMA80 gate QQQ<SMA200,sens,sens_2012-07-03,2012-07-03,2017-07-03,false,true,"{""*"": 6, ""BTAL"": 6, ""DBMF"": 2.5, ""KMLM"": 6, ""QQQ"": 1, ""SPY"": 0.7, ""TQQQ"": 1.5}",0.03000000,tests/data/2026-08-20-net15,,0.25000000,0.60000000,QQQ<SMA200,0.00723032,0.18555647,0.00723319,0.18555647,78253.13460025,40000.00000000,38253.13460025,0.95632837,0.23196907,0.22069594,1.02106920,0.23110495,1.42655138,0.86355210,-0.26862198,569,2013,0.70924578,2015,-0.01261162,173102.23309125,25.96533496,0.43428733,0.00064913,,,,,0.54068617,0.19677122
VT TQQQ/cash t25 w0-70 QQQ:VOL_EWMA80,sens,sens_2012-07-03,2012-07-03,2017-07-03,false,true,"{""*"": 6, ""BTAL"": 6, ""DBMF"": 2.5, ""KMLM"": 6, ""QQQ"": 1, ""SPY"": 0.7, ""TQQQ"": 1.5}",0.03000000,tests/data/2026-08-20-net15,,0.25000000,0.70000000,,0.00001693,0.00003872,0.00001940,0.00003935,84737.80592602,40000.00000000,44737.80592602,1.11844515,0.25487094,0.24769819,1.00725308,0.25960670,1.40758553,0.99377457,-0.25646756,540,2013,0.75878954,2015,-0.01329395,280276.11069200,42.04141660,0.68439045,0.00105104,,,,,0.60127423,0.21315201
VT TQQQ/cash t25 w0-70 QQQ:VOL_EWMA80 gate QQQ<SMA200,sens,sens_2012-07-03,2012-07-03,2017-07-03,false,true,"{""*"": 6, ""BTAL"": 6, ""DBMF"": 2.5, ""KMLM"": 6, ""QQQ"": 1, ""SPY"": 0.7, ""TQQQ"": 1.5}",0.03000000,tests/data/2026-08-20-net15,,0.25000000,0.70000000,QQQ<SMA200,0.00741849,0.18567143,0.00742155,0.18567143,79135.34725928,40000.00000000,39135.34725928,0.97838368,0.23435464,0.22448512,0.95115678,0.25676702,1.32255611,0.77850841,-0.30103032,571,2013,0.75878119,2015,-0.05449989,274555.78094621,41.18336714,0.69389811,0.00102958,,,,,0.59387208,0.19672140
VT TQQQ/cash t25 w0-80 QQQ:VOL_EWMA80,sens,sens_2012-07-03,2012-07-03,2017-07-03,false,true,"{""*"": 6, ""BTAL"": 6, ""DBMF"": 2.5, ""KMLM"": 6, ""QQQ"": 1, ""SPY"": 0.7, ""TQQQ"": 1.5}",0.03000000,tests/data/2026-08-20-net15,,0.25000000,0.80000000,,0.00002006,0.00003919,0.00002240,0.00004260,86772.55940029,40000.00000000,46772.55940029,1.16931399,0.26116367,0.25578930,0.97204947,0.27982189,1.35558775,0.93838768,-0.27831106,541,2013,0.80561355,2015,-0.04382555,396544.71375927,59.48170706,0.96846714,0.00148704,,,,,0.64378232,0.21313802
VT TQQQ/cash t25 w0-80 QQQ:VOL_EWMA80 gate QQQ<SMA200,sens,sens_2012-07-03,2012-07-03,2017-07-03,false,true,"{""*"": 6, ""BTAL"": 6, ""DBMF"": 2.5, ""KMLM"": 6, ""QQQ"": 1, ""SPY"": 0.7, ""TQQQ"": 1.5}",0.03000000,tests/data/2026-08-20-net15,,0.25000000,0.80000000,QQQ<SMA200,0.00741780,0.18573367,0.00741658,0.18573367,81045.85727392,40000.00000000,41045.85727392,1.02614643,0.24054490,0.23256236,0.91898334,0.27719555,1.27607035,0.75297003,-0.31946145,571,2013,0.80562388,2015,-0.08376925,387564.20529771,58.13463079,0.97943686,0.00145337,,,,,0.63638814,0.19670057
VT TQQQ/cash t30 w0-50 QQQ:VOL_EWMA80,sens,sens_2012-07-03,2012-07-03,2017-07-03,false,true,"{""*"": 6, ""BTAL"": 6, ""DBMF"": 2.5, ""KMLM"": 6, ""QQQ"": 1, ""SPY"": 0.7, ""TQQQ"": 1.5}",0.03000000,tests/data/2026-08-20-net15,,0.30000000,0.50000000,,0.00001744,0.00004173,0.00001905,0.00004289,84594.79794445,40000.00000000,44594.79794445,1.11486995,0.25412089,0.24712301,1.20375956,0.20633713,1.71240597,1.24341062,-0.20437407,382,2013,0.59483586,2012,0.01650792,93033.52287168,13.95502843,0.22361906,0.00034888,,,,,0.48767615,0.25579125
VT TQQQ/cash t30 w0-50 QQQ:VOL_EWMA80 gate QQQ<SMA200,sens,sens_2012-07-03,2012-07-03,2017-07-03,false,true,"{""*"": 6, ""BTAL"": 6, ""DBMF"": 2.5, ""KMLM"": 6, ""QQQ"": 1, ""SPY"": 0.7, ""TQQQ"": 1.5}",0.03000000,tests/data/2026-08-20-net15,,0.30000000,0.50000000,QQQ<SMA200,0.00738151,0.18095743,0.00738289,0.18095743,78312.10757343,40000.00000000,38312.10757343,0.95780269,0.23135308,0.22095043,1.12952539,0.20303887,1.59040062,0.95142237,-0.24316548,554,2013,0.59204765,2012,0.01468623,85045.93990453,12.75689099,0.21273834,0.00031892,,,,,0.48031230,0.23701929
VT TQQQ/cash t30 w0-60 QQQ:VOL_EWMA80,sens,sens_2012-07-03,2012-07-03,2017-07-03,false,true,"{""*"": 6, ""BTAL"": 6, ""DBMF"": 2.5, ""KMLM"": 6, ""QQQ"": 1, ""SPY"": 0.7, ""TQQQ"": 1.5}",0.03000000,tests/data/2026-08-20-net15,,0.30000000,0.60000000,,0.00001892,0.00003994,0.00002067,0.00004132,91411.07974844,40000.00000000,51411.07974844,1.28527699,0.28226163,0.27361876,1.14644130,0.24337756,1.62216469,1.15971620,-0.24338854,512,2013,0.72595961,2012,0.00941473,122284.46870219,18.34267031,0.27728164,0.00045857,,,,,0.57295610,0.25577684
VT TQQQ/cash t30 w0-60 QQQ:VOL_EWMA80 gate QQQ<SMA200,sens,sens_2012-07-03,2012-07-03,2017-07-03,false,true,"{""*"": 6, ""BTAL"": 6, ""DBMF"": 2.5, ""KMLM"": 6, ""QQQ"": 1, ""SPY"": 0.7, ""TQQQ"": 1.5}",0.03000000,tests/data/2026-08-20-net15,,0.30000000,0.60000000,QQQ<SMA200,0.00769569,0.22131070,0.00769723,0.22131070,84084.94186838,40000.00000000,44084.94186838,1.10212355,0.25752706,0.24506525,1.07699014,0.24023300,1.51155538,0.91895092,-0.28024028,568,2013,0.72595492,2012,0.00750875,117044.38359755,17.55665754,0.27670567,0.00043892,,,,,0.56527954,0.23717351
VT TQQQ/cash t30 w0-70 QQQ:VOL_EWMA80,sens,sens_2012-07-03,2012-07-03,2017-07-03,false,true,"{""*"": 6, ""BTAL"": 6, ""DBMF"": 2.5, ""KMLM"": 6, ""QQQ"": 1, ""SPY"": 0.7, ""TQQQ"": 1.5}",0.03000000,tests/data/2026-08-20-net15,,0.30000000,0.70000000,,0.00001909,0.00003760,0.00002093,0.00003917,94898.36549745,40000.00000000,54898.36549745,1.37245914,0.29565953,0.28650010,1.07959060,0.27601512,1.52041894,1.10986641,-0.26639199,536,2013,0.86143095,2012,-0.00256194,213381.63793841,32.00724569,0.47313270,0.00080018,,,,,0.64486346,0.25578163
VT TQQQ/cash t30 w0-70 QQQ:VOL_EWMA80 gate QQQ<SMA200,sens,sens_2012-07-03,2012-07-03,2017-07-03,false,true,"{""*"": 6, ""BTAL"": 6, ""DBMF"": 2.5, ""KMLM"": 6, ""QQQ"": 1, ""SPY"": 0.7, ""TQQQ"": 1.5}",0.03000000,tests/data/2026-08-20-net15,,0.30000000,0.70000000,QQQ<SMA200,0.00796743,0.22130677,0.00796845,0.22130677,87283.59184341,40000.00000000,47283.59184341,1.18208980,0.27058983,0.25779473,1.01688286,0.27294012,1.42295915,0.86308427,-0.31351496,571,2013,0.86143961,2015,-0.01523199,205890.11800162,30.88351770,0.47583520,0.00077209,,,,,0.63691594,0.23719998
VT TQQQ/cash t30 w0-80 QQQ:VOL_EWMA80,sens,sens_2012-07-03,2012-07-03,2017-07-03,false,true,"{""*"": 6, ""BTAL"": 6, ""DBMF"": 2.5, ""KMLM"": 6, ""QQQ"": 1, ""SPY"": 0.7, ""TQQQ"": 1.5}",0.03000000,tests/data/2026-08-20-net15,,0.30000000,0.80000000,,0.00001618,0.00003714,0.00001677,0.00003968,95502.40309637,40000.00000000,55502.40309637,1.38756008,0.29746388,0.28868844,1.01214890,0.30383027,1.41819529,1.01460383,-0.29318230,541,2013,0.92613264,2015,-0.01341246,323368.91439051,48.50533716,0.72247528,0.00121263,,,,,0.70255828,0.25578183
VT TQQQ/cash t30 w0-80 QQQ:VOL_EWMA80 gate QQQ<SMA200,sens,sens_2012-07-03,2012-07-03,2017-07-03,false,true,"{""*"": 6, ""BTAL"": 6, ""DBMF"": 2.5, ""KMLM"": 6, ""QQQ"": 1, ""SPY"": 0.7, ""TQQQ"": 1.5}",0.03000000,tests/data/2026-08-20-net15,,0.30000000,0.80000000,QQQ<SMA200,0.00887810,0.22143331,0.00887953,0.22143331,87928.73117378,40000.00000000,47928.73117378,1.19821828,0.27229584,0.26031151,0.95494924,0.30036277,1.33094938,0.78109073,-0.34860974,574,2013,0.92611699,2015,-0.06147200,314046.10027261,47.10691504,0.73121141,0.00117767,,,,,0.69369552,0.23714052
VT TQQQ/cash t35 w0-50 QQQ:VOL_EWMA80,sens,sens_2012-07-03,2012-07-03,2017-07-03,false,true,"{""*"": 6, ""BTAL"": 6, ""DBMF"": 2.5, ""KMLM"": 6, ""QQQ"": 1, ""SPY"": 0.7, ""TQQQ"": 1.5}",0.03000000,tests/data/2026-08-20-net15,,0.35000000,0.50000000,,0.00001780,0.00004524,0.00001893,0.00004628,86451.36712734,40000.00000000,46451.36712734,1.16128418,0.26023288,0.25452345,1.21536732,0.20879739,1.73352802,1.21487690,-0.21420515,248,2013,0.59484481,2012,0.01570713,79832.76378559,11.97491457,0.18998918,0.00029937,,,,,0.49244496,0.29840969
VT TQQQ/cash t35 w0-50 QQQ:VOL_EWMA80 gate QQQ<SMA200,sens,sens_2012-07-03,2012-07-03,2017-07-03,false,true,"{""*"": 6, ""BTAL"": 6, ""DBMF"": 2.5, ""KMLM"": 6, ""QQQ"": 1, ""SPY"": 0.7, ""TQQQ"": 1.5}",0.03000000,tests/data/2026-08-20-net15,,0.35000000,0.50000000,QQQ<SMA200,0.00688143,0.17520101,0.00688275,0.17520101,80285.39646892,40000.00000000,40285.39646892,1.00713491,0.23822729,0.22936801,1.14554183,0.20551498,1.61733953,0.97020369,-0.24554358,536,2013,0.59205763,2012,0.01388599,69524.34851638,10.42865228,0.17212830,0.00026072,,,,,0.48558114,0.27755013
VT TQQQ/cash t35 w0-60 QQQ:VOL_EWMA80,sens,sens_2012-07-03,2012-07-03,2017-07-03,false,true,"{""*"": 6, ""BTAL"": 6, ""DBMF"": 2.5, ""KMLM"": 6, ""QQQ"": 1, ""SPY"": 0.7, ""TQQQ"": 1.5}",0.03000000,tests/data/2026-08-20-net15,,0.35000000,0.60000000,,0.00001738,0.00003755,0.00001896,0.00004306,95700.02013841,40000.00000000,55700.02013841,1.39250050,0.29770454,0.28940172,1.17832030,0.24793068,1.67501101,1.20429216,-0.24720292,429,2013,0.73420297,2012,0.01541179,116216.47367943,17.43247105,0.25555229,0.00043581,,,,,0.58425931,0.29843407
VT TQQQ/cash t35 w0-60 QQQ:VOL_EWMA80 gate QQQ<SMA200,sens,sens_2012-07-03,2012-07-03,2017-07-03,false,true,"{""*"": 6, ""BTAL"": 6, ""DBMF"": 2.5, ""KMLM"": 6, ""QQQ"": 1, ""SPY"": 0.7, ""TQQQ"": 1.5}",0.03000000,tests/data/2026-08-20-net15,,0.35000000,0.60000000,QQQ<SMA200,0.00862511,0.22621182,0.00862597,0.22621182,87345.01377068,40000.00000000,47345.01377068,1.18362534,0.27027726,0.25803506,1.10492740,0.24418472,1.55520135,0.93571555,-0.28884554,555,2013,0.73075257,2012,0.01350262,106734.79077698,16.01021862,0.24601605,0.00040026,,,,,0.57565230,0.27779924
VT TQQQ/cash t35 w0-70 QQQ:VOL_EWMA80,sens,sens_2012-07-03,2012-07-03,2017-07-03,false,true,"{""*"": 6, ""BTAL"": 6, ""DBMF"": 2.5, ""KMLM"": 6, ""QQQ"": 1, ""SPY"": 0.7, ""TQQQ"": 1.5}",0.03000000,tests/data/2026-08-20-net15,,0.35000000,0.70000000,,0.00001816,0.00003786,0.00001946,0.00004306,102816.44098354,40000.00000000,62816.44098354,1.57041102,0.32390062,0.31425641,1.13053505,0.28492664,1.59999475,1.14164142,-0.28371485,519,2013,0.87320328,2012,0.00678023,150625.39256179,22.59380888,0.31375211,0.00056485,,,,,0.66845344,0.29841741
VT TQQQ/cash t35 w0-70 QQQ:VOL_EWMA80 gate QQQ<SMA200,sens,sens_2012-07-03,2012-07-03,2017-07-03,false,true,"{""*"": 6, ""BTAL"": 6, ""DBMF"": 2.5, ""KMLM"": 6, ""QQQ"": 1, ""SPY"": 0.7, ""TQQQ"": 1.5}",0.03000000,tests/data/2026-08-20-net15,,0.35000000,0.70000000,QQQ<SMA200,0.00862850,0.25663508,0.00862987,0.25663508,93440.87546131,40000.00000000,53440.87546131,1.33602189,0.29507013,0.28116846,1.06250735,0.28147458,1.49194799,0.91267648,-0.32330200,571,2013,0.87320597,2012,0.00488663,143726.28520431,21.55894278,0.31403748,0.00053897,,,,,0.65984302,0.27793921
VT TQQQ/cash t35 w0-80 QQQ:VOL_EWMA80,sens,sens_2012-07-03,2012-07-03,2017-07-03,false,true,"{""*"": 6, ""BTAL"": 6, ""DBMF"": 2.5, ""KMLM"": 6, ""QQQ"": 1, ""SPY"": 0.7, ""TQQQ"": 1.5}",0.03000000,tests/data/2026-08-20-net15,,0.35000000,0.80000000,,0.00001517,0.00003755,0.00001679,0.00004368,106676.18057364,40000.00000000,66676.18057364,1.66690451,0.33693658,0.32710759,1.07492472,0.31823534,1.51581865,1.10136451,-0.30592649,539,2013,1.01804074,2012,-0.00789652,253825.89712365,38.07388457,0.51707693,0.00095185,,,,,0.74128877,0.29843676
VT TQQQ/cash t35 w0-80 QQQ:VOL_EWMA80 gate QQQ<SMA200,sens,sens_2012-07-03,2012-07-03,2017-07-03,false,true,"{""*"": 6, ""BTAL"": 6, ""DBMF"": 2.5, ""KMLM"": 6, ""QQQ"": 1, ""SPY"": 0.7, ""TQQQ"": 1.5}",0.03000000,tests/data/2026-08-20-net15,,0.35000000,0.80000000,QQQ<SMA200,0.00858203,0.25664827,0.00858316,0.25664827,96985.33906217,40000.00000000,56985.33906217,1.42463348,0.30794742,0.29400928,1.01284195,0.31504395,1.41927482,0.86314179,-0.35677501,574,2013,1.01805475,2015,-0.01929959,244413.71079713,36.66205662,0.52190590,0.00091655,,,,,0.73272241,0.27795336
VT TQQQ/cash t40 w0-50 QQQ:VOL_EWMA80,sens,sens_2012-07-03,2012-07-03,2017-07-03,false,true,"{""*"": 6, ""BTAL"": 6, ""DBMF"": 2.5, ""KMLM"": 6, ""QQQ"": 1, ""SPY"": 0.7, ""TQQQ"": 1.5}",0.03000000,tests/data/2026-08-20-net15,,0.40000000,0.50000000,,0.00001697,0.00004524,0.00001814,0.00004628,87927.41005004,40000.00000000,47927.41005004,1.19818525,0.26504839,0.26030638,1.22426833,0.21073598,1.74880295,1.17992678,-0.22463122,244,2013,0.59484481,2012,0.01570713,70038.37300995,10.50575595,0.16542774,0.00026264,,,,,0.49576727,0.34105645
VT TQQQ/cash t40 w0-50 QQQ:VOL_EWMA80 gate QQQ<SMA200,sens,sens_2012-07-03,2012-07-03,2017-07-03,false,true,"{""*"": 6, ""BTAL"": 6, ""DBMF"": 2.5, ""KMLM"": 6, ""QQQ"": 1, ""SPY"": 0.7, ""TQQQ"": 1.5}",0.03000000,tests/data/2026-08-20-net15,,0.40000000,0.50000000,QQQ<SMA200,0.00651808,0.18167244,0.00651935,0.18167244,82197.68651885,40000.00000000,42197.68651885,1.05494216,0.24485605,0.23734975,1.16295121,0.20737280,1.64537857,0.99634448,-0.24575441,462,2013,0.59205763,2012,0.01388599,55036.70602894,8.25550590,0.13488677,0.00020639,,,,,0.48926606,0.31832756
VT TQQQ/cash t40 w0-60 QQQ:VOL_EWMA80,sens,sens_2012-07-03,2012-07-03,2017-07-03,false,true,"{""*"": 6, ""BTAL"": 6, ""DBMF"": 2.5, ""KMLM"": 6, ""QQQ"": 1, ""SPY"": 0.7, ""TQQQ"": 1.5}",0.03000000,tests/data/2026-08-20-net15,,0.40000000,0.60000000,,0.00001672,0.00004291,0.00001722,0.00003999,97775.89108544,40000.00000000,57775.89108544,1.44439728,0.30387911,0.29681641,1.18852537,0.25030371,1.69309464,1.21547814,-0.25000788,252,2013,0.73420364,2012,0.01461186,99046.48999190,14.85697350,0.21565466,0.00037142,,,,,0.58904085,0.34106787
VT TQQQ/cash t40 w0-60 QQQ:VOL_EWMA80 gate QQQ<SMA200,sens,sens_2012-07-03,2012-07-03,2017-07-03,false,true,"{""*"": 6, ""BTAL"": 6, ""DBMF"": 2.5, ""KMLM"": 6, ""QQQ"": 1, ""SPY"": 0.7, ""TQQQ"": 1.5}",0.03000000,tests/data/2026-08-20-net15,,0.40000000,0.60000000,QQQ<SMA200,0.00811341,0.19880836,0.00811384,0.19880836,89544.93958553,40000.00000000,49544.93958553,1.23862349,0.27729422,0.26654494,1.11895498,0.24658752,1.57842229,0.95196297,-0.29128677,543,2013,0.73074199,2012,0.01270290,90383.84436270,13.55757665,0.20618972,0.00033894,,,,,0.58094422,0.31862152
VT TQQQ/cash t40 w0-70 QQQ:VOL_EWMA80,sens,sens_2012-07-03,2012-07-03,2017-07-03,false,false,"{""*"": 6, ""BTAL"": 6, ""DBMF"": 2.5, ""KMLM"": 6, ""QQQ"": 1, ""SPY"": 0.7, ""TQQQ"": 1.5}",0.03000000,tests/data/2026-08-20-net15,,0.40000000,0.70000000,,0.00001923,0.00004494,0.00001993,0.00004495,108033.73698969,40000.00000000,68033.73698969,1.70084342,0.34100966,0.33153037,1.16050187,0.28989592,1.64936294,1.18018690,-0.28894548,430,2013,0.88356695,2012,0.01379046,139484.01308325,20.92260196,0.28080404,0.00052307,,,,,0.68084142,0.34104528
VT TQQQ/cash t40 w0-70 QQQ:VOL_EWMA80 gate QQQ<SMA200,sens,sens_2012-07-03,2012-07-03,2017-07-03,false,true,"{""*"": 6, ""BTAL"": 6, ""DBMF"": 2.5, ""KMLM"": 6, ""QQQ"": 1, ""SPY"": 0.7, ""TQQQ"": 1.5}",0.03000000,tests/data/2026-08-20-net15,,0.40000000,0.70000000,QQQ<SMA200,0.00975997,0.27099984,0.00976061,0.27099984,97275.92408309,40000.00000000,57275.92408309,1.43189810,0.30894784,0.29504345,1.08822282,0.28577185,1.53191947,0.92862499,-0.33269387,568,2013,0.87941806,2012,0.01189363,128822.14876619,19.32332231,0.27371410,0.00048308,,,,,0.67110074,0.31888435
VT TQQQ/cash t40 w0-80 QQQ:VOL_EWMA80,sens,sens_2012-07-03,2012-07-03,2017-07-03,false,false,"{""*"": 6, ""BTAL"": 6, ""DBMF"": 2.5, ""KMLM"": 6, ""QQQ"": 1, ""SPY"": 0.7, ""TQQQ"": 1.5}",0.03000000,tests/data/2026-08-20-net15,,0.40000000,0.80000000,,0.00001595,0.00004291,0.00001588,0.00003369,115366.96514569,40000.00000000,75366.96514569,1.88417413,0.36513585,0.35460912,1.11912833,0.32687606,1.58464863,1.13030316,-0.32304240,536,2013,1.03070848,2012,0.00363398,184101.28746633,27.61519312,0.35261919,0.00069038,,,,,0.76395314,0.34105854
VT TQQQ/cash t40 w0-80 QQQ:VOL_EWMA80 gate QQQ<SMA200,sens,sens_2012-07-03,2012-07-03,2017-07-03,false,true,"{""*"": 6, ""BTAL"": 6, ""DBMF"": 2.5, ""KMLM"": 6, ""QQQ"": 1, ""SPY"": 0.7, ""TQQQ"": 1.5}",0.03000000,tests/data/2026-08-20-net15,,0.40000000,0.80000000,QQQ<SMA200,0.00945174,0.29153311,0.00945115,0.29153311,103658.22867351,40000.00000000,63658.22867351,1.59145572,0.33227764,0.31709502,1.05262620,0.32318658,1.47923025,0.91120438,-0.36465764,574,2013,1.03072157,2016,0.00120282,175379.40994821,26.30691149,0.35438025,0.00065767,,,,,0.75451787,0.31902749
50/50,sens,sens_2012-07-03,2012-07-03,2017-07-03,true,true,"{""*"": 6, ""BTAL"": 6, ""DBMF"": 2.5, ""KMLM"": 6, ""QQQ"": 1, ""SPY"": 0.7, ""TQQQ"": 1.5}",0.03000000,tests/data/2026-08-20-net15,,,,,0.00033850,0.00144371,0.00033188,0.00143474,81530.93691065,40000.00000000,41530.93691065,1.03827342,0.23196048,0.23458591,1.15182042,0.19877629,1.63601943,1.35601050,-0.17106098,213,2013,0.46830361,2012,-0.02769523,144331.94661980,55.79271724,0.36340776,0.00139482,0.49966867,0.49856526,,,0.49997897,0.49995271
TQQQ50/BTAL50 gate QQQ<SMA200,sens,sens_2012-07-03,2012-07-03,2017-07-03,true,true,"{""*"": 6, ""BTAL"": 6, ""DBMF"": 2.5, ""KMLM"": 6, ""QQQ"": 1, ""SPY"": 0.7, ""TQQQ"": 1.5}",0.03000000,tests/data/2026-08-20-net15,,,,,0.00788928,0.10497420,0.00787876,0.10497743,77974.26465169,40000.00000000,37974.26465169,0.94935662,0.21876069,0.21949016,1.11993749,0.19394308,1.58072889,1.33221470,-0.16420829,141,2013,0.46557935,2012,-0.02964104,113856.46906790,45.17254550,0.29366882,0.00112931,0.50725247,0.49873321,,,0.49238176,0.39502257
SPY benchmark,sens,sens_2012-07-03,2012-07-03,2017-07-03,true,true,"{""*"": 6, ""BTAL"": 6, ""DBMF"": 2.5, ""KMLM"": 6, ""QQQ"": 1, ""SPY"": 0.7, ""TQQQ"": 1.5}",0.03000000,tests/data/2026-08-20-net15,,,,,0.00260592,0.00970890,0.00260714,0.00971039,59584.96777047,40000.00000000,19584.96777047,0.48962419,0.13937750,0.12977229,1.12857229,0.12256502,1.62712006,1.05788608,-0.13175095,334,2013,0.31798024,2015,0.00918003,39976.79686136,2.79837578,0.12194151,0.00006996,,,0.99739286,0.99028961,,
VT TQQQ/BTAL t25 w0-50 QQQ:VOL_EWMA80,sens,sens_2013-01-03,2013-01-03,2018-01-03,false,true,"{""*"": 6, ""BTAL"": 6, ""DBMF"": 2.5, ""KMLM"": 6, ""QQQ"": 1, ""SPY"": 0.7, ""TQQQ"": 1.5}",0.03000000,tests/data/2026-08-20-net15,BTAL,0.25000000,0.50000000,,0.00030024,0.00124876,0.00028533,0.00125238,85463.37300803,40000.00000000,45463.37300803,1.13658433,0.25782682,0.25040481,1.32866015,0.18586424,1.88202239,1.58040642,-0.16313956,141,2017,0.46840662,2016,0.01857497,186163.76262707,73.10735745,0.46581460,0.00182768,0.52131817,0.49874762,,,0.47836324,0.21313354
VT TQQQ/BTAL t25 w0-50 QQQ:VOL_EWMA80 gate QQQ<SMA200,sens,sens_2013-01-03,2013-01-03,2018-01-03,false,true,"{""*"": 6, ""BTAL"": 6, ""DBMF"": 2.5, ""KMLM"": 6, ""QQQ"": 1, ""SPY"": 0.7, ""TQQQ"": 1.5}",0.03000000,tests/data/2026-08-20-net15,BTAL,0.25000000,0.50000000,QQQ<SMA200,0.00587805,0.18508594,0.00586283,0.18508963,79143.26903812,40000.00000000,39143.26903812,0.97858173,0.23378111,0.22433874,1.23144621,0.18466007,1.73332329,1.40435597,-0.16646855,576,2017,0.46840200,2016,-0.02449675,180084.08730251,71.28174106,0.47338759,0.00178204,0.52690986,0.49874762,,,0.47277088,0.19068542
VT TQQQ/BTAL t25 w0-60 QQQ:VOL_EWMA80,sens,sens_2013-01-03,2013-01-03,2018-01-03,false,true,"{""*"": 6, ""BTAL"": 6, ""DBMF"": 2.5, ""KMLM"": 6, ""QQQ"": 1, ""SPY"": 0.7, ""TQQQ"": 1.5}",0.03000000,tests/data/2026-08-20-net15,BTAL,0.25000000,0.60000000,,0.00028864,0.00113171,0.00028999,0.00111191,91399.90686252,40000.00000000,51399.90686252,1.28499767,0.28207343,0.27336291,1.25715272,0.21659216,1.77360088,1.40640847,-0.20056295,462,2017,0.56059341,2015,0.01946258,356028.79590107,135.62221297,0.86644806,0.00339056,0.44886886,0.39888809,,,0.55081341,0.21314807
VT TQQQ/BTAL t25 w0-60 QQQ:VOL_EWMA80 gate QQQ<SMA200,sens,sens_2013-01-03,2013-01-03,2018-01-03,false,true,"{""*"": 6, ""BTAL"": 6, ""DBMF"": 2.5, ""KMLM"": 6, ""QQQ"": 1, ""SPY"": 0.7, ""TQQQ"": 1.5}",0.03000000,tests/data/2026-08-20-net15,BTAL,0.25000000,0.60000000,QQQ<SMA200,0.00587616,0.18511843,0.00587771,0.18512215,84616.61735886,40000.00000000,44616.61735886,1.11541543,0.25753667,0.24701484,1.17251634,0.21552521,1.64643385,1.21210779,-0.21247010,576,2017,0.56056149,2015,-0.03340290,342951.37977169,131.33986876,0.87651378,0.00328350,0.45447027,0.39888809,,,0.54521019,0.19071482
VT TQQQ/BTAL t25 w0-70 QQQ:VOL_EWMA80,sens,sens_2013-01-03,2013-01-03,2018-01-03,false,true,"{""*"": 6, ""BTAL"": 6, ""DBMF"": 2.5, ""KMLM"": 6, ""QQQ"": 1, ""SPY"": 0.7, ""TQQQ"": 1.5}",0.03000000,tests/data/2026-08-20-net15,BTAL,0.25000000,0.70000000,,0.00031011,0.00132922,0.00032636,0.00134742,94548.93249289,40000.00000000,54548.93249289,1.36372331,0.28949816,0.28500683,1.16673210,0.24372957,1.63431105,1.21644644,-0.23798677,543,2017,0.65183138,2015,-0.02871088,585640.76335643,221.26237285,1.43734384,0.00553156,0.39376023,0.29874501,,,0.60588309,0.21316095
VT TQQQ/BTAL t25 w0-70 QQQ:VOL_EWMA80 gate QQQ<SMA200,sens,sens_2013-01-03,2013-01-03,2018-01-03,false,true,"{""*"": 6, ""BTAL"": 6, ""DBMF"": 2.5, ""KMLM"": 6, ""QQQ"": 1, ""SPY"": 0.7, ""TQQQ"": 1.5}",0.03000000,tests/data/2026-08-20-net15,BTAL,0.25000000,0.70000000,QQQ<SMA200,0.00551445,0.18529260,0.00553269,0.18529650,87774.64927810,40000.00000000,47774.64927810,1.19436623,0.26553153,0.25950740,1.09239604,0.24293852,1.52500505,1.04550032,-0.25397556,576,2017,0.65181769,2015,-0.07907005,566385.75861104,214.49982286,1.45740962,0.00536250,0.39897336,0.29874501,,,0.60066979,0.19065146
VT TQQQ/BTAL t25 w0-80 QQQ:VOL_EWMA80,sens,sens_2013-01-03,2013-01-03,2018-01-03,false,true,"{""*"": 6, ""BTAL"": 6, ""DBMF"": 2.5, ""KMLM"": 6, ""QQQ"": 1, ""SPY"": 0.7, ""TQQQ"": 1.5}",0.03000000,tests/data/2026-08-20-net15,BTAL,0.25000000,0.80000000,,0.00035493,0.00157776,0.00038978,0.00161915,99653.92066119,40000.00000000,59653.92066119,1.49134802,0.30282672,0.30317159,1.12718260,0.26664210,1.57596801,1.15254678,-0.26274571,541,2017,0.74658457,2015,-0.06325757,854450.62393875,322.19735802,2.08835125,0.00805493,0.34790991,0.19880467,,,0.65166777,0.21316854
VT TQQQ/BTAL t25 w0-80 QQQ:VOL_EWMA80 gate QQQ<SMA200,sens,sens_2013-01-03,2013-01-03,2018-01-03,false,true,"{""*"": 6, ""BTAL"": 6, ""DBMF"": 2.5, ""KMLM"": 6, ""QQQ"": 1, ""SPY"": 0.7, ""TQQQ"": 1.5}",0.03000000,tests/data/2026-08-20-net15,BTAL,0.25000000,0.80000000,QQQ<SMA200,0.00557604,0.18540732,0.00560776,0.18541134,92520.74374284,40000.00000000,52520.74374284,1.31301859,0.27859391,0.27754766,1.05879081,0.26592397,1.47618745,1.00771201,-0.27646183,574,2017,0.74660477,2015,-0.11188925,823079.71792681,310.83610971,2.10912183,0.00777090,0.35310884,0.19880467,,,0.64645267,0.19060198
VT TQQQ/BTAL t30 w0-50 QQQ:VOL_EWMA80,sens,sens_2013-01-03,2013-01-03,2018-01-03,false,true,"{""*"": 6, ""BTAL"": 6, ""DBMF"": 2.5, ""KMLM"": 6, ""QQQ"": 1, ""SPY"": 0.7, ""TQQQ"": 1.5}",0.03000000,tests/data/2026-08-20-net15,BTAL,0.30000000,0.50000000,,0.00031641,0.00113782,0.00030711,0.00111863,89763.26881432,40000.00000000,49763.26881432,1.24408172,0.27353776,0.26716958,1.37874142,0.18848610,1.96009495,1.66579105,-0.16420893,98,2017,0.47758815,2018,0.03244569,178569.90842795,69.64139965,0.43306078,0.00174103,0.51252374,0.49888137,,,0.48714286,0.25580192
VT TQQQ/BTAL t30 w0-50 QQQ:VOL_EWMA80 gate QQQ<SMA200,sens,sens_2013-01-03,2013-01-03,2018-01-03,false,true,"{""*"": 6, ""BTAL"": 6, ""DBMF"": 2.5, ""KMLM"": 6, ""QQQ"": 1, ""SPY"": 0.7, ""TQQQ"": 1.5}",0.03000000,tests/data/2026-08-20-net15,BTAL,0.30000000,0.50000000,QQQ<SMA200,0.00623435,0.18052505,0.00622485,0.18052868,82599.28930696,40000.00000000,42599.28930696,1.06498223,0.24736201,0.23881447,1.27892986,0.18667009,1.80241377,1.45706337,-0.16976750,568,2017,0.47759397,2016,-0.00891810,163889.26951012,64.54925550,0.41963195,0.00161373,0.51844393,0.49888137,,,0.48121598,0.23006518
VT TQQQ/BTAL t30 w0-60 QQQ:VOL_EWMA80,sens,sens_2013-01-03,2013-01-03,2018-01-03,false,true,"{""*"": 6, ""BTAL"": 6, ""DBMF"": 2.5, ""KMLM"": 6, ""QQQ"": 1, ""SPY"": 0.7, ""TQQQ"": 1.5}",0.03000000,tests/data/2026-08-20-net15,BTAL,0.30000000,0.60000000,,0.00031249,0.00145766,0.00030926,0.00144228,100806.40656302,40000.00000000,60806.40656302,1.52016016,0.31633435,0.30715814,1.33834638,0.22449602,1.89795818,1.53597322,-0.20595043,430,2017,0.58815845,2016,0.02553485,226790.00982146,87.45513130,0.51419422,0.00218638,0.42561712,0.39855772,,,0.57405076,0.25577791
VT TQQQ/BTAL t30 w0-60 QQQ:VOL_EWMA80 gate QQQ<SMA200,sens,sens_2013-01-03,2013-01-03,2018-01-03,false,true,"{""*"": 6, ""BTAL"": 6, ""DBMF"": 2.5, ""KMLM"": 6, ""QQQ"": 1, ""SPY"": 0.7, ""TQQQ"": 1.5}",0.03000000,tests/data/2026-08-20-net15,BTAL,0.30000000,0.60000000,QQQ<SMA200,0.00688797,0.22085506,0.00688343,0.22085859,92016.10355963,40000.00000000,52016.10355963,1.30040259,0.28707743,0.27566915,1.24650578,0.22264807,1.75479655,1.27405684,-0.22532545,576,2017,0.58815279,2016,-0.02477716,217908.89773523,84.75972823,0.52380592,0.00211899,0.43221120,0.39855772,,,0.56745777,0.23023181
VT TQQQ/BTAL t30 w0-70 QQQ:VOL_EWMA80,sens,sens_2013-01-03,2013-01-03,2018-01-03,false,true,"{""*"": 6, ""BTAL"": 6, ""DBMF"": 2.5, ""KMLM"": 6, ""QQQ"": 1, ""SPY"": 0.7, ""TQQQ"": 1.5}",0.03000000,tests/data/2026-08-20-net15,BTAL,0.30000000,0.70000000,,0.00026902,0.00107937,0.00027294,0.00115673,108146.67709618,40000.00000000,68146.67709618,1.70366693,0.34269815,0.33164395,1.27410947,0.25773870,1.79962290,1.40959024,-0.24311899,539,2013,0.71099701,2015,0.02692395,423486.00537696,160.31727822,0.92973118,0.00400793,0.35181408,0.29884327,,,0.64788606,0.25577874
VT TQQQ/BTAL t30 w0-70 QQQ:VOL_EWMA80 gate QQQ<SMA200,sens,sens_2013-01-03,2013-01-03,2018-01-03,false,true,"{""*"": 6, ""BTAL"": 6, ""DBMF"": 2.5, ""KMLM"": 6, ""QQQ"": 1, ""SPY"": 0.7, ""TQQQ"": 1.5}",0.03000000,tests/data/2026-08-20-net15,BTAL,0.30000000,0.70000000,QQQ<SMA200,0.00685028,0.22087080,0.00685351,0.22087434,98702.45808539,40000.00000000,58702.45808539,1.46756145,0.31289544,0.29984954,1.19280231,0.25611043,1.67543094,1.14107847,-0.27421027,577,2013,0.71099701,2015,-0.03480304,404685.58653975,153.83020425,0.94147362,0.00384576,0.35837877,0.29884327,,,0.64130460,0.23026785
VT TQQQ/BTAL t30 w0-80 QQQ:VOL_EWMA80,sens,sens_2013-01-03,2013-01-03,2018-01-03,false,true,"{""*"": 6, ""BTAL"": 6, ""DBMF"": 2.5, ""KMLM"": 6, ""QQQ"": 1, ""SPY"": 0.7, ""TQQQ"": 1.5}",0.03000000,tests/data/2026-08-20-net15,BTAL,0.30000000,0.80000000,,0.00030453,0.00147068,0.00032513,0.00144227,111410.74510874,40000.00000000,71410.74510874,1.78526863,0.34984506,0.34206503,1.18900806,0.28756617,1.66785742,1.24820845,-0.28027775,553,2017,0.78544861,2015,-0.02643378,666030.00403140,251.00986248,1.47576823,0.00627525,0.29287197,0.19858091,,,0.70677604,0.25577807
VT TQQQ/BTAL t30 w0-80 QQQ:VOL_EWMA80 gate QQQ<SMA200,sens,sens_2013-01-03,2013-01-03,2018-01-03,false,true,"{""*"": 6, ""BTAL"": 6, ""DBMF"": 2.5, ""KMLM"": 6, ""QQQ"": 1, ""SPY"": 0.7, ""TQQQ"": 1.5}",0.03000000,tests/data/2026-08-20-net15,BTAL,0.30000000,0.80000000,QQQ<SMA200,0.00665044,0.22104064,0.00666798,0.22104434,101862.91842683,40000.00000000,61862.91842683,1.54657296,0.32027233,0.31077748,1.11580735,0.28619529,1.55841590,1.00218183,-0.31957507,578,2017,0.78543791,2015,-0.08504325,638270.64370456,241.18664562,1.49669750,0.00602967,0.29922371,0.19858091,,,0.70041957,0.23018095
VT TQQQ/BTAL t35 w0-50 QQQ:VOL_EWMA80,sens,sens_2013-01-03,2013-01-03,2018-01-03,false,true,"{""*"": 6, ""BTAL"": 6, ""DBMF"": 2.5, ""KMLM"": 6, ""QQQ"": 1, ""SPY"": 0.7, ""TQQQ"": 1.5}",0.03000000,tests/data/2026-08-20-net15,BTAL,0.35000000,0.50000000,,0.00034137,0.00150136,0.00032962,0.00147494,92166.58397810,40000.00000000,52166.58397810,1.30416460,0.28180619,0.27623027,1.40374309,0.18994276,1.99950934,1.71599582,-0.16422312,95,2017,0.47759173,2018,0.03244521,157964.04071585,61.79405593,0.37688962,0.00154485,0.50781242,0.49852506,,,0.49183121,0.29843276
VT TQQQ/BTAL t35 w0-50 QQQ:VOL_EWMA80 gate QQQ<SMA200,sens,sens_2013-01-03,2013-01-03,2018-01-03,false,true,"{""*"": 6, ""BTAL"": 6, ""DBMF"": 2.5, ""KMLM"": 6, ""QQQ"": 1, ""SPY"": 0.7, ""TQQQ"": 1.5}",0.03000000,tests/data/2026-08-20-net15,BTAL,0.35000000,0.50000000,QQQ<SMA200,0.00577745,0.18298107,0.00576738,0.18298469,85063.82908115,40000.00000000,45063.82908115,1.12659573,0.25638442,0.24880901,1.31024057,0.18789358,1.84880550,1.48157265,-0.17304883,547,2017,0.47757064,2016,0.01534608,136322.05792433,53.88211437,0.34317151,0.00134705,0.51324190,0.49852506,,,0.48639152,0.26976646
VT TQQQ/BTAL t35 w0-60 QQQ:VOL_EWMA80,sens,sens_2013-01-03,2013-01-03,2018-01-03,false,true,"{""*"": 6, ""BTAL"": 6, ""DBMF"": 2.5, ""KMLM"": 6, ""QQQ"": 1, ""SPY"": 0.7, ""TQQQ"": 1.5}",0.03000000,tests/data/2026-08-20-net15,BTAL,0.35000000,0.60000000,,0.00029044,0.00127996,0.00028353,0.00129148,106300.63599543,40000.00000000,66300.63599543,1.65751590,0.33378339,0.32562708,1.37971396,0.22788102,1.96347802,1.61141842,-0.20713639,106,2017,0.59996864,2016,0.03982061,215877.16074768,83.13699770,0.47306705,0.00207842,0.41605569,0.39870852,,,0.58363573,0.29840693
VT TQQQ/BTAL t35 w0-60 QQQ:VOL_EWMA80 gate QQQ<SMA200,sens,sens_2013-01-03,2013-01-03,2018-01-03,false,true,"{""*"": 6, ""BTAL"": 6, ""DBMF"": 2.5, ""KMLM"": 6, ""QQQ"": 1, ""SPY"": 0.7, ""TQQQ"": 1.5}",0.03000000,tests/data/2026-08-20-net15,BTAL,0.35000000,0.60000000,QQQ<SMA200,0.00736490,0.22578765,0.00735877,0.22579112,96287.84944477,40000.00000000,56287.84944477,1.40719624,0.30188785,0.29128987,1.28509235,0.22535581,1.81136682,1.30058229,-0.23211745,571,2017,0.59994739,2016,-0.01147910,197802.06314038,76.76602026,0.46223951,0.00191915,0.42312083,0.39870852,,,0.57655983,0.27003142
VT TQQQ/BTAL t35 w0-70 QQQ:VOL_EWMA80,sens,sens_2013-01-03,2013-01-03,2018-01-03,false,true,"{""*"": 6, ""BTAL"": 6, ""DBMF"": 2.5, ""KMLM"": 6, ""QQQ"": 1, ""SPY"": 0.7, ""TQQQ"": 1.5}",0.03000000,tests/data/2026-08-20-net15,BTAL,0.35000000,0.70000000,,0.00029105,0.00138092,0.00028846,0.00141559,118627.09037681,40000.00000000,78627.09037681,1.96567726,0.37522706,0.36418557,1.33368056,0.26579595,1.89113865,1.51233565,-0.24811097,536,2017,0.71615703,2016,0.03005093,275158.84516764,104.86091948,0.56579799,0.00262152,0.32996329,0.29858441,,,0.66972461,0.29842782
VT TQQQ/BTAL t35 w0-70 QQQ:VOL_EWMA80 gate QQQ<SMA200,sens,sens_2013-01-03,2013-01-03,2018-01-03,false,true,"{""*"": 6, ""BTAL"": 6, ""DBMF"": 2.5, ""KMLM"": 6, ""QQQ"": 1, ""SPY"": 0.7, ""TQQQ"": 1.5}",0.03000000,tests/data/2026-08-20-net15,BTAL,0.35000000,0.70000000,QQQ<SMA200,0.00784346,0.25620468,0.00784233,0.25620806,106796.70340825,40000.00000000,66796.70340825,1.66991759,0.34068432,0.32725291,1.24677106,0.26337943,1.75416956,1.18739122,-0.28691834,578,2017,0.71617902,2016,-0.02688248,261742.48832171,100.39689694,0.57565963,0.00250992,0.33751391,0.29858441,,,0.66216817,0.27024701
VT TQQQ/BTAL t35 w0-80 QQQ:VOL_EWMA80,sens,sens_2013-01-03,2013-01-03,2018-01-03,false,true,"{""*"": 6, ""BTAL"": 6, ""DBMF"": 2.5, ""KMLM"": 6, ""QQQ"": 1, ""SPY"": 0.7, ""TQQQ"": 1.5}",0.03000000,tests/data/2026-08-20-net15,BTAL,0.35000000,0.80000000,,0.00024800,0.00142848,0.00025876,0.00153971,127360.68877354,40000.00000000,87360.68877354,2.18401722,0.40248264,0.38943492,1.27736196,0.30071473,1.80492403,1.41206858,-0.28503051,541,2013,0.86660366,2015,0.03202265,498748.70316370,187.85505787,0.99143759,0.00469638,0.25544847,0.19846029,,,0.74427095,0.29843039
VT TQQQ/BTAL t35 w0-80 QQQ:VOL_EWMA80 gate QQQ<SMA200,sens,sens_2013-01-03,2013-01-03,2018-01-03,false,true,"{""*"": 6, ""BTAL"": 6, ""DBMF"": 2.5, ""KMLM"": 6, ""QQQ"": 1, ""SPY"": 0.7, ""TQQQ"": 1.5}",0.03000000,tests/data/2026-08-20-net15,BTAL,0.35000000,0.80000000,QQQ<SMA200,0.00776581,0.25618690,0.00777779,0.25619028,114649.51679877,40000.00000000,74649.51679877,1.86623792,0.36732260,0.35214370,1.19918580,0.29858197,1.68420739,1.10237163,-0.33321123,578,2013,0.86660366,2015,-0.03803680,473245.29308333,178.76394642,1.00561277,0.00446910,0.26295103,0.19846029,,,0.73675383,0.27029587
VT TQQQ/BTAL t40 w0-50 QQQ:VOL_EWMA80,sens,sens_2013-01-03,2013-01-03,2018-01-03,false,true,"{""*"": 6, ""BTAL"": 6, ""DBMF"": 2.5, ""KMLM"": 6, ""QQQ"": 1, ""SPY"": 0.7, ""TQQQ"": 1.5}",0.03000000,tests/data/2026-08-20-net15,BTAL,0.40000000,0.50000000,,0.00033672,0.00171230,0.00032946,0.00170573,94074.09532503,40000.00000000,54074.09532503,1.35185238,0.28811773,0.28327334,1.41871541,0.19163323,2.02419973,1.75451942,-0.16421462,95,2017,0.47760780,2018,0.03244641,147914.38537292,57.99997365,0.34865658,0.00145000,0.50388716,0.49829427,,,0.49576194,0.34106276
VT TQQQ/BTAL t40 w0-50 QQQ:VOL_EWMA80 gate QQQ<SMA200,sens,sens_2013-01-03,2013-01-03,2018-01-03,false,true,"{""*"": 6, ""BTAL"": 6, ""DBMF"": 2.5, ""KMLM"": 6, ""QQQ"": 1, ""SPY"": 0.7, ""TQQQ"": 1.5}",0.03000000,tests/data/2026-08-20-net15,BTAL,0.40000000,0.50000000,QQQ<SMA200,0.00612121,0.19012337,0.00611304,0.19012715,87166.81650002,40000.00000000,47166.81650002,1.17917041,0.26385087,0.25713449,1.33532628,0.18895842,1.88666348,1.56336844,-0.16877075,378,2017,0.47757811,2018,0.03244752,119385.76589058,47.75089042,0.29631676,0.00119377,0.50968255,0.49829427,,,0.48996637,0.30987285
VT TQQQ/BTAL t40 w0-60 QQQ:VOL_EWMA80,sens,sens_2013-01-03,2013-01-03,2018-01-03,false,true,"{""*"": 6, ""BTAL"": 6, ""DBMF"": 2.5, ""KMLM"": 6, ""QQQ"": 1, ""SPY"": 0.7, ""TQQQ"": 1.5}",0.03000000,tests/data/2026-08-20-net15,BTAL,0.40000000,0.60000000,,0.00029444,0.00168201,0.00028656,0.00183588,109122.05869272,40000.00000000,69122.05869272,1.72805147,0.34220432,0.33478665,1.39912863,0.22948739,1.99448703,1.65191378,-0.20715629,98,2017,0.59997169,2018,0.04237973,187360.65302176,72.37042715,0.40397527,0.00180926,0.41135395,0.39835178,,,0.58833587,0.34104580
VT TQQQ/BTAL t40 w0-60 QQQ:VOL_EWMA80 gate QQQ<SMA200,sens,sens_2013-01-03,2013-01-03,2018-01-03,false,true,"{""*"": 6, ""BTAL"": 6, ""DBMF"": 2.5, ""KMLM"": 6, ""QQQ"": 1, ""SPY"": 0.7, ""TQQQ"": 1.5}",0.03000000,tests/data/2026-08-20-net15,BTAL,0.40000000,0.60000000,QQQ<SMA200,0.00688700,0.20723487,0.00687707,0.20723835,99159.69330732,40000.00000000,59159.69330732,1.47899233,0.31114387,0.30144951,1.30966337,0.22679545,1.84825135,1.32136594,-0.23547138,555,2017,0.59996385,2016,0.01228954,169469.15614336,65.86660701,0.38936440,0.00164667,0.41790223,0.39835178,,,0.58175797,0.31019153
VT TQQQ/BTAL t40 w0-70 QQQ:VOL_EWMA80,sens,sens_2013-01-03,2013-01-03,2018-01-03,false,true,"{""*"": 6, ""BTAL"": 6, ""DBMF"": 2.5, ""KMLM"": 6, ""QQQ"": 1, ""SPY"": 0.7, ""TQQQ"": 1.5}",0.03000000,tests/data/2026-08-20-net15,BTAL,0.40000000,0.70000000,,0.00034729,0.00168201,0.00034394,0.00183588,125574.59490713,40000.00000000,85574.59490713,2.13936487,0.39444849,0.38439680,1.36916270,0.26986041,1.94759291,1.58156347,-0.24940415,392,2017,0.73095471,2016,0.04385131,251248.71403555,95.89564039,0.49798913,0.00239739,0.31949530,0.29831725,,,0.68013848,0.34103753
VT TQQQ/BTAL t40 w0-70 QQQ:VOL_EWMA80 gate QQQ<SMA200,sens,sens_2013-01-03,2013-01-03,2018-01-03,false,true,"{""*"": 6, ""BTAL"": 6, ""DBMF"": 2.5, ""KMLM"": 6, ""QQQ"": 1, ""SPY"": 0.7, ""TQQQ"": 1.5}",0.03000000,tests/data/2026-08-20-net15,BTAL,0.40000000,0.70000000,QQQ<SMA200,0.00853067,0.27062490,0.00852710,0.27062821,112018.55651029,40000.00000000,72018.55651029,1.80046391,0.35667946,0.34397588,1.27908181,0.26671179,1.80160500,1.22423523,-0.29134880,574,2017,0.73095273,2016,-0.01609872,230350.69103861,88.41262697,0.49164425,0.00221032,0.32767558,0.29831725,,,0.67195218,0.31049098
VT TQQQ/BTAL t40 w0-80 QQQ:VOL_EWMA80,sens,sens_2013-01-03,2013-01-03,2018-01-03,false,true,"{""*"": 6, ""BTAL"": 6, ""DBMF"": 2.5, ""KMLM"": 6, ""QQQ"": 1, ""SPY"": 0.7, ""TQQQ"": 1.5}",0.03000000,tests/data/2026-08-20-net15,BTAL,0.40000000,0.80000000,,0.00027242,0.00168201,0.00027302,0.00183588,139219.07810881,40000.00000000,99219.07810881,2.48047695,0.43438677,0.42140751,1.32442894,0.30895256,1.87709683,1.49970939,-0.28964729,539,2013,0.86844984,2016,0.03226735,330396.75164840,124.88842254,0.61686778,0.00312221,0.23429472,0.19828272,,,0.76541037,0.34107287
VT TQQQ/BTAL t40 w0-80 QQQ:VOL_EWMA80 gate QQQ<SMA200,sens,sens_2013-01-03,2013-01-03,2018-01-03,false,true,"{""*"": 6, ""BTAL"": 6, ""DBMF"": 2.5, ""KMLM"": 6, ""QQQ"": 1, ""SPY"": 0.7, ""TQQQ"": 1.5}",0.03000000,tests/data/2026-08-20-net15,BTAL,0.40000000,0.80000000,QQQ<SMA200,0.00873857,0.29114950,0.00873955,0.29115274,123678.18042752,40000.00000000,83678.18042752,2.09195451,0.39446424,0.37897868,1.24176420,0.30603642,1.74604391,1.14112296,-0.34568075,578,2013,0.86844984,2016,-0.03079819,311893.30556770,118.45273290,0.62814389,0.00296132,0.24278829,0.19828272,,,0.75692753,0.31071896
VT TQQQ/cash t25 w0-50 QQQ:VOL_EWMA80,sens,sens_2013-01-03,2013-01-03,2018-01-03,false,true,"{""*"": 6, ""BTAL"": 6, ""DBMF"": 2.5, ""KMLM"": 6, ""QQQ"": 1, ""SPY"": 0.7, ""TQQQ"": 1.5}",0.03000000,tests/data/2026-08-20-net15,,0.25000000,0.50000000,,0.00002513,0.00005179,0.00002606,0.00005199,93393.77574889,40000.00000000,53393.77574889,1.33484439,0.28812986,0.28077609,1.38417219,0.19722176,1.95892500,1.42560228,-0.20211097,430,2013,0.53604910,2018,0.04125422,88030.29234556,13.20454385,0.21158529,0.00033011,,,,,0.47837098,0.21315584
VT TQQQ/cash t25 w0-50 QQQ:VOL_EWMA80 gate QQQ<SMA200,sens,sens_2013-01-03,2013-01-03,2018-01-03,false,true,"{""*"": 6, ""BTAL"": 6, ""DBMF"": 2.5, ""KMLM"": 6, ""QQQ"": 1, ""SPY"": 0.7, ""TQQQ"": 1.5}",0.03000000,tests/data/2026-08-20-net15,,0.25000000,0.50000000,QQQ<SMA200,0.00566985,0.18601571,0.00567132,0.18601571,87409.12238043,40000.00000000,47409.12238043,1.18522806,0.26710201,0.25808219,1.31305098,0.19502642,1.84211961,1.13416445,-0.23550554,555,2013,0.53604910,2016,0.01780280,84543.22587697,12.68148388,0.21194906,0.00031704,,,,,0.47272573,0.19642069
VT TQQQ/cash t25 w0-60 QQQ:VOL_EWMA80,sens,sens_2013-01-03,2013-01-03,2018-01-03,false,true,"{""*"": 6, ""BTAL"": 6, ""DBMF"": 2.5, ""KMLM"": 6, ""QQQ"": 1, ""SPY"": 0.7, ""TQQQ"": 1.5}",0.03000000,tests/data/2026-08-20-net15,,0.25000000,0.60000000,,0.00002165,0.00004635,0.00002446,0.00004850,99118.32683412,40000.00000000,59118.32683412,1.47795817,0.31012861,0.30130502,1.29771032,0.22861720,1.82650127,1.37274320,-0.22591888,526,2013,0.65283623,2015,0.03039261,182134.34832555,27.32015225,0.42624192,0.00068300,,,,,0.55081813,0.21313345
VT TQQQ/cash t25 w0-60 QQQ:VOL_EWMA80 gate QQQ<SMA200,sens,sens_2013-01-03,2013-01-03,2018-01-03,false,true,"{""*"": 6, ""BTAL"": 6, ""DBMF"": 2.5, ""KMLM"": 6, ""QQQ"": 1, ""SPY"": 0.7, ""TQQQ"": 1.5}",0.03000000,tests/data/2026-08-20-net15,,0.25000000,0.60000000,QQQ<SMA200,0.00567873,0.18599925,0.00568139,0.18599925,92752.72796832,40000.00000000,52752.72796832,1.31881820,0.28874180,0.27840816,1.23411389,0.22668894,1.72566151,1.07395087,-0.26885941,569,2013,0.65283623,2015,-0.01273698,175306.95540279,26.29604331,0.42779681,0.00065740,,,,,0.54516120,0.19640986
VT TQQQ/cash t25 w0-70 QQQ:VOL_EWMA80,sens,sens_2013-01-03,2013-01-03,2018-01-03,false,true,"{""*"": 6, ""BTAL"": 6, ""DBMF"": 2.5, ""KMLM"": 6, ""QQQ"": 1, ""SPY"": 0.7, ""TQQQ"": 1.5}",0.03000000,tests/data/2026-08-20-net15,,0.25000000,0.70000000,,0.00002089,0.00004654,0.00002476,0.00005089,102328.74384591,40000.00000000,62328.74384591,1.55821860,0.31807857,0.31236276,1.21403391,0.25457663,1.69828898,1.24019128,-0.25647541,540,2013,0.70073425,2015,-0.01330429,305498.37609732,45.82475641,0.71825393,0.00114562,,,,,0.60589450,0.21317015
VT TQQQ/cash t25 w0-70 QQQ:VOL_EWMA80 gate QQQ<SMA200,sens,sens_2013-01-03,2013-01-03,2018-01-03,false,true,"{""*"": 6, ""BTAL"": 6, ""DBMF"": 2.5, ""KMLM"": 6, ""QQQ"": 1, ""SPY"": 0.7, ""TQQQ"": 1.5}",0.03000000,tests/data/2026-08-20-net15,,0.25000000,0.70000000,QQQ<SMA200,0.00515765,0.18614155,0.00516115,0.18614155,96081.71846082,40000.00000000,56081.71846082,1.40204296,0.29751543,0.29055037,1.15759780,0.25305227,1.61139337,0.98782336,-0.30118282,571,2013,0.70073425,2015,-0.05461279,296446.80778997,44.46702117,0.72531371,0.00111168,,,,,0.60075811,0.19637205
VT TQQQ/cash t25 w0-80 QQQ:VOL_EWMA80,sens,sens_2013-01-03,2013-01-03,2018-01-03,false,true,"{""*"": 6, ""BTAL"": 6, ""DBMF"": 2.5, ""KMLM"": 6, ""QQQ"": 1, ""SPY"": 0.7, ""TQQQ"": 1.5}",0.03000000,tests/data/2026-08-20-net15,,0.25000000,0.80000000,,0.00002215,0.00004540,0.00002488,0.00005180,107180.08009286,40000.00000000,67180.08009286,1.67950200,0.33068461,0.32850486,1.17534707,0.27591996,1.64225903,1.18816717,-0.27831489,541,2017,0.79005399,2015,-0.04384322,447902.15944327,67.18532392,1.04750258,0.00167963,,,,,0.65168415,0.21314785
VT TQQQ/cash t25 w0-80 QQQ:VOL_EWMA80 gate QQQ<SMA200,sens,sens_2013-01-03,2013-01-03,2018-01-03,false,true,"{""*"": 6, ""BTAL"": 6, ""DBMF"": 2.5, ""KMLM"": 6, ""QQQ"": 1, ""SPY"": 0.7, ""TQQQ"": 1.5}",0.03000000,tests/data/2026-08-20-net15,,0.25000000,0.80000000,QQQ<SMA200,0.00515734,0.18620345,0.00515703,0.18620345,100647.02792293,40000.00000000,60647.02792293,1.51617570,0.30992776,0.30660924,1.12259253,0.27451834,1.56201592,0.96970491,-0.31961039,571,2017,0.79007467,2015,-0.08389067,433395.41341938,65.00931201,1.05472472,0.00162523,,,,,0.64655200,0.19630497
VT TQQQ/cash t30 w0-50 QQQ:VOL_EWMA80,sens,sens_2013-01-03,2013-01-03,2018-01-03,false,true,"{""*"": 6, ""BTAL"": 6, ""DBMF"": 2.5, ""KMLM"": 6, ""QQQ"": 1, ""SPY"": 0.7, ""TQQQ"": 1.5}",0.03000000,tests/data/2026-08-20-net15,,0.30000000,0.50000000,,0.00002287,0.00004929,0.00002423,0.00004938,97469.00176659,40000.00000000,57469.00176659,1.43672504,0.30192663,0.29550047,1.41666907,0.20072144,2.01236438,1.47740146,-0.20436329,382,2013,0.53573779,2018,0.04125266,85073.34824498,12.76100224,0.19900040,0.00031903,,,,,0.48714833,0.25578164
VT TQQQ/cash t30 w0-50 QQQ:VOL_EWMA80 gate QQQ<SMA200,sens,sens_2013-01-03,2013-01-03,2018-01-03,false,true,"{""*"": 6, ""BTAL"": 6, ""DBMF"": 2.5, ""KMLM"": 6, ""QQQ"": 1, ""SPY"": 0.7, ""TQQQ"": 1.5}",0.03000000,tests/data/2026-08-20-net15,,0.30000000,0.50000000,QQQ<SMA200,0.00599592,0.18151124,0.00599715,0.18151124,90745.18375826,40000.00000000,50745.18375826,1.26862959,0.27910678,0.27089727,1.34332963,0.19811478,1.88858344,1.14734544,-0.24326307,554,2013,0.53573779,2016,0.03056758,77951.39793846,11.69270969,0.19096507,0.00029232,,,,,0.48117541,0.23659509
VT TQQQ/cash t30 w0-60 QQQ:VOL_EWMA80,sens,sens_2013-01-03,2013-01-03,2018-01-03,false,true,"{""*"": 6, ""BTAL"": 6, ""DBMF"": 2.5, ""KMLM"": 6, ""QQQ"": 1, ""SPY"": 0.7, ""TQQQ"": 1.5}",0.03000000,tests/data/2026-08-20-net15,,0.30000000,0.60000000,,0.00001999,0.00004801,0.00002064,0.00004870,108478.42288368,40000.00000000,68478.42288368,1.71196057,0.34188914,0.33271563,1.35948073,0.23738650,1.92342442,1.40466537,-0.24339544,512,2013,0.65811871,2018,0.04942453,111006.06896371,16.65091034,0.24338870,0.00041627,,,,,0.57405581,0.25579953
VT TQQQ/cash t30 w0-60 QQQ:VOL_EWMA80 gate QQQ<SMA200,sens,sens_2013-01-03,2013-01-03,2018-01-03,false,true,"{""*"": 6, ""BTAL"": 6, ""DBMF"": 2.5, ""KMLM"": 6, ""QQQ"": 1, ""SPY"": 0.7, ""TQQQ"": 1.5}",0.03000000,tests/data/2026-08-20-net15,,0.30000000,0.60000000,QQQ<SMA200,0.00665456,0.22187372,0.00665501,0.22187372,100287.11144751,40000.00000000,60287.11144751,1.50717779,0.31640223,0.30536687,1.28985279,0.23485297,1.80959137,1.12865328,-0.28033607,568,2013,0.65811871,2016,0.01299983,106072.66111397,15.91089917,0.24449557,0.00039777,,,,,0.56742145,0.23678232
VT TQQQ/cash t30 w0-70 QQQ:VOL_EWMA80,sens,sens_2013-01-03,2013-01-03,2018-01-03,false,true,"{""*"": 6, ""BTAL"": 6, ""DBMF"": 2.5, ""KMLM"": 6, ""QQQ"": 1, ""SPY"": 0.7, ""TQQQ"": 1.5}",0.03000000,tests/data/2026-08-20-net15,,0.30000000,0.70000000,,0.00002106,0.00004284,0.00002273,0.00004497,115471.74460361,40000.00000000,75471.74460361,1.88679362,0.36578507,0.35466261,1.29340156,0.26953302,1.82322025,1.37307243,-0.26639896,536,2013,0.78827593,2015,0.03516597,216799.97652761,32.51999648,0.46101338,0.00081300,,,,,0.64789743,0.25579296
VT TQQQ/cash t30 w0-70 QQQ:VOL_EWMA80 gate QQQ<SMA200,sens,sens_2013-01-03,2013-01-03,2018-01-03,false,true,"{""*"": 6, ""BTAL"": 6, ""DBMF"": 2.5, ""KMLM"": 6, ""QQQ"": 1, ""SPY"": 0.7, ""TQQQ"": 1.5}",0.03000000,tests/data/2026-08-20-net15,,0.30000000,0.70000000,QQQ<SMA200,0.00662721,0.22185570,0.00662827,0.22185570,106752.50701287,40000.00000000,66752.50701287,1.66881268,0.33991209,0.32710833,1.23035542,0.26729117,1.72304174,1.08332800,-0.31376655,571,2013,0.78827593,2015,-0.01536684,207800.10487157,31.17001573,0.46433317,0.00077925,,,,,0.64129189,0.23680075
VT TQQQ/cash t30 w0-80 QQQ:VOL_EWMA80,sens,sens_2013-01-03,2013-01-03,2018-01-03,false,true,"{""*"": 6, ""BTAL"": 6, ""DBMF"": 2.5, ""KMLM"": 6, ""QQQ"": 1, ""SPY"": 0.7, ""TQQQ"": 1.5}",0.03000000,tests/data/2026-08-20-net15,,0.30000000,0.80000000,,0.00002037,0.00004409,0.00002256,0.00004688,118918.18418816,40000.00000000,78918.18418816,1.97295460,0.37383044,0.36505290,1.21935882,0.29722875,1.70953558,1.27507706,-0.29318263,541,2013,0.85040758,2015,-0.01342207,347762.25966956,52.16433895,0.74281925,0.00130411,,,,,0.70679176,0.25577353
VT TQQQ/cash t30 w0-80 QQQ:VOL_EWMA80 gate QQQ<SMA200,sens,sens_2013-01-03,2013-01-03,2018-01-03,false,true,"{""*"": 6, ""BTAL"": 6, ""DBMF"": 2.5, ""KMLM"": 6, ""QQQ"": 1, ""SPY"": 0.7, ""TQQQ"": 1.5}",0.03000000,tests/data/2026-08-20-net15,,0.30000000,0.80000000,QQQ<SMA200,0.00637913,0.22202079,0.00638032,0.22202079,110139.64369438,40000.00000000,70139.64369438,1.75349109,0.34827228,0.33803913,1.16175671,0.29528463,1.62025166,0.99826929,-0.34887608,574,2013,0.85040758,2015,-0.06161692,334439.90409688,50.16598561,0.74971865,0.00125415,,,,,0.70043400,0.23669894
VT TQQQ/cash t35 w0-50 QQQ:VOL_EWMA80,sens,sens_2013-01-03,2013-01-03,2018-01-03,false,true,"{""*"": 6, ""BTAL"": 6, ""DBMF"": 2.5, ""KMLM"": 6, ""QQQ"": 1, ""SPY"": 0.7, ""TQQQ"": 1.5}",0.03000000,tests/data/2026-08-20-net15,,0.35000000,0.50000000,,0.00002201,0.00005301,0.00002365,0.00005303,99511.95317502,40000.00000000,59511.95317502,1.48779883,0.30842473,0.30267769,1.42922207,0.20273071,2.03435756,1.43986115,-0.21420449,248,2013,0.53544285,2018,0.04125210,73842.08992237,11.07631349,0.17053880,0.00027691,,,,,0.49184160,0.29840707
VT TQQQ/cash t35 w0-50 QQQ:VOL_EWMA80 gate QQQ<SMA200,sens,sens_2013-01-03,2013-01-03,2018-01-03,false,true,"{""*"": 6, ""BTAL"": 6, ""DBMF"": 2.5, ""KMLM"": 6, ""QQQ"": 1, ""SPY"": 0.7, ""TQQQ"": 1.5}",0.03000000,tests/data/2026-08-20-net15,,0.35000000,0.50000000,QQQ<SMA200,0.00549881,0.17573409,0.00550045,0.17573409,92921.13186794,40000.00000000,52921.13186794,1.32302830,0.28639251,0.27903162,1.36027417,0.20012293,1.91627687,1.16577826,-0.24566637,536,2013,0.53544285,2018,0.04125410,64812.78451959,9.72191768,0.15662857,0.00024305,,,,,0.48636480,0.27701705
VT TQQQ/cash t35 w0-60 QQQ:VOL_EWMA80,sens,sens_2013-01-03,2013-01-03,2018-01-03,false,true,"{""*"": 6, ""BTAL"": 6, ""DBMF"": 2.5, ""KMLM"": 6, ""QQQ"": 1, ""SPY"": 0.7, ""TQQQ"": 1.5}",0.03000000,tests/data/2026-08-20-net15,,0.35000000,0.60000000,,0.00002045,0.00004254,0.00002241,0.00004416,113679.21143678,40000.00000000,73679.21143678,1.84198029,0.35739330,0.34915070,1.38933059,0.24123185,1.97205847,1.44570471,-0.24721044,429,2013,0.65780369,2018,0.04942511,104825.08499569,15.72376275,0.22304509,0.00039309,,,,,0.58364612,0.29840058
VT TQQQ/cash t35 w0-60 QQQ:VOL_EWMA80 gate QQQ<SMA200,sens,sens_2013-01-03,2013-01-03,2018-01-03,false,true,"{""*"": 6, ""BTAL"": 6, ""DBMF"": 2.5, ""KMLM"": 6, ""QQQ"": 1, ""SPY"": 0.7, ""TQQQ"": 1.5}",0.03000000,tests/data/2026-08-20-net15,,0.35000000,0.60000000,QQQ<SMA200,0.00713098,0.22686039,0.00713356,0.22686039,104405.93216377,40000.00000000,64405.93216377,1.61014830,0.32962704,0.31935514,1.31697221,0.23822989,1.85086636,1.14070359,-0.28896818,555,2013,0.65780369,2016,0.02405433,96432.38339513,14.46485751,0.21677197,0.00036162,,,,,0.57653497,0.27727556
VT TQQQ/cash t35 w0-70 QQQ:VOL_EWMA80,sens,sens_2013-01-03,2013-01-03,2018-01-03,false,true,"{""*"": 6, ""BTAL"": 6, ""DBMF"": 2.5, ""KMLM"": 6, ""QQQ"": 1, ""SPY"": 0.7, ""TQQQ"": 1.5}",0.03000000,tests/data/2026-08-20-net15,,0.35000000,0.70000000,,0.00002301,0.00004642,0.00002345,0.00004670,125824.15597501,40000.00000000,85824.15597501,2.14560390,0.39615555,0.38510449,1.34210239,0.27787980,1.89904025,1.39631968,-0.28371407,519,2013,0.78791902,2018,0.05759339,136854.64131793,20.52819620,0.27382125,0.00051320,,,,,0.66973242,0.29844000
VT TQQQ/cash t35 w0-70 QQQ:VOL_EWMA80 gate QQQ<SMA200,sens,sens_2013-01-03,2013-01-03,2018-01-03,false,true,"{""*"": 6, ""BTAL"": 6, ""DBMF"": 2.5, ""KMLM"": 6, ""QQQ"": 1, ""SPY"": 0.7, ""TQQQ"": 1.5}",0.03000000,tests/data/2026-08-20-net15,,0.35000000,0.70000000,QQQ<SMA200,0.00759688,0.25728302,0.00759745,0.25728302,114956.67996196,40000.00000000,74956.67996196,1.87391700,0.36615858,0.35308655,1.27404907,0.27503997,1.78814191,1.13222557,-0.32339720,571,2013,0.78791902,2016,0.00737989,130395.87800735,19.55938170,0.27637210,0.00048898,,,,,0.66215842,0.27748668
VT TQQQ/cash t35 w0-80 QQQ:VOL_EWMA80,sens,sens_2013-01-03,2013-01-03,2018-01-03,false,true,"{""*"": 6, ""BTAL"": 6, ""DBMF"": 2.5, ""KMLM"": 6, ""QQQ"": 1, ""SPY"": 0.7, ""TQQQ"": 1.5}",0.03000000,tests/data/2026-08-20-net15,,0.35000000,0.80000000,,0.00001962,0.00003836,0.00002083,0.00004396,134041.59072796,40000.00000000,94041.59072796,2.35103977,0.42088068,0.40775081,1.28864950,0.31058686,1.81878034,1.37573687,-0.30593109,539,2013,0.92615729,2015,0.03806676,256578.91583503,38.48683738,0.49711693,0.00096217,,,,,0.74428003,0.29842013
VT TQQQ/cash t35 w0-80 QQQ:VOL_EWMA80 gate QQQ<SMA200,sens,sens_2013-01-03,2013-01-03,2018-01-03,false,true,"{""*"": 6, ""BTAL"": 6, ""DBMF"": 2.5, ""KMLM"": 6, ""QQQ"": 1, ""SPY"": 0.7, ""TQQQ"": 1.5}",0.03000000,tests/data/2026-08-20-net15,,0.35000000,0.80000000,QQQ<SMA200,0.00753034,0.25727131,0.00753128,0.25727131,122485.80218155,40000.00000000,82485.80218155,2.06214505,0.39048694,0.37553479,1.22641383,0.30805770,1.71976310,1.09366202,-0.35704535,574,2013,0.92615729,2015,-0.01944454,245000.44478554,36.75006672,0.50255444,0.00091875,,,,,0.73676958,0.27750104
VT TQQQ/cash t40 w0-50 QQQ:VOL_EWMA80,sens,sens_2013-01-03,2013-01-03,2018-01-03,false,true,"{""*"": 6, ""BTAL"": 6, ""DBMF"": 2.5, ""KMLM"": 6, ""QQQ"": 1, ""SPY"": 0.7, ""TQQQ"": 1.5}",0.03000000,tests/data/2026-08-20-net15,,0.40000000,0.50000000,,0.00002255,0.00004864,0.00002393,0.00005123,101119.36753662,40000.00000000,61119.36753662,1.52798419,0.31339379,0.30823375,1.43547789,0.20478333,2.04633184,1.39516898,-0.22462784,244,2013,0.53527488,2018,0.04125525,65591.89238367,9.83878386,0.15004966,0.00024597,,,,,0.49576148,0.34103762
VT TQQQ/cash t40 w0-50 QQQ:VOL_EWMA80 gate QQQ<SMA200,sens,sens_2013-01-03,2013-01-03,2018-01-03,false,true,"{""*"": 6, ""BTAL"": 6, ""DBMF"": 2.5, ""KMLM"": 6, ""QQQ"": 1, ""SPY"": 0.7, ""TQQQ"": 1.5}",0.03000000,tests/data/2026-08-20-net15,,0.40000000,0.50000000,QQQ<SMA200,0.00515786,0.18226391,0.00515930,0.18226391,94999.46213010,40000.00000000,54999.46213010,1.37498655,0.29321371,0.28664446,1.37531169,0.20207090,1.94159208,1.19307415,-0.24576319,462,2013,0.53527488,2018,0.04125314,52573.90375769,7.88608556,0.12542939,0.00019715,,,,,0.49062611,0.31773609
VT TQQQ/cash t40 w0-60 QQQ:VOL_EWMA80,sens,sens_2013-01-03,2013-01-03,2018-01-03,false,true,"{""*"": 6, ""BTAL"": 6, ""DBMF"": 2.5, ""KMLM"": 6, ""QQQ"": 1, ""SPY"": 0.7, ""TQQQ"": 1.5}",0.03000000,tests/data/2026-08-20-net15,,0.40000000,0.60000000,,0.00001804,0.00004365,0.00001960,0.00004541,116046.34989626,40000.00000000,76046.34989626,1.90115875,0.36400682,0.35641362,1.40027591,0.24315560,1.99075833,1.45592137,-0.25001819,252,2013,0.65747262,2018,0.04942358,90376.17151490,13.55642573,0.18987049,0.00033891,,,,,0.58834163,0.34106897
VT TQQQ/cash t40 w0-60 QQQ:VOL_EWMA80 gate QQQ<SMA200,sens,sens_2013-01-03,2013-01-03,2018-01-03,false,true,"{""*"": 6, ""BTAL"": 6, ""DBMF"": 2.5, ""KMLM"": 6, ""QQQ"": 1, ""SPY"": 0.7, ""TQQQ"": 1.5}",0.03000000,tests/data/2026-08-20-net15,,0.40000000,0.60000000,QQQ<SMA200,0.00662072,0.19935904,0.00662176,0.19935904,106921.64507734,40000.00000000,66921.64507734,1.67304113,0.33712441,0.32766135,1.33171869,0.24016995,1.87462827,1.15688013,-0.29140825,543,2013,0.65747262,2016,0.04306410,82678.14579668,12.40172187,0.18332023,0.00031004,,,,,0.58173946,0.31807084
VT TQQQ/cash t40 w0-70 QQQ:VOL_EWMA80,sens,sens_2013-01-03,2013-01-03,2018-01-03,false,false,"{""*"": 6, ""BTAL"": 6, ""DBMF"": 2.5, ""KMLM"": 6, ""QQQ"": 1, ""SPY"": 0.7, ""TQQQ"": 1.5}",0.03000000,tests/data/2026-08-20-net15,,0.40000000,0.70000000,,0.00002254,0.00004816,0.00002379,0.00004909,132378.89378186,40000.00000000,92378.89378186,2.30947234,0.41338276,0.40326794,1.36979368,0.28209462,1.94386422,1.43065198,-0.28894712,430,2013,0.78754710,2018,0.05759609,123733.25244590,18.55998787,0.23959163,0.00046400,,,,,0.68014071,0.34106917
VT TQQQ/cash t40 w0-70 QQQ:VOL_EWMA80 gate QQQ<SMA200,sens,sens_2013-01-03,2013-01-03,2018-01-03,false,true,"{""*"": 6, ""BTAL"": 6, ""DBMF"": 2.5, ""KMLM"": 6, ""QQQ"": 1, ""SPY"": 0.7, ""TQQQ"": 1.5}",0.03000000,tests/data/2026-08-20-net15,,0.40000000,0.70000000,QQQ<SMA200,0.00821962,0.27176533,0.00822029,0.27176533,119995.45770215,40000.00000000,79995.45770215,1.99988644,0.38059591,0.36824663,1.29864106,0.27873528,1.82533005,1.14359809,-0.33280566,568,2013,0.78754710,2016,0.01664770,114538.98163862,17.18084725,0.23630062,0.00042952,,,,,0.67194421,0.31835061
VT TQQQ/cash t40 w0-80 QQQ:VOL_EWMA80,sens,sens_2013-01-03,2013-01-03,2018-01-03,false,false,"{""*"": 6, ""BTAL"": 6, ""DBMF"": 2.5, ""KMLM"": 6, ""QQQ"": 1, ""SPY"": 0.7, ""TQQQ"": 1.5}",0.03000000,tests/data/2026-08-20-net15,,0.40000000,0.80000000,,0.00002109,0.00004278,0.00002145,0.00004806,145678.02489536,40000.00000000,105678.02489536,2.64195062,0.45080511,0.43784059,1.32924078,0.31875978,1.88160192,1.39549634,-0.32304284,536,2013,0.92578086,2016,0.05950044,167043.76229358,25.05656434,0.30518956,0.00062641,,,,,0.76541383,0.34107585
VT TQQQ/cash t40 w0-80 QQQ:VOL_EWMA80 gate QQQ<SMA200,sens,sens_2013-01-03,2013-01-03,2018-01-03,false,true,"{""*"": 6, ""BTAL"": 6, ""DBMF"": 2.5, ""KMLM"": 6, ""QQQ"": 1, ""SPY"": 0.7, ""TQQQ"": 1.5}",0.03000000,tests/data/2026-08-20-net15,,0.40000000,0.80000000,QQQ<SMA200,0.00848474,0.29224548,0.00848557,0.29224548,131598.44445852,40000.00000000,91598.44445852,2.28996111,0.41625943,0.40114685,1.26279040,0.31564833,1.77357798,1.14119079,-0.36475884,574,2013,0.92578086,2016,0.00092443,158673.30367573,23.80099555,0.30935531,0.00059502,,,,,0.75694971,0.31852917
50/50,sens,sens_2013-01-03,2013-01-03,2018-01-03,true,true,"{""*"": 6, ""BTAL"": 6, ""DBMF"": 2.5, ""KMLM"": 6, ""QQQ"": 1, ""SPY"": 0.7, ""TQQQ"": 1.5}",0.03000000,tests/data/2026-08-20-net15,,,,,0.00033302,0.00171230,0.00032341,0.00170573,93427.09886823,40000.00000000,53427.09886823,1.33567747,0.28554044,0.28089878,1.38677132,0.19508397,1.97618216,1.66962266,-0.17102094,213,2017,0.47759038,2018,0.03244308,140932.44546947,54.96569462,0.33458128,0.00137414,0.49967812,0.49829427,,,0.49997538,0.49991688
TQQQ50/BTAL50 gate QQQ<SMA200,sens,sens_2013-01-03,2013-01-03,2018-01-03,true,true,"{""*"": 6, ""BTAL"": 6, ""DBMF"": 2.5, ""KMLM"": 6, ""QQQ"": 1, ""SPY"": 0.7, ""TQQQ"": 1.5}",0.03000000,tests/data/2026-08-20-net15,,,,,0.00675178,0.10616621,0.00674088,0.10617002,89651.08041952,40000.00000000,49651.08041952,1.24127701,0.27255972,0.26674137,1.36010351,0.19083487,1.92623343,1.65977746,-0.16421462,141,2017,0.47757166,2018,0.03244403,113909.57602680,45.49192650,0.27783134,0.00113730,0.50607322,0.49829427,,,0.49356086,0.39382998
SPY benchmark,sens,sens_2013-01-03,2013-01-03,2018-01-03,true,true,"{""*"": 6, ""BTAL"": 6, ""DBMF"": 2.5, ""KMLM"": 6, ""QQQ"": 1, ""SPY"": 0.7, ""TQQQ"": 1.5}",0.03000000,tests/data/2026-08-20-net15,,,,,0.00287082,0.00832314,0.00287203,0.00832416,62544.27894207,40000.00000000,22544.27894207,0.56360697,0.15059183,0.14566483,1.25082739,0.11780405,1.78798867,1.14321205,-0.13172695,334,2013,0.28753949,2015,0.00897591,39936.41762853,2.79554923,0.12315887,0.00006989,,,0.99712797,0.99167584,,
VT TQQQ/BTAL t25 w0-50 QQQ:VOL_EWMA80,sens,sens_2013-07-03,2013-07-03,2018-07-03,false,true,"{""*"": 6, ""BTAL"": 6, ""DBMF"": 2.5, ""KMLM"": 6, ""QQQ"": 1, ""SPY"": 0.7, ""TQQQ"": 1.5}",0.03000000,tests/data/2026-08-20-net15,BTAL,0.25000000,0.50000000,,0.00029475,0.00155266,0.00028072,0.00152380,85125.60845483,40000.00000000,45125.60845483,1.12814021,0.25959486,0.24928075,1.29808648,0.19226500,1.83307006,1.59117546,-0.16314659,141,2017,0.46838812,2016,0.01858178,228484.82910858,88.14555616,0.57361048,0.00220364,0.52566440,0.49847620,,,0.47402157,0.21311745
VT TQQQ/BTAL t25 w0-50 QQQ:VOL_EWMA80 gate QQQ<SMA200,sens,sens_2013-07-03,2013-07-03,2018-07-03,false,true,"{""*"": 6, ""BTAL"": 6, ""DBMF"": 2.5, ""KMLM"": 6, ""QQQ"": 1, ""SPY"": 0.7, ""TQQQ"": 1.5}",0.03000000,tests/data/2026-08-20-net15,BTAL,0.25000000,0.50000000,QQQ<SMA200,0.00591656,0.18579587,0.00590302,0.18580032,79275.41047187,40000.00000000,39275.41047187,0.98188526,0.23539174,0.22510837,1.20318801,0.19109535,1.68901325,1.41134220,-0.16678573,577,2017,0.46839189,2016,-0.02479975,218382.21411888,84.80817593,0.57945837,0.00212020,0.53127886,0.49847620,,,0.46839180,0.19014448
VT TQQQ/BTAL t25 w0-60 QQQ:VOL_EWMA80,sens,sens_2013-07-03,2013-07-03,2018-07-03,false,true,"{""*"": 6, ""BTAL"": 6, ""DBMF"": 2.5, ""KMLM"": 6, ""QQQ"": 1, ""SPY"": 0.7, ""TQQQ"": 1.5}",0.03000000,tests/data/2026-08-20-net15,BTAL,0.25000000,0.60000000,,0.00032712,0.00134883,0.00032464,0.00135191,90665.01993181,40000.00000000,50665.01993181,1.26662550,0.28179604,0.27083517,1.22630124,0.22303648,1.72281999,1.40498477,-0.20056875,462,2017,0.56057171,2015,0.01941246,410677.60776948,155.05809555,1.00425262,0.00387645,0.45696825,0.39864809,,,0.54267409,0.21314445
VT TQQQ/BTAL t25 w0-60 QQQ:VOL_EWMA80 gate QQQ<SMA200,sens,sens_2013-07-03,2013-07-03,2018-07-03,false,true,"{""*"": 6, ""BTAL"": 6, ""DBMF"": 2.5, ""KMLM"": 6, ""QQQ"": 1, ""SPY"": 0.7, ""TQQQ"": 1.5}",0.03000000,tests/data/2026-08-20-net15,BTAL,0.25000000,0.60000000,QQQ<SMA200,0.00596951,0.18583328,0.00596857,0.18583782,84410.90999713,40000.00000000,44410.90999713,1.11027275,0.25713302,0.24640906,1.14338985,0.22198890,1.59918184,1.20748468,-0.21294930,576,2017,0.56055599,2015,-0.03369004,391841.63917499,148.58894026,1.01262628,0.00371472,0.46261732,0.39864809,,,0.53702444,0.19015093
VT TQQQ/BTAL t25 w0-70 QQQ:VOL_EWMA80,sens,sens_2013-07-03,2013-07-03,2018-07-03,false,true,"{""*"": 6, ""BTAL"": 6, ""DBMF"": 2.5, ""KMLM"": 6, ""QQQ"": 1, ""SPY"": 0.7, ""TQQQ"": 1.5}",0.03000000,tests/data/2026-08-20-net15,BTAL,0.25000000,0.70000000,,0.00035918,0.00149655,0.00037392,0.00159134,95424.43582374,40000.00000000,55424.43582374,1.38561090,0.29750420,0.28843686,1.16579152,0.25076527,1.62899931,1.25005405,-0.23799307,543,2017,0.65179477,2015,-0.02868729,654440.24776505,245.87829488,1.57807974,0.00614696,0.40239641,0.29840866,,,0.59719763,0.21316765
VT TQQQ/BTAL t25 w0-70 QQQ:VOL_EWMA80 gate QQQ<SMA200,sens,sens_2013-07-03,2013-07-03,2018-07-03,false,true,"{""*"": 6, ""BTAL"": 6, ""DBMF"": 2.5, ""KMLM"": 6, ""QQQ"": 1, ""SPY"": 0.7, ""TQQQ"": 1.5}",0.03000000,tests/data/2026-08-20-net15,BTAL,0.25000000,0.70000000,QQQ<SMA200,0.00558586,0.18597906,0.00560069,0.18598375,89054.56214030,40000.00000000,49054.56214030,1.22636405,0.27327896,0.26469271,1.09309097,0.24999897,1.52253347,1.07470453,-0.25428288,576,2017,0.65180330,2015,-0.07928228,626159.62554642,235.71112607,1.59289356,0.00589278,0.40763556,0.29840866,,,0.59196053,0.19010811
VT TQQQ/BTAL t25 w0-80 QQQ:VOL_EWMA80,sens,sens_2013-07-03,2013-07-03,2018-07-03,false,true,"{""*"": 6, ""BTAL"": 6, ""DBMF"": 2.5, ""KMLM"": 6, ""QQQ"": 1, ""SPY"": 0.7, ""TQQQ"": 1.5}",0.03000000,tests/data/2026-08-20-net15,BTAL,0.25000000,0.80000000,,0.00030832,0.00125392,0.00033757,0.00136433,102472.93476465,40000.00000000,62472.93476465,1.56182337,0.31906942,0.31312414,1.15829394,0.27129906,1.62023713,1.21417811,-0.26278634,541,2017,0.74658656,2015,-0.06327896,940147.84272662,352.47671072,2.20754149,0.00881192,0.35907092,0.19897703,,,0.64055598,0.21314823
VT TQQQ/BTAL t25 w0-80 QQQ:VOL_EWMA80 gate QQQ<SMA200,sens,sens_2013-07-03,2013-07-03,2018-07-03,false,true,"{""*"": 6, ""BTAL"": 6, ""DBMF"": 2.5, ""KMLM"": 6, ""QQQ"": 1, ""SPY"": 0.7, ""TQQQ"": 1.5}",0.03000000,tests/data/2026-08-20-net15,BTAL,0.25000000,0.80000000,QQQ<SMA200,0.00553153,0.18608449,0.00556088,0.18608930,95611.83480734,40000.00000000,55611.83480734,1.39029587,0.29442635,0.28911382,1.09079914,0.27059322,1.52169427,1.06369330,-0.27679628,574,2017,0.74658096,2015,-0.11212654,896730.79083644,336.62664145,2.22182673,0.00841567,0.36432161,0.19897703,,,0.63531376,0.19004818
VT TQQQ/BTAL t30 w0-50 QQQ:VOL_EWMA80,sens,sens_2013-07-03,2013-07-03,2018-07-03,false,true,"{""*"": 6, ""BTAL"": 6, ""DBMF"": 2.5, ""KMLM"": 6, ""QQQ"": 1, ""SPY"": 0.7, ""TQQQ"": 1.5}",0.03000000,tests/data/2026-08-20-net15,BTAL,0.30000000,0.50000000,,0.00032107,0.00155266,0.00030632,0.00152380,88854.67423206,40000.00000000,48854.67423206,1.22136686,0.27449777,0.26392342,1.33008021,0.19722376,1.88381224,1.67161570,-0.16421105,98,2017,0.47759796,2016,0.03326665,222731.96508208,85.69725319,0.54072805,0.00214243,0.51460009,0.49847620,,,0.48506046,0.25578625
VT TQQQ/BTAL t30 w0-50 QQQ:VOL_EWMA80 gate QQQ<SMA200,sens,sens_2013-07-03,2013-07-03,2018-07-03,false,true,"{""*"": 6, ""BTAL"": 6, ""DBMF"": 2.5, ""KMLM"": 6, ""QQQ"": 1, ""SPY"": 0.7, ""TQQQ"": 1.5}",0.03000000,tests/data/2026-08-20-net15,BTAL,0.30000000,0.50000000,QQQ<SMA200,0.00628224,0.18131786,0.00626609,0.18132224,82247.29523244,40000.00000000,42247.29523244,1.05618238,0.24815671,0.23758079,1.23321400,0.19548034,1.73272996,1.45977349,-0.16999672,568,2017,0.47758437,2016,-0.00921657,205169.49809799,79.53685349,0.52924889,0.00198842,0.52057049,0.49847620,,,0.47909109,0.22942512
VT TQQQ/BTAL t30 w0-60 QQQ:VOL_EWMA80,sens,sens_2013-07-03,2013-07-03,2018-07-03,false,true,"{""*"": 6, ""BTAL"": 6, ""DBMF"": 2.5, ""KMLM"": 6, ""QQQ"": 1, ""SPY"": 0.7, ""TQQQ"": 1.5}",0.03000000,tests/data/2026-08-20-net15,BTAL,0.30000000,0.60000000,,0.00036908,0.00134883,0.00036181,0.00135191,98790.66573117,40000.00000000,58790.66573117,1.46976664,0.31442648,0.30042147,1.29266836,0.23278843,1.82456382,1.52676989,-0.20594229,430,2017,0.58815299,2016,0.02549635,288001.94583313,109.45226966,0.65569761,0.00273631,0.43076934,0.39864809,,,0.56884081,0.25576278
VT TQQQ/BTAL t30 w0-60 QQQ:VOL_EWMA80 gate QQQ<SMA200,sens,sens_2013-07-03,2013-07-03,2018-07-03,false,true,"{""*"": 6, ""BTAL"": 6, ""DBMF"": 2.5, ""KMLM"": 6, ""QQQ"": 1, ""SPY"": 0.7, ""TQQQ"": 1.5}",0.03000000,tests/data/2026-08-20-net15,BTAL,0.30000000,0.60000000,QQQ<SMA200,0.00697385,0.22173483,0.00696701,0.22173899,90743.86701783,40000.00000000,50743.86701783,1.26859668,0.28504762,0.27113340,1.20291032,0.23099480,1.68626502,1.26211156,-0.22584978,577,2017,0.58813356,2016,-0.02517383,272342.20291667,104.15722887,0.66222691,0.00260393,0.43743124,0.39864809,,,0.56219992,0.22956937
VT TQQQ/BTAL t30 w0-70 QQQ:VOL_EWMA80,sens,sens_2013-07-03,2013-07-03,2018-07-03,false,true,"{""*"": 6, ""BTAL"": 6, ""DBMF"": 2.5, ""KMLM"": 6, ""QQQ"": 1, ""SPY"": 0.7, ""TQQQ"": 1.5}",0.03000000,tests/data/2026-08-20-net15,BTAL,0.30000000,0.70000000,,0.00029913,0.00149655,0.00030266,0.00159134,105263.62174038,40000.00000000,65263.62174038,1.63159054,0.33754361,0.32248531,1.22908972,0.26579204,1.72671744,1.38837904,-0.24312064,539,2017,0.68670880,2015,0.02697699,494369.10680807,185.79857017,1.09378120,0.00464496,0.36098032,0.29840866,,,0.63868813,0.25575901
VT TQQQ/BTAL t30 w0-70 QQQ:VOL_EWMA80 gate QQQ<SMA200,sens,sens_2013-07-03,2013-07-03,2018-07-03,false,true,"{""*"": 6, ""BTAL"": 6, ""DBMF"": 2.5, ""KMLM"": 6, ""QQQ"": 1, ""SPY"": 0.7, ""TQQQ"": 1.5}",0.03000000,tests/data/2026-08-20-net15,BTAL,0.30000000,0.70000000,QQQ<SMA200,0.00692308,0.22181323,0.00692308,0.22181763,96670.97183991,40000.00000000,56670.97183991,1.41677430,0.30765028,0.29291789,1.14924429,0.26419245,1.60604647,1.11974202,-0.27475104,577,2017,0.68667625,2015,-0.03510603,466575.64876826,175.90640984,1.10232479,0.00439766,0.36763063,0.29840866,,,0.63204299,0.22955456
VT TQQQ/BTAL t30 w0-80 QQQ:VOL_EWMA80,sens,sens_2013-07-03,2013-07-03,2018-07-03,false,true,"{""*"": 6, ""BTAL"": 6, ""DBMF"": 2.5, ""KMLM"": 6, ""QQQ"": 1, ""SPY"": 0.7, ""TQQQ"": 1.5}",0.03000000,tests/data/2026-08-20-net15,BTAL,0.30000000,0.80000000,,0.00029368,0.00105474,0.00030966,0.00102165,110041.85751017,40000.00000000,70041.85751017,1.75104644,0.35152730,0.33801745,1.16686968,0.29634209,1.63024707,1.25418603,-0.28028322,553,2017,0.78542824,2015,-0.02643354,755460.92663481,282.95088466,1.65424725,0.00707377,0.30308250,0.19897835,,,0.69657546,0.25575146
VT TQQQ/BTAL t30 w0-80 QQQ:VOL_EWMA80 gate QQQ<SMA200,sens,sens_2013-07-03,2013-07-03,2018-07-03,false,true,"{""*"": 6, ""BTAL"": 6, ""DBMF"": 2.5, ""KMLM"": 6, ""QQQ"": 1, ""SPY"": 0.7, ""TQQQ"": 1.5}",0.03000000,tests/data/2026-08-20-net15,BTAL,0.30000000,0.80000000,QQQ<SMA200,0.00671627,0.22197306,0.00673785,0.22197763,101211.92206711,40000.00000000,61211.92206711,1.53029805,0.32172563,0.30882014,1.09516471,0.29498738,1.52379685,1.00507928,-0.32009976,578,2017,0.78545309,2015,-0.08530952,714566.52188171,268.13221465,1.66882657,0.00670331,0.30950525,0.19897835,,,0.69013822,0.22946327
VT TQQQ/BTAL t35 w0-50 QQQ:VOL_EWMA80,sens,sens_2013-07-03,2013-07-03,2018-07-03,false,true,"{""*"": 6, ""BTAL"": 6, ""DBMF"": 2.5, ""KMLM"": 6, ""QQQ"": 1, ""SPY"": 0.7, ""TQQQ"": 1.5}",0.03000000,tests/data/2026-08-20-net15,BTAL,0.35000000,0.50000000,,0.00033391,0.00155266,0.00031627,0.00152380,90802.94156039,40000.00000000,50802.94156039,1.27007354,0.28185121,0.27135669,1.34665914,0.19939457,1.90993327,1.71639617,-0.16421105,95,2017,0.47757253,2016,0.04596067,197819.39149570,76.53529257,0.47178967,0.00191338,0.50996875,0.49847620,,,0.48968070,0.29842696
VT TQQQ/BTAL t35 w0-50 QQQ:VOL_EWMA80 gate QQQ<SMA200,sens,sens_2013-07-03,2013-07-03,2018-07-03,false,true,"{""*"": 6, ""BTAL"": 6, ""DBMF"": 2.5, ""KMLM"": 6, ""QQQ"": 1, ""SPY"": 0.7, ""TQQQ"": 1.5}",0.03000000,tests/data/2026-08-20-net15,BTAL,0.35000000,0.50000000,QQQ<SMA200,0.00581087,0.18372253,0.00578946,0.18372712,84275.01773369,40000.00000000,44275.01773369,1.10687544,0.25626267,0.24586058,1.25581847,0.19743019,1.76583131,1.47877616,-0.17329375,548,2017,0.47758338,2016,0.01499515,175270.01056409,68.27566116,0.44366939,0.00170689,0.51545099,0.49847620,,,0.48419151,0.26902403
VT TQQQ/BTAL t35 w0-60 QQQ:VOL_EWMA80,sens,sens_2013-07-03,2013-07-03,2018-07-03,false,true,"{""*"": 6, ""BTAL"": 6, ""DBMF"": 2.5, ""KMLM"": 6, ""QQQ"": 1, ""SPY"": 0.7, ""TQQQ"": 1.5}",0.03000000,tests/data/2026-08-20-net15,BTAL,0.35000000,0.60000000,,0.00030138,0.00134883,0.00029318,0.00135191,103625.50186331,40000.00000000,63625.50186331,1.59063755,0.33127768,0.31701729,1.32048100,0.23858473,1.86939054,1.59924188,-0.20714670,106,2017,0.59997894,2016,0.03983303,276987.87589524,105.65660291,0.60792138,0.00264142,0.41883505,0.39864809,,,0.58084386,0.29840421
VT TQQQ/BTAL t35 w0-60 QQQ:VOL_EWMA80 gate QQQ<SMA200,sens,sens_2013-07-03,2013-07-03,2018-07-03,false,true,"{""*"": 6, ""BTAL"": 6, ""DBMF"": 2.5, ""KMLM"": 6, ""QQQ"": 1, ""SPY"": 0.7, ""TQQQ"": 1.5}",0.03000000,tests/data/2026-08-20-net15,BTAL,0.35000000,0.60000000,QQQ<SMA200,0.00742513,0.22679294,0.00741507,0.22679720,94476.58069460,40000.00000000,54476.58069460,1.36191452,0.29923168,0.28499462,1.22828708,0.23616125,1.72363015,1.28779680,-0.23235939,571,2017,0.59994405,2016,-0.01194074,253265.93069823,97.11138599,0.59744978,0.00242778,0.42595774,0.39864809,,,0.57370971,0.26927616
VT TQQQ/BTAL t35 w0-70 QQQ:VOL_EWMA80,sens,sens_2013-07-03,2013-07-03,2018-07-03,false,true,"{""*"": 6, ""BTAL"": 6, ""DBMF"": 2.5, ""KMLM"": 6, ""QQQ"": 1, ""SPY"": 0.7, ""TQQQ"": 1.5}",0.03000000,tests/data/2026-08-20-net15,BTAL,0.35000000,0.70000000,,0.00031256,0.00149655,0.00030949,0.00159134,114323.29962062,40000.00000000,74323.29962062,1.85808249,0.36919028,0.35143909,1.27918646,0.27583051,1.80373766,1.48797554,-0.24811582,536,2017,0.71617469,2016,0.03009391,359762.70737855,135.51680779,0.74344350,0.00338792,0.33601045,0.29840866,,,0.66365450,0.29839671
VT TQQQ/BTAL t35 w0-70 QQQ:VOL_EWMA80 gate QQQ<SMA200,sens,sens_2013-07-03,2013-07-03,2018-07-03,false,true,"{""*"": 6, ""BTAL"": 6, ""DBMF"": 2.5, ""KMLM"": 6, ""QQQ"": 1, ""SPY"": 0.7, ""TQQQ"": 1.5}",0.03000000,tests/data/2026-08-20-net15,BTAL,0.35000000,0.70000000,QQQ<SMA200,0.00792385,0.25726319,0.00792160,0.25726742,103621.91174983,40000.00000000,63621.91174983,1.59054779,0.33457858,0.31700522,1.19404645,0.27348678,1.67145346,1.16384549,-0.28747680,578,2017,0.71616809,2016,-0.02731087,336014.67964517,127.16016835,0.74916887,0.00317900,0.34362106,0.29840866,,,0.65604049,0.26944243
VT TQQQ/BTAL t35 w0-80 QQQ:VOL_EWMA80,sens,sens_2013-07-03,2013-07-03,2018-07-03,false,true,"{""*"": 6, ""BTAL"": 6, ""DBMF"": 2.5, ""KMLM"": 6, ""QQQ"": 1, ""SPY"": 0.7, ""TQQQ"": 1.5}",0.03000000,tests/data/2026-08-20-net15,BTAL,0.35000000,0.80000000,,0.00024085,0.00105474,0.00024606,0.00102165,121767.79249422,40000.00000000,81767.79249422,2.04419481,0.39282793,0.37376147,1.22496127,0.31040086,1.72062285,1.37811351,-0.28504759,541,2017,0.82138922,2015,0.03193986,591673.97499779,221.41574845,1.18645335,0.00553539,0.26536981,0.19897835,,,0.73435488,0.29840783
VT TQQQ/BTAL t35 w0-80 QQQ:VOL_EWMA80 gate QQQ<SMA200,sens,sens_2013-07-03,2013-07-03,2018-07-03,false,true,"{""*"": 6, ""BTAL"": 6, ""DBMF"": 2.5, ""KMLM"": 6, ""QQQ"": 1, ""SPY"": 0.7, ""TQQQ"": 1.5}",0.03000000,tests/data/2026-08-20-net15,BTAL,0.35000000,0.80000000,QQQ<SMA200,0.00783110,0.25735909,0.00783724,0.25736338,110374.77109500,40000.00000000,70374.77109500,1.75936928,0.35770420,0.33907737,1.14820914,0.30830914,1.60357779,1.07170924,-0.33376982,578,2017,0.82137031,2015,-0.03839543,552966.12484552,207.29629148,1.19593520,0.00518241,0.27293904,0.19897835,,,0.72676710,0.26944591
VT TQQQ/BTAL t40 w0-50 QQQ:VOL_EWMA80,sens,sens_2013-07-03,2013-07-03,2018-07-03,false,true,"{""*"": 6, ""BTAL"": 6, ""DBMF"": 2.5, ""KMLM"": 6, ""QQQ"": 1, ""SPY"": 0.7, ""TQQQ"": 1.5}",0.03000000,tests/data/2026-08-20-net15,BTAL,0.40000000,0.50000000,,0.00031345,0.00155266,0.00029618,0.00152380,92537.76060553,40000.00000000,52537.76060553,1.31344402,0.28802192,0.27785697,1.35815700,0.20156949,1.92877021,1.75397407,-0.16421105,95,2017,0.47759896,2016,0.05837971,175148.87668961,68.03806513,0.41202492,0.00170095,0.50588762,0.49847620,,,0.49378361,0.34106767
VT TQQQ/BTAL t40 w0-50 QQQ:VOL_EWMA80 gate QQQ<SMA200,sens,sens_2013-07-03,2013-07-03,2018-07-03,false,true,"{""*"": 6, ""BTAL"": 6, ""DBMF"": 2.5, ""KMLM"": 6, ""QQQ"": 1, ""SPY"": 0.7, ""TQQQ"": 1.5}",0.03000000,tests/data/2026-08-20-net15,BTAL,0.40000000,0.50000000,QQQ<SMA200,0.00617559,0.19097663,0.00615602,0.19098107,86179.11821758,40000.00000000,46179.11821758,1.15447796,0.26353934,0.25347469,1.27656981,0.19899593,1.79677408,1.56107913,-0.16881870,378,2017,0.47757850,2016,0.03364227,148306.39037927,58.39049081,0.36944469,0.00145976,0.51177099,0.49847620,,,0.48790271,0.30901893
VT TQQQ/BTAL t40 w0-60 QQQ:VOL_EWMA80,sens,sens_2013-07-03,2013-07-03,2018-07-03,false,true,"{""*"": 6, ""BTAL"": 6, ""DBMF"": 2.5, ""KMLM"": 6, ""QQQ"": 1, ""SPY"": 0.7, ""TQQQ"": 1.5}",0.03000000,tests/data/2026-08-20-net15,BTAL,0.40000000,0.60000000,,0.00031080,0.00134883,0.00029865,0.00135191,105619.62771983,40000.00000000,65619.62771983,1.64049069,0.33803421,0.32366373,1.32887814,0.24140322,1.88304669,1.63185901,-0.20714670,98,2017,0.59998259,2016,0.05231198,247526.02981869,94.57133846,0.53392176,0.00236428,0.41379586,0.39864809,,,0.58587572,0.34104114
VT TQQQ/BTAL t40 w0-60 QQQ:VOL_EWMA80 gate QQQ<SMA200,sens,sens_2013-07-03,2013-07-03,2018-07-03,false,true,"{""*"": 6, ""BTAL"": 6, ""DBMF"": 2.5, ""KMLM"": 6, ""QQQ"": 1, ""SPY"": 0.7, ""TQQQ"": 1.5}",0.03000000,tests/data/2026-08-20-net15,BTAL,0.40000000,0.60000000,QQQ<SMA200,0.00695213,0.20810528,0.00694144,0.20810960,96583.52479615,40000.00000000,56583.52479615,1.41458812,0.30688084,0.29260522,1.24184680,0.23882968,1.74368236,1.30172212,-0.23574988,555,2017,0.59995549,2016,0.01187655,225047.77998765,86.31084367,0.52106425,0.00215777,0.42040253,0.39864809,,,0.57924565,0.30932028
VT TQQQ/BTAL t40 w0-70 QQQ:VOL_EWMA80,sens,sens_2013-07-03,2013-07-03,2018-07-03,false,true,"{""*"": 6, ""BTAL"": 6, ""DBMF"": 2.5, ""KMLM"": 6, ""QQQ"": 1, ""SPY"": 0.7, ""TQQQ"": 1.5}",0.03000000,tests/data/2026-08-20-net15,BTAL,0.40000000,0.70000000,,0.00032132,0.00149655,0.00031690,0.00159134,120304.64135454,40000.00000000,80304.64135454,2.00761603,0.38757956,0.36947028,1.30358750,0.28231107,1.84316884,1.55410968,-0.24939009,392,2017,0.73095148,2016,0.04382105,330996.58334485,125.33661519,0.65751895,0.00313342,0.32318210,0.29840866,,,0.67647597,0.34103701
VT TQQQ/BTAL t40 w0-70 QQQ:VOL_EWMA80 gate QQQ<SMA200,sens,sens_2013-07-03,2013-07-03,2018-07-03,false,true,"{""*"": 6, ""BTAL"": 6, ""DBMF"": 2.5, ""KMLM"": 6, ""QQQ"": 1, ""SPY"": 0.7, ""TQQQ"": 1.5}",0.03000000,tests/data/2026-08-20-net15,BTAL,0.40000000,0.70000000,QQQ<SMA200,0.00856154,0.27183279,0.00855831,0.27183694,108094.15067181,40000.00000000,68094.15067181,1.70235377,0.34978665,0.33175930,1.21569614,0.27927891,1.70338971,1.19956728,-0.29159403,574,2017,0.73094497,2016,-0.01652381,300994.87309352,114.38734055,0.64984656,0.00285968,0.33143784,0.29840866,,,0.66822265,0.30961260
VT TQQQ/BTAL t40 w0-80 QQQ:VOL_EWMA80,sens,sens_2013-07-03,2013-07-03,2018-07-03,false,true,"{""*"": 6, ""BTAL"": 6, ""DBMF"": 2.5, ""KMLM"": 6, ""QQQ"": 1, ""SPY"": 0.7, ""TQQQ"": 1.5}",0.03000000,tests/data/2026-08-20-net15,BTAL,0.40000000,0.80000000,,0.00025181,0.00105474,0.00024549,0.00102165,131841.05798947,40000.00000000,91841.05798947,2.29602645,0.42366105,0.40214128,1.26431074,0.32066901,1.78101445,1.46263771,-0.28965550,539,2017,0.85292107,2016,0.03230281,445058.34898260,166.63415003,0.83586442,0.00416585,0.24126299,0.19897835,,,0.75846083,0.34104870
VT TQQQ/BTAL t40 w0-80 QQQ:VOL_EWMA80 gate QQQ<SMA200,sens,sens_2013-07-03,2013-07-03,2018-07-03,false,true,"{""*"": 6, ""BTAL"": 6, ""DBMF"": 2.5, ""KMLM"": 6, ""QQQ"": 1, ""SPY"": 0.7, ""TQQQ"": 1.5}",0.03000000,tests/data/2026-08-20-net15,BTAL,0.40000000,0.80000000,QQQ<SMA200,0.00881236,0.29242150,0.00880821,0.29242563,117977.31848869,40000.00000000,77977.31848869,1.94943296,0.38377827,0.36254969,1.18321290,0.31783881,1.65445119,1.10832381,-0.34626908,578,2017,0.85291750,2016,-0.03130415,410975.23002648,154.24877279,0.84097784,0.00385622,0.24979875,0.19897835,,,0.74990692,0.30979197
VT TQQQ/cash t25 w0-50 QQQ:VOL_EWMA80,sens,sens_2013-07-03,2013-07-03,2018-07-03,false,true,"{""*"": 6, ""BTAL"": 6, ""DBMF"": 2.5, ""KMLM"": 6, ""QQQ"": 1, ""SPY"": 0.7, ""TQQQ"": 1.5}",0.03000000,tests/data/2026-08-20-net15,,0.25000000,0.50000000,,0.00002912,0.00006519,0.00003063,0.00006539,89480.68013570,40000.00000000,49480.68013570,1.23701700,0.27947731,0.26632754,1.31051417,0.20424381,1.84210769,1.38288155,-0.20209779,430,2017,0.50802143,2016,0.05881918,112699.38186208,16.90490728,0.27201523,0.00042262,,,,,0.47402883,0.21312648
VT TQQQ/cash t25 w0-50 QQQ:VOL_EWMA80 gate QQQ<SMA200,sens,sens_2013-07-03,2013-07-03,2018-07-03,false,true,"{""*"": 6, ""BTAL"": 6, ""DBMF"": 2.5, ""KMLM"": 6, ""QQQ"": 1, ""SPY"": 0.7, ""TQQQ"": 1.5}",0.03000000,tests/data/2026-08-20-net15,,0.25000000,0.50000000,QQQ<SMA200,0.00572181,0.18676745,0.00572305,0.18676745,84140.02575022,40000.00000000,44140.02575022,1.10350064,0.25846874,0.24531495,1.24021767,0.20210527,1.72904145,1.09684574,-0.23564730,555,2017,0.50799543,2016,0.01751203,107364.39722955,16.10465958,0.27175599,0.00040262,,,,,0.46833641,0.19581605
VT TQQQ/cash t25 w0-60 QQQ:VOL_EWMA80,sens,sens_2013-07-03,2013-07-03,2018-07-03,false,true,"{""*"": 6, ""BTAL"": 6, ""DBMF"": 2.5, ""KMLM"": 6, ""QQQ"": 1, ""SPY"": 0.7, ""TQQQ"": 1.5}",0.03000000,tests/data/2026-08-20-net15,,0.25000000,0.60000000,,0.00002929,0.00006466,0.00003308,0.00006517,94838.84527799,40000.00000000,54838.84527799,1.37097113,0.29977235,0.28631383,1.23361282,0.23533906,1.72507768,1.32689623,-0.22591997,526,2017,0.59759119,2015,0.03038349,213826.29669175,32.07394450,0.50373909,0.00080185,,,,,0.54267670,0.21314938
VT TQQQ/cash t25 w0-60 QQQ:VOL_EWMA80 gate QQQ<SMA200,sens,sens_2013-07-03,2013-07-03,2018-07-03,false,true,"{""*"": 6, ""BTAL"": 6, ""DBMF"": 2.5, ""KMLM"": 6, ""QQQ"": 1, ""SPY"": 0.7, ""TQQQ"": 1.5}",0.03000000,tests/data/2026-08-20-net15,,0.25000000,0.60000000,QQQ<SMA200,0.00573491,0.18681629,0.00573774,0.18681629,89162.80426291,40000.00000000,49162.80426291,1.22907011,0.27841445,0.26510865,1.17064003,0.23344925,1.62682919,1.03400774,-0.26925761,569,2017,0.59759245,2015,-0.01293949,204314.83017453,30.64722453,0.50472297,0.00076618,,,,,0.53697204,0.19581034
VT TQQQ/cash t25 w0-70 QQQ:VOL_EWMA80,sens,sens_2013-07-03,2013-07-03,2018-07-03,false,true,"{""*"": 6, ""BTAL"": 6, ""DBMF"": 2.5, ""KMLM"": 6, ""QQQ"": 1, ""SPY"": 0.7, ""TQQQ"": 1.5}",0.03000000,tests/data/2026-08-20-net15,,0.25000000,0.70000000,,0.00002543,0.00005759,0.00003017,0.00006448,99535.32976506,40000.00000000,59535.32976506,1.48838324,0.31446766,0.30302371,1.17709918,0.26186397,1.63923532,1.22615291,-0.25646692,540,2017,0.69164311,2015,-0.01328767,342131.73742677,51.31976061,0.79591231,0.00128299,,,,,0.59719996,0.21311977
VT TQQQ/cash t25 w0-70 QQQ:VOL_EWMA80 gate QQQ<SMA200,sens,sens_2013-07-03,2013-07-03,2018-07-03,false,true,"{""*"": 6, ""BTAL"": 6, ""DBMF"": 2.5, ""KMLM"": 6, ""QQQ"": 1, ""SPY"": 0.7, ""TQQQ"": 1.5}",0.03000000,tests/data/2026-08-20-net15,,0.25000000,0.70000000,QQQ<SMA200,0.00518183,0.18690171,0.00518607,0.18690171,93874.59996089,40000.00000000,53874.59996089,1.34686500,0.29386848,0.28279251,1.12158476,0.26037731,1.55464156,0.97491316,-0.30143042,571,2017,0.69162185,2015,-0.05480821,329013.60691416,49.35204104,0.80078700,0.00123380,,,,,0.59204407,0.19571534
VT TQQQ/cash t25 w0-80 QQQ:VOL_EWMA80,sens,sens_2013-07-03,2013-07-03,2018-07-03,false,true,"{""*"": 6, ""BTAL"": 6, ""DBMF"": 2.5, ""KMLM"": 6, ""QQQ"": 1, ""SPY"": 0.7, ""TQQQ"": 1.5}",0.03000000,tests/data/2026-08-20-net15,,0.25000000,0.80000000,,0.00002482,0.00005776,0.00002898,0.00006235,106236.86909660,40000.00000000,66236.86909660,1.65592173,0.33408334,0.32569859,1.16814143,0.28106470,1.62921971,1.20039651,-0.27831083,541,2017,0.79004549,2015,-0.04383039,490738.56907269,73.61078536,1.11598138,0.00184027,,,,,0.64057206,0.21314642
VT TQQQ/cash t25 w0-80 QQQ:VOL_EWMA80 gate QQQ<SMA200,sens,sens_2013-07-03,2013-07-03,2018-07-03,false,true,"{""*"": 6, ""BTAL"": 6, ""DBMF"": 2.5, ""KMLM"": 6, ""QQQ"": 1, ""SPY"": 0.7, ""TQQQ"": 1.5}",0.03000000,tests/data/2026-08-20-net15,,0.25000000,0.80000000,QQQ<SMA200,0.00518696,0.18702624,0.00519056,0.18702624,100184.03437410,40000.00000000,60184.03437410,1.50460086,0.31316935,0.30527662,1.11595322,0.27968225,1.55016382,0.97909984,-0.31985435,571,2017,0.79003372,2015,-0.08407022,470992.03768122,70.64880565,1.12074829,0.00176622,,,,,0.63541047,0.19569773
VT TQQQ/cash t30 w0-50 QQQ:VOL_EWMA80,sens,sens_2013-07-03,2013-07-03,2018-07-03,false,true,"{""*"": 6, ""BTAL"": 6, ""DBMF"": 2.5, ""KMLM"": 6, ""QQQ"": 1, ""SPY"": 0.7, ""TQQQ"": 1.5}",0.03000000,tests/data/2026-08-20-net15,,0.30000000,0.50000000,,0.00002812,0.00006282,0.00002969,0.00006406,93072.83004061,40000.00000000,53072.83004061,1.32682075,0.29315140,0.27983998,1.33054110,0.21008215,1.87600120,1.43438733,-0.20437395,382,2017,0.51688330,2016,0.07076866,109653.98973717,16.44809846,0.25691354,0.00041120,,,,,0.48506949,0.25578575
VT TQQQ/cash t30 w0-50 QQQ:VOL_EWMA80 gate QQQ<SMA200,sens,sens_2013-07-03,2013-07-03,2018-07-03,false,true,"{""*"": 6, ""BTAL"": 6, ""DBMF"": 2.5, ""KMLM"": 6, ""QQQ"": 1, ""SPY"": 0.7, ""TQQQ"": 1.5}",0.03000000,tests/data/2026-08-20-net15,,0.30000000,0.50000000,QQQ<SMA200,0.00604649,0.18241473,0.00604762,0.18241473,87079.97079848,40000.00000000,47079.97079848,1.17699927,0.27034752,0.25702471,1.25828091,0.20757581,1.75732800,1.11054103,-0.24343767,554,2017,0.51686246,2016,0.03024626,101233.31568971,15.18499735,0.24982233,0.00037962,,,,,0.47905157,0.23591143
VT TQQQ/cash t30 w0-60 QQQ:VOL_EWMA80,sens,sens_2013-07-03,2013-07-03,2018-07-03,false,true,"{""*"": 6, ""BTAL"": 6, ""DBMF"": 2.5, ""KMLM"": 6, ""QQQ"": 1, ""SPY"": 0.7, ""TQQQ"": 1.5}",0.03000000,tests/data/2026-08-20-net15,,0.30000000,0.60000000,,0.00002646,0.00005971,0.00002816,0.00006246,102882.46530143,40000.00000000,62882.46530143,1.57206163,0.33066856,0.31451186,1.28640366,0.24596910,1.80760386,1.35857281,-0.24339407,512,2017,0.62277182,2016,0.06047653,145474.19342515,21.82112901,0.32058645,0.00054553,,,,,0.56884319,0.25577353
VT TQQQ/cash t30 w0-60 QQQ:VOL_EWMA80 gate QQQ<SMA200,sens,sens_2013-07-03,2013-07-03,2018-07-03,false,true,"{""*"": 6, ""BTAL"": 6, ""DBMF"": 2.5, ""KMLM"": 6, ""QQQ"": 1, ""SPY"": 0.7, ""TQQQ"": 1.5}",0.03000000,tests/data/2026-08-20-net15,,0.30000000,0.60000000,QQQ<SMA200,0.00670978,0.22276702,0.00671234,0.22276702,95615.23465798,40000.00000000,55615.23465798,1.39038087,0.30524328,0.28912610,1.21762323,0.24350608,1.69745112,1.08817473,-0.28050944,569,2017,0.62278420,2016,0.01264427,137614.83037045,20.64222456,0.32089817,0.00051606,,,,,0.56215901,0.23605199
VT TQQQ/cash t30 w0-70 QQQ:VOL_EWMA80,sens,sens_2013-07-03,2013-07-03,2018-07-03,false,true,"{""*"": 6, ""BTAL"": 6, ""DBMF"": 2.5, ""KMLM"": 6, ""QQQ"": 1, ""SPY"": 0.7, ""TQQQ"": 1.5}",0.03000000,tests/data/2026-08-20-net15,,0.30000000,0.70000000,,0.00002663,0.00005768,0.00002969,0.00005977,109110.21762383,40000.00000000,69110.21762383,1.72775544,0.35189127,0.33503627,1.22643512,0.27777739,1.71712728,1.32090748,-0.26640115,536,2017,0.71798120,2015,0.03516265,257398.53108374,38.60977966,0.55247233,0.00096524,,,,,0.63869234,0.25579440
VT TQQQ/cash t30 w0-70 QQQ:VOL_EWMA80 gate QQQ<SMA200,sens,sens_2013-07-03,2013-07-03,2018-07-03,false,true,"{""*"": 6, ""BTAL"": 6, ""DBMF"": 2.5, ""KMLM"": 6, ""QQQ"": 1, ""SPY"": 0.7, ""TQQQ"": 1.5}",0.03000000,tests/data/2026-08-20-net15,,0.30000000,0.70000000,QQQ<SMA200,0.00669377,0.22282422,0.00669621,0.22282422,101397.99143071,40000.00000000,61397.99143071,1.53494979,0.32609473,0.30945819,1.16401013,0.27558014,1.61960665,1.03778737,-0.31422113,571,2017,0.71795831,2015,-0.01561742,244194.92681174,36.62923902,0.55450082,0.00091573,,,,,0.63202582,0.23604998
VT TQQQ/cash t30 w0-80 QQQ:VOL_EWMA80,sens,sens_2013-07-03,2013-07-03,2018-07-03,false,true,"{""*"": 6, ""BTAL"": 6, ""DBMF"": 2.5, ""KMLM"": 6, ""QQQ"": 1, ""SPY"": 0.7, ""TQQQ"": 1.5}",0.03000000,tests/data/2026-08-20-net15,,0.30000000,0.80000000,,0.00002676,0.00006000,0.00003146,0.00005757,113948.95178800,40000.00000000,73948.95178800,1.84872379,0.36546087,0.35028332,1.17251975,0.30626940,1.63497492,1.24652200,-0.29318446,541,2017,0.81732119,2015,-0.01343579,395554.19957095,59.33312994,0.84032382,0.00148333,,,,,0.69658000,0.25579737
VT TQQQ/cash t30 w0-80 QQQ:VOL_EWMA80 gate QQQ<SMA200,sens,sens_2013-07-03,2013-07-03,2018-07-03,false,true,"{""*"": 6, ""BTAL"": 6, ""DBMF"": 2.5, ""KMLM"": 6, ""QQQ"": 1, ""SPY"": 0.7, ""TQQQ"": 1.5}",0.03000000,tests/data/2026-08-20-net15,,0.30000000,0.80000000,QQQ<SMA200,0.00644974,0.22297001,0.00645263,0.22297001,106067.12139602,40000.00000000,66067.12139602,1.65167803,0.33987706,0.32514002,1.11573021,0.30436175,1.54803463,0.97294034,-0.34932980,574,2017,0.81731873,2015,-0.06186204,376594.17856753,56.48912679,0.84535962,0.00141223,,,,,0.69015884,0.23596424
VT TQQQ/cash t35 w0-50 QQQ:VOL_EWMA80,sens,sens_2013-07-03,2013-07-03,2018-07-03,false,true,"{""*"": 6, ""BTAL"": 6, ""DBMF"": 2.5, ""KMLM"": 6, ""QQQ"": 1, ""SPY"": 0.7, ""TQQQ"": 1.5}",0.03000000,tests/data/2026-08-20-net15,,0.35000000,0.50000000,,0.00002973,0.00007086,0.00003111,0.00007229,94674.31606000,40000.00000000,54674.31606000,1.36685790,0.29903357,0.28571524,1.33771392,0.21278034,1.88901407,1.39600671,-0.21420640,248,2017,0.51687747,2016,0.07943995,95452.65883357,14.31789883,0.22045824,0.00035795,,,,,0.48968736,0.29839766
VT TQQQ/cash t35 w0-50 QQQ:VOL_EWMA80 gate QQQ<SMA200,sens,sens_2013-07-03,2013-07-03,2018-07-03,false,true,"{""*"": 6, ""BTAL"": 6, ""DBMF"": 2.5, ""KMLM"": 6, ""QQQ"": 1, ""SPY"": 0.7, ""TQQQ"": 1.5}",0.03000000,tests/data/2026-08-20-net15,,0.35000000,0.50000000,QQQ<SMA200,0.00555239,0.17655061,0.00555372,0.17655061,88815.44723427,40000.00000000,48815.44723427,1.22038618,0.27700286,0.26377227,1.26968056,0.21027962,1.77600871,1.12656535,-0.24588264,536,2017,0.51686433,2016,0.04954246,86024.92247068,12.90373837,0.20900090,0.00032259,,,,,0.48416474,0.27620053
VT TQQQ/cash t35 w0-60 QQQ:VOL_EWMA80,sens,sens_2013-07-03,2013-07-03,2018-07-03,false,true,"{""*"": 6, ""BTAL"": 6, ""DBMF"": 2.5, ""KMLM"": 6, ""QQQ"": 1, ""SPY"": 0.7, ""TQQQ"": 1.5}",0.03000000,tests/data/2026-08-20-net15,,0.35000000,0.60000000,,0.00002593,0.00005554,0.00002685,0.00006008,107553.16043148,40000.00000000,67553.16043148,1.68882901,0.34630853,0.33000345,1.30736084,0.25216129,1.84235601,1.40095531,-0.24719456,429,2017,0.63412219,2016,0.07253230,137698.54454341,20.65478168,0.29362376,0.00051637,,,,,0.58084774,0.29844163
VT TQQQ/cash t35 w0-60 QQQ:VOL_EWMA80 gate QQQ<SMA200,sens,sens_2013-07-03,2013-07-03,2018-07-03,false,true,"{""*"": 6, ""BTAL"": 6, ""DBMF"": 2.5, ""KMLM"": 6, ""QQQ"": 1, ""SPY"": 0.7, ""TQQQ"": 1.5}",0.03000000,tests/data/2026-08-20-net15,,0.35000000,0.60000000,QQQ<SMA200,0.00719177,0.22790941,0.00719276,0.22790941,99325.84321630,40000.00000000,59325.84321630,1.48314608,0.31859676,0.30229340,1.23609024,0.24927140,1.72601462,1.10182954,-0.28915250,555,2017,0.63411636,2016,0.02366606,126956.54230530,19.04348135,0.28799281,0.00047609,,,,,0.57368183,0.27649964
VT TQQQ/cash t35 w0-70 QQQ:VOL_EWMA80,sens,sens_2013-07-03,2013-07-03,2018-07-03,false,true,"{""*"": 6, ""BTAL"": 6, ""DBMF"": 2.5, ""KMLM"": 6, ""QQQ"": 1, ""SPY"": 0.7, ""TQQQ"": 1.5}",0.03000000,tests/data/2026-08-20-net15,,0.35000000,0.70000000,,0.00002459,0.00005684,0.00002592,0.00006022,118065.41558328,40000.00000000,78065.41558328,1.95163539,0.38205304,0.36281382,1.26943591,0.28809078,1.78385819,1.34663732,-0.28370894,519,2017,0.74466754,2016,0.06070262,183872.41426221,27.58086214,0.37011470,0.00068952,,,,,0.66365732,0.29843292
VT TQQQ/cash t35 w0-70 QQQ:VOL_EWMA80 gate QQQ<SMA200,sens,sens_2013-07-03,2013-07-03,2018-07-03,false,true,"{""*"": 6, ""BTAL"": 6, ""DBMF"": 2.5, ""KMLM"": 6, ""QQQ"": 1, ""SPY"": 0.7, ""TQQQ"": 1.5}",0.03000000,tests/data/2026-08-20-net15,,0.35000000,0.70000000,QQQ<SMA200,0.00766134,0.25837539,0.00766257,0.25837539,108487.80286500,40000.00000000,68487.80286500,1.71219507,0.35217101,0.33303209,1.20225482,0.28532959,1.67659687,1.08834139,-0.32358505,571,2017,0.74467012,2016,0.00694555,172644.12648460,25.89661897,0.37094489,0.00064742,,,,,0.65602068,0.27664434
VT TQQQ/cash t35 w0-80 QQQ:VOL_EWMA80,sens,sens_2013-07-03,2013-07-03,2018-07-03,false,true,"{""*"": 6, ""BTAL"": 6, ""DBMF"": 2.5, ""KMLM"": 6, ""QQQ"": 1, ""SPY"": 0.7, ""TQQQ"": 1.5}",0.03000000,tests/data/2026-08-20-net15,,0.35000000,0.80000000,,0.00002404,0.00006000,0.00002785,0.00005713,125206.77427125,40000.00000000,85206.77427125,2.13016936,0.40389068,0.38367291,1.22113888,0.32051727,1.71166338,1.32025168,-0.30591946,539,2017,0.84556422,2015,0.03806783,308494.57382866,46.27418607,0.60390805,0.00115685,,,,,0.73436153,0.29839241
VT TQQQ/cash t35 w0-80 QQQ:VOL_EWMA80 gate QQQ<SMA200,sens,sens_2013-07-03,2013-07-03,2018-07-03,false,true,"{""*"": 6, ""BTAL"": 6, ""DBMF"": 2.5, ""KMLM"": 6, ""QQQ"": 1, ""SPY"": 0.7, ""TQQQ"": 1.5}",0.03000000,tests/data/2026-08-20-net15,,0.35000000,0.80000000,QQQ<SMA200,0.00760706,0.25847344,0.00760886,0.25847344,115066.12942995,40000.00000000,75066.12942995,1.87665324,0.37363900,0.35372271,1.15958418,0.31804167,1.61541308,1.04495405,-0.35756501,574,2017,0.84557324,2015,-0.01974629,290805.04808065,43.62075721,0.60747079,0.00109052,,,,,0.72678052,0.27658911
VT TQQQ/cash t40 w0-50 QQQ:VOL_EWMA80,sens,sens_2013-07-03,2013-07-03,2018-07-03,false,true,"{""*"": 6, ""BTAL"": 6, ""DBMF"": 2.5, ""KMLM"": 6, ""QQQ"": 1, ""SPY"": 0.7, ""TQQQ"": 1.5}",0.03000000,tests/data/2026-08-20-net15,,0.40000000,0.50000000,,0.00002480,0.00006387,0.00002576,0.00006530,96080.54899575,40000.00000000,56080.54899575,1.40201372,0.30392127,0.29080188,1.34203209,0.21530095,1.89747694,1.35298966,-0.22462941,244,2017,0.51689436,2016,0.08801701,81081.23058964,12.16218459,0.18521753,0.00030405,,,,,0.49379297,0.34106670
VT TQQQ/cash t40 w0-50 QQQ:VOL_EWMA80 gate QQQ<SMA200,sens,sens_2013-07-03,2013-07-03,2018-07-03,false,true,"{""*"": 6, ""BTAL"": 6, ""DBMF"": 2.5, ""KMLM"": 6, ""QQQ"": 1, ""SPY"": 0.7, ""TQQQ"": 1.5}",0.03000000,tests/data/2026-08-20-net15,,0.40000000,0.50000000,QQQ<SMA200,0.00525449,0.18316544,0.00525528,0.18316544,90629.38143617,40000.00000000,50629.38143617,1.26573454,0.28368078,0.27070030,1.28232985,0.21267440,1.79695633,1.15421594,-0.24577791,462,2017,0.51687011,2016,0.06702574,69057.89016597,10.35868352,0.16530974,0.00025897,,,,,0.48856345,0.31683456
VT TQQQ/cash t40 w0-60 QQQ:VOL_EWMA80,sens,sens_2013-07-03,2013-07-03,2018-07-03,false,true,"{""*"": 6, ""BTAL"": 6, ""DBMF"": 2.5, ""KMLM"": 6, ""QQQ"": 1, ""SPY"": 0.7, ""TQQQ"": 1.5}",0.03000000,tests/data/2026-08-20-net15,,0.40000000,0.60000000,,0.00002606,0.00005873,0.00002808,0.00006274,109195.28362403,40000.00000000,69195.28362403,1.72988209,0.35175679,0.33530940,1.31050276,0.25524105,1.84859918,1.40695642,-0.25001257,252,2017,0.63411410,2016,0.08104874,122686.43807311,18.40296571,0.25796402,0.00046007,,,,,0.58587967,0.34106081
VT TQQQ/cash t40 w0-60 QQQ:VOL_EWMA80 gate QQQ<SMA200,sens,sens_2013-07-03,2013-07-03,2018-07-03,false,true,"{""*"": 6, ""BTAL"": 6, ""DBMF"": 2.5, ""KMLM"": 6, ""QQQ"": 1, ""SPY"": 0.7, ""TQQQ"": 1.5}",0.03000000,tests/data/2026-08-20-net15,,0.40000000,0.60000000,QQQ<SMA200,0.00668495,0.20030467,0.00668680,0.20030467,101138.05211113,40000.00000000,61138.05211113,1.52845130,0.32492996,0.30856654,1.24299902,0.25237528,1.73753651,1.11419253,-0.29162820,543,2017,0.63412980,2016,0.04264857,112933.11777925,16.93996767,0.25223861,0.00042350,,,,,0.57922095,0.31712521
VT TQQQ/cash t40 w0-70 QQQ:VOL_EWMA80,sens,sens_2013-07-03,2013-07-03,2018-07-03,false,false,"{""*"": 6, ""BTAL"": 6, ""DBMF"": 2.5, ""KMLM"": 6, ""QQQ"": 1, ""SPY"": 0.7, ""TQQQ"": 1.5}",0.03000000,tests/data/2026-08-20-net15,,0.40000000,0.70000000,,0.00002430,0.00005250,0.00002569,0.00005137,123859.73703210,40000.00000000,83859.73703210,2.09649343,0.39930319,0.37981927,1.28993025,0.29462818,1.81744250,1.38193592,-0.28894479,430,2017,0.75876204,2016,0.07271492,166309.83616019,24.94647542,0.32294360,0.00062366,,,,,0.67647736,0.34107206
VT TQQQ/cash t40 w0-70 QQQ:VOL_EWMA80 gate QQQ<SMA200,sens,sens_2013-07-03,2013-07-03,2018-07-03,false,true,"{""*"": 6, ""BTAL"": 6, ""DBMF"": 2.5, ""KMLM"": 6, ""QQQ"": 1, ""SPY"": 0.7, ""TQQQ"": 1.5}",0.03000000,tests/data/2026-08-20-net15,,0.40000000,0.70000000,QQQ<SMA200,0.00829029,0.27299869,0.00829108,0.27299869,112952.89346124,40000.00000000,72952.89346124,1.82382234,0.36664053,0.34719179,1.21989355,0.29138589,1.70361650,1.10098935,-0.33301006,568,2017,0.75877052,2016,0.01619822,153030.90070073,22.95463511,0.31920138,0.00057387,,,,,0.66821197,0.31741106
VT TQQQ/cash t40 w0-80 QQQ:VOL_EWMA80,sens,sens_2013-07-03,2013-07-03,2018-07-03,false,false,"{""*"": 6, ""BTAL"": 6, ""DBMF"": 2.5, ""KMLM"": 6, ""QQQ"": 1, ""SPY"": 0.7, ""TQQQ"": 1.5}",0.03000000,tests/data/2026-08-20-net15,,0.40000000,0.80000000,,0.00002335,0.00006000,0.00002495,0.00005524,135180.42264597,40000.00000000,95180.42264597,2.37951057,0.43351096,0.41113340,1.25696322,0.33067132,1.76696601,1.34197492,-0.32303954,536,2017,0.87401222,2016,0.05949882,229501.33272410,34.42519991,0.42222331,0.00086063,,,,,0.75847018,0.34105823
VT TQQQ/cash t40 w0-80 QQQ:VOL_EWMA80 gate QQQ<SMA200,sens,sens_2013-07-03,2013-07-03,2018-07-03,false,true,"{""*"": 6, ""BTAL"": 6, ""DBMF"": 2.5, ""KMLM"": 6, ""QQQ"": 1, ""SPY"": 0.7, ""TQQQ"": 1.5}",0.03000000,tests/data/2026-08-20-net15,,0.40000000,0.80000000,QQQ<SMA200,0.00856420,0.29356183,0.00856398,0.29356183,122863.91286901,40000.00000000,82863.91286901,2.07159782,0.39914631,0.37694682,1.19139960,0.32764644,1.66252461,1.09366044,-0.36496365,574,2017,0.87400904,2016,0.00042509,214063.43968516,32.10951595,0.42395234,0.00080274,,,,,0.74993115,0.31754684
50/50,sens,sens_2013-07-03,2013-07-03,2018-07-03,true,true,"{""*"": 6, ""BTAL"": 6, ""DBMF"": 2.5, ""KMLM"": 6, ""QQQ"": 1, ""SPY"": 0.7, ""TQQQ"": 1.5}",0.03000000,tests/data/2026-08-20-net15,,,,,0.00030606,0.00155266,0.00028801,0.00152380,91943.39034868,40000.00000000,51943.39034868,1.29858476,0.28536652,0.27564220,1.31895933,0.20680753,1.86929250,1.66828635,-0.17105368,213,2017,0.47759388,2016,0.06831863,145059.19789964,56.16130513,0.34364904,0.00140403,0.49971389,0.49847620,,,0.49996638,0.49978988
TQQQ50/BTAL50 gate QQQ<SMA200,sens,sens_2013-07-03,2013-07-03,2018-07-03,true,true,"{""*"": 6, ""BTAL"": 6, ""DBMF"": 2.5, ""KMLM"": 6, ""QQQ"": 1, ""SPY"": 0.7, ""TQQQ"": 1.5}",0.03000000,tests/data/2026-08-20-net15,,,,,0.00684461,0.10846345,0.00682481,0.10846794,88414.59295087,40000.00000000,48414.59295087,1.21036482,0.27209826,0.26222426,1.29005917,0.20274150,1.81787694,1.65700339,-0.16421105,141,2017,0.47756434,2016,0.04668743,122434.22299500,48.36184010,0.29909821,0.00120905,0.50623699,0.49847620,,,0.49342452,0.39153206
SPY benchmark,sens,sens_2013-07-03,2013-07-03,2018-07-03,true,true,"{""*"": 6, ""BTAL"": 6, ""DBMF"": 2.5, ""KMLM"": 6, ""QQQ"": 1, ""SPY"": 0.7, ""TQQQ"": 1.5}",0.03000000,tests/data/2026-08-20-net15,,,,,0.00333273,0.01120590,0.00333396,0.01120708,58377.87129095,40000.00000000,18377.87129095,0.45944678,0.12783394,0.12304346,1.04054177,0.12299664,1.46440622,0.97652677,-0.13090674,334,2017,0.21310750,2015,0.00996807,39770.47898550,2.78393353,0.12552873,0.00006960,,,0.99666604,0.98879292,,
VT TQQQ/BTAL t25 w0-50 QQQ:VOL_EWMA80,sens,sens_2014-01-03,2014-01-03,2019-01-03,false,true,"{""*"": 6, ""BTAL"": 6, ""DBMF"": 2.5, ""KMLM"": 6, ""QQQ"": 1, ""SPY"": 0.7, ""TQQQ"": 1.5}",0.03000000,tests/data/2026-08-20-net15,BTAL,0.25000000,0.50000000,,0.00039502,0.00130380,0.00036990,0.00121421,67605.68008640,40000.00000000,27605.68008640,0.69014200,0.18245548,0.17151290,0.93745348,0.20062379,1.30555873,0.90409563,-0.20180993,,2017,0.46839248,2019,-0.02086439,236176.71641316,90.72927917,0.62907219,0.00226823,0.53811539,0.49886078,,,0.46146901,0.21312344
VT TQQQ/BTAL t25 w0-50 QQQ:VOL_EWMA80 gate QQQ<SMA200,sens,sens_2014-01-03,2014-01-03,2019-01-03,false,true,"{""*"": 6, ""BTAL"": 6, ""DBMF"": 2.5, ""KMLM"": 6, ""QQQ"": 1, ""SPY"": 0.7, ""TQQQ"": 1.5}",0.03000000,tests/data/2026-08-20-net15,BTAL,0.25000000,0.50000000,QQQ<SMA200,0.00870571,0.18697152,0.00868130,0.18697728,65894.55232964,40000.00000000,25894.55232964,0.64736381,0.16844148,0.16298517,0.88732598,0.19787888,1.23182749,1.00646394,-0.16735968,577,2017,0.46837728,2016,-0.02534692,208501.50525549,81.00775162,0.58819556,0.00202519,0.54641778,0.49886078,,,0.45315271,0.15852568
VT TQQQ/BTAL t25 w0-60 QQQ:VOL_EWMA80,sens,sens_2014-01-03,2014-01-03,2019-01-03,false,true,"{""*"": 6, ""BTAL"": 6, ""DBMF"": 2.5, ""KMLM"": 6, ""QQQ"": 1, ""SPY"": 0.7, ""TQQQ"": 1.5}",0.03000000,tests/data/2026-08-20-net15,BTAL,0.25000000,0.60000000,,0.00040221,0.00140274,0.00039142,0.00134530,67909.92627199,40000.00000000,27909.92627199,0.69774816,0.18012657,0.17300850,0.83121458,0.23217465,1.14793915,0.77561818,-0.23223614,,2017,0.56056705,2019,-0.02086493,401236.26256501,150.91721207,1.06560287,0.00377293,0.47593994,0.39865470,,,0.52362482,0.21315297
VT TQQQ/BTAL t25 w0-60 QQQ:VOL_EWMA80 gate QQQ<SMA200,sens,sens_2014-01-03,2014-01-03,2019-01-03,false,true,"{""*"": 6, ""BTAL"": 6, ""DBMF"": 2.5, ""KMLM"": 6, ""QQQ"": 1, ""SPY"": 0.7, ""TQQQ"": 1.5}",0.03000000,tests/data/2026-08-20-net15,BTAL,0.25000000,0.60000000,QQQ<SMA200,0.00871960,0.18724278,0.00870564,0.18724883,66203.88120081,40000.00000000,26203.88120081,0.65509703,0.16605714,0.16454163,0.78525427,0.22974629,1.08164967,0.77654517,-0.21384093,577,2017,0.56057956,2015,-0.03411399,365269.30534802,138.19112733,1.02727977,0.00345478,0.48432743,0.39865470,,,0.51526234,0.15851097
VT TQQQ/BTAL t25 w0-70 QQQ:VOL_EWMA80,sens,sens_2014-01-03,2014-01-03,2019-01-03,false,true,"{""*"": 6, ""BTAL"": 6, ""DBMF"": 2.5, ""KMLM"": 6, ""QQQ"": 1, ""SPY"": 0.7, ""TQQQ"": 1.5}",0.03000000,tests/data/2026-08-20-net15,BTAL,0.25000000,0.70000000,,0.00037634,0.00132512,0.00038028,0.00132154,67583.21049321,40000.00000000,27583.21049321,0.68958026,0.17416050,0.17140220,0.74721857,0.26116403,1.02380689,0.66327475,-0.26257671,,2017,0.65180037,2015,-0.02859177,607363.03618694,227.72192176,1.61430744,0.00569305,0.42635178,0.29891939,,,0.57322195,0.21313777
VT TQQQ/BTAL t25 w0-70 QQQ:VOL_EWMA80 gate QQQ<SMA200,sens,sens_2014-01-03,2014-01-03,2019-01-03,false,true,"{""*"": 6, ""BTAL"": 6, ""DBMF"": 2.5, ""KMLM"": 6, ""QQQ"": 1, ""SPY"": 0.7, ""TQQQ"": 1.5}",0.03000000,tests/data/2026-08-20-net15,BTAL,0.25000000,0.70000000,QQQ<SMA200,0.00827532,0.18753006,0.00828242,0.18753646,66072.85986098,40000.00000000,26072.85986098,0.65182150,0.16092034,0.16388318,0.70710065,0.25918284,0.96708993,0.63122478,-0.25493350,576,2017,0.65179751,2015,-0.07970078,563300.62048649,211.87328233,1.58180451,0.00529683,0.43424176,0.29891939,,,0.56532564,0.15856019
VT TQQQ/BTAL t25 w0-80 QQQ:VOL_EWMA80,sens,sens_2014-01-03,2014-01-03,2019-01-03,false,true,"{""*"": 6, ""BTAL"": 6, ""DBMF"": 2.5, ""KMLM"": 6, ""QQQ"": 1, ""SPY"": 0.7, ""TQQQ"": 1.5}",0.03000000,tests/data/2026-08-20-net15,BTAL,0.25000000,0.80000000,,0.00038893,0.00132108,0.00041201,0.00130568,68589.46666182,40000.00000000,28589.46666182,0.71473667,0.17499539,0.17632703,0.71188394,0.28396072,0.97310251,0.59767188,-0.29279508,,2017,0.74655732,2015,-0.06325861,845203.79256697,316.48724641,2.20792065,0.00791218,0.38708605,0.19871346,,,0.61245689,0.21312949
VT TQQQ/BTAL t25 w0-80 QQQ:VOL_EWMA80 gate QQQ<SMA200,sens,sens_2014-01-03,2014-01-03,2019-01-03,false,true,"{""*"": 6, ""BTAL"": 6, ""DBMF"": 2.5, ""KMLM"": 6, ""QQQ"": 1, ""SPY"": 0.7, ""TQQQ"": 1.5}",0.03000000,tests/data/2026-08-20-net15,BTAL,0.25000000,0.80000000,QQQ<SMA200,0.00828038,0.18775051,0.00830028,0.18775719,67059.17589065,40000.00000000,27059.17589065,0.67647940,0.16171432,0.16881092,0.67428959,0.28213318,0.92028602,0.58288900,-0.27743588,574,2017,0.74653535,2015,-0.11259231,788006.74943762,295.69224900,2.17500805,0.00739231,0.39499527,0.19871346,,,0.60454536,0.15857326
VT TQQQ/BTAL t30 w0-50 QQQ:VOL_EWMA80,sens,sens_2014-01-03,2014-01-03,2019-01-03,false,true,"{""*"": 6, ""BTAL"": 6, ""DBMF"": 2.5, ""KMLM"": 6, ""QQQ"": 1, ""SPY"": 0.7, ""TQQQ"": 1.5}",0.03000000,tests/data/2026-08-20-net15,BTAL,0.30000000,0.50000000,,0.00036547,0.00115937,0.00034140,0.00113796,68599.11001619,40000.00000000,28599.11001619,0.71497775,0.19084854,0.17637390,0.94842306,0.20719025,1.32275218,0.83798135,-0.22774796,,2017,0.47758154,2019,-0.02431588,231140.79660074,88.64653557,0.59502764,0.00221616,0.52438156,0.49886204,,,0.47523345,0.25579406
VT TQQQ/BTAL t30 w0-50 QQQ:VOL_EWMA80 gate QQQ<SMA200,sens,sens_2014-01-03,2014-01-03,2019-01-03,false,true,"{""*"": 6, ""BTAL"": 6, ""DBMF"": 2.5, ""KMLM"": 6, ""QQQ"": 1, ""SPY"": 0.7, ""TQQQ"": 1.5}",0.03000000,tests/data/2026-08-20-net15,BTAL,0.30000000,0.50000000,QQQ<SMA200,0.00946097,0.18271678,0.00943455,0.18272246,67023.70444373,40000.00000000,27023.70444373,0.67559261,0.17687350,0.16863486,0.90530235,0.20305866,1.25770543,0.98922853,-0.17879943,,2017,0.47756836,2019,-0.01913852,192652.11769854,74.83120613,0.52800917,0.00187078,0.53354272,0.49886204,,,0.46609784,0.19317858
VT TQQQ/BTAL t30 w0-60 QQQ:VOL_EWMA80,sens,sens_2014-01-03,2014-01-03,2019-01-03,false,true,"{""*"": 6, ""BTAL"": 6, ""DBMF"": 2.5, ""KMLM"": 6, ""QQQ"": 1, ""SPY"": 0.7, ""TQQQ"": 1.5}",0.03000000,tests/data/2026-08-20-net15,BTAL,0.30000000,0.60000000,,0.00035668,0.00133194,0.00033810,0.00134174,72569.80509106,40000.00000000,32569.80509106,0.81424513,0.20853975,0.19518450,0.90082968,0.24376838,1.25059087,0.80981799,-0.25751435,,2017,0.58810984,2019,-0.02431604,295470.30796246,111.89570829,0.73058614,0.00279739,0.44584804,0.39865826,,,0.55377259,0.25573676
VT TQQQ/BTAL t30 w0-60 QQQ:VOL_EWMA80 gate QQQ<SMA200,sens,sens_2014-01-03,2014-01-03,2019-01-03,false,true,"{""*"": 6, ""BTAL"": 6, ""DBMF"": 2.5, ""KMLM"": 6, ""QQQ"": 1, ""SPY"": 0.7, ""TQQQ"": 1.5}",0.03000000,tests/data/2026-08-20-net15,BTAL,0.30000000,0.60000000,QQQ<SMA200,0.01018769,0.22332060,0.01016351,0.22332642,70434.32480524,40000.00000000,30434.32480524,0.76085812,0.19223218,0.18518767,0.85461394,0.23994198,1.18167157,0.84761408,-0.22679211,577,2017,0.58814637,2016,-0.02587006,255876.97965066,97.80809322,0.67726962,0.00244520,0.45564621,0.39865826,,,0.54394663,0.19334695
VT TQQQ/BTAL t30 w0-70 QQQ:VOL_EWMA80,sens,sens_2014-01-03,2014-01-03,2019-01-03,false,true,"{""*"": 6, ""BTAL"": 6, ""DBMF"": 2.5, ""KMLM"": 6, ""QQQ"": 1, ""SPY"": 0.7, ""TQQQ"": 1.5}",0.03000000,tests/data/2026-08-20-net15,BTAL,0.30000000,0.70000000,,0.00035831,0.00125653,0.00035388,0.00123812,72805.29346134,40000.00000000,32805.29346134,0.82013234,0.20609447,0.19627050,0.81561237,0.27772560,1.12459461,0.71854984,-0.28682001,,2017,0.68665333,2019,-0.02431593,480559.41106519,180.01312014,1.18303350,0.00450033,0.38253599,0.29879323,,,0.61706990,0.25578408
VT TQQQ/BTAL t30 w0-70 QQQ:VOL_EWMA80 gate QQQ<SMA200,sens,sens_2014-01-03,2014-01-03,2019-01-03,false,true,"{""*"": 6, ""BTAL"": 6, ""DBMF"": 2.5, ""KMLM"": 6, ""QQQ"": 1, ""SPY"": 0.7, ""TQQQ"": 1.5}",0.03000000,tests/data/2026-08-20-net15,BTAL,0.30000000,0.70000000,QQQ<SMA200,0.01020067,0.22367445,0.01019113,0.22368057,70689.18278412,40000.00000000,30689.18278412,0.76722957,0.18976917,0.18639508,0.77252290,0.27432907,1.06169749,0.68801096,-0.27582288,578,2017,0.68663638,2015,-0.03566492,429724.88087784,161.59956581,1.13209283,0.00403999,0.39236670,0.29879323,,,0.60722222,0.19332803
VT TQQQ/BTAL t30 w0-80 QQQ:VOL_EWMA80,sens,sens_2014-01-03,2014-01-03,2019-01-03,false,true,"{""*"": 6, ""BTAL"": 6, ""DBMF"": 2.5, ""KMLM"": 6, ""QQQ"": 1, ""SPY"": 0.7, ""TQQQ"": 1.5}",0.03000000,tests/data/2026-08-20-net15,BTAL,0.30000000,0.80000000,,0.00041129,0.00138820,0.00042047,0.00131445,71832.04291247,40000.00000000,31832.04291247,0.79580107,0.19706228,0.19176136,0.73794777,0.30964974,1.01024870,0.62350140,-0.31605747,,2017,0.78543836,2015,-0.02639741,695492.26483191,260.00328547,1.72240800,0.00650008,0.32976427,0.19868555,,,0.66977184,0.25573472
VT TQQQ/BTAL t30 w0-80 QQQ:VOL_EWMA80 gate QQQ<SMA200,sens,sens_2014-01-03,2014-01-03,2019-01-03,false,true,"{""*"": 6, ""BTAL"": 6, ""DBMF"": 2.5, ""KMLM"": 6, ""QQQ"": 1, ""SPY"": 0.7, ""TQQQ"": 1.5}",0.03000000,tests/data/2026-08-20-net15,BTAL,0.30000000,0.80000000,QQQ<SMA200,0.01005567,0.22407460,0.01006637,0.22408110,69870.90582951,40000.00000000,29870.90582951,0.74677265,0.18116661,0.18250425,0.69844174,0.30667808,0.95365489,0.56391516,-0.32126573,578,2017,0.78543961,2015,-0.08588478,633820.16044405,237.54914988,1.67737948,0.00593873,0.33937064,0.19868555,,,0.66013697,0.19334714
VT TQQQ/BTAL t35 w0-50 QQQ:VOL_EWMA80,sens,sens_2014-01-03,2014-01-03,2019-01-03,false,true,"{""*"": 6, ""BTAL"": 6, ""DBMF"": 2.5, ""KMLM"": 6, ""QQQ"": 1, ""SPY"": 0.7, ""TQQQ"": 1.5}",0.03000000,tests/data/2026-08-20-net15,BTAL,0.35000000,0.50000000,,0.00034874,0.00115937,0.00032483,0.00113796,68134.79661622,40000.00000000,28134.79661622,0.70336992,0.19142281,0.17410999,0.93573599,0.21147762,1.30386742,0.75482070,-0.25360038,,2017,0.47757724,2019,-0.02776397,210501.83776178,81.05976896,0.53235040,0.00202649,0.51731539,0.49886204,,,0.48231813,0.29843928
VT TQQQ/BTAL t35 w0-50 QQQ:VOL_EWMA80 gate QQQ<SMA200,sens,sens_2014-01-03,2014-01-03,2019-01-03,false,true,"{""*"": 6, ""BTAL"": 6, ""DBMF"": 2.5, ""KMLM"": 6, ""QQQ"": 1, ""SPY"": 0.7, ""TQQQ"": 1.5}",0.03000000,tests/data/2026-08-20-net15,BTAL,0.35000000,0.50000000,QQQ<SMA200,0.00945008,0.18504184,0.00942189,0.18504792,67272.71415803,40000.00000000,27272.71415803,0.68181785,0.18021142,0.16986906,0.90876261,0.20609332,1.26234703,0.91632511,-0.19666755,,2017,0.47753401,2019,-0.02200345,163314.84521598,63.76954905,0.43901851,0.00159424,0.52641989,0.49886204,,,0.47320425,0.22883529
VT TQQQ/BTAL t35 w0-60 QQQ:VOL_EWMA80,sens,sens_2014-01-03,2014-01-03,2019-01-03,false,true,"{""*"": 6, ""BTAL"": 6, ""DBMF"": 2.5, ""KMLM"": 6, ""QQQ"": 1, ""SPY"": 0.7, ""TQQQ"": 1.5}",0.03000000,tests/data/2026-08-20-net15,BTAL,0.35000000,0.60000000,,0.00034306,0.00146247,0.00032935,0.00143684,73949.12589470,40000.00000000,33949.12589470,0.84872815,0.21830257,0.20150066,0.91343324,0.25126821,1.27048563,0.77294189,-0.28243077,,2017,0.59995575,2019,-0.02776592,287288.62489053,109.23761564,0.68436468,0.00273094,0.43107203,0.39856316,,,0.56856342,0.29838943
VT TQQQ/BTAL t35 w0-60 QQQ:VOL_EWMA80 gate QQQ<SMA200,sens,sens_2014-01-03,2014-01-03,2019-01-03,false,true,"{""*"": 6, ""BTAL"": 6, ""DBMF"": 2.5, ""KMLM"": 6, ""QQQ"": 1, ""SPY"": 0.7, ""TQQQ"": 1.5}",0.03000000,tests/data/2026-08-20-net15,BTAL,0.35000000,0.60000000,QQQ<SMA200,0.01111819,0.22866813,0.01110176,0.22867387,71857.48529592,40000.00000000,31857.48529592,0.79643713,0.20167986,0.19187994,0.87178464,0.24597810,1.20658580,0.86608357,-0.23286421,571,2017,0.59994387,2019,-0.02202488,235261.50711688,90.27573072,0.60372545,0.00225689,0.44183139,0.39856316,,,0.55778785,0.22910050
VT TQQQ/BTAL t35 w0-70 QQQ:VOL_EWMA80,sens,sens_2014-01-03,2014-01-03,2019-01-03,false,true,"{""*"": 6, ""BTAL"": 6, ""DBMF"": 2.5, ""KMLM"": 6, ""QQQ"": 1, ""SPY"": 0.7, ""TQQQ"": 1.5}",0.03000000,tests/data/2026-08-20-net15,BTAL,0.35000000,0.70000000,,0.00037282,0.00138198,0.00035497,0.00128889,77464.03270349,40000.00000000,37464.03270349,0.93660082,0.23272760,0.21712683,0.86934708,0.28963984,1.20376976,0.74831038,-0.31100411,,2017,0.71614951,2019,-0.02776338,364126.03429255,136.76870131,0.83734393,0.00341922,0.35352207,0.29871111,,,0.64608000,0.29836717
VT TQQQ/BTAL t35 w0-70 QQQ:VOL_EWMA80 gate QQQ<SMA200,sens,sens_2014-01-03,2014-01-03,2019-01-03,false,true,"{""*"": 6, ""BTAL"": 6, ""DBMF"": 2.5, ""KMLM"": 6, ""QQQ"": 1, ""SPY"": 0.7, ""TQQQ"": 1.5}",0.03000000,tests/data/2026-08-20-net15,BTAL,0.35000000,0.70000000,QQQ<SMA200,0.01164758,0.25939115,0.01162798,0.25939706,74909.56849761,40000.00000000,34909.56849761,0.87273921,0.21434310,0.20583601,0.82639333,0.28479888,1.13913714,0.74275089,-0.28858007,578,2017,0.71612769,2016,-0.02817173,309216.40533619,116.82855515,0.76901851,0.00292071,0.36478413,0.29871111,,,0.63479771,0.22921566
VT TQQQ/BTAL t35 w0-80 QQQ:VOL_EWMA80,sens,sens_2014-01-03,2014-01-03,2019-01-03,false,true,"{""*"": 6, ""BTAL"": 6, ""DBMF"": 2.5, ""KMLM"": 6, ""QQQ"": 1, ""SPY"": 0.7, ""TQQQ"": 1.5}",0.03000000,tests/data/2026-08-20-net15,BTAL,0.35000000,0.80000000,,0.00031248,0.00119331,0.00031220,0.00128654,77582.58702294,40000.00000000,37582.58702294,0.93956468,0.22996866,0.21764264,0.80114029,0.32541483,1.10351495,0.67791801,-0.33922784,,2017,0.82138940,2019,-0.02776648,571472.82804289,213.23982368,1.30695744,0.00533100,0.28942008,0.19871346,,,0.71022863,0.29840681
VT TQQQ/BTAL t35 w0-80 QQQ:VOL_EWMA80 gate QQQ<SMA200,sens,sens_2014-01-03,2014-01-03,2019-01-03,false,true,"{""*"": 6, ""BTAL"": 6, ""DBMF"": 2.5, ""KMLM"": 6, ""QQQ"": 1, ""SPY"": 0.7, ""TQQQ"": 1.5}",0.03000000,tests/data/2026-08-20-net15,BTAL,0.35000000,0.80000000,QQQ<SMA200,0.01158081,0.25973659,0.01158214,0.25974278,75068.42145040,40000.00000000,35068.42145040,0.87671054,0.21161369,0.20654821,0.76066980,0.32109075,1.04390547,0.63181698,-0.33492878,578,2017,0.82136179,2015,-0.03902905,502881.37592952,188.12622742,1.24324799,0.00470316,0.30066103,0.19871346,,,0.69896002,0.22925077
VT TQQQ/BTAL t40 w0-50 QQQ:VOL_EWMA80,sens,sens_2014-01-03,2014-01-03,2019-01-03,false,true,"{""*"": 6, ""BTAL"": 6, ""DBMF"": 2.5, ""KMLM"": 6, ""QQQ"": 1, ""SPY"": 0.7, ""TQQQ"": 1.5}",0.03000000,tests/data/2026-08-20-net15,BTAL,0.40000000,0.50000000,,0.00034294,0.00115937,0.00031258,0.00113796,67670.32744840,40000.00000000,27670.32744840,0.69175819,0.19139898,0.17183120,0.92061837,0.21597640,1.28156952,0.69214243,-0.27653120,,2017,0.47758908,2019,-0.03121602,189835.81414341,73.33688565,0.47329802,0.00183342,0.51088121,0.49886204,,,0.48875955,0.34100725
VT TQQQ/BTAL t40 w0-50 QQQ:VOL_EWMA80 gate QQQ<SMA200,sens,sens_2014-01-03,2014-01-03,2019-01-03,false,true,"{""*"": 6, ""BTAL"": 6, ""DBMF"": 2.5, ""KMLM"": 6, ""QQQ"": 1, ""SPY"": 0.7, ""TQQQ"": 1.5}",0.03000000,tests/data/2026-08-20-net15,BTAL,0.40000000,0.50000000,QQQ<SMA200,0.01020574,0.19256965,0.01017972,0.19257553,67382.01848793,40000.00000000,27382.01848793,0.68455046,0.18261565,0.17040951,0.90876594,0.20900287,1.26202867,0.85111997,-0.21455923,,2017,0.47755624,2019,-0.02495935,136053.48160887,53.74194499,0.35970363,0.00134355,0.52075298,0.49886204,,,0.47888114,0.26562872
VT TQQQ/BTAL t40 w0-60 QQQ:VOL_EWMA80,sens,sens_2014-01-03,2014-01-03,2019-01-03,false,true,"{""*"": 6, ""BTAL"": 6, ""DBMF"": 2.5, ""KMLM"": 6, ""QQQ"": 1, ""SPY"": 0.7, ""TQQQ"": 1.5}",0.03000000,tests/data/2026-08-20-net15,BTAL,0.40000000,0.60000000,,0.00035029,0.00146247,0.00033364,0.00143684,73229.88646634,40000.00000000,33229.88646634,0.83074716,0.21794728,0.19822057,0.89954316,0.25622624,1.25031560,0.70944761,-0.30720702,,2017,0.59996585,2019,-0.03121636,264862.71920612,100.82809343,0.62040990,0.00252070,0.42357526,0.39856316,,,0.57605504,0.34104880
VT TQQQ/BTAL t40 w0-60 QQQ:VOL_EWMA80 gate QQQ<SMA200,sens,sens_2014-01-03,2014-01-03,2019-01-03,false,true,"{""*"": 6, ""BTAL"": 6, ""DBMF"": 2.5, ""KMLM"": 6, ""QQQ"": 1, ""SPY"": 0.7, ""TQQQ"": 1.5}",0.03000000,tests/data/2026-08-20-net15,BTAL,0.40000000,0.60000000,QQQ<SMA200,0.01105015,0.20978593,0.01103182,0.20979167,71943.84234011,40000.00000000,31943.84234011,0.79859606,0.20431806,0.19228214,0.87119662,0.24974051,1.20572608,0.83401715,-0.24498064,,2017,0.59996866,2019,-0.02498433,207890.14808317,79.78989168,0.52358025,0.00199475,0.43426923,0.39856316,,,0.56534810,0.26593452
VT TQQQ/BTAL t40 w0-70 QQQ:VOL_EWMA80,sens,sens_2014-01-03,2014-01-03,2019-01-03,false,true,"{""*"": 6, ""BTAL"": 6, ""DBMF"": 2.5, ""KMLM"": 6, ""QQQ"": 1, ""SPY"": 0.7, ""TQQQ"": 1.5}",0.03000000,tests/data/2026-08-20-net15,BTAL,0.40000000,0.70000000,,0.00035074,0.00131001,0.00033467,0.00123553,79146.58907651,40000.00000000,39146.58907651,0.97866473,0.24345132,0.22438175,0.88261024,0.29786816,1.22454899,0.72703616,-0.33485448,,2017,0.73093765,2019,-0.03121501,344589.93133040,130.08558670,0.76140412,0.00325214,0.33789675,0.29876447,,,0.66172938,0.34105024
VT TQQQ/BTAL t40 w0-70 QQQ:VOL_EWMA80 gate QQQ<SMA200,sens,sens_2014-01-03,2014-01-03,2019-01-03,false,true,"{""*"": 6, ""BTAL"": 6, ""DBMF"": 2.5, ""KMLM"": 6, ""QQQ"": 1, ""SPY"": 0.7, ""TQQQ"": 1.5}",0.03000000,tests/data/2026-08-20-net15,BTAL,0.40000000,0.70000000,QQQ<SMA200,0.01265385,0.27426489,0.01263956,0.27427070,76540.97803913,40000.00000000,36540.97803913,0.91352445,0.22443297,0.21308622,0.84251526,0.29149417,1.16252461,0.76835483,-0.29209548,575,2017,0.73093022,2019,-0.02500521,277474.96726603,105.37461797,0.66795396,0.00263437,0.35025146,0.29876447,,,0.64938775,0.26619449
VT TQQQ/BTAL t40 w0-80 QQQ:VOL_EWMA80,sens,sens_2014-01-03,2014-01-03,2019-01-03,false,true,"{""*"": 6, ""BTAL"": 6, ""DBMF"": 2.5, ""KMLM"": 6, ""QQQ"": 1, ""SPY"": 0.7, ""TQQQ"": 1.5}",0.03000000,tests/data/2026-08-20-net15,BTAL,0.40000000,0.80000000,,0.00035836,0.00136998,0.00034956,0.00134548,82173.95863997,40000.00000000,42173.95863997,1.05434897,0.25480642,0.23709279,0.84366308,0.33755728,1.16601795,0.70326468,-0.36231937,,2017,0.85290743,2019,-0.03121618,444374.77138993,165.71226684,0.95247596,0.00414281,0.26122710,0.19871346,,,0.73838668,0.34106158
VT TQQQ/BTAL t40 w0-80 QQQ:VOL_EWMA80 gate QQQ<SMA200,sens,sens_2014-01-03,2014-01-03,2019-01-03,false,true,"{""*"": 6, ""BTAL"": 6, ""DBMF"": 2.5, ""KMLM"": 6, ""QQQ"": 1, ""SPY"": 0.7, ""TQQQ"": 1.5}",0.03000000,tests/data/2026-08-20-net15,BTAL,0.40000000,0.80000000,QQQ<SMA200,0.01302407,0.29511208,0.01301412,0.29511809,79232.28268917,40000.00000000,39232.28268917,0.98080707,0.23460422,0.22474751,0.80356585,0.33175925,1.10533863,0.67511226,-0.34750401,582,2017,0.85289629,2016,-0.03231552,371730.20472888,139.09234034,0.87013119,0.00347731,0.27388169,0.19871346,,,0.72571875,0.26633151
VT TQQQ/cash t25 w0-50 QQQ:VOL_EWMA80,sens,sens_2014-01-03,2014-01-03,2019-01-03,false,true,"{""*"": 6, ""BTAL"": 6, ""DBMF"": 2.5, ""KMLM"": 6, ""QQQ"": 1, ""SPY"": 0.7, ""TQQQ"": 1.5}",0.03000000,tests/data/2026-08-20-net15,,0.25000000,0.50000000,,0.00004198,0.00009736,0.00004457,0.00009767,66034.45916088,40000.00000000,26034.45916088,0.65086148,0.17648358,0.16368997,0.86704246,0.21440910,1.19317841,0.70476648,-0.25041426,,2017,0.50799818,2019,-0.01783054,116221.93584503,17.43329038,0.30479072,0.00043583,,,,,0.46147271,0.21313192
VT TQQQ/cash t25 w0-50 QQQ:VOL_EWMA80 gate QQQ<SMA200,sens,sens_2014-01-03,2014-01-03,2019-01-03,false,true,"{""*"": 6, ""BTAL"": 6, ""DBMF"": 2.5, ""KMLM"": 6, ""QQQ"": 1, ""SPY"": 0.7, ""TQQQ"": 1.5}",0.03000000,tests/data/2026-08-20-net15,,0.25000000,0.50000000,QQQ<SMA200,0.00836553,0.18810513,0.00836859,0.18810513,64714.89716250,40000.00000000,24714.89716250,0.61787243,0.16506577,0.15698745,0.83286660,0.21047619,1.13999639,0.69960207,-0.23594237,555,2017,0.50800680,2019,-0.01349145,101254.92928594,15.18823939,0.27895837,0.00037971,,,,,0.45314869,0.16310458
VT TQQQ/cash t25 w0-60 QQQ:VOL_EWMA80,sens,sens_2014-01-03,2014-01-03,2019-01-03,false,true,"{""*"": 6, ""BTAL"": 6, ""DBMF"": 2.5, ""KMLM"": 6, ""QQQ"": 1, ""SPY"": 0.7, ""TQQQ"": 1.5}",0.03000000,tests/data/2026-08-20-net15,,0.25000000,0.60000000,,0.00004519,0.00009992,0.00005097,0.00010755,66568.35504292,40000.00000000,26568.35504292,0.66420888,0.17583937,0.16636707,0.78327362,0.24602638,1.07156408,0.63945966,-0.27498118,,2017,0.59756366,2019,-0.01782908,206613.66729059,30.99205009,0.53908713,0.00077480,,,,,0.52362055,0.21311117
VT TQQQ/cash t25 w0-60 QQQ:VOL_EWMA80 gate QQQ<SMA200,sens,sens_2014-01-03,2014-01-03,2019-01-03,false,true,"{""*"": 6, ""BTAL"": 6, ""DBMF"": 2.5, ""KMLM"": 6, ""QQQ"": 1, ""SPY"": 0.7, ""TQQQ"": 1.5}",0.03000000,tests/data/2026-08-20-net15,,0.25000000,0.60000000,QQQ<SMA200,0.00840157,0.18832326,0.00840724,0.18832326,65242.69030753,40000.00000000,25242.69030753,0.63106726,0.16435435,0.15968317,0.75045008,0.24255814,1.02227809,0.60860673,-0.27005017,569,2017,0.59758181,2019,-0.01349342,187760.05231780,28.16400785,0.51459677,0.00070410,,,,,0.51526427,0.16312796
VT TQQQ/cash t25 w0-70 QQQ:VOL_EWMA80,sens,sens_2014-01-03,2014-01-03,2019-01-03,false,true,"{""*"": 6, ""BTAL"": 6, ""DBMF"": 2.5, ""KMLM"": 6, ""QQQ"": 1, ""SPY"": 0.7, ""TQQQ"": 1.5}",0.03000000,tests/data/2026-08-20-net15,,0.25000000,0.70000000,,0.00004169,0.00010004,0.00004942,0.00011181,66607.58406924,40000.00000000,26607.58406924,0.66518960,0.17195618,0.16656300,0.71872502,0.27361736,0.97833357,0.57424281,-0.29944855,,2017,0.69162330,2019,-0.01782946,313590.59169341,47.03858875,0.81737548,0.00117596,,,,,0.57322442,0.21309760
VT TQQQ/cash t25 w0-70 QQQ:VOL_EWMA80 gate QQQ<SMA200,sens,sens_2014-01-03,2014-01-03,2019-01-03,false,true,"{""*"": 6, ""BTAL"": 6, ""DBMF"": 2.5, ""KMLM"": 6, ""QQQ"": 1, ""SPY"": 0.7, ""TQQQ"": 1.5}",0.03000000,tests/data/2026-08-20-net15,,0.25000000,0.70000000,QQQ<SMA200,0.00780605,0.18862074,0.00781202,0.18862074,65498.65587379,40000.00000000,25498.65587379,0.63746640,0.16146573,0.16098334,0.69023286,0.27072281,0.93659942,0.53466854,-0.30199221,571,2017,0.69161643,2015,-0.05525801,291410.94360092,43.71164154,0.79568119,0.00109279,,,,,0.56546182,0.16315900
VT TQQQ/cash t25 w0-80 QQQ:VOL_EWMA80,sens,sens_2014-01-03,2014-01-03,2019-01-03,false,true,"{""*"": 6, ""BTAL"": 6, ""DBMF"": 2.5, ""KMLM"": 6, ""QQQ"": 1, ""SPY"": 0.7, ""TQQQ"": 1.5}",0.03000000,tests/data/2026-08-20-net15,,0.25000000,0.80000000,,0.00003837,0.00008028,0.00004257,0.00009491,67753.55379216,40000.00000000,27753.55379216,0.69383884,0.17369662,0.17224058,0.69275720,0.29483182,0.94245622,0.53635610,-0.32384570,,2017,0.79003505,2015,-0.04387028,435403.52343185,65.31052851,1.11716567,0.00163276,,,,,0.61246366,0.21317004
VT TQQQ/cash t25 w0-80 QQQ:VOL_EWMA80 gate QQQ<SMA200,sens,sens_2014-01-03,2014-01-03,2019-01-03,false,true,"{""*"": 6, ""BTAL"": 6, ""DBMF"": 2.5, ""KMLM"": 6, ""QQQ"": 1, ""SPY"": 0.7, ""TQQQ"": 1.5}",0.03000000,tests/data/2026-08-20-net15,,0.25000000,0.80000000,QQQ<SMA200,0.00780975,0.18880844,0.00781521,0.18880844,66631.99518694,40000.00000000,26631.99518694,0.66579988,0.16318430,0.16668487,0.66557998,0.29214687,0.90303490,0.50928245,-0.32042004,571,2017,0.79003776,2015,-0.08455332,407558.41878751,61.13376282,1.09541977,0.00152834,,,,,0.60469102,0.16314586
VT TQQQ/cash t30 w0-50 QQQ:VOL_EWMA80,sens,sens_2014-01-03,2014-01-03,2019-01-03,false,true,"{""*"": 6, ""BTAL"": 6, ""DBMF"": 2.5, ""KMLM"": 6, ""QQQ"": 1, ""SPY"": 0.7, ""TQQQ"": 1.5}",0.03000000,tests/data/2026-08-20-net15,,0.30000000,0.50000000,,0.00004309,0.00010273,0.00004594,0.00010366,66920.16077895,40000.00000000,26920.16077895,0.67300402,0.18398342,0.16812041,0.87343766,0.22203976,1.20457841,0.67307639,-0.27334702,,2017,0.51686327,2019,-0.02144691,113620.36299926,17.04305445,0.28904132,0.00042608,,,,,0.47523595,0.25578403
VT TQQQ/cash t30 w0-50 QQQ:VOL_EWMA80 gate QQQ<SMA200,sens,sens_2014-01-03,2014-01-03,2019-01-03,false,true,"{""*"": 6, ""BTAL"": 6, ""DBMF"": 2.5, ""KMLM"": 6, ""QQQ"": 1, ""SPY"": 0.7, ""TQQQ"": 1.5}",0.03000000,tests/data/2026-08-20-net15,,0.30000000,0.50000000,QQQ<SMA200,0.00915970,0.18402440,0.00916183,0.18402440,65750.09985158,40000.00000000,25750.09985158,0.64375250,0.17270932,0.16225603,0.84454528,0.21697393,1.15811661,0.70850206,-0.24376685,554,2017,0.51685041,2019,-0.01647360,93776.13922381,14.06642088,0.25169844,0.00035166,,,,,0.46612006,0.19851941
VT TQQQ/cash t30 w0-60 QQQ:VOL_EWMA80,sens,sens_2014-01-03,2014-01-03,2019-01-03,false,true,"{""*"": 6, ""BTAL"": 6, ""DBMF"": 2.5, ""KMLM"": 6, ""QQQ"": 1, ""SPY"": 0.7, ""TQQQ"": 1.5}",0.03000000,tests/data/2026-08-20-net15,,0.30000000,0.60000000,,0.00004440,0.00009581,0.00004852,0.00009807,70988.48556951,40000.00000000,30988.48556951,0.77471214,0.20267012,0.18780802,0.84484173,0.25863486,1.16249569,0.68170629,-0.29729830,,2017,0.62276850,2019,-0.02144636,149145.35605319,22.37180341,0.36394774,0.00055930,,,,,0.55377222,0.25573381
VT TQQQ/cash t30 w0-60 QQQ:VOL_EWMA80 gate QQQ<SMA200,sens,sens_2014-01-03,2014-01-03,2019-01-03,false,true,"{""*"": 6, ""BTAL"": 6, ""DBMF"": 2.5, ""KMLM"": 6, ""QQQ"": 1, ""SPY"": 0.7, ""TQQQ"": 1.5}",0.03000000,tests/data/2026-08-20-net15,,0.30000000,0.60000000,QQQ<SMA200,0.00984940,0.22459420,0.00985269,0.22459420,69339.41084782,40000.00000000,29339.41084782,0.73348527,0.18937635,0.17995478,0.81183514,0.25396520,1.11128433,0.67430573,-0.28084642,569,2017,0.62276078,2019,-0.01648343,128269.03490506,19.24035524,0.33185265,0.00048101,,,,,0.54396805,0.19863615
VT TQQQ/cash t30 w0-70 QQQ:VOL_EWMA80,sens,sens_2014-01-03,2014-01-03,2019-01-03,false,true,"{""*"": 6, ""BTAL"": 6, ""DBMF"": 2.5, ""KMLM"": 6, ""QQQ"": 1, ""SPY"": 0.7, ""TQQQ"": 1.5}",0.03000000,tests/data/2026-08-20-net15,,0.30000000,0.70000000,,0.00003758,0.00009802,0.00004190,0.00011181,71512.23133512,40000.00000000,31512.23133512,0.78780578,0.20209495,0.19026754,0.77984184,0.29119319,1.06861500,0.62953229,-0.32102396,,2017,0.71796651,2019,-0.02144617,248522.55320451,37.27838298,0.60254196,0.00093196,,,,,0.61707214,0.25579465
VT TQQQ/cash t30 w0-70 QQQ:VOL_EWMA80 gate QQQ<SMA200,sens,sens_2014-01-03,2014-01-03,2019-01-03,false,true,"{""*"": 6, ""BTAL"": 6, ""DBMF"": 2.5, ""KMLM"": 6, ""QQQ"": 1, ""SPY"": 0.7, ""TQQQ"": 1.5}",0.03000000,tests/data/2026-08-20-net15,,0.30000000,0.70000000,QQQ<SMA200,0.00984277,0.22484619,0.00984889,0.22484619,69872.61591169,40000.00000000,29872.61591169,0.74681540,0.18879461,0.18251242,0.74814847,0.28702595,1.02086984,0.59903706,-0.31516348,571,2017,0.71795247,2019,-0.01648733,222739.77401394,33.41096610,0.57238645,0.00083527,,,,,0.60726516,0.19868250
VT TQQQ/cash t30 w0-80 QQQ:VOL_EWMA80,sens,sens_2014-01-03,2014-01-03,2019-01-03,false,true,"{""*"": 6, ""BTAL"": 6, ""DBMF"": 2.5, ""KMLM"": 6, ""QQQ"": 1, ""SPY"": 0.7, ""TQQQ"": 1.5}",0.03000000,tests/data/2026-08-20-net15,,0.30000000,0.80000000,,0.00003417,0.00007404,0.00003827,0.00008536,71097.10087390,40000.00000000,31097.10087390,0.77742752,0.19600579,0.18831944,0.72063895,0.32085006,0.98299559,0.56867761,-0.34466943,,2017,0.81730814,2018,-0.02790346,360739.51993413,54.11092799,0.87684695,0.00135277,,,,,0.66979285,0.25579939
VT TQQQ/cash t30 w0-80 QQQ:VOL_EWMA80 gate QQQ<SMA200,sens,sens_2014-01-03,2014-01-03,2019-01-03,false,true,"{""*"": 6, ""BTAL"": 6, ""DBMF"": 2.5, ""KMLM"": 6, ""QQQ"": 1, ""SPY"": 0.7, ""TQQQ"": 1.5}",0.03000000,tests/data/2026-08-20-net15,,0.30000000,0.80000000,QQQ<SMA200,0.00961888,0.22516779,0.00962419,0.22516779,69587.93157341,40000.00000000,29587.93157341,0.73969829,0.18313499,0.18114908,0.69118055,0.31713237,0.93957451,0.52269069,-0.35036972,574,2017,0.81731631,2015,-0.06241399,330140.95964013,49.52114395,0.84938458,0.00123803,,,,,0.66020693,0.19867931
VT TQQQ/cash t35 w0-50 QQQ:VOL_EWMA80,sens,sens_2014-01-03,2014-01-03,2019-01-03,false,true,"{""*"": 6, ""BTAL"": 6, ""DBMF"": 2.5, ""KMLM"": 6, ""QQQ"": 1, ""SPY"": 0.7, ""TQQQ"": 1.5}",0.03000000,tests/data/2026-08-20-net15,,0.35000000,0.50000000,,0.00004245,0.00010273,0.00004497,0.00010366,66312.70998170,40000.00000000,26312.70998170,0.65781775,0.18358320,0.16508765,0.85785504,0.22697219,1.18298348,0.61989060,-0.29615420,,2017,0.51684990,2018,-0.02844011,102124.93085587,15.31873963,0.25615102,0.00038297,,,,,0.48231835,0.29838860
VT TQQQ/cash t35 w0-50 QQQ:VOL_EWMA80 gate QQQ<SMA200,sens,sens_2014-01-03,2014-01-03,2019-01-03,false,true,"{""*"": 6, ""BTAL"": 6, ""DBMF"": 2.5, ""KMLM"": 6, ""QQQ"": 1, ""SPY"": 0.7, ""TQQQ"": 1.5}",0.03000000,tests/data/2026-08-20-net15,,0.35000000,0.50000000,QQQ<SMA200,0.00912016,0.17810726,0.00912220,0.17810726,65779.40576691,40000.00000000,25779.40576691,0.64448514,0.17480482,0.16240408,0.84139502,0.22094892,1.15482945,0.70985514,-0.24625422,536,2017,0.51685123,2019,-0.01953594,79183.38295508,11.87750744,0.20919043,0.00029694,,,,,0.47324112,0.23488654
VT TQQQ/cash t35 w0-60 QQQ:VOL_EWMA80,sens,sens_2014-01-03,2014-01-03,2019-01-03,false,true,"{""*"": 6, ""BTAL"": 6, ""DBMF"": 2.5, ""KMLM"": 6, ""QQQ"": 1, ""SPY"": 0.7, ""TQQQ"": 1.5}",0.03000000,tests/data/2026-08-20-net15,,0.35000000,0.60000000,,0.00004212,0.00011220,0.00004569,0.00011270,72265.04215141,40000.00000000,32265.04215141,0.80662605,0.21162598,0.19377427,0.85527461,0.26663544,1.17949075,0.66255195,-0.31941040,,2017,0.63411466,2019,-0.02506148,143055.69343513,21.45835402,0.33751035,0.00053646,,,,,0.56855573,0.29837131
VT TQQQ/cash t35 w0-60 QQQ:VOL_EWMA80 gate QQQ<SMA200,sens,sens_2014-01-03,2014-01-03,2019-01-03,false,true,"{""*"": 6, ""BTAL"": 6, ""DBMF"": 2.5, ""KMLM"": 6, ""QQQ"": 1, ""SPY"": 0.7, ""TQQQ"": 1.5}",0.03000000,tests/data/2026-08-20-net15,,0.35000000,0.60000000,QQQ<SMA200,0.01077078,0.22996785,0.01077259,0.22996785,70681.90588532,40000.00000000,30681.90588532,0.76704765,0.19813727,0.18636066,0.82560979,0.26076438,1.13211597,0.68428433,-0.28955401,555,2017,0.63411911,2019,-0.01955918,116969.89806988,17.54548471,0.29414745,0.00043864,,,,,0.55782882,0.23516250
VT TQQQ/cash t35 w0-70 QQQ:VOL_EWMA80,sens,sens_2014-01-03,2014-01-03,2019-01-03,false,true,"{""*"": 6, ""BTAL"": 6, ""DBMF"": 2.5, ""KMLM"": 6, ""QQQ"": 1, ""SPY"": 0.7, ""TQQQ"": 1.5}",0.03000000,tests/data/2026-08-20-net15,,0.35000000,0.70000000,,0.00004126,0.00009505,0.00004397,0.00011181,76000.94059848,40000.00000000,36000.94059848,0.90002351,0.22754162,0.21070180,0.82954988,0.30346708,1.14178949,0.66432143,-0.34251735,,2017,0.74465597,2019,-0.02506494,186430.35445765,27.96455317,0.42380194,0.00069911,,,,,0.64608022,0.29842908
VT TQQQ/cash t35 w0-70 QQQ:VOL_EWMA80 gate QQQ<SMA200,sens,sens_2014-01-03,2014-01-03,2019-01-03,false,true,"{""*"": 6, ""BTAL"": 6, ""DBMF"": 2.5, ""KMLM"": 6, ""QQQ"": 1, ""SPY"": 0.7, ""TQQQ"": 1.5}",0.03000000,tests/data/2026-08-20-net15,,0.35000000,0.70000000,QQQ<SMA200,0.01125840,0.26064303,0.01126007,0.26064303,74023.84483723,40000.00000000,34023.84483723,0.85059612,0.21255683,0.20183975,0.79786185,0.29807436,1.09267121,0.65606727,-0.32398633,571,2017,0.74467039,2019,-0.01957145,158456.03504656,23.76840526,0.38527797,0.00059421,,,,,0.63486412,0.23530821
VT TQQQ/cash t35 w0-80 QQQ:VOL_EWMA80,sens,sens_2014-01-03,2014-01-03,2019-01-03,false,true,"{""*"": 6, ""BTAL"": 6, ""DBMF"": 2.5, ""KMLM"": 6, ""QQQ"": 1, ""SPY"": 0.7, ""TQQQ"": 1.5}",0.03000000,tests/data/2026-08-20-net15,,0.35000000,0.80000000,,0.00003895,0.00008038,0.00004387,0.00008932,76482.25952502,40000.00000000,36482.25952502,0.91205649,0.22688924,0.21282769,0.77786818,0.33689531,1.06755899,0.62091684,-0.36541002,,2017,0.84553172,2018,-0.02506667,296145.38573746,44.42180786,0.66816884,0.00111055,,,,,0.71022908,0.29836822
VT TQQQ/cash t35 w0-80 QQQ:VOL_EWMA80 gate QQQ<SMA200,sens,sens_2014-01-03,2014-01-03,2019-01-03,false,true,"{""*"": 6, ""BTAL"": 6, ""DBMF"": 2.5, ""KMLM"": 6, ""QQQ"": 1, ""SPY"": 0.7, ""TQQQ"": 1.5}",0.03000000,tests/data/2026-08-20-net15,,0.35000000,0.80000000,QQQ<SMA200,0.01122330,0.26094842,0.01122631,0.26094842,74529.12656642,40000.00000000,34529.12656642,0.86322816,0.21193627,0.20412478,0.74738032,0.33203647,1.02148052,0.59095017,-0.35863645,574,2017,0.84555361,2015,-0.02038197,262089.47240818,39.31342086,0.63222255,0.00098284,,,,,0.69904664,0.23534809
VT TQQQ/cash t40 w0-50 QQQ:VOL_EWMA80,sens,sens_2014-01-03,2014-01-03,2019-01-03,false,true,"{""*"": 6, ""BTAL"": 6, ""DBMF"": 2.5, ""KMLM"": 6, ""QQQ"": 1, ""SPY"": 0.7, ""TQQQ"": 1.5}",0.03000000,tests/data/2026-08-20-net15,,0.40000000,0.50000000,,0.00004178,0.00010273,0.00004382,0.00010366,65709.60419548,40000.00000000,25709.60419548,0.64274010,0.18269659,0.16205136,0.84138210,0.23186043,1.15996081,0.57731865,-0.31645710,,2017,0.51685978,2018,-0.04684652,89607.75918886,13.44116388,0.22225751,0.00033603,,,,,0.48876492,0.34107148
VT TQQQ/cash t40 w0-50 QQQ:VOL_EWMA80 gate QQQ<SMA200,sens,sens_2014-01-03,2014-01-03,2019-01-03,false,true,"{""*"": 6, ""BTAL"": 6, ""DBMF"": 2.5, ""KMLM"": 6, ""QQQ"": 1, ""SPY"": 0.7, ""TQQQ"": 1.5}",0.03000000,tests/data/2026-08-20-net15,,0.40000000,0.50000000,QQQ<SMA200,0.00920436,0.18494312,0.00920602,0.18494312,65818.17426410,40000.00000000,25818.17426410,0.64545436,0.17676999,0.16259983,0.83827236,0.22479416,1.15160027,0.67487947,-0.26192823,,2017,0.51684388,2019,-0.02268732,63151.16138570,9.47267421,0.16432582,0.00023682,,,,,0.47960272,0.27231111
VT TQQQ/cash t40 w0-60 QQQ:VOL_EWMA80,sens,sens_2014-01-03,2014-01-03,2019-01-03,false,true,"{""*"": 6, ""BTAL"": 6, ""DBMF"": 2.5, ""KMLM"": 6, ""QQQ"": 1, ""SPY"": 0.7, ""TQQQ"": 1.5}",0.03000000,tests/data/2026-08-20-net15,,0.40000000,0.60000000,,0.00003910,0.00011220,0.00004192,0.00011270,71450.55389094,40000.00000000,31450.55389094,0.78626385,0.21052196,0.18997876,0.84055451,0.27191421,1.15903830,0.61662211,-0.34141162,,2017,0.63412818,2018,-0.04015660,131770.88949579,19.76563342,0.30673060,0.00049414,,,,,0.57605480,0.34100668
VT TQQQ/cash t40 w0-60 QQQ:VOL_EWMA80 gate QQQ<SMA200,sens,sens_2014-01-03,2014-01-03,2019-01-03,false,true,"{""*"": 6, ""BTAL"": 6, ""DBMF"": 2.5, ""KMLM"": 6, ""QQQ"": 1, ""SPY"": 0.7, ""TQQQ"": 1.5}",0.03000000,tests/data/2026-08-20-net15,,0.40000000,0.60000000,QQQ<SMA200,0.01069517,0.20225870,0.01069811,0.20225870,70578.75992153,40000.00000000,30578.75992153,0.76446900,0.19968910,0.18587243,0.82132103,0.26509579,1.12696377,0.68370550,-0.29206888,543,2017,0.63411640,2019,-0.02270934,103580.21789430,15.53703268,0.25651315,0.00038843,,,,,0.56539860,0.27257263
VT TQQQ/cash t40 w0-70 QQQ:VOL_EWMA80,sens,sens_2014-01-03,2014-01-03,2019-01-03,false,false,"{""*"": 6, ""BTAL"": 6, ""DBMF"": 2.5, ""KMLM"": 6, ""QQQ"": 1, ""SPY"": 0.7, ""TQQQ"": 1.5}",0.03000000,tests/data/2026-08-20-net15,,0.40000000,0.70000000,,0.00003213,0.00008724,0.00003641,0.00011181,77604.67494714,40000.00000000,37604.67494714,0.94011687,0.23760037,0.21773867,0.84180144,0.31183172,1.16119627,0.65307059,-0.36382034,,2017,0.75876800,2018,-0.02905090,173967.47762563,26.09512164,0.38124930,0.00065238,,,,,0.66173757,0.34102188
VT TQQQ/cash t40 w0-70 QQQ:VOL_EWMA80 gate QQQ<SMA200,sens,sens_2014-01-03,2014-01-03,2019-01-03,false,true,"{""*"": 6, ""BTAL"": 6, ""DBMF"": 2.5, ""KMLM"": 6, ""QQQ"": 1, ""SPY"": 0.7, ""TQQQ"": 1.5}",0.03000000,tests/data/2026-08-20-net15,,0.40000000,0.70000000,QQQ<SMA200,0.01230816,0.27564171,0.01231097,0.27564171,75606.24237838,40000.00000000,35606.24237838,0.89015606,0.22209857,0.20894940,0.81212968,0.30515367,1.11396489,0.66607720,-0.33344268,568,2017,0.75874858,2019,-0.02273437,140751.94861267,21.11279229,0.33203375,0.00052782,,,,,0.64946301,0.27286986
VT TQQQ/cash t40 w0-80 QQQ:VOL_EWMA80,sens,sens_2014-01-03,2014-01-03,2019-01-03,false,false,"{""*"": 6, ""BTAL"": 6, ""DBMF"": 2.5, ""KMLM"": 6, ""QQQ"": 1, ""SPY"": 0.7, ""TQQQ"": 1.5}",0.03000000,tests/data/2026-08-20-net15,,0.40000000,0.80000000,,0.00003510,0.00010297,0.00003709,0.00010545,81015.89978102,40000.00000000,41015.89978102,1.02539749,0.25102343,0.23228092,0.81881261,0.34897845,1.12772143,0.65018444,-0.38608035,,2017,0.87397214,2019,-0.02867909,229360.23215557,34.40403482,0.48634380,0.00086010,,,,,0.73839056,0.34102035
VT TQQQ/cash t40 w0-80 QQQ:VOL_EWMA80 gate QQQ<SMA200,sens,sens_2014-01-03,2014-01-03,2019-01-03,false,true,"{""*"": 6, ""BTAL"": 6, ""DBMF"": 2.5, ""KMLM"": 6, ""QQQ"": 1, ""SPY"": 0.7, ""TQQQ"": 1.5}",0.03000000,tests/data/2026-08-20-net15,,0.40000000,0.80000000,QQQ<SMA200,0.01260296,0.29642057,0.01260462,0.29642057,78714.72167234,40000.00000000,38714.72167234,0.96786804,0.23449611,0.22253295,0.78841007,0.34287415,1.08058051,0.64086172,-0.36590750,574,2017,0.87400309,2019,-0.02274610,193010.06146382,28.95150922,0.44150750,0.00072379,,,,,0.72582303,0.27300912
50/50,sens,sens_2014-01-03,2014-01-03,2019-01-03,true,true,"{""*"": 6, ""BTAL"": 6, ""DBMF"": 2.5, ""KMLM"": 6, ""QQQ"": 1, ""SPY"": 0.7, ""TQQQ"": 1.5}",0.03000000,tests/data/2026-08-20-net15,,,,,0.00033501,0.00115937,0.00030555,0.00113796,66173.47078014,40000.00000000,26173.47078014,0.65433677,0.18489834,0.16438891,0.87078090,0.22410635,1.20856349,0.66180815,-0.27938359,,2017,0.47755053,2019,-0.04379239,149663.70191117,57.23473650,0.37571685,0.00143087,0.49969967,0.49886204,,,0.49995137,0.49989648
TQQQ50/BTAL50 gate QQQ<SMA200,sens,sens_2014-01-03,2014-01-03,2019-01-03,true,true,"{""*"": 6, ""BTAL"": 6, ""DBMF"": 2.5, ""KMLM"": 6, ""QQQ"": 1, ""SPY"": 0.7, ""TQQQ"": 1.5}",0.03000000,tests/data/2026-08-20-net15,,,,,0.01329843,0.18525232,0.01327304,0.18525453,67270.61904515,40000.00000000,27270.61904515,0.68176548,0.18469044,0.16985870,0.89825109,0.21476999,1.24671934,0.77733406,-0.23759468,,2017,0.47758912,2019,-0.02890656,107495.29633269,42.71708616,0.27870732,0.00106793,0.51267908,0.49886204,,,0.48697094,0.31474547
SPY benchmark,sens,sens_2014-01-03,2014-01-03,2019-01-03,true,true,"{""*"": 6, ""BTAL"": 6, ""DBMF"": 2.5, ""KMLM"": 6, ""QQQ"": 1, ""SPY"": 0.7, ""TQQQ"": 1.5}",0.03000000,tests/data/2026-08-20-net15,,,,,0.00365583,0.01291590,0.00365709,0.01291736,49038.74707454,40000.00000000,9038.74707454,0.22596868,0.07717736,0.06592361,0.63076599,0.13185498,0.86984000,0.39713771,-0.19433399,,2017,0.21301839,2018,-0.04830958,39846.10862632,2.78922760,0.13007717,0.00006973,,,0.99634291,0.98708264,,
VT TQQQ/BTAL t25 w0-50 QQQ:VOL_EWMA80,sens,sens_2014-07-03,2014-07-03,2019-07-03,false,true,"{""*"": 6, ""BTAL"": 6, ""DBMF"": 2.5, ""KMLM"": 6, ""QQQ"": 1, ""SPY"": 0.7, ""TQQQ"": 1.5}",0.03000000,tests/data/2026-08-20-net15,BTAL,0.25000000,0.50000000,,0.00038587,0.00130366,0.00035846,0.00132826,77235.12010069,40000.00000000,37235.12010069,0.93087800,0.20516939,0.21631648,1.04185627,0.19838943,1.45740723,1.01675592,-0.20178824,235,2017,0.46837444,2016,0.01852258,241690.59644365,92.45235922,0.66532578,0.00231131,0.54087075,0.49867174,,,0.45872139,0.21311327
VT TQQQ/BTAL t25 w0-50 QQQ:VOL_EWMA80 gate QQQ<SMA200,sens,sens_2014-07-03,2014-07-03,2019-07-03,false,true,"{""*"": 6, ""BTAL"": 6, ""DBMF"": 2.5, ""KMLM"": 6, ""QQQ"": 1, ""SPY"": 0.7, ""TQQQ"": 1.5}",0.03000000,tests/data/2026-08-20-net15,BTAL,0.25000000,0.50000000,QQQ<SMA200,0.01119505,0.18835524,0.01116380,0.18836253,73200.08137623,40000.00000000,33200.08137623,0.83000203,0.18221734,0.19825813,0.95696129,0.19519850,1.33267308,1.08445241,-0.16802705,577,2017,0.46832776,2016,-0.02588794,226580.77527125,87.64236040,0.65968356,0.00219106,0.55166122,0.49867174,,,0.44790630,0.15808984
VT TQQQ/BTAL t25 w0-60 QQQ:VOL_EWMA80,sens,sens_2014-07-03,2014-07-03,2019-07-03,false,true,"{""*"": 6, ""BTAL"": 6, ""DBMF"": 2.5, ""KMLM"": 6, ""QQQ"": 1, ""SPY"": 0.7, ""TQQQ"": 1.5}",0.03000000,tests/data/2026-08-20-net15,BTAL,0.25000000,0.60000000,,0.00034457,0.00112780,0.00032712,0.00116567,77220.96337880,40000.00000000,37220.96337880,0.93052408,0.19988885,0.21625463,0.91076251,0.22948150,1.26113871,0.86067173,-0.23224750,240,2017,0.56054571,2015,0.01944449,386581.46059283,145.29234297,1.06086479,0.00363231,0.47991561,0.39897695,,,0.51970571,0.21312327
VT TQQQ/BTAL t25 w0-60 QQQ:VOL_EWMA80 gate QQQ<SMA200,sens,sens_2014-07-03,2014-07-03,2019-07-03,false,true,"{""*"": 6, ""BTAL"": 6, ""DBMF"": 2.5, ""KMLM"": 6, ""QQQ"": 1, ""SPY"": 0.7, ""TQQQ"": 1.5}",0.03000000,tests/data/2026-08-20-net15,BTAL,0.25000000,0.60000000,QQQ<SMA200,0.01121983,0.18869438,0.01119870,0.18870207,73207.06701478,40000.00000000,33207.06701478,0.83017668,0.17693821,0.19829016,0.83387020,0.22666393,1.15047721,0.82380047,-0.21478285,577,2017,0.56051508,2015,-0.03457217,364432.03590375,137.95061342,1.05743312,0.00344877,0.49073416,0.39897695,,,0.50884151,0.15814182
VT TQQQ/BTAL t25 w0-70 QQQ:VOL_EWMA80,sens,sens_2014-07-03,2014-07-03,2019-07-03,false,true,"{""*"": 6, ""BTAL"": 6, ""DBMF"": 2.5, ""KMLM"": 6, ""QQQ"": 1, ""SPY"": 0.7, ""TQQQ"": 1.5}",0.03000000,tests/data/2026-08-20-net15,BTAL,0.25000000,0.70000000,,0.00038146,0.00166347,0.00038441,0.00164525,75449.27187847,40000.00000000,35449.27187847,0.88623180,0.18878260,0.20843195,0.80070532,0.25826298,1.09813577,0.71905476,-0.26254273,,2017,0.65177715,2015,-0.02866450,599555.70045669,224.57717311,1.64291916,0.00561443,0.43202084,0.29919540,,,0.56754645,0.21316771
VT TQQQ/BTAL t25 w0-70 QQQ:VOL_EWMA80 gate QQQ<SMA200,sens,sens_2014-07-03,2014-07-03,2019-07-03,false,true,"{""*"": 6, ""BTAL"": 6, ""DBMF"": 2.5, ""KMLM"": 6, ""QQQ"": 1, ""SPY"": 0.7, ""TQQQ"": 1.5}",0.03000000,tests/data/2026-08-20-net15,BTAL,0.25000000,0.70000000,QQQ<SMA200,0.01075437,0.18908245,0.01075659,0.18909055,71721.87989249,40000.00000000,31721.87989249,0.79304700,0.16685311,0.19141638,0.73269944,0.25596183,1.00223916,0.65281235,-0.25559123,576,2017,0.65180595,2015,-0.08022187,568407.72901980,213.77709411,1.64266691,0.00534443,0.44232119,0.29919540,,,0.55719908,0.15811649
VT TQQQ/BTAL t25 w0-80 QQQ:VOL_EWMA80,sens,sens_2014-07-03,2014-07-03,2019-07-03,false,true,"{""*"": 6, ""BTAL"": 6, ""DBMF"": 2.5, ""KMLM"": 6, ""QQQ"": 1, ""SPY"": 0.7, ""TQQQ"": 1.5}",0.03000000,tests/data/2026-08-20-net15,BTAL,0.25000000,0.80000000,,0.00041191,0.00140408,0.00041781,0.00138718,74349.88901493,40000.00000000,34349.88901493,0.85874723,0.18197565,0.20349389,0.73540977,0.28234311,1.00338306,0.62158520,-0.29276058,,2017,0.74652388,2015,-0.06332791,845419.18823935,316.22824144,2.27586963,0.00790571,0.39428601,0.19886689,,,0.60523239,0.21317074
VT TQQQ/BTAL t25 w0-80 QQQ:VOL_EWMA80 gate QQQ<SMA200,sens,sens_2014-07-03,2014-07-03,2019-07-03,false,true,"{""*"": 6, ""BTAL"": 6, ""DBMF"": 2.5, ""KMLM"": 6, ""QQQ"": 1, ""SPY"": 0.7, ""TQQQ"": 1.5}",0.03000000,tests/data/2026-08-20-net15,BTAL,0.25000000,0.80000000,QQQ<SMA200,0.01074210,0.18935429,0.01075427,0.18936274,70683.83912546,40000.00000000,30683.83912546,0.76709598,0.16016807,0.18653496,0.67223969,0.28023181,0.91514468,0.57592063,-0.27810789,574,2017,0.74660244,2015,-0.11309386,801271.83667548,300.54662305,2.27452453,0.00751367,0.40463805,0.19886689,,,0.59487313,0.15819045
VT TQQQ/BTAL t30 w0-50 QQQ:VOL_EWMA80,sens,sens_2014-07-03,2014-07-03,2019-07-03,false,true,"{""*"": 6, ""BTAL"": 6, ""DBMF"": 2.5, ""KMLM"": 6, ""QQQ"": 1, ""SPY"": 0.7, ""TQQQ"": 1.5}",0.03000000,tests/data/2026-08-20-net15,BTAL,0.30000000,0.50000000,,0.00034693,0.00130366,0.00031902,0.00132826,80240.07997227,40000.00000000,40240.07997227,1.00600200,0.22030985,0.22921975,1.07322248,0.20561001,1.50532931,0.96739441,-0.22773529,237,2017,0.47759447,2016,0.03329003,239047.06262445,91.39059471,0.63719308,0.00228476,0.52583781,0.49867174,,,0.47379442,0.25578586
VT TQQQ/BTAL t30 w0-50 QQQ:VOL_EWMA80 gate QQQ<SMA200,sens,sens_2014-07-03,2014-07-03,2019-07-03,false,true,"{""*"": 6, ""BTAL"": 6, ""DBMF"": 2.5, ""KMLM"": 6, ""QQQ"": 1, ""SPY"": 0.7, ""TQQQ"": 1.5}",0.03000000,tests/data/2026-08-20-net15,BTAL,0.30000000,0.50000000,QQQ<SMA200,0.01241879,0.18438734,0.01239973,0.18439455,75838.62680330,40000.00000000,35838.62680330,0.89596567,0.19583505,0.21016522,0.99308709,0.20076773,1.38504359,1.09623046,-0.17864405,237,2017,0.47760091,2016,-0.01036705,216034.72617628,83.53387168,0.61185914,0.00208835,0.53794099,0.49867174,,,0.46169773,0.19262817
VT TQQQ/BTAL t30 w0-60 QQQ:VOL_EWMA80,sens,sens_2014-07-03,2014-07-03,2019-07-03,false,true,"{""*"": 6, ""BTAL"": 6, ""DBMF"": 2.5, ""KMLM"": 6, ""QQQ"": 1, ""SPY"": 0.7, ""TQQQ"": 1.5}",0.03000000,tests/data/2026-08-20-net15,BTAL,0.30000000,0.60000000,,0.00036817,0.00129021,0.00033955,0.00125393,84857.90136052,40000.00000000,44857.90136052,1.12144753,0.23536112,0.24822602,0.99720060,0.24178209,1.38982495,0.91406543,-0.25748827,307,2017,0.58807977,2016,0.02551593,295018.04605219,111.46413666,0.76084307,0.00278660,0.44914657,0.39874607,,,0.55046093,0.25578824
VT TQQQ/BTAL t30 w0-60 QQQ:VOL_EWMA80 gate QQQ<SMA200,sens,sens_2014-07-03,2014-07-03,2019-07-03,false,true,"{""*"": 6, ""BTAL"": 6, ""DBMF"": 2.5, ""KMLM"": 6, ""QQQ"": 1, ""SPY"": 0.7, ""TQQQ"": 1.5}",0.03000000,tests/data/2026-08-20-net15,BTAL,0.30000000,0.60000000,QQQ<SMA200,0.01316677,0.22512791,0.01314465,0.22513541,79756.40617746,40000.00000000,39756.40617746,0.99391015,0.20843236,0.22717256,0.91831814,0.23734461,1.27301885,0.91465238,-0.22788151,578,2017,0.58812695,2016,-0.02660519,271563.90548346,103.62027420,0.74800886,0.00259051,0.46191392,0.39874607,,,0.53767139,0.19282171
VT TQQQ/BTAL t30 w0-70 QQQ:VOL_EWMA80,sens,sens_2014-07-03,2014-07-03,2019-07-03,false,true,"{""*"": 6, ""BTAL"": 6, ""DBMF"": 2.5, ""KMLM"": 6, ""QQQ"": 1, ""SPY"": 0.7, ""TQQQ"": 1.5}",0.03000000,tests/data/2026-08-20-net15,BTAL,0.30000000,0.70000000,,0.00044464,0.00141853,0.00043571,0.00139095,84561.06811395,40000.00000000,44561.06811395,1.11402670,0.22907491,0.24703254,0.88917107,0.27524847,1.22871655,0.79860335,-0.28684442,,2017,0.68668696,2015,0.02696757,459046.28389481,171.82861874,1.17990447,0.00429572,0.38713381,0.29860905,,,0.61238428,0.25576410
VT TQQQ/BTAL t30 w0-70 QQQ:VOL_EWMA80 gate QQQ<SMA200,sens,sens_2014-07-03,2014-07-03,2019-07-03,false,true,"{""*"": 6, ""BTAL"": 6, ""DBMF"": 2.5, ""KMLM"": 6, ""QQQ"": 1, ""SPY"": 0.7, ""TQQQ"": 1.5}",0.03000000,tests/data/2026-08-20-net15,BTAL,0.30000000,0.70000000,QQQ<SMA200,0.01323240,0.22556802,0.01322609,0.22557593,79507.76222558,40000.00000000,39507.76222558,0.98769406,0.20216865,0.22611580,0.81638128,0.27129982,1.12319532,0.72991818,-0.27697441,578,2017,0.68666403,2015,-0.03631859,425902.45362588,160.28780095,1.16876939,0.00400720,0.39997678,0.29860905,,,0.59955422,0.19282998
VT TQQQ/BTAL t30 w0-80 QQQ:VOL_EWMA80,sens,sens_2014-07-03,2014-07-03,2019-07-03,false,true,"{""*"": 6, ""BTAL"": 6, ""DBMF"": 2.5, ""KMLM"": 6, ""QQQ"": 1, ""SPY"": 0.7, ""TQQQ"": 1.5}",0.03000000,tests/data/2026-08-20-net15,BTAL,0.30000000,0.80000000,,0.00035878,0.00149673,0.00036960,0.00143892,82343.23802641,40000.00000000,42343.23802641,1.05858095,0.21582683,0.23799455,0.79250002,0.30695182,1.08607870,0.68289127,-0.31604860,,2017,0.78543520,2015,-0.02642032,680535.62806230,254.19188385,1.75476519,0.00635480,0.33561023,0.19856108,,,0.66397668,0.25577802
VT TQQQ/BTAL t30 w0-80 QQQ:VOL_EWMA80 gate QQQ<SMA200,sens,sens_2014-07-03,2014-07-03,2019-07-03,false,true,"{""*"": 6, ""BTAL"": 6, ""DBMF"": 2.5, ""KMLM"": 6, ""QQQ"": 1, ""SPY"": 0.7, ""TQQQ"": 1.5}",0.03000000,tests/data/2026-08-20-net15,BTAL,0.30000000,0.80000000,QQQ<SMA200,0.01300328,0.22608343,0.01301281,0.22609180,77544.94400725,40000.00000000,37544.94400725,0.93862360,0.18948141,0.21766758,0.72576193,0.30346558,0.99107657,0.58775111,-0.32238375,578,2017,0.78538800,2015,-0.08650332,635538.84343575,238.12858844,1.74696414,0.00595321,0.34824638,0.19856108,,,0.65130681,0.19282006
VT TQQQ/BTAL t35 w0-50 QQQ:VOL_EWMA80,sens,sens_2014-07-03,2014-07-03,2019-07-03,false,true,"{""*"": 6, ""BTAL"": 6, ""DBMF"": 2.5, ""KMLM"": 6, ""QQQ"": 1, ""SPY"": 0.7, ""TQQQ"": 1.5}",0.03000000,tests/data/2026-08-20-net15,BTAL,0.35000000,0.50000000,,0.00033432,0.00130366,0.00030191,0.00132826,81338.46569897,40000.00000000,41338.46569897,1.03346164,0.22641163,0.23382787,1.07709430,0.21044828,1.51110442,0.89292336,-0.25356222,237,2017,0.47754899,2018,0.03855322,217382.78684718,83.64297953,0.56996696,0.00209107,0.51764712,0.49867174,,,0.48199970,0.29839997
VT TQQQ/BTAL t35 w0-50 QQQ:VOL_EWMA80 gate QQQ<SMA200,sens,sens_2014-07-03,2014-07-03,2019-07-03,false,true,"{""*"": 6, ""BTAL"": 6, ""DBMF"": 2.5, ""KMLM"": 6, ""QQQ"": 1, ""SPY"": 0.7, ""TQQQ"": 1.5}",0.03000000,tests/data/2026-08-20-net15,BTAL,0.35000000,0.50000000,QQQ<SMA200,0.01287646,0.20230267,0.01284645,0.20230508,77246.22993724,40000.00000000,37246.22993724,0.93115575,0.20335064,0.21636502,1.01114527,0.20405018,1.41082240,1.03462679,-0.19654492,237,2017,0.47750351,2016,0.01357588,187774.76312904,72.86746799,0.52193166,0.00182169,0.53015207,0.49867174,,,0.46946736,0.22828421
VT TQQQ/BTAL t35 w0-60 QQQ:VOL_EWMA80,sens,sens_2014-07-03,2014-07-03,2019-07-03,false,true,"{""*"": 6, ""BTAL"": 6, ""DBMF"": 2.5, ""KMLM"": 6, ""QQQ"": 1, ""SPY"": 0.7, ""TQQQ"": 1.5}",0.03000000,tests/data/2026-08-20-net15,BTAL,0.35000000,0.60000000,,0.00034775,0.00129021,0.00032635,0.00125393,88541.01604639,40000.00000000,48541.01604639,1.21352540,0.25214939,0.26273223,1.02662128,0.25000277,1.43522975,0.89281094,-0.28242193,307,2017,0.59995605,2016,0.03984295,291520.41252273,110.59548848,0.72603632,0.00276489,0.43302785,0.39874607,,,0.56660130,0.29837943
VT TQQQ/BTAL t35 w0-60 QQQ:VOL_EWMA80 gate QQQ<SMA200,sens,sens_2014-07-03,2014-07-03,2019-07-03,false,true,"{""*"": 6, ""BTAL"": 6, ""DBMF"": 2.5, ""KMLM"": 6, ""QQQ"": 1, ""SPY"": 0.7, ""TQQQ"": 1.5}",0.03000000,tests/data/2026-08-20-net15,BTAL,0.35000000,0.60000000,QQQ<SMA200,0.01455280,0.23079285,0.01453461,0.23080026,82941.10549748,40000.00000000,42941.10549748,1.07352764,0.22340602,0.24045223,0.95087863,0.24384780,1.32050384,0.95715121,-0.23340723,574,2017,0.59997592,2016,-0.01343175,258777.57304998,99.02320353,0.69216646,0.00247558,0.44721046,0.39874607,,,0.55238945,0.22848952
VT TQQQ/BTAL t35 w0-70 QQQ:VOL_EWMA80,sens,sens_2014-07-03,2014-07-03,2019-07-03,false,true,"{""*"": 6, ""BTAL"": 6, ""DBMF"": 2.5, ""KMLM"": 6, ""QQQ"": 1, ""SPY"": 0.7, ""TQQQ"": 1.5}",0.03000000,tests/data/2026-08-20-net15,BTAL,0.35000000,0.70000000,,0.00037449,0.00135073,0.00034927,0.00128504,92557.45964060,40000.00000000,52557.45964060,1.31393649,0.26331811,0.27794991,0.95806498,0.28794481,1.33133916,0.84666632,-0.31100577,,2017,0.71616620,2016,0.03009840,352708.09141616,132.19062791,0.85435119,0.00330477,0.35737059,0.29877196,,,0.64222804,0.29838532
VT TQQQ/BTAL t35 w0-70 QQQ:VOL_EWMA80 gate QQQ<SMA200,sens,sens_2014-07-03,2014-07-03,2019-07-03,false,true,"{""*"": 6, ""BTAL"": 6, ""DBMF"": 2.5, ""KMLM"": 6, ""QQQ"": 1, ""SPY"": 0.7, ""TQQQ"": 1.5}",0.03000000,tests/data/2026-08-20-net15,BTAL,0.35000000,0.70000000,QQQ<SMA200,0.01507506,0.26167454,0.01505190,0.26168228,86356.29109223,40000.00000000,46356.29109223,1.15890728,0.23268946,0.25419417,0.88431004,0.28234653,1.22163725,0.80297556,-0.28978399,578,2017,0.71613252,2016,-0.02914011,318390.26938486,120.17438084,0.83133918,0.00300436,0.37208848,0.29877196,,,0.62750399,0.22864136
VT TQQQ/BTAL t35 w0-80 QQQ:VOL_EWMA80,sens,sens_2014-07-03,2014-07-03,2019-07-03,false,true,"{""*"": 6, ""BTAL"": 6, ""DBMF"": 2.5, ""KMLM"": 6, ""QQQ"": 1, ""SPY"": 0.7, ""TQQQ"": 1.5}",0.03000000,tests/data/2026-08-20-net15,BTAL,0.35000000,0.80000000,,0.00036146,0.00149923,0.00035144,0.00144086,91880.08899152,40000.00000000,51880.08899152,1.29700222,0.25580542,0.27542521,0.86890445,0.32317686,1.19912850,0.75404608,-0.33924375,,2017,0.82136657,2018,0.02203726,541265.63805151,201.90770452,1.30693458,0.00504769,0.29484211,0.19898990,,,0.70475566,0.29843222
VT TQQQ/BTAL t35 w0-80 QQQ:VOL_EWMA80 gate QQQ<SMA200,sens,sens_2014-07-03,2014-07-03,2019-07-03,false,true,"{""*"": 6, ""BTAL"": 6, ""DBMF"": 2.5, ""KMLM"": 6, ""QQQ"": 1, ""SPY"": 0.7, ""TQQQ"": 1.5}",0.03000000,tests/data/2026-08-20-net15,BTAL,0.35000000,0.80000000,QQQ<SMA200,0.01509915,0.26224642,0.01509302,0.26225459,85791.82137792,40000.00000000,45791.82137792,1.14479553,0.22533768,0.25195682,0.80020561,0.31815691,1.09898214,0.67008629,-0.33628159,578,2017,0.82137934,2015,-0.03983876,495016.35533746,185.40289441,1.28747318,0.00463507,0.30956114,0.19898990,,,0.69001068,0.22863777
VT TQQQ/BTAL t40 w0-50 QQQ:VOL_EWMA80,sens,sens_2014-07-03,2014-07-03,2019-07-03,false,true,"{""*"": 6, ""BTAL"": 6, ""DBMF"": 2.5, ""KMLM"": 6, ""QQQ"": 1, ""SPY"": 0.7, ""TQQQ"": 1.5}",0.03000000,tests/data/2026-08-20-net15,BTAL,0.40000000,0.50000000,,0.00035152,0.00130366,0.00032265,0.00132826,82096.63587690,40000.00000000,42096.63587690,1.05241590,0.23073529,0.23697616,1.07341908,0.21544879,1.50607903,0.83434935,-0.27654518,240,2017,0.47751482,2018,0.01720171,199463.11356303,76.90370242,0.51617140,0.00192259,0.51087836,0.49867174,,,0.48875279,0.34101407
VT TQQQ/BTAL t40 w0-50 QQQ:VOL_EWMA80 gate QQQ<SMA200,sens,sens_2014-07-03,2014-07-03,2019-07-03,false,true,"{""*"": 6, ""BTAL"": 6, ""DBMF"": 2.5, ""KMLM"": 6, ""QQQ"": 1, ""SPY"": 0.7, ""TQQQ"": 1.5}",0.03000000,tests/data/2026-08-20-net15,BTAL,0.40000000,0.50000000,QQQ<SMA200,0.01332012,0.19445943,0.01329514,0.19446708,78579.36034303,40000.00000000,38579.36034303,0.96448401,0.21004541,0.22214354,1.02558828,0.20723868,1.43168678,0.97981975,-0.21437148,237,2017,0.47759786,2016,0.03166249,161120.33936549,63.05998473,0.44059111,0.00157650,0.52390759,0.49867174,,,0.47573998,0.26492546
VT TQQQ/BTAL t40 w0-60 QQQ:VOL_EWMA80,sens,sens_2014-07-03,2014-07-03,2019-07-03,false,true,"{""*"": 6, ""BTAL"": 6, ""DBMF"": 2.5, ""KMLM"": 6, ""QQQ"": 1, ""SPY"": 0.7, ""TQQQ"": 1.5}",0.03000000,tests/data/2026-08-20-net15,BTAL,0.40000000,0.60000000,,0.00034664,0.00129021,0.00032302,0.00125393,89488.41935622,40000.00000000,49488.41935622,1.23721048,0.25741428,0.26637641,1.02639726,0.25551547,1.43530701,0.83795942,-0.30719183,307,2017,0.59991554,2018,0.01548059,267554.10317271,101.54457095,0.65636850,0.00253861,0.42440995,0.39874607,,,0.57522268,0.34101947
VT TQQQ/BTAL t40 w0-60 QQQ:VOL_EWMA80 gate QQQ<SMA200,sens,sens_2014-07-03,2014-07-03,2019-07-03,false,true,"{""*"": 6, ""BTAL"": 6, ""DBMF"": 2.5, ""KMLM"": 6, ""QQQ"": 1, ""SPY"": 0.7, ""TQQQ"": 1.5}",0.03000000,tests/data/2026-08-20-net15,BTAL,0.40000000,0.60000000,QQQ<SMA200,0.01492853,0.22931571,0.01490059,0.22931806,84312.08446092,40000.00000000,44312.08446092,1.10780211,0.23041222,0.24602855,0.96250988,0.24788029,1.33727579,0.94116631,-0.24481563,239,2017,0.59996467,2016,0.01021850,232444.66354744,88.97869173,0.61079276,0.00222447,0.43902860,0.39874607,,,0.56060930,0.26521462
VT TQQQ/BTAL t40 w0-70 QQQ:VOL_EWMA80,sens,sens_2014-07-03,2014-07-03,2019-07-03,false,true,"{""*"": 6, ""BTAL"": 6, ""DBMF"": 2.5, ""KMLM"": 6, ""QQQ"": 1, ""SPY"": 0.7, ""TQQQ"": 1.5}",0.03000000,tests/data/2026-08-20-net15,BTAL,0.40000000,0.70000000,,0.00035588,0.00129276,0.00033233,0.00122804,96851.52962246,40000.00000000,56851.52962246,1.42128824,0.28137721,0.29358310,0.98580920,0.29694817,1.37414143,0.84025127,-0.33487270,,2017,0.73092736,2018,0.01983491,342714.86985747,129.06863502,0.80001417,0.00322672,0.34035798,0.29877196,,,0.65926108,0.34105324
VT TQQQ/BTAL t40 w0-70 QQQ:VOL_EWMA80 gate QQQ<SMA200,sens,sens_2014-07-03,2014-07-03,2019-07-03,false,true,"{""*"": 6, ""BTAL"": 6, ""DBMF"": 2.5, ""KMLM"": 6, ""QQQ"": 1, ""SPY"": 0.7, ""TQQQ"": 1.5}",0.03000000,tests/data/2026-08-20-net15,BTAL,0.40000000,0.70000000,QQQ<SMA200,0.01658573,0.27694508,0.01656029,0.27695273,90011.15051417,40000.00000000,50011.15051417,1.25027876,0.24863631,0.26837239,0.91388372,0.28958040,1.26478572,0.84944413,-0.29270472,575,2017,0.73091501,2016,-0.01861941,299465.03282733,113.49934812,0.75847919,0.00283748,0.35661979,0.29877196,,,0.64299971,0.26542043
VT TQQQ/BTAL t40 w0-80 QQQ:VOL_EWMA80,sens,sens_2014-07-03,2014-07-03,2019-07-03,false,true,"{""*"": 6, ""BTAL"": 6, ""DBMF"": 2.5, ""KMLM"": 6, ""QQQ"": 1, ""SPY"": 0.7, ""TQQQ"": 1.5}",0.03000000,tests/data/2026-08-20-net15,BTAL,0.40000000,0.80000000,,0.00035512,0.00122713,0.00033444,0.00114769,100175.79735942,40000.00000000,60175.79735942,1.50439493,0.28885324,0.30526894,0.92554941,0.33617452,1.28339180,0.79724895,-0.36231248,,2017,0.85288679,2018,0.01413582,416890.37794285,155.04766697,0.95109898,0.00387619,0.26563091,0.19885270,,,0.73398414,0.34099447
VT TQQQ/BTAL t40 w0-80 QQQ:VOL_EWMA80 gate QQQ<SMA200,sens,sens_2014-07-03,2014-07-03,2019-07-03,false,true,"{""*"": 6, ""BTAL"": 6, ""DBMF"": 2.5, ""KMLM"": 6, ""QQQ"": 1, ""SPY"": 0.7, ""TQQQ"": 1.5}",0.03000000,tests/data/2026-08-20-net15,BTAL,0.40000000,0.80000000,QQQ<SMA200,0.01692243,0.29803480,0.01690935,0.29804281,92887.15282592,40000.00000000,52887.15282592,1.32217882,0.25485784,0.27917280,0.85630163,0.32948798,1.18012843,0.73045699,-0.34890191,582,2017,0.85287420,2016,-0.03355143,370288.46932041,138.39865495,0.91845102,0.00345997,0.28223736,0.19885270,,,0.71738386,0.26560901
VT TQQQ/cash t25 w0-50 QQQ:VOL_EWMA80,sens,sens_2014-07-03,2014-07-03,2019-07-03,false,true,"{""*"": 6, ""BTAL"": 6, ""DBMF"": 2.5, ""KMLM"": 6, ""QQQ"": 1, ""SPY"": 0.7, ""TQQQ"": 1.5}",0.03000000,tests/data/2026-08-20-net15,,0.25000000,0.50000000,,0.00005290,0.00013124,0.00005511,0.00013323,76260.60186938,40000.00000000,36260.60186938,0.90651505,0.20075359,0.21203464,0.96298819,0.21426055,1.33132597,0.80167508,-0.25041765,,2017,0.50799108,2018,0.01233993,118717.87247408,17.80768087,0.32254729,0.00044519,,,,,0.45871986,0.21315384
VT TQQQ/cash t25 w0-50 QQQ:VOL_EWMA80 gate QQQ<SMA200,sens,sens_2014-07-03,2014-07-03,2019-07-03,false,true,"{""*"": 6, ""BTAL"": 6, ""DBMF"": 2.5, ""KMLM"": 6, ""QQQ"": 1, ""SPY"": 0.7, ""TQQQ"": 1.5}",0.03000000,tests/data/2026-08-20-net15,,0.25000000,0.50000000,QQQ<SMA200,0.01089195,0.18956033,0.01089407,0.18956033,73010.29762307,40000.00000000,33010.29762307,0.82525744,0.18186097,0.19738677,0.90365490,0.20967061,1.24066760,0.76981160,-0.23624088,556,2017,0.50802240,2016,0.01641863,109408.84398952,16.41132660,0.31177097,0.00041028,,,,,0.44788091,0.16267693
VT TQQQ/cash t25 w0-60 QQQ:VOL_EWMA80,sens,sens_2014-07-03,2014-07-03,2019-07-03,false,true,"{""*"": 6, ""BTAL"": 6, ""DBMF"": 2.5, ""KMLM"": 6, ""QQQ"": 1, ""SPY"": 0.7, ""TQQQ"": 1.5}",0.03000000,tests/data/2026-08-20-net15,,0.25000000,0.60000000,,0.00004994,0.00011835,0.00005617,0.00012179,77036.63526395,40000.00000000,37036.63526395,0.92591588,0.19890431,0.21544835,0.86463791,0.24513465,1.18648915,0.72335197,-0.27497584,,2017,0.59757316,2018,0.00129965,201271.48999970,30.19072350,0.54408620,0.00075477,,,,,0.51971770,0.21311786
VT TQQQ/cash t25 w0-60 QQQ:VOL_EWMA80 gate QQQ<SMA200,sens,sens_2014-07-03,2014-07-03,2019-07-03,false,true,"{""*"": 6, ""BTAL"": 6, ""DBMF"": 2.5, ""KMLM"": 6, ""QQQ"": 1, ""SPY"": 0.7, ""TQQQ"": 1.5}",0.03000000,tests/data/2026-08-20-net15,,0.25000000,0.60000000,QQQ<SMA200,0.01094088,0.18983346,0.01094661,0.18983346,73762.23429016,40000.00000000,33762.23429016,0.84405586,0.17994027,0.20082718,0.80884546,0.24107555,1.10380232,0.66433950,-0.27085589,570,2017,0.59756149,2015,-0.01380234,188528.17009955,28.27922551,0.53443230,0.00070698,,,,,0.50882726,0.16268067
VT TQQQ/cash t25 w0-70 QQQ:VOL_EWMA80,sens,sens_2014-07-03,2014-07-03,2019-07-03,false,true,"{""*"": 6, ""BTAL"": 6, ""DBMF"": 2.5, ""KMLM"": 6, ""QQQ"": 1, ""SPY"": 0.7, ""TQQQ"": 1.5}",0.03000000,tests/data/2026-08-20-net15,,0.25000000,0.70000000,,0.00004441,0.00011646,0.00004872,0.00013276,76306.07213142,40000.00000000,36306.07213142,0.90765180,0.19191614,0.21223552,0.78316748,0.27223047,1.06780008,0.64092437,-0.29943649,,2017,0.69162176,2018,-0.01368724,311386.88667244,46.70803300,0.83882688,0.00116770,,,,,0.56756450,0.21314212
VT TQQQ/cash t25 w0-70 QQQ:VOL_EWMA80 gate QQQ<SMA200,sens,sens_2014-07-03,2014-07-03,2019-07-03,false,true,"{""*"": 6, ""BTAL"": 6, ""DBMF"": 2.5, ""KMLM"": 6, ""QQQ"": 1, ""SPY"": 0.7, ""TQQQ"": 1.5}",0.03000000,tests/data/2026-08-20-net15,,0.25000000,0.70000000,QQQ<SMA200,0.01029780,0.19022413,0.01030448,0.19022413,73295.51725498,40000.00000000,33295.51725498,0.83238793,0.17410882,0.19869553,0.73357322,0.26881963,0.99601437,0.57553939,-0.30251416,571,2017,0.69162632,2015,-0.05568121,295052.08028272,44.25781204,0.83089684,0.00110645,,,,,0.55730874,0.16268236
VT TQQQ/cash t25 w0-80 QQQ:VOL_EWMA80,sens,sens_2014-07-03,2014-07-03,2019-07-03,false,true,"{""*"": 6, ""BTAL"": 6, ""DBMF"": 2.5, ""KMLM"": 6, ""QQQ"": 1, ""SPY"": 0.7, ""TQQQ"": 1.5}",0.03000000,tests/data/2026-08-20-net15,,0.25000000,0.80000000,,0.00004582,0.00011489,0.00005563,0.00013324,76073.26323021,40000.00000000,36073.26323021,0.90183158,0.18848958,0.21120585,0.73615403,0.29432078,1.00073583,0.58206440,-0.32382942,,2017,0.79001895,2015,-0.04384105,437361.88890979,65.60428334,1.15790897,0.00164011,,,,,0.60524785,0.21315813
VT TQQQ/cash t25 w0-80 QQQ:VOL_EWMA80 gate QQQ<SMA200,sens,sens_2014-07-03,2014-07-03,2019-07-03,false,true,"{""*"": 6, ""BTAL"": 6, ""DBMF"": 2.5, ""KMLM"": 6, ""QQQ"": 1, ""SPY"": 0.7, ""TQQQ"": 1.5}",0.03000000,tests/data/2026-08-20-net15,,0.25000000,0.80000000,QQQ<SMA200,0.01029793,0.19045919,0.01030765,0.19045919,73078.40386731,40000.00000000,33078.40386731,0.82696010,0.17071854,0.19769971,0.68911325,0.29117127,0.93342043,0.53187747,-0.32097344,571,2017,0.79003016,2015,-0.08499876,415463.28440694,62.31949266,1.14975182,0.00155799,,,,,0.59499583,0.16273400
VT TQQQ/cash t30 w0-50 QQQ:VOL_EWMA80,sens,sens_2014-07-03,2014-07-03,2019-07-03,false,true,"{""*"": 6, ""BTAL"": 6, ""DBMF"": 2.5, ""KMLM"": 6, ""QQQ"": 1, ""SPY"": 0.7, ""TQQQ"": 1.5}",0.03000000,tests/data/2026-08-20-net15,,0.30000000,0.50000000,,0.00004554,0.00011465,0.00004735,0.00011676,78864.69732654,40000.00000000,38864.69732654,0.97161743,0.21402232,0.22336886,0.98460496,0.22259277,1.36601669,0.78299749,-0.27333717,308,2017,0.51685814,2018,-0.00574592,117096.75256776,17.56451289,0.30920198,0.00043911,,,,,0.47379968,0.25579114
VT TQQQ/cash t30 w0-50 QQQ:VOL_EWMA80 gate QQQ<SMA200,sens,sens_2014-07-03,2014-07-03,2019-07-03,false,true,"{""*"": 6, ""BTAL"": 6, ""DBMF"": 2.5, ""KMLM"": 6, ""QQQ"": 1, ""SPY"": 0.7, ""TQQQ"": 1.5}",0.03000000,tests/data/2026-08-20-net15,,0.30000000,0.50000000,QQQ<SMA200,0.01215795,0.18571842,0.01215961,0.18571842,75365.86842229,40000.00000000,35365.86842229,0.88414671,0.19398679,0.20805962,0.92862185,0.21665664,1.27855652,0.79451227,-0.24415833,554,2017,0.51686642,2016,0.02903226,104455.76668869,15.66836500,0.29036679,0.00039171,,,,,0.46168742,0.19798430
VT TQQQ/cash t30 w0-60 QQQ:VOL_EWMA80,sens,sens_2014-07-03,2014-07-03,2019-07-03,false,true,"{""*"": 6, ""BTAL"": 6, ""DBMF"": 2.5, ""KMLM"": 6, ""QQQ"": 1, ""SPY"": 0.7, ""TQQQ"": 1.5}",0.03000000,tests/data/2026-08-20-net15,,0.30000000,0.60000000,,0.00004898,0.00011154,0.00005395,0.00011171,84055.22811714,40000.00000000,44055.22811714,1.10138070,0.23166476,0.24499003,0.93757274,0.25847013,1.29574719,0.77924731,-0.29729298,,2017,0.62276919,2018,0.00124920,148496.45601093,22.27446840,0.37861869,0.00055686,,,,,0.55047603,0.25571552
VT TQQQ/cash t30 w0-60 QQQ:VOL_EWMA80 gate QQQ<SMA200,sens,sens_2014-07-03,2014-07-03,2019-07-03,false,true,"{""*"": 6, ""BTAL"": 6, ""DBMF"": 2.5, ""KMLM"": 6, ""QQQ"": 1, ""SPY"": 0.7, ""TQQQ"": 1.5}",0.03000000,tests/data/2026-08-20-net15,,0.30000000,0.60000000,QQQ<SMA200,0.01285290,0.22643827,0.01285661,0.22643827,79921.80234100,40000.00000000,39921.80234100,0.99804506,0.20944718,0.22787386,0.88012911,0.25304469,1.20823385,0.74471397,-0.28124514,569,2017,0.62277974,2016,0.01120955,135060.87845790,20.25913177,0.36421064,0.00050648,,,,,0.53767336,0.19814518
VT TQQQ/cash t30 w0-70 QQQ:VOL_EWMA80,sens,sens_2014-07-03,2014-07-03,2019-07-03,false,true,"{""*"": 6, ""BTAL"": 6, ""DBMF"": 2.5, ""KMLM"": 6, ""QQQ"": 1, ""SPY"": 0.7, ""TQQQ"": 1.5}",0.03000000,tests/data/2026-08-20-net15,,0.30000000,0.70000000,,0.00005120,0.00012590,0.00005679,0.00013460,84713.34566708,40000.00000000,44713.34566708,1.11783364,0.22921852,0.24764527,0.85849725,0.29023613,1.17980697,0.71405584,-0.32100924,,2017,0.71794134,2018,-0.01065114,239441.53763786,35.91623065,0.60722470,0.00089791,,,,,0.61238008,0.25575412
VT TQQQ/cash t30 w0-70 QQQ:VOL_EWMA80 gate QQQ<SMA200,sens,sens_2014-07-03,2014-07-03,2019-07-03,false,true,"{""*"": 6, ""BTAL"": 6, ""DBMF"": 2.5, ""KMLM"": 6, ""QQQ"": 1, ""SPY"": 0.7, ""TQQQ"": 1.5}",0.03000000,tests/data/2026-08-20-net15,,0.30000000,0.70000000,QQQ<SMA200,0.01288389,0.22684078,0.01288891,0.22684078,80577.55494668,40000.00000000,40577.55494668,1.01443887,0.20699798,0.23064158,0.80419252,0.28536944,1.09914380,0.65481576,-0.31611637,571,2017,0.71794122,2015,-0.01672180,221673.12614268,33.25096892,0.59433715,0.00083127,,,,,0.59954795,0.19813950
VT TQQQ/cash t30 w0-80 QQQ:VOL_EWMA80,sens,sens_2014-07-03,2014-07-03,2019-07-03,false,true,"{""*"": 6, ""BTAL"": 6, ""DBMF"": 2.5, ""KMLM"": 6, ""QQQ"": 1, ""SPY"": 0.7, ""TQQQ"": 1.5}",0.03000000,tests/data/2026-08-20-net15,,0.30000000,0.80000000,,0.00004526,0.00011783,0.00005254,0.00013123,83796.00834636,40000.00000000,43796.00834636,1.09490021,0.22097585,0.24393907,0.78734296,0.31936751,1.07603220,0.64112284,-0.34467006,,2017,0.81731092,2018,-0.02789450,354950.13578117,53.24252037,0.89985540,0.00133106,,,,,0.66397878,0.25579786
VT TQQQ/cash t30 w0-80 QQQ:VOL_EWMA80 gate QQQ<SMA200,sens,sens_2014-07-03,2014-07-03,2019-07-03,false,true,"{""*"": 6, ""BTAL"": 6, ""DBMF"": 2.5, ""KMLM"": 6, ""QQQ"": 1, ""SPY"": 0.7, ""TQQQ"": 1.5}",0.03000000,tests/data/2026-08-20-net15,,0.30000000,0.80000000,QQQ<SMA200,0.01267503,0.22728758,0.01268178,0.22728758,79827.92526390,40000.00000000,39827.92526390,0.99569813,0.19923877,0.22747597,0.73673289,0.31500122,1.00232236,0.56704967,-0.35136035,574,2017,0.81728078,2015,-0.06298786,332059.00565887,49.80885085,0.88873571,0.00124522,,,,,0.65134953,0.19815337
VT TQQQ/cash t35 w0-50 QQQ:VOL_EWMA80,sens,sens_2014-07-03,2014-07-03,2019-07-03,false,true,"{""*"": 6, ""BTAL"": 6, ""DBMF"": 2.5, ""KMLM"": 6, ""QQQ"": 1, ""SPY"": 0.7, ""TQQQ"": 1.5}",0.03000000,tests/data/2026-08-20-net15,,0.35000000,0.50000000,,0.00004054,0.00011465,0.00004249,0.00011676,79581.87321044,40000.00000000,39581.87321044,0.98954683,0.21843712,0.22643109,0.98218337,0.22811390,1.36420326,0.73754400,-0.29616825,,2017,0.51685914,2018,-0.02844804,104660.88765825,15.69913315,0.27286405,0.00039248,,,,,0.48201293,0.29835446
VT TQQQ/cash t35 w0-50 QQQ:VOL_EWMA80 gate QQQ<SMA200,sens,sens_2014-07-03,2014-07-03,2019-07-03,false,true,"{""*"": 6, ""BTAL"": 6, ""DBMF"": 2.5, ""KMLM"": 6, ""QQQ"": 1, ""SPY"": 0.7, ""TQQQ"": 1.5}",0.03000000,tests/data/2026-08-20-net15,,0.35000000,0.50000000,QQQ<SMA200,0.01259193,0.20435801,0.01259353,0.20435801,76417.82243586,40000.00000000,36417.82243586,0.91044556,0.19981658,0.21272876,0.93685487,0.22097218,1.29203733,0.80993027,-0.24670837,536,2017,0.51683766,2018,0.01515013,90252.65334230,13.53789800,0.24711227,0.00033845,,,,,0.46946190,0.23422279
VT TQQQ/cash t35 w0-60 QQQ:VOL_EWMA80,sens,sens_2014-07-03,2014-07-03,2019-07-03,false,true,"{""*"": 6, ""BTAL"": 6, ""DBMF"": 2.5, ""KMLM"": 6, ""QQQ"": 1, ""SPY"": 0.7, ""TQQQ"": 1.5}",0.03000000,tests/data/2026-08-20-net15,,0.35000000,0.60000000,,0.00005285,0.00012743,0.00005621,0.00012808,87325.64628762,40000.00000000,47325.64628762,1.18314116,0.24669936,0.25800602,0.96108643,0.26718573,1.33279513,0.77233910,-0.31941846,,2017,0.63408815,2018,-0.01551964,144939.84001895,21.74097600,0.35807490,0.00054352,,,,,0.56659798,0.29836269
VT TQQQ/cash t35 w0-60 QQQ:VOL_EWMA80 gate QQQ<SMA200,sens,sens_2014-07-03,2014-07-03,2019-07-03,false,true,"{""*"": 6, ""BTAL"": 6, ""DBMF"": 2.5, ""KMLM"": 6, ""QQQ"": 1, ""SPY"": 0.7, ""TQQQ"": 1.5}",0.03000000,tests/data/2026-08-20-net15,,0.35000000,0.60000000,QQQ<SMA200,0.01425554,0.23220346,0.01425946,0.23220346,82834.27414112,40000.00000000,42834.27414112,1.07085685,0.22306052,0.24001424,0.90573951,0.26035278,1.24669395,0.76920489,-0.28998843,555,2017,0.63408882,2016,0.02210196,127860.75476866,19.17911322,0.33563082,0.00047948,,,,,0.55239473,0.23449856
VT TQQQ/cash t35 w0-70 QQQ:VOL_EWMA80,sens,sens_2014-07-03,2014-07-03,2019-07-03,false,true,"{""*"": 6, ""BTAL"": 6, ""DBMF"": 2.5, ""KMLM"": 6, ""QQQ"": 1, ""SPY"": 0.7, ""TQQQ"": 1.5}",0.03000000,tests/data/2026-08-20-net15,,0.35000000,0.70000000,,0.00004786,0.00011034,0.00005160,0.00011336,92157.52078819,40000.00000000,52157.52078819,1.30393802,0.26116019,0.27646125,0.91914203,0.30328399,1.27036058,0.76251384,-0.34249895,,2017,0.74464648,2018,-0.01229041,180262.67867454,27.03940180,0.43202224,0.00067599,,,,,0.64223337,0.29835529
VT TQQQ/cash t35 w0-70 QQQ:VOL_EWMA80 gate QQQ<SMA200,sens,sens_2014-07-03,2014-07-03,2019-07-03,false,true,"{""*"": 6, ""BTAL"": 6, ""DBMF"": 2.5, ""KMLM"": 6, ""QQQ"": 1, ""SPY"": 0.7, ""TQQQ"": 1.5}",0.03000000,tests/data/2026-08-20-net15,,0.35000000,0.70000000,QQQ<SMA200,0.01475780,0.26309175,0.01476057,0.26309175,87100.62290677,40000.00000000,47100.62290677,1.17751557,0.23584206,0.25712453,0.86377476,0.29703752,1.18613275,0.72691615,-0.32444190,571,2017,0.74464422,2016,0.00515934,161951.10427214,24.29266564,0.41376430,0.00060732,,,,,0.62752440,0.23465361
VT TQQQ/cash t35 w0-80 QQQ:VOL_EWMA80,sens,sens_2014-07-03,2014-07-03,2019-07-03,false,true,"{""*"": 6, ""BTAL"": 6, ""DBMF"": 2.5, ""KMLM"": 6, ""QQQ"": 1, ""SPY"": 0.7, ""TQQQ"": 1.5}",0.03000000,tests/data/2026-08-20-net15,,0.35000000,0.80000000,,0.00004624,0.00014481,0.00005047,0.00014769,92623.93610977,40000.00000000,52623.93610977,1.31559840,0.25790819,0.27819679,0.85368137,0.33589569,1.17480124,0.70584588,-0.36538881,,2017,0.84554797,2018,-0.02506576,282457.08368443,42.36856255,0.67334748,0.00105921,,,,,0.70476578,0.29842230
VT TQQQ/cash t35 w0-80 QQQ:VOL_EWMA80 gate QQQ<SMA200,sens,sens_2014-07-03,2014-07-03,2019-07-03,false,true,"{""*"": 6, ""BTAL"": 6, ""DBMF"": 2.5, ""KMLM"": 6, ""QQQ"": 1, ""SPY"": 0.7, ""TQQQ"": 1.5}",0.03000000,tests/data/2026-08-20-net15,,0.35000000,0.80000000,QQQ<SMA200,0.01474725,0.26356848,0.01475396,0.26356848,87591.86750983,40000.00000000,47591.86750983,1.18979669,0.23264616,0.25904627,0.80106310,0.33024132,1.09647376,0.64665701,-0.35976747,574,2017,0.84552359,2015,-0.02106917,258670.21851953,38.80053278,0.65697709,0.00097001,,,,,0.69006228,0.23466585
VT TQQQ/cash t40 w0-50 QQQ:VOL_EWMA80,sens,sens_2014-07-03,2014-07-03,2019-07-03,false,true,"{""*"": 6, ""BTAL"": 6, ""DBMF"": 2.5, ""KMLM"": 6, ""QQQ"": 1, ""SPY"": 0.7, ""TQQQ"": 1.5}",0.03000000,tests/data/2026-08-20-net15,,0.40000000,0.50000000,,0.00004272,0.00011465,0.00004447,0.00011676,80011.18477892,40000.00000000,40011.18477892,1.00027962,0.22135229,0.22825232,0.97512955,0.23349586,1.35551104,0.69944323,-0.31646927,,2017,0.51686751,2018,-0.04685904,93705.92638435,14.05588896,0.24189613,0.00035140,,,,,0.48876428,0.34102059
VT TQQQ/cash t40 w0-50 QQQ:VOL_EWMA80 gate QQQ<SMA200,sens,sens_2014-07-03,2014-07-03,2019-07-03,false,true,"{""*"": 6, ""BTAL"": 6, ""DBMF"": 2.5, ""KMLM"": 6, ""QQQ"": 1, ""SPY"": 0.7, ""TQQQ"": 1.5}",0.03000000,tests/data/2026-08-20-net15,,0.40000000,0.50000000,QQQ<SMA200,0.01239376,0.18702573,0.01239516,0.18702573,77518.61656875,40000.00000000,37518.61656875,0.93796541,0.20556457,0.21755296,0.94482458,0.22516949,1.30536228,0.78524200,-0.26178499,308,2017,0.51686559,2018,0.00059808,74897.35014974,11.23460252,0.20210117,0.00028087,,,,,0.47641358,0.27158153
VT TQQQ/cash t40 w0-60 QQQ:VOL_EWMA80,sens,sens_2014-07-03,2014-07-03,2019-07-03,false,true,"{""*"": 6, ""BTAL"": 6, ""DBMF"": 2.5, ""KMLM"": 6, ""QQQ"": 1, ""SPY"": 0.7, ""TQQQ"": 1.5}",0.03000000,tests/data/2026-08-20-net15,,0.40000000,0.60000000,,0.00005074,0.00012743,0.00005475,0.00012808,87923.03823120,40000.00000000,47923.03823120,1.19807596,0.25048532,0.26033639,0.95745278,0.27302394,1.32887928,0.73367589,-0.34141141,,2017,0.63409662,2018,-0.04017662,132915.68002640,19.93735200,0.32455746,0.00049843,,,,,0.57522171,0.34105889
VT TQQQ/cash t40 w0-60 QQQ:VOL_EWMA80 gate QQQ<SMA200,sens,sens_2014-07-03,2014-07-03,2019-07-03,false,true,"{""*"": 6, ""BTAL"": 6, ""DBMF"": 2.5, ""KMLM"": 6, ""QQQ"": 1, ""SPY"": 0.7, ""TQQQ"": 1.5}",0.03000000,tests/data/2026-08-20-net15,,0.40000000,0.60000000,QQQ<SMA200,0.01463867,0.23144916,0.01464149,0.23144916,83863.49221221,40000.00000000,43863.49221221,1.09658731,0.22851157,0.24421295,0.91122263,0.26502793,1.25585653,0.78105302,-0.29256858,550,2017,0.63410646,2018,0.00982733,114729.71174557,17.20945676,0.29687261,0.00043024,,,,,0.56063497,0.27185522
VT TQQQ/cash t40 w0-70 QQQ:VOL_EWMA80,sens,sens_2014-07-03,2014-07-03,2019-07-03,false,false,"{""*"": 6, ""BTAL"": 6, ""DBMF"": 2.5, ""KMLM"": 6, ""QQQ"": 1, ""SPY"": 0.7, ""TQQQ"": 1.5}",0.03000000,tests/data/2026-08-20-net15,,0.40000000,0.70000000,,0.00004274,0.00011236,0.00004467,0.00011384,96050.47397131,40000.00000000,56050.47397131,1.40126185,0.27759468,0.29071406,0.94288338,0.31238827,1.30740191,0.76303197,-0.36380479,,2017,0.75872481,2018,-0.02903672,172766.21903953,25.91493286,0.40024129,0.00064787,,,,,0.65926972,0.34106864
VT TQQQ/cash t40 w0-70 QQQ:VOL_EWMA80 gate QQQ<SMA200,sens,sens_2014-07-03,2014-07-03,2019-07-03,false,true,"{""*"": 6, ""BTAL"": 6, ""DBMF"": 2.5, ""KMLM"": 6, ""QQQ"": 1, ""SPY"": 0.7, ""TQQQ"": 1.5}",0.03000000,tests/data/2026-08-20-net15,,0.40000000,0.70000000,QQQ<SMA200,0.01626896,0.27838283,0.01627044,0.27838283,90514.11101714,40000.00000000,50514.11101714,1.26285278,0.25058430,0.27028315,0.88871176,0.30467195,1.22333274,0.75041164,-0.33392912,568,2017,0.75870932,2016,0.01425909,150737.99384913,22.61069908,0.37431280,0.00056527,,,,,0.64304394,0.27211218
VT TQQQ/cash t40 w0-80 QQQ:VOL_EWMA80,sens,sens_2014-07-03,2014-07-03,2019-07-03,false,false,"{""*"": 6, ""BTAL"": 6, ""DBMF"": 2.5, ""KMLM"": 6, ""QQQ"": 1, ""SPY"": 0.7, ""TQQQ"": 1.5}",0.03000000,tests/data/2026-08-20-net15,,0.40000000,0.80000000,,0.00004817,0.00012409,0.00005280,0.00012970,100468.81436586,40000.00000000,60468.81436586,1.51172036,0.28905086,0.30628245,0.90509719,0.34879393,1.25143346,0.74870692,-0.38606676,,2017,0.87398243,2018,-0.02822024,216746.29147666,32.51194372,0.48921807,0.00081280,,,,,0.73398716,0.34107080
VT TQQQ/cash t40 w0-80 QQQ:VOL_EWMA80 gate QQQ<SMA200,sens,sens_2014-07-03,2014-07-03,2019-07-03,false,true,"{""*"": 6, ""BTAL"": 6, ""DBMF"": 2.5, ""KMLM"": 6, ""QQQ"": 1, ""SPY"": 0.7, ""TQQQ"": 1.5}",0.03000000,tests/data/2026-08-20-net15,,0.40000000,0.80000000,QQQ<SMA200,0.01657816,0.29935110,0.01658017,0.29935110,94475.27743277,40000.00000000,54475.27743277,1.36188194,0.26089715,0.28500991,0.85193095,0.34174556,1.17058879,0.71065781,-0.36712063,574,2017,0.87399154,2016,-0.00179142,192575.25677886,28.88628852,0.46678877,0.00072216,,,,,0.71745980,0.27225449
50/50,sens,sens_2014-07-03,2014-07-03,2019-07-03,true,true,"{""*"": 6, ""BTAL"": 6, ""DBMF"": 2.5, ""KMLM"": 6, ""QQQ"": 1, ""SPY"": 0.7, ""TQQQ"": 1.5}",0.03000000,tests/data/2026-08-20-net15,,,,,0.00037720,0.00130366,0.00034134,0.00132826,84991.66826789,40000.00000000,44991.66826789,1.12479171,0.23820675,0.24876264,1.06141272,0.22574024,1.49312023,0.85269757,-0.27935667,230,2017,0.47756569,2018,0.01295492,164848.39858411,63.12900764,0.42619786,0.00157823,0.49966236,0.49867174,,,0.49994562,0.49986630
TQQQ50/BTAL50 gate QQQ<SMA200,sens,sens_2014-07-03,2014-07-03,2019-07-03,true,true,"{""*"": 6, ""BTAL"": 6, ""DBMF"": 2.5, ""KMLM"": 6, ""QQQ"": 1, ""SPY"": 0.7, ""TQQQ"": 1.5}",0.03000000,tests/data/2026-08-20-net15,,,,,0.01568021,0.18652368,0.01565067,0.18652619,80070.30832089,40000.00000000,40070.30832089,1.00175771,0.21769233,0.22850244,1.03139342,0.21346734,1.44050612,0.91776870,-0.23719738,237,2017,0.47757686,2016,0.04474191,131425.41660478,51.62204073,0.35277987,0.00129055,0.51502239,0.49867174,,,0.48458480,0.31347381
SPY benchmark,sens,sens_2014-07-03,2014-07-03,2019-07-03,true,true,"{""*"": 6, ""BTAL"": 6, ""DBMF"": 2.5, ""KMLM"": 6, ""QQQ"": 1, ""SPY"": 0.7, ""TQQQ"": 1.5}",0.03000000,tests/data/2026-08-20-net15,,,,,0.00437642,0.01525139,0.00437770,0.01525306,56955.48498840,40000.00000000,16955.48498840,0.42388712,0.10378685,0.11493801,0.80901358,0.13324510,1.13249979,0.53398664,-0.19436226,204,2017,0.21277693,2018,-0.04797647,39764.95617225,2.78354693,0.13182634,0.00006959,,,0.99562230,0.98474694,,
VT TQQQ/BTAL t25 w0-50 QQQ:VOL_EWMA80,sens,sens_2015-01-05,2015-01-05,2020-01-03,false,true,"{""*"": 6, ""BTAL"": 6, ""DBMF"": 2.5, ""KMLM"": 6, ""QQQ"": 1, ""SPY"": 0.7, ""TQQQ"": 1.5}",0.03000000,tests/data/2026-08-20-net15,BTAL,0.25000000,0.50000000,,0.00037435,0.00146385,0.00033458,0.00131760,82770.73564792,40000.00000000,42770.73564792,1.06926839,0.21986700,0.23971762,1.10939743,0.19678776,1.54790484,1.08965431,-0.20177684,235,2017,0.46833713,2020,0.01389779,241401.99957703,92.76357157,0.65387475,0.00231909,0.54202572,0.49868240,,,0.45757707,0.21307156
VT TQQQ/BTAL t25 w0-50 QQQ:VOL_EWMA80 gate QQQ<SMA200,sens,sens_2015-01-05,2015-01-05,2020-01-03,false,true,"{""*"": 6, ""BTAL"": 6, ""DBMF"": 2.5, ""KMLM"": 6, ""QQQ"": 1, ""SPY"": 0.7, ""TQQQ"": 1.5}",0.03000000,tests/data/2026-08-20-net15,BTAL,0.25000000,0.50000000,QQQ<SMA200,0.01126911,0.18997679,0.01123003,0.18998588,79002.96255362,40000.00000000,39002.96255362,0.97507406,0.19630739,0.22392375,1.02381770,0.19355259,1.42186968,1.16286429,-0.16881367,577,2017,0.46838066,2016,-0.02649731,227978.22705563,88.55831141,0.65125083,0.00221396,0.55293446,0.49868240,,,0.44665012,0.15769545
VT TQQQ/BTAL t25 w0-60 QQQ:VOL_EWMA80,sens,sens_2015-01-05,2015-01-05,2020-01-03,false,true,"{""*"": 6, ""BTAL"": 6, ""DBMF"": 2.5, ""KMLM"": 6, ""QQQ"": 1, ""SPY"": 0.7, ""TQQQ"": 1.5}",0.03000000,tests/data/2026-08-20-net15,BTAL,0.25000000,0.60000000,,0.00039791,0.00174893,0.00037595,0.00175011,85041.66536151,40000.00000000,45041.66536151,1.12604163,0.22391190,0.24892823,1.00009681,0.22839472,1.38100723,0.96424477,-0.23221480,240,2017,0.56050098,2020,0.01532506,378424.91654710,142.77547543,1.01140499,0.00356939,0.48063190,0.39897628,,,0.51893610,0.21304483
VT TQQQ/BTAL t25 w0-60 QQQ:VOL_EWMA80 gate QQQ<SMA200,sens,sens_2015-01-05,2015-01-05,2020-01-03,false,true,"{""*"": 6, ""BTAL"": 6, ""DBMF"": 2.5, ""KMLM"": 6, ""QQQ"": 1, ""SPY"": 0.7, ""TQQQ"": 1.5}",0.03000000,tests/data/2026-08-20-net15,BTAL,0.25000000,0.60000000,QQQ<SMA200,0.01137423,0.19023290,0.01135910,0.19024234,81153.76676671,40000.00000000,41153.76676671,1.02884417,0.20011037,0.23302032,0.92269704,0.22554692,1.26935295,0.92700421,-0.21586781,578,2017,0.56055824,2016,-0.02080636,358502.15946444,136.25280604,1.01054391,0.00340632,0.49156516,0.39916266,,,0.50796080,0.15777139
VT TQQQ/BTAL t25 w0-70 QQQ:VOL_EWMA80,sens,sens_2015-01-05,2015-01-05,2020-01-03,false,true,"{""*"": 6, ""BTAL"": 6, ""DBMF"": 2.5, ""KMLM"": 6, ""QQQ"": 1, ""SPY"": 0.7, ""TQQQ"": 1.5}",0.03000000,tests/data/2026-08-20-net15,BTAL,0.25000000,0.70000000,,0.00039335,0.00174893,0.00038369,0.00175011,86041.63378265,40000.00000000,46041.63378265,1.15104084,0.22393342,0.25291435,0.91787902,0.25634995,1.25831411,0.85282818,-0.26257742,432,2017,0.65175868,2020,0.01675074,580051.45524590,217.94004813,1.53635262,0.00544850,0.43275996,0.29884668,,,0.56679695,0.21312398
VT TQQQ/BTAL t25 w0-70 QQQ:VOL_EWMA80 gate QQQ<SMA200,sens,sens_2015-01-05,2015-01-05,2020-01-03,false,true,"{""*"": 6, ""BTAL"": 6, ""DBMF"": 2.5, ""KMLM"": 6, ""QQQ"": 1, ""SPY"": 0.7, ""TQQQ"": 1.5}",0.03000000,tests/data/2026-08-20-net15,BTAL,0.25000000,0.70000000,QQQ<SMA200,0.01083979,0.19060813,0.01083598,0.19061793,82305.77312121,40000.00000000,42305.77312121,1.05764433,0.20108479,0.23780391,0.84965961,0.25403340,1.16171007,0.78436227,-0.25636724,576,2017,0.65183465,2015,-0.02978629,551296.28380293,208.05276990,1.53603022,0.00520132,0.44312451,0.29884668,,,0.55638091,0.15780056
VT TQQQ/BTAL t25 w0-80 QQQ:VOL_EWMA80,sens,sens_2015-01-05,2015-01-05,2020-01-03,false,true,"{""*"": 6, ""BTAL"": 6, ""DBMF"": 2.5, ""KMLM"": 6, ""QQQ"": 1, ""SPY"": 0.7, ""TQQQ"": 1.5}",0.03000000,tests/data/2026-08-20-net15,BTAL,0.25000000,0.80000000,,0.00043882,0.00174893,0.00044168,0.00175011,87326.23614894,40000.00000000,47326.23614894,1.18315590,0.22740849,0.25797477,0.87566401,0.27896116,1.19632706,0.77678119,-0.29275746,455,2017,0.74653312,2015,-0.01121629,796206.20595825,298.61874261,2.06004416,0.00746547,0.39578686,0.19899002,,,0.60370864,0.21305645
VT TQQQ/BTAL t25 w0-80 QQQ:VOL_EWMA80 gate QQQ<SMA200,sens,sens_2015-01-05,2015-01-05,2020-01-03,false,true,"{""*"": 6, ""BTAL"": 6, ""DBMF"": 2.5, ""KMLM"": 6, ""QQQ"": 1, ""SPY"": 0.7, ""TQQQ"": 1.5}",0.03000000,tests/data/2026-08-20-net15,BTAL,0.25000000,0.80000000,QQQ<SMA200,0.01082258,0.19084803,0.01082798,0.19085811,83503.80212414,40000.00000000,43503.80212414,1.08759505,0.20443963,0.24271532,0.81194284,0.27683373,1.10676216,0.73344091,-0.27874042,574,2017,0.74654399,2015,-0.06431469,756178.73600483,284.52319257,2.05852672,0.00711308,0.40621401,0.19899002,,,0.59328258,0.15789700
VT TQQQ/BTAL t30 w0-50 QQQ:VOL_EWMA80,sens,sens_2015-01-05,2015-01-05,2020-01-03,false,true,"{""*"": 6, ""BTAL"": 6, ""DBMF"": 2.5, ""KMLM"": 6, ""QQQ"": 1, ""SPY"": 0.7, ""TQQQ"": 1.5}",0.03000000,tests/data/2026-08-20-net15,BTAL,0.30000000,0.50000000,,0.00036442,0.00107678,0.00033108,0.00098231,85784.50375488,40000.00000000,45784.50375488,1.14461259,0.23522566,0.25189334,1.13707189,0.20434934,1.59149783,1.03290949,-0.22773115,237,2019,0.48827180,2020,0.01389776,222559.50029928,85.33349018,0.58472751,0.00213334,0.52616124,0.49901769,,,0.47345356,0.25572063
VT TQQQ/BTAL t30 w0-50 QQQ:VOL_EWMA80 gate QQQ<SMA200,sens,sens_2015-01-05,2015-01-05,2020-01-03,false,true,"{""*"": 6, ""BTAL"": 6, ""DBMF"": 2.5, ""KMLM"": 6, ""QQQ"": 1, ""SPY"": 0.7, ""TQQQ"": 1.5}",0.03000000,tests/data/2026-08-20-net15,BTAL,0.30000000,0.50000000,QQQ<SMA200,0.01260722,0.18635842,0.01257037,0.18636743,81679.18576991,40000.00000000,41679.18576991,1.04197964,0.21001830,0.23520957,1.05653428,0.19945721,1.47009581,1.17645677,-0.17851765,237,2017,0.47749765,2016,-0.01111260,203665.64699321,79.02875061,0.56662510,0.00197572,0.53836057,0.49897861,,,0.46122666,0.19214811
VT TQQQ/BTAL t30 w0-60 QQQ:VOL_EWMA80,sens,sens_2015-01-05,2015-01-05,2020-01-03,false,true,"{""*"": 6, ""BTAL"": 6, ""DBMF"": 2.5, ""KMLM"": 6, ""QQQ"": 1, ""SPY"": 0.7, ""TQQQ"": 1.5}",0.03000000,tests/data/2026-08-20-net15,BTAL,0.30000000,0.60000000,,0.00040312,0.00144877,0.00036908,0.00142328,92334.30108306,40000.00000000,52334.30108306,1.30835753,0.25404021,0.27708949,1.06096796,0.24104180,1.47449193,0.98666105,-0.25747465,307,2017,0.58809825,2020,0.01532406,292908.29374108,111.12939411,0.74259185,0.00277823,0.45045825,0.39894059,,,0.54911325,0.25571890
VT TQQQ/BTAL t30 w0-60 QQQ:VOL_EWMA80 gate QQQ<SMA200,sens,sens_2015-01-05,2015-01-05,2020-01-03,false,true,"{""*"": 6, ""BTAL"": 6, ""DBMF"": 2.5, ""KMLM"": 6, ""QQQ"": 1, ""SPY"": 0.7, ""TQQQ"": 1.5}",0.03000000,tests/data/2026-08-20-net15,BTAL,0.30000000,0.60000000,QQQ<SMA200,0.01334294,0.22721668,0.01331546,0.22722609,87472.75547344,40000.00000000,47472.75547344,1.18681889,0.22620539,0.25854772,0.98153045,0.23657060,1.35654155,0.98699296,-0.22918643,578,2017,0.58815351,2016,-0.02749456,272369.37558257,104.33647985,0.73483760,0.00260841,0.46338706,0.39894059,,,0.53616892,0.19228394
VT TQQQ/BTAL t30 w0-70 QQQ:VOL_EWMA80,sens,sens_2015-01-05,2015-01-05,2020-01-03,false,true,"{""*"": 6, ""BTAL"": 6, ""DBMF"": 2.5, ""KMLM"": 6, ""QQQ"": 1, ""SPY"": 0.7, ""TQQQ"": 1.5}",0.03000000,tests/data/2026-08-20-net15,BTAL,0.30000000,0.70000000,,0.00037534,0.00121670,0.00036279,0.00119727,94632.06572838,40000.00000000,54632.06572838,1.36580164,0.25711022,0.28555252,0.97144608,0.27487479,1.33897178,0.89637515,-0.28683327,320,2017,0.68670042,2020,0.01674860,449074.39840116,168.86368240,1.12438836,0.00422159,0.38813917,0.29883724,,,0.61144801,0.25574402
VT TQQQ/BTAL t30 w0-70 QQQ:VOL_EWMA80 gate QQQ<SMA200,sens,sens_2015-01-05,2015-01-05,2020-01-03,false,true,"{""*"": 6, ""BTAL"": 6, ""DBMF"": 2.5, ""KMLM"": 6, ""QQQ"": 1, ""SPY"": 0.7, ""TQQQ"": 1.5}",0.03000000,tests/data/2026-08-20-net15,BTAL,0.30000000,0.70000000,QQQ<SMA200,0.01336537,0.22765839,0.01334473,0.22766778,89652.42604919,40000.00000000,49652.42604919,1.24131065,0.22909508,0.26697158,0.89841252,0.27090119,1.23274210,0.82358923,-0.27816668,578,2017,0.68666803,2016,-0.02231127,419074.42995041,158.46094082,1.11647109,0.00396152,0.40105985,0.29883724,,,0.59845402,0.19234911
VT TQQQ/BTAL t30 w0-80 QQQ:VOL_EWMA80,sens,sens_2015-01-05,2015-01-05,2020-01-03,false,true,"{""*"": 6, ""BTAL"": 6, ""DBMF"": 2.5, ""KMLM"": 6, ""QQQ"": 1, ""SPY"": 0.7, ""TQQQ"": 1.5}",0.03000000,tests/data/2026-08-20-net15,BTAL,0.30000000,0.80000000,,0.00047560,0.00146516,0.00046001,0.00133864,95161.00561024,40000.00000000,55161.00561024,1.37902514,0.25464827,0.28747483,0.89596185,0.30615299,1.22692767,0.80583754,-0.31600448,443,2017,0.78541619,2020,0.01817607,660959.15755322,247.39266574,1.64603646,0.00618482,0.33640537,0.19920573,,,0.66306593,0.25576533
VT TQQQ/BTAL t30 w0-80 QQQ:VOL_EWMA80 gate QQQ<SMA200,sens,sens_2015-01-05,2015-01-05,2020-01-03,false,true,"{""*"": 6, ""BTAL"": 6, ""DBMF"": 2.5, ""KMLM"": 6, ""QQQ"": 1, ""SPY"": 0.7, ""TQQQ"": 1.5}",0.03000000,tests/data/2026-08-20-net15,BTAL,0.30000000,0.80000000,QQQ<SMA200,0.01319950,0.22804955,0.01318783,0.22805972,90260.45794776,40000.00000000,50260.45794776,1.25651145,0.22701185,0.26928889,0.82918481,0.30262176,1.13136504,0.70182265,-0.32346042,578,2017,0.78539129,2015,-0.03362200,619507.86520745,232.66870570,1.63946461,0.00581672,0.34926548,0.19920740,,,0.65025347,0.19242505
VT TQQQ/BTAL t35 w0-50 QQQ:VOL_EWMA80,sens,sens_2015-01-05,2015-01-05,2020-01-03,false,true,"{""*"": 6, ""BTAL"": 6, ""DBMF"": 2.5, ""KMLM"": 6, ""QQQ"": 1, ""SPY"": 0.7, ""TQQQ"": 1.5}",0.03000000,tests/data/2026-08-20-net15,BTAL,0.35000000,0.50000000,,0.00035336,0.00107678,0.00031889,0.00099188,86849.62577440,40000.00000000,46849.62577440,1.17124064,0.24162375,0.25610507,1.13969501,0.20932156,1.59587105,0.95295899,-0.25355105,237,2019,0.51820822,2020,0.01389815,207590.73122258,80.30746272,0.53718767,0.00200769,0.51763150,0.49900812,,,0.48199615,0.29836267
VT TQQQ/BTAL t35 w0-50 QQQ:VOL_EWMA80 gate QQQ<SMA200,sens,sens_2015-01-05,2015-01-05,2020-01-03,false,true,"{""*"": 6, ""BTAL"": 6, ""DBMF"": 2.5, ""KMLM"": 6, ""QQQ"": 1, ""SPY"": 0.7, ""TQQQ"": 1.5}",0.03000000,tests/data/2026-08-20-net15,BTAL,0.35000000,0.50000000,QQQ<SMA200,0.01305682,0.20333863,0.01302380,0.20334139,83057.88853436,40000.00000000,43057.88853436,1.07644721,0.21782702,0.24089469,1.07397442,0.20285159,1.49524568,1.10906992,-0.19640513,237,2017,0.47752754,2016,0.01284540,183144.76748295,71.49907287,0.50043391,0.00178748,0.53026402,0.49898746,,,0.46931491,0.22766565
VT TQQQ/BTAL t35 w0-60 QQQ:VOL_EWMA80,sens,sens_2015-01-05,2015-01-05,2020-01-03,false,true,"{""*"": 6, ""BTAL"": 6, ""DBMF"": 2.5, ""KMLM"": 6, ""QQQ"": 1, ""SPY"": 0.7, ""TQQQ"": 1.5}",0.03000000,tests/data/2026-08-20-net15,BTAL,0.35000000,0.60000000,,0.00037391,0.00125915,0.00033742,0.00114049,96048.18455405,40000.00000000,56048.18455405,1.40120461,0.27092576,0.29067790,1.08663557,0.24960825,1.51540233,0.95922592,-0.28244208,307,2017,0.59995881,2020,0.01532374,266786.13532315,101.49831323,0.65443985,0.00253746,0.43366373,0.39885951,,,0.56593928,0.29836535
VT TQQQ/BTAL t35 w0-60 QQQ:VOL_EWMA80 gate QQQ<SMA200,sens,sens_2015-01-05,2015-01-05,2020-01-03,false,true,"{""*"": 6, ""BTAL"": 6, ""DBMF"": 2.5, ""KMLM"": 6, ""QQQ"": 1, ""SPY"": 0.7, ""TQQQ"": 1.5}",0.03000000,tests/data/2026-08-20-net15,BTAL,0.35000000,0.60000000,QQQ<SMA200,0.01470305,0.23323302,0.01466961,0.23324236,90751.39999033,40000.00000000,50751.39999033,1.26878500,0.24125405,0.27114983,1.01092026,0.24339894,1.40019474,1.03107603,-0.23398279,574,2017,0.59993591,2016,-0.01434266,239841.55137280,92.06847276,0.62901716,0.00230171,0.44802868,0.39885951,,,0.55156368,0.22789517
VT TQQQ/BTAL t35 w0-70 QQQ:VOL_EWMA80,sens,sens_2015-01-05,2015-01-05,2020-01-03,false,true,"{""*"": 6, ""BTAL"": 6, ""DBMF"": 2.5, ""KMLM"": 6, ""QQQ"": 1, ""SPY"": 0.7, ""TQQQ"": 1.5}",0.03000000,tests/data/2026-08-20-net15,BTAL,0.35000000,0.70000000,,0.00036904,0.00112791,0.00034185,0.00117307,102271.06321402,40000.00000000,62271.06321402,1.55677658,0.28604174,0.31243618,1.01900093,0.28805383,1.41218957,0.91979021,-0.31098585,315,2017,0.71610672,2020,0.01675062,347051.55894088,130.51290617,0.82613258,0.00326282,0.35896215,0.29882693,,,0.64064077,0.29838804
VT TQQQ/BTAL t35 w0-70 QQQ:VOL_EWMA80 gate QQQ<SMA200,sens,sens_2015-01-05,2015-01-05,2020-01-03,false,true,"{""*"": 6, ""BTAL"": 6, ""DBMF"": 2.5, ""KMLM"": 6, ""QQQ"": 1, ""SPY"": 0.7, ""TQQQ"": 1.5}",0.03000000,tests/data/2026-08-20-net15,BTAL,0.35000000,0.70000000,QQQ<SMA200,0.01525446,0.26431133,0.01522888,0.26432110,96280.55156584,40000.00000000,56280.55156584,1.40701379,0.25430371,0.29151251,0.94508213,0.28241693,1.30187663,0.87346499,-0.29114357,578,2017,0.71614163,2016,-0.03017418,317012.34271376,120.08322961,0.80960730,0.00300208,0.37384041,0.29882693,,,0.62573307,0.22808116
VT TQQQ/BTAL t35 w0-80 QQQ:VOL_EWMA80,sens,sens_2015-01-05,2015-01-05,2020-01-03,false,true,"{""*"": 6, ""BTAL"": 6, ""DBMF"": 2.5, ""KMLM"": 6, ""QQQ"": 1, ""SPY"": 0.7, ""TQQQ"": 1.5}",0.03000000,tests/data/2026-08-20-net15,BTAL,0.35000000,0.80000000,,0.00032645,0.00125948,0.00031633,0.00133447,104511.59719419,40000.00000000,64511.59719419,1.61278993,0.28795620,0.31998443,0.94563733,0.32368454,1.30203606,0.84887019,-0.33922289,429,2017,0.82136555,2020,0.01817574,528346.01807611,197.71477304,1.24363847,0.00494287,0.29583023,0.19921217,,,0.70380217,0.29836065
VT TQQQ/BTAL t35 w0-80 QQQ:VOL_EWMA80 gate QQQ<SMA200,sens,sens_2015-01-05,2015-01-05,2020-01-03,false,true,"{""*"": 6, ""BTAL"": 6, ""DBMF"": 2.5, ""KMLM"": 6, ""QQQ"": 1, ""SPY"": 0.7, ""TQQQ"": 1.5}",0.03000000,tests/data/2026-08-20-net15,BTAL,0.35000000,0.80000000,QQQ<SMA200,0.01529490,0.26471925,0.01527531,0.26472941,98407.68041949,40000.00000000,58407.68041949,1.46019201,0.25605211,0.29907076,0.87674495,0.31862987,1.20122136,0.75814114,-0.33773673,582,2017,0.82134915,2016,-0.02571931,486843.92181098,183.03092202,1.22908040,0.00457577,0.31070501,0.19898423,,,0.68886100,0.22807237
VT TQQQ/BTAL t40 w0-50 QQQ:VOL_EWMA80,sens,sens_2015-01-05,2015-01-05,2020-01-03,false,true,"{""*"": 6, ""BTAL"": 6, ""DBMF"": 2.5, ""KMLM"": 6, ""QQQ"": 1, ""SPY"": 0.7, ""TQQQ"": 1.5}",0.03000000,tests/data/2026-08-20-net15,BTAL,0.40000000,0.50000000,,0.00037008,0.00107678,0.00033133,0.00108082,87526.13704785,40000.00000000,47526.13704785,1.18815343,0.24601066,0.25875626,1.13440422,0.21435203,1.58871965,0.88950100,-0.27657154,240,2019,0.54004531,2020,0.01389814,192686.26638275,74.70903215,0.49277623,0.00186773,0.51086673,0.49891918,,,0.48874571,0.34100472
VT TQQQ/BTAL t40 w0-50 QQQ:VOL_EWMA80 gate QQQ<SMA200,sens,sens_2015-01-05,2015-01-05,2020-01-03,false,true,"{""*"": 6, ""BTAL"": 6, ""DBMF"": 2.5, ""KMLM"": 6, ""QQQ"": 1, ""SPY"": 0.7, ""TQQQ"": 1.5}",0.03000000,tests/data/2026-08-20-net15,BTAL,0.40000000,0.50000000,QQQ<SMA200,0.01358201,0.19682570,0.01355562,0.19683596,84283.13414159,40000.00000000,44283.13414159,1.10707835,0.22445490,0.24587647,1.08698905,0.20601869,1.51412837,1.04764015,-0.21424809,237,2019,0.47960828,2020,0.01389897,161152.54352125,63.43023045,0.43357578,0.00158576,0.52411861,0.49902819,,,0.47550284,0.26427308
VT TQQQ/BTAL t40 w0-60 QQQ:VOL_EWMA80,sens,sens_2015-01-05,2015-01-05,2020-01-03,false,true,"{""*"": 6, ""BTAL"": 6, ""DBMF"": 2.5, ""KMLM"": 6, ""QQQ"": 1, ""SPY"": 0.7, ""TQQQ"": 1.5}",0.03000000,tests/data/2026-08-20-net15,BTAL,0.40000000,0.60000000,,0.00038451,0.00125915,0.00035192,0.00114049,97053.42533870,40000.00000000,57053.42533870,1.42633563,0.27671474,0.29427568,1.08573305,0.25534330,1.51502753,0.90086338,-0.30716615,307,2019,0.61911973,2020,0.01532336,249863.12704991,95.25920784,0.60468233,0.00238148,0.42437902,0.39885951,,,0.57521558,0.34106452
VT TQQQ/BTAL t40 w0-60 QQQ:VOL_EWMA80 gate QQQ<SMA200,sens,sens_2015-01-05,2015-01-05,2020-01-03,false,true,"{""*"": 6, ""BTAL"": 6, ""DBMF"": 2.5, ""KMLM"": 6, ""QQQ"": 1, ""SPY"": 0.7, ""TQQQ"": 1.5}",0.03000000,tests/data/2026-08-20-net15,BTAL,0.40000000,0.60000000,QQQ<SMA200,0.01513184,0.23043268,0.01509661,0.23043538,92183.88993701,40000.00000000,52183.88993701,1.30459725,0.24875629,0.27652900,1.02213529,0.24765612,1.41678602,1.01667956,-0.24467522,239,2017,0.59995960,2016,0.00923096,220536.90706240,84.77574451,0.56876237,0.00211939,0.43915370,0.39885951,,,0.56043225,0.26455151
VT TQQQ/BTAL t40 w0-70 QQQ:VOL_EWMA80,sens,sens_2015-01-05,2015-01-05,2020-01-03,false,true,"{""*"": 6, ""BTAL"": 6, ""DBMF"": 2.5, ""KMLM"": 6, ""QQQ"": 1, ""SPY"": 0.7, ""TQQQ"": 1.5}",0.03000000,tests/data/2026-08-20-net15,BTAL,0.40000000,0.70000000,,0.00034896,0.00118866,0.00032414,0.00117307,106639.00800905,40000.00000000,66639.00800905,1.66597520,0.30410438,0.32702071,1.04315660,0.29739747,1.45062326,0.90812352,-0.33487116,315,2017,0.73089291,2020,0.01674953,314378.90803019,118.77134922,0.72288044,0.00296928,0.34134811,0.29882693,,,0.65827757,0.34103353
VT TQQQ/BTAL t40 w0-70 QQQ:VOL_EWMA80 gate QQQ<SMA200,sens,sens_2015-01-05,2015-01-05,2020-01-03,false,true,"{""*"": 6, ""BTAL"": 6, ""DBMF"": 2.5, ""KMLM"": 6, ""QQQ"": 1, ""SPY"": 0.7, ""TQQQ"": 1.5}",0.03000000,tests/data/2026-08-20-net15,BTAL,0.40000000,0.70000000,QQQ<SMA200,0.01678977,0.27989869,0.01676027,0.27990839,100086.35624849,40000.00000000,60086.35624849,1.50215891,0.27024041,0.30493413,0.97152100,0.28998058,1.34118484,0.92105341,-0.29340362,576,2017,0.73089182,2016,-0.01956214,278488.69414262,105.94621656,0.69070408,0.00264866,0.35777801,0.29882693,,,0.64182014,0.26480061
VT TQQQ/BTAL t40 w0-80 QQQ:VOL_EWMA80,sens,sens_2015-01-05,2015-01-05,2020-01-03,false,true,"{""*"": 6, ""BTAL"": 6, ""DBMF"": 2.5, ""KMLM"": 6, ""QQQ"": 1, ""SPY"": 0.7, ""TQQQ"": 1.5}",0.03000000,tests/data/2026-08-20-net15,BTAL,0.40000000,0.80000000,,0.00040102,0.00128682,0.00038087,0.00136798,112420.30639032,40000.00000000,72420.30639032,1.81050766,0.31565217,0.34553653,0.98434529,0.33712661,1.36151254,0.87112925,-0.36234827,329,2017,0.85290743,2018,0.01410755,405915.15398397,151.34783460,0.91040106,0.00378370,0.26739028,0.19863202,,,0.73217762,0.34107620
VT TQQQ/BTAL t40 w0-80 QQQ:VOL_EWMA80 gate QQQ<SMA200,sens,sens_2015-01-05,2015-01-05,2020-01-03,false,true,"{""*"": 6, ""BTAL"": 6, ""DBMF"": 2.5, ""KMLM"": 6, ""QQQ"": 1, ""SPY"": 0.7, ""TQQQ"": 1.5}",0.03000000,tests/data/2026-08-20-net15,BTAL,0.40000000,0.80000000,QQQ<SMA200,0.01718788,0.30118247,0.01716585,0.30119263,105279.23328705,40000.00000000,65279.23328705,1.63198083,0.28029509,0.32253777,0.91506403,0.33040400,1.25782922,0.79982803,-0.35044419,582,2017,0.85289988,2016,-0.03487483,365279.70932218,136.94228350,0.88548004,0.00342356,0.28417349,0.19863202,,,0.71536247,0.26496315
VT TQQQ/cash t25 w0-50 QQQ:VOL_EWMA80,sens,sens_2015-01-05,2015-01-05,2020-01-03,false,true,"{""*"": 6, ""BTAL"": 6, ""DBMF"": 2.5, ""KMLM"": 6, ""QQQ"": 1, ""SPY"": 0.7, ""TQQQ"": 1.5}",0.03000000,tests/data/2026-08-20-net15,,0.25000000,0.50000000,,0.00005674,0.00016082,0.00006109,0.00016381,81797.30388272,40000.00000000,41797.30388272,1.04493260,0.21702566,0.23570000,1.01860092,0.21596739,1.40633673,0.86663267,-0.25042405,315,2017,0.50799471,2020,0.01063324,118513.81875208,17.77707281,0.31798844,0.00044443,,,,,0.45758590,0.21307716
VT TQQQ/cash t25 w0-50 QQQ:VOL_EWMA80 gate QQQ<SMA200,sens,sens_2015-01-05,2015-01-05,2020-01-03,false,true,"{""*"": 6, ""BTAL"": 6, ""DBMF"": 2.5, ""KMLM"": 6, ""QQQ"": 1, ""SPY"": 0.7, ""TQQQ"": 1.5}",0.03000000,tests/data/2026-08-20-net15,,0.25000000,0.50000000,QQQ<SMA200,0.01102718,0.19124200,0.01103085,0.19124200,78759.39387745,40000.00000000,38759.39387745,0.96898485,0.19755654,0.22287961,0.95974108,0.21137383,1.31592409,0.83482147,-0.23664526,556,2017,0.50797040,2020,0.01063519,110114.72377651,16.51720857,0.30907037,0.00041293,,,,,0.44661614,0.16221828
VT TQQQ/cash t25 w0-60 QQQ:VOL_EWMA80,sens,sens_2015-01-05,2015-01-05,2020-01-03,false,true,"{""*"": 6, ""BTAL"": 6, ""DBMF"": 2.5, ""KMLM"": 6, ""QQQ"": 1, ""SPY"": 0.7, ""TQQQ"": 1.5}",0.03000000,tests/data/2026-08-20-net15,,0.25000000,0.60000000,,0.00004886,0.00011654,0.00005460,0.00015726,84959.18410978,40000.00000000,44959.18410978,1.12397960,0.22387266,0.24859757,0.94377896,0.24664946,1.29385257,0.81411167,-0.27499011,329,2017,0.59758786,2018,0.00128373,195668.86361155,29.35032954,0.51712535,0.00073376,,,,,0.51894581,0.21316668
VT TQQQ/cash t25 w0-60 QQQ:VOL_EWMA80 gate QQQ<SMA200,sens,sens_2015-01-05,2015-01-05,2020-01-03,false,true,"{""*"": 6, ""BTAL"": 6, ""DBMF"": 2.5, ""KMLM"": 6, ""QQQ"": 1, ""SPY"": 0.7, ""TQQQ"": 1.5}",0.03000000,tests/data/2026-08-20-net15,,0.25000000,0.60000000,QQQ<SMA200,0.01106599,0.19144429,0.01107155,0.19144429,81797.43590759,40000.00000000,41797.43590759,1.04493590,0.20419982,0.23570054,0.88865679,0.24257842,1.21155456,0.75153957,-0.27170867,570,2017,0.59755327,2020,0.01271234,184063.36693662,27.60950504,0.50883994,0.00069024,,,,,0.50792885,0.16228283
VT TQQQ/cash t25 w0-70 QQQ:VOL_EWMA80,sens,sens_2015-01-05,2015-01-05,2020-01-03,false,true,"{""*"": 6, ""BTAL"": 6, ""DBMF"": 2.5, ""KMLM"": 6, ""QQQ"": 1, ""SPY"": 0.7, ""TQQQ"": 1.5}",0.03000000,tests/data/2026-08-20-net15,,0.25000000,0.70000000,,0.00005733,0.00014232,0.00006397,0.00015726,86572.97168561,40000.00000000,46572.97168561,1.16432429,0.22557484,0.25501557,0.88412952,0.27259096,1.20645849,0.75331443,-0.29944314,443,2017,0.69158801,2018,-0.01371571,299104.34878277,44.86565232,0.78228536,0.00112164,,,,,0.56681191,0.21314661
VT TQQQ/cash t25 w0-70 QQQ:VOL_EWMA80 gate QQQ<SMA200,sens,sens_2015-01-05,2015-01-05,2020-01-03,false,true,"{""*"": 6, ""BTAL"": 6, ""DBMF"": 2.5, ""KMLM"": 6, ""QQQ"": 1, ""SPY"": 0.7, ""TQQQ"": 1.5}",0.03000000,tests/data/2026-08-20-net15,,0.25000000,0.70000000,QQQ<SMA200,0.01037892,0.19175034,0.01038562,0.19175034,83587.82859870,40000.00000000,43587.82859870,1.08969571,0.20702231,0.24305742,0.83519372,0.26917580,1.13494854,0.68289036,-0.30315600,571,2017,0.69156629,2015,-0.02428809,284075.72914161,42.61135937,0.77475686,0.00106528,,,,,0.55649025,0.16237599
VT TQQQ/cash t25 w0-80 QQQ:VOL_EWMA80,sens,sens_2015-01-05,2015-01-05,2020-01-03,false,true,"{""*"": 6, ""BTAL"": 6, ""DBMF"": 2.5, ""KMLM"": 6, ""QQQ"": 1, ""SPY"": 0.7, ""TQQQ"": 1.5}",0.03000000,tests/data/2026-08-20-net15,,0.25000000,0.80000000,,0.00005745,0.00016184,0.00006697,0.00016462,88345.05402343,40000.00000000,48345.05402343,1.20862635,0.22999615,0.26194116,0.85476424,0.29304220,1.16433501,0.71020869,-0.32384305,471,2017,0.79004333,2018,-0.02439214,409802.60679048,61.47039102,1.04822647,0.00153676,,,,,0.60372219,0.21305309
VT TQQQ/cash t25 w0-80 QQQ:VOL_EWMA80 gate QQQ<SMA200,sens,sens_2015-01-05,2015-01-05,2020-01-03,false,true,"{""*"": 6, ""BTAL"": 6, ""DBMF"": 2.5, ""KMLM"": 6, ""QQQ"": 1, ""SPY"": 0.7, ""TQQQ"": 1.5}",0.03000000,tests/data/2026-08-20-net15,,0.25000000,0.80000000,QQQ<SMA200,0.01036992,0.19200130,0.01037633,0.19200130,85289.97346383,40000.00000000,45289.97346383,1.13224934,0.21136598,0.24992194,0.80822431,0.28987250,1.09697605,0.65733128,-0.32155168,571,2017,0.79002309,2015,-0.05457202,389937.37681209,58.49060652,1.04008290,0.00146227,,,,,0.59341282,0.16245609
VT TQQQ/cash t30 w0-50 QQQ:VOL_EWMA80,sens,sens_2015-01-05,2015-01-05,2020-01-03,false,true,"{""*"": 6, ""BTAL"": 6, ""DBMF"": 2.5, ""KMLM"": 6, ""QQQ"": 1, ""SPY"": 0.7, ""TQQQ"": 1.5}",0.03000000,tests/data/2026-08-20-net15,,0.30000000,0.50000000,,0.00006162,0.00014380,0.00006525,0.00016220,84241.30764720,40000.00000000,44241.30764720,1.10603269,0.22979361,0.24570748,1.03444384,0.22460001,1.43365019,0.84081985,-0.27329708,308,2017,0.51682446,2018,-0.00574926,106823.17922670,16.02347688,0.27918620,0.00040059,,,,,0.47345557,0.25572980
VT TQQQ/cash t30 w0-50 QQQ:VOL_EWMA80 gate QQQ<SMA200,sens,sens_2015-01-05,2015-01-05,2020-01-03,false,true,"{""*"": 6, ""BTAL"": 6, ""DBMF"": 2.5, ""KMLM"": 6, ""QQQ"": 1, ""SPY"": 0.7, ""TQQQ"": 1.5}",0.03000000,tests/data/2026-08-20-net15,,0.30000000,0.50000000,QQQ<SMA200,0.01230681,0.18778767,0.01230977,0.18778767,80992.61762709,40000.00000000,40992.61762709,1.02481544,0.20913010,0.23234631,0.97891172,0.21867798,1.34638543,0.85493268,-0.24461587,554,2017,0.51685858,2020,0.01063413,96191.55054134,14.42873258,0.26380310,0.00036072,,,,,0.46121105,0.19745712
VT TQQQ/cash t30 w0-60 QQQ:VOL_EWMA80,sens,sens_2015-01-05,2015-01-05,2020-01-03,false,true,"{""*"": 6, ""BTAL"": 6, ""DBMF"": 2.5, ""KMLM"": 6, ""QQQ"": 1, ""SPY"": 0.7, ""TQQQ"": 1.5}",0.03000000,tests/data/2026-08-20-net15,,0.30000000,0.60000000,,0.00006140,0.00016722,0.00006588,0.00016942,91566.37631799,40000.00000000,51566.37631799,1.28915941,0.25179069,0.27421935,0.99401420,0.26042120,1.37178196,0.84699411,-0.29727561,317,2017,0.62275116,2018,0.00124046,146977.56737012,22.04663511,0.36941014,0.00055117,,,,,0.54911051,0.25579798
VT TQQQ/cash t30 w0-60 QQQ:VOL_EWMA80 gate QQQ<SMA200,sens,sens_2015-01-05,2015-01-05,2020-01-03,false,true,"{""*"": 6, ""BTAL"": 6, ""DBMF"": 2.5, ""KMLM"": 6, ""QQQ"": 1, ""SPY"": 0.7, ""TQQQ"": 1.5}",0.03000000,tests/data/2026-08-20-net15,,0.30000000,0.60000000,QQQ<SMA200,0.01301217,0.22853597,0.01301469,0.22853597,87643.33768656,40000.00000000,47643.33768656,1.19108344,0.22882492,0.25921369,0.93701706,0.25499411,1.28447688,0.81237096,-0.28167541,570,2017,0.62276468,2016,0.01040007,135055.11154423,20.25826673,0.35776130,0.00050646,,,,,0.53616170,0.19768875
VT TQQQ/cash t30 w0-70 QQQ:VOL_EWMA80,sens,sens_2015-01-05,2015-01-05,2020-01-03,false,true,"{""*"": 6, ""BTAL"": 6, ""DBMF"": 2.5, ""KMLM"": 6, ""QQQ"": 1, ""SPY"": 0.7, ""TQQQ"": 1.5}",0.03000000,tests/data/2026-08-20-net15,,0.30000000,0.70000000,,0.00005622,0.00015809,0.00006186,0.00016401,94998.60586063,40000.00000000,54998.60586063,1.37496515,0.25826000,0.28688564,0.93468419,0.29190952,1.28290817,0.80449863,-0.32101981,429,2017,0.71795197,2018,-0.01066544,232160.35708877,34.82405356,0.57497442,0.00087060,,,,,0.61144685,0.25576143
VT TQQQ/cash t30 w0-70 QQQ:VOL_EWMA80 gate QQQ<SMA200,sens,sens_2015-01-05,2015-01-05,2020-01-03,false,true,"{""*"": 6, ""BTAL"": 6, ""DBMF"": 2.5, ""KMLM"": 6, ""QQQ"": 1, ""SPY"": 0.7, ""TQQQ"": 1.5}",0.03000000,tests/data/2026-08-20-net15,,0.30000000,0.70000000,QQQ<SMA200,0.01303736,0.22890996,0.01304420,0.22890996,90931.08303847,40000.00000000,50931.08303847,1.27327708,0.23509313,0.27182869,0.88085624,0.28703184,1.20239207,0.74133592,-0.31712092,574,2017,0.71795642,2016,0.00904832,216111.37404174,32.41670611,0.56400091,0.00081042,,,,,0.59846451,0.19766846
VT TQQQ/cash t30 w0-80 QQQ:VOL_EWMA80,sens,sens_2015-01-05,2015-01-05,2020-01-03,false,true,"{""*"": 6, ""BTAL"": 6, ""DBMF"": 2.5, ""KMLM"": 6, ""QQQ"": 1, ""SPY"": 0.7, ""TQQQ"": 1.5}",0.03000000,tests/data/2026-08-20-net15,,0.30000000,0.80000000,,0.00005390,0.00015809,0.00006201,0.00016401,96569.52240326,40000.00000000,56569.52240326,1.41423806,0.25871670,0.29254793,0.88069140,0.32023267,1.20367577,0.75065506,-0.34465458,443,2017,0.81727617,2018,-0.02786369,342790.62368242,51.41859355,0.84192938,0.00128546,,,,,0.66308449,0.25573379
VT TQQQ/cash t30 w0-80 QQQ:VOL_EWMA80 gate QQQ<SMA200,sens,sens_2015-01-05,2015-01-05,2020-01-03,false,true,"{""*"": 6, ""BTAL"": 6, ""DBMF"": 2.5, ""KMLM"": 6, ""QQQ"": 1, ""SPY"": 0.7, ""TQQQ"": 1.5}",0.03000000,tests/data/2026-08-20-net15,,0.30000000,0.80000000,QQQ<SMA200,0.01284756,0.22929286,0.01285674,0.22929286,92538.03813698,40000.00000000,52538.03813698,1.31345095,0.23587010,0.27784740,0.83047793,0.31583809,1.12988601,0.66941035,-0.35235503,574,2017,0.81727011,2015,-0.02519140,321760.76584313,48.26411488,0.83174727,0.00120660,,,,,0.65028976,0.19769352
VT TQQQ/cash t35 w0-50 QQQ:VOL_EWMA80,sens,sens_2015-01-05,2015-01-05,2020-01-03,false,true,"{""*"": 6, ""BTAL"": 6, ""DBMF"": 2.5, ""KMLM"": 6, ""QQQ"": 1, ""SPY"": 0.7, ""TQQQ"": 1.5}",0.03000000,tests/data/2026-08-20-net15,,0.35000000,0.50000000,,0.00005628,0.00014380,0.00005958,0.00016220,84902.21729462,40000.00000000,44902.21729462,1.12255543,0.23436477,0.24836903,1.03103381,0.23017691,1.43073013,0.79144431,-0.29612288,315,2019,0.52582140,2018,-0.02842807,96313.59169119,14.44703875,0.24886099,0.00036118,,,,,0.48199585,0.29839574
VT TQQQ/cash t35 w0-50 QQQ:VOL_EWMA80 gate QQQ<SMA200,sens,sens_2015-01-05,2015-01-05,2020-01-03,false,true,"{""*"": 6, ""BTAL"": 6, ""DBMF"": 2.5, ""KMLM"": 6, ""QQQ"": 1, ""SPY"": 0.7, ""TQQQ"": 1.5}",0.03000000,tests/data/2026-08-20-net15,,0.35000000,0.50000000,QQQ<SMA200,0.01274065,0.20533362,0.01274353,0.20533362,81985.87375298,40000.00000000,41985.87375298,1.04964684,0.21508814,0.23648161,0.98607445,0.22306343,1.35861382,0.86988030,-0.24726177,536,2017,0.51685859,2020,0.01063329,84311.73185907,12.64675978,0.22796052,0.00031617,,,,,0.46931189,0.23363495
VT TQQQ/cash t35 w0-60 QQQ:VOL_EWMA80,sens,sens_2015-01-05,2015-01-05,2020-01-03,false,true,"{""*"": 6, ""BTAL"": 6, ""DBMF"": 2.5, ""KMLM"": 6, ""QQQ"": 1, ""SPY"": 0.7, ""TQQQ"": 1.5}",0.03000000,tests/data/2026-08-20-net15,,0.35000000,0.60000000,,0.00005548,0.00013382,0.00005977,0.00013470,94673.37188164,40000.00000000,54673.37188164,1.36683430,0.26619306,0.28570298,1.01214272,0.26943518,1.40188425,0.83337148,-0.31941705,317,2017,0.63407641,2018,-0.01554210,132419.91609044,19.86298741,0.32327589,0.00049657,,,,,0.56594062,0.29834088
VT TQQQ/cash t35 w0-60 QQQ:VOL_EWMA80 gate QQQ<SMA200,sens,sens_2015-01-05,2015-01-05,2020-01-03,false,true,"{""*"": 6, ""BTAL"": 6, ""DBMF"": 2.5, ""KMLM"": 6, ""QQQ"": 1, ""SPY"": 0.7, ""TQQQ"": 1.5}",0.03000000,tests/data/2026-08-20-net15,,0.35000000,0.60000000,QQQ<SMA200,0.01441946,0.23468688,0.01442261,0.23468688,90440.43264700,40000.00000000,50440.43264700,1.26101082,0.24173081,0.26997214,0.95720063,0.26261040,1.31591208,0.83204586,-0.29052582,555,2017,0.63409761,2020,0.01271228,118092.14167046,17.71382125,0.30504832,0.00044285,,,,,0.55157778,0.23388958
VT TQQQ/cash t35 w0-70 QQQ:VOL_EWMA80,sens,sens_2015-01-05,2015-01-05,2020-01-03,false,true,"{""*"": 6, ""BTAL"": 6, ""DBMF"": 2.5, ""KMLM"": 6, ""QQQ"": 1, ""SPY"": 0.7, ""TQQQ"": 1.5}",0.03000000,tests/data/2026-08-20-net15,,0.35000000,0.70000000,,0.00004962,0.00013863,0.00005299,0.00014017,101998.03471943,40000.00000000,61998.03471943,1.54995087,0.28530305,0.31150641,0.97619760,0.30546546,1.34712868,0.83295858,-0.34251769,329,2017,0.74464091,2018,-0.01233050,176901.64108710,26.53524616,0.41732071,0.00066338,,,,,0.64065279,0.29843072
VT TQQQ/cash t35 w0-70 QQQ:VOL_EWMA80 gate QQQ<SMA200,sens,sens_2015-01-05,2015-01-05,2020-01-03,false,true,"{""*"": 6, ""BTAL"": 6, ""DBMF"": 2.5, ""KMLM"": 6, ""QQQ"": 1, ""SPY"": 0.7, ""TQQQ"": 1.5}",0.03000000,tests/data/2026-08-20-net15,,0.35000000,0.70000000,QQQ<SMA200,0.01493909,0.26560841,0.01494176,0.26560841,97121.08984504,40000.00000000,57121.08984504,1.42802725,0.25902059,0.29451667,0.92119513,0.29920883,1.26299464,0.79714851,-0.32493392,571,2017,0.74464037,2016,0.00417235,160697.58719893,24.10463808,0.40235134,0.00060262,,,,,0.62576403,0.23408419
VT TQQQ/cash t35 w0-80 QQQ:VOL_EWMA80,sens,sens_2015-01-05,2015-01-05,2020-01-03,false,true,"{""*"": 6, ""BTAL"": 6, ""DBMF"": 2.5, ""KMLM"": 6, ""QQQ"": 1, ""SPY"": 0.7, ""TQQQ"": 1.5}",0.03000000,tests/data/2026-08-20-net15,,0.35000000,0.80000000,,0.00005462,0.00015889,0.00006088,0.00018331,105668.69594349,40000.00000000,65668.69594349,1.64171740,0.29126744,0.32382694,0.92773528,0.33782330,1.27487775,0.79711932,-0.36540005,432,2017,0.84551576,2018,-0.02506193,274030.07560212,41.10451134,0.63741221,0.00102761,,,,,0.70380311,0.29843251
VT TQQQ/cash t35 w0-80 QQQ:VOL_EWMA80 gate QQQ<SMA200,sens,sens_2015-01-05,2015-01-05,2020-01-03,false,true,"{""*"": 6, ""BTAL"": 6, ""DBMF"": 2.5, ""KMLM"": 6, ""QQQ"": 1, ""SPY"": 0.7, ""TQQQ"": 1.5}",0.03000000,tests/data/2026-08-20-net15,,0.35000000,0.80000000,QQQ<SMA200,0.01493625,0.26609800,0.01494117,0.26609800,100638.44774398,40000.00000000,60638.44774398,1.51596119,0.26482313,0.30684351,0.87551266,0.33215503,1.19660989,0.73375562,-0.36091461,574,2017,0.84553327,2016,0.00260085,252488.71832802,37.87330775,0.62308995,0.00094683,,,,,0.68892282,0.23409107
VT TQQQ/cash t40 w0-50 QQQ:VOL_EWMA80,sens,sens_2015-01-05,2015-01-05,2020-01-03,false,true,"{""*"": 6, ""BTAL"": 6, ""DBMF"": 2.5, ""KMLM"": 6, ""QQQ"": 1, ""SPY"": 0.7, ""TQQQ"": 1.5}",0.03000000,tests/data/2026-08-20-net15,,0.40000000,0.50000000,,0.00005214,0.00014380,0.00005525,0.00016220,85266.91730758,40000.00000000,45266.91730758,1.13167293,0.23732647,0.24982978,1.02314012,0.23551441,1.42096336,0.74996088,-0.31645180,317,2019,0.54425193,2018,-0.04684168,87093.14194022,13.06397129,0.22311391,0.00032660,,,,,0.48875349,0.34106168
VT TQQQ/cash t40 w0-50 QQQ:VOL_EWMA80 gate QQQ<SMA200,sens,sens_2015-01-05,2015-01-05,2020-01-03,false,true,"{""*"": 6, ""BTAL"": 6, ""DBMF"": 2.5, ""KMLM"": 6, ""QQQ"": 1, ""SPY"": 0.7, ""TQQQ"": 1.5}",0.03000000,tests/data/2026-08-20-net15,,0.40000000,0.50000000,QQQ<SMA200,0.01264923,0.18945199,0.01265159,0.18945199,82989.50025770,40000.00000000,42989.50025770,1.07473751,0.22079470,0.24061469,0.99302825,0.22715300,1.37055668,0.84390400,-0.26163486,308,2017,0.51685331,2018,0.00071780,71450.64729834,10.71759709,0.19056637,0.00026794,,,,,0.47615715,0.27089525
VT TQQQ/cash t40 w0-60 QQQ:VOL_EWMA80,sens,sens_2015-01-05,2015-01-05,2020-01-03,false,true,"{""*"": 6, ""BTAL"": 6, ""DBMF"": 2.5, ""KMLM"": 6, ""QQQ"": 1, ""SPY"": 0.7, ""TQQQ"": 1.5}",0.03000000,tests/data/2026-08-20-net15,,0.40000000,0.60000000,,0.00004573,0.00013382,0.00004887,0.00013470,95248.13329374,40000.00000000,55248.13329374,1.38120333,0.27022131,0.28779057,1.00756269,0.27544373,1.39700123,0.79145002,-0.34142561,317,2017,0.63410510,2018,-0.04017295,120229.05286561,18.03435793,0.29056640,0.00045086,,,,,0.57522759,0.34099909
VT TQQQ/cash t40 w0-60 QQQ:VOL_EWMA80 gate QQQ<SMA200,sens,sens_2015-01-05,2015-01-05,2020-01-03,false,true,"{""*"": 6, ""BTAL"": 6, ""DBMF"": 2.5, ""KMLM"": 6, ""QQQ"": 1, ""SPY"": 0.7, ""TQQQ"": 1.5}",0.03000000,tests/data/2026-08-20-net15,,0.40000000,0.60000000,QQQ<SMA200,0.01481912,0.23255742,0.01482293,0.23255742,91443.20522125,40000.00000000,51443.20522125,1.28608013,0.24738134,0.27375700,0.96165948,0.26745825,1.32397363,0.84379800,-0.29317602,553,2017,0.63408955,2018,0.00994015,105032.62347079,15.75489352,0.26775113,0.00039387,,,,,0.56045353,0.27117488
VT TQQQ/cash t40 w0-70 QQQ:VOL_EWMA80,sens,sens_2015-01-05,2015-01-05,2020-01-03,false,false,"{""*"": 6, ""BTAL"": 6, ""DBMF"": 2.5, ""KMLM"": 6, ""QQQ"": 1, ""SPY"": 0.7, ""TQQQ"": 1.5}",0.03000000,tests/data/2026-08-20-net15,,0.40000000,0.70000000,,0.00004818,0.00014466,0.00005152,0.00014777,105740.58010196,40000.00000000,65740.58010196,1.64351450,0.30096150,0.32406443,0.99487937,0.31484510,1.37760554,0.82725688,-0.36380658,329,2017,0.75871829,2018,-0.02903639,158424.92366551,23.76373855,0.36229930,0.00059409,,,,,0.65828147,0.34106892
VT TQQQ/cash t40 w0-70 QQQ:VOL_EWMA80 gate QQQ<SMA200,sens,sens_2015-01-05,2015-01-05,2020-01-03,false,true,"{""*"": 6, ""BTAL"": 6, ""DBMF"": 2.5, ""KMLM"": 6, ""QQQ"": 1, ""SPY"": 0.7, ""TQQQ"": 1.5}",0.03000000,tests/data/2026-08-20-net15,,0.40000000,0.70000000,QQQ<SMA200,0.01646747,0.28135156,0.01647019,0.28135156,100437.63678163,40000.00000000,60437.63678163,1.51094092,0.27289526,0.30615009,0.94100913,0.30713331,1.29350538,0.81577054,-0.33452454,569,2017,0.75873488,2016,0.01318689,139860.91096844,20.97913665,0.34104376,0.00052448,,,,,0.64186281,0.27142936
VT TQQQ/cash t40 w0-80 QQQ:VOL_EWMA80,sens,sens_2015-01-05,2015-01-05,2020-01-03,false,false,"{""*"": 6, ""BTAL"": 6, ""DBMF"": 2.5, ""KMLM"": 6, ""QQQ"": 1, ""SPY"": 0.7, ""TQQQ"": 1.5}",0.03000000,tests/data/2026-08-20-net15,,0.40000000,0.80000000,,0.00005667,0.00014041,0.00006054,0.00014211,113030.71636559,40000.00000000,73030.71636559,1.82576791,0.31739842,0.34744238,0.96276245,0.35115798,1.32895266,0.82211211,-0.38607681,429,2017,0.87396857,2018,-0.02821615,210614.69037213,31.59220356,0.46740583,0.00078981,,,,,0.73217464,0.34099499
VT TQQQ/cash t40 w0-80 QQQ:VOL_EWMA80 gate QQQ<SMA200,sens,sens_2015-01-05,2015-01-05,2020-01-03,false,true,"{""*"": 6, ""BTAL"": 6, ""DBMF"": 2.5, ""KMLM"": 6, ""QQQ"": 1, ""SPY"": 0.7, ""TQQQ"": 1.5}",0.03000000,tests/data/2026-08-20-net15,,0.40000000,0.80000000,QQQ<SMA200,0.01680574,0.30254564,0.01681062,0.30254564,107159.20368984,40000.00000000,67159.20368984,1.67898009,0.28803889,0.32872241,0.90986947,0.34408783,1.24807013,0.78184148,-0.36841085,574,2017,0.87397665,2016,-0.00295674,189255.04377916,28.38825657,0.44860567,0.00070971,,,,,0.71542456,0.27154682
50/50,sens,sens_2015-01-05,2015-01-05,2020-01-03,true,true,"{""*"": 6, ""BTAL"": 6, ""DBMF"": 2.5, ""KMLM"": 6, ""QQQ"": 1, ""SPY"": 0.7, ""TQQQ"": 1.5}",0.03000000,tests/data/2026-08-20-net15,,,,,0.00032157,0.00107678,0.00028598,0.00097181,90545.44546757,40000.00000000,50545.44546757,1.26363614,0.25356355,0.27037024,1.11924452,0.22468931,1.57185022,0.90755977,-0.27939047,230,2019,0.61002013,2018,0.01291399,164166.68639737,63.23660314,0.41628764,0.00158092,0.49972166,0.49902819,,,0.49994186,0.49982439
TQQQ50/BTAL50 gate QQQ<SMA200,sens,sens_2015-01-05,2015-01-05,2020-01-03,true,true,"{""*"": 6, ""BTAL"": 6, ""DBMF"": 2.5, ""KMLM"": 6, ""QQQ"": 1, ""SPY"": 0.7, ""TQQQ"": 1.5}",0.03000000,tests/data/2026-08-20-net15,,,,,0.01607636,0.18779966,0.01604385,0.18780254,85632.43442944,40000.00000000,45632.43442944,1.14081086,0.23195560,0.25128821,1.09042504,0.21215687,1.51968363,0.97951117,-0.23680751,237,2019,0.50818602,2020,0.01389798,136294.10883249,53.79545615,0.36046945,0.00134489,0.51543141,0.49902819,,,0.48418368,0.31219746
SPY benchmark,sens,sens_2015-01-05,2015-01-05,2020-01-03,true,true,"{""*"": 6, ""BTAL"": 6, ""DBMF"": 2.5, ""KMLM"": 6, ""QQQ"": 1, ""SPY"": 0.7, ""TQQQ"": 1.5}",0.03000000,tests/data/2026-08-20-net15,,,,,0.00382762,0.01320083,0.00382889,0.01320188,59441.27275406,40000.00000000,19441.27275406,0.48603182,0.11686189,0.12896707,0.89463541,0.13360211,1.24787435,0.60289987,-0.19383301,204,2019,0.30821065,2018,-0.04793330,39874.05988105,2.79118419,0.12963557,0.00006978,,,0.99617111,0.98679812,,
VT TQQQ/BTAL t25 w0-50 QQQ:VOL_EWMA80,sens,sens_2015-07-06,2015-07-06,2020-07-02,false,true,"{""*"": 6, ""BTAL"": 6, ""DBMF"": 2.5, ""KMLM"": 6, ""QQQ"": 1, ""SPY"": 0.7, ""TQQQ"": 1.5}",0.03000000,tests/data/2026-08-20-net15,BTAL,0.25000000,0.50000000,,0.00036879,0.00134367,0.00033039,0.00127205,87744.46161805,40000.00000000,47744.46161805,1.19361154,0.23735756,0.25992939,1.14004907,0.20545158,1.58017530,1.07727681,-0.22033108,,2017,0.46832712,2016,0.01848995,325402.54839052,124.20240513,0.85042225,0.00310506,0.55966471,0.49902966,,,0.43993974,0.12425511
VT TQQQ/BTAL t25 w0-50 QQQ:VOL_EWMA80 gate QQQ<SMA200,sens,sens_2015-07-06,2015-07-06,2020-07-02,false,true,"{""*"": 6, ""BTAL"": 6, ""DBMF"": 2.5, ""KMLM"": 6, ""QQQ"": 1, ""SPY"": 0.7, ""TQQQ"": 1.5}",0.03000000,tests/data/2026-08-20-net15,BTAL,0.25000000,0.50000000,QQQ<SMA200,0.01146495,0.19208635,0.01142459,0.19209785,84338.83655863,40000.00000000,44338.83655863,1.10847091,0.21296222,0.24640694,1.05599539,0.20233678,1.45717131,0.96653243,-0.22033634,,2017,0.46834685,2016,-0.02743461,310889.36161144,119.60528392,0.85257910,0.00299013,0.57067575,0.49882433,,,0.42886169,0.12426330
VT TQQQ/BTAL t25 w0-60 QQQ:VOL_EWMA80,sens,sens_2015-07-06,2015-07-06,2020-07-02,false,true,"{""*"": 6, ""BTAL"": 6, ""DBMF"": 2.5, ""KMLM"": 6, ""QQQ"": 1, ""SPY"": 0.7, ""TQQQ"": 1.5}",0.03000000,tests/data/2026-08-20-net15,BTAL,0.25000000,0.60000000,,0.00037832,0.00134049,0.00034932,0.00132586,90855.02513897,40000.00000000,50855.02513897,1.27137563,0.24737037,0.27187696,1.05771626,0.23536196,1.45686291,1.06514539,-0.23224094,240,2017,0.56051693,2016,0.02494865,458865.66528455,172.98715874,1.16621139,0.00432468,0.50163852,0.39878299,,,0.49794673,0.12426809
VT TQQQ/BTAL t25 w0-60 QQQ:VOL_EWMA80 gate QQQ<SMA200,sens,sens_2015-07-06,2015-07-06,2020-07-02,false,true,"{""*"": 6, ""BTAL"": 6, ""DBMF"": 2.5, ""KMLM"": 6, ""QQQ"": 1, ""SPY"": 0.7, ""TQQQ"": 1.5}",0.03000000,tests/data/2026-08-20-net15,BTAL,0.25000000,0.60000000,QQQ<SMA200,0.01147511,0.19237292,0.01144595,0.19238466,87275.26221149,40000.00000000,47275.26221149,1.18188156,0.22263939,0.25809453,0.98144022,0.23257314,1.34691890,0.99394565,-0.22399554,582,2017,0.56049265,2015,-0.02881118,437718.32692544,165.96652390,1.16781871,0.00414916,0.51278162,0.39873670,,,0.48680589,0.12429702
VT TQQQ/BTAL t25 w0-70 QQQ:VOL_EWMA80,sens,sens_2015-07-06,2015-07-06,2020-07-02,false,true,"{""*"": 6, ""BTAL"": 6, ""DBMF"": 2.5, ""KMLM"": 6, ""QQQ"": 1, ""SPY"": 0.7, ""TQQQ"": 1.5}",0.03000000,tests/data/2026-08-20-net15,BTAL,0.25000000,0.70000000,,0.00039482,0.00162014,0.00038119,0.00175084,92431.47935567,40000.00000000,52431.47935567,1.31078698,0.25096330,0.27779360,0.98570575,0.26238662,1.35057901,0.95576895,-0.26257738,432,2017,0.65166820,2015,-0.00770080,648340.67695188,243.31227476,1.61965681,0.00608281,0.45561021,0.29877777,,,0.54394467,0.12428462
VT TQQQ/BTAL t25 w0-70 QQQ:VOL_EWMA80 gate QQQ<SMA200,sens,sens_2015-07-06,2015-07-06,2020-07-02,false,true,"{""*"": 6, ""BTAL"": 6, ""DBMF"": 2.5, ""KMLM"": 6, ""QQQ"": 1, ""SPY"": 0.7, ""TQQQ"": 1.5}",0.03000000,tests/data/2026-08-20-net15,BTAL,0.25000000,0.70000000,QQQ<SMA200,0.01088512,0.19267840,0.01085813,0.19269047,88984.06065996,40000.00000000,48984.06065996,1.22460152,0.22730552,0.26473521,0.91859779,0.26010963,1.25547191,0.85768888,-0.26502095,578,2017,0.65172798,2015,-0.06169558,619600.46763072,233.43235724,1.62060673,0.00583581,0.46612281,0.29877777,,,0.53342430,0.12428032
VT TQQQ/BTAL t25 w0-80 QQQ:VOL_EWMA80,sens,sens_2015-07-06,2015-07-06,2020-07-02,false,true,"{""*"": 6, ""BTAL"": 6, ""DBMF"": 2.5, ""KMLM"": 6, ""QQQ"": 1, ""SPY"": 0.7, ""TQQQ"": 1.5}",0.03000000,tests/data/2026-08-20-net15,BTAL,0.25000000,0.80000000,,0.00033722,0.00145906,0.00033673,0.00134705,94044.50514713,40000.00000000,54044.50514713,1.35111263,0.25676467,0.28375536,0.94730259,0.28433488,1.29476125,0.87701009,-0.29277276,455,2017,0.74649805,2015,-0.03524801,855151.53893846,320.46239891,2.08078000,0.00801156,0.42038410,0.19928565,,,0.57921309,0.12424944
VT TQQQ/BTAL t25 w0-80 QQQ:VOL_EWMA80 gate QQQ<SMA200,sens,sens_2015-07-06,2015-07-06,2020-07-02,false,true,"{""*"": 6, ""BTAL"": 6, ""DBMF"": 2.5, ""KMLM"": 6, ""QQQ"": 1, ""SPY"": 0.7, ""TQQQ"": 1.5}",0.03000000,tests/data/2026-08-20-net15,BTAL,0.25000000,0.80000000,QQQ<SMA200,0.01085885,0.19286174,0.01086428,0.19287407,90490.13969453,40000.00000000,50490.13969453,1.26225349,0.23290582,0.27049448,0.88424612,0.28225360,1.20596976,0.81069919,-0.28729006,576,2017,0.74656974,2015,-0.08778026,816084.63820268,306.68609229,2.07988582,0.00766715,0.43084921,0.19927899,,,0.56870445,0.12423787
VT TQQQ/BTAL t30 w0-50 QQQ:VOL_EWMA80,sens,sens_2015-07-06,2015-07-06,2020-07-02,false,true,"{""*"": 6, ""BTAL"": 6, ""DBMF"": 2.5, ""KMLM"": 6, ""QQQ"": 1, ""SPY"": 0.7, ""TQQQ"": 1.5}",0.03000000,tests/data/2026-08-20-net15,BTAL,0.30000000,0.50000000,,0.00036975,0.00128666,0.00033136,0.00116401,90110.57770004,40000.00000000,50110.57770004,1.25276444,0.24892679,0.26905112,1.13721820,0.21614769,1.57633421,0.99306317,-0.25066562,,2019,0.48824092,2016,0.03319584,288924.91077282,110.41148649,0.73865447,0.00276029,0.54138896,0.49883599,,,0.45821744,0.14911415
VT TQQQ/BTAL t30 w0-50 QQQ:VOL_EWMA80 gate QQQ<SMA200,sens,sens_2015-07-06,2015-07-06,2020-07-02,false,true,"{""*"": 6, ""BTAL"": 6, ""DBMF"": 2.5, ""KMLM"": 6, ""QQQ"": 1, ""SPY"": 0.7, ""TQQQ"": 1.5}",0.03000000,tests/data/2026-08-20-net15,BTAL,0.30000000,0.50000000,QQQ<SMA200,0.01276869,0.18910164,0.01273221,0.18911317,86469.00652436,40000.00000000,46469.00652436,1.16172516,0.22289151,0.25492090,1.05789421,0.21148999,1.45815442,0.88918302,-0.25067000,,2017,0.47751212,2016,-0.01218410,270457.87839270,104.21086266,0.72782589,0.00260527,0.55376443,0.49891582,,,0.44580461,0.14910065
VT TQQQ/BTAL t30 w0-60 QQQ:VOL_EWMA80,sens,sens_2015-07-06,2015-07-06,2020-07-02,false,true,"{""*"": 6, ""BTAL"": 6, ""DBMF"": 2.5, ""KMLM"": 6, ""QQQ"": 1, ""SPY"": 0.7, ""TQQQ"": 1.5}",0.03000000,tests/data/2026-08-20-net15,BTAL,0.30000000,0.60000000,,0.00038704,0.00176532,0.00036299,0.00176759,97322.65614106,40000.00000000,57322.65614106,1.43306640,0.26973373,0.29559692,1.07403604,0.25222027,1.47412397,0.99304218,-0.27162364,,2017,0.58805758,2016,0.02552891,405057.09648627,153.29672032,0.98959453,0.00383242,0.47162425,0.39892022,,,0.52795841,0.14911485
VT TQQQ/BTAL t30 w0-60 QQQ:VOL_EWMA80 gate QQQ<SMA200,sens,sens_2015-07-06,2015-07-06,2020-07-02,false,true,"{""*"": 6, ""BTAL"": 6, ""DBMF"": 2.5, ""KMLM"": 6, ""QQQ"": 1, ""SPY"": 0.7, ""TQQQ"": 1.5}",0.03000000,tests/data/2026-08-20-net15,BTAL,0.30000000,0.60000000,QQQ<SMA200,0.01349216,0.23003022,0.01346222,0.23004222,92974.80951096,40000.00000000,52974.80951096,1.32437024,0.24099545,0.27981200,0.99598467,0.24790472,1.35960489,0.88713190,-0.27165684,,2017,0.58810463,2016,-0.02843777,382048.42293142,145.52486131,0.98694783,0.00363812,0.48474951,0.39887941,,,0.51481140,0.14914734
VT TQQQ/BTAL t30 w0-70 QQQ:VOL_EWMA80,sens,sens_2015-07-06,2015-07-06,2020-07-02,false,true,"{""*"": 6, ""BTAL"": 6, ""DBMF"": 2.5, ""KMLM"": 6, ""QQQ"": 1, ""SPY"": 0.7, ""TQQQ"": 1.5}",0.03000000,tests/data/2026-08-20-net15,BTAL,0.30000000,0.70000000,,0.00039206,0.00170061,0.00037540,0.00162311,100581.58341997,40000.00000000,60581.58341997,1.51453959,0.27889387,0.30702390,1.00966131,0.28396129,1.38084507,0.97227456,-0.28684682,320,2017,0.68664332,2015,0.02113044,556773.38535770,209.31131362,1.32424309,0.00523278,0.41296700,0.29837689,,,0.58660034,0.14916356
VT TQQQ/BTAL t30 w0-70 QQQ:VOL_EWMA80 gate QQQ<SMA200,sens,sens_2015-07-06,2015-07-06,2020-07-02,false,true,"{""*"": 6, ""BTAL"": 6, ""DBMF"": 2.5, ""KMLM"": 6, ""QQQ"": 1, ""SPY"": 0.7, ""TQQQ"": 1.5}",0.03000000,tests/data/2026-08-20-net15,BTAL,0.30000000,0.70000000,QQQ<SMA200,0.01354298,0.23029400,0.01352147,0.23030627,96043.50806800,40000.00000000,56043.50806800,1.40108770,0.24985506,0.29101899,0.93772564,0.28006624,1.27682259,0.87384087,-0.28592741,582,2017,0.68668594,2015,-0.04346837,525234.87184455,198.32713324,1.32121729,0.00495818,0.42611052,0.29837689,,,0.57341172,0.14910884
VT TQQQ/BTAL t30 w0-80 QQQ:VOL_EWMA80,sens,sens_2015-07-06,2015-07-06,2020-07-02,false,true,"{""*"": 6, ""BTAL"": 6, ""DBMF"": 2.5, ""KMLM"": 6, ""QQQ"": 1, ""SPY"": 0.7, ""TQQQ"": 1.5}",0.03000000,tests/data/2026-08-20-net15,BTAL,0.30000000,0.80000000,,0.00037808,0.00164952,0.00037807,0.00164163,101949.35799323,40000.00000000,61949.35799323,1.54873395,0.28122334,0.31172253,0.94769802,0.31412033,1.29170570,0.88984742,-0.31603546,443,2017,0.78536962,2015,-0.01185946,756404.82701897,282.79108943,1.77151147,0.00706978,0.36325371,0.19884115,,,0.63631428,0.14910768
VT TQQQ/BTAL t30 w0-80 QQQ:VOL_EWMA80 gate QQQ<SMA200,sens,sens_2015-07-06,2015-07-06,2020-07-02,false,true,"{""*"": 6, ""BTAL"": 6, ""DBMF"": 2.5, ""KMLM"": 6, ""QQQ"": 1, ""SPY"": 0.7, ""TQQQ"": 1.5}",0.03000000,tests/data/2026-08-20-net15,BTAL,0.30000000,0.80000000,QQQ<SMA200,0.01335347,0.23068727,0.01335021,0.23069986,97392.37481720,40000.00000000,57392.37481720,1.43480937,0.25233956,0.29584490,0.88138107,0.31063310,1.19700562,0.75711624,-0.33329038,582,2017,0.78533889,2015,-0.07451483,714051.54291402,267.74088704,1.76764285,0.00669352,0.37629904,0.19882643,,,0.62327747,0.14915959
VT TQQQ/BTAL t35 w0-50 QQQ:VOL_EWMA80,sens,sens_2015-07-06,2015-07-06,2020-07-02,false,true,"{""*"": 6, ""BTAL"": 6, ""DBMF"": 2.5, ""KMLM"": 6, ""QQQ"": 1, ""SPY"": 0.7, ""TQQQ"": 1.5}",0.03000000,tests/data/2026-08-20-net15,BTAL,0.35000000,0.50000000,,0.00033896,0.00134699,0.00029926,0.00123008,91340.18407614,40000.00000000,51340.18407614,1.28350460,0.25624234,0.27370749,1.12995003,0.22431088,1.56658428,0.94680355,-0.27063940,,2019,0.51818940,2018,0.03855095,254510.66469016,98.07960813,0.64273935,0.00245199,0.52996023,0.49876992,,,0.46967955,0.17398748
VT TQQQ/BTAL t35 w0-50 QQQ:VOL_EWMA80 gate QQQ<SMA200,sens,sens_2015-07-06,2015-07-06,2020-07-02,false,true,"{""*"": 6, ""BTAL"": 6, ""DBMF"": 2.5, ""KMLM"": 6, ""QQQ"": 1, ""SPY"": 0.7, ""TQQQ"": 1.5}",0.03000000,tests/data/2026-08-20-net15,BTAL,0.35000000,0.50000000,QQQ<SMA200,0.01324269,0.20447522,0.01321111,0.20447850,87997.58552368,40000.00000000,47997.58552368,1.19993964,0.23153328,0.26091563,1.06415981,0.21823824,1.46726912,0.85552923,-0.27063164,,2017,0.47750712,2016,0.01160495,232826.31485864,90.26733909,0.61707588,0.00225668,0.54275110,0.49865726,,,0.45680172,0.17402808
VT TQQQ/BTAL t35 w0-60 QQQ:VOL_EWMA80,sens,sens_2015-07-06,2015-07-06,2020-07-02,false,true,"{""*"": 6, ""BTAL"": 6, ""DBMF"": 2.5, ""KMLM"": 6, ""QQQ"": 1, ""SPY"": 0.7, ""TQQQ"": 1.5}",0.03000000,tests/data/2026-08-20-net15,BTAL,0.35000000,0.60000000,,0.00035705,0.00169094,0.00031890,0.00162992,100054.86028969,40000.00000000,60054.86028969,1.50137151,0.28172593,0.30519941,1.07291787,0.26414665,1.47341518,0.93193668,-0.30230158,,2017,0.59991482,2016,0.03987086,361473.71447920,137.19119607,0.86259663,0.00342978,0.45255699,0.39899235,,,0.54705877,0.17398663
VT TQQQ/BTAL t35 w0-60 QQQ:VOL_EWMA80 gate QQQ<SMA200,sens,sens_2015-07-06,2015-07-06,2020-07-02,false,true,"{""*"": 6, ""BTAL"": 6, ""DBMF"": 2.5, ""KMLM"": 6, ""QQQ"": 1, ""SPY"": 0.7, ""TQQQ"": 1.5}",0.03000000,tests/data/2026-08-20-net15,BTAL,0.35000000,0.60000000,QQQ<SMA200,0.01493057,0.23666617,0.01489633,0.23667775,95398.79898558,40000.00000000,55398.79898558,1.38496997,0.25105167,0.28869113,0.99761339,0.25824994,1.36086381,0.83050366,-0.30228846,,2017,0.59993479,2016,-0.01574903,334422.04241721,127.71000202,0.84697992,0.00319275,0.46709710,0.39885454,,,0.53246350,0.17401142
VT TQQQ/BTAL t35 w0-70 QQQ:VOL_EWMA80,sens,sens_2015-07-06,2015-07-06,2020-07-02,false,true,"{""*"": 6, ""BTAL"": 6, ""DBMF"": 2.5, ""KMLM"": 6, ""QQQ"": 1, ""SPY"": 0.7, ""TQQQ"": 1.5}",0.03000000,tests/data/2026-08-20-net15,BTAL,0.35000000,0.70000000,,0.00043826,0.00170061,0.00040299,0.00165256,107174.70402320,40000.00000000,67174.70402320,1.67936760,0.29975799,0.32917548,1.02140646,0.30173337,1.39338625,0.93693796,-0.31993366,,2017,0.71615055,2016,0.03020243,490786.59625393,184.62518810,1.12460839,0.00461563,0.38358077,0.29837689,,,0.61594707,0.17397840
VT TQQQ/BTAL t35 w0-70 QQQ:VOL_EWMA80 gate QQQ<SMA200,sens,sens_2015-07-06,2015-07-06,2020-07-02,false,true,"{""*"": 6, ""BTAL"": 6, ""DBMF"": 2.5, ""KMLM"": 6, ""QQQ"": 1, ""SPY"": 0.7, ""TQQQ"": 1.5}",0.03000000,tests/data/2026-08-20-net15,BTAL,0.35000000,0.70000000,QQQ<SMA200,0.01554949,0.26785789,0.01551938,0.26787044,101839.90019692,40000.00000000,61839.90019692,1.54599750,0.26688655,0.31134857,0.94816208,0.29629966,1.28576874,0.83421516,-0.31992531,,2017,0.71607627,2015,-0.03224771,457636.10735505,173.04336894,1.11662207,0.00432608,0.39870472,0.29837689,,,0.60079503,0.17400964
VT TQQQ/BTAL t35 w0-80 QQQ:VOL_EWMA80,sens,sens_2015-07-06,2015-07-06,2020-07-02,false,true,"{""*"": 6, ""BTAL"": 6, ""DBMF"": 2.5, ""KMLM"": 6, ""QQQ"": 1, ""SPY"": 0.7, ""TQQQ"": 1.5}",0.03000000,tests/data/2026-08-20-net15,BTAL,0.35000000,0.80000000,,0.00036145,0.00183781,0.00034506,0.00184072,110494.14942287,40000.00000000,70494.14942287,1.76235374,0.30786540,0.33987743,0.97083860,0.33490887,1.32198609,0.90763308,-0.33919588,429,2017,0.82130955,2015,0.01350772,666163.09627889,249.36149332,1.48804167,0.00623404,0.32451897,0.19882958,,,0.67507465,0.17397156
VT TQQQ/BTAL t35 w0-80 QQQ:VOL_EWMA80 gate QQQ<SMA200,sens,sens_2015-07-06,2015-07-06,2020-07-02,false,true,"{""*"": 6, ""BTAL"": 6, ""DBMF"": 2.5, ""KMLM"": 6, ""QQQ"": 1, ""SPY"": 0.7, ""TQQQ"": 1.5}",0.03000000,tests/data/2026-08-20-net15,BTAL,0.35000000,0.80000000,QQQ<SMA200,0.01556039,0.26822306,0.01554277,0.26823590,104963.99836905,40000.00000000,64963.99836905,1.62409996,0.27472540,0.32188519,0.90255408,0.32998092,1.22296099,0.79570005,-0.34526252,590,2017,0.82135220,2015,-0.05906311,622272.16547209,233.81862956,1.48026294,0.00584547,0.33962651,0.19867048,,,0.65989643,0.17397592
VT TQQQ/BTAL t40 w0-50 QQQ:VOL_EWMA80,sens,sens_2015-07-06,2015-07-06,2020-07-02,false,true,"{""*"": 6, ""BTAL"": 6, ""DBMF"": 2.5, ""KMLM"": 6, ""QQQ"": 1, ""SPY"": 0.7, ""TQQQ"": 1.5}",0.03000000,tests/data/2026-08-20-net15,BTAL,0.40000000,0.50000000,,0.00037350,0.00137960,0.00032138,0.00128604,92092.28048161,40000.00000000,52092.28048161,1.30230701,0.26113066,0.27652816,1.11261808,0.23312500,1.54179843,0.89883311,-0.29052185,,2019,0.53998348,2018,0.01717461,222139.08182324,85.90354583,0.55608190,0.00214759,0.52048650,0.49871396,,,0.47912102,0.19884578
VT TQQQ/BTAL t40 w0-50 QQQ:VOL_EWMA80 gate QQQ<SMA200,sens,sens_2015-07-06,2015-07-06,2020-07-02,false,true,"{""*"": 6, ""BTAL"": 6, ""DBMF"": 2.5, ""KMLM"": 6, ""QQQ"": 1, ""SPY"": 0.7, ""TQQQ"": 1.5}",0.03000000,tests/data/2026-08-20-net15,BTAL,0.40000000,0.50000000,QQQ<SMA200,0.01392661,0.20045618,0.01387986,0.20046942,89262.85800979,40000.00000000,49262.85800979,1.23157145,0.23854109,0.26580785,1.06270691,0.22538609,1.46487748,0.82110809,-0.29051119,,2019,0.47914719,2016,0.02879627,195807.52279848,76.54378057,0.51238370,0.00191359,0.53405970,0.49884570,,,0.46553792,0.19885308
VT TQQQ/BTAL t40 w0-60 QQQ:VOL_EWMA80,sens,sens_2015-07-06,2015-07-06,2020-07-02,false,true,"{""*"": 6, ""BTAL"": 6, ""DBMF"": 2.5, ""KMLM"": 6, ""QQQ"": 1, ""SPY"": 0.7, ""TQQQ"": 1.5}",0.03000000,tests/data/2026-08-20-net15,BTAL,0.40000000,0.60000000,,0.00042998,0.00153585,0.00038623,0.00149914,101167.21874374,40000.00000000,61167.21874374,1.52918047,0.28822346,0.30904256,1.06514383,0.27310013,1.46365663,0.89691225,-0.32135080,,2019,0.61913549,2018,0.01545776,324201.73589590,123.26518405,0.76572609,0.00308163,0.44028979,0.39877636,,,0.55925603,0.19885123
VT TQQQ/BTAL t40 w0-60 QQQ:VOL_EWMA80 gate QQQ<SMA200,sens,sens_2015-07-06,2015-07-06,2020-07-02,false,true,"{""*"": 6, ""BTAL"": 6, ""DBMF"": 2.5, ""KMLM"": 6, ""QQQ"": 1, ""SPY"": 0.7, ""TQQQ"": 1.5}",0.03000000,tests/data/2026-08-20-net15,BTAL,0.40000000,0.60000000,QQQ<SMA200,0.01537316,0.23179350,0.01533075,0.23179650,96909.15661226,40000.00000000,56909.15661226,1.42272892,0.25914798,0.29412291,1.00090070,0.26586120,1.36635088,0.80639547,-0.32136587,,2017,0.59995376,2015,0.00335278,296516.35481982,113.43476222,0.74074447,0.00283587,0.45535982,0.39879456,,,0.54422811,0.19882794
VT TQQQ/BTAL t40 w0-70 QQQ:VOL_EWMA80,sens,sens_2015-07-06,2015-07-06,2020-07-02,false,true,"{""*"": 6, ""BTAL"": 6, ""DBMF"": 2.5, ""KMLM"": 6, ""QQQ"": 1, ""SPY"": 0.7, ""TQQQ"": 1.5}",0.03000000,tests/data/2026-08-20-net15,BTAL,0.40000000,0.70000000,,0.00036412,0.00170061,0.00033554,0.00162311,110121.40073657,40000.00000000,70121.40073657,1.75303502,0.31158086,0.33868987,1.02109210,0.31464205,1.39412747,0.88832227,-0.35075206,,2017,0.73092629,2018,0.01980634,441328.06185437,166.60189893,0.98742919,0.00416505,0.36383921,0.29837689,,,0.63576613,0.19883107
VT TQQQ/BTAL t40 w0-70 QQQ:VOL_EWMA80 gate QQQ<SMA200,sens,sens_2015-07-06,2015-07-06,2020-07-02,false,true,"{""*"": 6, ""BTAL"": 6, ""DBMF"": 2.5, ""KMLM"": 6, ""QQQ"": 1, ""SPY"": 0.7, ""TQQQ"": 1.5}",0.03000000,tests/data/2026-08-20-net15,BTAL,0.40000000,0.70000000,QQQ<SMA200,0.01709131,0.28407289,0.01705503,0.28408552,104429.73786283,40000.00000000,64429.73786283,1.61074345,0.27660710,0.32010307,0.94950866,0.30757344,1.28708760,0.78858495,-0.35076386,,2017,0.73083324,2015,-0.02224626,404319.73335256,153.31823471,0.96715632,0.00383296,0.38051913,0.29837689,,,0.61902833,0.19884385
VT TQQQ/BTAL t40 w0-80 QQQ:VOL_EWMA80,sens,sens_2015-07-06,2015-07-06,2020-07-02,false,true,"{""*"": 6, ""BTAL"": 6, ""DBMF"": 2.5, ""KMLM"": 6, ""QQQ"": 1, ""SPY"": 0.7, ""TQQQ"": 1.5}",0.03000000,tests/data/2026-08-20-net15,BTAL,0.40000000,0.80000000,,0.00036834,0.00132300,0.00034650,0.00130797,117094.26335460,40000.00000000,77094.26335460,1.92735658,0.32706523,0.36034359,0.97997765,0.35323364,1.33217644,0.89497132,-0.36544772,,2017,0.85286564,2018,0.01413431,584327.50235895,218.44612443,1.26072841,0.00546115,0.29563486,0.19869203,,,0.70395909,0.19884501
VT TQQQ/BTAL t40 w0-80 QQQ:VOL_EWMA80 gate QQQ<SMA200,sens,sens_2015-07-06,2015-07-06,2020-07-02,false,true,"{""*"": 6, ""BTAL"": 6, ""DBMF"": 2.5, ""KMLM"": 6, ""QQQ"": 1, ""SPY"": 0.7, ""TQQQ"": 1.5}",0.03000000,tests/data/2026-08-20-net15,BTAL,0.40000000,0.80000000,QQQ<SMA200,0.01745036,0.30545421,0.01744197,0.30546736,110802.34871995,40000.00000000,70802.34871995,1.77005872,0.29046554,0.34085668,0.91105742,0.34676123,1.23082429,0.79478278,-0.36546532,,2017,0.85285354,2015,-0.04814823,539532.56397822,202.49014686,1.24696141,0.00506225,0.31268452,0.19882958,,,0.68687123,0.19886731
VT TQQQ/cash t25 w0-50 QQQ:VOL_EWMA80,sens,sens_2015-07-06,2015-07-06,2020-07-02,false,true,"{""*"": 6, ""BTAL"": 6, ""DBMF"": 2.5, ""KMLM"": 6, ""QQQ"": 1, ""SPY"": 0.7, ""TQQQ"": 1.5}",0.03000000,tests/data/2026-08-20-net15,,0.25000000,0.50000000,,0.00007204,0.00016972,0.00007647,0.00017095,81268.11145378,40000.00000000,41268.11145378,1.03170279,0.21580093,0.23378848,0.97032613,0.22852529,1.30788587,0.79636249,-0.27098329,,2017,0.50798627,2018,0.01234980,156937.18913230,23.54057837,0.41395614,0.00058851,,,,,0.43994197,0.12429072
VT TQQQ/cash t25 w0-50 QQQ:VOL_EWMA80 gate QQQ<SMA200,sens,sens_2015-07-06,2015-07-06,2020-07-02,false,true,"{""*"": 6, ""BTAL"": 6, ""DBMF"": 2.5, ""KMLM"": 6, ""QQQ"": 1, ""SPY"": 0.7, ""TQQQ"": 1.5}",0.03000000,tests/data/2026-08-20-net15,,0.25000000,0.50000000,QQQ<SMA200,0.01119778,0.19355095,0.01120223,0.19355095,78720.07577232,40000.00000000,38720.07577232,0.96800189,0.19587658,0.22298866,0.91111369,0.22415056,1.21961964,0.72286700,-0.27097182,,2017,0.50796474,2015,-0.01932087,148416.50235639,22.26247535,0.40768728,0.00055656,,,,,0.42881622,0.12428584
VT TQQQ/cash t25 w0-60 QQQ:VOL_EWMA80,sens,sens_2015-07-06,2015-07-06,2020-07-02,false,true,"{""*"": 6, ""BTAL"": 6, ""DBMF"": 2.5, ""KMLM"": 6, ""QQQ"": 1, ""SPY"": 0.7, ""TQQQ"": 1.5}",0.03000000,tests/data/2026-08-20-net15,,0.25000000,0.60000000,,0.00006446,0.00016393,0.00007039,0.00020891,85445.35684492,40000.00000000,45445.35684492,1.13613392,0.22996236,0.25085323,0.93508958,0.25701005,1.26073036,0.83627278,-0.27498486,329,2017,0.59755962,2018,0.00128291,231777.15105466,34.76657266,0.59162819,0.00086916,,,,,0.49795393,0.12422858
VT TQQQ/cash t25 w0-60 QQQ:VOL_EWMA80 gate QQQ<SMA200,sens,sens_2015-07-06,2015-07-06,2020-07-02,false,true,"{""*"": 6, ""BTAL"": 6, ""DBMF"": 2.5, ""KMLM"": 6, ""QQQ"": 1, ""SPY"": 0.7, ""TQQQ"": 1.5}",0.03000000,tests/data/2026-08-20-net15,,0.25000000,0.60000000,QQQ<SMA200,0.01124495,0.19366650,0.01125060,0.19366650,82738.65523949,40000.00000000,42738.65523949,1.06846638,0.20977053,0.23988373,0.88027891,0.25305853,1.18030111,0.75606283,-0.27745119,571,2017,0.59754477,2015,-0.03834685,220156.86361209,33.02352954,0.58532293,0.00082559,,,,,0.48677372,0.12429717
VT TQQQ/cash t25 w0-70 QQQ:VOL_EWMA80,sens,sens_2015-07-06,2015-07-06,2020-07-02,false,true,"{""*"": 6, ""BTAL"": 6, ""DBMF"": 2.5, ""KMLM"": 6, ""QQQ"": 1, ""SPY"": 0.7, ""TQQQ"": 1.5}",0.03000000,tests/data/2026-08-20-net15,,0.25000000,0.70000000,,0.00006051,0.00015255,0.00006908,0.00016397,87965.69862655,40000.00000000,47965.69862655,1.19914247,0.23671193,0.26079153,0.89632577,0.28178610,1.20797395,0.79051529,-0.29944004,443,2017,0.69155877,2015,-0.02195814,330193.84713610,49.52907707,0.82513124,0.00123823,,,,,0.54395354,0.12427342
VT TQQQ/cash t25 w0-70 QQQ:VOL_EWMA80 gate QQQ<SMA200,sens,sens_2015-07-06,2015-07-06,2020-07-02,false,true,"{""*"": 6, ""BTAL"": 6, ""DBMF"": 2.5, ""KMLM"": 6, ""QQQ"": 1, ""SPY"": 0.7, ""TQQQ"": 1.5}",0.03000000,tests/data/2026-08-20-net15,,0.25000000,0.70000000,QQQ<SMA200,0.01056268,0.19398728,0.01057072,0.19398728,85357.90378790,40000.00000000,45357.90378790,1.13394759,0.21752873,0.25050370,0.84758397,0.27843122,1.13751964,0.70230947,-0.30973344,574,2017,0.69157599,2015,-0.06516938,315514.98098941,47.32724715,0.81901428,0.00118318,,,,,0.53345190,0.12427753
VT TQQQ/cash t25 w0-80 QQQ:VOL_EWMA80,sens,sens_2015-07-06,2015-07-06,2020-07-02,false,true,"{""*"": 6, ""BTAL"": 6, ""DBMF"": 2.5, ""KMLM"": 6, ""QQQ"": 1, ""SPY"": 0.7, ""TQQQ"": 1.5}",0.03000000,tests/data/2026-08-20-net15,,0.25000000,0.80000000,,0.00005508,0.00014837,0.00006478,0.00018369,90383.26411091,40000.00000000,50383.26411091,1.25958160,0.24455198,0.27008861,0.87819006,0.30142313,1.18422304,0.75518798,-0.32382928,471,2017,0.79002407,2015,-0.04447293,436094.31284142,65.41414693,1.06029944,0.00163535,,,,,0.57923178,0.12430315
VT TQQQ/cash t25 w0-80 QQQ:VOL_EWMA80 gate QQQ<SMA200,sens,sens_2015-07-06,2015-07-06,2020-07-02,false,true,"{""*"": 6, ""BTAL"": 6, ""DBMF"": 2.5, ""KMLM"": 6, ""QQQ"": 1, ""SPY"": 0.7, ""TQQQ"": 1.5}",0.03000000,tests/data/2026-08-20-net15,,0.25000000,0.80000000,QQQ<SMA200,0.01047050,0.19411723,0.01047888,0.19411723,87704.84103772,40000.00000000,47704.84103772,1.19262103,0.22537615,0.25977479,0.83212788,0.29832319,1.11810502,0.68799972,-0.32758175,574,2017,0.79001647,2015,-0.08675710,417151.85468800,62.57277820,1.05333851,0.00156432,,,,,0.56881768,0.12423984
VT TQQQ/cash t30 w0-50 QQQ:VOL_EWMA80,sens,sens_2015-07-06,2015-07-06,2020-07-02,false,true,"{""*"": 6, ""BTAL"": 6, ""DBMF"": 2.5, ""KMLM"": 6, ""QQQ"": 1, ""SPY"": 0.7, ""TQQQ"": 1.5}",0.03000000,tests/data/2026-08-20-net15,,0.30000000,0.50000000,,0.00006469,0.00014013,0.00006880,0.00014379,83194.56434773,40000.00000000,43194.56434773,1.07986411,0.22570895,0.24175370,0.96674684,0.24076841,1.30539984,0.75740443,-0.29800321,,2017,0.51682698,2018,-0.00576588,137185.71519738,20.57785728,0.35510291,0.00051445,,,,,0.45821622,0.14911571
VT TQQQ/cash t30 w0-50 QQQ:VOL_EWMA80 gate QQQ<SMA200,sens,sens_2015-07-06,2015-07-06,2020-07-02,false,true,"{""*"": 6, ""BTAL"": 6, ""DBMF"": 2.5, ""KMLM"": 6, ""QQQ"": 1, ""SPY"": 0.7, ""TQQQ"": 1.5}",0.03000000,tests/data/2026-08-20-net15,,0.30000000,0.50000000,QQQ<SMA200,0.01249616,0.19074999,0.01249912,0.19074999,80520.19805389,40000.00000000,40520.19805389,1.01300495,0.20460231,0.23065039,0.91013881,0.23519941,1.21966493,0.68648200,-0.29804468,,2017,0.51683881,2015,-0.00979675,127201.74492348,19.08026174,0.34366548,0.00047701,,,,,0.44578590,0.14914285
VT TQQQ/cash t30 w0-60 QQQ:VOL_EWMA80,sens,sens_2015-07-06,2015-07-06,2020-07-02,false,true,"{""*"": 6, ""BTAL"": 6, ""DBMF"": 2.5, ""KMLM"": 6, ""QQQ"": 1, ""SPY"": 0.7, ""TQQQ"": 1.5}",0.03000000,tests/data/2026-08-20-net15,,0.30000000,0.60000000,,0.00006695,0.00016393,0.00007315,0.00020891,90813.25289460,40000.00000000,50813.25289460,1.27033132,0.24981253,0.27171894,0.94910747,0.27529552,1.27948848,0.78845360,-0.31683860,,2017,0.62272476,2018,0.00121853,198577.32380719,29.78659857,0.48892223,0.00074466,,,,,0.52794899,0.14909548
VT TQQQ/cash t30 w0-60 QQQ:VOL_EWMA80 gate QQQ<SMA200,sens,sens_2015-07-06,2015-07-06,2020-07-02,false,true,"{""*"": 6, ""BTAL"": 6, ""DBMF"": 2.5, ""KMLM"": 6, ""QQQ"": 1, ""SPY"": 0.7, ""TQQQ"": 1.5}",0.03000000,tests/data/2026-08-20-net15,,0.30000000,0.60000000,QQQ<SMA200,0.01321751,0.23150504,0.01322192,0.23150504,87541.18768808,40000.00000000,47541.18768808,1.18852969,0.22632312,0.25913554,0.89183615,0.27011074,1.19425637,0.71436291,-0.31681812,,2017,0.62273954,2015,-0.02834119,186279.21304526,27.94188196,0.48067480,0.00069855,,,,,0.51480021,0.14915249
VT TQQQ/cash t30 w0-70 QQQ:VOL_EWMA80,sens,sens_2015-07-06,2015-07-06,2020-07-02,false,true,"{""*"": 6, ""BTAL"": 6, ""DBMF"": 2.5, ""KMLM"": 6, ""QQQ"": 1, ""SPY"": 0.7, ""TQQQ"": 1.5}",0.03000000,tests/data/2026-08-20-net15,,0.30000000,0.70000000,,0.00005738,0.00015856,0.00006443,0.00018551,95429.24807633,40000.00000000,55429.24807633,1.38573120,0.26370738,0.28880139,0.92288950,0.30436064,1.24498735,0.82148513,-0.32101297,429,2017,0.71794772,2018,-0.01065940,281959.85230377,42.29397785,0.67207390,0.00105735,,,,,0.58660086,0.14909603
VT TQQQ/cash t30 w0-70 QQQ:VOL_EWMA80 gate QQQ<SMA200,sens,sens_2015-07-06,2015-07-06,2020-07-02,false,true,"{""*"": 6, ""BTAL"": 6, ""DBMF"": 2.5, ""KMLM"": 6, ""QQQ"": 1, ""SPY"": 0.7, ""TQQQ"": 1.5}",0.03000000,tests/data/2026-08-20-net15,,0.30000000,0.70000000,QQQ<SMA200,0.01324469,0.23178207,0.01325135,0.23178207,91938.73538959,40000.00000000,51938.73538959,1.29846838,0.23985693,0.27595397,0.86908291,0.29963162,1.16595050,0.74291614,-0.32285869,574,2017,0.71791220,2015,-0.04791519,265704.88521856,39.85573278,0.66387473,0.00099639,,,,,0.57341393,0.14910185
VT TQQQ/cash t30 w0-80 QQQ:VOL_EWMA80,sens,sens_2015-07-06,2015-07-06,2020-07-02,false,true,"{""*"": 6, ""BTAL"": 6, ""DBMF"": 2.5, ""KMLM"": 6, ""QQQ"": 1, ""SPY"": 0.7, ""TQQQ"": 1.5}",0.03000000,tests/data/2026-08-20-net15,,0.30000000,0.80000000,,0.00005332,0.00015804,0.00006138,0.00018932,98226.39337997,40000.00000000,58226.39337997,1.45565983,0.27062006,0.29879927,0.89046365,0.33138531,1.20121244,0.78520222,-0.34465015,443,2017,0.81729439,2018,-0.02788450,388142.96541418,58.22144481,0.90547659,0.00145554,,,,,0.63631696,0.14909965
VT TQQQ/cash t30 w0-80 QQQ:VOL_EWMA80 gate QQQ<SMA200,sens,sens_2015-07-06,2015-07-06,2020-07-02,false,true,"{""*"": 6, ""BTAL"": 6, ""DBMF"": 2.5, ""KMLM"": 6, ""QQQ"": 1, ""SPY"": 0.7, ""TQQQ"": 1.5}",0.03000000,tests/data/2026-08-20-net15,,0.30000000,0.80000000,QQQ<SMA200,0.01305199,0.23202808,0.01305950,0.23202808,94693.57604546,40000.00000000,54693.57604546,1.36733940,0.24697869,0.28612874,0.84040473,0.32708482,1.12851759,0.68676441,-0.35962651,576,2017,0.81730289,2015,-0.07266165,367190.14782338,55.07852217,0.89713642,0.00137696,,,,,0.62331883,0.14909582
VT TQQQ/cash t35 w0-50 QQQ:VOL_EWMA80,sens,sens_2015-07-06,2015-07-06,2020-07-02,false,true,"{""*"": 6, ""BTAL"": 6, ""DBMF"": 2.5, ""KMLM"": 6, ""QQQ"": 1, ""SPY"": 0.7, ""TQQQ"": 1.5}",0.03000000,tests/data/2026-08-20-net15,,0.35000000,0.50000000,,0.00006274,0.00015311,0.00006584,0.00016213,84175.99462439,40000.00000000,44175.99462439,1.10439987,0.23162623,0.24574820,0.95944986,0.25000589,1.29719397,0.73377976,-0.31566179,,2019,0.52578842,2018,-0.02844106,118219.13829943,17.73287074,0.30331591,0.00044332,,,,,0.46967896,0.17402144
VT TQQQ/cash t35 w0-50 QQQ:VOL_EWMA80 gate QQQ<SMA200,sens,sens_2015-07-06,2015-07-06,2020-07-02,false,true,"{""*"": 6, ""BTAL"": 6, ""DBMF"": 2.5, ""KMLM"": 6, ""QQQ"": 1, ""SPY"": 0.7, ""TQQQ"": 1.5}",0.03000000,tests/data/2026-08-20-net15,,0.35000000,0.50000000,QQQ<SMA200,0.01296544,0.20644343,0.01296823,0.20644343,81784.25624532,40000.00000000,41784.25624532,1.04460641,0.21179527,0.23593904,0.91210462,0.24339533,1.22431196,0.67091520,-0.31568113,,2017,0.51681319,2015,-0.00032398,107637.33941770,16.14560091,0.28739733,0.00040364,,,,,0.45677657,0.17395826
VT TQQQ/cash t35 w0-60 QQQ:VOL_EWMA80,sens,sens_2015-07-06,2015-07-06,2020-07-02,false,true,"{""*"": 6, ""BTAL"": 6, ""DBMF"": 2.5, ""KMLM"": 6, ""QQQ"": 1, ""SPY"": 0.7, ""TQQQ"": 1.5}",0.03000000,tests/data/2026-08-20-net15,,0.35000000,0.60000000,,0.00007231,0.00016393,0.00007776,0.00020891,93098.40148994,40000.00000000,53098.40148994,1.32746004,0.26030889,0.28026967,0.94880988,0.28801974,1.28115160,0.75628088,-0.34419605,,2017,0.63407274,2018,-0.01549875,176136.92779265,26.42053917,0.42481107,0.00066051,,,,,0.54705462,0.17397467
VT TQQQ/cash t35 w0-60 QQQ:VOL_EWMA80 gate QQQ<SMA200,sens,sens_2015-07-06,2015-07-06,2020-07-02,false,true,"{""*"": 6, ""BTAL"": 6, ""DBMF"": 2.5, ""KMLM"": 6, ""QQQ"": 1, ""SPY"": 0.7, ""TQQQ"": 1.5}",0.03000000,tests/data/2026-08-20-net15,,0.35000000,0.60000000,QQQ<SMA200,0.01467092,0.23834806,0.01467498,0.23834806,89630.83155395,40000.00000000,49630.83155395,1.24077079,0.23532238,0.26721903,0.89289168,0.28157219,1.19670510,0.68373869,-0.34417005,,2017,0.63407122,2015,-0.01904913,162293.61358924,24.34404204,0.41142640,0.00060860,,,,,0.53245741,0.17401290
VT TQQQ/cash t35 w0-70 QQQ:VOL_EWMA80,sens,sens_2015-07-06,2015-07-06,2020-07-02,false,true,"{""*"": 6, ""BTAL"": 6, ""DBMF"": 2.5, ""KMLM"": 6, ""QQQ"": 1, ""SPY"": 0.7, ""TQQQ"": 1.5}",0.03000000,tests/data/2026-08-20-net15,,0.35000000,0.70000000,,0.00005703,0.00013968,0.00006251,0.00015360,100978.00548531,40000.00000000,60978.00548531,1.52445014,0.28241456,0.30839148,0.93434212,0.32259294,1.26023561,0.78422864,-0.36011763,,2017,0.74463561,2018,-0.01232295,243894.78711565,36.58421807,0.56170450,0.00091461,,,,,0.61596331,0.17399215
VT TQQQ/cash t35 w0-70 QQQ:VOL_EWMA80 gate QQQ<SMA200,sens,sens_2015-07-06,2015-07-06,2020-07-02,false,true,"{""*"": 6, ""BTAL"": 6, ""DBMF"": 2.5, ""KMLM"": 6, ""QQQ"": 1, ""SPY"": 0.7, ""TQQQ"": 1.5}",0.03000000,tests/data/2026-08-20-net15,,0.35000000,0.70000000,QQQ<SMA200,0.01519746,0.26936647,0.01520185,0.26936647,96924.80842339,40000.00000000,56924.80842339,1.42312021,0.25552079,0.29417881,0.87904300,0.31659197,1.17796836,0.70961697,-0.36008270,,2017,0.74464623,2015,-0.03812815,227108.94543305,34.06634181,0.55133962,0.00085166,,,,,0.60082398,0.17396270
VT TQQQ/cash t35 w0-80 QQQ:VOL_EWMA80,sens,sens_2015-07-06,2015-07-06,2020-07-02,false,true,"{""*"": 6, ""BTAL"": 6, ""DBMF"": 2.5, ""KMLM"": 6, ""QQQ"": 1, ""SPY"": 0.7, ""TQQQ"": 1.5}",0.03000000,tests/data/2026-08-20-net15,,0.35000000,0.80000000,,0.00005967,0.00015292,0.00006574,0.00016645,105997.73844892,40000.00000000,65997.73844892,1.64994346,0.29588270,0.32531084,0.91413687,0.35231211,1.23420090,0.80980643,-0.36537460,432,2017,0.84557103,2018,-0.02504807,339436.70946009,50.91550642,0.75730537,0.00127289,,,,,0.67508749,0.17400486
VT TQQQ/cash t35 w0-80 QQQ:VOL_EWMA80 gate QQQ<SMA200,sens,sens_2015-07-06,2015-07-06,2020-07-02,false,true,"{""*"": 6, ""BTAL"": 6, ""DBMF"": 2.5, ""KMLM"": 6, ""QQQ"": 1, ""SPY"": 0.7, ""TQQQ"": 1.5}",0.03000000,tests/data/2026-08-20-net15,,0.35000000,0.80000000,QQQ<SMA200,0.01519871,0.26968688,0.01520533,0.26968688,101702.13835112,40000.00000000,61702.13835112,1.54255346,0.26864784,0.31087741,0.86184524,0.34680555,1.15727024,0.73283213,-0.36658852,575,2017,0.84552772,2015,-0.05818416,317474.30772413,47.62114616,0.74669017,0.00119053,,,,,0.65994789,0.17402574
VT TQQQ/cash t40 w0-50 QQQ:VOL_EWMA80,sens,sens_2015-07-06,2015-07-06,2020-07-02,false,true,"{""*"": 6, ""BTAL"": 6, ""DBMF"": 2.5, ""KMLM"": 6, ""QQQ"": 1, ""SPY"": 0.7, ""TQQQ"": 1.5}",0.03000000,tests/data/2026-08-20-net15,,0.40000000,0.50000000,,0.00007467,0.00015374,0.00007796,0.00015793,84806.71312746,40000.00000000,44806.71312746,1.12016783,0.23562706,0.24829332,0.94633439,0.25947966,1.28040311,0.70690275,-0.33332316,,2019,0.54421573,2018,-0.04680534,101381.77995203,15.20726699,0.25850873,0.00038018,,,,,0.47911968,0.19884675
VT TQQQ/cash t40 w0-50 QQQ:VOL_EWMA80 gate QQQ<SMA200,sens,sens_2015-07-06,2015-07-06,2020-07-02,false,true,"{""*"": 6, ""BTAL"": 6, ""DBMF"": 2.5, ""KMLM"": 6, ""QQQ"": 1, ""SPY"": 0.7, ""TQQQ"": 1.5}",0.03000000,tests/data/2026-08-20-net15,,0.40000000,0.50000000,QQQ<SMA200,0.01302011,0.19343179,0.01302293,0.19343179,82962.70531830,40000.00000000,42962.70531830,1.07406763,0.21835661,0.24080385,0.91156315,0.25177166,1.22524607,0.65513772,-0.33329880,,2017,0.51684899,2018,0.00083485,88450.88995489,13.26763349,0.23352945,0.00033169,,,,,0.46617470,0.19881097
VT TQQQ/cash t40 w0-60 QQQ:VOL_EWMA80,sens,sens_2015-07-06,2015-07-06,2020-07-02,false,true,"{""*"": 6, ""BTAL"": 6, ""DBMF"": 2.5, ""KMLM"": 6, ""QQQ"": 1, ""SPY"": 0.7, ""TQQQ"": 1.5}",0.03000000,tests/data/2026-08-20-net15,,0.40000000,0.60000000,,0.00006614,0.00016393,0.00007035,0.00020891,93995.88828975,40000.00000000,53995.88828975,1.34989721,0.26558831,0.28357700,0.94179644,0.29762260,1.27317744,0.73550099,-0.36109850,,2017,0.63406249,2018,-0.04011860,155138.39898850,23.27075985,0.37144655,0.00058177,,,,,0.55926329,0.19885173
VT TQQQ/cash t40 w0-60 QQQ:VOL_EWMA80 gate QQQ<SMA200,sens,sens_2015-07-06,2015-07-06,2020-07-02,false,true,"{""*"": 6, ""BTAL"": 6, ""DBMF"": 2.5, ""KMLM"": 6, ""QQQ"": 1, ""SPY"": 0.7, ""TQQQ"": 1.5}",0.03000000,tests/data/2026-08-20-net15,,0.40000000,0.60000000,QQQ<SMA200,0.01509573,0.23395264,0.01510013,0.23395264,90896.78314628,40000.00000000,50896.78314628,1.27241958,0.24211557,0.27203485,0.89391578,0.29016996,1.19987011,0.67048450,-0.36110539,,2017,0.63406204,2015,-0.00971532,141196.59771544,21.17948966,0.35415878,0.00052949,,,,,0.54423351,0.19888121
VT TQQQ/cash t40 w0-70 QQQ:VOL_EWMA80,sens,sens_2015-07-06,2015-07-06,2020-07-02,false,false,"{""*"": 6, ""BTAL"": 6, ""DBMF"": 2.5, ""KMLM"": 6, ""QQQ"": 1, ""SPY"": 0.7, ""TQQQ"": 1.5}",0.03000000,tests/data/2026-08-20-net15,,0.40000000,0.70000000,,0.00005174,0.00017295,0.00005495,0.00018256,103516.99721347,40000.00000000,63516.99721347,1.58792493,0.29304713,0.31703978,0.93527068,0.33582675,1.26326050,0.75581186,-0.38772498,,2017,0.75870249,2018,-0.02902571,218240.33252909,32.73604988,0.49191687,0.00081840,,,,,0.63577785,0.19886526
VT TQQQ/cash t40 w0-70 QQQ:VOL_EWMA80 gate QQQ<SMA200,sens,sens_2015-07-06,2015-07-06,2020-07-02,false,true,"{""*"": 6, ""BTAL"": 6, ""DBMF"": 2.5, ""KMLM"": 6, ""QQQ"": 1, ""SPY"": 0.7, ""TQQQ"": 1.5}",0.03000000,tests/data/2026-08-20-net15,,0.40000000,0.70000000,QQQ<SMA200,0.01675558,0.28571627,0.01676043,0.28571627,99199.37648546,40000.00000000,59199.37648546,1.47998441,0.26436366,0.30221797,0.88041787,0.32851313,1.18051688,0.68189922,-0.38768729,,2017,0.75873476,2015,-0.02901771,199976.66504933,29.99649976,0.47681953,0.00074991,,,,,0.61907237,0.19887850
VT TQQQ/cash t40 w0-80 QQQ:VOL_EWMA80,sens,sens_2015-07-06,2015-07-06,2020-07-02,false,false,"{""*"": 6, ""BTAL"": 6, ""DBMF"": 2.5, ""KMLM"": 6, ""QQQ"": 1, ""SPY"": 0.7, ""TQQQ"": 1.5}",0.03000000,tests/data/2026-08-20-net15,,0.40000000,0.80000000,,0.00005796,0.00013970,0.00006397,0.00013990,111668.26081524,40000.00000000,71668.26081524,1.79170652,0.31340295,0.34359523,0.92365711,0.37048971,1.24682789,0.78156349,-0.40099487,,2017,0.87397121,2018,-0.02820613,295478.36851239,44.32175528,0.63807233,0.00110804,,,,,0.70396555,0.19885313
VT TQQQ/cash t40 w0-80 QQQ:VOL_EWMA80 gate QQQ<SMA200,sens,sens_2015-07-06,2015-07-06,2020-07-02,false,true,"{""*"": 6, ""BTAL"": 6, ""DBMF"": 2.5, ""KMLM"": 6, ""QQQ"": 1, ""SPY"": 0.7, ""TQQQ"": 1.5}",0.03000000,tests/data/2026-08-20-net15,,0.40000000,0.80000000,QQQ<SMA200,0.01709996,0.30697747,0.01710498,0.30697747,106794.32344319,40000.00000000,66794.32344319,1.66985809,0.28327430,0.32793058,0.87021946,0.36371681,1.16729223,0.70641960,-0.40100006,,2017,0.87395198,2015,-0.04868921,273080.87487530,40.96213123,0.62485369,0.00102405,,,,,0.68692454,0.19882231
50/50,sens,sens_2015-07-06,2015-07-06,2020-07-02,true,true,"{""*"": 6, ""BTAL"": 6, ""DBMF"": 2.5, ""KMLM"": 6, ""QQQ"": 1, ""SPY"": 0.7, ""TQQQ"": 1.5}",0.03000000,tests/data/2026-08-20-net15,,,,,0.00035784,0.00138044,0.00032032,0.00139194,100674.85161949,40000.00000000,60674.85161949,1.51687129,0.28314381,0.30734608,1.04713952,0.27435032,1.46138409,0.75036030,-0.37734380,133,2019,0.61000721,2018,0.01290621,198382.83853346,76.28208340,0.48882832,0.00190705,0.49968575,0.49860806,,,0.49994005,0.49987136
TQQQ50/BTAL50 gate QQQ<SMA200,sens,sens_2015-07-06,2015-07-06,2020-07-02,true,true,"{""*"": 6, ""BTAL"": 6, ""DBMF"": 2.5, ""KMLM"": 6, ""QQQ"": 1, ""SPY"": 0.7, ""TQQQ"": 1.5}",0.03000000,tests/data/2026-08-20-net15,,,,,0.01890303,0.18926319,0.01886680,0.18926651,90168.83619649,40000.00000000,50168.83619649,1.25422090,0.24486175,0.26927301,0.97938524,0.25797333,1.34495958,0.64897885,-0.37730313,,2019,0.50721029,2016,0.04176347,145941.29558087,57.53378850,0.37796960,0.00143834,0.51830782,0.49883900,,,0.48131153,0.31073349
SPY benchmark,sens,sens_2015-07-06,2015-07-06,2020-07-02,true,true,"{""*"": 6, ""BTAL"": 6, ""DBMF"": 2.5, ""KMLM"": 6, ""QQQ"": 1, ""SPY"": 0.7, ""TQQQ"": 1.5}",0.03000000,tests/data/2026-08-20-net15,,,,,0.00415058,0.01469591,0.00415184,0.01469694,55750.26941665,40000.00000000,15750.26941665,0.39375674,0.10444333,0.10801829,0.61870231,0.18987379,0.84786384,0.30942092,-0.33754451,,2019,0.30794819,2018,-0.04791782,39865.36701110,2.79057569,0.12904449,0.00006976,,,0.99584816,0.98530306,,
VT TQQQ/BTAL t25 w0-50 QQQ:VOL_EWMA80,sens,sens_2016-01-04,2016-01-04,2020-12-31,false,true,"{""*"": 6, ""BTAL"": 6, ""DBMF"": 2.5, ""KMLM"": 6, ""QQQ"": 1, ""SPY"": 0.7, ""TQQQ"": 1.5}",0.03000000,tests/data/2026-08-20-net15,BTAL,0.25000000,0.50000000,,0.00039979,0.00154601,0.00035015,0.00144981,84421.62602895,39500.00000000,44921.62602895,1.13725636,0.24445025,0.24884220,1.10987611,0.21881168,1.51713891,1.03586535,-0.23598652,,2017,0.46826607,2016,0.06731902,342227.48223881,130.85323732,0.83715913,0.00331274,0.56377335,0.49857469,,,0.43580016,0.12425920
VT TQQQ/BTAL t25 w0-50 QQQ:VOL_EWMA80 gate QQQ<SMA200,sens,sens_2016-01-04,2016-01-04,2020-12-31,false,true,"{""*"": 6, ""BTAL"": 6, ""DBMF"": 2.5, ""KMLM"": 6, ""QQQ"": 1, ""SPY"": 0.7, ""TQQQ"": 1.5}",0.03000000,tests/data/2026-08-20-net15,BTAL,0.25000000,0.50000000,QQQ<SMA200,0.00944491,0.19433645,0.00940146,0.19435042,83030.86799914,39500.00000000,43530.86799914,1.10204729,0.23338370,0.24321268,1.07968288,0.21610961,1.47164150,0.98888411,-0.23600713,,2017,0.46832757,2016,0.01815831,334085.30972993,128.40411210,0.83411808,0.00325074,0.57281371,0.49879525,,,0.42673482,0.12430275
VT TQQQ/BTAL t25 w0-60 QQQ:VOL_EWMA80,sens,sens_2016-01-04,2016-01-04,2020-12-31,false,true,"{""*"": 6, ""BTAL"": 6, ""DBMF"": 2.5, ""KMLM"": 6, ""QQQ"": 1, ""SPY"": 0.7, ""TQQQ"": 1.5}",0.03000000,tests/data/2026-08-20-net15,BTAL,0.25000000,0.60000000,,0.00040783,0.00155783,0.00037998,0.00146295,88651.54324905,39500.00000000,49151.54324905,1.24434287,0.26311415,0.26547138,1.08350989,0.24312729,1.47756610,1.09664869,-0.23992565,,2017,0.56049597,2018,0.07141192,478358.20135688,181.15207265,1.12428605,0.00458613,0.50880667,0.39853705,,,0.49074959,0.12430097
VT TQQQ/BTAL t25 w0-60 QQQ:VOL_EWMA80 gate QQQ<SMA200,sens,sens_2016-01-04,2016-01-04,2020-12-31,false,true,"{""*"": 6, ""BTAL"": 6, ""DBMF"": 2.5, ""KMLM"": 6, ""QQQ"": 1, ""SPY"": 0.7, ""TQQQ"": 1.5}",0.03000000,tests/data/2026-08-20-net15,BTAL,0.25000000,0.60000000,QQQ<SMA200,0.00949314,0.19433645,0.00946564,0.19435042,87139.94012588,39500.00000000,47639.94012588,1.20607443,0.25179851,0.25961129,1.05489168,0.24061148,1.43493470,1.04947474,-0.23992813,,2017,0.56050592,2016,0.02430068,467345.15914565,177.69454159,1.12166576,0.00449860,0.51792656,0.39861932,,,0.48163264,0.12424690
VT TQQQ/BTAL t25 w0-70 QQQ:VOL_EWMA80,sens,sens_2016-01-04,2016-01-04,2020-12-31,false,true,"{""*"": 6, ""BTAL"": 6, ""DBMF"": 2.5, ""KMLM"": 6, ""QQQ"": 1, ""SPY"": 0.7, ""TQQQ"": 1.5}",0.03000000,tests/data/2026-08-20-net15,BTAL,0.25000000,0.70000000,,0.00039956,0.00160554,0.00038783,0.00150059,91112.70962398,39500.00000000,51612.70962398,1.30665088,0.27557587,0.27482584,1.05438143,0.26433303,1.43592364,1.04956706,-0.26256147,432,2017,0.65174264,2018,0.04857674,649544.57712858,244.94776591,1.47918523,0.00620121,0.46583603,0.29849941,,,0.53371630,0.12429301
VT TQQQ/BTAL t25 w0-70 QQQ:VOL_EWMA80 gate QQQ<SMA200,sens,sens_2016-01-04,2016-01-04,2020-12-31,false,true,"{""*"": 6, ""BTAL"": 6, ""DBMF"": 2.5, ""KMLM"": 6, ""QQQ"": 1, ""SPY"": 0.7, ""TQQQ"": 1.5}",0.03000000,tests/data/2026-08-20-net15,BTAL,0.25000000,0.70000000,QQQ<SMA200,0.00877410,0.19433645,0.00875699,0.19435042,89703.29703682,39500.00000000,50203.29703682,1.27096955,0.26532950,0.26949670,1.02986257,0.26226025,1.40019543,1.10604193,-0.23989100,,2017,0.65174279,2016,0.03802212,635810.29981630,240.46113641,1.47559312,0.00608762,0.47429915,0.29863435,,,0.52526999,0.12426199
VT TQQQ/BTAL t25 w0-80 QQQ:VOL_EWMA80,sens,sens_2016-01-04,2016-01-04,2020-12-31,false,true,"{""*"": 6, ""BTAL"": 6, ""DBMF"": 2.5, ""KMLM"": 6, ""QQQ"": 1, ""SPY"": 0.7, ""TQQQ"": 1.5}",0.03000000,tests/data/2026-08-20-net15,BTAL,0.25000000,0.80000000,,0.00034628,0.00103219,0.00033560,0.00097299,93421.72259264,39500.00000000,53921.72259264,1.36510690,0.28871749,0.28340087,1.04230611,0.28191041,1.41929494,0.98621774,-0.29275228,455,2017,0.74651517,2018,0.02994255,838996.17153668,315.58196043,1.84320026,0.00798942,0.43279812,0.19909203,,,0.56679407,0.12425796
VT TQQQ/BTAL t25 w0-80 QQQ:VOL_EWMA80 gate QQQ<SMA200,sens,sens_2016-01-04,2016-01-04,2020-12-31,false,true,"{""*"": 6, ""BTAL"": 6, ""DBMF"": 2.5, ""KMLM"": 6, ""QQQ"": 1, ""SPY"": 0.7, ""TQQQ"": 1.5}",0.03000000,tests/data/2026-08-20-net15,BTAL,0.25000000,0.80000000,QQQ<SMA200,0.00873598,0.19433645,0.00873802,0.19435042,91956.31591972,39500.00000000,52456.31591972,1.32800800,0.27845028,0.27798080,1.01896055,0.27998232,1.38551611,1.04759135,-0.26580048,455,2017,0.74652382,2016,0.05918014,820596.86151091,309.32513226,1.83775357,0.00783102,0.44119296,0.19941526,,,0.55839186,0.12423120
VT TQQQ/BTAL t30 w0-50 QQQ:VOL_EWMA80,sens,sens_2016-01-04,2016-01-04,2020-12-31,false,true,"{""*"": 6, ""BTAL"": 6, ""DBMF"": 2.5, ""KMLM"": 6, ""QQQ"": 1, ""SPY"": 0.7, ""TQQQ"": 1.5}",0.03000000,tests/data/2026-08-20-net15,BTAL,0.30000000,0.50000000,,0.00044972,0.00192389,0.00040593,0.00184129,90401.16546564,39500.00000000,50901.16546564,1.28863710,0.26238647,0.27214461,1.12287475,0.23160748,1.54058176,1.04681053,-0.25065326,140,2019,0.48826530,2018,0.06526425,290578.91972582,111.41180077,0.69972711,0.00282055,0.54296779,0.49820972,,,0.45655892,0.14914505
VT TQQQ/BTAL t30 w0-50 QQQ:VOL_EWMA80 gate QQQ<SMA200,sens,sens_2016-01-04,2016-01-04,2020-12-31,false,true,"{""*"": 6, ""BTAL"": 6, ""DBMF"": 2.5, ""KMLM"": 6, ""QQQ"": 1, ""SPY"": 0.7, ""TQQQ"": 1.5}",0.03000000,tests/data/2026-08-20-net15,BTAL,0.30000000,0.50000000,QQQ<SMA200,0.01042061,0.19202361,0.01037594,0.19203787,89102.44817627,39500.00000000,49602.44817627,1.25575818,0.25199637,0.26720226,1.10158739,0.22777928,1.50680521,1.00540186,-0.25064243,140,2017,0.47749733,2016,0.02267062,280054.69524521,107.95094491,0.68708143,0.00273294,0.55295589,0.49846856,,,0.44655965,0.14909093
VT TQQQ/BTAL t30 w0-60 QQQ:VOL_EWMA80,sens,sens_2016-01-04,2016-01-04,2020-12-31,false,true,"{""*"": 6, ""BTAL"": 6, ""DBMF"": 2.5, ""KMLM"": 6, ""QQQ"": 1, ""SPY"": 0.7, ""TQQQ"": 1.5}",0.03000000,tests/data/2026-08-20-net15,BTAL,0.30000000,0.60000000,,0.00043482,0.00192389,0.00039753,0.00184129,98395.22253572,39500.00000000,58895.22253572,1.49101829,0.29422650,0.30125313,1.11309719,0.26317494,1.51416019,1.08309939,-0.27165235,140,2017,0.58806700,2018,0.06706326,443479.40402882,168.16881046,0.99506046,0.00425744,0.47654497,0.39898661,,,0.52298995,0.14914221
VT TQQQ/BTAL t30 w0-60 QQQ:VOL_EWMA80 gate QQQ<SMA200,sens,sens_2016-01-04,2016-01-04,2020-12-31,false,true,"{""*"": 6, ""BTAL"": 6, ""DBMF"": 2.5, ""KMLM"": 6, ""QQQ"": 1, ""SPY"": 0.7, ""TQQQ"": 1.5}",0.03000000,tests/data/2026-08-20-net15,BTAL,0.30000000,0.60000000,QQQ<SMA200,0.01108753,0.23249927,0.01105076,0.23251353,96580.54813586,39500.00000000,57080.54813586,1.44507717,0.28128612,0.29483357,1.08648024,0.25948128,1.47274652,1.03560122,-0.27161626,140,2017,0.58802785,2016,0.02878377,430227.74430796,163.82406163,0.98811553,0.00414744,0.48728895,0.39843575,,,0.51226556,0.14913665
VT TQQQ/BTAL t30 w0-70 QQQ:VOL_EWMA80,sens,sens_2016-01-04,2016-01-04,2020-12-31,false,true,"{""*"": 6, ""BTAL"": 6, ""DBMF"": 2.5, ""KMLM"": 6, ""QQQ"": 1, ""SPY"": 0.7, ""TQQQ"": 1.5}",0.03000000,tests/data/2026-08-20-net15,BTAL,0.30000000,0.70000000,,0.00039199,0.00192389,0.00037053,0.00184129,103362.20525786,39500.00000000,63862.20525786,1.61676469,0.31302023,0.31830601,1.08705009,0.28956231,1.47648530,1.09135354,-0.28681836,320,2017,0.68659388,2018,0.04824310,605945.11782332,228.70361789,1.30725200,0.00578997,0.42079658,0.29857786,,,0.57877120,0.14913859
VT TQQQ/BTAL t30 w0-70 QQQ:VOL_EWMA80 gate QQQ<SMA200,sens,sens_2016-01-04,2016-01-04,2020-12-31,false,true,"{""*"": 6, ""BTAL"": 6, ""DBMF"": 2.5, ""KMLM"": 6, ""QQQ"": 1, ""SPY"": 0.7, ""TQQQ"": 1.5}",0.03000000,tests/data/2026-08-20-net15,BTAL,0.30000000,0.70000000,QQQ<SMA200,0.01107846,0.23249927,0.01104959,0.23251353,101386.86054440,39500.00000000,61886.86054440,1.56675596,0.29980389,0.31161227,1.06123452,0.28614123,1.43703603,1.10383243,-0.27160272,140,2017,0.68662919,2016,0.03425276,588594.33683200,222.86370317,1.30049088,0.00564212,0.43158868,0.29840295,,,0.56800419,0.14910149
VT TQQQ/BTAL t30 w0-80 QQQ:VOL_EWMA80,sens,sens_2016-01-04,2016-01-04,2020-12-31,false,true,"{""*"": 6, ""BTAL"": 6, ""DBMF"": 2.5, ""KMLM"": 6, ""QQQ"": 1, ""SPY"": 0.7, ""TQQQ"": 1.5}",0.03000000,tests/data/2026-08-20-net15,BTAL,0.30000000,0.80000000,,0.00041899,0.00192389,0.00040230,0.00184129,105862.36814313,39500.00000000,66362.36814313,1.68005995,0.32411210,0.32661904,1.05387519,0.31369260,1.42986546,1.02565536,-0.31600488,443,2017,0.78538520,2018,0.02282284,789675.95967918,296.59635679,1.65513708,0.00750877,0.37445926,0.19875508,,,0.62506972,0.14915347
VT TQQQ/BTAL t30 w0-80 QQQ:VOL_EWMA80 gate QQQ<SMA200,sens,sens_2016-01-04,2016-01-04,2020-12-31,false,true,"{""*"": 6, ""BTAL"": 6, ""DBMF"": 2.5, ""KMLM"": 6, ""QQQ"": 1, ""SPY"": 0.7, ""TQQQ"": 1.5}",0.03000000,tests/data/2026-08-20-net15,BTAL,0.30000000,0.80000000,QQQ<SMA200,0.01096384,0.23249927,0.01094907,0.23251353,103856.63177626,39500.00000000,64356.63177626,1.62928182,0.31110691,0.31996386,1.02951576,0.31057891,1.39324985,1.14242393,-0.27232177,440,2017,0.78539778,2016,0.04095545,767526.06286211,288.97969611,1.64717887,0.00731594,0.38502377,0.19837014,,,0.61449553,0.14909467
VT TQQQ/BTAL t35 w0-50 QQQ:VOL_EWMA80,sens,sens_2016-01-04,2016-01-04,2020-12-31,false,true,"{""*"": 6, ""BTAL"": 6, ""DBMF"": 2.5, ""KMLM"": 6, ""QQQ"": 1, ""SPY"": 0.7, ""TQQQ"": 1.5}",0.03000000,tests/data/2026-08-20-net15,BTAL,0.35000000,0.50000000,,0.00035477,0.00143853,0.00030985,0.00153657,95033.28869432,39500.00000000,55533.28869432,1.40590604,0.27462812,0.28927549,1.12408958,0.24218624,1.54559976,1.01499029,-0.27057216,138,2019,0.51809683,2018,0.03853283,252836.23715191,97.18936826,0.60613210,0.00246049,0.52959364,0.49846343,,,0.47003103,0.17401014
VT TQQQ/BTAL t35 w0-50 QQQ:VOL_EWMA80 gate QQQ<SMA200,sens,sens_2016-01-04,2016-01-04,2020-12-31,false,true,"{""*"": 6, ""BTAL"": 6, ""DBMF"": 2.5, ""KMLM"": 6, ""QQQ"": 1, ""SPY"": 0.7, ""TQQQ"": 1.5}",0.03000000,tests/data/2026-08-20-net15,BTAL,0.35000000,0.50000000,QQQ<SMA200,0.01041000,0.20561203,0.01035727,0.20561558,94303.48435690,39500.00000000,54803.48435690,1.38742998,0.26783007,0.28662613,1.11923634,0.23743783,1.53618895,0.98972515,-0.27061055,138,2017,0.47746184,2016,0.03574204,241390.15264067,93.16371064,0.58534952,0.00235857,0.53964586,0.49846343,,,0.45995724,0.17395115
VT TQQQ/BTAL t35 w0-60 QQQ:VOL_EWMA80,sens,sens_2016-01-04,2016-01-04,2020-12-31,false,true,"{""*"": 6, ""BTAL"": 6, ""DBMF"": 2.5, ""KMLM"": 6, ""QQQ"": 1, ""SPY"": 0.7, ""TQQQ"": 1.5}",0.03000000,tests/data/2026-08-20-net15,BTAL,0.35000000,0.60000000,,0.00040136,0.00189947,0.00036047,0.00186968,105388.17083535,39500.00000000,65888.17083535,1.66805496,0.31317123,0.32505566,1.12304719,0.27718645,1.53203998,1.03590406,-0.30231682,141,2017,0.59982422,2018,0.04480029,372743.16847790,141.81272373,0.82129444,0.00359020,0.45506917,0.39813032,,,0.54450289,0.17400825
VT TQQQ/BTAL t35 w0-60 QQQ:VOL_EWMA80 gate QQQ<SMA200,sens,sens_2016-01-04,2016-01-04,2020-12-31,false,true,"{""*"": 6, ""BTAL"": 6, ""DBMF"": 2.5, ""KMLM"": 6, ""QQQ"": 1, ""SPY"": 0.7, ""TQQQ"": 1.5}",0.03000000,tests/data/2026-08-20-net15,BTAL,0.35000000,0.60000000,QQQ<SMA200,0.01210606,0.23975384,0.01207329,0.23976840,103658.67965438,39500.00000000,64158.67965438,1.62427037,0.30063736,0.31930094,1.10302522,0.27230460,1.49904199,0.99450431,-0.30229870,141,2017,0.59990209,2016,0.03265916,357192.35527032,136.40462194,0.80448138,0.00345328,0.46691280,0.39870199,,,0.53272176,0.17401053
VT TQQQ/BTAL t35 w0-70 QQQ:VOL_EWMA80,sens,sens_2016-01-04,2016-01-04,2020-12-31,false,true,"{""*"": 6, ""BTAL"": 6, ""DBMF"": 2.5, ""KMLM"": 6, ""QQQ"": 1, ""SPY"": 0.7, ""TQQQ"": 1.5}",0.03000000,tests/data/2026-08-20-net15,BTAL,0.35000000,0.70000000,,0.00039438,0.00128559,0.00036044,0.00132799,113860.06465386,39500.00000000,74360.06465386,1.88253328,0.34266904,0.35210400,1.10635416,0.31050143,1.49970546,1.07108569,-0.31992682,141,2017,0.71609882,2018,0.04204939,561123.41635893,211.58794451,1.15800438,0.00535666,0.38940663,0.29867201,,,0.61016504,0.17402177
VT TQQQ/BTAL t35 w0-70 QQQ:VOL_EWMA80 gate QQQ<SMA200,sens,sens_2016-01-04,2016-01-04,2020-12-31,false,true,"{""*"": 6, ""BTAL"": 6, ""DBMF"": 2.5, ""KMLM"": 6, ""QQQ"": 1, ""SPY"": 0.7, ""TQQQ"": 1.5}",0.03000000,tests/data/2026-08-20-net15,BTAL,0.35000000,0.70000000,QQQ<SMA200,0.01265282,0.27030878,0.01261959,0.27032334,111587.95864611,39500.00000000,72087.95864611,1.82501161,0.32800908,0.34502719,1.08249298,0.30588786,1.46172880,1.02516829,-0.31995633,141,2017,0.71610965,2016,0.03806425,541611.65788952,204.89148723,1.14689195,0.00518713,0.40176051,0.29897153,,,0.59784035,0.17398893
VT TQQQ/BTAL t35 w0-80 QQQ:VOL_EWMA80,sens,sens_2016-01-04,2016-01-04,2020-12-31,false,true,"{""*"": 6, ""BTAL"": 6, ""DBMF"": 2.5, ""KMLM"": 6, ""QQQ"": 1, ""SPY"": 0.7, ""TQQQ"": 1.5}",0.03000000,tests/data/2026-08-20-net15,BTAL,0.35000000,0.80000000,,0.00037888,0.00150389,0.00037143,0.00163221,119546.55545776,39500.00000000,80046.55545776,2.02649507,0.36136117,0.36928995,1.08295567,0.33854894,1.46677484,1.06532823,-0.33920173,429,2017,0.82131386,2018,0.02207212,756605.17670736,284.36828471,1.50285731,0.00719920,0.33294954,0.19883623,,,0.66662686,0.17402489
VT TQQQ/BTAL t35 w0-80 QQQ:VOL_EWMA80 gate QQQ<SMA200,sens,sens_2016-01-04,2016-01-04,2020-12-31,false,true,"{""*"": 6, ""BTAL"": 6, ""DBMF"": 2.5, ""KMLM"": 6, ""QQQ"": 1, ""SPY"": 0.7, ""TQQQ"": 1.5}",0.03000000,tests/data/2026-08-20-net15,BTAL,0.35000000,0.80000000,QQQ<SMA200,0.01270302,0.27030878,0.01269200,0.27032334,117121.16843511,39500.00000000,77621.16843511,1.96509287,0.34654218,0.36204887,1.05980591,0.33424801,1.43070162,1.08315674,-0.31993724,141,2017,0.82126490,2016,0.04323610,731493.66706637,275.69462945,1.49143740,0.00697961,0.34528421,0.19849541,,,0.65428207,0.17398059
VT TQQQ/BTAL t40 w0-50 QQQ:VOL_EWMA80,sens,sens_2016-01-04,2016-01-04,2020-12-31,false,true,"{""*"": 6, ""BTAL"": 6, ""DBMF"": 2.5, ""KMLM"": 6, ""QQQ"": 1, ""SPY"": 0.7, ""TQQQ"": 1.5}",0.03000000,tests/data/2026-08-20-net15,BTAL,0.40000000,0.50000000,,0.00043533,0.00149503,0.00036899,0.00153657,97845.56537906,39500.00000000,58345.56537906,1.47710292,0.28334387,0.29931976,1.11773116,0.25180277,1.53864033,0.97538759,-0.29049362,138,2019,0.53998086,2018,0.01719937,234804.77840744,90.85677326,0.56005263,0.00230017,0.51976785,0.49846343,,,0.47977830,0.19884222
VT TQQQ/BTAL t40 w0-50 QQQ:VOL_EWMA80 gate QQQ<SMA200,sens,sens_2016-01-04,2016-01-04,2020-12-31,false,true,"{""*"": 6, ""BTAL"": 6, ""DBMF"": 2.5, ""KMLM"": 6, ""QQQ"": 1, ""SPY"": 0.7, ""TQQQ"": 1.5}",0.03000000,tests/data/2026-08-20-net15,BTAL,0.40000000,0.50000000,QQQ<SMA200,0.01063531,0.18353907,0.01059599,0.18354273,97803.53231352,39500.00000000,58303.53231352,1.47603879,0.27967399,0.29917152,1.12695888,0.24589051,1.55015641,0.96257941,-0.29054641,138,2019,0.47859808,2016,0.05493729,221217.94087857,86.21366080,0.53042066,0.00218262,0.53006935,0.49846343,,,0.46951161,0.19885650
VT TQQQ/BTAL t40 w0-60 QQQ:VOL_EWMA80,sens,sens_2016-01-04,2016-01-04,2020-12-31,false,true,"{""*"": 6, ""BTAL"": 6, ""DBMF"": 2.5, ""KMLM"": 6, ""QQQ"": 1, ""SPY"": 0.7, ""TQQQ"": 1.5}",0.03000000,tests/data/2026-08-20-net15,BTAL,0.40000000,0.60000000,,0.00038719,0.00176828,0.00034018,0.00162403,110627.73674350,39500.00000000,71127.73674350,1.80070220,0.32420928,0.34199855,1.11708800,0.28924003,1.52628841,1.00881507,-0.32137633,140,2019,0.61916968,2018,0.01546887,336372.23490258,127.90716936,0.74065269,0.00323816,0.44023461,0.39843790,,,0.55935440,0.19885826
VT TQQQ/BTAL t40 w0-60 QQQ:VOL_EWMA80 gate QQQ<SMA200,sens,sens_2016-01-04,2016-01-04,2020-12-31,false,true,"{""*"": 6, ""BTAL"": 6, ""DBMF"": 2.5, ""KMLM"": 6, ""QQQ"": 1, ""SPY"": 0.7, ""TQQQ"": 1.5}",0.03000000,tests/data/2026-08-20-net15,BTAL,0.40000000,0.60000000,QQQ<SMA200,0.01218072,0.23289922,0.01213380,0.23290268,109643.74926172,39500.00000000,70143.74926172,1.77579112,0.31554590,0.33887102,1.11085445,0.28346219,1.51369611,0.98191177,-0.32135871,140,2017,0.59986343,2016,0.03865748,321403.92579074,122.72091748,0.71781931,0.00310686,0.45206767,0.39913861,,,0.54751700,0.19882623
VT TQQQ/BTAL t40 w0-70 QQQ:VOL_EWMA80,sens,sens_2016-01-04,2016-01-04,2020-12-31,false,true,"{""*"": 6, ""BTAL"": 6, ""DBMF"": 2.5, ""KMLM"": 6, ""QQQ"": 1, ""SPY"": 0.7, ""TQQQ"": 1.5}",0.03000000,tests/data/2026-08-20-net15,BTAL,0.40000000,0.70000000,,0.00034575,0.00148146,0.00031695,0.00146303,121824.51051988,39500.00000000,82324.51051988,2.08416482,0.36215040,0.37597540,1.11465330,0.32542050,1.51467586,1.03246028,-0.35076449,141,2017,0.73083705,2018,0.01978428,482617.32309962,182.43064630,0.97674099,0.00461850,0.36731553,0.29853697,,,0.63230877,0.19887410
VT TQQQ/BTAL t40 w0-70 QQQ:VOL_EWMA80 gate QQQ<SMA200,sens,sens_2016-01-04,2016-01-04,2020-12-31,false,true,"{""*"": 6, ""BTAL"": 6, ""DBMF"": 2.5, ""KMLM"": 6, ""QQQ"": 1, ""SPY"": 0.7, ""TQQQ"": 1.5}",0.03000000,tests/data/2026-08-20-net15,BTAL,0.40000000,0.70000000,QQQ<SMA200,0.01386891,0.28738670,0.01383623,0.28740098,119627.33181742,39500.00000000,80127.33181742,2.02854005,0.34759150,0.36952891,1.09562054,0.31953265,1.48255714,0.99093743,-0.35077038,141,2017,0.73087937,2016,0.04116746,461057.92414613,174.77039207,0.95655528,0.00442457,0.38077573,0.29891577,,,0.61877928,0.19885514
VT TQQQ/BTAL t40 w0-80 QQQ:VOL_EWMA80,sens,sens_2016-01-04,2016-01-04,2020-12-31,false,true,"{""*"": 6, ""BTAL"": 6, ""DBMF"": 2.5, ""KMLM"": 6, ""QQQ"": 1, ""SPY"": 0.7, ""TQQQ"": 1.5}",0.03000000,tests/data/2026-08-20-net15,BTAL,0.40000000,0.80000000,,0.00038815,0.00152169,0.00036593,0.00155179,130706.05490053,39500.00000000,91206.05490053,2.30901405,0.38938005,0.40104607,1.09653374,0.35991837,1.48323740,1.06555808,-0.36542358,142,2017,0.85286232,2018,0.01416897,698512.31370022,261.90289492,1.33030822,0.00663045,0.30222711,0.19866290,,,0.69734690,0.19882744
VT TQQQ/BTAL t40 w0-80 QQQ:VOL_EWMA80 gate QQQ<SMA200,sens,sens_2016-01-04,2016-01-04,2020-12-31,false,true,"{""*"": 6, ""BTAL"": 6, ""DBMF"": 2.5, ""KMLM"": 6, ""QQQ"": 1, ""SPY"": 0.7, ""TQQQ"": 1.5}",0.03000000,tests/data/2026-08-20-net15,BTAL,0.40000000,0.80000000,QQQ<SMA200,0.01420013,0.30802091,0.01417250,0.30803520,128037.80393818,39500.00000000,88537.80393818,2.24146339,0.37337335,0.39367352,1.07533809,0.35440584,1.44884683,1.02165925,-0.36545780,142,2017,0.85284168,2016,0.04630199,671635.35537366,252.56224241,1.31466621,0.00639398,0.31609835,0.19870124,,,0.68347021,0.19887572
VT TQQQ/cash t25 w0-50 QQQ:VOL_EWMA80,sens,sens_2016-01-04,2016-01-04,2020-12-31,false,true,"{""*"": 6, ""BTAL"": 6, ""DBMF"": 2.5, ""KMLM"": 6, ""QQQ"": 1, ""SPY"": 0.7, ""TQQQ"": 1.5}",0.03000000,tests/data/2026-08-20-net15,,0.25000000,0.50000000,,0.00007144,0.00015478,0.00007587,0.00015538,93286.25713877,39500.00000000,53786.25713877,1.36167740,0.27067309,0.28290299,1.15781022,0.22999736,1.55508650,0.99876657,-0.27100736,168,2017,0.50797557,2018,0.01234191,169493.89825114,25.42408474,0.41507370,0.00064365,,,,,0.43581072,0.12422652
VT TQQQ/cash t25 w0-50 QQQ:VOL_EWMA80 gate QQQ<SMA200,sens,sens_2016-01-04,2016-01-04,2020-12-31,false,true,"{""*"": 6, ""BTAL"": 6, ""DBMF"": 2.5, ""KMLM"": 6, ""QQQ"": 1, ""SPY"": 0.7, ""TQQQ"": 1.5}",0.03000000,tests/data/2026-08-20-net15,,0.25000000,0.50000000,QQQ<SMA200,0.00925272,0.19572573,0.00925655,0.19572573,92056.85490522,39500.00000000,52556.85490522,1.33055329,0.26098396,0.27835509,1.13895239,0.22635281,1.52345020,0.96293445,-0.27102983,168,2017,0.50796479,2018,0.04391442,163952.43295136,24.59286494,0.40868527,0.00062260,,,,,0.42663003,0.12429684
VT TQQQ/cash t25 w0-60 QQQ:VOL_EWMA80,sens,sens_2016-01-04,2016-01-04,2020-12-31,false,true,"{""*"": 6, ""BTAL"": 6, ""DBMF"": 2.5, ""KMLM"": 6, ""QQQ"": 1, ""SPY"": 0.7, ""TQQQ"": 1.5}",0.03000000,tests/data/2026-08-20-net15,,0.25000000,0.60000000,,0.00006563,0.00016598,0.00007087,0.00018572,99079.80769651,39500.00000000,59579.80769651,1.50834956,0.29217843,0.30364785,1.13639566,0.25437580,1.52746251,1.06264383,-0.27495424,329,2017,0.59753525,2018,0.00131601,245079.97384405,36.76199608,0.57409206,0.00093068,,,,,0.49076204,0.12428379
VT TQQQ/cash t25 w0-60 QQQ:VOL_EWMA80 gate QQQ<SMA200,sens,sens_2016-01-04,2016-01-04,2020-12-31,false,true,"{""*"": 6, ""BTAL"": 6, ""DBMF"": 2.5, ""KMLM"": 6, ""QQQ"": 1, ""SPY"": 0.7, ""TQQQ"": 1.5}",0.03000000,tests/data/2026-08-20-net15,,0.25000000,0.60000000,QQQ<SMA200,0.00932131,0.19572573,0.00932668,0.19572573,97731.50906105,39500.00000000,58231.50906105,1.47421542,0.28225715,0.29891738,1.11756013,0.25100076,1.49693364,1.04152280,-0.27100429,168,2017,0.59751318,2018,0.03263124,238045.17485905,35.70677623,0.56779301,0.00090397,,,,,0.48150623,0.12430675
VT TQQQ/cash t25 w0-70 QQQ:VOL_EWMA80,sens,sens_2016-01-04,2016-01-04,2020-12-31,false,true,"{""*"": 6, ""BTAL"": 6, ""DBMF"": 2.5, ""KMLM"": 6, ""QQQ"": 1, ""SPY"": 0.7, ""TQQQ"": 1.5}",0.03000000,tests/data/2026-08-20-net15,,0.25000000,0.70000000,,0.00006345,0.00015261,0.00007097,0.00015317,102777.35138920,39500.00000000,63277.35138920,1.60195826,0.30661488,0.31633594,1.11311266,0.27455076,1.49761051,1.02387551,-0.29946500,443,2017,0.69157214,2018,-0.01372496,334140.51395598,50.12107709,0.75609212,0.00126889,,,,,0.53371735,0.12428842
VT TQQQ/cash t25 w0-70 QQQ:VOL_EWMA80 gate QQQ<SMA200,sens,sens_2016-01-04,2016-01-04,2020-12-31,false,true,"{""*"": 6, ""BTAL"": 6, ""DBMF"": 2.5, ""KMLM"": 6, ""QQQ"": 1, ""SPY"": 0.7, ""TQQQ"": 1.5}",0.03000000,tests/data/2026-08-20-net15,,0.25000000,0.70000000,QQQ<SMA200,0.00863284,0.19572573,0.00864190,0.19572573,101561.08514783,39500.00000000,62061.08514783,1.57116671,0.29783321,0.31220724,1.09722070,0.27165848,1.47248820,1.09897857,-0.27100912,168,2017,0.69159148,2018,0.01707152,325956.68746867,48.89350312,0.74934641,0.00123781,,,,,0.52514642,0.12423136
VT TQQQ/cash t25 w0-80 QQQ:VOL_EWMA80,sens,sens_2016-01-04,2016-01-04,2020-12-31,false,true,"{""*"": 6, ""BTAL"": 6, ""DBMF"": 2.5, ""KMLM"": 6, ""QQQ"": 1, ""SPY"": 0.7, ""TQQQ"": 1.5}",0.03000000,tests/data/2026-08-20-net15,,0.25000000,0.80000000,,0.00006469,0.00013568,0.00007133,0.00014225,106229.15650188,39500.00000000,66729.15650188,1.68934573,0.32103051,0.32782410,1.10505177,0.29068080,1.48904788,0.99132245,-0.32384065,471,2017,0.79000020,2018,-0.02439775,431242.75989116,64.68641398,0.94047067,0.00163763,,,,,0.56680746,0.12425111
VT TQQQ/cash t25 w0-80 QQQ:VOL_EWMA80 gate QQQ<SMA200,sens,sens_2016-01-04,2016-01-04,2020-12-31,false,true,"{""*"": 6, ""BTAL"": 6, ""DBMF"": 2.5, ""KMLM"": 6, ""QQQ"": 1, ""SPY"": 0.7, ""TQQQ"": 1.5}",0.03000000,tests/data/2026-08-20-net15,,0.25000000,0.80000000,QQQ<SMA200,0.00844350,0.19572573,0.00845104,0.19572573,104995.33660087,39500.00000000,65495.33660087,1.65810979,0.31245639,0.32375585,1.08993606,0.28803116,1.46554517,1.07368296,-0.29101364,471,2017,0.79000120,2018,0.00607661,421297.58714408,63.19463807,0.93313796,0.00159986,,,,,0.55842775,0.12422175
VT TQQQ/cash t30 w0-50 QQQ:VOL_EWMA80,sens,sens_2016-01-04,2016-01-04,2020-12-31,false,true,"{""*"": 6, ""BTAL"": 6, ""DBMF"": 2.5, ""KMLM"": 6, ""QQQ"": 1, ""SPY"": 0.7, ""TQQQ"": 1.5}",0.03000000,tests/data/2026-08-20-net15,,0.30000000,0.50000000,,0.00008218,0.00019609,0.00008628,0.00019697,98364.67347283,39500.00000000,58864.67347283,1.49024490,0.28522365,0.30114593,1.14749703,0.24515707,1.54634852,0.95717720,-0.29798417,166,2017,0.51678145,2018,-0.00577323,139905.42331861,20.98581350,0.33775480,0.00053129,,,,,0.45654794,0.14909188
VT TQQQ/cash t30 w0-50 QQQ:VOL_EWMA80 gate QQQ<SMA200,sens,sens_2016-01-04,2016-01-04,2020-12-31,false,true,"{""*"": 6, ""BTAL"": 6, ""DBMF"": 2.5, ""KMLM"": 6, ""QQQ"": 1, ""SPY"": 0.7, ""TQQQ"": 1.5}",0.03000000,tests/data/2026-08-20-net15,,0.30000000,0.50000000,QQQ<SMA200,0.01017428,0.19351390,0.01017730,0.19351390,97277.50303343,39500.00000000,57777.50303343,1.46272160,0.27625451,0.29731157,1.13539780,0.24063212,1.52401662,0.92696816,-0.29801942,166,2017,0.51680951,2018,0.03207189,133591.24001371,20.03868600,0.32769801,0.00050731,,,,,0.44645692,0.14915249
VT TQQQ/cash t30 w0-60 QQQ:VOL_EWMA80,sens,sens_2016-01-04,2016-01-04,2020-12-31,false,true,"{""*"": 6, ""BTAL"": 6, ""DBMF"": 2.5, ""KMLM"": 6, ""QQQ"": 1, ""SPY"": 0.7, ""TQQQ"": 1.5}",0.03000000,tests/data/2026-08-20-net15,,0.30000000,0.60000000,,0.00006774,0.00016571,0.00007235,0.00016858,107471.56907506,39500.00000000,67971.56907506,1.72079922,0.31776102,0.33187906,1.13736709,0.27671461,1.52780162,1.00281355,-0.31686949,169,2017,0.62278807,2018,0.00127084,222308.90599048,33.34633590,0.49977812,0.00084421,,,,,0.52299156,0.14913355
VT TQQQ/cash t30 w0-60 QQQ:VOL_EWMA80 gate QQQ<SMA200,sens,sens_2016-01-04,2016-01-04,2020-12-31,false,true,"{""*"": 6, ""BTAL"": 6, ""DBMF"": 2.5, ""KMLM"": 6, ""QQQ"": 1, ""SPY"": 0.7, ""TQQQ"": 1.5}",0.03000000,tests/data/2026-08-20-net15,,0.30000000,0.60000000,QQQ<SMA200,0.01091213,0.23398957,0.01091715,0.23398957,105897.00763702,39500.00000000,66397.00763702,1.68093690,0.30648947,0.32673300,1.11962083,0.27235822,1.49789648,0.96743486,-0.31680631,169,2017,0.62272452,2018,0.03928803,214346.52418582,32.15197863,0.49166463,0.00081397,,,,,0.51214676,0.14916314
VT TQQQ/cash t30 w0-70 QQQ:VOL_EWMA80,sens,sens_2016-01-04,2016-01-04,2020-12-31,false,true,"{""*"": 6, ""BTAL"": 6, ""DBMF"": 2.5, ""KMLM"": 6, ""QQQ"": 1, ""SPY"": 0.7, ""TQQQ"": 1.5}",0.03000000,tests/data/2026-08-20-net15,,0.30000000,0.70000000,,0.00005983,0.00013726,0.00006690,0.00015162,114261.13282537,39500.00000000,74761.13282537,1.89268691,0.33972511,0.35334037,1.12237807,0.30169230,1.50887873,1.05830549,-0.32100855,429,2017,0.71792117,2018,-0.01065279,310653.09086381,46.59796363,0.66811586,0.00117970,,,,,0.57878596,0.14914271
VT TQQQ/cash t30 w0-70 QQQ:VOL_EWMA80 gate QQQ<SMA200,sens,sens_2016-01-04,2016-01-04,2020-12-31,false,true,"{""*"": 6, ""BTAL"": 6, ""DBMF"": 2.5, ""KMLM"": 6, ""QQQ"": 1, ""SPY"": 0.7, ""TQQQ"": 1.5}",0.03000000,tests/data/2026-08-20-net15,,0.30000000,0.70000000,QQQ<SMA200,0.01092766,0.23398957,0.01093347,0.23398957,112547.52794194,39500.00000000,73047.52794194,1.84930450,0.32826240,0.34803111,1.10467133,0.29765112,1.47995637,1.03605338,-0.31683927,169,2017,0.71791893,2018,0.02698585,300696.60553224,45.10449083,0.66000613,0.00114189,,,,,0.56791938,0.14908840
VT TQQQ/cash t30 w0-80 QQQ:VOL_EWMA80,sens,sens_2016-01-04,2016-01-04,2020-12-31,false,true,"{""*"": 6, ""BTAL"": 6, ""DBMF"": 2.5, ""KMLM"": 6, ""QQQ"": 1, ""SPY"": 0.7, ""TQQQ"": 1.5}",0.03000000,tests/data/2026-08-20-net15,,0.30000000,0.80000000,,0.00007286,0.00013750,0.00007971,0.00014955,118507.74415846,39500.00000000,79007.74415846,2.00019605,0.35416943,0.36620435,1.10076352,0.32374947,1.48103053,1.02759430,-0.34465881,443,2017,0.81722991,2018,-0.02787748,408079.45260194,61.21191789,0.84813325,0.00154967,,,,,0.62507666,0.14916359
VT TQQQ/cash t30 w0-80 QQQ:VOL_EWMA80 gate QQQ<SMA200,sens,sens_2016-01-04,2016-01-04,2020-12-31,false,true,"{""*"": 6, ""BTAL"": 6, ""DBMF"": 2.5, ""KMLM"": 6, ""QQQ"": 1, ""SPY"": 0.7, ""TQQQ"": 1.5}",0.03000000,tests/data/2026-08-20-net15,,0.30000000,0.80000000,QQQ<SMA200,0.01072367,0.23398957,0.01073245,0.23398957,116764.42063310,39500.00000000,77264.42063310,1.95606128,0.34296203,0.36097280,1.08383129,0.32003339,1.45399648,1.08255554,-0.31680779,169,2017,0.81725090,2018,0.00908441,396014.56212853,59.40218432,0.83957172,0.00150385,,,,,0.61442392,0.14914337
VT TQQQ/cash t35 w0-50 QQQ:VOL_EWMA80,sens,sens_2016-01-04,2016-01-04,2020-12-31,false,true,"{""*"": 6, ""BTAL"": 6, ""DBMF"": 2.5, ""KMLM"": 6, ""QQQ"": 1, ""SPY"": 0.7, ""TQQQ"": 1.5}",0.03000000,tests/data/2026-08-20-net15,,0.35000000,0.50000000,,0.00007035,0.00016444,0.00007388,0.00016702,102080.14179908,39500.00000000,62580.14179908,1.58430739,0.29433550,0.31397450,1.13236496,0.25742077,1.52942452,0.93249874,-0.31564171,152,2019,0.52580050,2018,-0.02844489,121075.43697234,18.16131555,0.29134870,0.00045978,,,,,0.47003805,0.17395215
VT TQQQ/cash t35 w0-50 QQQ:VOL_EWMA80 gate QQQ<SMA200,sens,sens_2016-01-04,2016-01-04,2020-12-31,false,true,"{""*"": 6, ""BTAL"": 6, ""DBMF"": 2.5, ""KMLM"": 6, ""QQQ"": 1, ""SPY"": 0.7, ""TQQQ"": 1.5}",0.03000000,tests/data/2026-08-20-net15,,0.35000000,0.50000000,QQQ<SMA200,0.01025323,0.20749352,0.01025645,0.20749352,101606.60619303,39500.00000000,62106.60619303,1.57231914,0.28873399,0.31236254,1.13345239,0.25216353,1.52681310,0.91488325,-0.31559654,152,2017,0.51685954,2018,0.01551731,114572.08227215,17.18581234,0.27829404,0.00043508,,,,,0.45985547,0.17400933
VT TQQQ/cash t35 w0-60 QQQ:VOL_EWMA80,sens,sens_2016-01-04,2016-01-04,2020-12-31,false,true,"{""*"": 6, ""BTAL"": 6, ""DBMF"": 2.5, ""KMLM"": 6, ""QQQ"": 1, ""SPY"": 0.7, ""TQQQ"": 1.5}",0.03000000,tests/data/2026-08-20-net15,,0.35000000,0.60000000,,0.00006149,0.00015178,0.00006422,0.00015305,113420.52035231,39500.00000000,73920.52035231,1.87140558,0.33335172,0.35074465,1.13260456,0.29219803,1.52597418,0.96855191,-0.34417538,168,2017,0.63409991,2018,-0.01547952,186823.95319638,28.02359298,0.41301372,0.00070946,,,,,0.54451667,0.17398920
VT TQQQ/cash t35 w0-60 QQQ:VOL_EWMA80 gate QQQ<SMA200,sens,sens_2016-01-04,2016-01-04,2020-12-31,false,true,"{""*"": 6, ""BTAL"": 6, ""DBMF"": 2.5, ""KMLM"": 6, ""QQQ"": 1, ""SPY"": 0.7, ""TQQQ"": 1.5}",0.03000000,tests/data/2026-08-20-net15,,0.35000000,0.60000000,QQQ<SMA200,0.01196307,0.24144903,0.01196655,0.24144903,111962.39636078,39500.00000000,72462.39636078,1.83449105,0.32246900,0.34620204,1.11967048,0.28687781,1.50236045,0.93684338,-0.34420801,168,2017,0.63409150,2018,0.02893534,178151.10673387,26.72266601,0.40133737,0.00067652,,,,,0.53261434,0.17394472
VT TQQQ/cash t35 w0-70 QQQ:VOL_EWMA80,sens,sens_2016-01-04,2016-01-04,2020-12-31,false,true,"{""*"": 6, ""BTAL"": 6, ""DBMF"": 2.5, ""KMLM"": 6, ""QQQ"": 1, ""SPY"": 0.7, ""TQQQ"": 1.5}",0.03000000,tests/data/2026-08-20-net15,,0.35000000,0.70000000,,0.00006501,0.00015724,0.00007030,0.00016294,123185.26765687,39500.00000000,83685.26765687,2.11861437,0.36400797,0.37991734,1.12302057,0.32381737,1.50915244,1.01085976,-0.36009740,169,2017,0.74460799,2018,-0.01228824,283638.92430712,42.54583865,0.58642622,0.00107711,,,,,0.61017092,0.17395110
VT TQQQ/cash t35 w0-70 QQQ:VOL_EWMA80 gate QQQ<SMA200,sens,sens_2016-01-04,2016-01-04,2020-12-31,false,true,"{""*"": 6, ""BTAL"": 6, ""DBMF"": 2.5, ""KMLM"": 6, ""QQQ"": 1, ""SPY"": 0.7, ""TQQQ"": 1.5}",0.03000000,tests/data/2026-08-20-net15,,0.35000000,0.70000000,QQQ<SMA200,0.01249377,0.27200397,0.01249776,0.27200397,121272.13850546,39500.00000000,81772.13850546,2.07018072,0.35137374,0.37436432,1.10651062,0.31877448,1.48108522,0.97569105,-0.36012808,169,2017,0.74464126,2018,0.03222410,272726.42487985,40.90896373,0.57636432,0.00103567,,,,,0.59774346,0.17400490
VT TQQQ/cash t35 w0-80 QQQ:VOL_EWMA80,sens,sens_2016-01-04,2016-01-04,2020-12-31,false,true,"{""*"": 6, ""BTAL"": 6, ""DBMF"": 2.5, ""KMLM"": 6, ""QQQ"": 1, ""SPY"": 0.7, ""TQQQ"": 1.5}",0.03000000,tests/data/2026-08-20-net15,,0.35000000,0.80000000,,0.00005747,0.00014459,0.00006275,0.00015807,131022.17276737,39500.00000000,91522.17276737,2.31701703,0.38628413,0.40191087,1.11220878,0.34945665,1.49589747,1.05719051,-0.36538744,432,2017,0.84550664,2018,-0.02505233,388886.24040679,58.33293606,0.76942287,0.00147678,,,,,0.66662926,0.17395262
VT TQQQ/cash t35 w0-80 QQQ:VOL_EWMA80 gate QQQ<SMA200,sens,sens_2016-01-04,2016-01-04,2020-12-31,false,true,"{""*"": 6, ""BTAL"": 6, ""DBMF"": 2.5, ""KMLM"": 6, ""QQQ"": 1, ""SPY"": 0.7, ""TQQQ"": 1.5}",0.03000000,tests/data/2026-08-20-net15,,0.35000000,0.80000000,QQQ<SMA200,0.01247787,0.27200397,0.01248347,0.27200397,128943.92436586,39500.00000000,89443.92436586,2.26440315,0.37347219,0.39619199,1.09571713,0.34475126,1.46867455,1.03708081,-0.36011870,169,2017,0.84551444,2018,0.01886516,375285.68663446,56.29285300,0.75913179,0.00142514,,,,,0.65420853,0.17395767
VT TQQQ/cash t40 w0-50 QQQ:VOL_EWMA80,sens,sens_2016-01-04,2016-01-04,2020-12-31,false,true,"{""*"": 6, ""BTAL"": 6, ""DBMF"": 2.5, ""KMLM"": 6, ""QQQ"": 1, ""SPY"": 0.7, ""TQQQ"": 1.5}",0.03000000,tests/data/2026-08-20-net15,,0.40000000,0.50000000,,0.00007370,0.00016878,0.00007642,0.00017412,104104.19447163,39500.00000000,64604.19447163,1.63554923,0.30008953,0.32079136,1.11399911,0.26822475,1.50693133,0.90039402,-0.33328689,142,2019,0.54429775,2018,-0.04689729,108342.99795298,16.25144969,0.25992884,0.00041143,,,,,0.47979811,0.19884740
VT TQQQ/cash t40 w0-50 QQQ:VOL_EWMA80 gate QQQ<SMA200,sens,sens_2016-01-04,2016-01-04,2020-12-31,false,true,"{""*"": 6, ""BTAL"": 6, ""DBMF"": 2.5, ""KMLM"": 6, ""QQQ"": 1, ""SPY"": 0.7, ""TQQQ"": 1.5}",0.03000000,tests/data/2026-08-20-net15,,0.40000000,0.50000000,QQQ<SMA200,0.00986597,0.18564226,0.00986862,0.18564226,104372.03944921,39500.00000000,64872.03944921,1.64233011,0.29790194,0.32168471,1.12698859,0.26222451,1.52197424,0.89376880,-0.33330985,142,2017,0.51678156,2018,0.00099305,100510.84026577,15.07662604,0.24179451,0.00038169,,,,,0.47000591,0.19881485
VT TQQQ/cash t40 w0-60 QQQ:VOL_EWMA80,sens,sens_2016-01-04,2016-01-04,2020-12-31,false,true,"{""*"": 6, ""BTAL"": 6, ""DBMF"": 2.5, ""KMLM"": 6, ""QQQ"": 1, ""SPY"": 0.7, ""TQQQ"": 1.5}",0.03000000,tests/data/2026-08-20-net15,,0.40000000,0.60000000,,0.00007119,0.00015316,0.00007519,0.00015908,117629.50400972,39500.00000000,78129.50400972,1.97796213,0.34172843,0.36357727,1.11728886,0.30537158,1.50823794,0.94637976,-0.36109017,166,2017,0.63406110,2018,-0.04015285,164400.44892811,24.66006734,0.36326577,0.00062431,,,,,0.55935368,0.19887283
VT TQQQ/cash t40 w0-60 QQQ:VOL_EWMA80 gate QQQ<SMA200,sens,sens_2016-01-04,2016-01-04,2020-12-31,false,true,"{""*"": 6, ""BTAL"": 6, ""DBMF"": 2.5, ""KMLM"": 6, ""QQQ"": 1, ""SPY"": 0.7, ""TQQQ"": 1.5}",0.03000000,tests/data/2026-08-20-net15,,0.40000000,0.60000000,QQQ<SMA200,0.01201358,0.23496101,0.01201787,0.23496101,116920.92080385,39500.00000000,77420.92080385,1.96002331,0.33438078,0.36144521,1.11529838,0.29936328,1.50091188,0.92590985,-0.36113751,166,2017,0.63403106,2018,0.01018984,155772.85224801,23.36592784,0.34834407,0.00059154,,,,,0.54741100,0.19880797
VT TQQQ/cash t40 w0-70 QQQ:VOL_EWMA80,sens,sens_2016-01-04,2016-01-04,2020-12-31,false,false,"{""*"": 6, ""BTAL"": 6, ""DBMF"": 2.5, ""KMLM"": 6, ""QQQ"": 1, ""SPY"": 0.7, ""TQQQ"": 1.5}",0.03000000,tests/data/2026-08-20-net15,,0.40000000,0.70000000,,0.00005327,0.00014492,0.00005874,0.00014836,129969.16025050,39500.00000000,90469.16025050,2.29035849,0.38024825,0.39902311,1.12126517,0.33962064,1.51086998,0.98078246,-0.38769887,169,2017,0.75871139,2018,-0.02905847,244212.58677901,36.63188802,0.49572023,0.00092739,,,,,0.63231942,0.19883584
VT TQQQ/cash t40 w0-70 QQQ:VOL_EWMA80 gate QQQ<SMA200,sens,sens_2016-01-04,2016-01-04,2020-12-31,false,true,"{""*"": 6, ""BTAL"": 6, ""DBMF"": 2.5, ""KMLM"": 6, ""QQQ"": 1, ""SPY"": 0.7, ""TQQQ"": 1.5}",0.03000000,tests/data/2026-08-20-net15,,0.40000000,0.70000000,QQQ<SMA200,0.01367600,0.28916092,0.01368131,0.28916092,128155.71898725,39500.00000000,88655.71898725,2.24444858,0.36769083,0.39400212,1.10821884,0.33352174,1.48702238,0.94838837,-0.38770069,169,2017,0.75869353,2018,0.02181756,232659.87199222,34.89898080,0.48239469,0.00088352,,,,,0.61869686,0.19883404
VT TQQQ/cash t40 w0-80 QQQ:VOL_EWMA80,sens,sens_2016-01-04,2016-01-04,2020-12-31,false,false,"{""*"": 6, ""BTAL"": 6, ""DBMF"": 2.5, ""KMLM"": 6, ""QQQ"": 1, ""SPY"": 0.7, ""TQQQ"": 1.5}",0.03000000,tests/data/2026-08-20-net15,,0.40000000,0.80000000,,0.00005664,0.00013777,0.00006312,0.00015475,140429.52034026,39500.00000000,100929.52034026,2.55517773,0.40924882,0.42685548,1.11258929,0.37139444,1.49609636,1.02052831,-0.40101662,169,2017,0.87396553,2018,-0.02822500,356739.32160936,53.51089824,0.67968200,0.00135471,,,,,0.69735542,0.19882349
VT TQQQ/cash t40 w0-80 QQQ:VOL_EWMA80 gate QQQ<SMA200,sens,sens_2016-01-04,2016-01-04,2020-12-31,false,true,"{""*"": 6, ""BTAL"": 6, ""DBMF"": 2.5, ""KMLM"": 6, ""QQQ"": 1, ""SPY"": 0.7, ""TQQQ"": 1.5}",0.03000000,tests/data/2026-08-20-net15,,0.40000000,0.80000000,QQQ<SMA200,0.01401402,0.30979513,0.01402144,0.30979513,138198.64280946,39500.00000000,98698.64280946,2.49869982,0.39544159,0.42107366,1.09737386,0.36564233,1.46991405,0.98621395,-0.40096937,169,2017,0.87392540,2018,0.02259628,342157.93324340,51.32368999,0.66726990,0.00129933,,,,,0.68339710,0.19888480
50/50,sens,sens_2016-01-04,2016-01-04,2020-12-31,true,true,"{""*"": 6, ""BTAL"": 6, ""DBMF"": 2.5, ""KMLM"": 6, ""QQQ"": 1, ""SPY"": 0.7, ""TQQQ"": 1.5}",0.03000000,tests/data/2026-08-20-net15,,,,,0.00045044,0.00196397,0.00040679,0.00181648,112260.13265474,39500.00000000,72760.13265474,1.84202867,0.32267452,0.34713378,1.11205393,0.28954123,1.54851308,0.85510580,-0.37735040,133,2019,0.60997725,2018,0.01292547,233157.03317950,89.51672141,0.53232804,0.00226625,0.49959929,0.49818352,,,0.49993301,0.49982400
TQQQ50/BTAL50 gate QQQ<SMA200,sens,sens_2016-01-04,2016-01-04,2020-12-31,true,true,"{""*"": 6, ""BTAL"": 6, ""DBMF"": 2.5, ""KMLM"": 6, ""QQQ"": 1, ""SPY"": 0.7, ""TQQQ"": 1.5}",0.03000000,tests/data/2026-08-20-net15,,,,,0.01551820,0.19084285,0.01547044,0.19084662,102535.52395823,39500.00000000,63035.52395823,1.59583605,0.29325539,0.31551847,1.07124476,0.27602423,1.47393112,0.77720475,-0.37732063,138,2019,0.50618544,2018,0.05346188,187189.15598333,72.95500429,0.44679978,0.00184696,0.51483871,0.49846343,,,0.48474281,0.30915338
SPY benchmark,sens,sens_2016-01-04,2016-01-04,2020-12-31,true,true,"{""*"": 6, ""BTAL"": 6, ""DBMF"": 2.5, ""KMLM"": 6, ""QQQ"": 1, ""SPY"": 0.7, ""TQQQ"": 1.5}",0.03000000,tests/data/2026-08-20-net15,,,,,0.00438019,0.01116430,0.00438144,0.01116527,64313.55190754,39500.00000000,24813.55190754,0.62819119,0.15077401,0.15785704,0.84098770,0.18818934,1.15589326,0.44653035,-0.33765679,173,2019,0.30809701,2018,-0.04781253,39443.59218216,2.76105145,0.12267662,0.00006990,,,0.99561856,0.98883473,,
VT TQQQ/BTAL t25 w0-50 QQQ:VOL_EWMA80,sens,sens_2016-07-05,2016-07-05,2021-07-02,false,true,"{""*"": 6, ""BTAL"": 6, ""DBMF"": 2.5, ""KMLM"": 6, ""QQQ"": 1, ""SPY"": 0.7, ""TQQQ"": 1.5}",0.03000000,tests/data/2026-08-20-net15,BTAL,0.25000000,0.50000000,,0.00039321,0.00139857,0.00033904,0.00151980,83985.02288430,40000.00000000,43985.02288430,1.09962557,0.25135643,0.24500783,1.10614508,0.22600451,1.51727673,0.98923869,-0.25409078,,2017,0.46833119,2016,0.01677167,350069.19834219,133.86712955,0.84653444,0.00334668,0.56264277,0.49867101,,,0.43693812,0.12427857
VT TQQQ/BTAL t25 w0-50 QQQ:VOL_EWMA80 gate QQQ<SMA200,sens,sens_2016-07-05,2016-07-05,2021-07-02,false,true,"{""*"": 6, ""BTAL"": 6, ""DBMF"": 2.5, ""KMLM"": 6, ""QQQ"": 1, ""SPY"": 0.7, ""TQQQ"": 1.5}",0.03000000,tests/data/2026-08-20-net15,BTAL,0.25000000,0.50000000,QQQ<SMA200,0.00552291,0.14965442,0.00547464,0.14965866,84089.42040815,40000.00000000,44089.42040815,1.10223551,0.25194061,0.24543119,1.11519852,0.22422911,1.53081261,0.99147259,-0.25410749,,2017,0.46833119,2016,0.01677167,348658.23890076,133.80375909,0.84167332,0.00334509,0.56778520,0.49867101,,,0.43179566,0.12429931
VT TQQQ/BTAL t25 w0-60 QQQ:VOL_EWMA80,sens,sens_2016-07-05,2016-07-05,2021-07-02,false,true,"{""*"": 6, ""BTAL"": 6, ""DBMF"": 2.5, ""KMLM"": 6, ""QQQ"": 1, ""SPY"": 0.7, ""TQQQ"": 1.5}",0.03000000,tests/data/2026-08-20-net15,BTAL,0.25000000,0.60000000,,0.00036230,0.00137037,0.00032687,0.00151980,89043.84999764,40000.00000000,49043.84999764,1.22609625,0.27587367,0.26500149,1.10007025,0.25019487,1.50626044,1.09977971,-0.25084448,,2017,0.56045951,2016,0.03506386,489853.24310238,185.87597060,1.13338025,0.00464690,0.50730089,0.39878467,,,0.49230195,0.12427606
VT TQQQ/BTAL t25 w0-60 QQQ:VOL_EWMA80 gate QQQ<SMA200,sens,sens_2016-07-05,2016-07-05,2021-07-02,false,true,"{""*"": 6, ""BTAL"": 6, ""DBMF"": 2.5, ""KMLM"": 6, ""QQQ"": 1, ""SPY"": 0.7, ""TQQQ"": 1.5}",0.03000000,tests/data/2026-08-20-net15,BTAL,0.25000000,0.60000000,QQQ<SMA200,0.00544789,0.14932042,0.00542623,0.14932451,89170.25756088,40000.00000000,49170.25756088,1.22925644,0.27650995,0.26548797,1.10753656,0.24859796,1.51737859,1.10233893,-0.25083932,,2017,0.56045951,2016,0.03506386,488248.89657142,185.71878182,1.12766777,0.00464297,0.51244600,0.39878467,,,0.48718496,0.12427665
VT TQQQ/BTAL t25 w0-70 QQQ:VOL_EWMA80,sens,sens_2016-07-05,2016-07-05,2021-07-02,false,true,"{""*"": 6, ""BTAL"": 6, ""DBMF"": 2.5, ""KMLM"": 6, ""QQQ"": 1, ""SPY"": 0.7, ""TQQQ"": 1.5}",0.03000000,tests/data/2026-08-20-net15,BTAL,0.25000000,0.70000000,,0.00037365,0.00158124,0.00034991,0.00151980,91322.40939437,40000.00000000,51322.40939437,1.28306023,0.29058593,0.27367760,1.07546029,0.27193307,1.47007572,1.10677736,-0.26255139,432,2017,0.65166766,2018,0.04859762,707895.53528902,266.60353499,1.58545977,0.00666509,0.46362489,0.29850774,,,0.53595308,0.12429246
VT TQQQ/BTAL t25 w0-70 QQQ:VOL_EWMA80 gate QQQ<SMA200,sens,sens_2016-07-05,2016-07-05,2021-07-02,false,true,"{""*"": 6, ""BTAL"": 6, ""DBMF"": 2.5, ""KMLM"": 6, ""QQQ"": 1, ""SPY"": 0.7, ""TQQQ"": 1.5}",0.03000000,tests/data/2026-08-20-net15,BTAL,0.25000000,0.70000000,QQQ<SMA200,0.00547948,0.14917348,0.00545967,0.14917747,91448.06357744,40000.00000000,51448.06357744,1.28620159,0.29121270,0.27415043,1.08160209,0.27047030,1.47914841,1.14671782,-0.25395324,,2017,0.65166766,2016,0.05447888,706662.85558922,266.60722201,1.57990586,0.00666518,0.46874113,0.29850774,,,0.53084066,0.12428742
VT TQQQ/BTAL t25 w0-80 QQQ:VOL_EWMA80,sens,sens_2016-07-05,2016-07-05,2021-07-02,false,true,"{""*"": 6, ""BTAL"": 6, ""DBMF"": 2.5, ""KMLM"": 6, ""QQQ"": 1, ""SPY"": 0.7, ""TQQQ"": 1.5}",0.03000000,tests/data/2026-08-20-net15,BTAL,0.25000000,0.80000000,,0.00034549,0.00131951,0.00033190,0.00151980,93377.05120531,40000.00000000,53377.05120531,1.33442628,0.30471469,0.28133747,1.06180875,0.29074654,1.45095796,1.04091358,-0.29273774,455,2017,0.74652039,2018,0.02999609,924007.61951756,347.17871923,2.00435224,0.00867947,0.42814597,0.19898348,,,0.57144543,0.12422515
VT TQQQ/BTAL t25 w0-80 QQQ:VOL_EWMA80 gate QQQ<SMA200,sens,sens_2016-07-05,2016-07-05,2021-07-02,false,true,"{""*"": 6, ""BTAL"": 6, ""DBMF"": 2.5, ""KMLM"": 6, ""QQQ"": 1, ""SPY"": 0.7, ""TQQQ"": 1.5}",0.03000000,tests/data/2026-08-20-net15,BTAL,0.25000000,0.80000000,QQQ<SMA200,0.00543385,0.14884547,0.00543070,0.14884918,93514.06365292,40000.00000000,53514.06365292,1.33785159,0.30537003,0.28184292,1.06718212,0.28938133,1.45888250,1.14891312,-0.26579036,455,2017,0.74652039,2018,0.06566019,922700.71551316,347.12498302,1.99788154,0.00867812,0.43324969,0.19898348,,,0.56635110,0.12430192
VT TQQQ/BTAL t30 w0-50 QQQ:VOL_EWMA80,sens,sens_2016-07-05,2016-07-05,2021-07-02,false,true,"{""*"": 6, ""BTAL"": 6, ""DBMF"": 2.5, ""KMLM"": 6, ""QQQ"": 1, ""SPY"": 0.7, ""TQQQ"": 1.5}",0.03000000,tests/data/2026-08-20-net15,BTAL,0.30000000,0.50000000,,0.00038370,0.00176667,0.00032645,0.00190871,92109.30462303,40000.00000000,52109.30462303,1.30273262,0.27967045,0.27662914,1.15232178,0.23901298,1.58824208,1.11570463,-0.25066710,140,2019,0.48828157,2016,0.03776580,305352.73789655,117.26762257,0.71354975,0.00293169,0.54156642,0.49906110,,,0.45802722,0.14915206
VT TQQQ/BTAL t30 w0-50 QQQ:VOL_EWMA80 gate QQQ<SMA200,sens,sens_2016-07-05,2016-07-05,2021-07-02,false,true,"{""*"": 6, ""BTAL"": 6, ""DBMF"": 2.5, ""KMLM"": 6, ""QQQ"": 1, ""SPY"": 0.7, ""TQQQ"": 1.5}",0.03000000,tests/data/2026-08-20-net15,BTAL,0.30000000,0.50000000,QQQ<SMA200,0.00645151,0.17844964,0.00640351,0.17845383,92384.77507466,40000.00000000,52384.77507466,1.30961938,0.28087763,0.27765710,1.16668895,0.23632992,1.60983411,1.12038940,-0.25069644,140,2017,0.47743051,2016,0.03776580,302531.63248155,116.66922305,0.70470858,0.00291673,0.54766261,0.49906110,,,0.45194056,0.14916500
VT TQQQ/BTAL t30 w0-60 QQQ:VOL_EWMA80,sens,sens_2016-07-05,2016-07-05,2021-07-02,false,true,"{""*"": 6, ""BTAL"": 6, ""DBMF"": 2.5, ""KMLM"": 6, ""QQQ"": 1, ""SPY"": 0.7, ""TQQQ"": 1.5}",0.03000000,tests/data/2026-08-20-net15,BTAL,0.30000000,0.60000000,,0.00038213,0.00176667,0.00033699,0.00190871,100978.17384634,40000.00000000,60978.17384634,1.52445435,0.31646820,0.30843315,1.15458091,0.27008747,1.57728366,1.16507531,-0.27162896,140,2017,0.58805084,2016,0.05644458,459718.27787521,174.40496126,0.99962533,0.00436012,0.47522916,0.39854349,,,0.52435947,0.14910759
VT TQQQ/BTAL t30 w0-60 QQQ:VOL_EWMA80 gate QQQ<SMA200,sens,sens_2016-07-05,2016-07-05,2021-07-02,false,true,"{""*"": 6, ""BTAL"": 6, ""DBMF"": 2.5, ""KMLM"": 6, ""QQQ"": 1, ""SPY"": 0.7, ""TQQQ"": 1.5}",0.03000000,tests/data/2026-08-20-net15,BTAL,0.30000000,0.60000000,QQQ<SMA200,0.00642936,0.17782326,0.00639343,0.17782706,101304.26854873,40000.00000000,61304.26854873,1.53260671,0.31775558,0.30955469,1.16605351,0.26772148,1.59406176,1.16976701,-0.27164006,140,2017,0.58805084,2016,0.05644458,457192.21380091,173.91939319,0.99084415,0.00434798,0.48130370,0.39854349,,,0.51829375,0.14915260
VT TQQQ/BTAL t30 w0-70 QQQ:VOL_EWMA80,sens,sens_2016-07-05,2016-07-05,2021-07-02,false,true,"{""*"": 6, ""BTAL"": 6, ""DBMF"": 2.5, ""KMLM"": 6, ""QQQ"": 1, ""SPY"": 0.7, ""TQQQ"": 1.5}",0.03000000,tests/data/2026-08-20-net15,BTAL,0.30000000,0.70000000,,0.00031667,0.00176667,0.00028504,0.00190871,107465.60181734,40000.00000000,67465.60181734,1.68664005,0.34239522,0.33016850,1.14368862,0.29631106,1.56081606,1.19384767,-0.28679975,320,2017,0.68657581,2018,0.04825792,632034.84938677,238.61909242,1.31456681,0.00596548,0.41884265,0.29918492,,,0.58080177,0.14915615
VT TQQQ/BTAL t30 w0-70 QQQ:VOL_EWMA80 gate QQQ<SMA200,sens,sens_2016-07-05,2016-07-05,2021-07-02,false,true,"{""*"": 6, ""BTAL"": 6, ""DBMF"": 2.5, ""KMLM"": 6, ""QQQ"": 1, ""SPY"": 0.7, ""TQQQ"": 1.5}",0.03000000,tests/data/2026-08-20-net15,BTAL,0.30000000,0.70000000,QQQ<SMA200,0.00637957,0.17755143,0.00634482,0.17755511,107814.23255771,40000.00000000,67814.23255771,1.69535581,0.34370085,0.33130351,1.15321414,0.29415266,1.57469618,1.26524502,-0.27164766,140,2017,0.68657581,2016,0.07519339,629593.35275442,238.17442356,1.30512095,0.00595436,0.42488852,0.29918492,,,0.57473881,0.14916526
VT TQQQ/BTAL t30 w0-80 QQQ:VOL_EWMA80,sens,sens_2016-07-05,2016-07-05,2021-07-02,false,true,"{""*"": 6, ""BTAL"": 6, ""DBMF"": 2.5, ""KMLM"": 6, ""QQQ"": 1, ""SPY"": 0.7, ""TQQQ"": 1.5}",0.03000000,tests/data/2026-08-20-net15,BTAL,0.30000000,0.80000000,,0.00035116,0.00176667,0.00032534,0.00190871,110031.28757313,40000.00000000,70031.28757313,1.75078219,0.35650900,0.33844680,1.11469208,0.32009453,1.51921163,1.12807751,-0.31603236,443,2017,0.78538849,2018,0.02281587,867269.88833063,325.66511614,1.74846211,0.00814163,0.37289160,0.19875899,,,0.62670549,0.14913350
VT TQQQ/BTAL t30 w0-80 QQQ:VOL_EWMA80 gate QQQ<SMA200,sens,sens_2016-07-05,2016-07-05,2021-07-02,false,true,"{""*"": 6, ""BTAL"": 6, ""DBMF"": 2.5, ""KMLM"": 6, ""QQQ"": 1, ""SPY"": 0.7, ""TQQQ"": 1.5}",0.03000000,tests/data/2026-08-20-net15,BTAL,0.30000000,0.80000000,QQQ<SMA200,0.00638202,0.17736662,0.00636471,0.17737021,110398.50754199,40000.00000000,70398.50754199,1.75996269,0.35784780,0.33961774,1.12274230,0.31811387,1.53088701,1.31461240,-0.27220784,440,2017,0.78538849,2018,0.06613923,865294.24358170,325.37261016,1.73864040,0.00813432,0.37894983,0.19875899,,,0.62066298,0.14912012
VT TQQQ/BTAL t35 w0-50 QQQ:VOL_EWMA80,sens,sens_2016-07-05,2016-07-05,2021-07-02,false,true,"{""*"": 6, ""BTAL"": 6, ""DBMF"": 2.5, ""KMLM"": 6, ""QQQ"": 1, ""SPY"": 0.7, ""TQQQ"": 1.5}",0.03000000,tests/data/2026-08-20-net15,BTAL,0.35000000,0.50000000,,0.00040817,0.00164306,0.00035110,0.00166222,98058.71380463,40000.00000000,58058.71380463,1.45146785,0.29936038,0.29824699,1.17283512,0.25020460,1.62121822,1.10610885,-0.27064279,138,2019,0.51816741,2018,0.03858571,262794.34328257,101.26102205,0.60061928,0.00253153,0.52752804,0.49833778,,,0.47204349,0.17393954
VT TQQQ/BTAL t35 w0-50 QQQ:VOL_EWMA80 gate QQQ<SMA200,sens,sens_2016-07-05,2016-07-05,2021-07-02,false,true,"{""*"": 6, ""BTAL"": 6, ""DBMF"": 2.5, ""KMLM"": 6, ""QQQ"": 1, ""SPY"": 0.7, ""TQQQ"": 1.5}",0.03000000,tests/data/2026-08-20-net15,BTAL,0.35000000,0.50000000,QQQ<SMA200,0.00742109,0.20695892,0.00736938,0.20696294,98574.16115957,40000.00000000,58574.16115957,1.46435403,0.30137972,0.30006474,1.19328079,0.24643172,1.65193644,1.11372686,-0.27060470,138,2017,0.47753025,2016,0.05850102,257605.08748484,99.57913693,0.58577484,0.00248948,0.53455889,0.49833778,,,0.46501426,0.17395523
VT TQQQ/BTAL t35 w0-60 QQQ:VOL_EWMA80,sens,sens_2016-07-05,2016-07-05,2021-07-02,false,true,"{""*"": 6, ""BTAL"": 6, ""DBMF"": 2.5, ""KMLM"": 6, ""QQQ"": 1, ""SPY"": 0.7, ""TQQQ"": 1.5}",0.03000000,tests/data/2026-08-20-net15,BTAL,0.35000000,0.60000000,,0.00034309,0.00143450,0.00028561,0.00130954,110787.33190584,40000.00000000,70787.33190584,1.76968330,0.34609936,0.34085385,1.18993844,0.28405863,1.63146488,1.14494057,-0.30228587,141,2017,0.59981017,2018,0.04475232,391979.47870155,149.28811658,0.82183615,0.00373220,0.45360547,0.39869046,,,0.54602637,0.17396199
VT TQQQ/BTAL t35 w0-60 QQQ:VOL_EWMA80 gate QQQ<SMA200,sens,sens_2016-07-05,2016-07-05,2021-07-02,false,true,"{""*"": 6, ""BTAL"": 6, ""DBMF"": 2.5, ""KMLM"": 6, ""QQQ"": 1, ""SPY"": 0.7, ""TQQQ"": 1.5}",0.03000000,tests/data/2026-08-20-net15,BTAL,0.35000000,0.60000000,QQQ<SMA200,0.00731822,0.20623465,0.00725865,0.20623840,111393.32548185,40000.00000000,71393.32548185,1.78483314,0.34821145,0.34277279,1.20623635,0.28074185,1.65535621,1.15185726,-0.30230434,141,2017,0.59981017,2016,0.07770143,387673.69054686,148.12130787,0.80855801,0.00370303,0.46062982,0.39869046,,,0.53901483,0.17394787
VT TQQQ/BTAL t35 w0-70 QQQ:VOL_EWMA80,sens,sens_2016-07-05,2016-07-05,2021-07-02,false,true,"{""*"": 6, ""BTAL"": 6, ""DBMF"": 2.5, ""KMLM"": 6, ""QQQ"": 1, ""SPY"": 0.7, ""TQQQ"": 1.5}",0.03000000,tests/data/2026-08-20-net15,BTAL,0.35000000,0.70000000,,0.00037188,0.00144826,0.00032914,0.00141387,120811.48261051,40000.00000000,80811.48261051,2.02028707,0.38169820,0.37147797,1.18092618,0.31687449,1.60833534,1.19304385,-0.31993644,141,2017,0.71603879,2018,0.04207530,589145.34744526,222.28537331,1.15394352,0.00555713,0.38784682,0.29858613,,,0.61174869,0.17400949
VT TQQQ/BTAL t35 w0-70 QQQ:VOL_EWMA80 gate QQQ<SMA200,sens,sens_2016-07-05,2016-07-05,2021-07-02,false,true,"{""*"": 6, ""BTAL"": 6, ""DBMF"": 2.5, ""KMLM"": 6, ""QQQ"": 1, ""SPY"": 0.7, ""TQQQ"": 1.5}",0.03000000,tests/data/2026-08-20-net15,BTAL,0.35000000,0.70000000,QQQ<SMA200,0.00734376,0.20554116,0.00730484,0.20554484,121512.16880189,40000.00000000,81512.16880189,2.03780422,0.38392886,0.37353445,1.19420470,0.31391969,1.62740422,1.20013513,-0.31990470,141,2017,0.71603879,2018,0.09447811,585663.62917190,221.44812365,1.14095398,0.00553620,0.39481796,0.29858613,,,0.60477981,0.17398511
VT TQQQ/BTAL t35 w0-80 QQQ:VOL_EWMA80,sens,sens_2016-07-05,2016-07-05,2021-07-02,false,true,"{""*"": 6, ""BTAL"": 6, ""DBMF"": 2.5, ""KMLM"": 6, ""QQQ"": 1, ""SPY"": 0.7, ""TQQQ"": 1.5}",0.03000000,tests/data/2026-08-20-net15,BTAL,0.35000000,0.80000000,,0.00034670,0.00146818,0.00032255,0.00130774,128686.97272222,40000.00000000,88686.97272222,2.21717432,0.40827146,0.39401743,1.16808837,0.34469773,1.59016503,1.20348702,-0.33924043,429,2017,0.82127987,2018,0.02201319,801145.37380588,301.33799300,1.50134422,0.00753345,0.33067631,0.19869226,,,0.66893387,0.17399687
VT TQQQ/BTAL t35 w0-80 QQQ:VOL_EWMA80 gate QQQ<SMA200,sens,sens_2016-07-05,2016-07-05,2021-07-02,false,true,"{""*"": 6, ""BTAL"": 6, ""DBMF"": 2.5, ""KMLM"": 6, ""QQQ"": 1, ""SPY"": 0.7, ""TQQQ"": 1.5}",0.03000000,tests/data/2026-08-20-net15,BTAL,0.35000000,0.80000000,QQQ<SMA200,0.00730907,0.20530569,0.00728724,0.20530926,129420.58074846,40000.00000000,89420.58074846,2.23551452,0.41049761,0.39605533,1.17926438,0.34197620,1.60618118,1.28284475,-0.31999009,141,2017,0.82127987,2018,0.07346963,797905.20447070,300.57780696,1.48730281,0.00751445,0.33765972,0.19869226,,,0.66195152,0.17401967
VT TQQQ/BTAL t40 w0-50 QQQ:VOL_EWMA80,sens,sens_2016-07-05,2016-07-05,2021-07-02,false,true,"{""*"": 6, ""BTAL"": 6, ""DBMF"": 2.5, ""KMLM"": 6, ""QQQ"": 1, ""SPY"": 0.7, ""TQQQ"": 1.5}",0.03000000,tests/data/2026-08-20-net15,BTAL,0.40000000,0.50000000,,0.00041713,0.00180004,0.00036613,0.00188937,101030.82529286,40000.00000000,61030.82529286,1.52577063,0.30788736,0.30861445,1.16055614,0.26084934,1.60579856,1.05953573,-0.29058705,138,2019,0.54000815,2018,0.01721527,233048.23042687,90.50950854,0.52913998,0.00226274,0.51786890,0.49811063,,,0.48169537,0.19882313
VT TQQQ/BTAL t40 w0-50 QQQ:VOL_EWMA80 gate QQQ<SMA200,sens,sens_2016-07-05,2016-07-05,2021-07-02,false,true,"{""*"": 6, ""BTAL"": 6, ""DBMF"": 2.5, ""KMLM"": 6, ""QQQ"": 1, ""SPY"": 0.7, ""TQQQ"": 1.5}",0.03000000,tests/data/2026-08-20-net15,BTAL,0.40000000,0.50000000,QQQ<SMA200,0.00739997,0.18529364,0.00734674,0.18529783,102021.16648272,40000.00000000,62021.16648272,1.55052916,0.31145543,0.31200917,1.18768754,0.25616172,1.64629416,1.07202354,-0.29053040,138,2019,0.47780874,2016,0.06391103,224821.98740286,87.66368275,0.50607146,0.00219159,0.52489175,0.49811063,,,0.47468735,0.19879259
VT TQQQ/BTAL t40 w0-60 QQQ:VOL_EWMA80,sens,sens_2016-07-05,2016-07-05,2021-07-02,false,true,"{""*"": 6, ""BTAL"": 6, ""DBMF"": 2.5, ""KMLM"": 6, ""QQQ"": 1, ""SPY"": 0.7, ""TQQQ"": 1.5}",0.03000000,tests/data/2026-08-20-net15,BTAL,0.40000000,0.60000000,,0.00036829,0.00150349,0.00031684,0.00143362,118490.08298642,40000.00000000,78490.08298642,1.96225207,0.36764508,0.36458955,1.20677375,0.29620134,1.65934113,1.14406328,-0.32135030,140,2019,0.61905499,2018,0.01551331,354444.42091532,135.11614182,0.72632126,0.00337790,0.43831989,0.39856638,,,0.56128908,0.19886688
VT TQQQ/BTAL t40 w0-60 QQQ:VOL_EWMA80 gate QQQ<SMA200,sens,sens_2016-07-05,2016-07-05,2021-07-02,false,true,"{""*"": 6, ""BTAL"": 6, ""DBMF"": 2.5, ""KMLM"": 6, ""QQQ"": 1, ""SPY"": 0.7, ""TQQQ"": 1.5}",0.03000000,tests/data/2026-08-20-net15,BTAL,0.40000000,0.60000000,QQQ<SMA200,0.00825055,0.23424530,0.00820972,0.23424905,119484.62702727,40000.00000000,79484.62702727,1.98711568,0.37082433,0.36755503,1.22844024,0.29181489,1.69107276,1.15371860,-0.32141662,140,2017,0.59989780,2018,0.07516516,348623.74904553,133.37754895,0.70898117,0.00333444,0.44621574,0.39856638,,,0.55340126,0.19888371
VT TQQQ/BTAL t40 w0-70 QQQ:VOL_EWMA80,sens,sens_2016-07-05,2016-07-05,2021-07-02,false,true,"{""*"": 6, ""BTAL"": 6, ""DBMF"": 2.5, ""KMLM"": 6, ""QQQ"": 1, ""SPY"": 0.7, ""TQQQ"": 1.5}",0.03000000,tests/data/2026-08-20-net15,BTAL,0.40000000,0.70000000,,0.00034909,0.00131299,0.00029944,0.00114907,132417.68749523,40000.00000000,92417.68749523,2.31044219,0.41220817,0.40427808,1.20912803,0.33153329,1.65164949,1.17527868,-0.35073228,141,2017,0.73089045,2018,0.01977428,505483.74327272,191.15278919,0.95356298,0.00477882,0.36573116,0.29885093,,,0.63389182,0.19883600
VT TQQQ/BTAL t40 w0-70 QQQ:VOL_EWMA80 gate QQQ<SMA200,sens,sens_2016-07-05,2016-07-05,2021-07-02,false,true,"{""*"": 6, ""BTAL"": 6, ""DBMF"": 2.5, ""KMLM"": 6, ""QQQ"": 1, ""SPY"": 0.7, ""TQQQ"": 1.5}",0.03000000,tests/data/2026-08-20-net15,BTAL,0.40000000,0.70000000,QQQ<SMA200,0.00821171,0.23336090,0.00816811,0.23336454,133559.26011876,40000.00000000,93559.26011876,2.33898150,0.41550087,0.40736758,1.22673056,0.32762106,1.67692744,1.18452857,-0.35077319,141,2017,0.73089045,2018,0.07957865,500163.03131177,189.66887866,0.93621204,0.00474172,0.37360976,0.29885093,,,0.62602098,0.19883949
VT TQQQ/BTAL t40 w0-80 QQQ:VOL_EWMA80,sens,sens_2016-07-05,2016-07-05,2021-07-02,false,true,"{""*"": 6, ""BTAL"": 6, ""DBMF"": 2.5, ""KMLM"": 6, ""QQQ"": 1, ""SPY"": 0.7, ""TQQQ"": 1.5}",0.03000000,tests/data/2026-08-20-net15,BTAL,0.40000000,0.80000000,,0.00030956,0.00142993,0.00027775,0.00132759,143690.51860900,40000.00000000,103690.51860900,2.59226297,0.44668787,0.43382652,1.19581055,0.36559187,1.62563391,1.22223240,-0.36546885,142,2017,0.85275966,2018,0.01409327,742230.04962651,278.59347534,1.31271446,0.00696484,0.30047609,0.19867241,,,0.69917828,0.19883697
VT TQQQ/BTAL t40 w0-80 QQQ:VOL_EWMA80 gate QQQ<SMA200,sens,sens_2016-07-05,2016-07-05,2021-07-02,false,true,"{""*"": 6, ""BTAL"": 6, ""DBMF"": 2.5, ""KMLM"": 6, ""QQQ"": 1, ""SPY"": 0.7, ""TQQQ"": 1.5}",0.03000000,tests/data/2026-08-20-net15,BTAL,0.40000000,0.80000000,QQQ<SMA200,0.00815470,0.23275247,0.00812057,0.23275592,144983.23191757,40000.00000000,104983.23191757,2.62458080,0.45013504,0.43708548,1.21054947,0.36203556,1.64650391,1.23183217,-0.36541913,142,2017,0.85275966,2018,0.07350727,738189.76399131,277.52423582,1.29518186,0.00693811,0.30833801,0.19867241,,,0.69131659,0.19882839
VT TQQQ/cash t25 w0-50 QQQ:VOL_EWMA80,sens,sens_2016-07-05,2016-07-05,2021-07-02,false,true,"{""*"": 6, ""BTAL"": 6, ""DBMF"": 2.5, ""KMLM"": 6, ""QQQ"": 1, ""SPY"": 0.7, ""TQQQ"": 1.5}",0.03000000,tests/data/2026-08-20-net15,,0.25000000,0.50000000,,0.00008763,0.00022112,0.00009148,0.00022866,103016.65436022,40000.00000000,63016.65436022,1.57541636,0.31963188,0.31539233,1.31447435,0.23165905,1.77601847,1.17951647,-0.27098551,168,2017,0.50793587,2018,0.01229454,180609.99919528,27.09149988,0.41243882,0.00067729,,,,,0.43694682,0.12424264
VT TQQQ/cash t25 w0-50 QQQ:VOL_EWMA80 gate QQQ<SMA200,sens,sens_2016-07-05,2016-07-05,2021-07-02,false,true,"{""*"": 6, ""BTAL"": 6, ""DBMF"": 2.5, ""KMLM"": 6, ""QQQ"": 1, ""SPY"": 0.7, ""TQQQ"": 1.5}",0.03000000,tests/data/2026-08-20-net15,,0.25000000,0.50000000,QQQ<SMA200,0.00518313,0.15099916,0.00518699,0.15099916,103364.86941433,40000.00000000,63364.86941433,1.58412174,0.32094784,0.31656893,1.32969379,0.22935736,1.79723526,1.18412707,-0.27104172,168,2017,0.50793587,2018,0.04404513,178608.99611730,26.79134942,0.40656263,0.00066978,,,,,0.43185130,0.12422442
VT TQQQ/cash t25 w0-60 QQQ:VOL_EWMA80,sens,sens_2016-07-05,2016-07-05,2021-07-02,false,true,"{""*"": 6, ""BTAL"": 6, ""DBMF"": 2.5, ""KMLM"": 6, ""QQQ"": 1, ""SPY"": 0.7, ""TQQQ"": 1.5}",0.03000000,tests/data/2026-08-20-net15,,0.25000000,0.60000000,,0.00008750,0.00018284,0.00009325,0.00018369,110425.07276714,40000.00000000,70425.07276714,1.76062682,0.34697351,0.33970232,1.29178798,0.25633564,1.74709130,1.26204126,-0.27493040,329,2017,0.59752527,2018,0.00136756,260132.22830172,39.01983425,0.56543404,0.00097550,,,,,0.49230740,0.12425439
VT TQQQ/cash t25 w0-60 QQQ:VOL_EWMA80 gate QQQ<SMA200,sens,sens_2016-07-05,2016-07-05,2021-07-02,false,true,"{""*"": 6, ""BTAL"": 6, ""DBMF"": 2.5, ""KMLM"": 6, ""QQQ"": 1, ""SPY"": 0.7, ""TQQQ"": 1.5}",0.03000000,tests/data/2026-08-20-net15,,0.25000000,0.60000000,QQQ<SMA200,0.00517851,0.15077974,0.00518415,0.15077974,110808.66553350,40000.00000000,70808.66553350,1.77021664,0.34833022,0.34092156,1.30422041,0.25425629,1.76445788,1.28535306,-0.27099964,168,2017,0.59752527,2018,0.03273134,258352.84560493,38.75292684,0.55973664,0.00096882,,,,,0.48721650,0.12429907
VT TQQQ/cash t25 w0-70 QQQ:VOL_EWMA80,sens,sens_2016-07-05,2016-07-05,2021-07-02,false,true,"{""*"": 6, ""BTAL"": 6, ""DBMF"": 2.5, ""KMLM"": 6, ""QQQ"": 1, ""SPY"": 0.7, ""TQQQ"": 1.5}",0.03000000,tests/data/2026-08-20-net15,,0.25000000,0.70000000,,0.00008817,0.00019556,0.00009627,0.00022281,114241.36872976,40000.00000000,74241.36872976,1.85603422,0.36373529,0.35167053,1.25881311,0.27741688,1.70344191,1.21472236,-0.29943903,443,2017,0.69155057,2018,-0.01371563,384384.38355239,57.65765753,0.80500158,0.00144144,,,,,0.53595346,0.12424775
VT TQQQ/cash t25 w0-70 QQQ:VOL_EWMA80 gate QQQ<SMA200,sens,sens_2016-07-05,2016-07-05,2021-07-02,false,true,"{""*"": 6, ""BTAL"": 6, ""DBMF"": 2.5, ""KMLM"": 6, ""QQQ"": 1, ""SPY"": 0.7, ""TQQQ"": 1.5}",0.03000000,tests/data/2026-08-20-net15,,0.25000000,0.70000000,QQQ<SMA200,0.00514387,0.15044249,0.00514968,0.15044249,114637.28491825,40000.00000000,74637.28491825,1.86593212,0.36509695,0.35289200,1.26918244,0.27552367,1.71792469,1.34704872,-0.27103470,168,2017,0.69155057,2018,0.01711284,382823.42598428,57.42351390,0.79912005,0.00143559,,,,,0.53090005,0.12427086
VT TQQQ/cash t25 w0-80 QQQ:VOL_EWMA80,sens,sens_2016-07-05,2016-07-05,2021-07-02,false,true,"{""*"": 6, ""BTAL"": 6, ""DBMF"": 2.5, ""KMLM"": 6, ""QQQ"": 1, ""SPY"": 0.7, ""TQQQ"": 1.5}",0.03000000,tests/data/2026-08-20-net15,,0.25000000,0.80000000,,0.00007806,0.00020624,0.00008763,0.00020739,118037.36722027,40000.00000000,78037.36722027,1.95093418,0.38025652,0.36323246,1.24170982,0.29507733,1.68269291,1.17418870,-0.32384618,471,2017,0.79001311,2018,-0.02439705,504973.00486285,75.74595073,1.02013312,0.00189365,,,,,0.57146233,0.12426025
VT TQQQ/cash t25 w0-80 QQQ:VOL_EWMA80 gate QQQ<SMA200,sens,sens_2016-07-05,2016-07-05,2021-07-02,false,true,"{""*"": 6, ""BTAL"": 6, ""DBMF"": 2.5, ""KMLM"": 6, ""QQQ"": 1, ""SPY"": 0.7, ""TQQQ"": 1.5}",0.03000000,tests/data/2026-08-20-net15,,0.25000000,0.80000000,QQQ<SMA200,0.00514600,0.15029460,0.00515528,0.15029460,118456.55372836,40000.00000000,78456.55372836,1.96141384,0.38164992,0.36448920,1.25094655,0.29328236,1.69564970,1.31181042,-0.29093374,471,2017,0.79001311,2018,0.00611660,503549.32989390,75.53239948,1.01392385,0.00188831,,,,,0.56639467,0.12425639
VT TQQQ/cash t30 w0-50 QQQ:VOL_EWMA80,sens,sens_2016-07-05,2016-07-05,2021-07-02,false,true,"{""*"": 6, ""BTAL"": 6, ""DBMF"": 2.5, ""KMLM"": 6, ""QQQ"": 1, ""SPY"": 0.7, ""TQQQ"": 1.5}",0.03000000,tests/data/2026-08-20-net15,,0.30000000,0.50000000,,0.00007299,0.00021436,0.00007595,0.00021548,110144.15800691,40000.00000000,70144.15800691,1.75360395,0.34114985,0.33880707,1.31347628,0.24696970,1.78243149,1.14465706,-0.29803673,166,2017,0.51681387,2018,-0.00575206,152190.38208264,22.82855731,0.33804179,0.00057071,,,,,0.45805352,0.14906243
VT TQQQ/cash t30 w0-50 QQQ:VOL_EWMA80 gate QQQ<SMA200,sens,sens_2016-07-05,2016-07-05,2021-07-02,false,true,"{""*"": 6, ""BTAL"": 6, ""DBMF"": 2.5, ""KMLM"": 6, ""QQQ"": 1, ""SPY"": 0.7, ""TQQQ"": 1.5}",0.03000000,tests/data/2026-08-20-net15,,0.30000000,0.50000000,QQQ<SMA200,0.00611324,0.17990797,0.00611702,0.17990797,110720.40878704,40000.00000000,70720.40878704,1.76801022,0.34315040,0.34064137,1.33341703,0.24381184,1.81046867,1.15147683,-0.29800895,166,2017,0.51681387,2018,0.03222931,149478.07619483,22.42171143,0.33045009,0.00056054,,,,,0.45201245,0.14909133
VT TQQQ/cash t30 w0-60 QQQ:VOL_EWMA80,sens,sens_2016-07-05,2016-07-05,2021-07-02,false,true,"{""*"": 6, ""BTAL"": 6, ""DBMF"": 2.5, ""KMLM"": 6, ""QQQ"": 1, ""SPY"": 0.7, ""TQQQ"": 1.5}",0.03000000,tests/data/2026-08-20-net15,,0.30000000,0.60000000,,0.00009529,0.00020306,0.00010037,0.00020595,121314.50408939,40000.00000000,81314.50408939,2.03286260,0.37909292,0.37295536,1.29522599,0.27852893,1.75039355,1.19655565,-0.31682013,169,2017,0.62269976,2018,0.00130694,238916.53998775,35.83748100,0.49329404,0.00089594,,,,,0.52434558,0.14915282
VT TQQQ/cash t30 w0-60 QQQ:VOL_EWMA80 gate QQQ<SMA200,sens,sens_2016-07-05,2016-07-05,2021-07-02,false,true,"{""*"": 6, ""BTAL"": 6, ""DBMF"": 2.5, ""KMLM"": 6, ""QQQ"": 1, ""SPY"": 0.7, ""TQQQ"": 1.5}",0.03000000,tests/data/2026-08-20-net15,,0.30000000,0.60000000,QQQ<SMA200,0.00611089,0.17951639,0.00611563,0.17951639,121967.60221274,40000.00000000,81967.60221274,2.04919006,0.38116069,0.37486557,1.31091437,0.27574990,1.77218622,1.20302541,-0.31683511,169,2017,0.62269976,2018,0.03952047,236417.88236766,35.46268236,0.48577461,0.00088657,,,,,0.51833033,0.14909230
VT TQQQ/cash t30 w0-70 QQQ:VOL_EWMA80,sens,sens_2016-07-05,2016-07-05,2021-07-02,false,true,"{""*"": 6, ""BTAL"": 6, ""DBMF"": 2.5, ""KMLM"": 6, ""QQQ"": 1, ""SPY"": 0.7, ""TQQQ"": 1.5}",0.03000000,tests/data/2026-08-20-net15,,0.30000000,0.70000000,,0.00008307,0.00018513,0.00008932,0.00019436,130562.13185971,40000.00000000,90562.13185971,2.26405330,0.40804100,0.39920657,1.28025516,0.30388337,1.73214783,1.27105877,-0.32102450,429,2017,0.71789832,2018,-0.01068697,336200.97239207,50.43014586,0.66039119,0.00126075,,,,,0.58081115,0.14907705
VT TQQQ/cash t30 w0-70 QQQ:VOL_EWMA80 gate QQQ<SMA200,sens,sens_2016-07-05,2016-07-05,2021-07-02,false,true,"{""*"": 6, ""BTAL"": 6, ""DBMF"": 2.5, ""KMLM"": 6, ""QQQ"": 1, ""SPY"": 0.7, ""TQQQ"": 1.5}",0.03000000,tests/data/2026-08-20-net15,,0.30000000,0.70000000,QQQ<SMA200,0.00608812,0.17920231,0.00609406,0.17920231,131280.81864361,40000.00000000,91280.81864361,2.28202047,0.41016863,0.40117823,1.29349523,0.30134536,1.75058366,1.29455244,-0.31684204,169,2017,0.71789832,2018,0.02704869,333871.19111911,50.08067867,0.65260133,0.00125202,,,,,0.57480642,0.14915648
VT TQQQ/cash t30 w0-80 QQQ:VOL_EWMA80,sens,sens_2016-07-05,2016-07-05,2021-07-02,false,true,"{""*"": 6, ""BTAL"": 6, ""DBMF"": 2.5, ""KMLM"": 6, ""QQQ"": 1, ""SPY"": 0.7, ""TQQQ"": 1.5}",0.03000000,tests/data/2026-08-20-net15,,0.30000000,0.80000000,,0.00007969,0.00018354,0.00008816,0.00019152,135091.62851817,40000.00000000,95091.62851817,2.37729071,0.42482775,0.41147887,1.25117052,0.32612703,1.69358401,1.23262019,-0.34465421,443,2017,0.81725687,2018,-0.02789105,468590.93719333,70.28864058,0.88717883,0.00175722,,,,,0.62672271,0.14908392
VT TQQQ/cash t30 w0-80 QQQ:VOL_EWMA80 gate QQQ<SMA200,sens,sens_2016-07-05,2016-07-05,2021-07-02,false,true,"{""*"": 6, ""BTAL"": 6, ""DBMF"": 2.5, ""KMLM"": 6, ""QQQ"": 1, ""SPY"": 0.7, ""TQQQ"": 1.5}",0.03000000,tests/data/2026-08-20-net15,,0.30000000,0.80000000,QQQ<SMA200,0.00608362,0.17890624,0.00609185,0.17890624,135842.79023917,40000.00000000,95842.79023917,2.39606976,0.42698582,0.41347946,1.26261647,0.32375878,1.70952884,1.34775202,-0.31681334,169,2017,0.81725687,2018,0.00915113,466852.67347374,70.02790102,0.87952702,0.00175070,,,,,0.62071902,0.14910385
VT TQQQ/cash t35 w0-50 QQQ:VOL_EWMA80,sens,sens_2016-07-05,2016-07-05,2021-07-02,false,true,"{""*"": 6, ""BTAL"": 6, ""DBMF"": 2.5, ""KMLM"": 6, ""QQQ"": 1, ""SPY"": 0.7, ""TQQQ"": 1.5}",0.03000000,tests/data/2026-08-20-net15,,0.35000000,0.50000000,,0.00009076,0.00022301,0.00009367,0.00022763,114726.67001147,40000.00000000,74726.67001147,1.86816675,0.35452331,0.35316726,1.29943278,0.25980265,1.76851824,1.12306421,-0.31567502,152,2019,0.52570919,2018,-0.02842716,128031.16718628,19.20467508,0.27979835,0.00048012,,,,,0.47204160,0.17392371
VT TQQQ/cash t35 w0-50 QQQ:VOL_EWMA80 gate QQQ<SMA200,sens,sens_2016-07-05,2016-07-05,2021-07-02,false,true,"{""*"": 6, ""BTAL"": 6, ""DBMF"": 2.5, ""KMLM"": 6, ""QQQ"": 1, ""SPY"": 0.7, ""TQQQ"": 1.5}",0.03000000,tests/data/2026-08-20-net15,,0.35000000,0.50000000,QQQ<SMA200,0.00704574,0.20861815,0.00704914,0.20861815,115584.45165602,40000.00000000,75584.45165602,1.88961129,0.35735696,0.35579925,1.32444593,0.25566759,1.80380264,1.13209505,-0.31565985,152,2017,0.51680333,2018,0.01558830,124415.87714440,18.66238157,0.27010680,0.00046656,,,,,0.46508614,0.17395088
VT TQQQ/cash t35 w0-60 QQQ:VOL_EWMA80,sens,sens_2016-07-05,2016-07-05,2021-07-02,false,true,"{""*"": 6, ""BTAL"": 6, ""DBMF"": 2.5, ""KMLM"": 6, ""QQQ"": 1, ""SPY"": 0.7, ""TQQQ"": 1.5}",0.03000000,tests/data/2026-08-20-net15,,0.35000000,0.60000000,,0.00009148,0.00018170,0.00009584,0.00018836,129752.79317525,40000.00000000,89752.79317525,2.24381983,0.40158233,0.39697488,1.29730498,0.29401204,1.75965274,1.16678161,-0.34417952,168,2017,0.63403859,2018,-0.01550269,201231.22574604,30.18468386,0.40341394,0.00075462,,,,,0.54603540,0.17400885
VT TQQQ/cash t35 w0-60 QQQ:VOL_EWMA80 gate QQQ<SMA200,sens,sens_2016-07-05,2016-07-05,2021-07-02,false,true,"{""*"": 6, ""BTAL"": 6, ""DBMF"": 2.5, ""KMLM"": 6, ""QQQ"": 1, ""SPY"": 0.7, ""TQQQ"": 1.5}",0.03000000,tests/data/2026-08-20-net15,,0.35000000,0.60000000,QQQ<SMA200,0.00703226,0.20788877,0.00703686,0.20788877,130747.72666193,40000.00000000,90747.72666193,2.26869317,0.40451384,0.39971664,1.31711592,0.29036559,1.78731468,1.17524295,-0.34419592,168,2017,0.63403859,2018,0.02901615,197805.55179211,29.67083277,0.39386895,0.00074177,,,,,0.53909439,0.17397628
VT TQQQ/cash t35 w0-70 QQQ:VOL_EWMA80,sens,sens_2016-07-05,2016-07-05,2021-07-02,false,true,"{""*"": 6, ""BTAL"": 6, ""DBMF"": 2.5, ""KMLM"": 6, ""QQQ"": 1, ""SPY"": 0.7, ""TQQQ"": 1.5}",0.03000000,tests/data/2026-08-20-net15,,0.35000000,0.70000000,,0.00007543,0.00019243,0.00008052,0.00019343,142285.12162594,40000.00000000,102285.12162594,2.55712804,0.43854121,0.43025460,1.28176054,0.32574469,1.73307261,1.21793405,-0.36006975,169,2017,0.74458532,2018,-0.01230273,306903.64498839,46.03554675,0.57379615,0.00115089,,,,,0.61177309,0.17394888
VT TQQQ/cash t35 w0-70 QQQ:VOL_EWMA80 gate QQQ<SMA200,sens,sens_2016-07-05,2016-07-05,2021-07-02,false,true,"{""*"": 6, ""BTAL"": 6, ""DBMF"": 2.5, ""KMLM"": 6, ""QQQ"": 1, ""SPY"": 0.7, ""TQQQ"": 1.5}",0.03000000,tests/data/2026-08-20-net15,,0.35000000,0.70000000,QQQ<SMA200,0.00699508,0.20733739,0.00699920,0.20733739,143405.70574534,40000.00000000,103405.70574534,2.58514264,0.44156545,0.43310510,1.29797524,0.32247578,1.75549684,1.22615597,-0.36012177,169,2017,0.74458532,2018,0.03230260,304088.42511699,45.61326377,0.56464262,0.00114033,,,,,0.60485441,0.17398554
VT TQQQ/cash t35 w0-80 QQQ:VOL_EWMA80,sens,sens_2016-07-05,2016-07-05,2021-07-02,false,true,"{""*"": 6, ""BTAL"": 6, ""DBMF"": 2.5, ""KMLM"": 6, ""QQQ"": 1, ""SPY"": 0.7, ""TQQQ"": 1.5}",0.03000000,tests/data/2026-08-20-net15,,0.35000000,0.80000000,,0.00006659,0.00017437,0.00007406,0.00017895,153344.18519441,40000.00000000,113344.18519441,2.83360463,0.46841551,0.45757761,1.27094507,0.35177093,1.72044013,1.28193137,-0.36539827,432,2017,0.84550810,2018,-0.02510729,424729.64989093,63.70944748,0.75524315,0.00159274,,,,,0.66894426,0.17399661
VT TQQQ/cash t35 w0-80 QQQ:VOL_EWMA80 gate QQQ<SMA200,sens,sens_2016-07-05,2016-07-05,2021-07-02,false,true,"{""*"": 6, ""BTAL"": 6, ""DBMF"": 2.5, ""KMLM"": 6, ""QQQ"": 1, ""SPY"": 0.7, ""TQQQ"": 1.5}",0.03000000,tests/data/2026-08-20-net15,,0.35000000,0.80000000,QQQ<SMA200,0.00698283,0.20707818,0.00698957,0.20707818,154588.84288535,40000.00000000,114588.84288535,2.86472107,0.47155224,0.46054534,1.28507236,0.34873557,1.74004886,1.30942357,-0.36012201,169,2017,0.84550810,2018,0.01890131,422367.21422663,63.35508213,0.74580492,0.00158388,,,,,0.66202875,0.17400513
VT TQQQ/cash t40 w0-50 QQQ:VOL_EWMA80,sens,sens_2016-07-05,2016-07-05,2021-07-02,false,true,"{""*"": 6, ""BTAL"": 6, ""DBMF"": 2.5, ""KMLM"": 6, ""QQQ"": 1, ""SPY"": 0.7, ""TQQQ"": 1.5}",0.03000000,tests/data/2026-08-20-net15,,0.40000000,0.50000000,,0.00008537,0.00019152,0.00008793,0.00019360,116726.05553279,40000.00000000,76726.05553279,1.91815139,0.35954690,0.35927572,1.26807607,0.27165700,1.72809304,1.07873244,-0.33330498,142,2019,0.54423369,2018,-0.04682652,108994.05954689,16.34910893,0.23723649,0.00040873,,,,,0.48168988,0.19883762
VT TQQQ/cash t40 w0-50 QQQ:VOL_EWMA80 gate QQQ<SMA200,sens,sens_2016-07-05,2016-07-05,2021-07-02,false,true,"{""*"": 6, ""BTAL"": 6, ""DBMF"": 2.5, ""KMLM"": 6, ""QQQ"": 1, ""SPY"": 0.7, ""TQQQ"": 1.5}",0.03000000,tests/data/2026-08-20-net15,,0.40000000,0.50000000,QQQ<SMA200,0.00701861,0.18703279,0.00702122,0.18703279,118079.97648771,40000.00000000,78079.97648771,1.95199941,0.36383325,0.36336038,1.29834548,0.26672345,1.77087323,1.09166514,-0.33328284,142,2017,0.51679358,2018,0.00115381,103967.62012022,15.59514302,0.22409387,0.00038988,,,,,0.47475659,0.19883485
VT TQQQ/cash t40 w0-60 QQQ:VOL_EWMA80,sens,sens_2016-07-05,2016-07-05,2021-07-02,false,true,"{""*"": 6, ""BTAL"": 6, ""DBMF"": 2.5, ""KMLM"": 6, ""QQQ"": 1, ""SPY"": 0.7, ""TQQQ"": 1.5}",0.03000000,tests/data/2026-08-20-net15,,0.40000000,0.60000000,,0.00008856,0.00020790,0.00009171,0.00021058,135702.06403689,40000.00000000,95702.06403689,2.39255160,0.41641337,0.41310539,1.28846944,0.30734330,1.75292385,1.15316983,-0.36110325,166,2017,0.63403364,2018,-0.04014268,176454.75989424,26.46821398,0.34788671,0.00066171,,,,,0.56128631,0.19880462
VT TQQQ/cash t40 w0-60 QQQ:VOL_EWMA80 gate QQQ<SMA200,sens,sens_2016-07-05,2016-07-05,2021-07-02,false,true,"{""*"": 6, ""BTAL"": 6, ""DBMF"": 2.5, ""KMLM"": 6, ""QQQ"": 1, ""SPY"": 0.7, ""TQQQ"": 1.5}",0.03000000,tests/data/2026-08-20-net15,,0.40000000,0.60000000,QQQ<SMA200,0.00792370,0.23611510,0.00792756,0.23611510,137115.95068310,40000.00000000,97115.95068310,2.42789877,0.42037625,0.41684848,1.31274896,0.30270825,1.78693853,1.16417919,-0.36109239,166,2017,0.63403364,2018,0.01032009,172014.94364857,25.80224155,0.33610732,0.00064506,,,,,0.55345046,0.19884137
VT TQQQ/cash t40 w0-70 QQQ:VOL_EWMA80,sens,sens_2016-07-05,2016-07-05,2021-07-02,false,false,"{""*"": 6, ""BTAL"": 6, ""DBMF"": 2.5, ""KMLM"": 6, ""QQQ"": 1, ""SPY"": 0.7, ""TQQQ"": 1.5}",0.03000000,tests/data/2026-08-20-net15,,0.40000000,0.70000000,,0.00006979,0.00015376,0.00007445,0.00015427,152088.85552046,40000.00000000,112088.85552046,2.80222139,0.46163394,0.45456334,1.28514294,0.34140461,1.74304476,1.19074886,-0.38768371,169,2017,0.75869534,2018,-0.02905226,261355.19760352,39.20327964,0.47401034,0.00098008,,,,,0.63391161,0.19884705
VT TQQQ/cash t40 w0-70 QQQ:VOL_EWMA80 gate QQQ<SMA200,sens,sens_2016-07-05,2016-07-05,2021-07-02,false,true,"{""*"": 6, ""BTAL"": 6, ""DBMF"": 2.5, ""KMLM"": 6, ""QQQ"": 1, ""SPY"": 0.7, ""TQQQ"": 1.5}",0.03000000,tests/data/2026-08-20-net15,,0.40000000,0.70000000,QQQ<SMA200,0.00788484,0.23533982,0.00788878,0.23533982,153728.17422631,40000.00000000,113728.17422631,2.84320436,0.46576355,0.45849539,1.30515887,0.33724807,1.77084355,1.20142737,-0.38767516,169,2017,0.75869534,2018,0.02190370,257363.85309870,38.60457796,0.46248539,0.00096511,,,,,0.62609727,0.19882242
VT TQQQ/cash t40 w0-80 QQQ:VOL_EWMA80,sens,sens_2016-07-05,2016-07-05,2021-07-02,false,false,"{""*"": 6, ""BTAL"": 6, ""DBMF"": 2.5, ""KMLM"": 6, ""QQQ"": 1, ""SPY"": 0.7, ""TQQQ"": 1.5}",0.03000000,tests/data/2026-08-20-net15,,0.40000000,0.80000000,,0.00006972,0.00015771,0.00007445,0.00015929,166143.19010060,40000.00000000,126143.19010060,3.15357975,0.49780286,0.48715581,1.27203580,0.37336999,1.72115872,1.24142057,-0.40099453,169,2017,0.87390909,2018,-0.02826557,388118.00322666,58.21770048,0.65828069,0.00145544,,,,,0.69918682,0.19888983
VT TQQQ/cash t40 w0-80 QQQ:VOL_EWMA80 gate QQQ<SMA200,sens,sens_2016-07-05,2016-07-05,2021-07-02,false,true,"{""*"": 6, ""BTAL"": 6, ""DBMF"": 2.5, ""KMLM"": 6, ""QQQ"": 1, ""SPY"": 0.7, ""TQQQ"": 1.5}",0.03000000,tests/data/2026-08-20-net15,,0.40000000,0.80000000,QQQ<SMA200,0.00787195,0.23478399,0.00787716,0.23478399,167966.22431520,40000.00000000,127966.22431520,3.19915561,0.50204138,0.49120820,1.28892842,0.36957309,1.74445614,1.25204683,-0.40097652,169,2017,0.87390909,2018,0.02269865,385076.69680300,57.76150452,0.64703848,0.00144404,,,,,0.69138412,0.19884127
50/50,sens,sens_2016-07-05,2016-07-05,2021-07-02,true,true,"{""*"": 6, ""BTAL"": 6, ""DBMF"": 2.5, ""KMLM"": 6, ""QQQ"": 1, ""SPY"": 0.7, ""TQQQ"": 1.5}",0.03000000,tests/data/2026-08-20-net15,,,,,0.00039247,0.00180004,0.00033287,0.00188937,114705.30465795,40000.00000000,74705.30465795,1.86763262,0.34546065,0.35310149,1.14930650,0.29691635,1.60589754,0.91563943,-0.37728896,133,2019,0.60995315,2018,0.01291604,233609.56842502,90.15017602,0.50026674,0.00225375,0.49967950,0.49811063,,,0.49991097,0.49980360
TQQQ50/BTAL50 gate QQQ<SMA200,sens,sens_2016-07-05,2016-07-05,2021-07-02,true,true,"{""*"": 6, ""BTAL"": 6, ""DBMF"": 2.5, ""KMLM"": 6, ""QQQ"": 1, ""SPY"": 0.7, ""TQQQ"": 1.5}",0.03000000,tests/data/2026-08-20-net15,,,,,0.01142835,0.19275181,0.01137155,0.19275632,106190.38619045,40000.00000000,66190.38619045,1.65475965,0.32205840,0.32598910,1.12334040,0.28512307,1.55474467,0.85366222,-0.37726679,138,2019,0.50494850,2018,0.05396171,194019.00397513,75.77758069,0.43385790,0.00189444,0.51070333,0.49811063,,,0.48886642,0.30724368
SPY benchmark,sens,sens_2016-07-05,2016-07-05,2021-07-02,true,true,"{""*"": 6, ""BTAL"": 6, ""DBMF"": 2.5, ""KMLM"": 6, ""QQQ"": 1, ""SPY"": 0.7, ""TQQQ"": 1.5}",0.03000000,tests/data/2026-08-20-net15,,,,,0.00428837,0.01794132,0.00428959,0.01797569,70801.76735332,40000.00000000,30801.76735332,0.77004418,0.17586286,0.18731559,0.96389823,0.18618663,1.32910053,0.52185180,-0.33699771,173,2019,0.30761491,2018,-0.04840182,39646.81537657,2.77527708,0.12020701,0.00006938,,,0.99571041,0.98202431,,
VT TQQQ/BTAL t25 w0-50 QQQ:VOL_EWMA80,sens,sens_2017-01-03,2017-01-03,2022-01-03,false,true,"{""*"": 6, ""BTAL"": 6, ""DBMF"": 2.5, ""KMLM"": 6, ""QQQ"": 1, ""SPY"": 0.7, ""TQQQ"": 1.5}",0.03000000,tests/data/2026-08-20-net15,BTAL,0.25000000,0.50000000,,0.00043816,0.00124221,0.00037009,0.00109151,91375.83980272,40000.00000000,51375.83980272,1.28439600,0.28787755,0.27327422,1.22759384,0.22755429,1.69546632,1.13312594,-0.25405609,362,2017,0.45640591,2022,0.00936707,357694.13694720,136.15607818,0.83670491,0.00340390,0.56312594,0.49890849,,,0.43640959,0.12419819
VT TQQQ/BTAL t25 w0-50 QQQ:VOL_EWMA80 gate QQQ<SMA200,sens,sens_2017-01-03,2017-01-03,2022-01-03,false,true,"{""*"": 6, ""BTAL"": 6, ""DBMF"": 2.5, ""KMLM"": 6, ""QQQ"": 1, ""SPY"": 0.7, ""TQQQ"": 1.5}",0.03000000,tests/data/2026-08-20-net15,BTAL,0.25000000,0.50000000,QQQ<SMA200,0.00558814,0.15116289,0.00551993,0.15116786,91457.86730201,40000.00000000,51457.86730201,1.28644668,0.28841709,0.27358210,1.23724811,0.22579433,1.71023286,1.13498918,-0.25411440,362,2017,0.45640591,2022,0.00936785,356748.77077726,136.26598425,0.83331524,0.00340665,0.56832217,0.49890849,,,0.43123374,0.12429436
VT TQQQ/BTAL t25 w0-60 QQQ:VOL_EWMA80,sens,sens_2017-01-03,2017-01-03,2022-01-03,false,true,"{""*"": 6, ""BTAL"": 6, ""DBMF"": 2.5, ""KMLM"": 6, ""QQQ"": 1, ""SPY"": 0.7, ""TQQQ"": 1.5}",0.03000000,tests/data/2026-08-20-net15,BTAL,0.25000000,0.60000000,,0.00037917,0.00142310,0.00032486,0.00119850,95584.44731488,40000.00000000,55584.44731488,1.38961118,0.30776067,0.28876265,1.19440070,0.25160499,1.64170117,1.22696675,-0.25083049,355,2017,0.54259103,2022,0.00971653,524527.79297479,197.87760064,1.18573817,0.00494694,0.51093766,0.39880150,,,0.48864702,0.12423646
VT TQQQ/BTAL t25 w0-60 QQQ:VOL_EWMA80 gate QQQ<SMA200,sens,sens_2017-01-03,2017-01-03,2022-01-03,false,true,"{""*"": 6, ""BTAL"": 6, ""DBMF"": 2.5, ""KMLM"": 6, ""QQQ"": 1, ""SPY"": 0.7, ""TQQQ"": 1.5}",0.03000000,tests/data/2026-08-20-net15,BTAL,0.25000000,0.60000000,QQQ<SMA200,0.00554773,0.15094378,0.00549114,0.15094866,95643.64252750,40000.00000000,55643.64252750,1.39109106,0.30822036,0.28897615,1.20180528,0.25001488,1.65286519,1.22863649,-0.25086375,355,2017,0.54259103,2022,0.00971926,523747.97689733,197.99584156,1.18248435,0.00494990,0.51610800,0.39880150,,,0.48346600,0.12422661
VT TQQQ/BTAL t25 w0-70 QQQ:VOL_EWMA80,sens,sens_2017-01-03,2017-01-03,2022-01-03,false,true,"{""*"": 6, ""BTAL"": 6, ""DBMF"": 2.5, ""KMLM"": 6, ""QQQ"": 1, ""SPY"": 0.7, ""TQQQ"": 1.5}",0.03000000,tests/data/2026-08-20-net15,BTAL,0.25000000,0.70000000,,0.00042015,0.00106708,0.00037640,0.00096183,97000.96865586,40000.00000000,57000.96865586,1.42502422,0.31776445,0.29383968,1.14940868,0.27305779,1.57355864,1.21023906,-0.26256337,432,2017,0.62753712,2022,0.00970454,746810.43051373,279.79278701,1.65831397,0.00699482,0.47055904,0.29903817,,,0.52897061,0.12427083
VT TQQQ/BTAL t25 w0-70 QQQ:VOL_EWMA80 gate QQQ<SMA200,sens,sens_2017-01-03,2017-01-03,2022-01-03,false,true,"{""*"": 6, ""BTAL"": 6, ""DBMF"": 2.5, ""KMLM"": 6, ""QQQ"": 1, ""SPY"": 0.7, ""TQQQ"": 1.5}",0.03000000,tests/data/2026-08-20-net15,BTAL,0.25000000,0.70000000,QQQ<SMA200,0.00554370,0.15091869,0.00550400,0.15092352,97082.87091125,40000.00000000,57082.87091125,1.42707177,0.31829388,0.29413121,1.15561024,0.27159474,1.58280388,1.25317908,-0.25398914,337,2017,0.62753712,2022,0.00971700,746199.84237092,279.99514054,1.65470702,0.00699988,0.47576477,0.29903817,,,0.52380609,0.12424581
VT TQQQ/BTAL t25 w0-80 QQQ:VOL_EWMA80,sens,sens_2017-01-03,2017-01-03,2022-01-03,false,true,"{""*"": 6, ""BTAL"": 6, ""DBMF"": 2.5, ""KMLM"": 6, ""QQQ"": 1, ""SPY"": 0.7, ""TQQQ"": 1.5}",0.03000000,tests/data/2026-08-20-net15,BTAL,0.25000000,0.80000000,,0.00033367,0.00119709,0.00030701,0.00110937,98798.44976056,40000.00000000,58798.44976056,1.46996124,0.32761076,0.30018839,1.12282756,0.29064415,1.53502444,1.11914241,-0.29273376,455,2017,0.70664148,2022,0.00970977,920712.04285481,344.12781956,2.01858861,0.00860320,0.43922681,0.19889063,,,0.56037717,0.12421178
VT TQQQ/BTAL t25 w0-80 QQQ:VOL_EWMA80 gate QQQ<SMA200,sens,sens_2017-01-03,2017-01-03,2022-01-03,false,true,"{""*"": 6, ""BTAL"": 6, ""DBMF"": 2.5, ""KMLM"": 6, ""QQQ"": 1, ""SPY"": 0.7, ""TQQQ"": 1.5}",0.03000000,tests/data/2026-08-20-net15,BTAL,0.25000000,0.80000000,QQQ<SMA200,0.00550253,0.15071834,0.00547828,0.15072294,98900.11703494,40000.00000000,58900.11703494,1.47250293,0.32819804,0.30054441,1.12834714,0.28925752,1.54320300,1.23468749,-0.26581466,455,2017,0.70664148,2022,0.00971839,920205.02068082,344.40521919,2.01453475,0.00861013,0.44438286,0.19889063,,,0.55520421,0.12428553
VT TQQQ/BTAL t30 w0-50 QQQ:VOL_EWMA80,sens,sens_2017-01-03,2017-01-03,2022-01-03,false,true,"{""*"": 6, ""BTAL"": 6, ""DBMF"": 2.5, ""KMLM"": 6, ""QQQ"": 1, ""SPY"": 0.7, ""TQQQ"": 1.5}",0.03000000,tests/data/2026-08-20-net15,BTAL,0.30000000,0.50000000,,0.00037631,0.00124221,0.00030127,0.00109151,100467.40740096,40000.00000000,60467.40740096,1.51168519,0.31528985,0.30599229,1.25693254,0.24167001,1.74436005,1.25791538,-0.25064472,140,2019,0.48823953,2022,0.00935859,306358.74518842,117.30101871,0.68970593,0.00293253,0.54090189,0.49890849,,,0.45869860,0.14913666
VT TQQQ/BTAL t30 w0-50 QQQ:VOL_EWMA80 gate QQQ<SMA200,sens,sens_2017-01-03,2017-01-03,2022-01-03,false,true,"{""*"": 6, ""BTAL"": 6, ""DBMF"": 2.5, ""KMLM"": 6, ""QQQ"": 1, ""SPY"": 0.7, ""TQQQ"": 1.5}",0.03000000,tests/data/2026-08-20-net15,BTAL,0.30000000,0.50000000,QQQ<SMA200,0.00652012,0.18029920,0.00643916,0.18030399,100715.36382279,40000.00000000,60715.36382279,1.51788410,0.31646012,0.30684729,1.27206161,0.23898734,1.76758708,1.26288017,-0.25058602,140,2017,0.46548474,2022,0.00935723,304468.27871137,117.08957009,0.68346639,0.00292724,0.54704525,0.49890849,,,0.45254330,0.14905335
VT TQQQ/BTAL t30 w0-60 QQQ:VOL_EWMA80,sens,sens_2017-01-03,2017-01-03,2022-01-03,false,true,"{""*"": 6, ""BTAL"": 6, ""DBMF"": 2.5, ""KMLM"": 6, ""QQQ"": 1, ""SPY"": 0.7, ""TQQQ"": 1.5}",0.03000000,tests/data/2026-08-20-net15,BTAL,0.30000000,0.60000000,,0.00034400,0.00142310,0.00029266,0.00119850,109227.51280848,40000.00000000,69227.51280848,1.73068782,0.34978257,0.33512841,1.23922922,0.27257158,1.70005314,1.28777826,-0.27161708,140,2017,0.56984293,2022,0.01326154,468225.50843493,176.90622171,0.98989403,0.00442266,0.47590731,0.39880150,,,0.52371885,0.14908801
VT TQQQ/BTAL t30 w0-60 QQQ:VOL_EWMA80 gate QQQ<SMA200,sens,sens_2017-01-03,2017-01-03,2022-01-03,false,true,"{""*"": 6, ""BTAL"": 6, ""DBMF"": 2.5, ""KMLM"": 6, ""QQQ"": 1, ""SPY"": 0.7, ""TQQQ"": 1.5}",0.03000000,tests/data/2026-08-20-net15,BTAL,0.30000000,0.60000000,QQQ<SMA200,0.00647167,0.17991791,0.00641271,0.17992267,109523.35375973,40000.00000000,69523.35375973,1.73808384,0.35103153,0.33607597,1.25108961,0.27021508,1.71762523,1.29220826,-0.27165244,140,2017,0.56984293,2022,0.01325635,466505.61923327,176.73367930,0.98332029,0.00441834,0.48204033,0.39880150,,,0.51758474,0.14909989
VT TQQQ/BTAL t30 w0-70 QQQ:VOL_EWMA80,sens,sens_2017-01-03,2017-01-03,2022-01-03,false,true,"{""*"": 6, ""BTAL"": 6, ""DBMF"": 2.5, ""KMLM"": 6, ""QQQ"": 1, ""SPY"": 0.7, ""TQQQ"": 1.5}",0.03000000,tests/data/2026-08-20-net15,BTAL,0.30000000,0.70000000,,0.00039399,0.00106708,0.00033886,0.00096183,114548.71088136,40000.00000000,74548.71088136,1.86371777,0.37066055,0.35183780,1.20798660,0.29859272,1.65156346,1.29242928,-0.28679368,320,2017,0.66193599,2022,0.01368475,669364.24986831,251.52268235,1.36698414,0.00628807,0.42248428,0.29903817,,,0.57708127,0.14911795
VT TQQQ/BTAL t30 w0-70 QQQ:VOL_EWMA80 gate QQQ<SMA200,sens,sens_2017-01-03,2017-01-03,2022-01-03,false,true,"{""*"": 6, ""BTAL"": 6, ""DBMF"": 2.5, ""KMLM"": 6, ""QQQ"": 1, ""SPY"": 0.7, ""TQQQ"": 1.5}",0.03000000,tests/data/2026-08-20-net15,BTAL,0.30000000,0.70000000,QQQ<SMA200,0.00651663,0.17957265,0.00646727,0.17957734,114864.94360945,40000.00000000,74864.94360945,1.87162359,0.37194390,0.35280923,1.21775354,0.29643979,1.66588808,1.36938627,-0.27161358,140,2017,0.66193599,2022,0.01368651,668206.56476966,251.54090202,1.36043100,0.00628852,0.42859870,0.29903817,,,0.57095546,0.14907657
VT TQQQ/BTAL t30 w0-80 QQQ:VOL_EWMA80,sens,sens_2017-01-03,2017-01-03,2022-01-03,false,true,"{""*"": 6, ""BTAL"": 6, ""DBMF"": 2.5, ""KMLM"": 6, ""QQQ"": 1, ""SPY"": 0.7, ""TQQQ"": 1.5}",0.03000000,tests/data/2026-08-20-net15,BTAL,0.30000000,0.80000000,,0.00032155,0.00119476,0.00029816,0.00121740,115696.51052710,40000.00000000,75696.51052710,1.89241276,0.37927871,0.35535258,1.16214648,0.32218663,1.58346753,1.20003885,-0.31605536,443,2017,0.75371694,2022,0.01368095,913296.11894797,341.52609120,1.83523977,0.00853815,0.37991837,0.19878260,,,0.61970588,0.14908172
VT TQQQ/BTAL t30 w0-80 QQQ:VOL_EWMA80 gate QQQ<SMA200,sens,sens_2017-01-03,2017-01-03,2022-01-03,false,true,"{""*"": 6, ""BTAL"": 6, ""DBMF"": 2.5, ""KMLM"": 6, ""QQQ"": 1, ""SPY"": 0.7, ""TQQQ"": 1.5}",0.03000000,tests/data/2026-08-20-net15,BTAL,0.30000000,0.80000000,QQQ<SMA200,0.00644720,0.17953307,0.00641525,0.17953753,116010.52035618,40000.00000000,76010.52035618,1.90026301,0.38054790,0.35630882,1.17022636,0.32020310,1.59517986,1.39939925,-0.27193662,440,2017,0.75371694,2022,0.01368296,912584.99997601,341.71729718,1.82835003,0.00854293,0.38601611,0.19878260,,,0.61358880,0.14916308
VT TQQQ/BTAL t35 w0-50 QQQ:VOL_EWMA80,sens,sens_2017-01-03,2017-01-03,2022-01-03,false,true,"{""*"": 6, ""BTAL"": 6, ""DBMF"": 2.5, ""KMLM"": 6, ""QQQ"": 1, ""SPY"": 0.7, ""TQQQ"": 1.5}",0.03000000,tests/data/2026-08-20-net15,BTAL,0.35000000,0.50000000,,0.00038244,0.00124221,0.00030341,0.00109151,105862.40777600,40000.00000000,65862.40777600,1.64656019,0.32995019,0.32418837,1.25486385,0.25319697,1.74522736,1.21933741,-0.27059794,138,2019,0.51804101,2022,0.00935912,251912.37738837,96.97626775,0.55476477,0.00242441,0.52731647,0.49890849,,,0.47228082,0.17397803
VT TQQQ/BTAL t35 w0-50 QQQ:VOL_EWMA80 gate QQQ<SMA200,sens,sens_2017-01-03,2017-01-03,2022-01-03,false,true,"{""*"": 6, ""BTAL"": 6, ""DBMF"": 2.5, ""KMLM"": 6, ""QQQ"": 1, ""SPY"": 0.7, ""TQQQ"": 1.5}",0.03000000,tests/data/2026-08-20-net15,BTAL,0.35000000,0.50000000,QQQ<SMA200,0.00747230,0.20921352,0.00738940,0.20921852,106351.43521165,40000.00000000,66351.43521165,1.65878588,0.33196741,0.32579705,1.27600064,0.24945204,1.77755381,1.22676257,-0.27060445,138,2017,0.46548474,2022,0.00935872,248347.26693869,95.93346237,0.54427423,0.00239834,0.53439970,0.49890849,,,0.46518906,0.17401819
VT TQQQ/BTAL t35 w0-60 QQQ:VOL_EWMA80,sens,sens_2017-01-03,2017-01-03,2022-01-03,false,true,"{""*"": 6, ""BTAL"": 6, ""DBMF"": 2.5, ""KMLM"": 6, ""QQQ"": 1, ""SPY"": 0.7, ""TQQQ"": 1.5}",0.03000000,tests/data/2026-08-20-net15,BTAL,0.35000000,0.60000000,,0.00035768,0.00142310,0.00028893,0.00119850,120437.59141738,40000.00000000,80437.59141738,2.01093979,0.37918180,0.36955476,1.26367193,0.28777056,1.74040991,1.25432668,-0.30229908,141,2019,0.58608935,2022,0.01325860,390339.21259380,148.28984862,0.79216959,0.00370725,0.45279229,0.39880150,,,0.54682434,0.17397215
VT TQQQ/BTAL t35 w0-60 QQQ:VOL_EWMA80 gate QQQ<SMA200,sens,sens_2017-01-03,2017-01-03,2022-01-03,false,true,"{""*"": 6, ""BTAL"": 6, ""DBMF"": 2.5, ""KMLM"": 6, ""QQQ"": 1, ""SPY"": 0.7, ""TQQQ"": 1.5}",0.03000000,tests/data/2026-08-20-net15,BTAL,0.35000000,0.60000000,QQQ<SMA200,0.00741256,0.20858012,0.00735831,0.20858469,121033.56564611,40000.00000000,81033.56564611,2.02583914,0.38133364,0.37130530,1.28039909,0.28449616,1.76527030,1.26151912,-0.30228130,141,2017,0.58150954,2022,0.01325984,387630.39481623,147.71824846,0.78270865,0.00369296,0.45985761,0.39880150,,,0.53976938,0.17402683
VT TQQQ/BTAL t35 w0-70 QQQ:VOL_EWMA80,sens,sens_2017-01-03,2017-01-03,2022-01-03,false,true,"{""*"": 6, ""BTAL"": 6, ""DBMF"": 2.5, ""KMLM"": 6, ""QQQ"": 1, ""SPY"": 0.7, ""TQQQ"": 1.5}",0.03000000,tests/data/2026-08-20-net15,BTAL,0.35000000,0.70000000,,0.00033815,0.00106708,0.00028980,0.00096183,129821.42830423,40000.00000000,89821.42830423,2.24553571,0.41136032,0.39628178,1.23905804,0.32028511,1.69164327,1.28580976,-0.31992316,141,2017,0.69091658,2022,0.01716109,598209.97497223,224.90012715,1.14551040,0.00562250,0.38856699,0.29903817,,,0.61106143,0.17395751
VT TQQQ/BTAL t35 w0-70 QQQ:VOL_EWMA80 gate QQQ<SMA200,sens,sens_2017-01-03,2017-01-03,2022-01-03,false,true,"{""*"": 6, ""BTAL"": 6, ""DBMF"": 2.5, ""KMLM"": 6, ""QQQ"": 1, ""SPY"": 0.7, ""TQQQ"": 1.5}",0.03000000,tests/data/2026-08-20-net15,BTAL,0.35000000,0.70000000,QQQ<SMA200,0.00739659,0.20809181,0.00734302,0.20809621,130438.82337647,40000.00000000,90438.82337647,2.26097058,0.41346775,0.39798060,1.25232770,0.31732959,1.71083444,1.29248566,-0.31990123,141,2017,0.69091658,2022,0.01716488,596179.80520461,224.59759893,1.13596815,0.00561494,0.39563502,0.29903817,,,0.60398030,0.17397044
VT TQQQ/BTAL t35 w0-80 QQQ:VOL_EWMA80,sens,sens_2017-01-03,2017-01-03,2022-01-03,false,true,"{""*"": 6, ""BTAL"": 6, ""DBMF"": 2.5, ""KMLM"": 6, ""QQQ"": 1, ""SPY"": 0.7, ""TQQQ"": 1.5}",0.03000000,tests/data/2026-08-20-net15,BTAL,0.35000000,0.80000000,,0.00031370,0.00119476,0.00028294,0.00121740,136159.77670096,40000.00000000,96159.77670096,2.40399442,0.43254304,0.41339853,1.21086234,0.34779927,1.64922112,1.27519811,-0.33919674,429,2017,0.78899969,2022,0.01764815,839455.42451290,314.51077027,1.55304895,0.00786277,0.33449943,0.19878260,,,0.66514197,0.17402864
VT TQQQ/BTAL t35 w0-80 QQQ:VOL_EWMA80 gate QQQ<SMA200,sens,sens_2017-01-03,2017-01-03,2022-01-03,false,true,"{""*"": 6, ""BTAL"": 6, ""DBMF"": 2.5, ""KMLM"": 6, ""QQQ"": 1, ""SPY"": 0.7, ""TQQQ"": 1.5}",0.03000000,tests/data/2026-08-20-net15,BTAL,0.35000000,0.80000000,QQQ<SMA200,0.00737487,0.20788310,0.00734274,0.20788742,136825.01641375,40000.00000000,96825.01641375,2.42062541,0.43471204,0.41515467,1.22204518,0.34508402,1.66528599,1.35885251,-0.31991113,141,2017,0.78899969,2022,0.01765202,838251.15542333,314.49617712,1.54306796,0.00786240,0.34154275,0.19878260,,,0.65807957,0.17399190
VT TQQQ/BTAL t40 w0-50 QQQ:VOL_EWMA80,sens,sens_2017-01-03,2017-01-03,2022-01-03,false,true,"{""*"": 6, ""BTAL"": 6, ""DBMF"": 2.5, ""KMLM"": 6, ""QQQ"": 1, ""SPY"": 0.7, ""TQQQ"": 1.5}",0.03000000,tests/data/2026-08-20-net15,BTAL,0.40000000,0.50000000,,0.00036610,0.00124221,0.00028480,0.00109151,108795.15578286,40000.00000000,68795.15578286,1.71987889,0.33736569,0.33373955,1.23645225,0.26367455,1.72021137,1.16143050,-0.29047428,138,2019,0.54001066,2022,0.00936607,226805.98343578,88.02815174,0.49470992,0.00220070,0.51797032,0.49890849,,,0.48164501,0.19885190
VT TQQQ/BTAL t40 w0-50 QQQ:VOL_EWMA80 gate QQQ<SMA200,sens,sens_2017-01-03,2017-01-03,2022-01-03,false,true,"{""*"": 6, ""BTAL"": 6, ""DBMF"": 2.5, ""KMLM"": 6, ""QQQ"": 1, ""SPY"": 0.7, ""TQQQ"": 1.5}",0.03000000,tests/data/2026-08-20-net15,BTAL,0.40000000,0.50000000,QQQ<SMA200,0.00743707,0.18796019,0.00736399,0.18796503,109723.14181939,40000.00000000,69723.14181939,1.74307855,0.34086793,0.33671460,1.26404444,0.25902656,1.76203215,1.17341119,-0.29049317,138,2019,0.47683587,2022,0.00936038,220504.78542848,85.90598274,0.47693771,0.00214765,0.52504432,0.49890849,,,0.47457020,0.19885845
VT TQQQ/BTAL t40 w0-60 QQQ:VOL_EWMA80,sens,sens_2017-01-03,2017-01-03,2022-01-03,false,true,"{""*"": 6, ""BTAL"": 6, ""DBMF"": 2.5, ""KMLM"": 6, ""QQQ"": 1, ""SPY"": 0.7, ""TQQQ"": 1.5}",0.03000000,tests/data/2026-08-20-net15,BTAL,0.40000000,0.60000000,,0.00040053,0.00142310,0.00033297,0.00119850,127422.69609727,40000.00000000,87422.69609727,2.18556740,0.39534388,0.38961404,1.26110582,0.30062348,1.74141997,1.23010782,-0.32138961,140,2019,0.61909596,2022,0.01326251,327096.28733799,124.57985891,0.64805767,0.00311450,0.43754304,0.39880150,,,0.56203365,0.19886530
VT TQQQ/BTAL t40 w0-60 QQQ:VOL_EWMA80 gate QQQ<SMA200,sens,sens_2017-01-03,2017-01-03,2022-01-03,false,true,"{""*"": 6, ""BTAL"": 6, ""DBMF"": 2.5, ""KMLM"": 6, ""QQQ"": 1, ""SPY"": 0.7, ""TQQQ"": 1.5}",0.03000000,tests/data/2026-08-20-net15,BTAL,0.40000000,0.60000000,QQQ<SMA200,0.00836024,0.23703498,0.00830026,0.23703977,128349.94938527,40000.00000000,88349.94938527,2.20874873,0.39846251,0.39220437,1.28285701,0.29624755,1.77366282,1.23996460,-0.32134991,140,2017,0.58150954,2022,0.01326473,323116.04606034,123.54192388,0.63551959,0.00308855,0.44555974,0.39880150,,,0.55403902,0.19881748
VT TQQQ/BTAL t40 w0-70 QQQ:VOL_EWMA80,sens,sens_2017-01-03,2017-01-03,2022-01-03,false,true,"{""*"": 6, ""BTAL"": 6, ""DBMF"": 2.5, ""KMLM"": 6, ""QQQ"": 1, ""SPY"": 0.7, ""TQQQ"": 1.5}",0.03000000,tests/data/2026-08-20-net15,BTAL,0.40000000,0.70000000,,0.00036485,0.00106708,0.00032107,0.00096183,143196.36467817,40000.00000000,103196.36467817,2.57990912,0.44198265,0.43160958,1.26001153,0.33621108,1.72626304,1.26007365,-0.35075938,141,2017,0.70557313,2022,0.01715586,491622.47343972,185.41477557,0.90238872,0.00463537,0.36488193,0.29903817,,,0.63472488,0.19883311
VT TQQQ/BTAL t40 w0-70 QQQ:VOL_EWMA80 gate QQQ<SMA200,sens,sens_2017-01-03,2017-01-03,2022-01-03,false,true,"{""*"": 6, ""BTAL"": 6, ""DBMF"": 2.5, ""KMLM"": 6, ""QQQ"": 1, ""SPY"": 0.7, ""TQQQ"": 1.5}",0.03000000,tests/data/2026-08-20-net15,BTAL,0.40000000,0.70000000,QQQ<SMA200,0.00832187,0.23634069,0.00827759,0.23634507,144264.13441609,40000.00000000,104264.13441609,2.60660336,0.44520201,0.43430500,1.27753393,0.33232862,1.75163059,1.26916525,-0.35078332,141,2017,0.70557313,2022,0.01716166,488394.07956021,184.68576047,0.88983232,0.00461714,0.37284879,0.29903817,,,0.62676154,0.19888058
VT TQQQ/BTAL t40 w0-80 QQQ:VOL_EWMA80,sens,sens_2017-01-03,2017-01-03,2022-01-03,false,true,"{""*"": 6, ""BTAL"": 6, ""DBMF"": 2.5, ""KMLM"": 6, ""QQQ"": 1, ""SPY"": 0.7, ""TQQQ"": 1.5}",0.03000000,tests/data/2026-08-20-net15,BTAL,0.40000000,0.80000000,,0.00035253,0.00119476,0.00030802,0.00121740,153201.15260743,40000.00000000,113201.15260743,2.83002882,0.47205342,0.45621339,1.23427316,0.36984033,1.67997518,1.29171059,-0.36544828,142,2017,0.81999960,2018,0.01408715,750801.51929477,280.91735946,1.30621706,0.00702293,0.30124707,0.19878260,,,0.69836329,0.19884199
VT TQQQ/BTAL t40 w0-80 QQQ:VOL_EWMA80 gate QQQ<SMA200,sens,sens_2017-01-03,2017-01-03,2022-01-03,false,true,"{""*"": 6, ""BTAL"": 6, ""DBMF"": 2.5, ""KMLM"": 6, ""QQQ"": 1, ""SPY"": 0.7, ""TQQQ"": 1.5}",0.03000000,tests/data/2026-08-20-net15,BTAL,0.40000000,0.80000000,QQQ<SMA200,0.00827889,0.23579950,0.00824700,0.23580389,154392.21607098,40000.00000000,114392.21607098,2.85980540,0.47540988,0.45904939,1.24881946,0.36631696,1.70065315,1.30098757,-0.36542231,142,2017,0.81999960,2022,0.02105720,749095.42150790,280.72761251,1.29333560,0.00701819,0.30921253,0.19878260,,,0.69041685,0.19883887
VT TQQQ/cash t25 w0-50 QQQ:VOL_EWMA80,sens,sens_2017-01-03,2017-01-03,2022-01-03,false,true,"{""*"": 6, ""BTAL"": 6, ""DBMF"": 2.5, ""KMLM"": 6, ""QQQ"": 1, ""SPY"": 0.7, ""TQQQ"": 1.5}",0.03000000,tests/data/2026-08-20-net15,,0.25000000,0.50000000,,0.00013126,0.00032871,0.00013533,0.00033754,104950.82321864,40000.00000000,64950.82321864,1.62377058,0.32407416,0.32117210,1.31478113,0.23492754,1.77643251,1.19565164,-0.27104396,168,2017,0.48862527,2018,0.01237309,180459.93467138,27.06899020,0.40788052,0.00067672,,,,,0.43640658,0.12425511
VT TQQQ/cash t25 w0-50 QQQ:VOL_EWMA80 gate QQQ<SMA200,sens,sens_2017-01-03,2017-01-03,2022-01-03,false,true,"{""*"": 6, ""BTAL"": 6, ""DBMF"": 2.5, ""KMLM"": 6, ""QQQ"": 1, ""SPY"": 0.7, ""TQQQ"": 1.5}",0.03000000,tests/data/2026-08-20-net15,,0.25000000,0.50000000,QQQ<SMA200,0.00528227,0.15299516,0.00528638,0.15299516,105249.16850334,40000.00000000,65249.16850334,1.63122921,0.32534041,0.32216180,1.32950122,0.23264368,1.79694065,1.20051828,-0.27099996,168,2017,0.48862527,2022,0.01454479,179020.42512799,26.85306377,0.40340669,0.00067133,,,,,0.43125553,0.12423265
VT TQQQ/cash t25 w0-60 QQQ:VOL_EWMA80,sens,sens_2017-01-03,2017-01-03,2022-01-03,false,true,"{""*"": 6, ""BTAL"": 6, ""DBMF"": 2.5, ""KMLM"": 6, ""QQQ"": 1, ""SPY"": 0.7, ""TQQQ"": 1.5}",0.03000000,tests/data/2026-08-20-net15,,0.25000000,0.60000000,,0.00010581,0.00032343,0.00011226,0.00033200,111542.06064334,40000.00000000,71542.06064334,1.78855152,0.34981851,0.34248234,1.28945731,0.25921617,1.74165075,1.27209081,-0.27499492,329,2017,0.57333854,2018,0.00127809,276112.10817147,41.41681623,0.59576962,0.00103542,,,,,0.48866063,0.12419184
VT TQQQ/cash t25 w0-60 QQQ:VOL_EWMA80 gate QQQ<SMA200,sens,sens_2017-01-03,2017-01-03,2022-01-03,false,true,"{""*"": 6, ""BTAL"": 6, ""DBMF"": 2.5, ""KMLM"": 6, ""QQQ"": 1, ""SPY"": 0.7, ""TQQQ"": 1.5}",0.03000000,tests/data/2026-08-20-net15,,0.25000000,0.60000000,QQQ<SMA200,0.00525978,0.15283240,0.00526564,0.15283240,111862.61563994,40000.00000000,71862.61563994,1.79656539,0.35110104,0.34349024,1.30142841,0.25715192,1.75829253,1.29563883,-0.27098682,168,2017,0.57333854,2022,0.01480097,274910.29464650,41.23654420,0.59139125,0.00103091,,,,,0.48350725,0.12428753
VT TQQQ/cash t25 w0-70 QQQ:VOL_EWMA80,sens,sens_2017-01-03,2017-01-03,2022-01-03,false,true,"{""*"": 6, ""BTAL"": 6, ""DBMF"": 2.5, ""KMLM"": 6, ""QQQ"": 1, ""SPY"": 0.7, ""TQQQ"": 1.5}",0.03000000,tests/data/2026-08-20-net15,,0.25000000,0.70000000,,0.00011371,0.00032173,0.00012279,0.00033742,114791.66796961,40000.00000000,74791.66796961,1.86979170,0.36528540,0.35258435,1.25548634,0.27980852,1.69503866,1.22008627,-0.29939309,443,2017,0.66226290,2018,-0.01369440,404158.53193842,60.62377979,0.84704110,0.00151559,,,,,0.52898036,0.12418746
VT TQQQ/cash t25 w0-70 QQQ:VOL_EWMA80 gate QQQ<SMA200,sens,sens_2017-01-03,2017-01-03,2022-01-03,false,true,"{""*"": 6, ""BTAL"": 6, ""DBMF"": 2.5, ""KMLM"": 6, ""QQQ"": 1, ""SPY"": 0.7, ""TQQQ"": 1.5}",0.03000000,tests/data/2026-08-20-net15,,0.25000000,0.70000000,QQQ<SMA200,0.00525334,0.15250275,0.00526109,0.15250275,115128.02995117,40000.00000000,75128.02995117,1.87820075,0.36659342,0.35361562,1.26564469,0.27789833,1.70915738,1.35277755,-0.27099313,168,2017,0.66226290,2022,0.01480083,403118.58563378,60.46778785,0.84228501,0.00151169,,,,,0.52384205,0.12425461
VT TQQQ/cash t25 w0-80 QQQ:VOL_EWMA80,sens,sens_2017-01-03,2017-01-03,2022-01-03,false,true,"{""*"": 6, ""BTAL"": 6, ""DBMF"": 2.5, ""KMLM"": 6, ""QQQ"": 1, ""SPY"": 0.7, ""TQQQ"": 1.5}",0.03000000,tests/data/2026-08-20-net15,,0.25000000,0.80000000,,0.00009850,0.00022691,0.00010984,0.00026158,118841.85959150,40000.00000000,78841.85959150,1.97104649,0.38151343,0.36483012,1.24241628,0.29612090,1.67942156,1.17819986,-0.32381045,471,2017,0.74683574,2018,-0.02433540,504911.84379184,75.73677657,1.03137457,0.00189342,,,,,0.56039389,0.12430153
VT TQQQ/cash t25 w0-80 QQQ:VOL_EWMA80 gate QQQ<SMA200,sens,sens_2017-01-03,2017-01-03,2022-01-03,false,true,"{""*"": 6, ""BTAL"": 6, ""DBMF"": 2.5, ""KMLM"": 6, ""QQQ"": 1, ""SPY"": 0.7, ""TQQQ"": 1.5}",0.03000000,tests/data/2026-08-20-net15,,0.25000000,0.80000000,QQQ<SMA200,0.00525347,0.15245893,0.00526488,0.15245893,119207.34872803,40000.00000000,79207.34872803,1.98018372,0.38287238,0.36591713,1.25160868,0.29430266,1.69222837,1.31742801,-0.29062111,471,2017,0.74683574,2018,0.00643497,504081.89954126,75.61228493,1.02650887,0.00189031,,,,,0.55523886,0.12423863
VT TQQQ/cash t30 w0-50 QQQ:VOL_EWMA80,sens,sens_2017-01-03,2017-01-03,2022-01-03,false,true,"{""*"": 6, ""BTAL"": 6, ""DBMF"": 2.5, ""KMLM"": 6, ""QQQ"": 1, ""SPY"": 0.7, ""TQQQ"": 1.5}",0.03000000,tests/data/2026-08-20-net15,,0.30000000,0.50000000,,0.00011598,0.00031778,0.00011856,0.00031906,112996.22216555,40000.00000000,72996.22216555,1.82490555,0.34591061,0.34703435,1.31031041,0.25128951,1.77954881,1.16064105,-0.29803410,166,2019,0.50082520,2018,-0.00572962,148431.62048620,22.26474307,0.32516689,0.00055662,,,,,0.45871598,0.14909017
VT TQQQ/cash t30 w0-50 QQQ:VOL_EWMA80 gate QQQ<SMA200,sens,sens_2017-01-03,2017-01-03,2022-01-03,false,true,"{""*"": 6, ""BTAL"": 6, ""DBMF"": 2.5, ""KMLM"": 6, ""QQQ"": 1, ""SPY"": 0.7, ""TQQQ"": 1.5}",0.03000000,tests/data/2026-08-20-net15,,0.30000000,0.50000000,QQQ<SMA200,0.00622250,0.18237286,0.00622511,0.18237286,113504.92397411,40000.00000000,73504.92397411,1.83762310,0.34785545,0.34861463,1.32943436,0.24817562,1.80647847,1.16721356,-0.29802211,166,2017,0.49737672,2022,0.01454589,146409.67450714,21.96145118,0.31927300,0.00054904,,,,,0.45260944,0.14912520
VT TQQQ/cash t30 w0-60 QQQ:VOL_EWMA80,sens,sens_2017-01-03,2017-01-03,2022-01-03,false,true,"{""*"": 6, ""BTAL"": 6, ""DBMF"": 2.5, ""KMLM"": 6, ""QQQ"": 1, ""SPY"": 0.7, ""TQQQ"": 1.5}",0.03000000,tests/data/2026-08-20-net15,,0.30000000,0.60000000,,0.00011524,0.00029047,0.00012000,0.00030106,123917.53899537,40000.00000000,83917.53899537,2.09793847,0.38419766,0.37967148,1.29524182,0.28244844,1.75024580,1.21271474,-0.31680794,169,2017,0.59815526,2018,0.00121570,239128.04768553,35.86920715,0.48819497,0.00089673,,,,,0.52373029,0.14916708
VT TQQQ/cash t30 w0-60 QQQ:VOL_EWMA80 gate QQQ<SMA200,sens,sens_2017-01-03,2017-01-03,2022-01-03,false,true,"{""*"": 6, ""BTAL"": 6, ""DBMF"": 2.5, ""KMLM"": 6, ""QQQ"": 1, ""SPY"": 0.7, ""TQQQ"": 1.5}",0.03000000,tests/data/2026-08-20-net15,,0.30000000,0.60000000,QQQ<SMA200,0.00622039,0.18192928,0.00622553,0.18192928,124477.87872731,40000.00000000,84477.87872731,2.11194697,0.38616232,0.38127724,1.31033349,0.27968479,1.77117145,1.21879371,-0.31683977,169,2017,0.59815526,2022,0.01741080,237505.58433486,35.62583765,0.48268207,0.00089065,,,,,0.51762475,0.14914237
VT TQQQ/cash t30 w0-70 QQQ:VOL_EWMA80,sens,sens_2017-01-03,2017-01-03,2022-01-03,false,true,"{""*"": 6, ""BTAL"": 6, ""DBMF"": 2.5, ""KMLM"": 6, ""QQQ"": 1, ""SPY"": 0.7, ""TQQQ"": 1.5}",0.03000000,tests/data/2026-08-20-net15,,0.30000000,0.70000000,,0.00009966,0.00023635,0.00010726,0.00024874,132157.02909048,40000.00000000,92157.02909048,2.30392573,0.41139860,0.40267187,1.27796317,0.30736584,1.72689114,1.28150441,-0.32102785,429,2017,0.68809823,2018,-0.01069511,354363.23639499,53.15448546,0.68971251,0.00132886,,,,,0.57709565,0.14905333
VT TQQQ/cash t30 w0-70 QQQ:VOL_EWMA80 gate QQQ<SMA200,sens,sens_2017-01-03,2017-01-03,2022-01-03,false,true,"{""*"": 6, ""BTAL"": 6, ""DBMF"": 2.5, ""KMLM"": 6, ""QQQ"": 1, ""SPY"": 0.7, ""TQQQ"": 1.5}",0.03000000,tests/data/2026-08-20-net15,,0.30000000,0.70000000,QQQ<SMA200,0.00619321,0.18169634,0.00619956,0.18169634,132771.81293971,40000.00000000,92771.81293971,2.31929532,0.41342871,0.40433756,1.29074881,0.30483424,1.74462120,1.30473707,-0.31686745,169,2017,0.68809823,2022,0.01771774,352968.39480762,52.94525922,0.68380060,0.00132363,,,,,0.57100336,0.14908830
VT TQQQ/cash t30 w0-80 QQQ:VOL_EWMA80,sens,sens_2017-01-03,2017-01-03,2022-01-03,false,true,"{""*"": 6, ""BTAL"": 6, ""DBMF"": 2.5, ""KMLM"": 6, ""QQQ"": 1, ""SPY"": 0.7, ""TQQQ"": 1.5}",0.03000000,tests/data/2026-08-20-net15,,0.30000000,0.80000000,,0.00009329,0.00025466,0.00010373,0.00028076,135642.18561196,40000.00000000,95642.18561196,2.39105464,0.42619571,0.41202701,1.24630675,0.32924993,1.68312122,1.23669915,-0.34462359,443,2017,0.78185192,2018,-0.02782647,494644.90793418,74.19673619,0.93549392,0.00185492,,,,,0.61973088,0.14910350
VT TQQQ/cash t30 w0-80 QQQ:VOL_EWMA80 gate QQQ<SMA200,sens,sens_2017-01-03,2017-01-03,2022-01-03,false,true,"{""*"": 6, ""BTAL"": 6, ""DBMF"": 2.5, ""KMLM"": 6, ""QQQ"": 1, ""SPY"": 0.7, ""TQQQ"": 1.5}",0.03000000,tests/data/2026-08-20-net15,,0.30000000,0.80000000,QQQ<SMA200,0.00617870,0.18151165,0.00618865,0.18151165,136287.76872650,40000.00000000,96287.76872650,2.40719422,0.42826612,0.41373699,1.25739046,0.32688381,1.69847259,1.35170400,-0.31683425,169,2017,0.78185192,2018,0.00951280,493851.33453604,74.07770018,0.92963200,0.00185194,,,,,0.61364596,0.14910920
VT TQQQ/cash t35 w0-50 QQQ:VOL_EWMA80,sens,sens_2017-01-03,2017-01-03,2022-01-03,false,true,"{""*"": 6, ""BTAL"": 6, ""DBMF"": 2.5, ""KMLM"": 6, ""QQQ"": 1, ""SPY"": 0.7, ""TQQQ"": 1.5}",0.03000000,tests/data/2026-08-20-net15,,0.35000000,0.50000000,,0.00010030,0.00025076,0.00010287,0.00025089,117008.24801022,40000.00000000,77008.24801022,1.92520620,0.35565076,0.35933217,1.28552072,0.26440313,1.75062553,1.12682913,-0.31562085,152,2019,0.52579187,2018,-0.02845743,119162.18467807,17.87432770,0.25694894,0.00044686,,,,,0.47231473,0.17401973
VT TQQQ/cash t35 w0-50 QQQ:VOL_EWMA80 gate QQQ<SMA200,sens,sens_2017-01-03,2017-01-03,2022-01-03,false,true,"{""*"": 6, ""BTAL"": 6, ""DBMF"": 2.5, ""KMLM"": 6, ""QQQ"": 1, ""SPY"": 0.7, ""TQQQ"": 1.5}",0.03000000,tests/data/2026-08-20-net15,,0.35000000,0.50000000,QQQ<SMA200,0.00717758,0.21165373,0.00718007,0.21165373,117752.55882176,40000.00000000,77752.55882176,1.94381397,0.35835974,0.36157296,1.30937508,0.26028512,1.78432548,1.13548678,-0.31560010,152,2017,0.49737672,2022,0.01454161,116503.08034678,17.47546205,0.24963858,0.00043689,,,,,0.46523753,0.17397296
VT TQQQ/cash t35 w0-60 QQQ:VOL_EWMA80,sens,sens_2017-01-03,2017-01-03,2022-01-03,false,true,"{""*"": 6, ""BTAL"": 6, ""DBMF"": 2.5, ""KMLM"": 6, ""QQQ"": 1, ""SPY"": 0.7, ""TQQQ"": 1.5}",0.03000000,tests/data/2026-08-20-net15,,0.35000000,0.60000000,,0.00010539,0.00023304,0.00011044,0.00023396,133789.91157715,40000.00000000,93789.91157715,2.34474779,0.40781433,0.40708132,1.29624392,0.29906360,1.75943781,1.18479419,-0.34420690,168,2017,0.60933734,2018,-0.01552026,195142.44942098,29.27136741,0.38535585,0.00073178,,,,,0.54684339,0.17398565
VT TQQQ/cash t35 w0-60 QQQ:VOL_EWMA80 gate QQQ<SMA200,sens,sens_2017-01-03,2017-01-03,2022-01-03,false,true,"{""*"": 6, ""BTAL"": 6, ""DBMF"": 2.5, ""KMLM"": 6, ""QQQ"": 1, ""SPY"": 0.7, ""TQQQ"": 1.5}",0.03000000,tests/data/2026-08-20-net15,,0.35000000,0.60000000,QQQ<SMA200,0.00714369,0.21094399,0.00714773,0.21094399,134682.48524304,40000.00000000,94682.48524304,2.36706213,0.41066920,0.40947192,1.31532039,0.29544919,1.78611758,1.19309447,-0.34420510,168,2017,0.60933734,2022,0.01740413,192724.53201945,28.90867980,0.37809273,0.00072272,,,,,0.53980609,0.17391688
VT TQQQ/cash t35 w0-70 QQQ:VOL_EWMA80,sens,sens_2017-01-03,2017-01-03,2022-01-03,false,true,"{""*"": 6, ""BTAL"": 6, ""DBMF"": 2.5, ""KMLM"": 6, ""QQQ"": 1, ""SPY"": 0.7, ""TQQQ"": 1.5}",0.03000000,tests/data/2026-08-20-net15,,0.35000000,0.70000000,,0.00010154,0.00021576,0.00010831,0.00024744,145654.79377692,40000.00000000,105654.79377692,2.64136984,0.44421589,0.43778976,1.28161106,0.33026892,1.73252631,1.23357857,-0.36010344,169,2017,0.71433712,2018,-0.01227281,308216.83167274,46.23252475,0.56933921,0.00115581,,,,,0.61105035,0.17398408
VT TQQQ/cash t35 w0-70 QQQ:VOL_EWMA80 gate QQQ<SMA200,sens,sens_2017-01-03,2017-01-03,2022-01-03,false,true,"{""*"": 6, ""BTAL"": 6, ""DBMF"": 2.5, ""KMLM"": 6, ""QQQ"": 1, ""SPY"": 0.7, ""TQQQ"": 1.5}",0.03000000,tests/data/2026-08-20-net15,,0.35000000,0.70000000,QQQ<SMA200,0.00712423,0.21032449,0.00713007,0.21032449,146644.01032276,40000.00000000,106644.01032276,2.66610026,0.44713483,0.44025111,1.29727552,0.32701213,1.75417654,1.24181102,-0.36006672,169,2017,0.71433712,2022,0.02026832,306450.58165404,45.96758725,0.56232400,0.00114919,,,,,0.60402859,0.17392963
VT TQQQ/cash t35 w0-80 QQQ:VOL_EWMA80,sens,sens_2017-01-03,2017-01-03,2022-01-03,false,true,"{""*"": 6, ""BTAL"": 6, ""DBMF"": 2.5, ""KMLM"": 6, ""QQQ"": 1, ""SPY"": 0.7, ""TQQQ"": 1.5}",0.03000000,tests/data/2026-08-20-net15,,0.35000000,0.80000000,,0.00009510,0.00023685,0.00010311,0.00023800,155483.95772002,40000.00000000,115483.95772002,2.88709894,0.47217368,0.46163239,1.26862527,0.35584079,1.71521253,1.29230079,-0.36537444,432,2017,0.80955753,2018,-0.02504102,445159.18933798,66.77387840,0.78344505,0.00166935,,,,,0.66514783,0.17395021
VT TQQQ/cash t35 w0-80 QQQ:VOL_EWMA80 gate QQQ<SMA200,sens,sens_2017-01-03,2017-01-03,2022-01-03,false,true,"{""*"": 6, ""BTAL"": 6, ""DBMF"": 2.5, ""KMLM"": 6, ""QQQ"": 1, ""SPY"": 0.7, ""TQQQ"": 1.5}",0.03000000,tests/data/2026-08-20-net15,,0.35000000,0.80000000,QQQ<SMA200,0.00710028,0.21004055,0.00710859,0.21004055,156588.57466954,40000.00000000,116588.57466954,2.91471437,0.47522546,0.46423000,1.28236323,0.35280435,1.73421221,1.31976276,-0.36008400,169,2017,0.80955753,2018,0.01931936,444191.35905694,66.62870386,0.77641171,0.00166572,,,,,0.65814234,0.17402644
VT TQQQ/cash t40 w0-50 QQQ:VOL_EWMA80,sens,sens_2017-01-03,2017-01-03,2022-01-03,false,true,"{""*"": 6, ""BTAL"": 6, ""DBMF"": 2.5, ""KMLM"": 6, ""QQQ"": 1, ""SPY"": 0.7, ""TQQQ"": 1.5}",0.03000000,tests/data/2026-08-20-net15,,0.40000000,0.50000000,,0.00010806,0.00028075,0.00011048,0.00028276,118856.14620097,40000.00000000,78856.14620097,1.97140366,0.35972651,0.36487266,1.25389320,0.27599196,1.70943569,1.07938986,-0.33326838,142,2019,0.54421715,2018,-0.04680375,103468.07202978,15.52021080,0.22182437,0.00038801,,,,,0.48166734,0.19879541
VT TQQQ/cash t40 w0-50 QQQ:VOL_EWMA80 gate QQQ<SMA200,sens,sens_2017-01-03,2017-01-03,2022-01-03,false,true,"{""*"": 6, ""BTAL"": 6, ""DBMF"": 2.5, ""KMLM"": 6, ""QQQ"": 1, ""SPY"": 0.7, ""TQQQ"": 1.5}",0.03000000,tests/data/2026-08-20-net15,,0.40000000,0.50000000,QQQ<SMA200,0.00715725,0.19046535,0.00715948,0.19046535,120030.35781703,40000.00000000,80030.35781703,2.00075895,0.36380995,0.36835425,1.28264653,0.27109963,1.75005092,1.09167877,-0.33325733,142,2017,0.49737672,2018,0.00151705,99676.91364566,14.95153705,0.21166740,0.00037379,,,,,0.47461834,0.19886789
VT TQQQ/cash t40 w0-60 QQQ:VOL_EWMA80,sens,sens_2017-01-03,2017-01-03,2022-01-03,false,true,"{""*"": 6, ""BTAL"": 6, ""DBMF"": 2.5, ""KMLM"": 6, ""QQQ"": 1, ""SPY"": 0.7, ""TQQQ"": 1.5}",0.03000000,tests/data/2026-08-20-net15,,0.40000000,0.60000000,,0.00011114,0.00025506,0.00011527,0.00025862,139136.36693444,40000.00000000,99136.36693444,2.47840917,0.41899330,0.42119932,1.27758551,0.31299625,1.73946735,1.16044951,-0.36106120,166,2019,0.62892988,2018,-0.04014450,157982.72683308,23.69740902,0.30659783,0.00059244,,,,,0.56205380,0.19885482
VT TQQQ/cash t40 w0-60 QQQ:VOL_EWMA80 gate QQQ<SMA200,sens,sens_2017-01-03,2017-01-03,2022-01-03,false,true,"{""*"": 6, ""BTAL"": 6, ""DBMF"": 2.5, ""KMLM"": 6, ""QQQ"": 1, ""SPY"": 0.7, ""TQQQ"": 1.5}",0.03000000,tests/data/2026-08-20-net15,,0.40000000,0.60000000,QQQ<SMA200,0.00807967,0.23969033,0.00808359,0.23969033,140400.65024181,40000.00000000,100400.65024181,2.51001626,0.42283843,0.42446896,1.30077731,0.30839731,1.77200151,1.17109207,-0.36106335,166,2017,0.60933734,2018,0.01069854,154814.90391031,23.22223559,0.29784039,0.00058056,,,,,0.55408548,0.19888264
VT TQQQ/cash t40 w0-70 QQQ:VOL_EWMA80,sens,sens_2017-01-03,2017-01-03,2022-01-03,false,false,"{""*"": 6, ""BTAL"": 6, ""DBMF"": 2.5, ""KMLM"": 6, ""QQQ"": 1, ""SPY"": 0.7, ""TQQQ"": 1.5}",0.03000000,tests/data/2026-08-20-net15,,0.40000000,0.70000000,,0.00009661,0.00021060,0.00010180,0.00024744,157348.07882434,40000.00000000,117348.07882434,2.93370197,0.46890421,0.46600690,1.28497345,0.34710550,1.74379748,1.20940532,-0.38771469,169,2017,0.72820866,2018,-0.02904085,249144.31699647,37.37164755,0.44470892,0.00093429,,,,,0.63472938,0.19883442
VT TQQQ/cash t40 w0-70 QQQ:VOL_EWMA80 gate QQQ<SMA200,sens,sens_2017-01-03,2017-01-03,2022-01-03,false,true,"{""*"": 6, ""BTAL"": 6, ""DBMF"": 2.5, ""KMLM"": 6, ""QQQ"": 1, ""SPY"": 0.7, ""TQQQ"": 1.5}",0.03000000,tests/data/2026-08-20-net15,,0.40000000,0.70000000,QQQ<SMA200,0.00801761,0.23873510,0.00802258,0.23873510,158810.39273447,40000.00000000,118810.39273447,2.97025982,0.47287103,0.46940739,1.30412406,0.34298631,1.77041075,1.21971160,-0.38769085,169,2017,0.72820866,2022,0.02026777,246422.89469086,36.96343420,0.43595675,0.00092409,,,,,0.62680860,0.19878332
VT TQQQ/cash t40 w0-80 QQQ:VOL_EWMA80,sens,sens_2017-01-03,2017-01-03,2022-01-03,false,false,"{""*"": 6, ""BTAL"": 6, ""DBMF"": 2.5, ""KMLM"": 6, ""QQQ"": 1, ""SPY"": 0.7, ""TQQQ"": 1.5}",0.03000000,tests/data/2026-08-20-net15,,0.40000000,0.80000000,,0.00008747,0.00021825,0.00009390,0.00023299,170360.25293842,40000.00000000,130360.25293842,3.25900632,0.50391377,0.49535891,1.27164373,0.37849234,1.72012607,1.25662049,-0.40100712,169,2017,0.83745012,2018,-0.02823582,390780.28917828,58.61704338,0.65448479,0.00146543,,,,,0.69837315,0.19885522
VT TQQQ/cash t40 w0-80 QQQ:VOL_EWMA80 gate QQQ<SMA200,sens,sens_2017-01-03,2017-01-03,2022-01-03,false,true,"{""*"": 6, ""BTAL"": 6, ""DBMF"": 2.5, ""KMLM"": 6, ""QQQ"": 1, ""SPY"": 0.7, ""TQQQ"": 1.5}",0.03000000,tests/data/2026-08-20-net15,,0.40000000,0.80000000,QQQ<SMA200,0.00799542,0.23824467,0.00800222,0.23824467,171989.87434070,40000.00000000,131989.87434070,3.29974686,0.50800840,0.49889808,1.28790645,0.37472165,1.74251542,1.26692117,-0.40097869,169,2017,0.83745012,2018,0.02308207,389257.51722363,58.38862758,0.64604867,0.00145972,,,,,0.69046483,0.19886032
50/50,sens,sens_2017-01-03,2017-01-03,2022-01-03,true,true,"{""*"": 6, ""BTAL"": 6, ""DBMF"": 2.5, ""KMLM"": 6, ""QQQ"": 1, ""SPY"": 0.7, ""TQQQ"": 1.5}",0.03000000,tests/data/2026-08-20-net15,,,,,0.00036137,0.00124221,0.00028559,0.00109151,122793.50102817,40000.00000000,82793.50102817,2.06983753,0.37567777,0.37643115,1.21743257,0.29938683,1.70809504,0.99560934,-0.37733452,133,2019,0.60992970,2022,0.00935964,231923.07914334,89.43918006,0.46974380,0.00223598,0.49974061,0.49890849,,,0.49988101,0.49968913
TQQQ50/BTAL50 gate QQQ<SMA200,sens,sens_2017-01-03,2017-01-03,2022-01-03,true,true,"{""*"": 6, ""BTAL"": 6, ""DBMF"": 2.5, ""KMLM"": 6, ""QQQ"": 1, ""SPY"": 0.7, ""TQQQ"": 1.5}",0.03000000,tests/data/2026-08-20-net15,,,,,0.01158341,0.19577427,0.01150330,0.19577970,114020.10201827,40000.00000000,74020.10201827,1.85050255,0.35155801,0.35020871,1.19383958,0.28758999,1.65981693,0.93177881,-0.37729771,138,2019,0.50292958,2022,0.00936691,196433.49246698,76.55122013,0.41902197,0.00191378,0.51096250,0.49890849,,,0.48864457,0.30422030
SPY benchmark,sens,sens_2017-01-03,2017-01-03,2022-01-03,true,true,"{""*"": 6, ""BTAL"": 6, ""DBMF"": 2.5, ""KMLM"": 6, ""QQQ"": 1, ""SPY"": 0.7, ""TQQQ"": 1.5}",0.03000000,tests/data/2026-08-20-net15,,,,,0.00468473,0.01698335,0.00468596,0.01698468,72418.68531396,40000.00000000,32418.68531396,0.81046713,0.17924495,0.19446028,0.97214809,0.18806899,1.34124968,0.53135831,-0.33733348,173,2019,0.30750436,2018,-0.04757823,39723.78785113,2.78066515,0.11821748,0.00006952,,,0.99531404,0.98301532,,
VT TQQQ/BTAL t25 w0-50 QQQ:VOL_EWMA80,sens,sens_2017-07-03,2017-07-03,2022-07-01,false,true,"{""*"": 6, ""BTAL"": 6, ""DBMF"": 2.5, ""KMLM"": 6, ""QQQ"": 1, ""SPY"": 0.7, ""TQQQ"": 1.5}",0.03000000,tests/data/2026-08-20-net15,BTAL,0.25000000,0.50000000,,0.00041476,0.00103027,0.00031411,0.00099890,63902.95017817,40000.00000000,23902.95017817,0.59757375,0.18336102,0.15318077,0.84634532,0.23068914,1.16094810,0.72175068,-0.25405036,362,2019,0.44560590,2022,-0.18797534,349138.59084965,132.37097933,0.89094793,0.00330927,0.58773177,0.49900110,,,0.41182496,0.12422466
VT TQQQ/BTAL t25 w0-50 QQQ:VOL_EWMA80 gate QQQ<SMA200,sens,sens_2017-07-03,2017-07-03,2022-07-01,false,true,"{""*"": 6, ""BTAL"": 6, ""DBMF"": 2.5, ""KMLM"": 6, ""QQQ"": 1, ""SPY"": 0.7, ""TQQQ"": 1.5}",0.03000000,tests/data/2026-08-20-net15,BTAL,0.25000000,0.50000000,QQQ<SMA200,0.01337086,0.16803528,0.01329186,0.16803747,69521.01851302,40000.00000000,29521.01851302,0.73802546,0.20415214,0.18127329,0.93015064,0.22797876,1.27971468,0.80337876,-0.25411693,362,2019,0.39872777,2022,-0.11561524,311648.62502966,119.64943131,0.79123401,0.00299124,0.60068524,0.49900110,,,0.39886104,0.08874951
VT TQQQ/BTAL t25 w0-60 QQQ:VOL_EWMA80,sens,sens_2017-07-03,2017-07-03,2022-07-01,false,true,"{""*"": 6, ""BTAL"": 6, ""DBMF"": 2.5, ""KMLM"": 6, ""QQQ"": 1, ""SPY"": 0.7, ""TQQQ"": 1.5}",0.03000000,tests/data/2026-08-20-net15,BTAL,0.25000000,0.60000000,,0.00041767,0.00130073,0.00033532,0.00127603,65386.45849247,40000.00000000,25386.45849247,0.63466146,0.19186592,0.16081183,0.82173031,0.25294170,1.12303686,0.76470972,-0.25090033,355,2019,0.46541469,2022,-0.19043112,472760.69391121,178.34367382,1.18811179,0.00445859,0.54532441,0.39917183,,,0.45421990,0.12429171
VT TQQQ/BTAL t25 w0-60 QQQ:VOL_EWMA80 gate QQQ<SMA200,sens,sens_2017-07-03,2017-07-03,2022-07-01,false,true,"{""*"": 6, ""BTAL"": 6, ""DBMF"": 2.5, ""KMLM"": 6, ""QQQ"": 1, ""SPY"": 0.7, ""TQQQ"": 1.5}",0.03000000,tests/data/2026-08-20-net15,BTAL,0.25000000,0.60000000,QQQ<SMA200,0.01335058,0.16791307,0.01327315,0.16791513,71109.35281293,40000.00000000,31109.35281293,0.77773382,0.21269864,0.18883994,0.89659944,0.25047268,1.22825795,0.84781942,-0.25087729,355,2019,0.41769266,2022,-0.11848484,434091.41639648,165.16443131,1.08551678,0.00412911,0.55827690,0.39917183,,,0.44126757,0.08887185
VT TQQQ/BTAL t25 w0-70 QQQ:VOL_EWMA80,sens,sens_2017-07-03,2017-07-03,2022-07-01,false,true,"{""*"": 6, ""BTAL"": 6, ""DBMF"": 2.5, ""KMLM"": 6, ""QQQ"": 1, ""SPY"": 0.7, ""TQQQ"": 1.5}",0.03000000,tests/data/2026-08-20-net15,BTAL,0.25000000,0.70000000,,0.00041427,0.00183442,0.00034772,0.00154681,65280.68139055,40000.00000000,25280.68139055,0.63201703,0.19206748,0.16027300,0.78287382,0.27228737,1.06636247,0.73156206,-0.26254434,432,2019,0.46954587,2022,-0.19044214,629558.05468063,236.26896669,1.58639697,0.00590672,0.51482190,0.29845319,,,0.48471210,0.12427338
VT TQQQ/BTAL t25 w0-70 QQQ:VOL_EWMA80 gate QQQ<SMA200,sens,sens_2017-07-03,2017-07-03,2022-07-01,false,true,"{""*"": 6, ""BTAL"": 6, ""DBMF"": 2.5, ""KMLM"": 6, ""QQQ"": 1, ""SPY"": 0.7, ""TQQQ"": 1.5}",0.03000000,tests/data/2026-08-20-net15,BTAL,0.25000000,0.70000000,QQQ<SMA200,0.01334961,0.16793905,0.01328563,0.16794111,71000.55272220,40000.00000000,31000.55272220,0.77501382,0.21292999,0.18832656,0.85158720,0.26997434,1.16225035,0.83831034,-0.25399900,337,2019,0.42186472,2022,-0.11840555,591077.39383989,223.21348704,1.48203666,0.00558034,0.52779389,0.29845319,,,0.47172802,0.08884586
VT TQQQ/BTAL t25 w0-80 QQQ:VOL_EWMA80,sens,sens_2017-07-03,2017-07-03,2022-07-01,false,true,"{""*"": 6, ""BTAL"": 6, ""DBMF"": 2.5, ""KMLM"": 6, ""QQQ"": 1, ""SPY"": 0.7, ""TQQQ"": 1.5}",0.03000000,tests/data/2026-08-20-net15,BTAL,0.25000000,0.80000000,,0.00046092,0.00124419,0.00039805,0.00119702,65573.48526615,40000.00000000,25573.48526615,0.63933713,0.19354880,0.16176260,0.76053294,0.28766228,1.03496165,0.66097082,-0.29282503,455,2019,0.45660308,2022,-0.19037839,743858.71464160,278.90466739,1.88163211,0.00697262,0.49254454,0.19896438,,,0.50693089,0.12429033
VT TQQQ/BTAL t25 w0-80 QQQ:VOL_EWMA80 gate QQQ<SMA200,sens,sens_2017-07-03,2017-07-03,2022-07-01,false,true,"{""*"": 6, ""BTAL"": 6, ""DBMF"": 2.5, ""KMLM"": 6, ""QQQ"": 1, ""SPY"": 0.7, ""TQQQ"": 1.5}",0.03000000,tests/data/2026-08-20-net15,BTAL,0.25000000,0.80000000,QQQ<SMA200,0.01338997,0.16799830,0.01334294,0.16800044,71307.18244829,40000.00000000,31307.18244829,0.78267956,0.21438298,0.18977159,0.82479438,0.28550249,1.12432106,0.80639750,-0.26585274,455,2019,0.40892430,2022,-0.11838666,705279.88803547,265.79221142,1.77535946,0.00664481,0.50552395,0.19896438,,,0.49397326,0.08878654
VT TQQQ/BTAL t30 w0-50 QQQ:VOL_EWMA80,sens,sens_2017-07-03,2017-07-03,2022-07-01,false,true,"{""*"": 6, ""BTAL"": 6, ""DBMF"": 2.5, ""KMLM"": 6, ""QQQ"": 1, ""SPY"": 0.7, ""TQQQ"": 1.5}",0.03000000,tests/data/2026-08-20-net15,BTAL,0.30000000,0.50000000,,0.00049263,0.00139904,0.00039391,0.00145850,66244.79008329,40000.00000000,26244.79008329,0.65611975,0.19569624,0.16515494,0.84846223,0.24693598,1.16731048,0.75389435,-0.25958046,,2019,0.48812561,2022,-0.23051607,315565.93612187,120.10025259,0.76960300,0.00300251,0.56057090,0.49854150,,,0.43891084,0.14911884
VT TQQQ/BTAL t30 w0-50 QQQ:VOL_EWMA80 gate QQQ<SMA200,sens,sens_2017-07-03,2017-07-03,2022-07-01,false,true,"{""*"": 6, ""BTAL"": 6, ""DBMF"": 2.5, ""KMLM"": 6, ""QQQ"": 1, ""SPY"": 0.7, ""TQQQ"": 1.5}",0.03000000,tests/data/2026-08-20-net15,BTAL,0.30000000,0.50000000,QQQ<SMA200,0.01567203,0.19735324,0.01558350,0.19735531,73384.24974626,40000.00000000,33384.24974626,0.83460624,0.22141168,0.19941418,0.94939568,0.24179137,1.31123852,0.88353961,-0.25059622,140,2019,0.43221263,2022,-0.14748091,265165.85649631,102.56454115,0.64193358,0.00256411,0.57585125,0.49854150,,,0.42366405,0.11078906
VT TQQQ/BTAL t30 w0-60 QQQ:VOL_EWMA80,sens,sens_2017-07-03,2017-07-03,2022-07-01,false,true,"{""*"": 6, ""BTAL"": 6, ""DBMF"": 2.5, ""KMLM"": 6, ""QQQ"": 1, ""SPY"": 0.7, ""TQQQ"": 1.5}",0.03000000,tests/data/2026-08-20-net15,BTAL,0.30000000,0.60000000,,0.00046230,0.00153549,0.00037706,0.00144988,67820.68387088,40000.00000000,27820.68387088,0.69551710,0.20904477,0.17299664,0.82395184,0.27774152,1.12124505,0.73308703,-0.28515682,,2019,0.53937015,2022,-0.25704399,453594.69325576,170.90300717,1.06352169,0.00427258,0.50528126,0.39855012,,,0.49422370,0.14908155
VT TQQQ/BTAL t30 w0-60 QQQ:VOL_EWMA80 gate QQQ<SMA200,sens,sens_2017-07-03,2017-07-03,2022-07-01,false,true,"{""*"": 6, ""BTAL"": 6, ""DBMF"": 2.5, ""KMLM"": 6, ""QQQ"": 1, ""SPY"": 0.7, ""TQQQ"": 1.5}",0.03000000,tests/data/2026-08-20-net15,BTAL,0.30000000,0.60000000,QQQ<SMA200,0.01562565,0.19716238,0.01554524,0.19716433,75126.04268527,40000.00000000,35126.04268527,0.87815107,0.23501632,0.20731150,0.91095586,0.27319196,1.24284425,0.86523631,-0.27162096,140,2019,0.48172377,2022,-0.17704071,402253.14400845,153.00264746,0.93626228,0.00382507,0.52049169,0.39855012,,,0.47903312,0.11098004
VT TQQQ/BTAL t30 w0-70 QQQ:VOL_EWMA80,sens,sens_2017-07-03,2017-07-03,2022-07-01,false,true,"{""*"": 6, ""BTAL"": 6, ""DBMF"": 2.5, ""KMLM"": 6, ""QQQ"": 1, ""SPY"": 0.7, ""TQQQ"": 1.5}",0.03000000,tests/data/2026-08-20-net15,BTAL,0.30000000,0.70000000,,0.00041126,0.00118081,0.00034942,0.00089992,69466.85263229,40000.00000000,29466.85263229,0.73667132,0.21762660,0.18101249,0.80521998,0.30176122,1.09324349,0.74223971,-0.29320259,,2019,0.55929942,2022,-0.25993918,600388.12172922,225.62660871,1.38587285,0.00564067,0.46179907,0.29910008,,,0.53774651,0.14906353
VT TQQQ/BTAL t30 w0-70 QQQ:VOL_EWMA80 gate QQQ<SMA200,sens,sens_2017-07-03,2017-07-03,2022-07-01,false,true,"{""*"": 6, ""BTAL"": 6, ""DBMF"": 2.5, ""KMLM"": 6, ""QQQ"": 1, ""SPY"": 0.7, ""TQQQ"": 1.5}",0.03000000,tests/data/2026-08-20-net15,BTAL,0.30000000,0.70000000,QQQ<SMA200,0.01557266,0.19711637,0.01552194,0.19711835,76961.96703148,40000.00000000,36961.96703148,0.92404918,0.24381986,0.21545839,0.88394287,0.29756674,1.20261343,0.89779530,-0.27157623,140,2019,0.50070222,2022,-0.18018716,547800.53474513,207.22231946,1.25514508,0.00518056,0.47704583,0.29910008,,,0.52253285,0.11102602
VT TQQQ/BTAL t30 w0-80 QQQ:VOL_EWMA80,sens,sens_2017-07-03,2017-07-03,2022-07-01,false,true,"{""*"": 6, ""BTAL"": 6, ""DBMF"": 2.5, ""KMLM"": 6, ""QQQ"": 1, ""SPY"": 0.7, ""TQQQ"": 1.5}",0.03000000,tests/data/2026-08-20-net15,BTAL,0.30000000,0.80000000,,0.00038190,0.00115588,0.00032998,0.00099796,69009.25032091,40000.00000000,29009.25032091,0.72523126,0.21631716,0.17880176,0.76973626,0.32307241,1.04224734,0.68462800,-0.31596306,443,2019,0.56265714,2022,-0.25989903,767294.60909868,287.50315770,1.78029304,0.00718758,0.42902392,0.19900204,,,0.57053755,0.14904457
VT TQQQ/BTAL t30 w0-80 QQQ:VOL_EWMA80 gate QQQ<SMA200,sens,sens_2017-07-03,2017-07-03,2022-07-01,false,true,"{""*"": 6, ""BTAL"": 6, ""DBMF"": 2.5, ""KMLM"": 6, ""QQQ"": 1, ""SPY"": 0.7, ""TQQQ"": 1.5}",0.03000000,tests/data/2026-08-20-net15,BTAL,0.30000000,0.80000000,QQQ<SMA200,0.01553829,0.19712092,0.01550467,0.19712284,76446.47364117,40000.00000000,36446.47364117,0.91116184,0.24245301,0.21318877,0.84189640,0.31917150,1.14194106,0.89272725,-0.27158688,140,2019,0.50375407,2022,-0.18025716,715316.44592636,269.35854697,1.64757206,0.00673396,0.44425580,0.19900204,,,0.55534720,0.11102154
VT TQQQ/BTAL t35 w0-50 QQQ:VOL_EWMA80,sens,sens_2017-07-03,2017-07-03,2022-07-01,false,true,"{""*"": 6, ""BTAL"": 6, ""DBMF"": 2.5, ""KMLM"": 6, ""QQQ"": 1, ""SPY"": 0.7, ""TQQQ"": 1.5}",0.03000000,tests/data/2026-08-20-net15,BTAL,0.35000000,0.50000000,,0.00049019,0.00139904,0.00038649,0.00145850,65915.31368510,40000.00000000,25915.31368510,0.64788284,0.19567427,0.16349393,0.81530887,0.26152118,1.12141139,0.64574565,-0.30302066,,2019,0.51808786,2022,-0.27207455,276605.03374701,105.56387634,0.65795260,0.00263910,0.54210654,0.49854150,,,0.45738043,0.17391811
VT TQQQ/BTAL t35 w0-50 QQQ:VOL_EWMA80 gate QQQ<SMA200,sens,sens_2017-07-03,2017-07-03,2022-07-01,false,true,"{""*"": 6, ""BTAL"": 6, ""DBMF"": 2.5, ""KMLM"": 6, ""QQQ"": 1, ""SPY"": 0.7, ""TQQQ"": 1.5}",0.03000000,tests/data/2026-08-20-net15,BTAL,0.35000000,0.50000000,QQQ<SMA200,0.01787354,0.22492983,0.01777447,0.22493187,74397.52122113,40000.00000000,34397.52122113,0.85993803,0.22632843,0.20402874,0.93287066,0.25350561,1.29004945,0.83646407,-0.27057758,138,2019,0.45364712,2022,-0.17944941,213521.12189896,83.12921890,0.50287812,0.00207823,0.55949447,0.49854150,,,0.43999067,0.13456989
VT TQQQ/BTAL t35 w0-60 QQQ:VOL_EWMA80,sens,sens_2017-07-03,2017-07-03,2022-07-01,false,true,"{""*"": 6, ""BTAL"": 6, ""DBMF"": 2.5, ""KMLM"": 6, ""QQQ"": 1, ""SPY"": 0.7, ""TQQQ"": 1.5}",0.03000000,tests/data/2026-08-20-net15,BTAL,0.35000000,0.60000000,,0.00038253,0.00134982,0.00030683,0.00098568,70385.89249413,40000.00000000,30385.89249413,0.75964731,0.22181919,0.18541272,0.82720614,0.29558755,1.12850745,0.67588206,-0.32819215,,2019,0.58613311,2022,-0.29712311,403031.34119961,152.40428829,0.90085403,0.00381011,0.47749140,0.39901432,,,0.52209713,0.17390794
VT TQQQ/BTAL t35 w0-60 QQQ:VOL_EWMA80 gate QQQ<SMA200,sens,sens_2017-07-03,2017-07-03,2022-07-01,false,true,"{""*"": 6, ""BTAL"": 6, ""DBMF"": 2.5, ""KMLM"": 6, ""QQQ"": 1, ""SPY"": 0.7, ""TQQQ"": 1.5}",0.03000000,tests/data/2026-08-20-net15,BTAL,0.35000000,0.60000000,QQQ<SMA200,0.01771361,0.22450279,0.01764319,0.22450463,79453.93915121,40000.00000000,39453.93915121,0.98634848,0.25314156,0.22624041,0.92813238,0.28851331,1.27082328,0.83753596,-0.30224560,141,2019,0.51913643,2022,-0.20802930,336539.93429181,128.80634965,0.74457421,0.00322016,0.49482232,0.39901432,,,0.50475884,0.13499714
VT TQQQ/BTAL t35 w0-70 QQQ:VOL_EWMA80,sens,sens_2017-07-03,2017-07-03,2022-07-01,false,true,"{""*"": 6, ""BTAL"": 6, ""DBMF"": 2.5, ""KMLM"": 6, ""QQQ"": 1, ""SPY"": 0.7, ""TQQQ"": 1.5}",0.03000000,tests/data/2026-08-20-net15,BTAL,0.35000000,0.70000000,,0.00043722,0.00156696,0.00037356,0.00160256,71345.46471350,40000.00000000,31345.46471350,0.78363662,0.23165307,0.18995161,0.80139144,0.32798623,1.08450028,0.65085235,-0.35592262,,2019,0.63433486,2022,-0.32233958,574790.59767777,215.61863717,1.24267776,0.00539047,0.42285738,0.29846997,,,0.57666827,0.17399629
VT TQQQ/BTAL t35 w0-70 QQQ:VOL_EWMA80 gate QQQ<SMA200,sens,sens_2017-07-03,2017-07-03,2022-07-01,false,true,"{""*"": 6, ""BTAL"": 6, ""DBMF"": 2.5, ""KMLM"": 6, ""QQQ"": 1, ""SPY"": 0.7, ""TQQQ"": 1.5}",0.03000000,tests/data/2026-08-20-net15,BTAL,0.35000000,0.70000000,QQQ<SMA200,0.01773547,0.22448559,0.01767468,0.22448748,80553.16311559,40000.00000000,40553.16311559,1.01382908,0.26325563,0.23089993,0.88968529,0.32160877,1.20706833,0.82301369,-0.31986786,141,2019,0.56542363,2022,-0.23627839,508301.98863926,192.05515308,1.08786262,0.00480138,0.44022143,0.29846997,,,0.55932338,0.13501428
VT TQQQ/BTAL t35 w0-80 QQQ:VOL_EWMA80,sens,sens_2017-07-03,2017-07-03,2022-07-01,false,true,"{""*"": 6, ""BTAL"": 6, ""DBMF"": 2.5, ""KMLM"": 6, ""QQQ"": 1, ""SPY"": 0.7, ""TQQQ"": 1.5}",0.03000000,tests/data/2026-08-20-net15,BTAL,0.35000000,0.80000000,,0.00039171,0.00159285,0.00034577,0.00160256,73009.97199145,40000.00000000,33009.97199145,0.82524930,0.23978234,0.19769507,0.78739477,0.35334795,1.06411638,0.65620851,-0.36540572,,2019,0.65410632,2022,-0.32541259,747004.03829661,280.04395443,1.59068962,0.00700110,0.37865421,0.19846715,,,0.62090557,0.17396988
VT TQQQ/BTAL t35 w0-80 QQQ:VOL_EWMA80 gate QQQ<SMA200,sens,sens_2017-07-03,2017-07-03,2022-07-01,false,true,"{""*"": 6, ""BTAL"": 6, ""DBMF"": 2.5, ""KMLM"": 6, ""QQQ"": 1, ""SPY"": 0.7, ""TQQQ"": 1.5}",0.03000000,tests/data/2026-08-20-net15,BTAL,0.35000000,0.80000000,QQQ<SMA200,0.01770212,0.22428828,0.01766323,0.22429013,82395.65276760,40000.00000000,42395.65276760,1.05989132,0.27145186,0.23858344,0.86746973,0.34745386,1.17480919,0.84837864,-0.31996545,141,2019,0.58410765,2022,-0.23999191,679221.60439288,255.95654646,1.43203401,0.00639891,0.39596632,0.19846715,,,0.60358704,0.13521164
VT TQQQ/BTAL t40 w0-50 QQQ:VOL_EWMA80,sens,sens_2017-07-03,2017-07-03,2022-07-01,false,true,"{""*"": 6, ""BTAL"": 6, ""DBMF"": 2.5, ""KMLM"": 6, ""QQQ"": 1, ""SPY"": 0.7, ""TQQQ"": 1.5}",0.03000000,tests/data/2026-08-20-net15,BTAL,0.40000000,0.50000000,,0.00048545,0.00139904,0.00038384,0.00145850,65161.54432674,40000.00000000,25161.54432674,0.62903861,0.19316659,0.15966516,0.78094333,0.27499440,1.07302131,0.58165444,-0.33209853,,2019,0.53992219,2022,-0.29929708,250393.63821021,96.27863785,0.58905742,0.00240697,0.52839804,0.49854150,,,0.47109559,0.19876249
VT TQQQ/BTAL t40 w0-50 QQQ:VOL_EWMA80 gate QQQ<SMA200,sens,sens_2017-07-03,2017-07-03,2022-07-01,false,true,"{""*"": 6, ""BTAL"": 6, ""DBMF"": 2.5, ""KMLM"": 6, ""QQQ"": 1, ""SPY"": 0.7, ""TQQQ"": 1.5}",0.03000000,tests/data/2026-08-20-net15,BTAL,0.40000000,0.50000000,QQQ<SMA200,0.01837147,0.25073574,0.01827430,0.25073781,73712.80070711,40000.00000000,33712.80070711,0.84282002,0.22479993,0.20091673,0.89916076,0.26493570,1.24285226,0.77388782,-0.29048129,138,2019,0.47471408,2022,-0.21114062,184377.49414568,72.62918296,0.42813130,0.00181573,0.54637246,0.49854150,,,0.45314888,0.16012135
VT TQQQ/BTAL t40 w0-60 QQQ:VOL_EWMA80,sens,sens_2017-07-03,2017-07-03,2022-07-01,false,true,"{""*"": 6, ""BTAL"": 6, ""DBMF"": 2.5, ""KMLM"": 6, ""QQQ"": 1, ""SPY"": 0.7, ""TQQQ"": 1.5}",0.03000000,tests/data/2026-08-20-net15,BTAL,0.40000000,0.60000000,,0.00041717,0.00134982,0.00032734,0.00098568,70226.74270335,40000.00000000,30226.74270335,0.75566857,0.22210984,0.18465449,0.80072139,0.31187119,1.09321693,0.59956004,-0.37045471,,2019,0.61904624,2022,-0.33612086,359337.32863239,136.02577049,0.78133794,0.00340064,0.45732292,0.39901432,,,0.54223371,0.19874548
VT TQQQ/BTAL t40 w0-60 QQQ:VOL_EWMA80 gate QQQ<SMA200,sens,sens_2017-07-03,2017-07-03,2022-07-01,false,true,"{""*"": 6, ""BTAL"": 6, ""DBMF"": 2.5, ""KMLM"": 6, ""QQQ"": 1, ""SPY"": 0.7, ""TQQQ"": 1.5}",0.03000000,tests/data/2026-08-20-net15,BTAL,0.40000000,0.60000000,QQQ<SMA200,0.01977320,0.25008310,0.01969366,0.25008498,80798.85961809,40000.00000000,40798.85961809,1.01997149,0.25863449,0.23193360,0.91459174,0.30191885,1.25498857,0.80471744,-0.32139790,140,2019,0.54351881,2022,-0.23886699,278946.09235945,107.25581791,0.59859100,0.00268140,0.47671843,0.39901432,,,0.52284914,0.16077418
VT TQQQ/BTAL t40 w0-70 QQQ:VOL_EWMA80,sens,sens_2017-07-03,2017-07-03,2022-07-01,false,true,"{""*"": 6, ""BTAL"": 6, ""DBMF"": 2.5, ""KMLM"": 6, ""QQQ"": 1, ""SPY"": 0.7, ""TQQQ"": 1.5}",0.03000000,tests/data/2026-08-20-net15,BTAL,0.40000000,0.70000000,,0.00037965,0.00135917,0.00030294,0.00103679,73974.91640862,40000.00000000,33974.91640862,0.84937291,0.24414771,0.20211111,0.80538419,0.34688948,1.09247562,0.61792272,-0.39511042,,2019,0.68517123,2022,-0.35975151,506101.25921500,190.26466221,1.04210007,0.00475662,0.39454884,0.29896321,,,0.60503900,0.19885186
VT TQQQ/BTAL t40 w0-70 QQQ:VOL_EWMA80 gate QQQ<SMA200,sens,sens_2017-07-03,2017-07-03,2022-07-01,false,true,"{""*"": 6, ""BTAL"": 6, ""DBMF"": 2.5, ""KMLM"": 6, ""QQQ"": 1, ""SPY"": 0.7, ""TQQQ"": 1.5}",0.03000000,tests/data/2026-08-20-net15,BTAL,0.40000000,0.70000000,QQQ<SMA200,0.01968312,0.24969926,0.01960678,0.24970099,85112.94579470,40000.00000000,45112.94579470,1.12782364,0.28128569,0.24963836,0.90465378,0.33799084,1.23153700,0.80199888,-0.35073077,141,2019,0.60678959,2022,-0.26631891,422153.44985003,160.15019376,0.85770044,0.00400375,0.41387496,0.29896321,,,0.58573221,0.16115818
VT TQQQ/BTAL t40 w0-80 QQQ:VOL_EWMA80,sens,sens_2017-07-03,2017-07-03,2022-07-01,false,true,"{""*"": 6, ""BTAL"": 6, ""DBMF"": 2.5, ""KMLM"": 6, ""QQQ"": 1, ""SPY"": 0.7, ""TQQQ"": 1.5}",0.03000000,tests/data/2026-08-20-net15,BTAL,0.40000000,0.80000000,,0.00039427,0.00160761,0.00033380,0.00141478,74385.18505739,40000.00000000,34385.18505739,0.85962963,0.25106444,0.20397291,0.78178982,0.38044364,1.05436364,0.59278026,-0.42353711,,2019,0.72965931,2022,-0.38348685,714543.10183076,267.07775300,1.43039634,0.00667694,0.34050991,0.19899616,,,0.65905403,0.19877197
VT TQQQ/BTAL t40 w0-80 QQQ:VOL_EWMA80 gate QQQ<SMA200,sens,sens_2017-07-03,2017-07-03,2022-07-01,false,true,"{""*"": 6, ""BTAL"": 6, ""DBMF"": 2.5, ""KMLM"": 6, ""QQQ"": 1, ""SPY"": 0.7, ""TQQQ"": 1.5}",0.03000000,tests/data/2026-08-20-net15,BTAL,0.40000000,0.80000000,QQQ<SMA200,0.01968568,0.24977740,0.01962465,0.24977918,85583.45799794,40000.00000000,45583.45799794,1.13958645,0.28837677,0.25152039,0.86961540,0.37232745,1.17591610,0.78907849,-0.36546018,142,2019,0.64933306,2022,-0.29336437,631147.36022049,237.15436376,1.24699508,0.00592886,0.35987637,0.19899616,,,0.63970799,0.16107998
VT TQQQ/cash t25 w0-50 QQQ:VOL_EWMA80,sens,sens_2017-07-03,2017-07-03,2022-07-01,false,true,"{""*"": 6, ""BTAL"": 6, ""DBMF"": 2.5, ""KMLM"": 6, ""QQQ"": 1, ""SPY"": 0.7, ""TQQQ"": 1.5}",0.03000000,tests/data/2026-08-20-net15,,0.25000000,0.50000000,,0.00015312,0.00036157,0.00015729,0.00036280,63575.32627655,40000.00000000,23575.32627655,0.58938316,0.18373753,0.15147362,0.81253272,0.24494324,1.08693455,0.55843032,-0.32902500,,2019,0.46677891,2022,-0.29137792,180896.29065069,27.13444360,0.44007739,0.00067836,,,,,0.41184043,0.12416453
VT TQQQ/cash t25 w0-50 QQQ:VOL_EWMA80 gate QQQ<SMA200,sens,sens_2017-07-03,2017-07-03,2022-07-01,false,true,"{""*"": 6, ""BTAL"": 6, ""DBMF"": 2.5, ""KMLM"": 6, ""QQQ"": 1, ""SPY"": 0.7, ""TQQQ"": 1.5}",0.03000000,tests/data/2026-08-20-net15,,0.25000000,0.50000000,QQQ<SMA200,0.01282473,0.15617347,0.01282910,0.15617347,68191.81755695,40000.00000000,28191.81755695,0.70479544,0.20128445,0.17481920,0.88950793,0.23856473,1.19295951,0.73423257,-0.27414263,,2019,0.42761257,2022,-0.24057865,157272.27479554,23.59084122,0.38037324,0.00058977,,,,,0.39916862,0.10101535
VT TQQQ/cash t25 w0-60 QQQ:VOL_EWMA80,sens,sens_2017-07-03,2017-07-03,2022-07-01,false,true,"{""*"": 6, ""BTAL"": 6, ""DBMF"": 2.5, ""KMLM"": 6, ""QQQ"": 1, ""SPY"": 0.7, ""TQQQ"": 1.5}",0.03000000,tests/data/2026-08-20-net15,,0.25000000,0.60000000,,0.00015494,0.00042215,0.00016233,0.00043075,66015.29734096,40000.00000000,26015.29734096,0.65038243,0.19679247,0.16399878,0.80844444,0.26675038,1.08245977,0.58552985,-0.33609298,,2019,0.50264687,2022,-0.29320344,252503.87303858,37.87558096,0.59725170,0.00094689,,,,,0.45423031,0.12429987
VT TQQQ/cash t25 w0-60 QQQ:VOL_EWMA80 gate QQQ<SMA200,sens,sens_2017-07-03,2017-07-03,2022-07-01,false,true,"{""*"": 6, ""BTAL"": 6, ""DBMF"": 2.5, ""KMLM"": 6, ""QQQ"": 1, ""SPY"": 0.7, ""TQQQ"": 1.5}",0.03000000,tests/data/2026-08-20-net15,,0.25000000,0.60000000,QQQ<SMA200,0.01280363,0.15614052,0.01281006,0.15614052,70789.34757382,40000.00000000,30789.34757382,0.76973369,0.21444267,0.18732792,0.87673961,0.26092841,1.17642929,0.76021905,-0.28208011,,2019,0.46241513,2022,-0.24280712,228258.88907140,34.23883336,0.53678679,0.00085597,,,,,0.44158258,0.10122095
VT TQQQ/cash t25 w0-70 QQQ:VOL_EWMA80,sens,sens_2017-07-03,2017-07-03,2022-07-01,false,true,"{""*"": 6, ""BTAL"": 6, ""DBMF"": 2.5, ""KMLM"": 6, ""QQQ"": 1, ""SPY"": 0.7, ""TQQQ"": 1.5}",0.03000000,tests/data/2026-08-20-net15,,0.25000000,0.70000000,,0.00015631,0.00034960,0.00016661,0.00035048,66690.25718197,40000.00000000,26690.25718197,0.66725643,0.20122358,0.16738873,0.78775514,0.28490022,1.05512312,0.59037473,-0.34084044,,2019,0.51430372,2022,-0.29331892,343691.61947038,51.55374292,0.80618362,0.00128884,,,,,0.48472021,0.12425038
VT TQQQ/cash t25 w0-70 QQQ:VOL_EWMA80 gate QQQ<SMA200,sens,sens_2017-07-03,2017-07-03,2022-07-01,false,true,"{""*"": 6, ""BTAL"": 6, ""DBMF"": 2.5, ""KMLM"": 6, ""QQQ"": 1, ""SPY"": 0.7, ""TQQQ"": 1.5}",0.03000000,tests/data/2026-08-20-net15,,0.25000000,0.70000000,QQQ<SMA200,0.01281273,0.15618589,0.01282201,0.15618589,71544.79201740,40000.00000000,31544.79201740,0.78861980,0.21905359,0.19088749,0.85039455,0.27944086,1.14119757,0.76343547,-0.28693138,,2019,0.47379054,2022,-0.24263371,319314.60445173,47.89719067,0.74460106,0.00119743,,,,,0.47206481,0.10111965
VT TQQQ/cash t25 w0-80 QQQ:VOL_EWMA80,sens,sens_2017-07-03,2017-07-03,2022-07-01,false,true,"{""*"": 6, ""BTAL"": 6, ""DBMF"": 2.5, ""KMLM"": 6, ""QQQ"": 1, ""SPY"": 0.7, ""TQQQ"": 1.5}",0.03000000,tests/data/2026-08-20-net15,,0.25000000,0.80000000,,0.00014766,0.00032071,0.00015829,0.00032866,67877.77373335,40000.00000000,27877.77373335,0.69694434,0.20747855,0.17327759,0.78215427,0.29888509,1.04938844,0.60869235,-0.34085946,,2019,0.50879093,2022,-0.29333656,410067.73007350,61.51015951,0.95370908,0.00153775,,,,,0.50695332,0.12418283
VT TQQQ/cash t25 w0-80 QQQ:VOL_EWMA80 gate QQQ<SMA200,sens,sens_2017-07-03,2017-07-03,2022-07-01,false,true,"{""*"": 6, ""BTAL"": 6, ""DBMF"": 2.5, ""KMLM"": 6, ""QQQ"": 1, ""SPY"": 0.7, ""TQQQ"": 1.5}",0.03000000,tests/data/2026-08-20-net15,,0.25000000,0.80000000,QQQ<SMA200,0.01279683,0.15611779,0.01280746,0.15611779,72826.40003788,40000.00000000,32826.40003788,0.82066000,0.22543051,0.19684898,0.84104642,0.29368304,1.13043034,0.77672326,-0.29023273,471,2019,0.46842272,2022,-0.24274963,385417.97712798,57.81269657,0.89102488,0.00144532,,,,,0.49430414,0.10124158
VT TQQQ/cash t30 w0-50 QQQ:VOL_EWMA80,sens,sens_2017-07-03,2017-07-03,2022-07-01,false,true,"{""*"": 6, ""BTAL"": 6, ""DBMF"": 2.5, ""KMLM"": 6, ""QQQ"": 1, ""SPY"": 0.7, ""TQQQ"": 1.5}",0.03000000,tests/data/2026-08-20-net15,,0.30000000,0.50000000,,0.00017379,0.00036171,0.00017860,0.00036287,65051.17255883,40000.00000000,25051.17255883,0.62627931,0.19196916,0.15910112,0.79721808,0.26470634,1.07070282,0.53027196,-0.36202020,,2019,0.50073128,2022,-0.32410959,158400.69431791,23.76010415,0.37168711,0.00059400,,,,,0.43889427,0.14906625
VT TQQQ/cash t30 w0-50 QQQ:VOL_EWMA80 gate QQQ<SMA200,sens,sens_2017-07-03,2017-07-03,2022-07-01,false,true,"{""*"": 6, ""BTAL"": 6, ""DBMF"": 2.5, ""KMLM"": 6, ""QQQ"": 1, ""SPY"": 0.7, ""TQQQ"": 1.5}",0.03000000,tests/data/2026-08-20-net15,,0.30000000,0.50000000,QQQ<SMA200,0.01502020,0.18615621,0.01502398,0.18615621,70846.24936817,40000.00000000,30846.24936817,0.77115623,0.21363482,0.18759723,0.88538438,0.25619574,1.19329641,0.71427080,-0.29909500,,2019,0.45429752,2022,-0.26559738,128308.76875589,19.24631531,0.29863388,0.00048116,,,,,0.42404889,0.12561898
VT TQQQ/cash t30 w0-60 QQQ:VOL_EWMA80,sens,sens_2017-07-03,2017-07-03,2022-07-01,false,true,"{""*"": 6, ""BTAL"": 6, ""DBMF"": 2.5, ""KMLM"": 6, ""QQQ"": 1, ""SPY"": 0.7, ""TQQQ"": 1.5}",0.03000000,tests/data/2026-08-20-net15,,0.30000000,0.60000000,,0.00013983,0.00033322,0.00014554,0.00033504,67498.20416828,40000.00000000,27498.20416828,0.68745510,0.20907454,0.17140561,0.79314774,0.29488480,1.06116878,0.54176310,-0.38591506,,2019,0.56458270,2022,-0.34416037,237346.19187781,35.60192878,0.53089585,0.00089005,,,,,0.49425172,0.14903676
VT TQQQ/cash t30 w0-60 QQQ:VOL_EWMA80 gate QQQ<SMA200,sens,sens_2017-07-03,2017-07-03,2022-07-01,false,true,"{""*"": 6, ""BTAL"": 6, ""DBMF"": 2.5, ""KMLM"": 6, ""QQQ"": 1, ""SPY"": 0.7, ""TQQQ"": 1.5}",0.03000000,tests/data/2026-08-20-net15,,0.30000000,0.60000000,QQQ<SMA200,0.01499501,0.18574006,0.01500016,0.18574006,73482.66938084,40000.00000000,33482.66938084,0.83706673,0.23090848,0.19986492,0.86881642,0.28725446,1.16532408,0.70945387,-0.32547357,,2019,0.51610912,2022,-0.28752587,206392.93895784,30.95894084,0.45799963,0.00077397,,,,,0.47939710,0.12582495
VT TQQQ/cash t30 w0-70 QQQ:VOL_EWMA80,sens,sens_2017-07-03,2017-07-03,2022-07-01,false,true,"{""*"": 6, ""BTAL"": 6, ""DBMF"": 2.5, ""KMLM"": 6, ""QQQ"": 1, ""SPY"": 0.7, ""TQQQ"": 1.5}",0.03000000,tests/data/2026-08-20-net15,,0.30000000,0.70000000,,0.00012570,0.00033208,0.00013284,0.00034171,70210.60865347,40000.00000000,30210.60865347,0.75526522,0.22250581,0.18457753,0.79382574,0.31736835,1.06315107,0.56632735,-0.39289257,,2019,0.60258485,2022,-0.34648107,322235.03021507,48.33525453,0.70000225,0.00120838,,,,,0.53778098,0.14908562
VT TQQQ/cash t30 w0-70 QQQ:VOL_EWMA80 gate QQQ<SMA200,sens,sens_2017-07-03,2017-07-03,2022-07-01,false,true,"{""*"": 6, ""BTAL"": 6, ""DBMF"": 2.5, ""KMLM"": 6, ""QQQ"": 1, ""SPY"": 0.7, ""TQQQ"": 1.5}",0.03000000,tests/data/2026-08-20-net15,,0.30000000,0.70000000,QQQ<SMA200,0.01494852,0.18591554,0.01495604,0.18591554,76457.35293312,40000.00000000,36457.35293312,0.91143382,0.24464217,0.21323681,0.86260785,0.31030737,1.15782292,0.73440746,-0.33311504,,2019,0.55296145,2022,-0.28999771,290262.22170831,43.53933326,0.62547579,0.00108848,,,,,0.52295778,0.12606312
VT TQQQ/cash t30 w0-80 QQQ:VOL_EWMA80,sens,sens_2017-07-03,2017-07-03,2022-07-01,false,true,"{""*"": 6, ""BTAL"": 6, ""DBMF"": 2.5, ""KMLM"": 6, ""QQQ"": 1, ""SPY"": 0.7, ""TQQQ"": 1.5}",0.03000000,tests/data/2026-08-20-net15,,0.30000000,0.80000000,,0.00013522,0.00031608,0.00014519,0.00033095,70727.25974691,40000.00000000,30727.25974691,0.76818149,0.22605117,0.18703383,0.77593546,0.33672827,1.03938379,0.56860447,-0.39755434,,2019,0.61771129,2022,-0.34643346,418939.05354691,62.84085803,0.90343008,0.00157102,,,,,0.57056426,0.14907320
VT TQQQ/cash t30 w0-80 QQQ:VOL_EWMA80 gate QQQ<SMA200,sens,sens_2017-07-03,2017-07-03,2022-07-01,false,true,"{""*"": 6, ""BTAL"": 6, ""DBMF"": 2.5, ""KMLM"": 6, ""QQQ"": 1, ""SPY"": 0.7, ""TQQQ"": 1.5}",0.03000000,tests/data/2026-08-20-net15,,0.30000000,0.80000000,QQQ<SMA200,0.01497532,0.18599365,0.01498470,0.18599365,77022.67082123,40000.00000000,37022.67082123,0.92556677,0.24826311,0.21572475,0.83929410,0.33006551,1.12646032,0.73399869,-0.33823373,,2019,0.56770037,2022,-0.28995105,387091.86672502,58.06378001,0.82800740,0.00145159,,,,,0.55572476,0.12603701
VT TQQQ/cash t35 w0-50 QQQ:VOL_EWMA80,sens,sens_2017-07-03,2017-07-03,2022-07-01,false,true,"{""*"": 6, ""BTAL"": 6, ""DBMF"": 2.5, ""KMLM"": 6, ""QQQ"": 1, ""SPY"": 0.7, ""TQQQ"": 1.5}",0.03000000,tests/data/2026-08-20-net15,,0.35000000,0.50000000,,0.00015314,0.00040760,0.00015678,0.00040769,64123.97774377,40000.00000000,24123.97774377,0.60309944,0.18899194,0.15432795,0.75666936,0.28180176,1.01752594,0.47914651,-0.39443454,,2019,0.52570109,2022,-0.35603762,136571.80456028,20.48577068,0.31506366,0.00051214,,,,,0.45740225,0.17395398
VT TQQQ/cash t35 w0-50 QQQ:VOL_EWMA80 gate QQQ<SMA200,sens,sens_2017-07-03,2017-07-03,2022-07-01,false,true,"{""*"": 6, ""BTAL"": 6, ""DBMF"": 2.5, ""KMLM"": 6, ""QQQ"": 1, ""SPY"": 0.7, ""TQQQ"": 1.5}",0.03000000,tests/data/2026-08-20-net15,,0.35000000,0.50000000,QQQ<SMA200,0.01710501,0.21614029,0.01710823,0.21614029,70883.22159122,40000.00000000,30883.22159122,0.77208054,0.21455002,0.18777211,0.85460889,0.27085536,1.15420010,0.66113814,-0.32451618,,2019,0.47220054,2022,-0.29071453,100608.83225023,15.09132484,0.22970560,0.00037728,,,,,0.44045081,0.15199900
VT TQQQ/cash t35 w0-60 QQQ:VOL_EWMA80,sens,sens_2017-07-03,2017-07-03,2022-07-01,false,true,"{""*"": 6, ""BTAL"": 6, ""DBMF"": 2.5, ""KMLM"": 6, ""QQQ"": 1, ""SPY"": 0.7, ""TQQQ"": 1.5}",0.03000000,tests/data/2026-08-20-net15,,0.35000000,0.60000000,,0.00013114,0.00033400,0.00013666,0.00034709,69172.93028383,40000.00000000,29172.93028383,0.72932326,0.21792288,0.17959405,0.78540009,0.31493224,1.05446778,0.52268902,-0.41692646,,2019,0.60203044,2022,-0.37524303,206975.43486183,31.04631523,0.44559569,0.00077616,,,,,0.52212254,0.17389174
VT TQQQ/cash t35 w0-60 QQQ:VOL_EWMA80 gate QQQ<SMA200,sens,sens_2017-07-03,2017-07-03,2022-07-01,false,true,"{""*"": 6, ""BTAL"": 6, ""DBMF"": 2.5, ""KMLM"": 6, ""QQQ"": 1, ""SPY"": 0.7, ""TQQQ"": 1.5}",0.03000000,tests/data/2026-08-20-net15,,0.35000000,0.60000000,QQQ<SMA200,0.01707562,0.21553964,0.01708045,0.21553964,76472.51445596,40000.00000000,36472.51445596,0.91181286,0.24405972,0.21330375,0.87019026,0.30517393,1.17211050,0.69807258,-0.34961940,,2019,0.54599976,2022,-0.31187621,168359.30543583,25.25389582,0.35868203,0.00063135,,,,,0.50517874,0.15236700
VT TQQQ/cash t35 w0-70 QQQ:VOL_EWMA80,sens,sens_2017-07-03,2017-07-03,2022-07-01,false,true,"{""*"": 6, ""BTAL"": 6, ""DBMF"": 2.5, ""KMLM"": 6, ""QQQ"": 1, ""SPY"": 0.7, ""TQQQ"": 1.5}",0.03000000,tests/data/2026-08-20-net15,,0.35000000,0.70000000,,0.00014258,0.00036623,0.00014837,0.00036997,71192.44669607,40000.00000000,31192.44669607,0.77981117,0.23212849,0.18923155,0.77959950,0.34529959,1.04351370,0.52856903,-0.43916400,,2019,0.66520130,2022,-0.39429724,302347.28727660,45.35209309,0.62359119,0.00113380,,,,,0.57664843,0.17395514
VT TQQQ/cash t35 w0-70 QQQ:VOL_EWMA80 gate QQQ<SMA200,sens,sens_2017-07-03,2017-07-03,2022-07-01,false,true,"{""*"": 6, ""BTAL"": 6, ""DBMF"": 2.5, ""KMLM"": 6, ""QQQ"": 1, ""SPY"": 0.7, ""TQQQ"": 1.5}",0.03000000,tests/data/2026-08-20-net15,,0.35000000,0.70000000,QQQ<SMA200,0.01703594,0.21505942,0.01704154,0.21505942,78708.95044834,40000.00000000,38708.95044834,0.96772376,0.25855272,0.22304937,0.85421535,0.33645606,1.14622330,0.69038985,-0.37450249,,2019,0.60734237,2022,-0.33294121,263391.21923825,39.50868289,0.53757928,0.00098772,,,,,0.55975527,0.15243934
VT TQQQ/cash t35 w0-80 QQQ:VOL_EWMA80,sens,sens_2017-07-03,2017-07-03,2022-07-01,false,true,"{""*"": 6, ""BTAL"": 6, ""DBMF"": 2.5, ""KMLM"": 6, ""QQQ"": 1, ""SPY"": 0.7, ""TQQQ"": 1.5}",0.03000000,tests/data/2026-08-20-net15,,0.35000000,0.80000000,,0.00012480,0.00028717,0.00013278,0.00028814,74051.24211230,40000.00000000,34051.24211230,0.85128105,0.24547420,0.20245818,0.78273856,0.36843529,1.04880938,0.55067375,-0.44577065,,2019,0.70558433,2022,-0.39677402,400931.73508219,60.13976026,0.80283376,0.00150349,,,,,0.62092023,0.17390789
VT TQQQ/cash t35 w0-80 QQQ:VOL_EWMA80 gate QQQ<SMA200,sens,sens_2017-07-03,2017-07-03,2022-07-01,false,true,"{""*"": 6, ""BTAL"": 6, ""DBMF"": 2.5, ""KMLM"": 6, ""QQQ"": 1, ""SPY"": 0.7, ""TQQQ"": 1.5}",0.03000000,tests/data/2026-08-20-net15,,0.35000000,0.80000000,QQQ<SMA200,0.01700404,0.21512993,0.01700952,0.21512993,81860.30277002,40000.00000000,41860.30277002,1.04650757,0.27213213,0.23636697,0.85117911,0.36015626,1.14303168,0.71233093,-0.38203049,,2019,0.64622487,2022,-0.33583086,360758.87428539,54.11383114,0.71481637,0.00135285,,,,,0.60404349,0.15277881
VT TQQQ/cash t40 w0-50 QQQ:VOL_EWMA80,sens,sens_2017-07-03,2017-07-03,2022-07-01,false,true,"{""*"": 6, ""BTAL"": 6, ""DBMF"": 2.5, ""KMLM"": 6, ""QQQ"": 1, ""SPY"": 0.7, ""TQQQ"": 1.5}",0.03000000,tests/data/2026-08-20-net15,,0.40000000,0.50000000,,0.00014979,0.00035134,0.00015359,0.00035411,62983.11146325,40000.00000000,22983.11146325,0.57457779,0.18453292,0.14836717,0.72033736,0.29692549,0.96919429,0.44234424,-0.41717039,,2019,0.54412150,2022,-0.37738910,120328.08105655,18.04921216,0.27592412,0.00045123,,,,,0.47109622,0.19886339
VT TQQQ/cash t40 w0-50 QQQ:VOL_EWMA80 gate QQQ<SMA200,sens,sens_2017-07-03,2017-07-03,2022-07-01,false,true,"{""*"": 6, ""BTAL"": 6, ""DBMF"": 2.5, ""KMLM"": 6, ""QQQ"": 1, ""SPY"": 0.7, ""TQQQ"": 1.5}",0.03000000,tests/data/2026-08-20-net15,,0.40000000,0.50000000,QQQ<SMA200,0.01759001,0.23086473,0.01759302,0.23086473,69705.86998595,40000.00000000,29705.86998595,0.74264675,0.21073725,0.18216194,0.81590371,0.28455116,1.10235936,0.60193150,-0.35010171,,2019,0.49028200,2022,-0.31554530,83519.60498607,12.52794075,0.18902291,0.00031320,,,,,0.45365679,0.17999443
VT TQQQ/cash t40 w0-60 QQQ:VOL_EWMA80,sens,sens_2017-07-03,2017-07-03,2022-07-01,false,true,"{""*"": 6, ""BTAL"": 6, ""DBMF"": 2.5, ""KMLM"": 6, ""QQQ"": 1, ""SPY"": 0.7, ""TQQQ"": 1.5}",0.03000000,tests/data/2026-08-20-net15,,0.40000000,0.60000000,,0.00013880,0.00033400,0.00014373,0.00034709,68401.67192013,40000.00000000,28401.67192013,0.71004180,0.21542437,0.17584576,0.75457499,0.33280596,1.01494858,0.48176777,-0.44715396,,2019,0.62894909,2022,-0.40554435,179968.72197344,26.99530830,0.38005901,0.00067488,,,,,0.54223382,0.19888747
VT TQQQ/cash t40 w0-60 QQQ:VOL_EWMA80 gate QQQ<SMA200,sens,sens_2017-07-03,2017-07-03,2022-07-01,false,true,"{""*"": 6, ""BTAL"": 6, ""DBMF"": 2.5, ""KMLM"": 6, ""QQQ"": 1, ""SPY"": 0.7, ""TQQQ"": 1.5}",0.03000000,tests/data/2026-08-20-net15,,0.40000000,0.60000000,QQQ<SMA200,0.01903306,0.24498542,0.01903694,0.24498542,76811.66330220,40000.00000000,36811.66330220,0.92029158,0.24577929,0.21479805,0.84764340,0.32069462,1.14462341,0.65751916,-0.37379791,,2019,0.56595829,2022,-0.33612965,134644.09953347,20.19661493,0.28062753,0.00050492,,,,,0.52334061,0.18064210
VT TQQQ/cash t40 w0-70 QQQ:VOL_EWMA80,sens,sens_2017-07-03,2017-07-03,2022-07-01,false,false,"{""*"": 6, ""BTAL"": 6, ""DBMF"": 2.5, ""KMLM"": 6, ""QQQ"": 1, ""SPY"": 0.7, ""TQQQ"": 1.5}",0.03000000,tests/data/2026-08-20-net15,,0.40000000,0.70000000,,0.00012754,0.00037144,0.00013373,0.00037158,72893.31807217,40000.00000000,32893.31807217,0.82233295,0.24078385,0.19715763,0.77537423,0.36563283,1.04097341,0.51423946,-0.46823293,,2019,0.70633584,2022,-0.42373890,262435.77734714,39.36536660,0.52069200,0.00098413,,,,,0.60506986,0.19876837
VT TQQQ/cash t40 w0-70 QQQ:VOL_EWMA80 gate QQQ<SMA200,sens,sens_2017-07-03,2017-07-03,2022-07-01,false,true,"{""*"": 6, ""BTAL"": 6, ""DBMF"": 2.5, ""KMLM"": 6, ""QQQ"": 1, ""SPY"": 0.7, ""TQQQ"": 1.5}",0.03000000,tests/data/2026-08-20-net15,,0.40000000,0.70000000,QQQ<SMA200,0.01898865,0.24442065,0.01899423,0.24442065,81878.29276808,40000.00000000,41878.29276808,1.04695732,0.27178351,0.23644167,0.85782311,0.35464276,1.15521366,0.68320814,-0.39780485,,2019,0.64062471,2022,-0.35658018,214607.63961846,32.19114594,0.42010987,0.00080478,,,,,0.58620936,0.18103551
VT TQQQ/cash t40 w0-80 QQQ:VOL_EWMA80,sens,sens_2017-07-03,2017-07-03,2022-07-01,false,false,"{""*"": 6, ""BTAL"": 6, ""DBMF"": 2.5, ""KMLM"": 6, ""QQQ"": 1, ""SPY"": 0.7, ""TQQQ"": 1.5}",0.03000000,tests/data/2026-08-20-net15,,0.40000000,0.80000000,,0.00013453,0.00031629,0.00014290,0.00032597,74534.29135928,40000.00000000,34534.29135928,0.86335728,0.25266584,0.20464725,0.76963574,0.39632105,1.03090101,0.51666068,-0.48903633,,2019,0.76865313,2022,-0.44196717,378120.88055909,56.71813208,0.72148200,0.00141795,,,,,0.65905345,0.19874696
VT TQQQ/cash t40 w0-80 QQQ:VOL_EWMA80 gate QQQ<SMA200,sens,sens_2017-07-03,2017-07-03,2022-07-01,false,true,"{""*"": 6, ""BTAL"": 6, ""DBMF"": 2.5, ""KMLM"": 6, ""QQQ"": 1, ""SPY"": 0.7, ""TQQQ"": 1.5}",0.03000000,tests/data/2026-08-20-net15,,0.40000000,0.80000000,QQQ<SMA200,0.01896320,0.24394906,0.01897059,0.24394906,83720.88336191,40000.00000000,43720.88336191,1.09302208,0.28391975,0.24401512,0.84333691,0.38622459,1.13238488,0.67373303,-0.42141284,,2019,0.70086878,2022,-0.37698047,330082.04442122,49.51230666,0.62144188,0.00123781,,,,,0.64022575,0.18119153
50/50,sens,sens_2017-07-03,2017-07-03,2022-07-01,true,true,"{""*"": 6, ""BTAL"": 6, ""DBMF"": 2.5, ""KMLM"": 6, ""QQQ"": 1, ""SPY"": 0.7, ""TQQQ"": 1.5}",0.03000000,tests/data/2026-08-20-net15,,,,,0.00043401,0.00139904,0.00034522,0.00145850,67238.82363281,40000.00000000,27238.82363281,0.68097059,0.20743832,0.17012085,0.74952010,0.32084315,1.03351168,0.52871762,-0.39234236,,2019,0.61009507,2022,-0.35452696,245824.87634993,93.80859773,0.53446989,0.00234521,0.49969800,0.49854150,,,0.49984933,0.49961239
TQQQ50/BTAL50 gate QQQ<SMA200,sens,sens_2017-07-03,2017-07-03,2022-07-01,true,true,"{""*"": 6, ""BTAL"": 6, ""DBMF"": 2.5, ""KMLM"": 6, ""QQQ"": 1, ""SPY"": 0.7, ""TQQQ"": 1.5}",0.03000000,tests/data/2026-08-20-net15,,,,,0.03015777,0.31813632,0.03005992,0.31813838,74057.48961703,40000.00000000,34057.48961703,0.85143724,0.22654785,0.20248658,0.84194499,0.29471890,1.16125860,0.60054358,-0.37723799,138,2019,0.49944587,2022,-0.23627679,160707.51666051,63.41410044,0.36700601,0.00158535,0.52938925,0.49854150,,,0.47011201,0.18186162
SPY benchmark,sens,sens_2017-07-03,2017-07-03,2022-07-01,true,true,"{""*"": 6, ""BTAL"": 6, ""DBMF"": 2.5, ""KMLM"": 6, ""QQQ"": 1, ""SPY"": 0.7, ""TQQQ"": 1.5}",0.03000000,tests/data/2026-08-20-net15,,,,,0.00584130,0.01606926,0.00584253,0.01607070,54369.01966217,40000.00000000,14369.01966217,0.35922549,0.11140674,0.09984374,0.62410530,0.20232808,0.85103039,0.33176814,-0.33579697,173,2019,0.30803090,2022,-0.19139933,39932.74426649,2.79529210,0.11962748,0.00006988,,,0.99415747,0.98392930,,
VT TQQQ/BTAL t25 w0-50 QQQ:VOL_EWMA80,sens,sens_2018-01-03,2018-01-03,2023-01-03,false,true,"{""*"": 6, ""BTAL"": 6, ""DBMF"": 2.5, ""KMLM"": 6, ""QQQ"": 1, ""SPY"": 0.7, ""TQQQ"": 1.5}",0.03000000,tests/data/2026-08-20-net15,BTAL,0.25000000,0.50000000,,0.00051539,0.00154883,0.00041321,0.00110488,53556.99585274,40000.00000000,13556.99585274,0.33892490,0.12331285,0.09466418,0.61994603,0.23128129,0.84579740,0.44916123,-0.27454029,,2019,0.44573166,2022,-0.23110993,330246.59870570,124.87387617,0.93044640,0.00312185,0.60878856,0.49889778,,,0.39066564,0.12418739
VT TQQQ/BTAL t25 w0-50 QQQ:VOL_EWMA80 gate QQQ<SMA200,sens,sens_2018-01-03,2018-01-03,2023-01-03,false,true,"{""*"": 6, ""BTAL"": 6, ""DBMF"": 2.5, ""KMLM"": 6, ""QQQ"": 1, ""SPY"": 0.7, ""TQQQ"": 1.5}",0.03000000,tests/data/2026-08-20-net15,BTAL,0.25000000,0.50000000,QQQ<SMA200,0.03200367,0.27870271,0.03192297,0.27870525,59519.53668649,40000.00000000,19519.53668649,0.48798842,0.14870036,0.12931401,0.72481597,0.22752664,0.98960448,0.58505960,-0.25416275,362,2019,0.39699411,2022,-0.14917959,249514.26215572,96.67541734,0.69421062,0.00241689,0.64040794,0.49889778,,,0.35908854,0.06289212
VT TQQQ/BTAL t25 w0-60 QQQ:VOL_EWMA80,sens,sens_2018-01-03,2018-01-03,2023-01-03,false,true,"{""*"": 6, ""BTAL"": 6, ""DBMF"": 2.5, ""KMLM"": 6, ""QQQ"": 1, ""SPY"": 0.7, ""TQQQ"": 1.5}",0.03000000,tests/data/2026-08-20-net15,BTAL,0.25000000,0.60000000,,0.00049796,0.00154596,0.00038904,0.00135886,54073.76357826,40000.00000000,14073.76357826,0.35184409,0.12409731,0.09780563,0.59209675,0.25181885,0.80381353,0.44810869,-0.27693573,,2019,0.46537398,2022,-0.23359715,417638.23962825,157.26149255,1.17499799,0.00393154,0.57303792,0.39864114,,,0.42642589,0.12422028
VT TQQQ/BTAL t25 w0-60 QQQ:VOL_EWMA80 gate QQQ<SMA200,sens,sens_2018-01-03,2018-01-03,2023-01-03,false,true,"{""*"": 6, ""BTAL"": 6, ""DBMF"": 2.5, ""KMLM"": 6, ""QQQ"": 1, ""SPY"": 0.7, ""TQQQ"": 1.5}",0.03000000,tests/data/2026-08-20-net15,BTAL,0.25000000,0.60000000,QQQ<SMA200,0.03207680,0.27861330,0.03196547,0.27861581,60104.14481851,40000.00000000,20104.14481851,0.50260362,0.14952252,0.13253612,0.68712033,0.24834881,0.93326632,0.59627196,-0.25076229,355,2019,0.41564501,2022,-0.15186733,335630.89555116,128.53942100,0.93242459,0.00321349,0.60460905,0.39864114,,,0.39481148,0.06298155
VT TQQQ/BTAL t25 w0-70 QQQ:VOL_EWMA80,sens,sens_2018-01-03,2018-01-03,2023-01-03,false,true,"{""*"": 6, ""BTAL"": 6, ""DBMF"": 2.5, ""KMLM"": 6, ""QQQ"": 1, ""SPY"": 0.7, ""TQQQ"": 1.5}",0.03000000,tests/data/2026-08-20-net15,BTAL,0.25000000,0.70000000,,0.00053470,0.00157777,0.00041497,0.00115948,53278.44034965,40000.00000000,13278.44034965,0.33196101,0.11474252,0.09295908,0.53963149,0.26941418,0.72863920,0.40743652,-0.28162061,,2019,0.46954033,2022,-0.23354463,520923.32576720,194.99737932,1.49725459,0.00487493,0.54761672,0.29913320,,,0.45179921,0.12425469
VT TQQQ/BTAL t25 w0-70 QQQ:VOL_EWMA80 gate QQQ<SMA200,sens,sens_2018-01-03,2018-01-03,2023-01-03,false,true,"{""*"": 6, ""BTAL"": 6, ""DBMF"": 2.5, ""KMLM"": 6, ""QQQ"": 1, ""SPY"": 0.7, ""TQQQ"": 1.5}",0.03000000,tests/data/2026-08-20-net15,BTAL,0.25000000,0.70000000,QQQ<SMA200,0.03209125,0.27881855,0.03200144,0.27882110,59226.67806470,40000.00000000,19226.67806470,0.48066695,0.13999690,0.12768891,0.62723232,0.26620578,0.84717557,0.55138438,-0.25390073,337,2019,0.41942581,2022,-0.15159858,440661.53506673,166.95877223,1.25065112,0.00417397,0.57931648,0.29934782,,,0.42016891,0.06277626
VT TQQQ/BTAL t25 w0-80 QQQ:VOL_EWMA80,sens,sens_2018-01-03,2018-01-03,2023-01-03,false,true,"{""*"": 6, ""BTAL"": 6, ""DBMF"": 2.5, ""KMLM"": 6, ""QQQ"": 1, ""SPY"": 0.7, ""TQQQ"": 1.5}",0.03000000,tests/data/2026-08-20-net15,BTAL,0.25000000,0.80000000,,0.00051875,0.00128522,0.00042380,0.00113782,52823.26861280,40000.00000000,12823.26861280,0.32058172,0.10679063,0.09015488,0.50191806,0.28294974,0.67555472,0.36489450,-0.29266166,455,2019,0.45646817,2022,-0.23339612,583662.41155919,218.32631372,1.71310559,0.00545816,0.53032930,0.19886218,,,0.46909418,0.12422831
VT TQQQ/BTAL t25 w0-80 QQQ:VOL_EWMA80 gate QQQ<SMA200,sens,sens_2018-01-03,2018-01-03,2023-01-03,false,true,"{""*"": 6, ""BTAL"": 6, ""DBMF"": 2.5, ""KMLM"": 6, ""QQQ"": 1, ""SPY"": 0.7, ""TQQQ"": 1.5}",0.03000000,tests/data/2026-08-20-net15,BTAL,0.25000000,0.80000000,QQQ<SMA200,0.03210031,0.27881488,0.03201725,0.27881746,58686.09385098,40000.00000000,18686.09385098,0.46715235,0.13171851,0.12466955,0.58406670,0.27989000,0.78626494,0.49558884,-0.26578182,455,2019,0.40653423,2022,-0.15170503,504045.78795822,190.49493300,1.46102638,0.00476237,0.56201667,0.19903837,,,0.43744104,0.06277991
VT TQQQ/BTAL t30 w0-50 QQQ:VOL_EWMA80,sens,sens_2018-01-03,2018-01-03,2023-01-03,false,true,"{""*"": 6, ""BTAL"": 6, ""DBMF"": 2.5, ""KMLM"": 6, ""QQQ"": 1, ""SPY"": 0.7, ""TQQQ"": 1.5}",0.03000000,tests/data/2026-08-20-net15,BTAL,0.30000000,0.50000000,,0.00047395,0.00136173,0.00037291,0.00110222,54369.78098662,40000.00000000,14369.78098662,0.35924452,0.13029179,0.09959255,0.61590669,0.25035040,0.84360377,0.40428284,-0.32227881,,2019,0.48808501,2022,-0.28004778,313252.80811426,118.82500751,0.84541240,0.00297063,0.57712246,0.49889778,,,0.42237551,0.14911107
VT TQQQ/BTAL t30 w0-50 QQQ:VOL_EWMA80 gate QQQ<SMA200,sens,sens_2018-01-03,2018-01-03,2023-01-03,false,true,"{""*"": 6, ""BTAL"": 6, ""DBMF"": 2.5, ""KMLM"": 6, ""QQQ"": 1, ""SPY"": 0.7, ""TQQQ"": 1.5}",0.03000000,tests/data/2026-08-20-net15,BTAL,0.30000000,0.50000000,QQQ<SMA200,0.03756831,0.33077685,0.03748557,0.33077929,61967.43964022,40000.00000000,21967.43964022,0.54918599,0.16220457,0.14261644,0.74705849,0.24050375,1.02480709,0.64721580,-0.25061899,140,2019,0.42999117,2022,-0.18455847,211982.14699335,82.90887191,0.56256679,0.00207272,0.61434005,0.49889778,,,0.38521027,0.07913755
VT TQQQ/BTAL t30 w0-60 QQQ:VOL_EWMA80,sens,sens_2018-01-03,2018-01-03,2023-01-03,false,true,"{""*"": 6, ""BTAL"": 6, ""DBMF"": 2.5, ""KMLM"": 6, ""QQQ"": 1, ""SPY"": 0.7, ""TQQQ"": 1.5}",0.03000000,tests/data/2026-08-20-net15,BTAL,0.30000000,0.60000000,,0.00052169,0.00129446,0.00041323,0.00092554,54570.18171339,40000.00000000,14570.18171339,0.36425454,0.13312860,0.10079713,0.58936134,0.27896654,0.79770204,0.38521922,-0.34559178,,2019,0.53958502,2022,-0.30475995,415435.67200714,156.30796587,1.10461691,0.00390770,0.53061693,0.39907446,,,0.46882617,0.14909428
VT TQQQ/BTAL t30 w0-60 QQQ:VOL_EWMA80 gate QQQ<SMA200,sens,sens_2018-01-03,2018-01-03,2023-01-03,false,true,"{""*"": 6, ""BTAL"": 6, ""DBMF"": 2.5, ""KMLM"": 6, ""QQQ"": 1, ""SPY"": 0.7, ""TQQQ"": 1.5}",0.03000000,tests/data/2026-08-20-net15,BTAL,0.30000000,0.60000000,QQQ<SMA200,0.03755606,0.33065589,0.03746415,0.33065832,62191.46365751,40000.00000000,22191.46365751,0.55478659,0.16510835,0.14380955,0.70283928,0.27015840,0.95166471,0.60805711,-0.27153428,140,2019,0.47924637,2022,-0.21283705,313665.45547958,120.19672019,0.82018981,0.00300492,0.56780874,0.39904048,,,0.43170411,0.07925852
VT TQQQ/BTAL t30 w0-70 QQQ:VOL_EWMA80,sens,sens_2018-01-03,2018-01-03,2023-01-03,false,true,"{""*"": 6, ""BTAL"": 6, ""DBMF"": 2.5, ""KMLM"": 6, ""QQQ"": 1, ""SPY"": 0.7, ""TQQQ"": 1.5}",0.03000000,tests/data/2026-08-20-net15,BTAL,0.30000000,0.70000000,,0.00054430,0.00157173,0.00043592,0.00122859,55206.58385806,40000.00000000,15206.58385806,0.38016460,0.13461124,0.10459534,0.57196946,0.30117719,0.77170255,0.38138475,-0.35295391,,2019,0.55938540,2022,-0.30748763,517076.70846846,193.81798219,1.37024014,0.00484545,0.49363666,0.29877141,,,0.50577539,0.14902945
VT TQQQ/BTAL t30 w0-70 QQQ:VOL_EWMA80 gate QQQ<SMA200,sens,sens_2018-01-03,2018-01-03,2023-01-03,false,true,"{""*"": 6, ""BTAL"": 6, ""DBMF"": 2.5, ""KMLM"": 6, ""QQQ"": 1, ""SPY"": 0.7, ""TQQQ"": 1.5}",0.03000000,tests/data/2026-08-20-net15,BTAL,0.30000000,0.70000000,QQQ<SMA200,0.03761818,0.33063306,0.03754172,0.33063546,62917.58192373,40000.00000000,22917.58192373,0.57293955,0.16659772,0.14764976,0.67464718,0.29304757,0.91034941,0.60746636,-0.27425012,,2019,0.49794706,2022,-0.21587303,414326.88477916,157.30554116,1.07982151,0.00393264,0.53082289,0.29877141,,,0.46863637,0.07928137
VT TQQQ/BTAL t30 w0-80 QQQ:VOL_EWMA80,sens,sens_2018-01-03,2018-01-03,2023-01-03,false,true,"{""*"": 6, ""BTAL"": 6, ""DBMF"": 2.5, ""KMLM"": 6, ""QQQ"": 1, ""SPY"": 0.7, ""TQQQ"": 1.5}",0.03000000,tests/data/2026-08-20-net15,BTAL,0.30000000,0.80000000,,0.00048178,0.00128895,0.00040844,0.00133776,54139.18570170,40000.00000000,14139.18570170,0.35347964,0.12379736,0.09820134,0.52654727,0.32067526,0.70734009,0.34432865,-0.35953255,,2019,0.56247377,2022,-0.30743755,624550.04466602,233.30583640,1.69554153,0.00583265,0.46644674,0.19891817,,,0.53301650,0.14899678
VT TQQQ/BTAL t30 w0-80 QQQ:VOL_EWMA80 gate QQQ<SMA200,sens,sens_2018-01-03,2018-01-03,2023-01-03,false,true,"{""*"": 6, ""BTAL"": 6, ""DBMF"": 2.5, ""KMLM"": 6, ""QQQ"": 1, ""SPY"": 0.7, ""TQQQ"": 1.5}",0.03000000,tests/data/2026-08-20-net15,BTAL,0.30000000,0.80000000,QQQ<SMA200,0.03759446,0.33066156,0.03753134,0.33066401,61664.35427445,40000.00000000,21664.35427445,0.54160886,0.15537480,0.14099593,0.62031665,0.31307830,0.83322639,0.55129764,-0.28183469,,2019,0.50079239,2022,-0.21603633,524124.43940489,197.66847025,1.39960561,0.00494171,0.50360786,0.19891817,,,0.49588644,0.07925283
VT TQQQ/BTAL t35 w0-50 QQQ:VOL_EWMA80,sens,sens_2018-01-03,2018-01-03,2023-01-03,false,true,"{""*"": 6, ""BTAL"": 6, ""DBMF"": 2.5, ""KMLM"": 6, ""QQQ"": 1, ""SPY"": 0.7, ""TQQQ"": 1.5}",0.03000000,tests/data/2026-08-20-net15,BTAL,0.35000000,0.50000000,,0.00045573,0.00124134,0.00034575,0.00122491,53244.49169263,40000.00000000,13244.49169263,0.33111229,0.12684500,0.09275071,0.58023579,0.26870394,0.79569176,0.34453279,-0.36816524,,2019,0.51801888,2022,-0.32759919,289630.12492740,110.09469402,0.76429058,0.00275237,0.55320947,0.49889778,,,0.44630904,0.17399597
VT TQQQ/BTAL t35 w0-50 QQQ:VOL_EWMA80 gate QQQ<SMA200,sens,sens_2018-01-03,2018-01-03,2023-01-03,false,true,"{""*"": 6, ""BTAL"": 6, ""DBMF"": 2.5, ""KMLM"": 6, ""QQQ"": 1, ""SPY"": 0.7, ""TQQQ"": 1.5}",0.03000000,tests/data/2026-08-20-net15,BTAL,0.35000000,0.50000000,QQQ<SMA200,0.04288673,0.38137828,0.04279448,0.38138070,62249.89187959,40000.00000000,22249.89187959,0.55624730,0.16518160,0.14412008,0.73480918,0.25179411,1.01011846,0.61024921,-0.27067893,138,2019,0.45116067,2022,-0.22025733,170612.12758233,67.34083682,0.44088578,0.00168352,0.59564384,0.49889778,,,0.40385130,0.09685561
VT TQQQ/BTAL t35 w0-60 QQQ:VOL_EWMA80,sens,sens_2018-01-03,2018-01-03,2023-01-03,false,true,"{""*"": 6, ""BTAL"": 6, ""DBMF"": 2.5, ""KMLM"": 6, ""QQQ"": 1, ""SPY"": 0.7, ""TQQQ"": 1.5}",0.03000000,tests/data/2026-08-20-net15,BTAL,0.35000000,0.60000000,,0.00046024,0.00183759,0.00035329,0.00149733,55368.82335242,40000.00000000,15368.82335242,0.38422058,0.13981849,0.10555711,0.58797692,0.30012028,0.79886779,0.35752742,-0.39107069,,2019,0.58609649,2022,-0.35081351,385297.98139149,145.35590521,0.97979165,0.00363390,0.49834226,0.39905716,,,0.50116557,0.17387662
VT TQQQ/BTAL t35 w0-60 QQQ:VOL_EWMA80 gate QQQ<SMA200,sens,sens_2018-01-03,2018-01-03,2023-01-03,false,true,"{""*"": 6, ""BTAL"": 6, ""DBMF"": 2.5, ""KMLM"": 6, ""QQQ"": 1, ""SPY"": 0.7, ""TQQQ"": 1.5}",0.03000000,tests/data/2026-08-20-net15,BTAL,0.35000000,0.60000000,QQQ<SMA200,0.04285633,0.38093730,0.04275816,0.38093963,64736.31558107,40000.00000000,24736.31558107,0.61840789,0.17854528,0.15709281,0.72100827,0.28504853,0.98046043,0.59082913,-0.30219445,141,2019,0.51607630,2022,-0.24744855,261841.32134208,101.10462938,0.65193681,0.00252762,0.54071496,0.39905716,,,0.45876262,0.09729668
VT TQQQ/BTAL t35 w0-70 QQQ:VOL_EWMA80,sens,sens_2018-01-03,2018-01-03,2023-01-03,false,true,"{""*"": 6, ""BTAL"": 6, ""DBMF"": 2.5, ""KMLM"": 6, ""QQQ"": 1, ""SPY"": 0.7, ""TQQQ"": 1.5}",0.03000000,tests/data/2026-08-20-net15,BTAL,0.35000000,0.70000000,,0.00051984,0.00144990,0.00041780,0.00121736,55084.17542811,40000.00000000,15084.17542811,0.37710439,0.13960680,0.10386796,0.56319295,0.33018925,0.75841747,0.33549920,-0.41611663,,2019,0.63435707,2022,-0.37399518,508571.05103160,190.61882104,1.28160707,0.00476547,0.45242303,0.29878264,,,0.54701705,0.17397716
VT TQQQ/BTAL t35 w0-70 QQQ:VOL_EWMA80 gate QQQ<SMA200,sens,sens_2018-01-03,2018-01-03,2023-01-03,false,true,"{""*"": 6, ""BTAL"": 6, ""DBMF"": 2.5, ""KMLM"": 6, ""QQQ"": 1, ""SPY"": 0.7, ""TQQQ"": 1.5}",0.03000000,tests/data/2026-08-20-net15,BTAL,0.35000000,0.70000000,QQQ<SMA200,0.04282406,0.38095978,0.04275085,0.38096213,64405.16355092,40000.00000000,24405.16355092,0.61012909,0.17834116,0.15539170,0.67929789,0.31654927,0.91469775,0.54884169,-0.32494098,,2019,0.56204703,2022,-0.27434789,386176.77072591,146.77055438,0.95311861,0.00366926,0.49488934,0.29878264,,,0.50463020,0.09727419
VT TQQQ/BTAL t35 w0-80 QQQ:VOL_EWMA80,sens,sens_2018-01-03,2018-01-03,2023-01-03,false,true,"{""*"": 6, ""BTAL"": 6, ""DBMF"": 2.5, ""KMLM"": 6, ""QQQ"": 1, ""SPY"": 0.7, ""TQQQ"": 1.5}",0.03000000,tests/data/2026-08-20-net15,BTAL,0.35000000,0.80000000,,0.00048315,0.00121384,0.00040430,0.00110367,55673.54288904,40000.00000000,15673.54288904,0.39183857,0.14056617,0.10735646,0.55130071,0.35370868,0.74080517,0.33087182,-0.42483571,,2019,0.65397029,2022,-0.37698390,624971.76689536,233.73962513,1.57034542,0.00584349,0.41475185,0.19920968,,,0.58471564,0.17390027
VT TQQQ/BTAL t35 w0-80 QQQ:VOL_EWMA80 gate QQQ<SMA200,sens,sens_2018-01-03,2018-01-03,2023-01-03,false,true,"{""*"": 6, ""BTAL"": 6, ""DBMF"": 2.5, ""KMLM"": 6, ""QQQ"": 1, ""SPY"": 0.7, ""TQQQ"": 1.5}",0.03000000,tests/data/2026-08-20-net15,BTAL,0.35000000,0.80000000,QQQ<SMA200,0.04280927,0.38097173,0.04274787,0.38097405,65105.52843718,40000.00000000,25105.52843718,0.62763821,0.17935255,0.15898007,0.65714092,0.34099919,0.88281043,0.53558363,-0.33487310,,2019,0.58053455,2022,-0.27762857,501605.36732741,189.46839328,1.23436470,0.00473671,0.45725298,0.19906373,,,0.54228374,0.09726226
VT TQQQ/BTAL t40 w0-50 QQQ:VOL_EWMA80,sens,sens_2018-01-03,2018-01-03,2023-01-03,false,true,"{""*"": 6, ""BTAL"": 6, ""DBMF"": 2.5, ""KMLM"": 6, ""QQQ"": 1, ""SPY"": 0.7, ""TQQQ"": 1.5}",0.03000000,tests/data/2026-08-20-net15,BTAL,0.40000000,0.50000000,,0.00045511,0.00123842,0.00035038,0.00110222,51847.70917434,40000.00000000,11847.70917434,0.29619273,0.12099355,0.08406781,0.54319106,0.28663582,0.74525381,0.30194910,-0.40070842,,2019,0.53996229,2022,-0.36217882,269599.54442973,103.05960475,0.70503923,0.00257649,0.53483151,0.49889778,,,0.46468947,0.19874004
VT TQQQ/BTAL t40 w0-50 QQQ:VOL_EWMA80 gate QQQ<SMA200,sens,sens_2018-01-03,2018-01-03,2023-01-03,false,true,"{""*"": 6, ""BTAL"": 6, ""DBMF"": 2.5, ""KMLM"": 6, ""QQQ"": 1, ""SPY"": 0.7, ""TQQQ"": 1.5}",0.03000000,tests/data/2026-08-20-net15,BTAL,0.40000000,0.50000000,QQQ<SMA200,0.04569948,0.38409964,0.04559937,0.38410220,61208.45357924,40000.00000000,21208.45357924,0.53021134,0.16199023,0.13854451,0.70401685,0.26303688,0.96790603,0.54323369,-0.29819621,,2019,0.47155670,2022,-0.25544153,147833.26362211,59.18676627,0.37766718,0.00147967,0.58006634,0.49889778,,,0.41942462,0.11589780
VT TQQQ/BTAL t40 w0-60 QQQ:VOL_EWMA80,sens,sens_2018-01-03,2018-01-03,2023-01-03,false,true,"{""*"": 6, ""BTAL"": 6, ""DBMF"": 2.5, ""KMLM"": 6, ""QQQ"": 1, ""SPY"": 0.7, ""TQQQ"": 1.5}",0.03000000,tests/data/2026-08-20-net15,BTAL,0.40000000,0.60000000,,0.00045612,0.00122140,0.00034829,0.00113136,54285.01014844,40000.00000000,14285.01014844,0.35712525,0.13625392,0.09908175,0.56064711,0.32045432,0.76350471,0.31326237,-0.43495143,,2019,0.61914113,2022,-0.39555336,357657.01118190,135.05315297,0.88663450,0.00337633,0.47277794,0.39907503,,,0.52673640,0.19873902
VT TQQQ/BTAL t40 w0-60 QQQ:VOL_EWMA80 gate QQQ<SMA200,sens,sens_2018-01-03,2018-01-03,2023-01-03,false,true,"{""*"": 6, ""BTAL"": 6, ""DBMF"": 2.5, ""KMLM"": 6, ""QQQ"": 1, ""SPY"": 0.7, ""TQQQ"": 1.5}",0.03000000,tests/data/2026-08-20-net15,BTAL,0.40000000,0.60000000,QQQ<SMA200,0.04780871,0.42990918,0.04773179,0.42991149,65215.59678371,40000.00000000,25215.59678371,0.63038992,0.18193356,0.15954080,0.71149732,0.29839686,0.97029061,0.55761102,-0.32627326,,2019,0.53999545,2022,-0.28162551,216647.28270520,84.18754410,0.52340512,0.00210469,0.52026184,0.39902769,,,0.47930330,0.11664429
VT TQQQ/BTAL t40 w0-70 QQQ:VOL_EWMA80,sens,sens_2018-01-03,2018-01-03,2023-01-03,false,true,"{""*"": 6, ""BTAL"": 6, ""DBMF"": 2.5, ""KMLM"": 6, ""QQQ"": 1, ""SPY"": 0.7, ""TQQQ"": 1.5}",0.03000000,tests/data/2026-08-20-net15,BTAL,0.40000000,0.70000000,,0.00051555,0.00149800,0.00040737,0.00108050,55746.44515984,40000.00000000,15746.44515984,0.39366113,0.14532085,0.10778558,0.56337632,0.35272349,0.76148508,0.31788507,-0.45714904,,2019,0.68509363,2022,-0.41709714,464803.34137307,174.43849136,1.12003832,0.00436096,0.41972502,0.29891950,,,0.57972340,0.19875104
VT TQQQ/BTAL t40 w0-70 QQQ:VOL_EWMA80 gate QQQ<SMA200,sens,sens_2018-01-03,2018-01-03,2023-01-03,false,true,"{""*"": 6, ""BTAL"": 6, ""DBMF"": 2.5, ""KMLM"": 6, ""QQQ"": 1, ""SPY"": 0.7, ""TQQQ"": 1.5}",0.03000000,tests/data/2026-08-20-net15,BTAL,0.40000000,0.70000000,QQQ<SMA200,0.04780219,0.42954016,0.04770463,0.42954241,66950.69736805,40000.00000000,26950.69736805,0.67376743,0.19123339,0.16826752,0.69485697,0.33280646,0.93934353,0.54181382,-0.35295037,,2019,0.60276844,2022,-0.30756133,320013.40871229,122.15528612,0.75157813,0.00305388,0.46715320,0.29891950,,,0.53234606,0.11701337
VT TQQQ/BTAL t40 w0-80 QQQ:VOL_EWMA80,sens,sens_2018-01-03,2018-01-03,2023-01-03,false,true,"{""*"": 6, ""BTAL"": 6, ""DBMF"": 2.5, ""KMLM"": 6, ""QQQ"": 1, ""SPY"": 0.7, ""TQQQ"": 1.5}",0.03000000,tests/data/2026-08-20-net15,BTAL,0.40000000,0.80000000,,0.00053689,0.00122181,0.00041447,0.00108352,55055.13312804,40000.00000000,15055.13312804,0.37637833,0.14256632,0.10369516,0.54203465,0.38385096,0.72784892,0.29543691,-0.48256095,,2019,0.72950025,2022,-0.43863629,609894.34653687,227.75175469,1.46375712,0.00569379,0.37429076,0.19897372,,,0.62512726,0.19872562
VT TQQQ/BTAL t40 w0-80 QQQ:VOL_EWMA80 gate QQQ<SMA200,sens,sens_2018-01-03,2018-01-03,2023-01-03,false,true,"{""*"": 6, ""BTAL"": 6, ""DBMF"": 2.5, ""KMLM"": 6, ""QQQ"": 1, ""SPY"": 0.7, ""TQQQ"": 1.5}",0.03000000,tests/data/2026-08-20-net15,BTAL,0.40000000,0.80000000,QQQ<SMA200,0.04777622,0.42975388,0.04771361,0.42975616,66137.24457627,40000.00000000,26137.24457627,0.65343111,0.18846870,0.16420231,0.65824041,0.36566251,0.88341549,0.49177618,-0.38324081,,2019,0.64486616,2022,-0.33305419,467960.00129604,176.50700400,1.09492937,0.00441268,0.42182674,0.19925514,,,0.57776289,0.11679963
VT TQQQ/cash t25 w0-50 QQQ:VOL_EWMA80,sens,sens_2018-01-03,2018-01-03,2023-01-03,false,true,"{""*"": 6, ""BTAL"": 6, ""DBMF"": 2.5, ""KMLM"": 6, ""QQQ"": 1, ""SPY"": 0.7, ""TQQQ"": 1.5}",0.03000000,tests/data/2026-08-20-net15,,0.25000000,0.50000000,,0.00021123,0.00050771,0.00021676,0.00050837,52878.40552323,40000.00000000,12878.40552323,0.32196014,0.11729943,0.09049576,0.56925020,0.25083824,0.76083229,0.32671780,-0.35902371,,2019,0.46670651,2022,-0.31981700,168083.26303178,25.21248945,0.45596039,0.00063031,,,,,0.39064158,0.12415801
VT TQQQ/cash t25 w0-50 QQQ:VOL_EWMA80 gate QQQ<SMA200,sens,sens_2018-01-03,2018-01-03,2023-01-03,false,true,"{""*"": 6, ""BTAL"": 6, ""DBMF"": 2.5, ""KMLM"": 6, ""QQQ"": 1, ""SPY"": 0.7, ""TQQQ"": 1.5}",0.03000000,tests/data/2026-08-20-net15,,0.25000000,0.50000000,QQQ<SMA200,0.03091447,0.27181920,0.03091928,0.27181920,58368.91774067,40000.00000000,18368.91774067,0.45922294,0.14125348,0.12288602,0.68237014,0.23462961,0.90866146,0.50504010,-0.27968766,,2019,0.42588857,2022,-0.25120884,122624.98423740,18.39374764,0.32811124,0.00045984,,,,,0.35993906,0.06977816
VT TQQQ/cash t25 w0-60 QQQ:VOL_EWMA80,sens,sens_2018-01-03,2018-01-03,2023-01-03,false,true,"{""*"": 6, ""BTAL"": 6, ""DBMF"": 2.5, ""KMLM"": 6, ""QQQ"": 1, ""SPY"": 0.7, ""TQQQ"": 1.5}",0.03000000,tests/data/2026-08-20-net15,,0.25000000,0.60000000,,0.00018557,0.00058012,0.00019309,0.00058026,54170.87396621,40000.00000000,14170.87396621,0.35427185,0.12354508,0.09839284,0.56763443,0.27058602,0.75793308,0.33760413,-0.36594659,,2019,0.50243661,2022,-0.32172002,219499.23278908,32.92488492,0.58555874,0.00082312,,,,,0.42642385,0.12411760
VT TQQQ/cash t25 w0-60 QQQ:VOL_EWMA80 gate QQQ<SMA200,sens,sens_2018-01-03,2018-01-03,2023-01-03,false,true,"{""*"": 6, ""BTAL"": 6, ""DBMF"": 2.5, ""KMLM"": 6, ""QQQ"": 1, ""SPY"": 0.7, ""TQQQ"": 1.5}",0.03000000,tests/data/2026-08-20-net15,,0.25000000,0.60000000,QQQ<SMA200,0.03092542,0.27167690,0.03093209,0.27167690,59798.49911868,40000.00000000,19798.49911868,0.49496248,0.14761046,0.13085516,0.66853523,0.25560844,0.88978313,0.51351450,-0.28745139,,2019,0.46044107,2022,-0.25328183,173150.02913644,25.97250437,0.45561998,0.00064931,,,,,0.39568484,0.06992047
VT TQQQ/cash t25 w0-70 QQQ:VOL_EWMA80,sens,sens_2018-01-03,2018-01-03,2023-01-03,false,true,"{""*"": 6, ""BTAL"": 6, ""DBMF"": 2.5, ""KMLM"": 6, ""QQQ"": 1, ""SPY"": 0.7, ""TQQQ"": 1.5}",0.03000000,tests/data/2026-08-20-net15,,0.25000000,0.70000000,,0.00018498,0.00049265,0.00019243,0.00050079,53961.15521532,40000.00000000,13961.15521532,0.34902888,0.11883264,0.09712347,0.53685483,0.28682979,0.71541652,0.32081333,-0.37041053,,2019,0.51431330,2022,-0.32177968,281655.82042766,42.24837306,0.75817919,0.00105621,,,,,0.45183020,0.12425177
VT TQQQ/cash t25 w0-70 QQQ:VOL_EWMA80 gate QQQ<SMA200,sens,sens_2018-01-03,2018-01-03,2023-01-03,false,true,"{""*"": 6, ""BTAL"": 6, ""DBMF"": 2.5, ""KMLM"": 6, ""QQQ"": 1, ""SPY"": 0.7, ""TQQQ"": 1.5}",0.03000000,tests/data/2026-08-20-net15,,0.25000000,0.70000000,QQQ<SMA200,0.03091358,0.27168247,0.03092157,0.27168247,59565.01192489,40000.00000000,19565.01192489,0.48912530,0.14279176,0.12956570,0.62794310,0.27275058,0.83427862,0.48830291,-0.29242456,,2019,0.47186675,2022,-0.25330014,235521.17525473,35.32817629,0.62536807,0.00088320,,,,,0.42110106,0.06991490
VT TQQQ/cash t25 w0-80 QQQ:VOL_EWMA80,sens,sens_2018-01-03,2018-01-03,2023-01-03,false,true,"{""*"": 6, ""BTAL"": 6, ""DBMF"": 2.5, ""KMLM"": 6, ""QQQ"": 1, ""SPY"": 0.7, ""TQQQ"": 1.5}",0.03000000,tests/data/2026-08-20-net15,,0.25000000,0.80000000,,0.00017960,0.00049265,0.00018946,0.00049944,54138.85450913,40000.00000000,14138.85450913,0.35347136,0.11585555,0.09819933,0.51825138,0.29895517,0.69014022,0.31282599,-0.37035143,,2019,0.50874932,2022,-0.32173093,319666.33573952,47.94995036,0.86714597,0.00119875,,,,,0.46913992,0.12427553
VT TQQQ/cash t25 w0-80 QQQ:VOL_EWMA80 gate QQQ<SMA200,sens,sens_2018-01-03,2018-01-03,2023-01-03,false,true,"{""*"": 6, ""BTAL"": 6, ""DBMF"": 2.5, ""KMLM"": 6, ""QQQ"": 1, ""SPY"": 0.7, ""TQQQ"": 1.5}",0.03000000,tests/data/2026-08-20-net15,,0.25000000,0.80000000,QQQ<SMA200,0.03094764,0.27160137,0.03095795,0.27160137,59733.87086585,40000.00000000,19733.87086585,0.49334677,0.13963345,0.13049870,0.60292658,0.28546345,0.80061673,0.47733231,-0.29252881,,2019,0.46611487,2022,-0.25341514,273451.83522870,41.01777528,0.73178192,0.00102544,,,,,0.43837143,0.06999600
VT TQQQ/cash t30 w0-50 QQQ:VOL_EWMA80,sens,sens_2018-01-03,2018-01-03,2023-01-03,false,true,"{""*"": 6, ""BTAL"": 6, ""DBMF"": 2.5, ""KMLM"": 6, ""QQQ"": 1, ""SPY"": 0.7, ""TQQQ"": 1.5}",0.03000000,tests/data/2026-08-20-net15,,0.30000000,0.50000000,,0.00020409,0.00048456,0.00020926,0.00048459,52999.57352270,40000.00000000,12999.57352270,0.32498934,0.12014338,0.09124372,0.55218909,0.27451748,0.74240496,0.30130515,-0.39874322,,2019,0.50074708,2022,-0.36051207,154511.51298944,23.17672695,0.40569117,0.00057942,,,,,0.42235085,0.14905316
VT TQQQ/cash t30 w0-50 QQQ:VOL_EWMA80 gate QQQ<SMA200,sens,sens_2018-01-03,2018-01-03,2023-01-03,false,true,"{""*"": 6, ""BTAL"": 6, ""DBMF"": 2.5, ""KMLM"": 6, ""QQQ"": 1, ""SPY"": 0.7, ""TQQQ"": 1.5}",0.03000000,tests/data/2026-08-20-net15,,0.30000000,0.50000000,QQQ<SMA200,0.03627878,0.32234431,0.03628282,0.32234431,59799.57088442,40000.00000000,19799.57088442,0.49498927,0.14966658,0.13086106,0.67933286,0.25322445,0.91008281,0.48573468,-0.30812415,,2019,0.45211878,2022,-0.28118339,99272.92799207,14.89093920,0.25617240,0.00037227,,,,,0.38627728,0.08757253
VT TQQQ/cash t30 w0-60 QQQ:VOL_EWMA80,sens,sens_2018-01-03,2018-01-03,2023-01-03,false,true,"{""*"": 6, ""BTAL"": 6, ""DBMF"": 2.5, ""KMLM"": 6, ""QQQ"": 1, ""SPY"": 0.7, ""TQQQ"": 1.5}",0.03000000,tests/data/2026-08-20-net15,,0.30000000,0.60000000,,0.00019332,0.00048020,0.00019987,0.00048564,53915.39513167,40000.00000000,13915.39513167,0.34788488,0.12783637,0.09684589,0.55141014,0.30196046,0.73714629,0.30342264,-0.42131453,,2019,0.56452514,2022,-0.37953718,213427.25791269,32.01408869,0.54565382,0.00080035,,,,,0.46883014,0.14906064
VT TQQQ/cash t30 w0-60 QQQ:VOL_EWMA80 gate QQQ<SMA200,sens,sens_2018-01-03,2018-01-03,2023-01-03,false,true,"{""*"": 6, ""BTAL"": 6, ""DBMF"": 2.5, ""KMLM"": 6, ""QQQ"": 1, ""SPY"": 0.7, ""TQQQ"": 1.5}",0.03000000,tests/data/2026-08-20-net15,,0.30000000,0.60000000,QQQ<SMA200,0.03629711,0.32220952,0.03630279,0.32220952,60846.58376142,40000.00000000,20846.58376142,0.52116459,0.15759094,0.13658671,0.66130377,0.28271495,0.88085156,0.47165423,-0.33412388,,2019,0.51380808,2022,-0.30260749,157528.63008197,23.62929451,0.39582623,0.00059073,,,,,0.43272722,0.08770732
VT TQQQ/cash t30 w0-70 QQQ:VOL_EWMA80,sens,sens_2018-01-03,2018-01-03,2023-01-03,false,true,"{""*"": 6, ""BTAL"": 6, ""DBMF"": 2.5, ""KMLM"": 6, ""QQQ"": 1, ""SPY"": 0.7, ""TQQQ"": 1.5}",0.03000000,tests/data/2026-08-20-net15,,0.30000000,0.70000000,,0.00019596,0.00035897,0.00020260,0.00038101,55404.12669159,40000.00000000,15404.12669159,0.38510317,0.13508163,0.10576605,0.55649019,0.32237570,0.74364355,0.31586122,-0.42766132,,2019,0.60259430,2022,-0.38150458,274242.12202145,41.13631830,0.68771090,0.00102841,,,,,0.50578659,0.14896724
VT TQQQ/cash t30 w0-70 QQQ:VOL_EWMA80 gate QQQ<SMA200,sens,sens_2018-01-03,2018-01-03,2023-01-03,false,true,"{""*"": 6, ""BTAL"": 6, ""DBMF"": 2.5, ""KMLM"": 6, ""QQQ"": 1, ""SPY"": 0.7, ""TQQQ"": 1.5}",0.03000000,tests/data/2026-08-20-net15,,0.30000000,0.70000000,QQQ<SMA200,0.03627520,0.32203001,0.03627972,0.32203001,62521.92577521,40000.00000000,22521.92577521,0.56304814,0.16496928,0.14556234,0.65631717,0.30444667,0.87424455,0.48300503,-0.34154774,,2019,0.55038286,2022,-0.30490840,216871.32993031,32.53069949,0.53449069,0.00081327,,,,,0.46970947,0.08788683
VT TQQQ/cash t30 w0-80 QQQ:VOL_EWMA80,sens,sens_2018-01-03,2018-01-03,2023-01-03,false,true,"{""*"": 6, ""BTAL"": 6, ""DBMF"": 2.5, ""KMLM"": 6, ""QQQ"": 1, ""SPY"": 0.7, ""TQQQ"": 1.5}",0.03000000,tests/data/2026-08-20-net15,,0.30000000,0.80000000,,0.00016114,0.00043595,0.00017086,0.00045314,55011.81946064,40000.00000000,15011.81946064,0.37529549,0.12948824,0.10343729,0.53066876,0.33987600,0.70788747,0.29960320,-0.43219911,,2019,0.61777437,2022,-0.38163881,338790.35500390,50.81855325,0.85837995,0.00127046,,,,,0.53306877,0.14912008
VT TQQQ/cash t30 w0-80 QQQ:VOL_EWMA80 gate QQQ<SMA200,sens,sens_2018-01-03,2018-01-03,2023-01-03,false,true,"{""*"": 6, ""BTAL"": 6, ""DBMF"": 2.5, ""KMLM"": 6, ""QQQ"": 1, ""SPY"": 0.7, ""TQQQ"": 1.5}",0.03000000,tests/data/2026-08-20-net15,,0.30000000,0.80000000,QQQ<SMA200,0.03631517,0.32209513,0.03632229,0.32209513,62094.37271980,40000.00000000,22094.37271980,0.55235932,0.15931402,0.14329295,0.62203721,0.32285806,0.82728222,0.45970900,-0.34655405,,2019,0.56488950,2022,-0.30482247,281919.46909019,42.28792036,0.70198217,0.00105720,,,,,0.49691734,0.08782171
VT TQQQ/cash t35 w0-50 QQQ:VOL_EWMA80,sens,sens_2018-01-03,2018-01-03,2023-01-03,false,true,"{""*"": 6, ""BTAL"": 6, ""DBMF"": 2.5, ""KMLM"": 6, ""QQQ"": 1, ""SPY"": 0.7, ""TQQQ"": 1.5}",0.03000000,tests/data/2026-08-20-net15,,0.35000000,0.50000000,,0.00019974,0.00048639,0.00020428,0.00048918,51393.80168389,40000.00000000,11393.80168389,0.28484504,0.11358064,0.08119899,0.51311557,0.29588807,0.69208771,0.25967465,-0.43739595,,2019,0.52566962,2022,-0.40007083,140381.32879750,21.05719932,0.36362171,0.00052643,,,,,0.44628659,0.17402419
VT TQQQ/cash t35 w0-50 QQQ:VOL_EWMA80 gate QQQ<SMA200,sens,sens_2018-01-03,2018-01-03,2023-01-03,false,true,"{""*"": 6, ""BTAL"": 6, ""DBMF"": 2.5, ""KMLM"": 6, ""QQQ"": 1, ""SPY"": 0.7, ""TQQQ"": 1.5}",0.03000000,tests/data/2026-08-20-net15,,0.35000000,0.50000000,QQQ<SMA200,0.04149480,0.37166664,0.04149799,0.37166664,59348.02309871,40000.00000000,19348.02309871,0.48370058,0.14885529,0.12836316,0.65234927,0.26894324,0.87666760,0.44166895,-0.33702910,,2019,0.46988434,2022,-0.31078595,77385.61539677,11.60784231,0.19621435,0.00029020,,,,,0.40499288,0.10656968
VT TQQQ/cash t35 w0-60 QQQ:VOL_EWMA80,sens,sens_2018-01-03,2018-01-03,2023-01-03,false,true,"{""*"": 6, ""BTAL"": 6, ""DBMF"": 2.5, ""KMLM"": 6, ""QQQ"": 1, ""SPY"": 0.7, ""TQQQ"": 1.5}",0.03000000,tests/data/2026-08-20-net15,,0.35000000,0.60000000,,0.00015822,0.00036029,0.00016409,0.00036595,54043.79996396,40000.00000000,14043.79996396,0.35109500,0.13067025,0.09762425,0.54182975,0.32588407,0.72804415,0.28519839,-0.45817317,,2019,0.60194949,2022,-0.41783896,193912.38714612,29.08685807,0.47921525,0.00072717,,,,,0.50119087,0.17399488
VT TQQQ/cash t35 w0-60 QQQ:VOL_EWMA80 gate QQQ<SMA200,sens,sens_2018-01-03,2018-01-03,2023-01-03,false,true,"{""*"": 6, ""BTAL"": 6, ""DBMF"": 2.5, ""KMLM"": 6, ""QQQ"": 1, ""SPY"": 0.7, ""TQQQ"": 1.5}",0.03000000,tests/data/2026-08-20-net15,,0.35000000,0.60000000,QQQ<SMA200,0.04133041,0.37097142,0.04133483,0.37097142,62376.04490569,40000.00000000,22376.04490569,0.55940112,0.16625831,0.14478964,0.66300968,0.30167589,0.88769611,0.45911705,-0.36212619,,2019,0.54314998,2022,-0.33181114,127714.68231953,19.15720235,0.30896513,0.00047893,,,,,0.46002013,0.10726489
VT TQQQ/cash t35 w0-70 QQQ:VOL_EWMA80,sens,sens_2018-01-03,2018-01-03,2023-01-03,false,true,"{""*"": 6, ""BTAL"": 6, ""DBMF"": 2.5, ""KMLM"": 6, ""QQQ"": 1, ""SPY"": 0.7, ""TQQQ"": 1.5}",0.03000000,tests/data/2026-08-20-net15,,0.35000000,0.70000000,,0.00017971,0.00046917,0.00018606,0.00047594,54611.60033217,40000.00000000,14611.60033217,0.36529001,0.13596865,0.10104558,0.53985444,0.35356978,0.72209976,0.28402010,-0.47872899,,2019,0.66519305,2022,-0.43550466,263795.87356153,39.56938103,0.63771199,0.00098923,,,,,0.54701562,0.17385762
VT TQQQ/cash t35 w0-70 QQQ:VOL_EWMA80 gate QQQ<SMA200,sens,sens_2018-01-03,2018-01-03,2023-01-03,false,true,"{""*"": 6, ""BTAL"": 6, ""DBMF"": 2.5, ""KMLM"": 6, ""QQQ"": 1, ""SPY"": 0.7, ""TQQQ"": 1.5}",0.03000000,tests/data/2026-08-20-net15,,0.35000000,0.70000000,QQQ<SMA200,0.04135913,0.37086751,0.04136390,0.37086751,63013.09478426,40000.00000000,23013.09478426,0.57532737,0.17162613,0.14815187,0.64646635,0.33139652,0.86161750,0.44401325,-0.38653379,,2019,0.60406960,2022,-0.35228102,197309.37789911,29.59640668,0.46706122,0.00073991,,,,,0.50583778,0.10736880
VT TQQQ/cash t35 w0-80 QQQ:VOL_EWMA80,sens,sens_2018-01-03,2018-01-03,2023-01-03,false,true,"{""*"": 6, ""BTAL"": 6, ""DBMF"": 2.5, ""KMLM"": 6, ""QQQ"": 1, ""SPY"": 0.7, ""TQQQ"": 1.5}",0.03000000,tests/data/2026-08-20-net15,,0.35000000,0.80000000,,0.00017497,0.00055564,0.00018446,0.00055635,56074.07163809,40000.00000000,16074.07163809,0.40185179,0.14284740,0.10970767,0.54650464,0.37467737,0.73084361,0.29454456,-0.48497722,,2019,0.70569889,2022,-0.43793640,332799.65308086,49.91994796,0.78907021,0.00124800,,,,,0.58471605,0.17387061
VT TQQQ/cash t35 w0-80 QQQ:VOL_EWMA80 gate QQQ<SMA200,sens,sens_2018-01-03,2018-01-03,2023-01-03,false,true,"{""*"": 6, ""BTAL"": 6, ""DBMF"": 2.5, ""KMLM"": 6, ""QQQ"": 1, ""SPY"": 0.7, ""TQQQ"": 1.5}",0.03000000,tests/data/2026-08-20-net15,,0.35000000,0.80000000,QQQ<SMA200,0.04136406,0.37064937,0.04137172,0.37064937,64741.39763618,40000.00000000,24741.39763618,0.61853494,0.17883620,0.15711886,0.64503536,0.35379460,0.85990778,0.45420738,-0.39373247,,2019,0.64286686,2022,-0.35487768,264640.53936840,39.69608091,0.61423880,0.00099240,,,,,0.54352879,0.10758694
VT TQQQ/cash t40 w0-50 QQQ:VOL_EWMA80,sens,sens_2018-01-03,2018-01-03,2023-01-03,false,true,"{""*"": 6, ""BTAL"": 6, ""DBMF"": 2.5, ""KMLM"": 6, ""QQQ"": 1, ""SPY"": 0.7, ""TQQQ"": 1.5}",0.03000000,tests/data/2026-08-20-net15,,0.40000000,0.50000000,,0.00019888,0.00048639,0.00020301,0.00048918,49723.85744709,40000.00000000,9723.85744709,0.24309644,0.10577898,0.07043585,0.47797062,0.31558647,0.64623772,0.22689212,-0.46620825,,2019,0.54427101,2022,-0.42910755,127904.33095898,19.18564964,0.33016933,0.00047964,,,,,0.46466000,0.19867764
VT TQQQ/cash t40 w0-50 QQQ:VOL_EWMA80 gate QQQ<SMA200,sens,sens_2018-01-03,2018-01-03,2023-01-03,false,true,"{""*"": 6, ""BTAL"": 6, ""DBMF"": 2.5, ""KMLM"": 6, ""QQQ"": 1, ""SPY"": 0.7, ""TQQQ"": 1.5}",0.03000000,tests/data/2026-08-20-net15,,0.40000000,0.50000000,QQQ<SMA200,0.04408929,0.37276358,0.04409213,0.37276358,57856.53216071,40000.00000000,17856.53216071,0.44641330,0.14307124,0.11998576,0.61482405,0.28392451,0.82721839,0.39022659,-0.36663631,,2019,0.48726809,2022,-0.34065303,64160.17690205,9.62402654,0.16185145,0.00024060,,,,,0.42077088,0.12723642
VT TQQQ/cash t40 w0-60 QQQ:VOL_EWMA80,sens,sens_2018-01-03,2018-01-03,2023-01-03,false,true,"{""*"": 6, ""BTAL"": 6, ""DBMF"": 2.5, ""KMLM"": 6, ""QQQ"": 1, ""SPY"": 0.7, ""TQQQ"": 1.5}",0.03000000,tests/data/2026-08-20-net15,,0.40000000,0.60000000,,0.00018094,0.00047024,0.00018673,0.00047173,52522.50247310,40000.00000000,12522.50247310,0.31306256,0.12431200,0.08828952,0.51271099,0.34796805,0.69131191,0.25177212,-0.49374808,,2019,0.62883779,2022,-0.45498271,175985.00113590,26.39775017,0.42790569,0.00065994,,,,,0.52673118,0.19888933
VT TQQQ/cash t40 w0-60 QQQ:VOL_EWMA80 gate QQQ<SMA200,sens,sens_2018-01-03,2018-01-03,2023-01-03,false,true,"{""*"": 6, ""BTAL"": 6, ""DBMF"": 2.5, ""KMLM"": 6, ""QQQ"": 1, ""SPY"": 0.7, ""TQQQ"": 1.5}",0.03000000,tests/data/2026-08-20-net15,,0.40000000,0.60000000,QQQ<SMA200,0.04623118,0.41842579,0.04623502,0.41842579,62060.99728296,40000.00000000,22060.99728296,0.55152493,0.16581650,0.14311519,0.64339633,0.31838814,0.86440577,0.42532865,-0.38985500,,2019,0.56261264,2022,-0.36061197,101481.28881289,15.22219332,0.24052848,0.00038055,,,,,0.48068289,0.12813000
VT TQQQ/cash t40 w0-70 QQQ:VOL_EWMA80,sens,sens_2018-01-03,2018-01-03,2023-01-03,false,false,"{""*"": 6, ""BTAL"": 6, ""DBMF"": 2.5, ""KMLM"": 6, ""QQQ"": 1, ""SPY"": 0.7, ""TQQQ"": 1.5}",0.03000000,tests/data/2026-08-20-net15,,0.40000000,0.70000000,,0.00014939,0.00036397,0.00015488,0.00036457,54615.25859835,40000.00000000,14615.25859835,0.36538146,0.13803046,0.10106751,0.53371529,0.37768507,0.71702561,0.26903316,-0.51306115,,2019,0.70631741,2022,-0.47168826,237037.22586523,35.55558388,0.55395333,0.00088889,,,,,0.57975300,0.19885149
VT TQQQ/cash t40 w0-70 QQQ:VOL_EWMA80 gate QQQ<SMA200,sens,sens_2018-01-03,2018-01-03,2023-01-03,false,true,"{""*"": 6, ""BTAL"": 6, ""DBMF"": 2.5, ""KMLM"": 6, ""QQQ"": 1, ""SPY"": 0.7, ""TQQQ"": 1.5}",0.03000000,tests/data/2026-08-20-net15,,0.40000000,0.70000000,QQQ<SMA200,0.04614745,0.41790536,0.04615150,0.41790536,64524.67403702,40000.00000000,24524.67403702,0.61311685,0.17990365,0.15600654,0.64999045,0.35063453,0.87014508,0.43522760,-0.41335534,,2019,0.63708757,2022,-0.38042440,159841.66629599,23.97624994,0.36416174,0.00059941,,,,,0.53375638,0.12865042
VT TQQQ/cash t40 w0-80 QQQ:VOL_EWMA80,sens,sens_2018-01-03,2018-01-03,2023-01-03,false,false,"{""*"": 6, ""BTAL"": 6, ""DBMF"": 2.5, ""KMLM"": 6, ""QQQ"": 1, ""SPY"": 0.7, ""TQQQ"": 1.5}",0.03000000,tests/data/2026-08-20-net15,,0.40000000,0.80000000,,0.00016174,0.00055564,0.00017019,0.00055635,54864.90412640,40000.00000000,14864.90412640,0.37162260,0.14131206,0.10256121,0.53170062,0.40578023,0.71174651,0.26558245,-0.53208360,,2019,0.76873874,2022,-0.48834320,319554.62277016,47.93319342,0.73328040,0.00119833,,,,,0.62520316,0.19880902
VT TQQQ/cash t40 w0-80 QQQ:VOL_EWMA80 gate QQQ<SMA200,sens,sens_2018-01-03,2018-01-03,2023-01-03,false,true,"{""*"": 6, ""BTAL"": 6, ""DBMF"": 2.5, ""KMLM"": 6, ""QQQ"": 1, ""SPY"": 0.7, ""TQQQ"": 1.5}",0.03000000,tests/data/2026-08-20-net15,,0.40000000,0.80000000,QQQ<SMA200,0.04616738,0.41783553,0.04617411,0.41783553,64812.66258910,40000.00000000,24812.66258910,0.62031656,0.18325466,0.15748387,0.63574082,0.38072282,0.84805973,0.41995656,-0.43636575,,2019,0.69654945,2022,-0.40008812,242469.70241451,36.37045536,0.54257510,0.00090926,,,,,0.57919923,0.12872025
50/50,sens,sens_2018-01-03,2018-01-03,2023-01-03,true,true,"{""*"": 6, ""BTAL"": 6, ""DBMF"": 2.5, ""KMLM"": 6, ""QQQ"": 1, ""SPY"": 0.7, ""TQQQ"": 1.5}",0.03000000,tests/data/2026-08-20-net15,,,,,0.00049550,0.00146248,0.00038335,0.00116720,51897.71372891,40000.00000000,11897.71372891,0.29744284,0.12926781,0.08438241,0.53051464,0.33767552,0.73267123,0.28856216,-0.44797215,,2019,0.61007582,2022,-0.42561858,236403.99578905,89.86672354,0.57402020,0.00224667,0.49966552,0.49883280,,,0.49981912,0.49951234
TQQQ50/BTAL50 gate QQQ<SMA200,sens,sens_2018-01-03,2018-01-03,2023-01-03,true,true,"{""*"": 6, ""BTAL"": 6, ""DBMF"": 2.5, ""KMLM"": 6, ""QQQ"": 1, ""SPY"": 0.7, ""TQQQ"": 1.5}",0.03000000,tests/data/2026-08-20-net15,,,,,0.06207104,0.36788289,0.06198501,0.36788536,61048.79126587,40000.00000000,21048.79126587,0.52621978,0.16208199,0.13768202,0.66143491,0.29285008,0.90829695,0.42971118,-0.37718820,138,2019,0.49410188,2022,-0.28291798,130322.54550935,52.30144402,0.32780423,0.00130754,0.56138409,0.49889778,,,0.43816592,0.13211464
SPY benchmark,sens,sens_2018-01-03,2018-01-03,2023-01-03,true,true,"{""*"": 6, ""BTAL"": 6, ""DBMF"": 2.5, ""KMLM"": 6, ""QQQ"": 1, ""SPY"": 0.7, ""TQQQ"": 1.5}",0.03000000,tests/data/2026-08-20-net15,,,,,0.00599019,0.01202681,0.00599144,0.01202812,50772.82943411,40000.00000000,10772.82943411,0.26932074,0.08572069,0.07723556,0.49193175,0.21439699,0.67745590,0.25514055,-0.33597439,173,2019,0.30575270,2022,-0.18346109,39839.06163598,2.78873431,0.12439080,0.00006972,,,0.99400856,0.98797188,,
VT TQQQ/BTAL t25 w0-50 QQQ:VOL_EWMA80,sens,sens_2018-07-03,2018-07-03,2023-07-03,false,true,"{""*"": 6, ""BTAL"": 6, ""DBMF"": 2.5, ""KMLM"": 6, ""QQQ"": 1, ""SPY"": 0.7, ""TQQQ"": 1.5}",0.03000000,tests/data/2026-08-20-net15,BTAL,0.25000000,0.50000000,,0.00055663,0.00171888,0.00044043,0.00158065,66094.24493381,40000.00000000,26094.24493381,0.65235612,0.16666418,0.16414020,0.79531740,0.22683691,1.10077392,0.60724604,-0.27445907,530,2019,0.44562090,2022,-0.23098593,312558.67715258,118.41080527,0.91502791,0.00296027,0.61098273,0.49885817,,,0.38843068,0.12412731
VT TQQQ/BTAL t25 w0-50 QQQ:VOL_EWMA80 gate QQQ<SMA200,sens,sens_2018-07-03,2018-07-03,2023-07-03,false,true,"{""*"": 6, ""BTAL"": 6, ""DBMF"": 2.5, ""KMLM"": 6, ""QQQ"": 1, ""SPY"": 0.7, ""TQQQ"": 1.5}",0.03000000,tests/data/2026-08-20-net15,BTAL,0.25000000,0.50000000,QQQ<SMA200,0.03235505,0.27967309,0.03225827,0.27967601,65343.01517791,40000.00000000,25343.01517791,0.63357538,0.16539212,0.16033972,0.80241708,0.22215924,1.10843087,0.65083603,-0.25412257,362,2019,0.39484071,2022,-0.14838894,259334.45037593,100.28160277,0.75174652,0.00250704,0.64286994,0.49885817,,,0.35657485,0.06192136
VT TQQQ/BTAL t25 w0-60 QQQ:VOL_EWMA80,sens,sens_2018-07-03,2018-07-03,2023-07-03,false,true,"{""*"": 6, ""BTAL"": 6, ""DBMF"": 2.5, ""KMLM"": 6, ""QQQ"": 1, ""SPY"": 0.7, ""TQQQ"": 1.5}",0.03000000,tests/data/2026-08-20-net15,BTAL,0.25000000,0.60000000,,0.00055696,0.00176450,0.00044252,0.00147632,66686.75363568,40000.00000000,26686.75363568,0.66716884,0.16597855,0.16710994,0.75294019,0.24436688,1.03541370,0.59962552,-0.27680368,530,2019,0.46517023,2022,-0.23346677,380388.09301623,143.46811639,1.11076542,0.00358670,0.57993608,0.39862783,,,0.41947046,0.12428833
VT TQQQ/BTAL t25 w0-60 QQQ:VOL_EWMA80 gate QQQ<SMA200,sens,sens_2018-07-03,2018-07-03,2023-07-03,false,true,"{""*"": 6, ""BTAL"": 6, ""DBMF"": 2.5, ""KMLM"": 6, ""QQQ"": 1, ""SPY"": 0.7, ""TQQQ"": 1.5}",0.03000000,tests/data/2026-08-20-net15,BTAL,0.25000000,0.60000000,QQQ<SMA200,0.03232928,0.27959979,0.03223599,0.27960268,65919.20424636,40000.00000000,25919.20424636,0.64798011,0.16464643,0.16325821,0.75747977,0.23999122,1.03971981,0.65651432,-0.25078879,355,2019,0.41347615,2022,-0.15121557,326793.12218797,125.19038829,0.94496300,0.00312976,0.61191524,0.39873839,,,0.38757999,0.06199469
VT TQQQ/BTAL t25 w0-70 QQQ:VOL_EWMA80,sens,sens_2018-07-03,2018-07-03,2023-07-03,false,true,"{""*"": 6, ""BTAL"": 6, ""DBMF"": 2.5, ""KMLM"": 6, ""QQQ"": 1, ""SPY"": 0.7, ""TQQQ"": 1.5}",0.03000000,tests/data/2026-08-20-net15,BTAL,0.25000000,0.70000000,,0.00055223,0.00127805,0.00043493,0.00123638,66130.55935006,40000.00000000,26130.55935006,0.65326398,0.15808054,0.16432291,0.69807375,0.25925137,0.95442089,0.56190433,-0.28132999,571,2019,0.46957586,2022,-0.23325163,460994.37790083,173.01286402,1.36511593,0.00432532,0.55766438,0.29899496,,,0.44173763,0.12412348
VT TQQQ/BTAL t25 w0-70 QQQ:VOL_EWMA80 gate QQQ<SMA200,sens,sens_2018-07-03,2018-07-03,2023-07-03,false,true,"{""*"": 6, ""BTAL"": 6, ""DBMF"": 2.5, ""KMLM"": 6, ""QQQ"": 1, ""SPY"": 0.7, ""TQQQ"": 1.5}",0.03000000,tests/data/2026-08-20-net15,BTAL,0.25000000,0.70000000,QQQ<SMA200,0.03244733,0.27968619,0.03236263,0.27968921,65358.06644906,40000.00000000,25358.06644906,0.63395166,0.15668490,0.16041626,0.70043286,0.25514552,0.95589577,0.61683793,-0.25401307,337,2019,0.41698916,2022,-0.15097648,407842.37044933,154.87216725,1.19612285,0.00387180,0.58961248,0.29867941,,,0.40979969,0.06190815
VT TQQQ/BTAL t25 w0-80 QQQ:VOL_EWMA80,sens,sens_2018-07-03,2018-07-03,2023-07-03,false,true,"{""*"": 6, ""BTAL"": 6, ""DBMF"": 2.5, ""KMLM"": 6, ""QQQ"": 1, ""SPY"": 0.7, ""TQQQ"": 1.5}",0.03000000,tests/data/2026-08-20-net15,BTAL,0.25000000,0.80000000,,0.00059888,0.00179921,0.00048581,0.00148081,65856.82497763,40000.00000000,25856.82497763,0.64642062,0.15024677,0.16294338,0.65219492,0.27259167,0.88766565,0.51340271,-0.29264896,455,2019,0.45651825,2022,-0.23343392,509508.06944521,190.94972671,1.53109662,0.00477374,0.54192117,0.19882386,,,0.45742709,0.12427752
VT TQQQ/BTAL t25 w0-80 QQQ:VOL_EWMA80 gate QQQ<SMA200,sens,sens_2018-07-03,2018-07-03,2023-07-03,false,true,"{""*"": 6, ""BTAL"": 6, ""DBMF"": 2.5, ""KMLM"": 6, ""QQQ"": 1, ""SPY"": 0.7, ""TQQQ"": 1.5}",0.03000000,tests/data/2026-08-20-net15,BTAL,0.25000000,0.80000000,QQQ<SMA200,0.03245781,0.27974846,0.03238956,0.27975138,65092.03868427,40000.00000000,25092.03868427,0.62730097,0.14889696,0.15906111,0.65337377,0.26867847,0.88769468,0.56038070,-0.26570679,470,2019,0.40424880,2022,-0.15092600,456678.74394098,172.96712465,1.35894593,0.00432418,0.57399245,0.19882386,,,0.42543195,0.06184599
VT TQQQ/BTAL t30 w0-50 QQQ:VOL_EWMA80,sens,sens_2018-07-03,2018-07-03,2023-07-03,false,true,"{""*"": 6, ""BTAL"": 6, ""DBMF"": 2.5, ""KMLM"": 6, ""QQQ"": 1, ""SPY"": 0.7, ""TQQQ"": 1.5}",0.03000000,tests/data/2026-08-20-net15,BTAL,0.30000000,0.50000000,,0.00053087,0.00138805,0.00041447,0.00140677,71848.20856773,40000.00000000,31848.20856773,0.79620521,0.19176537,0.19200824,0.83400236,0.24791968,1.16392453,0.59519129,-0.32219115,530,2019,0.48803807,2022,-0.27997787,296544.37867488,112.81771867,0.82948413,0.00282044,0.57615928,0.49880695,,,0.42328250,0.14903861
VT TQQQ/BTAL t30 w0-50 QQQ:VOL_EWMA80 gate QQQ<SMA200,sens,sens_2018-07-03,2018-07-03,2023-07-03,false,true,"{""*"": 6, ""BTAL"": 6, ""DBMF"": 2.5, ""KMLM"": 6, ""QQQ"": 1, ""SPY"": 0.7, ""TQQQ"": 1.5}",0.03000000,tests/data/2026-08-20-net15,BTAL,0.30000000,0.50000000,QQQ<SMA200,0.03800262,0.33204528,0.03791757,0.33204819,71377.51079867,40000.00000000,31377.51079867,0.78443777,0.19231785,0.18980628,0.86496138,0.23633704,1.20581744,0.76719816,-0.25067559,140,2019,0.42738007,2022,-0.18350428,231639.16349565,90.29183622,0.63863074,0.00225730,0.61377359,0.49880695,,,0.38573356,0.07786865
VT TQQQ/BTAL t30 w0-60 QQQ:VOL_EWMA80,sens,sens_2018-07-03,2018-07-03,2023-07-03,false,true,"{""*"": 6, ""BTAL"": 6, ""DBMF"": 2.5, ""KMLM"": 6, ""QQQ"": 1, ""SPY"": 0.7, ""TQQQ"": 1.5}",0.03000000,tests/data/2026-08-20-net15,BTAL,0.30000000,0.60000000,,0.00053284,0.00186343,0.00043203,0.00168666,72412.22932383,40000.00000000,32412.22932383,0.81030573,0.19433860,0.19462960,0.78761552,0.27409476,1.08319685,0.56214575,-0.34570857,533,2019,0.53943281,2022,-0.30488853,389106.35194401,146.52452882,1.07716319,0.00366311,0.53324158,0.39831334,,,0.46619113,0.14906678
VT TQQQ/BTAL t30 w0-60 QQQ:VOL_EWMA80 gate QQQ<SMA200,sens,sens_2018-07-03,2018-07-03,2023-07-03,false,true,"{""*"": 6, ""BTAL"": 6, ""DBMF"": 2.5, ""KMLM"": 6, ""QQQ"": 1, ""SPY"": 0.7, ""TQQQ"": 1.5}",0.03000000,tests/data/2026-08-20-net15,BTAL,0.30000000,0.60000000,QQQ<SMA200,0.03800978,0.33189436,0.03791267,0.33189716,71937.48703209,40000.00000000,31937.48703209,0.79843718,0.19487609,0.19242441,0.80984433,0.26365954,1.11153483,0.71294006,-0.27334148,533,2019,0.47626306,2022,-0.21193621,323928.64671440,123.91381644,0.88403992,0.00309785,0.57079567,0.39831334,,,0.42865121,0.07801968
VT TQQQ/BTAL t30 w0-70 QQQ:VOL_EWMA80,sens,sens_2018-07-03,2018-07-03,2023-07-03,false,true,"{""*"": 6, ""BTAL"": 6, ""DBMF"": 2.5, ""KMLM"": 6, ""QQQ"": 1, ""SPY"": 0.7, ""TQQQ"": 1.5}",0.03000000,tests/data/2026-08-20-net15,BTAL,0.30000000,0.70000000,,0.00057504,0.00178456,0.00046268,0.00149126,73154.92634086,40000.00000000,33154.92634086,0.82887316,0.19379686,0.19805327,0.75363891,0.29310668,1.03129037,0.54913871,-0.35291058,,2019,0.55916119,2022,-0.30744206,468709.02230662,175.83838621,1.29292035,0.00439596,0.50122918,0.29882390,,,0.49815412,0.14900806
VT TQQQ/BTAL t30 w0-70 QQQ:VOL_EWMA80 gate QQQ<SMA200,sens,sens_2018-07-03,2018-07-03,2023-07-03,false,true,"{""*"": 6, ""BTAL"": 6, ""DBMF"": 2.5, ""KMLM"": 6, ""QQQ"": 1, ""SPY"": 0.7, ""TQQQ"": 1.5}",0.03000000,tests/data/2026-08-20-net15,BTAL,0.30000000,0.70000000,QQQ<SMA200,0.03797514,0.33179708,0.03791374,0.33179985,72679.45439494,40000.00000000,32679.45439494,0.81698636,0.19433044,0.19586510,0.77116947,0.28338657,1.05313948,0.69000521,-0.28163619,,2019,0.49484291,2022,-0.21515146,402808.86638240,152.90079670,1.09529182,0.00382252,0.53885243,0.29890049,,,0.46065980,0.07811699
VT TQQQ/BTAL t30 w0-80 QQQ:VOL_EWMA80,sens,sens_2018-07-03,2018-07-03,2023-07-03,false,true,"{""*"": 6, ""BTAL"": 6, ""DBMF"": 2.5, ""KMLM"": 6, ""QQQ"": 1, ""SPY"": 0.7, ""TQQQ"": 1.5}",0.03000000,tests/data/2026-08-20-net15,BTAL,0.30000000,0.80000000,,0.00051885,0.00155752,0.00042916,0.00132379,72253.12256496,40000.00000000,32253.12256496,0.80632806,0.18437636,0.19389201,0.70432228,0.30946964,0.95911932,0.51278164,-0.35956115,,2019,0.56235926,2022,-0.30743900,552044.46447477,206.57416495,1.54834033,0.00516435,0.47735169,0.19867621,,,0.52207851,0.14901340
VT TQQQ/BTAL t30 w0-80 QQQ:VOL_EWMA80 gate QQQ<SMA200,sens,sens_2018-07-03,2018-07-03,2023-07-03,false,true,"{""*"": 6, ""BTAL"": 6, ""DBMF"": 2.5, ""KMLM"": 6, ""QQQ"": 1, ""SPY"": 0.7, ""TQQQ"": 1.5}",0.03000000,tests/data/2026-08-20-net15,BTAL,0.30000000,0.80000000,QQQ<SMA200,0.03806452,0.33201791,0.03799399,0.33202072,71766.61647417,40000.00000000,31766.61647417,0.79416541,0.18485920,0.19162749,0.71792755,0.30025763,0.97555655,0.64007786,-0.28880736,,2019,0.49742272,2022,-0.21487472,487353.78412760,184.11164346,1.34757691,0.00460279,0.51498362,0.19867621,,,0.48446772,0.07789612
VT TQQQ/BTAL t35 w0-50 QQQ:VOL_EWMA80,sens,sens_2018-07-03,2018-07-03,2023-07-03,false,true,"{""*"": 6, ""BTAL"": 6, ""DBMF"": 2.5, ""KMLM"": 6, ""QQQ"": 1, ""SPY"": 0.7, ""TQQQ"": 1.5}",0.03000000,tests/data/2026-08-20-net15,BTAL,0.35000000,0.50000000,,0.00055108,0.00150079,0.00044263,0.00142457,73241.85296741,40000.00000000,33241.85296741,0.83104632,0.19845552,0.19845192,0.81161183,0.26810989,1.13484200,0.53901393,-0.36818254,535,2019,0.51805799,2022,-0.32762749,274608.58818283,104.51378312,0.75184166,0.00261284,0.55080939,0.49880695,,,0.44861429,0.17399296
VT TQQQ/BTAL t35 w0-50 QQQ:VOL_EWMA80 gate QQQ<SMA200,sens,sens_2018-07-03,2018-07-03,2023-07-03,false,true,"{""*"": 6, ""BTAL"": 6, ""DBMF"": 2.5, ""KMLM"": 6, ""QQQ"": 1, ""SPY"": 0.7, ""TQQQ"": 1.5}",0.03000000,tests/data/2026-08-20-net15,BTAL,0.35000000,0.50000000,QQQ<SMA200,0.04333669,0.38285353,0.04324168,0.38285632,73242.46597661,40000.00000000,33242.46597661,0.83106165,0.20139893,0.19845473,0.86497451,0.24856360,1.20923962,0.73152064,-0.27531545,535,2019,0.44795393,2022,-0.21916123,199805.00656720,78.16996029,0.53654098,0.00195425,0.59380370,0.49872698,,,0.40571163,0.09537999
VT TQQQ/BTAL t35 w0-60 QQQ:VOL_EWMA80,sens,sens_2018-07-03,2018-07-03,2023-07-03,false,true,"{""*"": 6, ""BTAL"": 6, ""DBMF"": 2.5, ""KMLM"": 6, ""QQQ"": 1, ""SPY"": 0.7, ""TQQQ"": 1.5}",0.03000000,tests/data/2026-08-20-net15,BTAL,0.35000000,0.60000000,,0.00050480,0.00193768,0.00039475,0.00168666,78729.01830424,40000.00000000,38729.01830424,0.96822546,0.21963592,0.22278936,0.81879159,0.29753503,1.13445378,0.56159358,-0.39109406,535,2019,0.58588399,2022,-0.35086578,360605.46796837,135.99650577,0.95294036,0.00339991,0.49765526,0.39831334,,,0.50180897,0.17384003
VT TQQQ/BTAL t35 w0-60 QQQ:VOL_EWMA80 gate QQQ<SMA200,sens,sens_2018-07-03,2018-07-03,2023-07-03,false,true,"{""*"": 6, ""BTAL"": 6, ""DBMF"": 2.5, ""KMLM"": 6, ""QQQ"": 1, ""SPY"": 0.7, ""TQQQ"": 1.5}",0.03000000,tests/data/2026-08-20-net15,BTAL,0.35000000,0.60000000,QQQ<SMA200,0.04335467,0.38251235,0.04325438,0.38251505,78711.61210175,40000.00000000,38711.61210175,0.96779030,0.22246370,0.22271461,0.86010104,0.28006765,1.19008862,0.72240216,-0.30794994,535,2019,0.51263633,2022,-0.24630692,283379.91731744,108.85852051,0.73477425,0.00272146,0.54053660,0.39831334,,,0.45891444,0.09572126
VT TQQQ/BTAL t35 w0-70 QQQ:VOL_EWMA80,sens,sens_2018-07-03,2018-07-03,2023-07-03,false,true,"{""*"": 6, ""BTAL"": 6, ""DBMF"": 2.5, ""KMLM"": 6, ""QQQ"": 1, ""SPY"": 0.7, ""TQQQ"": 1.5}",0.03000000,tests/data/2026-08-20-net15,BTAL,0.35000000,0.70000000,,0.00047709,0.00152101,0.00037984,0.00142140,78612.47751455,40000.00000000,38612.47751455,0.96531194,0.21886578,0.22228860,0.77464055,0.32491291,1.06084407,0.52603237,-0.41606904,,2019,0.63412759,2022,-0.37397849,472067.57082043,177.03308290,1.24128229,0.00442583,0.45554327,0.29873501,,,0.54394064,0.17401330
VT TQQQ/BTAL t35 w0-70 QQQ:VOL_EWMA80 gate QQQ<SMA200,sens,sens_2018-07-03,2018-07-03,2023-07-03,false,true,"{""*"": 6, ""BTAL"": 6, ""DBMF"": 2.5, ""KMLM"": 6, ""QQQ"": 1, ""SPY"": 0.7, ""TQQQ"": 1.5}",0.03000000,tests/data/2026-08-20-net15,BTAL,0.35000000,0.70000000,QQQ<SMA200,0.04341991,0.38255836,0.04330948,0.38256108,78563.13458269,40000.00000000,38563.13458269,0.96407836,0.22157843,0.22207638,0.80541730,0.30898367,1.10044736,0.65582438,-0.33786244,,2019,0.55822296,2022,-0.27325878,395642.32644020,150.17872590,1.02126365,0.00375447,0.49841624,0.29873501,,,0.50098910,0.09567524
VT TQQQ/BTAL t35 w0-80 QQQ:VOL_EWMA80,sens,sens_2018-07-03,2018-07-03,2023-07-03,false,true,"{""*"": 6, ""BTAL"": 6, ""DBMF"": 2.5, ""KMLM"": 6, ""QQQ"": 1, ""SPY"": 0.7, ""TQQQ"": 1.5}",0.03000000,tests/data/2026-08-20-net15,BTAL,0.35000000,0.80000000,,0.00055010,0.00200115,0.00044194,0.00156991,79360.10644265,40000.00000000,39360.10644265,0.98400266,0.21783405,0.22548953,0.74681351,0.34510328,1.01870880,0.51285888,-0.42474461,,2019,0.65400373,2022,-0.37690539,563363.69357562,210.73707370,1.47638118,0.00526843,0.42278673,0.19896433,,,0.57661615,0.17401167
VT TQQQ/BTAL t35 w0-80 QQQ:VOL_EWMA80 gate QQQ<SMA200,sens,sens_2018-07-03,2018-07-03,2023-07-03,false,true,"{""*"": 6, ""BTAL"": 6, ""DBMF"": 2.5, ""KMLM"": 6, ""QQQ"": 1, ""SPY"": 0.7, ""TQQQ"": 1.5}",0.03000000,tests/data/2026-08-20-net15,BTAL,0.35000000,0.80000000,QQQ<SMA200,0.04340212,0.38246203,0.04331330,0.38246472,79325.67579886,40000.00000000,39325.67579886,0.98314189,0.22058236,0.22534271,0.77215770,0.33015272,1.05080828,0.63434345,-0.34773333,,2019,0.57639959,2022,-0.27671516,486069.99420657,183.56624446,1.25031314,0.00458916,0.46576734,0.19874409,,,0.53368385,0.09577159
VT TQQQ/BTAL t40 w0-50 QQQ:VOL_EWMA80,sens,sens_2018-07-03,2018-07-03,2023-07-03,false,true,"{""*"": 6, ""BTAL"": 6, ""DBMF"": 2.5, ""KMLM"": 6, ""QQQ"": 1, ""SPY"": 0.7, ""TQQQ"": 1.5}",0.03000000,tests/data/2026-08-20-net15,BTAL,0.40000000,0.50000000,,0.00051731,0.00139491,0.00040036,0.00123251,71959.45125866,40000.00000000,31959.45125866,0.79898628,0.19419810,0.19252673,0.76537067,0.28623948,1.06902491,0.48476662,-0.40060121,,2019,0.53972945,2022,-0.36206625,256160.30014847,98.04619003,0.69746554,0.00245115,0.53285187,0.49880695,,,0.46660703,0.19883232
VT TQQQ/BTAL t40 w0-50 QQQ:VOL_EWMA80 gate QQQ<SMA200,sens,sens_2018-07-03,2018-07-03,2023-07-03,false,true,"{""*"": 6, ""BTAL"": 6, ""DBMF"": 2.5, ""KMLM"": 6, ""QQQ"": 1, ""SPY"": 0.7, ""TQQQ"": 1.5}",0.03000000,tests/data/2026-08-20-net15,BTAL,0.40000000,0.50000000,QQQ<SMA200,0.04620172,0.38590408,0.04612722,0.38590692,72539.87013609,40000.00000000,32539.87013609,0.81349675,0.19980904,0.19522025,0.83347168,0.25981539,1.16408009,0.65882507,-0.30328088,,2019,0.46801119,2022,-0.25429850,179724.28951184,71.01365896,0.47872397,0.00177534,0.57868425,0.49874240,,,0.42084160,0.11409308
VT TQQQ/BTAL t40 w0-60 QQQ:VOL_EWMA80,sens,sens_2018-07-03,2018-07-03,2023-07-03,false,true,"{""*"": 6, ""BTAL"": 6, ""DBMF"": 2.5, ""KMLM"": 6, ""QQQ"": 1, ""SPY"": 0.7, ""TQQQ"": 1.5}",0.03000000,tests/data/2026-08-20-net15,BTAL,0.40000000,0.60000000,,0.00055751,0.00186343,0.00043011,0.00168666,81177.28894084,40000.00000000,41177.28894084,1.02943222,0.22932041,0.23315800,0.80810495,0.31982235,1.12369991,0.52721061,-0.43496926,,2023,0.63788459,2022,-0.39556204,332974.75404690,125.84986487,0.85765676,0.00314625,0.47005298,0.39831334,,,0.52936097,0.19881416
VT TQQQ/BTAL t40 w0-60 QQQ:VOL_EWMA80 gate QQQ<SMA200,sens,sens_2018-07-03,2018-07-03,2023-07-03,false,true,"{""*"": 6, ""BTAL"": 6, ""DBMF"": 2.5, ""KMLM"": 6, ""QQQ"": 1, ""SPY"": 0.7, ""TQQQ"": 1.5}",0.03000000,tests/data/2026-08-20-net15,BTAL,0.40000000,0.60000000,QQQ<SMA200,0.04844018,0.43167381,0.04833449,0.43167648,81904.92724732,40000.00000000,41904.92724732,1.04762318,0.23539084,0.23618543,0.86773416,0.29457719,1.20579673,0.69676308,-0.33783484,,2019,0.53615948,2022,-0.28046504,246472.78066844,95.22836479,0.61933199,0.00238071,0.51805116,0.39831334,,,0.48140247,0.11487930
VT TQQQ/BTAL t40 w0-70 QQQ:VOL_EWMA80,sens,sens_2018-07-03,2018-07-03,2023-07-03,false,true,"{""*"": 6, ""BTAL"": 6, ""DBMF"": 2.5, ""KMLM"": 6, ""QQQ"": 1, ""SPY"": 0.7, ""TQQQ"": 1.5}",0.03000000,tests/data/2026-08-20-net15,BTAL,0.40000000,0.70000000,,0.00049648,0.00152101,0.00040464,0.00140219,85360.26834964,40000.00000000,45360.26834964,1.13400671,0.24385762,0.25024051,0.80161397,0.34995926,1.10532950,0.53345391,-0.45712969,,2023,0.68811239,2022,-0.41708760,435837.06127711,163.53311418,1.09399499,0.00408833,0.41922861,0.29873501,,,0.58023981,0.19876784
VT TQQQ/BTAL t40 w0-70 QQQ:VOL_EWMA80 gate QQQ<SMA200,sens,sens_2018-07-03,2018-07-03,2023-07-03,false,true,"{""*"": 6, ""BTAL"": 6, ""DBMF"": 2.5, ""KMLM"": 6, ""QQQ"": 1, ""SPY"": 0.7, ""TQQQ"": 1.5}",0.03000000,tests/data/2026-08-20-net15,BTAL,0.40000000,0.70000000,QQQ<SMA200,0.04841032,0.43147969,0.04833083,0.43148230,86104.06433114,40000.00000000,46104.06433114,1.15260161,0.24984661,0.25319921,0.84869807,0.32706545,1.16813811,0.67593140,-0.36963309,,2019,0.59859258,2022,-0.30620893,347578.40136846,132.19895479,0.85145449,0.00330497,0.46726050,0.29873501,,,0.53225194,0.11507348
VT TQQQ/BTAL t40 w0-80 QQQ:VOL_EWMA80,sens,sens_2018-07-03,2018-07-03,2023-07-03,false,true,"{""*"": 6, ""BTAL"": 6, ""DBMF"": 2.5, ""KMLM"": 6, ""QQQ"": 1, ""SPY"": 0.7, ""TQQQ"": 1.5}",0.03000000,tests/data/2026-08-20-net15,BTAL,0.40000000,0.80000000,,0.00051230,0.00181710,0.00040809,0.00161512,84457.70933396,40000.00000000,44457.70933396,1.11144273,0.23971427,0.24661912,0.76083787,0.37814911,1.03939026,0.49660844,-0.48270278,,2019,0.72960127,2022,-0.43876096,560675.96992021,209.47122100,1.40782668,0.00523678,0.37778692,0.19884891,,,0.62165722,0.19883089
VT TQQQ/BTAL t40 w0-80 QQQ:VOL_EWMA80 gate QQQ<SMA200,sens,sens_2018-07-03,2018-07-03,2023-07-03,false,true,"{""*"": 6, ""BTAL"": 6, ""DBMF"": 2.5, ""KMLM"": 6, ""QQQ"": 1, ""SPY"": 0.7, ""TQQQ"": 1.5}",0.03000000,tests/data/2026-08-20-net15,BTAL,0.40000000,0.80000000,QQQ<SMA200,0.04846590,0.43160824,0.04837420,0.43161089,85182.40051899,40000.00000000,45182.40051899,1.12956001,0.24567814,0.24952956,0.79745611,0.35708504,1.08660050,0.61426405,-0.39995527,,2019,0.64041202,2022,-0.33191696,474122.66356319,178.83546623,1.16233805,0.00447089,0.42579760,0.19884891,,,0.57366005,0.11494489
VT TQQQ/cash t25 w0-50 QQQ:VOL_EWMA80,sens,sens_2018-07-03,2018-07-03,2023-07-03,false,true,"{""*"": 6, ""BTAL"": 6, ""DBMF"": 2.5, ""KMLM"": 6, ""QQQ"": 1, ""SPY"": 0.7, ""TQQQ"": 1.5}",0.03000000,tests/data/2026-08-20-net15,,0.25000000,0.50000000,,0.00020225,0.00053509,0.00020802,0.00053610,71996.24962169,40000.00000000,31996.24962169,0.79990624,0.18759759,0.19269808,0.81663680,0.24940796,1.11274194,0.52239533,-0.35911038,,2019,0.46664923,2022,-0.31991878,161012.59594890,24.15188939,0.44665939,0.00060380,,,,,0.38845351,0.12412253
VT TQQQ/cash t25 w0-50 QQQ:VOL_EWMA80 gate QQQ<SMA200,sens,sens_2018-07-03,2018-07-03,2023-07-03,false,true,"{""*"": 6, ""BTAL"": 6, ""DBMF"": 2.5, ""KMLM"": 6, ""QQQ"": 1, ""SPY"": 0.7, ""TQQQ"": 1.5}",0.03000000,tests/data/2026-08-20-net15,,0.25000000,0.50000000,QQQ<SMA200,0.03127282,0.27289147,0.03127732,0.27289147,72706.97787243,40000.00000000,32706.97787243,0.81767445,0.19197051,0.19599211,0.87861123,0.23096453,1.19050965,0.67869055,-0.28285426,,2019,0.42432130,2022,-0.25051075,131651.21541556,19.74768231,0.36004015,0.00049369,,,,,0.35738421,0.06870589
VT TQQQ/cash t25 w0-60 QQQ:VOL_EWMA80,sens,sens_2018-07-03,2018-07-03,2023-07-03,false,true,"{""*"": 6, ""BTAL"": 6, ""DBMF"": 2.5, ""KMLM"": 6, ""QQQ"": 1, ""SPY"": 0.7, ""TQQQ"": 1.5}",0.03000000,tests/data/2026-08-20-net15,,0.25000000,0.60000000,,0.00018650,0.00051324,0.00019383,0.00052451,73510.50146343,40000.00000000,33510.50146343,0.83776254,0.19225412,0.19968125,0.79653480,0.26610263,1.08191255,0.52547528,-0.36586711,,2019,0.50252472,2022,-0.32165578,202260.32203388,30.33904831,0.55222614,0.00075848,,,,,0.41948785,0.12422939
VT TQQQ/cash t25 w0-60 QQQ:VOL_EWMA80 gate QQQ<SMA200,sens,sens_2018-07-03,2018-07-03,2023-07-03,false,true,"{""*"": 6, ""BTAL"": 6, ""DBMF"": 2.5, ""KMLM"": 6, ""QQQ"": 1, ""SPY"": 0.7, ""TQQQ"": 1.5}",0.03000000,tests/data/2026-08-20-net15,,0.25000000,0.60000000,QQQ<SMA200,0.03120293,0.27259105,0.03120902,0.27259105,74199.30764969,40000.00000000,34199.30764969,0.85498269,0.19644926,0.20281473,0.84787410,0.24892191,1.14560738,0.67569250,-0.29073766,,2019,0.45854469,2022,-0.25283521,171965.00711400,25.79475107,0.46299064,0.00064487,,,,,0.38847266,0.06900632
VT TQQQ/cash t25 w0-70 QQQ:VOL_EWMA80,sens,sens_2018-07-03,2018-07-03,2023-07-03,false,true,"{""*"": 6, ""BTAL"": 6, ""DBMF"": 2.5, ""KMLM"": 6, ""QQQ"": 1, ""SPY"": 0.7, ""TQQQ"": 1.5}",0.03000000,tests/data/2026-08-20-net15,,0.25000000,0.70000000,,0.00018725,0.00061904,0.00019566,0.00062860,73465.10933691,40000.00000000,33465.10933691,0.83662773,0.18818012,0.19947382,0.75906674,0.27966392,1.02803115,0.50831460,-0.37020405,,2019,0.51425489,2022,-0.32156464,251075.14789586,37.66127218,0.68866594,0.00094153,,,,,0.44179977,0.12417844
VT TQQQ/cash t25 w0-70 QQQ:VOL_EWMA80 gate QQQ<SMA200,sens,sens_2018-07-03,2018-07-03,2023-07-03,false,true,"{""*"": 6, ""BTAL"": 6, ""DBMF"": 2.5, ""KMLM"": 6, ""QQQ"": 1, ""SPY"": 0.7, ""TQQQ"": 1.5}",0.03000000,tests/data/2026-08-20-net15,,0.25000000,0.70000000,QQQ<SMA200,0.03129992,0.27269825,0.03130800,0.27269825,74147.92167145,40000.00000000,34147.92167145,0.85369804,0.19233327,0.20258188,0.80257138,0.26333606,1.08147895,0.65081115,-0.29552854,,2019,0.46964976,2022,-0.25263622,221097.73562375,33.16466034,0.59807947,0.00082912,,,,,0.41068743,0.06889912
VT TQQQ/cash t25 w0-80 QQQ:VOL_EWMA80,sens,sens_2018-07-03,2018-07-03,2023-07-03,false,true,"{""*"": 6, ""BTAL"": 6, ""DBMF"": 2.5, ""KMLM"": 6, ""QQQ"": 1, ""SPY"": 0.7, ""TQQQ"": 1.5}",0.03000000,tests/data/2026-08-20-net15,,0.25000000,0.80000000,,0.00020949,0.00052902,0.00021971,0.00054438,73781.91066415,40000.00000000,33781.91066415,0.84454777,0.18447994,0.20091909,0.72943439,0.29143150,0.98584269,0.49814033,-0.37033730,,2019,0.50866717,2022,-0.32173708,281292.11058971,42.19381659,0.77495772,0.00105485,,,,,0.45744312,0.12408270
VT TQQQ/cash t25 w0-80 QQQ:VOL_EWMA80 gate QQQ<SMA200,sens,sens_2018-07-03,2018-07-03,2023-07-03,false,true,"{""*"": 6, ""BTAL"": 6, ""DBMF"": 2.5, ""KMLM"": 6, ""QQQ"": 1, ""SPY"": 0.7, ""TQQQ"": 1.5}",0.03000000,tests/data/2026-08-20-net15,,0.25000000,0.80000000,QQQ<SMA200,0.03122391,0.27254657,0.03123334,0.27254657,74480.49875541,40000.00000000,34480.49875541,0.86201247,0.18867055,0.20408635,0.76744755,0.27584637,1.03223857,0.63815854,-0.29564839,,2019,0.46421815,2022,-0.25280484,251010.14020088,37.65152103,0.68184570,0.00094129,,,,,0.42642949,0.06905079
VT TQQQ/cash t30 w0-50 QQQ:VOL_EWMA80,sens,sens_2018-07-03,2018-07-03,2023-07-03,false,true,"{""*"": 6, ""BTAL"": 6, ""DBMF"": 2.5, ""KMLM"": 6, ""QQQ"": 1, ""SPY"": 0.7, ""TQQQ"": 1.5}",0.03000000,tests/data/2026-08-20-net15,,0.30000000,0.50000000,,0.00019132,0.00045048,0.00019621,0.00045261,76458.06495959,40000.00000000,36458.06495959,0.91145162,0.20537323,0.21290872,0.81912361,0.27508504,1.12575616,0.51505764,-0.39873834,,2023,0.54898681,2022,-0.36049437,145778.14827052,21.86672224,0.39127442,0.00054667,,,,,0.42330661,0.14903886
VT TQQQ/cash t30 w0-50 QQQ:VOL_EWMA80 gate QQQ<SMA200,sens,sens_2018-07-03,2018-07-03,2023-07-03,false,true,"{""*"": 6, ""BTAL"": 6, ""DBMF"": 2.5, ""KMLM"": 6, ""QQQ"": 1, ""SPY"": 0.7, ""TQQQ"": 1.5}",0.03000000,tests/data/2026-08-20-net15,,0.30000000,0.50000000,QQQ<SMA200,0.03673112,0.32355343,0.03673522,0.32355343,77668.39003357,40000.00000000,37668.39003357,0.94170975,0.21186734,0.21820713,0.89381777,0.25104150,1.22206774,0.68159922,-0.31083860,,2019,0.44976206,2022,-0.28045562,110482.02416948,16.57230363,0.29116285,0.00041431,,,,,0.38676760,0.08636341
VT TQQQ/cash t30 w0-60 QQQ:VOL_EWMA80,sens,sens_2018-07-03,2018-07-03,2023-07-03,false,true,"{""*"": 6, ""BTAL"": 6, ""DBMF"": 2.5, ""KMLM"": 6, ""QQQ"": 1, ""SPY"": 0.7, ""TQQQ"": 1.5}",0.03000000,tests/data/2026-08-20-net15,,0.30000000,0.60000000,,0.00022756,0.00055418,0.00023444,0.00055503,78017.75598385,40000.00000000,38017.75598385,0.95044390,0.21306758,0.21972269,0.79678423,0.29995007,1.08565145,0.50583041,-0.42122334,,2019,0.56445204,2022,-0.37943342,202394.51943140,30.35917791,0.53189059,0.00075898,,,,,0.46615940,0.14896847
VT TQQQ/cash t30 w0-60 QQQ:VOL_EWMA80 gate QQQ<SMA200,sens,sens_2018-07-03,2018-07-03,2023-07-03,false,true,"{""*"": 6, ""BTAL"": 6, ""DBMF"": 2.5, ""KMLM"": 6, ""QQQ"": 1, ""SPY"": 0.7, ""TQQQ"": 1.5}",0.03000000,tests/data/2026-08-20-net15,,0.30000000,0.60000000,QQQ<SMA200,0.03670010,0.32351456,0.03670497,0.32351456,79260.29969304,40000.00000000,39260.29969304,0.98150749,0.21957347,0.22506379,0.85588486,0.27812810,1.15971297,0.64967401,-0.33797484,,2019,0.51130479,2022,-0.30178248,166965.75534197,25.04486330,0.43092543,0.00062612,,,,,0.42968887,0.08640227
VT TQQQ/cash t30 w0-70 QQQ:VOL_EWMA80,sens,sens_2018-07-03,2018-07-03,2023-07-03,false,true,"{""*"": 6, ""BTAL"": 6, ""DBMF"": 2.5, ""KMLM"": 6, ""QQQ"": 1, ""SPY"": 0.7, ""TQQQ"": 1.5}",0.03000000,tests/data/2026-08-20-net15,,0.30000000,0.70000000,,0.00019825,0.00066291,0.00020665,0.00067076,79793.24708896,40000.00000000,39793.24708896,0.99483118,0.21815663,0.22733160,0.78367641,0.31724278,1.06519548,0.51003507,-0.42772868,,2019,0.60237200,2022,-0.38154430,250953.56168580,37.64303425,0.64805059,0.00094108,,,,,0.49816547,0.14907368
VT TQQQ/cash t30 w0-70 QQQ:VOL_EWMA80 gate QQQ<SMA200,sens,sens_2018-07-03,2018-07-03,2023-07-03,false,true,"{""*"": 6, ""BTAL"": 6, ""DBMF"": 2.5, ""KMLM"": 6, ""QQQ"": 1, ""SPY"": 0.7, ""TQQQ"": 1.5}",0.03000000,tests/data/2026-08-20-net15,,0.30000000,0.70000000,QQQ<SMA200,0.03668813,0.32323408,0.03669417,0.32323408,81071.23229721,40000.00000000,41071.23229721,1.02678081,0.22468782,0.23271471,0.83481639,0.29665381,1.12883305,0.65036553,-0.34547929,,2019,0.54777000,2022,-0.30427418,214617.74304978,32.19266146,0.54423845,0.00080482,,,,,0.46167795,0.08668276
VT TQQQ/cash t30 w0-80 QQQ:VOL_EWMA80,sens,sens_2018-07-03,2018-07-03,2023-07-03,false,true,"{""*"": 6, ""BTAL"": 6, ""DBMF"": 2.5, ""KMLM"": 6, ""QQQ"": 1, ""SPY"": 0.7, ""TQQQ"": 1.5}",0.03000000,tests/data/2026-08-20-net15,,0.30000000,0.80000000,,0.00019222,0.00053111,0.00020241,0.00054833,79566.41446447,40000.00000000,39566.41446447,0.98916036,0.21339118,0.22636805,0.75215374,0.33162860,1.01974583,0.49390090,-0.43205263,,2019,0.61785181,2022,-0.38146109,301431.77778479,45.21476667,0.78271466,0.00113037,,,,,0.52209197,0.14902705
VT TQQQ/cash t30 w0-80 QQQ:VOL_EWMA80 gate QQQ<SMA200,sens,sens_2018-07-03,2018-07-03,2023-07-03,false,true,"{""*"": 6, ""BTAL"": 6, ""DBMF"": 2.5, ""KMLM"": 6, ""QQQ"": 1, ""SPY"": 0.7, ""TQQQ"": 1.5}",0.03000000,tests/data/2026-08-20-net15,,0.30000000,0.80000000,QQQ<SMA200,0.03668350,0.32322516,0.03669152,0.32322516,80790.46127959,40000.00000000,40790.46127959,1.01976153,0.21971039,0.23153862,0.79583683,0.31204284,1.07352923,0.62666317,-0.35060365,,2019,0.56211874,2022,-0.30435271,265375.48396905,39.80632260,0.67694580,0.00099516,,,,,0.48560286,0.08669168
VT TQQQ/cash t35 w0-50 QQQ:VOL_EWMA80,sens,sens_2018-07-03,2018-07-03,2023-07-03,false,true,"{""*"": 6, ""BTAL"": 6, ""DBMF"": 2.5, ""KMLM"": 6, ""QQQ"": 1, ""SPY"": 0.7, ""TQQQ"": 1.5}",0.03000000,tests/data/2026-08-20-net15,,0.35000000,0.50000000,,0.00020984,0.00046573,0.00021391,0.00046947,76545.81808685,40000.00000000,36545.81808685,0.91364545,0.20632700,0.21329541,0.78088432,0.29802064,1.07660396,0.47174942,-0.43736566,,2023,0.59518529,2022,-0.40003501,132175.10337263,19.82626551,0.35075863,0.00049566,,,,,0.44860494,0.17396451
VT TQQQ/cash t35 w0-50 QQQ:VOL_EWMA80 gate QQQ<SMA200,sens,sens_2018-07-03,2018-07-03,2023-07-03,false,true,"{""*"": 6, ""BTAL"": 6, ""DBMF"": 2.5, ""KMLM"": 6, ""QQQ"": 1, ""SPY"": 0.7, ""TQQQ"": 1.5}",0.03000000,tests/data/2026-08-20-net15,,0.35000000,0.50000000,QQQ<SMA200,0.04193856,0.37306643,0.04194208,0.37306643,78369.92948328,40000.00000000,38369.92948328,0.95924824,0.21553702,0.22124425,0.86539868,0.26785448,1.18661813,0.64029871,-0.33661949,,2019,0.46698606,2022,-0.31012989,92489.45378471,13.87341807,0.23988081,0.00034684,,,,,0.40687677,0.10516989
VT TQQQ/cash t35 w0-60 QQQ:VOL_EWMA80,sens,sens_2018-07-03,2018-07-03,2023-07-03,false,true,"{""*"": 6, ""BTAL"": 6, ""DBMF"": 2.5, ""KMLM"": 6, ""QQQ"": 1, ""SPY"": 0.7, ""TQQQ"": 1.5}",0.03000000,tests/data/2026-08-20-net15,,0.35000000,0.60000000,,0.00019569,0.00060226,0.00020183,0.00060323,82954.67339172,40000.00000000,42954.67339172,1.07386683,0.23131826,0.24051076,0.80432316,0.32588999,1.10413100,0.50488364,-0.45816153,,2023,0.66128500,2022,-0.41783187,183664.92369184,27.54973855,0.46657642,0.00068874,,,,,0.50180828,0.17383117
VT TQQQ/cash t35 w0-60 QQQ:VOL_EWMA80 gate QQQ<SMA200,sens,sens_2018-07-03,2018-07-03,2023-07-03,false,true,"{""*"": 6, ""BTAL"": 6, ""DBMF"": 2.5, ""KMLM"": 6, ""QQQ"": 1, ""SPY"": 0.7, ""TQQQ"": 1.5}",0.03000000,tests/data/2026-08-20-net15,,0.35000000,0.60000000,QQQ<SMA200,0.04186097,0.37250204,0.04186487,0.37250204,84903.47945389,40000.00000000,44903.47945389,1.12258699,0.24046796,0.24841202,0.87409037,0.29861730,1.19363100,0.65854169,-0.36515221,,2019,0.54009333,2022,-0.33096725,142426.04937495,21.36390741,0.35374225,0.00053410,,,,,0.46014525,0.10573427
VT TQQQ/cash t35 w0-70 QQQ:VOL_EWMA80,sens,sens_2018-07-03,2018-07-03,2023-07-03,false,true,"{""*"": 6, ""BTAL"": 6, ""DBMF"": 2.5, ""KMLM"": 6, ""QQQ"": 1, ""SPY"": 0.7, ""TQQQ"": 1.5}",0.03000000,tests/data/2026-08-20-net15,,0.35000000,0.70000000,,0.00019804,0.00059588,0.00020616,0.00059703,83902.32329829,40000.00000000,43902.32329829,1.09755808,0.23600751,0.24437346,0.78251950,0.35090447,1.06648449,0.49292507,-0.47878983,,2023,0.67108119,2022,-0.43556121,247460.73440793,37.11911016,0.61841585,0.00092798,,,,,0.54391999,0.17388080
VT TQQQ/cash t35 w0-70 QQQ:VOL_EWMA80 gate QQQ<SMA200,sens,sens_2018-07-03,2018-07-03,2023-07-03,false,true,"{""*"": 6, ""BTAL"": 6, ""DBMF"": 2.5, ""KMLM"": 6, ""QQQ"": 1, ""SPY"": 0.7, ""TQQQ"": 1.5}",0.03000000,tests/data/2026-08-20-net15,,0.35000000,0.70000000,QQQ<SMA200,0.04188693,0.37254643,0.04189315,0.37254643,85900.53582674,40000.00000000,45900.53582674,1.14751340,0.24528941,0.25239189,0.83990777,0.32569298,1.13848381,0.62865934,-0.39017859,,2019,0.60109459,2022,-0.35132235,206195.50251329,30.92932538,0.50378278,0.00077323,,,,,0.50223300,0.10568988
VT TQQQ/cash t35 w0-80 QQQ:VOL_EWMA80,sens,sens_2018-07-03,2018-07-03,2023-07-03,false,true,"{""*"": 6, ""BTAL"": 6, ""DBMF"": 2.5, ""KMLM"": 6, ""QQQ"": 1, ""SPY"": 0.7, ""TQQQ"": 1.5}",0.03000000,tests/data/2026-08-20-net15,,0.35000000,0.80000000,,0.00018467,0.00045729,0.00019254,0.00048763,85833.49698262,40000.00000000,45833.49698262,1.14583742,0.24106287,0.25212559,0.77345890,0.36878230,1.05208130,0.49711076,-0.48492789,,2019,0.70559036,2022,-0.43785652,302314.96178912,45.34724427,0.74196412,0.00113368,,,,,0.57664106,0.17397229
VT TQQQ/cash t35 w0-80 QQQ:VOL_EWMA80 gate QQQ<SMA200,sens,sens_2018-07-03,2018-07-03,2023-07-03,false,true,"{""*"": 6, ""BTAL"": 6, ""DBMF"": 2.5, ""KMLM"": 6, ""QQQ"": 1, ""SPY"": 0.7, ""TQQQ"": 1.5}",0.03000000,tests/data/2026-08-20-net15,,0.35000000,0.80000000,QQQ<SMA200,0.04191219,0.37231883,0.04192019,0.37231883,87856.16159124,40000.00000000,47856.16159124,1.19640404,0.25024017,0.26007948,0.82370899,0.34489191,1.11467632,0.62975050,-0.39736399,,2019,0.63930812,2022,-0.35401875,260303.57454889,39.04553618,0.62476748,0.00097614,,,,,0.53491341,0.10591748
VT TQQQ/cash t40 w0-50 QQQ:VOL_EWMA80,sens,sens_2018-07-03,2018-07-03,2023-07-03,false,true,"{""*"": 6, ""BTAL"": 6, ""DBMF"": 2.5, ""KMLM"": 6, ""QQQ"": 1, ""SPY"": 0.7, ""TQQQ"": 1.5}",0.03000000,tests/data/2026-08-20-net15,,0.40000000,0.50000000,,0.00019535,0.00045728,0.00019949,0.00045783,74602.52583919,40000.00000000,34602.52583919,0.86506315,0.19931510,0.20463683,0.73319306,0.31777773,1.01132871,0.42751201,-0.46622105,,2023,0.60333586,2022,-0.42911255,120326.89976607,18.04903496,0.31949981,0.00045123,,,,,0.46663019,0.19887317
VT TQQQ/cash t40 w0-50 QQQ:VOL_EWMA80 gate QQQ<SMA200,sens,sens_2018-07-03,2018-07-03,2023-07-03,false,true,"{""*"": 6, ""BTAL"": 6, ""DBMF"": 2.5, ""KMLM"": 6, ""QQQ"": 1, ""SPY"": 0.7, ""TQQQ"": 1.5}",0.03000000,tests/data/2026-08-20-net15,,0.40000000,0.50000000,QQQ<SMA200,0.04463348,0.37456237,0.04463653,0.37456237,76953.55831639,40000.00000000,36953.55831639,0.92383896,0.21101972,0.21508692,0.82114935,0.28278963,1.12541141,0.57706047,-0.36568042,,2019,0.48426853,2022,-0.33973327,80506.88277190,12.07603242,0.20843321,0.00030190,,,,,0.42219315,0.12543763
VT TQQQ/cash t40 w0-60 QQQ:VOL_EWMA80,sens,sens_2018-07-03,2018-07-03,2023-07-03,false,true,"{""*"": 6, ""BTAL"": 6, ""DBMF"": 2.5, ""KMLM"": 6, ""QQQ"": 1, ""SPY"": 0.7, ""TQQQ"": 1.5}",0.03000000,tests/data/2026-08-20-net15,,0.40000000,0.60000000,,0.00021433,0.00060226,0.00021989,0.00060323,83881.35768961,40000.00000000,43881.35768961,1.09703394,0.23485734,0.24428842,0.78099709,0.34960818,1.07642826,0.47566820,-0.49374193,,2023,0.72375065,2022,-0.45498391,162589.12750135,24.38836913,0.40688975,0.00060971,,,,,0.52935857,0.19870089
VT TQQQ/cash t40 w0-60 QQQ:VOL_EWMA80 gate QQQ<SMA200,sens,sens_2018-07-03,2018-07-03,2023-07-03,false,true,"{""*"": 6, ""BTAL"": 6, ""DBMF"": 2.5, ""KMLM"": 6, ""QQQ"": 1, ""SPY"": 0.7, ""TQQQ"": 1.5}",0.03000000,tests/data/2026-08-20-net15,,0.40000000,0.60000000,QQQ<SMA200,0.04676748,0.42012297,0.04677148,0.42012297,86649.85284343,40000.00000000,46649.85284343,1.16624632,0.24725738,0.25535577,0.85944618,0.31650984,1.17832747,0.63462416,-0.38961230,,2019,0.55936796,2022,-0.35989201,116895.54636201,17.53433195,0.28455409,0.00043836,,,,,0.48280697,0.12643281
VT TQQQ/cash t40 w0-70 QQQ:VOL_EWMA80,sens,sens_2018-07-03,2018-07-03,2023-07-03,false,false,"{""*"": 6, ""BTAL"": 6, ""DBMF"": 2.5, ""KMLM"": 6, ""QQQ"": 1, ""SPY"": 0.7, ""TQQQ"": 1.5}",0.03000000,tests/data/2026-08-20-net15,,0.40000000,0.70000000,,0.00017432,0.00043167,0.00018158,0.00044302,89173.33779023,40000.00000000,49173.33779023,1.22933344,0.25417014,0.26517165,0.79233551,0.37713261,1.08695562,0.49531437,-0.51314913,,2023,0.77931723,2022,-0.47177516,224202.35505169,33.63035326,0.54170110,0.00084076,,,,,0.58024086,0.19886034
VT TQQQ/cash t40 w0-70 QQQ:VOL_EWMA80 gate QQQ<SMA200,sens,sens_2018-07-03,2018-07-03,2023-07-03,false,true,"{""*"": 6, ""BTAL"": 6, ""DBMF"": 2.5, ""KMLM"": 6, ""QQQ"": 1, ""SPY"": 0.7, ""TQQQ"": 1.5}",0.03000000,tests/data/2026-08-20-net15,,0.40000000,0.70000000,QQQ<SMA200,0.04671665,0.41970859,0.04672170,0.41970859,92117.25257409,40000.00000000,52117.25257409,1.30293131,0.26663608,0.27631461,0.85872724,0.34666696,1.17191148,0.64024787,-0.41645759,,2019,0.63331240,2022,-0.37966807,177289.81914489,26.59347287,0.41676012,0.00066484,,,,,0.53370074,0.12684719
VT TQQQ/cash t40 w0-80 QQQ:VOL_EWMA80,sens,sens_2018-07-03,2018-07-03,2023-07-03,false,false,"{""*"": 6, ""BTAL"": 6, ""DBMF"": 2.5, ""KMLM"": 6, ""QQQ"": 1, ""SPY"": 0.7, ""TQQQ"": 1.5}",0.03000000,tests/data/2026-08-20-net15,,0.40000000,0.80000000,,0.00016414,0.00050989,0.00017265,0.00051008,89520.26908211,40000.00000000,49520.26908211,1.23800673,0.25618700,0.26650171,0.77175765,0.40233591,1.05234801,0.48148513,-0.53207666,,2023,0.78500904,2022,-0.48837640,295602.45649353,44.34036847,0.70532512,0.00110851,,,,,0.62168580,0.19887216
VT TQQQ/cash t40 w0-80 QQQ:VOL_EWMA80 gate QQQ<SMA200,sens,sens_2018-07-03,2018-07-03,2023-07-03,false,true,"{""*"": 6, ""BTAL"": 6, ""DBMF"": 2.5, ""KMLM"": 6, ""QQQ"": 1, ""SPY"": 0.7, ""TQQQ"": 1.5}",0.03000000,tests/data/2026-08-20-net15,,0.40000000,0.80000000,QQQ<SMA200,0.04678837,0.41984263,0.04679625,0.41984263,92489.87696222,40000.00000000,52489.87696222,1.31224692,0.26872112,0.27770234,0.82755242,0.37387277,1.12238162,0.61137816,-0.43953340,,2019,0.69268789,2022,-0.39906489,249384.42887027,37.40766433,0.57905072,0.00093519,,,,,0.57506220,0.12671316
50/50,sens,sens_2018-07-03,2018-07-03,2023-07-03,true,true,"{""*"": 6, ""BTAL"": 6, ""DBMF"": 2.5, ""KMLM"": 6, ""QQQ"": 1, ""SPY"": 0.7, ""TQQQ"": 1.5}",0.03000000,tests/data/2026-08-20-net15,,,,,0.00052127,0.00137240,0.00040429,0.00119305,71625.05684870,40000.00000000,31625.05684870,0.79062642,0.20293749,0.19096596,0.72007665,0.33619190,1.00766457,0.45308782,-0.44789880,,2019,0.60982442,2022,-0.42554745,228954.01646972,87.31374861,0.58621221,0.00218284,0.49967925,0.49880695,,,0.49977891,0.49933547
TQQQ50/BTAL50 gate QQQ<SMA200,sens,sens_2018-07-03,2018-07-03,2023-07-03,true,true,"{""*"": 6, ""BTAL"": 6, ""DBMF"": 2.5, ""KMLM"": 6, ""QQQ"": 1, ""SPY"": 0.7, ""TQQQ"": 1.5}",0.03000000,tests/data/2026-08-20-net15,,,,,0.06308797,0.37031309,0.06300536,0.37031593,72833.70371794,40000.00000000,32833.70371794,0.82084259,0.20166967,0.19657639,0.78420427,0.28825095,1.09086785,0.53455867,-0.37726386,138,2019,0.48765183,2022,-0.28104186,166595.48162456,65.88616379,0.43746698,0.00164715,0.56238295,0.49880695,,,0.43713364,0.12968407
SPY benchmark,sens,sens_2018-07-03,2018-07-03,2023-07-03,true,true,"{""*"": 6, ""BTAL"": 6, ""DBMF"": 2.5, ""KMLM"": 6, ""QQQ"": 1, ""SPY"": 0.7, ""TQQQ"": 1.5}",0.03000000,tests/data/2026-08-20-net15,,,,,0.00662307,0.02286424,0.00662431,0.02289844,57483.56015721,40000.00000000,17483.56015721,0.43708900,0.11996352,0.11797416,0.64113422,0.21252607,0.89248723,0.35904377,-0.33411949,173,2019,0.30679729,2022,-0.18242534,39722.57226327,2.78058006,0.12311025,0.00006951,,,0.99337569,0.97710156,,
VT TQQQ/BTAL t25 w0-50 QQQ:VOL_EWMA80,sens,sens_2019-01-03,2019-01-03,2024-01-03,false,true,"{""*"": 6, ""BTAL"": 6, ""DBMF"": 2.5, ""KMLM"": 6, ""QQQ"": 1, ""SPY"": 0.7, ""TQQQ"": 1.5}",0.03000000,tests/data/2026-08-20-net15,BTAL,0.25000000,0.50000000,,0.00050349,0.00146238,0.00038884,0.00113888,70745.37859412,40000.00000000,30745.37859412,0.76863446,0.20765439,0.18667843,0.96514522,0.22136663,1.34736728,0.75649968,-0.27449369,530,2023,0.48940907,2022,-0.23104696,310268.86073944,118.92358952,0.84758333,0.00297309,0.60525443,0.49923381,,,0.39421224,0.12414594
VT TQQQ/BTAL t25 w0-50 QQQ:VOL_EWMA80 gate QQQ<SMA200,sens,sens_2019-01-03,2019-01-03,2024-01-03,false,true,"{""*"": 6, ""BTAL"": 6, ""DBMF"": 2.5, ""KMLM"": 6, ""QQQ"": 1, ""SPY"": 0.7, ""TQQQ"": 1.5}",0.03000000,tests/data/2026-08-20-net15,BTAL,0.25000000,0.50000000,QQQ<SMA200,0.03607966,0.34371319,0.03598253,0.34372772,67060.15622413,40000.00000000,27060.15622413,0.67650391,0.17728826,0.16883185,0.85823065,0.21846438,1.19173331,0.69783489,-0.25405473,362,2023,0.33736626,2022,-0.14719987,253686.95203352,100.24266396,0.72910781,0.00250607,0.64087164,0.49882361,,,0.35859778,0.00000000
VT TQQQ/BTAL t25 w0-60 QQQ:VOL_EWMA80,sens,sens_2019-01-03,2019-01-03,2024-01-03,false,true,"{""*"": 6, ""BTAL"": 6, ""DBMF"": 2.5, ""KMLM"": 6, ""QQQ"": 1, ""SPY"": 0.7, ""TQQQ"": 1.5}",0.03000000,tests/data/2026-08-20-net15,BTAL,0.25000000,0.60000000,,0.00051827,0.00156381,0.00041174,0.00145316,71635.81922271,40000.00000000,31635.81922271,0.79089548,0.21336165,0.19086354,0.93634530,0.23711012,1.30032181,0.77108154,-0.27670440,530,2019,0.50403623,2022,-0.23340479,418565.91698691,159.17510581,1.12251068,0.00397938,0.57255038,0.39890461,,,0.42689379,0.12416291
VT TQQQ/BTAL t25 w0-60 QQQ:VOL_EWMA80 gate QQQ<SMA200,sens,sens_2019-01-03,2019-01-03,2024-01-03,false,true,"{""*"": 6, ""BTAL"": 6, ""DBMF"": 2.5, ""KMLM"": 6, ""QQQ"": 1, ""SPY"": 0.7, ""TQQQ"": 1.5}",0.03000000,tests/data/2026-08-20-net15,BTAL,0.25000000,0.60000000,QQQ<SMA200,0.03595360,0.34371319,0.03589120,0.34372772,67883.46793425,40000.00000000,27883.46793425,0.69708670,0.18289244,0.17289511,0.83566883,0.23441774,1.15513924,0.72934401,-0.25076293,355,2023,0.34587688,2022,-0.15035959,353991.88239743,137.51918967,0.99879722,0.00343798,0.60813821,0.39865266,,,0.39136121,0.00000000
VT TQQQ/BTAL t25 w0-70 QQQ:VOL_EWMA80,sens,sens_2019-01-03,2019-01-03,2024-01-03,false,true,"{""*"": 6, ""BTAL"": 6, ""DBMF"": 2.5, ""KMLM"": 6, ""QQQ"": 1, ""SPY"": 0.7, ""TQQQ"": 1.5}",0.03000000,tests/data/2026-08-20-net15,BTAL,0.25000000,0.70000000,,0.00047580,0.00178127,0.00039721,0.00142285,72855.00631202,40000.00000000,32855.00631202,0.82137516,0.21759288,0.19651786,0.91968117,0.24813223,1.27408099,0.77259130,-0.28164034,571,2023,0.53720651,2022,-0.23351714,509650.82525789,192.70300026,1.35862394,0.00481758,0.55024770,0.29914236,,,0.44923039,0.12410352
VT TQQQ/BTAL t25 w0-70 QQQ:VOL_EWMA80 gate QQQ<SMA200,sens,sens_2019-01-03,2019-01-03,2024-01-03,false,true,"{""*"": 6, ""BTAL"": 6, ""DBMF"": 2.5, ""KMLM"": 6, ""QQQ"": 1, ""SPY"": 0.7, ""TQQQ"": 1.5}",0.03000000,tests/data/2026-08-20-net15,BTAL,0.25000000,0.70000000,QQQ<SMA200,0.03609743,0.34371319,0.03602063,0.34372772,69042.12583750,40000.00000000,29042.12583750,0.72605315,0.18704555,0.17853792,0.82307615,0.24554208,1.13537536,0.73676057,-0.25387562,337,2023,0.38047508,2022,-0.15027014,438718.51101118,168.58876608,1.23021196,0.00421472,0.58575313,0.29822906,,,0.41361697,0.00000000
VT TQQQ/BTAL t25 w0-80 QQQ:VOL_EWMA80,sens,sens_2019-01-03,2019-01-03,2024-01-03,false,true,"{""*"": 6, ""BTAL"": 6, ""DBMF"": 2.5, ""KMLM"": 6, ""QQQ"": 1, ""SPY"": 0.7, ""TQQQ"": 1.5}",0.03000000,tests/data/2026-08-20-net15,BTAL,0.25000000,0.80000000,,0.00047334,0.00130443,0.00040046,0.00129340,74376.63774319,40000.00000000,34376.63774319,0.85941594,0.22213586,0.20345577,0.91192257,0.25674378,1.26195970,0.78885456,-0.28159292,571,2023,0.57569886,2022,-0.23346213,573676.24584339,216.45055500,1.51900767,0.00541126,0.53457351,0.19910725,,,0.46490066,0.12427625
VT TQQQ/BTAL t25 w0-80 QQQ:VOL_EWMA80 gate QQQ<SMA200,sens,sens_2019-01-03,2019-01-03,2024-01-03,false,true,"{""*"": 6, ""BTAL"": 6, ""DBMF"": 2.5, ""KMLM"": 6, ""QQQ"": 1, ""SPY"": 0.7, ""TQQQ"": 1.5}",0.03000000,tests/data/2026-08-20-net15,BTAL,0.25000000,0.80000000,QQQ<SMA200,0.03596021,0.34371319,0.03590128,0.34372772,70483.51475195,40000.00000000,30483.51475195,0.76208787,0.19142214,0.18543855,0.81804692,0.25424409,1.12756434,0.74332315,-0.25752210,324,2023,0.41526900,2022,-0.15048910,497571.49507989,190.48844349,1.38549894,0.00476221,0.57011413,0.19881937,,,0.42937427,0.00000000
VT TQQQ/BTAL t30 w0-50 QQQ:VOL_EWMA80,sens,sens_2019-01-03,2019-01-03,2024-01-03,false,true,"{""*"": 6, ""BTAL"": 6, ""DBMF"": 2.5, ""KMLM"": 6, ""QQQ"": 1, ""SPY"": 0.7, ""TQQQ"": 1.5}",0.03000000,tests/data/2026-08-20-net15,BTAL,0.30000000,0.50000000,,0.00048244,0.00200589,0.00035588,0.00154278,78387.26412030,40000.00000000,38387.26412030,0.95968160,0.24346289,0.22114566,1.02260168,0.24232066,1.44201661,0.75540557,-0.32229428,530,2023,0.62447891,2022,-0.28005985,310894.37847828,118.99231417,0.79599534,0.00297481,0.57038985,0.49867016,,,0.42910028,0.14901221
VT TQQQ/BTAL t30 w0-50 QQQ:VOL_EWMA80 gate QQQ<SMA200,sens,sens_2019-01-03,2019-01-03,2024-01-03,false,true,"{""*"": 6, ""BTAL"": 6, ""DBMF"": 2.5, ""KMLM"": 6, ""QQQ"": 1, ""SPY"": 0.7, ""TQQQ"": 1.5}",0.03000000,tests/data/2026-08-20-net15,BTAL,0.30000000,0.50000000,QQQ<SMA200,0.04240534,0.41245873,0.04234023,0.41247327,73838.35017347,40000.00000000,33838.35017347,0.84595875,0.20800950,0.20101625,0.92969829,0.23295446,1.30449081,0.83042838,-0.25048457,140,2023,0.43262040,2022,-0.18290987,241893.88685655,95.80101391,0.65698176,0.00239503,0.61242506,0.49882361,,,0.38708987,0.00000000
VT TQQQ/BTAL t30 w0-60 QQQ:VOL_EWMA80,sens,sens_2019-01-03,2019-01-03,2024-01-03,false,true,"{""*"": 6, ""BTAL"": 6, ""DBMF"": 2.5, ""KMLM"": 6, ""QQQ"": 1, ""SPY"": 0.7, ""TQQQ"": 1.5}",0.03000000,tests/data/2026-08-20-net15,BTAL,0.30000000,0.60000000,,0.00052886,0.00200589,0.00040732,0.00154278,78914.55967659,40000.00000000,38914.55967659,0.97286399,0.24857480,0.22341039,0.96580583,0.26761904,1.34063428,0.71962076,-0.34542472,533,2023,0.64747412,2022,-0.30460184,391804.29284850,148.98265930,0.98631060,0.00372457,0.52632241,0.39887320,,,0.47311454,0.14904793
VT TQQQ/BTAL t30 w0-60 QQQ:VOL_EWMA80 gate QQQ<SMA200,sens,sens_2019-01-03,2019-01-03,2024-01-03,false,true,"{""*"": 6, ""BTAL"": 6, ""DBMF"": 2.5, ""KMLM"": 6, ""QQQ"": 1, ""SPY"": 0.7, ""TQQQ"": 1.5}",0.03000000,tests/data/2026-08-20-net15,BTAL,0.30000000,0.60000000,QQQ<SMA200,0.04247101,0.41245873,0.04238024,0.41247327,74268.77216692,40000.00000000,34268.77216692,0.85671930,0.21294358,0.20296820,0.87670631,0.25917752,1.21093658,0.78061777,-0.27278854,533,2023,0.45286297,2022,-0.21096027,316028.74539222,123.26607565,0.84465111,0.00308165,0.56834025,0.39865266,,,0.43110682,0.00000000
VT TQQQ/BTAL t30 w0-70 QQQ:VOL_EWMA80,sens,sens_2019-01-03,2019-01-03,2024-01-03,false,true,"{""*"": 6, ""BTAL"": 6, ""DBMF"": 2.5, ""KMLM"": 6, ""QQQ"": 1, ""SPY"": 0.7, ""TQQQ"": 1.5}",0.03000000,tests/data/2026-08-20-net15,BTAL,0.30000000,0.70000000,,0.00047230,0.00200589,0.00037579,0.00154278,79903.63617361,40000.00000000,39903.63617361,0.99759090,0.25434578,0.22762199,0.94048818,0.28486273,1.29968016,0.72042211,-0.35305105,601,2023,0.65424374,2022,-0.30754978,525586.80252851,198.88062618,1.29670601,0.00497202,0.49270285,0.29942011,,,0.50678206,0.14915195
VT TQQQ/BTAL t30 w0-70 QQQ:VOL_EWMA80 gate QQQ<SMA200,sens,sens_2019-01-03,2019-01-03,2024-01-03,false,true,"{""*"": 6, ""BTAL"": 6, ""DBMF"": 2.5, ""KMLM"": 6, ""QQQ"": 1, ""SPY"": 0.7, ""TQQQ"": 1.5}",0.03000000,tests/data/2026-08-20-net15,BTAL,0.30000000,0.70000000,QQQ<SMA200,0.04246969,0.41245873,0.04238993,0.41247327,75185.10136507,40000.00000000,35185.10136507,0.87962753,0.21860291,0.20708989,0.85473137,0.27693193,1.17588140,0.77800818,-0.28097765,601,2023,0.45888530,2022,-0.21408129,438592.40118498,168.97105192,1.14886062,0.00422428,0.53461097,0.29822906,,,0.46480593,0.00000000
VT TQQQ/BTAL t30 w0-80 QQQ:VOL_EWMA80,sens,sens_2019-01-03,2019-01-03,2024-01-03,false,true,"{""*"": 6, ""BTAL"": 6, ""DBMF"": 2.5, ""KMLM"": 6, ""QQQ"": 1, ""SPY"": 0.7, ""TQQQ"": 1.5}",0.03000000,tests/data/2026-08-20-net15,BTAL,0.30000000,0.80000000,,0.00050003,0.00200589,0.00041878,0.00154278,80714.63888572,40000.00000000,40714.63888572,1.01786597,0.25667758,0.23104049,0.91962018,0.29735201,1.26738951,0.71377347,-0.35960650,605,2023,0.69077436,2022,-0.30748264,628462.44603717,237.00981909,1.54518324,0.00592525,0.46843731,0.19873750,,,0.53101108,0.14903813
VT TQQQ/BTAL t30 w0-80 QQQ:VOL_EWMA80 gate QQQ<SMA200,sens,sens_2019-01-03,2019-01-03,2024-01-03,false,true,"{""*"": 6, ""BTAL"": 6, ""DBMF"": 2.5, ""KMLM"": 6, ""QQQ"": 1, ""SPY"": 0.7, ""TQQQ"": 1.5}",0.03000000,tests/data/2026-08-20-net15,BTAL,0.30000000,0.80000000,QQQ<SMA200,0.04246189,0.41245873,0.04239381,0.41247327,75959.32861029,40000.00000000,35959.32861029,0.89898322,0.22089850,0.21053716,0.83609503,0.28975961,1.14740792,0.76633451,-0.28825337,605,2023,0.49122523,2022,-0.21395360,533435.36107555,204.09375576,1.39227786,0.00510234,0.51046159,0.19881937,,,0.48898186,0.00000000
VT TQQQ/BTAL t35 w0-50 QQQ:VOL_EWMA80,sens,sens_2019-01-03,2019-01-03,2024-01-03,false,true,"{""*"": 6, ""BTAL"": 6, ""DBMF"": 2.5, ""KMLM"": 6, ""QQQ"": 1, ""SPY"": 0.7, ""TQQQ"": 1.5}",0.03000000,tests/data/2026-08-20-net15,BTAL,0.35000000,0.50000000,,0.00051647,0.00204714,0.00040271,0.00165197,80595.06595774,40000.00000000,40595.06595774,1.01487665,0.25710121,0.23053842,1.00892432,0.26115083,1.42597077,0.69833174,-0.36816486,535,2023,0.68797207,2022,-0.32758116,295314.20210684,112.90571479,0.73074186,0.00282264,0.54681905,0.49858106,,,0.45263921,0.17382425
VT TQQQ/BTAL t35 w0-50 QQQ:VOL_EWMA80 gate QQQ<SMA200,sens,sens_2019-01-03,2019-01-03,2024-01-03,false,true,"{""*"": 6, ""BTAL"": 6, ""DBMF"": 2.5, ""KMLM"": 6, ""QQQ"": 1, ""SPY"": 0.7, ""TQQQ"": 1.5}",0.03000000,tests/data/2026-08-20-net15,BTAL,0.35000000,0.50000000,QQQ<SMA200,0.04874338,0.48120428,0.04862114,0.48121881,75593.66139526,40000.00000000,35593.66139526,0.88984153,0.21752929,0.20891299,0.92989175,0.24427635,1.30811736,0.79217317,-0.27459816,535,2023,0.46334787,2022,-0.21787653,217846.41268110,86.59805911,0.57639018,0.00216495,0.59505081,0.49882361,,,0.40439798,0.00000000
VT TQQQ/BTAL t35 w0-60 QQQ:VOL_EWMA80,sens,sens_2019-01-03,2019-01-03,2024-01-03,false,true,"{""*"": 6, ""BTAL"": 6, ""DBMF"": 2.5, ""KMLM"": 6, ""QQQ"": 1, ""SPY"": 0.7, ""TQQQ"": 1.5}",0.03000000,tests/data/2026-08-20-net15,BTAL,0.35000000,0.60000000,,0.00045337,0.00204714,0.00037412,0.00165197,87730.20475682,40000.00000000,47730.20475682,1.19325512,0.28560719,0.25939066,1.01093814,0.29117554,1.41561937,0.73029070,-0.39108699,535,2023,0.80171404,2022,-0.35082655,377104.18787309,143.24154659,0.88841985,0.00358104,0.49037046,0.39916564,,,0.50914548,0.17393609
VT TQQQ/BTAL t35 w0-60 QQQ:VOL_EWMA80 gate QQQ<SMA200,sens,sens_2019-01-03,2019-01-03,2024-01-03,false,true,"{""*"": 6, ""BTAL"": 6, ""DBMF"": 2.5, ""KMLM"": 6, ""QQQ"": 1, ""SPY"": 0.7, ""TQQQ"": 1.5}",0.03000000,tests/data/2026-08-20-net15,BTAL,0.35000000,0.60000000,QQQ<SMA200,0.04863346,0.48120428,0.04853682,0.48121881,82160.27687904,40000.00000000,42160.27687904,1.05400692,0.24512607,0.23705826,0.93439071,0.27612810,1.30251591,0.79782139,-0.30724429,535,2023,0.56228028,2022,-0.24506660,289802.64787343,113.41125282,0.73077807,0.00283528,0.53856560,0.39865266,,,0.46093130,0.00000000
VT TQQQ/BTAL t35 w0-70 QQQ:VOL_EWMA80,sens,sens_2019-01-03,2019-01-03,2024-01-03,false,true,"{""*"": 6, ""BTAL"": 6, ""DBMF"": 2.5, ""KMLM"": 6, ""QQQ"": 1, ""SPY"": 0.7, ""TQQQ"": 1.5}",0.03000000,tests/data/2026-08-20-net15,BTAL,0.35000000,0.70000000,,0.00048781,0.00204714,0.00038467,0.00165197,87182.89629553,40000.00000000,47182.89629553,1.17957241,0.28644323,0.25725333,0.95489756,0.31751376,1.31979634,0.68832811,-0.41614344,605,2023,0.81486819,2022,-0.37403837,489090.38997422,185.02384811,1.13937134,0.00462560,0.44746281,0.29887435,,,0.55201057,0.17379423
VT TQQQ/BTAL t35 w0-70 QQQ:VOL_EWMA80 gate QQQ<SMA200,sens,sens_2019-01-03,2019-01-03,2024-01-03,false,true,"{""*"": 6, ""BTAL"": 6, ""DBMF"": 2.5, ""KMLM"": 6, ""QQQ"": 1, ""SPY"": 0.7, ""TQQQ"": 1.5}",0.03000000,tests/data/2026-08-20-net15,BTAL,0.35000000,0.70000000,QQQ<SMA200,0.04863270,0.48120428,0.04855759,0.48121881,81605.69214908,40000.00000000,41605.69214908,1.04014230,0.24599001,0.23476101,0.87852369,0.30379824,1.20842121,0.72979747,-0.33706613,602,2023,0.57348389,2022,-0.27193398,391540.25721980,151.32699677,0.97699532,0.00378317,0.49567476,0.29822906,,,0.50381336,0.00000000
VT TQQQ/BTAL t35 w0-80 QQQ:VOL_EWMA80,sens,sens_2019-01-03,2019-01-03,2024-01-03,false,true,"{""*"": 6, ""BTAL"": 6, ""DBMF"": 2.5, ""KMLM"": 6, ""QQQ"": 1, ""SPY"": 0.7, ""TQQQ"": 1.5}",0.03000000,tests/data/2026-08-20-net15,BTAL,0.35000000,0.80000000,,0.00047056,0.00204714,0.00037181,0.00165197,88149.10252281,40000.00000000,48149.10252281,1.20372756,0.29174044,0.26101849,0.93322438,0.33579636,1.28505506,0.68694210,-0.42469437,606,2023,0.81836314,2022,-0.37683167,645436.75451817,243.56228091,1.47293654,0.00608906,0.41308798,0.19905091,,,0.58639322,0.17402107
VT TQQQ/BTAL t35 w0-80 QQQ:VOL_EWMA80 gate QQQ<SMA200,sens,sens_2019-01-03,2019-01-03,2024-01-03,false,true,"{""*"": 6, ""BTAL"": 6, ""DBMF"": 2.5, ""KMLM"": 6, ""QQQ"": 1, ""SPY"": 0.7, ""TQQQ"": 1.5}",0.03000000,tests/data/2026-08-20-net15,BTAL,0.35000000,0.80000000,QQQ<SMA200,0.04850948,0.48120428,0.04843785,0.48121881,82386.96935223,40000.00000000,42386.96935223,1.05967423,0.25077137,0.23799329,0.85724728,0.32290262,1.17505552,0.72203115,-0.34731378,605,2023,0.57687398,2022,-0.27592569,533015.98054494,204.29037438,1.30398251,0.00510726,0.46119424,0.19881937,,,0.53830852,0.00000000
VT TQQQ/BTAL t40 w0-50 QQQ:VOL_EWMA80,sens,sens_2019-01-03,2019-01-03,2024-01-03,false,true,"{""*"": 6, ""BTAL"": 6, ""DBMF"": 2.5, ""KMLM"": 6, ""QQQ"": 1, ""SPY"": 0.7, ""TQQQ"": 1.5}",0.03000000,tests/data/2026-08-20-net15,BTAL,0.40000000,0.50000000,,0.00044954,0.00127113,0.00033902,0.00100967,79968.80023073,40000.00000000,39968.80023073,0.99922001,0.25877411,0.22789782,0.96916308,0.27792717,1.36862007,0.64602482,-0.40056372,683,2023,0.69964099,2022,-0.36200150,280704.90193403,107.67364381,0.68528874,0.00269184,0.53050280,0.49899033,,,0.46902391,0.19888872
VT TQQQ/BTAL t40 w0-50 QQQ:VOL_EWMA80 gate QQQ<SMA200,sens,sens_2019-01-03,2019-01-03,2024-01-03,false,true,"{""*"": 6, ""BTAL"": 6, ""DBMF"": 2.5, ""KMLM"": 6, ""QQQ"": 1, ""SPY"": 0.7, ""TQQQ"": 1.5}",0.03000000,tests/data/2026-08-20-net15,BTAL,0.40000000,0.50000000,QQQ<SMA200,0.05254386,0.49998546,0.05243203,0.50000000,74909.58836294,40000.00000000,34909.58836294,0.87273971,0.21636257,0.20585542,0.89918474,0.25436321,1.26355768,0.71540849,-0.30243221,680,2023,0.47313592,2022,-0.25282555,201821.76334067,80.95670452,0.53113730,0.00202392,0.58253119,0.49882361,,,0.41694477,0.00000000
VT TQQQ/BTAL t40 w0-60 QQQ:VOL_EWMA80,sens,sens_2019-01-03,2019-01-03,2024-01-03,false,true,"{""*"": 6, ""BTAL"": 6, ""DBMF"": 2.5, ""KMLM"": 6, ""QQQ"": 1, ""SPY"": 0.7, ""TQQQ"": 1.5}",0.03000000,tests/data/2026-08-20-net15,BTAL,0.40000000,0.60000000,,0.00051411,0.00162404,0.00039882,0.00141880,91295.59244570,40000.00000000,51295.59244570,1.28238981,0.30294527,0.27302986,1.00659020,0.31204263,1.41487780,0.69652166,-0.43494020,567,2023,0.88975197,2022,-0.39551746,356956.05364223,135.74715432,0.80752511,0.00339368,0.46450941,0.39862961,,,0.53494836,0.19881245
VT TQQQ/BTAL t40 w0-60 QQQ:VOL_EWMA80 gate QQQ<SMA200,sens,sens_2019-01-03,2019-01-03,2024-01-03,false,true,"{""*"": 6, ""BTAL"": 6, ""DBMF"": 2.5, ""KMLM"": 6, ""QQQ"": 1, ""SPY"": 0.7, ""TQQQ"": 1.5}",0.03000000,tests/data/2026-08-20-net15,BTAL,0.40000000,0.60000000,QQQ<SMA200,0.05451898,0.54994982,0.05443524,0.54996436,85195.09632352,40000.00000000,45195.09632352,1.12987741,0.25841456,0.24938847,0.94063835,0.28969499,1.31639148,0.76643294,-0.33716526,563,2023,0.61285136,2022,-0.27921456,260892.57468275,102.80065479,0.63684727,0.00257002,0.51869002,0.39865266,,,0.48083704,0.00000000
VT TQQQ/BTAL t40 w0-70 QQQ:VOL_EWMA80,sens,sens_2019-01-03,2019-01-03,2024-01-03,false,true,"{""*"": 6, ""BTAL"": 6, ""DBMF"": 2.5, ""KMLM"": 6, ""QQQ"": 1, ""SPY"": 0.7, ""TQQQ"": 1.5}",0.03000000,tests/data/2026-08-20-net15,BTAL,0.40000000,0.70000000,,0.00046043,0.00161779,0.00036380,0.00141880,96807.52062760,40000.00000000,56807.52062760,1.42018802,0.32351014,0.29321032,0.99211895,0.34271910,1.38205740,0.70768317,-0.45713980,605,2023,0.98306620,2022,-0.41708222,449256.43578464,169.93232687,0.97878889,0.00424831,0.41059462,0.29903187,,,0.58891080,0.19875600
VT TQQQ/BTAL t40 w0-70 QQQ:VOL_EWMA80 gate QQQ<SMA200,sens,sens_2019-01-03,2019-01-03,2024-01-03,false,true,"{""*"": 6, ""BTAL"": 6, ""DBMF"": 2.5, ""KMLM"": 6, ""QQQ"": 1, ""SPY"": 0.7, ""TQQQ"": 1.5}",0.03000000,tests/data/2026-08-20-net15,BTAL,0.40000000,0.70000000,QQQ<SMA200,0.05447955,0.54994982,0.05436905,0.54996436,90194.44366995,40000.00000000,50194.44366995,1.25486109,0.27817060,0.26886891,0.92504884,0.32249998,1.28274304,0.75347423,-0.36918396,601,2023,0.69275410,2022,-0.30529055,341078.95060127,132.46901140,0.80275574,0.00331173,0.46463269,0.29822906,,,0.53485671,0.00000000
VT TQQQ/BTAL t40 w0-80 QQQ:VOL_EWMA80,sens,sens_2019-01-03,2019-01-03,2024-01-03,false,true,"{""*"": 6, ""BTAL"": 6, ""DBMF"": 2.5, ""KMLM"": 6, ""QQQ"": 1, ""SPY"": 0.7, ""TQQQ"": 1.5}",0.03000000,tests/data/2026-08-20-net15,BTAL,0.40000000,0.80000000,,0.00047687,0.00161779,0.00038804,0.00141880,95443.91523597,40000.00000000,55443.91523597,1.38609788,0.32141364,0.28831471,0.94206604,0.36968216,1.29862840,0.66604237,-0.48257237,752,2023,0.99106425,2022,-0.43864724,598574.25858794,225.66291399,1.29514279,0.00564157,0.36855439,0.19914485,,,0.63092530,0.19875308
VT TQQQ/BTAL t40 w0-80 QQQ:VOL_EWMA80 gate QQQ<SMA200,sens,sens_2019-01-03,2019-01-03,2024-01-03,false,true,"{""*"": 6, ""BTAL"": 6, ""DBMF"": 2.5, ""KMLM"": 6, ""QQQ"": 1, ""SPY"": 0.7, ""TQQQ"": 1.5}",0.03000000,tests/data/2026-08-20-net15,BTAL,0.40000000,0.80000000,QQQ<SMA200,0.05450134,0.54994982,0.05442682,0.54996436,88888.74891607,40000.00000000,48888.74891607,1.22221872,0.27619344,0.26387597,0.87346613,0.35103443,1.19816478,0.69158320,-0.39936400,606,2023,0.69934936,2022,-0.33083850,476767.87310072,183.08084307,1.11527871,0.00457702,0.42261935,0.19881937,,,0.57685056,0.00000000
VT TQQQ/cash t25 w0-50 QQQ:VOL_EWMA80,sens,sens_2019-01-03,2019-01-03,2024-01-03,false,true,"{""*"": 6, ""BTAL"": 6, ""DBMF"": 2.5, ""KMLM"": 6, ""QQQ"": 1, ""SPY"": 0.7, ""TQQQ"": 1.5}",0.03000000,tests/data/2026-08-20-net15,,0.25000000,0.50000000,,0.00020841,0.00062849,0.00021332,0.00063033,77230.58136191,40000.00000000,37230.58136191,0.93076453,0.23915616,0.21612923,0.99806119,0.24565979,1.37267710,0.66609238,-0.35904353,605,2023,0.64407722,2022,-0.31980658,159982.48445330,23.99737267,0.40265428,0.00059993,,,,,0.39423780,0.12411588
VT TQQQ/cash t25 w0-50 QQQ:VOL_EWMA80 gate QQQ<SMA200,sens,sens_2019-01-03,2019-01-03,2024-01-03,false,true,"{""*"": 6, ""BTAL"": 6, ""DBMF"": 2.5, ""KMLM"": 6, ""QQQ"": 1, ""SPY"": 0.7, ""TQQQ"": 1.5}",0.03000000,tests/data/2026-08-20-net15,,0.25000000,0.50000000,QQQ<SMA200,0.03489472,0.34372772,0.03489897,0.34372772,74881.05239314,40000.00000000,34881.05239314,0.87202631,0.21679082,0.20572732,0.97640909,0.22816286,1.33226258,0.76753108,-0.28245218,601,2023,0.51397997,2022,-0.24988165,126741.63203242,19.01124480,0.33145932,0.00047528,,,,,0.35955215,0.00000000
VT TQQQ/cash t25 w0-60 QQQ:VOL_EWMA80,sens,sens_2019-01-03,2019-01-03,2024-01-03,false,true,"{""*"": 6, ""BTAL"": 6, ""DBMF"": 2.5, ""KMLM"": 6, ""QQQ"": 1, ""SPY"": 0.7, ""TQQQ"": 1.5}",0.03000000,tests/data/2026-08-20-net15,,0.25000000,0.60000000,,0.00018594,0.00044853,0.00019143,0.00045873,79092.76791362,40000.00000000,39092.76791362,0.97731920,0.24978890,0.22417272,0.98803175,0.26072273,1.35518881,0.68250848,-0.36598651,606,2023,0.64874456,2022,-0.32179021,225538.47441783,33.83077116,0.55115866,0.00084577,,,,,0.42693794,0.12410635
VT TQQQ/cash t25 w0-60 QQQ:VOL_EWMA80 gate QQQ<SMA200,sens,sens_2019-01-03,2019-01-03,2024-01-03,false,true,"{""*"": 6, ""BTAL"": 6, ""DBMF"": 2.5, ""KMLM"": 6, ""QQQ"": 1, ""SPY"": 0.7, ""TQQQ"": 1.5}",0.03000000,tests/data/2026-08-20-net15,,0.25000000,0.60000000,QQQ<SMA200,0.03487735,0.34372772,0.03488357,0.34372772,76626.18582216,40000.00000000,36626.18582216,0.91565465,0.22715180,0.21348101,0.96250600,0.24428700,1.31066066,0.78257661,-0.29026142,605,2023,0.51828572,2022,-0.25215605,188337.24973625,28.25058746,0.47850810,0.00070626,,,,,0.39224580,0.00000000
VT TQQQ/cash t25 w0-70 QQQ:VOL_EWMA80,sens,sens_2019-01-03,2019-01-03,2024-01-03,false,true,"{""*"": 6, ""BTAL"": 6, ""DBMF"": 2.5, ""KMLM"": 6, ""QQQ"": 1, ""SPY"": 0.7, ""TQQQ"": 1.5}",0.03000000,tests/data/2026-08-20-net15,,0.25000000,0.70000000,,0.00019588,0.00052226,0.00020387,0.00052864,80472.12808168,40000.00000000,40472.12808168,1.01180320,0.25566380,0.23002152,0.97903703,0.27063510,1.34206324,0.69038951,-0.37031820,752,2023,0.67240749,2022,-0.32167226,281262.45103493,42.18936766,0.67885954,0.00105473,,,,,0.44923925,0.12421475
VT TQQQ/cash t25 w0-70 QQQ:VOL_EWMA80 gate QQQ<SMA200,sens,sens_2019-01-03,2019-01-03,2024-01-03,false,true,"{""*"": 6, ""BTAL"": 6, ""DBMF"": 2.5, ""KMLM"": 6, ""QQQ"": 1, ""SPY"": 0.7, ""TQQQ"": 1.5}",0.03000000,tests/data/2026-08-20-net15,,0.25000000,0.70000000,QQQ<SMA200,0.03485643,0.34372772,0.03486375,0.34372772,77899.60631955,40000.00000000,37899.60631955,0.94749016,0.23271695,0.21903892,0.95081334,0.25486320,1.29459642,0.78785580,-0.29538013,605,2023,0.54012865,2022,-0.25239183,240333.37999803,36.05000700,0.60337301,0.00090125,,,,,0.41457936,0.00000000
VT TQQQ/cash t25 w0-80 QQQ:VOL_EWMA80,sens,sens_2019-01-03,2019-01-03,2024-01-03,false,true,"{""*"": 6, ""BTAL"": 6, ""DBMF"": 2.5, ""KMLM"": 6, ""QQQ"": 1, ""SPY"": 0.7, ""TQQQ"": 1.5}",0.03000000,tests/data/2026-08-20-net15,,0.25000000,0.80000000,,0.00019028,0.00053716,0.00019927,0.00055227,82221.93232904,40000.00000000,42221.93232904,1.05554831,0.26194359,0.23731280,0.97822918,0.27807976,1.34137654,0.70706002,-0.37046868,752,2023,0.69597892,2022,-0.32180753,320372.84362462,48.05592654,0.76305758,0.00120140,,,,,0.46491125,0.12418480
VT TQQQ/cash t25 w0-80 QQQ:VOL_EWMA80 gate QQQ<SMA200,sens,sens_2019-01-03,2019-01-03,2024-01-03,false,true,"{""*"": 6, ""BTAL"": 6, ""DBMF"": 2.5, ""KMLM"": 6, ""QQQ"": 1, ""SPY"": 0.7, ""TQQQ"": 1.5}",0.03000000,tests/data/2026-08-20-net15,,0.25000000,0.80000000,QQQ<SMA200,0.03482548,0.34372772,0.03483489,0.34372772,79644.56577702,40000.00000000,39644.56577702,0.99111414,0.23910992,0.22652339,0.94982341,0.26276072,1.29432848,0.80934524,-0.29543625,605,2023,0.56208834,2022,-0.25245551,277124.06743756,41.56861012,0.68612536,0.00103922,,,,,0.43027563,0.00000000
VT TQQQ/cash t30 w0-50 QQQ:VOL_EWMA80,sens,sens_2019-01-03,2019-01-03,2024-01-03,false,true,"{""*"": 6, ""BTAL"": 6, ""DBMF"": 2.5, ""KMLM"": 6, ""QQQ"": 1, ""SPY"": 0.7, ""TQQQ"": 1.5}",0.03000000,tests/data/2026-08-20-net15,,0.30000000,0.50000000,,0.00019924,0.00053145,0.00020370,0.00053434,83536.15424603,40000.00000000,43536.15424603,1.08840386,0.26659545,0.24269804,1.01008841,0.27095205,1.40241031,0.66853250,-0.39877710,605,2023,0.76911567,2022,-0.36057524,148080.91362120,22.21213704,0.35471478,0.00055530,,,,,0.42911498,0.14916221
VT TQQQ/cash t30 w0-50 QQQ:VOL_EWMA80 gate QQQ<SMA200,sens,sens_2019-01-03,2019-01-03,2024-01-03,false,true,"{""*"": 6, ""BTAL"": 6, ""DBMF"": 2.5, ""KMLM"": 6, ""QQQ"": 1, ""SPY"": 0.7, ""TQQQ"": 1.5}",0.03000000,tests/data/2026-08-20-net15,,0.30000000,0.50000000,QQQ<SMA200,0.04118789,0.41247327,0.04119169,0.41247327,80716.36648747,40000.00000000,40716.36648747,1.01790916,0.24039827,0.23104774,0.99451594,0.24818155,1.36988185,0.77469687,-0.31031269,601,2023,0.60619907,2022,-0.27964332,109305.90361758,16.39588554,0.27392924,0.00040990,,,,,0.38812699,0.00000000
VT TQQQ/cash t30 w0-60 QQQ:VOL_EWMA80,sens,sens_2019-01-03,2019-01-03,2024-01-03,false,true,"{""*"": 6, ""BTAL"": 6, ""DBMF"": 2.5, ""KMLM"": 6, ""QQQ"": 1, ""SPY"": 0.7, ""TQQQ"": 1.5}",0.03000000,tests/data/2026-08-20-net15,,0.30000000,0.60000000,,0.00018307,0.00044992,0.00018842,0.00045090,85123.68041271,40000.00000000,45123.68041271,1.12809201,0.27643475,0.24910286,0.97737916,0.29506285,1.34388108,0.65625242,-0.42123235,752,2023,0.79072480,2022,-0.37947692,205912.81581200,30.88692237,0.48051861,0.00077217,,,,,0.47315292,0.14897236
VT TQQQ/cash t30 w0-60 QQQ:VOL_EWMA80 gate QQQ<SMA200,sens,sens_2019-01-03,2019-01-03,2024-01-03,false,true,"{""*"": 6, ""BTAL"": 6, ""DBMF"": 2.5, ""KMLM"": 6, ""QQQ"": 1, ""SPY"": 0.7, ""TQQQ"": 1.5}",0.03000000,tests/data/2026-08-20-net15,,0.30000000,0.60000000,QQQ<SMA200,0.04115894,0.41247327,0.04116382,0.41247327,82171.10828309,40000.00000000,42171.10828309,1.05427771,0.25000645,0.23710299,0.95331842,0.27430576,1.30055619,0.74054424,-0.33759827,605,2023,0.62587642,2022,-0.30117130,163236.11683900,24.48541753,0.39890924,0.00061214,,,,,0.43217752,0.00000000
VT TQQQ/cash t30 w0-70 QQQ:VOL_EWMA80,sens,sens_2019-01-03,2019-01-03,2024-01-03,false,true,"{""*"": 6, ""BTAL"": 6, ""DBMF"": 2.5, ""KMLM"": 6, ""QQQ"": 1, ""SPY"": 0.7, ""TQQQ"": 1.5}",0.03000000,tests/data/2026-08-20-net15,,0.30000000,0.70000000,,0.00021451,0.00053265,0.00022244,0.00053401,87360.41589788,40000.00000000,47360.41589788,1.18401040,0.28782572,0.25794788,0.97263050,0.31054249,1.33456963,0.67298250,-0.42768678,754,2023,0.79394917,2022,-0.38149779,284018.73392558,42.60281009,0.64190440,0.00106507,,,,,0.50677302,0.14916446
VT TQQQ/cash t30 w0-70 QQQ:VOL_EWMA80 gate QQQ<SMA200,sens,sens_2019-01-03,2019-01-03,2024-01-03,false,true,"{""*"": 6, ""BTAL"": 6, ""DBMF"": 2.5, ""KMLM"": 6, ""QQQ"": 1, ""SPY"": 0.7, ""TQQQ"": 1.5}",0.03000000,tests/data/2026-08-20-net15,,0.30000000,0.70000000,QQQ<SMA200,0.04108818,0.41247327,0.04109546,0.41247327,84209.59841557,40000.00000000,44209.59841557,1.10523996,0.26090493,0.24542823,0.94505776,0.29095412,1.28733780,0.75567551,-0.34526053,606,2023,0.62900437,2022,-0.30386772,235556.21509358,35.33343226,0.55805112,0.00088334,,,,,0.46590000,0.00000000
VT TQQQ/cash t30 w0-80 QQQ:VOL_EWMA80,sens,sens_2019-01-03,2019-01-03,2024-01-03,false,true,"{""*"": 6, ""BTAL"": 6, ""DBMF"": 2.5, ""KMLM"": 6, ""QQQ"": 1, ""SPY"": 0.7, ""TQQQ"": 1.5}",0.03000000,tests/data/2026-08-20-net15,,0.30000000,0.80000000,,0.00020245,0.00048271,0.00021241,0.00048815,88513.87615074,40000.00000000,48513.87615074,1.21284690,0.29266635,0.26243038,0.96233653,0.32137265,1.31909291,0.67735891,-0.43206984,754,2023,0.81608219,2022,-0.38145865,346013.59424793,51.90203914,0.77343317,0.00129755,,,,,0.53101920,0.14896182
VT TQQQ/cash t30 w0-80 QQQ:VOL_EWMA80 gate QQQ<SMA200,sens,sens_2019-01-03,2019-01-03,2024-01-03,false,true,"{""*"": 6, ""BTAL"": 6, ""DBMF"": 2.5, ""KMLM"": 6, ""QQQ"": 1, ""SPY"": 0.7, ""TQQQ"": 1.5}",0.03000000,tests/data/2026-08-20-net15,,0.30000000,0.80000000,QQQ<SMA200,0.04103836,0.41247327,0.04104712,0.41247327,85348.53186384,40000.00000000,45348.53186384,1.13371330,0.26585017,0.25000136,0.93345086,0.30248578,1.27085941,0.75886666,-0.35032527,753,2023,0.64945462,2022,-0.30391729,293335.06861490,44.00026029,0.68710440,0.00110001,,,,,0.49018449,0.00000000
VT TQQQ/cash t35 w0-50 QQQ:VOL_EWMA80,sens,sens_2019-01-03,2019-01-03,2024-01-03,false,true,"{""*"": 6, ""BTAL"": 6, ""DBMF"": 2.5, ""KMLM"": 6, ""QQQ"": 1, ""SPY"": 0.7, ""TQQQ"": 1.5}",0.03000000,tests/data/2026-08-20-net15,,0.35000000,0.50000000,,0.00020476,0.00057201,0.00020891,0.00057389,84449.79807240,40000.00000000,44449.79807240,1.11124495,0.27407037,0.24639728,0.97696928,0.29237482,1.36061075,0.62690094,-0.43718289,752,2023,0.82187133,2022,-0.39986527,137449.51722601,20.61742758,0.32206070,0.00051544,,,,,0.45266288,0.17401707
VT TQQQ/cash t35 w0-50 QQQ:VOL_EWMA80 gate QQQ<SMA200,sens,sens_2019-01-03,2019-01-03,2024-01-03,false,true,"{""*"": 6, ""BTAL"": 6, ""DBMF"": 2.5, ""KMLM"": 6, ""QQQ"": 1, ""SPY"": 0.7, ""TQQQ"": 1.5}",0.03000000,tests/data/2026-08-20-net15,,0.35000000,0.50000000,QQQ<SMA200,0.04721780,0.48121881,0.04722110,0.48121881,81365.07423747,40000.00000000,41365.07423747,1.03412686,0.24450357,0.23375994,0.96338592,0.26381418,1.32975448,0.72720852,-0.33622210,605,2023,0.63207787,2022,-0.30944009,94533.59601402,14.18003940,0.23340328,0.00035450,,,,,0.40565068,0.00000000
VT TQQQ/cash t35 w0-60 QQQ:VOL_EWMA80,sens,sens_2019-01-03,2019-01-03,2024-01-03,false,true,"{""*"": 6, ""BTAL"": 6, ""DBMF"": 2.5, ""KMLM"": 6, ""QQQ"": 1, ""SPY"": 0.7, ""TQQQ"": 1.5}",0.03000000,tests/data/2026-08-20-net15,,0.35000000,0.60000000,,0.00018983,0.00055294,0.00019492,0.00055642,92461.55059008,40000.00000000,52461.55059008,1.31153876,0.30531565,0.27738730,0.99374744,0.32076250,1.37775407,0.66653312,-0.45806524,749,2023,0.93357377,2022,-0.41776408,186024.28539117,27.90364281,0.41252180,0.00069759,,,,,0.50914682,0.17386645
VT TQQQ/cash t35 w0-60 QQQ:VOL_EWMA80 gate QQQ<SMA200,sens,sens_2019-01-03,2019-01-03,2024-01-03,false,true,"{""*"": 6, ""BTAL"": 6, ""DBMF"": 2.5, ""KMLM"": 6, ""QQQ"": 1, ""SPY"": 0.7, ""TQQQ"": 1.5}",0.03000000,tests/data/2026-08-20-net15,,0.35000000,0.60000000,QQQ<SMA200,0.04715415,0.48121881,0.04715829,0.48121881,89009.30077835,40000.00000000,49009.30077835,1.22523252,0.27520746,0.26433968,0.97441190,0.29495542,1.34045150,0.75491604,-0.36455374,605,2023,0.73231230,2022,-0.33003814,137832.35920224,20.67485388,0.32221712,0.00051687,,,,,0.46218345,0.00000000
VT TQQQ/cash t35 w0-70 QQQ:VOL_EWMA80,sens,sens_2019-01-03,2019-01-03,2024-01-03,false,true,"{""*"": 6, ""BTAL"": 6, ""DBMF"": 2.5, ""KMLM"": 6, ""QQQ"": 1, ""SPY"": 0.7, ""TQQQ"": 1.5}",0.03000000,tests/data/2026-08-20-net15,,0.35000000,0.70000000,,0.00017908,0.00044805,0.00018566,0.00044945,93228.74788600,40000.00000000,53228.74788600,1.33071870,0.31176280,0.28022790,0.96274869,0.34465516,1.32383010,0.65099233,-0.47890396,754,2023,0.94541751,2022,-0.43569883,258207.16751672,38.73107513,0.56027324,0.00096828,,,,,0.55204590,0.17379359
VT TQQQ/cash t35 w0-70 QQQ:VOL_EWMA80 gate QQQ<SMA200,sens,sens_2019-01-03,2019-01-03,2024-01-03,false,true,"{""*"": 6, ""BTAL"": 6, ""DBMF"": 2.5, ""KMLM"": 6, ""QQQ"": 1, ""SPY"": 0.7, ""TQQQ"": 1.5}",0.03000000,tests/data/2026-08-20-net15,,0.35000000,0.70000000,QQQ<SMA200,0.04711688,0.48121881,0.04712202,0.48121881,89646.71398515,40000.00000000,49646.71398515,1.24116785,0.28138287,0.26678230,0.93633018,0.32080460,1.27755761,0.72180886,-0.38983017,606,2023,0.74323791,2022,-0.35073301,204211.88888818,30.63178333,0.46778549,0.00076579,,,,,0.50510955,0.00000000
VT TQQQ/cash t35 w0-80 QQQ:VOL_EWMA80,sens,sens_2019-01-03,2019-01-03,2024-01-03,false,true,"{""*"": 6, ""BTAL"": 6, ""DBMF"": 2.5, ""KMLM"": 6, ""QQQ"": 1, ""SPY"": 0.7, ""TQQQ"": 1.5}",0.03000000,tests/data/2026-08-20-net15,,0.35000000,0.80000000,,0.00016528,0.00048080,0.00017445,0.00049180,95630.74869866,40000.00000000,55630.74869866,1.39076872,0.32300252,0.28898913,0.95967791,0.36063491,1.31724498,0.66611534,-0.48490480,756,2023,0.94704423,2022,-0.43783836,348054.65483848,52.20819823,0.73114610,0.00130520,,,,,0.58644648,0.17393490
VT TQQQ/cash t35 w0-80 QQQ:VOL_EWMA80 gate QQQ<SMA200,sens,sens_2019-01-03,2019-01-03,2024-01-03,false,true,"{""*"": 6, ""BTAL"": 6, ""DBMF"": 2.5, ""KMLM"": 6, ""QQQ"": 1, ""SPY"": 0.7, ""TQQQ"": 1.5}",0.03000000,tests/data/2026-08-20-net15,,0.35000000,0.80000000,QQQ<SMA200,0.04701926,0.48121881,0.04702598,0.48121881,91879.86148117,40000.00000000,51879.86148117,1.29699654,0.29236625,0.27521955,0.93111146,0.33795068,1.26887591,0.73629373,-0.39707828,753,2023,0.74490726,2022,-0.35352133,287281.96889009,43.09229533,0.63736841,0.00107731,,,,,0.53959496,0.00000000
VT TQQQ/cash t40 w0-50 QQQ:VOL_EWMA80,sens,sens_2019-01-03,2019-01-03,2024-01-03,false,true,"{""*"": 6, ""BTAL"": 6, ""DBMF"": 2.5, ""KMLM"": 6, ""QQQ"": 1, ""SPY"": 0.7, ""TQQQ"": 1.5}",0.03000000,tests/data/2026-08-20-net15,,0.40000000,0.50000000,,0.00016760,0.00059272,0.00017140,0.00059272,83079.31845844,40000.00000000,43079.31845844,1.07698296,0.27229389,0.24083475,0.93280230,0.31066984,1.29953724,0.58402482,-0.46623684,759,2023,0.83131077,2022,-0.42908988,127806.51030711,19.17097655,0.29770617,0.00047927,,,,,0.46906528,0.19862155
VT TQQQ/cash t40 w0-50 QQQ:VOL_EWMA80 gate QQQ<SMA200,sens,sens_2019-01-03,2019-01-03,2024-01-03,false,true,"{""*"": 6, ""BTAL"": 6, ""DBMF"": 2.5, ""KMLM"": 6, ""QQQ"": 1, ""SPY"": 0.7, ""TQQQ"": 1.5}",0.03000000,tests/data/2026-08-20-net15,,0.40000000,0.50000000,QQQ<SMA200,0.05087232,0.50000000,0.05087494,0.50000000,80012.07031618,40000.00000000,40012.07031618,1.00030176,0.24047489,0.22808086,0.91788042,0.27739201,1.26548889,0.65921712,-0.36478860,753,2023,0.64066400,2022,-0.33887171,84618.31093902,12.69274664,0.20914221,0.00031732,,,,,0.41836174,0.00000000
VT TQQQ/cash t40 w0-60 QQQ:VOL_EWMA80,sens,sens_2019-01-03,2019-01-03,2024-01-03,false,true,"{""*"": 6, ""BTAL"": 6, ""DBMF"": 2.5, ""KMLM"": 6, ""QQQ"": 1, ""SPY"": 0.7, ""TQQQ"": 1.5}",0.03000000,tests/data/2026-08-20-net15,,0.40000000,0.60000000,,0.00016724,0.00052213,0.00017191,0.00052274,94404.72590007,40000.00000000,54404.72590007,1.36011815,0.31576347,0.28454198,0.97425030,0.34298692,1.35600773,0.63959010,-0.49369663,753,2023,1.00614822,2022,-0.45491348,168548.58103138,25.28228715,0.36367556,0.00063206,,,,,0.53497524,0.19873690
VT TQQQ/cash t40 w0-60 QQQ:VOL_EWMA80 gate QQQ<SMA200,sens,sens_2019-01-03,2019-01-03,2024-01-03,false,true,"{""*"": 6, ""BTAL"": 6, ""DBMF"": 2.5, ""KMLM"": 6, ""QQQ"": 1, ""SPY"": 0.7, ""TQQQ"": 1.5}",0.03000000,tests/data/2026-08-20-net15,,0.40000000,0.60000000,QQQ<SMA200,0.05283355,0.54996436,0.05283746,0.54996436,90714.22077362,40000.00000000,50714.22077362,1.26785552,0.28256958,0.27083861,0.95695452,0.31170134,1.32080009,0.72601253,-0.38920759,606,2023,0.77524503,2022,-0.35916494,116146.05237677,17.42190786,0.26600963,0.00043555,,,,,0.48230970,0.00000000
VT TQQQ/cash t40 w0-70 QQQ:VOL_EWMA80,sens,sens_2019-01-03,2019-01-03,2024-01-03,false,false,"{""*"": 6, ""BTAL"": 6, ""DBMF"": 2.5, ""KMLM"": 6, ""QQQ"": 1, ""SPY"": 0.7, ""TQQQ"": 1.5}",0.03000000,tests/data/2026-08-20-net15,,0.40000000,0.70000000,,0.00015752,0.00044942,0.00016352,0.00045003,101176.94898208,40000.00000000,61176.94898208,1.52942372,0.34062944,0.30849628,0.97915020,0.37074245,1.35606348,0.66383046,-0.51312716,753,2023,1.10104358,2022,-0.47173842,224758.73830857,33.71381075,0.46340877,0.00084285,,,,,0.58893689,0.19865327
VT TQQQ/cash t40 w0-70 QQQ:VOL_EWMA80 gate QQQ<SMA200,sens,sens_2019-01-03,2019-01-03,2024-01-03,false,true,"{""*"": 6, ""BTAL"": 6, ""DBMF"": 2.5, ""KMLM"": 6, ""QQQ"": 1, ""SPY"": 0.7, ""TQQQ"": 1.5}",0.03000000,tests/data/2026-08-20-net15,,0.40000000,0.70000000,QQQ<SMA200,0.05279502,0.54996436,0.05279971,0.54996436,97093.83119055,40000.00000000,57093.83119055,1.42734578,0.30676690,0.29423046,0.95634240,0.34205716,1.31425192,0.73743679,-0.41599077,606,2023,0.85947326,2022,-0.37888681,166024.84081543,24.90372612,0.36376059,0.00062259,,,,,0.53630069,0.00000000
VT TQQQ/cash t40 w0-80 QQQ:VOL_EWMA80,sens,sens_2019-01-03,2019-01-03,2024-01-03,false,false,"{""*"": 6, ""BTAL"": 6, ""DBMF"": 2.5, ""KMLM"": 6, ""QQQ"": 1, ""SPY"": 0.7, ""TQQQ"": 1.5}",0.03000000,tests/data/2026-08-20-net15,,0.40000000,0.80000000,,0.00017038,0.00044089,0.00017856,0.00045979,101376.36176016,40000.00000000,61376.36176016,1.53440904,0.34475386,0.30917987,0.95154914,0.39454062,1.30875315,0.64795973,-0.53206062,759,2023,1.10816189,2022,-0.48833647,316530.60599485,47.47959090,0.64092112,0.00118699,,,,,0.63094323,0.19877322
VT TQQQ/cash t40 w0-80 QQQ:VOL_EWMA80 gate QQQ<SMA200,sens,sens_2019-01-03,2019-01-03,2024-01-03,false,true,"{""*"": 6, ""BTAL"": 6, ""DBMF"": 2.5, ""KMLM"": 6, ""QQQ"": 1, ""SPY"": 0.7, ""TQQQ"": 1.5}",0.03000000,tests/data/2026-08-20-net15,,0.40000000,0.80000000,QQQ<SMA200,0.05278563,0.54996436,0.05279269,0.54996436,97208.83071466,40000.00000000,57208.83071466,1.43022077,0.31084571,0.29463946,0.92353165,0.36768162,1.26058206,0.70763501,-0.43927407,754,2023,0.86607519,2022,-0.39859118,250595.45730715,37.58931860,0.53978359,0.00093973,,,,,0.57832910,0.00000000
50/50,sens,sens_2019-01-03,2019-01-03,2024-01-03,true,true,"{""*"": 6, ""BTAL"": 6, ""DBMF"": 2.5, ""KMLM"": 6, ""QQQ"": 1, ""SPY"": 0.7, ""TQQQ"": 1.5}",0.03000000,tests/data/2026-08-20-net15,,,,,0.00049047,0.00124027,0.00038377,0.00108728,80110.33375188,40000.00000000,40110.33375188,1.00275834,0.27280073,0.22849620,0.90351366,0.32700077,1.27630461,0.60918388,-0.44781344,,2023,0.69947210,2022,-0.42541948,259550.27694657,98.79894782,0.59670906,0.00246997,0.49969934,0.49891272,,,0.49978920,0.49941126
TQQQ50/BTAL50 gate QQQ<SMA200,sens,sens_2019-01-03,2019-01-03,2024-01-03,true,true,"{""*"": 6, ""BTAL"": 6, ""DBMF"": 2.5, ""KMLM"": 6, ""QQQ"": 1, ""SPY"": 0.7, ""TQQQ"": 1.5}",0.03000000,tests/data/2026-08-20-net15,,,,,0.06962933,0.49998546,0.06951100,0.50000000,75130.98077158,40000.00000000,35130.98077158,0.87827452,0.21831363,0.20684772,0.84397493,0.28180116,1.17989911,0.57890810,-0.37711275,138,2023,0.48208571,2022,-0.27942373,192583.69997612,77.26074098,0.50063811,0.00193152,0.56883701,0.49882361,,,0.43061249,0.00000000
SPY benchmark,sens,sens_2019-01-03,2019-01-03,2024-01-03,true,true,"{""*"": 6, ""BTAL"": 6, ""DBMF"": 2.5, ""KMLM"": 6, ""QQQ"": 1, ""SPY"": 0.7, ""TQQQ"": 1.5}",0.03000000,tests/data/2026-08-20-net15,,,,,0.00587216,0.01874792,0.00587334,0.01874861,60616.98696768,40000.00000000,20616.98696768,0.51542467,0.15530550,0.13535588,0.79973859,0.20800019,1.11920167,0.46539218,-0.33370886,170,2019,0.33710726,2022,-0.18233140,39744.05943331,2.78208416,0.11612921,0.00006955,,,0.99412666,0.98125139,,
VT TQQQ/BTAL t25 w0-50 QQQ:VOL_EWMA80,sens,sens_2019-07-03,2019-07-03,2024-07-03,false,true,"{""*"": 6, ""BTAL"": 6, ""DBMF"": 2.5, ""KMLM"": 6, ""QQQ"": 1, ""SPY"": 0.7, ""TQQQ"": 1.5}",0.03000000,tests/data/2026-08-20-net15,BTAL,0.25000000,0.50000000,,0.00068687,0.00216149,0.00053197,0.00183538,82686.02434636,40000.00000000,42686.02434636,1.06715061,0.22082229,0.23924657,1.01016652,0.22263916,1.42065342,0.80505139,-0.27429590,530,2023,0.48931255,2022,-0.23080826,258539.88714181,98.52115239,0.75815965,0.00246303,0.59958124,0.49816462,,,0.39970389,0.12404838
VT TQQQ/BTAL t25 w0-50 QQQ:VOL_EWMA80 gate QQQ<SMA200,sens,sens_2019-07-03,2019-07-03,2024-07-03,false,true,"{""*"": 6, ""BTAL"": 6, ""DBMF"": 2.5, ""KMLM"": 6, ""QQQ"": 1, ""SPY"": 0.7, ""TQQQ"": 1.5}",0.03000000,tests/data/2026-08-20-net15,BTAL,0.25000000,0.50000000,QQQ<SMA200,0.02741009,0.28238955,0.02725300,0.28239344,81819.40628438,40000.00000000,41819.40628438,1.04548516,0.21951227,0.23567127,1.01514720,0.21988904,1.42390956,0.86432676,-0.25396907,362,2024,0.34064702,2022,-0.14607493,220658.79414306,85.64741600,0.64486763,0.00214119,0.62633225,0.49816462,,,0.37295913,0.05920393
VT TQQQ/BTAL t25 w0-60 QQQ:VOL_EWMA80,sens,sens_2019-07-03,2019-07-03,2024-07-03,false,true,"{""*"": 6, ""BTAL"": 6, ""DBMF"": 2.5, ""KMLM"": 6, ""QQQ"": 1, ""SPY"": 0.7, ""TQQQ"": 1.5}",0.03000000,tests/data/2026-08-20-net15,BTAL,0.25000000,0.60000000,,0.00060851,0.00204776,0.00048105,0.00159928,84624.99288426,40000.00000000,44624.99288426,1.11562482,0.23042039,0.24712576,0.99132449,0.23851064,1.38894577,0.83261141,-0.27674422,530,2023,0.49862628,2022,-0.23343916,392161.02887415,147.48607273,1.12887821,0.00368715,0.56622864,0.39840072,,,0.43312594,0.12423529
VT TQQQ/BTAL t25 w0-60 QQQ:VOL_EWMA80 gate QQQ<SMA200,sens,sens_2019-07-03,2019-07-03,2024-07-03,false,true,"{""*"": 6, ""BTAL"": 6, ""DBMF"": 2.5, ""KMLM"": 6, ""QQQ"": 1, ""SPY"": 0.7, ""TQQQ"": 1.5}",0.03000000,tests/data/2026-08-20-net15,BTAL,0.25000000,0.60000000,QQQ<SMA200,0.02726623,0.28220490,0.02717272,0.28220871,83778.24671728,40000.00000000,43778.24671728,1.09445617,0.22927047,0.24370504,0.99565107,0.23591663,1.39175767,0.91461368,-0.25067465,355,2023,0.34485754,2022,-0.14878649,352311.15332114,133.88876976,1.01012019,0.00334722,0.59299207,0.39840072,,,0.40639968,0.05938866
VT TQQQ/BTAL t25 w0-70 QQQ:VOL_EWMA80,sens,sens_2019-07-03,2019-07-03,2024-07-03,false,true,"{""*"": 6, ""BTAL"": 6, ""DBMF"": 2.5, ""KMLM"": 6, ""QQQ"": 1, ""SPY"": 0.7, ""TQQQ"": 1.5}",0.03000000,tests/data/2026-08-20-net15,BTAL,0.25000000,0.70000000,,0.00066261,0.00197657,0.00047918,0.00157230,87440.63519351,40000.00000000,47440.63519351,1.18601588,0.24265096,0.25828437,0.99814185,0.24952348,1.39907015,0.86203607,-0.28148586,571,2023,0.53696912,2022,-0.23331855,513114.01156130,192.24992507,1.45022444,0.00480625,0.54300126,0.29908313,,,0.45629098,0.12401277
VT TQQQ/BTAL t25 w0-70 QQQ:VOL_EWMA80 gate QQQ<SMA200,sens,sens_2019-07-03,2019-07-03,2024-07-03,false,true,"{""*"": 6, ""BTAL"": 6, ""DBMF"": 2.5, ""KMLM"": 6, ""QQQ"": 1, ""SPY"": 0.7, ""TQQQ"": 1.5}",0.03000000,tests/data/2026-08-20-net15,BTAL,0.25000000,0.70000000,QQQ<SMA200,0.02722006,0.28201643,0.02710182,0.28202018,86597.62014815,40000.00000000,46597.62014815,1.16494050,0.24160143,0.25497754,1.00224418,0.24704450,1.40196695,0.95171824,-0.25385815,337,2023,0.37967896,2022,-0.14883972,471680.56137032,178.15946648,1.32750171,0.00445399,0.56978332,0.29908313,,,0.42961968,0.05957719
VT TQQQ/BTAL t25 w0-80 QQQ:VOL_EWMA80,sens,sens_2019-07-03,2019-07-03,2024-07-03,false,true,"{""*"": 6, ""BTAL"": 6, ""DBMF"": 2.5, ""KMLM"": 6, ""QQQ"": 1, ""SPY"": 0.7, ""TQQQ"": 1.5}",0.03000000,tests/data/2026-08-20-net15,BTAL,0.25000000,0.80000000,,0.00056671,0.00197657,0.00044752,0.00157230,90337.25123298,40000.00000000,50337.25123298,1.25843128,0.25540429,0.26943384,1.01236175,0.25835368,1.42228797,0.90720218,-0.28152963,571,2023,0.57581945,2022,-0.23342117,622101.35270868,232.90284340,1.71683899,0.00582257,0.52682425,0.19970812,,,0.47255754,0.12427692
VT TQQQ/BTAL t25 w0-80 QQQ:VOL_EWMA80 gate QQQ<SMA200,sens,sens_2019-07-03,2019-07-03,2024-07-03,false,true,"{""*"": 6, ""BTAL"": 6, ""DBMF"": 2.5, ""KMLM"": 6, ""QQQ"": 1, ""SPY"": 0.7, ""TQQQ"": 1.5}",0.03000000,tests/data/2026-08-20-net15,BTAL,0.25000000,0.80000000,QQQ<SMA200,0.02720942,0.28194535,0.02711734,0.28194902,89457.32766022,40000.00000000,49457.32766022,1.23643319,0.25426067,0.26608103,1.01590513,0.25594514,1.42459631,0.98745394,-0.25749117,324,2023,0.41433339,2022,-0.14872076,578976.84728290,218.08831740,1.59127776,0.00545221,0.55360217,0.19962105,,,0.44582364,0.05964835
VT TQQQ/BTAL t30 w0-50 QQQ:VOL_EWMA80,sens,sens_2019-07-03,2019-07-03,2024-07-03,false,true,"{""*"": 6, ""BTAL"": 6, ""DBMF"": 2.5, ""KMLM"": 6, ""QQQ"": 1, ""SPY"": 0.7, ""TQQQ"": 1.5}",0.03000000,tests/data/2026-08-20-net15,BTAL,0.30000000,0.50000000,,0.00062579,0.00204389,0.00046495,0.00166420,91375.70032071,40000.00000000,51375.70032071,1.28439251,0.25422492,0.27335345,1.05485415,0.24347379,1.49717174,0.78900338,-0.32221017,530,2023,0.62432040,2022,-0.27996832,258093.56445495,98.21658759,0.71434296,0.00245541,0.56502748,0.49833580,,,0.43432103,0.14904698
VT TQQQ/BTAL t30 w0-50 QQQ:VOL_EWMA80 gate QQQ<SMA200,sens,sens_2019-07-03,2019-07-03,2024-07-03,false,true,"{""*"": 6, ""BTAL"": 6, ""DBMF"": 2.5, ""KMLM"": 6, ""QQQ"": 1, ""SPY"": 0.7, ""TQQQ"": 1.5}",0.03000000,tests/data/2026-08-20-net15,BTAL,0.30000000,0.50000000,QQQ<SMA200,0.03194776,0.33533635,0.03182040,0.33534013,90805.45931468,40000.00000000,50805.45931468,1.27013648,0.25476597,0.27120602,1.08743544,0.23463132,1.54136907,1.01700786,-0.25050541,140,2023,0.43127902,2022,-0.18098565,212361.48070140,82.43868369,0.58306761,0.00206097,0.59647023,0.49833580,,,0.40294001,0.07457671
VT TQQQ/BTAL t30 w0-60 QQQ:VOL_EWMA80,sens,sens_2019-07-03,2019-07-03,2024-07-03,false,true,"{""*"": 6, ""BTAL"": 6, ""DBMF"": 2.5, ""KMLM"": 6, ""QQQ"": 1, ""SPY"": 0.7, ""TQQQ"": 1.5}",0.03000000,tests/data/2026-08-20-net15,BTAL,0.30000000,0.60000000,,0.00065569,0.00204776,0.00048193,0.00159928,93290.75875581,40000.00000000,53290.75875581,1.33226897,0.26155451,0.28047898,1.00135705,0.26893194,1.40019724,0.75687653,-0.34557091,533,2023,0.64736009,2022,-0.30477695,321394.57728439,121.16551545,0.88204332,0.00302914,0.51959937,0.39840072,,,0.47971284,0.14907778
VT TQQQ/BTAL t30 w0-60 QQQ:VOL_EWMA80 gate QQQ<SMA200,sens,sens_2019-07-03,2019-07-03,2024-07-03,false,true,"{""*"": 6, ""BTAL"": 6, ""DBMF"": 2.5, ""KMLM"": 6, ""QQQ"": 1, ""SPY"": 0.7, ""TQQQ"": 1.5}",0.03000000,tests/data/2026-08-20-net15,BTAL,0.30000000,0.60000000,QQQ<SMA200,0.03188946,0.33524563,0.03175807,0.33524941,92696.72741918,40000.00000000,52696.72741918,1.31741819,0.26203521,0.27828274,1.02525847,0.26097784,1.43083254,0.96349154,-0.27196421,533,2023,0.45172933,2022,-0.20939864,275572.03701336,105.36141470,0.75045046,0.00263404,0.55103781,0.39840072,,,0.44838998,0.07466742
VT TQQQ/BTAL t30 w0-70 QQQ:VOL_EWMA80,sens,sens_2019-07-03,2019-07-03,2024-07-03,false,true,"{""*"": 6, ""BTAL"": 6, ""DBMF"": 2.5, ""KMLM"": 6, ""QQQ"": 1, ""SPY"": 0.7, ""TQQQ"": 1.5}",0.03000000,tests/data/2026-08-20-net15,BTAL,0.30000000,0.70000000,,0.00058268,0.00223466,0.00043892,0.00181864,95480.21548070,40000.00000000,55480.21548070,1.38700539,0.27161004,0.28846790,0.98511583,0.28642686,1.37332243,0.76979174,-0.35283574,601,2023,0.65393704,2022,-0.30731965,478423.81742243,179.15772304,1.28640763,0.00447894,0.48509872,0.29818136,,,0.51427679,0.14908316
VT TQQQ/BTAL t30 w0-70 QQQ:VOL_EWMA80 gate QQQ<SMA200,sens,sens_2019-07-03,2019-07-03,2024-07-03,false,true,"{""*"": 6, ""BTAL"": 6, ""DBMF"": 2.5, ""KMLM"": 6, ""QQQ"": 1, ""SPY"": 0.7, ""TQQQ"": 1.5}",0.03000000,tests/data/2026-08-20-net15,BTAL,0.30000000,0.70000000,QQQ<SMA200,0.03184855,0.33495475,0.03172643,0.33495844,94842.68488247,40000.00000000,54842.68488247,1.37106712,0.27192637,0.28615860,1.00485081,0.27894248,1.39819567,0.97031457,-0.28024558,601,2023,0.45765857,2022,-0.21266041,430253.32271026,162.43193897,1.14817348,0.00406080,0.51646408,0.29818136,,,0.48294941,0.07495840
VT TQQQ/BTAL t30 w0-80 QQQ:VOL_EWMA80,sens,sens_2019-07-03,2019-07-03,2024-07-03,false,true,"{""*"": 6, ""BTAL"": 6, ""DBMF"": 2.5, ""KMLM"": 6, ""QQQ"": 1, ""SPY"": 0.7, ""TQQQ"": 1.5}",0.03000000,tests/data/2026-08-20-net15,BTAL,0.30000000,0.80000000,,0.00062804,0.00206012,0.00047893,0.00174076,97943.53562043,40000.00000000,57943.53562043,1.44858839,0.28120523,0.29726405,0.98161906,0.29886338,1.36777609,0.78223205,-0.35949081,605,2023,0.69068652,2022,-0.30734659,612530.23832842,228.82833097,1.62436046,0.00572071,0.46029740,0.19844339,,,0.53902431,0.14913780
VT TQQQ/BTAL t30 w0-80 QQQ:VOL_EWMA80 gate QQQ<SMA200,sens,sens_2019-07-03,2019-07-03,2024-07-03,false,true,"{""*"": 6, ""BTAL"": 6, ""DBMF"": 2.5, ""KMLM"": 6, ""QQQ"": 1, ""SPY"": 0.7, ""TQQQ"": 1.5}",0.03000000,tests/data/2026-08-20-net15,BTAL,0.30000000,0.80000000,QQQ<SMA200,0.03191816,0.33495009,0.03178871,0.33495375,97346.44410194,40000.00000000,57346.44410194,1.43366110,0.28172685,0.29515009,0.99994583,0.29166733,1.39091706,0.98019836,-0.28741820,602,2023,0.49003268,2022,-0.21242830,563439.43752723,211.81167635,1.48220817,0.00529529,0.49169392,0.19844339,,,0.50766128,0.07496309
VT TQQQ/BTAL t35 w0-50 QQQ:VOL_EWMA80,sens,sens_2019-07-03,2019-07-03,2024-07-03,false,true,"{""*"": 6, ""BTAL"": 6, ""DBMF"": 2.5, ""KMLM"": 6, ""QQQ"": 1, ""SPY"": 0.7, ""TQQQ"": 1.5}",0.03000000,tests/data/2026-08-20-net15,BTAL,0.35000000,0.50000000,,0.00057272,0.00193615,0.00042788,0.00150846,92920.39385239,40000.00000000,52920.39385239,1.32300985,0.26259648,0.27911114,1.02417759,0.26181591,1.45439990,0.71327716,-0.36815490,535,2023,0.68807424,2022,-0.32760289,248205.82033278,94.31647433,0.67349881,0.00235791,0.54320397,0.49849154,,,0.45619944,0.17380607
VT TQQQ/BTAL t35 w0-50 QQQ:VOL_EWMA80 gate QQQ<SMA200,sens,sens_2019-07-03,2019-07-03,2024-07-03,false,true,"{""*"": 6, ""BTAL"": 6, ""DBMF"": 2.5, ""KMLM"": 6, ""QQQ"": 1, ""SPY"": 0.7, ""TQQQ"": 1.5}",0.03000000,tests/data/2026-08-20-net15,BTAL,0.35000000,0.50000000,QQQ<SMA200,0.03642287,0.38717149,0.03629039,0.38717526,92799.50935978,40000.00000000,52799.50935978,1.31998773,0.26512510,0.27866364,1.08229097,0.24586313,1.53686080,0.97001191,-0.27332149,535,2023,0.46176607,2022,-0.21566358,196643.80757584,76.33236808,0.52690433,0.00190831,0.57911141,0.49849154,,,0.42030882,0.09106105
VT TQQQ/BTAL t35 w0-60 QQQ:VOL_EWMA80,sens,sens_2019-07-03,2019-07-03,2024-07-03,false,true,"{""*"": 6, ""BTAL"": 6, ""DBMF"": 2.5, ""KMLM"": 6, ""QQQ"": 1, ""SPY"": 0.7, ""TQQQ"": 1.5}",0.03000000,tests/data/2026-08-20-net15,BTAL,0.35000000,0.60000000,,0.00056482,0.00204776,0.00044308,0.00183822,103471.63254380,40000.00000000,63471.63254380,1.58679081,0.29618909,0.31631226,1.03654901,0.29236163,1.46095887,0.75730739,-0.39110814,535,2023,0.80185186,2022,-0.35086999,294412.56689678,110.99218734,0.76140515,0.00277480,0.48388266,0.39840072,,,0.51552440,0.17370745
VT TQQQ/BTAL t35 w0-60 QQQ:VOL_EWMA80 gate QQQ<SMA200,sens,sens_2019-07-03,2019-07-03,2024-07-03,false,true,"{""*"": 6, ""BTAL"": 6, ""DBMF"": 2.5, ""KMLM"": 6, ""QQQ"": 1, ""SPY"": 0.7, ""TQQQ"": 1.5}",0.03000000,tests/data/2026-08-20-net15,BTAL,0.35000000,0.60000000,QQQ<SMA200,0.03635105,0.38677690,0.03624121,0.38678057,103353.26939151,40000.00000000,63353.26939151,1.58383173,0.29875295,0.31591394,1.08200680,0.27815855,1.52380471,0.97585364,-0.30614524,535,2023,0.56054865,2022,-0.24306013,241356.77709754,92.46627109,0.61652269,0.00231166,0.51974326,0.39840072,,,0.47968790,0.09145574
VT TQQQ/BTAL t35 w0-70 QQQ:VOL_EWMA80,sens,sens_2019-07-03,2019-07-03,2024-07-03,false,true,"{""*"": 6, ""BTAL"": 6, ""DBMF"": 2.5, ""KMLM"": 6, ""QQQ"": 1, ""SPY"": 0.7, ""TQQQ"": 1.5}",0.03000000,tests/data/2026-08-20-net15,BTAL,0.35000000,0.70000000,,0.00063186,0.00236731,0.00047683,0.00181864,104374.66764608,40000.00000000,64374.66764608,1.60936669,0.29980910,0.31933803,0.98494948,0.31891341,1.37134327,0.72098703,-0.41583148,605,2023,0.81471313,2022,-0.37369233,395832.86546429,148.47130483,1.02069150,0.00371178,0.43962591,0.29818136,,,0.55970560,0.17381788
VT TQQQ/BTAL t35 w0-70 QQQ:VOL_EWMA80 gate QQQ<SMA200,sens,sens_2019-07-03,2019-07-03,2024-07-03,false,true,"{""*"": 6, ""BTAL"": 6, ""DBMF"": 2.5, ""KMLM"": 6, ""QQQ"": 1, ""SPY"": 0.7, ""TQQQ"": 1.5}",0.03000000,tests/data/2026-08-20-net15,BTAL,0.35000000,0.70000000,QQQ<SMA200,0.03639905,0.38689226,0.03627944,0.38689596,104222.33247518,40000.00000000,64222.33247518,1.60555831,0.30229697,0.31882923,1.01964686,0.30596719,1.41722532,0.89996909,-0.33589705,602,2023,0.57167122,2022,-0.26983336,343004.59728647,129.99575267,0.87382977,0.00324989,0.47551913,0.29818136,,,0.52387872,0.09134035
VT TQQQ/BTAL t35 w0-80 QQQ:VOL_EWMA80,sens,sens_2019-07-03,2019-07-03,2024-07-03,false,true,"{""*"": 6, ""BTAL"": 6, ""DBMF"": 2.5, ""KMLM"": 6, ""QQQ"": 1, ""SPY"": 0.7, ""TQQQ"": 1.5}",0.03000000,tests/data/2026-08-20-net15,BTAL,0.35000000,0.80000000,,0.00061811,0.00247646,0.00047852,0.00191855,106601.73963273,40000.00000000,66601.73963273,1.66504349,0.30956235,0.32670269,0.97097324,0.33763041,1.34856970,0.72872343,-0.42480087,606,2023,0.81825547,2022,-0.37696057,572509.47977239,213.88179482,1.44619318,0.00534704,0.40419754,0.19821908,,,0.59513745,0.17397630
VT TQQQ/BTAL t35 w0-80 QQQ:VOL_EWMA80 gate QQQ<SMA200,sens,sens_2019-07-03,2019-07-03,2024-07-03,false,true,"{""*"": 6, ""BTAL"": 6, ""DBMF"": 2.5, ""KMLM"": 6, ""QQQ"": 1, ""SPY"": 0.7, ""TQQQ"": 1.5}",0.03000000,tests/data/2026-08-20-net15,BTAL,0.35000000,0.80000000,QQQ<SMA200,0.03626596,0.38627302,0.03615017,0.38627663,106451.60092664,40000.00000000,66451.60092664,1.66129002,0.31200037,0.32621048,1.00064661,0.32543318,1.38744593,0.90088611,-0.34632609,605,2023,0.57505172,2022,-0.27406324,517750.92234260,194.68591040,1.29210311,0.00486715,0.43994790,0.19821908,,,0.55944232,0.09195968
VT TQQQ/BTAL t40 w0-50 QQQ:VOL_EWMA80,sens,sens_2019-07-03,2019-07-03,2024-07-03,false,true,"{""*"": 6, ""BTAL"": 6, ""DBMF"": 2.5, ""KMLM"": 6, ""QQQ"": 1, ""SPY"": 0.7, ""TQQQ"": 1.5}",0.03000000,tests/data/2026-08-20-net15,BTAL,0.40000000,0.50000000,,0.00061050,0.00193615,0.00046253,0.00150846,91516.54513173,40000.00000000,51516.54513173,1.28791363,0.25967897,0.27388201,0.97175964,0.27809575,1.37681273,0.64854409,-0.40040295,683,2023,0.69945785,2022,-0.36188445,235484.19542541,89.85056359,0.63954715,0.00224626,0.52783513,0.49849154,,,0.47153175,0.19887449
VT TQQQ/BTAL t40 w0-50 QQQ:VOL_EWMA80 gate QQQ<SMA200,sens,sens_2019-07-03,2019-07-03,2024-07-03,false,true,"{""*"": 6, ""BTAL"": 6, ""DBMF"": 2.5, ""KMLM"": 6, ""QQQ"": 1, ""SPY"": 0.7, ""TQQQ"": 1.5}",0.03000000,tests/data/2026-08-20-net15,BTAL,0.40000000,0.50000000,QQQ<SMA200,0.03933591,0.39104988,0.03920589,0.39105372,91913.47892545,40000.00000000,51913.47892545,1.29783697,0.26385640,0.27536773,1.04613719,0.25579376,1.48282397,0.87619623,-0.30113848,568,2023,0.47120502,2022,-0.25049713,183672.60389370,71.77883576,0.49141382,0.00179447,0.56663773,0.49849154,,,0.43276160,0.10894628
VT TQQQ/BTAL t40 w0-60 QQQ:VOL_EWMA80,sens,sens_2019-07-03,2019-07-03,2024-07-03,false,true,"{""*"": 6, ""BTAL"": 6, ""DBMF"": 2.5, ""KMLM"": 6, ""QQQ"": 1, ""SPY"": 0.7, ""TQQQ"": 1.5}",0.03000000,tests/data/2026-08-20-net15,BTAL,0.40000000,0.60000000,,0.00059724,0.00231967,0.00045158,0.00177870,106642.87826914,40000.00000000,66642.87826914,1.66607196,0.30882645,0.32683745,1.01973425,0.31280963,1.44070444,0.71016654,-0.43486482,567,2023,0.88998196,2022,-0.39541395,287588.11636555,108.65687251,0.72391839,0.00271642,0.45944897,0.39822130,,,0.53992745,0.19881263
VT TQQQ/BTAL t40 w0-60 QQQ:VOL_EWMA80 gate QQQ<SMA200,sens,sens_2019-07-03,2019-07-03,2024-07-03,false,true,"{""*"": 6, ""BTAL"": 6, ""DBMF"": 2.5, ""KMLM"": 6, ""QQQ"": 1, ""SPY"": 0.7, ""TQQQ"": 1.5}",0.03000000,tests/data/2026-08-20-net15,BTAL,0.40000000,0.60000000,QQQ<SMA200,0.04048634,0.43668382,0.04036652,0.43668748,107183.61172423,40000.00000000,67183.61172423,1.67959029,0.31379411,0.32860453,1.08464506,0.29169285,1.53261862,0.93383928,-0.33602582,563,2023,0.61076190,2022,-0.27707725,228688.19261698,87.89120918,0.56576693,0.00219728,0.49944333,0.39822130,,,0.49998874,0.10986831
VT TQQQ/BTAL t40 w0-70 QQQ:VOL_EWMA80,sens,sens_2019-07-03,2019-07-03,2024-07-03,false,true,"{""*"": 6, ""BTAL"": 6, ""DBMF"": 2.5, ""KMLM"": 6, ""QQQ"": 1, ""SPY"": 0.7, ""TQQQ"": 1.5}",0.03000000,tests/data/2026-08-20-net15,BTAL,0.40000000,0.70000000,,0.00056794,0.00223466,0.00043654,0.00181864,115646.08504588,40000.00000000,75646.08504588,1.89115213,0.33435648,0.35528514,1.01382612,0.34401493,1.42148517,0.73174794,-0.45692848,605,2023,0.98323147,2022,-0.41687332,334419.13291757,125.21437922,0.81275075,0.00313036,0.40298649,0.29818136,,,0.59641463,0.19887495
VT TQQQ/BTAL t40 w0-70 QQQ:VOL_EWMA80 gate QQQ<SMA200,sens,sens_2019-07-03,2019-07-03,2024-07-03,false,true,"{""*"": 6, ""BTAL"": 6, ""DBMF"": 2.5, ""KMLM"": 6, ""QQQ"": 1, ""SPY"": 0.7, ""TQQQ"": 1.5}",0.03000000,tests/data/2026-08-20-net15,BTAL,0.40000000,0.70000000,QQQ<SMA200,0.04046039,0.43650412,0.04036180,0.43650772,116257.61391791,40000.00000000,76257.61391791,1.90644035,0.33942390,0.35714609,1.06540782,0.32491640,1.49259747,0.92296331,-0.36775449,601,2023,0.69041436,2022,-0.30276472,274274.38450054,104.05110031,0.65518081,0.00260128,0.44298981,0.29818136,,,0.55647181,0.11004807
VT TQQQ/BTAL t40 w0-80 QQQ:VOL_EWMA80,sens,sens_2019-07-03,2019-07-03,2024-07-03,false,true,"{""*"": 6, ""BTAL"": 6, ""DBMF"": 2.5, ""KMLM"": 6, ""QQQ"": 1, ""SPY"": 0.7, ""TQQQ"": 1.5}",0.03000000,tests/data/2026-08-20-net15,BTAL,0.40000000,0.80000000,,0.00054309,0.00221309,0.00042980,0.00178092,115659.71631827,40000.00000000,75659.71631827,1.89149291,0.33517940,0.35532671,0.96782124,0.37132196,1.34373174,0.69465010,-0.48251544,752,2023,0.99092671,2022,-0.43858055,479027.84636355,179.06684065,1.16580207,0.00447667,0.35965532,0.19821908,,,0.63976024,0.19870972
VT TQQQ/BTAL t40 w0-80 QQQ:VOL_EWMA80 gate QQQ<SMA200,sens,sens_2019-07-03,2019-07-03,2024-07-03,false,true,"{""*"": 6, ""BTAL"": 6, ""DBMF"": 2.5, ""KMLM"": 6, ""QQQ"": 1, ""SPY"": 0.7, ""TQQQ"": 1.5}",0.03000000,tests/data/2026-08-20-net15,BTAL,0.40000000,0.80000000,QQQ<SMA200,0.04039250,0.43641813,0.04030193,0.43642177,116240.72134245,40000.00000000,76240.72134245,1.90601803,0.34019360,0.35709480,1.00849621,0.35373462,1.39789570,0.85379375,-0.39844939,606,2023,0.69724141,2022,-0.32897666,419935.37384394,158.27229877,1.00486342,0.00395681,0.39955475,0.19821908,,,0.59989451,0.11013402
VT TQQQ/cash t25 w0-50 QQQ:VOL_EWMA80,sens,sens_2019-07-03,2019-07-03,2024-07-03,false,true,"{""*"": 6, ""BTAL"": 6, ""DBMF"": 2.5, ""KMLM"": 6, ""QQQ"": 1, ""SPY"": 0.7, ""TQQQ"": 1.5}",0.03000000,tests/data/2026-08-20-net15,,0.25000000,0.50000000,,0.00029251,0.00079695,0.00029793,0.00079966,85778.77524222,40000.00000000,45778.77524222,1.14446938,0.24034450,0.25173786,0.99976701,0.24651867,1.38315058,0.66938943,-0.35905033,605,2023,0.64406683,2022,-0.31982631,136164.75316537,20.42471297,0.37069839,0.00051062,,,,,0.39972308,0.12425524
VT TQQQ/cash t25 w0-50 QQQ:VOL_EWMA80 gate QQQ<SMA200,sens,sens_2019-07-03,2019-07-03,2024-07-03,false,true,"{""*"": 6, ""BTAL"": 6, ""DBMF"": 2.5, ""KMLM"": 6, ""QQQ"": 1, ""SPY"": 0.7, ""TQQQ"": 1.5}",0.03000000,tests/data/2026-08-20-net15,,0.25000000,0.50000000,QQQ<SMA200,0.02613007,0.27554329,0.02613474,0.27554329,86440.31091490,40000.00000000,46440.31091490,1.16100777,0.24438961,0.25435730,1.06794682,0.23019107,1.47148234,0.86725354,-0.28179718,601,2023,0.51301672,2022,-0.24878487,115067.36974044,17.26010546,0.30936374,0.00043150,,,,,0.37388628,0.06605407
VT TQQQ/cash t25 w0-60 QQQ:VOL_EWMA80,sens,sens_2019-07-03,2019-07-03,2024-07-03,false,true,"{""*"": 6, ""BTAL"": 6, ""DBMF"": 2.5, ""KMLM"": 6, ""QQQ"": 1, ""SPY"": 0.7, ""TQQQ"": 1.5}",0.03000000,tests/data/2026-08-20-net15,,0.25000000,0.60000000,,0.00021554,0.00076529,0.00022285,0.00077187,89110.63875718,40000.00000000,49110.63875718,1.22776597,0.25505229,0.26475194,1.00137332,0.26185558,1.38372832,0.69684055,-0.36601242,606,2023,0.64865798,2022,-0.32180103,214516.56587626,32.17748488,0.56917109,0.00080444,,,,,0.43319559,0.12394378
VT TQQQ/cash t25 w0-60 QQQ:VOL_EWMA80 gate QQQ<SMA200,sens,sens_2019-07-03,2019-07-03,2024-07-03,false,true,"{""*"": 6, ""BTAL"": 6, ""DBMF"": 2.5, ""KMLM"": 6, ""QQQ"": 1, ""SPY"": 0.7, ""TQQQ"": 1.5}",0.03000000,tests/data/2026-08-20-net15,,0.25000000,0.60000000,QQQ<SMA200,0.02604238,0.27522341,0.02604892,0.27522341,89818.78596035,40000.00000000,49818.78596035,1.24546965,0.25915319,0.26746185,1.06102876,0.24654552,1.46077478,0.89473945,-0.28964095,605,2023,0.51748698,2022,-0.25105405,193319.64811798,28.99794722,0.50648309,0.00072495,,,,,0.40736951,0.06637396
VT TQQQ/cash t25 w0-70 QQQ:VOL_EWMA80,sens,sens_2019-07-03,2019-07-03,2024-07-03,false,true,"{""*"": 6, ""BTAL"": 6, ""DBMF"": 2.5, ""KMLM"": 6, ""QQQ"": 1, ""SPY"": 0.7, ""TQQQ"": 1.5}",0.03000000,tests/data/2026-08-20-net15,,0.25000000,0.70000000,,0.00024706,0.00066948,0.00025568,0.00069283,92547.93745105,40000.00000000,52547.93745105,1.31369844,0.26881838,0.27773068,1.01466179,0.27185088,1.40467578,0.72572268,-0.37041475,752,2023,0.67218479,2022,-0.32177946,283305.62282537,42.49584342,0.73731974,0.00106240,,,,,0.45636467,0.12428000
VT TQQQ/cash t25 w0-70 QQQ:VOL_EWMA80 gate QQQ<SMA200,sens,sens_2019-07-03,2019-07-03,2024-07-03,false,true,"{""*"": 6, ""BTAL"": 6, ""DBMF"": 2.5, ""KMLM"": 6, ""QQQ"": 1, ""SPY"": 0.7, ""TQQQ"": 1.5}",0.03000000,tests/data/2026-08-20-net15,,0.25000000,0.70000000,QQQ<SMA200,0.02600692,0.27504296,0.02601475,0.27504296,93295.34063500,40000.00000000,53295.34063500,1.33238352,0.27296123,0.28049587,1.07019018,0.25716841,1.47687020,0.92633556,-0.29466777,605,2023,0.53937800,2022,-0.25117275,261836.54757685,39.27548214,0.67287279,0.00098189,,,,,0.43060559,0.06655440
VT TQQQ/cash t25 w0-80 QQQ:VOL_EWMA80,sens,sens_2019-07-03,2019-07-03,2024-07-03,false,true,"{""*"": 6, ""BTAL"": 6, ""DBMF"": 2.5, ""KMLM"": 6, ""QQQ"": 1, ""SPY"": 0.7, ""TQQQ"": 1.5}",0.03000000,tests/data/2026-08-20-net15,,0.25000000,0.80000000,,0.00025118,0.00079814,0.00026167,0.00081355,96210.11299757,40000.00000000,56210.11299757,1.40525282,0.28339140,0.29109504,1.03545417,0.27949326,1.43789814,0.76545902,-0.37022413,752,2023,0.69587324,2022,-0.32160798,344079.60785646,51.61194118,0.87287448,0.00129030,,,,,0.47256850,0.12394457
VT TQQQ/cash t25 w0-80 QQQ:VOL_EWMA80 gate QQQ<SMA200,sens,sens_2019-07-03,2019-07-03,2024-07-03,false,true,"{""*"": 6, ""BTAL"": 6, ""DBMF"": 2.5, ""KMLM"": 6, ""QQQ"": 1, ""SPY"": 0.7, ""TQQQ"": 1.5}",0.03000000,tests/data/2026-08-20-net15,,0.25000000,0.80000000,QQQ<SMA200,0.02602225,0.27492079,0.02603215,0.27492079,96989.71910682,40000.00000000,56989.71910682,1.42474298,0.28753478,0.29388164,1.08867903,0.26522611,1.50777331,0.97619324,-0.29454699,605,2023,0.56127317,2022,-0.25111118,322425.95201362,48.36389280,0.80760803,0.00120910,,,,,0.44679802,0.06667657
VT TQQQ/cash t30 w0-50 QQQ:VOL_EWMA80,sens,sens_2019-07-03,2019-07-03,2024-07-03,false,true,"{""*"": 6, ""BTAL"": 6, ""DBMF"": 2.5, ""KMLM"": 6, ""QQQ"": 1, ""SPY"": 0.7, ""TQQQ"": 1.5}",0.03000000,tests/data/2026-08-20-net15,,0.30000000,0.50000000,,0.00025587,0.00069136,0.00026054,0.00069363,92975.28911835,40000.00000000,52975.28911835,1.32438223,0.26611763,0.27931419,1.00720489,0.27165755,1.40538247,0.66749986,-0.39867817,605,2023,0.76907532,2022,-0.36046114,122296.72409675,18.34450861,0.31887505,0.00045861,,,,,0.43433042,0.14891116
VT TQQQ/cash t30 w0-50 QQQ:VOL_EWMA80 gate QQQ<SMA200,sens,sens_2019-07-03,2019-07-03,2024-07-03,false,true,"{""*"": 6, ""BTAL"": 6, ""DBMF"": 2.5, ""KMLM"": 6, ""QQQ"": 1, ""SPY"": 0.7, ""TQQQ"": 1.5}",0.03000000,tests/data/2026-08-20-net15,,0.30000000,0.50000000,QQQ<SMA200,0.03059567,0.32695037,0.03059946,0.32695037,94147.41875113,40000.00000000,54147.41875113,1.35368547,0.27203847,0.28362441,1.08909816,0.25043480,1.51440573,0.87863214,-0.30961588,601,2023,0.60503526,2022,-0.27843434,97534.06383541,14.63010958,0.25012399,0.00036575,,,,,0.40399150,0.08296647
VT TQQQ/cash t30 w0-60 QQQ:VOL_EWMA80,sens,sens_2019-07-03,2019-07-03,2024-07-03,false,true,"{""*"": 6, ""BTAL"": 6, ""DBMF"": 2.5, ""KMLM"": 6, ""QQQ"": 1, ""SPY"": 0.7, ""TQQQ"": 1.5}",0.03000000,tests/data/2026-08-20-net15,,0.30000000,0.60000000,,0.00029012,0.00070388,0.00029645,0.00070496,96383.86267023,40000.00000000,56383.86267023,1.40959657,0.27858515,0.29171781,0.98108456,0.29609434,1.35702127,0.66124191,-0.42130595,752,2023,0.79068745,2022,-0.37953284,172443.77786597,25.86656668,0.44270579,0.00064666,,,,,0.47972877,0.14897026
VT TQQQ/cash t30 w0-60 QQQ:VOL_EWMA80 gate QQQ<SMA200,sens,sens_2019-07-03,2019-07-03,2024-07-03,false,true,"{""*"": 6, ""BTAL"": 6, ""DBMF"": 2.5, ""KMLM"": 6, ""QQQ"": 1, ""SPY"": 0.7, ""TQQQ"": 1.5}",0.03000000,tests/data/2026-08-20-net15,,0.30000000,0.60000000,QQQ<SMA200,0.03062210,0.32698522,0.03062764,0.32698522,97646.73299974,40000.00000000,57646.73299974,1.44116832,0.28469213,0.29621467,1.04689820,0.27674601,1.44228074,0.84533479,-0.33678033,605,2023,0.62473215,2022,-0.29975195,147786.98046354,22.16804707,0.37312484,0.00055420,,,,,0.44939757,0.08293162
VT TQQQ/cash t30 w0-70 QQQ:VOL_EWMA80,sens,sens_2019-07-03,2019-07-03,2024-07-03,false,true,"{""*"": 6, ""BTAL"": 6, ""DBMF"": 2.5, ""KMLM"": 6, ""QQQ"": 1, ""SPY"": 0.7, ""TQQQ"": 1.5}",0.03000000,tests/data/2026-08-20-net15,,0.30000000,0.70000000,,0.00028161,0.00069536,0.00029036,0.00070521,100270.14602231,40000.00000000,60270.14602231,1.50675365,0.29431220,0.30539387,0.98626609,0.31189252,1.36307671,0.68827947,-0.42760566,754,2023,0.79384370,2022,-0.38146637,261057.24274259,39.15858641,0.65160707,0.00097896,,,,,0.51425197,0.14905965
VT TQQQ/cash t30 w0-70 QQQ:VOL_EWMA80 gate QQQ<SMA200,sens,sens_2019-07-03,2019-07-03,2024-07-03,false,true,"{""*"": 6, ""BTAL"": 6, ""DBMF"": 2.5, ""KMLM"": 6, ""QQQ"": 1, ""SPY"": 0.7, ""TQQQ"": 1.5}",0.03000000,tests/data/2026-08-20-net15,,0.30000000,0.70000000,QQQ<SMA200,0.03054637,0.32656436,0.03055413,0.32656436,101565.69064069,40000.00000000,61565.69064069,1.53914227,0.30035133,0.30984879,1.04466885,0.29362535,1.43851027,0.87244850,-0.34426253,606,2023,0.62774781,2022,-0.30229859,236295.21564185,35.44428235,0.58007409,0.00088611,,,,,0.48398821,0.08335248
VT TQQQ/cash t30 w0-80 QQQ:VOL_EWMA80,sens,sens_2019-07-03,2019-07-03,2024-07-03,false,true,"{""*"": 6, ""BTAL"": 6, ""DBMF"": 2.5, ""KMLM"": 6, ""QQQ"": 1, ""SPY"": 0.7, ""TQQQ"": 1.5}",0.03000000,tests/data/2026-08-20-net15,,0.30000000,0.80000000,,0.00022263,0.00073272,0.00023260,0.00074432,103630.07212975,40000.00000000,63630.07212975,1.59075180,0.30640635,0.31684482,0.99275117,0.32274905,1.37322872,0.70929070,-0.43198981,754,2023,0.81614147,2022,-0.38136717,336454.80856882,50.46822129,0.82635955,0.00126171,,,,,0.53909111,0.14910660
VT TQQQ/cash t30 w0-80 QQQ:VOL_EWMA80 gate QQQ<SMA200,sens,sens_2019-07-03,2019-07-03,2024-07-03,false,true,"{""*"": 6, ""BTAL"": 6, ""DBMF"": 2.5, ""KMLM"": 6, ""QQQ"": 1, ""SPY"": 0.7, ""TQQQ"": 1.5}",0.03000000,tests/data/2026-08-20-net15,,0.30000000,0.80000000,QQQ<SMA200,0.03049067,0.32641689,0.03049916,0.32641689,104982.04877566,40000.00000000,64982.04877566,1.62455122,0.31250143,0.32136020,1.04725521,0.30511871,1.44383688,0.89464861,-0.34930075,752,2023,0.64813572,2022,-0.30227617,311815.25708173,46.77228856,0.75319979,0.00116931,,,,,0.50882455,0.08349995
VT TQQQ/cash t35 w0-50 QQQ:VOL_EWMA80,sens,sens_2019-07-03,2019-07-03,2024-07-03,false,true,"{""*"": 6, ""BTAL"": 6, ""DBMF"": 2.5, ""KMLM"": 6, ""QQQ"": 1, ""SPY"": 0.7, ""TQQQ"": 1.5}",0.03000000,tests/data/2026-08-20-net15,,0.35000000,0.50000000,,0.00027660,0.00070122,0.00028054,0.00070178,93202.42835237,40000.00000000,53202.42835237,1.33006071,0.26872611,0.28015319,0.96253717,0.29256048,1.34508575,0.61462797,-0.43721752,752,2023,0.82185362,2022,-0.39990386,115373.45548022,17.30601832,0.29833548,0.00043265,,,,,0.45620134,0.17371054
VT TQQQ/cash t35 w0-50 QQQ:VOL_EWMA80 gate QQQ<SMA200,sens,sens_2019-07-03,2019-07-03,2024-07-03,false,true,"{""*"": 6, ""BTAL"": 6, ""DBMF"": 2.5, ""KMLM"": 6, ""QQQ"": 1, ""SPY"": 0.7, ""TQQQ"": 1.5}",0.03000000,tests/data/2026-08-20-net15,,0.35000000,0.50000000,QQQ<SMA200,0.03492253,0.37731621,0.03492586,0.37731621,94958.28775339,40000.00000000,54958.28775339,1.37395719,0.27692917,0.28657837,1.05553327,0.26582882,1.46940618,0.82637215,-0.33511436,605,2023,0.63071291,2022,-0.30765504,87927.38165598,13.18910725,0.22258671,0.00032973,,,,,0.42155602,0.10092010
VT TQQQ/cash t35 w0-60 QQQ:VOL_EWMA80,sens,sens_2019-07-03,2019-07-03,2024-07-03,false,true,"{""*"": 6, ""BTAL"": 6, ""DBMF"": 2.5, ""KMLM"": 6, ""QQQ"": 1, ""SPY"": 0.7, ""TQQQ"": 1.5}",0.03000000,tests/data/2026-08-20-net15,,0.35000000,0.60000000,,0.00027993,0.00065912,0.00028533,0.00066368,104869.37944679,40000.00000000,64869.37944679,1.62173449,0.30564922,0.32098586,0.99306415,0.32165396,1.38388555,0.66728834,-0.45804669,749,2023,0.93333657,2022,-0.41772234,144765.44338362,21.71481651,0.35543321,0.00054287,,,,,0.51548063,0.17371320
VT TQQQ/cash t35 w0-60 QQQ:VOL_EWMA80 gate QQQ<SMA200,sens,sens_2019-07-03,2019-07-03,2024-07-03,false,true,"{""*"": 6, ""BTAL"": 6, ""DBMF"": 2.5, ""KMLM"": 6, ""QQQ"": 1, ""SPY"": 0.7, ""TQQQ"": 1.5}",0.03000000,tests/data/2026-08-20-net15,,0.35000000,0.60000000,QQQ<SMA200,0.03487168,0.37695030,0.03487527,0.37695030,106878.26958741,40000.00000000,66878.26958741,1.67195674,0.31405086,0.32760766,1.06996041,0.29757201,1.48583439,0.86383517,-0.36355415,605,2023,0.73067686,2022,-0.32836565,116338.53265514,17.45077990,0.27960879,0.00043627,,,,,0.48089069,0.10128601
VT TQQQ/cash t35 w0-70 QQQ:VOL_EWMA80,sens,sens_2019-07-03,2019-07-03,2024-07-03,false,true,"{""*"": 6, ""BTAL"": 6, ""DBMF"": 2.5, ""KMLM"": 6, ""QQQ"": 1, ""SPY"": 0.7, ""TQQQ"": 1.5}",0.03000000,tests/data/2026-08-20-net15,,0.35000000,0.70000000,,0.00026744,0.00065357,0.00027484,0.00065480,107620.55214268,40000.00000000,67620.55214268,1.69051380,0.31522427,0.33002669,0.96852297,0.34588711,1.33978192,0.65858242,-0.47864058,754,2023,0.94529368,2022,-0.43543416,212219.66577057,31.83294987,0.51536251,0.00079582,,,,,0.55975458,0.17371525
VT TQQQ/cash t35 w0-70 QQQ:VOL_EWMA80 gate QQQ<SMA200,sens,sens_2019-07-03,2019-07-03,2024-07-03,false,true,"{""*"": 6, ""BTAL"": 6, ""DBMF"": 2.5, ""KMLM"": 6, ""QQQ"": 1, ""SPY"": 0.7, ""TQQQ"": 1.5}",0.03000000,tests/data/2026-08-20-net15,,0.35000000,0.70000000,QQQ<SMA200,0.03482939,0.37687098,0.03483599,0.37687098,109673.60295754,40000.00000000,69673.60295754,1.74184007,0.32364579,0.33664174,1.03185552,0.32363166,1.42175074,0.83241634,-0.38880278,606,2023,0.74160293,2022,-0.34900180,184238.98360187,27.63584754,0.43807885,0.00069090,,,,,0.52519343,0.10136533
VT TQQQ/cash t35 w0-80 QQQ:VOL_EWMA80,sens,sens_2019-07-03,2019-07-03,2024-07-03,false,true,"{""*"": 6, ""BTAL"": 6, ""DBMF"": 2.5, ""KMLM"": 6, ""QQQ"": 1, ""SPY"": 0.7, ""TQQQ"": 1.5}",0.03000000,tests/data/2026-08-20-net15,,0.35000000,0.80000000,,0.00022548,0.00069898,0.00023522,0.00069977,111895.09209038,40000.00000000,71895.09209038,1.79737730,0.33118983,0.34367800,0.97440256,0.36223824,1.34703847,0.68298809,-0.48491303,756,2023,0.94697493,2022,-0.43784080,311120.63573327,46.66809536,0.73413105,0.00116670,,,,,0.59519041,0.17382501
VT TQQQ/cash t35 w0-80 QQQ:VOL_EWMA80 gate QQQ<SMA200,sens,sens_2019-07-03,2019-07-03,2024-07-03,false,true,"{""*"": 6, ""BTAL"": 6, ""DBMF"": 2.5, ""KMLM"": 6, ""QQQ"": 1, ""SPY"": 0.7, ""TQQQ"": 1.5}",0.03000000,tests/data/2026-08-20-net15,,0.35000000,0.80000000,QQQ<SMA200,0.03473322,0.37631501,0.03474191,0.37631501,114020.80721087,40000.00000000,74020.80721087,1.85052018,0.33959225,0.35029700,1.03152602,0.34107034,1.42080227,0.85712066,-0.39620121,753,2023,0.74308232,2022,-0.35197460,283289.16077596,42.49337412,0.65446933,0.00106233,,,,,0.56068371,0.10192130
VT TQQQ/cash t40 w0-50 QQQ:VOL_EWMA80,sens,sens_2019-07-03,2019-07-03,2024-07-03,false,true,"{""*"": 6, ""BTAL"": 6, ""DBMF"": 2.5, ""KMLM"": 6, ""QQQ"": 1, ""SPY"": 0.7, ""TQQQ"": 1.5}",0.03000000,tests/data/2026-08-20-net15,,0.40000000,0.50000000,,0.00027419,0.00073608,0.00027820,0.00073663,91205.33156522,40000.00000000,51205.33156522,1.28013329,0.26296941,0.27271313,0.90994623,0.31041087,1.27049561,0.56423083,-0.46606708,759,2023,0.83095396,2022,-0.42892520,107533.92414818,16.13008862,0.28004140,0.00040325,,,,,0.47156148,0.19862977
VT TQQQ/cash t40 w0-50 QQQ:VOL_EWMA80 gate QQQ<SMA200,sens,sens_2019-07-03,2019-07-03,2024-07-03,false,true,"{""*"": 6, ""BTAL"": 6, ""DBMF"": 2.5, ""KMLM"": 6, ""QQQ"": 1, ""SPY"": 0.7, ""TQQQ"": 1.5}",0.03000000,tests/data/2026-08-20-net15,,0.40000000,0.50000000,QQQ<SMA200,0.03766727,0.37986620,0.03767029,0.37986620,93435.29424664,40000.00000000,53435.29424664,1.33588236,0.27281000,0.28101147,1.00639463,0.27925917,1.39823832,0.75240973,-0.36258170,753,2023,0.63879557,2022,-0.33673827,79914.54426902,11.98718164,0.20328009,0.00029968,,,,,0.43416939,0.12013380
VT TQQQ/cash t40 w0-60 QQQ:VOL_EWMA80,sens,sens_2019-07-03,2019-07-03,2024-07-03,false,true,"{""*"": 6, ""BTAL"": 6, ""DBMF"": 2.5, ""KMLM"": 6, ""QQQ"": 1, ""SPY"": 0.7, ""TQQQ"": 1.5}",0.03000000,tests/data/2026-08-20-net15,,0.40000000,0.60000000,,0.00026742,0.00067668,0.00027239,0.00067718,106410.85252280,40000.00000000,66410.85252280,1.66027131,0.31205290,0.32607679,0.96553459,0.34344530,1.34919691,0.63204269,-0.49372125,753,2023,1.00595071,2022,-0.45495482,135457.85418823,20.31867813,0.32776095,0.00050797,,,,,0.53993736,0.19869692
VT TQQQ/cash t40 w0-60 QQQ:VOL_EWMA80 gate QQQ<SMA200,sens,sens_2019-07-03,2019-07-03,2024-07-03,false,true,"{""*"": 6, ""BTAL"": 6, ""DBMF"": 2.5, ""KMLM"": 6, ""QQQ"": 1, ""SPY"": 0.7, ""TQQQ"": 1.5}",0.03000000,tests/data/2026-08-20-net15,,0.40000000,0.60000000,QQQ<SMA200,0.03883114,0.42533941,0.03883462,0.42533941,109198.48766675,40000.00000000,69198.48766675,1.72996219,0.32305046,0.33512064,1.05140544,0.31419571,1.46391452,0.83270114,-0.38795487,606,2023,0.77312895,2022,-0.35710434,104238.31996593,15.63574799,0.24566159,0.00039089,,,,,0.50137513,0.12121638
VT TQQQ/cash t40 w0-70 QQQ:VOL_EWMA80,sens,sens_2019-07-03,2019-07-03,2024-07-03,false,false,"{""*"": 6, ""BTAL"": 6, ""DBMF"": 2.5, ""KMLM"": 6, ""QQQ"": 1, ""SPY"": 0.7, ""TQQQ"": 1.5}",0.03000000,tests/data/2026-08-20-net15,,0.40000000,0.70000000,,0.00027664,0.00065737,0.00028280,0.00065747,117028.81405802,40000.00000000,77028.81405802,1.92572035,0.34227622,0.35948075,0.98104562,0.37181362,1.36594247,0.66732684,-0.51290641,753,2023,1.10108697,2022,-0.47152684,168203.45520971,25.23051828,0.39081914,0.00063076,,,,,0.59639376,0.19864136
VT TQQQ/cash t40 w0-70 QQQ:VOL_EWMA80 gate QQQ<SMA200,sens,sens_2019-07-03,2019-07-03,2024-07-03,false,true,"{""*"": 6, ""BTAL"": 6, ""DBMF"": 2.5, ""KMLM"": 6, ""QQQ"": 1, ""SPY"": 0.7, ""TQQQ"": 1.5}",0.03000000,tests/data/2026-08-20-net15,,0.40000000,0.70000000,QQQ<SMA200,0.03878928,0.42497622,0.03879454,0.42497622,120105.77977117,40000.00000000,80105.77977117,2.00264449,0.35342724,0.36866366,1.05343521,0.34500480,1.46152308,0.85193184,-0.41485389,606,2023,0.85742163,2022,-0.37693992,136223.25116302,20.43348767,0.30829733,0.00051084,,,,,0.55788202,0.12157957
VT TQQQ/cash t40 w0-80 QQQ:VOL_EWMA80,sens,sens_2019-07-03,2019-07-03,2024-07-03,false,false,"{""*"": 6, ""BTAL"": 6, ""DBMF"": 2.5, ""KMLM"": 6, ""QQQ"": 1, ""SPY"": 0.7, ""TQQQ"": 1.5}",0.03000000,tests/data/2026-08-20-net15,,0.40000000,0.80000000,,0.00023242,0.00063825,0.00024123,0.00064654,119242.32889051,40000.00000000,79242.32889051,1.98105822,0.34965863,0.36610774,0.95903722,0.39597575,1.32702300,0.65721000,-0.53203486,759,2023,1.10811699,2022,-0.48832703,256102.66475165,38.41539971,0.59070850,0.00096038,,,,,0.63979239,0.19855714
VT TQQQ/cash t40 w0-80 QQQ:VOL_EWMA80 gate QQQ<SMA200,sens,sens_2019-07-03,2019-07-03,2024-07-03,false,true,"{""*"": 6, ""BTAL"": 6, ""DBMF"": 2.5, ""KMLM"": 6, ""QQQ"": 1, ""SPY"": 0.7, ""TQQQ"": 1.5}",0.03000000,tests/data/2026-08-20-net15,,0.40000000,0.80000000,QQQ<SMA200,0.03875427,0.42495255,0.03876203,0.42495255,122389.45447120,40000.00000000,82389.45447120,2.05973636,0.36090790,0.37534703,1.02033044,0.37091474,1.40635651,0.82357776,-0.43821958,754,2023,0.86376451,2022,-0.39670591,225434.94452166,33.81524168,0.50655467,0.00084538,,,,,0.60127159,0.12160323
50/50,sens,sens_2019-07-03,2019-07-03,2024-07-03,true,true,"{""*"": 6, ""BTAL"": 6, ""DBMF"": 2.5, ""KMLM"": 6, ""QQQ"": 1, ""SPY"": 0.7, ""TQQQ"": 1.5}",0.03000000,tests/data/2026-08-20-net15,,,,,0.00057194,0.00193615,0.00043629,0.00165080,89133.85422568,40000.00000000,49133.85422568,1.22834636,0.25875855,0.26484109,0.87220023,0.32562175,1.23109737,0.57777174,-0.44785602,752,2023,0.69965184,2022,-0.42546348,210933.02953841,80.19733240,0.56488350,0.00200493,0.49964921,0.49834920,,,0.49975875,0.49927971
TQQQ50/BTAL50 gate QQQ<SMA200,sens,sens_2019-07-03,2019-07-03,2024-07-03,true,true,"{""*"": 6, ""BTAL"": 6, ""DBMF"": 2.5, ""KMLM"": 6, ""QQQ"": 1, ""SPY"": 0.7, ""TQQQ"": 1.5}",0.03000000,tests/data/2026-08-20-net15,,,,,0.05406570,0.37678244,0.05394320,0.37678629,92130.72928636,40000.00000000,52130.72928636,1.30326823,0.26589523,0.27617848,0.97782512,0.28295738,1.37655600,0.70458113,-0.37738057,138,2023,0.47950001,2022,-0.27596413,176736.08451170,68.99479096,0.46810686,0.00172487,0.55318826,0.49849154,,,0.44621177,0.12321371
SPY benchmark,sens,sens_2019-07-03,2019-07-03,2024-07-03,true,true,"{""*"": 6, ""BTAL"": 6, ""DBMF"": 2.5, ""KMLM"": 6, ""QQQ"": 1, ""SPY"": 0.7, ""TQQQ"": 1.5}",0.03000000,tests/data/2026-08-20-net15,,,,,0.00648914,0.01882444,0.00649037,0.01882524,63889.29601020,40000.00000000,23889.29601020,0.59723240,0.14498274,0.15276562,0.76045722,0.20664864,1.06215380,0.43559571,-0.33283784,173,2021,0.28279000,2022,-0.18309715,39924.31580107,2.79470211,0.12473889,0.00006987,,,0.99350963,0.98117476,,
VT TQQQ/BTAL t25 w0-50 QQQ:VOL_EWMA80,sens,sens_2020-01-03,2020-01-03,2025-01-03,false,true,"{""*"": 6, ""BTAL"": 6, ""DBMF"": 2.5, ""KMLM"": 6, ""QQQ"": 1, ""SPY"": 0.7, ""TQQQ"": 1.5}",0.03000000,tests/data/2026-08-20-net15,BTAL,0.25000000,0.50000000,,0.00065413,0.00173868,0.00049715,0.00157129,73533.92569471,40000.00000000,33533.92569471,0.83834814,0.18107719,0.19950505,0.84855905,0.22714021,1.18043369,0.65989216,-0.27440421,530,2023,0.48916919,2022,-0.23098130,295780.12653567,112.38957311,0.87417908,0.00280974,0.60454623,0.49928548,,,0.39476923,0.12397781
VT TQQQ/BTAL t25 w0-50 QQQ:VOL_EWMA80 gate QQQ<SMA200,sens,sens_2020-01-03,2020-01-03,2025-01-03,false,true,"{""*"": 6, ""BTAL"": 6, ""DBMF"": 2.5, ""KMLM"": 6, ""QQQ"": 1, ""SPY"": 0.7, ""TQQQ"": 1.5}",0.03000000,tests/data/2026-08-20-net15,BTAL,0.25000000,0.50000000,QQQ<SMA200,0.02767039,0.28456309,0.02755433,0.28456776,72826.27327801,40000.00000000,32826.27327801,0.82065683,0.18019321,0.19626318,0.85256339,0.22449489,1.18282704,0.70962664,-0.25392678,362,2023,0.33541474,2022,-0.14386083,264920.16547330,102.21901997,0.78227568,0.00255548,0.63175655,0.49902052,,,0.36761691,0.05702960
VT TQQQ/BTAL t25 w0-60 QQQ:VOL_EWMA80,sens,sens_2020-01-03,2020-01-03,2025-01-03,false,true,"{""*"": 6, ""BTAL"": 6, ""DBMF"": 2.5, ""KMLM"": 6, ""QQQ"": 1, ""SPY"": 0.7, ""TQQQ"": 1.5}",0.03000000,tests/data/2026-08-20-net15,BTAL,0.25000000,0.60000000,,0.00064522,0.00240250,0.00048244,0.00200277,73010.40124791,40000.00000000,33010.40124791,0.82526003,0.18103601,0.19710944,0.80832411,0.24308539,1.11752364,0.65433155,-0.27667320,530,2023,0.49853454,2022,-0.23331174,464081.89116813,174.25060933,1.36297227,0.00435627,0.57554454,0.39935872,,,0.42376896,0.12389536
VT TQQQ/BTAL t25 w0-60 QQQ:VOL_EWMA80 gate QQQ<SMA200,sens,sens_2020-01-03,2020-01-03,2025-01-03,false,true,"{""*"": 6, ""BTAL"": 6, ""DBMF"": 2.5, ""KMLM"": 6, ""QQQ"": 1, ""SPY"": 0.7, ""TQQQ"": 1.5}",0.03000000,tests/data/2026-08-20-net15,BTAL,0.25000000,0.60000000,QQQ<SMA200,0.02771980,0.28439901,0.02756861,0.28440363,72290.34598903,40000.00000000,32290.34598903,0.80725865,0.18005734,0.19378896,0.81074113,0.24059545,1.11816011,0.71798425,-0.25078173,355,2023,0.34363041,2022,-0.14660863,431493.41227601,163.43333327,1.26618240,0.00408583,0.60271426,0.39948834,,,0.39661216,0.05719373
VT TQQQ/BTAL t25 w0-70 QQQ:VOL_EWMA80,sens,sens_2020-01-03,2020-01-03,2025-01-03,false,true,"{""*"": 6, ""BTAL"": 6, ""DBMF"": 2.5, ""KMLM"": 6, ""QQQ"": 1, ""SPY"": 0.7, ""TQQQ"": 1.5}",0.03000000,tests/data/2026-08-20-net15,BTAL,0.25000000,0.70000000,,0.00069206,0.00239486,0.00054483,0.00199608,73132.01703929,40000.00000000,33132.01703929,0.82830043,0.18175165,0.19766733,0.78195029,0.25633787,1.07724047,0.64614379,-0.28128669,571,2023,0.53720434,2022,-0.23316560,612017.78302044,229.31509322,1.78827369,0.00573288,0.55530870,0.29913908,,,0.44394815,0.12389631
VT TQQQ/BTAL t25 w0-70 QQQ:VOL_EWMA80 gate QQQ<SMA200,sens,sens_2020-01-03,2020-01-03,2025-01-03,false,true,"{""*"": 6, ""BTAL"": 6, ""DBMF"": 2.5, ""KMLM"": 6, ""QQQ"": 1, ""SPY"": 0.7, ""TQQQ"": 1.5}",0.03000000,tests/data/2026-08-20-net15,BTAL,0.25000000,0.70000000,QQQ<SMA200,0.02770392,0.28446652,0.02758256,0.28447113,72422.44822185,40000.00000000,32422.44822185,0.81056121,0.18081978,0.19440038,0.78368171,0.25400580,1.07722061,0.71193546,-0.25398339,337,2023,0.37833043,2022,-0.14654958,577980.35927165,217.97528629,1.68730256,0.00544938,0.58254423,0.29961766,,,0.41681409,0.05712623
VT TQQQ/BTAL t25 w0-80 QQQ:VOL_EWMA80,sens,sens_2020-01-03,2020-01-03,2025-01-03,false,true,"{""*"": 6, ""BTAL"": 6, ""DBMF"": 2.5, ""KMLM"": 6, ""QQQ"": 1, ""SPY"": 0.7, ""TQQQ"": 1.5}",0.03000000,tests/data/2026-08-20-net15,BTAL,0.25000000,0.80000000,,0.00073624,0.00239486,0.00056424,0.00199608,74101.82552038,40000.00000000,34101.82552038,0.85254564,0.18651493,0.20208633,0.78062535,0.26477372,1.07626116,0.66316433,-0.28124994,571,2023,0.57559373,2022,-0.23318604,700890.64140371,262.64489810,2.02304304,0.00656612,0.54322420,0.19942605,,,0.45598259,0.12389631
VT TQQQ/BTAL t25 w0-80 QQQ:VOL_EWMA80 gate QQQ<SMA200,sens,sens_2020-01-03,2020-01-03,2025-01-03,false,true,"{""*"": 6, ""BTAL"": 6, ""DBMF"": 2.5, ""KMLM"": 6, ""QQQ"": 1, ""SPY"": 0.7, ""TQQQ"": 1.5}",0.03000000,tests/data/2026-08-20-net15,BTAL,0.25000000,0.80000000,QQQ<SMA200,0.02766728,0.28432321,0.02756429,0.28432777,73387.54812685,40000.00000000,33387.54812685,0.83468870,0.18556970,0.19883680,0.78202474,0.26252181,1.07595795,0.72014162,-0.25768501,324,2023,0.41296336,2022,-0.14660593,665693.03757160,250.85490801,1.91976400,0.00627137,0.57043365,0.19973049,,,0.42891718,0.05726960
VT TQQQ/BTAL t30 w0-50 QQQ:VOL_EWMA80,sens,sens_2020-01-03,2020-01-03,2025-01-03,false,true,"{""*"": 6, ""BTAL"": 6, ""DBMF"": 2.5, ""KMLM"": 6, ""QQQ"": 1, ""SPY"": 0.7, ""TQQQ"": 1.5}",0.03000000,tests/data/2026-08-20-net15,BTAL,0.30000000,0.50000000,,0.00067020,0.00195503,0.00049414,0.00193285,81804.10703291,40000.00000000,41804.10703291,1.04510268,0.21678132,0.23543796,0.91713473,0.24816683,1.29018013,0.67322836,-0.32200265,530,2023,0.62425788,2022,-0.27980081,261888.71700470,99.71690076,0.72641868,0.00249292,0.56788079,0.49916823,,,0.43142191,0.14913353
VT TQQQ/BTAL t30 w0-50 QQQ:VOL_EWMA80 gate QQQ<SMA200,sens,sens_2020-01-03,2020-01-03,2025-01-03,false,true,"{""*"": 6, ""BTAL"": 6, ""DBMF"": 2.5, ""KMLM"": 6, ""QQQ"": 1, ""SPY"": 0.7, ""TQQQ"": 1.5}",0.03000000,tests/data/2026-08-20-net15,BTAL,0.30000000,0.50000000,QQQ<SMA200,0.03241250,0.33811701,0.03227655,0.33812157,81285.55915526,40000.00000000,41285.55915526,1.03213898,0.21758176,0.23328332,0.94423077,0.23950534,1.32578795,0.86857665,-0.25050381,140,2023,0.42975733,2022,-0.17849641,226044.11316473,87.64477879,0.62397161,0.00219112,0.59988482,0.49926623,,,0.39955026,0.07179527
VT TQQQ/BTAL t30 w0-60 QQQ:VOL_EWMA80,sens,sens_2020-01-03,2020-01-03,2025-01-03,false,true,"{""*"": 6, ""BTAL"": 6, ""DBMF"": 2.5, ""KMLM"": 6, ""QQQ"": 1, ""SPY"": 0.7, ""TQQQ"": 1.5}",0.03000000,tests/data/2026-08-20-net15,BTAL,0.30000000,0.60000000,,0.00064959,0.00221947,0.00049416,0.00161751,81735.57296782,40000.00000000,41735.57296782,1.04338932,0.21554560,0.23515390,0.85111331,0.27441050,1.17821918,0.62358574,-0.34565511,533,2023,0.64759400,2022,-0.30487386,370682.30580685,139.61515398,1.03087599,0.00349038,0.52552527,0.39900098,,,0.47378997,0.14915531
VT TQQQ/BTAL t30 w0-60 QQQ:VOL_EWMA80 gate QQQ<SMA200,sens,sens_2020-01-03,2020-01-03,2025-01-03,false,true,"{""*"": 6, ""BTAL"": 6, ""DBMF"": 2.5, ""KMLM"": 6, ""QQQ"": 1, ""SPY"": 0.7, ""TQQQ"": 1.5}",0.03000000,tests/data/2026-08-20-net15,BTAL,0.30000000,0.60000000,QQQ<SMA200,0.03248912,0.33827109,0.03234926,0.33827571,81220.55844956,40000.00000000,41220.55844956,1.03051396,0.21641241,0.23301237,0.87079489,0.26660186,1.20252040,0.79730086,-0.27143130,140,2023,0.44986223,2022,-0.20654121,334706.39487177,127.51400361,0.92632111,0.00318785,0.55746023,0.39945090,,,0.44187795,0.07164113
VT TQQQ/BTAL t30 w0-70 QQQ:VOL_EWMA80,sens,sens_2020-01-03,2020-01-03,2025-01-03,false,true,"{""*"": 6, ""BTAL"": 6, ""DBMF"": 2.5, ""KMLM"": 6, ""QQQ"": 1, ""SPY"": 0.7, ""TQQQ"": 1.5}",0.03000000,tests/data/2026-08-20-net15,BTAL,0.30000000,0.70000000,,0.00068519,0.00242438,0.00051734,0.00192977,81061.88023757,40000.00000000,41061.88023757,1.02654701,0.21540125,0.23235009,0.81743314,0.29159238,1.12590415,0.61071091,-0.35270574,601,2023,0.65393058,2022,-0.30720877,562346.35878965,210.47532696,1.55329234,0.00526188,0.49564520,0.29954483,,,0.50362283,0.14904358
VT TQQQ/BTAL t30 w0-70 QQQ:VOL_EWMA80 gate QQQ<SMA200,sens,sens_2020-01-03,2020-01-03,2025-01-03,false,true,"{""*"": 6, ""BTAL"": 6, ""DBMF"": 2.5, ""KMLM"": 6, ""QQQ"": 1, ""SPY"": 0.7, ""TQQQ"": 1.5}",0.03000000,tests/data/2026-08-20-net15,BTAL,0.30000000,0.70000000,QQQ<SMA200,0.03240844,0.33815746,0.03231298,0.33816202,80573.38284948,40000.00000000,40573.38284948,1.01433457,0.21630444,0.23030392,0.83361340,0.28430802,1.14551967,0.77703182,-0.27837270,601,2023,0.45578165,2022,-0.20955632,524746.96616998,197.77399137,1.44214078,0.00494435,0.52765707,0.29947038,,,0.47177468,0.07175482
VT TQQQ/BTAL t30 w0-80 QQQ:VOL_EWMA80,sens,sens_2020-01-03,2020-01-03,2025-01-03,false,true,"{""*"": 6, ""BTAL"": 6, ""DBMF"": 2.5, ""KMLM"": 6, ""QQQ"": 1, ""SPY"": 0.7, ""TQQQ"": 1.5}",0.03000000,tests/data/2026-08-20-net15,BTAL,0.30000000,0.80000000,,0.00066272,0.00222021,0.00051859,0.00208156,80603.59659617,40000.00000000,40603.59659617,1.01508991,0.21394220,0.23043080,0.78888730,0.30624403,1.08277516,0.59522133,-0.35943303,605,2023,0.69073802,2022,-0.30735603,736951.03634283,275.57337370,2.03199335,0.00688933,0.47362794,0.19921610,,,0.52565200,0.14901693
VT TQQQ/BTAL t30 w0-80 QQQ:VOL_EWMA80 gate QQQ<SMA200,sens,sens_2020-01-03,2020-01-03,2025-01-03,false,true,"{""*"": 6, ""BTAL"": 6, ""DBMF"": 2.5, ""KMLM"": 6, ""QQQ"": 1, ""SPY"": 0.7, ""TQQQ"": 1.5}",0.03000000,tests/data/2026-08-20-net15,BTAL,0.30000000,0.80000000,QQQ<SMA200,0.03237938,0.33797603,0.03228791,0.33798060,80034.81183827,40000.00000000,40034.81183827,1.00087030,0.21444373,0.22803504,0.80149532,0.29933036,1.09747738,0.74927620,-0.28620117,602,2023,0.48809983,2022,-0.21010485,697988.55774427,262.27779898,1.91672870,0.00655694,0.50551361,0.19937336,,,0.49385058,0.07193624
VT TQQQ/BTAL t35 w0-50 QQQ:VOL_EWMA80,sens,sens_2020-01-03,2020-01-03,2025-01-03,false,true,"{""*"": 6, ""BTAL"": 6, ""DBMF"": 2.5, ""KMLM"": 6, ""QQQ"": 1, ""SPY"": 0.7, ""TQQQ"": 1.5}",0.03000000,tests/data/2026-08-20-net15,BTAL,0.35000000,0.50000000,,0.00063743,0.00219934,0.00046259,0.00214280,83182.17150632,40000.00000000,43182.17150632,1.07955429,0.22566910,0.24110501,0.89873549,0.26668203,1.26670375,0.61292738,-0.36818245,535,2023,0.68757786,2022,-0.32762652,242940.42519781,92.12220995,0.66291933,0.00230306,0.54493149,0.49866736,,,0.45440652,0.17395992
VT TQQQ/BTAL t35 w0-50 QQQ:VOL_EWMA80 gate QQQ<SMA200,sens,sens_2020-01-03,2020-01-03,2025-01-03,false,true,"{""*"": 6, ""BTAL"": 6, ""DBMF"": 2.5, ""KMLM"": 6, ""QQQ"": 1, ""SPY"": 0.7, ""TQQQ"": 1.5}",0.03000000,tests/data/2026-08-20-net15,BTAL,0.35000000,0.50000000,QQQ<SMA200,0.03692461,0.39054201,0.03678361,0.39054658,83045.82834971,40000.00000000,43045.82834971,1.07614571,0.22863079,0.24054809,0.94807782,0.25109052,1.33491694,0.84084159,-0.27190709,535,2023,0.45977590,2022,-0.21305715,202747.83249292,78.39383782,0.54785537,0.00195985,0.58141860,0.49870041,,,0.41803429,0.08768973
VT TQQQ/BTAL t35 w0-60 QQQ:VOL_EWMA80,sens,sens_2020-01-03,2020-01-03,2025-01-03,false,true,"{""*"": 6, ""BTAL"": 6, ""DBMF"": 2.5, ""KMLM"": 6, ""QQQ"": 1, ""SPY"": 0.7, ""TQQQ"": 1.5}",0.03000000,tests/data/2026-08-20-net15,BTAL,0.35000000,0.60000000,,0.00067615,0.00190016,0.00048954,0.00144566,91309.23536969,40000.00000000,51309.23536969,1.28273088,0.25251949,0.27291145,0.90727618,0.29799291,1.26812462,0.64595354,-0.39092516,535,2023,0.80178405,2022,-0.35069084,306632.12250201,115.42803825,0.79842667,0.00288570,0.48745340,0.39855434,,,0.51184039,0.17376503
VT TQQQ/BTAL t35 w0-60 QQQ:VOL_EWMA80 gate QQQ<SMA200,sens,sens_2020-01-03,2020-01-03,2025-01-03,false,true,"{""*"": 6, ""BTAL"": 6, ""DBMF"": 2.5, ""KMLM"": 6, ""QQQ"": 1, ""SPY"": 0.7, ""TQQQ"": 1.5}",0.03000000,tests/data/2026-08-20-net15,BTAL,0.35000000,0.60000000,QQQ<SMA200,0.03696751,0.39023228,0.03680161,0.39023680,91145.57091327,40000.00000000,51145.57091327,1.27863927,0.25547616,0.27229631,0.94567467,0.28411403,1.31970146,0.83829780,-0.30475585,535,2023,0.55857069,2022,-0.24051435,265851.03609815,101.45089022,0.68584814,0.00253627,0.52381537,0.39855434,,,0.47551222,0.08799952
VT TQQQ/BTAL t35 w0-70 QQQ:VOL_EWMA80,sens,sens_2020-01-03,2020-01-03,2025-01-03,false,true,"{""*"": 6, ""BTAL"": 6, ""DBMF"": 2.5, ""KMLM"": 6, ""QQQ"": 1, ""SPY"": 0.7, ""TQQQ"": 1.5}",0.03000000,tests/data/2026-08-20-net15,BTAL,0.35000000,0.70000000,,0.00067168,0.00231904,0.00050810,0.00191483,90122.38689403,40000.00000000,50122.38689403,1.25305967,0.24745463,0.26842814,0.84540017,0.32524458,1.16614028,0.59488279,-0.41597208,605,2023,0.81456680,2022,-0.37384544,457751.40882004,171.65668745,1.20316939,0.00429142,0.44651075,0.29923937,,,0.55277721,0.17384742
VT TQQQ/BTAL t35 w0-70 QQQ:VOL_EWMA80 gate QQQ<SMA200,sens,sens_2020-01-03,2020-01-03,2025-01-03,false,true,"{""*"": 6, ""BTAL"": 6, ""DBMF"": 2.5, ""KMLM"": 6, ""QQQ"": 1, ""SPY"": 0.7, ""TQQQ"": 1.5}",0.03000000,tests/data/2026-08-20-net15,BTAL,0.35000000,0.70000000,QQQ<SMA200,0.03701002,0.39057756,0.03687661,0.39058215,89953.01927524,40000.00000000,49953.01927524,1.24882548,0.25044463,0.26778407,0.87437478,0.31258772,1.20326429,0.74863906,-0.33453321,602,2023,0.56948219,2022,-0.26731386,417418.51388983,157.87626319,1.08711587,0.00394691,0.48290829,0.29923937,,,0.51641423,0.08765416
VT TQQQ/BTAL t35 w0-80 QQQ:VOL_EWMA80,sens,sens_2020-01-03,2020-01-03,2025-01-03,false,true,"{""*"": 6, ""BTAL"": 6, ""DBMF"": 2.5, ""KMLM"": 6, ""QQQ"": 1, ""SPY"": 0.7, ""TQQQ"": 1.5}",0.03000000,tests/data/2026-08-20-net15,BTAL,0.35000000,0.80000000,,0.00063227,0.00244151,0.00050907,0.00211721,89195.68451191,40000.00000000,49195.68451191,1.22989211,0.24674015,0.26489081,0.81695920,0.34340666,1.12234478,0.58113806,-0.42458096,606,2023,0.81815947,2022,-0.37670442,669548.51689062,250.13291872,1.74920425,0.00625332,0.41594494,0.19918419,,,0.58337031,0.17369180
VT TQQQ/BTAL t35 w0-80 QQQ:VOL_EWMA80 gate QQQ<SMA200,sens,sens_2020-01-03,2020-01-03,2025-01-03,false,true,"{""*"": 6, ""BTAL"": 6, ""DBMF"": 2.5, ""KMLM"": 6, ""QQQ"": 1, ""SPY"": 0.7, ""TQQQ"": 1.5}",0.03000000,tests/data/2026-08-20-net15,BTAL,0.35000000,0.80000000,QQQ<SMA200,0.03691709,0.39041781,0.03681951,0.39042235,89018.92388125,40000.00000000,49018.92388125,1.22547310,0.24962527,0.26421237,0.84124285,0.33144122,1.15294095,0.72464040,-0.34448158,605,2023,0.57263559,2022,-0.27078357,628322.71999179,236.02552201,1.62653961,0.00590064,0.45241846,0.19919390,,,0.54698870,0.08781396
VT TQQQ/BTAL t40 w0-50 QQQ:VOL_EWMA80,sens,sens_2020-01-03,2020-01-03,2025-01-03,false,true,"{""*"": 6, ""BTAL"": 6, ""DBMF"": 2.5, ""KMLM"": 6, ""QQQ"": 1, ""SPY"": 0.7, ""TQQQ"": 1.5}",0.03000000,tests/data/2026-08-20-net15,BTAL,0.40000000,0.50000000,,0.00067718,0.00189224,0.00050607,0.00145610,81781.06000555,40000.00000000,41781.06000555,1.04452650,0.22234142,0.23534246,0.85270170,0.28324882,1.20022196,0.55544666,-0.40029302,683,2023,0.69946325,2022,-0.36175261,215820.33550416,82.28185760,0.59237749,0.00205705,0.52864351,0.49854723,,,0.47065666,0.19874974
VT TQQQ/BTAL t40 w0-50 QQQ:VOL_EWMA80 gate QQQ<SMA200,sens,sens_2020-01-03,2020-01-03,2025-01-03,false,true,"{""*"": 6, ""BTAL"": 6, ""DBMF"": 2.5, ""KMLM"": 6, ""QQQ"": 1, ""SPY"": 0.7, ""TQQQ"": 1.5}",0.03000000,tests/data/2026-08-20-net15,BTAL,0.40000000,0.50000000,QQQ<SMA200,0.04002909,0.39538191,0.03989588,0.39538657,82086.35826842,40000.00000000,42086.35826842,1.05215896,0.22699238,0.23660561,0.91587864,0.26134091,1.28822288,0.75862954,-0.29921374,568,2023,0.46845747,2022,-0.24715333,175619.13048988,68.52140430,0.47572854,0.00171304,0.56817071,0.49854723,,,0.43121757,0.10461343
VT TQQQ/BTAL t40 w0-60 QQQ:VOL_EWMA80,sens,sens_2020-01-03,2020-01-03,2025-01-03,false,true,"{""*"": 6, ""BTAL"": 6, ""DBMF"": 2.5, ""KMLM"": 6, ""QQQ"": 1, ""SPY"": 0.7, ""TQQQ"": 1.5}",0.03000000,tests/data/2026-08-20-net15,BTAL,0.40000000,0.60000000,,0.00067850,0.00220881,0.00050397,0.00180588,94349.29524858,40000.00000000,54349.29524858,1.35873238,0.26620985,0.28416307,0.90250877,0.31876013,1.26597679,0.61231922,-0.43475664,567,2023,0.88980226,2022,-0.39529567,287937.97489529,108.49926817,0.73168138,0.00271248,0.46192643,0.39855434,,,0.53736755,0.19833673
VT TQQQ/BTAL t40 w0-60 QQQ:VOL_EWMA80 gate QQQ<SMA200,sens,sens_2020-01-03,2020-01-03,2025-01-03,false,true,"{""*"": 6, ""BTAL"": 6, ""DBMF"": 2.5, ""KMLM"": 6, ""QQQ"": 1, ""SPY"": 0.7, ""TQQQ"": 1.5}",0.03000000,tests/data/2026-08-20-net15,BTAL,0.40000000,0.60000000,QQQ<SMA200,0.04116721,0.44090434,0.04103538,0.44090886,94695.65714479,40000.00000000,54695.65714479,1.36739143,0.27154821,0.28542447,0.95792316,0.29803676,1.34251524,0.81180295,-0.33450015,563,2023,0.60820750,2022,-0.27418330,243219.48697827,93.08001024,0.60914727,0.00232700,0.50255004,0.39855434,,,0.49681692,0.10564692
VT TQQQ/BTAL t40 w0-70 QQQ:VOL_EWMA80,sens,sens_2020-01-03,2020-01-03,2025-01-03,false,true,"{""*"": 6, ""BTAL"": 6, ""DBMF"": 2.5, ""KMLM"": 6, ""QQQ"": 1, ""SPY"": 0.7, ""TQQQ"": 1.5}",0.03000000,tests/data/2026-08-20-net15,BTAL,0.40000000,0.70000000,,0.00063026,0.00226307,0.00045612,0.00185077,100573.93698452,40000.00000000,60573.93698452,1.51434842,0.28410185,0.30623154,0.89155685,0.35062332,1.24022570,0.62166901,-0.45699857,605,2023,0.98308655,2022,-0.41692103,363262.78246280,136.05942777,0.89440191,0.00340149,0.40750401,0.29932348,,,0.59183215,0.19846317
VT TQQQ/BTAL t40 w0-70 QQQ:VOL_EWMA80 gate QQQ<SMA200,sens,sens_2020-01-03,2020-01-03,2025-01-03,false,true,"{""*"": 6, ""BTAL"": 6, ""DBMF"": 2.5, ""KMLM"": 6, ""QQQ"": 1, ""SPY"": 0.7, ""TQQQ"": 1.5}",0.03000000,tests/data/2026-08-20-net15,BTAL,0.40000000,0.70000000,QQQ<SMA200,0.04121974,0.44107891,0.04107328,0.44108342,100981.31165576,40000.00000000,60981.31165576,1.52453279,0.28963072,0.30763328,0.93560615,0.33186043,1.29936357,0.79104107,-0.36613867,601,2023,0.68722623,2022,-0.29973621,318314.65758825,120.52636490,0.77244834,0.00301316,0.44817783,0.29932348,,,0.55118643,0.10547237
VT TQQQ/BTAL t40 w0-80 QQQ:VOL_EWMA80,sens,sens_2020-01-03,2020-01-03,2025-01-03,false,true,"{""*"": 6, ""BTAL"": 6, ""DBMF"": 2.5, ""KMLM"": 6, ""QQQ"": 1, ""SPY"": 0.7, ""TQQQ"": 1.5}",0.03000000,tests/data/2026-08-20-net15,BTAL,0.40000000,0.80000000,,0.00062053,0.00190218,0.00048518,0.00156179,98501.32475279,40000.00000000,58501.32475279,1.46253312,0.27639174,0.29902116,0.83747011,0.37845598,1.15277809,0.57294159,-0.48240824,752,2023,0.99104412,2022,-0.43850818,553999.96661341,207.27798390,1.38350677,0.00518195,0.36752155,0.19909934,,,0.63181205,0.19853493
VT TQQQ/BTAL t40 w0-80 QQQ:VOL_EWMA80 gate QQQ<SMA200,sens,sens_2020-01-03,2020-01-03,2025-01-03,false,true,"{""*"": 6, ""BTAL"": 6, ""DBMF"": 2.5, ""KMLM"": 6, ""QQQ"": 1, ""SPY"": 0.7, ""TQQQ"": 1.5}",0.03000000,tests/data/2026-08-20-net15,BTAL,0.40000000,0.80000000,QQQ<SMA200,0.04126375,0.44154548,0.04114882,0.44155007,98898.77556098,40000.00000000,58898.77556098,1.47246939,0.28197256,0.30041419,0.87193929,0.36115841,1.19736969,0.71132252,-0.39640607,606,2023,0.69349649,2022,-0.32533595,511068.35052058,192.50549146,1.25810932,0.00481264,0.40826725,0.19909934,,,0.59112325,0.10500571
VT TQQQ/cash t25 w0-50 QQQ:VOL_EWMA80,sens,sens_2020-01-03,2020-01-03,2025-01-03,false,true,"{""*"": 6, ""BTAL"": 6, ""DBMF"": 2.5, ""KMLM"": 6, ""QQQ"": 1, ""SPY"": 0.7, ""TQQQ"": 1.5}",0.03000000,tests/data/2026-08-20-net15,,0.25000000,0.50000000,,0.00031534,0.00112740,0.00032102,0.00112894,77264.84989874,40000.00000000,37264.84989874,0.93162125,0.20625827,0.21614416,0.87360060,0.25160585,1.19853328,0.57465658,-0.35892440,605,2023,0.64415328,2022,-0.31971554,153449.56101224,23.01743415,0.42612979,0.00057544,,,,,0.39478212,0.12402976
VT TQQQ/cash t25 w0-50 QQQ:VOL_EWMA80 gate QQQ<SMA200,sens,sens_2020-01-03,2020-01-03,2025-01-03,false,true,"{""*"": 6, ""BTAL"": 6, ""DBMF"": 2.5, ""KMLM"": 6, ""QQQ"": 1, ""SPY"": 0.7, ""TQQQ"": 1.5}",0.03000000,tests/data/2026-08-20-net15,,0.25000000,0.50000000,QQQ<SMA200,0.02654951,0.27797061,0.02655467,0.27797061,77809.61429561,40000.00000000,37809.61429561,0.94524036,0.21056220,0.21851273,0.93191108,0.23547727,1.27223428,0.75015939,-0.28068994,601,2023,0.51198007,2022,-0.24704886,136804.08990752,20.52061349,0.37542745,0.00051302,,,,,0.36854846,0.06362676
VT TQQQ/cash t25 w0-60 QQQ:VOL_EWMA80,sens,sens_2020-01-03,2020-01-03,2025-01-03,false,true,"{""*"": 6, ""BTAL"": 6, ""DBMF"": 2.5, ""KMLM"": 6, ""QQQ"": 1, ""SPY"": 0.7, ""TQQQ"": 1.5}",0.03000000,tests/data/2026-08-20-net15,,0.25000000,0.60000000,,0.00036967,0.00099868,0.00037689,0.00100763,77694.34616836,40000.00000000,37694.34616836,0.94235865,0.21016422,0.21801281,0.85091001,0.26680625,1.16337102,0.57459271,-0.36576206,606,2023,0.64867625,2022,-0.32155424,250113.87494579,37.51708124,0.68587187,0.00093793,,,,,0.42371534,0.12401233
VT TQQQ/cash t25 w0-60 QQQ:VOL_EWMA80 gate QQQ<SMA200,sens,sens_2020-01-03,2020-01-03,2025-01-03,false,true,"{""*"": 6, ""BTAL"": 6, ""DBMF"": 2.5, ""KMLM"": 6, ""QQQ"": 1, ""SPY"": 0.7, ""TQQQ"": 1.5}",0.03000000,tests/data/2026-08-20-net15,,0.25000000,0.60000000,QQQ<SMA200,0.02655804,0.27783027,0.02656440,0.27783027,78238.14615619,40000.00000000,38238.14615619,0.95595365,0.21443667,0.22036545,0.90050163,0.25167977,1.22536926,0.74364763,-0.28835790,605,2023,0.51611052,2022,-0.24914144,233892.61355521,35.08389203,0.63380656,0.00087710,,,,,0.39752783,0.06376709
VT TQQQ/cash t25 w0-70 QQQ:VOL_EWMA80,sens,sens_2020-01-03,2020-01-03,2025-01-03,false,true,"{""*"": 6, ""BTAL"": 6, ""DBMF"": 2.5, ""KMLM"": 6, ""QQQ"": 1, ""SPY"": 0.7, ""TQQQ"": 1.5}",0.03000000,tests/data/2026-08-20-net15,,0.25000000,0.70000000,,0.00030106,0.00103094,0.00031149,0.00104654,78124.24769843,40000.00000000,38124.24769843,0.95310619,0.21189168,0.21987391,0.83123344,0.27883625,1.13474169,0.57215775,-0.37033787,752,2023,0.67231356,2022,-0.32174602,330987.05809651,49.64805871,0.90265211,0.00124120,,,,,0.44398005,0.12399013
VT TQQQ/cash t25 w0-70 QQQ:VOL_EWMA80 gate QQQ<SMA200,sens,sens_2020-01-03,2020-01-03,2025-01-03,false,true,"{""*"": 6, ""BTAL"": 6, ""DBMF"": 2.5, ""KMLM"": 6, ""QQQ"": 1, ""SPY"": 0.7, ""TQQQ"": 1.5}",0.03000000,tests/data/2026-08-20-net15,,0.25000000,0.70000000,QQQ<SMA200,0.02644609,0.27765643,0.02645542,0.27765643,78671.52505311,40000.00000000,38671.52505311,0.96678813,0.21616156,0.22222985,0.87509154,0.26441124,1.18933410,0.73626553,-0.29359186,605,2023,0.53808893,2022,-0.24946693,315189.14278222,47.27837142,0.84944513,0.00118196,,,,,0.41783612,0.06394094
VT TQQQ/cash t25 w0-80 QQQ:VOL_EWMA80,sens,sens_2020-01-03,2020-01-03,2025-01-03,false,true,"{""*"": 6, ""BTAL"": 6, ""DBMF"": 2.5, ""KMLM"": 6, ""QQQ"": 1, ""SPY"": 0.7, ""TQQQ"": 1.5}",0.03000000,tests/data/2026-08-20-net15,,0.25000000,0.80000000,,0.00030322,0.00102436,0.00031430,0.00102500,79536.98884612,40000.00000000,39536.98884612,0.98842472,0.21805773,0.22592558,0.83498573,0.28617896,1.14163487,0.58900561,-0.37021333,752,2023,0.69611773,2022,-0.32157917,380069.38547060,57.01040782,1.02201590,0.00142526,,,,,0.45604600,0.12399013
VT TQQQ/cash t25 w0-80 QQQ:VOL_EWMA80 gate QQQ<SMA200,sens,sens_2020-01-03,2020-01-03,2025-01-03,false,true,"{""*"": 6, ""BTAL"": 6, ""DBMF"": 2.5, ""KMLM"": 6, ""QQQ"": 1, ""SPY"": 0.7, ""TQQQ"": 1.5}",0.03000000,tests/data/2026-08-20-net15,,0.25000000,0.80000000,QQQ<SMA200,0.02642107,0.27742153,0.02643162,0.27742153,80076.51800473,40000.00000000,40076.51800473,1.00191295,0.22223075,0.22821123,0.87621062,0.27215852,1.19315448,0.75640659,-0.29379800,605,2023,0.56006362,2022,-0.24972163,364197.43120986,54.62961468,0.96799161,0.00136574,,,,,0.42992869,0.06417584
VT TQQQ/cash t30 w0-50 QQQ:VOL_EWMA80,sens,sens_2020-01-03,2020-01-03,2025-01-03,false,true,"{""*"": 6, ""BTAL"": 6, ""DBMF"": 2.5, ""KMLM"": 6, ""QQQ"": 1, ""SPY"": 0.7, ""TQQQ"": 1.5}",0.03000000,tests/data/2026-08-20-net15,,0.30000000,0.50000000,,0.00036217,0.00103569,0.00036711,0.00103639,84275.46189029,40000.00000000,44275.46189029,1.10688655,0.23430667,0.24554141,0.90102346,0.27699281,1.24869481,0.58793787,-0.39852284,605,2023,0.76888220,2022,-0.36026103,122084.00182815,18.31260027,0.32287602,0.00045782,,,,,0.43141066,0.14860140
VT TQQQ/cash t30 w0-50 QQQ:VOL_EWMA80 gate QQQ<SMA200,sens,sens_2020-01-03,2020-01-03,2025-01-03,false,true,"{""*"": 6, ""BTAL"": 6, ""DBMF"": 2.5, ""KMLM"": 6, ""QQQ"": 1, ""SPY"": 0.7, ""TQQQ"": 1.5}",0.03000000,tests/data/2026-08-20-net15,,0.30000000,0.50000000,QQQ<SMA200,0.03116773,0.33011021,0.03117180,0.33011021,85245.61951041,40000.00000000,45245.61951041,1.13114049,0.24052559,0.24943521,0.97267188,0.25601838,1.34214392,0.78037365,-0.30821849,601,2023,0.60349211,2022,-0.27623939,102425.19300896,15.36377895,0.26655203,0.00038409,,,,,0.40060598,0.07980663
VT TQQQ/cash t30 w0-60 QQQ:VOL_EWMA80,sens,sens_2020-01-03,2020-01-03,2025-01-03,false,true,"{""*"": 6, ""BTAL"": 6, ""DBMF"": 2.5, ""KMLM"": 6, ""QQQ"": 1, ""SPY"": 0.7, ""TQQQ"": 1.5}",0.03000000,tests/data/2026-08-20-net15,,0.30000000,0.60000000,,0.00030039,0.00101713,0.00030705,0.00101783,85126.31313119,40000.00000000,45126.31313119,1.12815783,0.23670072,0.24895851,0.85708150,0.30208705,1.17596532,0.56204415,-0.42114258,752,2023,0.79075211,2022,-0.37937933,194924.72883595,29.23870933,0.51321898,0.00073097,,,,,0.47381672,0.14903897
VT TQQQ/cash t30 w0-60 QQQ:VOL_EWMA80 gate QQQ<SMA200,sens,sens_2020-01-03,2020-01-03,2025-01-03,false,true,"{""*"": 6, ""BTAL"": 6, ""DBMF"": 2.5, ""KMLM"": 6, ""QQQ"": 1, ""SPY"": 0.7, ""TQQQ"": 1.5}",0.03000000,tests/data/2026-08-20-net15,,0.30000000,0.60000000,QQQ<SMA200,0.03107303,0.33000068,0.03107920,0.33000068,86080.22136449,40000.00000000,46080.22136449,1.15200553,0.24284807,0.25275334,0.91272506,0.28299269,1.24621991,0.72326329,-0.33576718,605,2023,0.62298123,2022,-0.29805643,176166.31674708,26.42494751,0.45656470,0.00066062,,,,,0.44304456,0.07991616
VT TQQQ/cash t30 w0-70 QQQ:VOL_EWMA80,sens,sens_2020-01-03,2020-01-03,2025-01-03,false,true,"{""*"": 6, ""BTAL"": 6, ""DBMF"": 2.5, ""KMLM"": 6, ""QQQ"": 1, ""SPY"": 0.7, ""TQQQ"": 1.5}",0.03000000,tests/data/2026-08-20-net15,,0.30000000,0.70000000,,0.00032965,0.00100659,0.00033912,0.00102496,85646.28181558,40000.00000000,45646.28181558,1.14115705,0.24108999,0.25103173,0.84172275,0.31760908,1.15183689,0.56394273,-0.42750793,754,2023,0.79383899,2022,-0.38133747,302114.41780253,45.31716267,0.78426474,0.00113293,,,,,0.50366751,0.14889191
VT TQQQ/cash t30 w0-70 QQQ:VOL_EWMA80 gate QQQ<SMA200,sens,sens_2020-01-03,2020-01-03,2025-01-03,false,true,"{""*"": 6, ""BTAL"": 6, ""DBMF"": 2.5, ""KMLM"": 6, ""QQQ"": 1, ""SPY"": 0.7, ""TQQQ"": 1.5}",0.03000000,tests/data/2026-08-20-net15,,0.30000000,0.70000000,QQQ<SMA200,0.03103716,0.32976838,0.03104576,0.32976838,86632.35111827,40000.00000000,46632.35111827,1.16580878,0.24729821,0.25493267,0.89058539,0.29953272,1.21306863,0.72079749,-0.34308972,606,2023,0.62604332,2022,-0.30031171,284083.63514804,42.61254527,0.72575200,0.00106531,,,,,0.47296087,0.08014846
VT TQQQ/cash t30 w0-80 QQQ:VOL_EWMA80,sens,sens_2020-01-03,2020-01-03,2025-01-03,false,true,"{""*"": 6, ""BTAL"": 6, ""DBMF"": 2.5, ""KMLM"": 6, ""QQQ"": 1, ""SPY"": 0.7, ""TQQQ"": 1.5}",0.03000000,tests/data/2026-08-20-net15,,0.30000000,0.80000000,,0.00030466,0.00091064,0.00031608,0.00091817,85702.63440815,40000.00000000,45702.63440815,1.14256586,0.24142688,0.25125575,0.82276829,0.33033929,1.12394360,0.55898542,-0.43190193,754,2023,0.81627691,2022,-0.38130059,396779.68161570,59.51695224,1.02659332,0.00148792,,,,,0.52569754,0.14874431
VT TQQQ/cash t30 w0-80 QQQ:VOL_EWMA80 gate QQQ<SMA200,sens,sens_2020-01-03,2020-01-03,2025-01-03,false,true,"{""*"": 6, ""BTAL"": 6, ""DBMF"": 2.5, ""KMLM"": 6, ""QQQ"": 1, ""SPY"": 0.7, ""TQQQ"": 1.5}",0.03000000,tests/data/2026-08-20-net15,,0.30000000,0.80000000,QQQ<SMA200,0.03113103,0.33000792,0.03114207,0.33000792,86690.44414234,40000.00000000,46690.44414234,1.16726110,0.24765641,0.25516125,0.86664370,0.31294571,1.17863360,0.71188198,-0.34788970,606,2023,0.64610405,2022,-0.30000497,379746.82266717,56.96202340,0.96686240,0.00142405,,,,,0.49487155,0.07990892
VT TQQQ/cash t35 w0-50 QQQ:VOL_EWMA80,sens,sens_2020-01-03,2020-01-03,2025-01-03,false,true,"{""*"": 6, ""BTAL"": 6, ""DBMF"": 2.5, ""KMLM"": 6, ""QQQ"": 1, ""SPY"": 0.7, ""TQQQ"": 1.5}",0.03000000,tests/data/2026-08-20-net15,,0.35000000,0.50000000,,0.00036444,0.00103569,0.00036862,0.00103639,84728.89946019,40000.00000000,44728.89946019,1.11822249,0.23799492,0.24736628,0.86745179,0.29823156,1.20527514,0.54465045,-0.43696818,752,2023,0.82168495,2022,-0.39966963,110932.41935225,16.63986290,0.29166846,0.00041600,,,,,0.45437127,0.17385935
VT TQQQ/cash t35 w0-50 QQQ:VOL_EWMA80 gate QQQ<SMA200,sens,sens_2020-01-03,2020-01-03,2025-01-03,false,true,"{""*"": 6, ""BTAL"": 6, ""DBMF"": 2.5, ""KMLM"": 6, ""QQQ"": 1, ""SPY"": 0.7, ""TQQQ"": 1.5}",0.03000000,tests/data/2026-08-20-net15,,0.35000000,0.50000000,QQQ<SMA200,0.03552409,0.38100884,0.03552718,0.38100884,86150.07488743,40000.00000000,46150.07488743,1.15375187,0.24638059,0.25302975,0.94891278,0.27182150,1.31224744,0.73816252,-0.33377553,605,2023,0.62859904,2022,-0.30550367,89240.21013088,13.38603152,0.22980152,0.00033465,,,,,0.41921270,0.09722747
VT TQQQ/cash t35 w0-60 QQQ:VOL_EWMA80,sens,sens_2020-01-03,2020-01-03,2025-01-03,false,true,"{""*"": 6, ""BTAL"": 6, ""DBMF"": 2.5, ""KMLM"": 6, ""QQQ"": 1, ""SPY"": 0.7, ""TQQQ"": 1.5}",0.03000000,tests/data/2026-08-20-net15,,0.35000000,0.60000000,,0.00032820,0.00090477,0.00033404,0.00092325,93292.18849517,40000.00000000,53292.18849517,1.33230471,0.26623098,0.28028762,0.88660085,0.32793063,1.22729809,0.58145225,-0.45787248,749,2023,0.93322010,2022,-0.41758171,150505.01124652,22.57575169,0.37635272,0.00056439,,,,,0.51187664,0.17385726
VT TQQQ/cash t35 w0-60 QQQ:VOL_EWMA80 gate QQQ<SMA200,sens,sens_2020-01-03,2020-01-03,2025-01-03,false,true,"{""*"": 6, ""BTAL"": 6, ""DBMF"": 2.5, ""KMLM"": 6, ""QQQ"": 1, ""SPY"": 0.7, ""TQQQ"": 1.5}",0.03000000,tests/data/2026-08-20-net15,,0.35000000,0.60000000,QQQ<SMA200,0.03545989,0.38064655,0.03546482,0.38064655,94882.75852489,40000.00000000,54882.75852489,1.37206896,0.27478451,0.28610417,0.95345168,0.30411623,1.31410432,0.75843509,-0.36230459,601,2023,0.72851421,2022,-0.32628373,128716.36303619,19.30745446,0.31522526,0.00048269,,,,,0.47674586,0.09758976
VT TQQQ/cash t35 w0-70 QQQ:VOL_EWMA80,sens,sens_2020-01-03,2020-01-03,2025-01-03,false,true,"{""*"": 6, ""BTAL"": 6, ""DBMF"": 2.5, ""KMLM"": 6, ""QQQ"": 1, ""SPY"": 0.7, ""TQQQ"": 1.5}",0.03000000,tests/data/2026-08-20-net15,,0.35000000,0.70000000,,0.00030772,0.00091123,0.00031600,0.00091815,93223.22471789,40000.00000000,53223.22471789,1.33058062,0.26521669,0.28003344,0.84646328,0.35269635,1.16183166,0.55409603,-0.47864753,754,2023,0.94522614,2022,-0.43544370,240682.48196849,36.10237230,0.60295753,0.00090256,,,,,0.55282839,0.17365657
VT TQQQ/cash t35 w0-70 QQQ:VOL_EWMA80 gate QQQ<SMA200,sens,sens_2020-01-03,2020-01-03,2025-01-03,false,true,"{""*"": 6, ""BTAL"": 6, ""DBMF"": 2.5, ""KMLM"": 6, ""QQQ"": 1, ""SPY"": 0.7, ""TQQQ"": 1.5}",0.03000000,tests/data/2026-08-20-net15,,0.35000000,0.70000000,QQQ<SMA200,0.03555464,0.38110631,0.03556206,0.38110631,94833.37726465,40000.00000000,54833.37726465,1.37083443,0.27389955,0.28592489,0.90089141,0.33061772,1.23067602,0.70734052,-0.38722446,606,2023,0.73897446,2022,-0.34644590,220433.31178733,33.06499677,0.54075818,0.00082662,,,,,0.51758233,0.09713000
VT TQQQ/cash t35 w0-80 QQQ:VOL_EWMA80,sens,sens_2020-01-03,2020-01-03,2025-01-03,false,true,"{""*"": 6, ""BTAL"": 6, ""DBMF"": 2.5, ""KMLM"": 6, ""QQQ"": 1, ""SPY"": 0.7, ""TQQQ"": 1.5}",0.03000000,tests/data/2026-08-20-net15,,0.35000000,0.80000000,,0.00028270,0.00082507,0.00029376,0.00082624,93664.35530301,40000.00000000,53664.35530301,1.34160888,0.26924149,0.28165645,0.83437375,0.36860549,1.14276932,0.55526364,-0.48488947,756,2023,0.94689989,2022,-0.43781665,357541.85757848,53.63127864,0.88356568,0.00134078,,,,,0.58338665,0.17345703
VT TQQQ/cash t35 w0-80 QQQ:VOL_EWMA80 gate QQQ<SMA200,sens,sens_2020-01-03,2020-01-03,2025-01-03,false,true,"{""*"": 6, ""BTAL"": 6, ""DBMF"": 2.5, ""KMLM"": 6, ""QQQ"": 1, ""SPY"": 0.7, ""TQQQ"": 1.5}",0.03000000,tests/data/2026-08-20-net15,,0.35000000,0.80000000,QQQ<SMA200,0.03538961,0.38056896,0.03539957,0.38056896,95277.34321993,40000.00000000,55277.34321993,1.38193358,0.27784746,0.28753371,0.88263079,0.34759560,1.20337674,0.70369558,-0.39484042,753,2023,0.74080799,2022,-0.34966382,338599.66380374,50.78994957,0.81947830,0.00126975,,,,,0.54828084,0.09766735
VT TQQQ/cash t40 w0-50 QQQ:VOL_EWMA80,sens,sens_2020-01-03,2020-01-03,2025-01-03,false,true,"{""*"": 6, ""BTAL"": 6, ""DBMF"": 2.5, ""KMLM"": 6, ""QQQ"": 1, ""SPY"": 0.7, ""TQQQ"": 1.5}",0.03000000,tests/data/2026-08-20-net15,,0.40000000,0.50000000,,0.00031254,0.00103569,0.00031637,0.00103639,83025.44584749,40000.00000000,43025.44584749,1.07563615,0.23248268,0.24046477,0.82118560,0.31644506,1.14082158,0.49885411,-0.46603340,759,2023,0.83115688,2022,-0.42886668,96418.94192856,14.46284129,0.25630043,0.00036157,,,,,0.47070342,0.19883954
VT TQQQ/cash t40 w0-50 QQQ:VOL_EWMA80 gate QQQ<SMA200,sens,sens_2020-01-03,2020-01-03,2025-01-03,false,true,"{""*"": 6, ""BTAL"": 6, ""DBMF"": 2.5, ""KMLM"": 6, ""QQQ"": 1, ""SPY"": 0.7, ""TQQQ"": 1.5}",0.03000000,tests/data/2026-08-20-net15,,0.40000000,0.50000000,QQQ<SMA200,0.03831050,0.38423358,0.03831333,0.38423358,84863.47677926,40000.00000000,44863.47677926,1.12158692,0.24253907,0.24790621,0.90576208,0.28564450,1.25110982,0.67333641,-0.36020489,753,2023,0.63650245,2022,-0.33443272,74664.01117170,11.19960168,0.19377153,0.00027999,,,,,0.43270646,0.11576642
VT TQQQ/cash t40 w0-60 QQQ:VOL_EWMA80,sens,sens_2020-01-03,2020-01-03,2025-01-03,false,true,"{""*"": 6, ""BTAL"": 6, ""DBMF"": 2.5, ""KMLM"": 6, ""QQQ"": 1, ""SPY"": 0.7, ""TQQQ"": 1.5}",0.03000000,tests/data/2026-08-20-net15,,0.40000000,0.60000000,,0.00032307,0.00089062,0.00032828,0.00092325,95042.44764576,40000.00000000,55042.44764576,1.37606119,0.27388885,0.28668334,0.86925597,0.35012225,1.20756803,0.55479981,-0.49367148,753,2023,1.00594867,2022,-0.45493790,133784.13624138,20.06762044,0.33041608,0.00050169,,,,,0.53742223,0.19850610
VT TQQQ/cash t40 w0-60 QQQ:VOL_EWMA80 gate QQQ<SMA200,sens,sens_2020-01-03,2020-01-03,2025-01-03,false,true,"{""*"": 6, ""BTAL"": 6, ""DBMF"": 2.5, ""KMLM"": 6, ""QQQ"": 1, ""SPY"": 0.7, ""TQQQ"": 1.5}",0.03000000,tests/data/2026-08-20-net15,,0.40000000,0.60000000,QQQ<SMA200,0.03959083,0.43013575,0.03959502,0.43013575,97301.57834747,40000.00000000,57301.57834747,1.43253946,0.28516188,0.29478579,0.94487416,0.32114423,1.30683377,0.73802700,-0.38638408,605,2023,0.77045031,2022,-0.35454229,110028.54391745,16.50428159,0.26463310,0.00041261,,,,,0.49815549,0.11642004
VT TQQQ/cash t40 w0-70 QQQ:VOL_EWMA80,sens,sens_2020-01-03,2020-01-03,2025-01-03,false,false,"{""*"": 6, ""BTAL"": 6, ""DBMF"": 2.5, ""KMLM"": 6, ""QQQ"": 1, ""SPY"": 0.7, ""TQQQ"": 1.5}",0.03000000,tests/data/2026-08-20-net15,,0.40000000,0.70000000,,0.00030635,0.00088414,0.00031327,0.00088587,102119.19987609,40000.00000000,62119.19987609,1.55298000,0.29460030,0.31152234,0.87396498,0.37900086,1.20878035,0.57425170,-0.51301598,753,2023,1.10096541,2022,-0.47162978,181741.43684286,27.26121553,0.43246546,0.00068153,,,,,0.59185633,0.19876215
VT TQQQ/cash t40 w0-70 QQQ:VOL_EWMA80 gate QQQ<SMA200,sens,sens_2020-01-03,2020-01-03,2025-01-03,false,true,"{""*"": 6, ""BTAL"": 6, ""DBMF"": 2.5, ""KMLM"": 6, ""QQQ"": 1, ""SPY"": 0.7, ""TQQQ"": 1.5}",0.03000000,tests/data/2026-08-20-net15,,0.40000000,0.70000000,QQQ<SMA200,0.03955642,0.42994340,0.03956224,0.42994340,104570.13119016,40000.00000000,64570.13119016,1.61425328,0.30603614,0.31977081,0.93731313,0.35240279,1.29080014,0.74039821,-0.41333993,605,2023,0.85418659,2022,-0.37436500,158293.67169661,23.74405075,0.36681415,0.00059360,,,,,0.55260736,0.11661239
VT TQQQ/cash t40 w0-80 QQQ:VOL_EWMA80,sens,sens_2020-01-03,2020-01-03,2025-01-03,false,false,"{""*"": 6, ""BTAL"": 6, ""DBMF"": 2.5, ""KMLM"": 6, ""QQQ"": 1, ""SPY"": 0.7, ""TQQQ"": 1.5}",0.03000000,tests/data/2026-08-20-net15,,0.40000000,0.80000000,,0.00028368,0.00093719,0.00029236,0.00094913,101447.80573971,40000.00000000,61447.80573971,1.53619514,0.29168792,0.30923231,0.83956141,0.40356303,1.15307341,0.54834880,-0.53193864,759,2023,1.10817771,2022,-0.48825114,290333.07852809,43.54996178,0.69455548,0.00108875,,,,,0.63187266,0.19849799
VT TQQQ/cash t40 w0-80 QQQ:VOL_EWMA80 gate QQQ<SMA200,sens,sens_2020-01-03,2020-01-03,2025-01-03,false,true,"{""*"": 6, ""BTAL"": 6, ""DBMF"": 2.5, ""KMLM"": 6, ""QQQ"": 1, ""SPY"": 0.7, ""TQQQ"": 1.5}",0.03000000,tests/data/2026-08-20-net15,,0.40000000,0.80000000,QQQ<SMA200,0.03952542,0.43007002,0.03953315,0.43007002,103832.09624510,40000.00000000,63832.09624510,1.59580241,0.30300474,0.31730510,0.89203291,0.37872312,1.21946516,0.69368660,-0.43680351,753,2023,0.86064024,2022,-0.39424543,269406.70919489,40.41100638,0.62792406,0.00101028,,,,,0.59263187,0.11648576
50/50,sens,sens_2020-01-03,2020-01-03,2025-01-03,true,true,"{""*"": 6, ""BTAL"": 6, ""DBMF"": 2.5, ""KMLM"": 6, ""QQQ"": 1, ""SPY"": 0.7, ""TQQQ"": 1.5}",0.03000000,tests/data/2026-08-20-net15,,,,,0.00068346,0.00201239,0.00047464,0.00159777,79254.80886167,40000.00000000,39254.80886167,0.98137022,0.22093528,0.22472460,0.77169629,0.33044691,1.08413766,0.49332062,-0.44785332,752,2023,0.69923292,2022,-0.42549345,183841.43228915,69.59238347,0.50484006,0.00173981,0.49964948,0.49840223,,,0.49964749,0.49898956
TQQQ50/BTAL50 gate QQQ<SMA200,sens,sens_2020-01-03,2020-01-03,2025-01-03,true,true,"{""*"": 6, ""BTAL"": 6, ""DBMF"": 2.5, ""KMLM"": 6, ""QQQ"": 1, ""SPY"": 0.7, ""TQQQ"": 1.5}",0.03000000,tests/data/2026-08-20-net15,,,,,0.05497851,0.38188376,0.05481041,0.38188843,82022.67085913,40000.00000000,42022.67085913,1.05056677,0.22816120,0.23634246,0.86002050,0.28817549,1.20329016,0.60533443,-0.37691760,140,2023,0.47670183,2022,-0.27209973,160699.86477399,62.49356449,0.43243085,0.00156234,0.55417613,0.49894806,,,0.44524358,0.11811157
SPY benchmark,sens,sens_2020-01-03,2020-01-03,2025-01-03,true,true,"{""*"": 6, ""BTAL"": 6, ""DBMF"": 2.5, ""KMLM"": 6, ""QQQ"": 1, ""SPY"": 0.7, ""TQQQ"": 1.5}",0.03000000,tests/data/2026-08-20-net15,,,,,0.00727444,0.01837760,0.00727567,0.01837842,64098.60236288,40000.00000000,24098.60236288,0.60246506,0.14320158,0.15373261,0.74743375,0.20874618,1.04471353,0.42536576,-0.33665516,173,2021,0.28286123,2022,-0.18106724,39528.67319861,2.76700712,0.12301764,0.00006918,,,0.99272433,0.98162158,,
VT TQQQ/BTAL t25 w0-50 QQQ:VOL_EWMA80,sens,sens_2020-07-06,2020-07-06,2025-07-03,false,true,"{""*"": 6, ""BTAL"": 6, ""DBMF"": 2.5, ""KMLM"": 6, ""QQQ"": 1, ""SPY"": 0.7, ""TQQQ"": 1.5}",0.03000000,tests/data/2026-08-20-net15,BTAL,0.25000000,0.50000000,,0.00074770,0.00235223,0.00054180,0.00186089,67911.63320520,40000.00000000,27911.63320520,0.69779083,0.14891097,0.17327804,0.75025421,0.21699158,1.04763286,0.54338575,-0.27404283,530,2023,0.48908374,2022,-0.23058685,288035.98612161,110.07800623,0.87619470,0.00275195,0.59862155,0.49905662,,,0.40060150,0.17302280
VT TQQQ/BTAL t25 w0-50 QQQ:VOL_EWMA80 gate QQQ<SMA200,sens,sens_2020-07-06,2020-07-06,2025-07-03,false,true,"{""*"": 6, ""BTAL"": 6, ""DBMF"": 2.5, ""KMLM"": 6, ""QQQ"": 1, ""SPY"": 0.7, ""TQQQ"": 1.5}",0.03000000,tests/data/2026-08-20-net15,BTAL,0.25000000,0.50000000,QQQ<SMA200,0.02967740,0.28725273,0.02949725,0.28725839,67143.78289712,40000.00000000,27143.78289712,0.67859457,0.14823700,0.16948568,0.75995324,0.21206076,1.05674948,0.58396130,-0.25384730,362,2023,0.33397665,2022,-0.14145627,249415.43373172,97.20064782,0.75899363,0.00243002,0.62762819,0.49905662,,,0.37163147,0.05433898
VT TQQQ/BTAL t25 w0-60 QQQ:VOL_EWMA80,sens,sens_2020-07-06,2020-07-06,2025-07-03,false,true,"{""*"": 6, ""BTAL"": 6, ""DBMF"": 2.5, ""KMLM"": 6, ""QQQ"": 1, ""SPY"": 0.7, ""TQQQ"": 1.5}",0.03000000,tests/data/2026-08-20-net15,BTAL,0.25000000,0.60000000,,0.00067007,0.00230290,0.00050325,0.00186089,67829.66239801,40000.00000000,27829.66239801,0.69574156,0.15030676,0.17287506,0.71912406,0.23319946,0.99726397,0.54356167,-0.27652200,530,2023,0.49849644,2022,-0.23320443,422221.08199637,159.26220522,1.28087069,0.00398156,0.56942005,0.39900141,,,0.42987026,0.17349433
VT TQQQ/BTAL t25 w0-60 QQQ:VOL_EWMA80 gate QQQ<SMA200,sens,sens_2020-07-06,2020-07-06,2025-07-03,false,true,"{""*"": 6, ""BTAL"": 6, ""DBMF"": 2.5, ""KMLM"": 6, ""QQQ"": 1, ""SPY"": 0.7, ""TQQQ"": 1.5}",0.03000000,tests/data/2026-08-20-net15,BTAL,0.25000000,0.60000000,QQQ<SMA200,0.02957263,0.28714706,0.02943655,0.28715267,67071.82796853,40000.00000000,27071.82796853,0.67679570,0.14966567,0.16912827,0.72646348,0.22862480,1.00360994,0.59667077,-0.25083460,355,2023,0.34232885,2022,-0.14414564,382665.99359986,146.01413763,1.16103548,0.00365035,0.59840718,0.39900141,,,0.40092423,0.05444470
VT TQQQ/BTAL t25 w0-70 QQQ:VOL_EWMA80,sens,sens_2020-07-06,2020-07-06,2025-07-03,false,true,"{""*"": 6, ""BTAL"": 6, ""DBMF"": 2.5, ""KMLM"": 6, ""QQQ"": 1, ""SPY"": 0.7, ""TQQQ"": 1.5}",0.03000000,tests/data/2026-08-20-net15,BTAL,0.25000000,0.70000000,,0.00082945,0.00230290,0.00061614,0.00186089,68034.72237981,40000.00000000,28034.72237981,0.70086806,0.15131153,0.17388233,0.69610590,0.24696650,0.96131327,0.53782100,-0.28134180,571,2023,0.53696249,2022,-0.23330702,552288.94540607,207.68897985,1.66831367,0.00519222,0.54828147,0.29916310,,,0.45083940,0.17337399
VT TQQQ/BTAL t25 w0-70 QQQ:VOL_EWMA80 gate QQQ<SMA200,sens,sens_2020-07-06,2020-07-06,2025-07-03,false,true,"{""*"": 6, ""BTAL"": 6, ""DBMF"": 2.5, ""KMLM"": 6, ""QQQ"": 1, ""SPY"": 0.7, ""TQQQ"": 1.5}",0.03000000,tests/data/2026-08-20-net15,BTAL,0.25000000,0.70000000,QQQ<SMA200,0.02971338,0.28720546,0.02956357,0.28721106,67302.88126727,40000.00000000,27302.88126727,0.68257203,0.15081911,0.17027469,0.70237557,0.24265251,0.96662579,0.59389152,-0.25395061,337,2023,0.37695710,2022,-0.14381655,512086.96324280,194.18634243,1.54659547,0.00485466,0.57733449,0.29916310,,,0.42188271,0.05438630
VT TQQQ/BTAL t25 w0-80 QQQ:VOL_EWMA80,sens,sens_2020-07-06,2020-07-06,2025-07-03,false,true,"{""*"": 6, ""BTAL"": 6, ""DBMF"": 2.5, ""KMLM"": 6, ""QQQ"": 1, ""SPY"": 0.7, ""TQQQ"": 1.5}",0.03000000,tests/data/2026-08-20-net15,BTAL,0.25000000,0.80000000,,0.00077956,0.00230290,0.00062085,0.00186089,68860.79815090,40000.00000000,28860.79815090,0.72151995,0.15620672,0.17791226,0.69749326,0.25576622,0.96397474,0.55593065,-0.28098239,571,2023,0.57549714,2022,-0.23282129,626640.98636920,235.60555662,1.86895038,0.00589014,0.53622825,0.19950071,,,0.46293664,0.17278453
VT TQQQ/BTAL t25 w0-80 QQQ:VOL_EWMA80 gate QQQ<SMA200,sens,sens_2020-07-06,2020-07-06,2025-07-03,false,true,"{""*"": 6, ""BTAL"": 6, ""DBMF"": 2.5, ""KMLM"": 6, ""QQQ"": 1, ""SPY"": 0.7, ""TQQQ"": 1.5}",0.03000000,tests/data/2026-08-20-net15,BTAL,0.25000000,0.80000000,QQQ<SMA200,0.02961972,0.28717091,0.02951808,0.28717645,68100.63022301,40000.00000000,28100.63022301,0.70251576,0.15559478,0.17420549,0.70271728,0.25161610,0.96805598,0.60412609,-0.25755349,324,2023,0.41122111,2022,-0.14356595,584724.84672238,221.45942306,1.74408398,0.00553649,0.56529585,0.19950071,,,0.43401211,0.05442092
VT TQQQ/BTAL t30 w0-50 QQQ:VOL_EWMA80,sens,sens_2020-07-06,2020-07-06,2025-07-03,false,true,"{""*"": 6, ""BTAL"": 6, ""DBMF"": 2.5, ""KMLM"": 6, ""QQQ"": 1, ""SPY"": 0.7, ""TQQQ"": 1.5}",0.03000000,tests/data/2026-08-20-net15,BTAL,0.30000000,0.50000000,,0.00062960,0.00229980,0.00044768,0.00157101,73711.93229821,40000.00000000,33711.93229821,0.84279831,0.18005477,0.20072739,0.81135690,0.24023549,1.14797992,0.55956830,-0.32177443,530,2023,0.62414665,2022,-0.27949823,257467.40003716,98.74043397,0.73581371,0.00246851,0.56067000,0.49878349,,,0.43867416,0.20766481
VT TQQQ/BTAL t30 w0-50 QQQ:VOL_EWMA80 gate QQQ<SMA200,sens,sens_2020-07-06,2020-07-06,2025-07-03,false,true,"{""*"": 6, ""BTAL"": 6, ""DBMF"": 2.5, ""KMLM"": 6, ""QQQ"": 1, ""SPY"": 0.7, ""TQQQ"": 1.5}",0.03000000,tests/data/2026-08-20-net15,BTAL,0.30000000,0.50000000,QQQ<SMA200,0.03449845,0.34165990,0.03436757,0.34166548,73174.08823847,40000.00000000,33174.08823847,0.82935221,0.18125608,0.19826615,0.84786987,0.22762042,1.19566169,0.75491551,-0.24010115,530,2023,0.42754187,2022,-0.17528851,210453.05249001,82.70467440,0.59968943,0.00206762,0.59467789,0.49878349,,,0.40473475,0.06825136
VT TQQQ/BTAL t30 w0-60 QQQ:VOL_EWMA80,sens,sens_2020-07-06,2020-07-06,2025-07-03,false,true,"{""*"": 6, ""BTAL"": 6, ""DBMF"": 2.5, ""KMLM"": 6, ""QQQ"": 1, ""SPY"": 0.7, ""TQQQ"": 1.5}",0.03000000,tests/data/2026-08-20-net15,BTAL,0.30000000,0.60000000,,0.00071649,0.00229980,0.00053596,0.00157101,75033.17459588,40000.00000000,35033.17459588,0.87582936,0.18220060,0.20670527,0.76693524,0.26466934,1.07199069,0.52750296,-0.34540204,533,2023,0.64720436,2022,-0.30452708,359630.28375668,136.27551665,1.03405318,0.00340689,0.51842565,0.39884301,,,0.48082402,0.20751860
VT TQQQ/BTAL t30 w0-60 QQQ:VOL_EWMA80 gate QQQ<SMA200,sens,sens_2020-07-06,2020-07-06,2025-07-03,false,true,"{""*"": 6, ""BTAL"": 6, ""DBMF"": 2.5, ""KMLM"": 6, ""QQQ"": 1, ""SPY"": 0.7, ""TQQQ"": 1.5}",0.03000000,tests/data/2026-08-20-net15,BTAL,0.30000000,0.60000000,QQQ<SMA200,0.03463718,0.34183229,0.03448218,0.34183796,74466.81249724,40000.00000000,34466.81249724,0.86167031,0.18338985,0.20415455,0.79381117,0.25326669,1.10543378,0.68231332,-0.26877660,533,2023,0.44767764,2022,-0.20382079,312674.39491942,120.24461179,0.89658696,0.00300612,0.55241918,0.39884301,,,0.44686279,0.06807887
VT TQQQ/BTAL t30 w0-70 QQQ:VOL_EWMA80,sens,sens_2020-07-06,2020-07-06,2025-07-03,false,true,"{""*"": 6, ""BTAL"": 6, ""DBMF"": 2.5, ""KMLM"": 6, ""QQQ"": 1, ""SPY"": 0.7, ""TQQQ"": 1.5}",0.03000000,tests/data/2026-08-20-net15,BTAL,0.30000000,0.70000000,,0.00075180,0.00229980,0.00055261,0.00157101,74871.45900792,40000.00000000,34871.45900792,0.87178648,0.18355571,0.20597873,0.74076055,0.28207227,1.02891725,0.51999856,-0.35299272,601,2023,0.65411178,2022,-0.30751753,512557.06256634,192.75049940,1.47016667,0.00481876,0.48824723,0.29920551,,,0.51095586,0.20814669
VT TQQQ/BTAL t30 w0-70 QQQ:VOL_EWMA80 gate QQQ<SMA200,sens,sens_2020-07-06,2020-07-06,2025-07-03,false,true,"{""*"": 6, ""BTAL"": 6, ""DBMF"": 2.5, ""KMLM"": 6, ""QQQ"": 1, ""SPY"": 0.7, ""TQQQ"": 1.5}",0.03000000,tests/data/2026-08-20-net15,BTAL,0.30000000,0.70000000,QQQ<SMA200,0.03456408,0.34163236,0.03443181,0.34163797,74316.84087176,40000.00000000,34316.84087176,0.85792102,0.18477164,0.20347619,0.76282941,0.27139741,1.05567177,0.66702822,-0.27700724,573,2023,0.45342659,2022,-0.20696944,464685.94324243,176.37215566,1.32891889,0.00440930,0.52228242,0.29920551,,,0.47703748,0.06827887
VT TQQQ/BTAL t30 w0-80 QQQ:VOL_EWMA80,sens,sens_2020-07-06,2020-07-06,2025-07-03,false,true,"{""*"": 6, ""BTAL"": 6, ""DBMF"": 2.5, ""KMLM"": 6, ""QQQ"": 1, ""SPY"": 0.7, ""TQQQ"": 1.5}",0.03000000,tests/data/2026-08-20-net15,BTAL,0.30000000,0.80000000,,0.00070887,0.00229980,0.00054023,0.00157101,74728.66688445,40000.00000000,34728.66688445,0.86821667,0.18297761,0.20533603,0.71640041,0.29716233,0.99063618,0.50953799,-0.35910495,605,2023,0.69071286,2022,-0.30699501,668672.87558277,251.01064372,1.91627587,0.00627527,0.46515223,0.19878128,,,0.53408284,0.20752883
VT TQQQ/BTAL t30 w0-80 QQQ:VOL_EWMA80 gate QQQ<SMA200,sens,sens_2020-07-06,2020-07-06,2025-07-03,false,true,"{""*"": 6, ""BTAL"": 6, ""DBMF"": 2.5, ""KMLM"": 6, ""QQQ"": 1, ""SPY"": 0.7, ""TQQQ"": 1.5}",0.03000000,tests/data/2026-08-20-net15,BTAL,0.30000000,0.80000000,QQQ<SMA200,0.03470467,0.34191181,0.03456813,0.34191743,74190.17825337,40000.00000000,34190.17825337,0.85475446,0.18425923,0.20290229,0.73516821,0.28703946,1.01296056,0.64925215,-0.28380227,601,2023,0.48564047,2022,-0.20622360,619970.67742977,234.38049832,1.77121220,0.00585951,0.49923865,0.19878128,,,0.50003279,0.06799941
VT TQQQ/BTAL t35 w0-50 QQQ:VOL_EWMA80,sens,sens_2020-07-06,2020-07-06,2025-07-03,false,true,"{""*"": 6, ""BTAL"": 6, ""DBMF"": 2.5, ""KMLM"": 6, ""QQQ"": 1, ""SPY"": 0.7, ""TQQQ"": 1.5}",0.03000000,tests/data/2026-08-20-net15,BTAL,0.35000000,0.50000000,,0.00068494,0.00194137,0.00046419,0.00118476,74004.98569920,40000.00000000,34004.98569920,0.85012464,0.18514624,0.20206161,0.78276734,0.26123770,1.11012670,0.50317407,-0.36795663,535,2023,0.68804033,2022,-0.32738753,232368.23412274,88.27208114,0.65985297,0.00220680,0.53646097,0.49918663,,,0.46283034,0.24253704
VT TQQQ/BTAL t35 w0-50 QQQ:VOL_EWMA80 gate QQQ<SMA200,sens,sens_2020-07-06,2020-07-06,2025-07-03,false,true,"{""*"": 6, ""BTAL"": 6, ""DBMF"": 2.5, ""KMLM"": 6, ""QQQ"": 1, ""SPY"": 0.7, ""TQQQ"": 1.5}",0.03000000,tests/data/2026-08-20-net15,BTAL,0.35000000,0.50000000,QQQ<SMA200,0.03928606,0.39511131,0.03909991,0.39511695,73904.22214811,40000.00000000,33904.22214811,0.84760555,0.18890934,0.20160339,0.84339384,0.23990560,1.19300969,0.70049789,-0.26967867,535,2023,0.45700850,2022,-0.20922243,179300.10272285,70.00507205,0.50531169,0.00175013,0.57518991,0.49918663,,,0.42417999,0.08311936
VT TQQQ/BTAL t35 w0-60 QQQ:VOL_EWMA80,sens,sens_2020-07-06,2020-07-06,2025-07-03,false,true,"{""*"": 6, ""BTAL"": 6, ""DBMF"": 2.5, ""KMLM"": 6, ""QQQ"": 1, ""SPY"": 0.7, ""TQQQ"": 1.5}",0.03000000,tests/data/2026-08-20-net15,BTAL,0.35000000,0.60000000,,0.00073636,0.00225770,0.00055140,0.00159690,81655.82222375,40000.00000000,41655.82222375,1.04139556,0.21441988,0.23530942,0.81515479,0.29105828,1.15222313,0.54928339,-0.39036295,535,2023,0.80169475,2022,-0.35011337,305370.54959366,115.81598622,0.82221068,0.00289540,0.47901430,0.39884154,,,0.52022043,0.24242449
VT TQQQ/BTAL t35 w0-60 QQQ:VOL_EWMA80 gate QQQ<SMA200,sens,sens_2020-07-06,2020-07-06,2025-07-03,false,true,"{""*"": 6, ""BTAL"": 6, ""DBMF"": 2.5, ""KMLM"": 6, ""QQQ"": 1, ""SPY"": 0.7, ""TQQQ"": 1.5}",0.03000000,tests/data/2026-08-20-net15,BTAL,0.35000000,0.60000000,QQQ<SMA200,0.03926525,0.39487692,0.03912296,0.39488251,81551.68637472,40000.00000000,41551.68637472,1.03879216,0.21824241,0.23487605,0.86394413,0.27210668,1.21817288,0.72189466,-0.30231892,535,2023,0.55562400,2022,-0.23642790,250028.76167929,96.63540391,0.66842039,0.00241589,0.51765707,0.39884154,,,0.48163879,0.08335380
VT TQQQ/BTAL t35 w0-70 QQQ:VOL_EWMA80,sens,sens_2020-07-06,2020-07-06,2025-07-03,false,true,"{""*"": 6, ""BTAL"": 6, ""DBMF"": 2.5, ""KMLM"": 6, ""QQQ"": 1, ""SPY"": 0.7, ""TQQQ"": 1.5}",0.03000000,tests/data/2026-08-20-net15,BTAL,0.35000000,0.70000000,,0.00076801,0.00225770,0.00055197,0.00142371,82213.00455026,40000.00000000,42213.00455026,1.05532511,0.21295007,0.23761977,0.77090277,0.31627749,1.07787197,0.51213629,-0.41580743,605,2023,0.81453173,2022,-0.37374279,440821.36434398,166.25870465,1.20341391,0.00415647,0.43811071,0.29901464,,,0.56108250,0.24241602
VT TQQQ/BTAL t35 w0-70 QQQ:VOL_EWMA80 gate QQQ<SMA200,sens,sens_2020-07-06,2020-07-06,2025-07-03,false,true,"{""*"": 6, ""BTAL"": 6, ""DBMF"": 2.5, ""KMLM"": 6, ""QQQ"": 1, ""SPY"": 0.7, ""TQQQ"": 1.5}",0.03000000,tests/data/2026-08-20-net15,BTAL,0.35000000,0.70000000,QQQ<SMA200,0.03928697,0.39514460,0.03911137,0.39515031,82115.34064715,40000.00000000,42115.34064715,1.05288352,0.21689660,0.23721583,0.80875207,0.29891548,1.12710271,0.65223077,-0.33254579,601,2023,0.56655604,2022,-0.26370417,386654.68054508,147.53951469,1.04803996,0.00368849,0.47682979,0.29901464,,,0.52246519,0.08308601
VT TQQQ/BTAL t35 w0-80 QQQ:VOL_EWMA80,sens,sens_2020-07-06,2020-07-06,2025-07-03,false,true,"{""*"": 6, ""BTAL"": 6, ""DBMF"": 2.5, ""KMLM"": 6, ""QQQ"": 1, ""SPY"": 0.7, ""TQQQ"": 1.5}",0.03000000,tests/data/2026-08-20-net15,BTAL,0.35000000,0.80000000,,0.00074924,0.00225770,0.00053308,0.00134755,81870.99404736,40000.00000000,41870.99404736,1.04677485,0.21369884,0.23620330,0.74875325,0.33449154,1.04114280,0.50340707,-0.42450504,606,2023,0.81816033,2022,-0.37667264,610387.59719694,229.04917190,1.66487963,0.00572623,0.40734957,0.19924190,,,0.59185054,0.24262754
VT TQQQ/BTAL t35 w0-80 QQQ:VOL_EWMA80 gate QQQ<SMA200,sens,sens_2020-07-06,2020-07-06,2025-07-03,false,true,"{""*"": 6, ""BTAL"": 6, ""DBMF"": 2.5, ""KMLM"": 6, ""QQQ"": 1, ""SPY"": 0.7, ""TQQQ"": 1.5}",0.03000000,tests/data/2026-08-20-net15,BTAL,0.35000000,0.80000000,QQQ<SMA200,0.03935514,0.39508605,0.03917930,0.39509169,81793.95936698,40000.00000000,41793.95936698,1.04484898,0.21768517,0.23588352,0.78092941,0.31807839,1.08217141,0.63594686,-0.34230089,605,2023,0.56933545,2022,-0.26702232,555826.61181434,210.17671475,1.50489176,0.00525442,0.44609230,0.19924190,,,0.55315801,0.08314462
VT TQQQ/BTAL t40 w0-50 QQQ:VOL_EWMA80,sens,sens_2020-07-06,2020-07-06,2025-07-03,false,true,"{""*"": 6, ""BTAL"": 6, ""DBMF"": 2.5, ""KMLM"": 6, ""QQQ"": 1, ""SPY"": 0.7, ""TQQQ"": 1.5}",0.03000000,tests/data/2026-08-20-net15,BTAL,0.40000000,0.50000000,,0.00082571,0.00270076,0.00059822,0.00184580,72978.90893557,40000.00000000,32978.90893557,0.82447272,0.18187911,0.19736894,0.74361642,0.27695614,1.05416299,0.45417221,-0.40046288,683,2023,0.69937543,2022,-0.36195961,203161.71255543,77.59196648,0.58479489,0.00193980,0.52008088,0.49815420,,,0.47907157,0.27726464
VT TQQQ/BTAL t40 w0-50 QQQ:VOL_EWMA80 gate QQQ<SMA200,sens,sens_2020-07-06,2020-07-06,2025-07-03,false,true,"{""*"": 6, ""BTAL"": 6, ""DBMF"": 2.5, ""KMLM"": 6, ""QQQ"": 1, ""SPY"": 0.7, ""TQQQ"": 1.5}",0.03000000,tests/data/2026-08-20-net15,BTAL,0.40000000,0.50000000,QQQ<SMA200,0.04282544,0.40081511,0.04261678,0.40082089,72772.40617932,40000.00000000,32772.40617932,0.81931015,0.18583506,0.19641730,0.81151881,0.24880743,1.14767308,0.62587336,-0.29692118,568,2023,0.46528324,2022,-0.24305339,158274.09567277,62.11178334,0.45032750,0.00155279,0.56222400,0.49815420,,,0.43702004,0.09917911
VT TQQQ/BTAL t40 w0-60 QQQ:VOL_EWMA80,sens,sens_2020-07-06,2020-07-06,2025-07-03,false,true,"{""*"": 6, ""BTAL"": 6, ""DBMF"": 2.5, ""KMLM"": 6, ""QQQ"": 1, ""SPY"": 0.7, ""TQQQ"": 1.5}",0.03000000,tests/data/2026-08-20-net15,BTAL,0.40000000,0.60000000,,0.00080989,0.00281097,0.00058580,0.00164430,83116.48210938,40000.00000000,43116.48210938,1.07791205,0.22407625,0.24133636,0.80198315,0.31460185,1.13809370,0.51568472,-0.43452180,567,2023,0.88967972,2022,-0.39514976,276392.09591462,104.74997933,0.73253826,0.00261875,0.45221896,0.39879765,,,0.54694483,0.27715924
VT TQQQ/BTAL t40 w0-60 QQQ:VOL_EWMA80 gate QQQ<SMA200,sens,sens_2020-07-06,2020-07-06,2025-07-03,false,true,"{""*"": 6, ""BTAL"": 6, ""DBMF"": 2.5, ""KMLM"": 6, ""QQQ"": 1, ""SPY"": 0.7, ""TQQQ"": 1.5}",0.03000000,tests/data/2026-08-20-net15,BTAL,0.40000000,0.60000000,QQQ<SMA200,0.04378055,0.44676172,0.04360176,0.44676736,83479.78333001,40000.00000000,43479.78333001,1.08699458,0.23063516,0.24282066,0.86822317,0.28735283,1.22989926,0.69535358,-0.33168041,535,2023,0.60446902,2022,-0.26942929,217788.41872758,84.39220902,0.56986956,0.00210981,0.49536088,0.39879765,,,0.50390454,0.09978842
VT TQQQ/BTAL t40 w0-70 QQQ:VOL_EWMA80,sens,sens_2020-07-06,2020-07-06,2025-07-03,false,true,"{""*"": 6, ""BTAL"": 6, ""DBMF"": 2.5, ""KMLM"": 6, ""QQQ"": 1, ""SPY"": 0.7, ""TQQQ"": 1.5}",0.03000000,tests/data/2026-08-20-net15,BTAL,0.40000000,0.70000000,,0.00066624,0.00213870,0.00047616,0.00137382,89181.07487389,40000.00000000,49181.07487389,1.22952687,0.24430918,0.26538757,0.80864886,0.34477580,1.14159992,0.53473303,-0.45688066,605,2023,0.98312640,2022,-0.41690124,361509.20613316,136.30120897,0.92477047,0.00340753,0.39785927,0.29903366,,,0.60144245,0.27745634
VT TQQQ/BTAL t40 w0-70 QQQ:VOL_EWMA80 gate QQQ<SMA200,sens,sens_2020-07-06,2020-07-06,2025-07-03,false,true,"{""*"": 6, ""BTAL"": 6, ""DBMF"": 2.5, ""KMLM"": 6, ""QQQ"": 1, ""SPY"": 0.7, ""TQQQ"": 1.5}",0.03000000,tests/data/2026-08-20-net15,BTAL,0.40000000,0.70000000,QQQ<SMA200,0.04361398,0.44656796,0.04345827,0.44657359,89543.74806828,40000.00000000,49543.74806828,1.23859370,0.25084693,0.26677913,0.86185738,0.32009463,1.21396075,0.68901945,-0.36406364,601,2023,0.68329156,2022,-0.29594559,301610.11444415,115.40709061,0.76221394,0.00288518,0.44092073,0.29903366,,,0.55842961,0.09998219
VT TQQQ/BTAL t40 w0-80 QQQ:VOL_EWMA80,sens,sens_2020-07-06,2020-07-06,2025-07-03,false,true,"{""*"": 6, ""BTAL"": 6, ""DBMF"": 2.5, ""KMLM"": 6, ""QQQ"": 1, ""SPY"": 0.7, ""TQQQ"": 1.5}",0.03000000,tests/data/2026-08-20-net15,BTAL,0.40000000,0.80000000,,0.00063257,0.00213870,0.00048552,0.00137382,89263.65714273,40000.00000000,49263.65714273,1.23159143,0.24063246,0.26570488,0.76985665,0.37042237,1.07683369,0.49871654,-0.48250347,752,2023,0.99103228,2022,-0.43859735,528981.97691301,198.92253458,1.37873039,0.00497306,0.35802109,0.19883390,,,0.64130238,0.27767619
VT TQQQ/BTAL t40 w0-80 QQQ:VOL_EWMA80 gate QQQ<SMA200,sens,sens_2020-07-06,2020-07-06,2025-07-03,false,true,"{""*"": 6, ""BTAL"": 6, ""DBMF"": 2.5, ""KMLM"": 6, ""QQQ"": 1, ""SPY"": 0.7, ""TQQQ"": 1.5}",0.03000000,tests/data/2026-08-20-net15,BTAL,0.40000000,0.80000000,QQQ<SMA200,0.04370908,0.44720177,0.04357975,0.44720754,89634.54654663,40000.00000000,49634.54654663,1.24086366,0.24733318,0.26712673,0.81252252,0.34753668,1.13298658,0.62706065,-0.39443263,606,2023,0.68994072,2022,-0.32159597,471599.11228523,178.96261218,1.21425179,0.00447407,0.40118607,0.19883390,,,0.59815994,0.09934825
VT TQQQ/cash t25 w0-50 QQQ:VOL_EWMA80,sens,sens_2020-07-06,2020-07-06,2025-07-03,false,true,"{""*"": 6, ""BTAL"": 6, ""DBMF"": 2.5, ""KMLM"": 6, ""QQQ"": 1, ""SPY"": 0.7, ""TQQQ"": 1.5}",0.03000000,tests/data/2026-08-20-net15,,0.25000000,0.50000000,,0.00044486,0.00135117,0.00045022,0.00135348,73112.01574042,40000.00000000,33112.01574042,0.82780039,0.19258904,0.19798105,0.83582736,0.24820993,1.17101096,0.53670811,-0.35883386,605,2023,0.64394456,2022,-0.31959989,147860.27117796,22.17904068,0.42115668,0.00055448,,,,,0.40059204,0.17311477
VT TQQQ/cash t25 w0-50 QQQ:VOL_EWMA80 gate QQQ<SMA200,sens,sens_2020-07-06,2020-07-06,2025-07-03,false,true,"{""*"": 6, ""BTAL"": 6, ""DBMF"": 2.5, ""KMLM"": 6, ""QQQ"": 1, ""SPY"": 0.7, ""TQQQ"": 1.5}",0.03000000,tests/data/2026-08-20-net15,,0.25000000,0.50000000,QQQ<SMA200,0.02818801,0.28055537,0.02819250,0.28055537,73634.68027528,40000.00000000,33634.68027528,0.84086701,0.19746024,0.20037488,0.90528002,0.22850283,1.26366460,0.70600538,-0.27968660,601,2023,0.51054759,2022,-0.24540378,127737.71779704,19.16065767,0.35982910,0.00047902,,,,,0.37284976,0.06104200
VT TQQQ/cash t25 w0-60 QQQ:VOL_EWMA80,sens,sens_2020-07-06,2020-07-06,2025-07-03,false,true,"{""*"": 6, ""BTAL"": 6, ""DBMF"": 2.5, ""KMLM"": 6, ""QQQ"": 1, ""SPY"": 0.7, ""TQQQ"": 1.5}",0.03000000,tests/data/2026-08-20-net15,,0.25000000,0.60000000,,0.00039886,0.00142468,0.00040641,0.00142586,73658.35911598,40000.00000000,33658.35911598,0.84145898,0.19645521,0.20048297,0.81509475,0.26328783,1.13542868,0.53741306,-0.36555720,606,2023,0.64880389,2022,-0.32135458,229300.73514576,34.39511027,0.64726105,0.00085988,,,,,0.42983662,0.17312076
VT TQQQ/cash t25 w0-60 QQQ:VOL_EWMA80 gate QQQ<SMA200,sens,sens_2020-07-06,2020-07-06,2025-07-03,false,true,"{""*"": 6, ""BTAL"": 6, ""DBMF"": 2.5, ""KMLM"": 6, ""QQQ"": 1, ""SPY"": 0.7, ""TQQQ"": 1.5}",0.03000000,tests/data/2026-08-20-net15,,0.25000000,0.60000000,QQQ<SMA200,0.02824782,0.28065339,0.02825407,0.28065339,74196.19763740,40000.00000000,34196.19763740,0.85490494,0.20139516,0.20292959,0.87458767,0.24471862,1.21334439,0.70205382,-0.28686569,605,2023,0.51473949,2022,-0.24690152,209245.17634996,31.38677645,0.58396586,0.00078467,,,,,0.40198897,0.06094398
VT TQQQ/cash t25 w0-70 QQQ:VOL_EWMA80,sens,sens_2020-07-06,2020-07-06,2025-07-03,false,true,"{""*"": 6, ""BTAL"": 6, ""DBMF"": 2.5, ""KMLM"": 6, ""QQQ"": 1, ""SPY"": 0.7, ""TQQQ"": 1.5}",0.03000000,tests/data/2026-08-20-net15,,0.25000000,0.70000000,,0.00037074,0.00126610,0.00037967,0.00127538,74080.03052159,40000.00000000,34080.03052159,0.85200076,0.19826789,0.20240251,0.79653228,0.27551076,1.10595401,0.53557386,-0.37019710,752,2023,0.67213783,2022,-0.32164576,300895.27556510,45.13429133,0.84483897,0.00112836,,,,,0.45098226,0.17356790
VT TQQQ/cash t25 w0-70 QQQ:VOL_EWMA80 gate QQQ<SMA200,sens,sens_2020-07-06,2020-07-06,2025-07-03,false,true,"{""*"": 6, ""BTAL"": 6, ""DBMF"": 2.5, ""KMLM"": 6, ""QQQ"": 1, ""SPY"": 0.7, ""TQQQ"": 1.5}",0.03000000,tests/data/2026-08-20-net15,,0.25000000,0.70000000,QQQ<SMA200,0.02811954,0.28039310,0.02812759,0.28039310,74651.68014574,40000.00000000,34651.68014574,0.86629200,0.20329886,0.20498906,0.84910079,0.25787074,1.17416708,0.69545054,-0.29232684,605,2023,0.53686319,2022,-0.24749534,281347.96718011,42.20219508,0.78096644,0.00105505,,,,,0.42323434,0.06120427
VT TQQQ/cash t25 w0-80 QQQ:VOL_EWMA80,sens,sens_2020-07-06,2020-07-06,2025-07-03,false,true,"{""*"": 6, ""BTAL"": 6, ""DBMF"": 2.5, ""KMLM"": 6, ""QQQ"": 1, ""SPY"": 0.7, ""TQQQ"": 1.5}",0.03000000,tests/data/2026-08-20-net15,,0.25000000,0.80000000,,0.00038313,0.00132062,0.00039270,0.00133502,75298.87637998,40000.00000000,35298.87637998,0.88247191,0.20446805,0.20789592,0.80129654,0.28293707,1.11342759,0.55254778,-0.37004592,752,2023,0.69613349,2022,-0.32141901,341830.08863183,51.27451329,0.94589886,0.00128186,,,,,0.46303799,0.17339602
VT TQQQ/cash t25 w0-80 QQQ:VOL_EWMA80 gate QQQ<SMA200,sens,sens_2020-07-06,2020-07-06,2025-07-03,false,true,"{""*"": 6, ""BTAL"": 6, ""DBMF"": 2.5, ""KMLM"": 6, ""QQQ"": 1, ""SPY"": 0.7, ""TQQQ"": 1.5}",0.03000000,tests/data/2026-08-20-net15,,0.25000000,0.80000000,QQQ<SMA200,0.02808785,0.28018292,0.02809699,0.28018292,75836.84065358,40000.00000000,35836.84065358,0.89592102,0.20930803,0.21029504,0.85037100,0.26582662,1.17717383,0.71587754,-0.29237966,605,2023,0.55850735,2022,-0.24755852,322126.38247422,48.31895737,0.88154265,0.00120797,,,,,0.43533370,0.06141445
VT TQQQ/cash t30 w0-50 QQQ:VOL_EWMA80,sens,sens_2020-07-06,2020-07-06,2025-07-03,false,true,"{""*"": 6, ""BTAL"": 6, ""DBMF"": 2.5, ""KMLM"": 6, ""QQQ"": 1, ""SPY"": 0.7, ""TQQQ"": 1.5}",0.03000000,tests/data/2026-08-20-net15,,0.30000000,0.50000000,,0.00039170,0.00118453,0.00039622,0.00118634,78065.80961055,40000.00000000,38065.80961055,0.95164524,0.21631434,0.22007458,0.84981279,0.27588145,1.20239228,0.54304080,-0.39833903,605,2023,0.76899058,2022,-0.36013792,119317.21829005,17.89758274,0.32406265,0.00044744,,,,,0.43863588,0.20816089
VT TQQQ/cash t30 w0-50 QQQ:VOL_EWMA80 gate QQQ<SMA200,sens,sens_2020-07-06,2020-07-06,2025-07-03,false,true,"{""*"": 6, ""BTAL"": 6, ""DBMF"": 2.5, ""KMLM"": 6, ""QQQ"": 1, ""SPY"": 0.7, ""TQQQ"": 1.5}",0.03000000,tests/data/2026-08-20-net15,,0.30000000,0.50000000,QQQ<SMA200,0.03295423,0.33359745,0.03295769,0.33359745,79083.81643144,40000.00000000,39083.81643144,0.97709541,0.22366699,0.22445761,0.93350832,0.25047327,1.31748251,0.72932626,-0.30667617,601,2023,0.60156356,2022,-0.27386648,94839.18109927,14.22587716,0.25358709,0.00035565,,,,,0.40607440,0.07631939
VT TQQQ/cash t30 w0-60 QQQ:VOL_EWMA80,sens,sens_2020-07-06,2020-07-06,2025-07-03,false,true,"{""*"": 6, ""BTAL"": 6, ""DBMF"": 2.5, ""KMLM"": 6, ""QQQ"": 1, ""SPY"": 0.7, ""TQQQ"": 1.5}",0.03000000,tests/data/2026-08-20-net15,,0.30000000,0.60000000,,0.00032564,0.00117740,0.00033214,0.00117808,79711.03215078,40000.00000000,39711.03215078,0.99277580,0.22022923,0.22713289,0.81813265,0.29857644,1.14653512,0.52305046,-0.42104778,752,2023,0.79052716,2022,-0.37926388,187342.72004664,28.10140801,0.50802577,0.00070254,,,,,0.48091857,0.20789553
VT TQQQ/cash t30 w0-60 QQQ:VOL_EWMA80 gate QQQ<SMA200,sens,sens_2020-07-06,2020-07-06,2025-07-03,false,true,"{""*"": 6, ""BTAL"": 6, ""DBMF"": 2.5, ""KMLM"": 6, ""QQQ"": 1, ""SPY"": 0.7, ""TQQQ"": 1.5}",0.03000000,tests/data/2026-08-20-net15,,0.30000000,0.60000000,QQQ<SMA200,0.03286755,0.33366705,0.03287301,0.33366705,80744.49504218,40000.00000000,40744.49504218,1.01861238,0.22761479,0.23149993,0.88511950,0.27528117,1.23581082,0.68112662,-0.33417398,605,2023,0.62105015,2022,-0.29557134,163781.95544867,24.56729332,0.43732489,0.00061418,,,,,0.44837770,0.07624979
VT TQQQ/cash t30 w0-70 QQQ:VOL_EWMA80,sens,sens_2020-07-06,2020-07-06,2025-07-03,false,true,"{""*"": 6, ""BTAL"": 6, ""DBMF"": 2.5, ""KMLM"": 6, ""QQQ"": 1, ""SPY"": 0.7, ""TQQQ"": 1.5}",0.03000000,tests/data/2026-08-20-net15,,0.30000000,0.70000000,,0.00040132,0.00119010,0.00041021,0.00120210,80305.25110309,40000.00000000,40305.25110309,1.00763128,0.22434857,0.22965002,0.80412331,0.31388865,1.12169147,0.52501496,-0.42731843,754,2023,0.79365438,2022,-0.38119810,276420.91043149,41.46313656,0.74255466,0.00103658,,,,,0.51097738,0.20790209
VT TQQQ/cash t30 w0-70 QQQ:VOL_EWMA80 gate QQQ<SMA200,sens,sens_2020-07-06,2020-07-06,2025-07-03,false,true,"{""*"": 6, ""BTAL"": 6, ""DBMF"": 2.5, ""KMLM"": 6, ""QQQ"": 1, ""SPY"": 0.7, ""TQQQ"": 1.5}",0.03000000,tests/data/2026-08-20-net15,,0.30000000,0.70000000,QQQ<SMA200,0.03299346,0.33370435,0.03300092,0.33370435,81364.21692969,40000.00000000,41364.21692969,1.03410542,0.23179447,0.23409463,0.86294865,0.29180312,1.19895474,0.67912654,-0.34131264,606,2023,0.62400402,2022,-0.29762552,253462.82716122,38.01942407,0.67027144,0.00095049,,,,,0.47838666,0.07621249
VT TQQQ/cash t30 w0-80 QQQ:VOL_EWMA80,sens,sens_2020-07-06,2020-07-06,2025-07-03,false,true,"{""*"": 6, ""BTAL"": 6, ""DBMF"": 2.5, ""KMLM"": 6, ""QQQ"": 1, ""SPY"": 0.7, ""TQQQ"": 1.5}",0.03000000,tests/data/2026-08-20-net15,,0.30000000,0.80000000,,0.00046392,0.00131846,0.00047488,0.00133614,80474.43450573,40000.00000000,40474.43450573,1.01186086,0.22487557,0.23036362,0.78666687,0.32668444,1.09375647,0.52089276,-0.43171184,754,2023,0.81614444,2022,-0.38111513,361739.74481707,54.26096172,0.96918023,0.00135652,,,,,0.53402321,0.20804575
VT TQQQ/cash t30 w0-80 QQQ:VOL_EWMA80 gate QQQ<SMA200,sens,sens_2020-07-06,2020-07-06,2025-07-03,false,true,"{""*"": 6, ""BTAL"": 6, ""DBMF"": 2.5, ""KMLM"": 6, ""QQQ"": 1, ""SPY"": 0.7, ""TQQQ"": 1.5}",0.03000000,tests/data/2026-08-20-net15,,0.30000000,0.80000000,QQQ<SMA200,0.03302399,0.33363498,0.03303403,0.33363498,81545.89884109,40000.00000000,41545.89884109,1.03864747,0.23234719,0.23485195,0.83927762,0.30551691,1.16216559,0.67076136,-0.34639322,606,2023,0.64432788,2022,-0.29762919,339440.11526267,50.91601729,0.89528820,0.00127290,,,,,0.50146406,0.07628186
VT TQQQ/cash t35 w0-50 QQQ:VOL_EWMA80,sens,sens_2020-07-06,2020-07-06,2025-07-03,false,true,"{""*"": 6, ""BTAL"": 6, ""DBMF"": 2.5, ""KMLM"": 6, ""QQQ"": 1, ""SPY"": 0.7, ""TQQQ"": 1.5}",0.03000000,tests/data/2026-08-20-net15,,0.35000000,0.50000000,,0.00041978,0.00116981,0.00042395,0.00117066,77478.47664007,40000.00000000,37478.47664007,0.93696192,0.21549715,0.21752234,0.80380476,0.29912086,1.13982266,0.49318859,-0.43694674,752,2023,0.82160908,2022,-0.39967078,104160.31675460,15.62404751,0.28394865,0.00039060,,,,,0.46277931,0.24241302
VT TQQQ/cash t35 w0-50 QQQ:VOL_EWMA80 gate QQQ<SMA200,sens,sens_2020-07-06,2020-07-06,2025-07-03,false,true,"{""*"": 6, ""BTAL"": 6, ""DBMF"": 2.5, ""KMLM"": 6, ""QQQ"": 1, ""SPY"": 0.7, ""TQQQ"": 1.5}",0.03000000,tests/data/2026-08-20-net15,,0.35000000,0.50000000,QQQ<SMA200,0.03753557,0.38565726,0.03753856,0.38565726,78925.84079776,40000.00000000,38925.84079776,0.97314602,0.22536843,0.22378079,0.89589285,0.26743633,1.26685022,0.67924025,-0.33179487,605,2023,0.62629431,2022,-0.30243343,77430.60089950,11.61459013,0.20674097,0.00029036,,,,,0.42566470,0.09257905
VT TQQQ/cash t35 w0-60 QQQ:VOL_EWMA80,sens,sens_2020-07-06,2020-07-06,2025-07-03,false,true,"{""*"": 6, ""BTAL"": 6, ""DBMF"": 2.5, ""KMLM"": 6, ""QQQ"": 1, ""SPY"": 0.7, ""TQQQ"": 1.5}",0.03000000,tests/data/2026-08-20-net15,,0.35000000,0.60000000,,0.00040760,0.00125722,0.00041242,0.00125771,85393.44583191,40000.00000000,45393.44583191,1.13483615,0.24522329,0.25054489,0.83669855,0.32674729,1.18320622,0.53569761,-0.45776440,749,2023,0.93344739,2022,-0.41745511,148156.70490225,22.22350574,0.38179105,0.00055559,,,,,0.52026163,0.24281447
VT TQQQ/cash t35 w0-60 QQQ:VOL_EWMA80 gate QQQ<SMA200,sens,sens_2020-07-06,2020-07-06,2025-07-03,false,true,"{""*"": 6, ""BTAL"": 6, ""DBMF"": 2.5, ""KMLM"": 6, ""QQQ"": 1, ""SPY"": 0.7, ""TQQQ"": 1.5}",0.03000000,tests/data/2026-08-20-net15,,0.35000000,0.60000000,QQQ<SMA200,0.03756239,0.38548141,0.03756631,0.38548141,86995.98844910,40000.00000000,46995.98844910,1.17489971,0.25524314,0.25689515,0.91434302,0.29799292,1.28937024,0.70851701,-0.36024985,601,2023,0.72585269,2022,-0.32311556,121012.62778369,18.15189417,0.30545738,0.00045380,,,,,0.48310775,0.09275491
VT TQQQ/cash t35 w0-70 QQQ:VOL_EWMA80,sens,sens_2020-07-06,2020-07-06,2025-07-03,false,true,"{""*"": 6, ""BTAL"": 6, ""DBMF"": 2.5, ""KMLM"": 6, ""QQQ"": 1, ""SPY"": 0.7, ""TQQQ"": 1.5}",0.03000000,tests/data/2026-08-20-net15,,0.35000000,0.70000000,,0.00033248,0.00094817,0.00033949,0.00095949,86395.18390660,40000.00000000,46395.18390660,1.15987960,0.24591811,0.25452674,0.80660373,0.34918489,1.13113319,0.51365750,-0.47875892,754,2023,0.94535769,2022,-0.43547859,230045.96242064,34.50689436,0.59603906,0.00086267,,,,,0.56111967,0.24275935
VT TQQQ/cash t35 w0-70 QQQ:VOL_EWMA80 gate QQQ<SMA200,sens,sens_2020-07-06,2020-07-06,2025-07-03,false,true,"{""*"": 6, ""BTAL"": 6, ""DBMF"": 2.5, ""KMLM"": 6, ""QQQ"": 1, ""SPY"": 0.7, ""TQQQ"": 1.5}",0.03000000,tests/data/2026-08-20-net15,,0.35000000,0.70000000,QQQ<SMA200,0.03745658,0.38560233,0.03746248,0.38560233,87974.56311208,40000.00000000,47974.56311208,1.19936408,0.25586777,0.26072167,0.87042204,0.32246565,1.21597816,0.66295056,-0.38595302,606,2023,0.73656406,2022,-0.34417649,204534.03551856,30.68010533,0.51929141,0.00076700,,,,,0.52399668,0.09263398
VT TQQQ/cash t35 w0-80 QQQ:VOL_EWMA80,sens,sens_2020-07-06,2020-07-06,2025-07-03,false,true,"{""*"": 6, ""BTAL"": 6, ""DBMF"": 2.5, ""KMLM"": 6, ""QQQ"": 1, ""SPY"": 0.7, ""TQQQ"": 1.5}",0.03000000,tests/data/2026-08-20-net15,,0.35000000,0.80000000,,0.00040122,0.00122874,0.00041082,0.00125824,86915.99090604,40000.00000000,46915.99090604,1.17289977,0.24961893,0.25658064,0.79567184,0.36486280,1.11136394,0.51486005,-0.48482871,756,2023,0.94676440,2022,-0.43777686,327262.00952533,49.08930143,0.84082101,0.00122723,,,,,0.59188071,0.24226433
VT TQQQ/cash t35 w0-80 QQQ:VOL_EWMA80 gate QQQ<SMA200,sens,sens_2020-07-06,2020-07-06,2025-07-03,false,true,"{""*"": 6, ""BTAL"": 6, ""DBMF"": 2.5, ""KMLM"": 6, ""QQQ"": 1, ""SPY"": 0.7, ""TQQQ"": 1.5}",0.03000000,tests/data/2026-08-20-net15,,0.35000000,0.80000000,QQQ<SMA200,0.03755318,0.38550240,0.03756188,0.38550240,88567.83658179,40000.00000000,48567.83658179,1.21419591,0.25977265,0.26302310,0.85299421,0.33935639,1.18667662,0.66115100,-0.39290972,753,2023,0.73809795,2022,-0.34661417,302975.09638299,45.44626446,0.76239109,0.00113616,,,,,0.55472966,0.09273391
VT TQQQ/cash t40 w0-50 QQQ:VOL_EWMA80,sens,sens_2020-07-06,2020-07-06,2025-07-03,false,true,"{""*"": 6, ""BTAL"": 6, ""DBMF"": 2.5, ""KMLM"": 6, ""QQQ"": 1, ""SPY"": 0.7, ""TQQQ"": 1.5}",0.03000000,tests/data/2026-08-20-net15,,0.40000000,0.50000000,,0.00039740,0.00142399,0.00040063,0.00142802,76103.80985331,40000.00000000,36103.80985331,0.90259525,0.20937748,0.21147992,0.76143058,0.31588518,1.07977996,0.44937763,-0.46592769,759,2023,0.83081492,2022,-0.42882021,88028.46022574,13.20426903,0.24428010,0.00033011,,,,,0.47913705,0.27758935
VT TQQQ/cash t40 w0-50 QQQ:VOL_EWMA80 gate QQQ<SMA200,sens,sens_2020-07-06,2020-07-06,2025-07-03,false,true,"{""*"": 6, ""BTAL"": 6, ""DBMF"": 2.5, ""KMLM"": 6, ""QQQ"": 1, ""SPY"": 0.7, ""TQQQ"": 1.5}",0.03000000,tests/data/2026-08-20-net15,,0.40000000,0.50000000,QQQ<SMA200,0.04073944,0.39018472,0.04074211,0.39018472,77562.43465690,40000.00000000,37562.43465690,0.93906087,0.21991045,0.21788825,0.85273732,0.27962945,1.20480320,0.61714847,-0.35633313,752,2023,0.63356541,2022,-0.33070475,65074.36145239,9.76115422,0.17621708,0.00024403,,,,,0.43879557,0.10981528
VT TQQQ/cash t40 w0-60 QQQ:VOL_EWMA80,sens,sens_2020-07-06,2020-07-06,2025-07-03,false,true,"{""*"": 6, ""BTAL"": 6, ""DBMF"": 2.5, ""KMLM"": 6, ""QQQ"": 1, ""SPY"": 0.7, ""TQQQ"": 1.5}",0.03000000,tests/data/2026-08-20-net15,,0.40000000,0.60000000,,0.00035259,0.00117134,0.00035741,0.00117181,85776.95188146,40000.00000000,45776.95188146,1.14442380,0.24844233,0.25207421,0.80945724,0.35109498,1.14869161,0.50316759,-0.49375662,753,2023,1.00593186,2022,-0.45498928,127693.41121322,19.15401168,0.32762629,0.00047885,,,,,0.54706553,0.27728932
VT TQQQ/cash t40 w0-60 QQQ:VOL_EWMA80 gate QQQ<SMA200,sens,sens_2020-07-06,2020-07-06,2025-07-03,false,true,"{""*"": 6, ""BTAL"": 6, ""DBMF"": 2.5, ""KMLM"": 6, ""QQQ"": 1, ""SPY"": 0.7, ""TQQQ"": 1.5}",0.03000000,tests/data/2026-08-20-net15,,0.40000000,0.60000000,QQQ<SMA200,0.04170594,0.43570696,0.04170948,0.43570696,87922.62317862,40000.00000000,47922.62317862,1.19806558,0.26127331,0.26051953,0.89396830,0.31649812,1.26503094,0.67924242,-0.38465399,605,2023,0.76746031,2022,-0.35157743,98999.65549530,14.84994832,0.24740595,0.00037125,,,,,0.50571346,0.11084882
VT TQQQ/cash t40 w0-70 QQQ:VOL_EWMA80,sens,sens_2020-07-06,2020-07-06,2025-07-03,false,false,"{""*"": 6, ""BTAL"": 6, ""DBMF"": 2.5, ""KMLM"": 6, ""QQQ"": 1, ""SPY"": 0.7, ""TQQQ"": 1.5}",0.03000000,tests/data/2026-08-20-net15,,0.40000000,0.70000000,,0.00039830,0.00109652,0.00040448,0.00110490,92494.61657280,40000.00000000,52494.61657280,1.31236541,0.27099767,0.27791856,0.82588351,0.37776086,1.16770101,0.52860447,-0.51266624,753,2023,1.10104579,2022,-0.47128864,179740.55216843,26.96108283,0.44203373,0.00067403,,,,,0.60143755,0.27770213
VT TQQQ/cash t40 w0-70 QQQ:VOL_EWMA80 gate QQQ<SMA200,sens,sens_2020-07-06,2020-07-06,2025-07-03,false,true,"{""*"": 6, ""BTAL"": 6, ""DBMF"": 2.5, ""KMLM"": 6, ""QQQ"": 1, ""SPY"": 0.7, ""TQQQ"": 1.5}",0.03000000,tests/data/2026-08-20-net15,,0.40000000,0.70000000,QQQ<SMA200,0.04178536,0.43569173,0.04179009,0.43569173,94796.12782028,40000.00000000,54796.12782028,1.36990320,0.28391164,0.28638948,0.89806436,0.34588589,1.26586790,0.69022857,-0.41132988,605,2023,0.85095404,2022,-0.37115393,151120.93066244,22.66813960,0.36207055,0.00056670,,,,,0.56005194,0.11086405
VT TQQQ/cash t40 w0-80 QQQ:VOL_EWMA80,sens,sens_2020-07-06,2020-07-06,2025-07-03,false,false,"{""*"": 6, ""BTAL"": 6, ""DBMF"": 2.5, ""KMLM"": 6, ""QQQ"": 1, ""SPY"": 0.7, ""TQQQ"": 1.5}",0.03000000,tests/data/2026-08-20-net15,,0.40000000,0.80000000,,0.00039988,0.00123179,0.00040851,0.00125742,93010.58761862,40000.00000000,53010.58761862,1.32526469,0.26934542,0.27983379,0.79857340,0.40016454,1.12087455,0.50640220,-0.53188044,759,2023,1.10798698,2022,-0.48820518,276337.77825609,41.45066674,0.68676209,0.00103627,,,,,0.64125910,0.27701896
VT TQQQ/cash t40 w0-80 QQQ:VOL_EWMA80 gate QQQ<SMA200,sens,sens_2020-07-06,2020-07-06,2025-07-03,false,true,"{""*"": 6, ""BTAL"": 6, ""DBMF"": 2.5, ""KMLM"": 6, ""QQQ"": 1, ""SPY"": 0.7, ""TQQQ"": 1.5}",0.03000000,tests/data/2026-08-20-net15,,0.40000000,0.80000000,QQQ<SMA200,0.04184859,0.43620086,0.04185539,0.43620086,95324.29664491,40000.00000000,55324.29664491,1.38310742,0.28238116,0.28830767,0.85984679,0.37017283,1.20224518,0.64958885,-0.43470752,753,2023,0.85711323,2022,-0.39084390,250000.58248554,37.50008737,0.60530330,0.00093750,,,,,0.59981222,0.11035493
50/50,sens,sens_2020-07-06,2020-07-06,2025-07-03,true,true,"{""*"": 6, ""BTAL"": 6, ""DBMF"": 2.5, ""KMLM"": 6, ""QQQ"": 1, ""SPY"": 0.7, ""TQQQ"": 1.5}",0.03000000,tests/data/2026-08-20-net15,,,,,0.00077863,0.00270076,0.00053802,0.00184580,70706.14582806,40000.00000000,30706.14582806,0.76765365,0.17213414,0.18675802,0.68163947,0.29953515,0.96338490,0.38460068,-0.44756587,752,2023,0.69926733,2022,-0.42519472,173580.16790566,65.67244651,0.51826416,0.00164181,0.49962112,0.49815420,,,0.49958133,0.49860761
TQQQ50/BTAL50 gate QQQ<SMA200,sens,sens_2020-07-06,2020-07-06,2025-07-03,true,true,"{""*"": 6, ""BTAL"": 6, ""DBMF"": 2.5, ""KMLM"": 6, ""QQQ"": 1, ""SPY"": 0.7, ""TQQQ"": 1.5}",0.03000000,tests/data/2026-08-20-net15,,,,,0.05682373,0.38937033,0.05662484,0.38937611,72804.32802149,40000.00000000,32804.32802149,0.82010820,0.19017881,0.19656457,0.81842541,0.25221595,1.16119105,0.60513964,-0.31427260,683,2023,0.47212545,2022,-0.26506184,149112.52149478,58.30054668,0.42128979,0.00145751,0.55576933,0.49815420,,,0.44347832,0.11062389
SPY benchmark,sens,sens_2020-07-06,2020-07-06,2025-07-03,true,true,"{""*"": 6, ""BTAL"": 6, ""DBMF"": 2.5, ""KMLM"": 6, ""QQQ"": 1, ""SPY"": 0.7, ""TQQQ"": 1.5}",0.03000000,tests/data/2026-08-20-net15,,,,,0.00821265,0.02579172,0.00821385,0.02579267,64485.81743768,40000.00000000,24485.81743768,0.61214544,0.15825162,0.15604504,0.93254437,0.17415177,1.35268846,0.64639103,-0.24482335,709,2021,0.28090630,2022,-0.18316873,39974.71195154,2.79822984,0.12245502,0.00006996,,,0.99178615,0.97420733,,
VT TQQQ/BTAL t25 w0-50 QQQ:VOL_EWMA80,sens,sens_2021-01-04,2021-01-04,2026-01-02,false,true,"{""*"": 6, ""BTAL"": 6, ""DBMF"": 2.5, ""KMLM"": 6, ""QQQ"": 1, ""SPY"": 0.7, ""TQQQ"": 1.5}",0.03000000,tests/data/2026-08-20-net15,BTAL,0.25000000,0.50000000,,0.00075621,0.00259623,0.00053349,0.00183203,66525.11142472,40000.00000000,26525.11142472,0.66312779,0.15553303,0.16630836,0.84616088,0.19351318,1.21032675,0.56707752,-0.27427120,530,2023,0.48896309,2022,-0.23076589,290081.29134876,110.44200683,0.83314302,0.00276105,0.58807916,0.49867396,,,0.41113676,0.17270896
VT TQQQ/BTAL t25 w0-50 QQQ:VOL_EWMA80 gate QQQ<SMA200,sens,sens_2021-01-04,2021-01-04,2026-01-02,false,true,"{""*"": 6, ""BTAL"": 6, ""DBMF"": 2.5, ""KMLM"": 6, ""QQQ"": 1, ""SPY"": 0.7, ""TQQQ"": 1.5}",0.03000000,tests/data/2026-08-20-net15,BTAL,0.25000000,0.50000000,QQQ<SMA200,0.02991590,0.28930946,0.02979079,0.28931588,65811.57496368,40000.00000000,25811.57496368,0.64528937,0.15523068,0.16272038,0.86360322,0.18811141,1.23025214,0.74646237,-0.20795513,530,2023,0.33271733,2022,-0.13945585,256651.73110299,99.52154441,0.73899634,0.00248804,0.61747698,0.49867396,,,0.38187382,0.05228149
VT TQQQ/BTAL t25 w0-60 QQQ:VOL_EWMA80,sens,sens_2021-01-04,2021-01-04,2026-01-02,false,true,"{""*"": 6, ""BTAL"": 6, ""DBMF"": 2.5, ""KMLM"": 6, ""QQQ"": 1, ""SPY"": 0.7, ""TQQQ"": 1.5}",0.03000000,tests/data/2026-08-20-net15,BTAL,0.25000000,0.60000000,,0.00077087,0.00300202,0.00055569,0.00202761,69709.58821241,40000.00000000,29709.58821241,0.74273971,0.16817394,0.18190516,0.83950051,0.21274253,1.18803132,0.60871647,-0.27627631,530,2023,0.49844703,2022,-0.23296439,436731.66625380,163.85741410,1.24694466,0.00409644,0.55377517,0.39893917,,,0.44541548,0.17304180
VT TQQQ/BTAL t25 w0-60 QQQ:VOL_EWMA80 gate QQQ<SMA200,sens,sens_2021-01-04,2021-01-04,2026-01-02,false,true,"{""*"": 6, ""BTAL"": 6, ""DBMF"": 2.5, ""KMLM"": 6, ""QQQ"": 1, ""SPY"": 0.7, ""TQQQ"": 1.5}",0.03000000,tests/data/2026-08-20-net15,BTAL,0.25000000,0.60000000,QQQ<SMA200,0.03005409,0.28935599,0.02989265,0.28936236,68954.49834104,40000.00000000,28954.49834104,0.72386246,0.16786138,0.17826654,0.85308627,0.20783414,1.20264542,0.80018313,-0.20977871,530,2023,0.34090637,2022,-0.14142434,401812.18626237,152.39285821,1.15000942,0.00380982,0.58321396,0.39893917,,,0.41604756,0.05223500
VT TQQQ/BTAL t25 w0-70 QQQ:VOL_EWMA80,sens,sens_2021-01-04,2021-01-04,2026-01-02,false,true,"{""*"": 6, ""BTAL"": 6, ""DBMF"": 2.5, ""KMLM"": 6, ""QQQ"": 1, ""SPY"": 0.7, ""TQQQ"": 1.5}",0.03000000,tests/data/2026-08-20-net15,BTAL,0.25000000,0.70000000,,0.00076480,0.00278894,0.00059231,0.00192249,72508.14075830,40000.00000000,32508.14075830,0.81270352,0.17865697,0.19508561,0.83169675,0.23022166,1.16862286,0.63429558,-0.28166202,571,2023,0.53692879,2022,-0.23364343,583454.19863046,217.94342654,1.65007266,0.00544859,0.52738305,0.29879168,,,0.47180324,0.17348034
VT TQQQ/BTAL t25 w0-70 QQQ:VOL_EWMA80 gate QQQ<SMA200,sens,sens_2021-01-04,2021-01-04,2026-01-02,false,true,"{""*"": 6, ""BTAL"": 6, ""DBMF"": 2.5, ""KMLM"": 6, ""QQQ"": 1, ""SPY"": 0.7, ""TQQQ"": 1.5}",0.03000000,tests/data/2026-08-20-net15,BTAL,0.25000000,0.70000000,QQQ<SMA200,0.02991988,0.28910929,0.02980467,0.28911565,71734.10038146,40000.00000000,31734.10038146,0.79335251,0.17837767,0.19148693,0.84278804,0.22568759,1.18013255,0.82631035,-0.21587248,571,2023,0.37596998,2022,-0.14246959,547491.83931366,205.97708025,1.55200185,0.00514943,0.55675025,0.29879168,,,0.44254061,0.05248172
VT TQQQ/BTAL t25 w0-80 QQQ:VOL_EWMA80,sens,sens_2021-01-04,2021-01-04,2026-01-02,false,true,"{""*"": 6, ""BTAL"": 6, ""DBMF"": 2.5, ""KMLM"": 6, ""QQQ"": 1, ""SPY"": 0.7, ""TQQQ"": 1.5}",0.03000000,tests/data/2026-08-20-net15,BTAL,0.25000000,0.80000000,,0.00081606,0.00278894,0.00062720,0.00199281,74898.69993528,40000.00000000,34898.69993528,0.87246750,0.18923518,0.20598421,0.84267797,0.24086038,1.18403525,0.67308927,-0.28114426,571,2023,0.57541918,2022,-0.23309429,706332.40249385,264.11771646,1.96787924,0.00660294,0.51316880,0.19941079,,,0.48595902,0.17302158
VT TQQQ/BTAL t25 w0-80 QQQ:VOL_EWMA80 gate QQQ<SMA200,sens,sens_2021-01-04,2021-01-04,2026-01-02,false,true,"{""*"": 6, ""BTAL"": 6, ""DBMF"": 2.5, ""KMLM"": 6, ""QQQ"": 1, ""SPY"": 0.7, ""TQQQ"": 1.5}",0.03000000,tests/data/2026-08-20-net15,BTAL,0.25000000,0.80000000,QQQ<SMA200,0.03001403,0.28899153,0.02987673,0.28899782,74086.68748701,40000.00000000,34086.68748701,0.85216719,0.18887384,0.20231799,0.85255083,0.23649557,1.19413467,0.87663167,-0.21545405,571,2023,0.41029664,2022,-0.14206997,668605.02389851,251.49528967,1.86738341,0.00628738,0.54256179,0.19941079,,,0.45663213,0.05259955
VT TQQQ/BTAL t30 w0-50 QQQ:VOL_EWMA80,sens,sens_2021-01-04,2021-01-04,2026-01-02,false,true,"{""*"": 6, ""BTAL"": 6, ""DBMF"": 2.5, ""KMLM"": 6, ""QQQ"": 1, ""SPY"": 0.7, ""TQQQ"": 1.5}",0.03000000,tests/data/2026-08-20-net15,BTAL,0.30000000,0.50000000,,0.00078796,0.00329428,0.00056837,0.00179758,70560.19849657,40000.00000000,30560.19849657,0.76400496,0.17450154,0.18596139,0.85234562,0.21688963,1.22831410,0.54247940,-0.32167403,530,2023,0.62420553,2022,-0.27940460,240384.65742133,91.80883511,0.65991108,0.00229522,0.55279835,0.49867396,,,0.44638900,0.20758113
VT TQQQ/BTAL t30 w0-50 QQQ:VOL_EWMA80 gate QQQ<SMA200,sens,sens_2021-01-04,2021-01-04,2026-01-02,false,true,"{""*"": 6, ""BTAL"": 6, ""DBMF"": 2.5, ""KMLM"": 6, ""QQQ"": 1, ""SPY"": 0.7, ""TQQQ"": 1.5}",0.03000000,tests/data/2026-08-20-net15,BTAL,0.30000000,0.50000000,QQQ<SMA200,0.03517134,0.34478542,0.03501279,0.34479191,70039.82996502,40000.00000000,30039.82996502,0.75099575,0.17619013,0.18348527,0.90365956,0.20293447,1.30004884,0.74002535,-0.23808662,530,2023,0.42570748,2022,-0.17203334,200769.71328698,78.54227825,0.55073151,0.00196356,0.58739581,0.49867396,,,0.41190781,0.06512493
VT TQQQ/BTAL t30 w0-60 QQQ:VOL_EWMA80,sens,sens_2021-01-04,2021-01-04,2026-01-02,false,true,"{""*"": 6, ""BTAL"": 6, ""DBMF"": 2.5, ""KMLM"": 6, ""QQQ"": 1, ""SPY"": 0.7, ""TQQQ"": 1.5}",0.03000000,tests/data/2026-08-20-net15,BTAL,0.30000000,0.60000000,,0.00081757,0.00222768,0.00061797,0.00167411,75016.39354282,40000.00000000,35016.39354282,0.87540984,0.18919365,0.20651261,0.83807381,0.24254760,1.19300991,0.54812239,-0.34516679,533,2023,0.64689700,2022,-0.30438482,355350.50278618,134.09184561,0.96802324,0.00335230,0.50574606,0.39893917,,,0.49340468,0.20740776
VT TQQQ/BTAL t30 w0-60 QQQ:VOL_EWMA80 gate QQQ<SMA200,sens,sens_2021-01-04,2021-01-04,2026-01-02,false,true,"{""*"": 6, ""BTAL"": 6, ""DBMF"": 2.5, ""KMLM"": 6, ""QQQ"": 1, ""SPY"": 0.7, ""TQQQ"": 1.5}",0.03000000,tests/data/2026-08-20-net15,BTAL,0.30000000,0.60000000,QQQ<SMA200,0.03528730,0.34519823,0.03516077,0.34520478,74534.13639845,40000.00000000,34534.13639845,0.86335341,0.19127111,0.20434269,0.87809697,0.23015983,1.24679640,0.71851832,-0.26620213,533,2023,0.44581103,2022,-0.19993862,315981.78669325,120.87428803,0.85965518,0.00302186,0.54049550,0.39893917,,,0.45881690,0.06471206
VT TQQQ/BTAL t30 w0-70 QQQ:VOL_EWMA80,sens,sens_2021-01-04,2021-01-04,2026-01-02,false,true,"{""*"": 6, ""BTAL"": 6, ""DBMF"": 2.5, ""KMLM"": 6, ""QQQ"": 1, ""SPY"": 0.7, ""TQQQ"": 1.5}",0.03000000,tests/data/2026-08-20-net15,BTAL,0.30000000,0.70000000,,0.00070534,0.00212189,0.00052946,0.00172438,78445.29319621,40000.00000000,38445.29319621,0.96113233,0.20169487,0.22158771,0.83288636,0.26289371,1.17612243,0.57189244,-0.35267972,601,2023,0.65370571,2022,-0.30727931,517340.16987461,193.53925590,1.40224909,0.00483848,0.47080637,0.29918966,,,0.52844536,0.20745988
VT TQQQ/BTAL t30 w0-70 QQQ:VOL_EWMA80 gate QQQ<SMA200,sens,sens_2021-01-04,2021-01-04,2026-01-02,false,true,"{""*"": 6, ""BTAL"": 6, ""DBMF"": 2.5, ""KMLM"": 6, ""QQQ"": 1, ""SPY"": 0.7, ""TQQQ"": 1.5}",0.03000000,tests/data/2026-08-20-net15,BTAL,0.30000000,0.70000000,QQQ<SMA200,0.03517977,0.34494476,0.03505921,0.34495126,77882.82112323,40000.00000000,37882.82112323,0.94707053,0.20353105,0.21915607,0.86518039,0.25146032,1.21819707,0.74047329,-0.27486616,573,2023,0.45159108,2022,-0.20366238,476783.32510668,179.89647702,1.29117348,0.00449741,0.50543719,0.29918966,,,0.49386692,0.06496558
VT TQQQ/BTAL t30 w0-80 QQQ:VOL_EWMA80,sens,sens_2021-01-04,2021-01-04,2026-01-02,false,true,"{""*"": 6, ""BTAL"": 6, ""DBMF"": 2.5, ""KMLM"": 6, ""QQQ"": 1, ""SPY"": 0.7, ""TQQQ"": 1.5}",0.03000000,tests/data/2026-08-20-net15,BTAL,0.30000000,0.80000000,,0.00071822,0.00238230,0.00058066,0.00179389,81813.12562330,40000.00000000,41813.12562330,1.04532814,0.21264346,0.23582741,0.82725906,0.28209147,1.16103995,0.59208674,-0.35914242,605,2023,0.69023937,2022,-0.30697062,685055.52210885,255.83103174,1.84335064,0.00639578,0.44157269,0.19910821,,,0.55765488,0.20811324
VT TQQQ/BTAL t30 w0-80 QQQ:VOL_EWMA80 gate QQQ<SMA200,sens,sens_2021-01-04,2021-01-04,2026-01-02,false,true,"{""*"": 6, ""BTAL"": 6, ""DBMF"": 2.5, ""KMLM"": 6, ""QQQ"": 1, ""SPY"": 0.7, ""TQQQ"": 1.5}",0.03000000,tests/data/2026-08-20-net15,BTAL,0.30000000,0.80000000,QQQ<SMA200,0.03523141,0.34503193,0.03514773,0.34503843,81248.02834981,40000.00000000,41248.02834981,1.03120071,0.21457334,0.23347532,0.85468213,0.27147700,1.19604830,0.76086731,-0.28201151,601,2023,0.48359696,2022,-0.20320776,643417.94601643,241.82040985,1.72960833,0.00604551,0.47622951,0.19910821,,,0.52305604,0.06487841
VT TQQQ/BTAL t35 w0-50 QQQ:VOL_EWMA80,sens,sens_2021-01-04,2021-01-04,2026-01-02,false,true,"{""*"": 6, ""BTAL"": 6, ""DBMF"": 2.5, ""KMLM"": 6, ""QQQ"": 1, ""SPY"": 0.7, ""TQQQ"": 1.5}",0.03000000,tests/data/2026-08-20-net15,BTAL,0.35000000,0.50000000,,0.00076423,0.00280359,0.00054309,0.00170766,69860.34279398,40000.00000000,29860.34279398,0.74650857,0.16914755,0.18262732,0.77914690,0.23733152,1.11932832,0.45989849,-0.36779324,535,2023,0.68786618,2022,-0.32722300,215745.11117692,81.90784102,0.59965234,0.00204770,0.53227838,0.49867396,,,0.46693464,0.24261462
VT TQQQ/BTAL t35 w0-50 QQQ:VOL_EWMA80 gate QQQ<SMA200,sens,sens_2021-01-04,2021-01-04,2026-01-02,false,true,"{""*"": 6, ""BTAL"": 6, ""DBMF"": 2.5, ""KMLM"": 6, ""QQQ"": 1, ""SPY"": 0.7, ""TQQQ"": 1.5}",0.03000000,tests/data/2026-08-20-net15,BTAL,0.35000000,0.50000000,QQQ<SMA200,0.04010476,0.39958371,0.03993591,0.39959040,69738.26065564,40000.00000000,29738.26065564,0.74345652,0.17361835,0.18204262,0.85846899,0.21366046,1.23288761,0.64997905,-0.26711376,534,2023,0.45454138,2022,-0.20505369,172267.10714030,67.20951566,0.47608133,0.00168024,0.57179290,0.49867396,,,0.42749778,0.07864592
VT TQQQ/BTAL t35 w0-60 QQQ:VOL_EWMA80,sens,sens_2021-01-04,2021-01-04,2026-01-02,false,true,"{""*"": 6, ""BTAL"": 6, ""DBMF"": 2.5, ""KMLM"": 6, ""QQQ"": 1, ""SPY"": 0.7, ""TQQQ"": 1.5}",0.03000000,tests/data/2026-08-20-net15,BTAL,0.35000000,0.60000000,,0.00078492,0.00245544,0.00056206,0.00188620,79721.03952365,40000.00000000,39721.03952365,0.99302599,0.20902783,0.22704527,0.84224436,0.26909194,1.20723330,0.53492134,-0.39076368,535,2023,0.80156045,2022,-0.35044485,281563.04931939,106.50020516,0.73094825,0.00266251,0.46902690,0.39893917,,,0.53016128,0.24215601
VT TQQQ/BTAL t35 w0-60 QQQ:VOL_EWMA80 gate QQQ<SMA200,sens,sens_2021-01-04,2021-01-04,2026-01-02,false,true,"{""*"": 6, ""BTAL"": 6, ""DBMF"": 2.5, ""KMLM"": 6, ""QQQ"": 1, ""SPY"": 0.7, ""TQQQ"": 1.5}",0.03000000,tests/data/2026-08-20-net15,BTAL,0.35000000,0.60000000,QQQ<SMA200,0.03993671,0.39907891,0.03978050,0.39908554,79563.16219198,40000.00000000,39563.16219198,0.98907905,0.21349577,0.22637416,0.90555752,0.24849209,1.29715589,0.71021840,-0.30060580,534,2023,0.55275773,2022,-0.23325667,236021.10297203,91.00943422,0.60973802,0.00227524,0.50841787,0.39893917,,,0.49091412,0.07915077
VT TQQQ/BTAL t35 w0-70 QQQ:VOL_EWMA80,sens,sens_2021-01-04,2021-01-04,2026-01-02,false,true,"{""*"": 6, ""BTAL"": 6, ""DBMF"": 2.5, ""KMLM"": 6, ""QQQ"": 1, ""SPY"": 0.7, ""TQQQ"": 1.5}",0.03000000,tests/data/2026-08-20-net15,BTAL,0.35000000,0.70000000,,0.00077426,0.00278464,0.00056222,0.00160745,83929.28896504,40000.00000000,43929.28896504,1.09823222,0.22050038,0.24450795,0.82446628,0.29552216,1.16985507,0.53008037,-0.41597537,605,2023,0.81488004,2022,-0.37390568,426799.17310728,160.22464440,1.10750458,0.00400562,0.42335708,0.29888153,,,0.57583285,0.24250720
VT TQQQ/BTAL t35 w0-70 QQQ:VOL_EWMA80 gate QQQ<SMA200,sens,sens_2021-01-04,2021-01-04,2026-01-02,false,true,"{""*"": 6, ""BTAL"": 6, ""DBMF"": 2.5, ""KMLM"": 6, ""QQQ"": 1, ""SPY"": 0.7, ""TQQQ"": 1.5}",0.03000000,tests/data/2026-08-20-net15,BTAL,0.35000000,0.70000000,QQQ<SMA200,0.04001393,0.39943671,0.03984376,0.39944344,83763.77499260,40000.00000000,43763.77499260,1.09409437,0.22510744,0.24383612,0.87437652,0.27689348,1.23836263,0.68078408,-0.33065908,601,2023,0.56363440,2022,-0.26041996,381883.22103054,144.98751768,0.98625287,0.00362469,0.46279670,0.29888153,,,0.53649779,0.07879288
VT TQQQ/BTAL t35 w0-80 QQQ:VOL_EWMA80,sens,sens_2021-01-04,2021-01-04,2026-01-02,false,true,"{""*"": 6, ""BTAL"": 6, ""DBMF"": 2.5, ""KMLM"": 6, ""QQQ"": 1, ""SPY"": 0.7, ""TQQQ"": 1.5}",0.03000000,tests/data/2026-08-20-net15,BTAL,0.35000000,0.80000000,,0.00072830,0.00298910,0.00055302,0.00168926,87514.08450326,40000.00000000,47514.08450326,1.18785211,0.23241027,0.25877545,0.82145961,0.31629834,1.15854525,0.54771530,-0.42432679,606,2023,0.81817180,2022,-0.37640746,602757.08790879,224.96262541,1.55887917,0.00562407,0.38806434,0.19897679,,,0.61115990,0.24228738
VT TQQQ/BTAL t35 w0-80 QQQ:VOL_EWMA80 gate QQQ<SMA200,sens,sens_2021-01-04,2021-01-04,2026-01-02,false,true,"{""*"": 6, ""BTAL"": 6, ""DBMF"": 2.5, ""KMLM"": 6, ""QQQ"": 1, ""SPY"": 0.7, ""TQQQ"": 1.5}",0.03000000,tests/data/2026-08-20-net15,BTAL,0.35000000,0.80000000,QQQ<SMA200,0.03998441,0.39925879,0.03984154,0.39926546,87343.29211914,40000.00000000,47343.29211914,1.18358230,0.23700923,0.25810765,0.86383146,0.29894439,1.21549504,0.69620929,-0.34042813,605,2023,0.56690985,2022,-0.26373356,557271.86922861,209.48326220,1.43436789,0.00523708,0.42743336,0.19897679,,,0.57184263,0.07897085
VT TQQQ/BTAL t40 w0-50 QQQ:VOL_EWMA80,sens,sens_2021-01-04,2021-01-04,2026-01-02,false,true,"{""*"": 6, ""BTAL"": 6, ""DBMF"": 2.5, ""KMLM"": 6, ""QQQ"": 1, ""SPY"": 0.7, ""TQQQ"": 1.5}",0.03000000,tests/data/2026-08-20-net15,BTAL,0.40000000,0.50000000,,0.00090640,0.00309006,0.00061979,0.00194735,68530.62433120,40000.00000000,28530.62433120,0.71326561,0.16068182,0.17620805,0.71831796,0.25243004,1.02830477,0.40166669,-0.40003769,683,2023,0.69948363,2022,-0.36149900,189329.62911866,72.32268218,0.53867556,0.00180807,0.51847897,0.49867396,,,0.48059358,0.27728849
VT TQQQ/BTAL t40 w0-50 QQQ:VOL_EWMA80 gate QQQ<SMA200,sens,sens_2021-01-04,2021-01-04,2026-01-02,false,true,"{""*"": 6, ""BTAL"": 6, ""DBMF"": 2.5, ""KMLM"": 6, ""QQQ"": 1, ""SPY"": 0.7, ""TQQQ"": 1.5}",0.03000000,tests/data/2026-08-20-net15,BTAL,0.40000000,0.50000000,QQQ<SMA200,0.04388856,0.40680124,0.04368257,0.40680815,68247.11160338,40000.00000000,28247.11160338,0.70617779,0.16519588,0.17482472,0.80417625,0.22111833,1.15099950,0.56206924,-0.29390665,567,2023,0.46173060,2022,-0.23797197,153069.02941078,60.13700631,0.43194597,0.00150343,0.56167247,0.49867396,,,0.43752020,0.09319185
VT TQQQ/BTAL t40 w0-60 QQQ:VOL_EWMA80,sens,sens_2021-01-04,2021-01-04,2026-01-02,false,true,"{""*"": 6, ""BTAL"": 6, ""DBMF"": 2.5, ""KMLM"": 6, ""QQQ"": 1, ""SPY"": 0.7, ""TQQQ"": 1.5}",0.03000000,tests/data/2026-08-20-net15,BTAL,0.40000000,0.60000000,,0.00083960,0.00242334,0.00058853,0.00168626,79821.77711773,40000.00000000,39821.77711773,0.99554443,0.20697204,0.22747287,0.79246255,0.29188192,1.13605837,0.47633207,-0.43451208,567,2023,0.88971330,2022,-0.39506668,248659.95768166,93.93739566,0.64790443,0.00234843,0.44577630,0.39893917,,,0.55335951,0.27764310
VT TQQQ/BTAL t40 w0-60 QQQ:VOL_EWMA80 gate QQQ<SMA200,sens,sens_2021-01-04,2021-01-04,2026-01-02,false,true,"{""*"": 6, ""BTAL"": 6, ""DBMF"": 2.5, ""KMLM"": 6, ""QQQ"": 1, ""SPY"": 0.7, ""TQQQ"": 1.5}",0.03000000,tests/data/2026-08-20-net15,BTAL,0.40000000,0.60000000,QQQ<SMA200,0.04474366,0.45278925,0.04457066,0.45279608,80061.42069578,40000.00000000,40061.42069578,1.00153552,0.21434665,0.22848812,0.87413718,0.26223172,1.25349075,0.65137387,-0.32906854,535,2023,0.60045581,2022,-0.26481599,201841.63452916,77.96652125,0.52058894,0.00194916,0.48994984,0.39893917,,,0.50932803,0.09375970
VT TQQQ/BTAL t40 w0-70 QQQ:VOL_EWMA80,sens,sens_2021-01-04,2021-01-04,2026-01-02,false,true,"{""*"": 6, ""BTAL"": 6, ""DBMF"": 2.5, ""KMLM"": 6, ""QQQ"": 1, ""SPY"": 0.7, ""TQQQ"": 1.5}",0.03000000,tests/data/2026-08-20-net15,BTAL,0.40000000,0.70000000,,0.00075529,0.00242563,0.00056806,0.00181759,88933.65200381,40000.00000000,48933.65200381,1.22334130,0.23966069,0.26428140,0.82758033,0.32386716,1.18181215,0.52463344,-0.45681550,605,2023,0.98243245,2022,-0.41672376,328972.32558465,123.59883652,0.81393570,0.00308997,0.38574134,0.29916903,,,0.61347408,0.27707310
VT TQQQ/BTAL t40 w0-70 QQQ:VOL_EWMA80 gate QQQ<SMA200,sens,sens_2021-01-04,2021-01-04,2026-01-02,false,true,"{""*"": 6, ""BTAL"": 6, ""DBMF"": 2.5, ""KMLM"": 6, ""QQQ"": 1, ""SPY"": 0.7, ""TQQQ"": 1.5}",0.03000000,tests/data/2026-08-20-net15,BTAL,0.40000000,0.70000000,QQQ<SMA200,0.04463803,0.45245117,0.04447645,0.45245798,89200.27786810,40000.00000000,49200.27786810,1.23000695,0.24717441,0.26530679,0.89401208,0.29741998,1.27605288,0.68351161,-0.36162430,601,2023,0.67968772,2022,-0.29152930,280948.52772383,107.18480949,0.68832834,0.00267962,0.42976078,0.29916903,,,0.56952306,0.09409781
VT TQQQ/BTAL t40 w0-80 QQQ:VOL_EWMA80,sens,sens_2021-01-04,2021-01-04,2026-01-02,false,true,"{""*"": 6, ""BTAL"": 6, ""DBMF"": 2.5, ""KMLM"": 6, ""QQQ"": 1, ""SPY"": 0.7, ""TQQQ"": 1.5}",0.03000000,tests/data/2026-08-20-net15,BTAL,0.40000000,0.80000000,,0.00072145,0.00263888,0.00055826,0.00187410,93083.62030900,40000.00000000,53083.62030900,1.32709051,0.24912464,0.27993998,0.81209244,0.35072043,1.15040704,0.51631235,-0.48250762,752,2023,0.99082139,2022,-0.43857810,502170.05804497,187.84598422,1.24728658,0.00469615,0.34110748,0.19906515,,,0.65813100,0.27678207
VT TQQQ/BTAL t40 w0-80 QQQ:VOL_EWMA80 gate QQQ<SMA200,sens,sens_2021-01-04,2021-01-04,2026-01-02,false,true,"{""*"": 6, ""BTAL"": 6, ""DBMF"": 2.5, ""KMLM"": 6, ""QQQ"": 1, ""SPY"": 0.7, ""TQQQ"": 1.5}",0.03000000,tests/data/2026-08-20-net15,BTAL,0.40000000,0.80000000,QQQ<SMA200,0.04478515,0.45324866,0.04465465,0.45325557,93392.19058444,40000.00000000,53392.19058444,1.33480476,0.25699985,0.28107931,0.86671512,0.32643134,1.22581749,0.65617970,-0.39166077,605,2023,0.68570188,2022,-0.31683795,455689.00908001,172.05773518,1.12048653,0.00430144,0.38533251,0.19906515,,,0.61398706,0.09330022
VT TQQQ/cash t25 w0-50 QQQ:VOL_EWMA80,sens,sens_2021-01-04,2021-01-04,2026-01-02,false,true,"{""*"": 6, ""BTAL"": 6, ""DBMF"": 2.5, ""KMLM"": 6, ""QQQ"": 1, ""SPY"": 0.7, ""TQQQ"": 1.5}",0.03000000,tests/data/2026-08-20-net15,,0.25000000,0.50000000,,0.00053330,0.00173319,0.00053832,0.00173790,74317.03373882,40000.00000000,34317.03373882,0.85792584,0.18479409,0.20336168,0.82518803,0.24151443,1.16598429,0.51488140,-0.35890613,605,2023,0.64366154,2022,-0.31974327,137933.10812227,20.68996622,0.39569451,0.00051725,,,,,0.41107445,0.17324321
VT TQQQ/cash t25 w0-50 QQQ:VOL_EWMA80 gate QQQ<SMA200,sens,sens_2021-01-04,2021-01-04,2026-01-02,false,true,"{""*"": 6, ""BTAL"": 6, ""DBMF"": 2.5, ""KMLM"": 6, ""QQQ"": 1, ""SPY"": 0.7, ""TQQQ"": 1.5}",0.03000000,tests/data/2026-08-20-net15,,0.25000000,0.50000000,QQQ<SMA200,0.02894041,0.28444982,0.02894484,0.28444982,74788.44267713,40000.00000000,34788.44267713,0.86971107,0.19033300,0.20548852,0.90180357,0.22091175,1.27143638,0.68550895,-0.27765211,601,2023,0.50844374,2022,-0.24234967,121649.84119613,18.24747618,0.34539117,0.00045619,,,,,0.38266794,0.05714755
VT TQQQ/cash t25 w0-60 QQQ:VOL_EWMA80,sens,sens_2021-01-04,2021-01-04,2026-01-02,false,true,"{""*"": 6, ""BTAL"": 6, ""DBMF"": 2.5, ""KMLM"": 6, ""QQQ"": 1, ""SPY"": 0.7, ""TQQQ"": 1.5}",0.03000000,tests/data/2026-08-20-net15,,0.25000000,0.60000000,,0.00046558,0.00166148,0.00047335,0.00167365,76906.86231971,40000.00000000,36906.86231971,0.92267156,0.19534673,0.21489908,0.82235817,0.25832124,1.15570742,0.53403779,-0.36579196,606,2023,0.64821965,2022,-0.32158904,220628.98612802,33.09434792,0.62648918,0.00082736,,,,,0.44541914,0.17333640
VT TQQQ/cash t25 w0-60 QQQ:VOL_EWMA80 gate QQQ<SMA200,sens,sens_2021-01-04,2021-01-04,2026-01-02,false,true,"{""*"": 6, ""BTAL"": 6, ""DBMF"": 2.5, ""KMLM"": 6, ""QQQ"": 1, ""SPY"": 0.7, ""TQQQ"": 1.5}",0.03000000,tests/data/2026-08-20-net15,,0.25000000,0.60000000,QQQ<SMA200,0.02879605,0.28414966,0.02880299,0.28414966,77377.43296276,40000.00000000,37377.43296276,0.93443582,0.20079374,0.21695768,0.88729566,0.23920698,1.24353143,0.70254398,-0.28580949,601,2023,0.51303019,2022,-0.24492485,204731.90244712,30.70978537,0.57549343,0.00076774,,,,,0.41708950,0.05744771
VT TQQQ/cash t25 w0-70 QQQ:VOL_EWMA80,sens,sens_2021-01-04,2021-01-04,2026-01-02,false,true,"{""*"": 6, ""BTAL"": 6, ""DBMF"": 2.5, ""KMLM"": 6, ""QQQ"": 1, ""SPY"": 0.7, ""TQQQ"": 1.5}",0.03000000,tests/data/2026-08-20-net15,,0.25000000,0.70000000,,0.00049730,0.00176490,0.00050700,0.00177114,79053.74291862,40000.00000000,39053.74291862,0.97634357,0.20340268,0.22420050,0.81811394,0.27257964,1.14571650,0.55004544,-0.36979251,752,2023,0.67207956,2022,-0.32117875,300800.65538766,45.12009831,0.84528552,0.00112800,,,,,0.47175308,0.17355873
VT TQQQ/cash t25 w0-70 QQQ:VOL_EWMA80 gate QQQ<SMA200,sens,sens_2021-01-04,2021-01-04,2026-01-02,false,true,"{""*"": 6, ""BTAL"": 6, ""DBMF"": 2.5, ""KMLM"": 6, ""QQQ"": 1, ""SPY"": 0.7, ""TQQQ"": 1.5}",0.03000000,tests/data/2026-08-20-net15,,0.25000000,0.70000000,QQQ<SMA200,0.02889271,0.28437943,0.02890189,0.28437943,79553.68670636,40000.00000000,39553.68670636,0.98884217,0.20894453,0.22633384,0.87561191,0.25451829,1.22261613,0.72007464,-0.29017066,605,2023,0.53468151,2022,-0.24426595,285324.83740847,42.79872561,0.79362098,0.00106997,,,,,0.44335818,0.05721794
VT TQQQ/cash t25 w0-80 QQQ:VOL_EWMA80,sens,sens_2021-01-04,2021-01-04,2026-01-02,false,true,"{""*"": 6, ""BTAL"": 6, ""DBMF"": 2.5, ""KMLM"": 6, ""QQQ"": 1, ""SPY"": 0.7, ""TQQQ"": 1.5}",0.03000000,tests/data/2026-08-20-net15,,0.25000000,0.80000000,,0.00045328,0.00186081,0.00046423,0.00186095,81116.86427528,40000.00000000,41116.86427528,1.02792161,0.21252370,0.23292728,0.82930538,0.28080937,1.16185278,0.57428933,-0.37006381,752,2023,0.69600488,2022,-0.32139602,364471.33582011,54.67070037,1.00877876,0.00136677,,,,,0.48599647,0.17323148
VT TQQQ/cash t25 w0-80 QQQ:VOL_EWMA80 gate QQQ<SMA200,sens,sens_2021-01-04,2021-01-04,2026-01-02,false,true,"{""*"": 6, ""BTAL"": 6, ""DBMF"": 2.5, ""KMLM"": 6, ""QQQ"": 1, ""SPY"": 0.7, ""TQQQ"": 1.5}",0.03000000,tests/data/2026-08-20-net15,,0.25000000,0.80000000,QQQ<SMA200,0.02889740,0.28424824,0.02890754,0.28424824,81642.58559495,40000.00000000,41642.58559495,1.04106464,0.21814719,0.23511912,0.88406807,0.26328193,1.23523427,0.75177004,-0.29017808,605,2023,0.55640908,2022,-0.24423692,349374.33072734,52.40614961,0.95697206,0.00131015,,,,,0.45755316,0.05734912
VT TQQQ/cash t30 w0-50 QQQ:VOL_EWMA80,sens,sens_2021-01-04,2021-01-04,2026-01-02,false,true,"{""*"": 6, ""BTAL"": 6, ""DBMF"": 2.5, ""KMLM"": 6, ""QQQ"": 1, ""SPY"": 0.7, ""TQQQ"": 1.5}",0.03000000,tests/data/2026-08-20-net15,,0.30000000,0.50000000,,0.00038519,0.00145199,0.00038924,0.00145719,77819.53777314,40000.00000000,37819.53777314,0.94548844,0.19922870,0.21888150,0.81470020,0.26769681,1.15907685,0.49999812,-0.39845891,605,2023,0.76864557,2022,-0.36021287,102075.19634757,15.31127945,0.28250836,0.00038278,,,,,0.44648859,0.20819150
VT TQQQ/cash t30 w0-50 QQQ:VOL_EWMA80 gate QQQ<SMA200,sens,sens_2021-01-04,2021-01-04,2026-01-02,false,true,"{""*"": 6, ""BTAL"": 6, ""DBMF"": 2.5, ""KMLM"": 6, ""QQQ"": 1, ""SPY"": 0.7, ""TQQQ"": 1.5}",0.03000000,tests/data/2026-08-20-net15,,0.30000000,0.50000000,QQQ<SMA200,0.03381455,0.33873219,0.03381789,0.33873219,78700.13115832,40000.00000000,38700.13115832,0.96750328,0.20725241,0.22268424,0.90459336,0.24100095,1.28530458,0.68040537,-0.30460138,601,2023,0.59898176,2022,-0.27047753,82880.82729709,12.43212409,0.22605189,0.00031080,,,,,0.41305995,0.07118465
VT TQQQ/cash t30 w0-60 QQQ:VOL_EWMA80,sens,sens_2021-01-04,2021-01-04,2026-01-02,false,true,"{""*"": 6, ""BTAL"": 6, ""DBMF"": 2.5, ""KMLM"": 6, ""QQQ"": 1, ""SPY"": 0.7, ""TQQQ"": 1.5}",0.03000000,tests/data/2026-08-20-net15,,0.30000000,0.60000000,,0.00046543,0.00186097,0.00047144,0.00186705,81523.24970801,40000.00000000,41523.24970801,1.03808124,0.21173849,0.23462269,0.80894556,0.29035133,1.14356999,0.50288749,-0.42104544,752,2023,0.79066516,2022,-0.37930676,172465.40335479,25.86981050,0.47078653,0.00064675,,,,,0.49346390,0.20778177
VT TQQQ/cash t30 w0-60 QQQ:VOL_EWMA80 gate QQQ<SMA200,sens,sens_2021-01-04,2021-01-04,2026-01-02,false,true,"{""*"": 6, ""BTAL"": 6, ""DBMF"": 2.5, ""KMLM"": 6, ""QQQ"": 1, ""SPY"": 0.7, ""TQQQ"": 1.5}",0.03000000,tests/data/2026-08-20-net15,,0.30000000,0.60000000,QQQ<SMA200,0.03396274,0.33911523,0.03396783,0.33911523,82456.59538446,40000.00000000,42456.59538446,1.06141488,0.21995496,0.23848803,0.88328529,0.26591167,1.24585410,0.66335810,-0.33157802,605,2023,0.61825690,2022,-0.29163781,154109.42060865,23.11641309,0.41451690,0.00057791,,,,,0.45996751,0.07080161
VT TQQQ/cash t30 w0-70 QQQ:VOL_EWMA80,sens,sens_2021-01-04,2021-01-04,2026-01-02,false,true,"{""*"": 6, ""BTAL"": 6, ""DBMF"": 2.5, ""KMLM"": 6, ""QQQ"": 1, ""SPY"": 0.7, ""TQQQ"": 1.5}",0.03000000,tests/data/2026-08-20-net15,,0.30000000,0.70000000,,0.00053157,0.00183933,0.00054040,0.00185289,84311.89086117,40000.00000000,44311.89086117,1.10779727,0.22250441,0.24605642,0.81013118,0.30714437,1.14041826,0.52079521,-0.42723974,754,2023,0.79337704,2022,-0.38100860,261953.05139359,39.29295771,0.70773897,0.00098232,,,,,0.52831506,0.20732964
VT TQQQ/cash t30 w0-70 QQQ:VOL_EWMA80 gate QQQ<SMA200,sens,sens_2021-01-04,2021-01-04,2026-01-02,false,true,"{""*"": 6, ""BTAL"": 6, ""DBMF"": 2.5, ""KMLM"": 6, ""QQQ"": 1, ""SPY"": 0.7, ""TQQQ"": 1.5}",0.03000000,tests/data/2026-08-20-net15,,0.30000000,0.70000000,QQQ<SMA200,0.03379739,0.33856008,0.03380491,0.33856008,85248.91093556,40000.00000000,45248.91093556,1.13122277,0.23056112,0.24982232,0.87470376,0.28429763,1.22799658,0.67909945,-0.33951010,605,2023,0.62143174,2022,-0.29458126,244285.28787680,36.64279318,0.65060018,0.00091607,,,,,0.49505055,0.07135676
VT TQQQ/cash t30 w0-80 QQQ:VOL_EWMA80,sens,sens_2021-01-04,2021-01-04,2026-01-02,false,true,"{""*"": 6, ""BTAL"": 6, ""DBMF"": 2.5, ""KMLM"": 6, ""QQQ"": 1, ""SPY"": 0.7, ""TQQQ"": 1.5}",0.03000000,tests/data/2026-08-20-net15,,0.30000000,0.80000000,,0.00036994,0.00151231,0.00038003,0.00153021,86745.76124264,40000.00000000,46745.76124264,1.16864403,0.23041398,0.25576209,0.80660908,0.32264083,1.13149745,0.53365232,-0.43176796,754,2023,0.81590494,2022,-0.38120034,350034.20850732,52.50513128,0.93821120,0.00131263,,,,,0.55774112,0.20793572
VT TQQQ/cash t30 w0-80 QQQ:VOL_EWMA80 gate QQQ<SMA200,sens,sens_2021-01-04,2021-01-04,2026-01-02,false,true,"{""*"": 6, ""BTAL"": 6, ""DBMF"": 2.5, ""KMLM"": 6, ""QQQ"": 1, ""SPY"": 0.7, ""TQQQ"": 1.5}",0.03000000,tests/data/2026-08-20-net15,,0.30000000,0.80000000,QQQ<SMA200,0.03378673,0.33869706,0.03379714,0.33869706,87720.47751686,40000.00000000,47720.47751686,1.19301194,0.23858846,0.25958090,0.86453500,0.30087610,1.20925144,0.69281436,-0.34437575,606,2023,0.64132882,2022,-0.29436466,332869.71966201,49.93045795,0.87936522,0.00124826,,,,,0.52432401,0.07121978
VT TQQQ/cash t35 w0-50 QQQ:VOL_EWMA80,sens,sens_2021-01-04,2021-01-04,2026-01-02,false,true,"{""*"": 6, ""BTAL"": 6, ""DBMF"": 2.5, ""KMLM"": 6, ""QQQ"": 1, ""SPY"": 0.7, ""TQQQ"": 1.5}",0.03000000,tests/data/2026-08-20-net15,,0.35000000,0.50000000,,0.00038680,0.00188954,0.00039050,0.00188997,76607.50589243,40000.00000000,36607.50589243,0.91518765,0.19098207,0.21358357,0.75117284,0.28897822,1.06876158,0.43705037,-0.43697954,752,2023,0.82186080,2022,-0.39961778,88348.03629071,13.25220544,0.24869609,0.00033131,,,,,0.46702302,0.24200398
VT TQQQ/cash t35 w0-50 QQQ:VOL_EWMA80 gate QQQ<SMA200,sens,sens_2021-01-04,2021-01-04,2026-01-02,false,true,"{""*"": 6, ""BTAL"": 6, ""DBMF"": 2.5, ""KMLM"": 6, ""QQQ"": 1, ""SPY"": 0.7, ""TQQQ"": 1.5}",0.03000000,tests/data/2026-08-20-net15,,0.35000000,0.50000000,QQQ<SMA200,0.03862272,0.39225925,0.03862530,0.39225925,77811.12647115,40000.00000000,37811.12647115,0.94527816,0.20147104,0.21884499,0.84859210,0.25544128,1.20498332,0.61172599,-0.32934850,605,2023,0.62290403,2022,-0.29839437,67603.36255636,10.14050438,0.18668301,0.00025351,,,,,0.42878823,0.08597707
VT TQQQ/cash t35 w0-60 QQQ:VOL_EWMA80,sens,sens_2021-01-04,2021-01-04,2026-01-02,false,true,"{""*"": 6, ""BTAL"": 6, ""DBMF"": 2.5, ""KMLM"": 6, ""QQQ"": 1, ""SPY"": 0.7, ""TQQQ"": 1.5}",0.03000000,tests/data/2026-08-20-net15,,0.35000000,0.60000000,,0.00043851,0.00185293,0.00044337,0.00186171,85586.91411295,40000.00000000,45586.91411295,1.13967285,0.22711566,0.25117168,0.80610529,0.31712465,1.14687754,0.49602884,-0.45786787,749,2023,0.93288100,2022,-0.41757667,126447.83863625,18.96717580,0.33198732,0.00047418,,,,,0.53020373,0.24231926
VT TQQQ/cash t35 w0-60 QQQ:VOL_EWMA80 gate QQQ<SMA200,sens,sens_2021-01-04,2021-01-04,2026-01-02,false,true,"{""*"": 6, ""BTAL"": 6, ""DBMF"": 2.5, ""KMLM"": 6, ""QQQ"": 1, ""SPY"": 0.7, ""TQQQ"": 1.5}",0.03000000,tests/data/2026-08-20-net15,,0.35000000,0.60000000,QQQ<SMA200,0.03865427,0.39218558,0.03865814,0.39218558,87017.93081859,40000.00000000,47017.93081859,1.17544827,0.23812239,0.25683225,0.89047729,0.28692148,1.26501524,0.66566963,-0.35771858,601,2023,0.72233992,2022,-0.31902613,105436.79264807,15.81551890,0.27139861,0.00039539,,,,,0.49198895,0.08605073
VT TQQQ/cash t35 w0-70 QQQ:VOL_EWMA80,sens,sens_2021-01-04,2021-01-04,2026-01-02,false,true,"{""*"": 6, ""BTAL"": 6, ""DBMF"": 2.5, ""KMLM"": 6, ""QQQ"": 1, ""SPY"": 0.7, ""TQQQ"": 1.5}",0.03000000,tests/data/2026-08-20-net15,,0.35000000,0.70000000,,0.00047408,0.00164287,0.00048093,0.00165590,88911.48759246,40000.00000000,48911.48759246,1.22278719,0.23670295,0.26419604,0.79799904,0.33937704,1.12891582,0.49465588,-0.47852044,754,2023,0.94515050,2022,-0.43529946,209289.94148313,31.39349122,0.54550363,0.00078484,,,,,0.57577696,0.24201050
VT TQQQ/cash t35 w0-70 QQQ:VOL_EWMA80 gate QQQ<SMA200,sens,sens_2021-01-04,2021-01-04,2026-01-02,false,true,"{""*"": 6, ""BTAL"": 6, ""DBMF"": 2.5, ""KMLM"": 6, ""QQQ"": 1, ""SPY"": 0.7, ""TQQQ"": 1.5}",0.03000000,tests/data/2026-08-20-net15,,0.35000000,0.70000000,QQQ<SMA200,0.03858808,0.39216617,0.03859417,0.39216617,90370.25606393,40000.00000000,50370.25606393,1.25925640,0.24771648,0.26977423,0.86912085,0.31139014,1.22665649,0.64649050,-0.38317111,606,2023,0.73307964,2022,-0.33991338,189728.38754904,28.45925813,0.48503127,0.00071148,,,,,0.53766372,0.08607014
VT TQQQ/cash t35 w0-80 QQQ:VOL_EWMA80,sens,sens_2021-01-04,2021-01-04,2026-01-02,false,true,"{""*"": 6, ""BTAL"": 6, ""DBMF"": 2.5, ""KMLM"": 6, ""QQQ"": 1, ""SPY"": 0.7, ""TQQQ"": 1.5}",0.03000000,tests/data/2026-08-20-net15,,0.35000000,0.80000000,,0.00047417,0.00155717,0.00048424,0.00155730,91808.69919115,40000.00000000,51808.69919115,1.29521748,0.24705190,0.27519672,0.80023617,0.35634928,1.12814624,0.50988195,-0.48452765,754,2023,0.94670590,2022,-0.43744295,305555.97316232,45.83339597,0.78921229,0.00114583,,,,,0.61111839,0.24243550
VT TQQQ/cash t35 w0-80 QQQ:VOL_EWMA80 gate QQQ<SMA200,sens,sens_2021-01-04,2021-01-04,2026-01-02,false,true,"{""*"": 6, ""BTAL"": 6, ""DBMF"": 2.5, ""KMLM"": 6, ""QQQ"": 1, ""SPY"": 0.7, ""TQQQ"": 1.5}",0.03000000,tests/data/2026-08-20-net15,,0.35000000,0.80000000,QQQ<SMA200,0.03865748,0.39215051,0.03866617,0.39215051,93356.13532129,40000.00000000,53356.13532129,1.33390338,0.25826327,0.28094635,0.86443021,0.32974399,1.21544137,0.66187276,-0.39020079,606,2023,0.73468079,2022,-0.34231429,287075.11721912,43.06126758,0.72697554,0.00107653,,,,,0.57293646,0.08608580
VT TQQQ/cash t40 w0-50 QQQ:VOL_EWMA80,sens,sens_2021-01-04,2021-01-04,2026-01-02,false,true,"{""*"": 6, ""BTAL"": 6, ""DBMF"": 2.5, ""KMLM"": 6, ""QQQ"": 1, ""SPY"": 0.7, ""TQQQ"": 1.5}",0.03000000,tests/data/2026-08-20-net15,,0.40000000,0.50000000,,0.00048564,0.00177970,0.00048899,0.00177999,75100.41797306,40000.00000000,35100.41797306,0.87751045,0.18146654,0.20688939,0.70199248,0.30417376,0.99769098,0.38948879,-0.46590953,759,2023,0.83093872,2022,-0.42876742,75242.30668687,11.28634600,0.21690789,0.00028216,,,,,0.48064716,0.27698983
VT TQQQ/cash t40 w0-50 QQQ:VOL_EWMA80 gate QQQ<SMA200,sens,sens_2021-01-04,2021-01-04,2026-01-02,false,true,"{""*"": 6, ""BTAL"": 6, ""DBMF"": 2.5, ""KMLM"": 6, ""QQQ"": 1, ""SPY"": 0.7, ""TQQQ"": 1.5}",0.03000000,tests/data/2026-08-20-net15,,0.40000000,0.50000000,QQQ<SMA200,0.04217100,0.39869995,0.04217349,0.39869995,76306.25682607,40000.00000000,36306.25682607,0.90765642,0.19282019,0.21225505,0.79886319,0.26556514,1.13179034,0.54659716,-0.35276471,752,2023,0.62884523,2022,-0.32550475,58084.10405576,8.71261561,0.16368408,0.00021782,,,,,0.43896266,0.10130005
VT TQQQ/cash t40 w0-60 QQQ:VOL_EWMA80,sens,sens_2021-01-04,2021-01-04,2026-01-02,false,true,"{""*"": 6, ""BTAL"": 6, ""DBMF"": 2.5, ""KMLM"": 6, ""QQQ"": 1, ""SPY"": 0.7, ""TQQQ"": 1.5}",0.03000000,tests/data/2026-08-20-net15,,0.40000000,0.60000000,,0.00042207,0.00158685,0.00042667,0.00158927,85052.71938682,40000.00000000,45052.71938682,1.12631798,0.22191015,0.24903690,0.76189658,0.33954314,1.08566262,0.44991661,-0.49322505,753,2023,1.00610894,2022,-0.45449792,106497.35453888,15.97460318,0.28211982,0.00039937,,,,,0.55343235,0.27708029
VT TQQQ/cash t40 w0-60 QQQ:VOL_EWMA80 gate QQQ<SMA200,sens,sens_2021-01-04,2021-01-04,2026-01-02,false,true,"{""*"": 6, ""BTAL"": 6, ""DBMF"": 2.5, ""KMLM"": 6, ""QQQ"": 1, ""SPY"": 0.7, ""TQQQ"": 1.5}",0.03000000,tests/data/2026-08-20-net15,,0.40000000,0.60000000,QQQ<SMA200,0.04321688,0.44466776,0.04322020,0.44466776,86866.99340019,40000.00000000,46866.99340019,1.17167484,0.23561762,0.25623914,0.85229793,0.30289187,1.21222464,0.61837498,-0.38102709,605,2023,0.76240039,2022,-0.34597654,84594.16957920,12.68912544,0.21862689,0.00031723,,,,,0.51063882,0.10188803
VT TQQQ/cash t40 w0-70 QQQ:VOL_EWMA80,sens,sens_2021-01-04,2021-01-04,2026-01-02,false,false,"{""*"": 6, ""BTAL"": 6, ""DBMF"": 2.5, ""KMLM"": 6, ""QQQ"": 1, ""SPY"": 0.7, ""TQQQ"": 1.5}",0.03000000,tests/data/2026-08-20-net15,,0.40000000,0.70000000,,0.00045458,0.00177774,0.00045999,0.00177817,93275.80473615,40000.00000000,53275.80473615,1.33189512,0.25194335,0.28064997,0.79827417,0.36667888,1.13600904,0.49125603,-0.51285550,753,2023,1.10068362,2022,-0.47151913,152903.89351448,22.93558403,0.38304353,0.00057339,,,,,0.61348237,0.27726715
VT TQQQ/cash t40 w0-70 QQQ:VOL_EWMA80 gate QQQ<SMA200,sens,sens_2021-01-04,2021-01-04,2026-01-02,false,true,"{""*"": 6, ""BTAL"": 6, ""DBMF"": 2.5, ""KMLM"": 6, ""QQQ"": 1, ""SPY"": 0.7, ""TQQQ"": 1.5}",0.03000000,tests/data/2026-08-20-net15,,0.40000000,0.70000000,QQQ<SMA200,0.04316562,0.44431441,0.04316941,0.44431441,95331.58738596,40000.00000000,55331.58738596,1.38328968,0.26609764,0.28816454,0.87742957,0.33311151,1.24648265,0.65179437,-0.40825397,605,2023,0.84578765,2022,-0.36614572,131563.21097706,19.73448165,0.32141461,0.00049336,,,,,0.57077295,0.10224137
VT TQQQ/cash t40 w0-80 QQQ:VOL_EWMA80,sens,sens_2021-01-04,2021-01-04,2026-01-02,false,false,"{""*"": 6, ""BTAL"": 6, ""DBMF"": 2.5, ""KMLM"": 6, ""QQQ"": 1, ""SPY"": 0.7, ""TQQQ"": 1.5}",0.03000000,tests/data/2026-08-20-net15,,0.40000000,0.80000000,,0.00044523,0.00172707,0.00045332,0.00172721,96450.97085456,40000.00000000,56450.97085456,1.41127427,0.25975789,0.29219600,0.79065382,0.38880318,1.11964335,0.48849042,-0.53175638,759,2023,1.10827182,2022,-0.48807173,248524.47792528,37.27867169,0.62047004,0.00093197,,,,,0.65812713,0.27715168
VT TQQQ/cash t40 w0-80 QQQ:VOL_EWMA80 gate QQQ<SMA200,sens,sens_2021-01-04,2021-01-04,2026-01-02,false,true,"{""*"": 6, ""BTAL"": 6, ""DBMF"": 2.5, ""KMLM"": 6, ""QQQ"": 1, ""SPY"": 0.7, ""TQQQ"": 1.5}",0.03000000,tests/data/2026-08-20-net15,,0.40000000,0.80000000,QQQ<SMA200,0.04326523,0.44479437,0.04327242,0.44479437,98551.15829046,40000.00000000,58551.15829046,1.46377896,0.27399309,0.29964923,0.85920343,0.35724860,1.21376921,0.63483501,-0.43159732,753,2023,0.85205800,2022,-0.38587981,228939.24626356,34.34088694,0.55759366,0.00085852,,,,,0.61530802,0.10176141
50/50,sens,sens_2021-01-04,2021-01-04,2026-01-02,true,true,"{""*"": 6, ""BTAL"": 6, ""DBMF"": 2.5, ""KMLM"": 6, ""QQQ"": 1, ""SPY"": 0.7, ""TQQQ"": 1.5}",0.03000000,tests/data/2026-08-20-net15,,,,,0.00082366,0.00283340,0.00058438,0.00178799,65725.99162296,40000.00000000,25725.99162296,0.64314979,0.14051115,0.16228764,0.61576422,0.27614472,0.87332446,0.31372984,-0.44787307,752,2023,0.69917712,2022,-0.42549295,160074.45263558,60.76701880,0.48140292,0.00151918,0.49960480,0.49867396,,,0.49955348,0.49821201
TQQQ50/BTAL50 gate QQQ<SMA200,sens,sens_2021-01-04,2021-01-04,2026-01-02,true,true,"{""*"": 6, ""BTAL"": 6, ""DBMF"": 2.5, ""KMLM"": 6, ""QQQ"": 1, ""SPY"": 0.7, ""TQQQ"": 1.5}",0.03000000,tests/data/2026-08-20-net15,,,,,0.05824891,0.39721743,0.05806908,0.39722449,67335.29006035,40000.00000000,27335.29006035,0.68338225,0.15951658,0.17033994,0.77587596,0.22357290,1.10826973,0.51439955,-0.31010249,683,2023,0.46758369,2022,-0.25829251,142498.31775736,55.93185062,0.40762226,0.00139830,0.55724568,0.49867396,,,0.44201173,0.10277551
SPY benchmark,sens,sens_2021-01-04,2021-01-04,2026-01-02,true,true,"{""*"": 6, ""BTAL"": 6, ""DBMF"": 2.5, ""KMLM"": 6, ""QQQ"": 1, ""SPY"": 0.7, ""TQQQ"": 1.5}",0.03000000,tests/data/2026-08-20-net15,,,,,0.00949653,0.03041091,0.00949777,0.03044485,64333.39602357,40000.00000000,24333.39602357,0.60833490,0.14397790,0.15517280,0.88099039,0.16937800,1.28001830,0.59534032,-0.24184134,709,2021,0.29776361,2022,-0.18015495,39631.06851642,2.77417480,0.12464179,0.00006935,,,0.99050223,0.96955515,,
VT TQQQ/BTAL t25 w0-50 QQQ:VOL_EWMA80,sens,sens_2021-07-06,2021-07-06,2026-07-02,false,true,"{""*"": 6, ""BTAL"": 6, ""DBMF"": 2.5, ""KMLM"": 6, ""QQQ"": 1, ""SPY"": 0.7, ""TQQQ"": 1.5}",0.03000000,tests/data/2026-08-20-net15,BTAL,0.25000000,0.50000000,,0.00079212,0.00349923,0.00059958,0.00258820,63280.82175081,40000.00000000,23280.82175081,0.58202054,0.13858958,0.14992857,0.79022184,0.18697514,1.11903464,0.50612013,-0.27382744,530,2023,0.48907610,2022,-0.23033507,314707.60195646,119.84316825,0.92297333,0.00299608,0.58824289,0.49864887,,,0.41093562,0.17239625
VT TQQQ/BTAL t25 w0-50 QQQ:VOL_EWMA80 gate QQQ<SMA200,sens,sens_2021-07-06,2021-07-06,2026-07-02,false,true,"{""*"": 6, ""BTAL"": 6, ""DBMF"": 2.5, ""KMLM"": 6, ""QQQ"": 1, ""SPY"": 0.7, ""TQQQ"": 1.5}",0.03000000,tests/data/2026-08-20-net15,BTAL,0.25000000,0.50000000,QQQ<SMA200,0.03080536,0.29348999,0.03066355,0.29349790,62610.08170498,40000.00000000,22610.08170498,0.56525204,0.13890537,0.14639259,0.80948354,0.18166598,1.14057271,0.67866199,-0.20467533,520,2023,0.33030278,2022,-0.13442424,287921.07419002,111.38134020,0.84817224,0.00278453,0.61844466,0.49864887,,,0.38080311,0.04809947
VT TQQQ/BTAL t25 w0-60 QQQ:VOL_EWMA80,sens,sens_2021-07-06,2021-07-06,2026-07-02,false,true,"{""*"": 6, ""BTAL"": 6, ""DBMF"": 2.5, ""KMLM"": 6, ""QQQ"": 1, ""SPY"": 0.7, ""TQQQ"": 1.5}",0.03000000,tests/data/2026-08-20-net15,BTAL,0.25000000,0.60000000,,0.00084065,0.00367136,0.00064675,0.00273188,65434.63682066,40000.00000000,25434.63682066,0.63586592,0.14592189,0.16105511,0.76175632,0.20789860,1.06399340,0.52803292,-0.27634999,530,2023,0.49855749,2022,-0.23295997,443608.84580503,166.67343140,1.29533739,0.00416684,0.55536537,0.39903223,,,0.44375477,0.17296108
VT TQQQ/BTAL t25 w0-60 QQQ:VOL_EWMA80 gate QQQ<SMA200,sens,sens_2021-07-06,2021-07-06,2026-07-02,false,true,"{""*"": 6, ""BTAL"": 6, ""DBMF"": 2.5, ""KMLM"": 6, ""QQQ"": 1, ""SPY"": 0.7, ""TQQQ"": 1.5}",0.03000000,tests/data/2026-08-20-net15,BTAL,0.25000000,0.60000000,QQQ<SMA200,0.03100695,0.29385098,0.03088082,0.29385890,64764.44570551,40000.00000000,24764.44570551,0.61911114,0.14640596,0.15762933,0.77683043,0.20316215,1.08014645,0.70804069,-0.20677619,530,2023,0.33821739,2022,-0.13658734,416418.86116774,158.06893291,1.22114146,0.00395172,0.58573165,0.39903223,,,0.41346745,0.04773846
VT TQQQ/BTAL t25 w0-70 QQQ:VOL_EWMA80,sens,sens_2021-07-06,2021-07-06,2026-07-02,false,true,"{""*"": 6, ""BTAL"": 6, ""DBMF"": 2.5, ""KMLM"": 6, ""QQQ"": 1, ""SPY"": 0.7, ""TQQQ"": 1.5}",0.03000000,tests/data/2026-08-20-net15,BTAL,0.25000000,0.70000000,,0.00078590,0.00312901,0.00063602,0.00275553,67965.76327353,40000.00000000,27965.76327353,0.69914408,0.15612687,0.17371052,0.76358462,0.22352028,1.06082456,0.55551450,-0.28104913,571,2023,0.53671931,2022,-0.23304099,576072.45820289,215.49024482,1.65840615,0.00538726,0.53189186,0.29962374,,,0.46727408,0.17267990
VT TQQQ/BTAL t25 w0-70 QQQ:VOL_EWMA80 gate QQQ<SMA200,sens,sens_2021-07-06,2021-07-06,2026-07-02,false,true,"{""*"": 6, ""BTAL"": 6, ""DBMF"": 2.5, ""KMLM"": 6, ""QQQ"": 1, ""SPY"": 0.7, ""TQQQ"": 1.5}",0.03000000,tests/data/2026-08-20-net15,BTAL,0.25000000,0.70000000,QQQ<SMA200,0.03076341,0.29342687,0.03066318,0.29343479,67248.79963866,40000.00000000,27248.79963866,0.68121999,0.15648807,0.17017004,0.77592299,0.21912016,1.07356490,0.73577631,-0.21268429,570,2023,0.37313343,2022,-0.13746475,547643.69542692,206.38820239,1.58374782,0.00515971,0.56207001,0.29946956,,,0.43720240,0.04816258
VT TQQQ/BTAL t25 w0-80 QQQ:VOL_EWMA80,sens,sens_2021-07-06,2021-07-06,2026-07-02,false,true,"{""*"": 6, ""BTAL"": 6, ""DBMF"": 2.5, ""KMLM"": 6, ""QQQ"": 1, ""SPY"": 0.7, ""TQQQ"": 1.5}",0.03000000,tests/data/2026-08-20-net15,BTAL,0.25000000,0.80000000,,0.00075808,0.00306499,0.00059406,0.00229810,69935.09391721,40000.00000000,29935.09391721,0.74837735,0.16565744,0.18326315,0.77407088,0.23437993,1.07599096,0.58961595,-0.28095821,571,2023,0.57539714,2022,-0.23280008,683024.21560737,255.10044697,1.93676962,0.00637751,0.51830969,0.19973499,,,0.48087780,0.17239192
VT TQQQ/BTAL t25 w0-80 QQQ:VOL_EWMA80 gate QQQ<SMA200,sens,sens_2021-07-06,2021-07-06,2026-07-02,false,true,"{""*"": 6, ""BTAL"": 6, ""DBMF"": 2.5, ""KMLM"": 6, ""QQQ"": 1, ""SPY"": 0.7, ""TQQQ"": 1.5}",0.03000000,tests/data/2026-08-20-net15,BTAL,0.25000000,0.80000000,QQQ<SMA200,0.03077698,0.29332284,0.03065774,0.29333071,69192.85303090,40000.00000000,29192.85303090,0.72982133,0.16596240,0.17969186,0.78521261,0.23013903,1.08747225,0.77987886,-0.21280535,570,2023,0.40780948,2022,-0.13757679,652846.39935365,245.38860429,1.85976676,0.00613472,0.54848730,0.19950096,,,0.45074791,0.04826666
VT TQQQ/BTAL t30 w0-50 QQQ:VOL_EWMA80,sens,sens_2021-07-06,2021-07-06,2026-07-02,false,true,"{""*"": 6, ""BTAL"": 6, ""DBMF"": 2.5, ""KMLM"": 6, ""QQQ"": 1, ""SPY"": 0.7, ""TQQQ"": 1.5}",0.03000000,tests/data/2026-08-20-net15,BTAL,0.30000000,0.50000000,,0.00074994,0.00221513,0.00056778,0.00155287,67877.24469558,40000.00000000,27877.24469558,0.69693112,0.15721916,0.17327525,0.80590867,0.20892486,1.15317804,0.48887722,-0.32159232,530,2023,0.62422419,2022,-0.27941378,253892.61322092,96.73510327,0.71482747,0.00241838,0.55463729,0.49864887,,,0.44458766,0.20827196
VT TQQQ/BTAL t30 w0-50 QQQ:VOL_EWMA80 gate QQQ<SMA200,sens,sens_2021-07-06,2021-07-06,2026-07-02,false,true,"{""*"": 6, ""BTAL"": 6, ""DBMF"": 2.5, ""KMLM"": 6, ""QQQ"": 1, ""SPY"": 0.7, ""TQQQ"": 1.5}",0.03000000,tests/data/2026-08-20-net15,BTAL,0.30000000,0.50000000,QQQ<SMA200,0.03620767,0.35038463,0.03607313,0.35039272,67352.40848475,40000.00000000,27352.40848475,0.68381021,0.15976212,0.17068380,0.86183204,0.19457314,1.22947991,0.68068569,-0.23470762,520,2023,0.42256243,2022,-0.16654228,223632.97082168,86.96833697,0.63044955,0.00217421,0.59029877,0.49864887,,,0.40899798,0.05952412
VT TQQQ/BTAL t30 w0-60 QQQ:VOL_EWMA80,sens,sens_2021-07-06,2021-07-06,2026-07-02,false,true,"{""*"": 6, ""BTAL"": 6, ""DBMF"": 2.5, ""KMLM"": 6, ""QQQ"": 1, ""SPY"": 0.7, ""TQQQ"": 1.5}",0.03000000,tests/data/2026-08-20-net15,BTAL,0.30000000,0.60000000,,0.00091944,0.00367136,0.00067327,0.00271742,72508.32333139,40000.00000000,32508.32333139,0.81270808,0.17036889,0.19538319,0.77945268,0.23939721,1.10008866,0.49457620,-0.34447449,533,2023,0.64698911,2022,-0.30361889,388279.70517942,146.44962456,1.08203746,0.00366124,0.50593455,0.39894739,,,0.49311265,0.20714333
VT TQQQ/BTAL t30 w0-60 QQQ:VOL_EWMA80 gate QQQ<SMA200,sens,sens_2021-07-06,2021-07-06,2026-07-02,false,true,"{""*"": 6, ""BTAL"": 6, ""DBMF"": 2.5, ""KMLM"": 6, ""QQQ"": 1, ""SPY"": 0.7, ""TQQQ"": 1.5}",0.03000000,tests/data/2026-08-20-net15,BTAL,0.30000000,0.60000000,QQQ<SMA200,0.03643155,0.35105098,0.03629052,0.35105922,71965.87250722,40000.00000000,31965.87250722,0.79914681,0.17311123,0.19286105,0.81951572,0.22705768,1.15235674,0.65935290,-0.26254716,532,2023,0.44208291,2022,-0.19405590,357371.25175124,136.53764962,0.99752465,0.00341344,0.54173408,0.39894739,,,0.45747760,0.05885762
VT TQQQ/BTAL t30 w0-70 QQQ:VOL_EWMA80,sens,sens_2021-07-06,2021-07-06,2026-07-02,false,true,"{""*"": 6, ""BTAL"": 6, ""DBMF"": 2.5, ""KMLM"": 6, ""QQQ"": 1, ""SPY"": 0.7, ""TQQQ"": 1.5}",0.03000000,tests/data/2026-08-20-net15,BTAL,0.30000000,0.70000000,,0.00082848,0.00319532,0.00063823,0.00262423,74722.65585661,40000.00000000,34722.65585661,0.86806640,0.17651452,0.20550461,0.75365791,0.26227544,1.05305243,0.50083725,-0.35243887,601,2023,0.65359742,2022,-0.30690704,529032.57819316,198.18498789,1.47137470,0.00495462,0.47231751,0.29916705,,,0.52681004,0.20821649
VT TQQQ/BTAL t30 w0-70 QQQ:VOL_EWMA80 gate QQQ<SMA200,sens,sens_2021-07-06,2021-07-06,2026-07-02,false,true,"{""*"": 6, ""BTAL"": 6, ""DBMF"": 2.5, ""KMLM"": 6, ""QQQ"": 1, ""SPY"": 0.7, ""TQQQ"": 1.5}",0.03000000,tests/data/2026-08-20-net15,BTAL,0.30000000,0.70000000,QQQ<SMA200,0.03627113,0.35081388,0.03617405,0.35082215,74167.82920768,40000.00000000,34167.82920768,0.85419573,0.17932465,0.20299432,0.78558597,0.25098479,1.09349120,0.66060758,-0.27145412,573,2023,0.44823385,2022,-0.19797863,497693.44849800,188.02051097,1.38621555,0.00470051,0.50804004,0.29916705,,,0.49122414,0.05909469
VT TQQQ/BTAL t30 w0-80 QQQ:VOL_EWMA80,sens,sens_2021-07-06,2021-07-06,2026-07-02,false,true,"{""*"": 6, ""BTAL"": 6, ""DBMF"": 2.5, ""KMLM"": 6, ""QQQ"": 1, ""SPY"": 0.7, ""TQQQ"": 1.5}",0.03000000,tests/data/2026-08-20-net15,BTAL,0.30000000,0.80000000,,0.00086643,0.00353544,0.00065709,0.00253193,77763.71220248,40000.00000000,37763.71220248,0.94409281,0.18676195,0.21897188,0.75568063,0.27926936,1.05075038,0.52051215,-0.35880422,605,2023,0.69036818,2022,-0.30660063,679636.42261672,254.08639239,1.86553803,0.00635216,0.44602516,0.19884771,,,0.55305457,0.20828389
VT TQQQ/BTAL t30 w0-80 QQQ:VOL_EWMA80 gate QQQ<SMA200,sens,sens_2021-07-06,2021-07-06,2026-07-02,false,true,"{""*"": 6, ""BTAL"": 6, ""DBMF"": 2.5, ""KMLM"": 6, ""QQQ"": 1, ""SPY"": 0.7, ""TQQQ"": 1.5}",0.03000000,tests/data/2026-08-20-net15,BTAL,0.30000000,0.80000000,QQQ<SMA200,0.03631238,0.35076135,0.03616379,0.35076963,77145.73491088,40000.00000000,37145.73491088,0.92864337,0.18933839,0.21627412,0.78276029,0.26869744,1.08434761,0.67817882,-0.27918653,601,2023,0.48010483,2022,-0.19828064,646502.72356783,243.32568788,1.77859702,0.00608314,0.48163659,0.19884771,,,0.51750243,0.05914720
VT TQQQ/BTAL t35 w0-50 QQQ:VOL_EWMA80,sens,sens_2021-07-06,2021-07-06,2026-07-02,false,true,"{""*"": 6, ""BTAL"": 6, ""DBMF"": 2.5, ""KMLM"": 6, ""QQQ"": 1, ""SPY"": 0.7, ""TQQQ"": 1.5}",0.03000000,tests/data/2026-08-20-net15,BTAL,0.35000000,0.50000000,,0.00082525,0.00305096,0.00059973,0.00258994,68725.95651862,40000.00000000,28725.95651862,0.71814891,0.15499066,0.17742749,0.74757582,0.22828543,1.06964497,0.42130037,-0.36788637,535,2023,0.68771700,2022,-0.32739365,216705.63986566,82.41030645,0.61701805,0.00206026,0.53447453,0.49864887,,,0.46467716,0.24224229
VT TQQQ/BTAL t35 w0-50 QQQ:VOL_EWMA80 gate QQQ<SMA200,sens,sens_2021-07-06,2021-07-06,2026-07-02,false,true,"{""*"": 6, ""BTAL"": 6, ""DBMF"": 2.5, ""KMLM"": 6, ""QQQ"": 1, ""SPY"": 0.7, ""TQQQ"": 1.5}",0.03000000,tests/data/2026-08-20-net15,BTAL,0.35000000,0.50000000,QQQ<SMA200,0.04131540,0.40654231,0.04118509,0.40655065,68564.46628748,40000.00000000,28564.46628748,0.71411166,0.16067734,0.17664102,0.83607491,0.20367735,1.19452580,0.61046710,-0.26320394,534,2023,0.45058778,2022,-0.19863342,183600.32851038,71.55452592,0.52094518,0.00178886,0.57525593,0.49864887,,,0.42408111,0.07168566
VT TQQQ/BTAL t35 w0-60 QQQ:VOL_EWMA80,sens,sens_2021-07-06,2021-07-06,2026-07-02,false,true,"{""*"": 6, ""BTAL"": 6, ""DBMF"": 2.5, ""KMLM"": 6, ""QQQ"": 1, ""SPY"": 0.7, ""TQQQ"": 1.5}",0.03000000,tests/data/2026-08-20-net15,BTAL,0.35000000,0.60000000,,0.00088025,0.00367136,0.00066088,0.00271742,77842.27092672,40000.00000000,37842.27092672,0.94605677,0.18957517,0.21931344,0.79174469,0.26416754,1.12740559,0.48557225,-0.39041598,535,2023,0.80170220,2022,-0.35024809,308870.95610976,116.61864732,0.82384920,0.00291547,0.47094635,0.39903223,,,0.52814550,0.24256753
VT TQQQ/BTAL t35 w0-60 QQQ:VOL_EWMA80 gate QQQ<SMA200,sens,sens_2021-07-06,2021-07-06,2026-07-02,false,true,"{""*"": 6, ""BTAL"": 6, ""DBMF"": 2.5, ""KMLM"": 6, ""QQQ"": 1, ""SPY"": 0.7, ""TQQQ"": 1.5}",0.03000000,tests/data/2026-08-20-net15,BTAL,0.35000000,0.60000000,QQQ<SMA200,0.04139509,0.40677193,0.04127510,0.40678035,77617.35238853,40000.00000000,37617.35238853,0.94043381,0.19528741,0.21833470,0.85789162,0.24322762,1.21927392,0.65936557,-0.29617471,534,2023,0.54809818,2022,-0.22607313,274476.78120235,105.30891917,0.73031223,0.00263272,0.51176399,0.39903223,,,0.48748745,0.07145596
VT TQQQ/BTAL t35 w0-70 QQQ:VOL_EWMA80,sens,sens_2021-07-06,2021-07-06,2026-07-02,false,true,"{""*"": 6, ""BTAL"": 6, ""DBMF"": 2.5, ""KMLM"": 6, ""QQQ"": 1, ""SPY"": 0.7, ""TQQQ"": 1.5}",0.03000000,tests/data/2026-08-20-net15,BTAL,0.35000000,0.70000000,,0.00082065,0.00327194,0.00061727,0.00251591,82336.88936426,40000.00000000,42336.88936426,1.05842223,0.19906963,0.23835697,0.76411939,0.29590218,1.07709096,0.47939703,-0.41525003,605,2023,0.81455007,2022,-0.37308114,469045.19114901,176.14789807,1.24704059,0.00440370,0.42365513,0.29916705,,,0.57548644,0.24176270
VT TQQQ/BTAL t35 w0-70 QQQ:VOL_EWMA80 gate QQQ<SMA200,sens,sens_2021-07-06,2021-07-06,2026-07-02,false,true,"{""*"": 6, ""BTAL"": 6, ""DBMF"": 2.5, ""KMLM"": 6, ""QQQ"": 1, ""SPY"": 0.7, ""TQQQ"": 1.5}",0.03000000,tests/data/2026-08-20-net15,BTAL,0.35000000,0.70000000,QQQ<SMA200,0.04152588,0.40755247,0.04139518,0.40756142,82072.48816371,40000.00000000,42072.48816371,1.05181220,0.20492016,0.23726288,0.81376361,0.27733027,1.14377619,0.62875624,-0.32591352,601,2023,0.55860700,2022,-0.25265332,435258.59285867,165.03878018,1.15476832,0.00412597,0.46459655,0.29916705,,,0.53465463,0.07067490
VT TQQQ/BTAL t35 w0-80 QQQ:VOL_EWMA80,sens,sens_2021-07-06,2021-07-06,2026-07-02,false,true,"{""*"": 6, ""BTAL"": 6, ""DBMF"": 2.5, ""KMLM"": 6, ""QQQ"": 1, ""SPY"": 0.7, ""TQQQ"": 1.5}",0.03000000,tests/data/2026-08-20-net15,BTAL,0.35000000,0.80000000,,0.00088394,0.00353544,0.00067562,0.00253193,84592.94790597,40000.00000000,44592.94790597,1.11482370,0.20416589,0.24756656,0.74350244,0.31992723,1.04026648,0.48098867,-0.42447132,606,2023,0.81771962,2022,-0.37669273,628274.60073623,234.57835358,1.67032990,0.00586446,0.38937730,0.19884771,,,0.60968967,0.24177318
VT TQQQ/BTAL t35 w0-80 QQQ:VOL_EWMA80 gate QQQ<SMA200,sens,sens_2021-07-06,2021-07-06,2026-07-02,false,true,"{""*"": 6, ""BTAL"": 6, ""DBMF"": 2.5, ""KMLM"": 6, ""QQQ"": 1, ""SPY"": 0.7, ""TQQQ"": 1.5}",0.03000000,tests/data/2026-08-20-net15,BTAL,0.35000000,0.80000000,QQQ<SMA200,0.04166388,0.40774909,0.04151933,0.40775774,84395.49418374,40000.00000000,44395.49418374,1.10988735,0.21042541,0.24676936,0.78515556,0.30281370,1.09511691,0.62640442,-0.33592581,602,2023,0.56165795,2022,-0.25620949,594784.40885609,223.64305665,1.57678398,0.00559108,0.43036336,0.19884771,,,0.56877640,0.07047857
VT TQQQ/BTAL t40 w0-50 QQQ:VOL_EWMA80,sens,sens_2021-07-06,2021-07-06,2026-07-02,false,true,"{""*"": 6, ""BTAL"": 6, ""DBMF"": 2.5, ""KMLM"": 6, ""QQQ"": 1, ""SPY"": 0.7, ""TQQQ"": 1.5}",0.03000000,tests/data/2026-08-20-net15,BTAL,0.40000000,0.50000000,,0.00083718,0.00305096,0.00060831,0.00258994,69041.65928022,40000.00000000,29041.65928022,0.72604148,0.15052587,0.17896012,0.70144862,0.24253771,1.00209782,0.37625558,-0.40006283,683,2023,0.69911372,2022,-0.36155851,189382.91105978,72.40118360,0.55037515,0.00181003,0.52055353,0.49864887,,,0.47858783,0.27732333
VT TQQQ/BTAL t40 w0-50 QQQ:VOL_EWMA80 gate QQQ<SMA200,sens,sens_2021-07-06,2021-07-06,2026-07-02,false,true,"{""*"": 6, ""BTAL"": 6, ""DBMF"": 2.5, ""KMLM"": 6, ""QQQ"": 1, ""SPY"": 0.7, ""TQQQ"": 1.5}",0.03000000,tests/data/2026-08-20-net15,BTAL,0.40000000,0.50000000,QQQ<SMA200,0.04531950,0.41540936,0.04517792,0.41541797,68738.91053369,40000.00000000,28738.91053369,0.71847276,0.15659570,0.17749050,0.80137564,0.20961298,1.14396642,0.54145996,-0.28921011,567,2023,0.45691507,2022,-0.23034739,163047.65031019,63.87723447,0.47117053,0.00159693,0.56526333,0.49864887,,,0.43399246,0.08458203
VT TQQQ/BTAL t40 w0-60 QQQ:VOL_EWMA80,sens,sens_2021-07-06,2021-07-06,2026-07-02,false,true,"{""*"": 6, ""BTAL"": 6, ""DBMF"": 2.5, ""KMLM"": 6, ""QQQ"": 1, ""SPY"": 0.7, ""TQQQ"": 1.5}",0.03000000,tests/data/2026-08-20-net15,BTAL,0.40000000,0.60000000,,0.00090434,0.00367136,0.00068897,0.00271742,79563.85845416,40000.00000000,39563.85845416,0.98909646,0.19006620,0.22672175,0.75414408,0.28570586,1.07653725,0.43766239,-0.43427584,567,2023,0.88960960,2022,-0.39486438,261837.03602458,98.70958586,0.69991184,0.00246774,0.44837294,0.39903223,,,0.55069755,0.27662770
VT TQQQ/BTAL t40 w0-60 QQQ:VOL_EWMA80 gate QQQ<SMA200,sens,sens_2021-07-06,2021-07-06,2026-07-02,false,true,"{""*"": 6, ""BTAL"": 6, ""DBMF"": 2.5, ""KMLM"": 6, ""QQQ"": 1, ""SPY"": 0.7, ""TQQQ"": 1.5}",0.03000000,tests/data/2026-08-20-net15,BTAL,0.40000000,0.60000000,QQQ<SMA200,0.04649364,0.46257017,0.04637045,0.46257887,79670.86941216,40000.00000000,39670.86941216,0.99177174,0.19904114,0.22717747,0.84158296,0.25521379,1.20039575,0.61473768,-0.32378223,535,2023,0.59371357,2022,-0.25614544,226655.15609298,87.15077614,0.60142085,0.00217877,0.49435062,0.39903223,,,0.50497051,0.08397691
VT TQQQ/BTAL t40 w0-70 QQQ:VOL_EWMA80,sens,sens_2021-07-06,2021-07-06,2026-07-02,false,true,"{""*"": 6, ""BTAL"": 6, ""DBMF"": 2.5, ""KMLM"": 6, ""QQQ"": 1, ""SPY"": 0.7, ""TQQQ"": 1.5}",0.03000000,tests/data/2026-08-20-net15,BTAL,0.40000000,0.70000000,,0.00073702,0.00297893,0.00056703,0.00213509,88123.74301019,40000.00000000,48123.74301019,1.20309358,0.21757867,0.26154797,0.77432829,0.32239250,1.09984609,0.47655605,-0.45656469,605,2023,0.98290222,2022,-0.41650542,371566.67465477,139.50463734,0.94560327,0.00348762,0.38767735,0.29916705,,,0.61155475,0.27659178
VT TQQQ/BTAL t40 w0-70 QQQ:VOL_EWMA80 gate QQQ<SMA200,sens,sens_2021-07-06,2021-07-06,2026-07-02,false,true,"{""*"": 6, ""BTAL"": 6, ""DBMF"": 2.5, ""KMLM"": 6, ""QQQ"": 1, ""SPY"": 0.7, ""TQQQ"": 1.5}",0.03000000,tests/data/2026-08-20-net15,BTAL,0.40000000,0.70000000,QQQ<SMA200,0.04656076,0.46311668,0.04643582,0.46312548,88288.44465174,40000.00000000,48288.44465174,1.20721112,0.22707482,0.26218788,0.84295892,0.29560632,1.19559373,0.63823951,-0.35578308,573,2023,0.67241396,2022,-0.28197263,336709.04480388,128.00357971,0.85058966,0.00320009,0.43371571,0.29916705,,,0.56559904,0.08343030
VT TQQQ/BTAL t40 w0-80 QQQ:VOL_EWMA80,sens,sens_2021-07-06,2021-07-06,2026-07-02,false,true,"{""*"": 6, ""BTAL"": 6, ""DBMF"": 2.5, ""KMLM"": 6, ""QQQ"": 1, ""SPY"": 0.7, ""TQQQ"": 1.5}",0.03000000,tests/data/2026-08-20-net15,BTAL,0.40000000,0.80000000,,0.00077270,0.00353544,0.00057623,0.00253193,92605.12554196,40000.00000000,52605.12554196,1.31512814,0.22440129,0.27859116,0.75069312,0.35479319,1.05812500,0.46509622,-0.48248358,752,2023,0.99064820,2022,-0.43845278,554699.80104903,207.59158943,1.41281541,0.00518979,0.34137072,0.19884771,,,0.65781426,0.27742863
VT TQQQ/BTAL t40 w0-80 QQQ:VOL_EWMA80 gate QQQ<SMA200,sens,sens_2021-07-06,2021-07-06,2026-07-02,false,true,"{""*"": 6, ""BTAL"": 6, ""DBMF"": 2.5, ""KMLM"": 6, ""QQQ"": 1, ""SPY"": 0.7, ""TQQQ"": 1.5}",0.03000000,tests/data/2026-08-20-net15,BTAL,0.40000000,0.80000000,QQQ<SMA200,0.04668439,0.46402129,0.04656080,0.46403031,92731.61663208,40000.00000000,52731.61663208,1.31829042,0.23408008,0.27906148,0.80443239,0.33067023,1.13126067,0.60539845,-0.38665458,605,2023,0.67837074,2022,-0.30821593,521047.67626349,196.56641317,1.31791549,0.00491416,0.38756002,0.19884771,,,0.61177430,0.08252547
VT TQQQ/cash t25 w0-50 QQQ:VOL_EWMA80,sens,sens_2021-07-06,2021-07-06,2026-07-02,false,true,"{""*"": 6, ""BTAL"": 6, ""DBMF"": 2.5, ""KMLM"": 6, ""QQQ"": 1, ""SPY"": 0.7, ""TQQQ"": 1.5}",0.03000000,tests/data/2026-08-20-net15,,0.25000000,0.50000000,,0.00053398,0.00237818,0.00053959,0.00238782,76336.78690107,40000.00000000,36336.78690107,0.90841967,0.17156000,0.21271309,0.76797832,0.24654399,1.08271268,0.47883593,-0.35828556,605,2023,0.64401459,2022,-0.31897857,153651.37060628,23.04770559,0.45067207,0.00057619,,,,,0.41088608,0.17298960
VT TQQQ/cash t25 w0-50 QQQ:VOL_EWMA80 gate QQQ<SMA200,sens,sens_2021-07-06,2021-07-06,2026-07-02,false,true,"{""*"": 6, ""BTAL"": 6, ""DBMF"": 2.5, ""KMLM"": 6, ""QQQ"": 1, ""SPY"": 0.7, ""TQQQ"": 1.5}",0.03000000,tests/data/2026-08-20-net15,,0.25000000,0.50000000,QQQ<SMA200,0.02999905,0.29021682,0.03000367,0.29021682,76681.89839963,40000.00000000,36681.89839963,0.91704746,0.17782461,0.21423643,0.84016492,0.22595244,1.18164469,0.64888091,-0.27404814,601,2023,0.50604260,2022,-0.23714925,141116.66029226,21.16749904,0.41039204,0.00052919,,,,,0.38142200,0.05138055
VT TQQQ/cash t25 w0-60 QQQ:VOL_EWMA80,sens,sens_2021-07-06,2021-07-06,2026-07-02,false,true,"{""*"": 6, ""BTAL"": 6, ""DBMF"": 2.5, ""KMLM"": 6, ""QQQ"": 1, ""SPY"": 0.7, ""TQQQ"": 1.5}",0.03000000,tests/data/2026-08-20-net15,,0.25000000,0.60000000,,0.00050988,0.00210238,0.00051789,0.00214722,77640.14392460,40000.00000000,37640.14392460,0.94100360,0.17540448,0.21843400,0.74658775,0.26407413,1.04490985,0.47989416,-0.36550659,606,2023,0.64841662,2022,-0.32134968,223977.37607101,33.59660641,0.65343448,0.00083992,,,,,0.44379089,0.17339455
VT TQQQ/cash t25 w0-60 QQQ:VOL_EWMA80 gate QQQ<SMA200,sens,sens_2021-07-06,2021-07-06,2026-07-02,false,true,"{""*"": 6, ""BTAL"": 6, ""DBMF"": 2.5, ""KMLM"": 6, ""QQQ"": 1, ""SPY"": 0.7, ""TQQQ"": 1.5}",0.03000000,tests/data/2026-08-20-net15,,0.25000000,0.60000000,QQQ<SMA200,0.02994663,0.29009835,0.02995303,0.29009835,77988.93487772,40000.00000000,37988.93487772,0.94972337,0.18165643,0.21995028,0.80676137,0.24495769,1.12555113,0.64322070,-0.28241696,601,2023,0.51010154,2022,-0.23993710,212523.98153600,31.87859723,0.61484971,0.00079696,,,,,0.41435575,0.05149902
VT TQQQ/cash t25 w0-70 QQQ:VOL_EWMA80,sens,sens_2021-07-06,2021-07-06,2026-07-02,false,true,"{""*"": 6, ""BTAL"": 6, ""DBMF"": 2.5, ""KMLM"": 6, ""QQQ"": 1, ""SPY"": 0.7, ""TQQQ"": 1.5}",0.03000000,tests/data/2026-08-20-net15,,0.25000000,0.70000000,,0.00041293,0.00198804,0.00042180,0.00199826,79816.10055945,40000.00000000,39816.10055945,0.99540251,0.18354005,0.22779506,0.75074292,0.27628446,1.04751647,0.49664970,-0.36955635,752,2023,0.67210750,2022,-0.32095918,294626.58567847,44.19398785,0.84825705,0.00110485,,,,,0.46740296,0.17294075
VT TQQQ/cash t25 w0-70 QQQ:VOL_EWMA80 gate QQQ<SMA200,sens,sens_2021-07-06,2021-07-06,2026-07-02,false,true,"{""*"": 6, ""BTAL"": 6, ""DBMF"": 2.5, ""KMLM"": 6, ""QQQ"": 1, ""SPY"": 0.7, ""TQQQ"": 1.5}",0.03000000,tests/data/2026-08-20-net15,,0.25000000,0.70000000,QQQ<SMA200,0.02988538,0.29022819,0.02989446,0.29022819,80172.52450458,40000.00000000,40172.52450458,1.00431311,0.18986698,0.22930648,0.80561374,0.25808394,1.12037477,0.66196744,-0.28682223,605,2023,0.53191000,2022,-0.23923881,282929.29576943,42.43939437,0.80764178,0.00106098,,,,,0.43793030,0.05136917
VT TQQQ/cash t25 w0-80 QQQ:VOL_EWMA80,sens,sens_2021-07-06,2021-07-06,2026-07-02,false,true,"{""*"": 6, ""BTAL"": 6, ""DBMF"": 2.5, ""KMLM"": 6, ""QQQ"": 1, ""SPY"": 0.7, ""TQQQ"": 1.5}",0.03000000,tests/data/2026-08-20-net15,,0.25000000,0.80000000,,0.00052554,0.00291108,0.00053642,0.00291463,81612.77053447,40000.00000000,41612.77053447,1.04031926,0.19169316,0.23535302,0.76202016,0.28416696,1.06362042,0.51871837,-0.36955152,752,2023,0.69593028,2022,-0.32101050,349093.94545632,52.36409182,0.99083622,0.00130910,,,,,0.48082033,0.17273760
VT TQQQ/cash t25 w0-80 QQQ:VOL_EWMA80 gate QQQ<SMA200,sens,sens_2021-07-06,2021-07-06,2026-07-02,false,true,"{""*"": 6, ""BTAL"": 6, ""DBMF"": 2.5, ""KMLM"": 6, ""QQQ"": 1, ""SPY"": 0.7, ""TQQQ"": 1.5}",0.03000000,tests/data/2026-08-20-net15,,0.25000000,0.80000000,QQQ<SMA200,0.03003846,0.29006861,0.03004879,0.29006861,82016.87298650,40000.00000000,42016.87298650,1.05042182,0.19813885,0.23703234,0.81468108,0.26647723,1.13366913,0.69066414,-0.28688163,605,2023,0.55373692,2022,-0.23943512,338021.82725004,50.70327409,0.95114177,0.00126758,,,,,0.45130797,0.05152876
VT TQQQ/cash t30 w0-50 QQQ:VOL_EWMA80,sens,sens_2021-07-06,2021-07-06,2026-07-02,false,true,"{""*"": 6, ""BTAL"": 6, ""DBMF"": 2.5, ""KMLM"": 6, ""QQQ"": 1, ""SPY"": 0.7, ""TQQQ"": 1.5}",0.03000000,tests/data/2026-08-20-net15,,0.30000000,0.50000000,,0.00050021,0.00176690,0.00050476,0.00176802,80726.73978976,40000.00000000,40726.73978976,1.01816849,0.18664930,0.23164469,0.77020875,0.27053559,1.09394429,0.46863892,-0.39827956,605,2023,0.76865491,2022,-0.36007412,113819.23495884,17.07288524,0.32247010,0.00042682,,,,,0.44450920,0.20774064
VT TQQQ/cash t30 w0-50 QQQ:VOL_EWMA80 gate QQQ<SMA200,sens,sens_2021-07-06,2021-07-06,2026-07-02,false,true,"{""*"": 6, ""BTAL"": 6, ""DBMF"": 2.5, ""KMLM"": 6, ""QQQ"": 1, ""SPY"": 0.7, ""TQQQ"": 1.5}",0.03000000,tests/data/2026-08-20-net15,,0.30000000,0.50000000,QQQ<SMA200,0.03509869,0.34591900,0.03510181,0.34591900,81458.99751128,40000.00000000,41458.99751128,1.03647494,0.19571316,0.23471203,0.85839048,0.24358929,1.21748903,0.65040880,-0.30090792,600,2023,0.59514730,2022,-0.26502301,99618.76836405,14.94281525,0.27868313,0.00037357,,,,,0.40991215,0.06399784
VT TQQQ/cash t30 w0-60 QQQ:VOL_EWMA80,sens,sens_2021-07-06,2021-07-06,2026-07-02,false,true,"{""*"": 6, ""BTAL"": 6, ""DBMF"": 2.5, ""KMLM"": 6, ""QQQ"": 1, ""SPY"": 0.7, ""TQQQ"": 1.5}",0.03000000,tests/data/2026-08-20-net15,,0.30000000,0.60000000,,0.00050333,0.00212538,0.00050964,0.00214722,83883.20110109,40000.00000000,43883.20110109,1.09708003,0.19410873,0.24469322,0.74889437,0.29657805,1.05612479,0.46169788,-0.42042369,752,2023,0.79046887,2022,-0.37857459,192289.91773617,28.84348766,0.53864984,0.00072109,,,,,0.49320117,0.20808597
VT TQQQ/cash t30 w0-60 QQQ:VOL_EWMA80 gate QQQ<SMA200,sens,sens_2021-07-06,2021-07-06,2026-07-02,false,true,"{""*"": 6, ""BTAL"": 6, ""DBMF"": 2.5, ""KMLM"": 6, ""QQQ"": 1, ""SPY"": 0.7, ""TQQQ"": 1.5}",0.03000000,tests/data/2026-08-20-net15,,0.30000000,0.60000000,QQQ<SMA200,0.03519519,0.34639687,0.03520048,0.34639687,84597.37499697,40000.00000000,44597.37499697,1.11493437,0.20308719,0.24758441,0.81817145,0.27220108,1.15099297,0.61861160,-0.32829515,601,2023,0.61452214,2022,-0.28649933,178426.39829503,26.76395974,0.49382311,0.00066910,,,,,0.45851033,0.06351997
VT TQQQ/cash t30 w0-70 QQQ:VOL_EWMA80,sens,sens_2021-07-06,2021-07-06,2026-07-02,false,true,"{""*"": 6, ""BTAL"": 6, ""DBMF"": 2.5, ""KMLM"": 6, ""QQQ"": 1, ""SPY"": 0.7, ""TQQQ"": 1.5}",0.03000000,tests/data/2026-08-20-net15,,0.30000000,0.70000000,,0.00049707,0.00223961,0.00050632,0.00225058,85129.92583910,40000.00000000,45129.92583910,1.12824815,0.19730170,0.24972615,0.73212233,0.31469895,1.02632424,0.46185190,-0.42719689,754,2023,0.79352226,2022,-0.38099735,270905.76883450,40.63586533,0.75552986,0.00101590,,,,,0.52683548,0.20730122
VT TQQQ/cash t30 w0-70 QQQ:VOL_EWMA80 gate QQQ<SMA200,sens,sens_2021-07-06,2021-07-06,2026-07-02,false,true,"{""*"": 6, ""BTAL"": 6, ""DBMF"": 2.5, ""KMLM"": 6, ""QQQ"": 1, ""SPY"": 0.7, ""TQQQ"": 1.5}",0.03000000,tests/data/2026-08-20-net15,,0.30000000,0.70000000,QQQ<SMA200,0.03531901,0.34683976,0.03532634,0.34683976,85935.72671012,40000.00000000,45935.72671012,1.14839317,0.20678537,0.25294414,0.79296813,0.29180042,1.10832434,0.61729492,-0.33498635,605,2023,0.61733232,2022,-0.28798045,258103.19735752,38.71547960,0.71052375,0.00096789,,,,,0.49201546,0.06307708
VT TQQQ/cash t30 w0-80 QQQ:VOL_EWMA80,sens,sens_2021-07-06,2021-07-06,2026-07-02,false,true,"{""*"": 6, ""BTAL"": 6, ""DBMF"": 2.5, ""KMLM"": 6, ""QQQ"": 1, ""SPY"": 0.7, ""TQQQ"": 1.5}",0.03000000,tests/data/2026-08-20-net15,,0.30000000,0.80000000,,0.00054667,0.00255657,0.00055738,0.00257503,87490.93375200,40000.00000000,47490.93375200,1.18727334,0.20465220,0.25907939,0.73468437,0.32775982,1.02659880,0.47409668,-0.43166765,754,2023,0.81596966,2022,-0.38105865,347707.38192975,52.15610729,0.95881087,0.00130390,,,,,0.55304036,0.20734418
VT TQQQ/cash t30 w0-80 QQQ:VOL_EWMA80 gate QQQ<SMA200,sens,sens_2021-07-06,2021-07-06,2026-07-02,false,true,"{""*"": 6, ""BTAL"": 6, ""DBMF"": 2.5, ""KMLM"": 6, ""QQQ"": 1, ""SPY"": 0.7, ""TQQQ"": 1.5}",0.03000000,tests/data/2026-08-20-net15,,0.30000000,0.80000000,QQQ<SMA200,0.03542080,0.34682956,0.03543125,0.34682956,88311.56363718,40000.00000000,48311.56363718,1.20778909,0.21414969,0.26227762,0.79058074,0.30576229,1.10118429,0.62959195,-0.34014046,606,2023,0.63709333,2022,-0.28803025,335463.84984438,50.31957748,0.91325244,0.00125799,,,,,0.51816649,0.06308727
VT TQQQ/cash t35 w0-50 QQQ:VOL_EWMA80,sens,sens_2021-07-06,2021-07-06,2026-07-02,false,true,"{""*"": 6, ""BTAL"": 6, ""DBMF"": 2.5, ""KMLM"": 6, ""QQQ"": 1, ""SPY"": 0.7, ""TQQQ"": 1.5}",0.03000000,tests/data/2026-08-20-net15,,0.35000000,0.50000000,,0.00054384,0.00176690,0.00054796,0.00176802,81167.74888911,40000.00000000,41167.74888911,1.02919372,0.18260883,0.23349500,0.72501143,0.29028235,1.03138263,0.41834560,-0.43650233,752,2023,0.82108853,2022,-0.39920055,92338.12222207,13.85071833,0.26481662,0.00034627,,,,,0.46463331,0.24229508
VT TQQQ/cash t35 w0-50 QQQ:VOL_EWMA80 gate QQQ<SMA200,sens,sens_2021-07-06,2021-07-06,2026-07-02,false,true,"{""*"": 6, ""BTAL"": 6, ""DBMF"": 2.5, ""KMLM"": 6, ""QQQ"": 1, ""SPY"": 0.7, ""TQQQ"": 1.5}",0.03000000,tests/data/2026-08-20-net15,,0.35000000,0.50000000,QQQ<SMA200,0.04027469,0.40154384,0.04027765,0.40154384,82237.17125734,40000.00000000,42237.17125734,1.05592928,0.19459452,0.23794471,0.82488137,0.25612473,1.17156742,0.59964742,-0.32451489,601,2023,0.61821175,2022,-0.29136596,76901.10578464,11.53516587,0.21674305,0.00028838,,,,,0.42490362,0.07669247
VT TQQQ/cash t35 w0-60 QQQ:VOL_EWMA80,sens,sens_2021-07-06,2021-07-06,2026-07-02,false,true,"{""*"": 6, ""BTAL"": 6, ""DBMF"": 2.5, ""KMLM"": 6, ""QQQ"": 1, ""SPY"": 0.7, ""TQQQ"": 1.5}",0.03000000,tests/data/2026-08-20-net15,,0.35000000,0.60000000,,0.00051471,0.00210494,0.00051986,0.00214722,88895.84716712,40000.00000000,48895.84716712,1.22239618,0.21004832,0.26453862,0.75650220,0.32120731,1.07416042,0.45858457,-0.45803616,752,2023,0.93296186,2022,-0.41786709,145045.64535392,21.75684680,0.39122672,0.00054392,,,,,0.52822594,0.24168973
VT TQQQ/cash t35 w0-60 QQQ:VOL_EWMA80 gate QQQ<SMA200,sens,sens_2021-07-06,2021-07-06,2026-07-02,false,true,"{""*"": 6, ""BTAL"": 6, ""DBMF"": 2.5, ""KMLM"": 6, ""QQQ"": 1, ""SPY"": 0.7, ""TQQQ"": 1.5}",0.03000000,tests/data/2026-08-20-net15,,0.35000000,0.60000000,QQQ<SMA200,0.04016534,0.40151495,0.04016953,0.40151495,90115.29612824,40000.00000000,50115.29612824,1.25288240,0.22247238,0.26921515,0.83902459,0.29076169,1.18942918,0.62866681,-0.35387963,601,2023,0.71722174,2022,-0.31299507,129995.46404753,19.49931961,0.34455255,0.00048748,,,,,0.48857626,0.07672136
VT TQQQ/cash t35 w0-70 QQQ:VOL_EWMA80,sens,sens_2021-07-06,2021-07-06,2026-07-02,false,true,"{""*"": 6, ""BTAL"": 6, ""DBMF"": 2.5, ""KMLM"": 6, ""QQQ"": 1, ""SPY"": 0.7, ""TQQQ"": 1.5}",0.03000000,tests/data/2026-08-20-net15,,0.35000000,0.70000000,,0.00046089,0.00226439,0.00046818,0.00227596,91673.61267989,40000.00000000,51673.61267989,1.29184032,0.21458723,0.27510989,0.73628698,0.34691106,1.03906638,0.44859643,-0.47835252,754,2023,0.94508630,2022,-0.43504207,233821.51617290,35.07322743,0.62705830,0.00087683,,,,,0.57552776,0.24179012
VT TQQQ/cash t35 w0-70 QQQ:VOL_EWMA80 gate QQQ<SMA200,sens,sens_2021-07-06,2021-07-06,2026-07-02,false,true,"{""*"": 6, ""BTAL"": 6, ""DBMF"": 2.5, ""KMLM"": 6, ""QQQ"": 1, ""SPY"": 0.7, ""TQQQ"": 1.5}",0.03000000,tests/data/2026-08-20-net15,,0.35000000,0.70000000,QQQ<SMA200,0.04046663,0.40287951,0.04047292,0.40287951,92925.21283321,40000.00000000,52925.21283321,1.32313032,0.22729157,0.27978021,0.80478650,0.31874327,1.13299555,0.60132625,-0.37798378,605,2023,0.72715089,2022,-0.33209997,220259.10306646,33.03886546,0.58043710,0.00082597,,,,,0.53552302,0.07535681
VT TQQQ/cash t35 w0-80 QQQ:VOL_EWMA80,sens,sens_2021-07-06,2021-07-06,2026-07-02,false,true,"{""*"": 6, ""BTAL"": 6, ""DBMF"": 2.5, ""KMLM"": 6, ""QQQ"": 1, ""SPY"": 0.7, ""TQQQ"": 1.5}",0.03000000,tests/data/2026-08-20-net15,,0.35000000,0.80000000,,0.00052075,0.00224088,0.00053080,0.00225957,92867.18471945,40000.00000000,52867.18471945,1.32167962,0.21717838,0.27956491,0.72296079,0.36562617,1.01522609,0.44824062,-0.48451294,754,2023,0.94691851,2022,-0.43736405,322155.57904491,48.32333686,0.86077534,0.00120808,,,,,0.60971918,0.24270322
VT TQQQ/cash t35 w0-80 QQQ:VOL_EWMA80 gate QQQ<SMA200,sens,sens_2021-07-06,2021-07-06,2026-07-02,false,true,"{""*"": 6, ""BTAL"": 6, ""DBMF"": 2.5, ""KMLM"": 6, ""QQQ"": 1, ""SPY"": 0.7, ""TQQQ"": 1.5}",0.03000000,tests/data/2026-08-20-net15,,0.35000000,0.80000000,QQQ<SMA200,0.04048176,0.40262044,0.04049111,0.40262044,94095.82539423,40000.00000000,54095.82539423,1.35239563,0.22968413,0.28409800,0.78236080,0.33903996,1.09539637,0.59514058,-0.38593256,606,2023,0.72854744,2022,-0.33551198,309578.32665719,46.43674900,0.81338405,0.00116092,,,,,0.56975887,0.07561588
VT TQQQ/cash t40 w0-50 QQQ:VOL_EWMA80,sens,sens_2021-07-06,2021-07-06,2026-07-02,false,true,"{""*"": 6, ""BTAL"": 6, ""DBMF"": 2.5, ""KMLM"": 6, ""QQQ"": 1, ""SPY"": 0.7, ""TQQQ"": 1.5}",0.03000000,tests/data/2026-08-20-net15,,0.40000000,0.50000000,,0.00055143,0.00176690,0.00055507,0.00176802,81274.81333080,40000.00000000,41274.81333080,1.03187033,0.17718680,0.23394284,0.69017340,0.30426532,0.98177753,0.38061712,-0.46552504,759,2023,0.83098969,2022,-0.42842378,74424.57883753,11.16368683,0.21747199,0.00027909,,,,,0.47853167,0.27637511
VT TQQQ/cash t40 w0-50 QQQ:VOL_EWMA80 gate QQQ<SMA200,sens,sens_2021-07-06,2021-07-06,2026-07-02,false,true,"{""*"": 6, ""BTAL"": 6, ""DBMF"": 2.5, ""KMLM"": 6, ""QQQ"": 1, ""SPY"": 0.7, ""TQQQ"": 1.5}",0.03000000,tests/data/2026-08-20-net15,,0.40000000,0.50000000,QQQ<SMA200,0.04411575,0.40982000,0.04411830,0.40982000,82356.04888945,40000.00000000,42356.04888945,1.05890122,0.19026032,0.23843613,0.79308705,0.26455113,1.12544400,0.54739595,-0.34757349,731,2023,0.62356659,2022,-0.31777545,61934.32659668,9.29014899,0.17734706,0.00023225,,,,,0.43496844,0.09018000
VT TQQQ/cash t40 w0-60 QQQ:VOL_EWMA80,sens,sens_2021-07-06,2021-07-06,2026-07-02,false,true,"{""*"": 6, ""BTAL"": 6, ""DBMF"": 2.5, ""KMLM"": 6, ""QQQ"": 1, ""SPY"": 0.7, ""TQQQ"": 1.5}",0.03000000,tests/data/2026-08-20-net15,,0.40000000,0.60000000,,0.00048200,0.00210494,0.00048683,0.00214722,90063.14372016,40000.00000000,50063.14372016,1.25157859,0.20829045,0.26901631,0.72632044,0.34197105,1.03399585,0.42205478,-0.49351521,753,2023,1.00574258,2022,-0.45487264,117885.00024836,17.68275004,0.31944319,0.00044207,,,,,0.55082103,0.27715753
VT TQQQ/cash t40 w0-60 QQQ:VOL_EWMA80 gate QQQ<SMA200,sens,sens_2021-07-06,2021-07-06,2026-07-02,false,true,"{""*"": 6, ""BTAL"": 6, ""DBMF"": 2.5, ""KMLM"": 6, ""QQQ"": 1, ""SPY"": 0.7, ""TQQQ"": 1.5}",0.03000000,tests/data/2026-08-20-net15,,0.40000000,0.60000000,QQQ<SMA200,0.04516393,0.45633504,0.04516750,0.45633504,91659.35534462,40000.00000000,51659.35534462,1.29148388,0.22391008,0.27505637,0.81818585,0.30461946,1.16289720,0.59520610,-0.37618916,601,2023,0.75623149,2022,-0.33851343,102188.16283571,15.32822443,0.27081095,0.00038321,,,,,0.50614036,0.09022075
VT TQQQ/cash t40 w0-70 QQQ:VOL_EWMA80,sens,sens_2021-07-06,2021-07-06,2026-07-02,false,false,"{""*"": 6, ""BTAL"": 6, ""DBMF"": 2.5, ""KMLM"": 6, ""QQQ"": 1, ""SPY"": 0.7, ""TQQQ"": 1.5}",0.03000000,tests/data/2026-08-20-net15,,0.40000000,0.70000000,,0.00040458,0.00223243,0.00041092,0.00223345,97101.05907719,40000.00000000,57101.05907719,1.42752648,0.23051245,0.29496831,0.74583420,0.37207061,1.05913446,0.44948277,-0.51283933,753,2023,1.10069486,2022,-0.47154225,179478.07129246,26.92171069,0.46288665,0.00067304,,,,,0.61159272,0.27721251
VT TQQQ/cash t40 w0-70 QQQ:VOL_EWMA80 gate QQQ<SMA200,sens,sens_2021-07-06,2021-07-06,2026-07-02,false,true,"{""*"": 6, ""BTAL"": 6, ""DBMF"": 2.5, ""KMLM"": 6, ""QQQ"": 1, ""SPY"": 0.7, ""TQQQ"": 1.5}",0.03000000,tests/data/2026-08-20-net15,,0.40000000,0.70000000,QQQ<SMA200,0.04513047,0.45669729,0.04513524,0.45669729,98855.87138323,40000.00000000,58855.87138323,1.47139678,0.24648572,0.30117860,0.82358394,0.33803946,1.16742226,0.61091402,-0.40347040,605,2023,0.83901687,2022,-0.35863806,164108.76048648,24.61631407,0.41399904,0.00061541,,,,,0.56686840,0.08985850
VT TQQQ/cash t40 w0-80 QQQ:VOL_EWMA80,sens,sens_2021-07-06,2021-07-06,2026-07-02,false,false,"{""*"": 6, ""BTAL"": 6, ""DBMF"": 2.5, ""KMLM"": 6, ""QQQ"": 1, ""SPY"": 0.7, ""TQQQ"": 1.5}",0.03000000,tests/data/2026-08-20-net15,,0.40000000,0.80000000,,0.00049943,0.00197994,0.00050778,0.00198103,99603.49571917,40000.00000000,59603.49571917,1.49008739,0.23273210,0.30379485,0.72747589,0.39762407,1.02762928,0.43773025,-0.53167928,759,2023,1.10792657,2022,-0.48787576,278266.08545797,41.73991282,0.71629630,0.00104350,,,,,0.65777330,0.27716424
VT TQQQ/cash t40 w0-80 QQQ:VOL_EWMA80 gate QQQ<SMA200,sens,sens_2021-07-06,2021-07-06,2026-07-02,false,true,"{""*"": 6, ""BTAL"": 6, ""DBMF"": 2.5, ""KMLM"": 6, ""QQQ"": 1, ""SPY"": 0.7, ""TQQQ"": 1.5}",0.03000000,tests/data/2026-08-20-net15,,0.40000000,0.80000000,QQQ<SMA200,0.04540150,0.45767700,0.04540849,0.45767700,101374.82064221,40000.00000000,61374.82064221,1.53437052,0.24885741,0.30992485,0.79317259,0.36592801,1.11767987,0.58325459,-0.42667030,606,2023,0.84500450,2022,-0.37801285,265417.87862089,39.81268179,0.66849568,0.00099532,,,,,0.61287258,0.08887879
50/50,sens,sens_2021-07-06,2021-07-06,2026-07-02,true,true,"{""*"": 6, ""BTAL"": 6, ""DBMF"": 2.5, ""KMLM"": 6, ""QQQ"": 1, ""SPY"": 0.7, ""TQQQ"": 1.5}",0.03000000,tests/data/2026-08-20-net15,,,,,0.00084385,0.00305096,0.00061076,0.00258994,68813.86695714,40000.00000000,28813.86695714,0.72034667,0.13761778,0.17785491,0.61738576,0.26764714,0.87528902,0.30759454,-0.44739994,752,2023,0.69918811,2022,-0.42503440,169421.97208050,63.88976978,0.51516440,0.00159724,0.49964152,0.49864887,,,0.49949603,0.49741006
TQQQ50/BTAL50 gate QQQ<SMA200,sens,sens_2021-07-06,2021-07-06,2026-07-02,true,true,"{""*"": 6, ""BTAL"": 6, ""DBMF"": 2.5, ""KMLM"": 6, ""QQQ"": 1, ""SPY"": 0.7, ""TQQQ"": 1.5}",0.03000000,tests/data/2026-08-20-net15,,,,,0.06110343,0.40801920,0.06092457,0.40802797,68504.63950625,40000.00000000,28504.63950625,0.71261599,0.15322334,0.17634924,0.78069734,0.21207916,1.11325804,0.50556689,-0.30307234,680,2023,0.46130201,2022,-0.24757740,147872.41747622,57.79015767,0.43151871,0.00144475,0.56007769,0.49864887,,,0.43913950,0.09197203
SPY benchmark,sens,sens_2021-07-06,2021-07-06,2026-07-02,true,true,"{""*"": 6, ""BTAL"": 6, ""DBMF"": 2.5, ""KMLM"": 6, ""QQQ"": 1, ""SPY"": 0.7, ""TQQQ"": 1.5}",0.03000000,tests/data/2026-08-20-net15,,,,,0.00910463,0.03059232,0.00910591,0.03059363,64552.97874649,40000.00000000,24552.97874649,0.61382447,0.12809162,0.15654165,0.79552364,0.17018478,1.15423208,0.52709183,-0.24301576,709,2023,0.25758100,2022,-0.18012880,39530.83900651,2.76715873,0.12694097,0.00006918,,,0.99089409,0.96940637,,
