label,kind,window,start,end,is_baseline,feasible,cost_bps,cash_yield,data_dir,params.score,avg_misallocation,max_misallocation,avg_asset_deviation,max_asset_deviation,final_value,total_contributed,net_profit,net_profit_pct,cagr,xirr,sharpe,volatility,sortino,calmar,max_drawdown,max_drawdown_days,best_year,best_year_return,worst_year,worst_year_return,traded_value,total_fees,turnover,fee_drag,exposure.AGG.avg,exposure.AGG.min,exposure.EEM.avg,exposure.EEM.min,exposure.EFA.avg,exposure.EFA.min,exposure.IEF.avg,exposure.IEF.min,exposure.LQD.avg,exposure.LQD.min,exposure.SHY.avg,exposure.SHY.min,exposure.SPY.avg,exposure.SPY.min
ROT SPY+EFA+EEM+AGG top1 13612W can SPY+EFA+EEM+AGG/1 fb best(LQD+IEF+SHY),full,full,2004-10-01,2026-08-24,false,true,"{""*"": 6, ""ACWX"": 3, ""AGG"": 1, ""BIL"": 1, ""BND"": 1.5, ""BTAL"": 6, ""DBC"": 3, ""DBMF"": 3, ""EEM"": 1, ""EFA"": 1, ""IEF"": 1, ""IWM"": 1, ""KMLM"": 6, ""LQD"": 1.5, ""QQQ"": 1, ""SCZ"": 5, ""SHY"": 1, ""SPY"": 0.7, ""TIP"": 2, ""TLT"": 1, ""TQQQ"": 1.5, ""VEA"": 1.5, ""VEU"": 2, ""VNQ"": 1.5, ""VTI"": 1, ""VWO"": 2}",0.03000000,tests/data/2026-08-24-net15,13612W,0.00038552,0.00259189,0.00044905,0.00269008,379490.91638437,141000.00000000,238490.91638437,1.69142494,0.10096183,0.07703881,0.78198526,0.13490387,1.12558567,0.46672376,-0.21632032,904,2006,0.33978478,2022,-0.12110998,60380220.03595354,6292.61086461,7.73079427,0.04462845,0.00000000,0.00000000,0.24327096,0.00000000,0.07601484,0.00000000,0.17481748,0.00000000,0.13302193,0.00000000,0.25464641,0.00000000,0.11777932,0.00000000
ROT SPY+EFA+EEM+AGG top1 1-3-6-12U can SPY+EFA+EEM+AGG/1 fb best(LQD+IEF+SHY),full,full,2004-10-01,2026-08-24,false,true,"{""*"": 6, ""ACWX"": 3, ""AGG"": 1, ""BIL"": 1, ""BND"": 1.5, ""BTAL"": 6, ""DBC"": 3, ""DBMF"": 3, ""EEM"": 1, ""EFA"": 1, ""IEF"": 1, ""IWM"": 1, ""KMLM"": 6, ""LQD"": 1.5, ""QQQ"": 1, ""SCZ"": 5, ""SHY"": 1, ""SPY"": 0.7, ""TIP"": 2, ""TLT"": 1, ""TQQQ"": 1.5, ""VEA"": 1.5, ""VEU"": 2, ""VNQ"": 1.5, ""VTI"": 1, ""VWO"": 2}",0.03000000,tests/data/2026-08-24-net15,1-3-6-12U,0.00041363,0.00201205,0.00045167,0.00201287,454597.49910433,141000.00000000,313597.49910433,2.22409574,0.10315192,0.09000341,0.74490845,0.14650340,1.05253234,0.46549642,-0.22159551,1065,2006,0.34777962,2015,-0.06358408,30281893.85592704,3161.14177239,4.40042583,0.02241945,0.00000000,0.00000000,0.28509882,0.00000000,0.05320354,0.00000000,0.17862692,0.00000000,0.11021106,0.00000000,0.21664253,0.00000000,0.15576547,0.00000000
SPY25/EFA25/EEM25/AGG25,full,full,2004-10-01,2026-08-24,true,true,"{""*"": 6, ""ACWX"": 3, ""AGG"": 1, ""BIL"": 1, ""BND"": 1.5, ""BTAL"": 6, ""DBC"": 3, ""DBMF"": 3, ""EEM"": 1, ""EFA"": 1, ""IEF"": 1, ""IWM"": 1, ""KMLM"": 6, ""LQD"": 1.5, ""QQQ"": 1, ""SCZ"": 5, ""SHY"": 1, ""SPY"": 0.7, ""TIP"": 2, ""TLT"": 1, ""TQQQ"": 1.5, ""VEA"": 1.5, ""VEU"": 2, ""VNQ"": 1.5, ""VTI"": 1, ""VWO"": 2}",0.03000000,tests/data/2026-08-24-net15,,0.00230875,0.01320738,0.00131907,0.00751555,358099.52546963,141000.00000000,217099.52546963,1.53971295,0.07185096,0.07282291,0.51948300,0.15779206,0.73716847,0.15082999,-0.47637049,1875,2009,0.29715162,2008,-0.32090207,614280.10823950,57.38045943,0.11194674,0.00040695,0.24946605,0.24584860,0.24977655,0.24887437,0.24967300,0.24777471,,,,,,,0.24877449,0.24248445
SPY60/AGG40,full,full,2004-10-01,2026-08-24,true,true,"{""*"": 6, ""ACWX"": 3, ""AGG"": 1, ""BIL"": 1, ""BND"": 1.5, ""BTAL"": 6, ""DBC"": 3, ""DBMF"": 3, ""EEM"": 1, ""EFA"": 1, ""IEF"": 1, ""IWM"": 1, ""KMLM"": 6, ""LQD"": 1.5, ""QQQ"": 1, ""SCZ"": 5, ""SHY"": 1, ""SPY"": 0.7, ""TIP"": 2, ""TLT"": 1, ""TQQQ"": 1.5, ""VEA"": 1.5, ""VEU"": 2, ""VNQ"": 1.5, ""VTI"": 1, ""VWO"": 2}",0.03000000,tests/data/2026-08-24-net15,,0.00153442,0.00723202,0.00110809,0.00461613,424262.78485117,141000.00000000,283262.78485117,2.00895592,0.07681621,0.08507189,0.71225581,0.11309735,1.00866061,0.21280248,-0.36097422,1184,2019,0.21509590,2008,-0.21447040,602117.99542119,51.48204062,0.09449174,0.00036512,0.39940991,0.39538387,,,,,,,,,,,0.59905475,0.59565460
SPY benchmark,full,full,2004-10-01,2026-08-24,true,true,"{""*"": 6, ""ACWX"": 3, ""AGG"": 1, ""BIL"": 1, ""BND"": 1.5, ""BTAL"": 6, ""DBC"": 3, ""DBMF"": 3, ""EEM"": 1, ""EFA"": 1, ""IEF"": 1, ""IWM"": 1, ""KMLM"": 6, ""LQD"": 1.5, ""QQQ"": 1, ""SCZ"": 5, ""SHY"": 1, ""SPY"": 0.7, ""TIP"": 2, ""TLT"": 1, ""TQQQ"": 1.5, ""VEA"": 1.5, ""VEU"": 2, ""VNQ"": 1.5, ""VTI"": 1, ""VWO"": 2}",0.03000000,tests/data/2026-08-24-net15,,0.00095630,0.00712292,0.00095670,0.00712454,740133.80489526,141000.00000000,599133.80489526,4.24917592,0.10793480,0.12406259,0.63988465,0.18821523,0.90385245,0.19503618,-0.55340911,1794,2013,0.31894086,2008,-0.36988838,140738.11974310,9.85166838,0.01627266,0.00006987,,,,,,,,,,,,,0.99904330,0.99287546
ROT SPY+EFA+EEM+AGG top1 13612W can SPY+EFA+EEM+AGG/1 fb best(LQD+IEF+SHY),fit,fit,2004-10-01,2022-12-30,false,true,"{""*"": 6, ""ACWX"": 3, ""AGG"": 1, ""BIL"": 1, ""BND"": 1.5, ""BTAL"": 6, ""DBC"": 3, ""DBMF"": 3, ""EEM"": 1, ""EFA"": 1, ""IEF"": 1, ""IWM"": 1, ""KMLM"": 6, ""LQD"": 1.5, ""QQQ"": 1, ""SCZ"": 5, ""SHY"": 1, ""SPY"": 0.7, ""TIP"": 2, ""TLT"": 1, ""TQQQ"": 1.5, ""VEA"": 1.5, ""VEU"": 2, ""VNQ"": 1.5, ""VTI"": 1, ""VWO"": 2}",0.03000000,tests/data/2026-08-24-net15,13612W,0.00040667,0.00259189,0.00046919,0.00269008,283638.53444008,119000.00000000,164638.53444008,1.38351710,0.10878655,0.08137437,0.84309120,0.13312122,1.22627880,0.50289568,-0.21632032,904,2006,0.33978478,2022,-0.12093406,41770746.54942877,4423.03609083,7.63452013,0.03716837,0.00000000,0.00000000,0.23736049,0.00000000,0.07759279,0.00000000,0.20081101,0.00000000,0.14149093,0.00000000,0.23733543,0.00000000,0.10494015,0.00000000
ROT SPY+EFA+EEM+AGG top1 1-3-6-12U can SPY+EFA+EEM+AGG/1 fb best(LQD+IEF+SHY),fit,fit,2004-10-01,2022-12-30,false,true,"{""*"": 6, ""ACWX"": 3, ""AGG"": 1, ""BIL"": 1, ""BND"": 1.5, ""BTAL"": 6, ""DBC"": 3, ""DBMF"": 3, ""EEM"": 1, ""EFA"": 1, ""IEF"": 1, ""IWM"": 1, ""KMLM"": 6, ""LQD"": 1.5, ""QQQ"": 1, ""SCZ"": 5, ""SHY"": 1, ""SPY"": 0.7, ""TIP"": 2, ""TLT"": 1, ""TQQQ"": 1.5, ""VEA"": 1.5, ""VEU"": 2, ""VNQ"": 1.5, ""VTI"": 1, ""VWO"": 2}",0.03000000,tests/data/2026-08-24-net15,1-3-6-12U,0.00041790,0.00201205,0.00045567,0.00201287,273710.11101564,119000.00000000,154710.11101564,1.30008497,0.09834435,0.07822376,0.72101565,0.14479955,1.01796317,0.44380120,-0.22159551,1065,2006,0.34777962,2015,-0.06358408,20108856.75254217,2132.58879718,4.47341323,0.01792091,0.00000000,0.00000000,0.28302272,0.00000000,0.04563202,0.00000000,0.21451543,0.00000000,0.11866234,0.00000000,0.20995233,0.00000000,0.12775949,0.00000000
SPY25/EFA25/EEM25/AGG25,fit,fit,2004-10-01,2022-12-30,true,true,"{""*"": 6, ""ACWX"": 3, ""AGG"": 1, ""BIL"": 1, ""BND"": 1.5, ""BTAL"": 6, ""DBC"": 3, ""DBMF"": 3, ""EEM"": 1, ""EFA"": 1, ""IEF"": 1, ""IWM"": 1, ""KMLM"": 6, ""LQD"": 1.5, ""QQQ"": 1, ""SCZ"": 5, ""SHY"": 1, ""SPY"": 0.7, ""TIP"": 2, ""TLT"": 1, ""TQQQ"": 1.5, ""VEA"": 1.5, ""VEU"": 2, ""VNQ"": 1.5, ""VTI"": 1, ""VWO"": 2}",0.03000000,tests/data/2026-08-24-net15,,0.00245926,0.01320738,0.00135832,0.00751555,194530.91024180,119000.00000000,75530.91024180,0.63471353,0.05607140,0.04735729,0.41360303,0.16486814,0.58399837,0.11770544,-0.47637049,1875,2009,0.29715162,2008,-0.32090207,429359.83103726,40.20436081,0.12038469,0.00033785,0.24939948,0.24584860,0.24974833,0.24887437,0.24963769,0.24777471,,,,,,,0.24875399,0.24248445
SPY60/AGG40,fit,fit,2004-10-01,2022-12-30,true,true,"{""*"": 6, ""ACWX"": 3, ""AGG"": 1, ""BIL"": 1, ""BND"": 1.5, ""BTAL"": 6, ""DBC"": 3, ""DBMF"": 3, ""EEM"": 1, ""EFA"": 1, ""IEF"": 1, ""IWM"": 1, ""KMLM"": 6, ""LQD"": 1.5, ""QQQ"": 1, ""SCZ"": 5, ""SHY"": 1, ""SPY"": 0.7, ""TIP"": 2, ""TLT"": 1, ""TQQQ"": 1.5, ""VEA"": 1.5, ""VEU"": 2, ""VNQ"": 1.5, ""VTI"": 1, ""VWO"": 2}",0.03000000,tests/data/2026-08-24-net15,,0.00164646,0.00723202,0.00116306,0.00461613,242788.53635650,119000.00000000,123788.53635650,1.04023980,0.06393057,0.06753413,0.59193926,0.11619363,0.83138843,0.17710565,-0.36097422,1184,2019,0.21509590,2008,-0.21447040,421067.38918690,35.98509564,0.10629252,0.00030240,0.39932056,0.39538387,,,,,,,,,,,0.59903197,0.59565460
SPY benchmark,fit,fit,2004-10-01,2022-12-30,true,true,"{""*"": 6, ""ACWX"": 3, ""AGG"": 1, ""BIL"": 1, ""BND"": 1.5, ""BTAL"": 6, ""DBC"": 3, ""DBMF"": 3, ""EEM"": 1, ""EFA"": 1, ""IEF"": 1, ""IWM"": 1, ""KMLM"": 6, ""LQD"": 1.5, ""QQQ"": 1, ""SCZ"": 5, ""SHY"": 1, ""SPY"": 0.7, ""TIP"": 2, ""TLT"": 1, ""TQQQ"": 1.5, ""VEA"": 1.5, ""VEU"": 2, ""VNQ"": 1.5, ""VTI"": 1, ""VWO"": 2}",0.03000000,tests/data/2026-08-24-net15,,0.00103654,0.00712292,0.00103702,0.00712454,341689.55069091,119000.00000000,222689.55069091,1.87134076,0.08659376,0.09766321,0.52417975,0.19484711,0.73530613,0.15647333,-0.55340911,1794,2013,0.31894086,2008,-0.36988838,118987.00526771,8.32909037,0.02473422,0.00006999,,,,,,,,,,,,,0.99896298,0.99287546
ROT SPY+EFA+EEM+AGG top1 13612W can SPY+EFA+EEM+AGG/1 fb best(LQD+IEF+SHY),test,test,2023-01-03,2026-08-24,false,true,"{""*"": 6, ""ACWX"": 3, ""AGG"": 1, ""BIL"": 1, ""BND"": 1.5, ""BTAL"": 6, ""DBC"": 3, ""DBMF"": 3, ""EEM"": 1, ""EFA"": 1, ""IEF"": 1, ""IWM"": 1, ""KMLM"": 6, ""LQD"": 1.5, ""QQQ"": 1, ""SCZ"": 5, ""SHY"": 1, ""SPY"": 0.7, ""TIP"": 2, ""TLT"": 1, ""TQQQ"": 1.5, ""VEA"": 1.5, ""VEU"": 2, ""VNQ"": 1.5, ""VTI"": 1, ""VWO"": 2}",0.03000000,tests/data/2026-08-24-net15,13612W,0.00352022,0.02357097,0.00358687,0.02365362,37256.90471806,31500.00000000,5756.90471806,0.18275888,0.06263513,0.07103985,0.49808358,0.14333881,0.68716021,0.44010551,-0.14231843,,2025,0.13367119,2024,-0.00542212,1204761.99214746,119.56545957,7.31888242,0.00379573,0.00000000,0.00000000,0.27248267,0.00000000,0.06798246,0.00000000,0.04540223,0.00000000,0.09061155,0.00000000,0.34008380,0.00000000,0.17985042,0.00000000
ROT SPY+EFA+EEM+AGG top1 1-3-6-12U can SPY+EFA+EEM+AGG/1 fb best(LQD+IEF+SHY),test,test,2023-01-03,2026-08-24,false,true,"{""*"": 6, ""ACWX"": 3, ""AGG"": 1, ""BIL"": 1, ""BND"": 1.5, ""BTAL"": 6, ""DBC"": 3, ""DBMF"": 3, ""EEM"": 1, ""EFA"": 1, ""IEF"": 1, ""IWM"": 1, ""KMLM"": 6, ""LQD"": 1.5, ""QQQ"": 1, ""SCZ"": 5, ""SHY"": 1, ""SPY"": 0.7, ""TIP"": 2, ""TLT"": 1, ""TQQQ"": 1.5, ""VEA"": 1.5, ""VEU"": 2, ""VNQ"": 1.5, ""VTI"": 1, ""VWO"": 2}",0.03000000,tests/data/2026-08-24-net15,1-3-6-12U,0.00444595,0.02421885,0.00448615,0.02421885,45133.65864051,31500.00000000,13633.65864051,0.43281456,0.12720774,0.15484932,0.85663829,0.15453423,1.21537799,0.89415234,-0.14226630,,2026,0.17929569,2023,0.02046191,670758.62081462,66.19456517,3.80099500,0.00210141,0.00000000,0.00000000,0.29522540,0.00000000,0.09077501,0.00000000,0.00000000,0.00000000,0.06776122,0.00000000,0.24939156,0.00000000,0.29236065,0.00000000
SPY25/EFA25/EEM25/AGG25,test,test,2023-01-03,2026-08-24,true,true,"{""*"": 6, ""ACWX"": 3, ""AGG"": 1, ""BIL"": 1, ""BND"": 1.5, ""BTAL"": 6, ""DBC"": 3, ""DBMF"": 3, ""EEM"": 1, ""EFA"": 1, ""IEF"": 1, ""IWM"": 1, ""KMLM"": 6, ""LQD"": 1.5, ""QQQ"": 1, ""SCZ"": 5, ""SHY"": 1, ""SPY"": 0.7, ""TIP"": 2, ""TLT"": 1, ""TQQQ"": 1.5, ""VEA"": 1.5, ""VEU"": 2, ""VNQ"": 1.5, ""VTI"": 1, ""VWO"": 2}",0.03000000,tests/data/2026-08-24-net15,,0.01674246,0.04231539,0.01251120,0.03004420,45355.24628634,31500.00000000,13855.24628634,0.43984909,0.15094968,0.15702890,1.29662385,0.11404478,1.94069575,1.40154085,-0.10770266,81,2025,0.21465590,2024,0.08313733,36102.42641552,3.38392105,0.19430150,0.00010743,0.24809907,0.24430593,0.24906795,0.24656591,0.24843963,0.24570771,,,,,,,0.23764866,0.21995580
SPY60/AGG40,test,test,2023-01-03,2026-08-24,true,true,"{""*"": 6, ""ACWX"": 3, ""AGG"": 1, ""BIL"": 1, ""BND"": 1.5, ""BTAL"": 6, ""DBC"": 3, ""DBMF"": 3, ""EEM"": 1, ""EFA"": 1, ""IEF"": 1, ""IWM"": 1, ""KMLM"": 6, ""LQD"": 1.5, ""QQQ"": 1, ""SCZ"": 5, ""SHY"": 1, ""SPY"": 0.7, ""TIP"": 2, ""TLT"": 1, ""TQQQ"": 1.5, ""VEA"": 1.5, ""VEU"": 2, ""VNQ"": 1.5, ""VTI"": 1, ""VWO"": 2}",0.03000000,tests/data/2026-08-24-net15,,0.01557129,0.03546620,0.01361286,0.03154341,43324.97228881,31500.00000000,11824.97228881,0.37539595,0.14154653,0.13672668,1.45904250,0.09428314,2.20536102,1.27300344,-0.11119100,113,2023,0.16923494,2026,0.07215220,34411.09175870,2.90627890,0.18442972,0.00009226,0.39803253,0.39259771,,,,,,,,,,,0.58639424,0.56845659
SPY benchmark,test,test,2023-01-03,2026-08-24,true,true,"{""*"": 6, ""ACWX"": 3, ""AGG"": 1, ""BIL"": 1, ""BND"": 1.5, ""BTAL"": 6, ""DBC"": 3, ""DBMF"": 3, ""EEM"": 1, ""EFA"": 1, ""IEF"": 1, ""IWM"": 1, ""KMLM"": 6, ""LQD"": 1.5, ""QQQ"": 1, ""SCZ"": 5, ""SHY"": 1, ""SPY"": 0.7, ""TIP"": 2, ""TLT"": 1, ""TQQQ"": 1.5, ""VEA"": 1.5, ""VEU"": 2, ""VNQ"": 1.5, ""VTI"": 1, ""VWO"": 2}",0.03000000,tests/data/2026-08-24-net15,,0.01118127,0.02889993,0.01118276,0.02890110,51462.51865568,31500.00000000,19962.51865568,0.63373075,0.22151929,0.21396638,1.42521974,0.14894780,2.14327329,1.18927495,-0.18626415,127,2023,0.26134206,2026,0.12377263,31218.24766906,2.18527734,0.14948196,0.00006937,,,,,,,,,,,,,0.98881724,0.97109890
ROT SPY+EFA+EEM+AGG top1 13612W can SPY+EFA+EEM+AGG/1 fb best(LQD+IEF+SHY),sens,sens_2004-10-01,2004-10-01,2009-10-01,false,true,"{""*"": 6, ""ACWX"": 3, ""AGG"": 1, ""BIL"": 1, ""BND"": 1.5, ""BTAL"": 6, ""DBC"": 3, ""DBMF"": 3, ""EEM"": 1, ""EFA"": 1, ""IEF"": 1, ""IWM"": 1, ""KMLM"": 6, ""LQD"": 1.5, ""QQQ"": 1, ""SCZ"": 5, ""SHY"": 1, ""SPY"": 0.7, ""TIP"": 2, ""TLT"": 1, ""TQQQ"": 1.5, ""VEA"": 1.5, ""VEU"": 2, ""VNQ"": 1.5, ""VTI"": 1, ""VWO"": 2}",0.03000000,tests/data/2026-08-24-net15,13612W,0.00063867,0.00259189,0.00068741,0.00269008,83736.91997717,40000.00000000,43736.91997717,1.09342300,0.25716287,0.24383036,1.38800690,0.17623896,2.09605926,1.67571026,-0.15346500,198,2006,0.33978478,2004,0.15994971,2417360.97279884,251.92645714,5.86573884,0.00629816,0.00000000,0.00000000,0.40964718,0.00000000,0.06552750,0.00000000,0.22933195,0.00000000,0.06552969,0.00000000,0.21289740,0.00000000,0.01637887,0.00000000
ROT SPY+EFA+EEM+AGG top1 1-3-6-12U can SPY+EFA+EEM+AGG/1 fb best(LQD+IEF+SHY),sens,sens_2004-10-01,2004-10-01,2009-10-01,false,true,"{""*"": 6, ""ACWX"": 3, ""AGG"": 1, ""BIL"": 1, ""BND"": 1.5, ""BTAL"": 6, ""DBC"": 3, ""DBMF"": 3, ""EEM"": 1, ""EFA"": 1, ""IEF"": 1, ""IWM"": 1, ""KMLM"": 6, ""LQD"": 1.5, ""QQQ"": 1, ""SCZ"": 5, ""SHY"": 1, ""SPY"": 0.7, ""TIP"": 2, ""TLT"": 1, ""TQQQ"": 1.5, ""VEA"": 1.5, ""VEU"": 2, ""VNQ"": 1.5, ""VTI"": 1, ""VWO"": 2}",0.03000000,tests/data/2026-08-24-net15,1-3-6-12U,0.00052524,0.00201205,0.00055833,0.00201287,70063.63668808,40000.00000000,30063.63668808,0.75159092,0.21188716,0.18368991,1.08679136,0.19443925,1.56303603,1.19563648,-0.17721704,60,2006,0.34777962,2009,0.01130650,1614866.99265582,167.81897730,4.03565746,0.00419547,0.00000000,0.00000000,0.50800364,0.00000000,0.08189761,0.00000000,0.24578474,0.00000000,0.01637702,0.00000000,0.14737866,0.00000000,0.00000000,0.00000000
SPY25/EFA25/EEM25/AGG25,sens,sens_2004-10-01,2004-10-01,2009-10-01,true,true,"{""*"": 6, ""ACWX"": 3, ""AGG"": 1, ""BIL"": 1, ""BND"": 1.5, ""BTAL"": 6, ""DBC"": 3, ""DBMF"": 3, ""EEM"": 1, ""EFA"": 1, ""IEF"": 1, ""IWM"": 1, ""KMLM"": 6, ""LQD"": 1.5, ""QQQ"": 1, ""SCZ"": 5, ""SHY"": 1, ""SPY"": 0.7, ""TIP"": 2, ""TLT"": 1, ""TQQQ"": 1.5, ""VEA"": 1.5, ""VEU"": 2, ""VNQ"": 1.5, ""VTI"": 1, ""VWO"": 2}",0.03000000,tests/data/2026-08-24-net15,,0.00450416,0.01320738,0.00237778,0.00751555,45674.29201153,40000.00000000,5674.29201153,0.14185730,0.06583670,0.04292104,0.40037989,0.21884256,0.58116606,0.13820483,-0.47637049,,2009,0.22730990,2008,-0.32090207,62966.35794103,5.90797688,0.21661295,0.00014770,0.24885315,0.24584860,0.24952373,0.24887437,0.24925922,0.24777471,,,,,,,0.24785757,0.24248445
SPY60/AGG40,sens,sens_2004-10-01,2004-10-01,2009-10-01,true,true,"{""*"": 6, ""ACWX"": 3, ""AGG"": 1, ""BIL"": 1, ""BND"": 1.5, ""BTAL"": 6, ""DBC"": 3, ""DBMF"": 3, ""EEM"": 1, ""EFA"": 1, ""IEF"": 1, ""IWM"": 1, ""KMLM"": 6, ""LQD"": 1.5, ""QQQ"": 1, ""SCZ"": 5, ""SHY"": 1, ""SPY"": 0.7, ""TIP"": 2, ""TLT"": 1, ""TQQQ"": 1.5, ""VEA"": 1.5, ""VEU"": 2, ""VNQ"": 1.5, ""VTI"": 1, ""VWO"": 2}",0.03000000,tests/data/2026-08-24-net15,,0.00302436,0.00723202,0.00207350,0.00461613,40829.58019218,40000.00000000,829.58019218,0.02073950,0.01904368,0.00662673,0.20407187,0.14099126,0.29164831,0.05275634,-0.36097422,,2009,0.11062660,2008,-0.21447040,50549.30688724,4.22039018,0.19434627,0.00010551,0.39859361,0.39538387,,,,,,,,,,,0.59838025,0.59565460
SPY benchmark,sens,sens_2004-10-01,2004-10-01,2009-10-01,true,true,"{""*"": 6, ""ACWX"": 3, ""AGG"": 1, ""BIL"": 1, ""BND"": 1.5, ""BTAL"": 6, ""DBC"": 3, ""DBMF"": 3, ""EEM"": 1, ""EFA"": 1, ""IEF"": 1, ""IWM"": 1, ""KMLM"": 6, ""LQD"": 1.5, ""QQQ"": 1, ""SCZ"": 5, ""SHY"": 1, ""SPY"": 0.7, ""TIP"": 2, ""TLT"": 1, ""TQQQ"": 1.5, ""VEA"": 1.5, ""VEU"": 2, ""VNQ"": 1.5, ""VTI"": 1, ""VWO"": 2}",0.03000000,tests/data/2026-08-24-net15,,0.00200557,0.00712292,0.00200689,0.00712454,36765.78146690,40000.00000000,-3234.21853310,-0.08085546,-0.00222765,-0.02717324,0.10937586,0.23828327,0.15475111,-0.00402533,-0.55340911,,2009,0.15829392,2008,-0.36988838,39939.29967412,2.79575098,0.15529957,0.00006989,,,,,,,,,,,,,0.99799311,0.99287546
ROT SPY+EFA+EEM+AGG top1 13612W can SPY+EFA+EEM+AGG/1 fb best(LQD+IEF+SHY),sens,sens_2005-04-01,2005-04-01,2010-04-01,false,true,"{""*"": 6, ""ACWX"": 3, ""AGG"": 1, ""BIL"": 1, ""BND"": 1.5, ""BTAL"": 6, ""DBC"": 3, ""DBMF"": 3, ""EEM"": 1, ""EFA"": 1, ""IEF"": 1, ""IWM"": 1, ""KMLM"": 6, ""LQD"": 1.5, ""QQQ"": 1, ""SCZ"": 5, ""SHY"": 1, ""SPY"": 0.7, ""TIP"": 2, ""TLT"": 1, ""TQQQ"": 1.5, ""VEA"": 1.5, ""VEU"": 2, ""VNQ"": 1.5, ""VTI"": 1, ""VWO"": 2}",0.03000000,tests/data/2026-08-24-net15,13612W,0.00087924,0.00382475,0.00093028,0.00382690,91790.30089202,40000.00000000,51790.30089202,1.29475752,0.27380085,0.27530990,1.42958491,0.18090955,2.15978497,1.78465753,-0.15341927,198,2006,0.33956988,2010,0.12785760,2268713.33107134,243.25683327,5.61428710,0.00608142,0.00000000,0.00000000,0.37683132,0.00000000,0.06552548,0.00000000,0.22921693,0.00000000,0.09826129,0.00000000,0.21288156,0.00000000,0.01635313,0.00000000
ROT SPY+EFA+EEM+AGG top1 1-3-6-12U can SPY+EFA+EEM+AGG/1 fb best(LQD+IEF+SHY),sens,sens_2005-04-01,2005-04-01,2010-04-01,false,true,"{""*"": 6, ""ACWX"": 3, ""AGG"": 1, ""BIL"": 1, ""BND"": 1.5, ""BTAL"": 6, ""DBC"": 3, ""DBMF"": 3, ""EEM"": 1, ""EFA"": 1, ""IEF"": 1, ""IWM"": 1, ""KMLM"": 6, ""LQD"": 1.5, ""QQQ"": 1, ""SCZ"": 5, ""SHY"": 1, ""SPY"": 0.7, ""TIP"": 2, ""TLT"": 1, ""TQQQ"": 1.5, ""VEA"": 1.5, ""VEU"": 2, ""VNQ"": 1.5, ""VTI"": 1, ""VWO"": 2}",0.03000000,tests/data/2026-08-24-net15,1-3-6-12U,0.00065497,0.00283129,0.00068640,0.00292950,71641.45847510,40000.00000000,31641.45847510,0.79103646,0.20857333,0.19120326,1.03150643,0.20406653,1.48103465,1.17672924,-0.17724836,60,2006,0.34770957,2010,0.04145061,1296523.02179135,135.00444337,3.41931786,0.00337511,0.00000000,0.00000000,0.50795707,0.00000000,0.08189063,0.00000000,0.24576153,0.00000000,0.01637784,0.00000000,0.14732653,0.00000000,0.00000000,0.00000000
SPY25/EFA25/EEM25/AGG25,sens,sens_2005-04-01,2005-04-01,2010-04-01,true,true,"{""*"": 6, ""ACWX"": 3, ""AGG"": 1, ""BIL"": 1, ""BND"": 1.5, ""BTAL"": 6, ""DBC"": 3, ""DBMF"": 3, ""EEM"": 1, ""EFA"": 1, ""IEF"": 1, ""IWM"": 1, ""KMLM"": 6, ""LQD"": 1.5, ""QQQ"": 1, ""SCZ"": 5, ""SHY"": 1, ""SPY"": 0.7, ""TIP"": 2, ""TLT"": 1, ""TQQQ"": 1.5, ""VEA"": 1.5, ""VEU"": 2, ""VNQ"": 1.5, ""VTI"": 1, ""VWO"": 2}",0.03000000,tests/data/2026-08-24-net15,,0.00462008,0.01197922,0.00222741,0.00577190,47851.20386010,40000.00000000,7851.20386010,0.19628010,0.06813269,0.05806802,0.40741828,0.22212299,0.59086433,0.14306273,-0.47624345,,2009,0.29709165,2008,-0.32101229,60353.81876116,5.67162304,0.21616600,0.00014179,0.24875487,0.24460129,0.24945861,0.24877831,0.24912472,0.24741267,,,,,,,0.24803953,0.24422810
SPY60/AGG40,sens,sens_2005-04-01,2005-04-01,2010-04-01,true,true,"{""*"": 6, ""ACWX"": 3, ""AGG"": 1, ""BIL"": 1, ""BND"": 1.5, ""BTAL"": 6, ""DBC"": 3, ""DBMF"": 3, ""EEM"": 1, ""EFA"": 1, ""IEF"": 1, ""IWM"": 1, ""KMLM"": 6, ""LQD"": 1.5, ""QQQ"": 1, ""SCZ"": 5, ""SHY"": 1, ""SPY"": 0.7, ""TIP"": 2, ""TLT"": 1, ""TQQQ"": 1.5, ""VEA"": 1.5, ""VEU"": 2, ""VNQ"": 1.5, ""VTI"": 1, ""VWO"": 2}",0.03000000,tests/data/2026-08-24-net15,,0.00317812,0.00862848,0.00215477,0.00711471,43927.64264977,40000.00000000,3927.64264977,0.09819107,0.03140179,0.03029048,0.28821862,0.14235469,0.41203642,0.08690578,-0.36133140,,2009,0.16449210,2008,-0.21482374,50667.12323425,4.23823418,0.19753307,0.00010596,0.39869084,0.39602421,,,,,,,,,,,0.59812923,0.59288529
SPY benchmark,sens,sens_2005-04-01,2005-04-01,2010-04-01,true,true,"{""*"": 6, ""ACWX"": 3, ""AGG"": 1, ""BIL"": 1, ""BND"": 1.5, ""BTAL"": 6, ""DBC"": 3, ""DBMF"": 3, ""EEM"": 1, ""EFA"": 1, ""IEF"": 1, ""IWM"": 1, ""KMLM"": 6, ""LQD"": 1.5, ""QQQ"": 1, ""SCZ"": 5, ""SHY"": 1, ""SPY"": 0.7, ""TIP"": 2, ""TLT"": 1, ""TQQQ"": 1.5, ""VEA"": 1.5, ""VEU"": 2, ""VNQ"": 1.5, ""VTI"": 1, ""VWO"": 2}",0.03000000,tests/data/2026-08-24-net15,,0.00200055,0.00569816,0.00200188,0.00569939,41868.62008454,40000.00000000,1868.62008454,0.04671550,0.01790111,0.01475133,0.19371986,0.24061887,0.27405834,0.03236074,-0.55317365,,2009,0.25908606,2008,-0.36976445,39988.62448399,2.79920371,0.16061293,0.00006998,,,,,,,,,,,,,0.99799812,0.99430061
ROT SPY+EFA+EEM+AGG top1 13612W can SPY+EFA+EEM+AGG/1 fb best(LQD+IEF+SHY),sens,sens_2005-10-03,2005-10-03,2010-10-01,false,true,"{""*"": 6, ""ACWX"": 3, ""AGG"": 1, ""BIL"": 1, ""BND"": 1.5, ""BTAL"": 6, ""DBC"": 3, ""DBMF"": 3, ""EEM"": 1, ""EFA"": 1, ""IEF"": 1, ""IWM"": 1, ""KMLM"": 6, ""LQD"": 1.5, ""QQQ"": 1, ""SCZ"": 5, ""SHY"": 1, ""SPY"": 0.7, ""TIP"": 2, ""TLT"": 1, ""TQQQ"": 1.5, ""VEA"": 1.5, ""VEU"": 2, ""VNQ"": 1.5, ""VTI"": 1, ""VWO"": 2}",0.03000000,tests/data/2026-08-24-net15,13612W,0.00081055,0.00531633,0.00086046,0.00536606,72785.08562227,40000.00000000,32785.08562227,0.81962714,0.20293135,0.19658574,1.07633902,0.18822372,1.59749338,1.32236452,-0.15346098,198,2006,0.33967065,2005,0.00548420,2428852.30878875,250.93540802,6.33138217,0.00627339,0.00000000,0.00000000,0.37686475,0.00000000,0.06550777,0.00000000,0.24571146,0.00000000,0.08191364,0.00000000,0.19640869,0.00000000,0.03273324,0.00000000
ROT SPY+EFA+EEM+AGG top1 1-3-6-12U can SPY+EFA+EEM+AGG/1 fb best(LQD+IEF+SHY),sens,sens_2005-10-03,2005-10-03,2010-10-01,false,true,"{""*"": 6, ""ACWX"": 3, ""AGG"": 1, ""BIL"": 1, ""BND"": 1.5, ""BTAL"": 6, ""DBC"": 3, ""DBMF"": 3, ""EEM"": 1, ""EFA"": 1, ""IEF"": 1, ""IWM"": 1, ""KMLM"": 6, ""LQD"": 1.5, ""QQQ"": 1, ""SCZ"": 5, ""SHY"": 1, ""SPY"": 0.7, ""TIP"": 2, ""TLT"": 1, ""TQQQ"": 1.5, ""VEA"": 1.5, ""VEU"": 2, ""VNQ"": 1.5, ""VTI"": 1, ""VWO"": 2}",0.03000000,tests/data/2026-08-24-net15,1-3-6-12U,0.00076585,0.00362550,0.00080212,0.00372271,55952.93034347,40000.00000000,15952.93034347,0.39882326,0.12519526,0.10923321,0.66242982,0.21218937,0.94405553,0.70455505,-0.17769408,,2006,0.34752874,2010,-0.06451410,1418468.41437077,146.18320445,4.17735869,0.00365458,0.00000000,0.00000000,0.47517115,0.00000000,0.08186523,0.00000000,0.29484692,0.00000000,0.01638441,0.00000000,0.13093017,0.00000000,0.00000000,0.00000000
SPY25/EFA25/EEM25/AGG25,sens,sens_2005-10-03,2005-10-03,2010-10-01,true,true,"{""*"": 6, ""ACWX"": 3, ""AGG"": 1, ""BIL"": 1, ""BND"": 1.5, ""BTAL"": 6, ""DBC"": 3, ""DBMF"": 3, ""EEM"": 1, ""EFA"": 1, ""IEF"": 1, ""IWM"": 1, ""KMLM"": 6, ""LQD"": 1.5, ""QQQ"": 1, ""SCZ"": 5, ""SHY"": 1, ""SPY"": 0.7, ""TIP"": 2, ""TLT"": 1, ""TQQQ"": 1.5, ""VEA"": 1.5, ""VEU"": 2, ""VNQ"": 1.5, ""VTI"": 1, ""VWO"": 2}",0.03000000,tests/data/2026-08-24-net15,,0.00437394,0.01029455,0.00222329,0.00600764,46803.92180941,40000.00000000,6803.92180941,0.17009805,0.05267445,0.05088262,0.33857015,0.22813371,0.49081734,0.11064349,-0.47607362,,2009,0.29701858,2008,-0.32077698,59546.88760121,5.59944048,0.22359686,0.00013999,0.24847450,0.24528668,0.24959570,0.24847469,0.24924634,0.24766803,,,,,,,0.24830729,0.24399236
SPY60/AGG40,sens,sens_2005-10-03,2005-10-03,2010-10-01,true,true,"{""*"": 6, ""ACWX"": 3, ""AGG"": 1, ""BIL"": 1, ""BND"": 1.5, ""BTAL"": 6, ""DBC"": 3, ""DBMF"": 3, ""EEM"": 1, ""EFA"": 1, ""IEF"": 1, ""IWM"": 1, ""KMLM"": 6, ""LQD"": 1.5, ""QQQ"": 1, ""SCZ"": 5, ""SHY"": 1, ""SPY"": 0.7, ""TIP"": 2, ""TLT"": 1, ""TQQQ"": 1.5, ""VEA"": 1.5, ""VEU"": 2, ""VNQ"": 1.5, ""VTI"": 1, ""VWO"": 2}",0.03000000,tests/data/2026-08-24-net15,,0.00339465,0.01113826,0.00234540,0.00672982,43789.97767496,40000.00000000,3789.97767496,0.09474944,0.02700239,0.02927927,0.25498571,0.14637302,0.36435420,0.07476511,-0.36116292,,2009,0.16431041,2008,-0.21466335,52667.04011382,4.40175035,0.20779515,0.00011004,0.39862527,0.39532342,,,,,,,,,,,0.59797822,0.59327018
SPY benchmark,sens,sens_2005-10-03,2005-10-03,2010-10-01,true,true,"{""*"": 6, ""ACWX"": 3, ""AGG"": 1, ""BIL"": 1, ""BND"": 1.5, ""BTAL"": 6, ""DBC"": 3, ""DBMF"": 3, ""EEM"": 1, ""EFA"": 1, ""IEF"": 1, ""IWM"": 1, ""KMLM"": 6, ""LQD"": 1.5, ""QQQ"": 1, ""SCZ"": 5, ""SHY"": 1, ""SPY"": 0.7, ""TIP"": 2, ""TLT"": 1, ""TQQQ"": 1.5, ""VEA"": 1.5, ""VEU"": 2, ""VNQ"": 1.5, ""VTI"": 1, ""VWO"": 2}",0.03000000,tests/data/2026-08-24-net15,,0.00206394,0.00692701,0.00206530,0.00692830,40583.04526105,40000.00000000,583.04526105,0.01457613,0.00402511,0.00467356,0.13997876,0.24835654,0.19802351,0.00727551,-0.55324156,,2009,0.25879286,2008,-0.36974353,39948.43767641,2.79639064,0.16533691,0.00006991,,,,,,,,,,,,,0.99793470,0.99307170
ROT SPY+EFA+EEM+AGG top1 13612W can SPY+EFA+EEM+AGG/1 fb best(LQD+IEF+SHY),sens,sens_2006-04-03,2006-04-03,2011-04-01,false,true,"{""*"": 6, ""ACWX"": 3, ""AGG"": 1, ""BIL"": 1, ""BND"": 1.5, ""BTAL"": 6, ""DBC"": 3, ""DBMF"": 3, ""EEM"": 1, ""EFA"": 1, ""IEF"": 1, ""IWM"": 1, ""KMLM"": 6, ""LQD"": 1.5, ""QQQ"": 1, ""SCZ"": 5, ""SHY"": 1, ""SPY"": 0.7, ""TIP"": 2, ""TLT"": 1, ""TQQQ"": 1.5, ""VEA"": 1.5, ""VEU"": 2, ""VNQ"": 1.5, ""VTI"": 1, ""VWO"": 2}",0.03000000,tests/data/2026-08-24-net15,13612W,0.00087510,0.00432057,0.00092773,0.00432268,62684.28193786,40000.00000000,22684.28193786,0.56710705,0.16266833,0.14677990,0.90700647,0.18500585,1.32866017,0.84649830,-0.19216616,,2009,0.28973649,2010,-0.02144656,2481713.30176470,251.17631047,6.70430810,0.00627941,0.00000000,0.00000000,0.34404574,0.00000000,0.06549015,0.00000000,0.26204632,0.00000000,0.08190918,0.00000000,0.19645167,0.00000000,0.04912921,0.00000000
ROT SPY+EFA+EEM+AGG top1 1-3-6-12U can SPY+EFA+EEM+AGG/1 fb best(LQD+IEF+SHY),sens,sens_2006-04-03,2006-04-03,2011-04-01,false,true,"{""*"": 6, ""ACWX"": 3, ""AGG"": 1, ""BIL"": 1, ""BND"": 1.5, ""BTAL"": 6, ""DBC"": 3, ""DBMF"": 3, ""EEM"": 1, ""EFA"": 1, ""IEF"": 1, ""IWM"": 1, ""KMLM"": 6, ""LQD"": 1.5, ""QQQ"": 1, ""SCZ"": 5, ""SHY"": 1, ""SPY"": 0.7, ""TIP"": 2, ""TLT"": 1, ""TQQQ"": 1.5, ""VEA"": 1.5, ""VEU"": 2, ""VNQ"": 1.5, ""VTI"": 1, ""VWO"": 2}",0.03000000,tests/data/2026-08-24-net15,1-3-6-12U,0.00083876,0.00432057,0.00087160,0.00432268,55416.66878146,40000.00000000,15416.66878146,0.38541672,0.12639633,0.10610445,0.67943787,0.20658512,0.96673656,0.71156210,-0.17763219,,2007,0.25578917,2010,-0.01200868,1264883.13563872,128.65855651,3.80929610,0.00321646,0.00000000,0.00000000,0.45879623,0.00000000,0.08181623,0.00000000,0.29483703,0.00000000,0.01638891,0.00000000,0.09813905,0.00000000,0.04915095,0.00000000
SPY25/EFA25/EEM25/AGG25,sens,sens_2006-04-03,2006-04-03,2011-04-01,true,true,"{""*"": 6, ""ACWX"": 3, ""AGG"": 1, ""BIL"": 1, ""BND"": 1.5, ""BTAL"": 6, ""DBC"": 3, ""DBMF"": 3, ""EEM"": 1, ""EFA"": 1, ""IEF"": 1, ""IWM"": 1, ""KMLM"": 6, ""LQD"": 1.5, ""QQQ"": 1, ""SCZ"": 5, ""SHY"": 1, ""SPY"": 0.7, ""TIP"": 2, ""TLT"": 1, ""TQQQ"": 1.5, ""VEA"": 1.5, ""VEU"": 2, ""VNQ"": 1.5, ""VTI"": 1, ""VWO"": 2}",0.03000000,tests/data/2026-08-24-net15,,0.00505637,0.01513754,0.00251666,0.00838963,48702.68296710,40000.00000000,8702.68296710,0.21756707,0.04974787,0.06384753,0.32617382,0.22818348,0.47236350,0.10454122,-0.47586850,,2009,0.29712752,2008,-0.32072927,57400.60906297,5.41286216,0.22158180,0.00013532,0.24869568,0.24564076,0.24930869,0.24798097,0.24919093,0.24753099,,,,,,,0.24774608,0.24161037
SPY60/AGG40,sens,sens_2006-04-03,2006-04-03,2011-04-01,true,true,"{""*"": 6, ""ACWX"": 3, ""AGG"": 1, ""BIL"": 1, ""BND"": 1.5, ""BTAL"": 6, ""DBC"": 3, ""DBMF"": 3, ""EEM"": 1, ""EFA"": 1, ""IEF"": 1, ""IWM"": 1, ""KMLM"": 6, ""LQD"": 1.5, ""QQQ"": 1, ""SCZ"": 5, ""SHY"": 1, ""SPY"": 0.7, ""TIP"": 2, ""TLT"": 1, ""TQQQ"": 1.5, ""VEA"": 1.5, ""VEU"": 2, ""VNQ"": 1.5, ""VTI"": 1, ""VWO"": 2}",0.03000000,tests/data/2026-08-24-net15,,0.00341580,0.00922961,0.00245029,0.00655213,46880.89305015,40000.00000000,6880.89305015,0.17202233,0.03782780,0.05143543,0.32583154,0.14688070,0.46602944,0.10477650,-0.36103330,1184,2009,0.16475352,2008,-0.21467652,51132.85591059,4.30021505,0.20177798,0.00010751,0.39865992,0.39503787,,,,,,,,,,,0.59792242,0.59344787
SPY benchmark,sens,sens_2006-04-03,2006-04-03,2011-04-01,true,true,"{""*"": 6, ""ACWX"": 3, ""AGG"": 1, ""BIL"": 1, ""BND"": 1.5, ""BTAL"": 6, ""DBC"": 3, ""DBMF"": 3, ""EEM"": 1, ""EFA"": 1, ""IEF"": 1, ""IWM"": 1, ""KMLM"": 6, ""LQD"": 1.5, ""QQQ"": 1, ""SCZ"": 5, ""SHY"": 1, ""SPY"": 0.7, ""TIP"": 2, ""TLT"": 1, ""TQQQ"": 1.5, ""VEA"": 1.5, ""VEU"": 2, ""VNQ"": 1.5, ""VTI"": 1, ""VWO"": 2}",0.03000000,tests/data/2026-08-24-net15,,0.00190950,0.00844204,0.00191088,0.00844361,46492.85890131,40000.00000000,6492.85890131,0.16232147,0.02305190,0.04873281,0.21564909,0.24921670,0.30536222,0.04166921,-0.55321184,,2009,0.25908420,2008,-0.36980670,39919.04704531,2.79433329,0.16704852,0.00006986,,,,,,,,,,,,,0.99808912,0.99155639
ROT SPY+EFA+EEM+AGG top1 13612W can SPY+EFA+EEM+AGG/1 fb best(LQD+IEF+SHY),sens,sens_2006-10-02,2006-10-02,2011-09-30,false,true,"{""*"": 6, ""ACWX"": 3, ""AGG"": 1, ""BIL"": 1, ""BND"": 1.5, ""BTAL"": 6, ""DBC"": 3, ""DBMF"": 3, ""EEM"": 1, ""EFA"": 1, ""IEF"": 1, ""IWM"": 1, ""KMLM"": 6, ""LQD"": 1.5, ""QQQ"": 1, ""SCZ"": 5, ""SHY"": 1, ""SPY"": 0.7, ""TIP"": 2, ""TLT"": 1, ""TQQQ"": 1.5, ""VEA"": 1.5, ""VEU"": 2, ""VNQ"": 1.5, ""VTI"": 1, ""VWO"": 2}",0.03000000,tests/data/2026-08-24-net15,13612W,0.00079605,0.00342820,0.00085225,0.00355105,58635.94903523,39500.00000000,19135.94903523,0.48445441,0.15604031,0.12754572,0.85931977,0.18963178,1.24835175,0.72137695,-0.21630898,,2009,0.28978944,2010,-0.02149099,2538807.38353279,253.02466757,6.98684799,0.00640569,0.00000000,0.00000000,0.34978026,0.00000000,0.06659873,0.00000000,0.29978903,0.00000000,0.08322197,0.00000000,0.13320399,0.00000000,0.06655377,0.00000000
ROT SPY+EFA+EEM+AGG top1 1-3-6-12U can SPY+EFA+EEM+AGG/1 fb best(LQD+IEF+SHY),sens,sens_2006-10-02,2006-10-02,2011-09-30,false,true,"{""*"": 6, ""ACWX"": 3, ""AGG"": 1, ""BIL"": 1, ""BND"": 1.5, ""BTAL"": 6, ""DBC"": 3, ""DBMF"": 3, ""EEM"": 1, ""EFA"": 1, ""IEF"": 1, ""IWM"": 1, ""KMLM"": 6, ""LQD"": 1.5, ""QQQ"": 1, ""SCZ"": 5, ""SHY"": 1, ""SPY"": 0.7, ""TIP"": 2, ""TLT"": 1, ""TQQQ"": 1.5, ""VEA"": 1.5, ""VEU"": 2, ""VNQ"": 1.5, ""VTI"": 1, ""VWO"": 2}",0.03000000,tests/data/2026-08-24-net15,1-3-6-12U,0.00083648,0.00271677,0.00087233,0.00281495,48271.19171998,39500.00000000,8771.19171998,0.22205549,0.10093967,0.06433030,0.54716714,0.22004098,0.76640140,0.45560421,-0.22155123,,2007,0.25571969,2011,-0.07123624,1353105.12513145,132.73852158,4.20551492,0.00336047,0.00000000,0.00000000,0.46638293,0.00000000,0.09988373,0.00000000,0.31635629,0.00000000,0.01663253,0.00000000,0.03328382,0.00000000,0.06658837,0.00000000
SPY25/EFA25/EEM25/AGG25,sens,sens_2006-10-02,2006-10-02,2011-09-30,true,true,"{""*"": 6, ""ACWX"": 3, ""AGG"": 1, ""BIL"": 1, ""BND"": 1.5, ""BTAL"": 6, ""DBC"": 3, ""DBMF"": 3, ""EEM"": 1, ""EFA"": 1, ""IEF"": 1, ""IWM"": 1, ""KMLM"": 6, ""LQD"": 1.5, ""QQQ"": 1, ""SCZ"": 5, ""SHY"": 1, ""SPY"": 0.7, ""TIP"": 2, ""TLT"": 1, ""TQQQ"": 1.5, ""VEA"": 1.5, ""VEU"": 2, ""VNQ"": 1.5, ""VTI"": 1, ""VWO"": 2}",0.03000000,tests/data/2026-08-24-net15,,0.00532295,0.01504096,0.00262140,0.00784837,40314.66534572,39500.00000000,814.66534572,0.02062444,0.01434138,0.00651731,0.17712337,0.23324836,0.25263029,0.03016628,-0.47541101,,2009,0.29722519,2008,-0.32033612,55947.64235766,5.25961263,0.21404126,0.00013315,0.24843106,0.24554044,0.24934970,0.24787235,0.24900651,0.24683641,,,,,,,0.24788751,0.24215163
SPY60/AGG40,sens,sens_2006-10-02,2006-10-02,2011-09-30,true,true,"{""*"": 6, ""ACWX"": 3, ""AGG"": 1, ""BIL"": 1, ""BND"": 1.5, ""BTAL"": 6, ""DBC"": 3, ""DBMF"": 3, ""EEM"": 1, ""EFA"": 1, ""IEF"": 1, ""IWM"": 1, ""KMLM"": 6, ""LQD"": 1.5, ""QQQ"": 1, ""SCZ"": 5, ""SHY"": 1, ""SPY"": 0.7, ""TIP"": 2, ""TLT"": 1, ""TQQQ"": 1.5, ""VEA"": 1.5, ""VEU"": 2, ""VNQ"": 1.5, ""VTI"": 1, ""VWO"": 2}",0.03000000,tests/data/2026-08-24-net15,,0.00354001,0.01087174,0.00238968,0.00756792,42453.10046462,39500.00000000,2953.10046462,0.07476204,0.01728115,0.02304679,0.18854778,0.15142236,0.26651166,0.04789546,-0.36080971,1184,2009,0.16413926,2008,-0.21429260,49364.45428714,4.12610524,0.19395241,0.00010446,0.39855051,0.39512079,,,,,,,,,,,0.59790761,0.59243208
SPY benchmark,sens,sens_2006-10-02,2006-10-02,2011-09-30,true,true,"{""*"": 6, ""ACWX"": 3, ""AGG"": 1, ""BIL"": 1, ""BND"": 1.5, ""BTAL"": 6, ""DBC"": 3, ""DBMF"": 3, ""EEM"": 1, ""EFA"": 1, ""IEF"": 1, ""IWM"": 1, ""KMLM"": 6, ""LQD"": 1.5, ""QQQ"": 1, ""SCZ"": 5, ""SHY"": 1, ""SPY"": 0.7, ""TIP"": 2, ""TLT"": 1, ""TQQQ"": 1.5, ""VEA"": 1.5, ""VEU"": 2, ""VNQ"": 1.5, ""VTI"": 1, ""VWO"": 2}",0.03000000,tests/data/2026-08-24-net15,,0.00196621,0.00729189,0.00196761,0.00729309,38859.86863547,39500.00000000,-640.13136453,-0.01620586,-0.01443526,-0.00521163,0.07300742,0.25884610,0.10215558,-0.02611096,-0.55284287,,2009,0.25905465,2008,-0.36943049,39422.66349846,2.75958644,0.16370375,0.00006986,,,,,,,,,,,,,0.99803239,0.99270691
ROT SPY+EFA+EEM+AGG top1 13612W can SPY+EFA+EEM+AGG/1 fb best(LQD+IEF+SHY),sens,sens_2007-04-02,2007-04-02,2012-03-30,false,true,"{""*"": 6, ""ACWX"": 3, ""AGG"": 1, ""BIL"": 1, ""BND"": 1.5, ""BTAL"": 6, ""DBC"": 3, ""DBMF"": 3, ""EEM"": 1, ""EFA"": 1, ""IEF"": 1, ""IWM"": 1, ""KMLM"": 6, ""LQD"": 1.5, ""QQQ"": 1, ""SCZ"": 5, ""SHY"": 1, ""SPY"": 0.7, ""TIP"": 2, ""TLT"": 1, ""TQQQ"": 1.5, ""VEA"": 1.5, ""VEU"": 2, ""VNQ"": 1.5, ""VTI"": 1, ""VWO"": 2}",0.03000000,tests/data/2026-08-24-net15,13612W,0.00100608,0.00434818,0.00106532,0.00435019,59900.24158570,39500.00000000,20400.24158570,0.51646181,0.15596026,0.13458798,0.86809925,0.18685505,1.28441818,0.72120772,-0.21624874,,2009,0.28983598,2010,-0.02141037,2601885.02802301,259.16520261,7.52547048,0.00656114,0.00000000,0.00000000,0.29981406,0.00000000,0.06661365,0.00000000,0.33293890,0.00000000,0.08324521,0.00000000,0.13308880,0.00000000,0.08323406,0.00000000
ROT SPY+EFA+EEM+AGG top1 1-3-6-12U can SPY+EFA+EEM+AGG/1 fb best(LQD+IEF+SHY),sens,sens_2007-04-02,2007-04-02,2012-03-30,false,true,"{""*"": 6, ""ACWX"": 3, ""AGG"": 1, ""BIL"": 1, ""BND"": 1.5, ""BTAL"": 6, ""DBC"": 3, ""DBMF"": 3, ""EEM"": 1, ""EFA"": 1, ""IEF"": 1, ""IWM"": 1, ""KMLM"": 6, ""LQD"": 1.5, ""QQQ"": 1, ""SCZ"": 5, ""SHY"": 1, ""SPY"": 0.7, ""TIP"": 2, ""TLT"": 1, ""TQQQ"": 1.5, ""VEA"": 1.5, ""VEU"": 2, ""VNQ"": 1.5, ""VTI"": 1, ""VWO"": 2}",0.03000000,tests/data/2026-08-24-net15,1-3-6-12U,0.00107541,0.00343036,0.00110777,0.00352867,46608.46993986,39500.00000000,7108.46993986,0.17996126,0.07923504,0.05305264,0.46552366,0.21185617,0.65754010,0.35771497,-0.22150329,,2007,0.26074606,2011,-0.06058805,1148405.15862104,111.12960984,3.86870907,0.00281341,0.00000000,0.00000000,0.39967100,0.00000000,0.06663532,0.00000000,0.39947269,0.00000000,0.01663149,0.00000000,0.03326027,0.00000000,0.08322147,0.00000000
SPY25/EFA25/EEM25/AGG25,sens,sens_2007-04-02,2007-04-02,2012-03-30,true,true,"{""*"": 6, ""ACWX"": 3, ""AGG"": 1, ""BIL"": 1, ""BND"": 1.5, ""BTAL"": 6, ""DBC"": 3, ""DBMF"": 3, ""EEM"": 1, ""EFA"": 1, ""IEF"": 1, ""IWM"": 1, ""KMLM"": 6, ""LQD"": 1.5, ""QQQ"": 1, ""SCZ"": 5, ""SHY"": 1, ""SPY"": 0.7, ""TIP"": 2, ""TLT"": 1, ""TQQQ"": 1.5, ""VEA"": 1.5, ""VEU"": 2, ""VNQ"": 1.5, ""VTI"": 1, ""VWO"": 2}",0.03000000,tests/data/2026-08-24-net15,,0.00553235,0.01381236,0.00265864,0.00789462,45365.72934245,39500.00000000,5865.72934245,0.14849948,0.02279985,0.04435470,0.21305009,0.23782973,0.30545712,0.04799788,-0.47501782,,2009,0.29658990,2008,-0.31971609,56205.04218311,5.31708296,0.22199628,0.00013461,0.24835171,0.24604341,0.24932747,0.24762260,0.24905924,0.24664637,,,,,,,0.24772688,0.24210538
SPY60/AGG40,sens,sens_2007-04-02,2007-04-02,2012-03-30,true,true,"{""*"": 6, ""ACWX"": 3, ""AGG"": 1, ""BIL"": 1, ""BND"": 1.5, ""BTAL"": 6, ""DBC"": 3, ""DBMF"": 3, ""EEM"": 1, ""EFA"": 1, ""IEF"": 1, ""IWM"": 1, ""KMLM"": 6, ""LQD"": 1.5, ""QQQ"": 1, ""SCZ"": 5, ""SHY"": 1, ""SPY"": 0.7, ""TIP"": 2, ""TLT"": 1, ""TQQQ"": 1.5, ""VEA"": 1.5, ""VEU"": 2, ""VNQ"": 1.5, ""VTI"": 1, ""VWO"": 2}",0.03000000,tests/data/2026-08-24-net15,,0.00407236,0.01604369,0.00277803,0.01052604,47934.77961390,39500.00000000,8434.77961390,0.21353872,0.03579658,0.06209887,0.30456858,0.15427772,0.43364173,0.09935683,-0.36028305,1182,2009,0.16448422,2008,-0.21387704,50323.49887742,4.20826935,0.19723511,0.00010654,0.39827958,0.39444199,,,,,,,,,,,0.59764616,0.58947396
SPY benchmark,sens,sens_2007-04-02,2007-04-02,2012-03-30,true,true,"{""*"": 6, ""ACWX"": 3, ""AGG"": 1, ""BIL"": 1, ""BND"": 1.5, ""BTAL"": 6, ""DBC"": 3, ""DBMF"": 3, ""EEM"": 1, ""EFA"": 1, ""IEF"": 1, ""IWM"": 1, ""KMLM"": 6, ""LQD"": 1.5, ""QQQ"": 1, ""SCZ"": 5, ""SHY"": 1, ""SPY"": 0.7, ""TIP"": 2, ""TLT"": 1, ""TQQQ"": 1.5, ""VEA"": 1.5, ""VEU"": 2, ""VNQ"": 1.5, ""VTI"": 1, ""VWO"": 2}",0.03000000,tests/data/2026-08-24-net15,,0.00229812,0.01049122,0.00229956,0.01052585,48045.57586286,39500.00000000,8545.57586286,0.21634369,0.01629975,0.06284393,0.19293693,0.26423053,0.27207888,0.02948346,-0.55284401,,2009,0.25869870,2008,-0.36938226,39473.38656468,2.76313706,0.16376237,0.00006995,,,,,,,,,,,,,0.99770044,0.98947415
ROT SPY+EFA+EEM+AGG top1 13612W can SPY+EFA+EEM+AGG/1 fb best(LQD+IEF+SHY),sens,sens_2007-10-01,2007-10-01,2012-10-01,false,true,"{""*"": 6, ""ACWX"": 3, ""AGG"": 1, ""BIL"": 1, ""BND"": 1.5, ""BTAL"": 6, ""DBC"": 3, ""DBMF"": 3, ""EEM"": 1, ""EFA"": 1, ""IEF"": 1, ""IWM"": 1, ""KMLM"": 6, ""LQD"": 1.5, ""QQQ"": 1, ""SCZ"": 5, ""SHY"": 1, ""SPY"": 0.7, ""TIP"": 2, ""TLT"": 1, ""TQQQ"": 1.5, ""VEA"": 1.5, ""VEU"": 2, ""VNQ"": 1.5, ""VTI"": 1, ""VWO"": 2}",0.03000000,tests/data/2026-08-24-net15,13612W,0.00109954,0.00343975,0.00115797,0.00353725,56037.29561220,40000.00000000,16037.29561220,0.40093239,0.11519730,0.10961405,0.68359260,0.18424786,1.00110653,0.53260033,-0.21629221,,2009,0.28989285,2010,-0.02149891,2420490.99647188,241.72229086,7.68996515,0.00604306,0.00000000,0.00000000,0.27848690,0.00000000,0.04915524,0.00000000,0.34370992,0.00000000,0.11458941,0.00000000,0.09825165,0.00000000,0.11464891,0.00000000
ROT SPY+EFA+EEM+AGG top1 1-3-6-12U can SPY+EFA+EEM+AGG/1 fb best(LQD+IEF+SHY),sens,sens_2007-10-01,2007-10-01,2012-10-01,false,true,"{""*"": 6, ""ACWX"": 3, ""AGG"": 1, ""BIL"": 1, ""BND"": 1.5, ""BTAL"": 6, ""DBC"": 3, ""DBMF"": 3, ""EEM"": 1, ""EFA"": 1, ""IEF"": 1, ""IWM"": 1, ""KMLM"": 6, ""LQD"": 1.5, ""QQQ"": 1, ""SCZ"": 5, ""SHY"": 1, ""SPY"": 0.7, ""TIP"": 2, ""TLT"": 1, ""TQQQ"": 1.5, ""VEA"": 1.5, ""VEU"": 2, ""VNQ"": 1.5, ""VTI"": 1, ""VWO"": 2}",0.03000000,tests/data/2026-08-24-net15,1-3-6-12U,0.00125306,0.00421751,0.00128690,0.00431535,44702.78625976,40000.00000000,4702.78625976,0.11756966,0.03591992,0.03593198,0.27845843,0.19503727,0.38983257,0.16226029,-0.22137225,,2009,0.11668201,2011,-0.06054081,1130962.54342011,111.66618176,4.25820894,0.00279165,0.00000000,0.00000000,0.31123117,0.00000000,0.04912952,0.00000000,0.44200391,0.00000000,0.04911247,0.00000000,0.03264864,0.00000000,0.11458739,0.00000000
SPY25/EFA25/EEM25/AGG25,sens,sens_2007-10-01,2007-10-01,2012-10-01,true,true,"{""*"": 6, ""ACWX"": 3, ""AGG"": 1, ""BIL"": 1, ""BND"": 1.5, ""BTAL"": 6, ""DBC"": 3, ""DBMF"": 3, ""EEM"": 1, ""EFA"": 1, ""IEF"": 1, ""IWM"": 1, ""KMLM"": 6, ""LQD"": 1.5, ""QQQ"": 1, ""SCZ"": 5, ""SHY"": 1, ""SPY"": 0.7, ""TIP"": 2, ""TLT"": 1, ""TQQQ"": 1.5, ""VEA"": 1.5, ""VEU"": 2, ""VNQ"": 1.5, ""VTI"": 1, ""VWO"": 2}",0.03000000,tests/data/2026-08-24-net15,,0.00558264,0.01846245,0.00268357,0.00822225,45092.24107173,40000.00000000,5092.24107173,0.12730603,0.00168450,0.03874326,0.12482471,0.23652497,0.17909664,0.00355212,-0.47422442,,2009,0.29568473,2008,-0.31898412,54197.13480917,5.13034256,0.21787920,0.00012826,0.24850352,0.24465150,0.24928016,0.24710664,0.24907450,0.24504284,,,,,,,0.24755687,0.24177775
SPY60/AGG40,sens,sens_2007-10-01,2007-10-01,2012-10-01,true,true,"{""*"": 6, ""ACWX"": 3, ""AGG"": 1, ""BIL"": 1, ""BND"": 1.5, ""BTAL"": 6, ""DBC"": 3, ""DBMF"": 3, ""EEM"": 1, ""EFA"": 1, ""IEF"": 1, ""IWM"": 1, ""KMLM"": 6, ""LQD"": 1.5, ""QQQ"": 1, ""SCZ"": 5, ""SHY"": 1, ""SPY"": 0.7, ""TIP"": 2, ""TLT"": 1, ""TQQQ"": 1.5, ""VEA"": 1.5, ""VEU"": 2, ""VNQ"": 1.5, ""VTI"": 1, ""VWO"": 2}",0.03000000,tests/data/2026-08-24-net15,,0.00383816,0.01472224,0.00272622,0.01026160,48929.55442979,40000.00000000,8929.55442979,0.22323886,0.03055749,0.06527295,0.27236820,0.15366827,0.38860907,0.08488111,-0.36000343,1182,2009,0.16385450,2008,-0.21334935,49789.73554104,4.17445472,0.19241794,0.00010436,0.39830665,0.39389938,,,,,,,,,,,0.59785332,0.58973840
SPY benchmark,sens,sens_2007-10-01,2007-10-01,2012-10-01,true,true,"{""*"": 6, ""ACWX"": 3, ""AGG"": 1, ""BIL"": 1, ""BND"": 1.5, ""BTAL"": 6, ""DBC"": 3, ""DBMF"": 3, ""EEM"": 1, ""EFA"": 1, ""IEF"": 1, ""IWM"": 1, ""KMLM"": 6, ""LQD"": 1.5, ""QQQ"": 1, ""SCZ"": 5, ""SHY"": 1, ""SPY"": 0.7, ""TIP"": 2, ""TLT"": 1, ""TQQQ"": 1.5, ""VEA"": 1.5, ""VEU"": 2, ""VNQ"": 1.5, ""VTI"": 1, ""VWO"": 2}",0.03000000,tests/data/2026-08-24-net15,,0.00244583,0.00982788,0.00244728,0.00986254,49226.21202094,40000.00000000,9226.21202094,0.23065530,0.00529670,0.06724113,0.15128993,0.26302489,0.21372795,0.00959381,-0.55209570,1794,2009,0.25857567,2008,-0.36851667,39967.51233204,2.79772586,0.16246422,0.00006994,,,,,,,,,,,,,0.99755272,0.99013746
ROT SPY+EFA+EEM+AGG top1 13612W can SPY+EFA+EEM+AGG/1 fb best(LQD+IEF+SHY),sens,sens_2008-04-01,2008-04-01,2013-04-01,false,true,"{""*"": 6, ""ACWX"": 3, ""AGG"": 1, ""BIL"": 1, ""BND"": 1.5, ""BTAL"": 6, ""DBC"": 3, ""DBMF"": 3, ""EEM"": 1, ""EFA"": 1, ""IEF"": 1, ""IWM"": 1, ""KMLM"": 6, ""LQD"": 1.5, ""QQQ"": 1, ""SCZ"": 5, ""SHY"": 1, ""SPY"": 0.7, ""TIP"": 2, ""TLT"": 1, ""TQQQ"": 1.5, ""VEA"": 1.5, ""VEU"": 2, ""VNQ"": 1.5, ""VTI"": 1, ""VWO"": 2}",0.03000000,tests/data/2026-08-24-net15,13612W,0.00110129,0.00466690,0.00116559,0.00476436,58105.22071017,40000.00000000,18105.22071017,0.45263052,0.12442920,0.12160332,0.79401447,0.16505960,1.17760526,0.57539149,-0.21625137,904,2009,0.28970285,2010,-0.02152630,2615001.81297821,257.69968588,8.35952517,0.00644249,0.00000000,0.00000000,0.26212180,0.00000000,0.08191540,0.00000000,0.29464208,0.00000000,0.11462847,0.00000000,0.11453472,0.00000000,0.13099193,0.00000000
ROT SPY+EFA+EEM+AGG top1 1-3-6-12U can SPY+EFA+EEM+AGG/1 fb best(LQD+IEF+SHY),sens,sens_2008-04-01,2008-04-01,2013-04-01,false,true,"{""*"": 6, ""ACWX"": 3, ""AGG"": 1, ""BIL"": 1, ""BND"": 1.5, ""BTAL"": 6, ""DBC"": 3, ""DBMF"": 3, ""EEM"": 1, ""EFA"": 1, ""IEF"": 1, ""IWM"": 1, ""KMLM"": 6, ""LQD"": 1.5, ""QQQ"": 1, ""SCZ"": 5, ""SHY"": 1, ""SPY"": 0.7, ""TIP"": 2, ""TLT"": 1, ""TQQQ"": 1.5, ""VEA"": 1.5, ""VEU"": 2, ""VNQ"": 1.5, ""VTI"": 1, ""VWO"": 2}",0.03000000,tests/data/2026-08-24-net15,1-3-6-12U,0.00136728,0.00397861,0.00140624,0.00407594,46699.93523889,40000.00000000,6699.93523889,0.16749838,0.04244582,0.05014022,0.32786182,0.17230585,0.45811017,0.19175556,-0.22135378,1065,2009,0.11673171,2011,-0.06053553,1316723.51607740,132.12564043,4.99128424,0.00330314,0.00000000,0.00000000,0.27846706,0.00000000,0.06553898,0.00000000,0.39277613,0.00000000,0.06548754,0.00000000,0.03267324,0.00000000,0.16365080,0.00000000
SPY25/EFA25/EEM25/AGG25,sens,sens_2008-04-01,2008-04-01,2013-04-01,true,true,"{""*"": 6, ""ACWX"": 3, ""AGG"": 1, ""BIL"": 1, ""BND"": 1.5, ""BTAL"": 6, ""DBC"": 3, ""DBMF"": 3, ""EEM"": 1, ""EFA"": 1, ""IEF"": 1, ""IWM"": 1, ""KMLM"": 6, ""LQD"": 1.5, ""QQQ"": 1, ""SCZ"": 5, ""SHY"": 1, ""SPY"": 0.7, ""TIP"": 2, ""TLT"": 1, ""TQQQ"": 1.5, ""VEA"": 1.5, ""VEU"": 2, ""VNQ"": 1.5, ""VTI"": 1, ""VWO"": 2}",0.03000000,tests/data/2026-08-24-net15,,0.00522217,0.01434010,0.00262262,0.00813928,47857.86385862,40000.00000000,7857.86385862,0.19644660,0.02426383,0.05810361,0.21883550,0.23048073,0.31540693,0.05354236,-0.45317079,1045,2009,0.29680225,2008,-0.28950657,54346.31935606,5.12252555,0.20698137,0.00012806,0.24840040,0.24412328,0.24929459,0.24744632,0.24913382,0.24656382,,,,,,,0.24794675,0.24186072
SPY60/AGG40,sens,sens_2008-04-01,2008-04-01,2013-04-01,true,true,"{""*"": 6, ""ACWX"": 3, ""AGG"": 1, ""BIL"": 1, ""BND"": 1.5, ""BTAL"": 6, ""DBC"": 3, ""DBMF"": 3, ""EEM"": 1, ""EFA"": 1, ""IEF"": 1, ""IWM"": 1, ""KMLM"": 6, ""LQD"": 1.5, ""QQQ"": 1, ""SCZ"": 5, ""SHY"": 1, ""SPY"": 0.7, ""TIP"": 2, ""TLT"": 1, ""TQQQ"": 1.5, ""VEA"": 1.5, ""VEU"": 2, ""VNQ"": 1.5, ""VTI"": 1, ""VWO"": 2}",0.03000000,tests/data/2026-08-24-net15,,0.00359852,0.01057237,0.00239981,0.00737323,51526.87627231,40000.00000000,11526.87627231,0.28817191,0.05165083,0.08218706,0.41031062,0.15039527,0.58586080,0.15070529,-0.34272736,899,2009,0.16398829,2008,-0.18870817,48655.60066692,4.10749236,0.17856220,0.00010269,0.39829310,0.39466518,,,,,,,,,,,0.59810656,0.59262677
SPY benchmark,sens,sens_2008-04-01,2008-04-01,2013-04-01,true,true,"{""*"": 6, ""ACWX"": 3, ""AGG"": 1, ""BIL"": 1, ""BND"": 1.5, ""BTAL"": 6, ""DBC"": 3, ""DBMF"": 3, ""EEM"": 1, ""EFA"": 1, ""IEF"": 1, ""IWM"": 1, ""KMLM"": 6, ""LQD"": 1.5, ""QQQ"": 1, ""SCZ"": 5, ""SHY"": 1, ""SPY"": 0.7, ""TIP"": 2, ""TLT"": 1, ""TQQQ"": 1.5, ""VEA"": 1.5, ""VEU"": 2, ""VNQ"": 1.5, ""VTI"": 1, ""VWO"": 2}",0.03000000,tests/data/2026-08-24-net15,,0.00201389,0.00732425,0.00201529,0.00732557,54616.90666307,40000.00000000,14616.90666307,0.36542267,0.04625649,0.10125262,0.30438635,0.25724421,0.43074096,0.08982118,-0.51498423,1073,2009,0.25829811,2008,-0.32770853,39988.98479766,2.79922894,0.14866365,0.00006998,,,,,,,,,,,,,0.99798471,0.99267443
ROT SPY+EFA+EEM+AGG top1 13612W can SPY+EFA+EEM+AGG/1 fb best(LQD+IEF+SHY),sens,sens_2008-10-01,2008-10-01,2013-10-01,false,true,"{""*"": 6, ""ACWX"": 3, ""AGG"": 1, ""BIL"": 1, ""BND"": 1.5, ""BTAL"": 6, ""DBC"": 3, ""DBMF"": 3, ""EEM"": 1, ""EFA"": 1, ""IEF"": 1, ""IWM"": 1, ""KMLM"": 6, ""LQD"": 1.5, ""QQQ"": 1, ""SCZ"": 5, ""SHY"": 1, ""SPY"": 0.7, ""TIP"": 2, ""TLT"": 1, ""TQQQ"": 1.5, ""VEA"": 1.5, ""VEU"": 2, ""VNQ"": 1.5, ""VTI"": 1, ""VWO"": 2}",0.03000000,tests/data/2026-08-24-net15,13612W,0.00123715,0.00607171,0.00129985,0.00607391,54540.06187847,40000.00000000,14540.06187847,0.36350155,0.11320769,0.10076658,0.74208788,0.16250232,1.10079558,0.52397340,-0.21605618,902,2009,0.28988906,2010,-0.02128134,2506663.76432356,247.13613164,8.01137489,0.00617840,0.00000000,0.00000000,0.24573670,0.00000000,0.11468137,0.00000000,0.22912792,0.00000000,0.11463414,0.00000000,0.16361907,0.00000000,0.13090095,0.00000000
ROT SPY+EFA+EEM+AGG top1 1-3-6-12U can SPY+EFA+EEM+AGG/1 fb best(LQD+IEF+SHY),sens,sens_2008-10-01,2008-10-01,2013-10-01,false,true,"{""*"": 6, ""ACWX"": 3, ""AGG"": 1, ""BIL"": 1, ""BND"": 1.5, ""BTAL"": 6, ""DBC"": 3, ""DBMF"": 3, ""EEM"": 1, ""EFA"": 1, ""IEF"": 1, ""IWM"": 1, ""KMLM"": 6, ""LQD"": 1.5, ""QQQ"": 1, ""SCZ"": 5, ""SHY"": 1, ""SPY"": 0.7, ""TIP"": 2, ""TLT"": 1, ""TQQQ"": 1.5, ""VEA"": 1.5, ""VEU"": 2, ""VNQ"": 1.5, ""VTI"": 1, ""VWO"": 2}",0.03000000,tests/data/2026-08-24-net15,1-3-6-12U,0.00146042,0.00502498,0.00149912,0.00507473,45709.07928277,40000.00000000,5709.07928277,0.14272698,0.04240928,0.04316479,0.32771214,0.17225410,0.45678313,0.19151306,-0.22144328,1065,2009,0.11663623,2011,-0.06061712,1312675.08648401,130.32698585,4.89403774,0.00325817,0.00000000,0.00000000,0.27845828,0.00000000,0.08190752,0.00000000,0.31083107,0.00000000,0.06547260,0.00000000,0.09827386,0.00000000,0.16355756,0.00000000
SPY25/EFA25/EEM25/AGG25,sens,sens_2008-10-01,2008-10-01,2013-10-01,true,true,"{""*"": 6, ""ACWX"": 3, ""AGG"": 1, ""BIL"": 1, ""BND"": 1.5, ""BTAL"": 6, ""DBC"": 3, ""DBMF"": 3, ""EEM"": 1, ""EFA"": 1, ""IEF"": 1, ""IWM"": 1, ""KMLM"": 6, ""LQD"": 1.5, ""QQQ"": 1, ""SCZ"": 5, ""SHY"": 1, ""SPY"": 0.7, ""TIP"": 2, ""TLT"": 1, ""TQQQ"": 1.5, ""VEA"": 1.5, ""VEU"": 2, ""VNQ"": 1.5, ""VTI"": 1, ""VWO"": 2}",0.03000000,tests/data/2026-08-24-net15,,0.00510536,0.01148024,0.00259212,0.00632765,51757.90725237,40000.00000000,11757.90725237,0.29394768,0.07113856,0.08362860,0.42133489,0.22094282,0.61562622,0.22871864,-0.31103087,306,2009,0.29669133,2008,-0.15082192,54783.62959783,5.16134533,0.18842774,0.00012903,0.24856773,0.24367235,0.24930204,0.24833948,0.24918082,0.24766175,,,,,,,0.24784191,0.24475742
SPY60/AGG40,sens,sens_2008-10-01,2008-10-01,2013-10-01,true,true,"{""*"": 6, ""ACWX"": 3, ""AGG"": 1, ""BIL"": 1, ""BND"": 1.5, ""BTAL"": 6, ""DBC"": 3, ""DBMF"": 3, ""EEM"": 1, ""EFA"": 1, ""IEF"": 1, ""IWM"": 1, ""KMLM"": 6, ""LQD"": 1.5, ""QQQ"": 1, ""SCZ"": 5, ""SHY"": 1, ""SPY"": 0.7, ""TIP"": 2, ""TLT"": 1, ""TQQQ"": 1.5, ""VEA"": 1.5, ""VEU"": 2, ""VNQ"": 1.5, ""VTI"": 1, ""VWO"": 2}",0.03000000,tests/data/2026-08-24-net15,,0.00326565,0.01016162,0.00231259,0.00618091,54184.85899428,40000.00000000,14184.85899428,0.35462147,0.08212251,0.09862463,0.61643740,0.14528156,0.89334416,0.32562681,-0.25219823,349,2009,0.16389008,2008,-0.10544380,48417.06102639,4.11153912,0.16431624,0.00010279,0.39858705,0.39537222,,,,,,,,,,,0.59814555,0.59381909
SPY benchmark,sens,sens_2008-10-01,2008-10-01,2013-10-01,true,true,"{""*"": 6, ""ACWX"": 3, ""AGG"": 1, ""BIL"": 1, ""BND"": 1.5, ""BTAL"": 6, ""DBC"": 3, ""DBMF"": 3, ""EEM"": 1, ""EFA"": 1, ""IEF"": 1, ""IWM"": 1, ""KMLM"": 6, ""LQD"": 1.5, ""QQQ"": 1, ""SCZ"": 5, ""SHY"": 1, ""SPY"": 0.7, ""TIP"": 2, ""TLT"": 1, ""TQQQ"": 1.5, ""VEA"": 1.5, ""VEU"": 2, ""VNQ"": 1.5, ""VTI"": 1, ""VWO"": 2}",0.03000000,tests/data/2026-08-24-net15,,0.00201136,0.00651278,0.00201268,0.00651459,60820.17107578,40000.00000000,20820.17107578,0.52050428,0.09847414,0.13664130,0.50393287,0.24701238,0.72320778,0.24164735,-0.40751175,460,2009,0.25911744,2008,-0.21639652,39936.24522195,2.79553717,0.13156878,0.00006989,,,,,,,,,,,,,0.99798732,0.99348541
ROT SPY+EFA+EEM+AGG top1 13612W can SPY+EFA+EEM+AGG/1 fb best(LQD+IEF+SHY),sens,sens_2009-04-01,2009-04-01,2014-04-01,false,true,"{""*"": 6, ""ACWX"": 3, ""AGG"": 1, ""BIL"": 1, ""BND"": 1.5, ""BTAL"": 6, ""DBC"": 3, ""DBMF"": 3, ""EEM"": 1, ""EFA"": 1, ""IEF"": 1, ""IWM"": 1, ""KMLM"": 6, ""LQD"": 1.5, ""QQQ"": 1, ""SCZ"": 5, ""SHY"": 1, ""SPY"": 0.7, ""TIP"": 2, ""TLT"": 1, ""TQQQ"": 1.5, ""VEA"": 1.5, ""VEU"": 2, ""VNQ"": 1.5, ""VTI"": 1, ""VWO"": 2}",0.03000000,tests/data/2026-08-24-net15,13612W,0.00120011,0.00403764,0.00126530,0.00412143,56460.92911918,40000.00000000,16460.92911918,0.41152323,0.12569214,0.11217136,0.81323803,0.16191078,1.20325420,0.58186309,-0.21601670,902,2009,0.33996497,2010,-0.02140798,2646487.95356292,261.12707603,8.46785661,0.00652818,0.00000000,0.00000000,0.24566971,0.00000000,0.13102719,0.00000000,0.19651246,0.00000000,0.11454534,0.00000000,0.14742611,0.00000000,0.16355390,0.00000000
ROT SPY+EFA+EEM+AGG top1 1-3-6-12U can SPY+EFA+EEM+AGG/1 fb best(LQD+IEF+SHY),sens,sens_2009-04-01,2009-04-01,2014-04-01,false,true,"{""*"": 6, ""ACWX"": 3, ""AGG"": 1, ""BIL"": 1, ""BND"": 1.5, ""BTAL"": 6, ""DBC"": 3, ""DBMF"": 3, ""EEM"": 1, ""EFA"": 1, ""IEF"": 1, ""IWM"": 1, ""KMLM"": 6, ""LQD"": 1.5, ""QQQ"": 1, ""SCZ"": 5, ""SHY"": 1, ""SPY"": 0.7, ""TIP"": 2, ""TLT"": 1, ""TQQQ"": 1.5, ""VEA"": 1.5, ""VEU"": 2, ""VNQ"": 1.5, ""VTI"": 1, ""VWO"": 2}",0.03000000,tests/data/2026-08-24-net15,1-3-6-12U,0.00136206,0.00560257,0.00140134,0.00560484,46223.16355501,40000.00000000,6223.16355501,0.15557909,0.04331608,0.04681392,0.33559173,0.16932235,0.46569862,0.19566467,-0.22137914,1065,2009,0.13133842,2011,-0.06062979,1294936.99041653,131.67614419,4.85229223,0.00329190,0.00000000,0.00000000,0.27841660,0.00000000,0.08192263,0.00000000,0.22914433,0.00000000,0.11456396,0.00000000,0.11466078,0.00000000,0.17989037,0.00000000
SPY25/EFA25/EEM25/AGG25,sens,sens_2009-04-01,2009-04-01,2014-04-01,true,true,"{""*"": 6, ""ACWX"": 3, ""AGG"": 1, ""BIL"": 1, ""BND"": 1.5, ""BTAL"": 6, ""DBC"": 3, ""DBMF"": 3, ""EEM"": 1, ""EFA"": 1, ""IEF"": 1, ""IWM"": 1, ""KMLM"": 6, ""LQD"": 1.5, ""QQQ"": 1, ""SCZ"": 5, ""SHY"": 1, ""SPY"": 0.7, ""TIP"": 2, ""TLT"": 1, ""TQQQ"": 1.5, ""VEA"": 1.5, ""VEU"": 2, ""VNQ"": 1.5, ""VTI"": 1, ""VWO"": 2}",0.03000000,tests/data/2026-08-24-net15,,0.00463406,0.01155921,0.00228310,0.00581549,55543.14131377,40000.00000000,15543.14131377,0.38857853,0.13080808,0.10678604,0.87831228,0.15364088,1.26226739,0.71862837,-0.18202466,589,2009,0.37357487,2011,-0.05654178,55482.69164933,5.26440367,0.17366271,0.00013161,0.24857013,0.24418451,0.24946056,0.24836456,0.24929549,0.24812765,,,,,,,0.24803780,0.24580451
SPY60/AGG40,sens,sens_2009-04-01,2009-04-01,2014-04-01,true,true,"{""*"": 6, ""ACWX"": 3, ""AGG"": 1, ""BIL"": 1, ""BND"": 1.5, ""BTAL"": 6, ""DBC"": 3, ""DBMF"": 3, ""EEM"": 1, ""EFA"": 1, ""IEF"": 1, ""IWM"": 1, ""KMLM"": 6, ""LQD"": 1.5, ""QQQ"": 1, ""SCZ"": 5, ""SHY"": 1, ""SPY"": 0.7, ""TIP"": 2, ""TLT"": 1, ""TQQQ"": 1.5, ""VEA"": 1.5, ""VEU"": 2, ""VNQ"": 1.5, ""VTI"": 1, ""VWO"": 2}",0.03000000,tests/data/2026-08-24-net15,,0.00312347,0.00726272,0.00209957,0.00531780,58979.78658969,40000.00000000,18979.78658969,0.47449466,0.13838123,0.12654422,1.36810216,0.09843906,1.98142581,1.39797579,-0.09898686,174,2009,0.24387708,2014,0.02052888,49610.19568256,4.25122327,0.15356577,0.00010628,0.39862402,0.39518009,,,,,,,,,,,0.59825087,0.59468220
SPY benchmark,sens,sens_2009-04-01,2009-04-01,2014-04-01,true,true,"{""*"": 6, ""ACWX"": 3, ""AGG"": 1, ""BIL"": 1, ""BND"": 1.5, ""BTAL"": 6, ""DBC"": 3, ""DBMF"": 3, ""EEM"": 1, ""EFA"": 1, ""IEF"": 1, ""IWM"": 1, ""KMLM"": 6, ""LQD"": 1.5, ""QQQ"": 1, ""SCZ"": 5, ""SHY"": 1, ""SPY"": 0.7, ""TIP"": 2, ""TLT"": 1, ""TQQQ"": 1.5, ""VEA"": 1.5, ""VEU"": 2, ""VNQ"": 1.5, ""VTI"": 1, ""VWO"": 2}",0.03000000,tests/data/2026-08-24-net15,,0.00169835,0.00431032,0.00169951,0.00431178,71383.60115830,40000.00000000,31383.60115830,0.78459003,0.20412107,0.18998902,1.17357142,0.17104424,1.68620449,1.09121982,-0.18705770,280,2009,0.39194872,2011,0.01598479,39882.84640617,2.79179925,0.11037597,0.00006979,,,,,,,,,,,,,0.99830049,0.99568822
ROT SPY+EFA+EEM+AGG top1 13612W can SPY+EFA+EEM+AGG/1 fb best(LQD+IEF+SHY),sens,sens_2009-10-01,2009-10-01,2014-10-01,false,true,"{""*"": 6, ""ACWX"": 3, ""AGG"": 1, ""BIL"": 1, ""BND"": 1.5, ""BTAL"": 6, ""DBC"": 3, ""DBMF"": 3, ""EEM"": 1, ""EFA"": 1, ""IEF"": 1, ""IWM"": 1, ""KMLM"": 6, ""LQD"": 1.5, ""QQQ"": 1, ""SCZ"": 5, ""SHY"": 1, ""SPY"": 0.7, ""TIP"": 2, ""TLT"": 1, ""TQQQ"": 1.5, ""VEA"": 1.5, ""VEU"": 2, ""VNQ"": 1.5, ""VTI"": 1, ""VWO"": 2}",0.03000000,tests/data/2026-08-24-net15,13612W,0.00138217,0.00452053,0.00145063,0.00460406,49492.01601825,40000.00000000,9492.01601825,0.23730040,0.07443172,0.06903011,0.59270902,0.13721674,0.83187782,0.34429269,-0.21618735,904,2012,0.22693321,2010,-0.02151449,2588806.54195337,256.74172790,8.83864486,0.00641854,0.00000000,0.00000000,0.19655247,0.00000000,0.13103496,0.00000000,0.17995557,0.00000000,0.13097806,0.00000000,0.16375917,0.00000000,0.19626914,0.00000000
ROT SPY+EFA+EEM+AGG top1 1-3-6-12U can SPY+EFA+EEM+AGG/1 fb best(LQD+IEF+SHY),sens,sens_2009-10-01,2009-10-01,2014-10-01,false,true,"{""*"": 6, ""ACWX"": 3, ""AGG"": 1, ""BIL"": 1, ""BND"": 1.5, ""BTAL"": 6, ""DBC"": 3, ""DBMF"": 3, ""EEM"": 1, ""EFA"": 1, ""IEF"": 1, ""IWM"": 1, ""KMLM"": 6, ""LQD"": 1.5, ""QQQ"": 1, ""SCZ"": 5, ""SHY"": 1, ""SPY"": 0.7, ""TIP"": 2, ""TLT"": 1, ""TQQQ"": 1.5, ""VEA"": 1.5, ""VEU"": 2, ""VNQ"": 1.5, ""VTI"": 1, ""VWO"": 2}",0.03000000,tests/data/2026-08-24-net15,1-3-6-12U,0.00158040,0.00476067,0.00161748,0.00476142,44224.48006860,40000.00000000,4224.48006860,0.10561200,0.03449874,0.03246385,0.29236122,0.16008177,0.40228059,0.15565388,-0.22163750,1065,2009,0.10411669,2011,-0.06069574,1259867.98960346,127.94762449,4.71247112,0.00319869,0.00000000,0.00000000,0.26201397,0.00000000,0.08187507,0.00000000,0.19629833,0.00000000,0.11458745,0.00000000,0.11464403,0.00000000,0.22896367,0.00000000
SPY25/EFA25/EEM25/AGG25,sens,sens_2009-10-01,2009-10-01,2014-10-01,true,true,"{""*"": 6, ""ACWX"": 3, ""AGG"": 1, ""BIL"": 1, ""BND"": 1.5, ""BTAL"": 6, ""DBC"": 3, ""DBMF"": 3, ""EEM"": 1, ""EFA"": 1, ""IEF"": 1, ""IWM"": 1, ""KMLM"": 6, ""LQD"": 1.5, ""QQQ"": 1, ""SCZ"": 5, ""SHY"": 1, ""SPY"": 0.7, ""TIP"": 2, ""TLT"": 1, ""TQQQ"": 1.5, ""VEA"": 1.5, ""VEU"": 2, ""VNQ"": 1.5, ""VTI"": 1, ""VWO"": 2}",0.03000000,tests/data/2026-08-24-net15,,0.00520683,0.01232278,0.00264643,0.00572342,49713.06392154,40000.00000000,9713.06392154,0.24282660,0.07355957,0.07048275,0.57109533,0.14220095,0.80332466,0.40369110,-0.18221746,590,2012,0.14124191,2011,-0.05693581,50239.61664032,4.74925398,0.17400442,0.00011873,0.24856130,0.24520001,0.24935508,0.24770471,0.24923464,0.24762105,,,,,,,0.24764018,0.24427658
SPY60/AGG40,sens,sens_2009-10-01,2009-10-01,2014-10-01,true,true,"{""*"": 6, ""ACWX"": 3, ""AGG"": 1, ""BIL"": 1, ""BND"": 1.5, ""BTAL"": 6, ""DBC"": 3, ""DBMF"": 3, ""EEM"": 1, ""EFA"": 1, ""IEF"": 1, ""IWM"": 1, ""KMLM"": 6, ""LQD"": 1.5, ""QQQ"": 1, ""SCZ"": 5, ""SHY"": 1, ""SPY"": 0.7, ""TIP"": 2, ""TLT"": 1, ""TQQQ"": 1.5, ""VEA"": 1.5, ""VEU"": 2, ""VNQ"": 1.5, ""VTI"": 1, ""VWO"": 2}",0.03000000,tests/data/2026-08-24-net15,,0.00396155,0.00956696,0.00267593,0.00640227,55687.72534604,40000.00000000,15687.72534604,0.39219313,0.10777952,0.10761355,1.16957972,0.09122024,1.66722713,1.08930722,-0.09894318,174,2013,0.17137156,2011,0.04100569,45557.93206993,3.89022453,0.14839105,0.00009726,0.39834773,0.39492141,,,,,,,,,,,0.59768909,0.59359773
SPY benchmark,sens,sens_2009-10-01,2009-10-01,2014-10-01,true,true,"{""*"": 6, ""ACWX"": 3, ""AGG"": 1, ""BIL"": 1, ""BND"": 1.5, ""BTAL"": 6, ""DBC"": 3, ""DBMF"": 3, ""EEM"": 1, ""EFA"": 1, ""IEF"": 1, ""IWM"": 1, ""KMLM"": 6, ""LQD"": 1.5, ""QQQ"": 1, ""SCZ"": 5, ""SHY"": 1, ""SPY"": 0.7, ""TIP"": 2, ""TLT"": 1, ""TQQQ"": 1.5, ""VEA"": 1.5, ""VEU"": 2, ""VNQ"": 1.5, ""VTI"": 1, ""VWO"": 2}",0.03000000,tests/data/2026-08-24-net15,,0.00174396,0.00607689,0.00174518,0.00607812,64841.10746127,40000.00000000,24841.10746127,0.62102769,0.15490658,0.15787345,0.98622261,0.15914707,1.39292879,0.82916110,-0.18682326,280,2013,0.31868699,2011,0.01595359,39953.72006370,2.79676040,0.11891691,0.00006992,,,,,,,,,,,,,0.99825482,0.99392188
ROT SPY+EFA+EEM+AGG top1 13612W can SPY+EFA+EEM+AGG/1 fb best(LQD+IEF+SHY),sens,sens_2010-04-01,2010-04-01,2015-04-01,false,true,"{""*"": 6, ""ACWX"": 3, ""AGG"": 1, ""BIL"": 1, ""BND"": 1.5, ""BTAL"": 6, ""DBC"": 3, ""DBMF"": 3, ""EEM"": 1, ""EFA"": 1, ""IEF"": 1, ""IWM"": 1, ""KMLM"": 6, ""LQD"": 1.5, ""QQQ"": 1, ""SCZ"": 5, ""SHY"": 1, ""SPY"": 0.7, ""TIP"": 2, ""TLT"": 1, ""TQQQ"": 1.5, ""VEA"": 1.5, ""VEU"": 2, ""VNQ"": 1.5, ""VTI"": 1, ""VWO"": 2}",0.03000000,tests/data/2026-08-24-net15,13612W,0.00176092,0.00910586,0.00182950,0.00918800,46592.34312486,40000.00000000,6592.34312486,0.16480858,0.03242452,0.04940471,0.32270508,0.12219037,0.44408257,0.15037129,-0.21562976,902,2012,0.22670620,2010,-0.13175887,2336323.18982010,228.41537593,8.58408930,0.00571038,0.00000000,0.00000000,0.13095620,0.00000000,0.13105341,0.00000000,0.26184429,0.00000000,0.09817429,0.00000000,0.16361123,0.00000000,0.21253108,0.00000000
ROT SPY+EFA+EEM+AGG top1 1-3-6-12U can SPY+EFA+EEM+AGG/1 fb best(LQD+IEF+SHY),sens,sens_2010-04-01,2010-04-01,2015-04-01,false,true,"{""*"": 6, ""ACWX"": 3, ""AGG"": 1, ""BIL"": 1, ""BND"": 1.5, ""BTAL"": 6, ""DBC"": 3, ""DBMF"": 3, ""EEM"": 1, ""EFA"": 1, ""IEF"": 1, ""IWM"": 1, ""KMLM"": 6, ""LQD"": 1.5, ""QQQ"": 1, ""SCZ"": 5, ""SHY"": 1, ""SPY"": 0.7, ""TIP"": 2, ""TLT"": 1, ""TQQQ"": 1.5, ""VEA"": 1.5, ""VEU"": 2, ""VNQ"": 1.5, ""VTI"": 1, ""VWO"": 2}",0.03000000,tests/data/2026-08-24-net15,1-3-6-12U,0.00172119,0.00674913,0.00176292,0.00675007,43093.55246595,40000.00000000,3093.55246595,0.07733881,0.01003198,0.02408438,0.14151727,0.14004040,0.19185602,0.04538491,-0.22104222,1065,2012,0.10042790,2011,-0.06065875,1310088.52982112,132.44809828,5.13330931,0.00331120,0.00000000,0.00000000,0.16372421,0.00000000,0.08187836,0.00000000,0.26185853,0.00000000,0.13096581,0.00000000,0.11463203,0.00000000,0.24517815,0.00000000
SPY25/EFA25/EEM25/AGG25,sens,sens_2010-04-01,2010-04-01,2015-04-01,true,true,"{""*"": 6, ""ACWX"": 3, ""AGG"": 1, ""BIL"": 1, ""BND"": 1.5, ""BTAL"": 6, ""DBC"": 3, ""DBMF"": 3, ""EEM"": 1, ""EFA"": 1, ""IEF"": 1, ""IWM"": 1, ""KMLM"": 6, ""LQD"": 1.5, ""QQQ"": 1, ""SCZ"": 5, ""SHY"": 1, ""SPY"": 0.7, ""TIP"": 2, ""TLT"": 1, ""TQQQ"": 1.5, ""VEA"": 1.5, ""VEU"": 2, ""VNQ"": 1.5, ""VTI"": 1, ""VWO"": 2}",0.03000000,tests/data/2026-08-24-net15,,0.00540898,0.01472782,0.00270715,0.00785265,48956.95183979,40000.00000000,8956.95183979,0.22392380,0.06159250,0.06551364,0.50212158,0.13827061,0.70672539,0.33889774,-0.18174360,589,2012,0.14128025,2011,-0.05601334,49607.71752362,4.67651173,0.17643913,0.00011691,0.24839644,0.24441840,0.24921543,0.24773731,0.24917900,0.24699682,,,,,,,0.24779816,0.24214735
SPY60/AGG40,sens,sens_2010-04-01,2010-04-01,2015-04-01,true,true,"{""*"": 6, ""ACWX"": 3, ""AGG"": 1, ""BIL"": 1, ""BND"": 1.5, ""BTAL"": 6, ""DBC"": 3, ""DBMF"": 3, ""EEM"": 1, ""EFA"": 1, ""IEF"": 1, ""IWM"": 1, ""KMLM"": 6, ""LQD"": 1.5, ""QQQ"": 1, ""SCZ"": 5, ""SHY"": 1, ""SPY"": 0.7, ""TIP"": 2, ""TLT"": 1, ""TQQQ"": 1.5, ""VEA"": 1.5, ""VEU"": 2, ""VNQ"": 1.5, ""VTI"": 1, ""VWO"": 2}",0.03000000,tests/data/2026-08-24-net15,,0.00370132,0.00909526,0.00254534,0.00608302,55097.02875983,40000.00000000,15097.02875983,0.37742572,0.09933136,0.10415165,1.09195357,0.09063178,1.56218845,1.00368228,-0.09896693,174,2013,0.17114299,2015,0.01058893,45451.61520528,3.86415925,0.15023073,0.00009660,0.39843760,0.39486696,,,,,,,,,,,0.59785946,0.59391698
SPY benchmark,sens,sens_2010-04-01,2010-04-01,2015-04-01,true,true,"{""*"": 6, ""ACWX"": 3, ""AGG"": 1, ""BIL"": 1, ""BND"": 1.5, ""BTAL"": 6, ""DBC"": 3, ""DBMF"": 3, ""EEM"": 1, ""EFA"": 1, ""IEF"": 1, ""IWM"": 1, ""KMLM"": 6, ""LQD"": 1.5, ""QQQ"": 1, ""SCZ"": 5, ""SHY"": 1, ""SPY"": 0.7, ""TIP"": 2, ""TLT"": 1, ""TQQQ"": 1.5, ""VEA"": 1.5, ""VEU"": 2, ""VNQ"": 1.5, ""VTI"": 1, ""VWO"": 2}",0.03000000,tests/data/2026-08-24-net15,,0.00243937,0.00766134,0.00244062,0.00766300,63157.70670437,40000.00000000,23157.70670437,0.57894267,0.13716624,0.14919646,0.89335694,0.15814633,1.26628720,0.73348504,-0.18700619,284,2013,0.31841614,2015,0.00462628,39862.20321141,2.79035422,0.12134770,0.00006976,,,,,,,,,,,,,0.99755938,0.99233700
ROT SPY+EFA+EEM+AGG top1 13612W can SPY+EFA+EEM+AGG/1 fb best(LQD+IEF+SHY),sens,sens_2010-10-01,2010-10-01,2015-10-01,false,true,"{""*"": 6, ""ACWX"": 3, ""AGG"": 1, ""BIL"": 1, ""BND"": 1.5, ""BTAL"": 6, ""DBC"": 3, ""DBMF"": 3, ""EEM"": 1, ""EFA"": 1, ""IEF"": 1, ""IWM"": 1, ""KMLM"": 6, ""LQD"": 1.5, ""QQQ"": 1, ""SCZ"": 5, ""SHY"": 1, ""SPY"": 0.7, ""TIP"": 2, ""TLT"": 1, ""TQQQ"": 1.5, ""VEA"": 1.5, ""VEU"": 2, ""VNQ"": 1.5, ""VTI"": 1, ""VWO"": 2}",0.03000000,tests/data/2026-08-24-net15,13612W,0.00156444,0.00607111,0.00162873,0.00615410,47193.48099629,40000.00000000,7193.48099629,0.17983702,0.05266536,0.05356016,0.52713832,0.10874249,0.73322520,0.28844530,-0.18258351,515,2012,0.22680550,2010,-0.04914170,2227175.68113712,218.54530137,7.80591383,0.00546363,0.00000000,0.00000000,0.09823804,0.00000000,0.13102050,0.00000000,0.26183323,0.00000000,0.09825743,0.00000000,0.21276328,0.00000000,0.19625878,0.00000000
ROT SPY+EFA+EEM+AGG top1 1-3-6-12U can SPY+EFA+EEM+AGG/1 fb best(LQD+IEF+SHY),sens,sens_2010-10-01,2010-10-01,2015-10-01,false,true,"{""*"": 6, ""ACWX"": 3, ""AGG"": 1, ""BIL"": 1, ""BND"": 1.5, ""BTAL"": 6, ""DBC"": 3, ""DBMF"": 3, ""EEM"": 1, ""EFA"": 1, ""IEF"": 1, ""IWM"": 1, ""KMLM"": 6, ""LQD"": 1.5, ""QQQ"": 1, ""SCZ"": 5, ""SHY"": 1, ""SPY"": 0.7, ""TIP"": 2, ""TLT"": 1, ""TQQQ"": 1.5, ""VEA"": 1.5, ""VEU"": 2, ""VNQ"": 1.5, ""VTI"": 1, ""VWO"": 2}",0.03000000,tests/data/2026-08-24-net15,1-3-6-12U,0.00177199,0.00650357,0.00181380,0.00650470,41685.47691077,40000.00000000,1685.47691077,0.04213692,0.02093076,0.01333229,0.23165477,0.12160774,0.30845162,0.11109164,-0.18840983,598,2012,0.10032444,2011,-0.06054524,1452097.12660086,146.66339931,5.45707497,0.00366658,0.00000000,0.00000000,0.13103686,0.00000000,0.08185298,0.00000000,0.27827629,0.00000000,0.13089051,0.00000000,0.13101047,0.00000000,0.24511909,0.00000000
SPY25/EFA25/EEM25/AGG25,sens,sens_2010-10-01,2010-10-01,2015-10-01,true,true,"{""*"": 6, ""ACWX"": 3, ""AGG"": 1, ""BIL"": 1, ""BND"": 1.5, ""BTAL"": 6, ""DBC"": 3, ""DBMF"": 3, ""EEM"": 1, ""EFA"": 1, ""IEF"": 1, ""IWM"": 1, ""KMLM"": 6, ""LQD"": 1.5, ""QQQ"": 1, ""SCZ"": 5, ""SHY"": 1, ""SPY"": 0.7, ""TIP"": 2, ""TLT"": 1, ""TQQQ"": 1.5, ""VEA"": 1.5, ""VEU"": 2, ""VNQ"": 1.5, ""VTI"": 1, ""VWO"": 2}",0.03000000,tests/data/2026-08-24-net15,,0.00629603,0.01461644,0.00309371,0.00706881,43330.42690211,40000.00000000,3330.42690211,0.08326067,0.03714762,0.02585344,0.34314699,0.13179843,0.47512736,0.20444630,-0.18169867,589,2012,0.14126793,2015,-0.05993128,50596.65759886,4.76518700,0.18078271,0.00011913,0.24793218,0.24330891,0.24918883,0.24773175,0.24901529,0.24693709,,,,,,,0.24756566,0.24293119
SPY60/AGG40,sens,sens_2010-10-01,2010-10-01,2015-10-01,true,true,"{""*"": 6, ""ACWX"": 3, ""AGG"": 1, ""BIL"": 1, ""BND"": 1.5, ""BTAL"": 6, ""DBC"": 3, ""DBMF"": 3, ""EEM"": 1, ""EFA"": 1, ""IEF"": 1, ""IWM"": 1, ""KMLM"": 6, ""LQD"": 1.5, ""QQQ"": 1, ""SCZ"": 5, ""SHY"": 1, ""SPY"": 0.7, ""TIP"": 2, ""TLT"": 1, ""TQQQ"": 1.5, ""VEA"": 1.5, ""VEU"": 2, ""VNQ"": 1.5, ""VTI"": 1, ""VWO"": 2}",0.03000000,tests/data/2026-08-24-net15,,0.00447883,0.00994563,0.00317586,0.00746403,50953.34121047,40000.00000000,10953.34121047,0.27383353,0.08771595,0.07853549,1.01121106,0.08702990,1.43275891,0.88878414,-0.09869208,173,2013,0.17083981,2015,-0.02777967,44957.69931544,3.82878057,0.14705092,0.00009572,0.39843590,0.39525103,,,,,,,,,,,0.59708367,0.59253597
SPY benchmark,sens,sens_2010-10-01,2010-10-01,2015-10-01,true,true,"{""*"": 6, ""ACWX"": 3, ""AGG"": 1, ""BIL"": 1, ""BND"": 1.5, ""BTAL"": 6, ""DBC"": 3, ""DBMF"": 3, ""EEM"": 1, ""EFA"": 1, ""IEF"": 1, ""IWM"": 1, ""KMLM"": 6, ""LQD"": 1.5, ""QQQ"": 1, ""SCZ"": 5, ""SHY"": 1, ""SPY"": 0.7, ""TIP"": 2, ""TLT"": 1, ""TQQQ"": 1.5, ""VEA"": 1.5, ""VEU"": 2, ""VNQ"": 1.5, ""VTI"": 1, ""VWO"": 2}",0.03000000,tests/data/2026-08-24-net15,,0.00199423,0.00744975,0.00199545,0.00745126,56972.85579898,40000.00000000,16972.85579898,0.42432139,0.12810554,0.11513124,0.87160644,0.15176788,1.22575571,0.68600221,-0.18674216,280,2013,0.31874370,2015,-0.05352729,39913.52435975,2.79394671,0.11756119,0.00006985,,,,,,,,,,,,,0.99800455,0.99254874
ROT SPY+EFA+EEM+AGG top1 13612W can SPY+EFA+EEM+AGG/1 fb best(LQD+IEF+SHY),sens,sens_2011-04-01,2011-04-01,2016-04-01,false,true,"{""*"": 6, ""ACWX"": 3, ""AGG"": 1, ""BIL"": 1, ""BND"": 1.5, ""BTAL"": 6, ""DBC"": 3, ""DBMF"": 3, ""EEM"": 1, ""EFA"": 1, ""IEF"": 1, ""IWM"": 1, ""KMLM"": 6, ""LQD"": 1.5, ""QQQ"": 1, ""SCZ"": 5, ""SHY"": 1, ""SPY"": 0.7, ""TIP"": 2, ""TLT"": 1, ""TQQQ"": 1.5, ""VEA"": 1.5, ""VEU"": 2, ""VNQ"": 1.5, ""VTI"": 1, ""VWO"": 2}",0.03000000,tests/data/2026-08-24-net15,13612W,0.00168171,0.00685514,0.00174841,0.00693754,46909.61872523,40000.00000000,6909.61872523,0.17274047,0.06352204,0.05157415,0.66718090,0.10008515,0.94400218,0.63358738,-0.10025774,,2012,0.22654517,2015,-0.00521538,2369269.20912500,235.64745894,8.10821519,0.00589119,0.00000000,0.00000000,0.08190156,0.00000000,0.13101381,0.00000000,0.27808261,0.00000000,0.11458212,0.00000000,0.19656720,0.00000000,0.19610429,0.00000000
ROT SPY+EFA+EEM+AGG top1 1-3-6-12U can SPY+EFA+EEM+AGG/1 fb best(LQD+IEF+SHY),sens,sens_2011-04-01,2011-04-01,2016-04-01,false,true,"{""*"": 6, ""ACWX"": 3, ""AGG"": 1, ""BIL"": 1, ""BND"": 1.5, ""BTAL"": 6, ""DBC"": 3, ""DBMF"": 3, ""EEM"": 1, ""EFA"": 1, ""IEF"": 1, ""IWM"": 1, ""KMLM"": 6, ""LQD"": 1.5, ""QQQ"": 1, ""SCZ"": 5, ""SHY"": 1, ""SPY"": 0.7, ""TIP"": 2, ""TLT"": 1, ""TQQQ"": 1.5, ""VEA"": 1.5, ""VEU"": 2, ""VNQ"": 1.5, ""VTI"": 1, ""VWO"": 2}",0.03000000,tests/data/2026-08-24-net15,1-3-6-12U,0.00196525,0.00866144,0.00200742,0.00874395,42198.88498574,40000.00000000,2198.88498574,0.05497212,0.01674542,0.01728217,0.20746438,0.10908439,0.27433356,0.08911775,-0.18790221,598,2012,0.10018910,2015,-0.06354744,1331364.99401330,136.70500853,5.12003723,0.00341763,0.00000000,0.00000000,0.06552012,0.00000000,0.08179672,0.00000000,0.35989661,0.00000000,0.14731855,0.00000000,0.13098639,0.00000000,0.21247418,0.00000000
SPY25/EFA25/EEM25/AGG25,sens,sens_2011-04-01,2011-04-01,2016-04-01,true,true,"{""*"": 6, ""ACWX"": 3, ""AGG"": 1, ""BIL"": 1, ""BND"": 1.5, ""BTAL"": 6, ""DBC"": 3, ""DBMF"": 3, ""EEM"": 1, ""EFA"": 1, ""IEF"": 1, ""IWM"": 1, ""KMLM"": 6, ""LQD"": 1.5, ""QQQ"": 1, ""SCZ"": 5, ""SHY"": 1, ""SPY"": 0.7, ""TIP"": 2, ""TLT"": 1, ""TQQQ"": 1.5, ""VEA"": 1.5, ""VEU"": 2, ""VNQ"": 1.5, ""VTI"": 1, ""VWO"": 2}",0.03000000,tests/data/2026-08-24-net15,,0.00657830,0.01865212,0.00336886,0.00829509,43456.08417029,40000.00000000,3456.08417029,0.08640210,0.02734042,0.02677830,0.26966576,0.13328229,0.37450030,0.15061152,-0.18152943,590,2012,0.14098426,2011,-0.08974999,49635.93232847,4.67262925,0.18382365,0.00011682,0.24788470,0.24305898,0.24941361,0.24730757,0.24896782,0.24621694,,,,,,,0.24715355,0.24170491
SPY60/AGG40,sens,sens_2011-04-01,2011-04-01,2016-04-01,true,true,"{""*"": 6, ""ACWX"": 3, ""AGG"": 1, ""BIL"": 1, ""BND"": 1.5, ""BTAL"": 6, ""DBC"": 3, ""DBMF"": 3, ""EEM"": 1, ""EFA"": 1, ""IEF"": 1, ""IWM"": 1, ""KMLM"": 6, ""LQD"": 1.5, ""QQQ"": 1, ""SCZ"": 5, ""SHY"": 1, ""SPY"": 0.7, ""TIP"": 2, ""TLT"": 1, ""TQQQ"": 1.5, ""VEA"": 1.5, ""VEU"": 2, ""VNQ"": 1.5, ""VTI"": 1, ""VWO"": 2}",0.03000000,tests/data/2026-08-24-net15,,0.00429541,0.01064366,0.00283364,0.00664081,51212.82141659,40000.00000000,11212.82141659,0.28032054,0.08134543,0.08015553,0.92301786,0.08930076,1.31131456,0.82680059,-0.09838579,173,2013,0.17104100,2011,0.00371727,46042.02592537,3.88484223,0.15462869,0.00009712,0.39823348,0.39494447,,,,,,,,,,,0.59746949,0.59335919
SPY benchmark,sens,sens_2011-04-01,2011-04-01,2016-04-01,true,true,"{""*"": 6, ""ACWX"": 3, ""AGG"": 1, ""BIL"": 1, ""BND"": 1.5, ""BTAL"": 6, ""DBC"": 3, ""DBMF"": 3, ""EEM"": 1, ""EFA"": 1, ""IEF"": 1, ""IWM"": 1, ""KMLM"": 6, ""LQD"": 1.5, ""QQQ"": 1, ""SCZ"": 5, ""SHY"": 1, ""SPY"": 0.7, ""TIP"": 2, ""TLT"": 1, ""TQQQ"": 1.5, ""VEA"": 1.5, ""VEU"": 2, ""VNQ"": 1.5, ""VTI"": 1, ""VWO"": 2}",0.03000000,tests/data/2026-08-24-net15,,0.00293036,0.00978623,0.00293162,0.00978764,56679.42090531,40000.00000000,16679.42090531,0.41698552,0.11112208,0.11337717,0.75680190,0.15569168,1.06506386,0.59568759,-0.18654422,284,2013,0.31795236,2011,-0.04430152,39954.30709471,2.79680150,0.12379417,0.00006992,,,,,,,,,,,,,0.99706838,0.99021236
ROT SPY+EFA+EEM+AGG top1 13612W can SPY+EFA+EEM+AGG/1 fb best(LQD+IEF+SHY),sens,sens_2011-10-03,2011-10-03,2016-09-30,false,true,"{""*"": 6, ""ACWX"": 3, ""AGG"": 1, ""BIL"": 1, ""BND"": 1.5, ""BTAL"": 6, ""DBC"": 3, ""DBMF"": 3, ""EEM"": 1, ""EFA"": 1, ""IEF"": 1, ""IWM"": 1, ""KMLM"": 6, ""LQD"": 1.5, ""QQQ"": 1, ""SCZ"": 5, ""SHY"": 1, ""SPY"": 0.7, ""TIP"": 2, ""TLT"": 1, ""TQQQ"": 1.5, ""VEA"": 1.5, ""VEU"": 2, ""VNQ"": 1.5, ""VTI"": 1, ""VWO"": 2}",0.03000000,tests/data/2026-08-24-net15,13612W,0.00170388,0.00676668,0.00176972,0.00676780,47110.86464948,39500.00000000,7610.86464948,0.19268012,0.06997249,0.05646202,0.71816548,0.10146146,1.02916093,0.53692496,-0.13032080,,2012,0.22680574,2011,-0.00770722,2157355.43977091,219.62589360,7.47934914,0.00556015,0.00000000,0.00000000,0.13324346,0.00000000,0.09992755,0.00000000,0.24952179,0.00000000,0.14978624,0.00000000,0.18302412,0.00000000,0.18272712,0.00000000
ROT SPY+EFA+EEM+AGG top1 1-3-6-12U can SPY+EFA+EEM+AGG/1 fb best(LQD+IEF+SHY),sens,sens_2011-10-03,2011-10-03,2016-09-30,false,true,"{""*"": 6, ""ACWX"": 3, ""AGG"": 1, ""BIL"": 1, ""BND"": 1.5, ""BTAL"": 6, ""DBC"": 3, ""DBMF"": 3, ""EEM"": 1, ""EFA"": 1, ""IEF"": 1, ""IWM"": 1, ""KMLM"": 6, ""LQD"": 1.5, ""QQQ"": 1, ""SCZ"": 5, ""SHY"": 1, ""SPY"": 0.7, ""TIP"": 2, ""TLT"": 1, ""TQQQ"": 1.5, ""VEA"": 1.5, ""VEU"": 2, ""VNQ"": 1.5, ""VTI"": 1, ""VWO"": 2}",0.03000000,tests/data/2026-08-24-net15,1-3-6-12U,0.00174639,0.00530645,0.00178740,0.00530703,45572.88482815,39500.00000000,6072.88482815,0.15374392,0.04685822,0.04578288,0.58445670,0.08457398,0.80799888,0.32755560,-0.14305424,732,2016,0.14065064,2015,-0.06344453,1238583.39033644,130.54831697,4.61450206,0.00330502,0.00000000,0.00000000,0.09992613,0.00000000,0.03329147,0.00000000,0.34944254,0.00000000,0.19968700,0.00000000,0.13313410,0.00000000,0.18273136,0.00000000
SPY25/EFA25/EEM25/AGG25,sens,sens_2011-10-03,2011-10-03,2016-09-30,true,true,"{""*"": 6, ""ACWX"": 3, ""AGG"": 1, ""BIL"": 1, ""BND"": 1.5, ""BTAL"": 6, ""DBC"": 3, ""DBMF"": 3, ""EEM"": 1, ""EFA"": 1, ""IEF"": 1, ""IWM"": 1, ""KMLM"": 6, ""LQD"": 1.5, ""QQQ"": 1, ""SCZ"": 5, ""SHY"": 1, ""SPY"": 0.7, ""TIP"": 2, ""TLT"": 1, ""TQQQ"": 1.5, ""VEA"": 1.5, ""VEU"": 2, ""VNQ"": 1.5, ""VTI"": 1, ""VWO"": 2}",0.03000000,tests/data/2026-08-24-net15,,0.00667945,0.01390829,0.00383156,0.00730276,47306.21396542,39500.00000000,7806.21396542,0.19762567,0.07722496,0.05779501,0.67090667,0.12213561,0.96523612,0.44078763,-0.17519766,,2012,0.14087199,2015,-0.04155674,48939.33046780,4.62178248,0.16763234,0.00011701,0.24827751,0.24279745,0.24936612,0.24835185,0.24920237,0.24769359,,,,,,,0.24647263,0.24269724
SPY60/AGG40,sens,sens_2011-10-03,2011-10-03,2016-09-30,true,true,"{""*"": 6, ""ACWX"": 3, ""AGG"": 1, ""BIL"": 1, ""BND"": 1.5, ""BTAL"": 6, ""DBC"": 3, ""DBMF"": 3, ""EEM"": 1, ""EFA"": 1, ""IEF"": 1, ""IWM"": 1, ""KMLM"": 6, ""LQD"": 1.5, ""QQQ"": 1, ""SCZ"": 5, ""SHY"": 1, ""SPY"": 0.7, ""TIP"": 2, ""TLT"": 1, ""TQQQ"": 1.5, ""VEA"": 1.5, ""VEU"": 2, ""VNQ"": 1.5, ""VTI"": 1, ""VWO"": 2}",0.03000000,tests/data/2026-08-24-net15,,0.00392670,0.01104320,0.00279995,0.00678432,52622.93902896,39500.00000000,13122.93902896,0.33222630,0.10890411,0.09223417,1.32260978,0.08072575,1.95442696,1.50500401,-0.07236134,314,2013,0.17103965,2015,0.00832314,45275.51869551,3.84380496,0.14496509,0.00009731,0.39861267,0.39562305,,,,,,,,,,,0.59745903,0.59321568
SPY benchmark,sens,sens_2011-10-03,2011-10-03,2016-09-30,true,true,"{""*"": 6, ""ACWX"": 3, ""AGG"": 1, ""BIL"": 1, ""BND"": 1.5, ""BTAL"": 6, ""DBC"": 3, ""DBMF"": 3, ""EEM"": 1, ""EFA"": 1, ""IEF"": 1, ""IWM"": 1, ""KMLM"": 6, ""LQD"": 1.5, ""QQQ"": 1, ""SCZ"": 5, ""SHY"": 1, ""SPY"": 0.7, ""TIP"": 2, ""TLT"": 1, ""TQQQ"": 1.5, ""VEA"": 1.5, ""VEU"": 2, ""VNQ"": 1.5, ""VTI"": 1, ""VWO"": 2}",0.03000000,tests/data/2026-08-24-net15,,0.00204534,0.00664343,0.00204651,0.00664449,60321.55213868,39500.00000000,20821.55213868,0.52712790,0.16497815,0.13678748,1.17116636,0.13879520,1.71466307,1.25161379,-0.13181235,334,2013,0.31835937,2015,0.00918643,39462.43025412,2.76237012,0.11095938,0.00006993,,,,,,,,,,,,,0.99795349,0.99335551
ROT SPY+EFA+EEM+AGG top1 13612W can SPY+EFA+EEM+AGG/1 fb best(LQD+IEF+SHY),sens,sens_2012-04-02,2012-04-02,2017-03-31,false,true,"{""*"": 6, ""ACWX"": 3, ""AGG"": 1, ""BIL"": 1, ""BND"": 1.5, ""BTAL"": 6, ""DBC"": 3, ""DBMF"": 3, ""EEM"": 1, ""EFA"": 1, ""IEF"": 1, ""IWM"": 1, ""KMLM"": 6, ""LQD"": 1.5, ""QQQ"": 1, ""SCZ"": 5, ""SHY"": 1, ""SPY"": 0.7, ""TIP"": 2, ""TLT"": 1, ""TQQQ"": 1.5, ""VEA"": 1.5, ""VEU"": 2, ""VNQ"": 1.5, ""VTI"": 1, ""VWO"": 2}",0.03000000,tests/data/2026-08-24-net15,13612W,0.00173507,0.00750216,0.00179544,0.00758447,44150.87398586,39500.00000000,4650.87398586,0.11774365,0.04583476,0.03561889,0.53735350,0.09125465,0.75821025,0.35195987,-0.13022722,,2012,0.09833720,2015,-0.00519023,1874664.27951218,189.28805882,6.83367705,0.00479210,0.00000000,0.00000000,0.13326644,0.00000000,0.09984501,0.00000000,0.21623420,0.00000000,0.13300000,0.00000000,0.24965601,0.00000000,0.16620290,0.00000000
ROT SPY+EFA+EEM+AGG top1 1-3-6-12U can SPY+EFA+EEM+AGG/1 fb best(LQD+IEF+SHY),sens,sens_2012-04-02,2012-04-02,2017-03-31,false,true,"{""*"": 6, ""ACWX"": 3, ""AGG"": 1, ""BIL"": 1, ""BND"": 1.5, ""BTAL"": 6, ""DBC"": 3, ""DBMF"": 3, ""EEM"": 1, ""EFA"": 1, ""IEF"": 1, ""IWM"": 1, ""KMLM"": 6, ""LQD"": 1.5, ""QQQ"": 1, ""SCZ"": 5, ""SHY"": 1, ""SPY"": 0.7, ""TIP"": 2, ""TLT"": 1, ""TQQQ"": 1.5, ""VEA"": 1.5, ""VEU"": 2, ""VNQ"": 1.5, ""VTI"": 1, ""VWO"": 2}",0.03000000,tests/data/2026-08-24-net15,1-3-6-12U,0.00205689,0.00630656,0.00210168,0.00641329,42715.99062215,39500.00000000,3215.99062215,0.08141748,0.03080056,0.02502484,0.40400176,0.08390089,0.55169767,0.21508809,-0.14319973,732,2016,0.09497696,2015,-0.06359736,1295238.44959313,138.26794261,4.90448986,0.00350045,0.00000000,0.00000000,0.11657152,0.00000000,0.03328219,0.00000000,0.26612516,0.00000000,0.21626968,0.00000000,0.18303818,0.00000000,0.18261157,0.00000000
SPY25/EFA25/EEM25/AGG25,sens,sens_2012-04-02,2012-04-02,2017-03-31,true,true,"{""*"": 6, ""ACWX"": 3, ""AGG"": 1, ""BIL"": 1, ""BND"": 1.5, ""BTAL"": 6, ""DBC"": 3, ""DBMF"": 3, ""EEM"": 1, ""EFA"": 1, ""IEF"": 1, ""IWM"": 1, ""KMLM"": 6, ""LQD"": 1.5, ""QQQ"": 1, ""SCZ"": 5, ""SHY"": 1, ""SPY"": 0.7, ""TIP"": 2, ""TLT"": 1, ""TQQQ"": 1.5, ""VEA"": 1.5, ""VEU"": 2, ""VNQ"": 1.5, ""VTI"": 1, ""VWO"": 2}",0.03000000,tests/data/2026-08-24-net15,,0.00705429,0.01810053,0.00372561,0.00927680,46293.13993749,39500.00000000,6793.13993749,0.17197823,0.04961481,0.05084703,0.49742362,0.10953723,0.70058786,0.28325991,-0.17515650,659,2013,0.10692014,2015,-0.04163444,45947.63982681,4.33102173,0.16956168,0.00010965,0.24827416,0.24438144,0.24920479,0.24716055,0.24902786,0.24731469,,,,,,,0.24643697,0.24072320
SPY60/AGG40,sens,sens_2012-04-02,2012-04-02,2017-03-31,true,true,"{""*"": 6, ""ACWX"": 3, ""AGG"": 1, ""BIL"": 1, ""BND"": 1.5, ""BTAL"": 6, ""DBC"": 3, ""DBMF"": 3, ""EEM"": 1, ""EFA"": 1, ""IEF"": 1, ""IWM"": 1, ""KMLM"": 6, ""LQD"": 1.5, ""QQQ"": 1, ""SCZ"": 5, ""SHY"": 1, ""SPY"": 0.7, ""TIP"": 2, ""TLT"": 1, ""TQQQ"": 1.5, ""VEA"": 1.5, ""VEU"": 2, ""VNQ"": 1.5, ""VTI"": 1, ""VWO"": 2}",0.03000000,tests/data/2026-08-24-net15,,0.00465299,0.01497254,0.00319784,0.00846631,50918.32808616,39500.00000000,11418.32808616,0.28907160,0.08348020,0.08159268,1.12030603,0.07411294,1.62259896,1.15024770,-0.07257584,314,2013,0.17116201,2015,0.00817408,44360.17585249,3.74676653,0.15100712,0.00009485,0.39801253,0.39349237,,,,,,,,,,,0.59733286,0.59153369
SPY benchmark,sens,sens_2012-04-02,2012-04-02,2017-03-31,true,true,"{""*"": 6, ""ACWX"": 3, ""AGG"": 1, ""BIL"": 1, ""BND"": 1.5, ""BTAL"": 6, ""DBC"": 3, ""DBMF"": 3, ""EEM"": 1, ""EFA"": 1, ""IEF"": 1, ""IWM"": 1, ""KMLM"": 6, ""LQD"": 1.5, ""QQQ"": 1, ""SCZ"": 5, ""SHY"": 1, ""SPY"": 0.7, ""TIP"": 2, ""TLT"": 1, ""TQQQ"": 1.5, ""VEA"": 1.5, ""VEU"": 2, ""VNQ"": 1.5, ""VTI"": 1, ""VWO"": 2}",0.03000000,tests/data/2026-08-24-net15,,0.00251027,0.00681392,0.00251152,0.00681531,58146.10115661,39500.00000000,18646.10115661,0.47205319,0.12641717,0.12480191,1.00364894,0.12678453,1.44137589,0.96346678,-0.13121072,334,2013,0.31764765,2015,0.00972522,39501.91602798,2.76513412,0.12328310,0.00007000,,,,,,,,,,,,,0.99748848,0.99318469
ROT SPY+EFA+EEM+AGG top1 13612W can SPY+EFA+EEM+AGG/1 fb best(LQD+IEF+SHY),sens,sens_2012-10-01,2012-10-01,2017-09-29,false,true,"{""*"": 6, ""ACWX"": 3, ""AGG"": 1, ""BIL"": 1, ""BND"": 1.5, ""BTAL"": 6, ""DBC"": 3, ""DBMF"": 3, ""EEM"": 1, ""EFA"": 1, ""IEF"": 1, ""IWM"": 1, ""KMLM"": 6, ""LQD"": 1.5, ""QQQ"": 1, ""SCZ"": 5, ""SHY"": 1, ""SPY"": 0.7, ""TIP"": 2, ""TLT"": 1, ""TQQQ"": 1.5, ""VEA"": 1.5, ""VEU"": 2, ""VNQ"": 1.5, ""VTI"": 1, ""VWO"": 2}",0.03000000,tests/data/2026-08-24-net15,13612W,0.00169358,0.00868793,0.00175220,0.00877059,48081.43679491,39500.00000000,8581.43679491,0.21725156,0.06184983,0.06308462,0.69700393,0.09232888,0.98250191,0.47475392,-0.13027767,990,2017,0.12486658,2015,-0.00529977,1776925.65134998,178.26982577,6.54313576,0.00451316,0.00000000,0.00000000,0.18321346,0.00000000,0.13311069,0.00000000,0.18300132,0.00000000,0.09980432,0.00000000,0.26620771,0.00000000,0.13291029,0.00000000
ROT SPY+EFA+EEM+AGG top1 1-3-6-12U can SPY+EFA+EEM+AGG/1 fb best(LQD+IEF+SHY),sens,sens_2012-10-01,2012-10-01,2017-09-29,false,true,"{""*"": 6, ""ACWX"": 3, ""AGG"": 1, ""BIL"": 1, ""BND"": 1.5, ""BTAL"": 6, ""DBC"": 3, ""DBMF"": 3, ""EEM"": 1, ""EFA"": 1, ""IEF"": 1, ""IWM"": 1, ""KMLM"": 6, ""LQD"": 1.5, ""QQQ"": 1, ""SCZ"": 5, ""SHY"": 1, ""SPY"": 0.7, ""TIP"": 2, ""TLT"": 1, ""TQQQ"": 1.5, ""VEA"": 1.5, ""VEU"": 2, ""VNQ"": 1.5, ""VTI"": 1, ""VWO"": 2}",0.03000000,tests/data/2026-08-24-net15,1-3-6-12U,0.00170439,0.00909397,0.00174812,0.00912865,46312.27440142,39500.00000000,6812.27440142,0.17246264,0.04510663,0.05099942,0.55126504,0.08700610,0.75397229,0.31492584,-0.14322938,732,2017,0.11057967,2015,-0.06363428,1302645.80142279,133.88424276,4.96528020,0.00338947,0.00000000,0.00000000,0.18322172,0.00000000,0.03329448,0.00000000,0.21635417,0.00000000,0.18299685,0.00000000,0.19965209,0.00000000,0.18273258,0.00000000
SPY25/EFA25/EEM25/AGG25,sens,sens_2012-10-01,2012-10-01,2017-09-29,true,true,"{""*"": 6, ""ACWX"": 3, ""AGG"": 1, ""BIL"": 1, ""BND"": 1.5, ""BTAL"": 6, ""DBC"": 3, ""DBMF"": 3, ""EEM"": 1, ""EFA"": 1, ""IEF"": 1, ""IWM"": 1, ""KMLM"": 6, ""LQD"": 1.5, ""QQQ"": 1, ""SCZ"": 5, ""SHY"": 1, ""SPY"": 0.7, ""TIP"": 2, ""TLT"": 1, ""TQQQ"": 1.5, ""VEA"": 1.5, ""VEU"": 2, ""VNQ"": 1.5, ""VTI"": 1, ""VWO"": 2}",0.03000000,tests/data/2026-08-24-net15,,0.00697363,0.01641066,0.00373181,0.00825131,49109.33581360,39500.00000000,9609.33581360,0.24327432,0.06645641,0.06991662,0.67472942,0.10341429,0.94472883,0.37979117,-0.17498145,659,2017,0.16020554,2015,-0.04151229,46304.84332415,4.33079019,0.16912086,0.00010964,0.24796570,0.24250280,0.24924826,0.24752141,0.24909869,0.24725167,,,,,,,0.24671181,0.24174869
SPY60/AGG40,sens,sens_2012-10-01,2012-10-01,2017-09-29,true,true,"{""*"": 6, ""ACWX"": 3, ""AGG"": 1, ""BIL"": 1, ""BND"": 1.5, ""BTAL"": 6, ""DBC"": 3, ""DBMF"": 3, ""EEM"": 1, ""EFA"": 1, ""IEF"": 1, ""IWM"": 1, ""KMLM"": 6, ""LQD"": 1.5, ""QQQ"": 1, ""SCZ"": 5, ""SHY"": 1, ""SPY"": 0.7, ""TIP"": 2, ""TLT"": 1, ""TQQQ"": 1.5, ""VEA"": 1.5, ""VEU"": 2, ""VNQ"": 1.5, ""VTI"": 1, ""VWO"": 2}",0.03000000,tests/data/2026-08-24-net15,,0.00505873,0.01726666,0.00361392,0.01019562,51500.37393873,39500.00000000,12000.37393873,0.30380694,0.08806492,0.08530722,1.22867419,0.07082445,1.76916901,1.22146441,-0.07209782,314,2013,0.17061167,2012,-0.00476852,43255.03862527,3.65190987,0.14719651,0.00009245,0.39822798,0.39273711,,,,,,,,,,,0.59671168,0.58980438
SPY benchmark,sens,sens_2012-10-01,2012-10-01,2017-09-29,true,true,"{""*"": 6, ""ACWX"": 3, ""AGG"": 1, ""BIL"": 1, ""BND"": 1.5, ""BTAL"": 6, ""DBC"": 3, ""DBMF"": 3, ""EEM"": 1, ""EFA"": 1, ""IEF"": 1, ""IWM"": 1, ""KMLM"": 6, ""LQD"": 1.5, ""QQQ"": 1, ""SCZ"": 5, ""SHY"": 1, ""SPY"": 0.7, ""TIP"": 2, ""TLT"": 1, ""TQQQ"": 1.5, ""VEA"": 1.5, ""VEU"": 2, ""VNQ"": 1.5, ""VTI"": 1, ""VWO"": 2}",0.03000000,tests/data/2026-08-24-net15,,0.00287128,0.00909397,0.00287251,0.00912865,59135.27534052,39500.00000000,19635.27534052,0.49709558,0.13667790,0.13037218,1.12182039,0.12087538,1.60274619,1.04263864,-0.13108847,334,2013,0.31743202,2012,-0.00728982,39494.05109259,2.76458358,0.12248516,0.00006999,,,,,,,,,,,,,0.99712749,0.99087135
ROT SPY+EFA+EEM+AGG top1 13612W can SPY+EFA+EEM+AGG/1 fb best(LQD+IEF+SHY),sens,sens_2013-04-01,2013-04-01,2018-03-29,false,true,"{""*"": 6, ""ACWX"": 3, ""AGG"": 1, ""BIL"": 1, ""BND"": 1.5, ""BTAL"": 6, ""DBC"": 3, ""DBMF"": 3, ""EEM"": 1, ""EFA"": 1, ""IEF"": 1, ""IWM"": 1, ""KMLM"": 6, ""LQD"": 1.5, ""QQQ"": 1, ""SCZ"": 5, ""SHY"": 1, ""SPY"": 0.7, ""TIP"": 2, ""TLT"": 1, ""TQQQ"": 1.5, ""VEA"": 1.5, ""VEU"": 2, ""VNQ"": 1.5, ""VTI"": 1, ""VWO"": 2}",0.03000000,tests/data/2026-08-24-net15,13612W,0.00160983,0.00931414,0.00167065,0.00939696,50203.45495829,39500.00000000,10703.45495829,0.27097354,0.06161449,0.07713762,0.70776165,0.09015117,0.99490374,0.47287024,-0.13029894,990,2017,0.13392376,2015,-0.00526440,1846681.59967985,194.67405694,6.93522765,0.00492846,0.00000000,0.00000000,0.18323466,0.00000000,0.09988031,0.00000000,0.18292735,0.00000000,0.13309732,0.00000000,0.28295288,0.00000000,0.11623683,0.00000000
ROT SPY+EFA+EEM+AGG top1 1-3-6-12U can SPY+EFA+EEM+AGG/1 fb best(LQD+IEF+SHY),sens,sens_2013-04-01,2013-04-01,2018-03-29,false,true,"{""*"": 6, ""ACWX"": 3, ""AGG"": 1, ""BIL"": 1, ""BND"": 1.5, ""BTAL"": 6, ""DBC"": 3, ""DBMF"": 3, ""EEM"": 1, ""EFA"": 1, ""IEF"": 1, ""IWM"": 1, ""KMLM"": 6, ""LQD"": 1.5, ""QQQ"": 1, ""SCZ"": 5, ""SHY"": 1, ""SPY"": 0.7, ""TIP"": 2, ""TLT"": 1, ""TQQQ"": 1.5, ""VEA"": 1.5, ""VEU"": 2, ""VNQ"": 1.5, ""VTI"": 1, ""VWO"": 2}",0.03000000,tests/data/2026-08-24-net15,1-3-6-12U,0.00185696,0.00836909,0.00189800,0.00840379,50446.00110133,39500.00000000,10946.00110133,0.27711395,0.05703929,0.07869981,0.67558076,0.08774065,0.93871037,0.39879777,-0.14302811,732,2017,0.18278986,2015,-0.06356105,1247239.97642871,132.39544050,4.76637584,0.00335178,0.00000000,0.00000000,0.23319453,0.00000000,0.01660253,0.00000000,0.21631748,0.00000000,0.18299877,0.00000000,0.21617351,0.00000000,0.13281518,0.00000000
SPY25/EFA25/EEM25/AGG25,sens,sens_2013-04-01,2013-04-01,2018-03-29,true,true,"{""*"": 6, ""ACWX"": 3, ""AGG"": 1, ""BIL"": 1, ""BND"": 1.5, ""BTAL"": 6, ""DBC"": 3, ""DBMF"": 3, ""EEM"": 1, ""EFA"": 1, ""IEF"": 1, ""IWM"": 1, ""KMLM"": 6, ""LQD"": 1.5, ""QQQ"": 1, ""SCZ"": 5, ""SHY"": 1, ""SPY"": 0.7, ""TIP"": 2, ""TLT"": 1, ""TQQQ"": 1.5, ""VEA"": 1.5, ""VEU"": 2, ""VNQ"": 1.5, ""VTI"": 1, ""VWO"": 2}",0.03000000,tests/data/2026-08-24-net15,,0.00718461,0.01584862,0.00384622,0.00879721,49238.30259076,39500.00000000,9738.30259076,0.24653931,0.06423299,0.07085084,0.64229434,0.10552181,0.89075360,0.36776753,-0.17465651,659,2017,0.20936710,2015,-0.04169872,45924.31272513,4.30810517,0.16803980,0.00010907,0.24827427,0.24355870,0.24919901,0.24720564,0.24881039,0.24660582,,,,,,,0.24652981,0.24120279
SPY60/AGG40,sens,sens_2013-04-01,2013-04-01,2018-03-29,true,true,"{""*"": 6, ""ACWX"": 3, ""AGG"": 1, ""BIL"": 1, ""BND"": 1.5, ""BTAL"": 6, ""DBC"": 3, ""DBMF"": 3, ""EEM"": 1, ""EFA"": 1, ""IEF"": 1, ""IWM"": 1, ""KMLM"": 6, ""LQD"": 1.5, ""QQQ"": 1, ""SCZ"": 5, ""SHY"": 1, ""SPY"": 0.7, ""TIP"": 2, ""TLT"": 1, ""TQQQ"": 1.5, ""VEA"": 1.5, ""VEU"": 2, ""VNQ"": 1.5, ""VTI"": 1, ""VWO"": 2}",0.03000000,tests/data/2026-08-24-net15,,0.00505680,0.01778871,0.00360834,0.01182141,50522.83516723,39500.00000000,11022.83516723,0.27905912,0.08281680,0.07919323,1.12792256,0.07283653,1.59146891,1.14658315,-0.07222922,314,2017,0.13761775,2018,-0.01168731,43072.93063323,3.64678272,0.14809100,0.00009232,0.39826625,0.39266418,,,,,,,,,,,0.59667535,0.58817859
SPY benchmark,sens,sens_2013-04-01,2013-04-01,2018-03-29,true,true,"{""*"": 6, ""ACWX"": 3, ""AGG"": 1, ""BIL"": 1, ""BND"": 1.5, ""BTAL"": 6, ""DBC"": 3, ""DBMF"": 3, ""EEM"": 1, ""EFA"": 1, ""IEF"": 1, ""IWM"": 1, ""KMLM"": 6, ""LQD"": 1.5, ""QQQ"": 1, ""SCZ"": 5, ""SHY"": 1, ""SPY"": 0.7, ""TIP"": 2, ""TLT"": 1, ""TQQQ"": 1.5, ""VEA"": 1.5, ""VEU"": 2, ""VNQ"": 1.5, ""VTI"": 1, ""VWO"": 2}",0.03000000,tests/data/2026-08-24-net15,,0.00292334,0.00998859,0.00292458,0.00998977,57845.32739533,39500.00000000,18345.32739533,0.46443867,0.12902672,0.12329569,1.04011310,0.12399195,1.45918585,0.98176990,-0.13142256,334,2017,0.21311685,2018,-0.01050119,39341.99112748,2.75393938,0.12429642,0.00006972,,,,,,,,,,,,,0.99707542,0.99001023
ROT SPY+EFA+EEM+AGG top1 13612W can SPY+EFA+EEM+AGG/1 fb best(LQD+IEF+SHY),sens,sens_2013-10-01,2013-10-01,2018-10-01,false,true,"{""*"": 6, ""ACWX"": 3, ""AGG"": 1, ""BIL"": 1, ""BND"": 1.5, ""BTAL"": 6, ""DBC"": 3, ""DBMF"": 3, ""EEM"": 1, ""EFA"": 1, ""IEF"": 1, ""IWM"": 1, ""KMLM"": 6, ""LQD"": 1.5, ""QQQ"": 1, ""SCZ"": 5, ""SHY"": 1, ""SPY"": 0.7, ""TIP"": 2, ""TLT"": 1, ""TQQQ"": 1.5, ""VEA"": 1.5, ""VEU"": 2, ""VNQ"": 1.5, ""VTI"": 1, ""VWO"": 2}",0.03000000,tests/data/2026-08-24-net15,13612W,0.00212199,0.00918935,0.00218622,0.00927227,49077.52727706,40000.00000000,9077.52727706,0.22693818,0.06102204,0.06629161,0.71325435,0.08861852,1.00843362,0.46901029,-0.13010810,987,2017,0.13391632,2015,-0.00509022,2057134.70619781,222.22859858,7.47574855,0.00555571,0.00000000,0.00000000,0.18022035,0.00000000,0.08181178,0.00000000,0.19632146,0.00000000,0.16353908,0.00000000,0.26197899,0.00000000,0.11394212,0.00000000
ROT SPY+EFA+EEM+AGG top1 1-3-6-12U can SPY+EFA+EEM+AGG/1 fb best(LQD+IEF+SHY),sens,sens_2013-10-01,2013-10-01,2018-10-01,false,true,"{""*"": 6, ""ACWX"": 3, ""AGG"": 1, ""BIL"": 1, ""BND"": 1.5, ""BTAL"": 6, ""DBC"": 3, ""DBMF"": 3, ""EEM"": 1, ""EFA"": 1, ""IEF"": 1, ""IWM"": 1, ""KMLM"": 6, ""LQD"": 1.5, ""QQQ"": 1, ""SCZ"": 5, ""SHY"": 1, ""SPY"": 0.7, ""TIP"": 2, ""TLT"": 1, ""TQQQ"": 1.5, ""VEA"": 1.5, ""VEU"": 2, ""VNQ"": 1.5, ""VTI"": 1, ""VWO"": 2}",0.03000000,tests/data/2026-08-24-net15,1-3-6-12U,0.00198902,0.01115991,0.00202661,0.01126631,50122.89235397,40000.00000000,10122.89235397,0.25307231,0.05859509,0.07316213,0.71951430,0.08412215,1.00928154,0.40990151,-0.14294920,732,2017,0.18279452,2015,-0.06349935,1075772.05057272,114.98194473,3.95789213,0.00287455,0.00000000,0.00000000,0.22935305,0.00000000,0.00000000,0.00000000,0.21264756,0.00000000,0.17988576,0.00000000,0.26185796,0.00000000,0.11422906,0.00000000
SPY25/EFA25/EEM25/AGG25,sens,sens_2013-10-01,2013-10-01,2018-10-01,true,true,"{""*"": 6, ""ACWX"": 3, ""AGG"": 1, ""BIL"": 1, ""BND"": 1.5, ""BTAL"": 6, ""DBC"": 3, ""DBMF"": 3, ""EEM"": 1, ""EFA"": 1, ""IEF"": 1, ""IWM"": 1, ""KMLM"": 6, ""LQD"": 1.5, ""QQQ"": 1, ""SCZ"": 5, ""SHY"": 1, ""SPY"": 0.7, ""TIP"": 2, ""TLT"": 1, ""TQQQ"": 1.5, ""VEA"": 1.5, ""VEU"": 2, ""VNQ"": 1.5, ""VTI"": 1, ""VWO"": 2}",0.03000000,tests/data/2026-08-24-net15,,0.00731025,0.01942388,0.00411943,0.01037578,48001.03806195,40000.00000000,8001.03806195,0.20002595,0.05419489,0.05907078,0.56715967,0.10238070,0.78431871,0.30992050,-0.17486707,659,2017,0.20956578,2015,-0.04123930,46790.55619462,4.37051784,0.17095682,0.00010926,0.24807925,0.24344695,0.24932885,0.24772472,0.24889388,0.24555721,,,,,,,0.24638586,0.23962422
SPY60/AGG40,sens,sens_2013-10-01,2013-10-01,2018-10-01,true,true,"{""*"": 6, ""ACWX"": 3, ""AGG"": 1, ""BIL"": 1, ""BND"": 1.5, ""BTAL"": 6, ""DBC"": 3, ""DBMF"": 3, ""EEM"": 1, ""EFA"": 1, ""IEF"": 1, ""IWM"": 1, ""KMLM"": 6, ""LQD"": 1.5, ""QQQ"": 1, ""SCZ"": 5, ""SHY"": 1, ""SPY"": 0.7, ""TIP"": 2, ""TLT"": 1, ""TQQQ"": 1.5, ""VEA"": 1.5, ""VEU"": 2, ""VNQ"": 1.5, ""VTI"": 1, ""VWO"": 2}",0.03000000,tests/data/2026-08-24-net15,,0.00568846,0.01712922,0.00418717,0.01201529,52151.37926082,40000.00000000,12151.37926082,0.30378448,0.08670250,0.08611822,1.20275244,0.07130283,1.70709590,1.19913827,-0.07230401,314,2017,0.13741263,2015,0.00788976,42884.11510462,3.64799829,0.14754313,0.00009120,0.39819411,0.39488463,,,,,,,,,,,0.59611586,0.58798471
SPY benchmark,sens,sens_2013-10-01,2013-10-01,2018-10-01,true,true,"{""*"": 6, ""ACWX"": 3, ""AGG"": 1, ""BIL"": 1, ""BND"": 1.5, ""BTAL"": 6, ""DBC"": 3, ""DBMF"": 3, ""EEM"": 1, ""EFA"": 1, ""IEF"": 1, ""IWM"": 1, ""KMLM"": 6, ""LQD"": 1.5, ""QQQ"": 1, ""SCZ"": 5, ""SHY"": 1, ""SPY"": 0.7, ""TIP"": 2, ""TLT"": 1, ""TQQQ"": 1.5, ""VEA"": 1.5, ""VEU"": 2, ""VNQ"": 1.5, ""VTI"": 1, ""VWO"": 2}",0.03000000,tests/data/2026-08-24-net15,,0.00416136,0.01327751,0.00416259,0.01331204,60729.64441846,40000.00000000,20729.64441846,0.51824111,0.13336401,0.13617078,1.08604789,0.12226991,1.52972450,1.01714742,-0.13111571,334,2017,0.21292639,2015,0.00932507,39754.85199471,2.78283964,0.12674709,0.00006957,,,,,,,,,,,,,0.99583741,0.98668796
ROT SPY+EFA+EEM+AGG top1 13612W can SPY+EFA+EEM+AGG/1 fb best(LQD+IEF+SHY),sens,sens_2014-04-01,2014-04-01,2019-04-01,false,true,"{""*"": 6, ""ACWX"": 3, ""AGG"": 1, ""BIL"": 1, ""BND"": 1.5, ""BTAL"": 6, ""DBC"": 3, ""DBMF"": 3, ""EEM"": 1, ""EFA"": 1, ""IEF"": 1, ""IWM"": 1, ""KMLM"": 6, ""LQD"": 1.5, ""QQQ"": 1, ""SCZ"": 5, ""SHY"": 1, ""SPY"": 0.7, ""TIP"": 2, ""TLT"": 1, ""TQQQ"": 1.5, ""VEA"": 1.5, ""VEU"": 2, ""VNQ"": 1.5, ""VTI"": 1, ""VWO"": 2}",0.03000000,tests/data/2026-08-24-net15,13612W,0.00184835,0.01059353,0.00191329,0.01067641,49170.50848514,40000.00000000,9170.50848514,0.22926271,0.05192182,0.06693201,0.63020909,0.08636759,0.88610985,0.39911234,-0.13009324,987,2017,0.13389892,2014,-0.02400307,2127054.95811785,232.38871248,7.85266275,0.00580972,0.00000000,0.00000000,0.19657298,0.00000000,0.04913012,0.00000000,0.22894020,0.00000000,0.14723018,0.00000000,0.26187606,0.00000000,0.11433716,0.00000000
ROT SPY+EFA+EEM+AGG top1 1-3-6-12U can SPY+EFA+EEM+AGG/1 fb best(LQD+IEF+SHY),sens,sens_2014-04-01,2014-04-01,2019-04-01,false,true,"{""*"": 6, ""ACWX"": 3, ""AGG"": 1, ""BIL"": 1, ""BND"": 1.5, ""BTAL"": 6, ""DBC"": 3, ""DBMF"": 3, ""EEM"": 1, ""EFA"": 1, ""IEF"": 1, ""IWM"": 1, ""KMLM"": 6, ""LQD"": 1.5, ""QQQ"": 1, ""SCZ"": 5, ""SHY"": 1, ""SPY"": 0.7, ""TIP"": 2, ""TLT"": 1, ""TQQQ"": 1.5, ""VEA"": 1.5, ""VEU"": 2, ""VNQ"": 1.5, ""VTI"": 1, ""VWO"": 2}",0.03000000,tests/data/2026-08-24-net15,1-3-6-12U,0.00198986,0.00761670,0.00202880,0.00761821,51328.25379075,40000.00000000,11328.25379075,0.28320634,0.06237427,0.08094708,0.76085933,0.08432440,1.06949742,0.43584798,-0.14311015,732,2017,0.18284360,2015,-0.06357351,1185624.03246030,127.47514918,4.31547361,0.00318688,0.00000000,0.00000000,0.22934654,0.00000000,0.00000000,0.00000000,0.24519667,0.00000000,0.14720179,0.00000000,0.24573430,0.00000000,0.13049192,0.00000000
SPY25/EFA25/EEM25/AGG25,sens,sens_2014-04-01,2014-04-01,2019-04-01,true,true,"{""*"": 6, ""ACWX"": 3, ""AGG"": 1, ""BIL"": 1, ""BND"": 1.5, ""BTAL"": 6, ""DBC"": 3, ""DBMF"": 3, ""EEM"": 1, ""EFA"": 1, ""IEF"": 1, ""IWM"": 1, ""KMLM"": 6, ""LQD"": 1.5, ""QQQ"": 1, ""SCZ"": 5, ""SHY"": 1, ""SPY"": 0.7, ""TIP"": 2, ""TLT"": 1, ""TQQQ"": 1.5, ""VEA"": 1.5, ""VEU"": 2, ""VNQ"": 1.5, ""VTI"": 1, ""VWO"": 2}",0.03000000,tests/data/2026-08-24-net15,,0.00669608,0.02768178,0.00368063,0.01298748,47168.32861811,40000.00000000,7168.32861811,0.17920822,0.04581100,0.05339867,0.47732718,0.10570455,0.66071354,0.26176411,-0.17500871,659,2017,0.20908712,2018,-0.08565401,47467.99167320,4.44753931,0.17572571,0.00011119,0.24848649,0.24220849,0.24917872,0.24699344,0.24895967,0.24605872,,,,,,,0.24667711,0.23701252
SPY60/AGG40,sens,sens_2014-04-01,2014-04-01,2019-04-01,true,true,"{""*"": 6, ""ACWX"": 3, ""AGG"": 1, ""BIL"": 1, ""BND"": 1.5, ""BTAL"": 6, ""DBC"": 3, ""DBMF"": 3, ""EEM"": 1, ""EFA"": 1, ""IEF"": 1, ""IWM"": 1, ""KMLM"": 6, ""LQD"": 1.5, ""QQQ"": 1, ""SCZ"": 5, ""SHY"": 1, ""SPY"": 0.7, ""TIP"": 2, ""TLT"": 1, ""TQQQ"": 1.5, ""VEA"": 1.5, ""VEU"": 2, ""VNQ"": 1.5, ""VTI"": 1, ""VWO"": 2}",0.03000000,tests/data/2026-08-24-net15,,0.00568870,0.01972169,0.00433218,0.01536912,50421.89835195,40000.00000000,10421.89835195,0.26054746,0.07304245,0.07512888,0.95663642,0.07690309,1.34643973,0.64195159,-0.11378187,179,2017,0.13718070,2018,-0.02739087,46746.87767571,3.94677066,0.16441305,0.00009867,0.39817859,0.39446764,,,,,,,,,,,0.59613107,0.58463088
SPY benchmark,sens,sens_2014-04-01,2014-04-01,2019-04-01,true,true,"{""*"": 6, ""ACWX"": 3, ""AGG"": 1, ""BIL"": 1, ""BND"": 1.5, ""BTAL"": 6, ""DBC"": 3, ""DBMF"": 3, ""EEM"": 1, ""EFA"": 1, ""IEF"": 1, ""IWM"": 1, ""KMLM"": 6, ""LQD"": 1.5, ""QQQ"": 1, ""SCZ"": 5, ""SHY"": 1, ""SPY"": 0.7, ""TIP"": 2, ""TLT"": 1, ""TQQQ"": 1.5, ""VEA"": 1.5, ""VEU"": 2, ""VNQ"": 1.5, ""VTI"": 1, ""VWO"": 2}",0.03000000,tests/data/2026-08-24-net15,,0.00389703,0.00975538,0.00389829,0.00975611,56127.26854792,40000.00000000,16127.26854792,0.40318171,0.10560997,0.11023679,0.82655890,0.13225880,1.15570908,0.54445445,-0.19397393,,2017,0.21297017,2018,-0.04800195,39997.32339538,2.79981264,0.13153552,0.00007000,,,,,,,,,,,,,0.99610171,0.99024389
ROT SPY+EFA+EEM+AGG top1 13612W can SPY+EFA+EEM+AGG/1 fb best(LQD+IEF+SHY),sens,sens_2014-10-01,2014-10-01,2019-10-01,false,true,"{""*"": 6, ""ACWX"": 3, ""AGG"": 1, ""BIL"": 1, ""BND"": 1.5, ""BTAL"": 6, ""DBC"": 3, ""DBMF"": 3, ""EEM"": 1, ""EFA"": 1, ""IEF"": 1, ""IWM"": 1, ""KMLM"": 6, ""LQD"": 1.5, ""QQQ"": 1, ""SCZ"": 5, ""SHY"": 1, ""SPY"": 0.7, ""TIP"": 2, ""TLT"": 1, ""TQQQ"": 1.5, ""VEA"": 1.5, ""VEU"": 2, ""VNQ"": 1.5, ""VTI"": 1, ""VWO"": 2}",0.03000000,tests/data/2026-08-24-net15,13612W,0.00212677,0.00971670,0.00218840,0.00979909,49819.17123394,40000.00000000,9819.17123394,0.24547928,0.06429031,0.07118817,0.78108478,0.08446654,1.11078141,0.67312178,-0.09551067,112,2017,0.13392563,2015,-0.00503909,2106358.95831092,227.17944395,7.46862820,0.00567949,0.00000000,0.00000000,0.18019537,0.00000000,0.03274523,0.00000000,0.24525921,0.00000000,0.17997673,0.00000000,0.26181425,0.00000000,0.09782081,0.00000000
ROT SPY+EFA+EEM+AGG top1 1-3-6-12U can SPY+EFA+EEM+AGG/1 fb best(LQD+IEF+SHY),sens,sens_2014-10-01,2014-10-01,2019-10-01,false,true,"{""*"": 6, ""ACWX"": 3, ""AGG"": 1, ""BIL"": 1, ""BND"": 1.5, ""BTAL"": 6, ""DBC"": 3, ""DBMF"": 3, ""EEM"": 1, ""EFA"": 1, ""IEF"": 1, ""IWM"": 1, ""KMLM"": 6, ""LQD"": 1.5, ""QQQ"": 1, ""SCZ"": 5, ""SHY"": 1, ""SPY"": 0.7, ""TIP"": 2, ""TLT"": 1, ""TQQQ"": 1.5, ""VEA"": 1.5, ""VEU"": 2, ""VNQ"": 1.5, ""VTI"": 1, ""VWO"": 2}",0.03000000,tests/data/2026-08-24-net15,1-3-6-12U,0.00219324,0.01006897,0.00223392,0.01015134,51580.74680838,40000.00000000,11580.74680838,0.28951867,0.07040469,0.08253143,0.88292691,0.08088747,1.25364008,0.62912736,-0.11190848,553,2017,0.18273672,2015,-0.06322111,1303138.73280101,137.19025901,4.56603509,0.00342976,0.00000000,0.00000000,0.19657343,0.00000000,0.00000000,0.00000000,0.26147772,0.00000000,0.19610264,0.00000000,0.24561933,0.00000000,0.09799296,0.00000000
SPY25/EFA25/EEM25/AGG25,sens,sens_2014-10-01,2014-10-01,2019-10-01,true,true,"{""*"": 6, ""ACWX"": 3, ""AGG"": 1, ""BIL"": 1, ""BND"": 1.5, ""BTAL"": 6, ""DBC"": 3, ""DBMF"": 3, ""EEM"": 1, ""EFA"": 1, ""IEF"": 1, ""IWM"": 1, ""KMLM"": 6, ""LQD"": 1.5, ""QQQ"": 1, ""SCZ"": 5, ""SHY"": 1, ""SPY"": 0.7, ""TIP"": 2, ""TLT"": 1, ""TQQQ"": 1.5, ""VEA"": 1.5, ""VEU"": 2, ""VNQ"": 1.5, ""VTI"": 1, ""VWO"": 2}",0.03000000,tests/data/2026-08-24-net15,,0.00768935,0.01858996,0.00463106,0.01194617,46732.71690359,40000.00000000,6732.71690359,0.16831792,0.04618303,0.05036999,0.47464618,0.10744539,0.65443018,0.26407366,-0.17488693,659,2017,0.20893187,2018,-0.08591135,47510.89283614,4.47809128,0.17317258,0.00011195,0.24819431,0.24287882,0.24929149,0.24722882,0.24914629,0.24711220,,,,,,,0.24567664,0.23805383
SPY60/AGG40,sens,sens_2014-10-01,2014-10-01,2019-10-01,true,true,"{""*"": 6, ""ACWX"": 3, ""AGG"": 1, ""BIL"": 1, ""BND"": 1.5, ""BTAL"": 6, ""DBC"": 3, ""DBMF"": 3, ""EEM"": 1, ""EFA"": 1, ""IEF"": 1, ""IWM"": 1, ""KMLM"": 6, ""LQD"": 1.5, ""QQQ"": 1, ""SCZ"": 5, ""SHY"": 1, ""SPY"": 0.7, ""TIP"": 2, ""TLT"": 1, ""TQQQ"": 1.5, ""VEA"": 1.5, ""VEU"": 2, ""VNQ"": 1.5, ""VTI"": 1, ""VWO"": 2}",0.03000000,tests/data/2026-08-24-net15,,0.00619794,0.01932317,0.00450476,0.01379688,50898.03116345,40000.00000000,10898.03116345,0.27245078,0.07495954,0.07817907,0.95900285,0.07872600,1.35088552,0.66166872,-0.11328863,179,2019,0.14591481,2018,-0.02705144,47735.93732318,4.05713695,0.16685149,0.00010143,0.39816632,0.39447250,,,,,,,,,,,0.59563407,0.58620312
SPY benchmark,sens,sens_2014-10-01,2014-10-01,2019-10-01,true,true,"{""*"": 6, ""ACWX"": 3, ""AGG"": 1, ""BIL"": 1, ""BND"": 1.5, ""BTAL"": 6, ""DBC"": 3, ""DBMF"": 3, ""EEM"": 1, ""EFA"": 1, ""IEF"": 1, ""IWM"": 1, ""KMLM"": 6, ""LQD"": 1.5, ""QQQ"": 1, ""SCZ"": 5, ""SHY"": 1, ""SPY"": 0.7, ""TIP"": 2, ""TLT"": 1, ""TQQQ"": 1.5, ""VEA"": 1.5, ""VEU"": 2, ""VNQ"": 1.5, ""VTI"": 1, ""VWO"": 2}",0.03000000,tests/data/2026-08-24-net15,,0.00421854,0.01330991,0.00421979,0.01334444,55446.32320194,40000.00000000,15446.32320194,0.38615808,0.10398509,0.10620241,0.79815232,0.13570062,1.11381174,0.53669912,-0.19374932,204,2017,0.21277087,2018,-0.04760668,39898.90374000,2.79292326,0.12982629,0.00006982,,,,,,,,,,,,,0.99578021,0.98665556
ROT SPY+EFA+EEM+AGG top1 13612W can SPY+EFA+EEM+AGG/1 fb best(LQD+IEF+SHY),sens,sens_2015-04-01,2015-04-01,2020-04-01,false,true,"{""*"": 6, ""ACWX"": 3, ""AGG"": 1, ""BIL"": 1, ""BND"": 1.5, ""BTAL"": 6, ""DBC"": 3, ""DBMF"": 3, ""EEM"": 1, ""EFA"": 1, ""IEF"": 1, ""IWM"": 1, ""KMLM"": 6, ""LQD"": 1.5, ""QQQ"": 1, ""SCZ"": 5, ""SHY"": 1, ""SPY"": 0.7, ""TIP"": 2, ""TLT"": 1, ""TQQQ"": 1.5, ""VEA"": 1.5, ""VEU"": 2, ""VNQ"": 1.5, ""VTI"": 1, ""VWO"": 2}",0.03000000,tests/data/2026-08-24-net15,13612W,0.00188984,0.00817554,0.00195592,0.00825908,49919.77670763,40000.00000000,9919.77670763,0.24799442,0.06614833,0.07181361,0.75241574,0.09071741,1.05555033,0.69268471,-0.09549559,112,2017,0.13384922,2020,-0.01320517,2270254.70559273,246.49211380,7.95654354,0.00616230,0.00000000,0.00000000,0.19656296,0.00000000,0.04910223,0.00000000,0.21263980,0.00000000,0.19636499,0.00000000,0.24547459,0.00000000,0.09789953,0.00000000
ROT SPY+EFA+EEM+AGG top1 1-3-6-12U can SPY+EFA+EEM+AGG/1 fb best(LQD+IEF+SHY),sens,sens_2015-04-01,2015-04-01,2020-04-01,false,true,"{""*"": 6, ""ACWX"": 3, ""AGG"": 1, ""BIL"": 1, ""BND"": 1.5, ""BTAL"": 6, ""DBC"": 3, ""DBMF"": 3, ""EEM"": 1, ""EFA"": 1, ""IEF"": 1, ""IWM"": 1, ""KMLM"": 6, ""LQD"": 1.5, ""QQQ"": 1, ""SCZ"": 5, ""SHY"": 1, ""SPY"": 0.7, ""TIP"": 2, ""TLT"": 1, ""TQQQ"": 1.5, ""VEA"": 1.5, ""VEU"": 2, ""VNQ"": 1.5, ""VTI"": 1, ""VWO"": 2}",0.03000000,tests/data/2026-08-24-net15,1-3-6-12U,0.00173122,0.00615847,0.00177236,0.00616022,56180.75777455,40000.00000000,16180.75777455,0.40451894,0.09118167,0.11047448,1.08616993,0.08367282,1.55925183,1.13502015,-0.08033484,434,2017,0.18279552,2015,-0.06760634,1393282.95732727,149.76685251,4.76165521,0.00374417,0.00000000,0.00000000,0.19658559,0.00000000,0.00000000,0.00000000,0.24522960,0.00000000,0.18006794,0.00000000,0.24563213,0.00000000,0.13071239,0.00000000
SPY25/EFA25/EEM25/AGG25,sens,sens_2015-04-01,2015-04-01,2020-04-01,true,true,"{""*"": 6, ""ACWX"": 3, ""AGG"": 1, ""BIL"": 1, ""BND"": 1.5, ""BTAL"": 6, ""DBC"": 3, ""DBMF"": 3, ""EEM"": 1, ""EFA"": 1, ""IEF"": 1, ""IWM"": 1, ""KMLM"": 6, ""LQD"": 1.5, ""QQQ"": 1, ""SCZ"": 5, ""SHY"": 1, ""SPY"": 0.7, ""TIP"": 2, ""TLT"": 1, ""TQQQ"": 1.5, ""VEA"": 1.5, ""VEU"": 2, ""VNQ"": 1.5, ""VTI"": 1, ""VWO"": 2}",0.03000000,tests/data/2026-08-24-net15,,0.00795894,0.02076504,0.00450395,0.01179499,39792.95110060,40000.00000000,-207.04889940,-0.00517622,0.01146618,-0.00167424,0.15262718,0.13535655,0.19870979,0.04485406,-0.25563311,,2017,0.20911573,2020,-0.18958451,50959.01547372,4.80271266,0.18510071,0.00012007,0.24812576,0.24270305,0.24937461,0.24770312,0.24880543,0.24578464,,,,,,,0.24573326,0.23820501
SPY60/AGG40,sens,sens_2015-04-01,2015-04-01,2020-04-01,true,true,"{""*"": 6, ""ACWX"": 3, ""AGG"": 1, ""BIL"": 1, ""BND"": 1.5, ""BTAL"": 6, ""DBC"": 3, ""DBMF"": 3, ""EEM"": 1, ""EFA"": 1, ""IEF"": 1, ""IWM"": 1, ""KMLM"": 6, ""LQD"": 1.5, ""QQQ"": 1, ""SCZ"": 5, ""SHY"": 1, ""SPY"": 0.7, ""TIP"": 2, ""TLT"": 1, ""TQQQ"": 1.5, ""VEA"": 1.5, ""VEU"": 2, ""VNQ"": 1.5, ""VTI"": 1, ""VWO"": 2}",0.03000000,tests/data/2026-08-24-net15,,0.00620312,0.01840572,0.00452980,0.01343849,44980.45032968,40000.00000000,4980.45032968,0.12451126,0.04598114,0.03794660,0.47780250,0.10604860,0.63221789,0.21325586,-0.21561490,,2019,0.21478960,2020,-0.13348393,51791.61905920,4.37297444,0.18073205,0.00010932,0.39793004,0.39316057,,,,,,,,,,,0.59586511,0.58656151
SPY benchmark,sens,sens_2015-04-01,2015-04-01,2020-04-01,true,true,"{""*"": 6, ""ACWX"": 3, ""AGG"": 1, ""BIL"": 1, ""BND"": 1.5, ""BTAL"": 6, ""DBC"": 3, ""DBMF"": 3, ""EEM"": 1, ""EFA"": 1, ""IEF"": 1, ""IWM"": 1, ""KMLM"": 6, ""LQD"": 1.5, ""QQQ"": 1, ""SCZ"": 5, ""SHY"": 1, ""SPY"": 0.7, ""TIP"": 2, ""TLT"": 1, ""TQQQ"": 1.5, ""VEA"": 1.5, ""VEU"": 2, ""VNQ"": 1.5, ""VTI"": 1, ""VWO"": 2}",0.03000000,tests/data/2026-08-24-net15,,0.00430305,0.01702749,0.00430431,0.01706190,44629.06448395,40000.00000000,4629.06448395,0.11572661,0.05418259,0.03540461,0.38526429,0.17905486,0.51729978,0.16051110,-0.33756289,,2019,0.30798832,2020,-0.23124331,39971.26083918,2.79798826,0.12980818,0.00006995,,,,,,,,,,,,,0.99569569,0.98293810
ROT SPY+EFA+EEM+AGG top1 13612W can SPY+EFA+EEM+AGG/1 fb best(LQD+IEF+SHY),sens,sens_2015-10-01,2015-10-01,2020-10-01,false,true,"{""*"": 6, ""ACWX"": 3, ""AGG"": 1, ""BIL"": 1, ""BND"": 1.5, ""BTAL"": 6, ""DBC"": 3, ""DBMF"": 3, ""EEM"": 1, ""EFA"": 1, ""IEF"": 1, ""IWM"": 1, ""KMLM"": 6, ""LQD"": 1.5, ""QQQ"": 1, ""SCZ"": 5, ""SHY"": 1, ""SPY"": 0.7, ""TIP"": 2, ""TLT"": 1, ""TQQQ"": 1.5, ""VEA"": 1.5, ""VEU"": 2, ""VNQ"": 1.5, ""VTI"": 1, ""VWO"": 2}",0.03000000,tests/data/2026-08-24-net15,13612W,0.00170741,0.00682561,0.00177859,0.00690962,53602.83230256,40000.00000000,13602.83230256,0.34007081,0.08638272,0.09505266,0.85428557,0.10337533,1.21837487,0.90424826,-0.09552987,112,2017,0.13378981,2015,-0.01568426,2465607.18506712,265.25925412,8.45671587,0.00663148,0.00000000,0.00000000,0.24567999,0.00000000,0.04911347,0.00000000,0.17999341,0.00000000,0.21268722,0.00000000,0.19645922,0.00000000,0.11428811,0.00000000
ROT SPY+EFA+EEM+AGG top1 1-3-6-12U can SPY+EFA+EEM+AGG/1 fb best(LQD+IEF+SHY),sens,sens_2015-10-01,2015-10-01,2020-10-01,false,true,"{""*"": 6, ""ACWX"": 3, ""AGG"": 1, ""BIL"": 1, ""BND"": 1.5, ""BTAL"": 6, ""DBC"": 3, ""DBMF"": 3, ""EEM"": 1, ""EFA"": 1, ""IEF"": 1, ""IWM"": 1, ""KMLM"": 6, ""LQD"": 1.5, ""QQQ"": 1, ""SCZ"": 5, ""SHY"": 1, ""SPY"": 0.7, ""TIP"": 2, ""TLT"": 1, ""TQQQ"": 1.5, ""VEA"": 1.5, ""VEU"": 2, ""VNQ"": 1.5, ""VTI"": 1, ""VWO"": 2}",0.03000000,tests/data/2026-08-24-net15,1-3-6-12U,0.00193060,0.00679965,0.00196948,0.00680140,58118.55940783,40000.00000000,18118.55940783,0.45296399,0.11496097,0.12160652,1.24354664,0.09096211,1.77218682,1.21538330,-0.09458824,,2017,0.18273522,2015,-0.01651975,1528126.73688293,157.13263379,4.94231775,0.00392832,0.00000000,0.00000000,0.19657246,0.00000000,0.00000000,0.00000000,0.21262800,0.00000000,0.17997251,0.00000000,0.22912739,0.00000000,0.17973015,0.00000000
SPY25/EFA25/EEM25/AGG25,sens,sens_2015-10-01,2015-10-01,2020-10-01,true,true,"{""*"": 6, ""ACWX"": 3, ""AGG"": 1, ""BIL"": 1, ""BND"": 1.5, ""BTAL"": 6, ""DBC"": 3, ""DBMF"": 3, ""EEM"": 1, ""EFA"": 1, ""IEF"": 1, ""IWM"": 1, ""KMLM"": 6, ""LQD"": 1.5, ""QQQ"": 1, ""SCZ"": 5, ""SHY"": 1, ""SPY"": 0.7, ""TIP"": 2, ""TLT"": 1, ""TQQQ"": 1.5, ""VEA"": 1.5, ""VEU"": 2, ""VNQ"": 1.5, ""VTI"": 1, ""VWO"": 2}",0.03000000,tests/data/2026-08-24-net15,,0.00855133,0.02425107,0.00507527,0.01395774,50333.88738511,40000.00000000,10333.88738511,0.25834718,0.07827514,0.07449381,0.61018164,0.13982781,0.81550249,0.30538976,-0.25631225,208,2017,0.20868611,2018,-0.08554840,53314.33672768,5.00417822,0.18424761,0.00012510,0.24803532,0.24378030,0.24924868,0.24760800,0.24908853,0.24625561,,,,,,,0.24507418,0.23604226
SPY60/AGG40,sens,sens_2015-10-01,2015-10-01,2020-10-01,true,true,"{""*"": 6, ""ACWX"": 3, ""AGG"": 1, ""BIL"": 1, ""BND"": 1.5, ""BTAL"": 6, ""DBC"": 3, ""DBMF"": 3, ""EEM"": 1, ""EFA"": 1, ""IEF"": 1, ""IWM"": 1, ""KMLM"": 6, ""LQD"": 1.5, ""QQQ"": 1, ""SCZ"": 5, ""SHY"": 1, ""SPY"": 0.7, ""TIP"": 2, ""TLT"": 1, ""TQQQ"": 1.5, ""VEA"": 1.5, ""VEU"": 2, ""VNQ"": 1.5, ""VTI"": 1, ""VWO"": 2}",0.03000000,tests/data/2026-08-24-net15,,0.00660427,0.02077605,0.00501443,0.01374006,54527.15626229,40000.00000000,14527.15626229,0.36317891,0.09928451,0.10065317,0.90236948,0.11203650,1.22609679,0.46088193,-0.21542287,152,2019,0.21427630,2018,-0.02663797,54522.64844420,4.64687127,0.18310134,0.00011617,0.39816799,0.39296247,,,,,,,,,,,0.59522599,0.58625994
SPY benchmark,sens,sens_2015-10-01,2015-10-01,2020-10-01,true,true,"{""*"": 6, ""ACWX"": 3, ""AGG"": 1, ""BIL"": 1, ""BND"": 1.5, ""BTAL"": 6, ""DBC"": 3, ""DBMF"": 3, ""EEM"": 1, ""EFA"": 1, ""IEF"": 1, ""IWM"": 1, ""KMLM"": 6, ""LQD"": 1.5, ""QQQ"": 1, ""SCZ"": 5, ""SHY"": 1, ""SPY"": 0.7, ""TIP"": 2, ""TLT"": 1, ""TQQQ"": 1.5, ""VEA"": 1.5, ""VEU"": 2, ""VNQ"": 1.5, ""VTI"": 1, ""VWO"": 2}",0.03000000,tests/data/2026-08-24-net15,,0.00382647,0.01237013,0.00382769,0.01237114,60368.30774835,40000.00000000,20368.30774835,0.50920769,0.13727632,0.13412889,0.78105993,0.18760398,1.07297110,0.40710167,-0.33720401,173,2019,0.30788481,2018,-0.04812334,39869.73685344,2.79088158,0.12344134,0.00006977,,,,,,,,,,,,,0.99617231,0.98762886
ROT SPY+EFA+EEM+AGG top1 13612W can SPY+EFA+EEM+AGG/1 fb best(LQD+IEF+SHY),sens,sens_2016-04-01,2016-04-01,2021-04-01,false,true,"{""*"": 6, ""ACWX"": 3, ""AGG"": 1, ""BIL"": 1, ""BND"": 1.5, ""BTAL"": 6, ""DBC"": 3, ""DBMF"": 3, ""EEM"": 1, ""EFA"": 1, ""IEF"": 1, ""IWM"": 1, ""KMLM"": 6, ""LQD"": 1.5, ""QQQ"": 1, ""SCZ"": 5, ""SHY"": 1, ""SPY"": 0.7, ""TIP"": 2, ""TLT"": 1, ""TQQQ"": 1.5, ""VEA"": 1.5, ""VEU"": 2, ""VNQ"": 1.5, ""VTI"": 1, ""VWO"": 2}",0.03000000,tests/data/2026-08-24-net15,13612W,0.00175548,0.00699762,0.00182481,0.00699789,56298.53799436,40000.00000000,16298.53799436,0.40746345,0.10414964,0.11121368,0.96975709,0.10830214,1.38835485,1.09117201,-0.09544750,112,2020,0.14864632,2021,0.03021271,2505846.85114276,266.64317027,8.35572523,0.00666608,0.00000000,0.00000000,0.26200944,0.00000000,0.06549693,0.00000000,0.13089842,0.00000000,0.19626997,0.00000000,0.24558024,0.00000000,0.09792018,0.00000000
ROT SPY+EFA+EEM+AGG top1 1-3-6-12U can SPY+EFA+EEM+AGG/1 fb best(LQD+IEF+SHY),sens,sens_2016-04-01,2016-04-01,2021-04-01,false,true,"{""*"": 6, ""ACWX"": 3, ""AGG"": 1, ""BIL"": 1, ""BND"": 1.5, ""BTAL"": 6, ""DBC"": 3, ""DBMF"": 3, ""EEM"": 1, ""EFA"": 1, ""IEF"": 1, ""IWM"": 1, ""KMLM"": 6, ""LQD"": 1.5, ""QQQ"": 1, ""SCZ"": 5, ""SHY"": 1, ""SPY"": 0.7, ""TIP"": 2, ""TLT"": 1, ""TQQQ"": 1.5, ""VEA"": 1.5, ""VEU"": 2, ""VNQ"": 1.5, ""VTI"": 1, ""VWO"": 2}",0.03000000,tests/data/2026-08-24-net15,1-3-6-12U,0.00172161,0.00768102,0.00176425,0.00776417,61706.46869807,40000.00000000,21706.46869807,0.54266172,0.13260322,0.14146409,1.26268336,0.10290200,1.79529880,1.40250609,-0.09454734,106,2020,0.19336454,2021,0.03897998,1645412.56052934,171.73034188,5.20947214,0.00429326,0.00000000,0.00000000,0.24565686,0.00000000,0.00000000,0.00000000,0.11461467,0.00000000,0.19627287,0.00000000,0.26201648,0.00000000,0.17967487,0.00000000
SPY25/EFA25/EEM25/AGG25,sens,sens_2016-04-01,2016-04-01,2021-04-01,true,true,"{""*"": 6, ""ACWX"": 3, ""AGG"": 1, ""BIL"": 1, ""BND"": 1.5, ""BTAL"": 6, ""DBC"": 3, ""DBMF"": 3, ""EEM"": 1, ""EFA"": 1, ""IEF"": 1, ""IWM"": 1, ""KMLM"": 6, ""LQD"": 1.5, ""QQQ"": 1, ""SCZ"": 5, ""SHY"": 1, ""SPY"": 0.7, ""TIP"": 2, ""TLT"": 1, ""TQQQ"": 1.5, ""VEA"": 1.5, ""VEU"": 2, ""VNQ"": 1.5, ""VTI"": 1, ""VWO"": 2}",0.03000000,tests/data/2026-08-24-net15,,0.00872178,0.02959568,0.00536743,0.01630956,55283.25462962,40000.00000000,15283.25462962,0.38208137,0.09939482,0.10523570,0.75488927,0.13843568,1.00703289,0.38777476,-0.25632101,208,2017,0.20827306,2018,-0.08588012,53567.34292099,5.03989437,0.18423219,0.00012600,0.24802697,0.24213218,0.24929317,0.24783447,0.24895393,0.24664459,,,,,,,0.24500218,0.23369044
SPY60/AGG40,sens,sens_2016-04-01,2016-04-01,2021-04-01,true,true,"{""*"": 6, ""ACWX"": 3, ""AGG"": 1, ""BIL"": 1, ""BND"": 1.5, ""BTAL"": 6, ""DBC"": 3, ""DBMF"": 3, ""EEM"": 1, ""EFA"": 1, ""IEF"": 1, ""IWM"": 1, ""KMLM"": 6, ""LQD"": 1.5, ""QQQ"": 1, ""SCZ"": 5, ""SHY"": 1, ""SPY"": 0.7, ""TIP"": 2, ""TLT"": 1, ""TQQQ"": 1.5, ""VEA"": 1.5, ""VEU"": 2, ""VNQ"": 1.5, ""VTI"": 1, ""VWO"": 2}",0.03000000,tests/data/2026-08-24-net15,,0.00651304,0.01614829,0.00484110,0.01206886,57139.60680874,40000.00000000,17139.60680874,0.42849017,0.10773871,0.11609050,0.96890848,0.11222712,1.31533888,0.50089346,-0.21509307,152,2019,0.21383594,2018,-0.02678092,55486.02885611,4.72463530,0.18604901,0.00011812,0.39805887,0.39278954,,,,,,,,,,,0.59542630,0.58793114
SPY benchmark,sens,sens_2016-04-01,2016-04-01,2021-04-01,true,true,"{""*"": 6, ""ACWX"": 3, ""AGG"": 1, ""BIL"": 1, ""BND"": 1.5, ""BTAL"": 6, ""DBC"": 3, ""DBMF"": 3, ""EEM"": 1, ""EFA"": 1, ""IEF"": 1, ""IWM"": 1, ""KMLM"": 6, ""LQD"": 1.5, ""QQQ"": 1, ""SCZ"": 5, ""SHY"": 1, ""SPY"": 0.7, ""TIP"": 2, ""TLT"": 1, ""TQQQ"": 1.5, ""VEA"": 1.5, ""VEU"": 2, ""VNQ"": 1.5, ""VTI"": 1, ""VWO"": 2}",0.03000000,tests/data/2026-08-24-net15,,0.00408942,0.01392487,0.00409065,0.01392596,67188.73563196,40000.00000000,27188.73563196,0.67971839,0.15931345,0.16973367,0.88542035,0.18698558,1.21765393,0.47258314,-0.33711200,173,2019,0.30776215,2018,-0.04806735,39965.89147963,2.79761240,0.12367772,0.00006994,,,,,,,,,,,,,0.99590935,0.98607404
ROT SPY+EFA+EEM+AGG top1 13612W can SPY+EFA+EEM+AGG/1 fb best(LQD+IEF+SHY),sens,sens_2016-10-03,2016-10-03,2021-10-01,false,true,"{""*"": 6, ""ACWX"": 3, ""AGG"": 1, ""BIL"": 1, ""BND"": 1.5, ""BTAL"": 6, ""DBC"": 3, ""DBMF"": 3, ""EEM"": 1, ""EFA"": 1, ""IEF"": 1, ""IWM"": 1, ""KMLM"": 6, ""LQD"": 1.5, ""QQQ"": 1, ""SCZ"": 5, ""SHY"": 1, ""SPY"": 0.7, ""TIP"": 2, ""TLT"": 1, ""TQQQ"": 1.5, ""VEA"": 1.5, ""VEU"": 2, ""VNQ"": 1.5, ""VTI"": 1, ""VWO"": 2}",0.03000000,tests/data/2026-08-24-net15,13612W,0.00202885,0.00598326,0.00210280,0.00609169,53497.00349518,40000.00000000,13497.00349518,0.33742509,0.09272912,0.09448971,0.93904857,0.09978655,1.34703895,0.97657989,-0.09495293,171,2020,0.14868755,2016,-0.01947281,2662509.91744344,283.25084864,8.82848286,0.00708127,0.00000000,0.00000000,0.19651733,0.00000000,0.06548469,0.00000000,0.13086240,0.00000000,0.21272077,0.00000000,0.26165887,0.00000000,0.13065315,0.00000000
ROT SPY+EFA+EEM+AGG top1 1-3-6-12U can SPY+EFA+EEM+AGG/1 fb best(LQD+IEF+SHY),sens,sens_2016-10-03,2016-10-03,2021-10-01,false,true,"{""*"": 6, ""ACWX"": 3, ""AGG"": 1, ""BIL"": 1, ""BND"": 1.5, ""BTAL"": 6, ""DBC"": 3, ""DBMF"": 3, ""EEM"": 1, ""EFA"": 1, ""IEF"": 1, ""IWM"": 1, ""KMLM"": 6, ""LQD"": 1.5, ""QQQ"": 1, ""SCZ"": 5, ""SHY"": 1, ""SPY"": 0.7, ""TIP"": 2, ""TLT"": 1, ""TQQQ"": 1.5, ""VEA"": 1.5, ""VEU"": 2, ""VNQ"": 1.5, ""VTI"": 1, ""VWO"": 2}",0.03000000,tests/data/2026-08-24-net15,1-3-6-12U,0.00246938,0.01354510,0.00251907,0.01362730,58030.82460806,40000.00000000,18030.82460806,0.45077062,0.11392436,0.12121971,1.14329877,0.09868485,1.61703599,1.20737866,-0.09435678,106,2020,0.19337211,2016,-0.04636067,1945325.85207349,210.26814097,6.17211786,0.00525670,0.00000000,0.00000000,0.21288961,0.00000000,0.00000000,0.00000000,0.11462903,0.00000000,0.17992413,0.00000000,0.27803381,0.00000000,0.21200435,0.00000000
SPY25/EFA25/EEM25/AGG25,sens,sens_2016-10-03,2016-10-03,2021-10-01,true,true,"{""*"": 6, ""ACWX"": 3, ""AGG"": 1, ""BIL"": 1, ""BND"": 1.5, ""BTAL"": 6, ""DBC"": 3, ""DBMF"": 3, ""EEM"": 1, ""EFA"": 1, ""IEF"": 1, ""IWM"": 1, ""KMLM"": 6, ""LQD"": 1.5, ""QQQ"": 1, ""SCZ"": 5, ""SHY"": 1, ""SPY"": 0.7, ""TIP"": 2, ""TLT"": 1, ""TQQQ"": 1.5, ""VEA"": 1.5, ""VEU"": 2, ""VNQ"": 1.5, ""VTI"": 1, ""VWO"": 2}",0.03000000,tests/data/2026-08-24-net15,,0.00844519,0.02533682,0.00519999,0.01625484,53579.44023750,40000.00000000,13579.44023750,0.33948601,0.09057212,0.09499426,0.70781524,0.13566749,0.94595165,0.35313297,-0.25648164,208,2017,0.20820361,2018,-0.08498185,52566.93938109,4.93413228,0.17978585,0.00012335,0.24827949,0.24531684,0.24919910,0.24703837,0.24890852,0.24631757,,,,,,,0.24516573,0.23374516
SPY60/AGG40,sens,sens_2016-10-03,2016-10-03,2021-10-01,true,true,"{""*"": 6, ""ACWX"": 3, ""AGG"": 1, ""BIL"": 1, ""BND"": 1.5, ""BTAL"": 6, ""DBC"": 3, ""DBMF"": 3, ""EEM"": 1, ""EFA"": 1, ""IEF"": 1, ""IWM"": 1, ""KMLM"": 6, ""LQD"": 1.5, ""QQQ"": 1, ""SCZ"": 5, ""SHY"": 1, ""SPY"": 0.7, ""TIP"": 2, ""TLT"": 1, ""TQQQ"": 1.5, ""VEA"": 1.5, ""VEU"": 2, ""VNQ"": 1.5, ""VTI"": 1, ""VWO"": 2}",0.03000000,tests/data/2026-08-24-net15,,0.00679364,0.01609102,0.00535445,0.01380480,57725.39148255,40000.00000000,17725.39148255,0.44313479,0.11188517,0.11948098,1.00232895,0.11217902,1.36294934,0.51954421,-0.21535254,152,2019,0.21394877,2018,-0.02717564,53627.93688140,4.57946619,0.17631129,0.00011449,0.39839769,0.39448387,,,,,,,,,,,0.59480690,0.58619520
SPY benchmark,sens,sens_2016-10-03,2016-10-03,2021-10-01,true,true,"{""*"": 6, ""ACWX"": 3, ""AGG"": 1, ""BIL"": 1, ""BND"": 1.5, ""BTAL"": 6, ""DBC"": 3, ""DBMF"": 3, ""EEM"": 1, ""EFA"": 1, ""IEF"": 1, ""IWM"": 1, ""KMLM"": 6, ""LQD"": 1.5, ""QQQ"": 1, ""SCZ"": 5, ""SHY"": 1, ""SPY"": 0.7, ""TIP"": 2, ""TLT"": 1, ""TQQQ"": 1.5, ""VEA"": 1.5, ""VEU"": 2, ""VNQ"": 1.5, ""VTI"": 1, ""VWO"": 2}",0.03000000,tests/data/2026-08-24-net15,,0.00440171,0.01667042,0.00440293,0.01670483,68455.57561063,40000.00000000,28455.57561063,0.71138939,0.16758352,0.17602209,0.92474571,0.18659996,1.27424222,0.49740566,-0.33691518,173,2019,0.30750254,2018,-0.04839665,39803.68000241,2.78625760,0.11935704,0.00006966,,,,,,,,,,,,,0.99559707,0.98329517
ROT SPY+EFA+EEM+AGG top1 13612W can SPY+EFA+EEM+AGG/1 fb best(LQD+IEF+SHY),sens,sens_2017-04-03,2017-04-03,2022-04-01,false,true,"{""*"": 6, ""ACWX"": 3, ""AGG"": 1, ""BIL"": 1, ""BND"": 1.5, ""BTAL"": 6, ""DBC"": 3, ""DBMF"": 3, ""EEM"": 1, ""EFA"": 1, ""IEF"": 1, ""IWM"": 1, ""KMLM"": 6, ""LQD"": 1.5, ""QQQ"": 1, ""SCZ"": 5, ""SHY"": 1, ""SPY"": 0.7, ""TIP"": 2, ""TLT"": 1, ""TQQQ"": 1.5, ""VEA"": 1.5, ""VEU"": 2, ""VNQ"": 1.5, ""VTI"": 1, ""VWO"": 2}",0.03000000,tests/data/2026-08-24-net15,13612W,0.00214737,0.01002393,0.00222498,0.01013207,48623.74854852,40000.00000000,8623.74854852,0.21559371,0.08140500,0.06331017,0.84175364,0.09873863,1.20394410,0.68449930,-0.11892634,,2020,0.14871268,2022,-0.05585121,2694457.33712430,294.78523282,8.81144138,0.00736963,0.00000000,0.00000000,0.18013896,0.00000000,0.06546118,0.00000000,0.14717513,0.00000000,0.24543552,0.00000000,0.24552521,0.00000000,0.11403902,0.00000000
ROT SPY+EFA+EEM+AGG top1 1-3-6-12U can SPY+EFA+EEM+AGG/1 fb best(LQD+IEF+SHY),sens,sens_2017-04-03,2017-04-03,2022-04-01,false,true,"{""*"": 6, ""ACWX"": 3, ""AGG"": 1, ""BIL"": 1, ""BND"": 1.5, ""BTAL"": 6, ""DBC"": 3, ""DBMF"": 3, ""EEM"": 1, ""EFA"": 1, ""IEF"": 1, ""IWM"": 1, ""KMLM"": 6, ""LQD"": 1.5, ""QQQ"": 1, ""SCZ"": 5, ""SHY"": 1, ""SPY"": 0.7, ""TIP"": 2, ""TLT"": 1, ""TQQQ"": 1.5, ""VEA"": 1.5, ""VEU"": 2, ""VNQ"": 1.5, ""VTI"": 1, ""VWO"": 2}",0.03000000,tests/data/2026-08-24-net15,1-3-6-12U,0.00229125,0.01857841,0.00233628,0.01866035,54696.30821682,40000.00000000,14696.30821682,0.36740771,0.11670228,0.10179345,1.18550499,0.09706607,1.68269318,1.19021260,-0.09805163,,2020,0.19354265,2022,-0.02720348,1788174.80310809,195.63115880,5.48342091,0.00489078,0.00000000,0.00000000,0.19652327,0.00000000,0.00000000,0.00000000,0.11454992,0.00000000,0.19641720,0.00000000,0.29460136,0.00000000,0.19557198,0.00000000
SPY25/EFA25/EEM25/AGG25,sens,sens_2017-04-03,2017-04-03,2022-04-01,true,true,"{""*"": 6, ""ACWX"": 3, ""AGG"": 1, ""BIL"": 1, ""BND"": 1.5, ""BTAL"": 6, ""DBC"": 3, ""DBMF"": 3, ""EEM"": 1, ""EFA"": 1, ""IEF"": 1, ""IWM"": 1, ""KMLM"": 6, ""LQD"": 1.5, ""QQQ"": 1, ""SCZ"": 5, ""SHY"": 1, ""SPY"": 0.7, ""TIP"": 2, ""TLT"": 1, ""TQQQ"": 1.5, ""VEA"": 1.5, ""VEU"": 2, ""VNQ"": 1.5, ""VTI"": 1, ""VWO"": 2}",0.03000000,tests/data/2026-08-24-net15,,0.00898841,0.02449473,0.00555452,0.01546742,49662.00042460,40000.00000000,9662.00042460,0.24155001,0.07303813,0.07019872,0.57482497,0.13970396,0.77090443,0.28538116,-0.25593185,208,2019,0.19490266,2018,-0.08599871,52915.82425591,4.95365225,0.18171243,0.00012384,0.24805454,0.24287866,0.24928125,0.24764084,0.24891843,0.24632797,,,,,,,0.24475539,0.23453258
SPY60/AGG40,sens,sens_2017-04-03,2017-04-03,2022-04-01,true,true,"{""*"": 6, ""ACWX"": 3, ""AGG"": 1, ""BIL"": 1, ""BND"": 1.5, ""BTAL"": 6, ""DBC"": 3, ""DBMF"": 3, ""EEM"": 1, ""EFA"": 1, ""IEF"": 1, ""IWM"": 1, ""KMLM"": 6, ""LQD"": 1.5, ""QQQ"": 1, ""SCZ"": 5, ""SHY"": 1, ""SPY"": 0.7, ""TIP"": 2, ""TLT"": 1, ""TQQQ"": 1.5, ""VEA"": 1.5, ""VEU"": 2, ""VNQ"": 1.5, ""VTI"": 1, ""VWO"": 2}",0.03000000,tests/data/2026-08-24-net15,,0.00649932,0.01939368,0.00517478,0.01752783,55060.61703520,40000.00000000,15060.61703520,0.37651543,0.10183238,0.10397301,0.89273028,0.11619696,1.21429117,0.47538273,-0.21421135,152,2019,0.21395686,2022,-0.04939060,53629.32882895,4.58192766,0.17495934,0.00011455,0.39827606,0.39530498,,,,,,,,,,,0.59522285,0.58247217
SPY benchmark,sens,sens_2017-04-03,2017-04-03,2022-04-01,true,true,"{""*"": 6, ""ACWX"": 3, ""AGG"": 1, ""BIL"": 1, ""BND"": 1.5, ""BTAL"": 6, ""DBC"": 3, ""DBMF"": 3, ""EEM"": 1, ""EFA"": 1, ""IEF"": 1, ""IWM"": 1, ""KMLM"": 6, ""LQD"": 1.5, ""QQQ"": 1, ""SCZ"": 5, ""SHY"": 1, ""SPY"": 0.7, ""TIP"": 2, ""TLT"": 1, ""TQQQ"": 1.5, ""VEA"": 1.5, ""VEU"": 2, ""VNQ"": 1.5, ""VTI"": 1, ""VWO"": 2}",0.03000000,tests/data/2026-08-24-net15,,0.00491990,0.01478330,0.00492113,0.01478463,66206.64389081,40000.00000000,26206.64389081,0.65516610,0.15643882,0.16493102,0.84955140,0.19314143,1.17119846,0.46491427,-0.33648961,173,2019,0.30664746,2018,-0.04829465,39788.40190620,2.78518813,0.11874593,0.00006963,,,,,,,,,,,,,0.99507887,0.98521537
ROT SPY+EFA+EEM+AGG top1 13612W can SPY+EFA+EEM+AGG/1 fb best(LQD+IEF+SHY),sens,sens_2017-10-02,2017-10-02,2022-09-30,false,true,"{""*"": 6, ""ACWX"": 3, ""AGG"": 1, ""BIL"": 1, ""BND"": 1.5, ""BTAL"": 6, ""DBC"": 3, ""DBMF"": 3, ""EEM"": 1, ""EFA"": 1, ""IEF"": 1, ""IWM"": 1, ""KMLM"": 6, ""LQD"": 1.5, ""QQQ"": 1, ""SCZ"": 5, ""SHY"": 1, ""SPY"": 0.7, ""TIP"": 2, ""TLT"": 1, ""TQQQ"": 1.5, ""VEA"": 1.5, ""VEU"": 2, ""VNQ"": 1.5, ""VTI"": 1, ""VWO"": 2}",0.03000000,tests/data/2026-08-24-net15,13612W,0.00213741,0.01223545,0.00221535,0.01223588,42870.63311465,39500.00000000,3370.63311465,0.08533248,0.04481226,0.02617811,0.50789418,0.09528806,0.71891847,0.26372827,-0.16991829,,2020,0.14882995,2022,-0.10854597,2375821.66568479,262.98014566,8.20504413,0.00665773,0.00000000,0.00000000,0.13315420,0.00000000,0.03330009,0.00000000,0.14971560,0.00000000,0.26601916,0.00000000,0.29948687,0.00000000,0.11610874,0.00000000
ROT SPY+EFA+EEM+AGG top1 1-3-6-12U can SPY+EFA+EEM+AGG/1 fb best(LQD+IEF+SHY),sens,sens_2017-10-02,2017-10-02,2022-09-30,false,true,"{""*"": 6, ""ACWX"": 3, ""AGG"": 1, ""BIL"": 1, ""BND"": 1.5, ""BTAL"": 6, ""DBC"": 3, ""DBMF"": 3, ""EEM"": 1, ""EFA"": 1, ""IEF"": 1, ""IWM"": 1, ""KMLM"": 6, ""LQD"": 1.5, ""QQQ"": 1, ""SCZ"": 5, ""SHY"": 1, ""SPY"": 0.7, ""TIP"": 2, ""TLT"": 1, ""TQQQ"": 1.5, ""VEA"": 1.5, ""VEU"": 2, ""VNQ"": 1.5, ""VTI"": 1, ""VWO"": 2}",0.03000000,tests/data/2026-08-24-net15,1-3-6-12U,0.00229332,0.00876454,0.00233629,0.00876491,49581.44744173,39500.00000000,10081.44744173,0.25522652,0.08969320,0.07297067,0.98069115,0.09194884,1.39227852,0.76434752,-0.11734610,,2020,0.19285978,2022,-0.04607804,1479095.37761767,162.71176109,4.73471161,0.00411929,0.00000000,0.00000000,0.13315575,0.00000000,0.00000000,0.00000000,0.11634995,0.00000000,0.19964563,0.00000000,0.36606235,0.00000000,0.18245002,0.00000000
SPY25/EFA25/EEM25/AGG25,sens,sens_2017-10-02,2017-10-02,2022-09-30,true,true,"{""*"": 6, ""ACWX"": 3, ""AGG"": 1, ""BIL"": 1, ""BND"": 1.5, ""BTAL"": 6, ""DBC"": 3, ""DBMF"": 3, ""EEM"": 1, ""EFA"": 1, ""IEF"": 1, ""IWM"": 1, ""KMLM"": 6, ""LQD"": 1.5, ""QQQ"": 1, ""SCZ"": 5, ""SHY"": 1, ""SPY"": 0.7, ""TIP"": 2, ""TLT"": 1, ""TQQQ"": 1.5, ""VEA"": 1.5, ""VEU"": 2, ""VNQ"": 1.5, ""VTI"": 1, ""VWO"": 2}",0.03000000,tests/data/2026-08-24-net15,,0.00949013,0.02991278,0.00593303,0.01908396,38206.94932806,39500.00000000,-1293.05067194,-0.03273546,0.01143415,-0.01061108,0.15136929,0.14782242,0.20075965,0.04477815,-0.25535104,208,2019,0.19274543,2022,-0.23389179,51773.59489162,4.83484011,0.18504009,0.00012240,0.24803767,0.24287810,0.24925856,0.24771240,0.24876229,0.24517475,,,,,,,0.24444930,0.23091604
SPY60/AGG40,sens,sens_2017-10-02,2017-10-02,2022-09-30,true,true,"{""*"": 6, ""ACWX"": 3, ""AGG"": 1, ""BIL"": 1, ""BND"": 1.5, ""BTAL"": 6, ""DBC"": 3, ""DBMF"": 3, ""EEM"": 1, ""EFA"": 1, ""IEF"": 1, ""IWM"": 1, ""KMLM"": 6, ""LQD"": 1.5, ""QQQ"": 1, ""SCZ"": 5, ""SHY"": 1, ""SPY"": 0.7, ""TIP"": 2, ""TLT"": 1, ""TQQQ"": 1.5, ""VEA"": 1.5, ""VEU"": 2, ""VNQ"": 1.5, ""VTI"": 1, ""VWO"": 2}",0.03000000,tests/data/2026-08-24-net15,,0.00789597,0.02260103,0.00623123,0.01731113,43794.06837050,39500.00000000,4294.06837050,0.10871059,0.05201819,0.03300956,0.46412519,0.12667426,0.62205175,0.24194421,-0.21500076,152,2019,0.21326245,2022,-0.20098576,51032.50175003,4.35023115,0.16985021,0.00011013,0.39821542,0.39439297,,,,,,,,,,,0.59388683,0.58268887
SPY benchmark,sens,sens_2017-10-02,2017-10-02,2022-09-30,true,true,"{""*"": 6, ""ACWX"": 3, ""AGG"": 1, ""BIL"": 1, ""BND"": 1.5, ""BTAL"": 6, ""DBC"": 3, ""DBMF"": 3, ""EEM"": 1, ""EFA"": 1, ""IEF"": 1, ""IWM"": 1, ""KMLM"": 6, ""LQD"": 1.5, ""QQQ"": 1, ""SCZ"": 5, ""SHY"": 1, ""SPY"": 0.7, ""TIP"": 2, ""TLT"": 1, ""TQQQ"": 1.5, ""VEA"": 1.5, ""VEU"": 2, ""VNQ"": 1.5, ""VTI"": 1, ""VWO"": 2}",0.03000000,tests/data/2026-08-24-net15,,0.00527690,0.01728466,0.00527815,0.01728589,48962.95297847,39500.00000000,9462.95297847,0.23956843,0.08779080,0.06891465,0.50962952,0.20782098,0.69405650,0.26029049,-0.33728011,173,2019,0.30725317,2022,-0.23919843,39191.73840354,2.74342169,0.11909541,0.00006945,,,,,,,,,,,,,0.99472185,0.98271411
ROT SPY+EFA+EEM+AGG top1 13612W can SPY+EFA+EEM+AGG/1 fb best(LQD+IEF+SHY),sens,sens_2018-04-02,2018-04-02,2023-03-31,false,true,"{""*"": 6, ""ACWX"": 3, ""AGG"": 1, ""BIL"": 1, ""BND"": 1.5, ""BTAL"": 6, ""DBC"": 3, ""DBMF"": 3, ""EEM"": 1, ""EFA"": 1, ""IEF"": 1, ""IWM"": 1, ""KMLM"": 6, ""LQD"": 1.5, ""QQQ"": 1, ""SCZ"": 5, ""SHY"": 1, ""SPY"": 0.7, ""TIP"": 2, ""TLT"": 1, ""TQQQ"": 1.5, ""VEA"": 1.5, ""VEU"": 2, ""VNQ"": 1.5, ""VTI"": 1, ""VWO"": 2}",0.03000000,tests/data/2026-08-24-net15,13612W,0.00213994,0.00994721,0.00221621,0.01005570,40351.88196378,39500.00000000,851.88196378,0.02156663,0.02174554,0.00681397,0.27339104,0.09525697,0.38016526,0.10737796,-0.20251399,,2020,0.14872128,2022,-0.12099595,2253130.07592601,245.19499444,8.18539903,0.00620747,0.00000000,0.00000000,0.09994477,0.00000000,0.06660315,0.00000000,0.14956877,0.00000000,0.23269073,0.00000000,0.33272324,0.00000000,0.11625312,0.00000000
ROT SPY+EFA+EEM+AGG top1 1-3-6-12U can SPY+EFA+EEM+AGG/1 fb best(LQD+IEF+SHY),sens,sens_2018-04-02,2018-04-02,2023-03-31,false,true,"{""*"": 6, ""ACWX"": 3, ""AGG"": 1, ""BIL"": 1, ""BND"": 1.5, ""BTAL"": 6, ""DBC"": 3, ""DBMF"": 3, ""EEM"": 1, ""EFA"": 1, ""IEF"": 1, ""IWM"": 1, ""KMLM"": 6, ""LQD"": 1.5, ""QQQ"": 1, ""SCZ"": 5, ""SHY"": 1, ""SPY"": 0.7, ""TIP"": 2, ""TLT"": 1, ""TQQQ"": 1.5, ""VEA"": 1.5, ""VEU"": 2, ""VNQ"": 1.5, ""VTI"": 1, ""VWO"": 2}",0.03000000,tests/data/2026-08-24-net15,1-3-6-12U,0.00245102,0.01038634,0.00249400,0.01038679,45951.18884994,39500.00000000,6451.18884994,0.16332124,0.06062224,0.04847287,0.72030232,0.08693880,0.99946047,0.41716007,-0.14532128,,2020,0.19325377,2022,-0.04059886,1380539.52911554,154.08185329,4.65776353,0.00390081,0.00000000,0.00000000,0.06660517,0.00000000,0.00000000,0.00000000,0.11637383,0.00000000,0.19969182,0.00000000,0.43251619,0.00000000,0.18231899,0.00000000
SPY25/EFA25/EEM25/AGG25,sens,sens_2018-04-02,2018-04-02,2023-03-31,true,true,"{""*"": 6, ""ACWX"": 3, ""AGG"": 1, ""BIL"": 1, ""BND"": 1.5, ""BTAL"": 6, ""DBC"": 3, ""DBMF"": 3, ""EEM"": 1, ""EFA"": 1, ""IEF"": 1, ""IWM"": 1, ""KMLM"": 6, ""LQD"": 1.5, ""QQQ"": 1, ""SCZ"": 5, ""SHY"": 1, ""SPY"": 0.7, ""TIP"": 2, ""TLT"": 1, ""TQQQ"": 1.5, ""VEA"": 1.5, ""VEU"": 2, ""VNQ"": 1.5, ""VTI"": 1, ""VWO"": 2}",0.03000000,tests/data/2026-08-24-net15,,0.01117469,0.02989006,0.00722763,0.02068727,43482.27743031,39500.00000000,3982.27743031,0.10081715,0.03556419,0.03073110,0.30724947,0.15103889,0.41661838,0.13926348,-0.25537340,208,2019,0.19176008,2022,-0.16385384,52853.11188099,4.92851996,0.19198561,0.00012477,0.24789198,0.24372256,0.24923382,0.24649983,0.24866800,0.24592617,,,,,,,0.24302942,0.22931273
SPY60/AGG40,sens,sens_2018-04-02,2018-04-02,2023-03-31,true,true,"{""*"": 6, ""ACWX"": 3, ""AGG"": 1, ""BIL"": 1, ""BND"": 1.5, ""BTAL"": 6, ""DBC"": 3, ""DBMF"": 3, ""EEM"": 1, ""EFA"": 1, ""IEF"": 1, ""IWM"": 1, ""KMLM"": 6, ""LQD"": 1.5, ""QQQ"": 1, ""SCZ"": 5, ""SHY"": 1, ""SPY"": 0.7, ""TIP"": 2, ""TLT"": 1, ""TQQQ"": 1.5, ""VEA"": 1.5, ""VEU"": 2, ""VNQ"": 1.5, ""VTI"": 1, ""VWO"": 2}",0.03000000,tests/data/2026-08-24-net15,,0.00920447,0.02990311,0.00729619,0.02179136,47517.11391137,39500.00000000,8017.11391137,0.20296491,0.07216112,0.05926716,0.59685726,0.13116228,0.82032649,0.33562852,-0.21500296,152,2019,0.21175350,2022,-0.15963248,52971.74427862,4.48439481,0.17759906,0.00011353,0.39790225,0.39184842,,,,,,,,,,,0.59289148,0.57820864
SPY benchmark,sens,sens_2018-04-02,2018-04-02,2023-03-31,true,true,"{""*"": 6, ""ACWX"": 3, ""AGG"": 1, ""BIL"": 1, ""BND"": 1.5, ""BTAL"": 6, ""DBC"": 3, ""DBMF"": 3, ""EEM"": 1, ""EFA"": 1, ""IEF"": 1, ""IWM"": 1, ""KMLM"": 6, ""LQD"": 1.5, ""QQQ"": 1, ""SCZ"": 5, ""SHY"": 1, ""SPY"": 0.7, ""TIP"": 2, ""TLT"": 1, ""TQQQ"": 1.5, ""VEA"": 1.5, ""VEU"": 2, ""VNQ"": 1.5, ""VTI"": 1, ""VWO"": 2}",0.03000000,tests/data/2026-08-24-net15,,0.00468270,0.01179336,0.00468394,0.01179382,54140.41234894,39500.00000000,14640.41234894,0.37064335,0.11268262,0.10153423,0.60784783,0.21316196,0.84381553,0.33482702,-0.33653980,173,2019,0.30687745,2022,-0.18360946,39148.50952134,2.74039567,0.11969572,0.00006938,,,,,,,,,,,,,0.99531606,0.98820618
ROT SPY+EFA+EEM+AGG top1 13612W can SPY+EFA+EEM+AGG/1 fb best(LQD+IEF+SHY),sens,sens_2018-10-01,2018-10-01,2023-09-29,false,true,"{""*"": 6, ""ACWX"": 3, ""AGG"": 1, ""BIL"": 1, ""BND"": 1.5, ""BTAL"": 6, ""DBC"": 3, ""DBMF"": 3, ""EEM"": 1, ""EFA"": 1, ""IEF"": 1, ""IWM"": 1, ""KMLM"": 6, ""LQD"": 1.5, ""QQQ"": 1, ""SCZ"": 5, ""SHY"": 1, ""SPY"": 0.7, ""TIP"": 2, ""TLT"": 1, ""TQQQ"": 1.5, ""VEA"": 1.5, ""VEU"": 2, ""VNQ"": 1.5, ""VTI"": 1, ""VWO"": 2}",0.03000000,tests/data/2026-08-24-net15,13612W,0.00268090,0.01650953,0.00275803,0.01661579,40409.26114223,39500.00000000,909.26114223,0.02301927,0.02600720,0.00727088,0.31276153,0.09734242,0.43530476,0.12846196,-0.20245063,,2020,0.14883795,2022,-0.12087483,2280547.44767453,252.47481095,8.33516658,0.00639177,0.00000000,0.00000000,0.09987954,0.00000000,0.08324666,0.00000000,0.11628151,0.00000000,0.24941729,0.00000000,0.33282571,0.00000000,0.11559126,0.00000000
ROT SPY+EFA+EEM+AGG top1 1-3-6-12U can SPY+EFA+EEM+AGG/1 fb best(LQD+IEF+SHY),sens,sens_2018-10-01,2018-10-01,2023-09-29,false,true,"{""*"": 6, ""ACWX"": 3, ""AGG"": 1, ""BIL"": 1, ""BND"": 1.5, ""BTAL"": 6, ""DBC"": 3, ""DBMF"": 3, ""EEM"": 1, ""EFA"": 1, ""IEF"": 1, ""IWM"": 1, ""KMLM"": 6, ""LQD"": 1.5, ""QQQ"": 1, ""SCZ"": 5, ""SHY"": 1, ""SPY"": 0.7, ""TIP"": 2, ""TLT"": 1, ""TQQQ"": 1.5, ""VEA"": 1.5, ""VEU"": 2, ""VNQ"": 1.5, ""VTI"": 1, ""VWO"": 2}",0.03000000,tests/data/2026-08-24-net15,1-3-6-12U,0.00248078,0.01240753,0.00253102,0.01251475,44216.11644793,39500.00000000,4716.11644793,0.11939535,0.05687827,0.03611566,0.65875219,0.09027808,0.91150343,0.35213751,-0.16152289,,2020,0.19279175,2022,-0.04060433,1547566.31243814,173.28652081,5.26189617,0.00438700,0.00000000,0.00000000,0.06660824,0.00000000,0.03329731,0.00000000,0.11634265,0.00000000,0.21605747,0.00000000,0.38288633,0.00000000,0.18227699,0.00000000
SPY25/EFA25/EEM25/AGG25,sens,sens_2018-10-01,2018-10-01,2023-09-29,true,true,"{""*"": 6, ""ACWX"": 3, ""AGG"": 1, ""BIL"": 1, ""BND"": 1.5, ""BTAL"": 6, ""DBC"": 3, ""DBMF"": 3, ""EEM"": 1, ""EFA"": 1, ""IEF"": 1, ""IWM"": 1, ""KMLM"": 6, ""LQD"": 1.5, ""QQQ"": 1, ""SCZ"": 5, ""SHY"": 1, ""SPY"": 0.7, ""TIP"": 2, ""TLT"": 1, ""TQQQ"": 1.5, ""VEA"": 1.5, ""VEU"": 2, ""VNQ"": 1.5, ""VTI"": 1, ""VWO"": 2}",0.03000000,tests/data/2026-08-24-net15,,0.01132610,0.02823048,0.00747838,0.01890699,42312.55924185,39500.00000000,2812.55924185,0.07120403,0.03145444,0.02199970,0.28089019,0.15145565,0.38152124,0.12333688,-0.25502863,208,2019,0.19213729,2022,-0.16219323,50611.56368351,4.73040131,0.18423045,0.00011976,0.24806605,0.24284475,0.24918710,0.24652109,0.24880706,0.24469622,,,,,,,0.24261165,0.23109301
SPY60/AGG40,sens,sens_2018-10-01,2018-10-01,2023-09-29,true,true,"{""*"": 6, ""ACWX"": 3, ""AGG"": 1, ""BIL"": 1, ""BND"": 1.5, ""BTAL"": 6, ""DBC"": 3, ""DBMF"": 3, ""EEM"": 1, ""EFA"": 1, ""IEF"": 1, ""IWM"": 1, ""KMLM"": 6, ""LQD"": 1.5, ""QQQ"": 1, ""SCZ"": 5, ""SHY"": 1, ""SPY"": 0.7, ""TIP"": 2, ""TLT"": 1, ""TQQQ"": 1.5, ""VEA"": 1.5, ""VEU"": 2, ""VNQ"": 1.5, ""VTI"": 1, ""VWO"": 2}",0.03000000,tests/data/2026-08-24-net15,,0.00930526,0.02145777,0.00748614,0.01904735,45916.64216989,39500.00000000,6416.64216989,0.16244664,0.05868366,0.04824952,0.49880727,0.13198785,0.68557584,0.27295084,-0.21499718,152,2019,0.21202653,2022,-0.15844908,49497.67228072,4.18826123,0.17074517,0.00010603,0.39813061,0.39388460,,,,,,,,,,,0.59256237,0.58095265
SPY benchmark,sens,sens_2018-10-01,2018-10-01,2023-09-29,true,true,"{""*"": 6, ""ACWX"": 3, ""AGG"": 1, ""BIL"": 1, ""BND"": 1.5, ""BTAL"": 6, ""DBC"": 3, ""DBMF"": 3, ""EEM"": 1, ""EFA"": 1, ""IEF"": 1, ""IWM"": 1, ""KMLM"": 6, ""LQD"": 1.5, ""QQQ"": 1, ""SCZ"": 5, ""SHY"": 1, ""SPY"": 0.7, ""TIP"": 2, ""TLT"": 1, ""TQQQ"": 1.5, ""VEA"": 1.5, ""VEU"": 2, ""VNQ"": 1.5, ""VTI"": 1, ""VWO"": 2}",0.03000000,tests/data/2026-08-24-net15,,0.00650466,0.02444023,0.00650593,0.02444198,52788.41643536,39500.00000000,13288.41643536,0.33641561,0.09533119,0.09334708,0.53372538,0.21386919,0.74123436,0.28278147,-0.33711965,173,2019,0.30657637,2022,-0.18186499,39489.90620463,2.76429343,0.12538071,0.00006998,,,,,,,,,,,,,0.99349407,0.97555802
ROT SPY+EFA+EEM+AGG top1 13612W can SPY+EFA+EEM+AGG/1 fb best(LQD+IEF+SHY),sens,sens_2019-04-01,2019-04-01,2024-04-01,false,true,"{""*"": 6, ""ACWX"": 3, ""AGG"": 1, ""BIL"": 1, ""BND"": 1.5, ""BTAL"": 6, ""DBC"": 3, ""DBMF"": 3, ""EEM"": 1, ""EFA"": 1, ""IEF"": 1, ""IWM"": 1, ""KMLM"": 6, ""LQD"": 1.5, ""QQQ"": 1, ""SCZ"": 5, ""SHY"": 1, ""SPY"": 0.7, ""TIP"": 2, ""TLT"": 1, ""TQQQ"": 1.5, ""VEA"": 1.5, ""VEU"": 2, ""VNQ"": 1.5, ""VTI"": 1, ""VWO"": 2}",0.03000000,tests/data/2026-08-24-net15,13612W,0.00294363,0.01852528,0.00301638,0.01860739,42084.85940672,40000.00000000,2084.85940672,0.05212149,0.02823044,0.01640698,0.33485498,0.09751256,0.46623672,0.13946847,-0.20241450,,2020,0.14878039,2022,-0.12086551,2194114.81914229,239.44279867,8.24940770,0.00598607,0.00000000,0.00000000,0.08187105,0.00000000,0.08182992,0.00000000,0.08175830,0.00000000,0.22892425,0.00000000,0.36013968,0.00000000,0.16246042,0.00000000
ROT SPY+EFA+EEM+AGG top1 1-3-6-12U can SPY+EFA+EEM+AGG/1 fb best(LQD+IEF+SHY),sens,sens_2019-04-01,2019-04-01,2024-04-01,false,true,"{""*"": 6, ""ACWX"": 3, ""AGG"": 1, ""BIL"": 1, ""BND"": 1.5, ""BTAL"": 6, ""DBC"": 3, ""DBMF"": 3, ""EEM"": 1, ""EFA"": 1, ""IEF"": 1, ""IWM"": 1, ""KMLM"": 6, ""LQD"": 1.5, ""QQQ"": 1, ""SCZ"": 5, ""SHY"": 1, ""SPY"": 0.7, ""TIP"": 2, ""TLT"": 1, ""TQQQ"": 1.5, ""VEA"": 1.5, ""VEU"": 2, ""VNQ"": 1.5, ""VTI"": 1, ""VWO"": 2}",0.03000000,tests/data/2026-08-24-net15,1-3-6-12U,0.00292421,0.01852528,0.00297289,0.01860739,46681.79828106,40000.00000000,6681.79828106,0.16704496,0.06304094,0.04999124,0.70649059,0.09282169,0.98214326,0.39037553,-0.16148795,,2020,0.19326321,2022,-0.04057756,1523039.23911942,167.96625911,5.33746668,0.00419916,0.00000000,0.00000000,0.06551291,0.00000000,0.03275731,0.00000000,0.08176144,0.00000000,0.21256213,0.00000000,0.36024124,0.00000000,0.24419206,0.00000000
SPY25/EFA25/EEM25/AGG25,sens,sens_2019-04-01,2019-04-01,2024-04-01,true,true,"{""*"": 6, ""ACWX"": 3, ""AGG"": 1, ""BIL"": 1, ""BND"": 1.5, ""BTAL"": 6, ""DBC"": 3, ""DBMF"": 3, ""EEM"": 1, ""EFA"": 1, ""IEF"": 1, ""IWM"": 1, ""KMLM"": 6, ""LQD"": 1.5, ""QQQ"": 1, ""SCZ"": 5, ""SHY"": 1, ""SPY"": 0.7, ""TIP"": 2, ""TLT"": 1, ""TQQQ"": 1.5, ""VEA"": 1.5, ""VEU"": 2, ""VNQ"": 1.5, ""VTI"": 1, ""VWO"": 2}",0.03000000,tests/data/2026-08-24-net15,,0.01103709,0.02963135,0.00734011,0.02272376,47497.83662051,40000.00000000,7497.83662051,0.18744592,0.05553004,0.05562198,0.43802286,0.14920031,0.59758632,0.21774275,-0.25502589,208,2023,0.14153945,2022,-0.16228451,50278.36898541,4.68601441,0.18393852,0.00011715,0.24785032,0.24145173,0.24916057,0.24748631,0.24884979,0.24614484,,,,,,,0.24310022,0.22727624
SPY60/AGG40,sens,sens_2019-04-01,2019-04-01,2024-04-01,true,true,"{""*"": 6, ""ACWX"": 3, ""AGG"": 1, ""BIL"": 1, ""BND"": 1.5, ""BTAL"": 6, ""DBC"": 3, ""DBMF"": 3, ""EEM"": 1, ""EFA"": 1, ""IEF"": 1, ""IWM"": 1, ""KMLM"": 6, ""LQD"": 1.5, ""QQQ"": 1, ""SCZ"": 5, ""SHY"": 1, ""SPY"": 0.7, ""TIP"": 2, ""TLT"": 1, ""TQQQ"": 1.5, ""VEA"": 1.5, ""VEU"": 2, ""VNQ"": 1.5, ""VTI"": 1, ""VWO"": 2}",0.03000000,tests/data/2026-08-24-net15,,0.00948167,0.02826605,0.00779957,0.02583244,51721.07665319,40000.00000000,11721.07665319,0.29302692,0.08597534,0.08337820,0.70300554,0.12955265,0.97230561,0.40180615,-0.21397219,152,2023,0.17172590,2022,-0.15946686,48923.23264873,4.15574679,0.16913289,0.00010389,0.39814021,0.39320916,,,,,,,,,,,0.59237640,0.57416756
SPY benchmark,sens,sens_2019-04-01,2019-04-01,2024-04-01,true,true,"{""*"": 6, ""ACWX"": 3, ""AGG"": 1, ""BIL"": 1, ""BND"": 1.5, ""BTAL"": 6, ""DBC"": 3, ""DBMF"": 3, ""EEM"": 1, ""EFA"": 1, ""IEF"": 1, ""IWM"": 1, ""KMLM"": 6, ""LQD"": 1.5, ""QQQ"": 1, ""SCZ"": 5, ""SHY"": 1, ""SPY"": 0.7, ""TIP"": 2, ""TLT"": 1, ""TQQQ"": 1.5, ""VEA"": 1.5, ""VEU"": 2, ""VNQ"": 1.5, ""VTI"": 1, ""VWO"": 2}",0.03000000,tests/data/2026-08-24-net15,,0.00612606,0.01860019,0.00612728,0.01860095,62640.60599528,40000.00000000,22640.60599528,0.56601515,0.14287634,0.14636603,0.74828468,0.20789079,1.04459864,0.42512188,-0.33608325,173,2021,0.28296606,2022,-0.18279448,39661.98646727,2.77633905,0.12344037,0.00006941,,,,,,,,,,,,,0.99387272,0.98139905
ROT SPY+EFA+EEM+AGG top1 13612W can SPY+EFA+EEM+AGG/1 fb best(LQD+IEF+SHY),sens,sens_2019-10-01,2019-10-01,2024-10-01,false,true,"{""*"": 6, ""ACWX"": 3, ""AGG"": 1, ""BIL"": 1, ""BND"": 1.5, ""BTAL"": 6, ""DBC"": 3, ""DBMF"": 3, ""EEM"": 1, ""EFA"": 1, ""IEF"": 1, ""IWM"": 1, ""KMLM"": 6, ""LQD"": 1.5, ""QQQ"": 1, ""SCZ"": 5, ""SHY"": 1, ""SPY"": 0.7, ""TIP"": 2, ""TLT"": 1, ""TQQQ"": 1.5, ""VEA"": 1.5, ""VEU"": 2, ""VNQ"": 1.5, ""VTI"": 1, ""VWO"": 2}",0.03000000,tests/data/2026-08-24-net15,13612W,0.00323875,0.01702308,0.00331433,0.01710598,44065.65925257,40000.00000000,4065.65925257,0.10164148,0.03726713,0.03128145,0.41643063,0.10007479,0.58380618,0.18430178,-0.20220711,,2020,0.14917233,2022,-0.12084214,2246646.81203000,237.28588436,8.58809583,0.00593215,0.00000000,0.00000000,0.09822545,0.00000000,0.08189066,0.00000000,0.06529702,0.00000000,0.19613637,0.00000000,0.39287947,0.00000000,0.16225670,0.00000000
ROT SPY+EFA+EEM+AGG top1 1-3-6-12U can SPY+EFA+EEM+AGG/1 fb best(LQD+IEF+SHY),sens,sens_2019-10-01,2019-10-01,2024-10-01,false,true,"{""*"": 6, ""ACWX"": 3, ""AGG"": 1, ""BIL"": 1, ""BND"": 1.5, ""BTAL"": 6, ""DBC"": 3, ""DBMF"": 3, ""EEM"": 1, ""EFA"": 1, ""IEF"": 1, ""IWM"": 1, ""KMLM"": 6, ""LQD"": 1.5, ""QQQ"": 1, ""SCZ"": 5, ""SHY"": 1, ""SPY"": 0.7, ""TIP"": 2, ""TLT"": 1, ""TQQQ"": 1.5, ""VEA"": 1.5, ""VEU"": 2, ""VNQ"": 1.5, ""VTI"": 1, ""VWO"": 2}",0.03000000,tests/data/2026-08-24-net15,1-3-6-12U,0.00388995,0.01898797,0.00393740,0.01909309,47535.23867456,40000.00000000,7535.23867456,0.18838097,0.06904921,0.05586757,0.73601018,0.09736038,1.02769393,0.42814327,-0.16127594,,2020,0.19297338,2022,-0.04054146,1428067.87771199,154.99748882,5.07368415,0.00387494,0.00000000,0.00000000,0.06549434,0.00000000,0.03274888,0.00000000,0.06526727,0.00000000,0.17978985,0.00000000,0.37651127,0.00000000,0.27625099,0.00000000
SPY25/EFA25/EEM25/AGG25,sens,sens_2019-10-01,2019-10-01,2024-10-01,true,true,"{""*"": 6, ""ACWX"": 3, ""AGG"": 1, ""BIL"": 1, ""BND"": 1.5, ""BTAL"": 6, ""DBC"": 3, ""DBMF"": 3, ""EEM"": 1, ""EFA"": 1, ""IEF"": 1, ""IWM"": 1, ""KMLM"": 6, ""LQD"": 1.5, ""QQQ"": 1, ""SCZ"": 5, ""SHY"": 1, ""SPY"": 0.7, ""TIP"": 2, ""TLT"": 1, ""TQQQ"": 1.5, ""VEA"": 1.5, ""VEU"": 2, ""VNQ"": 1.5, ""VTI"": 1, ""VWO"": 2}",0.03000000,tests/data/2026-08-24-net15,,0.01225512,0.03782679,0.00827077,0.02226529,50335.14518662,40000.00000000,10335.14518662,0.25837863,0.07145470,0.07449913,0.53851987,0.14922695,0.73950032,0.28301027,-0.25248093,208,2023,0.14079778,2022,-0.16266215,46846.50265606,4.39899157,0.16963169,0.00010997,0.24790811,0.24209047,0.24912271,0.24703723,0.24881188,0.24530923,,,,,,,0.24190026,0.22773471
SPY60/AGG40,sens,sens_2019-10-01,2019-10-01,2024-10-01,true,true,"{""*"": 6, ""ACWX"": 3, ""AGG"": 1, ""BIL"": 1, ""BND"": 1.5, ""BTAL"": 6, ""DBC"": 3, ""DBMF"": 3, ""EEM"": 1, ""EFA"": 1, ""IEF"": 1, ""IWM"": 1, ""KMLM"": 6, ""LQD"": 1.5, ""QQQ"": 1, ""SCZ"": 5, ""SHY"": 1, ""SPY"": 0.7, ""TIP"": 2, ""TLT"": 1, ""TQQQ"": 1.5, ""VEA"": 1.5, ""VEU"": 2, ""VNQ"": 1.5, ""VTI"": 1, ""VWO"": 2}",0.03000000,tests/data/2026-08-24-net15,,0.00874796,0.02577726,0.00699809,0.01808341,53598.54436455,40000.00000000,13598.54436455,0.33996361,0.09382681,0.09502300,0.75819462,0.12966381,1.05111716,0.44464790,-0.21101374,147,2023,0.17207465,2022,-0.15973613,45075.35183418,3.85494918,0.15581045,0.00009637,0.39789213,0.39148165,,,,,,,,,,,0.59335825,0.58191659
SPY benchmark,sens,sens_2019-10-01,2019-10-01,2024-10-01,true,true,"{""*"": 6, ""ACWX"": 3, ""AGG"": 1, ""BIL"": 1, ""BND"": 1.5, ""BTAL"": 6, ""DBC"": 3, ""DBMF"": 3, ""EEM"": 1, ""EFA"": 1, ""IEF"": 1, ""IWM"": 1, ""KMLM"": 6, ""LQD"": 1.5, ""QQQ"": 1, ""SCZ"": 5, ""SHY"": 1, ""SPY"": 0.7, ""TIP"": 2, ""TLT"": 1, ""TQQQ"": 1.5, ""VEA"": 1.5, ""VEU"": 2, ""VNQ"": 1.5, ""VTI"": 1, ""VWO"": 2}",0.03000000,tests/data/2026-08-24-net15,,0.00678512,0.02152589,0.00678633,0.02152679,64780.38926820,40000.00000000,24780.38926820,0.61950973,0.15595850,0.15748059,0.80655685,0.20671009,1.12854416,0.46944610,-0.33221812,173,2021,0.28261638,2022,-0.18303732,39513.23356063,2.76592635,0.12075509,0.00006915,,,,,,,,,,,,,0.99321367,0.97847321
ROT SPY+EFA+EEM+AGG top1 13612W can SPY+EFA+EEM+AGG/1 fb best(LQD+IEF+SHY),sens,sens_2020-04-01,2020-04-01,2025-04-01,false,true,"{""*"": 6, ""ACWX"": 3, ""AGG"": 1, ""BIL"": 1, ""BND"": 1.5, ""BTAL"": 6, ""DBC"": 3, ""DBMF"": 3, ""EEM"": 1, ""EFA"": 1, ""IEF"": 1, ""IWM"": 1, ""KMLM"": 6, ""LQD"": 1.5, ""QQQ"": 1, ""SCZ"": 5, ""SHY"": 1, ""SPY"": 0.7, ""TIP"": 2, ""TLT"": 1, ""TQQQ"": 1.5, ""VEA"": 1.5, ""VEU"": 2, ""VNQ"": 1.5, ""VTI"": 1, ""VWO"": 2}",0.03000000,tests/data/2026-08-24-net15,13612W,0.00313899,0.01495920,0.00321542,0.01506653,40425.57889412,40000.00000000,425.57889412,0.01063947,0.01714668,0.00341665,0.22294380,0.09805321,0.31263629,0.08486166,-0.20205452,,2020,0.16393109,2022,-0.12081077,2323383.99544611,243.19359145,9.07420663,0.00607984,0.00000000,0.00000000,0.08187203,0.00000000,0.08185377,0.00000000,0.06524629,0.00000000,0.17979567,0.00000000,0.42551295,0.00000000,0.16250387,0.00000000
ROT SPY+EFA+EEM+AGG top1 1-3-6-12U can SPY+EFA+EEM+AGG/1 fb best(LQD+IEF+SHY),sens,sens_2020-04-01,2020-04-01,2025-04-01,false,true,"{""*"": 6, ""ACWX"": 3, ""AGG"": 1, ""BIL"": 1, ""BND"": 1.5, ""BTAL"": 6, ""DBC"": 3, ""DBMF"": 3, ""EEM"": 1, ""EFA"": 1, ""IEF"": 1, ""IWM"": 1, ""KMLM"": 6, ""LQD"": 1.5, ""QQQ"": 1, ""SCZ"": 5, ""SHY"": 1, ""SPY"": 0.7, ""TIP"": 2, ""TLT"": 1, ""TQQQ"": 1.5, ""VEA"": 1.5, ""VEU"": 2, ""VNQ"": 1.5, ""VTI"": 1, ""VWO"": 2}",0.03000000,tests/data/2026-08-24-net15,1-3-6-12U,0.00363600,0.01529099,0.00368166,0.01537359,43522.43184180,40000.00000000,3522.43184180,0.08806080,0.03774681,0.02728420,0.42049509,0.10039852,0.57393116,0.23380440,-0.16144609,1335,2020,0.13567721,2025,-0.06429030,1395613.42864847,144.30585148,5.19405487,0.00360765,0.00000000,0.00000000,0.06548139,0.00000000,0.03274728,0.00000000,0.04883138,0.00000000,0.14726329,0.00000000,0.40924482,0.00000000,0.29275018,0.00000000
SPY25/EFA25/EEM25/AGG25,sens,sens_2020-04-01,2020-04-01,2025-04-01,true,true,"{""*"": 6, ""ACWX"": 3, ""AGG"": 1, ""BIL"": 1, ""BND"": 1.5, ""BTAL"": 6, ""DBC"": 3, ""DBMF"": 3, ""EEM"": 1, ""EFA"": 1, ""IEF"": 1, ""IWM"": 1, ""KMLM"": 6, ""LQD"": 1.5, ""QQQ"": 1, ""SCZ"": 5, ""SHY"": 1, ""SPY"": 0.7, ""TIP"": 2, ""TLT"": 1, ""TQQQ"": 1.5, ""VEA"": 1.5, ""VEU"": 2, ""VNQ"": 1.5, ""VTI"": 1, ""VWO"": 2}",0.03000000,tests/data/2026-08-24-net15,,0.01245843,0.03264925,0.00856147,0.02238023,50566.81635837,40000.00000000,10566.81635837,0.26417041,0.09703758,0.07604656,0.81113406,0.12401521,1.19002253,0.38836890,-0.24985930,981,2020,0.38463075,2022,-0.16290008,47240.17589575,4.43060117,0.15958709,0.00011077,0.24800878,0.24257497,0.24922891,0.24743652,0.24870114,0.24675882,,,,,,,0.24160094,0.22761977
SPY60/AGG40,sens,sens_2020-04-01,2020-04-01,2025-04-01,true,true,"{""*"": 6, ""ACWX"": 3, ""AGG"": 1, ""BIL"": 1, ""BND"": 1.5, ""BTAL"": 6, ""DBC"": 3, ""DBMF"": 3, ""EEM"": 1, ""EFA"": 1, ""IEF"": 1, ""IWM"": 1, ""KMLM"": 6, ""LQD"": 1.5, ""QQQ"": 1, ""SCZ"": 5, ""SHY"": 1, ""SPY"": 0.7, ""TIP"": 2, ""TLT"": 1, ""TQQQ"": 1.5, ""VEA"": 1.5, ""VEU"": 2, ""VNQ"": 1.5, ""VTI"": 1, ""VWO"": 2}",0.03000000,tests/data/2026-08-24-net15,,0.00922679,0.02662333,0.00745598,0.02102140,53066.93777905,40000.00000000,13066.93777905,0.32667344,0.11099191,0.09182078,1.01272573,0.11026799,1.47227734,0.53443525,-0.20768075,766,2020,0.31526438,2022,-0.15897929,46819.82703612,3.99547956,0.15305530,0.00009989,0.39800925,0.39148712,,,,,,,,,,,0.59276235,0.57897860
SPY benchmark,sens,sens_2020-04-01,2020-04-01,2025-04-01,true,true,"{""*"": 6, ""ACWX"": 3, ""AGG"": 1, ""BIL"": 1, ""BND"": 1.5, ""BTAL"": 6, ""DBC"": 3, ""DBMF"": 3, ""EEM"": 1, ""EFA"": 1, ""IEF"": 1, ""IWM"": 1, ""KMLM"": 6, ""LQD"": 1.5, ""QQQ"": 1, ""SCZ"": 5, ""SHY"": 1, ""SPY"": 0.7, ""TIP"": 2, ""TLT"": 1, ""TQQQ"": 1.5, ""VEA"": 1.5, ""VEU"": 2, ""VNQ"": 1.5, ""VTI"": 1, ""VWO"": 2}",0.03000000,tests/data/2026-08-24-net15,,0.00717346,0.01958108,0.00717458,0.01958180,64633.15060299,40000.00000000,24633.15060299,0.61582877,0.19153444,0.15682605,1.10523087,0.17256661,1.60277623,0.78209937,-0.24489783,709,2020,0.52709348,2022,-0.18312734,39704.04476813,2.77928313,0.10880911,0.00006948,,,,,,,,,,,,,0.99282542,0.98041820
ROT SPY+EFA+EEM+AGG top1 13612W can SPY+EFA+EEM+AGG/1 fb best(LQD+IEF+SHY),sens,sens_2020-10-01,2020-10-01,2025-10-01,false,true,"{""*"": 6, ""ACWX"": 3, ""AGG"": 1, ""BIL"": 1, ""BND"": 1.5, ""BTAL"": 6, ""DBC"": 3, ""DBMF"": 3, ""EEM"": 1, ""EFA"": 1, ""IEF"": 1, ""IWM"": 1, ""KMLM"": 6, ""LQD"": 1.5, ""QQQ"": 1, ""SCZ"": 5, ""SHY"": 1, ""SPY"": 0.7, ""TIP"": 2, ""TLT"": 1, ""TQQQ"": 1.5, ""VEA"": 1.5, ""VEU"": 2, ""VNQ"": 1.5, ""VTI"": 1, ""VWO"": 2}",0.03000000,tests/data/2026-08-24-net15,13612W,0.00273833,0.01645495,0.00281236,0.01653856,43498.14423560,40000.00000000,3498.14423560,0.08745361,0.01775695,0.02709614,0.24457272,0.08813520,0.33929918,0.08784528,-0.20213898,,2025,0.10201553,2022,-0.12086284,2180697.23800090,224.27780947,8.91318461,0.00560695,0.00000000,0.00000000,0.09826776,0.00000000,0.08180926,0.00000000,0.04908156,0.00000000,0.16344882,0.00000000,0.44155365,0.00000000,0.16302658,0.00000000
ROT SPY+EFA+EEM+AGG top1 1-3-6-12U can SPY+EFA+EEM+AGG/1 fb best(LQD+IEF+SHY),sens,sens_2020-10-01,2020-10-01,2025-10-01,false,true,"{""*"": 6, ""ACWX"": 3, ""AGG"": 1, ""BIL"": 1, ""BND"": 1.5, ""BTAL"": 6, ""DBC"": 3, ""DBMF"": 3, ""EEM"": 1, ""EFA"": 1, ""IEF"": 1, ""IWM"": 1, ""KMLM"": 6, ""LQD"": 1.5, ""QQQ"": 1, ""SCZ"": 5, ""SHY"": 1, ""SPY"": 0.7, ""TIP"": 2, ""TLT"": 1, ""TQQQ"": 1.5, ""VEA"": 1.5, ""VEU"": 2, ""VNQ"": 1.5, ""VTI"": 1, ""VWO"": 2}",0.03000000,tests/data/2026-08-24-net15,1-3-6-12U,0.00382861,0.02248378,0.00387311,0.02251799,50642.70488424,40000.00000000,10642.70488424,0.26606762,0.06481166,0.07651633,0.70316512,0.09625701,0.98677101,0.40160617,-0.16138114,1335,2025,0.12481692,2022,-0.04052870,1308402.41430404,134.95403952,4.93456964,0.00337385,0.00000000,0.00000000,0.11463592,0.00000000,0.06547332,0.00000000,0.00000000,0.00000000,0.14710831,0.00000000,0.40904585,0.00000000,0.25986349,0.00000000
SPY25/EFA25/EEM25/AGG25,sens,sens_2020-10-01,2020-10-01,2025-10-01,true,true,"{""*"": 6, ""ACWX"": 3, ""AGG"": 1, ""BIL"": 1, ""BND"": 1.5, ""BTAL"": 6, ""DBC"": 3, ""DBMF"": 3, ""EEM"": 1, ""EFA"": 1, ""IEF"": 1, ""IWM"": 1, ""KMLM"": 6, ""LQD"": 1.5, ""QQQ"": 1, ""SCZ"": 5, ""SHY"": 1, ""SPY"": 0.7, ""TIP"": 2, ""TLT"": 1, ""TQQQ"": 1.5, ""VEA"": 1.5, ""VEU"": 2, ""VNQ"": 1.5, ""VTI"": 1, ""VWO"": 2}",0.03000000,tests/data/2026-08-24-net15,,0.01424474,0.04166218,0.01013598,0.02927826,53211.46010917,40000.00000000,13211.46010917,0.33028650,0.07920421,0.09268766,0.69440125,0.12067230,1.01539420,0.31874620,-0.24848676,981,2025,0.18920963,2022,-0.16166724,48461.54462687,4.48626225,0.17741786,0.00011216,0.24795656,0.24197771,0.24904818,0.24649807,0.24864958,0.24547830,,,,,,,0.24009903,0.22072174
SPY60/AGG40,sens,sens_2020-10-01,2020-10-01,2025-10-01,true,true,"{""*"": 6, ""ACWX"": 3, ""AGG"": 1, ""BIL"": 1, ""BND"": 1.5, ""BTAL"": 6, ""DBC"": 3, ""DBMF"": 3, ""EEM"": 1, ""EFA"": 1, ""IEF"": 1, ""IWM"": 1, ""KMLM"": 6, ""LQD"": 1.5, ""QQQ"": 1, ""SCZ"": 5, ""SHY"": 1, ""SPY"": 0.7, ""TIP"": 2, ""TLT"": 1, ""TQQQ"": 1.5, ""VEA"": 1.5, ""VEU"": 2, ""VNQ"": 1.5, ""VTI"": 1, ""VWO"": 2}",0.03000000,tests/data/2026-08-24-net15,,0.01007536,0.03470134,0.00811526,0.02669664,54555.05290383,40000.00000000,14555.05290383,0.36387632,0.09129836,0.10085742,0.85793564,0.10917843,1.24782585,0.44099915,-0.20702615,767,2023,0.17035474,2022,-0.15890999,44593.97540962,3.80545563,0.15655143,0.00009514,0.39792588,0.39199447,,,,,,,,,,,0.59199713,0.57330336
SPY benchmark,sens,sens_2020-10-01,2020-10-01,2025-10-01,true,true,"{""*"": 6, ""ACWX"": 3, ""AGG"": 1, ""BIL"": 1, ""BND"": 1.5, ""BTAL"": 6, ""DBC"": 3, ""DBMF"": 3, ""EEM"": 1, ""EFA"": 1, ""IEF"": 1, ""IWM"": 1, ""KMLM"": 6, ""LQD"": 1.5, ""QQQ"": 1, ""SCZ"": 5, ""SHY"": 1, ""SPY"": 0.7, ""TIP"": 2, ""TLT"": 1, ""TQQQ"": 1.5, ""VEA"": 1.5, ""VEU"": 2, ""VNQ"": 1.5, ""VTI"": 1, ""VWO"": 2}",0.03000000,tests/data/2026-08-24-net15,,0.00884524,0.02336669,0.00884646,0.02336770,66100.37429562,40000.00000000,26100.37429562,0.65250936,0.15915572,0.16425076,0.95154645,0.17121556,1.38853105,0.64988015,-0.24490011,709,2021,0.28240060,2022,-0.18276220,39648.96327369,2.77542743,0.12250556,0.00006939,,,,,,,,,,,,,0.99115354,0.97663230
ROT SPY+EFA+EEM+AGG top1 13612W can SPY+EFA+EEM+AGG/1 fb best(LQD+IEF+SHY),sens,sens_2021-04-01,2021-04-01,2026-04-01,false,true,"{""*"": 6, ""ACWX"": 3, ""AGG"": 1, ""BIL"": 1, ""BND"": 1.5, ""BTAL"": 6, ""DBC"": 3, ""DBMF"": 3, ""EEM"": 1, ""EFA"": 1, ""IEF"": 1, ""IWM"": 1, ""KMLM"": 6, ""LQD"": 1.5, ""QQQ"": 1, ""SCZ"": 5, ""SHY"": 1, ""SPY"": 0.7, ""TIP"": 2, ""TLT"": 1, ""TQQQ"": 1.5, ""VEA"": 1.5, ""VEU"": 2, ""VNQ"": 1.5, ""VTI"": 1, ""VWO"": 2}",0.03000000,tests/data/2026-08-24-net15,13612W,0.00367336,0.01895628,0.00374245,0.01906233,45192.39015526,40000.00000000,5192.39015526,0.12980975,0.01454268,0.03949275,0.19183934,0.10355104,0.26347827,0.07219918,-0.20142450,1621,2025,0.13397663,2022,-0.12061952,1894943.45229153,194.18729673,7.79807095,0.00485468,0.00000000,0.00000000,0.14740577,0.00000000,0.06543408,0.00000000,0.04905843,0.00000000,0.16327518,0.00000000,0.40902911,0.00000000,0.16205498,0.00000000
ROT SPY+EFA+EEM+AGG top1 1-3-6-12U can SPY+EFA+EEM+AGG/1 fb best(LQD+IEF+SHY),sens,sens_2021-04-01,2021-04-01,2026-04-01,false,true,"{""*"": 6, ""ACWX"": 3, ""AGG"": 1, ""BIL"": 1, ""BND"": 1.5, ""BTAL"": 6, ""DBC"": 3, ""DBMF"": 3, ""EEM"": 1, ""EFA"": 1, ""IEF"": 1, ""IWM"": 1, ""KMLM"": 6, ""LQD"": 1.5, ""QQQ"": 1, ""SCZ"": 5, ""SHY"": 1, ""SPY"": 0.7, ""TIP"": 2, ""TLT"": 1, ""TQQQ"": 1.5, ""VEA"": 1.5, ""VEU"": 2, ""VNQ"": 1.5, ""VTI"": 1, ""VWO"": 2}",0.03000000,tests/data/2026-08-24-net15,1-3-6-12U,0.00396439,0.02023530,0.00400372,0.02023644,51834.80928492,40000.00000000,11834.80928492,0.29587023,0.05702384,0.08414588,0.57942228,0.10575985,0.80617561,0.41161123,-0.13853810,1113,2025,0.15731083,2022,-0.04049233,1053368.10453305,107.73685519,4.00223077,0.00269342,0.00000000,0.00000000,0.16382037,0.00000000,0.06543265,0.00000000,0.00000000,0.00000000,0.13052382,0.00000000,0.39244275,0.00000000,0.24377669,0.00000000
SPY25/EFA25/EEM25/AGG25,sens,sens_2021-04-01,2021-04-01,2026-04-01,true,true,"{""*"": 6, ""ACWX"": 3, ""AGG"": 1, ""BIL"": 1, ""BND"": 1.5, ""BTAL"": 6, ""DBC"": 3, ""DBMF"": 3, ""EEM"": 1, ""EFA"": 1, ""IEF"": 1, ""IWM"": 1, ""KMLM"": 6, ""LQD"": 1.5, ""QQQ"": 1, ""SCZ"": 5, ""SHY"": 1, ""SPY"": 0.7, ""TIP"": 2, ""TLT"": 1, ""TQQQ"": 1.5, ""VEA"": 1.5, ""VEU"": 2, ""VNQ"": 1.5, ""VTI"": 1, ""VWO"": 2}",0.03000000,tests/data/2026-08-24-net15,,0.01395248,0.04190068,0.00994400,0.02863184,52021.19089387,40000.00000000,12021.19089387,0.30052977,0.05846271,0.08531937,0.53226003,0.12086513,0.77340865,0.23716402,-0.24650749,918,2025,0.21610886,2022,-0.15938116,45213.37236647,4.27101133,0.16765870,0.00010678,0.24818358,0.24254916,0.24904309,0.24651896,0.24848804,0.24515095,,,,,,,0.24033091,0.22136816
SPY60/AGG40,sens,sens_2021-04-01,2021-04-01,2026-04-01,true,true,"{""*"": 6, ""ACWX"": 3, ""AGG"": 1, ""BIL"": 1, ""BND"": 1.5, ""BTAL"": 6, ""DBC"": 3, ""DBMF"": 3, ""EEM"": 1, ""EFA"": 1, ""IEF"": 1, ""IWM"": 1, ""KMLM"": 6, ""LQD"": 1.5, ""QQQ"": 1, ""SCZ"": 5, ""SHY"": 1, ""SPY"": 0.7, ""TIP"": 2, ""TLT"": 1, ""TQQQ"": 1.5, ""VEA"": 1.5, ""VEU"": 2, ""VNQ"": 1.5, ""VTI"": 1, ""VWO"": 2}",0.03000000,tests/data/2026-08-24-net15,,0.01190632,0.03834645,0.01022658,0.03421038,51164.98019946,40000.00000000,11164.98019946,0.27912450,0.06783324,0.07989557,0.66514517,0.10777997,0.96136039,0.32624916,-0.20791851,767,2023,0.17144328,2022,-0.15925833,43698.06796053,3.69641331,0.15519942,0.00009241,0.39828788,0.39343208,,,,,,,,,,,0.58980418,0.56578962
SPY benchmark,sens,sens_2021-04-01,2021-04-01,2026-04-01,true,true,"{""*"": 6, ""ACWX"": 3, ""AGG"": 1, ""BIL"": 1, ""BND"": 1.5, ""BTAL"": 6, ""DBC"": 3, ""DBMF"": 3, ""EEM"": 1, ""EFA"": 1, ""IEF"": 1, ""IWM"": 1, ""KMLM"": 6, ""LQD"": 1.5, ""QQQ"": 1, ""SCZ"": 5, ""SHY"": 1, ""SPY"": 0.7, ""TIP"": 2, ""TLT"": 1, ""TQQQ"": 1.5, ""VEA"": 1.5, ""VEU"": 2, ""VNQ"": 1.5, ""VTI"": 1, ""VWO"": 2}",0.03000000,tests/data/2026-08-24-net15,,0.00846047,0.02801025,0.00846172,0.02801125,59002.40754917,40000.00000000,19002.40754917,0.47506019,0.11535447,0.12667042,0.73286492,0.16900166,1.05998792,0.47194682,-0.24442261,709,2023,0.25651082,2022,-0.18256168,39870.31686989,2.79092218,0.12763364,0.00006977,,,,,,,,,,,,,0.99153828,0.97198875
