label,kind,window,start,end,is_baseline,feasible,params.vol.lam,params.sigma_target,params.w_max,params.gate,avg_misallocation,max_misallocation,avg_asset_deviation,max_asset_deviation,final_value,total_contributed,net_profit,net_profit_pct,cagr,xirr,sharpe,volatility,sortino,calmar,max_drawdown,max_drawdown_days,best_year,best_year_return,worst_year,worst_year_return,exposure.BTAL.avg,exposure.BTAL.min,exposure.SPY.avg,exposure.SPY.min,exposure.TQQQ.avg,exposure.TQQQ.min
VT TQQQ/BTAL t25 w0-60 QQQ:VOL_EWMA70,full,full,2012-01-03,2026-08-14,false,true,0.70000000,0.25000000,0.60000000,,0.00019521,0.00200464,0.00017551,0.00196826,587056.71319600,97500.00000000,489556.71319600,5.02109449,0.21357389,0.20107253,0.95243386,0.23222242,1.32584506,0.70202250,-0.30422656,560,2013,0.58344815,2022,-0.26331133,0.50830483,0.39803174,,,0.49149996,0.14619970
VT TQQQ/BTAL t25 w0-60 QQQ:VOL_EWMA70 gate QQQ<SMA200,full,full,2012-01-03,2026-08-14,false,true,0.70000000,0.25000000,0.60000000,QQQ<SMA200,0.01610517,0.28804434,0.01608649,0.28804434,523761.49807250,97500.00000000,426261.49807250,4.37191280,0.20151431,0.18894274,0.92116002,0.22823855,1.27765347,0.76215001,-0.26440243,355,2013,0.58335236,2022,-0.17451192,0.52421864,0.39803174,,,0.47558215,0.06154395
VT TQQQ/BTAL t25 w0-70 QQQ:VOL_EWMA70,full,full,2012-01-03,2026-08-14,false,true,0.70000000,0.25000000,0.70000000,,0.00016317,0.00180438,0.00014527,0.00179865,642975.80921400,97500.00000000,545475.80921400,5.59462368,0.22423100,0.21073066,0.92185094,0.25572373,1.27847539,0.70955805,-0.31601502,725,2013,0.67365352,2022,-0.27165132,0.46648919,0.29907325,,,0.53334764,0.14619028
VT TQQQ/BTAL t25 w0-70 QQQ:VOL_EWMA70 gate QQQ<SMA200,full,full,2012-01-03,2026-08-14,false,true,0.70000000,0.25000000,0.70000000,QQQ<SMA200,0.01652136,0.28799017,0.01650447,0.28799017,573650.27289650,97500.00000000,476150.27289650,4.88359254,0.21203909,0.19861831,0.89248187,0.25176657,1.23398528,0.81931432,-0.25880066,576,2013,0.67372699,2022,-0.18382177,0.48283951,0.29906590,,,0.51699031,0.06159813
VT TQQQ/BTAL t25 w0-80 QQQ:VOL_EWMA70,full,full,2012-01-03,2026-08-14,false,true,0.70000000,0.25000000,0.80000000,,0.00016709,0.00180438,0.00015050,0.00179865,685116.91297700,97500.00000000,587616.91297700,6.02684013,0.23139104,0.21746338,0.89603844,0.27556195,1.24087064,0.72814295,-0.31778244,725,2017,0.73255313,2022,-0.27168317,0.43452219,0.19887785,,,0.56531072,0.14620115
VT TQQQ/BTAL t25 w0-80 QQQ:VOL_EWMA70 gate QQQ<SMA200,full,full,2012-01-03,2026-08-14,false,true,0.70000000,0.25000000,0.80000000,QQQ<SMA200,0.01675927,0.28794594,0.01674357,0.28794594,610567.42009100,97500.00000000,513067.42009100,5.26222995,0.21899458,0.20524218,0.86748951,0.27172054,1.19812331,0.73569277,-0.29767124,716,2017,0.73254866,2022,-0.18385828,0.45110615,0.19887785,,,0.54871834,0.06164236
VT TQQQ/BTAL t30 w0-60 QQQ:VOL_EWMA70,full,full,2012-01-03,2026-08-14,false,true,0.70000000,0.30000000,0.60000000,,0.00016374,0.00230020,0.00014719,0.00227087,784313.73700750,97500.00000000,686813.73700750,7.04424346,0.24288973,0.23179430,0.99529122,0.25081111,1.39122359,0.69345452,-0.35026051,528,2023,0.62094169,2022,-0.31085828,0.47332751,0.39872558,,,0.52650876,0.17544991
VT TQQQ/BTAL t30 w0-60 QQQ:VOL_EWMA70 gate QQQ<SMA200,full,full,2012-01-03,2026-08-14,false,true,0.70000000,0.30000000,0.60000000,QQQ<SMA200,0.01867149,0.34246615,0.01865516,0.34246615,686687.02291050,97500.00000000,589187.02291050,6.04294382,0.22896242,0.21770608,0.97238273,0.24315587,1.35269182,0.84325745,-0.27152137,528,2013,0.59942225,2022,-0.20614356,0.49181565,0.39872558,,,0.50800523,0.07703980
VT TQQQ/BTAL t30 w0-70 QQQ:VOL_EWMA70,full,full,2012-01-03,2026-08-14,false,true,0.70000000,0.30000000,0.70000000,,0.00017652,0.00230020,0.00016089,0.00227087,893078.39388900,97500.00000000,795578.39388900,8.15977840,0.25872894,0.24555348,0.96304473,0.28075467,1.33966948,0.68465599,-0.37789626,731,2013,0.74592755,2022,-0.33542770,0.41971636,0.29853742,,,0.58010712,0.17544166
VT TQQQ/BTAL t30 w0-70 QQQ:VOL_EWMA70 gate QQQ<SMA200,full,full,2012-01-03,2026-08-14,false,true,0.70000000,0.30000000,0.70000000,QQQ<SMA200,0.01873063,0.34235841,0.01871520,0.34235841,787765.05599800,97500.00000000,690265.05599800,7.07964160,0.24536080,0.23225952,0.94126389,0.27383987,1.30423507,0.81016871,-0.30285148,606,2013,0.74584156,2022,-0.23451713,0.43829705,0.29853742,,,0.56153624,0.07714755
VT TQQQ/BTAL t30 w0-80 QQQ:VOL_EWMA70,full,full,2012-01-03,2026-08-14,false,true,0.70000000,0.30000000,0.80000000,,0.00017061,0.00230020,0.00015630,0.00227087,978606.60999850,97500.00000000,881106.60999850,9.03699087,0.27014770,0.25524569,0.93663930,0.30652046,1.29907756,0.67974682,-0.39742401,753,2013,0.87223019,2022,-0.34967761,0.37501298,0.19881576,,,0.62481642,0.17545804
VT TQQQ/BTAL t30 w0-80 QQQ:VOL_EWMA70 gate QQQ<SMA200,full,full,2012-01-03,2026-08-14,false,true,0.70000000,0.30000000,0.80000000,QQQ<SMA200,0.01917516,0.34226853,0.01916126,0.34226853,862762.86487500,97500.00000000,765262.86487500,7.84884990,0.25659588,0.24189443,0.91485327,0.29985082,1.26458871,0.79008993,-0.32476794,753,2013,0.87223122,2022,-0.25099739,0.39402786,0.19881576,,,0.60580211,0.07723742
VT TQQQ/BTAL t35 w0-60 QQQ:VOL_EWMA70,full,full,2012-01-03,2026-08-14,false,true,0.70000000,0.35000000,0.60000000,,0.00015325,0.00132534,0.00013779,0.00131334,964059.12956950,97500.00000000,866559.12956950,8.88778594,0.26429653,0.25365815,1.02048128,0.26499567,1.43295068,0.66717662,-0.39614178,563,2023,0.74467235,2022,-0.35744517,0.45059611,0.39868666,,,0.54925065,0.20468295
VT TQQQ/BTAL t35 w0-60 QQQ:VOL_EWMA70 gate QQQ<SMA200,full,full,2012-01-03,2026-08-14,false,true,0.70000000,0.35000000,0.60000000,QQQ<SMA200,0.02081674,0.39559843,0.02080231,0.39559843,848917.95068500,97500.00000000,751417.95068500,7.70685078,0.25095634,0.24018046,1.01415475,0.25313423,1.41687641,0.84091028,-0.29843415,535,2013,0.61465542,2022,-0.23783092,0.47123899,0.39868666,,,0.52859057,0.09382519
VT TQQQ/BTAL t35 w0-70 QQQ:VOL_EWMA70,full,full,2012-01-03,2026-08-14,false,true,0.70000000,0.35000000,0.70000000,,0.00012838,0.00106637,0.00011461,0.00105272,1177339.72163900,97500.00000000,1079839.72163900,11.07527920,0.28694729,0.27485884,0.99301827,0.30048150,1.38664039,0.68048417,-0.42168106,605,2023,0.79322944,2022,-0.38033237,0.38560134,0.29894728,,,0.61427028,0.20468725
VT TQQQ/BTAL t35 w0-70 QQQ:VOL_EWMA70 gate QQQ<SMA200,full,full,2012-01-03,2026-08-14,false,true,0.70000000,0.35000000,0.70000000,QQQ<SMA200,0.02110376,0.39542145,0.02109210,0.39542145,1027467.56384450,97500.00000000,929967.56384450,9.53812886,0.27244735,0.26041126,0.97940665,0.28986049,1.36096571,0.81516225,-0.33422469,601,2013,0.76248235,2022,-0.26509362,0.40656728,0.29894728,,,0.59329618,0.09400216
VT TQQQ/BTAL t35 w0-80 QQQ:VOL_EWMA70,full,full,2012-01-03,2026-08-14,false,true,0.70000000,0.35000000,0.80000000,,0.00015627,0.00138057,0.00014208,0.00135006,1327094.40479800,97500.00000000,1229594.40479800,12.61122466,0.30174415,0.28758337,0.96360424,0.33205985,1.34028390,0.67248706,-0.44869881,753,2013,0.92110885,2022,-0.40321880,0.33137766,0.19864994,,,0.66846607,0.20469949
VT TQQQ/BTAL t35 w0-80 QQQ:VOL_EWMA70 gate QQQ<SMA200,full,full,2012-01-03,2026-08-14,false,true,0.70000000,0.35000000,0.80000000,QQQ<SMA200,0.02122760,0.39532557,0.02121483,0.39532557,1163638.50598300,97500.00000000,1066138.50598300,10.93475391,0.28755483,0.27361595,0.94863182,0.32238089,1.31400454,0.78630067,-0.36570594,752,2013,0.92111415,2022,-0.29231610,0.35244063,0.19864994,,,0.64739650,0.09409804
VT TQQQ/BTAL t25 w0-60 QQQ:VOL_EWMA75,full,full,2012-01-03,2026-08-14,false,true,0.75000000,0.25000000,0.60000000,,0.00017156,0.00156958,0.00015277,0.00153222,582766.69978400,97500.00000000,485266.69978400,4.97709436,0.21313987,0.20029344,0.95568196,0.23068308,1.33000295,0.72790804,-0.29281153,528,2013,0.58611447,2022,-0.25423833,0.50971945,0.39846778,,,0.49010900,0.13519188
VT TQQQ/BTAL t25 w0-60 QQQ:VOL_EWMA75 gate QQQ<SMA200,full,full,2012-01-03,2026-08-14,false,true,0.75000000,0.25000000,0.60000000,QQQ<SMA200,0.01490449,0.28004671,0.01488648,0.28004671,530435.70237650,97500.00000000,432935.70237650,4.44036618,0.20276957,0.19029034,0.92904827,0.22716147,1.28908665,0.79072097,-0.25643631,355,2013,0.58619314,2022,-0.17146424,0.52443205,0.39846778,,,0.47537963,0.06466682
VT TQQQ/BTAL t25 w0-70 QQQ:VOL_EWMA75,full,full,2012-01-03,2026-08-14,false,true,0.75000000,0.25000000,0.70000000,,0.00018436,0.00133912,0.00016503,0.00130934,631954.73720450,97500.00000000,534454.73720450,5.48158705,0.22208210,0.20889626,0.92260691,0.25278827,1.27932873,0.74531073,-0.29797250,605,2017,0.64895198,2022,-0.25424934,0.47027674,0.29895191,,,0.52953890,0.13521012
VT TQQQ/BTAL t25 w0-70 QQQ:VOL_EWMA75 gate QQQ<SMA200,full,full,2012-01-03,2026-08-14,false,true,0.75000000,0.25000000,0.70000000,QQQ<SMA200,0.01526724,0.27999855,0.01525139,0.27999855,575376.95365000,97500.00000000,477876.95365000,4.90130209,0.21161106,0.19893765,0.89743172,0.24928197,1.24129079,0.81770849,-0.25878545,576,2017,0.64894759,2022,-0.17148480,0.48538670,0.29895191,,,0.51443918,0.06471499
VT TQQQ/BTAL t25 w0-80 QQQ:VOL_EWMA75,full,full,2012-01-03,2026-08-14,false,true,0.75000000,0.25000000,0.80000000,,0.00017575,0.00141779,0.00015756,0.00138331,677479.68275450,97500.00000000,579979.68275450,5.94850957,0.22985199,0.21627478,0.90132174,0.27122427,1.24862565,0.76941083,-0.29873766,605,2017,0.74366845,2022,-0.25423281,0.44037188,0.19861669,,,0.55945237,0.13520247
VT TQQQ/BTAL t25 w0-80 QQQ:VOL_EWMA75 gate QQQ<SMA200,full,full,2012-01-03,2026-08-14,false,true,0.75000000,0.25000000,0.80000000,QQQ<SMA200,0.01524087,0.27992493,0.01522560,0.27992493,616504.36625800,97500.00000000,519004.36625800,5.32312171,0.21931326,0.20626937,0.87680008,0.26796191,1.21199676,0.76095406,-0.28820828,576,2017,0.74366359,2022,-0.17156121,0.45548117,0.19861669,,,0.54436232,0.06478861
VT TQQQ/BTAL t30 w0-60 QQQ:VOL_EWMA75,full,full,2012-01-03,2026-08-14,false,true,0.75000000,0.30000000,0.60000000,,0.00017210,0.00133153,0.00015651,0.00130974,784937.66455250,97500.00000000,687437.66455250,7.05064271,0.24354950,0.23187855,0.99948978,0.25011803,1.39647610,0.70100286,-0.34743011,561,2023,0.61121293,2022,-0.31003125,0.47368014,0.39869026,,,0.52614776,0.16224659
VT TQQQ/BTAL t30 w0-60 QQQ:VOL_EWMA75 gate QQQ<SMA200,full,full,2012-01-03,2026-08-14,false,true,0.75000000,0.30000000,0.60000000,QQQ<SMA200,0.01741173,0.33251152,0.01739466,0.33251152,700588.05427500,97500.00000000,603088.05427500,6.18551851,0.23115982,0.21983080,0.97956870,0.24321714,1.36310852,0.83763916,-0.27596587,533,2013,0.60392208,2022,-0.21420398,0.49092553,0.39869026,,,0.50889961,0.08114472
VT TQQQ/BTAL t30 w0-70 QQQ:VOL_EWMA75,full,full,2012-01-03,2026-08-14,false,true,0.75000000,0.30000000,0.70000000,,0.00016697,0.00126014,0.00015119,0.00125004,884054.63960950,97500.00000000,786554.63960950,8.06722707,0.25818547,0.24447744,0.96524116,0.27921964,1.34220205,0.69641582,-0.37073464,725,2013,0.75086820,2022,-0.32977092,0.42093002,0.29874996,,,0.57890301,0.16223553
VT TQQQ/BTAL t30 w0-70 QQQ:VOL_EWMA75 gate QQQ<SMA200,full,full,2012-01-03,2026-08-14,false,true,0.75000000,0.30000000,0.70000000,QQQ<SMA200,0.01725927,0.33241403,0.01724639,0.33241403,797733.73335050,97500.00000000,700233.73335050,7.18188444,0.24678935,0.23359184,0.94736570,0.27306193,1.31316086,0.81765340,-0.30182636,606,2013,0.75081931,2022,-0.23671181,0.43806031,0.29874996,,,0.56178921,0.08124221
VT TQQQ/BTAL t30 w0-80 QQQ:VOL_EWMA75,full,full,2012-01-03,2026-08-14,false,true,0.75000000,0.30000000,0.80000000,,0.00014873,0.00152316,0.00013393,0.00148851,969414.03775000,97500.00000000,871914.03775000,8.94270808,0.26866658,0.25424527,0.93992912,0.30307582,1.30329387,0.71237495,-0.37714209,752,2013,0.84131027,2022,-0.32978309,0.37887521,0.19851149,,,0.62097607,0.16224106
VT TQQQ/BTAL t30 w0-80 QQQ:VOL_EWMA75 gate QQQ<SMA200,full,full,2012-01-03,2026-08-14,false,true,0.75000000,0.30000000,0.80000000,QQQ<SMA200,0.01770469,0.33234381,0.01769093,0.33234381,874580.80864150,97500.00000000,777080.80864150,7.97005958,0.25709883,0.24333587,0.92196476,0.29705844,1.27483855,0.80978307,-0.31749099,576,2013,0.84122903,2022,-0.23675138,0.39644246,0.19851149,,,0.60340813,0.08131243
VT TQQQ/BTAL t35 w0-60 QQQ:VOL_EWMA75,full,full,2012-01-03,2026-08-14,false,true,0.75000000,0.35000000,0.60000000,,0.00017193,0.00216162,0.00015616,0.00215205,969496.36733900,97500.00000000,871996.36733900,8.94355249,0.26524280,0.25425427,1.02391681,0.26478478,1.43795031,0.67470633,-0.39312333,563,2023,0.74679699,2022,-0.35609276,0.45009304,0.39843284,,,0.54973504,0.18927455
VT TQQQ/BTAL t35 w0-60 QQQ:VOL_EWMA75 gate QQQ<SMA200,full,full,2012-01-03,2026-08-14,false,true,0.75000000,0.35000000,0.60000000,QQQ<SMA200,0.01945024,0.38358206,0.01943512,0.38358206,869101.41863450,97500.00000000,771601.41863450,7.91386070,0.25322776,0.24266998,1.01844560,0.25409109,1.42428195,0.82634287,-0.30644393,535,2013,0.61985286,2022,-0.24718898,0.46937988,0.39843284,,,0.53044686,0.09901689
VT TQQQ/BTAL t35 w0-70 QQQ:VOL_EWMA75,full,full,2012-01-03,2026-08-14,false,true,0.75000000,0.35000000,0.70000000,,0.00017403,0.00216162,0.00015999,0.00215205,1180769.94515900,97500.00000000,1083269.94515900,11.11046098,0.28789040,0.27516777,0.99747029,0.29962114,1.39223254,0.68803295,-0.41842531,606,2023,0.78132146,2022,-0.37903939,0.38597729,0.29834343,,,0.61384868,0.18927967
VT TQQQ/BTAL t35 w0-70 QQQ:VOL_EWMA75 gate QQQ<SMA200,full,full,2012-01-03,2026-08-14,false,true,0.75000000,0.35000000,0.70000000,QQQ<SMA200,0.01963797,0.38338155,0.01962595,0.38338155,1052003.24057050,97500.00000000,954503.24057050,9.78977683,0.27509632,0.26291392,0.98612528,0.29006075,1.37081028,0.81075955,-0.33930691,605,2013,0.76823237,2022,-0.27415268,0.40546659,0.29834343,,,0.59436927,0.09921740
VT TQQQ/BTAL t35 w0-80 QQQ:VOL_EWMA75,full,full,2012-01-03,2026-08-14,false,true,0.75000000,0.35000000,0.80000000,,0.00015944,0.00216162,0.00014628,0.00215205,1316809.19622900,97500.00000000,1219309.19622900,12.50573535,0.30152814,0.28675584,0.96607310,0.33050134,1.34321023,0.67875140,-0.44423943,753,2013,0.92743806,2022,-0.40051321,0.33234079,0.19825402,,,0.66749977,0.18929333
VT TQQQ/BTAL t35 w0-80 QQQ:VOL_EWMA75 gate QQQ<SMA200,full,full,2012-01-03,2026-08-14,false,true,0.75000000,0.35000000,0.80000000,QQQ<SMA200,0.01949245,0.38328436,0.01948071,0.38328436,1183589.91519350,97500.00000000,1086089.91519350,11.13938375,0.28954687,0.27542108,0.95438333,0.32189228,1.32256194,0.78541004,-0.36865695,753,2013,0.92735647,2022,-0.29930491,0.35166644,0.19825402,,,0.64816531,0.09931459
VT TQQQ/BTAL t25 w0-60 QQQ:VOL_EWMA80,full,full,2012-01-03,2026-08-14,false,true,0.80000000,0.25000000,0.60000000,,0.00018491,0.00162878,0.00016522,0.00161863,580539.31108300,97500.00000000,483039.31108300,4.95424934,0.21273731,0.19988663,0.95980925,0.22891731,1.33616708,0.77182761,-0.27562802,532,2013,0.58236612,2022,-0.23803764,0.51127723,0.39841004,,,0.48853786,0.12430056
VT TQQQ/BTAL t25 w0-60 QQQ:VOL_EWMA80 gate QQQ<SMA200,full,full,2012-01-03,2026-08-14,false,true,0.80000000,0.25000000,0.60000000,QQQ<SMA200,0.01355815,0.27147316,0.01353987,0.27147316,538595.40280200,97500.00000000,441095.40280200,4.52405541,0.20400909,0.19191455,0.93775686,0.22582657,1.30230148,0.81454012,-0.25045922,355,2013,0.58230114,2022,-0.16254495,0.52468854,0.39841004,,,0.47514237,0.06860196
VT TQQQ/BTAL t25 w0-70 QQQ:VOL_EWMA80,full,full,2012-01-03,2026-08-14,false,true,0.80000000,0.25000000,0.70000000,,0.00017200,0.00143919,0.00015398,0.00142827,621761.18664200,97500.00000000,524261.18664200,5.37703781,0.22020663,0.20717055,0.92444690,0.24979716,1.28218127,0.78566703,-0.28027985,573,2017,0.65299937,2022,-0.23807054,0.47451796,0.29891140,,,0.52531003,0.12427840
VT TQQQ/BTAL t25 w0-70 QQQ:VOL_EWMA80 gate QQQ<SMA200,full,full,2012-01-03,2026-08-14,false,true,0.80000000,0.25000000,0.70000000,QQQ<SMA200,0.01368226,0.27143931,0.01366457,0.27143931,577462.08502200,97500.00000000,479962.08502200,4.92268805,0.21153436,0.19932199,0.90352614,0.24685517,1.25062321,0.83600687,-0.25302945,337,2017,0.65299482,2022,-0.16254278,0.48801786,0.29891140,,,0.51179772,0.06863582
VT TQQQ/BTAL t25 w0-80 QQQ:VOL_EWMA80,full,full,2012-01-03,2026-08-14,false,true,0.80000000,0.25000000,0.80000000,,0.00016976,0.00144057,0.00015154,0.00141242,668747.91195950,97500.00000000,571247.91195950,5.85895294,0.22843805,0.21489916,0.90773625,0.26667023,1.25863411,0.78145468,-0.29232412,469,2017,0.74855968,2022,-0.23804292,0.44671160,0.19858758,,,0.55311864,0.12427671
VT TQQQ/BTAL t25 w0-80 QQQ:VOL_EWMA80 gate QQQ<SMA200,full,full,2012-01-03,2026-08-14,false,true,0.80000000,0.25000000,0.80000000,QQQ<SMA200,0.01365225,0.27137620,0.01363564,0.27137620,620665.59824000,97500.00000000,523165.59824000,5.36580101,0.21969796,0.20698337,0.88729813,0.26391892,1.22811280,0.80454549,-0.27307090,574,2017,0.74855778,2022,-0.16260510,0.46022524,0.19858758,,,0.53961482,0.06869893
VT TQQQ/BTAL t30 w0-60 QQQ:VOL_EWMA80,full,full,2012-01-03,2026-08-14,false,true,0.80000000,0.30000000,0.60000000,,0.00018338,0.00177808,0.00016736,0.00176905,790946.01390000,97500.00000000,693446.01390000,7.11226681,0.24468221,0.23268648,1.00415850,0.24978243,1.40276353,0.70959503,-0.34481951,561,2013,0.60909734,2022,-0.30909138,0.47358354,0.39864638,,,0.52623308,0.14915310
VT TQQQ/BTAL t30 w0-60 QQQ:VOL_EWMA80 gate QQQ<SMA200,full,full,2012-01-03,2026-08-14,false,true,0.80000000,0.30000000,0.60000000,QQQ<SMA200,0.01588266,0.32182803,0.01586803,0.32182803,721216.83843800,97500.00000000,623716.83843800,6.39709578,0.23414332,0.22290683,0.98807185,0.24370054,1.37583595,0.83082911,-0.28181887,562,2013,0.60916523,2022,-0.22401690,0.48929754,0.39864638,,,0.51052249,0.08626212
VT TQQQ/BTAL t30 w0-70 QQQ:VOL_EWMA80,full,full,2012-01-03,2026-08-14,false,true,0.80000000,0.30000000,0.70000000,,0.00017051,0.00177808,0.00015475,0.00176905,893849.19897500,97500.00000000,796349.19897500,8.16768409,0.25941198,0.24564489,0.97410572,0.27705753,1.35525084,0.73794683,-0.35153208,605,2013,0.75556775,2022,-0.31121182,0.42235617,0.29864532,,,0.57747332,0.14913983
VT TQQQ/BTAL t30 w0-70 QQQ:VOL_EWMA80 gate QQQ<SMA200,full,full,2012-01-03,2026-08-14,false,true,0.80000000,0.30000000,0.70000000,QQQ<SMA200,0.01564750,0.32166018,0.01563278,0.32166018,823206.77034100,97500.00000000,725706.77034100,7.44314636,0.24982714,0.23692205,0.95984535,0.27164439,1.33201872,0.86373236,-0.28924138,605,2013,0.75562869,2022,-0.22651443,0.43785125,0.29864532,,,0.56198319,0.08642997
VT TQQQ/BTAL t30 w0-80 QQQ:VOL_EWMA80,full,full,2012-01-03,2026-08-14,false,true,0.80000000,0.30000000,0.80000000,,0.00017106,0.00177808,0.00015393,0.00176905,950831.65879250,97500.00000000,853331.65879250,8.75211958,0.26637213,0.25219385,0.94010235,0.30013555,1.30340283,0.74378834,-0.35812894,605,2013,0.81647271,2022,-0.31121794,0.38244601,0.19844196,,,0.61738293,0.14914393
VT TQQQ/BTAL t30 w0-80 QQQ:VOL_EWMA80 gate QQQ<SMA200,full,full,2012-01-03,2026-08-14,false,true,0.80000000,0.30000000,0.80000000,QQQ<SMA200,0.01598167,0.32165110,0.01596650,0.32165110,875783.13928800,97500.00000000,778283.13928800,7.98239117,0.25667726,0.24348143,0.92537203,0.29490049,1.28008431,0.81268503,-0.31583855,576,2013,0.81644510,2022,-0.22650300,0.39824831,0.19844196,,,0.60157351,0.08643905
VT TQQQ/BTAL t35 w0-60 QQQ:VOL_EWMA80,full,full,2012-01-03,2026-08-14,false,true,0.80000000,0.35000000,0.60000000,,0.00018209,0.00166045,0.00016692,0.00164873,983617.54909000,97500.00000000,886117.54909000,9.08838512,0.26692170,0.25578709,1.02889846,0.26479893,1.44552180,0.68391377,-0.39028561,563,2023,0.75548448,2022,-0.35462743,0.44954405,0.39835127,,,0.55027386,0.17400462
VT TQQQ/BTAL t35 w0-60 QQQ:VOL_EWMA80 gate QQQ<SMA200,full,full,2012-01-03,2026-08-14,false,true,0.80000000,0.35000000,0.60000000,QQQ<SMA200,0.01801950,0.37057447,0.01800632,0.37057447,892182.28476650,97500.00000000,794682.28476650,8.15058754,0.25565393,0.24544711,1.02256601,0.25525240,1.43141704,0.80817587,-0.31633453,563,2013,0.62285334,2022,-0.25862494,0.46742541,0.39835127,,,0.53240626,0.10553070
VT TQQQ/BTAL t35 w0-70 QQQ:VOL_EWMA80,full,full,2012-01-03,2026-08-14,false,true,0.80000000,0.35000000,0.70000000,,0.00013947,0.00174452,0.00012687,0.00171765,1192818.38490250,97500.00000000,1095318.38490250,11.23403472,0.28931780,0.27624590,1.00224353,0.29917095,1.39862755,0.69684772,-0.41518082,606,2023,0.77534910,2022,-0.37762159,0.38591270,0.29828235,,,0.61394783,0.17402178
VT TQQQ/BTAL t35 w0-70 QQQ:VOL_EWMA80 gate QQQ<SMA200,full,full,2012-01-03,2026-08-14,false,true,0.80000000,0.35000000,0.70000000,QQQ<SMA200,0.01782765,0.37033810,0.01781559,0.37033810,1085073.49236900,97500.00000000,987573.49236900,10.12895890,0.27837307,0.26619709,0.99326967,0.29077561,1.38166485,0.80519044,-0.34572326,606,2013,0.77488320,2022,-0.28519554,0.40359700,0.29828235,,,0.59625906,0.10576708
VT TQQQ/BTAL t35 w0-80 QQQ:VOL_EWMA80,full,full,2012-01-03,2026-08-14,false,true,0.80000000,0.35000000,0.80000000,,0.00015024,0.00178900,0.00013800,0.00178657,1345181.14987250,97500.00000000,1247681.14987250,12.79672974,0.30381092,0.28902340,0.97628542,0.32798638,1.35807815,0.71779479,-0.42325595,752,2013,0.93452003,2022,-0.37990913,0.33381657,0.19821343,,,0.66603318,0.17402101
VT TQQQ/BTAL t35 w0-80 QQQ:VOL_EWMA80 gate QQQ<SMA200,full,full,2012-01-03,2026-08-14,false,true,0.80000000,0.35000000,0.80000000,QQQ<SMA200,0.01759076,0.37019256,0.01757829,0.37019256,1233085.06685400,97500.00000000,1135585.06685400,11.64702633,0.29362042,0.27977267,0.96708320,0.32044278,1.34175519,0.82754628,-0.35480845,752,2013,0.93456574,2022,-0.28792655,0.35124881,0.19821343,,,0.64859379,0.10591261
VT TQQQ/BTAL t25 w0-60 QQQ:VOL_EWMA85,full,full,2012-01-03,2026-08-14,false,true,0.85000000,0.25000000,0.60000000,,0.00017748,0.00199152,0.00015826,0.00195453,572070.12085050,97500.00000000,474570.12085050,4.86738585,0.21112206,0.19832521,0.95891727,0.22736058,1.33578233,0.80862095,-0.26108903,520,2013,0.57212420,2022,-0.22386423,0.51319573,0.39804547,,,0.48662679,0.11475708
VT TQQQ/BTAL t25 w0-60 QQQ:VOL_EWMA85 gate QQQ<SMA200,full,full,2012-01-03,2026-08-14,false,true,0.85000000,0.25000000,0.60000000,QQQ<SMA200,0.01232239,0.26066699,0.01230490,0.26066699,528354.49971100,97500.00000000,430854.49971100,4.41902051,0.20212452,0.18987199,0.93442962,0.22466325,1.29890011,0.81165281,-0.24902830,355,2013,0.57210999,2022,-0.15885854,0.52531879,0.39804547,,,0.47448663,0.07378184
VT TQQQ/BTAL t25 w0-70 QQQ:VOL_EWMA85,full,full,2012-01-03,2026-08-14,false,true,0.85000000,0.25000000,0.70000000,,0.00017996,0.00199152,0.00016070,0.00195448,610566.38781550,97500.00000000,513066.38781550,5.26221936,0.21833187,0.20524200,0.92566474,0.24705853,1.28485537,0.82995191,-0.26306569,570,2017,0.65981005,2022,-0.22386419,0.47875026,0.29922454,,,0.52106978,0.11474862
VT TQQQ/BTAL t25 w0-70 QQQ:VOL_EWMA85 gate QQQ<SMA200,full,full,2012-01-03,2026-08-14,false,true,0.85000000,0.25000000,0.70000000,QQQ<SMA200,0.01223280,0.26063613,0.01221464,0.26063613,564689.85354000,97500.00000000,467189.85354000,4.79169081,0.20946733,0.19694526,0.90257443,0.24459264,1.25060140,0.83646368,-0.25042012,355,2017,0.65983019,2022,-0.15889171,0.49081888,0.29934078,,,0.50900682,0.07381271
VT TQQQ/BTAL t25 w0-80 QQQ:VOL_EWMA85,full,full,2012-01-03,2026-08-14,false,true,0.85000000,0.25000000,0.80000000,,0.00017313,0.00199152,0.00015555,0.00195448,656586.45784250,97500.00000000,559086.45784250,5.73422008,0.22700680,0.21295271,0.91459484,0.26203595,1.26973488,0.78535395,-0.28905030,474,2017,0.75577179,2022,-0.22386299,0.45330214,0.19888355,,,0.54652473,0.11473084
VT TQQQ/BTAL t25 w0-80 QQQ:VOL_EWMA85 gate QQQ<SMA200,full,full,2012-01-03,2026-08-14,false,true,0.85000000,0.25000000,0.80000000,QQQ<SMA200,0.01223425,0.26056093,0.01221760,0.26056093,606701.09973700,97500.00000000,509201.09973700,5.22257538,0.21808648,0.20456780,0.89225858,0.25971483,1.23680178,0.82061059,-0.26576124,474,2017,0.75576754,2022,-0.15895600,0.46534828,0.19888355,,,0.53446483,0.07388790
VT TQQQ/BTAL t30 w0-60 QQQ:VOL_EWMA85,full,full,2012-01-03,2026-08-14,false,true,0.85000000,0.30000000,0.60000000,,0.00016350,0.00129683,0.00014722,0.00128091,791281.34781900,97500.00000000,693781.34781900,7.11570613,0.24490444,0.23273139,1.00690149,0.24911158,1.40741612,0.74111774,-0.33045281,535,2013,0.61527736,2022,-0.29490768,0.47406593,0.39880150,,,0.52577057,0.13769846
VT TQQQ/BTAL t30 w0-60 QQQ:VOL_EWMA85 gate QQQ<SMA200,full,full,2012-01-03,2026-08-14,false,true,0.85000000,0.30000000,0.60000000,QQQ<SMA200,0.01443260,0.30821594,0.01441713,0.30821594,716563.40876700,97500.00000000,619063.40876700,6.34936830,0.23388109,0.22222075,0.98688196,0.24379973,1.37555827,0.80795507,-0.28947289,166,2013,0.61532048,2022,-0.22237799,0.48832556,0.39880150,,,0.51149898,0.09312266
VT TQQQ/BTAL t30 w0-70 QQQ:VOL_EWMA85,full,full,2012-01-03,2026-08-14,false,true,0.85000000,0.30000000,0.70000000,,0.00015782,0.00142379,0.00014198,0.00140526,876422.82450900,97500.00000000,778922.82450900,7.98895205,0.25724910,0.24355879,0.97290844,0.27504668,1.35423042,0.76813056,-0.33490284,573,2013,0.74263176,2022,-0.29490900,0.42447034,0.29859474,,,0.57537184,0.13770322
VT TQQQ/BTAL t30 w0-70 QQQ:VOL_EWMA85 gate QQQ<SMA200,full,full,2012-01-03,2026-08-14,false,true,0.85000000,0.30000000,0.70000000,QQQ<SMA200,0.01414326,0.30810430,0.01412863,0.30810430,799987.44403200,97500.00000000,702487.44403200,7.20499943,0.24700400,0.23389074,0.95475070,0.27033670,1.32596354,0.85333727,-0.28945648,166,2013,0.74254810,2022,-0.22241387,0.43848525,0.29859474,,,0.56136512,0.09323429
VT TQQQ/BTAL t30 w0-80 QQQ:VOL_EWMA85,full,full,2012-01-03,2026-08-14,false,true,0.85000000,0.30000000,0.80000000,,0.00013816,0.00116727,0.00012321,0.00114401,932244.68090550,97500.00000000,834744.68090550,8.56148391,0.26420613,0.25010163,0.94072666,0.29714905,1.30503871,0.77558952,-0.34065201,573,2013,0.80542153,2022,-0.29492559,0.38662947,0.19885599,,,0.61323237,0.13769068
VT TQQQ/BTAL t30 w0-80 QQQ:VOL_EWMA85 gate QQQ<SMA200,full,full,2012-01-03,2026-08-14,false,true,0.85000000,0.30000000,0.80000000,QQQ<SMA200,0.01423219,0.30807811,0.01421816,0.30807811,851378.26462700,97500.00000000,753878.26462700,7.73208477,0.25395134,0.24048707,0.92259613,0.29271636,1.27734803,0.82442677,-0.30803384,575,2013,0.80542526,2022,-0.22243672,0.40069789,0.19885599,,,0.59914372,0.09326048
VT TQQQ/BTAL t35 w0-60 QQQ:VOL_EWMA85,full,full,2012-01-03,2026-08-14,false,true,0.85000000,0.35000000,0.60000000,,0.00014034,0.00102069,0.00012573,0.00101330,991370.67349100,97500.00000000,893870.67349100,9.16790434,0.26756429,0.25661940,1.02943797,0.26528050,1.44617683,0.68947107,-0.38807182,535,2023,0.76360348,2022,-0.35296469,0.44905818,0.39898670,,,0.55080148,0.16065446
VT TQQQ/BTAL t35 w0-60 QQQ:VOL_EWMA85 gate QQQ<SMA200,full,full,2012-01-03,2026-08-14,false,true,0.85000000,0.35000000,0.60000000,QQQ<SMA200,0.01654336,0.35391748,0.01652815,0.35391748,882748.69455400,97500.00000000,785248.69455400,8.05383276,0.25462990,0.24432080,1.01435487,0.25693794,1.42001147,0.77611755,-0.32808162,564,2013,0.62273058,2022,-0.27351255,0.46546723,0.39903755,,,0.53438734,0.11431088
VT TQQQ/BTAL t35 w0-70 QQQ:VOL_EWMA85,full,full,2012-01-03,2026-08-14,false,true,0.85000000,0.35000000,0.70000000,,0.00015106,0.00164317,0.00013680,0.00163785,1195465.23170250,97500.00000000,1097965.23170250,11.26118186,0.28973635,0.27648131,1.00549225,0.29825172,1.40384772,0.72635567,-0.39889047,601,2013,0.78271048,2022,-0.36175542,0.38644315,0.29836215,,,0.61340579,0.16064657
VT TQQQ/BTAL t35 w0-70 QQQ:VOL_EWMA85 gate QQQ<SMA200,full,full,2012-01-03,2026-08-14,false,true,0.85000000,0.35000000,0.70000000,QQQ<SMA200,0.01611992,0.35361968,0.01610733,0.35361968,1075513.37823400,97500.00000000,978013.37823400,10.03090644,0.27791945,0.26525828,0.99146826,0.29100662,1.38042725,0.81723422,-0.34007320,605,2013,0.78271457,2022,-0.28358676,0.40242310,0.29836215,,,0.59742750,0.11460869
VT TQQQ/BTAL t35 w0-80 QQQ:VOL_EWMA85,full,full,2012-01-03,2026-08-14,false,true,0.85000000,0.35000000,0.80000000,,0.00015405,0.00146420,0.00014163,0.00143689,1321348.65452800,97500.00000000,1223848.65452800,12.55229389,0.30202264,0.28712186,0.97699548,0.32548918,1.35961256,0.74573747,-0.40499862,605,2013,0.92819648,2022,-0.36174891,0.33606728,0.19866318,,,0.66377867,0.16065085
VT TQQQ/BTAL t35 w0-80 QQQ:VOL_EWMA85 gate QQQ<SMA200,full,full,2012-01-03,2026-08-14,false,true,0.85000000,0.35000000,0.80000000,QQQ<SMA200,0.01590616,0.35348349,0.01589413,0.35348349,1194800.55995900,97500.00000000,1097300.55995900,11.25436472,0.29071575,0.27642224,0.96301531,0.31893815,1.33704114,0.83822382,-0.34682354,606,2013,0.92818525,2022,-0.28366977,0.35184288,0.19866318,,,0.64800982,0.11474488
50/50,full,full,2012-01-03,2026-08-14,true,true,,,,,0.00017838,0.00210183,0.00016298,0.00208979,749188.49096050,97500.00000000,651688.49096050,6.68398452,0.23539158,0.22693937,0.94147325,0.26162879,1.32983711,0.52340008,-0.44973547,757,2023,0.65089695,2022,-0.42925967,0.49984469,0.49791021,,,0.49997692,0.49989915
TQQQ60/BTAL40,full,full,2012-01-03,2026-08-14,true,true,,,,,0.00016267,0.00167879,0.00014729,0.00167183,1175629.36737450,97500.00000000,1078129.36737450,11.05773710,0.28457692,0.27470447,0.93578161,0.32513527,1.32067143,0.52224355,-0.54491228,774,2023,0.87230506,2022,-0.52214173,0.39985791,0.39832817,,,0.59997942,0.59993211
TQQQ50/BTAL50 gate QQQ<SMA200,full,full,2012-01-03,2026-08-14,true,true,,,,,0.02475709,0.35497055,0.02474262,0.35497055,669484.37854300,97500.00000000,571984.37854300,5.86650645,0.22377473,0.21501588,0.97006145,0.23809109,1.36247347,0.59308328,-0.37730743,138,2017,0.47785883,2022,-0.29727879,0.52443090,0.49791021,,,0.47538487,0.14502945
SPY benchmark,full,full,2012-01-03,2026-08-14,true,true,,,,,0.00216303,0.01047350,0.00216303,0.01047350,310953.18092000,97500.00000000,213453.18092000,2.18926339,0.13137342,0.13298438,0.82931857,0.16582036,1.16971457,0.38602063,-0.34032745,181,2013,0.29546207,2022,-0.19445945,,,0.99783697,0.98952650,,
VT TQQQ/BTAL t25 w0-60 QQQ:VOL_EWMA70,fit,fit,2012-01-03,2022-12-30,false,true,0.70000000,0.25000000,0.60000000,,0.00024025,0.00200464,0.00021969,0.00196826,245679.28319600,75500.00000000,170179.28319600,2.25403024,0.20071917,0.17878815,0.89548077,0.23570413,1.24222189,0.65976872,-0.30422656,,2013,0.58344815,2022,-0.26331133,0.50498204,0.39803174,,,0.49477771,0.14619970
VT TQQQ/BTAL t25 w0-60 QQQ:VOL_EWMA70 gate QQQ<SMA200,fit,fit,2012-01-03,2022-12-30,false,true,0.70000000,0.25000000,0.60000000,QQQ<SMA200,0.01737898,0.24978372,0.01736062,0.24978372,254176.51557250,75500.00000000,178676.51557250,2.36657637,0.20144621,0.18377405,0.90739603,0.23243635,1.25633568,0.76189242,-0.26440243,355,2013,0.58335236,2022,-0.17451192,0.52212817,0.39803174,,,0.47762828,0.07140692
VT TQQQ/BTAL t25 w0-70 QQQ:VOL_EWMA70,fit,fit,2012-01-03,2022-12-30,false,true,0.70000000,0.25000000,0.70000000,,0.00019827,0.00180438,0.00017976,0.00179865,259117.93171400,75500.00000000,183617.93171400,2.43202559,0.21025660,0.18659609,0.86540052,0.26010973,1.19798167,0.66533736,-0.31601502,,2013,0.67365352,2022,-0.27165132,0.45854077,0.29907325,,,0.54126096,0.14619028
VT TQQQ/BTAL t25 w0-70 QQQ:VOL_EWMA70 gate QQQ<SMA200,fit,fit,2012-01-03,2022-12-30,false,true,0.70000000,0.25000000,0.70000000,QQQ<SMA200,0.01793862,0.24981587,0.01792033,0.24981587,268135.59289650,75500.00000000,192635.59289650,2.55146481,0.21094640,0.19160798,0.87569794,0.25669748,1.21030687,0.81509218,-0.25880066,576,2013,0.67372699,2022,-0.18382177,0.47626984,0.29906590,,,0.52352155,0.07144702
VT TQQQ/BTAL t25 w0-80 QQQ:VOL_EWMA70,fit,fit,2012-01-03,2022-12-30,false,true,0.70000000,0.25000000,0.80000000,,0.00020441,0.00180438,0.00018707,0.00179865,268955.22297700,75500.00000000,193455.22297700,2.56232083,0.21652790,0.19205501,0.84038884,0.28069763,1.16290198,0.68137150,-0.31778244,,2017,0.73255313,2022,-0.27168317,0.42286542,0.19887785,,,0.57693016,0.14620115
VT TQQQ/BTAL t25 w0-80 QQQ:VOL_EWMA70 gate QQQ<SMA200,fit,fit,2012-01-03,2022-12-30,false,true,0.70000000,0.25000000,0.80000000,QQQ<SMA200,0.01825682,0.25995003,0.01824054,0.25995003,278046.30009100,75500.00000000,202546.30009100,2.68273245,0.21704525,0.19692284,0.84878108,0.27731276,1.17284308,0.72914417,-0.29767124,716,2017,0.73254866,2022,-0.18385828,0.44090540,0.19887785,,,0.55887842,0.07148345
VT TQQQ/BTAL t30 w0-60 QQQ:VOL_EWMA70,fit,fit,2012-01-03,2022-12-30,false,true,0.70000000,0.30000000,0.60000000,,0.00020325,0.00230020,0.00018461,0.00227087,284087.93700750,75500.00000000,208587.93700750,2.76275413,0.22201549,0.20006959,0.92346845,0.25196143,1.28066707,0.63385819,-0.35026051,,2013,0.59935456,2022,-0.31085828,0.47346962,0.39872558,,,0.52632713,0.17544991
VT TQQQ/BTAL t30 w0-60 QQQ:VOL_EWMA70 gate QQQ<SMA200,fit,fit,2012-01-03,2022-12-30,false,true,0.70000000,0.30000000,0.60000000,QQQ<SMA200,0.02010061,0.28150540,0.02008351,0.28150540,295693.65041050,75500.00000000,220193.65041050,2.91647219,0.22340054,0.20592924,0.94657383,0.24524723,1.30960149,0.85138320,-0.26239716,324,2013,0.59942225,2022,-0.20614356,0.49334554,0.39872558,,,0.50643491,0.08908482
VT TQQQ/BTAL t30 w0-70 QQQ:VOL_EWMA70,fit,fit,2012-01-03,2022-12-30,false,true,0.70000000,0.30000000,0.70000000,,0.00022006,0.00230020,0.00020354,0.00227087,301617.26638900,75500.00000000,226117.26638900,2.99493068,0.23456608,0.20883129,0.89092626,0.28163078,1.23208530,0.62071554,-0.37789626,,2013,0.74592755,2022,-0.33542770,0.41665671,0.29853742,,,0.58312323,0.17544166
VT TQQQ/BTAL t30 w0-70 QQQ:VOL_EWMA70 gate QQQ<SMA200,fit,fit,2012-01-03,2022-12-30,false,true,0.70000000,0.30000000,0.70000000,QQQ<SMA200,0.02018454,0.29849018,0.02016841,0.29849018,316471.18349800,75500.00000000,240971.18349800,3.19167130,0.23693253,0.21586360,0.91151027,0.27550371,1.25811944,0.82930516,-0.28570005,,2013,0.74584156,2022,-0.23451713,0.43665758,0.29853742,,,0.56313606,0.08917784
VT TQQQ/BTAL t30 w0-80 QQQ:VOL_EWMA70,fit,fit,2012-01-03,2022-12-30,false,true,0.70000000,0.30000000,0.80000000,,0.00021440,0.00230020,0.00019859,0.00227087,318890.69249850,75500.00000000,243390.69249850,3.22371778,0.24516707,0.21697760,0.86764729,0.30818430,1.19863383,0.61689043,-0.39742401,,2013,0.87223019,2022,-0.34967761,0.36720801,0.19881576,,,0.63257759,0.17545804
VT TQQQ/BTAL t30 w0-80 QQQ:VOL_EWMA70 gate QQQ<SMA200,fit,fit,2012-01-03,2022-12-30,false,true,0.70000000,0.30000000,0.80000000,QQQ<SMA200,0.02078116,0.29846689,0.02076551,0.29846689,334469.10987500,75500.00000000,258969.10987500,3.43005444,0.24746515,0.22395357,0.88502788,0.30213240,1.22062804,0.78531063,-0.31511753,576,2013,0.87223122,2022,-0.25099739,0.38778867,0.19881576,,,0.61199750,0.08925761
VT TQQQ/BTAL t35 w0-60 QQQ:VOL_EWMA70,fit,fit,2012-01-03,2022-12-30,false,true,0.70000000,0.35000000,0.60000000,,0.00019152,0.00132534,0.00017437,0.00131334,306426.83956950,75500.00000000,230926.83956950,3.05863364,0.23464505,0.21114569,0.93054212,0.26466216,1.29174768,0.59232593,-0.39614178,,2013,0.61461933,2022,-0.35744517,0.45306016,0.39868666,,,0.54674832,0.20468295
VT TQQQ/BTAL t35 w0-60 QQQ:VOL_EWMA70 gate QQQ<SMA200,fit,fit,2012-01-03,2022-12-30,false,true,0.70000000,0.35000000,0.60000000,QQQ<SMA200,0.02230680,0.28511825,0.02229101,0.28511825,328443.65818500,75500.00000000,252943.65818500,3.35024713,0.23967546,0.22129475,0.97471546,0.25400631,1.35108951,0.81777804,-0.29308131,140,2013,0.61465542,2022,-0.23783092,0.47514910,0.39868666,,,0.52463724,0.10814206
VT TQQQ/BTAL t35 w0-70 QQQ:VOL_EWMA70,fit,fit,2012-01-03,2022-12-30,false,true,0.70000000,0.35000000,0.70000000,,0.00016130,0.00106637,0.00014534,0.00105272,346898.34663900,75500.00000000,271398.34663900,3.59468009,0.25490337,0.22929011,0.91129806,0.29883114,1.26072060,0.60449329,-0.42168106,,2013,0.76241418,2022,-0.38033237,0.38578158,0.29894728,,,0.61405712,0.20468725
VT TQQQ/BTAL t35 w0-70 QQQ:VOL_EWMA70 gate QQQ<SMA200,fit,fit,2012-01-03,2022-12-30,false,true,0.70000000,0.35000000,0.70000000,QQQ<SMA200,0.02269351,0.32693563,0.02268043,0.32693563,368496.82134450,75500.00000000,292996.82134450,3.88075260,0.25878836,0.23812517,0.94268310,0.28914446,1.30118856,0.83203363,-0.31103113,,2013,0.76248235,2022,-0.26509362,0.40830327,0.29894728,,,0.59152626,0.10828907
VT TQQQ/BTAL t35 w0-80 QQQ:VOL_EWMA70,fit,fit,2012-01-03,2022-12-30,false,true,0.70000000,0.35000000,0.80000000,,0.00019683,0.00138057,0.00018097,0.00135006,365447.96479800,75500.00000000,289947.96479800,3.84037039,0.26610440,0.23690976,0.88203579,0.33015223,1.21745657,0.59305794,-0.44869881,,2013,0.92110885,2022,-0.40321880,0.32845074,0.19864994,,,0.67135242,0.20469949
VT TQQQ/BTAL t35 w0-80 QQQ:VOL_EWMA70 gate QQQ<SMA200,fit,fit,2012-01-03,2022-12-30,false,true,0.70000000,0.35000000,0.80000000,QQQ<SMA200,0.02285869,0.34675445,0.02284484,0.34675445,390182.95348300,75500.00000000,314682.95348300,4.16798614,0.27065365,0.24649232,0.90859455,0.32127136,1.25166828,0.78844495,-0.34327527,,2013,0.92111415,2022,-0.29231610,0.35110270,0.19864994,,,0.64869240,0.10837310
VT TQQQ/BTAL t25 w0-60 QQQ:VOL_EWMA75,fit,fit,2012-01-03,2022-12-30,false,true,0.75000000,0.25000000,0.60000000,,0.00020946,0.00156958,0.00018951,0.00153222,248442.62228400,75500.00000000,172942.62228400,2.29063076,0.20215371,0.18042861,0.90393841,0.23450769,1.25441775,0.69038847,-0.29281153,,2013,0.58611447,2022,-0.25423833,0.50558871,0.39846778,,,0.49420183,0.13519188
VT TQQQ/BTAL t25 w0-60 QQQ:VOL_EWMA75 gate QQQ<SMA200,fit,fit,2012-01-03,2022-12-30,false,true,0.75000000,0.25000000,0.60000000,QQQ<SMA200,0.01644152,0.21787978,0.01642290,0.21787978,256190.35987650,75500.00000000,180690.35987650,2.39324980,0.20254150,0.18493083,0.91385523,0.23156862,1.26603039,0.78983160,-0.25643631,355,2013,0.58619314,2022,-0.17146424,0.52179398,0.39846778,,,0.47797384,0.07498833
VT TQQQ/BTAL t25 w0-70 QQQ:VOL_EWMA75,fit,fit,2012-01-03,2022-12-30,false,true,0.75000000,0.25000000,0.70000000,,0.00022677,0.00133912,0.00020577,0.00130934,257982.15220450,75500.00000000,182482.15220450,2.41698215,0.20889712,0.18595232,0.86659177,0.25773817,1.19961130,0.70106175,-0.29797250,,2017,0.64895198,2022,-0.25424934,0.46176765,0.29895191,,,0.53800559,0.13521012
VT TQQQ/BTAL t25 w0-70 QQQ:VOL_EWMA75 gate QQQ<SMA200,fit,fit,2012-01-03,2022-12-30,false,true,0.75000000,0.25000000,0.70000000,QQQ<SMA200,0.01692416,0.21793822,0.01690827,0.21793822,266157.71115000,75500.00000000,190657.71115000,2.52526770,0.20925107,0.19052349,0.87507737,0.25467973,1.20964125,0.80858900,-0.25878545,576,2017,0.64894759,2022,-0.17148480,0.47850273,0.29895191,,,0.52128579,0.07502702
VT TQQQ/BTAL t25 w0-80 QQQ:VOL_EWMA75,fit,fit,2012-01-03,2022-12-30,false,true,0.75000000,0.25000000,0.80000000,,0.00021658,0.00141779,0.00019696,0.00138331,268799.83775450,75500.00000000,193299.83775450,2.56026275,0.21569953,0.19197037,0.84509026,0.27714537,1.16945508,0.72203661,-0.29873766,,2017,0.74366845,2022,-0.25423281,0.42802944,0.19861669,,,0.57175397,0.13520247
VT TQQQ/BTAL t25 w0-80 QQQ:VOL_EWMA75 gate QQQ<SMA200,fit,fit,2012-01-03,2022-12-30,false,true,0.75000000,0.25000000,0.80000000,QQQ<SMA200,0.01689325,0.21801829,0.01687742,0.21801829,277203.14125800,75500.00000000,201703.14125800,2.67156478,0.21604631,0.19647819,0.85203243,0.27430440,1.17761574,0.74961869,-0.28820828,576,2017,0.74366359,2022,-0.17156121,0.44476412,0.19861669,,,0.55504428,0.07509444
VT TQQQ/BTAL t30 w0-60 QQQ:VOL_EWMA75,fit,fit,2012-01-03,2022-12-30,false,true,0.75000000,0.30000000,0.60000000,,0.00021275,0.00133153,0.00019590,0.00130974,286021.83455250,75500.00000000,210521.83455250,2.78836867,0.22353845,0.20106259,0.92954973,0.25154267,1.28915615,0.64340553,-0.34743011,,2013,0.60389308,2022,-0.31003125,0.47355116,0.39869026,,,0.52623609,0.16224659
VT TQQQ/BTAL t30 w0-60 QQQ:VOL_EWMA75 gate QQQ<SMA200,fit,fit,2012-01-03,2022-12-30,false,true,0.75000000,0.30000000,0.60000000,QQQ<SMA200,0.01922650,0.26020737,0.01920822,0.26020737,295100.87677500,75500.00000000,219600.87677500,2.90862088,0.22383926,0.20563562,0.94785852,0.24531130,1.31141329,0.85912141,-0.26054438,,2013,0.60392208,2022,-0.21420398,0.49257327,0.39869026,,,0.50721037,0.09376943
VT TQQQ/BTAL t30 w0-70 QQQ:VOL_EWMA75,fit,fit,2012-01-03,2022-12-30,false,true,0.75000000,0.30000000,0.70000000,,0.00020737,0.00126014,0.00019019,0.00125004,304500.92460950,75500.00000000,229000.92460950,3.03312483,0.23606230,0.21022334,0.89731627,0.28067338,1.24129759,0.63674197,-0.37073464,,2013,0.75086820,2022,-0.32977092,0.41682878,0.29874996,,,0.58296384,0.16223553
VT TQQQ/BTAL t30 w0-70 QQQ:VOL_EWMA75 gate QQQ<SMA200,fit,fit,2012-01-03,2022-12-30,false,true,0.75000000,0.30000000,0.70000000,QQQ<SMA200,0.01902649,0.26016447,0.01901279,0.26016447,317850.52085050,75500.00000000,242350.52085050,3.20994067,0.23786528,0.21649972,0.91515514,0.27510818,1.26379770,0.82892011,-0.28695803,,2013,0.75081931,2022,-0.23671181,0.43569742,0.29874996,,,0.56411582,0.09384625
VT TQQQ/BTAL t30 w0-80 QQQ:VOL_EWMA75,fit,fit,2012-01-03,2022-12-30,false,true,0.75000000,0.30000000,0.80000000,,0.00018479,0.00152316,0.00016908,0.00148851,319859.22025000,75500.00000000,244359.22025000,3.23654596,0.24465180,0.21742115,0.87101573,0.30559796,1.20321253,0.64869929,-0.37714209,,2013,0.84131027,2022,-0.32978309,0.37032267,0.19851149,,,0.62949254,0.16224106
VT TQQQ/BTAL t30 w0-80 QQQ:VOL_EWMA75 gate QQQ<SMA200,fit,fit,2012-01-03,2022-12-30,false,true,0.75000000,0.30000000,0.80000000,QQQ<SMA200,0.01962123,0.26019983,0.01960712,0.26019983,333851.69364150,75500.00000000,258351.69364150,3.42187674,0.24635804,0.22368334,0.88613835,0.30002726,1.22225896,0.77595286,-0.31749099,576,2013,0.84122903,2022,-0.23675138,0.38977415,0.19851149,,,0.61004044,0.09390494
VT TQQQ/BTAL t35 w0-60 QQQ:VOL_EWMA75,fit,fit,2012-01-03,2022-12-30,false,true,0.75000000,0.35000000,0.60000000,,0.00021554,0.00216162,0.00019812,0.00215205,309604.23983900,75500.00000000,234104.23983900,3.10071841,0.23636813,0.21265473,0.93639642,0.26443174,1.30083335,0.60125694,-0.39312333,,2013,0.61986361,2022,-0.35609276,0.45266072,0.39843284,,,0.54712374,0.18927455
VT TQQQ/BTAL t35 w0-60 QQQ:VOL_EWMA75 gate QQQ<SMA200,fit,fit,2012-01-03,2022-12-30,false,true,0.75000000,0.35000000,0.60000000,QQQ<SMA200,0.02143280,0.27749081,0.02141645,0.27749081,327008.26113450,75500.00000000,251508.26113450,3.33123525,0.23949885,0.22065416,0.97274036,0.25450462,1.34892929,0.80808073,-0.29637986,140,2013,0.61985286,2022,-0.24718898,0.47388936,0.39843284,,,0.52589357,0.11403153
VT TQQQ/BTAL t35 w0-70 QQQ:VOL_EWMA75,fit,fit,2012-01-03,2022-12-30,false,true,0.75000000,0.35000000,0.70000000,,0.00022159,0.00216162,0.00020538,0.00215205,350223.83765900,75500.00000000,274723.83765900,3.63872633,0.25687139,0.23068556,0.91767985,0.29828855,1.26961768,0.61390024,-0.41842531,,2013,0.76829142,2022,-0.37903939,0.38582955,0.29834343,,,0.61394887,0.18927967
VT TQQQ/BTAL t35 w0-70 QQQ:VOL_EWMA75 gate QQQ<SMA200,fit,fit,2012-01-03,2022-12-30,false,true,0.75000000,0.35000000,0.70000000,QQQ<SMA200,0.02168764,0.30207967,0.02167470,0.30207967,367670.79307050,75500.00000000,292170.79307050,3.86981183,0.25929716,0.23779687,0.94370415,0.28931472,1.30263902,0.81401255,-0.31854197,,2013,0.76823237,2022,-0.27415268,0.40733095,0.29834343,,,0.59246193,0.11420072
VT TQQQ/BTAL t35 w0-80 QQQ:VOL_EWMA75,fit,fit,2012-01-03,2022-12-30,false,true,0.75000000,0.35000000,0.80000000,,0.00020130,0.00216162,0.00018667,0.00215205,369018.21122900,75500.00000000,293518.21122900,3.88765843,0.26783588,0.23833202,0.88759344,0.32930694,1.22547834,0.60290883,-0.44423943,,2013,0.92743806,2022,-0.40051321,0.32829989,0.19825402,,,0.67149881,0.18929333
VT TQQQ/BTAL t35 w0-80 QQQ:VOL_EWMA75 gate QQQ<SMA200,fit,fit,2012-01-03,2022-12-30,false,true,0.75000000,0.35000000,0.80000000,QQQ<SMA200,0.02149534,0.30202707,0.02148256,0.30202707,391000.88519350,75500.00000000,315500.88519350,4.17881967,0.27152325,0.24679880,0.91076872,0.32123867,1.25529226,0.77840431,-0.34882032,,2013,0.92735647,2022,-0.29930491,0.34958453,0.19825402,,,0.65020211,0.11428290
VT TQQQ/BTAL t25 w0-60 QQQ:VOL_EWMA80,fit,fit,2012-01-03,2022-12-30,false,true,0.80000000,0.25000000,0.60000000,,0.00022632,0.00162878,0.00020521,0.00161863,251084.56358300,75500.00000000,175584.56358300,2.32562336,0.20317131,0.18197971,0.91112730,0.23326512,1.26508623,0.73712140,-0.27562802,,2013,0.58236612,2022,-0.23803764,0.50648357,0.39841004,,,0.49329011,0.12430056
VT TQQQ/BTAL t25 w0-60 QQQ:VOL_EWMA80 gate QQQ<SMA200,fit,fit,2012-01-03,2022-12-30,false,true,0.80000000,0.25000000,0.60000000,QQQ<SMA200,0.01532929,0.20497492,0.01531122,0.20497492,257857.76030200,75500.00000000,182357.76030200,2.41533457,0.20316988,0.18588164,0.91890391,0.23062446,1.27404507,0.81118945,-0.25045922,355,2013,0.58230114,2022,-0.16254495,0.52164083,0.39841004,,,0.47815658,0.07949706
VT TQQQ/BTAL t25 w0-70 QQQ:VOL_EWMA80,fit,fit,2012-01-03,2022-12-30,false,true,0.80000000,0.25000000,0.70000000,,0.00021222,0.00143919,0.00019328,0.00142827,256277.74414200,75500.00000000,180777.74414200,2.39440721,0.20753726,0.18498082,0.86798991,0.25529563,1.20157897,0.74046444,-0.28027985,,2017,0.65299937,2022,-0.23807054,0.46558296,0.29891140,,,0.53420482,0.12427840
VT TQQQ/BTAL t25 w0-70 QQQ:VOL_EWMA80 gate QQQ<SMA200,fit,fit,2012-01-03,2022-12-30,false,true,0.80000000,0.25000000,0.70000000,QQQ<SMA200,0.01549692,0.20494615,0.01547889,0.20494615,263527.58002200,75500.00000000,188027.58002200,2.49043152,0.20768067,0.18906865,0.87467896,0.25273729,1.20942442,0.82077669,-0.25302945,337,2017,0.65299482,2022,-0.16254278,0.48085830,0.29891140,,,0.51891716,0.07952582
VT TQQQ/BTAL t25 w0-80 QQQ:VOL_EWMA80,fit,fit,2012-01-03,2022-12-30,false,true,0.80000000,0.25000000,0.80000000,,0.00020949,0.00144057,0.00019030,0.00141242,267206.69195950,75500.00000000,191706.69195950,2.53916148,0.21465192,0.19109967,0.84944598,0.27352117,1.17569487,0.73429425,-0.29232412,469,2017,0.74855968,2022,-0.23804292,0.43340037,0.19858758,,,0.56639014,0.12427671
VT TQQQ/BTAL t25 w0-80 QQQ:VOL_EWMA80 gate QQQ<SMA200,fit,fit,2012-01-03,2022-12-30,false,true,0.80000000,0.25000000,0.80000000,QQQ<SMA200,0.01545901,0.20489219,0.01544203,0.20489219,274617.09574000,75500.00000000,199117.09574000,2.63731253,0.21478383,0.19510585,0.85492440,0.27113724,1.18207444,0.78654970,-0.27307090,574,2017,0.74855778,2022,-0.16260510,0.44869279,0.19858758,,,0.55111315,0.07957978
VT TQQQ/BTAL t30 w0-60 QQQ:VOL_EWMA80,fit,fit,2012-01-03,2022-12-30,false,true,0.80000000,0.30000000,0.60000000,,0.00022883,0.00177808,0.00021201,0.00176905,287193.95140000,75500.00000000,211693.95140000,2.80389340,0.22461788,0.20166114,0.93344453,0.25140366,1.29444276,0.65140711,-0.34481951,,2013,0.60909734,2022,-0.30909138,0.47332649,0.39864638,,,0.52644468,0.14915310
VT TQQQ/BTAL t30 w0-60 QQQ:VOL_EWMA80 gate QQQ<SMA200,fit,fit,2012-01-03,2022-12-30,false,true,0.80000000,0.30000000,0.60000000,QQQ<SMA200,0.01802607,0.24176562,0.01801051,0.24176562,294411.02093800,75500.00000000,218911.02093800,2.89948372,0.22425731,0.20529315,0.94811060,0.24571168,1.31198859,0.82609427,-0.27146697,140,2013,0.60916523,2022,-0.22401690,0.49114455,0.39864638,,,0.50863210,0.09960075
VT TQQQ/BTAL t30 w0-70 QQQ:VOL_EWMA80,fit,fit,2012-01-03,2022-12-30,false,true,0.80000000,0.30000000,0.70000000,,0.00021234,0.00177808,0.00019519,0.00176905,313258.61147500,75500.00000000,237758.61147500,3.14912068,0.23952380,0.21437118,0.91123857,0.27890889,1.26196344,0.68137109,-0.35153208,,2013,0.75556775,2022,-0.31121182,0.41745156,0.29864532,,,0.58233609,0.14913983
VT TQQQ/BTAL t30 w0-70 QQQ:VOL_EWMA80 gate QQQ<SMA200,fit,fit,2012-01-03,2022-12-30,false,true,0.80000000,0.30000000,0.70000000,QQQ<SMA200,0.01771550,0.24162208,0.01769979,0.24162208,324563.16534100,75500.00000000,249063.16534100,3.29884987,0.24057269,0.21955646,0.92603321,0.27386123,1.28052637,0.87021756,-0.27645120,,2013,0.75562869,2022,-0.22651443,0.43497956,0.29864532,,,0.56481505,0.09974429
VT TQQQ/BTAL t30 w0-80 QQQ:VOL_EWMA80,fit,fit,2012-01-03,2022-12-30,false,true,0.80000000,0.30000000,0.80000000,,0.00021328,0.00177808,0.00019478,0.00176905,316725.87379250,75500.00000000,241225.87379250,3.19504469,0.24278387,0.21598127,0.87017359,0.30338231,1.20194897,0.67792307,-0.35812894,,2013,0.81647271,2022,-0.31121794,0.37340060,0.19844196,,,0.62638612,0.14914393
VT TQQQ/BTAL t30 w0-80 QQQ:VOL_EWMA80 gate QQQ<SMA200,fit,fit,2012-01-03,2022-12-30,false,true,0.80000000,0.30000000,0.80000000,QQQ<SMA200,0.01816036,0.24161688,0.01814405,0.24161688,328231.63428800,75500.00000000,252731.63428800,3.34743886,0.24376490,0.22120031,0.88227689,0.29842489,1.21702000,0.77180222,-0.31583855,576,2013,0.81644510,2022,-0.22650300,0.39133721,0.19844196,,,0.60844110,0.09974948
VT TQQQ/BTAL t35 w0-60 QQQ:VOL_EWMA80,fit,fit,2012-01-03,2022-12-30,false,true,0.80000000,0.35000000,0.60000000,,0.00023101,0.00166045,0.00021391,0.00164873,313491.68159000,75500.00000000,237991.68159000,3.15220770,0.23827600,0.21447997,0.94265070,0.26426814,1.31047876,0.61051700,-0.39028561,,2013,0.62531311,2022,-0.35462743,0.45246254,0.39835127,,,0.54730646,0.17400462
VT TQQQ/BTAL t35 w0-60 QQQ:VOL_EWMA80 gate QQQ<SMA200,fit,fit,2012-01-03,2022-12-30,false,true,0.80000000,0.35000000,0.60000000,QQQ<SMA200,0.02049081,0.27685257,0.02047622,0.27685257,324579.79726650,75500.00000000,249079.79726650,3.29907016,0.23887068,0.21956395,0.96943461,0.25497094,1.34470305,0.79051577,-0.30217067,141,2013,0.62285334,2022,-0.25862494,0.47278234,0.39835127,,,0.52700738,0.12140819
VT TQQQ/BTAL t35 w0-70 QQQ:VOL_EWMA80,fit,fit,2012-01-03,2022-12-30,false,true,0.80000000,0.35000000,0.70000000,,0.00017597,0.00174452,0.00016158,0.00171765,352352.21740250,75500.00000000,276852.21740250,3.66691679,0.25824229,0.23157175,0.92178628,0.29807974,1.27521187,0.62199957,-0.41518082,,2013,0.77479458,2022,-0.37762159,0.38563151,0.29828235,,,0.61419252,0.17402178
VT TQQQ/BTAL t35 w0-70 QQQ:VOL_EWMA80 gate QQQ<SMA200,fit,fit,2012-01-03,2022-12-30,false,true,0.80000000,0.35000000,0.70000000,QQQ<SMA200,0.02023954,0.27664903,0.02022641,0.27664903,366053.55986900,75500.00000000,290553.55986900,3.84839152,0.25952588,0.23715198,0.94304151,0.28988966,1.30190800,0.79188051,-0.32773364,,2013,0.77488320,2022,-0.28519554,0.40569137,0.29828235,,,0.59412788,0.12161174
VT TQQQ/BTAL t35 w0-80 QQQ:VOL_EWMA80,fit,fit,2012-01-03,2022-12-30,false,true,0.80000000,0.35000000,0.80000000,,0.00018911,0.00178900,0.00017589,0.00178657,384444.41737250,75500.00000000,308944.41737250,4.09197904,0.27295269,0.24432404,0.90369259,0.32708237,1.24920297,0.64488802,-0.42325595,,2013,0.93452003,2022,-0.37990913,0.32887428,0.19821343,,,0.67093661,0.17402101
VT TQQQ/BTAL t35 w0-80 QQQ:VOL_EWMA80 gate QQQ<SMA200,fit,fit,2012-01-03,2022-12-30,false,true,0.80000000,0.35000000,0.80000000,QQQ<SMA200,0.01992537,0.27652999,0.01991138,0.27652999,402628.56435400,75500.00000000,327128.56435400,4.33282867,0.27539153,0.25108821,0.92297032,0.31976036,1.27388607,0.81700124,-0.33707603,,2013,0.93456574,2022,-0.28792655,0.34859882,0.19821343,,,0.65120243,0.12173077
VT TQQQ/BTAL t25 w0-60 QQQ:VOL_EWMA85,fit,fit,2012-01-03,2022-12-30,false,true,0.85000000,0.25000000,0.60000000,,0.00021625,0.00199152,0.00019626,0.00195453,249310.60835050,75500.00000000,173810.60835050,2.30212726,0.20191817,0.18094005,0.90936208,0.23232590,1.26310689,0.77336902,-0.26108903,,2013,0.57212420,2022,-0.22386423,0.50789922,0.39804547,,,0.49188453,0.11475708
VT TQQQ/BTAL t25 w0-60 QQQ:VOL_EWMA85 gate QQQ<SMA200,fit,fit,2012-01-03,2022-12-30,false,true,0.85000000,0.25000000,0.60000000,QQQ<SMA200,0.01401737,0.20179366,0.01400000,0.20179366,253084.74471100,75500.00000000,177584.74471100,2.35211582,0.20081315,0.18314301,0.91245517,0.22992021,1.26577340,0.80638688,-0.24902830,355,2013,0.57210999,2022,-0.15885854,0.52167264,0.39804547,,,0.47808996,0.08543638
VT TQQQ/BTAL t25 w0-70 QQQ:VOL_EWMA85,fit,fit,2012-01-03,2022-12-30,false,true,0.85000000,0.25000000,0.70000000,,0.00021959,0.00199152,0.00019935,0.00195448,253420.36281550,75500.00000000,177920.36281550,2.35656110,0.20589550,0.18333729,0.86693772,0.25350356,1.20012491,0.78267715,-0.26306569,,2017,0.65981005,2022,-0.22386419,0.46881287,0.29922454,,,0.53096755,0.11474862
VT TQQQ/BTAL t25 w0-70 QQQ:VOL_EWMA85 gate QQQ<SMA200,fit,fit,2012-01-03,2022-12-30,false,true,0.85000000,0.25000000,0.70000000,QQQ<SMA200,0.01390183,0.20176750,0.01388254,0.20176750,257666.25854000,75500.00000000,182166.25854000,2.41279813,0.20503251,0.18577275,0.86943658,0.25131571,1.20236627,0.81875417,-0.25042012,355,2017,0.65983019,2022,-0.15889171,0.48251313,0.29934078,,,0.51727212,0.08546254
VT TQQQ/BTAL t25 w0-80 QQQ:VOL_EWMA85,fit,fit,2012-01-03,2022-12-30,false,true,0.85000000,0.25000000,0.80000000,,0.00021267,0.00199152,0.00019376,0.00195448,266033.30034250,75500.00000000,190533.30034250,2.52361987,0.21435222,0.19045501,0.85659782,0.26973686,1.18632137,0.74157411,-0.28905030,474,2017,0.75577179,2022,-0.22386299,0.43895092,0.19888355,,,0.56083641,0.11473084
VT TQQQ/BTAL t25 w0-80 QQQ:VOL_EWMA85 gate QQQ<SMA200,fit,fit,2012-01-03,2022-12-30,false,true,0.85000000,0.25000000,0.80000000,QQQ<SMA200,0.01390337,0.20170484,0.01388544,0.20170484,270281.12973700,75500.00000000,194781.12973700,2.57988251,0.21348778,0.19277525,0.85843953,0.26768591,1.18781727,0.80330668,-0.26576124,474,2017,0.75576754,2022,-0.15895600,0.45262117,0.19888355,,,0.54714830,0.08552520
VT TQQQ/BTAL t30 w0-60 QQQ:VOL_EWMA85,fit,fit,2012-01-03,2022-12-30,false,true,0.85000000,0.30000000,0.60000000,,0.00020353,0.00129683,0.00018587,0.00128091,289810.85781900,75500.00000000,214310.85781900,2.83855441,0.22584704,0.20298863,0.93867272,0.25095076,1.30272761,0.68344717,-0.33045281,,2013,0.61527736,2022,-0.29490768,0.47362918,0.39880150,,,0.52616729,0.13769846
VT TQQQ/BTAL t30 w0-60 QQQ:VOL_EWMA85 gate QQQ<SMA200,fit,fit,2012-01-03,2022-12-30,false,true,0.85000000,0.30000000,0.60000000,QQQ<SMA200,0.01645349,0.23727236,0.01643738,0.23727236,293212.61876700,75500.00000000,217712.61876700,2.88361084,0.22418989,0.20469631,0.94778476,0.24574363,1.31289332,0.77447629,-0.28947289,166,2013,0.61532048,2022,-0.22237799,0.48986803,0.39880150,,,0.50991419,0.10740368
VT TQQQ/BTAL t30 w0-70 QQQ:VOL_EWMA85,fit,fit,2012-01-03,2022-12-30,false,true,0.85000000,0.30000000,0.70000000,,0.00019641,0.00142379,0.00017914,0.00140526,310912.41450900,75500.00000000,235412.41450900,3.11804523,0.23810929,0.21327151,0.91006242,0.27760714,1.26102769,0.71098021,-0.33490284,,2013,0.74263176,2022,-0.29490900,0.41910946,0.29859474,,,0.58069414,0.13770322
VT TQQQ/BTAL t30 w0-70 QQQ:VOL_EWMA85 gate QQQ<SMA200,fit,fit,2012-01-03,2022-12-30,false,true,0.85000000,0.30000000,0.70000000,QQQ<SMA200,0.01606900,0.23718737,0.01605317,0.23718737,317261.29403200,75500.00000000,241761.29403200,3.20213634,0.23760272,0.21622832,0.91920794,0.27302649,1.27195265,0.82085818,-0.28945648,166,2013,0.74254810,2022,-0.22241387,0.43502444,0.29859474,,,0.56479179,0.10748867
VT TQQQ/BTAL t30 w0-80 QQQ:VOL_EWMA85,fit,fit,2012-01-03,2022-12-30,false,true,0.85000000,0.30000000,0.80000000,,0.00017307,0.00116727,0.00015615,0.00114401,313001.05340550,75500.00000000,237501.05340550,3.14570932,0.24089986,0.21425087,0.86858888,0.30153624,1.19986700,0.70717287,-0.34065201,,2013,0.80542153,2022,-0.29492559,0.37650969,0.19885599,,,0.62331723,0.13769068
VT TQQQ/BTAL t30 w0-80 QQQ:VOL_EWMA85 gate QQQ<SMA200,fit,fit,2012-01-03,2022-12-30,false,true,0.85000000,0.30000000,0.80000000,QQQ<SMA200,0.01618734,0.23716129,0.01617286,0.23716129,319583.58712700,75500.00000000,244083.58712700,3.23289519,0.24045182,0.21729506,0.87562899,0.29722302,1.20812306,0.78060196,-0.30803384,575,2013,0.80542526,2022,-0.22243672,0.39249514,0.19885599,,,0.60730977,0.10751475
VT TQQQ/BTAL t35 w0-60 QQQ:VOL_EWMA85,fit,fit,2012-01-03,2022-12-30,false,true,0.85000000,0.35000000,0.60000000,,0.00017442,0.00102069,0.00015856,0.00101330,313081.64099100,75500.00000000,237581.64099100,3.14677670,0.23808133,0.21428853,0.94126228,0.26458027,1.30845709,0.61349812,-0.38807182,,2013,0.62515746,2022,-0.35296469,0.45266129,0.39898670,,,0.54716429,0.16065446
VT TQQQ/BTAL t35 w0-60 QQQ:VOL_EWMA85 gate QQQ<SMA200,fit,fit,2012-01-03,2022-12-30,false,true,0.85000000,0.35000000,0.60000000,QQQ<SMA200,0.01892361,0.27078446,0.01890693,0.27078446,316182.45205400,75500.00000000,240682.45205400,3.18784705,0.23585908,0.21573009,0.95707366,0.25599136,1.32708886,0.75439520,-0.31264659,,2013,0.62273058,2022,-0.27351255,0.47141896,0.39903755,,,0.52840100,0.13133759
VT TQQQ/BTAL t35 w0-70 QQQ:VOL_EWMA85,fit,fit,2012-01-03,2022-12-30,false,true,0.85000000,0.35000000,0.70000000,,0.00019141,0.00164317,0.00017513,0.00163785,356755.34670250,75500.00000000,281255.34670250,3.72523638,0.25992441,0.23338827,0.92765886,0.29741958,1.28437687,0.65161852,-0.39889047,,2013,0.78271048,2022,-0.36175542,0.38594117,0.29836215,,,0.61386742,0.16064657
VT TQQQ/BTAL t35 w0-70 QQQ:VOL_EWMA85 gate QQQ<SMA200,fit,fit,2012-01-03,2022-12-30,false,true,0.85000000,0.35000000,0.70000000,QQQ<SMA200,0.01836279,0.27053114,0.01834944,0.27053114,364342.32573400,75500.00000000,288842.32573400,3.82572617,0.25941866,0.23646651,0.94248306,0.29000025,1.30247837,0.76405018,-0.33953092,169,2013,0.78271457,2022,-0.28358676,0.40413128,0.29836215,,,0.59568238,0.13159092
VT TQQQ/BTAL t35 w0-80 QQQ:VOL_EWMA85,fit,fit,2012-01-03,2022-12-30,false,true,0.85000000,0.35000000,0.80000000,,0.00019601,0.00146420,0.00018193,0.00143689,383925.37452800,75500.00000000,308425.37452800,4.08510430,0.27256324,0.24412634,0.90584501,0.32531789,1.25311034,0.67299794,-0.40499862,,2013,0.92819648,2022,-0.36174891,0.33066170,0.19866318,,,0.66914229,0.16065085
VT TQQQ/BTAL t35 w0-80 QQQ:VOL_EWMA85 gate QQQ<SMA200,fit,fit,2012-01-03,2022-12-30,false,true,0.85000000,0.35000000,0.80000000,QQQ<SMA200,0.01808059,0.27041887,0.01806744,0.27041887,394213.91495900,75500.00000000,318713.91495900,4.22137636,0.27286218,0.24799658,0.91880186,0.31864515,1.26920859,0.80362993,-0.33953711,169,2013,0.92818525,2022,-0.28366977,0.34857953,0.19866318,,,0.65123508,0.13170319
50/50,fit,fit,2012-01-03,2022-12-30,true,true,,,,,0.00022189,0.00210183,0.00020531,0.00208979,258113.52096050,75500.00000000,182613.52096050,2.41872213,0.20706333,0.18602693,0.83446033,0.26958468,1.16549110,0.46102211,-0.44913969,,2019,0.60449883,2022,-0.42925967,0.49979927,0.49791021,,,0.49997884,0.49991992
TQQQ60/BTAL40,fit,fit,2012-01-03,2022-12-30,true,true,,,,,0.00020447,0.00167879,0.00018767,0.00167183,314482.32237450,75500.00000000,238982.32237450,3.16532877,0.24105764,0.21494147,0.81870484,0.33189181,1.14110786,0.44237881,-0.54491228,,2019,0.74293613,2022,-0.52214173,0.39981542,0.39832817,,,0.59998011,0.59993870
TQQQ50/BTAL50 gate QQQ<SMA200,fit,fit,2012-01-03,2022-12-30,true,true,,,,,0.02869926,0.33407781,0.02868442,0.33407781,274215.93104300,75500.00000000,198715.93104300,2.63199909,0.21127037,0.19489179,0.91124806,0.24328149,1.26780437,0.55994225,-0.37730743,138,2017,0.47785883,2022,-0.29727879,0.52828942,0.49791021,,,0.47148385,0.16592219
SPY benchmark,fit,fit,2012-01-03,2022-12-30,true,true,,,,,0.00246658,0.01047350,0.00246658,0.01047350,137651.35092000,75500.00000000,62151.35092000,0.82319670,0.10489937,0.09295063,0.67149538,0.17043114,0.93345710,0.30823071,-0.34032745,181,2013,0.29546207,2022,-0.19445945,,,0.99753342,0.98952650,,
VT TQQQ/BTAL t25 w0-60 QQQ:VOL_EWMA70,test,test,2023-01-03,2026-08-14,false,true,0.70000000,0.25000000,0.60000000,,0.00094423,0.00265650,0.00070928,0.00189110,52257.72750000,31500.00000000,20757.72750000,0.65897548,0.26172699,0.22350486,1.16286777,0.22220513,1.64322694,1.19652400,-0.21873944,,2023,0.50816065,2026,0.04743732,0.51679232,0.39925661,,,0.48226344,0.23754265
VT TQQQ/BTAL t25 w0-60 QQQ:VOL_EWMA70 gate QQQ<SMA200,test,test,2023-01-03,2026-08-14,false,true,0.70000000,0.25000000,0.60000000,QQQ<SMA200,0.01600486,0.40068690,0.01574715,0.40068690,46859.20000000,31500.00000000,15359.20000000,0.48759365,0.18868874,0.17356396,0.91468226,0.21531950,1.27543149,0.86287809,-0.21867370,,2023,0.27140476,2026,0.04765036,0.53178448,0.39924764,,,0.46722788,0.00000000
VT TQQQ/BTAL t25 w0-70 QQQ:VOL_EWMA70,test,test,2023-01-03,2026-08-14,false,true,0.70000000,0.25000000,0.70000000,,0.00096396,0.00265650,0.00070005,0.00189110,54208.13500000,31500.00000000,22708.13500000,0.72089317,0.27627072,0.24053112,1.13195147,0.24272466,1.58392760,1.19462120,-0.23126220,394,2023,0.53839612,2026,0.05179774,0.48884858,0.29946483,,,0.51018747,0.23835528
VT TQQQ/BTAL t25 w0-70 QQQ:VOL_EWMA70 gate QQQ<SMA200,test,test,2023-01-03,2026-08-14,false,true,0.70000000,0.25000000,0.70000000,QQQ<SMA200,0.01600749,0.40068690,0.01574057,0.40068690,48562.56500000,31500.00000000,17062.56500000,0.54166873,0.20219233,0.18980000,0.90138725,0.23645962,1.24711340,0.92472585,-0.21865111,,2023,0.29661051,2026,0.05180827,0.50388043,0.29930699,,,0.49513460,0.00000000
VT TQQQ/BTAL t25 w0-80 QQQ:VOL_EWMA70,test,test,2023-01-03,2026-08-14,false,true,0.70000000,0.25000000,0.80000000,,0.00083333,0.00265650,0.00060045,0.00189110,55457.55250000,31500.00000000,23957.55250000,0.76055722,0.28612021,0.25118258,1.10286761,0.26016649,1.53477252,1.13709850,-0.25162306,398,2023,0.58362659,2026,0.05521465,0.46803058,0.19940317,,,0.53113609,0.23837091
VT TQQQ/BTAL t25 w0-80 QQQ:VOL_EWMA70 gate QQQ<SMA200,test,test,2023-01-03,2026-08-14,false,true,0.70000000,0.25000000,0.80000000,QQQ<SMA200,0.01591032,0.40068690,0.01567300,0.40068690,49666.18750000,31500.00000000,18166.18750000,0.57670437,0.21157424,0.20007622,0.88627223,0.25432376,1.22121385,0.95606053,-0.22129796,439,2023,0.33467839,2026,0.05485903,0.48301798,0.19944742,,,0.51606477,0.00000000
VT TQQQ/BTAL t30 w0-60 QQQ:VOL_EWMA70,test,test,2023-01-03,2026-08-14,false,true,0.70000000,0.30000000,0.60000000,,0.00090080,0.00197899,0.00063744,0.00126673,57989.52000000,31500.00000000,26489.52000000,0.84093714,0.31966087,0.27219465,1.24605204,0.24854885,1.79287606,1.25911689,-0.25387704,234,2023,0.66744341,2026,0.08020112,0.47116470,0.39901395,,,0.52793450,0.28527938
VT TQQQ/BTAL t30 w0-60 QQQ:VOL_EWMA70 gate QQQ<SMA200,test,test,2023-01-03,2026-08-14,false,true,0.70000000,0.30000000,0.60000000,QQQ<SMA200,0.01871624,0.48082427,0.01843965,0.48082427,50798.98000000,31500.00000000,19298.98000000,0.61266603,0.23046167,0.21043495,0.99797477,0.23705183,1.41239965,0.95941058,-0.24021172,215,2023,0.36269544,2026,0.08069675,0.48892133,0.39920433,,,0.51011306,0.00000000
VT TQQQ/BTAL t30 w0-70 QQQ:VOL_EWMA70,test,test,2023-01-03,2026-08-14,false,true,0.70000000,0.30000000,0.70000000,,0.00077474,0.00184700,0.00056424,0.00126673,62026.06250000,31500.00000000,30526.06250000,0.96908135,0.34648362,0.30423314,1.21085607,0.27925438,1.72066112,1.29227177,-0.26811978,213,2023,0.68276818,2026,0.08878187,0.42721620,0.29913598,,,0.57200906,0.28598922
VT TQQQ/BTAL t30 w0-70 QQQ:VOL_EWMA70 gate QQQ<SMA200,test,test,2023-01-03,2026-08-14,false,true,0.70000000,0.30000000,0.70000000,QQQ<SMA200,0.01872821,0.48082427,0.01845972,0.48082427,54268.19250000,31500.00000000,22768.19250000,0.72279976,0.25528667,0.24104757,0.98431291,0.26906663,1.38019671,1.00134534,-0.25494368,215,2023,0.37462004,2026,0.08875228,0.44492953,0.29928005,,,0.55411474,0.00000000
VT TQQQ/BTAL t30 w0-80 QQQ:VOL_EWMA70,test,test,2023-01-03,2026-08-14,false,true,0.70000000,0.30000000,0.80000000,,0.00074232,0.00184700,0.00057067,0.00126673,64290.24000000,31500.00000000,32790.24000000,1.04096000,0.36081843,0.32148756,1.17575158,0.30249129,1.65548952,1.29122689,-0.27943845,217,2023,0.70680931,2026,0.09116542,0.39677922,0.19959561,,,0.60247846,0.28565812
VT TQQQ/BTAL t30 w0-80 QQQ:VOL_EWMA70 gate QQQ<SMA200,test,test,2023-01-03,2026-08-14,false,true,0.70000000,0.30000000,0.80000000,QQQ<SMA200,0.01867836,0.48082427,0.01843330,0.48082427,56222.42250000,31500.00000000,24722.42250000,0.78483881,0.26856512,0.25760914,0.96290482,0.29318998,1.34005886,1.05068844,-0.25560871,215,2023,0.39385422,2026,0.09132721,0.41444541,0.19926524,,,0.58462022,0.00000000
VT TQQQ/BTAL t35 w0-60 QQQ:VOL_EWMA70,test,test,2023-01-03,2026-08-14,false,true,0.70000000,0.35000000,0.60000000,,0.00081046,0.00192831,0.00058854,0.00145852,63852.89500000,31500.00000000,32352.89500000,1.02707603,0.37261383,0.31819255,1.32330476,0.26761609,1.93338951,1.30590529,-0.28532991,220,2023,0.80518838,2026,0.10488616,0.44129343,0.39887882,,,0.55789610,0.33335006
VT TQQQ/BTAL t35 w0-60 QQQ:VOL_EWMA70 gate QQQ<SMA200,test,test,2023-01-03,2026-08-14,false,true,0.70000000,0.35000000,0.60000000,QQQ<SMA200,0.02132973,0.56096165,0.02109696,0.56096165,54681.52750000,31500.00000000,23181.52750000,0.73592151,0.26739091,0.24458968,1.07530737,0.25073837,1.53923550,1.08700229,-0.24598928,277,2023,0.43160694,2026,0.10453173,0.46161821,0.39857738,,,0.53744160,0.00000000
VT TQQQ/BTAL t35 w0-70 QQQ:VOL_EWMA70,test,test,2023-01-03,2026-08-14,false,true,0.70000000,0.35000000,0.70000000,,0.00084019,0.00192079,0.00061114,0.00145852,68414.23750000,31500.00000000,36914.23750000,1.17188056,0.40360048,0.35172014,1.26402085,0.30694702,1.82052977,1.31196474,-0.30763059,217,2023,0.85533635,2026,0.11830326,0.38308976,0.29876182,,,0.61607006,0.33341274
VT TQQQ/BTAL t35 w0-70 QQQ:VOL_EWMA70 gate QQQ<SMA200,test,test,2023-01-03,2026-08-14,false,true,0.70000000,0.35000000,0.70000000,QQQ<SMA200,0.02135842,0.56096165,0.02107691,0.56096165,58495.11000000,31500.00000000,26995.11000000,0.85698762,0.29598246,0.27630268,1.03797258,0.29234088,1.47123513,1.07857128,-0.27442086,209,2023,0.47114259,2026,0.11826044,0.40342378,0.29844218,,,0.59560847,0.00000000
VT TQQQ/BTAL t35 w0-80 QQQ:VOL_EWMA70,test,test,2023-01-03,2026-08-14,false,true,0.70000000,0.35000000,0.80000000,,0.00081226,0.00192079,0.00057928,0.00145852,73113.28000000,31500.00000000,41613.28000000,1.32105651,0.43105024,0.38446983,1.23254063,0.33914145,1.75839773,1.34466584,-0.32056309,213,2023,0.86802469,2026,0.12867087,0.33820962,0.19928140,,,0.66097812,0.33369437
VT TQQQ/BTAL t35 w0-80 QQQ:VOL_EWMA70 gate QQQ<SMA200,test,test,2023-01-03,2026-08-14,false,true,0.70000000,0.35000000,0.80000000,QQQ<SMA200,0.02125675,0.56096165,0.02103336,0.56096165,62418.33250000,31500.00000000,30918.33250000,0.98153437,0.32100024,0.30725774,1.02185558,0.32611903,1.43841144,1.10655726,-0.29008914,209,2023,0.48109046,2026,0.12801325,0.35860036,0.19933344,,,0.64053484,0.00000000
VT TQQQ/BTAL t25 w0-60 QQQ:VOL_EWMA75,test,test,2023-01-03,2026-08-14,false,true,0.75000000,0.25000000,0.60000000,,0.00088309,0.00283250,0.00062726,0.00203579,51473.89000000,31500.00000000,19973.89000000,0.63409175,0.25408731,0.21651881,1.14706384,0.21940655,1.61635761,1.17064709,-0.21704860,,2023,0.49336048,2026,0.05331044,0.52083368,0.39912219,,,0.47828324,0.25059696
VT TQQQ/BTAL t25 w0-60 QQQ:VOL_EWMA75 gate QQQ<SMA200,test,test,2023-01-03,2026-08-14,false,true,0.75000000,0.25000000,0.60000000,QQQ<SMA200,0.01394339,0.38549921,0.01361269,0.38549921,47054.13750000,31500.00000000,15554.13750000,0.49378214,0.18989474,0.17544594,0.92517200,0.21357631,1.28944796,0.87517855,-0.21697828,,2023,0.26607649,2026,0.05308736,0.53363596,0.39878905,,,0.46529751,0.00000000
VT TQQQ/BTAL t25 w0-70 QQQ:VOL_EWMA75,test,test,2023-01-03,2026-08-14,false,true,0.75000000,0.25000000,0.70000000,,0.00099489,0.00283250,0.00073493,0.00203579,53537.06250000,31500.00000000,22037.06250000,0.69958929,0.27023247,0.23472901,1.13068037,0.23770763,1.58093918,1.18588769,-0.22787358,398,2023,0.53153292,2026,0.05746695,0.49453769,0.29943570,,,0.50446743,0.25137864
VT TQQQ/BTAL t25 w0-70 QQQ:VOL_EWMA75 gate QQQ<SMA200,test,test,2023-01-03,2026-08-14,false,true,0.75000000,0.25000000,0.70000000,QQQ<SMA200,0.01386468,0.38549921,0.01357403,0.38549921,48882.78000000,31500.00000000,17382.78000000,0.55183429,0.20500807,0.19280082,0.92301799,0.23243356,1.27839273,0.94476535,-0.21699364,,2023,0.29829085,2026,0.05664645,0.50738704,0.29942808,,,0.49162668,0.00000000
VT TQQQ/BTAL t25 w0-80 QQQ:VOL_EWMA75,test,test,2023-01-03,2026-08-14,false,true,0.75000000,0.25000000,0.80000000,,0.00099580,0.00283250,0.00072827,0.00203579,54861.57500000,31500.00000000,23361.57500000,0.74163730,0.28095706,0.24612593,1.11079469,0.25298894,1.54795926,1.16402998,-0.24136583,432,2023,0.57642265,2026,0.05999025,0.47613470,0.19943476,,,0.52286950,0.25066397
VT TQQQ/BTAL t25 w0-80 QQQ:VOL_EWMA75 gate QQQ<SMA200,test,test,2023-01-03,2026-08-14,false,true,0.75000000,0.25000000,0.80000000,QQQ<SMA200,0.01381520,0.38549921,0.01353583,0.38549921,50126.27500000,31500.00000000,18626.27500000,0.59131032,0.21561231,0.20430610,0.91582297,0.24801037,1.26569313,0.99138482,-0.21748599,,2023,0.33633927,2026,0.06012058,0.48901490,0.19925578,,,0.51004850,0.00000000
VT TQQQ/BTAL t30 w0-60 QQQ:VOL_EWMA75,test,test,2023-01-03,2026-08-14,false,true,0.75000000,0.30000000,0.60000000,,0.00087870,0.00201587,0.00061983,0.00166788,57692.47750000,31500.00000000,26192.47750000,0.83150722,0.31578929,0.26976782,1.24139364,0.24674611,1.78197758,1.23983185,-0.25470332,239,2023,0.64990218,2026,0.09270169,0.47262654,0.39920167,,,0.52649476,0.30158957
VT TQQQ/BTAL t30 w0-60 QQQ:VOL_EWMA75 gate QQQ<SMA200,test,test,2023-01-03,2026-08-14,false,true,0.75000000,0.30000000,0.60000000,QQQ<SMA200,0.01605680,0.46259905,0.01581633,0.46259905,51729.85000000,31500.00000000,20229.85000000,0.64221746,0.23723966,0.21880940,1.02105529,0.23711650,1.44669525,0.98742842,-0.24026011,212,2023,0.35686731,2026,0.09301085,0.48778269,0.39929645,,,0.51129844,0.00000000
VT TQQQ/BTAL t30 w0-70 QQQ:VOL_EWMA75,test,test,2023-01-03,2026-08-14,false,true,0.75000000,0.30000000,0.70000000,,0.00083683,0.00201587,0.00059673,0.00166788,60974.62250000,31500.00000000,29474.62250000,0.93570230,0.33746521,0.29605071,1.19848232,0.27567292,1.69851342,1.26530264,-0.26670711,235,2023,0.66300548,2026,0.09609394,0.43180769,0.29950163,,,0.56735548,0.30170873
VT TQQQ/BTAL t30 w0-70 QQQ:VOL_EWMA75 gate QQQ<SMA200,test,test,2023-01-03,2026-08-14,false,true,0.75000000,0.30000000,0.70000000,QQQ<SMA200,0.01615242,0.46259905,0.01586581,0.46259905,54647.95000000,31500.00000000,23147.95000000,0.73485556,0.25768364,0.24430273,0.99684045,0.26707185,1.39768922,1.02075774,-0.25244349,215,2023,0.36801774,2026,0.09589770,0.44692555,0.29917010,,,0.55209053,0.00000000
VT TQQQ/BTAL t30 w0-80 QQQ:VOL_EWMA75,test,test,2023-01-03,2026-08-14,false,true,0.75000000,0.30000000,0.80000000,,0.00083829,0.00201587,0.00059349,0.00166788,63484.26750000,31500.00000000,31984.26750000,1.01537357,0.35427636,0.31540140,1.17796336,0.29619750,1.65704187,1.27354685,-0.27818086,235,2023,0.69744817,2026,0.09831826,0.40306475,0.19945419,,,0.59609696,0.30145486
VT TQQQ/BTAL t30 w0-80 QQQ:VOL_EWMA75 gate QQQ<SMA200,test,test,2023-01-03,2026-08-14,false,true,0.75000000,0.30000000,0.80000000,QQQ<SMA200,0.01615505,0.46259905,0.01585646,0.46259905,56862.76500000,31500.00000000,25362.76500000,0.80516714,0.27347520,0.26293607,0.98807088,0.28815090,1.37687637,1.07987101,-0.25324802,215,2023,0.39650493,2026,0.09800121,0.41821716,0.19932428,,,0.58081052,0.00000000
VT TQQQ/BTAL t35 w0-60 QQQ:VOL_EWMA75,test,test,2023-01-03,2026-08-14,false,true,0.75000000,0.35000000,0.60000000,,0.00087413,0.00226390,0.00063151,0.00138525,63475.74750000,31500.00000000,31975.74750000,1.01510310,0.36898934,0.31533674,1.31518489,0.26715948,1.91679760,1.27692227,-0.28896774,239,2023,0.79768291,2026,0.11924046,0.44076497,0.39861475,,,0.55836091,0.35121005
VT TQQQ/BTAL t35 w0-60 QQQ:VOL_EWMA75 gate QQQ<SMA200,test,test,2023-01-03,2026-08-14,false,true,0.75000000,0.35000000,0.60000000,QQQ<SMA200,0.01820474,0.53969890,0.01797050,0.53969890,55883.84750000,31500.00000000,24383.84750000,0.77409040,0.27662736,0.25477302,1.09645602,0.25309866,1.57328065,1.08843467,-0.25415155,277,2023,0.43685117,2025,0.10622701,0.45812695,0.39861939,,,0.54103904,0.00000000
VT TQQQ/BTAL t35 w0-70 QQQ:VOL_EWMA75,test,test,2023-01-03,2026-08-14,false,true,0.75000000,0.35000000,0.70000000,,0.00071822,0.00172429,0.00051800,0.00100583,68024.73500000,31500.00000000,36524.73500000,1.15951540,0.39913839,0.34892707,1.26009871,0.30486199,1.81083837,1.29398484,-0.30845678,235,2023,0.83296233,2026,0.13362329,0.38487964,0.29954341,,,0.61440214,0.35188047
VT TQQQ/BTAL t35 w0-70 QQQ:VOL_EWMA75 gate QQQ<SMA200,test,test,2023-01-03,2026-08-14,false,true,0.75000000,0.35000000,0.70000000,QQQ<SMA200,0.01817407,0.53969890,0.01798034,0.53969890,59772.95500000,31500.00000000,28272.95500000,0.89755413,0.30447943,0.28656120,1.05963209,0.29264905,1.50390667,1.10816917,-0.27475898,270,2023,0.46517061,2026,0.13306126,0.40219165,0.29933821,,,0.59698356,0.00000000
VT TQQQ/BTAL t35 w0-80 QQQ:VOL_EWMA75,test,test,2023-01-03,2026-08-14,false,true,0.75000000,0.35000000,0.80000000,,0.00067684,0.00172429,0.00047319,0.00098661,71925.64250000,31500.00000000,40425.64250000,1.28335373,0.42187521,0.37635219,1.22359997,0.33527218,1.74137215,1.32098341,-0.31936450,224,2023,0.84409743,2026,0.13718486,0.34289098,0.19939799,,,0.65643218,0.35192370
VT TQQQ/BTAL t35 w0-80 QQQ:VOL_EWMA75 gate QQQ<SMA200,test,test,2023-01-03,2026-08-14,false,true,0.75000000,0.35000000,0.80000000,QQQ<SMA200,0.01822669,0.53969890,0.01799306,0.53969890,63225.05250000,31500.00000000,31725.05250000,1.00714452,0.32596740,0.31343102,1.03768620,0.32416414,1.46134819,1.13485687,-0.28723217,209,2023,0.47365155,2026,0.13736299,0.36017731,0.19920690,,,0.63895687,0.00000000
VT TQQQ/BTAL t25 w0-60 QQQ:VOL_EWMA80,test,test,2023-01-03,2026-08-14,false,true,0.80000000,0.25000000,0.60000000,,0.00098579,0.00186484,0.00069481,0.00159328,50827.08750000,31500.00000000,19327.08750000,0.61355833,0.24785381,0.21068961,1.13980299,0.21569564,1.60518611,1.15224303,-0.21510550,,2023,0.48419538,2026,0.06094013,0.52455300,0.39930126,,,0.47446121,0.26796707
VT TQQQ/BTAL t25 w0-60 QQQ:VOL_EWMA80 gate QQQ<SMA200,test,test,2023-01-03,2026-08-14,false,true,0.80000000,0.25000000,0.60000000,QQQ<SMA200,0.01159944,0.37135869,0.01135643,0.37135869,47370.52250000,31500.00000000,15870.52250000,0.50382611,0.19243693,0.17848706,0.94409388,0.21097722,1.31719953,0.89424470,-0.21519494,,2023,0.26523971,2026,0.06059232,0.53531725,0.39907668,,,0.46377284,0.00000000
VT TQQQ/BTAL t25 w0-70 QQQ:VOL_EWMA80,test,test,2023-01-03,2026-08-14,false,true,0.80000000,0.25000000,0.70000000,,0.00088833,0.00186484,0.00065786,0.00121168,52951.28750000,31500.00000000,21451.28750000,0.68099325,0.26515956,0.22961668,1.13208521,0.23283534,1.58421319,1.17447644,-0.22576831,435,2023,0.52900569,2026,0.06441189,0.50026961,0.29938368,,,0.49884207,0.26761609
VT TQQQ/BTAL t25 w0-70 QQQ:VOL_EWMA80 gate QQQ<SMA200,test,test,2023-01-03,2026-08-14,false,true,0.80000000,0.25000000,0.70000000,QQQ<SMA200,0.01164695,0.37135869,0.01140390,0.37135869,49346.43750000,31500.00000000,17846.43750000,0.56655357,0.20915903,0.19711797,0.95052791,0.22833661,1.31962530,0.97240370,-0.21509485,,2023,0.30328251,2026,0.06483797,0.51100278,0.29930286,,,0.48805171,0.00000000
VT TQQQ/BTAL t25 w0-80 QQQ:VOL_EWMA80,test,test,2023-01-03,2026-08-14,false,true,0.80000000,0.25000000,0.80000000,,0.00087858,0.00186484,0.00062597,0.00156951,54411.95500000,31500.00000000,22911.95500000,0.72736365,0.27717757,0.24228199,1.12606675,0.24516162,1.57485401,1.19710351,-0.23154018,436,2023,0.57381599,2026,0.06608788,0.48556756,0.19940943,,,0.51355386,0.26803743
VT TQQQ/BTAL t25 w0-80 QQQ:VOL_EWMA80 gate QQQ<SMA200,test,test,2023-01-03,2026-08-14,false,true,0.80000000,0.25000000,0.80000000,QQQ<SMA200,0.01163584,0.37135869,0.01137092,0.37135869,50654.84000000,31500.00000000,19154.84000000,0.60809016,0.22043625,0.20912724,0.95183373,0.24097046,1.32170403,1.01641892,-0.21687539,,2023,0.34132532,2026,0.06621456,0.49630578,0.19931916,,,0.50275460,0.00000000
VT TQQQ/BTAL t30 w0-60 QQQ:VOL_EWMA80,test,test,2023-01-03,2026-08-14,false,true,0.80000000,0.30000000,0.60000000,,0.00080037,0.00212850,0.00060138,0.00207658,57870.18500000,31500.00000000,26370.18500000,0.83714873,0.31560514,0.27122087,1.24543477,0.24560887,1.78652712,1.23532928,-0.25548260,273,2023,0.63735866,2026,0.10981670,0.47317959,0.39914858,,,0.52602004,0.32171163
VT TQQQ/BTAL t30 w0-60 QQQ:VOL_EWMA80 gate QQQ<SMA200,test,test,2023-01-03,2026-08-14,false,true,0.80000000,0.30000000,0.60000000,QQQ<SMA200,0.01347620,0.44563042,0.01322709,0.44563042,53098.47500000,31500.00000000,21598.47500000,0.68566587,0.24749613,0.23090549,1.05381428,0.23776482,1.49639323,1.03163146,-0.23990750,211,2023,0.35543706,2026,0.10980960,0.48573105,0.39896424,,,0.51332593,0.00000000
VT TQQQ/BTAL t30 w0-70 QQQ:VOL_EWMA80,test,test,2023-01-03,2026-08-14,false,true,0.80000000,0.30000000,0.70000000,,0.00084810,0.00212850,0.00063259,0.00207658,60055.17250000,31500.00000000,28555.17250000,0.90651341,0.32973695,0.28880335,1.18912712,0.27212039,1.68266968,1.23278114,-0.26747404,270,2023,0.65148010,2026,0.10551252,0.43588633,0.29911214,,,0.56326557,0.32177700
VT TQQQ/BTAL t30 w0-70 QQQ:VOL_EWMA80 gate QQQ<SMA200,test,test,2023-01-03,2026-08-14,false,true,0.80000000,0.30000000,0.70000000,QQQ<SMA200,0.01344679,0.44563042,0.01321065,0.44563042,55092.53500000,31500.00000000,23592.53500000,0.74896937,0.26091733,0.24809071,1.01208637,0.26506645,1.41983714,1.04442525,-0.24981906,212,2023,0.36721863,2026,0.10497332,0.44849676,0.29950606,,,0.55059801,0.00000000
VT TQQQ/BTAL t30 w0-80 QQQ:VOL_EWMA80,test,test,2023-01-03,2026-08-14,false,true,0.80000000,0.30000000,0.80000000,,0.00088495,0.00212850,0.00067695,0.00207658,62802.47250000,31500.00000000,31302.47250000,0.99372929,0.34893526,0.31020512,1.18093612,0.29071024,1.66095564,1.25231554,-0.27863206,240,2023,0.69520512,2026,0.10777117,0.40843004,0.19931175,,,0.59068501,0.32129373
VT TQQQ/BTAL t30 w0-80 QQQ:VOL_EWMA80 gate QQQ<SMA200,test,test,2023-01-03,2026-08-14,false,true,0.80000000,0.30000000,0.80000000,QQQ<SMA200,0.01340193,0.44563042,0.01313418,0.44563042,57561.05750000,31500.00000000,26061.05750000,0.82733516,0.27897409,0.26869095,1.01294203,0.28422624,1.41376152,1.09991810,-0.25363170,270,2023,0.40298405,2026,0.10740785,0.42095619,0.19952292,,,0.57814787,0.00000000
VT TQQQ/BTAL t35 w0-60 QQQ:VOL_EWMA80,test,test,2023-01-03,2026-08-14,false,true,0.80000000,0.35000000,0.60000000,,0.00079956,0.00175898,0.00060486,0.00157027,63432.84500000,31500.00000000,31932.84500000,1.01374111,0.36774158,0.31501103,1.31072546,0.26742721,1.90744358,1.25303269,-0.29348123,277,2023,0.79677489,2025,0.10489217,0.43950009,0.39925078,,,0.55970035,0.37485123
VT TQQQ/BTAL t35 w0-60 QQQ:VOL_EWMA80 gate QQQ<SMA200,test,test,2023-01-03,2026-08-14,false,true,0.80000000,0.35000000,0.60000000,QQQ<SMA200,0.01513166,0.51990216,0.01492296,0.51990216,57398.86250000,31500.00000000,25898.86250000,0.82218611,0.28813927,0.26735922,1.12088271,0.25637521,1.61259846,1.08366005,-0.26589452,277,2023,0.44708320,2025,0.10449235,0.45365824,0.39866814,,,0.54543835,0.00000000
VT TQQQ/BTAL t35 w0-70 QQQ:VOL_EWMA80,test,test,2023-01-03,2026-08-14,false,true,0.80000000,0.35000000,0.70000000,,0.00073741,0.00175898,0.00057014,0.00157027,68243.50250000,31500.00000000,36743.50250000,1.16646040,0.39892291,0.35049736,1.26411894,0.30342714,1.81524307,1.29057897,-0.30910383,241,2023,0.81785165,2026,0.15348798,0.38550266,0.29960766,,,0.61375992,0.37500138
VT TQQQ/BTAL t35 w0-70 QQQ:VOL_EWMA80 gate QQQ<SMA200,test,test,2023-01-03,2026-08-14,false,true,0.80000000,0.35000000,0.70000000,QQQ<SMA200,0.01504197,0.51990216,0.01482803,0.51990216,61644.24750000,31500.00000000,30144.24750000,0.95696024,0.31704794,0.30127460,1.08948938,0.29377619,1.54982018,1.12263436,-0.28241425,270,2023,0.46311737,2026,0.15353823,0.39967588,0.29942802,,,0.59949042,0.00000000
VT TQQQ/BTAL t35 w0-80 QQQ:VOL_EWMA80,test,test,2023-01-03,2026-08-14,false,true,0.80000000,0.35000000,0.80000000,,0.00069489,0.00175898,0.00050207,0.00157027,70667.52500000,31500.00000000,39167.52500000,1.24341349,0.41256048,0.36763740,1.21325882,0.33170151,1.72343594,1.28905469,-0.32004886,239,2023,0.82885730,2026,0.14831595,0.34733177,0.19944562,,,0.65197333,0.37545938
VT TQQQ/BTAL t35 w0-80 QQQ:VOL_EWMA80 gate QQQ<SMA200,test,test,2023-01-03,2026-08-14,false,true,0.80000000,0.35000000,0.80000000,QQQ<SMA200,0.01510499,0.51990216,0.01487667,0.51990216,63857.72500000,31500.00000000,32357.72500000,1.02722937,0.33011385,0.31822904,1.05038809,0.32281073,1.47996478,1.12507351,-0.29341536,239,2023,0.47260486,2026,0.14832570,0.36154123,0.19892705,,,0.63758721,0.00000000
VT TQQQ/BTAL t25 w0-60 QQQ:VOL_EWMA85,test,test,2023-01-03,2026-08-14,false,true,0.85000000,0.25000000,0.60000000,,0.00091958,0.00269315,0.00068721,0.00170811,50347.52500000,31500.00000000,18847.52500000,0.59833413,0.24360162,0.20632911,1.14001411,0.21193224,1.60779975,1.13841044,-0.21398400,290,2023,0.48513823,2026,0.06998619,0.52828482,0.39963698,,,0.47079560,0.22776674
VT TQQQ/BTAL t25 w0-60 QQQ:VOL_EWMA85 gate QQQ<SMA200,test,test,2023-01-03,2026-08-14,false,true,0.85000000,0.25000000,0.60000000,QQQ<SMA200,0.01042319,0.35692729,0.01015052,0.35692729,47233.72250000,31500.00000000,15733.72250000,0.49948325,0.19194861,0.17717414,0.95154775,0.20829058,1.33094301,0.90027935,-0.21321006,,2023,0.27377874,2026,0.06966213,0.53768160,0.39936524,,,0.46135477,0.00000000
VT TQQQ/BTAL t25 w0-70 QQQ:VOL_EWMA85,test,test,2023-01-03,2026-08-14,false,true,0.85000000,0.25000000,0.70000000,,0.00094237,0.00269315,0.00070197,0.00170811,52460.05750000,31500.00000000,20960.05750000,0.66539865,0.26110394,0.22529451,1.14225992,0.22667873,1.60438922,1.17499129,-0.22221777,448,2023,0.52987737,2026,0.07272989,0.50775662,0.29940554,,,0.49130101,0.22822968
VT TQQQ/BTAL t25 w0-70 QQQ:VOL_EWMA85 gate QQQ<SMA200,test,test,2023-01-03,2026-08-14,false,true,0.85000000,0.25000000,0.70000000,QQQ<SMA200,0.01041414,0.35692729,0.01015742,0.35692729,49199.75500000,31500.00000000,17699.75500000,0.56189698,0.20888224,0.19575574,0.96592159,0.22324870,1.34703264,0.97691559,-0.21381811,,2023,0.31226419,2026,0.07250086,0.51719405,0.29931485,,,0.48185108,0.00000000
VT TQQQ/BTAL t25 w0-80 QQQ:VOL_EWMA85,test,test,2023-01-03,2026-08-14,false,true,0.85000000,0.25000000,0.80000000,,0.00090924,0.00269315,0.00065275,0.00170811,53659.25250000,31500.00000000,22159.25250000,0.70346833,0.27078417,0.23578978,1.13354490,0.23742129,1.59139130,1.21086610,-0.22362850,448,2023,0.56826505,2026,0.07346983,0.49553240,0.19974217,,,0.50355835,0.22824159
VT TQQQ/BTAL t25 w0-80 QQQ:VOL_EWMA85 gate QQQ<SMA200,test,test,2023-01-03,2026-08-14,false,true,0.85000000,0.25000000,0.80000000,QQQ<SMA200,0.01039190,0.35692729,0.01012021,0.35692729,50304.14250000,31500.00000000,18804.14250000,0.59695690,0.21810810,0.20593300,0.96418606,0.23419485,1.34485168,1.00705486,-0.21658015,,2023,0.34490987,2026,0.07318977,0.50494340,0.19954934,,,0.49411638,0.00000000
VT TQQQ/BTAL t30 w0-60 QQQ:VOL_EWMA85,test,test,2023-01-03,2026-08-14,false,true,0.85000000,0.30000000,0.60000000,,0.00076781,0.00198207,0.00056336,0.00122601,57338.32000000,31500.00000000,25838.32000000,0.82026413,0.31066179,0.26686135,1.23629378,0.24405332,1.77271865,1.20246759,-0.25835356,289,2023,0.63116598,2025,0.08190827,0.47445370,0.39939432,,,0.52477850,0.27368627
VT TQQQ/BTAL t30 w0-60 QQQ:VOL_EWMA85 gate QQQ<SMA200,test,test,2023-01-03,2026-08-14,false,true,0.85000000,0.30000000,0.60000000,QQQ<SMA200,0.01204348,0.42831274,0.01180475,0.42831274,52958.04750000,31500.00000000,21458.04750000,0.68120786,0.24654303,0.22967594,1.04928074,0.23813991,1.49136977,1.02538021,-0.24044060,289,2023,0.35960948,2025,0.08296134,0.48561645,0.39885839,,,0.51350783,0.00000000
VT TQQQ/BTAL t30 w0-70 QQQ:VOL_EWMA85,test,test,2023-01-03,2026-08-14,false,true,0.85000000,0.30000000,0.70000000,,0.00084769,0.00198207,0.00060911,0.00140737,59286.23250000,31500.00000000,27786.23250000,0.88210262,0.32350777,0.28267451,1.18679283,0.26764888,1.67979760,1.19835819,-0.26995916,277,2023,0.64866784,2026,0.11692121,0.43963220,0.29938603,,,0.55952012,0.27381417
VT TQQQ/BTAL t30 w0-70 QQQ:VOL_EWMA85 gate QQQ<SMA200,test,test,2023-01-03,2026-08-14,false,true,0.85000000,0.30000000,0.70000000,QQQ<SMA200,0.01221959,0.42831274,0.01192592,0.42831274,54727.48250000,31500.00000000,23227.48250000,0.73738040,0.25858282,0.24498217,1.01286719,0.26228134,1.42275372,1.02457123,-0.25238149,277,2023,0.37402606,2026,0.11694648,0.45074027,0.29909862,,,0.54821200,0.00000000
VT TQQQ/BTAL t30 w0-80 QQQ:VOL_EWMA85,test,test,2023-01-03,2026-08-14,false,true,0.85000000,0.30000000,0.80000000,,0.00083296,0.00198207,0.00060570,0.00114714,62141.92000000,31500.00000000,30641.92000000,0.97275937,0.34409271,0.30512803,1.18945407,0.28392150,1.67717534,1.24304559,-0.27681423,276,2023,0.69693947,2026,0.11952096,0.41607022,0.19956810,,,0.58309682,0.27337349
VT TQQQ/BTAL t30 w0-80 QQQ:VOL_EWMA85 gate QQQ<SMA200,test,test,2023-01-03,2026-08-14,false,true,0.85000000,0.30000000,0.80000000,QQQ<SMA200,0.01211536,0.42831274,0.01187151,0.42831274,57327.13750000,31500.00000000,25827.13750000,0.81990913,0.27824868,0.26676935,1.02482794,0.27886704,1.43535823,1.07315333,-0.25928139,276,2023,0.41418469,2026,0.11896352,0.42719018,0.19933439,,,0.57186269,0.00000000
VT TQQQ/BTAL t35 w0-60 QQQ:VOL_EWMA85,test,test,2023-01-03,2026-08-14,false,true,0.85000000,0.35000000,0.60000000,,0.00083714,0.00181184,0.00059783,0.00173380,63876.43500000,31500.00000000,32376.43500000,1.02782333,0.36964129,0.31837036,1.31308739,0.26816260,1.90956488,1.23544952,-0.29919578,290,2023,0.79681603,2025,0.07386452,0.43716920,0.39907426,,,0.56199366,0.31932230
VT TQQQ/BTAL t35 w0-60 QQQ:VOL_EWMA85 gate QQQ<SMA200,test,test,2023-01-03,2026-08-14,false,true,0.85000000,0.35000000,0.60000000,QQQ<SMA200,0.01378060,0.49969820,0.01352287,0.49969820,58028.92250000,31500.00000000,26528.92250000,0.84218802,0.29275407,0.27251582,1.12246016,0.26006200,1.61621443,1.03827112,-0.28196303,290,2023,0.45746226,2025,0.07457571,0.44999038,0.39900164,,,0.54902190,0.00000000
VT TQQQ/BTAL t35 w0-70 QQQ:VOL_EWMA85,test,test,2023-01-03,2026-08-14,false,true,0.85000000,0.35000000,0.70000000,,0.00077159,0.00181184,0.00056891,0.00173380,67496.32750000,31500.00000000,35996.32750000,1.14274056,0.39290453,0.34511776,1.25572799,0.30154802,1.80178400,1.25893507,-0.31209277,277,2023,0.81019841,2025,0.13281020,0.38690163,0.29919187,,,0.61232678,0.31914718
VT TQQQ/BTAL t35 w0-70 QQQ:VOL_EWMA85 gate QQQ<SMA200,test,test,2023-01-03,2026-08-14,false,true,0.85000000,0.35000000,0.70000000,QQQ<SMA200,0.01373200,0.49969820,0.01347225,0.49969820,61317.23250000,31500.00000000,29817.23250000,0.94657881,0.31498172,0.29872912,1.08255547,0.29434395,1.54083191,1.06738427,-0.29509684,277,2023,0.46840018,2025,0.13409527,0.39965017,0.29944397,,,0.59939972,0.00000000
VT TQQQ/BTAL t35 w0-80 QQQ:VOL_EWMA85,test,test,2023-01-03,2026-08-14,false,true,0.85000000,0.35000000,0.80000000,,0.00073107,0.00181184,0.00054588,0.00173380,69519.25000000,31500.00000000,38019.25000000,1.20696032,0.40431065,0.35957659,1.20854448,0.32676039,1.71568125,1.25233452,-0.32284557,276,2023,0.82287414,2026,0.16231051,0.35126890,0.19914350,,,0.64800003,0.31940908
VT TQQQ/BTAL t35 w0-80 QQQ:VOL_EWMA85 gate QQQ<SMA200,test,test,2023-01-03,2026-08-14,false,true,0.85000000,0.35000000,0.80000000,QQQ<SMA200,0.01363190,0.49969820,0.01341340,0.49969820,63151.07500000,31500.00000000,31651.07500000,1.00479603,0.32563263,0.31286752,1.04577123,0.32014727,1.47408278,1.06512878,-0.30572137,276,2023,0.47806232,2026,0.16268276,0.36404524,0.19930861,,,0.63511515,0.00000000
50/50,test,test,2023-01-03,2026-08-14,true,true,,,,,0.00087781,0.00180702,0.00063512,0.00143200,59488.97750000,31500.00000000,27988.97750000,0.88853897,0.32923968,0.28429658,1.33039191,0.23587056,1.97248249,1.14947872,-0.28642521,277,2023,0.66380858,2025,0.06974535,0.49962770,0.49856800,,,0.49949449,0.49874912
TQQQ60/BTAL40,test,test,2023-01-03,2026-08-14,true,true,,,,,0.00076688,0.00180887,0.00054394,0.00118449,72621.60750000,31500.00000000,41121.60750000,1.30544786,0.43182179,0.38112181,1.33923273,0.30376958,1.98491073,1.21620717,-0.35505611,273,2023,0.89323332,2025,0.12650905,0.39970459,0.39881551,,,0.59952853,0.59901744
TQQQ50/BTAL50 gate QQQ<SMA200,test,test,2023-01-03,2026-08-14,true,true,,,,,0.01757595,0.50000000,0.01738046,0.50000000,51718.60250000,31500.00000000,20218.60250000,0.64186040,0.23623675,0.21870894,1.07270438,0.22153506,1.55812927,0.90363811,-0.26142850,315,2023,0.34962884,2025,0.03999295,0.51639008,0.49879563,,,0.48273686,0.00000000
SPY benchmark,test,test,2023-01-03,2026-08-14,true,true,,,,,0.00976982,0.03153230,0.00976982,0.03153230,50882.79000000,31500.00000000,19382.79000000,0.61532667,0.21606356,0.21119396,1.39033280,0.14935565,2.08420592,1.15142070,-0.18764954,128,2023,0.24677508,2026,0.13599066,,,0.99023018,0.96846770,,
VT TQQQ/BTAL t25 w0-60 QQQ:VOL_EWMA70,sens,sens_2012-01-03,2012-01-03,2017-01-03,false,true,0.70000000,0.25000000,0.60000000,,0.00041248,0.00200464,0.00039550,0.00196826,70269.03175350,40000.00000000,30269.03175350,0.75672579,0.21485849,0.18431059,0.97514061,0.22639326,1.38633258,1.08417628,-0.19817671,430,2013,0.58344815,2015,0.00731533,0.45607300,0.39803174,,,0.54351452,0.22216005
VT TQQQ/BTAL t25 w0-60 QQQ:VOL_EWMA70 gate QQQ<SMA200,sens,sens_2012-01-03,2012-01-03,2017-01-03,false,true,0.70000000,0.25000000,0.60000000,QQQ<SMA200,0.00841772,0.24978372,0.00840062,0.24978372,64225.76488950,40000.00000000,24225.76488950,0.60564412,0.19066308,0.15439415,0.89365882,0.22381960,1.26329170,0.92584699,-0.20593368,,2013,0.58335236,2015,-0.03208770,0.46410034,0.39803174,,,0.53548673,0.19963555
VT TQQQ/BTAL t25 w0-70 QQQ:VOL_EWMA70,sens,sens_2012-01-03,2012-01-03,2017-01-03,false,true,0.70000000,0.25000000,0.70000000,,0.00033346,0.00180438,0.00031641,0.00179865,69932.98697850,40000.00000000,29932.98697850,0.74832467,0.21986254,0.18270982,0.90741178,0.25564534,1.28417127,0.93300220,-0.23565062,,2013,0.67365352,2015,-0.04385232,0.39937529,0.29907325,,,0.60029125,0.22216793
VT TQQQ/BTAL t25 w0-70 QQQ:VOL_EWMA70 gate QQQ<SMA200,sens,sens_2012-01-03,2012-01-03,2017-01-03,false,true,0.70000000,0.25000000,0.70000000,QQQ<SMA200,0.00963901,0.24981587,0.00962171,0.24981587,63975.87490150,40000.00000000,23975.87490150,0.59939687,0.19545941,0.15310247,0.83563268,0.25236130,1.17753976,0.75525082,-0.25880066,,2013,0.67372699,2015,-0.08124091,0.40866731,0.29906590,,,0.59098801,0.19963090
VT TQQQ/BTAL t25 w0-80 QQQ:VOL_EWMA70,sens,sens_2012-01-03,2012-01-03,2017-01-03,false,true,0.70000000,0.25000000,0.80000000,,0.00033910,0.00180438,0.00032356,0.00179865,69262.60482250,40000.00000000,29262.60482250,0.73156512,0.22098232,0.17949542,0.85438553,0.28038842,1.20663513,0.80748779,-0.27366645,,2013,0.71964586,2015,-0.08631111,0.35681339,0.19887785,,,0.64284751,0.22216190
VT TQQQ/BTAL t25 w0-80 QQQ:VOL_EWMA70 gate QQQ<SMA200,sens,sens_2012-01-03,2012-01-03,2017-01-03,false,true,0.70000000,0.25000000,0.80000000,QQQ<SMA200,0.01032913,0.25995003,0.01031416,0.25995003,63319.12428900,40000.00000000,23319.12428900,0.58297811,0.19619018,0.14968553,0.78734468,0.27690744,1.10793417,0.65908343,-0.29767124,,2013,0.71962774,2015,-0.12210783,0.36677788,0.19887785,,,0.63286265,0.19960039
VT TQQQ/BTAL t30 w0-60 QQQ:VOL_EWMA70,sens,sens_2012-01-03,2012-01-03,2017-01-03,false,true,0.70000000,0.30000000,0.60000000,,0.00034197,0.00230020,0.00032377,0.00227087,76954.80670750,40000.00000000,36954.80670750,0.92387017,0.24282105,0.21479606,1.04604425,0.23469868,1.49173148,1.19463864,-0.20325900,392,2013,0.59935456,2017,0.01046467,0.43108496,0.39872558,,,0.56857308,0.26660186
VT TQQQ/BTAL t30 w0-60 QQQ:VOL_EWMA70 gate QQQ<SMA200,sens,sens_2012-01-03,2012-01-03,2017-01-03,false,true,0.70000000,0.30000000,0.60000000,QQQ<SMA200,0.00817146,0.28150540,0.00815514,0.28150540,69579.56692650,40000.00000000,29579.56692650,0.73948917,0.21558044,0.18101873,0.95973163,0.23200401,1.35781495,0.98279005,-0.21935554,,2013,0.59942225,2016,-0.02532550,0.43886160,0.39872558,,,0.56076121,0.24102774
VT TQQQ/BTAL t30 w0-70 QQQ:VOL_EWMA70,sens,sens_2012-01-03,2012-01-03,2017-01-03,false,true,0.70000000,0.30000000,0.70000000,,0.00039207,0.00230020,0.00037517,0.00227087,79364.40836000,40000.00000000,39364.40836000,0.98411021,0.26025346,0.22519850,0.99402995,0.27004399,1.41470545,1.08219916,-0.24048574,,2013,0.74592755,2015,0.01209134,0.36095674,0.29853742,,,0.63865119,0.26660846
VT TQQQ/BTAL t30 w0-70 QQQ:VOL_EWMA70 gate QQQ<SMA200,sens,sens_2012-01-03,2012-01-03,2017-01-03,false,true,0.70000000,0.30000000,0.70000000,QQQ<SMA200,0.00931819,0.29849018,0.00930388,0.29849018,71447.43733650,40000.00000000,31447.43733650,0.78618593,0.23134663,0.18986953,0.91549954,0.26686872,1.29456462,0.86513188,-0.26741199,,2013,0.74584156,2015,-0.03372330,0.36999088,0.29853742,,,0.62966610,0.24108992
VT TQQQ/BTAL t30 w0-80 QQQ:VOL_EWMA70,sens,sens_2012-01-03,2012-01-03,2017-01-03,false,true,0.70000000,0.30000000,0.80000000,,0.00038349,0.00230020,0.00036746,0.00227087,80013.69252300,40000.00000000,40013.69252300,1.00034231,0.26979548,0.22795285,0.94361521,0.30234802,1.33882196,0.97153165,-0.27770117,,2013,0.87223019,2015,-0.04459641,0.29931259,0.19881576,,,0.70030393,0.26658324
VT TQQQ/BTAL t30 w0-80 QQQ:VOL_EWMA70 gate QQQ<SMA200,sens,sens_2012-01-03,2012-01-03,2017-01-03,false,true,0.70000000,0.30000000,0.80000000,QQQ<SMA200,0.01063701,0.29846689,0.01062227,0.29846689,72064.12847800,40000.00000000,32064.12847800,0.80160321,0.24048200,0.19274557,0.87346905,0.29849595,1.23310586,0.76315017,-0.31511753,,2013,0.87223122,2015,-0.08787604,0.30960523,0.19881576,,,0.69002090,0.24110397
VT TQQQ/BTAL t35 w0-60 QQQ:VOL_EWMA70,sens,sens_2012-01-03,2012-01-03,2017-01-03,false,true,0.70000000,0.35000000,0.60000000,,0.00032903,0.00132534,0.00031294,0.00131334,81571.62001950,40000.00000000,41571.62001950,1.03929050,0.26336399,0.23448073,1.10178369,0.23858365,1.57624017,1.27145611,-0.20713573,382,2013,0.61461933,2017,0.01046385,0.41925452,0.39868666,,,0.58041645,0.31102542
VT TQQQ/BTAL t35 w0-60 QQQ:VOL_EWMA70 gate QQQ<SMA200,sens,sens_2012-01-03,2012-01-03,2017-01-03,false,true,0.70000000,0.35000000,0.60000000,QQQ<SMA200,0.00755200,0.22704607,0.00753619,0.22704607,74141.42066700,40000.00000000,34141.42066700,0.85353552,0.23713375,0.20227191,1.02264520,0.23584611,1.45161763,1.03799067,-0.22845460,,2013,0.61465542,2016,-0.01279722,0.42641705,0.39868666,,,0.57320913,0.28282902
VT TQQQ/BTAL t35 w0-70 QQQ:VOL_EWMA70,sens,sens_2012-01-03,2012-01-03,2017-01-03,false,true,0.70000000,0.35000000,0.70000000,,0.00026662,0.00106637,0.00024888,0.00105272,86681.25456650,40000.00000000,46681.25456650,1.16703136,0.28776716,0.25513299,1.04831354,0.27910359,1.49619500,1.17355955,-0.24520883,,2013,0.76241418,2017,0.01390161,0.33639402,0.29894728,,,0.66333936,0.31103414
VT TQQQ/BTAL t35 w0-70 QQQ:VOL_EWMA70 gate QQQ<SMA200,sens,sens_2012-01-03,2012-01-03,2017-01-03,false,true,0.70000000,0.35000000,0.70000000,QQQ<SMA200,0.00907649,0.32693563,0.00906214,0.32693563,77275.45208650,40000.00000000,37275.45208650,0.93188630,0.25593459,0.21619711,0.96652566,0.27582505,1.36820989,0.91223271,-0.28055844,,2013,0.76248235,2016,-0.02745244,0.34515955,0.29894728,,,0.65454501,0.28296593
VT TQQQ/BTAL t35 w0-80 QQQ:VOL_EWMA70,sens,sens_2012-01-03,2012-01-03,2017-01-03,false,true,0.70000000,0.35000000,0.80000000,,0.00035131,0.00138057,0.00033662,0.00135006,89285.01160050,40000.00000000,49285.01160050,1.23212529,0.30448292,0.26524140,1.00217654,0.31581541,1.42729196,1.07899567,-0.28219105,,2013,0.92110885,2015,0.01449835,0.26602574,0.19864994,,,0.73362295,0.31103420
VT TQQQ/BTAL t35 w0-80 QQQ:VOL_EWMA70 gate QQQ<SMA200,sens,sens_2012-01-03,2012-01-03,2017-01-03,false,true,0.70000000,0.35000000,0.80000000,QQQ<SMA200,0.01020000,0.34675445,0.01018571,0.34675445,79245.33582450,40000.00000000,39245.33582450,0.98113340,0.27094318,0.22469118,0.92659403,0.31216261,1.31066479,0.83056967,-0.32621367,,2013,0.92111415,2015,-0.03721519,0.27584980,0.19864994,,,0.72378182,0.28301144
VT TQQQ/BTAL t25 w0-60 QQQ:VOL_EWMA75,sens,sens_2012-01-03,2012-01-03,2017-01-03,false,true,0.75000000,0.25000000,0.60000000,,0.00034321,0.00156958,0.00032586,0.00153222,70368.82968850,40000.00000000,30368.82968850,0.75922074,0.21551665,0.18478464,0.98119066,0.22530121,1.39379351,1.08234948,-0.19911928,430,2013,0.58611447,2017,0.01046316,0.45661364,0.39846778,,,0.54304314,0.21542458
VT TQQQ/BTAL t25 w0-60 QQQ:VOL_EWMA75 gate QQQ<SMA200,sens,sens_2012-01-03,2012-01-03,2017-01-03,false,true,0.75000000,0.25000000,0.60000000,QQQ<SMA200,0.00793354,0.21787978,0.00791477,0.21787978,64338.44852400,40000.00000000,24338.44852400,0.60846121,0.19138757,0.15497510,0.89881508,0.22301453,1.27035342,0.91853734,-0.20836123,,2013,0.58619314,2015,-0.03359548,0.46414607,0.39846778,,,0.53546542,0.19345110
VT TQQQ/BTAL t25 w0-70 QQQ:VOL_EWMA75,sens,sens_2012-01-03,2012-01-03,2017-01-03,false,true,0.75000000,0.25000000,0.70000000,,0.00038135,0.00133912,0.00036389,0.00130934,69229.39003200,40000.00000000,29229.39003200,0.73073475,0.21599268,0.17933542,0.90023994,0.25355087,1.27217213,0.91318887,-0.23652575,,2013,0.64798189,2015,-0.03704556,0.40279126,0.29895191,,,0.59682739,0.21542969
VT TQQQ/BTAL t25 w0-70 QQQ:VOL_EWMA75 gate QQQ<SMA200,sens,sens_2012-01-03,2012-01-03,2017-01-03,false,true,0.75000000,0.25000000,0.70000000,QQQ<SMA200,0.00899808,0.21793822,0.00898336,0.21793822,63365.62058500,40000.00000000,23365.62058500,0.58414051,0.19177788,0.14992851,0.82725126,0.25066231,1.16457439,0.74106903,-0.25878545,,2013,0.64799431,2015,-0.08120607,0.41146026,0.29895191,,,0.58818132,0.19341123
VT TQQQ/BTAL t25 w0-80 QQQ:VOL_EWMA75,sens,sens_2012-01-03,2012-01-03,2017-01-03,false,true,0.75000000,0.25000000,0.80000000,,0.00037307,0.00141779,0.00035479,0.00138331,69023.15521500,40000.00000000,29023.15521500,0.72557888,0.21855660,0.17834042,0.85504327,0.27660138,1.20660770,0.79785253,-0.27393108,,2013,0.69220472,2015,-0.07983631,0.36241414,0.19861669,,,0.63721279,0.21540336
VT TQQQ/BTAL t25 w0-80 QQQ:VOL_EWMA75 gate QQQ<SMA200,sens,sens_2012-01-03,2012-01-03,2017-01-03,false,true,0.75000000,0.25000000,0.80000000,QQQ<SMA200,0.00895166,0.21801829,0.00893627,0.21801829,63186.32870600,40000.00000000,23186.32870600,0.57965822,0.19428474,0.14899067,0.78699455,0.27396116,1.10702404,0.67411230,-0.28820828,,2013,0.69219600,2015,-0.12205585,0.37110892,0.19861669,,,0.62856956,0.19337469
VT TQQQ/BTAL t30 w0-60 QQQ:VOL_EWMA75,sens,sens_2012-01-03,2012-01-03,2017-01-03,false,true,0.75000000,0.30000000,0.60000000,,0.00036561,0.00133153,0.00035000,0.00130974,77616.07199400,40000.00000000,37616.07199400,0.94040180,0.24622166,0.21767970,1.05789580,0.23464924,1.50911064,1.20491707,-0.20434739,392,2013,0.60389308,2017,0.01046530,0.43041167,0.39869026,,,0.56922271,0.25850784
VT TQQQ/BTAL t30 w0-60 QQQ:VOL_EWMA75 gate QQQ<SMA200,sens,sens_2012-01-03,2012-01-03,2017-01-03,false,true,0.75000000,0.30000000,0.60000000,QQQ<SMA200,0.00816507,0.26020737,0.00814656,0.26020737,69943.57665350,40000.00000000,29943.57665350,0.74858942,0.21797222,0.18276037,0.96806740,0.23205354,1.37052393,0.98385070,-0.22155009,,2013,0.60392208,2016,-0.02486821,0.43821567,0.39869026,,,0.56140911,0.23349120
VT TQQQ/BTAL t30 w0-70 QQQ:VOL_EWMA75,sens,sens_2012-01-03,2012-01-03,2017-01-03,false,true,0.75000000,0.30000000,0.70000000,,0.00035976,0.00126014,0.00034166,0.00125004,79705.11567250,40000.00000000,39705.11567250,0.99262789,0.26205307,0.22664634,1.00088894,0.26947138,1.42386407,1.08505204,-0.24151198,,2013,0.75086820,2017,0.01389980,0.36063301,0.29874996,,,0.63900723,0.25850684
VT TQQQ/BTAL t30 w0-70 QQQ:VOL_EWMA75 gate QQQ<SMA200,sens,sens_2012-01-03,2012-01-03,2017-01-03,false,true,0.75000000,0.30000000,0.70000000,QQQ<SMA200,0.00874871,0.26016447,0.00873373,0.26016447,71774.56618000,40000.00000000,31774.56618000,0.79436415,0.23316720,0.19139794,0.92152482,0.26667584,1.30339489,0.86443833,-0.26973261,,2013,0.75081931,2015,-0.03511454,0.36909993,0.29874996,,,0.63057433,0.23355707
VT TQQQ/BTAL t30 w0-80 QQQ:VOL_EWMA75,sens,sens_2012-01-03,2012-01-03,2017-01-03,false,true,0.75000000,0.30000000,0.80000000,,0.00031431,0.00152316,0.00029901,0.00148851,78969.92563550,40000.00000000,38969.92563550,0.97424814,0.26506777,0.22351513,0.93584256,0.30016263,1.32562833,0.95117776,-0.27867322,,2013,0.84131027,2015,-0.03652846,0.30310128,0.19851149,,,0.69658441,0.25849891
VT TQQQ/BTAL t30 w0-80 QQQ:VOL_EWMA75 gate QQQ<SMA200,sens,sens_2012-01-03,2012-01-03,2017-01-03,false,true,0.75000000,0.30000000,0.80000000,QQQ<SMA200,0.01003619,0.26019983,0.01002159,0.26019983,71148.29481700,40000.00000000,31148.29481700,0.77870737,0.23588809,0.18846630,0.86457617,0.29661896,1.21910079,0.74297571,-0.31749099,,2013,0.84122903,2015,-0.08774873,0.31285106,0.19851149,,,0.68683529,0.23353449
VT TQQQ/BTAL t35 w0-60 QQQ:VOL_EWMA75,sens,sens_2012-01-03,2012-01-03,2017-01-03,false,true,0.75000000,0.35000000,0.60000000,,0.00037659,0.00216162,0.00036013,0.00215205,82312.67999350,40000.00000000,42312.67999350,1.05781700,0.26652200,0.23754664,1.11119991,0.23887718,1.59122251,1.28677500,-0.20712401,378,2013,0.61986361,2017,0.01046357,0.41820983,0.39843284,,,0.58141358,0.30158042
VT TQQQ/BTAL t35 w0-60 QQQ:VOL_EWMA75 gate QQQ<SMA200,sens,sens_2012-01-03,2012-01-03,2017-01-03,false,true,0.75000000,0.35000000,0.60000000,QQQ<SMA200,0.00795001,0.22582670,0.00793314,0.22582670,74189.72979250,40000.00000000,34189.72979250,0.85474324,0.23792696,0.20249056,1.02479418,0.23601723,1.45543238,1.03198849,-0.23055195,,2013,0.61985286,2016,-0.01282015,0.42580500,0.39843284,,,0.57381951,0.27393488
VT TQQQ/BTAL t35 w0-70 QQQ:VOL_EWMA75,sens,sens_2012-01-03,2012-01-03,2017-01-03,false,true,0.75000000,0.35000000,0.70000000,,0.00040387,0.00216162,0.00038833,0.00215205,87596.02992200,40000.00000000,47596.02992200,1.18990075,0.29197635,0.25871489,1.06022160,0.27903970,1.51383546,1.18506895,-0.24637921,,2013,0.76829142,2017,0.01390078,0.33549985,0.29834343,,,0.66409628,0.30158491
VT TQQQ/BTAL t35 w0-70 QQQ:VOL_EWMA75 gate QQQ<SMA200,sens,sens_2012-01-03,2012-01-03,2017-01-03,false,true,0.75000000,0.35000000,0.70000000,QQQ<SMA200,0.00914809,0.30207967,0.00913445,0.30207967,77784.19898050,40000.00000000,37784.19898050,0.94460497,0.25891691,0.21840933,0.97504148,0.27586557,1.38126354,0.91539723,-0.28284651,,2013,0.76823237,2016,-0.02689685,0.34432751,0.29834343,,,0.65530396,0.27408924
VT TQQQ/BTAL t35 w0-80 QQQ:VOL_EWMA75,sens,sens_2012-01-03,2012-01-03,2017-01-03,false,true,0.75000000,0.35000000,0.80000000,,0.00036325,0.00216162,0.00034872,0.00215205,89891.53299600,40000.00000000,49891.53299600,1.24728832,0.30731608,0.26755826,1.00925755,0.31573380,1.43708087,1.08479924,-0.28329305,,2013,0.92743806,2017,0.01733586,0.26494627,0.19825402,,,0.73469047,0.30159708
VT TQQQ/BTAL t35 w0-80 QQQ:VOL_EWMA75 gate QQQ<SMA200,sens,sens_2012-01-03,2012-01-03,2017-01-03,false,true,0.75000000,0.35000000,0.80000000,QQQ<SMA200,0.00954412,0.30202707,0.00953066,0.30202707,79793.94800000,40000.00000000,39793.94800000,0.99484870,0.27373223,0.22702292,0.93286441,0.31255080,1.32012382,0.83341419,-0.32844681,,2013,0.92735647,2015,-0.03842804,0.27411490,0.19825402,,,0.72550250,0.27411466
VT TQQQ/BTAL t25 w0-60 QQQ:VOL_EWMA80,sens,sens_2012-01-03,2012-01-03,2017-01-03,false,true,0.80000000,0.25000000,0.60000000,,0.00038432,0.00162878,0.00036658,0.00161863,70340.35966800,40000.00000000,30340.35966800,0.75850899,0.21502071,0.18464946,0.98230666,0.22443106,1.39401757,1.07314604,-0.20036482,430,2013,0.58236612,2017,0.01046476,0.45713608,0.39841004,,,0.54247961,0.21316245
VT TQQQ/BTAL t25 w0-60 QQQ:VOL_EWMA80 gate QQQ<SMA200,sens,sens_2012-01-03,2012-01-03,2017-01-03,false,true,0.80000000,0.25000000,0.60000000,QQQ<SMA200,0.00728981,0.18423635,0.00727408,0.18423635,64441.75551050,40000.00000000,24441.75551050,0.61104389,0.19140396,0.15550690,0.90059811,0.22244898,1.27242735,0.91489932,-0.20920768,,2013,0.58230114,2015,-0.03222895,0.46418106,0.39841004,,,0.53549926,0.19134658
VT TQQQ/BTAL t25 w0-70 QQQ:VOL_EWMA80,sens,sens_2012-01-03,2012-01-03,2017-01-03,false,true,0.80000000,0.25000000,0.70000000,,0.00034803,0.00143919,0.00033051,0.00142827,69292.92841650,40000.00000000,29292.92841650,0.73232321,0.21491078,0.17964143,0.90436425,0.25057338,1.27744918,0.90408739,-0.23771019,,2013,0.62895056,2015,-0.02795751,0.40730821,0.29891140,,,0.59234377,0.21316424
VT TQQQ/BTAL t25 w0-70 QQQ:VOL_EWMA80 gate QQQ<SMA200,sens,sens_2012-01-03,2012-01-03,2017-01-03,false,true,0.80000000,0.25000000,0.70000000,QQQ<SMA200,0.00765966,0.18433102,0.00764354,0.18433102,63605.62942950,40000.00000000,23605.62942950,0.59014074,0.19159720,0.15118014,0.83169231,0.24848087,1.17089290,0.76419134,-0.25071888,,2013,0.62900182,2015,-0.07763496,0.41459166,0.29891140,,,0.58503356,0.19132301
VT TQQQ/BTAL t25 w0-80 QQQ:VOL_EWMA80,sens,sens_2012-01-03,2012-01-03,2017-01-03,false,true,0.80000000,0.25000000,0.80000000,,0.00034329,0.00144057,0.00032640,0.00141242,69669.27331850,40000.00000000,29669.27331850,0.74173183,0.21978531,0.18144871,0.86836860,0.27208091,1.22589606,0.83741270,-0.26245758,,2013,0.67273967,2015,-0.06221192,0.36808392,0.19858758,,,0.63157280,0.21314182
VT TQQQ/BTAL t25 w0-80 QQQ:VOL_EWMA80 gate QQQ<SMA200,sens,sens_2012-01-03,2012-01-03,2017-01-03,false,true,0.80000000,0.25000000,0.80000000,QQQ<SMA200,0.00760321,0.18435945,0.00758883,0.18435945,63955.17824450,40000.00000000,23955.17824450,0.59887946,0.19636472,0.15299528,0.80066069,0.27015872,1.12713864,0.71909793,-0.27307090,,2013,0.67272213,2015,-0.11016022,0.37541052,0.19858758,,,0.62426706,0.19128552
VT TQQQ/BTAL t30 w0-60 QQQ:VOL_EWMA80,sens,sens_2012-01-03,2012-01-03,2017-01-03,false,true,0.80000000,0.30000000,0.60000000,,0.00040293,0.00177808,0.00038884,0.00176905,78170.71181500,40000.00000000,38170.71181500,0.95426780,0.24898216,0.22008133,1.06762570,0.23457311,1.52323049,1.20977228,-0.20580911,392,2013,0.60909734,2017,0.01046546,0.42973285,0.39864638,,,0.56986422,0.25577735
VT TQQQ/BTAL t30 w0-60 QQQ:VOL_EWMA80 gate QQQ<SMA200,sens,sens_2012-01-03,2012-01-03,2017-01-03,false,true,0.80000000,0.30000000,0.60000000,QQQ<SMA200,0.00779008,0.21980708,0.00777663,0.21980708,70581.61060250,40000.00000000,30581.61060250,0.76454027,0.22114252,0.18579333,0.97878137,0.23221309,1.38712963,0.99675055,-0.22186345,,2013,0.60916523,2016,-0.02122742,0.43717120,0.39864638,,,0.56244232,0.23099820
VT TQQQ/BTAL t30 w0-70 QQQ:VOL_EWMA80,sens,sens_2012-01-03,2012-01-03,2017-01-03,false,true,0.80000000,0.30000000,0.70000000,,0.00037525,0.00177808,0.00035998,0.00176905,80123.05673850,40000.00000000,40123.05673850,1.00307642,0.26353999,0.22841481,1.00774565,0.26857122,1.43314899,1.08497356,-0.24289992,,2013,0.75556775,2017,0.01390062,0.36047250,0.29864532,,,0.63915225,0.25580204
VT TQQQ/BTAL t30 w0-70 QQQ:VOL_EWMA80 gate QQQ<SMA200,sens,sens_2012-01-03,2012-01-03,2017-01-03,false,true,0.80000000,0.30000000,0.70000000,QQQ<SMA200,0.00804463,0.21977564,0.00802912,0.21977564,72323.51244300,40000.00000000,32323.51244300,0.80808781,0.23528309,0.19394859,0.92920352,0.26617987,1.31465972,0.86947495,-0.27060364,,2013,0.75562869,2015,-0.03343750,0.36820312,0.29864532,,,0.63144356,0.23104636
VT TQQQ/BTAL t30 w0-80 QQQ:VOL_EWMA80,sens,sens_2012-01-03,2012-01-03,2017-01-03,false,true,0.80000000,0.30000000,0.80000000,,0.00037752,0.00177808,0.00036004,0.00176905,78575.99535200,40000.00000000,38575.99535200,0.96439988,0.26240802,0.22182655,0.93332495,0.29802571,1.32091596,0.93713956,-0.28000954,,2013,0.81647271,2015,-0.02569119,0.30614735,0.19844196,,,0.69347513,0.25577701
VT TQQQ/BTAL t30 w0-80 QQQ:VOL_EWMA80 gate QQQ<SMA200,sens,sens_2012-01-03,2012-01-03,2017-01-03,false,true,0.80000000,0.30000000,0.80000000,QQQ<SMA200,0.00901212,0.21985833,0.00899547,0.21985833,70967.81643300,40000.00000000,30967.81643300,0.77419541,0.23402448,0.18761712,0.86226682,0.29515360,1.21532618,0.74096236,-0.31583855,,2013,0.81644510,2015,-0.08346638,0.31476182,0.19844196,,,0.68484547,0.23098923
VT TQQQ/BTAL t35 w0-60 QQQ:VOL_EWMA80,sens,sens_2012-01-03,2012-01-03,2017-01-03,false,true,0.80000000,0.35000000,0.60000000,,0.00040502,0.00166045,0.00038983,0.00164873,83125.36180650,40000.00000000,43125.36180650,1.07813405,0.26960896,0.24088052,1.11997506,0.23926756,1.60540867,1.30158283,-0.20713930,106,2013,0.62531311,2017,0.01046435,0.41698406,0.39835127,,,0.58261092,0.29844025
VT TQQQ/BTAL t35 w0-60 QQQ:VOL_EWMA80 gate QQQ<SMA200,sens,sens_2012-01-03,2012-01-03,2017-01-03,false,true,0.80000000,0.35000000,0.60000000,QQQ<SMA200,0.00842876,0.22456339,0.00841406,0.22456339,74379.32404600,40000.00000000,34379.32404600,0.85948310,0.23882240,0.20334745,1.02719971,0.23621535,1.45944534,1.03189337,-0.23144097,,2013,0.62285334,2016,-0.01075932,0.42511538,0.39835127,,,0.57451481,0.27095630
VT TQQQ/BTAL t35 w0-70 QQQ:VOL_EWMA80,sens,sens_2012-01-03,2012-01-03,2017-01-03,false,true,0.80000000,0.35000000,0.70000000,,0.00030846,0.00174452,0.00029286,0.00171765,88352.77499650,40000.00000000,48352.77499650,1.20881937,0.29529615,0.26165284,1.06975927,0.27893002,1.52788178,1.19088184,-0.24796428,,2013,0.77479458,2017,0.01389996,0.33484933,0.29828235,,,0.66484221,0.29841796
VT TQQQ/BTAL t35 w0-70 QQQ:VOL_EWMA80 gate QQQ<SMA200,sens,sens_2012-01-03,2012-01-03,2017-01-03,false,true,0.80000000,0.35000000,0.70000000,QQQ<SMA200,0.00865050,0.25496326,0.00863827,0.25496326,78640.04121200,40000.00000000,38640.04121200,0.96600103,0.26275380,0.22210160,0.98563190,0.27604544,1.39781096,0.92824285,-0.28306579,,2013,0.77488320,2016,-0.02256600,0.34318010,0.29828235,,,0.65650290,0.27109996
VT TQQQ/BTAL t35 w0-80 QQQ:VOL_EWMA80,sens,sens_2012-01-03,2012-01-03,2017-01-03,false,true,0.80000000,0.35000000,0.80000000,,0.00033874,0.00178900,0.00032501,0.00178657,90645.70056900,40000.00000000,50645.70056900,1.26614251,0.30981604,0.27041975,1.01736491,0.31482012,1.44856691,1.08778978,-0.28481242,,2013,0.93452003,2017,0.01733725,0.26441336,0.19821343,,,0.73524790,0.29843048
VT TQQQ/BTAL t35 w0-80 QQQ:VOL_EWMA80 gate QQQ<SMA200,sens,sens_2012-01-03,2012-01-03,2017-01-03,false,true,0.80000000,0.35000000,0.80000000,QQQ<SMA200,0.00867455,0.25489176,0.00866019,0.25489176,80691.72004100,40000.00000000,40691.72004100,1.01729300,0.27698536,0.23080777,0.94185817,0.31214737,1.33363477,0.84109969,-0.32931336,,2013,0.93456574,2015,-0.03653378,0.27272157,0.19821343,,,0.72692248,0.27117375
VT TQQQ/BTAL t25 w0-60 QQQ:VOL_EWMA85,sens,sens_2012-01-03,2012-01-03,2017-01-03,false,true,0.85000000,0.25000000,0.60000000,,0.00035673,0.00199152,0.00033944,0.00195453,70373.18199850,40000.00000000,30373.18199850,0.75932955,0.21407929,0.18480530,0.98028527,0.22400442,1.38990083,1.05949504,-0.20205785,462,2013,0.57212420,2017,0.01046344,0.45740682,0.39804547,,,0.54223645,0.21751434
VT TQQQ/BTAL t25 w0-60 QQQ:VOL_EWMA85 gate QQQ<SMA200,sens,sens_2012-01-03,2012-01-03,2017-01-03,false,true,0.85000000,0.25000000,0.60000000,QQQ<SMA200,0.00648927,0.14753250,0.00647302,0.14753250,64884.14321550,40000.00000000,24884.14321550,0.62210358,0.19218755,0.15777538,0.90379517,0.22237308,1.27668430,0.92274850,-0.20827728,,2013,0.57210999,2015,-0.02482326,0.46347240,0.39804547,,,0.53612339,0.19538185
VT TQQQ/BTAL t25 w0-70 QQQ:VOL_EWMA85,sens,sens_2012-01-03,2012-01-03,2017-01-03,false,true,0.85000000,0.25000000,0.70000000,,0.00036951,0.00199152,0.00034996,0.00195448,69785.15068300,40000.00000000,29785.15068300,0.74462877,0.21561115,0.18200338,0.91200674,0.24855158,1.28791484,0.90544504,-0.23812727,,2013,0.62053675,2015,-0.01768476,0.41014081,0.29922454,,,0.58948967,0.21753212
VT TQQQ/BTAL t25 w0-70 QQQ:VOL_EWMA85 gate QQQ<SMA200,sens,sens_2012-01-03,2012-01-03,2017-01-03,false,true,0.85000000,0.25000000,0.70000000,QQQ<SMA200,0.00623453,0.14759241,0.00621874,0.14759241,64499.69297150,40000.00000000,24499.69297150,0.61249232,0.19423246,0.15580480,0.84384131,0.24712762,1.18835827,0.79902818,-0.24308586,,2013,0.62049285,2015,-0.06919426,0.41606766,0.29934078,,,0.58358984,0.19535755
VT TQQQ/BTAL t25 w0-80 QQQ:VOL_EWMA85,sens,sens_2012-01-03,2012-01-03,2017-01-03,false,true,0.85000000,0.25000000,0.80000000,,0.00036740,0.00199152,0.00034997,0.00195448,71621.74569700,40000.00000000,31621.74569700,0.79054364,0.22608305,0.19068472,0.90121257,0.26608763,1.27533916,0.94945166,-0.23811960,,2013,0.66397905,2015,-0.02882888,0.37410950,0.19888355,,,0.62552310,0.21751277
VT TQQQ/BTAL t25 w0-80 QQQ:VOL_EWMA85 gate QQQ<SMA200,sens,sens_2012-01-03,2012-01-03,2017-01-03,false,true,0.85000000,0.25000000,0.80000000,QQQ<SMA200,0.00626122,0.14758857,0.00624205,0.14758857,66198.74518450,40000.00000000,26198.74518450,0.65496863,0.20455262,0.16443386,0.83729531,0.26476276,1.18206228,0.83212772,-0.24581877,,2013,0.66408794,2015,-0.07972594,0.37998710,0.19888355,,,0.61962395,0.19533791
VT TQQQ/BTAL t30 w0-60 QQQ:VOL_EWMA85,sens,sens_2012-01-03,2012-01-03,2017-01-03,false,true,0.85000000,0.30000000,0.60000000,,0.00034521,0.00129683,0.00032768,0.00128091,78517.35185900,40000.00000000,38517.35185900,0.96293380,0.25034896,0.22157453,1.07213341,0.23462013,1.52995761,1.20864929,-0.20713118,392,2013,0.61527736,2017,0.01046565,0.42909281,0.39880150,,,0.57056198,0.26102249
VT TQQQ/BTAL t30 w0-60 QQQ:VOL_EWMA85 gate QQQ<SMA200,sens,sens_2012-01-03,2012-01-03,2017-01-03,false,true,0.85000000,0.30000000,0.60000000,QQQ<SMA200,0.00711733,0.17574346,0.00710215,0.17574346,71410.85845200,40000.00000000,31410.85845200,0.78527146,0.22439017,0.18969823,0.98925649,0.23251568,1.40364163,1.02251605,-0.21944904,,2013,0.61532048,2016,-0.01350103,0.43583573,0.39880150,,,0.56379114,0.23588351
VT TQQQ/BTAL t30 w0-70 QQQ:VOL_EWMA85,sens,sens_2012-01-03,2012-01-03,2017-01-03,false,true,0.85000000,0.30000000,0.70000000,,0.00033133,0.00142379,0.00031614,0.00140526,80025.17868300,40000.00000000,40025.17868300,1.00062947,0.26199061,0.22800140,1.00454681,0.26806893,1.42759502,1.07022027,-0.24480064,,2013,0.74263176,2017,0.01390157,0.36062281,0.29859474,,,0.63904586,0.26103372
VT TQQQ/BTAL t30 w0-70 QQQ:VOL_EWMA85 gate QQQ<SMA200,sens,sens_2012-01-03,2012-01-03,2017-01-03,false,true,0.85000000,0.30000000,0.70000000,QQQ<SMA200,0.00701107,0.17570611,0.00699637,0.17570611,72785.64421850,40000.00000000,32785.64421850,0.81964111,0.23582828,0.19608228,0.93104617,0.26610777,1.31730440,0.87519453,-0.26945812,,2013,0.74254810,2015,-0.02665768,0.36736919,0.29859474,,,0.63231661,0.23592052
VT TQQQ/BTAL t30 w0-80 QQQ:VOL_EWMA85,sens,sens_2012-01-03,2012-01-03,2017-01-03,false,true,0.85000000,0.30000000,0.80000000,,0.00029580,0.00116727,0.00027869,0.00114401,79064.01774200,40000.00000000,39064.01774200,0.97660044,0.26267166,0.22391734,0.93866064,0.29586850,1.32812582,0.93212490,-0.28179879,,2013,0.80542153,2015,-0.01449149,0.30885419,0.19885599,,,0.69085001,0.26104269
VT TQQQ/BTAL t30 w0-80 QQQ:VOL_EWMA85 gate QQQ<SMA200,sens,sens_2012-01-03,2012-01-03,2017-01-03,false,true,0.85000000,0.30000000,0.80000000,QQQ<SMA200,0.00727774,0.17577171,0.00726328,0.17577171,71987.18914350,40000.00000000,31987.18914350,0.79967973,0.23663045,0.19238798,0.87193359,0.29386808,1.22934236,0.76819628,-0.30803384,,2013,0.80542526,2015,-0.07439727,0.31577353,0.19885599,,,0.68388703,0.23588724
VT TQQQ/BTAL t35 w0-60 QQQ:VOL_EWMA85,sens,sens_2012-01-03,2012-01-03,2017-01-03,false,true,0.85000000,0.35000000,0.60000000,,0.00029600,0.00102069,0.00027962,0.00101330,83415.57314200,40000.00000000,43415.57314200,1.08538933,0.27022099,0.24206398,1.12145436,0.23941520,1.60733273,1.30455419,-0.20713666,105,2013,0.62515746,2017,0.01046392,0.41644264,0.39898670,,,0.58326136,0.30452811
VT TQQQ/BTAL t35 w0-60 QQQ:VOL_EWMA85 gate QQQ<SMA200,sens,sens_2012-01-03,2012-01-03,2017-01-03,false,true,0.85000000,0.35000000,0.60000000,QQQ<SMA200,0.00810043,0.20366340,0.00808294,0.20366340,74817.71448250,40000.00000000,34817.71448250,0.87044286,0.24004608,0.20532124,1.03056690,0.23646043,1.46455898,1.03971986,-0.23087573,,2013,0.62273058,2016,-0.00524728,0.42428544,0.39903755,,,0.57542071,0.27669157
VT TQQQ/BTAL t35 w0-70 QQQ:VOL_EWMA85,sens,sens_2012-01-03,2012-01-03,2017-01-03,false,true,0.85000000,0.35000000,0.70000000,,0.00034017,0.00164317,0.00032365,0.00163785,88847.15313900,40000.00000000,48847.15313900,1.22117883,0.29706967,0.26356009,1.07449218,0.27899482,1.53513758,1.19118424,-0.24939019,,2013,0.78271048,2017,0.01390037,0.33400042,0.29836215,,,0.66565941,0.30454250
VT TQQQ/BTAL t35 w0-70 QQQ:VOL_EWMA85 gate QQQ<SMA200,sens,sens_2012-01-03,2012-01-03,2017-01-03,false,true,0.85000000,0.35000000,0.70000000,QQQ<SMA200,0.00789374,0.20348125,0.00787940,0.20348125,79736.68703600,40000.00000000,39736.68703600,0.99341718,0.26671617,0.22678023,0.99600465,0.27642759,1.41434381,0.95119226,-0.28040196,,2013,0.78271457,2016,-0.01355686,0.34158880,0.29836215,,,0.65807942,0.27686938
VT TQQQ/BTAL t35 w0-80 QQQ:VOL_EWMA85,sens,sens_2012-01-03,2012-01-03,2017-01-03,false,true,0.85000000,0.35000000,0.80000000,,0.00035599,0.00146420,0.00034152,0.00143689,90917.68602550,40000.00000000,50917.68602550,1.27294215,0.30991934,0.27144653,1.01947176,0.31399246,1.45134659,1.08044198,-0.28684496,,2013,0.92819648,2017,0.01733609,0.26443170,0.19866318,,,0.73521231,0.30453987
VT TQQQ/BTAL t35 w0-80 QQQ:VOL_EWMA85 gate QQQ<SMA200,sens,sens_2012-01-03,2012-01-03,2017-01-03,false,true,0.85000000,0.35000000,0.80000000,QQQ<SMA200,0.00776236,0.20345997,0.00774860,0.20345997,81621.71363450,40000.00000000,41621.71363450,1.04054284,0.27940794,0.23468876,0.94891925,0.31166792,1.34440547,0.85197991,-0.32795132,,2013,0.92818525,2015,-0.02890956,0.27191485,0.19866318,,,0.72775798,0.27693082
50/50,sens,sens_2012-01-03,2012-01-03,2017-01-03,true,true,,,,,0.00038827,0.00210183,0.00037319,0.00208979,76433.45009300,40000.00000000,36433.45009300,0.91083625,0.23283955,0.21250674,1.13163618,0.20378988,1.62392366,1.36170402,-0.17099131,213,2013,0.46872574,2017,0.00702862,0.49962708,0.49791021,,,0.49998464,0.49995917
TQQQ60/BTAL40,sens,sens_2012-01-03,2012-01-03,2017-01-03,true,true,,,,,0.00035831,0.00167879,0.00034159,0.00167183,88121.86245050,40000.00000000,48121.86245050,1.20304656,0.28598019,0.26075874,1.13629467,0.24929646,1.63506960,1.26523475,-0.22602935,225,2013,0.62526229,2017,0.01046503,0.39965862,0.39832817,,,0.59998307,0.59996380
TQQQ50/BTAL50 gate QQQ<SMA200,sens,sens_2012-01-03,2012-01-03,2017-01-03,true,true,,,,,0.00837229,0.10329714,0.00835900,0.10329714,72152.47735350,40000.00000000,32152.47735350,0.80381193,0.21721238,0.19315577,1.08921476,0.19912214,1.55371198,1.32297169,-0.16418520,141,2013,0.46707755,2017,0.00702887,0.50765438,0.49791021,,,0.49196150,0.39670286
SPY benchmark,sens,sens_2012-01-03,2012-01-03,2017-01-03,true,true,,,,,0.00355884,0.01047350,0.00355884,0.01047350,55558.31092000,40000.00000000,15558.31092000,0.38895777,0.12012321,0.10662693,0.95153847,0.12810885,1.36278227,0.83875862,-0.14321547,418,2013,0.29546207,2015,-0.00798163,,,0.99644116,0.98952650,,
VT TQQQ/BTAL t25 w0-60 QQQ:VOL_EWMA70,sens,sens_2012-07-03,2012-07-03,2017-07-03,false,true,0.70000000,0.25000000,0.60000000,,0.00044470,0.00165967,0.00042156,0.00163228,77700.92189600,40000.00000000,37700.92189600,0.94252305,0.22079079,0.21830450,1.01780183,0.22047184,1.43104568,1.11407859,-0.19818242,430,2013,0.58349238,2012,-0.02808601,0.45211232,0.39864049,,,0.54744298,0.22216386
VT TQQQ/BTAL t25 w0-60 QQQ:VOL_EWMA70 gate QQQ<SMA200,sens,sens_2012-07-03,2012-07-03,2017-07-03,false,true,0.70000000,0.25000000,0.60000000,QQQ<SMA200,0.00857263,0.25034955,0.00855475,0.25034955,71412.17716850,40000.00000000,31412.17716850,0.78530443,0.19633854,0.18992947,0.93458252,0.21775809,1.30597149,0.95185945,-0.20626842,576,2013,0.58343941,2015,-0.03225969,0.46029946,0.39845245,,,0.53927318,0.19923505
VT TQQQ/BTAL t25 w0-70 QQQ:VOL_EWMA70,sens,sens_2012-07-03,2012-07-03,2017-07-03,false,true,0.70000000,0.25000000,0.70000000,,0.00037042,0.00149233,0.00034793,0.00145309,79201.62946450,40000.00000000,39201.62946450,0.98004074,0.22838205,0.22476827,0.94917416,0.25045600,1.32717485,0.96922527,-0.23563361,543,2013,0.67366445,2015,-0.04384341,0.39214969,0.29854691,,,0.60747989,0.22217543
VT TQQQ/BTAL t25 w0-70 QQQ:VOL_EWMA70 gate QQQ<SMA200,sens,sens_2012-07-03,2012-07-03,2017-07-03,false,true,0.70000000,0.25000000,0.70000000,QQQ<SMA200,0.00978614,0.25041923,0.00976285,0.25041923,72880.54886850,40000.00000000,32880.54886850,0.82201372,0.20365117,0.19675157,0.87627340,0.24704857,1.21950453,0.78618881,-0.25903595,576,2013,0.67374896,2015,-0.08142186,0.40159572,0.29878795,,,0.59804105,0.19916544
VT TQQQ/BTAL t25 w0-80 QQQ:VOL_EWMA70,sens,sens_2012-07-03,2012-07-03,2017-07-03,false,true,0.70000000,0.25000000,0.80000000,,0.00041014,0.00183967,0.00038518,0.00180217,80165.45978150,40000.00000000,40165.45978150,1.00413649,0.23105925,0.22886173,0.89465744,0.27561232,1.24662443,0.84429155,-0.27367235,694,2013,0.71972585,2015,-0.08632461,0.34628008,0.19854103,,,0.65330978,0.22213327
VT TQQQ/BTAL t25 w0-80 QQQ:VOL_EWMA70 gate QQQ<SMA200,sens,sens_2012-07-03,2012-07-03,2017-07-03,false,true,0.70000000,0.25000000,0.80000000,QQQ<SMA200,0.01054545,0.26732491,0.01052198,0.26732491,73750.34789400,40000.00000000,33750.34789400,0.84375870,0.20594804,0.20073414,0.82687805,0.27201721,1.14757993,0.69135518,-0.29789036,716,2013,0.71983166,2015,-0.12224401,0.35634922,0.19854103,,,0.64318768,0.19912479
VT TQQQ/BTAL t30 w0-60 QQQ:VOL_EWMA70,sens,sens_2012-07-03,2012-07-03,2017-07-03,false,true,0.70000000,0.30000000,0.60000000,,0.00034590,0.00156663,0.00032591,0.00156590,84482.14569850,40000.00000000,44482.14569850,1.11205364,0.24964463,0.24666931,1.09316621,0.22832250,1.54373425,1.22821960,-0.20325733,392,2013,0.59932881,2012,-0.02237028,0.42832883,0.39843410,,,0.57132527,0.26659997
VT TQQQ/BTAL t30 w0-60 QQQ:VOL_EWMA70 gate QQQ<SMA200,sens,sens_2012-07-03,2012-07-03,2017-07-03,false,true,0.70000000,0.30000000,0.60000000,QQQ<SMA200,0.00834443,0.28213750,0.00832346,0.28213750,76802.66284400,40000.00000000,36802.66284400,0.92006657,0.22208123,0.21438152,1.00496638,0.22546306,1.40716382,1.01075333,-0.21971853,576,2013,0.59948478,2016,-0.02560997,0.43626924,0.39858803,,,0.56334878,0.24057017
VT TQQQ/BTAL t30 w0-70 QQQ:VOL_EWMA70,sens,sens_2012-07-03,2012-07-03,2017-07-03,false,true,0.70000000,0.30000000,0.70000000,,0.00035440,0.00155639,0.00033601,0.00153588,88562.64690500,40000.00000000,48562.64690500,1.21406617,0.26761084,0.26276850,1.03763539,0.26246529,1.46091314,1.11282848,-0.24047806,536,2013,0.74592418,2012,-0.02235918,0.35660149,0.29865322,,,0.64304411,0.26659803
VT TQQQ/BTAL t30 w0-70 QQQ:VOL_EWMA70 gate QQQ<SMA200,sens,sens_2012-07-03,2012-07-03,2017-07-03,false,true,0.70000000,0.30000000,0.70000000,QQQ<SMA200,0.00952562,0.29917492,0.00950859,0.29917492,80198.67137400,40000.00000000,40198.67137400,1.00496678,0.23836160,0.22900200,0.95738102,0.25910036,1.33853897,0.89009376,-0.26779381,576,2013,0.74607025,2015,-0.03395122,0.36574403,0.29854744,,,0.63387104,0.24056972
VT TQQQ/BTAL t30 w0-80 QQQ:VOL_EWMA70,sens,sens_2012-07-03,2012-07-03,2017-07-03,false,true,0.70000000,0.30000000,0.80000000,,0.00035375,0.00155639,0.00033436,0.00153588,91123.51482000,40000.00000000,51123.51482000,1.27808787,0.27939342,0.27253715,0.98526707,0.29516902,1.38177399,1.00609576,-0.27770063,543,2013,0.87217783,2015,-0.04461486,0.29202380,0.19911076,,,0.70762246,0.26658833
VT TQQQ/BTAL t30 w0-80 QQQ:VOL_EWMA70 gate QQQ<SMA200,sens,sens_2012-07-03,2012-07-03,2017-07-03,false,true,0.70000000,0.30000000,0.80000000,QQQ<SMA200,0.01079736,0.29921312,0.01077918,0.29921312,82591.15632900,40000.00000000,42591.15632900,1.06477891,0.24968388,0.23897135,0.91391301,0.29114022,1.27472140,0.79160752,-0.31541372,576,2013,0.87217637,2015,-0.08808965,0.30247016,0.19862655,,,0.69716905,0.24056084
VT TQQQ/BTAL t35 w0-60 QQQ:VOL_EWMA70,sens,sens_2012-07-03,2012-07-03,2017-07-03,false,true,0.70000000,0.35000000,0.60000000,,0.00033378,0.00182594,0.00031265,0.00178256,88390.66567100,40000.00000000,48390.66567100,1.20976664,0.26539295,0.26210348,1.13257614,0.23227438,1.60442886,1.28123899,-0.20713774,382,2013,0.61464882,2012,-0.01868860,0.41674297,0.39821744,,,0.58292325,0.31101659
VT TQQQ/BTAL t35 w0-60 QQQ:VOL_EWMA70 gate QQQ<SMA200,sens,sens_2012-07-03,2012-07-03,2017-07-03,false,true,0.70000000,0.35000000,0.60000000,QQQ<SMA200,0.00772664,0.22777333,0.00770622,0.22777333,80738.49584300,40000.00000000,40738.49584300,1.01846240,0.23890795,0.23127453,1.05153913,0.22936735,1.47718932,1.04498651,-0.22862299,571,2013,0.61458561,2012,-0.02071918,0.42406700,0.39821744,,,0.57554878,0.28225265
VT TQQQ/BTAL t35 w0-70 QQQ:VOL_EWMA70,sens,sens_2012-07-03,2012-07-03,2017-07-03,false,true,0.70000000,0.35000000,0.70000000,,0.00035706,0.00175978,0.00033754,0.00173657,96144.75325150,40000.00000000,56144.75325150,1.40361883,0.29642469,0.29100216,1.09682152,0.27092285,1.55047856,1.20886716,-0.24520866,536,2013,0.76249275,2012,-0.01585041,0.33309188,0.29826343,,,0.66655107,0.31102854
VT TQQQ/BTAL t35 w0-70 QQQ:VOL_EWMA70 gate QQQ<SMA200,sens,sens_2012-07-03,2012-07-03,2017-07-03,false,true,0.70000000,0.35000000,0.70000000,QQQ<SMA200,0.00932614,0.32770366,0.00930906,0.32770366,86203.83210100,40000.00000000,46203.83210100,1.15509580,0.26417006,0.25354501,1.01318994,0.26742761,1.41969385,0.94023292,-0.28096237,576,2013,0.76253928,2016,-0.02774567,0.34208365,0.29826343,,,0.65755697,0.28238658
VT TQQQ/BTAL t35 w0-80 QQQ:VOL_EWMA70,sens,sens_2012-07-03,2012-07-03,2017-07-03,false,true,0.70000000,0.35000000,0.80000000,,0.00030914,0.00181770,0.00029103,0.00178077,100594.08010100,40000.00000000,60594.08010100,1.51485200,0.31371063,0.30666253,1.04680072,0.30642891,1.47522072,1.11173927,-0.28218004,539,2013,0.92121027,2012,-0.01720647,0.26121903,0.19821923,,,0.73847183,0.31104754
VT TQQQ/BTAL t35 w0-80 QQQ:VOL_EWMA70 gate QQQ<SMA200,sens,sens_2012-07-03,2012-07-03,2017-07-03,false,true,0.70000000,0.35000000,0.80000000,QQQ<SMA200,0.01042280,0.34757185,0.01040381,0.34757185,89824.44383650,40000.00000000,49824.44383650,1.24561110,0.27968718,0.26761275,0.96939785,0.30253444,1.35605273,0.85626575,-0.32663595,576,2013,0.92121821,2015,-0.03744021,0.27123328,0.19821923,,,0.72840206,0.28241768
VT TQQQ/BTAL t25 w0-60 QQQ:VOL_EWMA75,sens,sens_2012-07-03,2012-07-03,2017-07-03,false,true,0.75000000,0.25000000,0.60000000,,0.00041962,0.00217378,0.00039574,0.00212500,77736.03049950,40000.00000000,37736.03049950,0.94340076,0.22084507,0.21845700,1.01929691,0.22011739,1.43170165,1.10920692,-0.19910178,430,2013,0.58617334,2012,-0.03197563,0.45218214,0.39851905,,,0.54739824,0.21539704
VT TQQQ/BTAL t25 w0-60 QQQ:VOL_EWMA75 gate QQQ<SMA200,sens,sens_2012-07-03,2012-07-03,2017-07-03,false,true,0.75000000,0.25000000,0.60000000,QQQ<SMA200,0.00813159,0.21844367,0.00811012,0.21844367,71461.81001000,40000.00000000,31461.81001000,0.78654525,0.19643353,0.19016214,0.93514558,0.21769887,1.30637603,0.94119177,-0.20870723,576,2013,0.58615752,2012,-0.03546470,0.45990883,0.39860382,,,0.53967299,0.19304227
VT TQQQ/BTAL t25 w0-70 QQQ:VOL_EWMA75,sens,sens_2012-07-03,2012-07-03,2017-07-03,false,true,0.75000000,0.25000000,0.70000000,,0.00042408,0.00217378,0.00040179,0.00212500,78484.77206100,40000.00000000,38484.77206100,0.96211930,0.22389863,0.22169455,0.93848398,0.24901914,1.31001575,0.94661085,-0.23652658,543,2013,0.64809554,2015,-0.03704423,0.39511360,0.29832708,,,0.60446232,0.21543445
VT TQQQ/BTAL t25 w0-70 QQQ:VOL_EWMA75 gate QQQ<SMA200,sens,sens_2012-07-03,2012-07-03,2017-07-03,false,true,0.75000000,0.25000000,0.70000000,QQQ<SMA200,0.00915825,0.21853611,0.00913560,0.21853611,72256.52944350,40000.00000000,32256.52944350,0.80641324,0.19935600,0.19386773,0.86433504,0.24601808,1.20148458,0.76968758,-0.25900898,576,2013,0.64802856,2015,-0.08139239,0.40392421,0.29832708,,,0.59567506,0.19296919
VT TQQQ/BTAL t25 w0-80 QQQ:VOL_EWMA75,sens,sens_2012-07-03,2012-07-03,2017-07-03,false,true,0.75000000,0.25000000,0.80000000,,0.00040565,0.00217378,0.00038135,0.00212500,80263.93181550,40000.00000000,40263.93181550,1.00659830,0.22894667,0.22927746,0.89547282,0.27247069,1.24649380,0.83574125,-0.27394445,553,2013,0.69228324,2015,-0.07985121,0.35146980,0.19880779,,,0.64812455,0.21539420
VT TQQQ/BTAL t25 w0-80 QQQ:VOL_EWMA75 gate QQQ<SMA200,sens,sens_2012-07-03,2012-07-03,2017-07-03,false,true,0.75000000,0.25000000,0.80000000,QQQ<SMA200,0.00916596,0.21866714,0.00914331,0.21866714,73918.59233200,40000.00000000,33918.59233200,0.84796481,0.20431696,0.20149957,0.82653309,0.26973289,1.14651797,0.70828638,-0.28846659,576,2013,0.69233449,2015,-0.12222426,0.36027739,0.19882481,,,0.63933704,0.19286643
VT TQQQ/BTAL t30 w0-60 QQQ:VOL_EWMA75,sens,sens_2012-07-03,2012-07-03,2017-07-03,false,true,0.75000000,0.30000000,0.60000000,,0.00034146,0.00151367,0.00032323,0.00147995,84916.44376700,40000.00000000,44916.44376700,1.12291109,0.25142658,0.24841546,1.09933116,0.22834846,1.55242102,1.23032921,-0.20435716,392,2013,0.60403178,2012,-0.02440041,0.42780966,0.39852005,,,0.57184888,0.25848638
VT TQQQ/BTAL t30 w0-60 QQQ:VOL_EWMA75 gate QQQ<SMA200,sens,sens_2012-07-03,2012-07-03,2017-07-03,false,true,0.75000000,0.30000000,0.60000000,QQQ<SMA200,0.00838015,0.26083729,0.00836068,0.26083729,76953.29350300,40000.00000000,36953.29350300,0.92383234,0.22283735,0.21504225,1.00726828,0.22559218,1.41087893,1.00397692,-0.22195465,576,2013,0.60390150,2012,-0.02642342,0.43568775,0.39852520,,,0.56387517,0.23302105
VT TQQQ/BTAL t30 w0-70 QQQ:VOL_EWMA75,sens,sens_2012-07-03,2012-07-03,2017-07-03,false,true,0.75000000,0.30000000,0.70000000,,0.00040736,0.00176695,0.00038629,0.00175245,88731.96373250,40000.00000000,48731.96373250,1.21829909,0.26813569,0.26342210,1.03947650,0.26238135,1.46252578,1.11028777,-0.24150107,536,2013,0.75073980,2012,-0.02703343,0.35600999,0.29865852,,,0.64358265,0.25851671
VT TQQQ/BTAL t30 w0-70 QQQ:VOL_EWMA75 gate QQQ<SMA200,sens,sens_2012-07-03,2012-07-03,2017-07-03,false,true,0.75000000,0.30000000,0.70000000,QQQ<SMA200,0.00897531,0.26085232,0.00895557,0.26085232,80364.32360000,40000.00000000,40364.32360000,1.00910809,0.23888530,0.22970081,0.95821028,0.25940021,1.33977400,0.88426519,-0.27015120,576,2013,0.75080870,2015,-0.03531016,0.36466502,0.29845486,,,0.63495434,0.23303694
VT TQQQ/BTAL t30 w0-80 QQQ:VOL_EWMA75,sens,sens_2012-07-03,2012-07-03,2017-07-03,false,true,0.75000000,0.30000000,0.80000000,,0.00032777,0.00194983,0.00030867,0.00190821,90018.62042550,40000.00000000,50018.62042550,1.25046551,0.27383319,0.26835283,0.97354129,0.29383791,1.36278193,0.98263211,-0.27867315,548,2013,0.84135341,2015,-0.03652439,0.29523488,0.19809179,,,0.70443735,0.25852084
VT TQQQ/BTAL t30 w0-80 QQQ:VOL_EWMA75 gate QQQ<SMA200,sens,sens_2012-07-03,2012-07-03,2017-07-03,false,true,0.75000000,0.30000000,0.80000000,QQQ<SMA200,0.01025801,0.26096497,0.01023938,0.26096497,81608.82995000,40000.00000000,41608.82995000,1.04022075,0.24422778,0.23490984,0.90099657,0.29011391,1.25495965,0.76826623,-0.31789472,577,2013,0.84132344,2015,-0.08792390,0.30518773,0.19929292,,,0.69448313,0.23298893
VT TQQQ/BTAL t35 w0-60 QQQ:VOL_EWMA75,sens,sens_2012-07-03,2012-07-03,2017-07-03,false,true,0.75000000,0.35000000,0.60000000,,0.00039085,0.00184190,0.00037161,0.00180909,89043.73997850,40000.00000000,49043.73997850,1.22609350,0.26796114,0.26462271,1.14068478,0.23243895,1.61717905,1.29370293,-0.20712725,378,2013,0.61982615,2012,-0.01861470,0.41619736,0.39819091,,,0.58341179,0.30160870
VT TQQQ/BTAL t35 w0-60 QQQ:VOL_EWMA75 gate QQQ<SMA200,sens,sens_2012-07-03,2012-07-03,2017-07-03,false,true,0.75000000,0.35000000,0.60000000,QQQ<SMA200,0.00813263,0.22655675,0.00811260,0.22655675,80699.64658550,40000.00000000,40699.64658550,1.01749116,0.23914341,0.23111144,1.05221576,0.22940947,1.47862342,1.03637347,-0.23075023,571,2013,0.61994072,2012,-0.02064530,0.42393333,0.39819091,,,0.57565069,0.27336357
VT TQQQ/BTAL t35 w0-70 QQQ:VOL_EWMA75,sens,sens_2012-07-03,2012-07-03,2017-07-03,false,true,0.75000000,0.35000000,0.70000000,,0.00038362,0.00162623,0.00036188,0.00158525,96740.63813750,40000.00000000,56740.63813750,1.41851595,0.29855700,0.29313628,1.10284662,0.27094380,1.55911842,1.21184746,-0.24636517,536,2013,0.76819416,2012,-0.01822602,0.33245827,0.29841475,,,0.66715810,0.30160046
VT TQQQ/BTAL t35 w0-70 QQQ:VOL_EWMA75 gate QQQ<SMA200,sens,sens_2012-07-03,2012-07-03,2017-07-03,false,true,0.75000000,0.35000000,0.70000000,QQQ<SMA200,0.00929823,0.30284394,0.00927823,0.30284394,86417.94448500,40000.00000000,46417.94448500,1.16044861,0.26510913,0.25439148,1.01559649,0.26756166,1.42363051,0.93602439,-0.28322887,576,2013,0.76828599,2016,-0.02719021,0.34150649,0.29894072,,,0.65816665,0.27353503
VT TQQQ/BTAL t35 w0-80 QQQ:VOL_EWMA75,sens,sens_2012-07-03,2012-07-03,2017-07-03,false,true,0.75000000,0.35000000,0.80000000,,0.00037262,0.00147141,0.00035235,0.00146829,100883.12832250,40000.00000000,60883.12832250,1.52207821,0.31450577,0.30765855,1.04845898,0.30656760,1.47684484,1.11012227,-0.28330732,539,2013,0.92734093,2012,-0.02272598,0.26014869,0.19853171,,,0.73947869,0.30160425
VT TQQQ/BTAL t35 w0-80 QQQ:VOL_EWMA75 gate QQQ<SMA200,sens,sens_2012-07-03,2012-07-03,2017-07-03,false,true,0.75000000,0.35000000,0.80000000,QQQ<SMA200,0.00975047,0.30284612,0.00973359,0.30284612,90099.78113150,40000.00000000,50099.78113150,1.25249453,0.28049622,0.26866175,0.97013842,0.30314898,1.35740998,0.85290189,-0.32887278,578,2013,0.92730012,2015,-0.03864865,0.26959233,0.19864098,,,0.73005853,0.27355838
VT TQQQ/BTAL t25 w0-60 QQQ:VOL_EWMA80,sens,sens_2012-07-03,2012-07-03,2017-07-03,false,true,0.80000000,0.25000000,0.60000000,,0.00039407,0.00179227,0.00037267,0.00178633,77714.41720050,40000.00000000,37714.41720050,0.94286043,0.22023681,0.21836312,1.01787649,0.21988482,1.42816950,1.09916730,-0.20036696,430,2013,0.58243780,2012,-0.03578979,0.45226662,0.39821367,,,0.54733931,0.21314467
VT TQQQ/BTAL t25 w0-60 QQQ:VOL_EWMA80 gate QQQ<SMA200,sens,sens_2012-07-03,2012-07-03,2017-07-03,false,true,0.80000000,0.25000000,0.60000000,QQQ<SMA200,0.00751761,0.18480076,0.00749524,0.18480076,71572.65364850,40000.00000000,31572.65364850,0.78931634,0.19632510,0.19068121,0.93444696,0.21778504,1.30488801,0.93666157,-0.20960089,576,2013,0.58231254,2012,-0.03881444,0.45937754,0.39821367,,,0.54020026,0.19092729
VT TQQQ/BTAL t25 w0-70 QQQ:VOL_EWMA80,sens,sens_2012-07-03,2012-07-03,2017-07-03,false,true,0.80000000,0.25000000,0.70000000,,0.00041393,0.00180973,0.00039175,0.00179431,78619.06115350,40000.00000000,38619.06115350,0.96547653,0.22267699,0.22227227,0.94123132,0.24658253,1.31291316,0.93671201,-0.23772193,541,2013,0.62896529,2012,-0.03115755,0.39910537,0.29866026,,,0.60048069,0.21316045
VT TQQQ/BTAL t25 w0-70 QQQ:VOL_EWMA80 gate QQQ<SMA200,sens,sens_2012-07-03,2012-07-03,2017-07-03,false,true,0.80000000,0.25000000,0.70000000,QQQ<SMA200,0.00783676,0.18492372,0.00781661,0.18492372,72568.18275850,40000.00000000,32568.18275850,0.81420457,0.19905140,0.19531081,0.86740539,0.24438731,1.20560449,0.79308038,-0.25098515,576,2013,0.62886010,2015,-0.07777981,0.40657159,0.29840342,,,0.59302854,0.19086376
VT TQQQ/BTAL t25 w0-80 QQQ:VOL_EWMA80,sens,sens_2012-07-03,2012-07-03,2017-07-03,false,true,0.80000000,0.25000000,0.80000000,,0.00035446,0.00171660,0.00033242,0.00169723,81062.40411700,40000.00000000,41062.40411700,1.02656010,0.23013125,0.23263156,0.90845484,0.26842545,1.26453490,0.87683588,-0.26245648,540,2013,0.67284212,2015,-0.06223724,0.35665691,0.19910684,,,0.64298863,0.21312706
VT TQQQ/BTAL t25 w0-80 QQQ:VOL_EWMA80 gate QQQ<SMA200,sens,sens_2012-07-03,2012-07-03,2017-07-03,false,true,0.80000000,0.25000000,0.80000000,QQQ<SMA200,0.00783889,0.18502749,0.00781637,0.18502749,74835.17487250,40000.00000000,34835.17487250,0.87087937,0.20635198,0.20564210,0.83979963,0.26641701,1.16543887,0.75500518,-0.27331201,574,2013,0.67269952,2015,-0.11035359,0.36404506,0.19856344,,,0.63553251,0.19081875
VT TQQQ/BTAL t30 w0-60 QQQ:VOL_EWMA80,sens,sens_2012-07-03,2012-07-03,2017-07-03,false,true,0.80000000,0.30000000,0.60000000,,0.00043204,0.00200108,0.00041332,0.00199187,85302.62438700,40000.00000000,45302.62438700,1.13256561,0.25314977,0.24996145,1.10553441,0.22830820,1.56106582,1.23007658,-0.20580001,392,2013,0.60907163,2012,-0.02571601,0.42709032,0.39806909,,,0.57247764,0.25578845
VT TQQQ/BTAL t30 w0-60 QQQ:VOL_EWMA80 gate QQQ<SMA200,sens,sens_2012-07-03,2012-07-03,2017-07-03,false,true,0.80000000,0.30000000,0.60000000,QQQ<SMA200,0.00791858,0.22043946,0.00790055,0.22043946,77455.56154650,40000.00000000,37455.56154650,0.93638904,0.22503383,0.21723701,1.01453656,0.22579385,1.42229335,1.01260718,-0.22223211,576,2013,0.60916015,2012,-0.02773810,0.43475738,0.39806909,,,0.56489132,0.23051248
VT TQQQ/BTAL t30 w0-70 QQQ:VOL_EWMA80,sens,sens_2012-07-03,2012-07-03,2017-07-03,false,true,0.80000000,0.30000000,0.70000000,,0.00038708,0.00200108,0.00036763,0.00199187,89129.36535850,40000.00000000,49129.36535850,1.22823413,0.26941487,0.26495179,1.04354370,0.26231255,1.46761799,1.10915934,-0.24290006,539,2013,0.75554629,2012,-0.03168914,0.35528609,0.29806158,,,0.64432683,0.25577228
VT TQQQ/BTAL t30 w0-70 QQQ:VOL_EWMA80 gate QQQ<SMA200,sens,sens_2012-07-03,2012-07-03,2017-07-03,false,true,0.80000000,0.30000000,0.70000000,QQQ<SMA200,0.00823468,0.22046313,0.00821574,0.22046313,80909.98906100,40000.00000000,40909.98906100,1.02274973,0.24081491,0.23199362,0.96328289,0.25974878,1.34726519,0.88860763,-0.27100253,576,2013,0.75546784,2012,-0.03425824,0.36321703,0.29806158,,,0.63642192,0.23053164
VT TQQQ/BTAL t30 w0-80 QQQ:VOL_EWMA80,sens,sens_2012-07-03,2012-07-03,2017-07-03,false,true,0.80000000,0.30000000,0.80000000,,0.00039783,0.00200108,0.00037925,0.00199187,89673.81163100,40000.00000000,49673.81163100,1.24184529,0.27096121,0.26703765,0.96909424,0.29242123,1.35514954,0.96769171,-0.28000778,543,2013,0.81647501,2015,-0.02569917,0.29766902,0.19805408,,,0.70193316,0.25580414
VT TQQQ/BTAL t30 w0-80 QQQ:VOL_EWMA80 gate QQQ<SMA200,sens,sens_2012-07-03,2012-07-03,2017-07-03,false,true,0.80000000,0.30000000,0.80000000,QQQ<SMA200,0.00915174,0.22061495,0.00913455,0.22061495,81472.60008450,40000.00000000,41472.60008450,1.03681500,0.24213512,0.23434313,0.89669550,0.28938538,1.24832211,0.76561767,-0.31626114,576,2013,0.81639012,2015,-0.08366725,0.30655733,0.19805408,,,0.69309171,0.23044030
VT TQQQ/BTAL t35 w0-60 QQQ:VOL_EWMA80,sens,sens_2012-07-03,2012-07-03,2017-07-03,false,true,0.80000000,0.35000000,0.60000000,,0.00037754,0.00209043,0.00035697,0.00204996,89834.21595400,40000.00000000,49834.21595400,1.24585540,0.27092343,0.26765003,1.14962759,0.23272353,1.63141266,1.30798686,-0.20713009,106,2013,0.62519199,2012,-0.01863753,0.41540015,0.39819828,,,0.58422231,0.29842248
VT TQQQ/BTAL t35 w0-60 QQQ:VOL_EWMA80 gate QQQ<SMA200,sens,sens_2012-07-03,2012-07-03,2017-07-03,false,true,0.80000000,0.35000000,0.60000000,QQQ<SMA200,0.00877048,0.22528176,0.00875199,0.22528176,80828.03386800,40000.00000000,40828.03386800,1.02070085,0.23966443,0.23165014,1.05391357,0.22944819,1.48125382,1.03478855,-0.23160715,571,2013,0.62134871,2012,-0.02066812,0.42373133,0.39819828,,,0.57583938,0.27041482
VT TQQQ/BTAL t35 w0-70 QQQ:VOL_EWMA80,sens,sens_2012-07-03,2012-07-03,2017-07-03,false,true,0.80000000,0.35000000,0.70000000,,0.00035751,0.00209043,0.00033619,0.00204996,97274.65856150,40000.00000000,57274.65856150,1.43186646,0.30065397,0.29503896,1.10900214,0.27088650,1.56789511,1.21248300,-0.24796551,536,2013,0.77494063,2012,-0.01979940,0.33175099,0.29881588,,,0.66789150,0.29840994
VT TQQQ/BTAL t35 w0-70 QQQ:VOL_EWMA80 gate QQQ<SMA200,sens,sens_2012-07-03,2012-07-03,2017-07-03,false,true,0.80000000,0.35000000,0.70000000,QQQ<SMA200,0.00889085,0.25572236,0.00887038,0.25572236,87082.43630100,40000.00000000,47082.43630100,1.17706091,0.26770472,0.25700660,1.02261482,0.26779442,1.43478576,0.94435353,-0.28347935,576,2013,0.77483905,2016,-0.02292971,0.34028544,0.29848961,,,0.65934895,0.27056266
VT TQQQ/BTAL t35 w0-80 QQQ:VOL_EWMA80,sens,sens_2012-07-03,2012-07-03,2017-07-03,false,true,0.80000000,0.35000000,0.80000000,,0.00033854,0.00209043,0.00031924,0.00204996,101636.77237450,40000.00000000,61636.77237450,1.54091931,0.31680134,0.31024371,1.05394703,0.30666191,1.48441712,1.11231044,-0.28481378,540,2013,0.93456473,2012,-0.02827521,0.25892182,0.19875678,,,0.74073964,0.29842370
VT TQQQ/BTAL t35 w0-80 QQQ:VOL_EWMA80 gate QQQ<SMA200,sens,sens_2012-07-03,2012-07-03,2017-07-03,false,true,0.80000000,0.35000000,0.80000000,QQQ<SMA200,0.00893383,0.25571979,0.00891689,0.25571979,91005.03102200,40000.00000000,51005.03102200,1.27512578,0.28353799,0.27209061,0.97659967,0.30377386,1.36729223,0.85993518,-0.32972019,577,2013,0.93455717,2015,-0.03675097,0.26743912,0.19843603,,,0.73217574,0.27060255
VT TQQQ/BTAL t25 w0-60 QQQ:VOL_EWMA85,sens,sens_2012-07-03,2012-07-03,2017-07-03,false,true,0.85000000,0.25000000,0.60000000,,0.00035221,0.00176575,0.00032784,0.00173990,77854.31892450,40000.00000000,37854.31892450,0.94635797,0.21992908,0.21897034,1.01654075,0.21993731,1.42506500,1.08846920,-0.20205357,462,2013,0.57224649,2012,-0.03974999,0.45200621,0.39826010,,,0.54764158,0.21751488
VT TQQQ/BTAL t25 w0-60 QQQ:VOL_EWMA85 gate QQQ<SMA200,sens,sens_2012-07-03,2012-07-03,2017-07-03,false,true,0.85000000,0.25000000,0.60000000,QQQ<SMA200,0.00664189,0.14808699,0.00662074,0.14808699,72131.32674650,40000.00000000,32131.32674650,0.80328317,0.19774760,0.19328640,0.93857933,0.21819046,1.31053587,0.94798928,-0.20859687,575,2013,0.57212884,2012,-0.04214688,0.45821814,0.39851302,,,0.54136900,0.19497424
VT TQQQ/BTAL t25 w0-70 QQQ:VOL_EWMA85,sens,sens_2012-07-03,2012-07-03,2017-07-03,false,true,0.85000000,0.25000000,0.70000000,,0.00041128,0.00185452,0.00038920,0.00184227,79260.33161450,40000.00000000,39260.33161450,0.98150829,0.22400348,0.22501886,0.95025868,0.24496351,1.32501590,0.94070576,-0.23812279,540,2013,0.62052510,2012,-0.03704390,0.40141116,0.29869379,,,0.59817756,0.21752807
VT TQQQ/BTAL t25 w0-70 QQQ:VOL_EWMA85 gate QQQ<SMA200,sens,sens_2012-07-03,2012-07-03,2017-07-03,false,true,0.85000000,0.25000000,0.70000000,QQQ<SMA200,0.00644214,0.14819684,0.00642027,0.14819684,73623.15925700,40000.00000000,33623.15925700,0.84057898,0.20233159,0.20015444,0.88106296,0.24344482,1.22491839,0.83153835,-0.24332202,574,2013,0.62051678,2015,-0.06935012,0.40745389,0.29857879,,,0.59212686,0.19488659
VT TQQQ/BTAL t25 w0-80 QQQ:VOL_EWMA85,sens,sens_2012-07-03,2012-07-03,2017-07-03,false,true,0.85000000,0.25000000,0.80000000,,0.00029303,0.00093967,0.00027219,0.00091096,83322.00955300,40000.00000000,43322.00955300,1.08305024,0.23713037,0.24196510,0.94393759,0.26275022,1.31634360,0.99582452,-0.23812466,535,2013,0.66404126,2012,-0.03486839,0.36221752,0.19925651,,,0.63748945,0.21752504
VT TQQQ/BTAL t25 w0-80 QQQ:VOL_EWMA85 gate QQQ<SMA200,sens,sens_2012-07-03,2012-07-03,2017-07-03,false,true,0.85000000,0.25000000,0.80000000,QQQ<SMA200,0.00644291,0.14824105,0.00641801,0.14824105,77391.83218400,40000.00000000,37391.83218400,0.93479580,0.21524119,0.21695924,0.87909714,0.26134125,1.22281543,0.87466867,-0.24608311,555,2013,0.66399465,2015,-0.07989420,0.36813780,0.19868158,,,0.63143447,0.19485416
VT TQQQ/BTAL t30 w0-60 QQQ:VOL_EWMA85,sens,sens_2012-07-03,2012-07-03,2017-07-03,false,true,0.85000000,0.30000000,0.60000000,,0.00042316,0.00188989,0.00040350,0.00185936,85627.68915100,40000.00000000,45627.68915100,1.14069223,0.25467773,0.25125792,1.11077427,0.22833771,1.56870255,1.22955024,-0.20713081,392,2013,0.61536762,2012,-0.02662021,0.42626232,0.39841602,,,0.57331452,0.26103685
VT TQQQ/BTAL t30 w0-60 QQQ:VOL_EWMA85 gate QQQ<SMA200,sens,sens_2012-07-03,2012-07-03,2017-07-03,false,true,0.85000000,0.30000000,0.60000000,QQQ<SMA200,0.00734519,0.17637929,0.00732638,0.17637929,78282.84057700,40000.00000000,38282.84057700,0.95707101,0.22844008,0.22082415,1.02584231,0.22608206,1.43987367,1.03929546,-0.21980282,574,2013,0.61535825,2012,-0.02857478,0.43319061,0.39821872,,,0.56637775,0.23539588
VT TQQQ/BTAL t30 w0-70 QQQ:VOL_EWMA85,sens,sens_2012-07-03,2012-07-03,2017-07-03,false,true,0.85000000,0.30000000,0.70000000,,0.00045758,0.00188989,0.00043757,0.00185936,89188.25740600,40000.00000000,49188.25740600,1.22970644,0.26870536,0.26517796,1.04107699,0.26242551,1.46316105,1.09762856,-0.24480537,539,2013,0.74275188,2012,-0.03576696,0.35466275,0.29832136,,,0.64487967,0.26102172
VT TQQQ/BTAL t30 w0-70 QQQ:VOL_EWMA85 gate QQQ<SMA200,sens,sens_2012-07-03,2012-07-03,2017-07-03,false,true,0.85000000,0.30000000,0.70000000,QQQ<SMA200,0.00728416,0.17639141,0.00726520,0.17639141,81528.90197250,40000.00000000,41528.90197250,1.03822255,0.24214469,0.23457744,0.96591219,0.26030358,1.35112100,0.89723889,-0.26987761,576,2013,0.74261160,2012,-0.03776857,0.36166484,0.29832136,,,0.63794982,0.23543286
VT TQQQ/BTAL t30 w0-80 QQQ:VOL_EWMA85,sens,sens_2012-07-03,2012-07-03,2017-07-03,false,true,0.85000000,0.30000000,0.80000000,,0.00045040,0.00188989,0.00042868,0.00185936,90379.32558050,40000.00000000,50379.32558050,1.25948314,0.27205267,0.26972386,0.97584025,0.29079181,1.36408913,0.96537473,-0.28181043,543,2013,0.80540943,2012,-0.03274939,0.29958670,0.19822669,,,0.69996289,0.26103689
VT TQQQ/BTAL t30 w0-80 QQQ:VOL_EWMA85 gate QQQ<SMA200,sens,sens_2012-07-03,2012-07-03,2017-07-03,false,true,0.85000000,0.30000000,0.80000000,QQQ<SMA200,0.00758405,0.17653346,0.00756449,0.17653346,82726.24639900,40000.00000000,42726.24639900,1.06815616,0.24559165,0.23952650,0.90791440,0.28863636,1.26432971,0.79626373,-0.30843003,575,2013,0.80544022,2015,-0.07460216,0.30678233,0.19822669,,,0.69278182,0.23535220
VT TQQQ/BTAL t35 w0-60 QQQ:VOL_EWMA85,sens,sens_2012-07-03,2012-07-03,2017-07-03,false,true,0.85000000,0.35000000,0.60000000,,0.00037783,0.00179329,0.00035565,0.00176954,90193.90283100,40000.00000000,50193.90283100,1.25484757,0.27203833,0.26901968,1.15316621,0.23278550,1.63622058,1.31336034,-0.20713152,105,2013,0.62520035,2012,-0.01872899,0.41495124,0.39823046,,,0.58467092,0.30453547
VT TQQQ/BTAL t35 w0-60 QQQ:VOL_EWMA85 gate QQQ<SMA200,sens,sens_2012-07-03,2012-07-03,2017-07-03,false,true,0.85000000,0.35000000,0.60000000,QQQ<SMA200,0.00850134,0.20442527,0.00847974,0.20442527,81343.24732750,40000.00000000,41343.24732750,1.03358118,0.24140754,0.23380423,1.05947319,0.22960945,1.48943227,1.04482370,-0.23105098,569,2013,0.62134470,2012,-0.02075955,0.42304191,0.39823046,,,0.57654348,0.27613660
VT TQQQ/BTAL t35 w0-70 QQQ:VOL_EWMA85,sens,sens_2012-07-03,2012-07-03,2017-07-03,false,true,0.85000000,0.35000000,0.70000000,,0.00035146,0.00154591,0.00033402,0.00151669,97727.16814550,40000.00000000,57727.16814550,1.44317920,0.30250740,0.29664399,1.11419799,0.27091098,1.57566035,1.21296211,-0.24939559,536,2013,0.78280865,2012,-0.02078535,0.33077678,0.29848331,,,0.66887176,0.30454343
VT TQQQ/BTAL t35 w0-70 QQQ:VOL_EWMA85 gate QQQ<SMA200,sens,sens_2012-07-03,2012-07-03,2017-07-03,false,true,0.85000000,0.35000000,0.70000000,QQQ<SMA200,0.00810541,0.20427387,0.00808703,0.20427387,88184.12247700,40000.00000000,48184.12247700,1.20460306,0.27179910,0.26130328,1.03366233,0.26815067,1.45217727,0.96791179,-0.28080978,575,2013,0.78282371,2012,-0.02280792,0.33857634,0.29894673,,,0.66108676,0.27632955
VT TQQQ/BTAL t35 w0-80 QQQ:VOL_EWMA85,sens,sens_2012-07-03,2012-07-03,2017-07-03,false,true,0.85000000,0.35000000,0.80000000,,0.00038014,0.00170341,0.00036160,0.00168936,102081.00813150,40000.00000000,62081.00813150,1.55202520,0.31787124,0.31175960,1.05680715,0.30658020,1.48823629,1.10817816,-0.28684128,540,2013,0.92829666,2012,-0.03024898,0.25814610,0.19831064,,,0.74147376,0.30453529
VT TQQQ/BTAL t35 w0-80 QQQ:VOL_EWMA85 gate QQQ<SMA200,sens,sens_2012-07-03,2012-07-03,2017-07-03,false,true,0.85000000,0.35000000,0.80000000,QQQ<SMA200,0.00803622,0.20426604,0.00801757,0.20426604,92133.87860900,40000.00000000,52133.87860900,1.30334697,0.28690280,0.27632411,0.98462514,0.30404803,1.37943630,0.87371195,-0.32837230,576,2013,0.92815209,2012,-0.03214889,0.26586141,0.19857937,,,0.73377543,0.27634849
50/50,sens,sens_2012-07-03,2012-07-03,2017-07-03,true,true,,,,,0.00035210,0.00192654,0.00033223,0.00191895,81609.51583750,40000.00000000,41609.51583750,1.04023790,0.23223627,0.23491269,1.15297283,0.19877150,1.63774666,1.35824428,-0.17098270,213,2013,0.46873031,2012,-0.02763236,0.49966786,0.49808105,,,0.49998004,0.49995102
TQQQ60/BTAL40,sens,sens_2012-07-03,2012-07-03,2017-07-03,true,true,,,,,0.00036373,0.00162728,0.00034391,0.00159474,94695.57476850,40000.00000000,54695.57476850,1.36738937,0.28534489,0.28576265,1.15979308,0.24243398,1.65247849,1.26245208,-0.22602434,225,2013,0.62518280,2012,-0.02026771,0.39965664,0.39840526,,,0.59997963,0.59995598
TQQQ50/BTAL50 gate QQQ<SMA200,sens,sens_2012-07-03,2012-07-03,2017-07-03,true,true,,,,,0.00865965,0.10498509,0.00863838,0.10498509,77197.40283550,40000.00000000,37197.40283550,0.92993507,0.21611368,0.21611054,1.10920413,0.19383482,1.56474728,1.31626958,-0.16418649,141,2013,0.46606815,2012,-0.02948965,0.50796352,0.49885733,,,0.49164626,0.39501491
SPY benchmark,sens,sens_2012-07-03,2012-07-03,2017-07-03,true,true,,,,,0.00372431,0.01169975,0.00372431,0.01169975,56097.79198000,40000.00000000,16097.79198000,0.40244480,0.11962546,0.10992900,0.98089427,0.12322384,1.40383617,0.83670524,-0.14297205,418,2013,0.29568223,2015,-0.00796640,,,0.99627569,0.98830025,,
VT TQQQ/BTAL t25 w0-60 QQQ:VOL_EWMA70,sens,sens_2013-01-03,2013-01-03,2018-01-03,false,true,0.70000000,0.25000000,0.60000000,,0.00040420,0.00199567,0.00037833,0.00199329,91187.88358400,40000.00000000,51187.88358400,1.27969709,0.28143547,0.27256617,1.25286503,0.21700421,1.77074462,1.42005740,-0.19818598,430,2013,0.56527896,2015,0.00732737,0.45001317,0.39800671,,,0.54958263,0.22213972
VT TQQQ/BTAL t25 w0-60 QQQ:VOL_EWMA70 gate QQQ<SMA200,sens,sens_2013-01-03,2013-01-03,2018-01-03,false,true,0.70000000,0.25000000,0.60000000,QQQ<SMA200,0.00654394,0.25071683,0.00651738,0.25071683,84314.30478250,40000.00000000,44314.30478250,1.10785762,0.25671018,0.24579718,1.16917088,0.21559001,1.64238612,1.24320144,-0.20649122,576,2013,0.56527896,2015,-0.03234233,0.45613845,0.39800671,,,0.54344182,0.19891262
VT TQQQ/BTAL t25 w0-70 QQQ:VOL_EWMA70,sens,sens_2013-01-03,2013-01-03,2018-01-03,false,true,0.70000000,0.25000000,0.70000000,,0.00034830,0.00146512,0.00031836,0.00143513,94942.77461600,40000.00000000,54942.77461600,1.37356937,0.29424608,0.28643879,1.17259522,0.24616020,1.64575884,1.24868031,-0.23564565,543,2013,0.65467563,2015,-0.04385824,0.39003689,0.29901011,,,0.60961482,0.22213043
VT TQQQ/BTAL t25 w0-70 QQQ:VOL_EWMA70 gate QQQ<SMA200,sens,sens_2013-01-03,2013-01-03,2018-01-03,false,true,0.70000000,0.25000000,0.70000000,QQQ<SMA200,0.00608979,0.25078547,0.00606194,0.25078547,88008.91248400,40000.00000000,48008.91248400,1.20022281,0.26997407,0.26041802,1.09934770,0.24507318,1.53613758,1.04162172,-0.25918629,576,2013,0.65467563,2015,-0.08153814,0.39578460,0.29901011,,,0.60386708,0.19885261
VT TQQQ/BTAL t25 w0-80 QQQ:VOL_EWMA70,sens,sens_2013-01-03,2013-01-03,2018-01-03,false,true,0.70000000,0.25000000,0.80000000,,0.00037532,0.00204720,0.00034875,0.00200682,98367.38218950,40000.00000000,58367.38218950,1.45918455,0.30239577,0.29867287,1.11127944,0.27130298,1.55315558,1.10495491,-0.27367250,694,2017,0.73252598,2015,-0.08632801,0.34290822,0.19799318,,,0.65671646,0.22216807
VT TQQQ/BTAL t25 w0-80 QQQ:VOL_EWMA70 gate QQQ<SMA200,sens,sens_2013-01-03,2013-01-03,2018-01-03,false,true,0.70000000,0.25000000,0.80000000,QQQ<SMA200,0.00611241,0.25092599,0.00608884,0.25092599,91212.66832000,40000.00000000,51212.66832000,1.28031671,0.27796485,0.27265939,1.04417979,0.27032019,1.45409091,0.93261146,-0.29805001,716,2017,0.73251676,2015,-0.12237175,0.34866436,0.19799318,,,0.65096572,0.19880292
VT TQQQ/BTAL t30 w0-60 QQQ:VOL_EWMA70,sens,sens_2013-01-03,2013-01-03,2018-01-03,false,true,0.70000000,0.30000000,0.60000000,,0.00031364,0.00141886,0.00029145,0.00141795,99914.53937000,40000.00000000,59914.53937000,1.49786348,0.31302322,0.30407664,1.32852245,0.22420542,1.88546242,1.54004971,-0.20325527,392,2017,0.58236647,2016,0.03781230,0.42772260,0.39858205,,,0.57196377,0.26661378
VT TQQQ/BTAL t30 w0-60 QQQ:VOL_EWMA70 gate QQQ<SMA200,sens,sens_2013-01-03,2013-01-03,2018-01-03,false,true,0.70000000,0.30000000,0.60000000,QQQ<SMA200,0.00724889,0.28258077,0.00722675,0.28258077,91337.04245050,40000.00000000,51337.04245050,1.28342606,0.28447152,0.27312685,1.24030826,0.22200938,1.74508572,1.29312412,-0.21998779,576,2017,0.58236673,2016,-0.02577948,0.43468846,0.39858205,,,0.56500564,0.24022386
VT TQQQ/BTAL t30 w0-70 QQQ:VOL_EWMA70,sens,sens_2013-01-03,2013-01-03,2018-01-03,false,true,0.70000000,0.30000000,0.70000000,,0.00037585,0.00156572,0.00035611,0.00151974,107337.01532050,40000.00000000,67337.01532050,1.68342538,0.33971648,0.32901621,1.26541420,0.25774774,1.78913729,1.41261470,-0.24048771,536,2013,0.71102909,2015,0.01209286,0.35424139,0.29848026,,,0.64538276,0.26660910
VT TQQQ/BTAL t30 w0-70 QQQ:VOL_EWMA70 gate QQQ<SMA200,sens,sens_2013-01-03,2013-01-03,2018-01-03,false,true,0.70000000,0.30000000,0.70000000,QQQ<SMA200,0.00758710,0.29961558,0.00756164,0.29961558,97819.05433800,40000.00000000,57819.05433800,1.44547636,0.30969612,0.29673966,1.18483099,0.25567684,1.66350232,1.15538473,-0.26804589,576,2013,0.71102909,2015,-0.03406323,0.36146984,0.29848026,,,0.63815072,0.24022586
VT TQQQ/BTAL t30 w0-80 QQQ:VOL_EWMA70,sens,sens_2013-01-03,2013-01-03,2018-01-03,false,true,0.70000000,0.30000000,0.80000000,,0.00031894,0.00154129,0.00029684,0.00152422,112707.19866700,40000.00000000,72707.19866700,1.81767997,0.35731472,0.34612990,1.20137045,0.28972341,1.68982182,1.28667002,-0.27770502,543,2013,0.83484580,2015,-0.04463640,0.28949079,0.19867795,,,0.71019028,0.26660260
VT TQQQ/BTAL t30 w0-80 QQQ:VOL_EWMA70 gate QQQ<SMA200,sens,sens_2013-01-03,2013-01-03,2018-01-03,false,true,0.70000000,0.30000000,0.80000000,QQQ<SMA200,0.00716768,0.29968340,0.00714561,0.29968340,102954.75737950,40000.00000000,62954.75737950,1.57386893,0.32760095,0.31448318,1.12973703,0.28804435,1.58071090,1.03813169,-0.31556781,576,2013,0.83484580,2015,-0.08823658,0.29634115,0.19867795,,,0.70333579,0.24018671
VT TQQQ/BTAL t35 w0-60 QQQ:VOL_EWMA70,sens,sens_2013-01-03,2013-01-03,2018-01-03,false,true,0.70000000,0.35000000,0.60000000,,0.00036573,0.00209698,0.00034230,0.00209468,105030.61313200,40000.00000000,65030.61313200,1.62576533,0.32976005,0.32143400,1.36754069,0.22766012,1.94449610,1.59198186,-0.20713807,382,2017,0.60022486,2016,0.03866669,0.41717762,0.39898067,,,0.58245665,0.31103969
VT TQQQ/BTAL t35 w0-60 QQQ:VOL_EWMA70 gate QQQ<SMA200,sens,sens_2013-01-03,2013-01-03,2018-01-03,false,true,0.70000000,0.35000000,0.60000000,QQQ<SMA200,0.00671615,0.22831623,0.00669382,0.22831623,96438.19148000,40000.00000000,56438.19148000,1.41095479,0.30236094,0.29182835,1.28650329,0.22539907,1.81360591,1.32164926,-0.22877548,571,2017,0.60021334,2016,-0.01327875,0.42353944,0.39898067,,,0.57609602,0.28184074
VT TQQQ/BTAL t35 w0-70 QQQ:VOL_EWMA70,sens,sens_2013-01-03,2013-01-03,2018-01-03,false,true,0.70000000,0.35000000,0.70000000,,0.00041413,0.00209698,0.00039345,0.00209468,117383.23482700,40000.00000000,77383.23482700,1.93458087,0.37124726,0.36045834,1.32407040,0.26546080,1.87872509,1.51406660,-0.24519877,536,2013,0.71243188,2016,0.04425879,0.33228947,0.29826862,,,0.66729640,0.31101818
VT TQQQ/BTAL t35 w0-70 QQQ:VOL_EWMA70 gate QQQ<SMA200,sens,sens_2013-01-03,2013-01-03,2018-01-03,false,true,0.70000000,0.35000000,0.70000000,QQQ<SMA200,0.00838732,0.32823127,0.00836510,0.32823127,105859.10178350,40000.00000000,65859.10178350,1.64647754,0.33753917,0.32417435,1.24059231,0.26263723,1.74446573,1.20013388,-0.28125127,576,2013,0.71243188,2016,-0.02800672,0.34026945,0.29826862,,,0.65931217,0.28197310
VT TQQQ/BTAL t35 w0-80 QQQ:VOL_EWMA70,sens,sens_2013-01-03,2013-01-03,2018-01-03,false,true,0.70000000,0.35000000,0.80000000,,0.00031328,0.00209698,0.00029216,0.00209468,125949.05469350,40000.00000000,85949.05469350,2.14872637,0.39802317,0.38545821,1.26781073,0.30037764,1.79252026,1.41047848,-0.28219018,539,2013,0.86650624,2015,0.01450311,0.25876174,0.19880049,,,0.74092497,0.31103900
VT TQQQ/BTAL t35 w0-80 QQQ:VOL_EWMA70 gate QQQ<SMA200,sens,sens_2013-01-03,2013-01-03,2018-01-03,false,true,0.70000000,0.35000000,0.80000000,QQQ<SMA200,0.00856722,0.34812099,0.00854875,0.34812099,113194.45628600,40000.00000000,73194.45628600,1.82986141,0.36262922,0.34764703,1.19024614,0.29771274,1.67030357,1.10923042,-0.32691965,576,2013,0.86650624,2015,-0.03759877,0.26704371,0.19880049,,,0.73265444,0.28200063
VT TQQQ/BTAL t25 w0-60 QQQ:VOL_EWMA75,sens,sens_2013-01-03,2013-01-03,2018-01-03,false,true,0.75000000,0.25000000,0.60000000,,0.00035632,0.00174390,0.00033099,0.00174203,91379.21873700,40000.00000000,51379.21873700,1.28448047,0.28228720,0.27328524,1.25772129,0.21663264,1.77621480,1.41768612,-0.19911826,430,2013,0.56454799,2015,0.01280909,0.44965490,0.39825797,,,0.54998878,0.21542519
VT TQQQ/BTAL t25 w0-60 QQQ:VOL_EWMA75 gate QQQ<SMA200,sens,sens_2013-01-03,2013-01-03,2018-01-03,false,true,0.75000000,0.25000000,0.60000000,QQQ<SMA200,0.00623658,0.21881425,0.00621386,0.21881425,84500.95466100,40000.00000000,44500.95466100,1.11252387,0.25748664,0.24654944,1.17287077,0.21540320,1.64748989,1.23247046,-0.20891912,576,2013,0.56454799,2015,-0.03390811,0.45557098,0.39825797,,,0.54408708,0.19275540
VT TQQQ/BTAL t25 w0-70 QQQ:VOL_EWMA75,sens,sens_2013-01-03,2013-01-03,2018-01-03,false,true,0.75000000,0.25000000,0.70000000,,0.00036923,0.00174088,0.00034522,0.00173078,94388.31061850,40000.00000000,54388.31061850,1.35970777,0.29044082,0.28442131,1.16543392,0.24487085,1.63325225,1.22793733,-0.23652740,543,2017,0.64894464,2015,-0.03703907,0.39229001,0.29857246,,,0.60734076,0.21541621
VT TQQQ/BTAL t25 w0-70 QQQ:VOL_EWMA75 gate QQQ<SMA200,sens,sens_2013-01-03,2013-01-03,2018-01-03,false,true,0.75000000,0.25000000,0.70000000,QQQ<SMA200,0.00589631,0.21891132,0.00587091,0.21891132,87514.71226250,40000.00000000,47514.71226250,1.18786781,0.26616250,0.25849444,1.09096216,0.24394333,1.52293401,1.02690860,-0.25918811,576,2017,0.64894247,2015,-0.08147305,0.39779289,0.29857246,,,0.60182398,0.19266727
VT TQQQ/BTAL t25 w0-80 QQQ:VOL_EWMA75,sens,sens_2013-01-03,2013-01-03,2018-01-03,false,true,0.75000000,0.25000000,0.80000000,,0.00037484,0.00174088,0.00035103,0.00173078,98875.45026400,40000.00000000,58875.45026400,1.47188626,0.30179356,0.30045565,1.11578030,0.26930245,1.55938133,1.10171271,-0.27393127,553,2017,0.74367476,2015,-0.07984608,0.34568531,0.19864118,,,0.65393985,0.21540015
VT TQQQ/BTAL t25 w0-80 QQQ:VOL_EWMA75 gate QQQ<SMA200,sens,sens_2013-01-03,2013-01-03,2018-01-03,false,true,0.75000000,0.25000000,0.80000000,QQQ<SMA200,0.00589702,0.21907524,0.00586978,0.21907524,91696.27629450,40000.00000000,51696.27629450,1.29240691,0.27729880,0.27447385,1.04756940,0.26846101,1.45936514,0.96083536,-0.28860178,576,2017,0.74366200,2015,-0.12231824,0.35119026,0.19864118,,,0.64841842,0.19256751
VT TQQQ/BTAL t30 w0-60 QQQ:VOL_EWMA75,sens,sens_2013-01-03,2013-01-03,2018-01-03,false,true,0.75000000,0.30000000,0.60000000,,0.00029345,0.00113608,0.00026681,0.00111233,100470.38643450,40000.00000000,60470.38643450,1.51175966,0.31507199,0.30600000,1.33526628,0.22425119,1.89483415,1.54183220,-0.20434908,392,2017,0.58413460,2016,0.03367537,0.42696346,0.39917521,,,0.57274309,0.25850527
VT TQQQ/BTAL t30 w0-60 QQQ:VOL_EWMA75 gate QQQ<SMA200,sens,sens_2013-01-03,2013-01-03,2018-01-03,false,true,0.75000000,0.30000000,0.60000000,QQQ<SMA200,0.00724753,0.26126888,0.00722341,0.26126888,91584.11588450,40000.00000000,51584.11588450,1.28960290,0.28550606,0.27405380,1.24323897,0.22216169,1.74971209,1.28519447,-0.22215009,576,2017,0.58413805,2016,-0.02527534,0.43390773,0.39917521,,,0.56579048,0.23270448
VT TQQQ/BTAL t30 w0-70 QQQ:VOL_EWMA75,sens,sens_2013-01-03,2013-01-03,2018-01-03,false,true,0.75000000,0.30000000,0.70000000,,0.00036166,0.00160893,0.00033575,0.00156376,107731.44253050,40000.00000000,67731.44253050,1.69328606,0.34122286,0.33029848,1.27028965,0.25762078,1.79518575,1.41288423,-0.24150801,536,2013,0.71132287,2015,0.01906324,0.35327828,0.29843624,,,0.64636006,0.25847746
VT TQQQ/BTAL t30 w0-70 QQQ:VOL_EWMA75 gate QQQ<SMA200,sens,sens_2013-01-03,2013-01-03,2018-01-03,false,true,0.75000000,0.30000000,0.70000000,QQQ<SMA200,0.00730686,0.26129318,0.00728028,0.26129318,98185.19189350,40000.00000000,58185.19189350,1.45462980,0.31109273,0.29803159,1.18861528,0.25578392,1.66926488,1.15060923,-0.27037219,576,2013,0.71132287,2015,-0.03543274,0.36020725,0.29843624,,,0.63941469,0.23268736
VT TQQQ/BTAL t30 w0-80 QQQ:VOL_EWMA75,sens,sens_2013-01-03,2013-01-03,2018-01-03,false,true,0.75000000,0.30000000,0.80000000,,0.00032364,0.00113608,0.00029908,0.00111233,111754.53909850,40000.00000000,71754.53909850,1.79386348,0.35246332,0.34314698,1.19321151,0.28837477,1.67542367,1.26478969,-0.27867347,548,2013,0.79975627,2015,-0.03652774,0.29203147,0.19895537,,,0.70764489,0.25851730
VT TQQQ/BTAL t30 w0-80 QQQ:VOL_EWMA75 gate QQQ<SMA200,sens,sens_2013-01-03,2013-01-03,2018-01-03,false,true,0.75000000,0.30000000,0.80000000,QQQ<SMA200,0.00693737,0.26144686,0.00691530,0.26144686,102074.16587350,40000.00000000,62074.16587350,1.55185415,0.32264367,0.31149718,1.12014208,0.28686500,1.56532139,1.01407407,-0.31816579,577,2013,0.79975627,2015,-0.08809717,0.29867484,0.19895537,,,0.70101109,0.23264839
VT TQQQ/BTAL t35 w0-60 QQQ:VOL_EWMA75,sens,sens_2013-01-03,2013-01-03,2018-01-03,false,true,0.75000000,0.35000000,0.60000000,,0.00032517,0.00109404,0.00030123,0.00106654,105617.73370950,40000.00000000,65617.73370950,1.64044334,0.33163502,0.32337794,1.37347062,0.22771354,1.95371893,1.60119301,-0.20711745,378,2017,0.60021195,2016,0.03834527,0.41686826,0.39893346,,,0.58280657,0.30158859
VT TQQQ/BTAL t35 w0-60 QQQ:VOL_EWMA75 gate QQQ<SMA200,sens,sens_2013-01-03,2013-01-03,2018-01-03,false,true,0.75000000,0.35000000,0.60000000,QQQ<SMA200,0.00708321,0.22708888,0.00705849,0.22708888,96264.81198800,40000.00000000,56264.81198800,1.40662030,0.30179741,0.29120729,1.28491981,0.22532673,1.81123555,1.30731788,-0.23085235,571,2017,0.60022104,2016,-0.01329619,0.42359037,0.39893346,,,0.57605834,0.27296473
VT TQQQ/BTAL t35 w0-70 QQQ:VOL_EWMA75,sens,sens_2013-01-03,2013-01-03,2018-01-03,false,true,0.75000000,0.35000000,0.70000000,,0.00032591,0.00168385,0.00030286,0.00163488,118154.71966850,40000.00000000,78154.71966850,1.95386799,0.37368962,0.36277415,1.33062080,0.26550364,1.88793022,1.51672642,-0.24637905,536,2013,0.71263067,2016,0.03953973,0.33146568,0.29836512,,,0.66820841,0.30161026
VT TQQQ/BTAL t35 w0-70 QQQ:VOL_EWMA75 gate QQQ<SMA200,sens,sens_2013-01-03,2013-01-03,2018-01-03,false,true,0.75000000,0.35000000,0.70000000,QQQ<SMA200,0.00832802,0.30337576,0.00830319,0.30337576,106198.33892950,40000.00000000,66198.33892950,1.65495847,0.33876365,0.32529098,1.24348529,0.26279676,1.74904058,1.19499856,-0.28348457,577,2013,0.71263067,2016,-0.02739566,0.33941658,0.29836512,,,0.66022642,0.27314621
VT TQQQ/BTAL t35 w0-80 QQQ:VOL_EWMA75,sens,sens_2013-01-03,2013-01-03,2018-01-03,false,true,0.75000000,0.35000000,0.80000000,,0.00030453,0.00125870,0.00028456,0.00122983,126575.97312900,40000.00000000,86575.97312900,2.16439933,0.40004141,0.38722907,1.27232996,0.30047166,1.79835299,1.41202440,-0.28331055,539,2013,0.86681957,2015,0.02289463,0.25724258,0.19877017,,,0.74245289,0.30157158
VT TQQQ/BTAL t35 w0-80 QQQ:VOL_EWMA75 gate QQQ<SMA200,sens,sens_2013-01-03,2013-01-03,2018-01-03,false,true,0.75000000,0.35000000,0.80000000,QQQ<SMA200,0.00824435,0.30339466,0.00822601,0.30339466,113757.46391850,40000.00000000,73757.46391850,1.84393660,0.36449479,0.34939291,1.19373555,0.29808255,1.67589883,1.10742485,-0.32913727,578,2013,0.86681957,2015,-0.03879831,0.26517700,0.19877017,,,0.73450966,0.27312288
VT TQQQ/BTAL t25 w0-60 QQQ:VOL_EWMA80,sens,sens_2013-01-03,2013-01-03,2018-01-03,false,true,0.80000000,0.25000000,0.60000000,,0.00032051,0.00126029,0.00029440,0.00120341,91623.63540800,40000.00000000,51623.63540800,1.29059089,0.28265326,0.27420185,1.26035999,0.21636023,1.77847636,1.41065650,-0.20037002,430,2017,0.56107103,2015,0.01982838,0.44925308,0.39919529,,,0.55042641,0.21312372
VT TQQQ/BTAL t25 w0-60 QQQ:VOL_EWMA80 gate QQQ<SMA200,sens,sens_2013-01-03,2013-01-03,2018-01-03,false,true,0.80000000,0.25000000,0.60000000,QQQ<SMA200,0.00591005,0.18516304,0.00588425,0.18516304,84860.90980550,40000.00000000,44860.90980550,1.12152275,0.25825752,0.24799597,1.17620505,0.21529478,1.65196399,1.23070441,-0.20984528,576,2017,0.56108568,2015,-0.03254426,0.45481141,0.39919529,,,0.54484527,0.19064713
VT TQQQ/BTAL t25 w0-70 QQQ:VOL_EWMA80,sens,sens_2013-01-03,2013-01-03,2018-01-03,false,true,0.80000000,0.25000000,0.70000000,,0.00031319,0.00126029,0.00028683,0.00120341,94954.53374200,40000.00000000,54954.53374200,1.37386334,0.29076085,0.28648146,1.17261870,0.24323833,1.64342818,1.22318884,-0.23770725,541,2017,0.65298613,2015,-0.02795767,0.39441636,0.29882038,,,0.60527045,0.21312834
VT TQQQ/BTAL t25 w0-70 QQQ:VOL_EWMA80 gate QQQ<SMA200,sens,sens_2013-01-03,2013-01-03,2018-01-03,false,true,0.80000000,0.25000000,0.70000000,QQQ<SMA200,0.00549265,0.18529143,0.00546940,0.18529143,88179.68732150,40000.00000000,48179.68732150,1.20449218,0.26689575,0.26108049,1.09855339,0.24244919,1.53441828,1.06276575,-0.25113319,576,2017,0.65300510,2015,-0.07793749,0.39960901,0.29882038,,,0.60008108,0.19056188
VT TQQQ/BTAL t25 w0-80 QQQ:VOL_EWMA80,sens,sens_2013-01-03,2013-01-03,2018-01-03,false,true,0.80000000,0.25000000,0.80000000,,0.00032807,0.00134422,0.00030768,0.00129794,100256.76893650,40000.00000000,60256.76893650,1.50641922,0.30476530,0.30526195,1.13430951,0.26616614,1.58675872,1.16117646,-0.26246252,540,2017,0.74856916,2015,-0.06221648,0.34860790,0.19921661,,,0.65106403,0.21315359
VT TQQQ/BTAL t25 w0-80 QQQ:VOL_EWMA80 gate QQQ<SMA200,sens,sens_2013-01-03,2013-01-03,2018-01-03,false,true,0.80000000,0.25000000,0.80000000,QQQ<SMA200,0.00552919,0.18543856,0.00550177,0.18543856,93113.72303100,40000.00000000,53113.72303100,1.32784308,0.28064448,0.27974340,1.06625249,0.26544771,1.48737307,1.02629714,-0.27345344,574,2017,0.74853003,2015,-0.11043089,0.35379483,0.19921661,,,0.64586058,0.19052138
VT TQQQ/BTAL t30 w0-60 QQQ:VOL_EWMA80,sens,sens_2013-01-03,2013-01-03,2018-01-03,false,true,0.80000000,0.30000000,0.60000000,,0.00033758,0.00177987,0.00031028,0.00175809,101086.80201700,40000.00000000,61086.80201700,1.52717005,0.31720955,0.30812196,1.34266688,0.22422320,1.90485933,1.54134969,-0.20579986,392,2017,0.58820960,2016,0.02881279,0.42591882,0.39909946,,,0.57374360,0.25578632
VT TQQQ/BTAL t30 w0-60 QQQ:VOL_EWMA80 gate QQQ<SMA200,sens,sens_2013-01-03,2013-01-03,2018-01-03,false,true,0.80000000,0.30000000,0.60000000,QQQ<SMA200,0.00688226,0.22089851,0.00685603,0.22089851,92314.06924800,40000.00000000,52314.06924800,1.30785173,0.28809923,0.27677942,1.25130428,0.22238127,1.76230460,1.29523051,-0.22243086,576,2017,0.58819493,2016,-0.02164433,0.43249718,0.39909946,,,0.56717708,0.23018935
VT TQQQ/BTAL t30 w0-70 QQQ:VOL_EWMA80,sens,sens_2013-01-03,2013-01-03,2018-01-03,false,true,0.80000000,0.30000000,0.70000000,,0.00039608,0.00177987,0.00037163,0.00175809,108548.92158300,40000.00000000,68548.92158300,1.71372304,0.34385733,0.33294300,1.27851317,0.25747286,1.80639568,1.41556779,-0.24291124,539,2013,0.71085542,2015,0.02743859,0.35204232,0.29837026,,,0.64756160,0.25576470
VT TQQQ/BTAL t30 w0-70 QQQ:VOL_EWMA80 gate QQQ<SMA200,sens,sens_2013-01-03,2013-01-03,2018-01-03,false,true,0.80000000,0.30000000,0.70000000,QQQ<SMA200,0.00694839,0.22091241,0.00692428,0.22091241,99112.43583800,40000.00000000,59112.43583800,1.47781090,0.31419319,0.30128444,1.19762462,0.25584889,1.68274169,1.15821021,-0.27127475,576,2013,0.71085542,2015,-0.03377828,0.35858682,0.29837026,,,0.64100498,0.23018887
VT TQQQ/BTAL t30 w0-80 QQQ:VOL_EWMA80,sens,sens_2013-01-03,2013-01-03,2018-01-03,false,true,0.80000000,0.30000000,0.80000000,,0.00031318,0.00177987,0.00028820,0.00175809,111862.29223100,40000.00000000,71862.29223100,1.79655731,0.35099889,0.34348549,1.19281563,0.28730144,1.67353355,1.25351455,-0.28001182,543,2017,0.78662113,2015,-0.02570231,0.29331861,0.19862602,,,0.70636821,0.25576880
VT TQQQ/BTAL t30 w0-80 QQQ:VOL_EWMA80 gate QQQ<SMA200,sens,sens_2013-01-03,2013-01-03,2018-01-03,false,true,0.80000000,0.30000000,0.80000000,QQQ<SMA200,0.00663437,0.22111734,0.00661006,0.22111734,102326.77505400,40000.00000000,62326.77505400,1.55816938,0.32158757,0.31235607,1.12006107,0.28593059,1.56470540,1.01610160,-0.31649155,576,2017,0.78661033,2015,-0.08381035,0.29966337,0.19862602,,,0.70003089,0.23008659
VT TQQQ/BTAL t35 w0-60 QQQ:VOL_EWMA80,sens,sens_2013-01-03,2013-01-03,2018-01-03,false,true,0.80000000,0.35000000,0.60000000,,0.00030530,0.00116233,0.00028185,0.00115325,106359.50163800,40000.00000000,66359.50163800,1.65898754,0.33393916,0.32582036,1.38037598,0.22785163,1.96445243,1.61223581,-0.20712799,106,2017,0.60024476,2016,0.04017409,0.41617821,0.39884675,,,0.58351649,0.29841355
VT TQQQ/BTAL t35 w0-60 QQQ:VOL_EWMA80 gate QQQ<SMA200,sens,sens_2013-01-03,2013-01-03,2018-01-03,false,true,0.80000000,0.35000000,0.60000000,QQQ<SMA200,0.00732620,0.22584233,0.00730531,0.22584233,96382.48760850,40000.00000000,56382.48760850,1.40956219,0.30218598,0.29162892,1.28618568,0.22533972,1.81301334,1.30399127,-0.23173926,571,2017,0.60023621,2016,-0.01131626,0.42324477,0.39884675,,,0.57646843,0.26998860
VT TQQQ/BTAL t35 w0-70 QQQ:VOL_EWMA80,sens,sens_2013-01-03,2013-01-03,2018-01-03,false,true,0.80000000,0.35000000,0.70000000,,0.00030329,0.00172745,0.00027953,0.00171098,119018.38088000,40000.00000000,79018.38088000,1.97545952,0.37628312,0.36535101,1.33794770,0.26545378,1.89798193,1.51759998,-0.24794618,536,2017,0.71617654,2016,0.03407675,0.33032126,0.29828902,,,0.66937546,0.29842839
VT TQQQ/BTAL t35 w0-70 QQQ:VOL_EWMA80 gate QQQ<SMA200,sens,sens_2013-01-03,2013-01-03,2018-01-03,false,true,0.80000000,0.35000000,0.70000000,QQQ<SMA200,0.00782241,0.25625476,0.00779989,0.25625476,107199.86447250,40000.00000000,67199.86447250,1.67999661,0.34189562,0.32856936,1.25145608,0.26304442,1.76152832,1.20500967,-0.28372853,576,2017,0.71619308,2016,-0.02312485,0.33784326,0.29828902,,,0.66184725,0.27017380
VT TQQQ/BTAL t35 w0-80 QQQ:VOL_EWMA80,sens,sens_2013-01-03,2013-01-03,2018-01-03,false,true,0.80000000,0.35000000,0.80000000,,0.00028113,0.00130220,0.00025982,0.00128060,127947.79118800,40000.00000000,87947.79118800,2.19869478,0.40402495,0.39107755,1.28199157,0.30041645,1.81212407,1.41857592,-0.28481024,540,2013,0.86736203,2015,0.03252353,0.25574922,0.19871940,,,0.74396966,0.29844110
VT TQQQ/BTAL t35 w0-80 QQQ:VOL_EWMA80 gate QQQ<SMA200,sens,sens_2013-01-03,2013-01-03,2018-01-03,false,true,0.80000000,0.35000000,0.80000000,QQQ<SMA200,0.00775771,0.25628342,0.00773739,0.25628342,115241.41775600,40000.00000000,75241.41775600,1.88103544,0.36904027,0.35395859,1.20429443,0.29828453,1.69203581,1.11839830,-0.32997213,578,2013,0.86736203,2015,-0.03690916,0.26325202,0.19871940,,,0.73647788,0.27021533
VT TQQQ/BTAL t25 w0-60 QQQ:VOL_EWMA85,sens,sens_2013-01-03,2013-01-03,2018-01-03,false,true,0.85000000,0.25000000,0.60000000,,0.00032878,0.00141831,0.00030026,0.00138364,92217.08416800,40000.00000000,52217.08416800,1.30542710,0.28375066,0.27641839,1.26447863,0.21632815,1.78319762,1.40418813,-0.20207453,462,2017,0.56725760,2016,0.02645126,0.44859765,0.39891218,,,0.55107357,0.21751791
VT TQQQ/BTAL t25 w0-60 QQQ:VOL_EWMA85 gate QQQ<SMA200,sens,sens_2013-01-03,2013-01-03,2018-01-03,false,true,0.85000000,0.25000000,0.60000000,QQQ<SMA200,0.00537553,0.14842416,0.00534883,0.14842416,85872.36547450,40000.00000000,45872.36547450,1.14680914,0.26099026,0.25203146,1.18573445,0.21541969,1.66560771,1.24974799,-0.20883431,575,2017,0.56723376,2015,-0.02509399,0.45362306,0.39891218,,,0.54603367,0.19468427
VT TQQQ/BTAL t25 w0-70 QQQ:VOL_EWMA85,sens,sens_2013-01-03,2013-01-03,2018-01-03,false,true,0.85000000,0.25000000,0.70000000,,0.00040525,0.00150098,0.00037951,0.00147156,96236.60244300,40000.00000000,56236.60244300,1.40591506,0.29415278,0.29110615,1.18672372,0.24238475,1.66410852,1.23531077,-0.23812047,540,2017,0.65982776,2015,-0.01766109,0.39444501,0.29882425,,,0.60514974,0.21751498
VT TQQQ/BTAL t25 w0-70 QQQ:VOL_EWMA85 gate QQQ<SMA200,sens,sens_2013-01-03,2013-01-03,2018-01-03,false,true,0.85000000,0.25000000,0.70000000,QQQ<SMA200,0.00505697,0.14858735,0.00503214,0.14858735,89842.69624550,40000.00000000,49842.69624550,1.24606741,0.27189185,0.26747246,1.11737547,0.24173426,1.56247537,1.11682988,-0.24344966,574,2017,0.65979460,2015,-0.06944341,0.39908334,0.29882425,,,0.60049638,0.19459643
VT TQQQ/BTAL t25 w0-80 QQQ:VOL_EWMA85,sens,sens_2013-01-03,2013-01-03,2018-01-03,false,true,0.85000000,0.25000000,0.80000000,,0.00031920,0.00140155,0.00029343,0.00134819,103486.07838950,40000.00000000,63486.07838950,1.58715196,0.31418964,0.31627395,1.17848582,0.26117409,1.65323579,1.31944568,-0.23812245,535,2017,0.75578202,2015,-0.02880072,0.35194170,0.19892232,,,0.64773910,0.21753135
VT TQQQ/BTAL t25 w0-80 QQQ:VOL_EWMA85 gate QQQ<SMA200,sens,sens_2013-01-03,2013-01-03,2018-01-03,false,true,0.85000000,0.25000000,0.80000000,QQQ<SMA200,0.00499704,0.14861745,0.00497170,0.14861745,96587.26288050,40000.00000000,56587.26288050,1.41468157,0.29157333,0.29236154,1.11385684,0.26057779,1.55883048,1.18403377,-0.24625424,556,2017,0.75576288,2015,-0.08003141,0.35656318,0.19892232,,,0.64308552,0.19458898
VT TQQQ/BTAL t30 w0-60 QQQ:VOL_EWMA85,sens,sens_2013-01-03,2013-01-03,2018-01-03,false,true,0.85000000,0.30000000,0.60000000,,0.00036999,0.00153480,0.00034515,0.00150562,101637.94615300,40000.00000000,61637.94615300,1.54094865,0.31897848,0.31000957,1.34880818,0.22419492,1.91318398,1.53989405,-0.20714313,392,2017,0.59271563,2016,0.02726062,0.42488675,0.39898937,,,0.57474326,0.26101217
VT TQQQ/BTAL t30 w0-60 QQQ:VOL_EWMA85 gate QQQ<SMA200,sens,sens_2013-01-03,2013-01-03,2018-01-03,false,true,0.85000000,0.30000000,0.60000000,QQQ<SMA200,0.00626394,0.17683738,0.00624081,0.17683738,93416.15565500,40000.00000000,53416.15565500,1.33540389,0.29182415,0.28085849,1.26322345,0.22261269,1.78064218,1.32598834,-0.22008048,574,2017,0.59269851,2016,-0.01395947,0.43081147,0.39898937,,,0.56882556,0.23504361
VT TQQQ/BTAL t30 w0-70 QQQ:VOL_EWMA85,sens,sens_2013-01-03,2013-01-03,2018-01-03,false,true,0.85000000,0.30000000,0.70000000,,0.00037551,0.00173045,0.00035095,0.00172439,109199.45149300,40000.00000000,69199.45149300,1.72998629,0.34464501,0.33503496,1.28082815,0.25746583,1.80863509,1.40782632,-0.24480648,539,2017,0.69505065,2016,0.03326779,0.35120826,0.29827561,,,0.64841623,0.26102517
VT TQQQ/BTAL t30 w0-70 QQQ:VOL_EWMA85 gate QQQ<SMA200,sens,sens_2013-01-03,2013-01-03,2018-01-03,false,true,0.85000000,0.30000000,0.70000000,QQQ<SMA200,0.00628984,0.17683850,0.00626585,0.17683850,100353.22078800,40000.00000000,60353.22078800,1.50883052,0.31699372,0.30559536,1.20513915,0.25607004,1.69370209,1.17350917,-0.27012462,576,2017,0.69507315,2015,-0.02698156,0.35709155,0.29827561,,,0.64251019,0.23507440
VT TQQQ/BTAL t30 w0-80 QQQ:VOL_EWMA85,sens,sens_2013-01-03,2013-01-03,2018-01-03,false,true,0.85000000,0.30000000,0.80000000,,0.00035376,0.00162987,0.00032941,0.00162758,113489.91802600,40000.00000000,73489.91802600,1.83724795,0.35467557,0.34856420,1.20445785,0.28661718,1.69079678,1.25861898,-0.28179741,543,2017,0.79540069,2015,-0.01451097,0.29262581,0.19923747,,,0.70702042,0.26103121
VT TQQQ/BTAL t30 w0-80 QQQ:VOL_EWMA85 gate QQQ<SMA200,sens,sens_2013-01-03,2013-01-03,2018-01-03,false,true,0.85000000,0.30000000,0.80000000,QQQ<SMA200,0.00608622,0.17701505,0.00606003,0.17701505,104446.58746200,40000.00000000,64446.58746200,1.61116469,0.32715110,0.31949077,1.13624775,0.28542823,1.58913683,1.05972550,-0.30871306,575,2017,0.79539970,2015,-0.07473882,0.29833343,0.19923747,,,0.70129084,0.23497957
VT TQQQ/BTAL t35 w0-60 QQQ:VOL_EWMA85,sens,sens_2013-01-03,2013-01-03,2018-01-03,false,true,0.85000000,0.35000000,0.60000000,,0.00034910,0.00166804,0.00032218,0.00166306,106792.13720850,40000.00000000,66792.13720850,1.66980343,0.33526338,0.32723798,1.38444162,0.22791104,1.96977153,1.61866130,-0.20712386,105,2017,0.60021939,2016,0.04144898,0.41525348,0.39904463,,,0.58439742,0.30453020
VT TQQQ/BTAL t35 w0-60 QQQ:VOL_EWMA85 gate QQQ<SMA200,sens,sens_2013-01-03,2013-01-03,2018-01-03,false,true,0.85000000,0.35000000,0.60000000,QQQ<SMA200,0.00712968,0.20498966,0.00710512,0.20498966,96986.98585950,40000.00000000,56986.98585950,1.42467465,0.30415809,0.29378766,1.29215345,0.22550031,1.82168663,1.31570941,-0.23117422,569,2017,0.60024239,2016,-0.00576864,0.42204510,0.39904463,,,0.57760670,0.27572652
VT TQQQ/BTAL t35 w0-70 QQQ:VOL_EWMA85,sens,sens_2013-01-03,2013-01-03,2018-01-03,false,true,0.85000000,0.35000000,0.70000000,,0.00033226,0.00187212,0.00030966,0.00183300,119795.10781250,40000.00000000,79795.10781250,1.99487770,0.37845943,0.36765457,1.34414768,0.26539673,1.90653404,1.51752094,-0.24939322,536,2017,0.72179273,2016,0.03249073,0.32912735,0.29816700,,,0.67054039,0.30452607
VT TQQQ/BTAL t35 w0-70 QQQ:VOL_EWMA85 gate QQQ<SMA200,sens,sens_2013-01-03,2013-01-03,2018-01-03,false,true,0.85000000,0.35000000,0.70000000,QQQ<SMA200,0.00710556,0.20483145,0.00708322,0.20483145,108716.81124400,40000.00000000,68716.81124400,1.71792028,0.34642504,0.33348395,1.26324546,0.26331726,1.77977363,1.23251279,-0.28107217,576,2017,0.72179136,2016,-0.01408603,0.33587585,0.29816700,,,0.66377084,0.27590586
VT TQQQ/BTAL t35 w0-80 QQQ:VOL_EWMA85,sens,sens_2013-01-03,2013-01-03,2018-01-03,false,true,0.85000000,0.35000000,0.80000000,,0.00033510,0.00166804,0.00031281,0.00166306,129115.67053550,40000.00000000,89115.67053550,2.22789176,0.40627551,0.39432571,1.28770284,0.30030649,1.81963486,1.41638008,-0.28684074,540,2013,0.85387831,2016,0.03779315,0.25433533,0.19863777,,,0.74532956,0.30454907
VT TQQQ/BTAL t35 w0-80 QQQ:VOL_EWMA85 gate QQQ<SMA200,sens,sens_2013-01-03,2013-01-03,2018-01-03,false,true,0.85000000,0.35000000,0.80000000,QQQ<SMA200,0.00705038,0.20481323,0.00702898,0.20481323,117160.99890650,40000.00000000,77160.99890650,1.92902497,0.37365241,0.35978878,1.21502112,0.29846939,1.70796217,1.13698482,-0.32863447,576,2013,0.85387831,2015,-0.02926349,0.26107270,0.19863777,,,0.73859543,0.27595617
50/50,sens,sens_2013-01-03,2013-01-03,2018-01-03,true,true,,,,,0.00036334,0.00136022,0.00033959,0.00134600,93511.50963400,40000.00000000,53511.50963400,1.33778774,0.28581418,0.28120941,1.38788868,0.19508001,1.97785582,1.67127195,-0.17101596,213,2017,0.47786004,2018,0.03244711,0.49966041,0.49865400,,,0.49997625,0.49994643
TQQQ60/BTAL40,sens,sens_2013-01-03,2013-01-03,2018-01-03,true,true,,,,,0.00041117,0.00152259,0.00038777,0.00150300,112017.51845650,40000.00000000,72017.51845650,1.80043796,0.35002975,0.34397263,1.38626288,0.23710342,1.97858326,1.54872368,-0.22601175,225,2017,0.60022235,2018,0.04237664,0.39961280,0.39849700,,,0.59997604,0.59995016
TQQQ50/BTAL50 gate QQQ<SMA200,sens,sens_2013-01-03,2013-01-03,2018-01-03,true,true,,,,,0.00749454,0.10618838,0.00747066,0.10618838,88794.54124900,40000.00000000,48794.54124900,1.21986353,0.26975981,0.26345618,1.34917566,0.19073070,1.90970479,1.64281145,-0.16420619,141,2017,0.47784653,2018,0.03244090,0.50682349,0.49865400,,,0.49281562,0.39381162
SPY benchmark,sens,sens_2013-01-03,2013-01-03,2018-01-03,true,true,,,,,0.00392738,0.01309056,0.00392738,0.01309056,58949.98223000,40000.00000000,18949.98223000,0.47374956,0.13115520,0.12613280,1.10144091,0.11835502,1.56398457,0.91613079,-0.14316209,418,2013,0.26541695,2015,-0.00792788,,,0.99607262,0.98690944,,
VT TQQQ/BTAL t25 w0-60 QQQ:VOL_EWMA70,sens,sens_2013-07-03,2013-07-03,2018-07-03,false,true,0.70000000,0.25000000,0.60000000,,0.00031156,0.00158561,0.00028010,0.00152343,90116.88351650,40000.00000000,50116.88351650,1.25292209,0.27957870,0.26875551,1.21307250,0.22426310,1.70631612,1.41075005,-0.19817735,430,2017,0.55563568,2015,0.00732258,0.45684862,0.39909029,,,0.54283982,0.22216650
VT TQQQ/BTAL t25 w0-60 QQQ:VOL_EWMA70 gate QQQ<SMA200,sens,sens_2013-07-03,2013-07-03,2018-07-03,false,true,0.70000000,0.25000000,0.60000000,QQQ<SMA200,0.00649296,0.25142785,0.00645912,0.25142785,83792.08952500,40000.00000000,43792.08952500,1.09480224,0.25474229,0.24390497,1.13113099,0.22288539,1.58192457,1.23093676,-0.20694994,576,2017,0.55561015,2015,-0.03258946,0.46302898,0.39909029,,,0.53665089,0.19833998
VT TQQQ/BTAL t25 w0-70 QQQ:VOL_EWMA70,sens,sens_2013-07-03,2013-07-03,2018-07-03,false,true,0.70000000,0.25000000,0.70000000,,0.00037455,0.00127202,0.00034538,0.00123214,94241.81424800,40000.00000000,54241.81424800,1.35604536,0.29359086,0.28413731,1.14317533,0.25374321,1.59720900,1.24595195,-0.23563578,543,2017,0.64673871,2015,-0.04380577,0.39975457,0.29876786,,,0.59987088,0.22214776
VT TQQQ/BTAL t25 w0-70 QQQ:VOL_EWMA70 gate QQQ<SMA200,sens,sens_2013-07-03,2013-07-03,2018-07-03,false,true,0.70000000,0.25000000,0.70000000,QQQ<SMA200,0.00614584,0.25155471,0.00611480,0.25155471,87842.37095000,40000.00000000,47842.37095000,1.19605927,0.26921719,0.26000359,1.07151127,0.25268686,1.49085266,1.03737566,-0.25951755,576,2017,0.64666266,2015,-0.08173321,0.40552496,0.29876786,,,0.59409360,0.19824670
VT TQQQ/BTAL t25 w0-80 QQQ:VOL_EWMA70,sens,sens_2013-07-03,2013-07-03,2018-07-03,false,true,0.70000000,0.25000000,0.80000000,,0.00035699,0.00169181,0.00032549,0.00166838,99860.37570350,40000.00000000,59860.37570350,1.49650939,0.31168890,0.30415419,1.12054693,0.27678230,1.56475244,1.13892792,-0.27366868,694,2017,0.73252388,2015,-0.08628967,0.35417452,0.19833162,,,0.64546849,0.22211588
VT TQQQ/BTAL t25 w0-80 QQQ:VOL_EWMA70 gate QQQ<SMA200,sens,sens_2013-07-03,2013-07-03,2018-07-03,false,true,0.70000000,0.25000000,0.80000000,QQQ<SMA200,0.00614587,0.25167268,0.00611248,0.25167268,93081.95162500,40000.00000000,53081.95162500,1.32704879,0.28697073,0.27987370,1.05441061,0.27582155,1.46727641,0.96176264,-0.29838000,717,2017,0.73254305,2015,-0.12256622,0.35993329,0.19833162,,,0.63969178,0.19815006
VT TQQQ/BTAL t30 w0-60 QQQ:VOL_EWMA70,sens,sens_2013-07-03,2013-07-03,2018-07-03,false,true,0.70000000,0.30000000,0.60000000,,0.00031495,0.00111886,0.00028763,0.00109047,97681.71148200,40000.00000000,57681.71148200,1.44204279,0.31025692,0.29651383,1.27435886,0.23382317,1.79918743,1.52641515,-0.20325854,392,2017,0.58235986,2016,0.03778849,0.43098013,0.39890953,,,0.56870492,0.26660121
VT TQQQ/BTAL t30 w0-60 QQQ:VOL_EWMA70 gate QQQ<SMA200,sens,sens_2013-07-03,2013-07-03,2018-07-03,false,true,0.70000000,0.30000000,0.60000000,QQQ<SMA200,0.00733765,0.28342572,0.00730496,0.28342572,89843.63229300,40000.00000000,49843.63229300,1.24609081,0.28161432,0.26771457,1.18839002,0.23170053,1.66445069,1.27724659,-0.22048547,576,2017,0.58237519,2016,-0.02610263,0.43797241,0.39890953,,,0.56169063,0.23953110
VT TQQQ/BTAL t30 w0-70 QQQ:VOL_EWMA70,sens,sens_2013-07-03,2013-07-03,2018-07-03,false,true,0.70000000,0.30000000,0.70000000,,0.00035004,0.00151872,0.00032099,0.00148237,104216.35862450,40000.00000000,64216.35862450,1.60540897,0.33366488,0.31899829,1.21400443,0.26694905,1.70660466,1.38752003,-0.24047572,536,2017,0.68057975,2015,0.01204210,0.36137871,0.29851763,,,0.63827125,0.26660041
VT TQQQ/BTAL t30 w0-70 QQQ:VOL_EWMA70 gate QQQ<SMA200,sens,sens_2013-07-03,2013-07-03,2018-07-03,false,true,0.70000000,0.30000000,0.70000000,QQQ<SMA200,0.00764311,0.30055162,0.00761083,0.30055162,95572.59058700,40000.00000000,55572.59058700,1.38931476,0.30359367,0.28897216,1.13501968,0.26493508,1.58511072,1.13033997,-0.26858616,576,2017,0.68055844,2015,-0.03439599,0.36864673,0.29851763,,,0.63098335,0.23948697
VT TQQQ/BTAL t30 w0-80 QQQ:VOL_EWMA70,sens,sens_2013-07-03,2013-07-03,2018-07-03,false,true,0.70000000,0.30000000,0.80000000,,0.00033306,0.00169181,0.00030225,0.00166838,109131.89822000,40000.00000000,69131.89822000,1.72829746,0.34887806,0.33510590,1.15320031,0.29877793,1.61253491,1.25630813,-0.27770103,543,2017,0.77849666,2015,-0.04460803,0.30105512,0.19833162,,,0.69861182,0.26657779
VT TQQQ/BTAL t30 w0-80 QQQ:VOL_EWMA70 gate QQQ<SMA200,sens,sens_2013-07-03,2013-07-03,2018-07-03,false,true,0.70000000,0.30000000,0.80000000,QQQ<SMA200,0.00724040,0.30071324,0.00721084,0.30071324,100311.12468500,40000.00000000,60311.12468500,1.50777812,0.31916071,0.30571649,1.08284417,0.29713766,1.50661404,1.00973541,-0.31608351,576,2017,0.77850601,2015,-0.08846397,0.30793796,0.19833162,,,0.69170304,0.23937221
VT TQQQ/BTAL t35 w0-60 QQQ:VOL_EWMA70,sens,sens_2013-07-03,2013-07-03,2018-07-03,false,true,0.70000000,0.35000000,0.60000000,,0.00031813,0.00111886,0.00029421,0.00109047,102016.92579350,40000.00000000,62016.92579350,1.55042314,0.32608589,0.31157315,1.30136906,0.23919390,1.83990493,1.57421343,-0.20714211,382,2017,0.60021277,2016,0.03865771,0.41885965,0.39890953,,,0.58082222,0.31103768
VT TQQQ/BTAL t35 w0-60 QQQ:VOL_EWMA70 gate QQQ<SMA200,sens,sens_2013-07-03,2013-07-03,2018-07-03,false,true,0.70000000,0.35000000,0.60000000,QQQ<SMA200,0.00674645,0.22930501,0.00672042,0.22930501,94195.41820650,40000.00000000,54195.41820650,1.35488546,0.29858558,0.28396766,1.22257958,0.23702410,1.71501854,1.30373390,-0.22902340,571,2017,0.60021743,2016,-0.01364554,0.42524776,0.39890953,,,0.57440600,0.28105407
VT TQQQ/BTAL t35 w0-70 QQQ:VOL_EWMA70,sens,sens_2013-07-03,2013-07-03,2018-07-03,false,true,0.70000000,0.35000000,0.70000000,,0.00031833,0.00151872,0.00029141,0.00148237,112770.54132150,40000.00000000,72770.54132150,1.81926353,0.36409877,0.34662323,1.26115642,0.27708697,1.77858505,1.48491934,-0.24519768,536,2017,0.70888540,2016,0.04425289,0.33618849,0.29851763,,,0.66349318,0.31101543
VT TQQQ/BTAL t35 w0-70 QQQ:VOL_EWMA70 gate QQQ<SMA200,sens,sens_2013-07-03,2013-07-03,2018-07-03,false,true,0.70000000,0.35000000,0.70000000,QQQ<SMA200,0.00836355,0.32931271,0.00833208,0.32931271,102368.04974500,40000.00000000,62368.04974500,1.55920124,0.33034806,0.31276794,1.17952009,0.27436370,1.64964400,1.17224396,-0.28180828,576,2017,0.70890309,2016,-0.02842684,0.34422572,0.29851763,,,0.65544255,0.28115555
VT TQQQ/BTAL t35 w0-80 QQQ:VOL_EWMA70,sens,sens_2013-07-03,2013-07-03,2018-07-03,false,true,0.70000000,0.35000000,0.80000000,,0.00031515,0.00169181,0.00028823,0.00166838,120069.67894550,40000.00000000,80069.67894550,2.00174197,0.38724838,0.36877692,1.20884019,0.31148902,1.69840102,1.37228536,-0.28219231,539,2017,0.81374539,2015,0.01445160,0.26622954,0.19833162,,,0.73345530,0.31104315
VT TQQQ/BTAL t35 w0-80 QQQ:VOL_EWMA70 gate QQQ<SMA200,sens,sens_2013-07-03,2013-07-03,2018-07-03,false,true,0.70000000,0.35000000,0.80000000,QQQ<SMA200,0.00864933,0.34927982,0.00862121,0.34927982,108654.33415650,40000.00000000,68654.33415650,1.71635835,0.35191087,0.33356931,1.13275979,0.30889324,1.58038137,1.07455856,-0.32749343,576,2017,0.81373592,2015,-0.03796775,0.27457464,0.19833162,,,0.72510955,0.28112841
VT TQQQ/BTAL t25 w0-60 QQQ:VOL_EWMA75,sens,sens_2013-07-03,2013-07-03,2018-07-03,false,true,0.75000000,0.25000000,0.60000000,,0.00032886,0.00118304,0.00029841,0.00113024,90390.68022800,40000.00000000,50390.68022800,1.25976701,0.28072822,0.26979572,1.22057372,0.22347901,1.71579533,1.40996277,-0.19910328,430,2017,0.55749996,2015,0.01282922,0.45728126,0.39886976,,,0.54238988,0.21542041
VT TQQQ/BTAL t25 w0-60 QQQ:VOL_EWMA75 gate QQQ<SMA200,sens,sens_2013-07-03,2013-07-03,2018-07-03,false,true,0.75000000,0.25000000,0.60000000,QQQ<SMA200,0.00626285,0.21953072,0.00623266,0.21953072,84053.89279400,40000.00000000,44053.89279400,1.10134732,0.25578587,0.24496639,1.13736598,0.22227645,1.59069110,1.22147612,-0.20940718,576,2017,0.55747978,2015,-0.03410054,0.46324860,0.39886976,,,0.53643545,0.19217634
VT TQQQ/BTAL t25 w0-70 QQQ:VOL_EWMA75,sens,sens_2013-07-03,2013-07-03,2018-07-03,false,true,0.75000000,0.25000000,0.70000000,,0.00037006,0.00127202,0.00034071,0.00123214,94588.24552150,40000.00000000,54588.24552150,1.36470614,0.29461753,0.28540174,1.15176663,0.25219886,1.60879669,1.24560407,-0.23652583,543,2017,0.64894134,2015,-0.03703711,0.40132963,0.29876786,,,0.59830031,0.21542332
VT TQQQ/BTAL t25 w0-70 QQQ:VOL_EWMA75 gate QQQ<SMA200,sens,sens_2013-07-03,2013-07-03,2018-07-03,false,true,0.75000000,0.25000000,0.70000000,QQQ<SMA200,0.00588915,0.21964838,0.00586149,0.21964838,88181.12502250,40000.00000000,48181.12502250,1.20452813,0.27016180,0.26131977,1.07898418,0.25129967,1.50160131,1.04122390,-0.25946562,576,2017,0.64896863,2015,-0.08167529,0.40686673,0.29876786,,,0.59276708,0.19209578
VT TQQQ/BTAL t25 w0-80 QQQ:VOL_EWMA75,sens,sens_2013-07-03,2013-07-03,2018-07-03,false,true,0.75000000,0.25000000,0.80000000,,0.00039591,0.00169181,0.00036104,0.00166838,101313.46848900,40000.00000000,61313.46848900,1.53283671,0.31616132,0.30916848,1.14022109,0.27441504,1.59392747,1.15418308,-0.27392649,553,2017,0.74365527,2015,-0.07984813,0.35634961,0.19833162,,,0.64325447,0.21541674
VT TQQQ/BTAL t25 w0-80 QQQ:VOL_EWMA75 gate QQQ<SMA200,sens,sens_2013-07-03,2013-07-03,2018-07-03,false,true,0.75000000,0.25000000,0.80000000,QQQ<SMA200,0.00593463,0.21980549,0.00590090,0.21980549,94438.60720550,40000.00000000,54438.60720550,1.36096518,0.29129351,0.28485608,1.07298790,0.27359476,1.49532759,1.00822544,-0.28891704,576,2017,0.74366223,2015,-0.12254881,0.36188021,0.19833162,,,0.63771686,0.19202711
VT TQQQ/BTAL t30 w0-60 QQQ:VOL_EWMA75,sens,sens_2013-07-03,2013-07-03,2018-07-03,false,true,0.75000000,0.30000000,0.60000000,,0.00033462,0.00111886,0.00030545,0.00109047,98300.17804100,40000.00000000,58300.17804100,1.45750445,0.31263595,0.29869795,1.28468783,0.23325483,1.81392216,1.52991345,-0.20434878,392,2017,0.58414534,2016,0.03362151,0.43104043,0.39890953,,,0.56862495,0.25848917
VT TQQQ/BTAL t30 w0-60 QQQ:VOL_EWMA75 gate QQQ<SMA200,sens,sens_2013-07-03,2013-07-03,2018-07-03,false,true,0.75000000,0.30000000,0.60000000,QQQ<SMA200,0.00733068,0.26213123,0.00730231,0.26213123,90179.57859850,40000.00000000,50179.57859850,1.25448946,0.28298052,0.26899395,1.19494826,0.23123028,1.67431014,1.27112610,-0.22262191,576,2017,0.58414867,2016,-0.02563007,0.43803774,0.39890953,,,0.56161910,0.23202870
VT TQQQ/BTAL t30 w0-70 QQQ:VOL_EWMA75,sens,sens_2013-07-03,2013-07-03,2018-07-03,false,true,0.75000000,0.30000000,0.70000000,,0.00035784,0.00151872,0.00032402,0.00148237,104702.15915100,40000.00000000,64702.15915100,1.61755398,0.33553913,0.32061966,1.22166629,0.26628241,1.71684308,1.38938227,-0.24150239,536,2017,0.68267799,2015,0.01903182,0.36142123,0.29851763,,,0.63822092,0.25851889
VT TQQQ/BTAL t30 w0-70 QQQ:VOL_EWMA75 gate QQQ<SMA200,sens,sens_2013-07-03,2013-07-03,2018-07-03,false,true,0.75000000,0.30000000,0.70000000,QQQ<SMA200,0.00732582,0.26221839,0.00729462,0.26221839,96032.02502850,40000.00000000,56032.02502850,1.40080063,0.30535566,0.29062746,1.14160489,0.26448771,1.59487543,1.12716324,-0.27090634,576,2017,0.68269191,2015,-0.03570135,0.36844330,0.29851763,,,0.63122221,0.23201757
VT TQQQ/BTAL t30 w0-80 QQQ:VOL_EWMA75,sens,sens_2013-07-03,2013-07-03,2018-07-03,false,true,0.75000000,0.30000000,0.80000000,,0.00031971,0.00169181,0.00029067,0.00166838,109392.83719650,40000.00000000,69392.83719650,1.73482093,0.34948514,0.33594299,1.15874709,0.29737835,1.61916571,1.25406965,-0.27868081,548,2017,0.78140904,2015,-0.03655036,0.30273846,0.19833162,,,0.69694183,0.25851567
VT TQQQ/BTAL t30 w0-80 QQQ:VOL_EWMA75 gate QQQ<SMA200,sens,sens_2013-07-03,2013-07-03,2018-07-03,false,true,0.75000000,0.30000000,0.80000000,QQQ<SMA200,0.00702099,0.26240386,0.00699213,0.26240386,100525.38183150,40000.00000000,60525.38183150,1.51313455,0.31952229,0.30645693,1.08707256,0.29589517,1.51213434,1.00249244,-0.31872788,578,2017,0.78140915,2015,-0.08835289,0.30943078,0.19833162,,,0.69023964,0.23191892
VT TQQQ/BTAL t35 w0-60 QQQ:VOL_EWMA75,sens,sens_2013-07-03,2013-07-03,2018-07-03,false,true,0.75000000,0.35000000,0.60000000,,0.00034364,0.00111886,0.00031335,0.00109047,102534.43971650,40000.00000000,62534.43971650,1.56336099,0.32789834,0.31333286,1.30686203,0.23924453,1.84836296,1.58296322,-0.20714211,378,2017,0.60022333,2016,0.03836780,0.41869786,0.39890953,,,0.58095850,0.30157452
VT TQQQ/BTAL t35 w0-60 QQQ:VOL_EWMA75 gate QQQ<SMA200,sens,sens_2013-07-03,2013-07-03,2018-07-03,false,true,0.75000000,0.35000000,0.60000000,QQQ<SMA200,0.00712280,0.22809413,0.00709925,0.22809413,94029.51157550,40000.00000000,54029.51157550,1.35073779,0.29796237,0.28336039,1.22081798,0.23695973,1.71243792,1.28922843,-0.23111682,571,2017,0.60021625,2016,-0.01367814,0.42549398,0.39890953,,,0.57416397,0.27219640
VT TQQQ/BTAL t35 w0-70 QQQ:VOL_EWMA75,sens,sens_2013-07-03,2013-07-03,2018-07-03,false,true,0.75000000,0.35000000,0.70000000,,0.00030345,0.00151872,0.00027612,0.00148237,113628.33666700,40000.00000000,73628.33666700,1.84070842,0.36697735,0.34929080,1.27126186,0.27639571,1.79308363,1.48950641,-0.24637514,536,2017,0.71111508,2016,0.03949935,0.33629490,0.29851763,,,0.66340165,0.30159176
VT TQQQ/BTAL t35 w0-70 QQQ:VOL_EWMA75 gate QQQ<SMA200,sens,sens_2013-07-03,2013-07-03,2018-07-03,false,true,0.75000000,0.35000000,0.70000000,QQQ<SMA200,0.00831344,0.30446801,0.00828603,0.30446801,102831.09666450,40000.00000000,62831.09666450,1.57077742,0.33200657,0.31433806,1.18601350,0.27377724,1.65939889,1.16886884,-0.28404091,577,2017,0.71107181,2016,-0.02786682,0.34435173,0.29851763,,,0.65535928,0.27234118
VT TQQQ/BTAL t35 w0-80 QQQ:VOL_EWMA75,sens,sens_2013-07-03,2013-07-03,2018-07-03,false,true,0.75000000,0.35000000,0.80000000,,0.00035205,0.00169181,0.00032343,0.00166838,120820.07163950,40000.00000000,80820.07163950,2.02050179,0.38975845,0.37098713,1.21633464,0.31091373,1.70867883,1.37576332,-0.28330342,539,2017,0.81636141,2015,0.02287581,0.26586953,0.19833162,,,0.73377842,0.30160591
VT TQQQ/BTAL t35 w0-80 QQQ:VOL_EWMA75 gate QQQ<SMA200,sens,sens_2013-07-03,2013-07-03,2018-07-03,false,true,0.75000000,0.35000000,0.80000000,QQQ<SMA200,0.00835056,0.30453079,0.00832231,0.30453079,109349.62410750,40000.00000000,69349.62410750,1.73374060,0.35428442,0.33580448,1.13929649,0.30857620,1.59030960,1.07464396,-0.32967609,578,2017,0.81638886,2015,-0.03912479,0.27389101,0.19833162,,,0.72576232,0.27231431
VT TQQQ/BTAL t25 w0-60 QQQ:VOL_EWMA80,sens,sens_2013-07-03,2013-07-03,2018-07-03,false,true,0.80000000,0.25000000,0.60000000,,0.00034674,0.00088950,0.00030972,0.00085537,90986.84024100,40000.00000000,50986.84024100,1.27467101,0.28293229,0.27205096,1.23114574,0.22284461,1.73013314,1.41203227,-0.20037239,430,2017,0.56108504,2015,0.01982079,0.45718220,0.39914463,,,0.54247106,0.21312167
VT TQQQ/BTAL t25 w0-60 QQQ:VOL_EWMA80 gate QQQ<SMA200,sens,sens_2013-07-03,2013-07-03,2018-07-03,false,true,0.80000000,0.25000000,0.60000000,QQQ<SMA200,0.00599414,0.18586433,0.00595980,0.18586433,84739.43840750,40000.00000000,44739.43840750,1.11848596,0.25839242,0.24773179,1.14869630,0.22179946,1.60710469,1.22881079,-0.21027844,576,2017,0.56108116,2015,-0.03278296,0.46277124,0.39914463,,,0.53684469,0.19008548
VT TQQQ/BTAL t25 w0-70 QQQ:VOL_EWMA80,sens,sens_2013-07-03,2013-07-03,2018-07-03,false,true,0.80000000,0.25000000,0.70000000,,0.00033980,0.00127202,0.00030772,0.00123214,95927.21327950,40000.00000000,55927.21327950,1.39818033,0.29930955,0.29025045,1.17299149,0.25031551,1.64001616,1.25914905,-0.23770780,541,2017,0.65300805,2015,-0.02795571,0.40289583,0.29876786,,,0.59676437,0.21312375
VT TQQQ/BTAL t25 w0-70 QQQ:VOL_EWMA80 gate QQQ<SMA200,sens,sens_2013-07-03,2013-07-03,2018-07-03,false,true,0.80000000,0.25000000,0.70000000,QQQ<SMA200,0.00554481,0.18601164,0.00551670,0.18601164,89551.96653550,40000.00000000,49551.96653550,1.23879916,0.27519731,0.26660036,1.10062747,0.24955431,1.53393333,1.09468611,-0.25139381,576,2017,0.65298662,2015,-0.07810748,0.40810362,0.29876786,,,0.59155409,0.19000876
VT TQQQ/BTAL t25 w0-80 QQQ:VOL_EWMA80,sens,sens_2013-07-03,2013-07-03,2018-07-03,false,true,0.80000000,0.25000000,0.80000000,,0.00036232,0.00157997,0.00032797,0.00156061,103118.65840350,40000.00000000,63118.65840350,1.57796646,0.32105874,0.31531000,1.16542965,0.27082014,1.63099672,1.22326865,-0.26245972,540,2017,0.74857729,2015,-0.06221936,0.35966498,0.19843939,,,0.63997270,0.21311110
VT TQQQ/BTAL t25 w0-80 QQQ:VOL_EWMA80 gate QQQ<SMA200,sens,sens_2013-07-03,2013-07-03,2018-07-03,false,true,0.80000000,0.25000000,0.80000000,QQQ<SMA200,0.00556291,0.18613808,0.00553032,0.18613808,96247.18618650,40000.00000000,56247.18618650,1.40617965,0.29654006,0.29140025,1.09828189,0.27011919,1.53286732,1.08330718,-0.27373590,574,2017,0.74853651,2015,-0.11060318,0.36487675,0.19843939,,,0.63475636,0.18994640
VT TQQQ/BTAL t30 w0-60 QQQ:VOL_EWMA80,sens,sens_2013-07-03,2013-07-03,2018-07-03,false,true,0.80000000,0.30000000,0.60000000,,0.00034174,0.00111886,0.00031267,0.00109047,99078.38544700,40000.00000000,59078.38544700,1.47695964,0.31534824,0.30142896,1.29685812,0.23253090,1.83114260,1.53221667,-0.20581178,392,2017,0.58821140,2016,0.02883851,0.43106239,0.39890953,,,0.56859587,0.25577867
VT TQQQ/BTAL t30 w0-60 QQQ:VOL_EWMA80 gate QQQ<SMA200,sens,sens_2013-07-03,2013-07-03,2018-07-03,false,true,0.80000000,0.30000000,0.60000000,QQQ<SMA200,0.00695359,0.22178873,0.00692396,0.22178873,91038.86605800,40000.00000000,51038.86605800,1.27597165,0.28609332,0.27224715,1.20750084,0.23074229,1.69334290,1.28302333,-0.22298373,576,2017,0.58820229,2016,-0.02205639,0.43767770,0.39890953,,,0.56197632,0.22953619
VT TQQQ/BTAL t30 w0-70 QQQ:VOL_EWMA80,sens,sens_2013-07-03,2013-07-03,2018-07-03,false,true,0.80000000,0.30000000,0.70000000,,0.00034793,0.00151872,0.00032020,0.00148237,105698.94673800,40000.00000000,65698.94673800,1.64247367,0.33890906,0.32392580,1.23385102,0.26553974,1.73393434,1.39512877,-0.24292314,539,2017,0.68721190,2015,0.02744295,0.36119765,0.29851763,,,0.63845442,0.25580298
VT TQQQ/BTAL t30 w0-70 QQQ:VOL_EWMA80 gate QQQ<SMA200,sens,sens_2013-07-03,2013-07-03,2018-07-03,false,true,0.80000000,0.30000000,0.70000000,QQQ<SMA200,0.00696710,0.22183530,0.00693887,0.22183530,97111.00954900,40000.00000000,57111.00954900,1.42777524,0.30916344,0.29448751,1.15444349,0.26394981,1.61382583,1.13748958,-0.27179452,576,2017,0.68721198,2015,-0.03404093,0.36778720,0.29851763,,,0.63183920,0.22952753
VT TQQQ/BTAL t30 w0-80 QQQ:VOL_EWMA80,sens,sens_2013-07-03,2013-07-03,2018-07-03,false,true,0.80000000,0.30000000,0.80000000,,0.00035672,0.00169181,0.00032857,0.00166838,110640.47262750,40000.00000000,70640.47262750,1.76601182,0.35337322,0.33992129,1.17212911,0.29612270,1.63805938,1.26203838,-0.28000196,543,2017,0.78661120,2015,-0.02568195,0.30325468,0.19833162,,,0.69638860,0.25575268
VT TQQQ/BTAL t30 w0-80 QQQ:VOL_EWMA80 gate QQQ<SMA200,sens,sens_2013-07-03,2013-07-03,2018-07-03,false,true,0.80000000,0.30000000,0.80000000,QQQ<SMA200,0.00673117,0.22204607,0.00670215,0.22204607,101793.29164050,40000.00000000,61793.29164050,1.54483229,0.32368098,0.31081028,1.10076020,0.29477559,1.53203786,1.02098256,-0.31702890,576,2017,0.78656828,2015,-0.08405188,0.30966764,0.19833162,,,0.68998643,0.22938130
VT TQQQ/BTAL t35 w0-60 QQQ:VOL_EWMA80,sens,sens_2013-07-03,2013-07-03,2018-07-03,false,true,0.80000000,0.35000000,0.60000000,,0.00033630,0.00111886,0.00030841,0.00109047,103706.61577200,40000.00000000,63706.61577200,1.59266539,0.33147270,0.31728983,1.32120631,0.23856045,1.87042982,1.60021882,-0.20714211,106,2017,0.60021291,2016,0.04016722,0.41887724,0.39890953,,,0.58078646,0.29840125
VT TQQQ/BTAL t35 w0-60 QQQ:VOL_EWMA80 gate QQQ<SMA200,sens,sens_2013-07-03,2013-07-03,2018-07-03,false,true,0.80000000,0.35000000,0.60000000,QQQ<SMA200,0.00741372,0.22683090,0.00738882,0.22683090,94599.72727550,40000.00000000,54599.72727550,1.36499318,0.29960809,0.28544357,1.22956202,0.23615021,1.72552145,1.29133779,-0.23201372,571,2017,0.60020706,2016,-0.01166970,0.42597853,0.39890953,,,0.57368724,0.26922668
VT TQQQ/BTAL t35 w0-70 QQQ:VOL_EWMA80,sens,sens_2013-07-03,2013-07-03,2018-07-03,false,true,0.80000000,0.35000000,0.70000000,,0.00030106,0.00151872,0.00027351,0.00148237,114711.59606700,40000.00000000,74711.59606700,1.86778990,0.37030260,0.35263442,1.28332737,0.27550265,1.81024718,1.49334270,-0.24796893,536,2017,0.71616791,2016,0.03407038,0.33633217,0.29851763,,,0.66336677,0.29839349
VT TQQQ/BTAL t35 w0-70 QQQ:VOL_EWMA80 gate QQQ<SMA200,sens,sens_2013-07-03,2013-07-03,2018-07-03,false,true,0.80000000,0.35000000,0.70000000,QQQ<SMA200,0.00792812,0.25734681,0.00789682,0.25734681,104020.53927000,40000.00000000,64020.53927000,1.60051348,0.33585260,0.31834286,1.19863160,0.27316266,1.67851767,1.18120322,-0.28433092,576,2017,0.71617352,2016,-0.02356182,0.34387817,0.29851763,,,0.65577390,0.26936787
VT TQQQ/BTAL t35 w0-80 QQQ:VOL_EWMA80,sens,sens_2013-07-03,2013-07-03,2018-07-03,false,true,0.80000000,0.35000000,0.80000000,,0.00034109,0.00169181,0.00031271,0.00166838,122366.67444900,40000.00000000,82366.67444900,2.05916686,0.39450607,0.37550492,1.22970588,0.31010928,1.72787098,1.38515384,-0.28481029,540,2017,0.82191071,2015,0.03252077,0.26555121,0.19833162,,,0.73410770,0.29839566
VT TQQQ/BTAL t35 w0-80 QQQ:VOL_EWMA80 gate QQQ<SMA200,sens,sens_2013-07-03,2013-07-03,2018-07-03,false,true,0.80000000,0.35000000,0.80000000,QQQ<SMA200,0.00790531,0.25742497,0.00787823,0.25742497,110950.59182950,40000.00000000,70950.59182950,1.77376480,0.35949085,0.34090405,1.15325400,0.30802552,1.61118280,1.08751763,-0.33056094,578,2017,0.82187470,2015,-0.03723250,0.27309700,0.19833162,,,0.72654468,0.26934455
VT TQQQ/BTAL t25 w0-60 QQQ:VOL_EWMA85,sens,sens_2013-07-03,2013-07-03,2018-07-03,false,true,0.85000000,0.25000000,0.60000000,,0.00031673,0.00111886,0.00028412,0.00109047,92062.11058250,40000.00000000,52062.11058250,1.30155276,0.28699903,0.27608560,1.24680681,0.22253260,1.75231479,1.42027206,-0.20207328,462,2017,0.56725129,2016,0.02648259,0.45642541,0.39890953,,,0.54325787,0.21747958
VT TQQQ/BTAL t25 w0-60 QQQ:VOL_EWMA85 gate QQQ<SMA200,sens,sens_2013-07-03,2013-07-03,2018-07-03,false,true,0.85000000,0.25000000,0.60000000,QQQ<SMA200,0.00541964,0.14913115,0.00538737,0.14913115,86153.89519350,40000.00000000,46153.89519350,1.15384738,0.26401506,0.25337482,1.16949436,0.22164293,1.63752416,1.26132162,-0.20931621,575,2017,0.56721551,2015,-0.02530721,0.46147779,0.39890953,,,0.53817133,0.19409608
VT TQQQ/BTAL t25 w0-70 QQQ:VOL_EWMA85,sens,sens_2013-07-03,2013-07-03,2018-07-03,false,true,0.85000000,0.25000000,0.70000000,,0.00032851,0.00135904,0.00029789,0.00134994,97482.12255900,40000.00000000,57482.12255900,1.43705306,0.30439785,0.29580637,1.19277967,0.24921169,1.66872491,1.27835805,-0.23811627,540,2017,0.65980873,2015,-0.01767458,0.40326883,0.29865006,,,0.59640265,0.21750018
VT TQQQ/BTAL t25 w0-70 QQQ:VOL_EWMA85 gate QQQ<SMA200,sens,sens_2013-07-03,2013-07-03,2018-07-03,false,true,0.85000000,0.25000000,0.70000000,QQQ<SMA200,0.00500848,0.14927753,0.00497369,0.14927753,91441.39256700,40000.00000000,51441.39256700,1.28603481,0.28186381,0.27376169,1.12495960,0.24858028,1.56967765,1.15639004,-0.24374458,574,2017,0.65979070,2015,-0.06966650,0.40792628,0.29865006,,,0.59172507,0.19403758
VT TQQQ/BTAL t25 w0-80 QQQ:VOL_EWMA85,sens,sens_2013-07-03,2013-07-03,2018-07-03,false,true,0.85000000,0.25000000,0.80000000,,0.00032185,0.00099024,0.00029255,0.00097411,106286.15908900,40000.00000000,66286.15908900,1.65715398,0.33033765,0.32586063,1.20979201,0.26549015,1.69722329,1.38721892,-0.23812943,535,2017,0.75577244,2015,-0.02881680,0.36396481,0.19905842,,,0.63571335,0.21751127
VT TQQQ/BTAL t25 w0-80 QQQ:VOL_EWMA85 gate QQQ<SMA200,sens,sens_2013-07-03,2013-07-03,2018-07-03,false,true,0.85000000,0.25000000,0.80000000,QQQ<SMA200,0.00501043,0.14933002,0.00497960,0.14933002,99655.41333450,40000.00000000,59655.41333450,1.49138533,0.30735876,0.30344173,1.14599152,0.26490489,1.60401260,1.24646527,-0.24658429,556,2017,0.75576733,2015,-0.08023351,0.36862202,0.19905842,,,0.63103714,0.19403202
VT TQQQ/BTAL t30 w0-60 QQQ:VOL_EWMA85,sens,sens_2013-07-03,2013-07-03,2018-07-03,false,true,0.85000000,0.30000000,0.60000000,,0.00033144,0.00111886,0.00030573,0.00109047,99776.96909300,40000.00000000,59776.96909300,1.49442423,0.31759303,0.30386442,1.30753490,0.23181102,1.84624596,1.53324273,-0.20713813,392,2017,0.59270460,2016,0.02726272,0.43130150,0.39890953,,,0.56836706,0.26102789
VT TQQQ/BTAL t30 w0-60 QQQ:VOL_EWMA85 gate QQQ<SMA200,sens,sens_2013-07-03,2013-07-03,2018-07-03,false,true,0.85000000,0.30000000,0.60000000,QQQ<SMA200,0.00629903,0.17770583,0.00627174,0.17770583,92235.25070000,40000.00000000,52235.25070000,1.30588127,0.29029983,0.27673133,1.22370446,0.23026967,1.71774978,1.31609933,-0.22057593,575,2017,0.59270010,2016,-0.01433641,0.43726242,0.39890953,,,0.56239535,0.23439414
VT TQQQ/BTAL t30 w0-70 QQQ:VOL_EWMA85,sens,sens_2013-07-03,2013-07-03,2018-07-03,false,true,0.85000000,0.30000000,0.70000000,,0.00032673,0.00151872,0.00029752,0.00148237,107031.97864300,40000.00000000,67031.97864300,1.67579947,0.34313560,0.32830453,1.24718950,0.26514891,1.75294222,1.40169996,-0.24479961,539,2017,0.69506153,2016,0.03327339,0.36030644,0.29851763,,,0.63936683,0.26104154
VT TQQQ/BTAL t30 w0-70 QQQ:VOL_EWMA85 gate QQQ<SMA200,sens,sens_2013-07-03,2013-07-03,2018-07-03,false,true,0.85000000,0.30000000,0.70000000,QQQ<SMA200,0.00628147,0.17772117,0.00625315,0.17772117,98919.88272100,40000.00000000,58919.88272100,1.47299707,0.31533961,0.30087426,1.17289885,0.26377639,1.64111165,1.16531835,-0.27060383,576,2017,0.69508271,2015,-0.02725382,0.36626066,0.29851763,,,0.63340128,0.23440337
VT TQQQ/BTAL t30 w0-80 QQQ:VOL_EWMA85,sens,sens_2013-07-03,2013-07-03,2018-07-03,false,true,0.85000000,0.30000000,0.80000000,,0.00033625,0.00169181,0.00030947,0.00166838,112970.59427350,40000.00000000,72970.59427350,1.82426486,0.36090007,0.34724694,1.19380632,0.29515473,1.67015851,1.28058292,-0.28182484,543,2017,0.79538351,2015,-0.01448229,0.30236164,0.19833162,,,0.69730212,0.26104369
VT TQQQ/BTAL t30 w0-80 QQQ:VOL_EWMA85 gate QQQ<SMA200,sens,sens_2013-07-03,2013-07-03,2018-07-03,false,true,0.85000000,0.30000000,0.80000000,QQQ<SMA200,0.00613017,0.17787780,0.00610155,0.17787780,104522.11813350,40000.00000000,64522.11813350,1.61305295,0.33306717,0.32001955,1.12698262,0.29398345,1.57111750,1.07719184,-0.30919949,576,2017,0.79537866,2015,-0.07496520,0.30812318,0.19833162,,,0.69151364,0.23431593
VT TQQQ/BTAL t35 w0-60 QQQ:VOL_EWMA85,sens,sens_2013-07-03,2013-07-03,2018-07-03,false,true,0.85000000,0.35000000,0.60000000,,0.00032800,0.00111886,0.00030030,0.00109047,104358.12544950,40000.00000000,64358.12544950,1.60895314,0.33340332,0.31947213,1.33141528,0.23766072,1.88505669,1.60953905,-0.20714211,105,2017,0.60021377,2016,0.04144890,0.41943559,0.39890953,,,0.58023641,0.30452114
VT TQQQ/BTAL t35 w0-60 QQQ:VOL_EWMA85 gate QQQ<SMA200,sens,sens_2013-07-03,2013-07-03,2018-07-03,false,true,0.85000000,0.35000000,0.60000000,QQQ<SMA200,0.00716326,0.20599715,0.00713621,0.20599715,95385.17955000,40000.00000000,55385.17955000,1.38462949,0.30216268,0.28829490,1.24137795,0.23533092,1.74275239,1.30566084,-0.23142509,570,2017,0.60022862,2016,-0.00613818,0.42627664,0.39890953,,,0.57338867,0.27495245
VT TQQQ/BTAL t35 w0-70 QQQ:VOL_EWMA85,sens,sens_2013-07-03,2013-07-03,2018-07-03,false,true,0.85000000,0.35000000,0.70000000,,0.00032446,0.00151872,0.00029849,0.00148237,115700.02680050,40000.00000000,75700.02680050,1.89250067,0.37310901,0.35566127,1.29404286,0.27461747,1.82551701,1.49598645,-0.24940668,536,2017,0.72178151,2016,0.03250010,0.33657794,0.29851763,,,0.66309760,0.30450701
VT TQQQ/BTAL t35 w0-70 QQQ:VOL_EWMA85 gate QQQ<SMA200,sens,sens_2013-07-03,2013-07-03,2018-07-03,false,true,0.85000000,0.35000000,0.70000000,QQQ<SMA200,0.00714562,0.20587553,0.00712156,0.20587553,105655.40760050,40000.00000000,65655.40760050,1.64138519,0.34098267,0.32378197,1.21465163,0.27259047,1.70270251,1.21070053,-0.28164080,576,2017,0.72175510,2016,-0.01453719,0.34340755,0.29851763,,,0.65626822,0.27509168
VT TQQQ/BTAL t35 w0-80 QQQ:VOL_EWMA85,sens,sens_2013-07-03,2013-07-03,2018-07-03,false,true,0.85000000,0.35000000,0.80000000,,0.00032357,0.00169181,0.00029607,0.00166838,124150.82700350,40000.00000000,84150.82700350,2.10377068,0.39944499,0.38065511,1.24316503,0.30943378,1.74708644,1.39258712,-0.28683663,540,2017,0.83170570,2016,0.03780530,0.26463252,0.19833162,,,0.73504391,0.30455286
VT TQQQ/BTAL t35 w0-80 QQQ:VOL_EWMA85 gate QQQ<SMA200,sens,sens_2013-07-03,2013-07-03,2018-07-03,false,true,0.85000000,0.35000000,0.80000000,QQQ<SMA200,0.00709408,0.20593310,0.00706716,0.20593310,113354.73925500,40000.00000000,73354.73925500,1.83386848,0.36675826,0.34844189,1.17170616,0.30762691,1.63848231,1.11407086,-0.32920550,576,2017,0.83170207,2015,-0.02959819,0.27146046,0.19833162,,,0.72824051,0.27513650
50/50,sens,sens_2013-07-03,2013-07-03,2018-07-03,true,true,,,,,0.00035362,0.00141141,0.00032389,0.00135224,92030.72154800,40000.00000000,52030.72154800,1.30076804,0.28565363,0.27596842,1.32006861,0.20680240,1.87094426,1.67060944,-0.17098768,213,2017,0.47785479,2016,0.06862617,0.49967783,0.49864776,,,0.49996855,0.49993141
TQQQ60/BTAL40,sens,sens_2013-07-03,2013-07-03,2018-07-03,true,true,,,,,0.00032096,0.00111886,0.00029479,0.00109047,108216.13519700,40000.00000000,68216.13519700,1.70540338,0.34545650,0.33215414,1.30589034,0.25188427,1.85059370,1.52844226,-0.22601868,225,2017,0.60024775,2016,0.08400150,0.39970790,0.39890953,,,0.59997114,0.59993708
TQQQ50/BTAL50 gate QQQ<SMA200,sens,sens_2013-07-03,2013-07-03,2018-07-03,true,true,,,,,0.00764790,0.10847380,0.00761227,0.10847380,87605.72769250,40000.00000000,47605.72769250,1.19014319,0.26922848,0.25908144,1.27943996,0.20264018,1.80202300,1.63962342,-0.16420141,141,2017,0.47782206,2016,0.03417228,0.50695313,0.49864776,,,0.49266243,0.39152620
SPY benchmark,sens,sens_2013-07-03,2013-07-03,2018-07-03,true,true,,,,,0.00384938,0.01489144,0.00384938,0.01489144,55094.85105000,40000.00000000,15094.85105000,0.37737128,0.10901648,0.10402317,0.89983799,0.12359271,1.25873386,0.76360623,-0.14276530,417,2017,0.19324857,2015,-0.00791743,,,0.99615062,0.98510856,,
VT TQQQ/BTAL t25 w0-60 QQQ:VOL_EWMA70,sens,sens_2014-01-03,2014-01-03,2019-01-03,false,true,0.70000000,0.25000000,0.60000000,,0.00033237,0.00158247,0.00028979,0.00147200,66749.79092950,40000.00000000,26749.79092950,0.66874477,0.17520235,0.16727237,0.80939584,0.23368947,1.11862863,0.73199984,-0.23934752,,2017,0.55558614,2019,-0.02166448,0.47571957,0.39852800,,,0.52394806,0.22096264
VT TQQQ/BTAL t25 w0-60 QQQ:VOL_EWMA70 gate QQQ<SMA200,sens,sens_2014-01-03,2014-01-03,2019-01-03,false,true,0.70000000,0.25000000,0.60000000,QQQ<SMA200,0.00964977,0.25279981,0.00960813,0.25279981,65397.84188150,40000.00000000,25397.84188150,0.63494605,0.16247592,0.16047182,0.76976063,0.23063035,1.06025823,0.78189078,-0.20779874,576,2017,0.55563047,2015,-0.03303979,0.48503490,0.39852800,,,0.51462088,0.16001229
VT TQQQ/BTAL t25 w0-70 QQQ:VOL_EWMA70,sens,sens_2014-01-03,2014-01-03,2019-01-03,false,true,0.70000000,0.25000000,0.70000000,,0.00040620,0.00157863,0.00036062,0.00156049,66040.76723800,40000.00000000,26040.76723800,0.65101918,0.16779887,0.16372172,0.72086260,0.26432158,0.98763529,0.62312994,-0.26928391,,2017,0.64669048,2015,-0.04379532,0.42354053,0.29851009,,,0.57605327,0.22091269
VT TQQQ/BTAL t25 w0-70 QQQ:VOL_EWMA70 gate QQQ<SMA200,sens,sens_2014-01-03,2014-01-03,2019-01-03,false,true,0.70000000,0.25000000,0.70000000,QQQ<SMA200,0.00926762,0.25311026,0.00922410,0.25311026,64878.10068750,40000.00000000,24878.10068750,0.62195252,0.15583083,0.15782316,0.68585963,0.26179737,0.93738264,0.59901789,-0.26014386,576,2017,0.64665020,2015,-0.08219225,0.43239236,0.29851009,,,0.56718453,0.16003049
VT TQQQ/BTAL t25 w0-80 QQQ:VOL_EWMA70,sens,sens_2014-01-03,2014-01-03,2019-01-03,false,true,0.70000000,0.25000000,0.80000000,,0.00042748,0.00176485,0.00038428,0.00171968,66057.30218000,40000.00000000,26057.30218000,0.65143255,0.16374288,0.16380492,0.67079570,0.28928847,0.91561625,0.54741745,-0.29911885,,2017,0.73252992,2015,-0.08633653,0.38283191,0.19882961,,,0.61674061,0.22094555
VT TQQQ/BTAL t25 w0-80 QQQ:VOL_EWMA70 gate QQQ<SMA200,sens,sens_2014-01-03,2014-01-03,2019-01-03,false,true,0.70000000,0.25000000,0.80000000,QQQ<SMA200,0.00930760,0.25339802,0.00926582,0.25339802,64922.47841950,40000.00000000,24922.47841950,0.62306196,0.15180634,0.15805007,0.63788043,0.28698343,0.86888226,0.50759636,-0.29906902,718,2017,0.73254140,2015,-0.12315777,0.39169787,0.19882961,,,0.60785830,0.15999191
VT TQQQ/BTAL t30 w0-60 QQQ:VOL_EWMA70,sens,sens_2014-01-03,2014-01-03,2019-01-03,false,true,0.70000000,0.30000000,0.60000000,,0.00043830,0.00173904,0.00039622,0.00167224,70819.48096850,40000.00000000,30819.48096850,0.77048702,0.20114883,0.18701086,0.87196272,0.24518283,1.20996573,0.75619377,-0.26600171,,2017,0.58235462,2019,-0.02527548,0.44571965,0.39852800,,,0.55384206,0.26512337
VT TQQQ/BTAL t30 w0-60 QQQ:VOL_EWMA70 gate QQQ<SMA200,sens,sens_2014-01-03,2014-01-03,2019-01-03,false,true,0.70000000,0.30000000,0.60000000,QQQ<SMA200,0.01114511,0.28503704,0.01110449,0.28503704,69326.42468850,40000.00000000,29326.42468850,0.73316062,0.18734205,0.17989226,0.83587577,0.24057692,1.15467936,0.84599279,-0.22144639,576,2017,0.58237338,2016,-0.02678517,0.45640203,0.39852800,,,0.54313670,0.19517974
VT TQQQ/BTAL t30 w0-70 QQQ:VOL_EWMA70,sens,sens_2014-01-03,2014-01-03,2019-01-03,false,true,0.70000000,0.30000000,0.70000000,,0.00042661,0.00161489,0.00038246,0.00151917,71211.31372850,40000.00000000,31211.31372850,0.78028284,0.19926619,0.18885644,0.79224874,0.27927396,1.09257258,0.67574208,-0.29488497,,2017,0.68054310,2019,-0.02527827,0.38271959,0.29865600,,,0.61685380,0.26511970
VT TQQQ/BTAL t30 w0-70 QQQ:VOL_EWMA70 gate QQQ<SMA200,sens,sens_2014-01-03,2014-01-03,2019-01-03,false,true,0.70000000,0.30000000,0.70000000,QQQ<SMA200,0.01140822,0.30242567,0.01137193,0.30242567,69560.33694150,40000.00000000,29560.33694150,0.73900842,0.18457849,0.18101667,0.75525223,0.27507149,1.03732973,0.68440183,-0.26969316,576,2017,0.68059354,2015,-0.03499063,0.39373651,0.29865600,,,0.60585213,0.19517637
VT TQQQ/BTAL t30 w0-80 QQQ:VOL_EWMA70,sens,sens_2014-01-03,2014-01-03,2019-01-03,false,true,0.70000000,0.30000000,0.80000000,,0.00041093,0.00137323,0.00036221,0.00136599,70328.45634200,40000.00000000,30328.45634200,0.75821141,0.19141055,0.18468493,0.71903822,0.31237480,0.98501991,0.59139665,-0.32365849,,2017,0.77849096,2015,-0.04466542,0.32758691,0.19871169,,,0.67200216,0.26508711
VT TQQQ/BTAL t30 w0-80 QQQ:VOL_EWMA70 gate QQQ<SMA200,sens,sens_2014-01-03,2014-01-03,2019-01-03,false,true,0.70000000,0.30000000,0.80000000,QQQ<SMA200,0.01104419,0.30275277,0.01100503,0.30275277,68873.98245050,40000.00000000,28873.98245050,0.72184956,0.17740261,0.17770756,0.68546294,0.30875489,0.93608888,0.55919179,-0.31724824,576,2017,0.77846171,2015,-0.08916596,0.33823591,0.19871169,,,0.66135424,0.19514400
VT TQQQ/BTAL t35 w0-60 QQQ:VOL_EWMA70,sens,sens_2014-01-03,2014-01-03,2019-01-03,false,true,0.70000000,0.35000000,0.60000000,,0.00038967,0.00168708,0.00034816,0.00168177,71995.80723500,40000.00000000,31995.80723500,0.79989518,0.21047736,0.19252395,0.88450158,0.25255613,1.22787941,0.71959894,-0.29249259,,2017,0.60022026,2019,-0.02888671,0.43036786,0.39831823,,,0.56924247,0.30927689
VT TQQQ/BTAL t35 w0-60 QQQ:VOL_EWMA70 gate QQQ<SMA200,sens,sens_2014-01-03,2014-01-03,2019-01-03,false,true,0.70000000,0.35000000,0.60000000,QQQ<SMA200,0.01105195,0.23119315,0.01101136,0.23119315,71386.56812500,40000.00000000,31386.56812500,0.78466420,0.20022397,0.18967892,0.86464858,0.24685388,1.19637450,0.87249702,-0.22948384,571,2017,0.60020606,2019,-0.02220586,0.44099044,0.39831823,,,0.55858870,0.23134853
VT TQQQ/BTAL t35 w0-70 QQQ:VOL_EWMA70,sens,sens_2014-01-03,2014-01-03,2019-01-03,false,true,0.70000000,0.35000000,0.70000000,,0.00037638,0.00140104,0.00033812,0.00134235,75280.10876500,40000.00000000,35280.10876500,0.88200272,0.22397821,0.20749518,0.84140767,0.29136637,1.16450371,0.69878164,-0.32052675,,2017,0.70886844,2019,-0.02888818,0.35346332,0.29865765,,,0.64616030,0.30933464
VT TQQQ/BTAL t35 w0-70 QQQ:VOL_EWMA70 gate QQQ<SMA200,sens,sens_2014-01-03,2014-01-03,2019-01-03,false,true,0.70000000,0.35000000,0.70000000,QQQ<SMA200,0.01268255,0.33142114,0.01264345,0.33142114,73545.03007950,40000.00000000,33545.03007950,0.83862575,0.20860308,0.19966136,0.80826816,0.28559312,1.11312693,0.73722866,-0.28295574,576,2017,0.70885923,2016,-0.02928488,0.36574195,0.29865765,,,0.63385383,0.23139086
VT TQQQ/BTAL t35 w0-80 QQQ:VOL_EWMA70,sens,sens_2014-01-03,2014-01-03,2019-01-03,false,true,0.70000000,0.35000000,0.80000000,,0.00041472,0.00171492,0.00037592,0.00161530,75480.47438250,40000.00000000,35480.47438250,0.88701186,0.22111563,0.20838928,0.77667351,0.32700793,1.06960068,0.63494914,-0.34824148,,2017,0.81373144,2019,-0.02888771,0.29001992,0.19838470,,,0.70956536,0.30933204
VT TQQQ/BTAL t35 w0-80 QQQ:VOL_EWMA70 gate QQQ<SMA200,sens,sens_2014-01-03,2014-01-03,2019-01-03,false,true,0.70000000,0.35000000,0.80000000,QQQ<SMA200,0.01304921,0.35167043,0.01301320,0.35167043,73575.29209600,40000.00000000,33575.29209600,0.83938230,0.20479111,0.19979941,0.74227258,0.32168454,1.01768199,0.62300751,-0.32871372,577,2017,0.81372436,2015,-0.03866848,0.30260935,0.19838470,,,0.69693714,0.23141822
VT TQQQ/BTAL t25 w0-60 QQQ:VOL_EWMA75,sens,sens_2014-01-03,2014-01-03,2019-01-03,false,true,0.75000000,0.25000000,0.60000000,,0.00038295,0.00158247,0.00033976,0.00147200,67225.98359500,40000.00000000,27225.98359500,0.68064959,0.17744125,0.16963776,0.82001394,0.23271320,1.13284830,0.75345323,-0.23550400,,2017,0.55748132,2019,-0.02103369,0.47625217,0.39852800,,,0.52336488,0.21538356
VT TQQQ/BTAL t25 w0-60 QQQ:VOL_EWMA75 gate QQQ<SMA200,sens,sens_2014-01-03,2014-01-03,2019-01-03,false,true,0.75000000,0.25000000,0.60000000,QQQ<SMA200,0.00921549,0.22089451,0.00917330,0.22089451,65659.78896200,40000.00000000,25659.78896200,0.64149472,0.16384512,0.16179944,0.77638731,0.22999174,1.06938229,0.77910567,-0.21029898,576,2017,0.55749253,2015,-0.03459516,0.48508488,0.39852800,,,0.51451828,0.15869759
VT TQQQ/BTAL t25 w0-70 QQQ:VOL_EWMA75,sens,sens_2014-01-03,2014-01-03,2019-01-03,false,true,0.75000000,0.25000000,0.70000000,,0.00044215,0.00172118,0.00039945,0.00170809,66567.08185050,40000.00000000,26567.08185050,0.66417705,0.16989771,0.16636071,0.73061750,0.26264796,1.00073947,0.63968530,-0.26559576,,2017,0.64890862,2015,-0.03704135,0.42519869,0.29889600,,,0.57435917,0.21538322
VT TQQQ/BTAL t25 w0-70 QQQ:VOL_EWMA75 gate QQQ<SMA200,sens,sens_2014-01-03,2014-01-03,2019-01-03,false,true,0.75000000,0.25000000,0.70000000,QQQ<SMA200,0.00884332,0.22118308,0.00880082,0.22118308,65203.42950750,40000.00000000,25203.42950750,0.63008574,0.15711607,0.15948333,0.69238920,0.26040681,0.94636634,0.60397126,-0.26013832,577,2017,0.64891174,2015,-0.08217940,0.43356001,0.29889600,,,0.56596589,0.15869074
VT TQQQ/BTAL t25 w0-80 QQQ:VOL_EWMA75,sens,sens_2014-01-03,2014-01-03,2019-01-03,false,true,0.75000000,0.25000000,0.80000000,,0.00043478,0.00159698,0.00039339,0.00152139,67230.79579350,40000.00000000,27230.79579350,0.68076989,0.16884351,0.16966159,0.68928519,0.28685263,0.94155524,0.57125219,-0.29556738,,2017,0.74362957,2015,-0.07995575,0.38516434,0.19855028,,,0.61440088,0.21534358
VT TQQQ/BTAL t25 w0-80 QQQ:VOL_EWMA75 gate QQQ<SMA200,sens,sens_2014-01-03,2014-01-03,2019-01-03,false,true,0.75000000,0.25000000,0.80000000,QQQ<SMA200,0.00883400,0.22152106,0.00879125,0.22152106,65876.75674450,40000.00000000,25876.75674450,0.64691892,0.15609176,0.16289542,0.65360418,0.28479867,0.89121357,0.53896113,-0.28961599,576,2017,0.74365795,2015,-0.12308694,0.39354245,0.19855028,,,0.60599577,0.15865924
VT TQQQ/BTAL t30 w0-60 QQQ:VOL_EWMA75,sens,sens_2014-01-03,2014-01-03,2019-01-03,false,true,0.75000000,0.30000000,0.60000000,,0.00041129,0.00158247,0.00037193,0.00147200,71642.27632650,40000.00000000,31642.27632650,0.79105691,0.20480501,0.19087570,0.88648135,0.24438233,1.23060969,0.78341730,-0.26142519,,2017,0.58413185,2019,-0.02451625,0.44605549,0.39852800,,,0.55353322,0.25852019
VT TQQQ/BTAL t30 w0-60 QQQ:VOL_EWMA75 gate QQQ<SMA200,sens,sens_2014-01-03,2014-01-03,2019-01-03,false,true,0.75000000,0.30000000,0.60000000,QQQ<SMA200,0.01080564,0.26374993,0.01076901,0.26374993,69696.98014000,40000.00000000,29696.98014000,0.74242450,0.18910338,0.18167191,0.84320249,0.24011603,1.16527831,0.84576714,-0.22358800,576,2017,0.58411101,2016,-0.02640210,0.45645453,0.39852800,,,0.54312140,0.19345275
VT TQQQ/BTAL t30 w0-70 QQQ:VOL_EWMA75,sens,sens_2014-01-03,2014-01-03,2019-01-03,false,true,0.75000000,0.30000000,0.70000000,,0.00045623,0.00151601,0.00041518,0.00144936,71862.44842200,40000.00000000,31862.44842200,0.79656121,0.20222095,0.19190306,0.80284432,0.27833612,1.10704080,0.69610188,-0.29050482,,2017,0.68267871,2019,-0.02451837,0.38296928,0.29855064,,,0.61657449,0.25845025
VT TQQQ/BTAL t30 w0-70 QQQ:VOL_EWMA75 gate QQQ<SMA200,sens,sens_2014-01-03,2014-01-03,2019-01-03,false,true,0.75000000,0.30000000,0.70000000,QQQ<SMA200,0.01089102,0.26411799,0.01084864,0.26411799,69935.57536450,40000.00000000,29935.57536450,0.74838938,0.18648759,0.18281325,0.76202924,0.27455627,1.04692767,0.68554193,-0.27202944,576,2017,0.68269110,2015,-0.03629899,0.39338377,0.29855064,,,0.60614075,0.19350636
VT TQQQ/BTAL t30 w0-80 QQQ:VOL_EWMA75,sens,sens_2014-01-03,2014-01-03,2019-01-03,false,true,0.75000000,0.30000000,0.80000000,,0.00037325,0.00144702,0.00033377,0.00143455,70875.28964200,40000.00000000,30875.28964200,0.77188224,0.19336321,0.18727429,0.72640833,0.31078522,0.99453203,0.60530807,-0.31944595,,2017,0.78136945,2015,-0.03659487,0.32944004,0.19896156,,,0.67018671,0.25849952
VT TQQQ/BTAL t30 w0-80 QQQ:VOL_EWMA75 gate QQQ<SMA200,sens,sens_2014-01-03,2014-01-03,2019-01-03,false,true,0.75000000,0.30000000,0.80000000,QQQ<SMA200,0.01050642,0.26451844,0.01047234,0.26451844,69133.74229500,40000.00000000,29133.74229500,0.72834356,0.17821371,0.17896345,0.68924490,0.30750105,0.94095073,0.55720758,-0.31983360,578,2017,0.78138361,2015,-0.08897997,0.33957419,0.19896156,,,0.66003214,0.19345233
VT TQQQ/BTAL t35 w0-60 QQQ:VOL_EWMA75,sens,sens_2014-01-03,2014-01-03,2019-01-03,false,true,0.75000000,0.35000000,0.60000000,,0.00039403,0.00168708,0.00035061,0.00168177,72734.27017550,40000.00000000,32734.27017550,0.81835675,0.21353659,0.19594330,0.89543858,0.25219292,1.24402099,0.74370595,-0.28712503,,2017,0.60022731,2019,-0.02800199,0.43067486,0.39831823,,,0.56893111,0.30156618
VT TQQQ/BTAL t35 w0-60 QQQ:VOL_EWMA75 gate QQQ<SMA200,sens,sens_2014-01-03,2014-01-03,2019-01-03,false,true,0.75000000,0.35000000,0.60000000,QQQ<SMA200,0.01108932,0.22995832,0.01104872,0.22995832,71349.41670150,40000.00000000,31349.41670150,0.78373542,0.19989569,0.18950472,0.86385376,0.24672742,1.19525315,0.86323103,-0.23156685,574,2017,0.60021885,2019,-0.02204017,0.44136194,0.39831823,,,0.55823220,0.22928706
VT TQQQ/BTAL t35 w0-70 QQQ:VOL_EWMA75,sens,sens_2014-01-03,2014-01-03,2019-01-03,false,true,0.75000000,0.35000000,0.70000000,,0.00037962,0.00153233,0.00033915,0.00144735,76327.98333350,40000.00000000,36327.98333350,0.90819958,0.22837341,0.21214760,0.85563766,0.29038618,1.18469514,0.72401064,-0.31542826,,2017,0.71106801,2019,-0.02799985,0.35382580,0.29855265,,,0.64579458,0.30153665
VT TQQQ/BTAL t35 w0-70 QQQ:VOL_EWMA75 gate QQQ<SMA200,sens,sens_2014-01-03,2014-01-03,2019-01-03,false,true,0.75000000,0.35000000,0.70000000,QQQ<SMA200,0.01233730,0.30660018,0.01229184,0.30660018,74020.91869950,40000.00000000,34020.91869950,0.85052297,0.21073645,0.20182648,0.81553674,0.28500887,1.12359461,0.73902343,-0.28515531,578,2017,0.71105283,2016,-0.02868254,0.36577684,0.29855265,,,0.63382638,0.22939031
VT TQQQ/BTAL t35 w0-80 QQQ:VOL_EWMA75,sens,sens_2014-01-03,2014-01-03,2019-01-03,false,true,0.75000000,0.35000000,0.80000000,,0.00039574,0.00157867,0.00036249,0.00153458,76345.87280100,40000.00000000,36345.87280100,0.90864682,0.22486727,0.21222653,0.78737662,0.32608880,1.08437393,0.65493538,-0.34334267,,2017,0.81635988,2019,-0.02800408,0.28998469,0.19846542,,,0.70961957,0.30156295
VT TQQQ/BTAL t35 w0-80 QQQ:VOL_EWMA75 gate QQQ<SMA200,sens,sens_2014-01-03,2014-01-03,2019-01-03,false,true,0.75000000,0.35000000,0.80000000,QQQ<SMA200,0.01232477,0.30694593,0.01229027,0.30694593,74079.83979100,40000.00000000,34079.83979100,0.85199599,0.20724066,0.20209367,0.74913382,0.32127982,1.02752336,0.62620119,-0.33094900,578,2017,0.81630692,2015,-0.03985391,0.30196211,0.19846542,,,0.69765426,0.22939123
VT TQQQ/BTAL t25 w0-60 QQQ:VOL_EWMA80,sens,sens_2014-01-03,2014-01-03,2019-01-03,false,true,0.80000000,0.25000000,0.60000000,,0.00039122,0.00158247,0.00034407,0.00147200,67976.51483150,40000.00000000,27976.51483150,0.69941287,0.18065647,0.17333502,0.83364163,0.23198494,1.15156712,0.77876432,-0.23197837,,2017,0.56106700,2019,-0.02071320,0.47621811,0.39852800,,,0.52339067,0.21277602
VT TQQQ/BTAL t25 w0-60 QQQ:VOL_EWMA80 gate QQQ<SMA200,sens,sens_2014-01-03,2014-01-03,2019-01-03,false,true,0.80000000,0.25000000,0.60000000,QQQ<SMA200,0.00870831,0.18725487,0.00866385,0.18725487,66258.58512200,40000.00000000,26258.58512200,0.65646463,0.16661825,0.16481620,0.78775925,0.22957800,1.08539129,0.78911349,-0.21114612,576,2017,0.56106635,2015,-0.03316413,0.48447595,0.39852800,,,0.51509152,0.15877454
VT TQQQ/BTAL t25 w0-70 QQQ:VOL_EWMA80,sens,sens_2014-01-03,2014-01-03,2019-01-03,false,true,0.80000000,0.25000000,0.70000000,,0.00047063,0.00162096,0.00042273,0.00161020,67752.79103200,40000.00000000,27752.79103200,0.69381978,0.17526819,0.17223683,0.75163146,0.26073661,1.03032928,0.66844588,-0.26220252,,2017,0.65295441,2015,-0.02796357,0.42676602,0.29868996,,,0.57276336,0.21274305
VT TQQQ/BTAL t25 w0-70 QQQ:VOL_EWMA80 gate QQQ<SMA200,sens,sens_2014-01-03,2014-01-03,2019-01-03,false,true,0.80000000,0.25000000,0.70000000,QQQ<SMA200,0.00832180,0.18754854,0.00828374,0.18754854,66224.10830050,40000.00000000,26224.10830050,0.65560271,0.16204096,0.16464318,0.71154649,0.25876814,0.97364227,0.64290490,-0.25204499,576,2017,0.65298535,2015,-0.07857956,0.43457500,0.29868996,,,0.56492532,0.15878818
VT TQQQ/BTAL t25 w0-80 QQQ:VOL_EWMA80,sens,sens_2014-01-03,2014-01-03,2019-01-03,false,true,0.80000000,0.25000000,0.80000000,,0.00043953,0.00118616,0.00039376,0.00115757,68870.24178000,40000.00000000,28870.24178000,0.72175604,0.17666132,0.17768945,0.71752720,0.28353404,0.98127243,0.60440683,-0.29228875,,2017,0.74852641,2015,-0.06216189,0.38756945,0.19903792,,,0.61199102,0.21277997
VT TQQQ/BTAL t25 w0-80 QQQ:VOL_EWMA80 gate QQQ<SMA200,sens,sens_2014-01-03,2014-01-03,2019-01-03,false,true,0.80000000,0.25000000,0.80000000,QQQ<SMA200,0.00829386,0.18780024,0.00825092,0.18780024,67315.04832050,40000.00000000,27315.04832050,0.68287621,0.16337751,0.17007848,0.67993444,0.28172761,0.92844405,0.59529437,-0.27444828,574,2017,0.74854160,2015,-0.11107385,0.39539102,0.19903792,,,0.60414351,0.15885248
VT TQQQ/BTAL t30 w0-60 QQQ:VOL_EWMA80,sens,sens_2014-01-03,2014-01-03,2019-01-03,false,true,0.80000000,0.30000000,0.60000000,,0.00042219,0.00158247,0.00037850,0.00147200,72600.71759500,40000.00000000,32600.71759500,0.81501794,0.20883430,0.19532724,0.90251771,0.24351314,1.25326557,0.81169835,-0.25728067,,2017,0.58817660,2019,-0.02413352,0.44608682,0.39852800,,,0.55349099,0.25534773
VT TQQQ/BTAL t30 w0-60 QQQ:VOL_EWMA80 gate QQQ<SMA200,sens,sens_2014-01-03,2014-01-03,2019-01-03,false,true,0.80000000,0.30000000,0.60000000,QQQ<SMA200,0.01015523,0.22338128,0.01011264,0.22338128,70453.19417900,40000.00000000,30453.19417900,0.76132985,0.19256840,0.18527720,0.85639636,0.23970501,1.18451088,0.86007224,-0.22389794,576,2017,0.58821672,2016,-0.02273699,0.45584897,0.39852800,,,0.54373582,0.19362967
VT TQQQ/BTAL t30 w0-70 QQQ:VOL_EWMA80,sens,sens_2014-01-03,2014-01-03,2019-01-03,false,true,0.80000000,0.30000000,0.70000000,,0.00038012,0.00117113,0.00033919,0.00110400,72922.48798400,40000.00000000,32922.48798400,0.82306220,0.20680869,0.19680978,0.81824794,0.27746732,1.12849251,0.72180278,-0.28651689,,2017,0.68719518,2019,-0.02413248,0.38282739,0.29889600,,,0.61679249,0.25533655
VT TQQQ/BTAL t30 w0-70 QQQ:VOL_EWMA80 gate QQQ<SMA200,sens,sens_2014-01-03,2014-01-03,2019-01-03,false,true,0.80000000,0.30000000,0.70000000,QQQ<SMA200,0.01015994,0.22366796,0.01011599,0.22366796,70785.08916100,40000.00000000,30785.08916100,0.76962723,0.19049496,0.18684843,0.77518619,0.27408844,1.06565386,0.69813969,-0.27286081,576,2017,0.68716413,2015,-0.03464545,0.39259084,0.29889600,,,0.60701121,0.19361998
VT TQQQ/BTAL t30 w0-80 QQQ:VOL_EWMA80,sens,sens_2014-01-03,2014-01-03,2019-01-03,false,true,0.80000000,0.30000000,0.80000000,,0.00040668,0.00114592,0.00036161,0.00104584,72042.47922900,40000.00000000,32042.47922900,0.80106198,0.19823286,0.19274100,0.74141394,0.30943007,1.01523867,0.62804089,-0.31563687,,2017,0.78660036,2015,-0.02569715,0.33003934,0.19895416,,,0.66955398,0.25531995
VT TQQQ/BTAL t30 w0-80 QQQ:VOL_EWMA80 gate QQQ<SMA200,sens,sens_2014-01-03,2014-01-03,2019-01-03,false,true,0.80000000,0.30000000,0.80000000,QQQ<SMA200,0.00997931,0.22413016,0.00993763,0.22413016,70058.26048500,40000.00000000,30058.26048500,0.75145651,0.18234961,0.18339875,0.70198757,0.30646180,0.95876362,0.57317112,-0.31814166,577,2017,0.78659080,2015,-0.08464295,0.33962540,0.19895416,,,0.65996846,0.19361928
VT TQQQ/BTAL t35 w0-60 QQQ:VOL_EWMA80,sens,sens_2014-01-03,2014-01-03,2019-01-03,false,true,0.80000000,0.35000000,0.60000000,,0.00039621,0.00168708,0.00035668,0.00168177,73860.08189850,40000.00000000,33860.08189850,0.84650205,0.21800333,0.20109614,0.91260529,0.25121067,1.26928811,0.77253599,-0.28219181,,2017,0.60018934,2019,-0.02755266,0.43114510,0.39831823,,,0.56845869,0.29790627
VT TQQQ/BTAL t35 w0-60 QQQ:VOL_EWMA80 gate QQQ<SMA200,sens,sens_2014-01-03,2014-01-03,2019-01-03,false,true,0.80000000,0.35000000,0.60000000,QQQ<SMA200,0.01106057,0.22871036,0.01101965,0.22871036,71753.30551650,40000.00000000,31753.30551650,0.79383264,0.20138903,0.19139414,0.87085610,0.24595523,1.20535641,0.86635467,-0.23245564,571,2017,0.60021508,2019,-0.02205295,0.44184112,0.39831823,,,0.55776595,0.22944484
VT TQQQ/BTAL t35 w0-70 QQQ:VOL_EWMA80,sens,sens_2014-01-03,2014-01-03,2019-01-03,false,true,0.80000000,0.35000000,0.70000000,,0.00038681,0.00165225,0.00034905,0.00162878,77556.49923350,40000.00000000,37556.49923350,0.93891248,0.23324975,0.21752920,0.87147122,0.28930907,1.20703110,0.75060145,-0.31075046,,2017,0.71618910,2019,-0.02755026,0.35385806,0.29837122,,,0.64575512,0.29787357
VT TQQQ/BTAL t35 w0-70 QQQ:VOL_EWMA80 gate QQQ<SMA200,sens,sens_2014-01-03,2014-01-03,2019-01-03,false,true,0.80000000,0.35000000,0.70000000,QQQ<SMA200,0.01159037,0.25949185,0.01155069,0.25949185,74972.52096050,40000.00000000,34972.52096050,0.87431302,0.21485457,0.20611842,0.82844710,0.28449592,1.14232924,0.75273105,-0.28543338,577,2017,0.71613498,2016,-0.02444573,0.36503715,0.29837122,,,0.63455268,0.22955581
VT TQQQ/BTAL t35 w0-80 QQQ:VOL_EWMA80,sens,sens_2014-01-03,2014-01-03,2019-01-03,false,true,0.80000000,0.35000000,0.80000000,,0.00034778,0.00116145,0.00030629,0.00106878,77775.31900150,40000.00000000,37775.31900150,0.94438298,0.23096606,0.21847968,0.80406559,0.32511967,1.10782675,0.68153825,-0.33888936,,2017,0.82188963,2019,-0.02755259,0.28971860,0.19899561,,,0.70993362,0.29790315
VT TQQQ/BTAL t35 w0-80 QQQ:VOL_EWMA80 gate QQQ<SMA200,sens,sens_2014-01-03,2014-01-03,2019-01-03,false,true,0.80000000,0.35000000,0.80000000,QQQ<SMA200,0.01153260,0.25980753,0.01149181,0.25980753,75228.58258200,40000.00000000,35228.58258200,0.88071456,0.21260004,0.20726490,0.76358619,0.32081322,1.04821705,0.64078876,-0.33177867,578,2017,0.82188468,2015,-0.03791525,0.30091017,0.19899561,,,0.69873471,0.22955691
VT TQQQ/BTAL t25 w0-60 QQQ:VOL_EWMA85,sens,sens_2014-01-03,2014-01-03,2019-01-03,false,true,0.85000000,0.25000000,0.60000000,,0.00043331,0.00158247,0.00039109,0.00147200,69134.30134050,40000.00000000,29134.30134050,0.72835753,0.18586608,0.17896615,0.85346069,0.23168660,1.17944705,0.81368575,-0.22842489,,2017,0.56720721,2019,-0.02074795,0.47524915,0.39852800,,,0.52431754,0.21320573
VT TQQQ/BTAL t25 w0-60 QQQ:VOL_EWMA85 gate QQQ<SMA200,sens,sens_2014-01-03,2014-01-03,2019-01-03,false,true,0.85000000,0.25000000,0.60000000,QQQ<SMA200,0.00790269,0.15055122,0.00785845,0.15055122,67369.30299000,40000.00000000,27369.30299000,0.68423257,0.17222175,0.17034668,0.80858351,0.22961292,1.11506859,0.81941271,-0.21017705,576,2017,0.56722333,2015,-0.02577433,0.48275300,0.39852800,,,0.51681567,0.16172851
VT TQQQ/BTAL t25 w0-70 QQQ:VOL_EWMA85,sens,sens_2014-01-03,2014-01-03,2019-01-03,false,true,0.85000000,0.25000000,0.70000000,,0.00042747,0.00154563,0.00038176,0.00144426,69255.79887800,40000.00000000,29255.79887800,0.73139497,0.18223510,0.17955209,0.77623061,0.25977847,1.06504703,0.70409295,-0.25882251,,2017,0.65981724,2019,-0.02074903,0.42669224,0.29868656,,,0.57288030,0.21322426
VT TQQQ/BTAL t25 w0-70 QQQ:VOL_EWMA85 gate QQQ<SMA200,sens,sens_2014-01-03,2014-01-03,2019-01-03,false,true,0.85000000,0.25000000,0.70000000,QQQ<SMA200,0.00744815,0.15082437,0.00739862,0.15082437,67666.31718700,40000.00000000,27666.31718700,0.69165793,0.16937573,0.17181147,0.73714137,0.25809511,1.00998238,0.69299457,-0.24441134,574,2017,0.65977555,2015,-0.07013864,0.43375295,0.29868656,,,0.56582940,0.16175845
VT TQQQ/BTAL t25 w0-80 QQQ:VOL_EWMA85,sens,sens_2014-01-03,2014-01-03,2019-01-03,false,true,0.85000000,0.25000000,0.80000000,,0.00044285,0.00143504,0.00040051,0.00134681,71453.92374100,40000.00000000,31453.92374100,0.78634809,0.18905850,0.18999454,0.76269458,0.27871521,1.04530521,0.65405941,-0.28905402,,2017,0.75579805,2015,-0.02883119,0.39064090,0.19865319,,,0.60891625,0.21320088
VT TQQQ/BTAL t25 w0-80 QQQ:VOL_EWMA85 gate QQQ<SMA200,sens,sens_2014-01-03,2014-01-03,2019-01-03,false,true,0.85000000,0.25000000,0.80000000,QQQ<SMA200,0.00747699,0.15091260,0.00743442,0.15091260,69785.88765250,40000.00000000,29785.88765250,0.74464719,0.17610919,0.18209762,0.72583678,0.27715110,0.99356223,0.66271429,-0.26573925,,2017,0.75574395,2015,-0.08070634,0.39768211,0.19865319,,,0.60186496,0.16180328
VT TQQQ/BTAL t30 w0-60 QQQ:VOL_EWMA85,sens,sens_2014-01-03,2014-01-03,2019-01-03,false,true,0.85000000,0.30000000,0.60000000,,0.00039389,0.00173748,0.00034882,0.00163568,73551.94956000,40000.00000000,33551.94956000,0.83879874,0.21253935,0.19969293,0.91737572,0.24269595,1.27432651,0.83989898,-0.25305347,,2017,0.59269686,2019,-0.02417312,0.44613962,0.39852800,,,0.55346649,0.25584362
VT TQQQ/BTAL t30 w0-60 QQQ:VOL_EWMA85 gate QQQ<SMA200,sens,sens_2014-01-03,2014-01-03,2019-01-03,false,true,0.85000000,0.30000000,0.60000000,QQQ<SMA200,0.00918130,0.17930434,0.00914101,0.17930434,71356.13289800,40000.00000000,31356.13289800,0.78390332,0.19671382,0.18953622,0.87167354,0.23941088,1.20676549,0.88778829,-0.22157740,575,2017,0.59269857,2019,-0.01946977,0.45490611,0.39852800,,,0.54467758,0.19729335
VT TQQQ/BTAL t30 w0-70 QQQ:VOL_EWMA85,sens,sens_2014-01-03,2014-01-03,2019-01-03,false,true,0.85000000,0.30000000,0.70000000,,0.00040854,0.00162777,0.00036824,0.00156538,74353.40837200,40000.00000000,34353.40837200,0.85883521,0.21266331,0.20333173,0.83645707,0.27710640,1.15419100,0.75286168,-0.28247328,,2017,0.69505306,2019,-0.02417656,0.38164092,0.29843462,,,0.61795054,0.25588015
VT TQQQ/BTAL t30 w0-70 QQQ:VOL_EWMA85 gate QQQ<SMA200,sens,sens_2014-01-03,2014-01-03,2019-01-03,false,true,0.85000000,0.30000000,0.70000000,QQQ<SMA200,0.00922577,0.17956255,0.00918627,0.17956255,72148.89521700,40000.00000000,32148.89521700,0.80372238,0.19679165,0.19323541,0.79427243,0.27419250,1.09297912,0.72441474,-0.27165605,576,2017,0.69503614,2015,-0.02776547,0.39041828,0.29843462,,,0.60914048,0.19726546
VT TQQQ/BTAL t30 w0-80 QQQ:VOL_EWMA85,sens,sens_2014-01-03,2014-01-03,2019-01-03,false,true,0.85000000,0.30000000,0.80000000,,0.00041131,0.00137167,0.00037365,0.00134783,73914.04678050,40000.00000000,33914.04678050,0.84785117,0.20629740,0.20134135,0.76452574,0.30847341,1.04800100,0.66178374,-0.31172933,,2017,0.79541017,2019,-0.02417613,0.32914554,0.19879923,,,0.67044315,0.25587312
VT TQQQ/BTAL t30 w0-80 QQQ:VOL_EWMA85 gate QQQ<SMA200,sens,sens_2014-01-03,2014-01-03,2019-01-03,false,true,0.85000000,0.30000000,0.80000000,QQQ<SMA200,0.00904687,0.18000118,0.00900680,0.18000118,71819.20639500,40000.00000000,31819.20639500,0.79548016,0.19073764,0.19170151,0.72585094,0.30589722,0.99277510,0.61456122,-0.31036393,576,2017,0.79538327,2015,-0.07555940,0.33780401,0.19879923,,,0.66177811,0.19728565
VT TQQQ/BTAL t35 w0-60 QQQ:VOL_EWMA85,sens,sens_2014-01-03,2014-01-03,2019-01-03,false,true,0.85000000,0.35000000,0.60000000,,0.00040964,0.00168708,0.00036458,0.00168177,74619.47256500,40000.00000000,34619.47256500,0.86548681,0.22085645,0.20453187,0.92497036,0.25008141,1.28687356,0.79687130,-0.27715447,,2017,0.60020104,2019,-0.02760383,0.43181427,0.39831823,,,0.56777609,0.29853946
VT TQQQ/BTAL t35 w0-60 QQQ:VOL_EWMA85 gate QQQ<SMA200,sens,sens_2014-01-03,2014-01-03,2019-01-03,false,true,0.85000000,0.35000000,0.60000000,QQQ<SMA200,0.01045105,0.20786656,0.01040475,0.20786656,72147.31451650,40000.00000000,32147.31451650,0.80368286,0.20323910,0.19322807,0.87881098,0.24529994,1.21655816,0.87646703,-0.23188448,570,2017,0.60021418,2019,-0.02239884,0.44189138,0.39831823,,,0.55770400,0.23375741
VT TQQQ/BTAL t35 w0-70 QQQ:VOL_EWMA85,sens,sens_2014-01-03,2014-01-03,2019-01-03,false,true,0.85000000,0.35000000,0.70000000,,0.00038410,0.00117113,0.00034981,0.00110400,78766.54469100,40000.00000000,38766.54469100,0.96916362,0.23770202,0.22275528,0.88601929,0.28830921,1.22761892,0.77679162,-0.30600487,,2017,0.72180070,2019,-0.02760361,0.35388762,0.29889600,,,0.64572828,0.29854002
VT TQQQ/BTAL t35 w0-70 QQQ:VOL_EWMA85 gate QQQ<SMA200,sens,sens_2014-01-03,2014-01-03,2019-01-03,false,true,0.85000000,0.35000000,0.70000000,QQQ<SMA200,0.01045351,0.20801156,0.01041428,0.20801156,76116.06465050,40000.00000000,36116.06465050,0.90290162,0.21980257,0.21121139,0.84345239,0.28414198,1.16412573,0.77718436,-0.28281909,576,2017,0.72179311,2019,-0.02241300,0.36394313,0.29889600,,,0.63565113,0.23393459
VT TQQQ/BTAL t35 w0-80 QQQ:VOL_EWMA85,sens,sens_2014-01-03,2014-01-03,2019-01-03,false,true,0.85000000,0.35000000,0.80000000,,0.00038732,0.00107003,0.00035162,0.00098853,79543.53981800,40000.00000000,39543.53981800,0.98858850,0.23770439,0.22607307,0.82187489,0.32447956,1.13291279,0.71094949,-0.33434778,,2017,0.83174190,2019,-0.02760182,0.28845283,0.19910182,,,0.71115985,0.29851100
VT TQQQ/BTAL t35 w0-80 QQQ:VOL_EWMA85 gate QQQ<SMA200,sens,sens_2014-01-03,2014-01-03,2019-01-03,false,true,0.85000000,0.35000000,0.80000000,QQQ<SMA200,0.01042021,0.20831796,0.01038267,0.20831796,76904.08410450,40000.00000000,36904.08410450,0.92260210,0.21982772,0.21468091,0.78223385,0.32075138,1.07487174,0.66528370,-0.33042704,576,2017,0.83169322,2015,-0.03031577,0.29853360,0.19910182,,,0.70109111,0.23400795
50/50,sens,sens_2014-01-03,2014-01-03,2019-01-03,true,true,,,,,0.00036590,0.00187031,0.00032517,0.00184000,66077.35644850,40000.00000000,26077.35644850,0.65193391,0.18457824,0.16390580,0.86965656,0.22407774,1.20686067,0.66080386,-0.27932380,,2017,0.47784786,2019,-0.04378688,0.49967568,0.49816000,,,0.49995842,0.49989295
TQQQ60/BTAL40,sens,sens_2014-01-03,2014-01-03,2019-01-03,true,true,,,,,0.00039323,0.00168708,0.00034854,0.00168177,70329.47923250,40000.00000000,30329.47923250,0.75823698,0.20928209,0.18468980,0.83181015,0.27427366,1.15243757,0.60402306,-0.34648030,,2017,0.60016668,2019,-0.05182375,0.39965448,0.39831823,,,0.59995228,0.59988953
TQQQ50/BTAL50 gate QQQ<SMA200,sens,sens_2014-01-03,2014-01-03,2019-01-03,true,true,,,,,0.01410911,0.18484618,0.01406520,0.18484618,66508.52144300,40000.00000000,26508.52144300,0.66271304,0.18125317,0.16606802,0.88504145,0.21465875,1.22769039,0.76297715,-0.23756042,,2017,0.47784076,2019,-0.02893877,0.51340633,0.49816000,,,0.48618914,0.31515382
SPY benchmark,sens,sens_2014-01-03,2014-01-03,2019-01-03,true,true,,,,,0.00444268,0.01334139,0.00444268,0.01334139,46336.25600000,40000.00000000,6336.25600000,0.15840640,0.05940290,0.04751561,0.50257338,0.13249379,0.68925063,0.29546460,-0.20104913,,2017,0.19305604,2018,-0.06318119,,,0.99555732,0.98665861,,
VT TQQQ/BTAL t25 w0-60 QQQ:VOL_EWMA70,sens,sens_2014-07-03,2014-07-03,2019-07-03,false,true,0.70000000,0.25000000,0.60000000,,0.00039522,0.00115569,0.00034185,0.00104454,76168.66966050,40000.00000000,36168.66966050,0.90421674,0.19496024,0.21162816,0.88852456,0.23096418,1.23110697,0.81460276,-0.23933167,,2017,0.55561329,2015,0.00727823,0.48013710,0.39912811,,,0.51946768,0.22091518
VT TQQQ/BTAL t25 w0-60 QQQ:VOL_EWMA70 gate QQQ<SMA200,sens,sens_2014-07-03,2014-07-03,2019-07-03,false,true,0.70000000,0.25000000,0.60000000,QQQ<SMA200,0.01191675,0.25423546,0.01186559,0.25423546,72437.75685100,40000.00000000,32437.75685100,0.81094392,0.17299164,0.19474557,0.81685345,0.22749656,1.12669954,0.82800505,-0.20892583,576,2017,0.55560505,2015,-0.03358104,0.49164432,0.39900509,,,0.50793141,0.15963716
VT TQQQ/BTAL t25 w0-70 QQQ:VOL_EWMA70,sens,sens_2014-07-03,2014-07-03,2019-07-03,false,true,0.70000000,0.25000000,0.70000000,,0.00043173,0.00160567,0.00037577,0.00146365,74640.55053450,40000.00000000,34640.55053450,0.86601376,0.18336868,0.20480583,0.77715352,0.26119051,1.06583965,0.68099214,-0.26926695,,2017,0.64670372,2015,-0.04385248,0.42944654,0.29913440,,,0.57012173,0.22091625
VT TQQQ/BTAL t25 w0-70 QQQ:VOL_EWMA70 gate QQQ<SMA200,sens,sens_2014-07-03,2014-07-03,2019-07-03,false,true,0.70000000,0.25000000,0.70000000,QQQ<SMA200,0.01150903,0.25463775,0.01144611,0.25463775,71191.17949550,40000.00000000,31191.17949550,0.77977949,0.16242636,0.18892882,0.71366378,0.25831030,0.97553425,0.62254085,-0.26090876,576,2017,0.64667825,2015,-0.08283797,0.44042774,0.29899649,,,0.55908406,0.15959787
VT TQQQ/BTAL t25 w0-80 QQQ:VOL_EWMA70,sens,sens_2014-07-03,2014-07-03,2019-07-03,false,true,0.70000000,0.25000000,0.80000000,,0.00041227,0.00138975,0.00035873,0.00128426,72933.00471350,40000.00000000,32933.00471350,0.82332512,0.17266750,0.19703131,0.70010971,0.28731155,0.95432053,0.57729369,-0.29909820,,2017,0.73251808,2015,-0.08632697,0.38961004,0.19871638,,,0.60997769,0.22089513
VT TQQQ/BTAL t25 w0-80 QQQ:VOL_EWMA70 gate QQQ<SMA200,sens,sens_2014-07-03,2014-07-03,2019-07-03,false,true,0.70000000,0.25000000,0.80000000,QQQ<SMA200,0.01143625,0.25499187,0.01138611,0.25499187,69590.08272250,40000.00000000,29590.08272250,0.73975207,0.15188538,0.18132053,0.64097907,0.28470125,0.87127033,0.50677319,-0.29971076,718,2017,0.73253406,2015,-0.12367238,0.40063899,0.19871638,,,0.59893550,0.15962203
VT TQQQ/BTAL t30 w0-60 QQQ:VOL_EWMA70,sens,sens_2014-07-03,2014-07-03,2019-07-03,false,true,0.70000000,0.30000000,0.60000000,,0.00042765,0.00160802,0.00037372,0.00150767,83311.74559850,40000.00000000,43311.74559850,1.08279364,0.22907043,0.24196788,0.97132703,0.24334269,1.35344727,0.86119065,-0.26599270,308,2017,0.58235450,2016,0.03788023,0.44913773,0.39849233,,,0.55043462,0.26513587
VT TQQQ/BTAL t30 w0-60 QQQ:VOL_EWMA70 gate QQQ<SMA200,sens,sens_2014-07-03,2014-07-03,2019-07-03,false,true,0.70000000,0.30000000,0.60000000,QQQ<SMA200,0.01473721,0.28684911,0.01468894,0.28684911,77673.62006950,40000.00000000,37673.62006950,0.94184050,0.20081366,0.21822729,0.89126926,0.23747198,1.23329577,0.90213597,-0.22259800,576,2017,0.58235034,2016,-0.02753764,0.46341689,0.39849233,,,0.53613055,0.19467731
VT TQQQ/BTAL t30 w0-70 QQQ:VOL_EWMA70,sens,sens_2014-07-03,2014-07-03,2019-07-03,false,true,0.70000000,0.30000000,0.70000000,,0.00041793,0.00122595,0.00036261,0.00119530,83151.82005100,40000.00000000,43151.82005100,1.07879550,0.22287410,0.24131464,0.86731056,0.27684608,1.19878808,0.75579907,-0.29488539,,2017,0.68054979,2015,0.01215448,0.38777509,0.29880470,,,0.61180698,0.26510171
VT TQQQ/BTAL t30 w0-70 QQQ:VOL_EWMA70 gate QQQ<SMA200,sens,sens_2014-07-03,2014-07-03,2019-07-03,false,true,0.70000000,0.30000000,0.70000000,QQQ<SMA200,0.01405112,0.30436843,0.01399978,0.30436843,78502.53248300,40000.00000000,38502.53248300,0.96256331,0.19726892,0.22181293,0.79981797,0.27205986,1.09969036,0.72833871,-0.27084778,576,2017,0.68058763,2015,-0.03555694,0.40139378,0.29880470,,,0.59816128,0.19465743
VT TQQQ/BTAL t30 w0-80 QQQ:VOL_EWMA70,sens,sens_2014-07-03,2014-07-03,2019-07-03,false,true,0.70000000,0.30000000,0.80000000,,0.00045503,0.00161780,0.00039809,0.00151587,81570.65739550,40000.00000000,41570.65739550,1.03926643,0.21076972,0.23479483,0.77499603,0.30951285,1.06261925,0.65121785,-0.32365470,,2017,0.77848197,2015,-0.04466340,0.33399604,0.19862878,,,0.66554893,0.26510377
VT TQQQ/BTAL t30 w0-80 QQQ:VOL_EWMA70 gate QQQ<SMA200,sens,sens_2014-07-03,2014-07-03,2019-07-03,false,true,0.70000000,0.30000000,0.80000000,QQQ<SMA200,0.01373189,0.30484680,0.01367936,0.30484680,77176.77204000,40000.00000000,37176.77204000,0.92941930,0.18588530,0.21606149,0.71321696,0.30536408,0.97385118,0.58357431,-0.31852893,577,2017,0.77843815,2015,-0.08981350,0.34730402,0.19862878,,,0.65223579,0.19461615
VT TQQQ/BTAL t35 w0-60 QQQ:VOL_EWMA70,sens,sens_2014-07-03,2014-07-03,2019-07-03,false,true,0.70000000,0.35000000,0.60000000,,0.00042412,0.00139336,0.00036549,0.00138388,86649.07013050,40000.00000000,46649.07013050,1.16622675,0.24492108,0.25534950,0.99936064,0.25135884,1.39460982,0.83734416,-0.29249751,307,2017,0.60023312,2018,0.02793659,0.43267319,0.39861612,,,0.56690269,0.30933708
VT TQQQ/BTAL t35 w0-60 QQQ:VOL_EWMA70 gate QQQ<SMA200,sens,sens_2014-07-03,2014-07-03,2019-07-03,false,true,0.70000000,0.35000000,0.60000000,QQQ<SMA200,0.01549874,0.23322217,0.01544974,0.23322217,80827.14050000,40000.00000000,40827.14050000,1.02067851,0.21716643,0.23168968,0.92991082,0.24383405,1.28925221,0.94410737,-0.23002302,571,2017,0.60024786,2016,-0.01513103,0.44776157,0.39861612,,,0.55180245,0.23071633
VT TQQQ/BTAL t35 w0-70 QQQ:VOL_EWMA70,sens,sens_2014-07-03,2014-07-03,2019-07-03,false,true,0.70000000,0.35000000,0.70000000,,0.00036794,0.00120201,0.00031991,0.00116972,90573.55170250,40000.00000000,50573.55170250,1.26433879,0.25584315,0.27050834,0.93312803,0.28985347,1.29632995,0.79817869,-0.32053368,,2017,0.70884483,2018,0.02128486,0.35744362,0.29883028,,,0.64218844,0.30929522
VT TQQQ/BTAL t35 w0-70 QQQ:VOL_EWMA70 gate QQQ<SMA200,sens,sens_2014-07-03,2014-07-03,2019-07-03,false,true,0.70000000,0.35000000,0.70000000,QQQ<SMA200,0.01645708,0.33374390,0.01640918,0.33374390,84203.98495600,40000.00000000,44203.98495600,1.10509962,0.22510136,0.24559183,0.86158278,0.28274600,1.18843124,0.79247412,-0.28404885,577,2017,0.70885643,2016,-0.03008779,0.37359618,0.29883028,,,0.62604619,0.23077711
VT TQQQ/BTAL t35 w0-80 QQQ:VOL_EWMA70,sens,sens_2014-07-03,2014-07-03,2019-07-03,false,true,0.70000000,0.35000000,0.80000000,,0.00047451,0.00130349,0.00042121,0.00124205,90053.37552000,40000.00000000,50053.37552000,1.25133439,0.24826127,0.26853317,0.84739148,0.32491273,1.16944732,0.71289713,-0.34824277,,2017,0.81371329,2018,0.00290906,0.29557383,0.19875795,,,0.70395166,0.30933806
VT TQQQ/BTAL t35 w0-80 QQQ:VOL_EWMA70 gate QQQ<SMA200,sens,sens_2014-07-03,2014-07-03,2019-07-03,false,true,0.70000000,0.35000000,0.80000000,QQQ<SMA200,0.01607990,0.35413798,0.01603689,0.35413798,84499.70653650,40000.00000000,44499.70653650,1.11249266,0.21936431,0.24678536,0.78379516,0.31885608,1.07552231,0.66463205,-0.33005377,578,2017,0.81374414,2015,-0.03942059,0.31131617,0.19875795,,,0.68826411,0.23077270
VT TQQQ/BTAL t25 w0-60 QQQ:VOL_EWMA75,sens,sens_2014-07-03,2014-07-03,2019-07-03,false,true,0.75000000,0.25000000,0.60000000,,0.00049113,0.00180752,0.00042790,0.00169247,76532.25802350,40000.00000000,36532.25802350,0.91330645,0.19677354,0.21323319,0.89800569,0.22996189,1.24366041,0.83564375,-0.23547539,,2017,0.55751471,2015,0.01281973,0.48048643,0.39900710,,,0.51902244,0.21534836
VT TQQQ/BTAL t25 w0-60 QQQ:VOL_EWMA75 gate QQQ<SMA200,sens,sens_2014-07-03,2014-07-03,2019-07-03,false,true,0.75000000,0.25000000,0.60000000,QQQ<SMA200,0.01166616,0.22239309,0.01161456,0.22239309,72687.90324400,40000.00000000,32687.90324400,0.81719758,0.17432439,0.19590185,0.82354095,0.22685355,1.13594392,0.82527603,-0.21123162,576,2017,0.55750183,2015,-0.03503194,0.49173857,0.39900710,,,0.50780405,0.15824809
VT TQQQ/BTAL t25 w0-70 QQQ:VOL_EWMA75,sens,sens_2014-07-03,2014-07-03,2019-07-03,false,true,0.75000000,0.25000000,0.70000000,,0.00044897,0.00143998,0.00039194,0.00142028,74832.53559600,40000.00000000,34832.53559600,0.87081339,0.18505785,0.20566985,0.78557930,0.25971778,1.07709240,0.69679607,-0.26558394,,2017,0.64891576,2015,-0.03703158,0.43069146,0.29920954,,,0.56885958,0.21542616
VT TQQQ/BTAL t25 w0-70 QQQ:VOL_EWMA75 gate QQQ<SMA200,sens,sens_2014-07-03,2014-07-03,2019-07-03,false,true,0.75000000,0.25000000,0.70000000,QQQ<SMA200,0.01115916,0.22272015,0.01110784,0.22272015,71278.74792750,40000.00000000,31278.74792750,0.78196870,0.16364145,0.18934044,0.71977228,0.25715417,0.98398599,0.62741445,-0.26081875,577,2017,0.64891142,2015,-0.08263297,0.44140667,0.29920751,,,0.55813907,0.15821622
VT TQQQ/BTAL t25 w0-80 QQQ:VOL_EWMA75,sens,sens_2014-07-03,2014-07-03,2019-07-03,false,true,0.75000000,0.25000000,0.80000000,,0.00043266,0.00121559,0.00038589,0.00113461,73540.60617950,40000.00000000,33540.60617950,0.83851515,0.17656935,0.19981646,0.71477957,0.28522385,0.97469519,0.59741539,-0.29555541,,2017,0.74363814,2015,-0.07983881,0.39199665,0.19886539,,,0.60757069,0.21537061
VT TQQQ/BTAL t25 w0-80 QQQ:VOL_EWMA75 gate QQQ<SMA200,sens,sens_2014-07-03,2014-07-03,2019-07-03,false,true,0.75000000,0.25000000,0.80000000,QQQ<SMA200,0.01113437,0.22308888,0.01108594,0.22308888,70062.04693100,40000.00000000,30062.04693100,0.75155117,0.15528174,0.18357968,0.65366489,0.28288643,0.88915023,0.53499116,-0.29025103,576,2017,0.74362485,2015,-0.12350996,0.40273033,0.19886539,,,0.59683482,0.15830761
VT TQQQ/BTAL t30 w0-60 QQQ:VOL_EWMA75,sens,sens_2014-07-03,2014-07-03,2019-07-03,false,true,0.75000000,0.30000000,0.60000000,,0.00041056,0.00156238,0.00035360,0.00147625,84016.30092000,40000.00000000,44016.30092000,1.10040752,0.23222914,0.24483239,0.98443505,0.24251058,1.37215054,0.88830795,-0.26142864,307,2017,0.58412668,2016,0.03366484,0.44929812,0.39914956,,,0.55029132,0.25850919
VT TQQQ/BTAL t30 w0-60 QQQ:VOL_EWMA75 gate QQQ<SMA200,sens,sens_2014-07-03,2014-07-03,2019-07-03,false,true,0.75000000,0.30000000,0.60000000,QQQ<SMA200,0.01465281,0.26558534,0.01460099,0.26558534,77978.40837650,40000.00000000,37978.40837650,0.94946021,0.20232958,0.21954971,0.89795527,0.23698142,1.24303825,0.90042656,-0.22470414,577,2017,0.58414716,2016,-0.02705790,0.46353135,0.39904839,,,0.53603907,0.19297500
VT TQQQ/BTAL t30 w0-70 QQQ:VOL_EWMA75,sens,sens_2014-07-03,2014-07-03,2019-07-03,false,true,0.75000000,0.30000000,0.70000000,,0.00044465,0.00149898,0.00038449,0.00141243,83667.37018750,40000.00000000,43667.37018750,1.09168425,0.22530736,0.24341645,0.87660937,0.27587892,1.21139037,0.77562395,-0.29048531,,2017,0.68265108,2015,0.01903319,0.38786236,0.29907714,,,0.61169298,0.25848816
VT TQQQ/BTAL t30 w0-70 QQQ:VOL_EWMA75 gate QQQ<SMA200,sens,sens_2014-07-03,2014-07-03,2019-07-03,false,true,0.75000000,0.30000000,0.70000000,QQQ<SMA200,0.01369914,0.26601793,0.01363837,0.26601793,78854.02847100,40000.00000000,38854.02847100,0.97135071,0.19907941,0.22332312,0.80640177,0.27154061,1.10907940,0.72894759,-0.27310525,577,2017,0.68263763,2015,-0.03691227,0.40112289,0.29907714,,,0.59841726,0.19296023
VT TQQQ/BTAL t30 w0-80 QQQ:VOL_EWMA75,sens,sens_2014-07-03,2014-07-03,2019-07-03,false,true,0.75000000,0.30000000,0.80000000,,0.00046383,0.00179154,0.00040992,0.00176339,81708.31727150,40000.00000000,41708.31727150,1.04270793,0.21230318,0.23536695,0.78137946,0.30801942,1.07082526,0.66457359,-0.31945774,,2017,0.78134902,2015,-0.03653023,0.33544516,0.19905735,,,0.66409101,0.25846336
VT TQQQ/BTAL t30 w0-80 QQQ:VOL_EWMA75 gate QQQ<SMA200,sens,sens_2014-07-03,2014-07-03,2019-07-03,false,true,0.75000000,0.30000000,0.80000000,QQQ<SMA200,0.01347291,0.26654939,0.01342571,0.26654939,77157.77164900,40000.00000000,37157.77164900,0.92894429,0.18672382,0.21597842,0.71706491,0.30423048,0.97894282,0.58155721,-0.32107559,578,2017,0.78136603,2015,-0.08964342,0.34844078,0.19902858,,,0.65107522,0.19293724
VT TQQQ/BTAL t35 w0-60 QQQ:VOL_EWMA75,sens,sens_2014-07-03,2014-07-03,2019-07-03,false,true,0.75000000,0.35000000,0.60000000,,0.00043892,0.00139336,0.00038275,0.00138388,87213.91870200,40000.00000000,47213.91870200,1.18034797,0.24731519,0.25756860,1.00829334,0.25093559,1.40794535,0.86143745,-0.28709594,307,2017,0.60023611,2018,0.03304400,0.43276335,0.39861612,,,0.56679773,0.30150681
VT TQQQ/BTAL t35 w0-60 QQQ:VOL_EWMA75 gate QQQ<SMA200,sens,sens_2014-07-03,2014-07-03,2019-07-03,false,true,0.75000000,0.35000000,0.60000000,QQQ<SMA200,0.01578807,0.23205470,0.01573875,0.23205470,80720.33133850,40000.00000000,40720.33133850,1.01800828,0.21657980,0.23124151,0.92831523,0.24369648,1.28697359,0.93306353,-0.23211688,574,2017,0.60018473,2016,-0.01519949,0.44816312,0.39861612,,,0.55140829,0.22865394
VT TQQQ/BTAL t35 w0-70 QQQ:VOL_EWMA75,sens,sens_2014-07-03,2014-07-03,2019-07-03,false,true,0.75000000,0.35000000,0.70000000,,0.00035645,0.00167651,0.00030573,0.00158130,91510.35088850,40000.00000000,51510.35088850,1.28775877,0.25971358,0.27404013,0.94610244,0.28882380,1.31481499,0.82343501,-0.31540264,,2017,0.71108261,2018,0.02988775,0.35761879,0.29841870,,,0.64202476,0.30153800
VT TQQQ/BTAL t35 w0-70 QQQ:VOL_EWMA75 gate QQQ<SMA200,sens,sens_2014-07-03,2014-07-03,2019-07-03,false,true,0.75000000,0.35000000,0.70000000,QQQ<SMA200,0.01644439,0.30893480,0.01639502,0.30893480,84592.70563050,40000.00000000,44592.70563050,1.11481764,0.22688683,0.24715993,0.86800190,0.28213677,1.19773055,0.79211906,-0.28643021,578,2017,0.71108584,2016,-0.02971213,0.37367644,0.29841870,,,0.62594007,0.22874991
VT TQQQ/BTAL t35 w0-80 QQQ:VOL_EWMA75,sens,sens_2014-07-03,2014-07-03,2019-07-03,false,true,0.75000000,0.35000000,0.80000000,,0.00043388,0.00140006,0.00037593,0.00129066,90762.58239450,40000.00000000,50762.58239450,1.26906456,0.25140410,0.27122361,0.85673443,0.32394864,1.18228392,0.73224108,-0.34333514,,2017,0.81637546,2018,0.01036121,0.29536940,0.19874068,,,0.70419673,0.30153036
VT TQQQ/BTAL t35 w0-80 QQQ:VOL_EWMA75 gate QQQ<SMA200,sens,sens_2014-07-03,2014-07-03,2019-07-03,false,true,0.75000000,0.35000000,0.80000000,QQQ<SMA200,0.01567146,0.30944800,0.01561890,0.30944800,84977.95913050,40000.00000000,44977.95913050,1.12444898,0.22170303,0.24870768,0.79041257,0.31845083,1.08508735,0.66747419,-0.33215222,578,2017,0.81636390,2015,-0.04058565,0.31061974,0.19874068,,,0.68893334,0.22872291
VT TQQQ/BTAL t25 w0-60 QQQ:VOL_EWMA80,sens,sens_2014-07-03,2014-07-03,2019-07-03,false,true,0.80000000,0.25000000,0.60000000,,0.00046686,0.00173094,0.00041219,0.00161049,77236.01356400,40000.00000000,37236.01356400,0.93090034,0.20026958,0.21632039,0.91273068,0.22928514,1.26414354,0.86340294,-0.23195378,241,2017,0.56103589,2015,0.01990181,0.48005046,0.39840718,,,0.51948269,0.21272036
VT TQQQ/BTAL t25 w0-60 QQQ:VOL_EWMA80 gate QQQ<SMA200,sens,sens_2014-07-03,2014-07-03,2019-07-03,false,true,0.80000000,0.25000000,0.60000000,QQQ<SMA200,0.01120435,0.18868161,0.01115079,0.18868161,73257.77511150,40000.00000000,33257.77511150,0.83144438,0.17749632,0.19852261,0.83641414,0.22649668,1.15429351,0.83673267,-0.21213026,576,2017,0.56101218,2015,-0.03360261,0.49086769,0.39840718,,,0.50868466,0.15837484
VT TQQQ/BTAL t25 w0-70 QQQ:VOL_EWMA80,sens,sens_2014-07-03,2014-07-03,2019-07-03,false,true,0.80000000,0.25000000,0.70000000,,0.00042397,0.00124580,0.00037146,0.00124112,75559.84928800,40000.00000000,35559.84928800,0.88899623,0.18959668,0.20892502,0.80373111,0.25808706,1.10254211,0.72311704,-0.26219363,,2017,0.65300111,2015,-0.02791348,0.43225566,0.29885842,,,0.56732037,0.21278870
VT TQQQ/BTAL t25 w0-70 QQQ:VOL_EWMA80 gate QQQ<SMA200,sens,sens_2014-07-03,2014-07-03,2019-07-03,false,true,0.80000000,0.25000000,0.70000000,QQQ<SMA200,0.01073647,0.18910924,0.01067945,0.18910924,71863.33127850,40000.00000000,31863.33127850,0.79658328,0.16785593,0.19207658,0.73636621,0.25579882,1.00753884,0.66421637,-0.25271273,576,2017,0.65295968,2015,-0.07902418,0.44251399,0.29885842,,,0.55701828,0.15839976
VT TQQQ/BTAL t25 w0-80 QQQ:VOL_EWMA80,sens,sens_2014-07-03,2014-07-03,2019-07-03,false,true,0.80000000,0.25000000,0.80000000,,0.00048976,0.00174926,0.00043278,0.00165609,74571.88628150,40000.00000000,34571.88628150,0.86429716,0.18333667,0.20449632,0.73978993,0.28215918,1.00963271,0.62720738,-0.29230630,,2017,0.74846549,2015,-0.06217862,0.39450585,0.19896312,,,0.60500440,0.21275377
VT TQQQ/BTAL t25 w0-80 QQQ:VOL_EWMA80 gate QQQ<SMA200,sens,sens_2014-07-03,2014-07-03,2019-07-03,false,true,0.80000000,0.25000000,0.80000000,QQQ<SMA200,0.01079460,0.18937181,0.01073388,0.18937181,70935.06977200,40000.00000000,30935.06977200,0.77337674,0.16171207,0.18772233,0.67722874,0.28006517,0.92222449,0.58778668,-0.27512033,574,2017,0.74850442,2015,-0.11161956,0.40477802,0.19896312,,,0.59470008,0.15844032
VT TQQQ/BTAL t30 w0-60 QQQ:VOL_EWMA80,sens,sens_2014-07-03,2014-07-03,2019-07-03,false,true,0.80000000,0.30000000,0.60000000,,0.00040496,0.00137834,0.00035689,0.00134315,84823.00440350,40000.00000000,44823.00440350,1.12057511,0.23550615,0.24808591,0.99852939,0.24151189,1.39201910,0.91535457,-0.25728407,307,2017,0.58819764,2016,0.02878599,0.44940343,0.39904817,,,0.55019161,0.25529577
VT TQQQ/BTAL t30 w0-60 QQQ:VOL_EWMA80 gate QQQ<SMA200,sens,sens_2014-07-03,2014-07-03,2019-07-03,false,true,0.80000000,0.30000000,0.60000000,QQQ<SMA200,0.01404907,0.22515814,0.01400660,0.22515814,78724.69042850,40000.00000000,38724.69042850,0.96811726,0.20560299,0.22276813,0.91075989,0.23652001,1.26181991,0.91380105,-0.22499754,576,2017,0.58822177,2016,-0.02343881,0.46301674,0.39904817,,,0.53654748,0.19313641
VT TQQQ/BTAL t30 w0-70 QQQ:VOL_EWMA80,sens,sens_2014-07-03,2014-07-03,2019-07-03,false,true,0.80000000,0.30000000,0.70000000,,0.00041731,0.00176549,0.00036474,0.00168878,84616.54055200,40000.00000000,44616.54055200,1.11541351,0.22962193,0.24725586,0.89140965,0.27497072,1.23208174,0.80148483,-0.28649567,,2017,0.68720119,2015,0.02734394,0.38748026,0.29864578,,,0.61210243,0.25532944
VT TQQQ/BTAL t30 w0-70 QQQ:VOL_EWMA80 gate QQQ<SMA200,sens,sens_2014-07-03,2014-07-03,2019-07-03,false,true,0.80000000,0.30000000,0.70000000,QQQ<SMA200,0.01316992,0.22566135,0.01311658,0.22566135,79615.57240950,40000.00000000,39615.57240950,0.99038931,0.20297511,0.22657437,0.81934368,0.27105775,1.12759772,0.74067910,-0.27403920,577,2017,0.68714922,2015,-0.03535840,0.40021384,0.29864578,,,0.59934074,0.19312654
VT TQQQ/BTAL t30 w0-80 QQQ:VOL_EWMA80,sens,sens_2014-07-03,2014-07-03,2019-07-03,false,true,0.80000000,0.30000000,0.80000000,,0.00048668,0.00174301,0.00043295,0.00172431,82503.77189250,40000.00000000,42503.77189250,1.06259430,0.21681962,0.23865603,0.79552759,0.30672195,1.09047005,0.68694020,-0.31563099,,2017,0.78657818,2015,-0.02577293,0.33575934,0.19912157,,,0.66375398,0.25528636
VT TQQQ/BTAL t30 w0-80 QQQ:VOL_EWMA80 gate QQQ<SMA200,sens,sens_2014-07-03,2014-07-03,2019-07-03,false,true,0.80000000,0.30000000,0.80000000,QQQ<SMA200,0.01300546,0.22607288,0.01296275,0.22607288,77762.14453700,40000.00000000,37762.14453700,0.94405361,0.19076697,0.21861186,0.72961264,0.30326091,0.99662632,0.59730586,-0.31937903,578,2017,0.78662558,2015,-0.08531380,0.34839282,0.19921407,,,0.65117164,0.19305842
VT TQQQ/BTAL t35 w0-60 QQQ:VOL_EWMA80,sens,sens_2014-07-03,2014-07-03,2019-07-03,false,true,0.80000000,0.35000000,0.60000000,,0.00041418,0.00139336,0.00035879,0.00138388,88363.88546400,40000.00000000,48363.88546400,1.20909714,0.25162404,0.26204704,1.02517889,0.24992549,1.43310354,0.89169482,-0.28218627,307,2017,0.60025137,2016,0.04013613,0.43309418,0.39861612,,,0.56649164,0.29783971
VT TQQQ/BTAL t35 w0-60 QQQ:VOL_EWMA80 gate QQQ<SMA200,sens,sens_2014-07-03,2014-07-03,2019-07-03,false,true,0.80000000,0.35000000,0.60000000,QQQ<SMA200,0.01592033,0.23087885,0.01587414,0.23087885,81154.14425600,40000.00000000,41154.14425600,1.02885361,0.21810435,0.23305849,0.93568050,0.24291540,1.29765438,0.93594283,-0.23303170,574,2017,0.60019626,2016,-0.01327139,0.44865049,0.39861612,,,0.55094377,0.22881673
VT TQQQ/BTAL t35 w0-70 QQQ:VOL_EWMA80,sens,sens_2014-07-03,2014-07-03,2019-07-03,false,true,0.80000000,0.35000000,0.70000000,,0.00042347,0.00140732,0.00037766,0.00139623,92566.88113300,40000.00000000,52566.88113300,1.31417203,0.26364825,0.27798491,0.95977008,0.28760147,1.33403535,0.84843361,-0.31074706,,2017,0.71617141,2016,0.03404676,0.35767243,0.29860377,,,0.64190410,0.29785888
VT TQQQ/BTAL t35 w0-70 QQQ:VOL_EWMA80 gate QQQ<SMA200,sens,sens_2014-07-03,2014-07-03,2019-07-03,false,true,0.80000000,0.35000000,0.70000000,QQQ<SMA200,0.01578764,0.26181163,0.01574039,0.26181163,85556.58106800,40000.00000000,45556.58106800,1.13891453,0.23079481,0.25102053,0.88051025,0.28156197,1.21598185,0.80513532,-0.28665344,578,2017,0.71615376,2016,-0.02536710,0.37303442,0.29860377,,,0.62652785,0.22890968
VT TQQQ/BTAL t35 w0-80 QQQ:VOL_EWMA80,sens,sens_2014-07-03,2014-07-03,2019-07-03,false,true,0.80000000,0.35000000,0.80000000,,0.00043876,0.00189193,0.00039405,0.00179252,92009.12384300,40000.00000000,52009.12384300,1.30022810,0.25666395,0.27590743,0.87154445,0.32286698,1.20306310,0.75743126,-0.33886105,,2017,0.82189772,2018,0.02077446,0.29509096,0.19913747,,,0.70447027,0.29785924
VT TQQQ/BTAL t35 w0-80 QQQ:VOL_EWMA80 gate QQQ<SMA200,sens,sens_2014-07-03,2014-07-03,2019-07-03,false,true,0.80000000,0.35000000,0.80000000,QQQ<SMA200,0.01505692,0.26232543,0.01500990,0.26232543,85974.48083400,40000.00000000,45974.48083400,1.14936202,0.22646065,0.25268226,0.80350890,0.31787905,1.10386790,0.67999907,-0.33303082,578,2017,0.82187682,2015,-0.03864590,0.30975657,0.19913747,,,0.68979818,0.22893163
VT TQQQ/BTAL t25 w0-60 QQQ:VOL_EWMA85,sens,sens_2014-07-03,2014-07-03,2019-07-03,false,true,0.85000000,0.25000000,0.60000000,,0.00046083,0.00119777,0.00040529,0.00112184,78285.20179000,40000.00000000,38285.20179000,0.95713004,0.20571776,0.22087613,0.93338853,0.22900436,1.29350186,0.90057152,-0.22843023,240,2017,0.56718170,2016,0.02650174,0.47887492,0.39896715,,,0.52066425,0.21324214
VT TQQQ/BTAL t25 w0-60 QQQ:VOL_EWMA85 gate QQQ<SMA200,sens,sens_2014-07-03,2014-07-03,2019-07-03,false,true,0.85000000,0.25000000,0.60000000,QQQ<SMA200,0.01035822,0.15196081,0.01030547,0.15196081,74312.81408700,40000.00000000,34312.81408700,0.85782035,0.18368269,0.20332621,0.85941805,0.22656000,1.18733651,0.87015486,-0.21109195,576,2017,0.56723321,2015,-0.02620327,0.48882938,0.39896715,,,0.51072444,0.16130497
VT TQQQ/BTAL t25 w0-70 QQQ:VOL_EWMA85,sens,sens_2014-07-03,2014-07-03,2019-07-03,false,true,0.85000000,0.25000000,0.70000000,,0.00045659,0.00155417,0.00040600,0.00150110,76510.49804750,40000.00000000,36510.49804750,0.91276245,0.19540864,0.21313732,0.82452374,0.25723288,1.13176681,0.75515517,-0.25876621,,2017,0.65980955,2015,-0.01765112,0.43275030,0.29884680,,,0.56679311,0.21319037
VT TQQQ/BTAL t25 w0-70 QQQ:VOL_EWMA85 gate QQQ<SMA200,sens,sens_2014-07-03,2014-07-03,2019-07-03,false,true,0.85000000,0.25000000,0.70000000,QQQ<SMA200,0.00990782,0.15237416,0.00985488,0.15237416,72811.40496700,40000.00000000,32811.40496700,0.82028512,0.17436563,0.19647139,0.75922038,0.25524527,1.03986682,0.71137875,-0.24510942,574,2017,0.65976172,2015,-0.07065313,0.44215258,0.29884680,,,0.55734799,0.16133599
VT TQQQ/BTAL t25 w0-80 QQQ:VOL_EWMA85,sens,sens_2014-07-03,2014-07-03,2019-07-03,false,true,0.85000000,0.25000000,0.80000000,,0.00042410,0.00137175,0.00037030,0.00132138,76587.34495950,40000.00000000,36587.34495950,0.91468362,0.19548573,0.21347576,0.78441076,0.27746264,1.07258526,0.67629637,-0.28905334,,2017,0.75571292,2015,-0.02875676,0.39772125,0.19938173,,,0.60185465,0.21322839
VT TQQQ/BTAL t25 w0-80 QQQ:VOL_EWMA85 gate QQQ<SMA200,sens,sens_2014-07-03,2014-07-03,2019-07-03,false,true,0.85000000,0.25000000,0.80000000,QQQ<SMA200,0.00985408,0.15244736,0.00980295,0.15244736,72853.98564150,40000.00000000,32853.98564150,0.82134964,0.17442977,0.19666756,0.72318799,0.27562411,0.98699525,0.65634943,-0.26575747,,2017,0.75577963,2015,-0.08116175,0.40713593,0.19926711,,,0.59241801,0.16142804
VT TQQQ/BTAL t30 w0-60 QQQ:VOL_EWMA85,sens,sens_2014-07-03,2014-07-03,2019-07-03,false,true,0.85000000,0.30000000,0.60000000,,0.00043781,0.00136593,0.00038631,0.00132326,85579.71967050,40000.00000000,45579.71967050,1.13949299,0.23802662,0.25111273,1.01031329,0.24046790,1.40856413,0.94068946,-0.25303421,243,2017,0.59269481,2016,0.02729829,0.44984690,0.39867674,,,0.54971529,0.25584528
VT TQQQ/BTAL t30 w0-60 QQQ:VOL_EWMA85 gate QQQ<SMA200,sens,sens_2014-07-03,2014-07-03,2019-07-03,false,true,0.85000000,0.30000000,0.60000000,QQQ<SMA200,0.01284103,0.18114581,0.01279299,0.18114581,79715.06020750,40000.00000000,39715.06020750,0.99287651,0.20962258,0.22699704,0.92599003,0.23613166,1.28407613,0.94155850,-0.22263362,575,2017,0.59267128,2016,-0.01577087,0.46226002,0.39867674,,,0.53728663,0.19671703
VT TQQQ/BTAL t30 w0-70 QQQ:VOL_EWMA85,sens,sens_2014-07-03,2014-07-03,2019-07-03,false,true,0.85000000,0.30000000,0.70000000,,0.00044914,0.00156804,0.00039747,0.00151442,86037.01176550,40000.00000000,46037.01176550,1.15092529,0.23602746,0.25293028,0.91108822,0.27465110,1.26019386,0.83566548,-0.28244252,,2017,0.69504948,2016,0.03327246,0.38588610,0.29861905,,,0.61366476,0.25582993
VT TQQQ/BTAL t30 w0-70 QQQ:VOL_EWMA85 gate QQQ<SMA200,sens,sens_2014-07-03,2014-07-03,2019-07-03,false,true,0.85000000,0.30000000,0.70000000,QQQ<SMA200,0.01216311,0.18149766,0.01211472,0.18149766,81014.18523950,40000.00000000,41014.18523950,1.02535463,0.21018397,0.23247324,0.84110009,0.27121398,1.15900274,0.77044692,-0.27280786,576,2017,0.69501378,2015,-0.02840439,0.39758783,0.29861905,,,0.60194798,0.19676367
VT TQQQ/BTAL t30 w0-80 QQQ:VOL_EWMA85,sens,sens_2014-07-03,2014-07-03,2019-07-03,false,true,0.85000000,0.30000000,0.80000000,,0.00048094,0.00185494,0.00043109,0.00179022,83777.12955650,40000.00000000,43777.12955650,1.09442824,0.22377980,0.24386241,0.81582098,0.30571262,1.11930935,0.71790898,-0.31171055,,2017,0.79539044,2015,-0.01446459,0.33573879,0.19866259,,,0.66378027,0.25583990
VT TQQQ/BTAL t30 w0-80 QQQ:VOL_EWMA85 gate QQQ<SMA200,sens,sens_2014-07-03,2014-07-03,2019-07-03,false,true,0.85000000,0.30000000,0.80000000,QQQ<SMA200,0.01201528,0.18193904,0.01196846,0.18193904,78977.53329550,40000.00000000,38977.53329550,0.97443833,0.19837899,0.22385231,0.75153536,0.30265886,1.02791449,0.63683323,-0.31150854,576,2017,0.79532555,2015,-0.07622522,0.34733566,0.19866259,,,0.65219966,0.19680098
VT TQQQ/BTAL t35 w0-60 QQQ:VOL_EWMA85,sens,sens_2014-07-03,2014-07-03,2019-07-03,false,true,0.85000000,0.35000000,0.60000000,,0.00037830,0.00139336,0.00033040,0.00138388,89238.76858200,40000.00000000,49238.76858200,1.23096921,0.25464381,0.26541948,1.03841589,0.24879364,1.45214489,0.91874241,-0.27716561,295,2017,0.60019761,2016,0.04153534,0.43380744,0.39861612,,,0.56581427,0.29854210
VT TQQQ/BTAL t35 w0-60 QQQ:VOL_EWMA85 gate QQQ<SMA200,sens,sens_2014-07-03,2014-07-03,2019-07-03,false,true,0.85000000,0.35000000,0.60000000,QQQ<SMA200,0.01524689,0.20999398,0.01519870,0.20999398,81720.84745700,40000.00000000,41720.84745700,1.04302119,0.22052856,0.23541898,0.94571482,0.24228196,1.31189431,0.94876857,-0.23243662,570,2017,0.60022550,2016,-0.00764085,0.44858877,0.39861612,,,0.55097037,0.23315759
VT TQQQ/BTAL t35 w0-70 QQQ:VOL_EWMA85,sens,sens_2014-07-03,2014-07-03,2019-07-03,false,true,0.85000000,0.35000000,0.70000000,,0.00042422,0.00140732,0.00037295,0.00139623,93568.37224700,40000.00000000,53568.37224700,1.33920931,0.26674231,0.28168738,0.97132754,0.28632639,1.35023543,0.87172765,-0.30599271,,2017,0.72179098,2016,0.03250170,0.35823383,0.29860377,,,0.64134195,0.29848538
VT TQQQ/BTAL t35 w0-70 QQQ:VOL_EWMA85 gate QQQ<SMA200,sens,sens_2014-07-03,2014-07-03,2019-07-03,false,true,0.85000000,0.35000000,0.70000000,QQQ<SMA200,0.01435028,0.21033081,0.01430140,0.21033081,86839.71165850,40000.00000000,46839.71165850,1.17099279,0.23562200,0.25609991,0.89542278,0.28110866,1.23772568,0.82966778,-0.28399560,576,2017,0.72178918,2016,-0.01637647,0.37213385,0.29860377,,,0.62741002,0.23336770
VT TQQQ/BTAL t35 w0-80 QQQ:VOL_EWMA85,sens,sens_2014-07-03,2014-07-03,2019-07-03,false,true,0.85000000,0.35000000,0.80000000,,0.00043602,0.00145866,0.00037936,0.00137516,93823.11554950,40000.00000000,53823.11554950,1.34557789,0.26409056,0.28262354,0.89089222,0.32226733,1.23064966,0.78986102,-0.33435067,,2017,0.83167426,2018,0.03334072,0.29341236,0.19873562,,,0.70615162,0.29853270
VT TQQQ/BTAL t35 w0-80 QQQ:VOL_EWMA85 gate QQQ<SMA200,sens,sens_2014-07-03,2014-07-03,2019-07-03,false,true,0.85000000,0.35000000,0.80000000,QQQ<SMA200,0.01385343,0.21083384,0.01380172,0.21083384,87734.83349850,40000.00000000,47734.83349850,1.19337084,0.23477104,0.25960375,0.82478309,0.31788496,1.13451245,0.70783148,-0.33167646,576,2017,0.83171500,2015,-0.03104951,0.30686216,0.19873562,,,0.69270518,0.23337767
50/50,sens,sens_2014-07-03,2014-07-03,2019-07-03,true,true,,,,,0.00042125,0.00151986,0.00037316,0.00150618,84875.97936850,40000.00000000,44875.97936850,1.12189948,0.23788514,0.24829859,1.06034666,0.22571698,1.49146124,0.85165396,-0.27932136,231,2017,0.47780726,2018,0.01077697,0.49962959,0.49849382,,,0.49994915,0.49985104
TQQQ60/BTAL40,sens,sens_2014-07-03,2014-07-03,2019-07-03,true,true,,,,,0.00042273,0.00139336,0.00037417,0.00138388,94504.28275100,40000.00000000,54504.28275100,1.36260707,0.27318579,0.28511571,1.01242753,0.27705179,1.42145452,0.78843578,-0.34649086,237,2017,0.60020431,2018,-0.02633388,0.39962792,0.39861612,,,0.59994935,0.59985420
TQQQ50/BTAL50 gate QQQ<SMA200,sens,sens_2014-07-03,2014-07-03,2019-07-03,true,true,,,,,0.01796880,0.18619821,0.01792069,0.18619821,77590.84276850,40000.00000000,37590.84276850,0.93977107,0.20898601,0.21786732,1.00108813,0.21255161,1.39560842,0.88139553,-0.23710809,237,2017,0.47783459,2016,0.03124417,0.51723859,0.49849382,,,0.48234637,0.31380179
SPY benchmark,sens,sens_2014-07-03,2014-07-03,2019-07-03,true,true,,,,,0.00477691,0.01536990,0.00477691,0.01536990,53787.14600000,40000.00000000,13787.14600000,0.34467865,0.08515174,0.09616067,0.67807942,0.13396071,0.94345879,0.42319034,-0.20121381,221,2019,0.19516952,2018,-0.06343118,,,0.99522309,0.98463010,,
VT TQQQ/BTAL t25 w0-60 QQQ:VOL_EWMA70,sens,sens_2015-01-05,2015-01-05,2020-01-03,false,true,0.70000000,0.25000000,0.60000000,,0.00043658,0.00150936,0.00037965,0.00141700,84451.09154450,40000.00000000,44451.09154450,1.11127729,0.22185883,0.24655432,0.99221465,0.22854238,1.37229773,0.92695948,-0.23934038,313,2017,0.55561086,2020,0.01532319,0.48101360,0.39859955,,,0.51854982,0.22086915
VT TQQQ/BTAL t25 w0-60 QQQ:VOL_EWMA70 gate QQQ<SMA200,sens,sens_2015-01-05,2015-01-05,2020-01-03,false,true,0.70000000,0.25000000,0.60000000,QQQ<SMA200,0.01209386,0.25575806,0.01204174,0.25575806,80829.64118650,40000.00000000,40829.64118650,1.02074103,0.19906782,0.23166344,0.92046707,0.22501234,1.26712253,0.94873950,-0.20982348,576,2017,0.55560238,2016,-0.02125343,0.49262700,0.39859955,,,0.50689313,0.15920064
VT TQQQ/BTAL t25 w0-70 QQQ:VOL_EWMA70,sens,sens_2015-01-05,2015-01-05,2020-01-03,false,true,0.70000000,0.25000000,0.70000000,,0.00045524,0.00153021,0.00039328,0.00146728,85970.90822450,40000.00000000,45970.90822450,1.14927271,0.22278637,0.25263378,0.91080343,0.25769006,1.24951399,0.82741012,-0.26925748,427,2017,0.64668386,2015,0.01554246,0.43116425,0.29853272,,,0.56838051,0.22088551
VT TQQQ/BTAL t25 w0-70 QQQ:VOL_EWMA70 gate QQQ<SMA200,sens,sens_2015-01-05,2015-01-05,2020-01-03,false,true,0.70000000,0.25000000,0.70000000,QQQ<SMA200,0.01152617,0.25614494,0.01147241,0.25614494,82478.56327550,40000.00000000,42478.56327550,1.06196408,0.20088336,0.23851621,0.84726393,0.25478189,1.15842397,0.76810735,-0.26153032,577,2017,0.64666433,2015,-0.02636197,0.44226140,0.29853272,,,0.55728292,0.15928004
VT TQQQ/BTAL t25 w0-80 QQQ:VOL_EWMA70,sens,sens_2015-01-05,2015-01-05,2020-01-03,false,true,0.70000000,0.25000000,0.80000000,,0.00055538,0.00178301,0.00048944,0.00162904,87097.28959900,40000.00000000,47097.28959900,1.17743224,0.22342200,0.25707778,0.85587074,0.28292494,1.16904782,0.74703798,-0.29907716,451,2017,0.73251247,2015,-0.02958076,0.39121606,0.19846588,,,0.60822856,0.22086333
VT TQQQ/BTAL t25 w0-80 QQQ:VOL_EWMA70 gate QQQ<SMA200,sens,sens_2015-01-05,2015-01-05,2020-01-03,false,true,0.70000000,0.25000000,0.80000000,QQQ<SMA200,0.01159265,0.25637260,0.01153510,0.25637260,83554.00682950,40000.00000000,43554.00682950,1.08885017,0.20140534,0.24291976,0.79642047,0.28028703,1.08473593,0.67028015,-0.30047935,718,2017,0.73249579,2015,-0.06978666,0.40236323,0.19846588,,,0.59712526,0.15930347
VT TQQQ/BTAL t30 w0-60 QQQ:VOL_EWMA70,sens,sens_2015-01-05,2015-01-05,2020-01-03,false,true,0.70000000,0.30000000,0.60000000,,0.00049451,0.00163667,0.00044108,0.00160007,90923.18466350,40000.00000000,50923.18466350,1.27307962,0.24936345,0.27179887,1.03900790,0.24298720,1.44440700,0.93751445,-0.26598358,308,2017,0.58233302,2020,0.01532442,0.44892176,0.39839993,,,0.55058373,0.26513941
VT TQQQ/BTAL t30 w0-60 QQQ:VOL_EWMA70 gate QQQ<SMA200,sens,sens_2015-01-05,2015-01-05,2020-01-03,false,true,0.70000000,0.30000000,0.60000000,QQQ<SMA200,0.01485568,0.28888107,0.01480044,0.28888107,85451.35411050,40000.00000000,45451.35411050,1.13628385,0.22020854,0.25056639,0.95930578,0.23705628,1.32418378,0.98457387,-0.22365873,576,2017,0.58234126,2016,-0.02820884,0.46345548,0.39839993,,,0.53611020,0.19412962
VT TQQQ/BTAL t30 w0-70 QQQ:VOL_EWMA70,sens,sens_2015-01-05,2015-01-05,2020-01-03,false,true,0.70000000,0.30000000,0.70000000,,0.00044418,0.00167704,0.00038566,0.00165118,93647.49780050,40000.00000000,53647.49780050,1.34118745,0.25398859,0.28194880,0.96083211,0.27548656,1.32566709,0.86126078,-0.29490323,329,2017,0.68056502,2020,0.01674965,0.38833034,0.29891103,,,0.61122549,0.26514432
VT TQQQ/BTAL t30 w0-70 QQQ:VOL_EWMA70 gate QQQ<SMA200,sens,sens_2015-01-05,2015-01-05,2020-01-03,false,true,0.70000000,0.30000000,0.70000000,QQQ<SMA200,0.01423409,0.30628066,0.01417616,0.30628066,89064.25746300,40000.00000000,49064.25746300,1.22660644,0.22731966,0.26471661,0.89365846,0.27063743,1.22635964,0.83561420,-0.27203902,576,2017,0.68056255,2016,-0.02295515,0.40208140,0.29894884,,,0.59743286,0.19424223
VT TQQQ/BTAL t30 w0-80 QQQ:VOL_EWMA70,sens,sens_2015-01-05,2015-01-05,2020-01-03,false,true,0.70000000,0.30000000,0.80000000,,0.00045993,0.00167704,0.00040872,0.00165118,95550.02767550,40000.00000000,55550.02767550,1.38875069,0.25533751,0.28888260,0.89727822,0.30638092,1.23054816,0.78892990,-0.32365044,436,2017,0.77849014,2018,0.00665214,0.33607289,0.19891307,,,0.66346718,0.26508570
VT TQQQ/BTAL t30 w0-80 QQQ:VOL_EWMA70 gate QQQ<SMA200,sens,sens_2015-01-05,2015-01-05,2020-01-03,false,true,0.70000000,0.30000000,0.80000000,QQQ<SMA200,0.01391403,0.30672751,0.01385540,0.30672751,91011.84935300,40000.00000000,51011.84935300,1.27529623,0.22915367,0.27213344,0.83576230,0.30214742,1.14130210,0.71705867,-0.31957451,578,2017,0.77844550,2015,-0.02977248,0.34952046,0.19882857,,,0.64999024,0.19422082
VT TQQQ/BTAL t35 w0-60 QQQ:VOL_EWMA70,sens,sens_2015-01-05,2015-01-05,2020-01-03,false,true,0.70000000,0.35000000,0.60000000,,0.00046043,0.00167743,0.00040365,0.00151811,94062.52125000,40000.00000000,54062.52125000,1.35156303,0.26329294,0.28347195,1.05735939,0.25119278,1.47228013,0.90025088,-0.29246619,307,2017,0.60015788,2020,0.01532354,0.43264288,0.39848189,,,0.56689669,0.30930786
VT TQQQ/BTAL t35 w0-60 QQQ:VOL_EWMA70 gate QQQ<SMA200,sens,sens_2015-01-05,2015-01-05,2020-01-03,false,true,0.70000000,0.35000000,0.60000000,QQQ<SMA200,0.01567555,0.23562324,0.01562654,0.23562324,88406.18618300,40000.00000000,48406.18618300,1.21015465,0.23457897,0.26217785,0.98806983,0.24362073,1.36658389,1.01676969,-0.23071004,574,2017,0.60021974,2016,-0.01602518,0.44793886,0.39848189,,,0.55162604,0.23014103
VT TQQQ/BTAL t35 w0-70 QQQ:VOL_EWMA70,sens,sens_2015-01-05,2015-01-05,2020-01-03,false,true,0.70000000,0.35000000,0.70000000,,0.00045120,0.00172697,0.00039281,0.00172565,100550.07199950,40000.00000000,60550.07199950,1.51375180,0.28075685,0.30653849,0.99883611,0.29042474,1.38465652,0.87595860,-0.32051384,317,2017,0.70887297,2020,0.01674925,0.35719486,0.29864461,,,0.64235394,0.30928759
VT TQQQ/BTAL t35 w0-70 QQQ:VOL_EWMA70 gate QQQ<SMA200,sens,sens_2015-01-05,2015-01-05,2020-01-03,false,true,0.70000000,0.35000000,0.70000000,QQQ<SMA200,0.01672777,0.33623344,0.01667427,0.33623344,94269.97515150,40000.00000000,54269.97515150,1.35674938,0.24877187,0.28423108,0.92741257,0.28329712,1.27634218,0.87096146,-0.28562902,578,2017,0.70883609,2016,-0.03122746,0.37351246,0.29864461,,,0.62602733,0.23020312
VT TQQQ/BTAL t35 w0-80 QQQ:VOL_EWMA70,sens,sens_2015-01-05,2015-01-05,2020-01-03,false,true,0.70000000,0.35000000,0.80000000,,0.00044404,0.00152032,0.00039349,0.00143213,103066.29577150,40000.00000000,63066.29577150,1.57665739,0.28377443,0.31513183,0.93340822,0.32482031,1.28603156,0.81489243,-0.34823545,432,2017,0.81368871,2018,0.00293661,0.29573121,0.19894232,,,0.70382475,0.30926189
VT TQQQ/BTAL t35 w0-80 QQQ:VOL_EWMA70 gate QQQ<SMA200,sens,sens_2015-01-05,2015-01-05,2020-01-03,false,true,0.70000000,0.35000000,0.80000000,QQQ<SMA200,0.01625834,0.35660279,0.01620914,0.35660279,97491.98968300,40000.00000000,57491.98968300,1.43729974,0.25350650,0.29583498,0.87021296,0.31871373,1.19202146,0.76511747,-0.33133017,578,2017,0.81370204,2016,-0.02637236,0.31162953,0.19888449,,,0.68794166,0.23025190
VT TQQQ/BTAL t25 w0-60 QQQ:VOL_EWMA75,sens,sens_2015-01-05,2015-01-05,2020-01-03,false,true,0.75000000,0.25000000,0.60000000,,0.00044376,0.00152562,0.00039215,0.00150249,84444.20572850,40000.00000000,44444.20572850,1.11110514,0.22183512,0.24652655,0.99285636,0.22832933,1.37195930,0.94210277,-0.23546807,313,2017,0.55742913,2020,0.01532262,0.48122666,0.39893678,,,0.51832957,0.21534135
VT TQQQ/BTAL t25 w0-60 QQQ:VOL_EWMA75 gate QQQ<SMA200,sens,sens_2015-01-05,2015-01-05,2020-01-03,false,true,0.75000000,0.25000000,0.60000000,QQQ<SMA200,0.01175078,0.22386657,0.01169706,0.22386657,80709.25476200,40000.00000000,40709.25476200,1.01773137,0.19847686,0.23115822,0.91775360,0.22518443,1.26287670,0.93480409,-0.21231920,577,2017,0.55747602,2016,-0.02106675,0.49257129,0.39885891,,,0.50698408,0.15786779
VT TQQQ/BTAL t25 w0-70 QQQ:VOL_EWMA75,sens,sens_2015-01-05,2015-01-05,2020-01-03,false,true,0.75000000,0.25000000,0.70000000,,0.00043430,0.00152562,0.00037937,0.00150249,85714.05093200,40000.00000000,45714.05093200,1.14285127,0.22216037,0.25161310,0.91035269,0.25708320,1.24819689,0.83654827,-0.26556790,430,2017,0.64892340,2020,0.01674851,0.43192984,0.29917303,,,0.56763586,0.21534877
VT TQQQ/BTAL t25 w0-70 QQQ:VOL_EWMA75 gate QQQ<SMA200,sens,sens_2015-01-05,2015-01-05,2020-01-03,false,true,0.75000000,0.25000000,0.70000000,QQQ<SMA200,0.01121107,0.22417995,0.01115943,0.22417995,82133.40896200,40000.00000000,42133.40896200,1.05333522,0.19977511,0.23709202,0.84428556,0.25449981,1.15417016,0.76390301,-0.26151894,577,2017,0.64894413,2015,-0.02907360,0.44270286,0.29909478,,,0.55684694,0.15794137
VT TQQQ/BTAL t25 w0-80 QQQ:VOL_EWMA75,sens,sens_2015-01-05,2015-01-05,2020-01-03,false,true,0.75000000,0.25000000,0.80000000,,0.00048038,0.00152562,0.00041907,0.00150249,87322.89966800,40000.00000000,47322.89966800,1.18307249,0.22521930,0.25796172,0.86416544,0.28140692,1.18062082,0.76197483,-0.29557316,453,2017,0.74362006,2015,-0.02558083,0.39323672,0.19872023,,,0.60628290,0.21537766
VT TQQQ/BTAL t25 w0-80 QQQ:VOL_EWMA75 gate QQQ<SMA200,sens,sens_2015-01-05,2015-01-05,2020-01-03,false,true,0.75000000,0.25000000,0.80000000,QQQ<SMA200,0.01121867,0.22453541,0.01117088,0.22453541,83680.38970600,40000.00000000,43680.38970600,1.09200974,0.20280973,0.24343391,0.80288767,0.27904310,1.09417263,0.69719115,-0.29089544,576,2017,0.74364497,2015,-0.07231308,0.40405827,0.19866144,,,0.59549263,0.15794660
VT TQQQ/BTAL t30 w0-60 QQQ:VOL_EWMA75,sens,sens_2015-01-05,2015-01-05,2020-01-03,false,true,0.75000000,0.30000000,0.60000000,,0.00046006,0.00186974,0.00040358,0.00182595,91377.93885850,40000.00000000,51377.93885850,1.28444847,0.25101951,0.27351179,1.04793193,0.24194201,1.45680521,0.96012294,-0.26144517,307,2017,0.58407759,2020,0.01532469,0.45000292,0.39858501,,,0.54953702,0.25840589
VT TQQQ/BTAL t30 w0-60 QQQ:VOL_EWMA75 gate QQQ<SMA200,sens,sens_2015-01-05,2015-01-05,2020-01-03,false,true,0.75000000,0.30000000,0.60000000,QQQ<SMA200,0.01489929,0.26760981,0.01483942,0.26760981,85531.94462250,40000.00000000,45531.94462250,1.13829862,0.22019709,0.25088781,0.96138972,0.23636085,1.32711169,0.97448762,-0.22596192,577,2017,0.58405456,2016,-0.02785233,0.46435787,0.39858501,,,0.53511393,0.19246924
VT TQQQ/BTAL t30 w0-70 QQQ:VOL_EWMA75,sens,sens_2015-01-05,2015-01-05,2020-01-03,false,true,0.75000000,0.30000000,0.70000000,,0.00044614,0.00151216,0.00038624,0.00142502,93640.94197050,40000.00000000,53640.94197050,1.34102355,0.25398533,0.28192469,0.96114336,0.27536681,1.32503286,0.87428582,-0.29050606,329,2017,0.68265445,2020,0.01674833,0.38836819,0.29857498,,,0.61118566,0.25845824
VT TQQQ/BTAL t30 w0-70 QQQ:VOL_EWMA75 gate QQQ<SMA200,sens,sens_2015-01-05,2015-01-05,2020-01-03,false,true,0.75000000,0.30000000,0.70000000,QQQ<SMA200,0.01378488,0.26801598,0.01373535,0.26801598,88922.85812000,40000.00000000,48922.85812000,1.22307145,0.22670771,0.26417252,0.89101385,0.27099302,1.22237776,0.82683402,-0.27418769,578,2017,0.68265947,2016,-0.02252641,0.40183000,0.29857498,,,0.59776832,0.19247130
VT TQQQ/BTAL t30 w0-80 QQQ:VOL_EWMA75,sens,sens_2015-01-05,2015-01-05,2020-01-03,false,true,0.75000000,0.30000000,0.80000000,,0.00042493,0.00149893,0.00037356,0.00138140,95078.41085550,40000.00000000,55078.41085550,1.37696027,0.25401997,0.28717529,0.89449099,0.30605619,1.22562945,0.79519543,-0.31944345,440,2017,0.78140693,2018,0.01285754,0.33695597,0.19897749,,,0.66261910,0.25845203
VT TQQQ/BTAL t30 w0-80 QQQ:VOL_EWMA75 gate QQQ<SMA200,sens,sens_2015-01-05,2015-01-05,2020-01-03,false,true,0.75000000,0.30000000,0.80000000,QQQ<SMA200,0.01354505,0.26846748,0.01349016,0.26846748,90397.65219850,40000.00000000,50397.65219850,1.25994130,0.22709561,0.26980984,0.83010862,0.30221364,1.13297590,0.70511824,-0.32206741,578,2017,0.78139213,2015,-0.03297043,0.35012251,0.19905952,,,0.64944815,0.19254625
VT TQQQ/BTAL t35 w0-60 QQQ:VOL_EWMA75,sens,sens_2015-01-05,2015-01-05,2020-01-03,false,true,0.75000000,0.35000000,0.60000000,,0.00050100,0.00167743,0.00043692,0.00151811,94574.32655650,40000.00000000,54574.32655650,1.36435816,0.26562945,0.28534211,1.06620924,0.25073449,1.48543368,0.92523483,-0.28709409,307,2017,0.60014333,2020,0.01532350,0.43281047,0.39848189,,,0.56668853,0.30147342
VT TQQQ/BTAL t35 w0-60 QQQ:VOL_EWMA75 gate QQQ<SMA200,sens,sens_2015-01-05,2015-01-05,2020-01-03,false,true,0.75000000,0.35000000,0.60000000,QQQ<SMA200,0.01602442,0.23453463,0.01596145,0.23453463,88287.55067850,40000.00000000,48287.55067850,1.20718877,0.23394272,0.26171838,0.98649733,0.24344165,1.36427913,1.00518707,-0.23273550,574,2017,0.60016947,2016,-0.01607230,0.44837016,0.39848189,,,0.55112165,0.22804664
VT TQQQ/BTAL t35 w0-70 QQQ:VOL_EWMA75,sens,sens_2015-01-05,2015-01-05,2020-01-03,false,true,0.75000000,0.35000000,0.70000000,,0.00042868,0.00163640,0.00036817,0.00147641,101179.97174700,40000.00000000,61179.97174700,1.52949929,0.28286010,0.30870737,1.00764627,0.28914958,1.39687583,0.89681565,-0.31540495,315,2017,0.71102683,2020,0.01674847,0.35843644,0.29852359,,,0.64113488,0.30154042
VT TQQQ/BTAL t35 w0-70 QQQ:VOL_EWMA75 gate QQQ<SMA200,sens,sens_2015-01-05,2015-01-05,2020-01-03,false,true,0.75000000,0.35000000,0.70000000,QQQ<SMA200,0.01665187,0.31145793,0.01659528,0.31145793,94408.04159850,40000.00000000,54408.04159850,1.36020104,0.24889166,0.28473548,0.92975941,0.28241596,1.27960274,0.86488055,-0.28777576,578,2017,0.71105175,2016,-0.03063276,0.37471268,0.29852359,,,0.62486550,0.22818131
VT TQQQ/BTAL t35 w0-80 QQQ:VOL_EWMA75,sens,sens_2015-01-05,2015-01-05,2020-01-03,false,true,0.75000000,0.35000000,0.80000000,,0.00035225,0.00140527,0.00030433,0.00139974,103297.86730050,40000.00000000,63297.86730050,1.58244668,0.28444030,0.31591335,0.93572738,0.32444936,1.28852565,0.82836707,-0.34337471,432,2017,0.81638603,2018,0.01031926,0.29579219,0.19860026,,,0.70385557,0.30160598
VT TQQQ/BTAL t35 w0-80 QQQ:VOL_EWMA75 gate QQQ<SMA200,sens,sens_2015-01-05,2015-01-05,2020-01-03,false,true,0.75000000,0.35000000,0.80000000,QQQ<SMA200,0.01583281,0.31188387,0.01579215,0.31188387,97529.18615350,40000.00000000,57529.18615350,1.43822965,0.25340173,0.29596695,0.86959886,0.31892423,1.19112727,0.75978926,-0.33351581,578,2017,0.81631306,2016,-0.02586426,0.31114701,0.19860026,,,0.68841802,0.22826836
VT TQQQ/BTAL t25 w0-60 QQQ:VOL_EWMA80,sens,sens_2015-01-05,2015-01-05,2020-01-03,false,true,0.80000000,0.25000000,0.60000000,,0.00049429,0.00170591,0.00043195,0.00167112,84796.08642000,40000.00000000,44796.08642000,1.11990216,0.22351977,0.24794288,0.99928474,0.22821845,1.38015798,0.96363557,-0.23195467,241,2017,0.56104453,2020,0.01532338,0.48077393,0.39862598,,,0.51873178,0.21270754
VT TQQQ/BTAL t25 w0-60 QQQ:VOL_EWMA80 gate QQQ<SMA200,sens,sens_2015-01-05,2015-01-05,2020-01-03,false,true,0.80000000,0.25000000,0.60000000,QQQ<SMA200,0.01135342,0.19023663,0.01129642,0.19023663,80973.85093000,40000.00000000,40973.85093000,1.02434627,0.20000718,0.23226774,0.92278439,0.22539441,1.26979746,0.93870545,-0.21306702,576,2017,0.56105356,2016,-0.01796366,0.49169245,0.39862598,,,0.50781204,0.15800166
VT TQQQ/BTAL t25 w0-70 QQQ:VOL_EWMA80,sens,sens_2015-01-05,2015-01-05,2020-01-03,false,true,0.80000000,0.25000000,0.70000000,,0.00045046,0.00170591,0.00037929,0.00167112,85966.59239150,40000.00000000,45966.59239150,1.14916481,0.22419680,0.25261666,0.91916148,0.25617811,1.26033187,0.85495665,-0.26223177,430,2017,0.65292335,2020,0.01674947,0.43299595,0.29929054,,,0.56655359,0.21273591
VT TQQQ/BTAL t25 w0-70 QQQ:VOL_EWMA80 gate QQQ<SMA200,sens,sens_2015-01-05,2015-01-05,2020-01-03,false,true,0.80000000,0.25000000,0.70000000,QQQ<SMA200,0.01076056,0.19056931,0.01070345,0.19056931,82289.09737550,40000.00000000,42289.09737550,1.05722743,0.20162783,0.23773509,0.85181475,0.25387348,1.16496246,0.79579301,-0.25336718,576,2017,0.65300988,2015,-0.02839592,0.44335608,0.29916039,,,0.55620026,0.15800287
VT TQQQ/BTAL t25 w0-80 QQQ:VOL_EWMA80,sens,sens_2015-01-05,2015-01-05,2020-01-03,false,true,0.80000000,0.25000000,0.80000000,,0.00040928,0.00170591,0.00035387,0.00167112,87425.50547350,40000.00000000,47425.50547350,1.18563764,0.22828524,0.25836305,0.87859523,0.27878858,1.20061597,0.78097634,-0.29230750,469,2017,0.74852107,2015,-0.01005429,0.39611084,0.19890849,,,0.60347988,0.21272735
VT TQQQ/BTAL t25 w0-80 QQQ:VOL_EWMA80 gate QQQ<SMA200,sens,sens_2015-01-05,2015-01-05,2020-01-03,false,true,0.80000000,0.25000000,0.80000000,QQQ<SMA200,0.01080228,0.19090979,0.01074767,0.19090979,83658.68882050,40000.00000000,43658.68882050,1.09146722,0.20559802,0.24334568,0.81571770,0.27667891,1.11224117,0.74574431,-0.27569506,574,2017,0.74844762,2015,-0.06271377,0.40643009,0.19884519,,,0.59310947,0.15814240
VT TQQQ/BTAL t30 w0-60 QQQ:VOL_EWMA80,sens,sens_2015-01-05,2015-01-05,2020-01-03,false,true,0.80000000,0.30000000,0.60000000,,0.00044202,0.00146567,0.00037887,0.00142300,92020.50740750,40000.00000000,52020.50740750,1.30051269,0.25343936,0.27591925,1.05989232,0.24077127,1.47331778,0.98512460,-0.25726630,307,2017,0.58818260,2020,0.01532372,0.45073500,0.39858501,,,0.54882298,0.25527207
VT TQQQ/BTAL t30 w0-60 QQQ:VOL_EWMA80 gate QQQ<SMA200,sens,sens_2015-01-05,2015-01-05,2020-01-03,false,true,0.80000000,0.30000000,0.60000000,QQQ<SMA200,0.01428335,0.22728216,0.01422281,0.22728216,86126.46042400,40000.00000000,46126.46042400,1.15316151,0.22264092,0.25325058,0.97182880,0.23572811,1.34231530,0.98451742,-0.22614219,577,2017,0.58818826,2016,-0.02416417,0.46448503,0.39858501,,,0.53501876,0.19259917
VT TQQQ/BTAL t30 w0-70 QQQ:VOL_EWMA80,sens,sens_2015-01-05,2015-01-05,2020-01-03,false,true,0.80000000,0.30000000,0.70000000,,0.00043277,0.00193450,0.00036930,0.00189276,94454.35915250,40000.00000000,54454.35915250,1.36135898,0.25699789,0.28490455,0.97172855,0.27463354,1.33961578,0.89703334,-0.28649758,320,2017,0.68717242,2020,0.01674921,0.38837079,0.29886227,,,0.61119645,0.25534041
VT TQQQ/BTAL t30 w0-70 QQQ:VOL_EWMA80 gate QQQ<SMA200,sens,sens_2015-01-05,2015-01-05,2020-01-03,false,true,0.80000000,0.30000000,0.70000000,QQQ<SMA200,0.01328275,0.22764951,0.01323200,0.22764951,89558.97194650,40000.00000000,49558.97194650,1.23897430,0.22933676,0.26661417,0.89963007,0.27068786,1.23475167,0.83346017,-0.27516223,578,2017,0.68711571,2016,-0.01897843,0.40128962,0.29893253,,,0.59829280,0.19269349
VT TQQQ/BTAL t30 w0-80 QQQ:VOL_EWMA80,sens,sens_2015-01-05,2015-01-05,2020-01-03,false,true,0.80000000,0.30000000,0.80000000,,0.00043899,0.00193450,0.00038520,0.00189276,95186.16320050,40000.00000000,55186.16320050,1.37965408,0.25523473,0.28756603,0.89790938,0.30593431,1.22984649,0.80864313,-0.31563334,443,2017,0.78658199,2020,0.01817449,0.33671198,0.19907562,,,0.66284903,0.25528479
VT TQQQ/BTAL t30 w0-80 QQQ:VOL_EWMA80 gate QQQ<SMA200,sens,sens_2015-01-05,2015-01-05,2020-01-03,false,true,0.80000000,0.30000000,0.80000000,QQQ<SMA200,0.01314119,0.22804135,0.01309040,0.22804135,90343.48497250,40000.00000000,50343.48497250,1.25858712,0.22786296,0.26960424,0.83180278,0.30243435,1.13523536,0.71103510,-0.32046654,578,2017,0.78653436,2015,-0.03238714,0.34943288,0.19908695,,,0.65010796,0.19269462
VT TQQQ/BTAL t35 w0-60 QQQ:VOL_EWMA80,sens,sens_2015-01-05,2015-01-05,2020-01-03,false,true,0.80000000,0.35000000,0.60000000,,0.00050240,0.00167743,0.00044383,0.00151811,95596.70312750,40000.00000000,55596.70312750,1.38991758,0.26968464,0.28905117,1.08294402,0.24954007,1.51011960,0.95572220,-0.28217890,307,2017,0.60020833,2020,0.01532360,0.43366318,0.39848189,,,0.56583442,0.29782996
VT TQQQ/BTAL t35 w0-60 QQQ:VOL_EWMA80 gate QQQ<SMA200,sens,sens_2015-01-05,2015-01-05,2020-01-03,false,true,0.80000000,0.35000000,0.60000000,QQQ<SMA200,0.01614294,0.23329884,0.01608779,0.23329884,88614.30297900,40000.00000000,48614.30297900,1.21535757,0.23516918,0.26298256,0.99357710,0.24246940,1.37427310,1.00700646,-0.23353294,574,2017,0.60021218,2016,-0.01408066,0.44941827,0.39848189,,,0.55011111,0.22826763
VT TQQQ/BTAL t35 w0-70 QQQ:VOL_EWMA80,sens,sens_2015-01-05,2015-01-05,2020-01-03,false,true,0.80000000,0.35000000,0.70000000,,0.00046590,0.00156701,0.00040739,0.00144358,102045.95216850,40000.00000000,62045.95216850,1.55114880,0.28583217,0.31166975,1.01928574,0.28771621,1.41289864,0.91986833,-0.31073161,315,2017,0.71613941,2020,0.01674895,0.35922266,0.29855642,,,0.64031144,0.29787365
VT TQQQ/BTAL t35 w0-70 QQQ:VOL_EWMA80 gate QQQ<SMA200,sens,sens_2015-01-05,2015-01-05,2020-01-03,false,true,0.80000000,0.35000000,0.70000000,QQQ<SMA200,0.01599238,0.26437641,0.01593941,0.26437641,95184.31157700,40000.00000000,55184.31157700,1.37960779,0.25179444,0.28755932,0.93979342,0.28163814,1.29412402,0.87398569,-0.28809904,578,2017,0.71611787,2016,-0.02646993,0.37475983,0.29855642,,,0.62475760,0.22841704
VT TQQQ/BTAL t35 w0-80 QQQ:VOL_EWMA80,sens,sens_2015-01-05,2015-01-05,2020-01-03,false,true,0.80000000,0.35000000,0.80000000,,0.00043547,0.00156916,0.00038074,0.00140737,104459.75930000,40000.00000000,64459.75930000,1.61149398,0.28833013,0.31981141,0.94710870,0.32338400,1.30433598,0.85080216,-0.33889210,432,2017,0.82183995,2020,0.01817549,0.29604234,0.19897902,,,0.70352219,0.29787982
VT TQQQ/BTAL t35 w0-80 QQQ:VOL_EWMA80 gate QQQ<SMA200,sens,sens_2015-01-05,2015-01-05,2020-01-03,false,true,0.80000000,0.35000000,0.80000000,QQQ<SMA200,0.01524530,0.26477290,0.01519318,0.26477290,98442.97571000,40000.00000000,58442.97571000,1.46107439,0.25679927,0.29919495,0.87906540,0.31836954,1.20475395,0.76788237,-0.33442528,578,2017,0.82180848,2016,-0.02155426,0.31088118,0.19896685,,,0.68867244,0.22840140
VT TQQQ/BTAL t25 w0-60 QQQ:VOL_EWMA85,sens,sens_2015-01-05,2015-01-05,2020-01-03,false,true,0.85000000,0.25000000,0.60000000,,0.00048631,0.00196599,0.00043379,0.00185659,85627.02011550,40000.00000000,45627.02011550,1.14067550,0.22719451,0.25126665,1.01381977,0.22781835,1.40060023,0.99460958,-0.22842582,240,2017,0.56721517,2020,0.01532367,0.48012160,0.39851895,,,0.51939209,0.21323703
VT TQQQ/BTAL t25 w0-60 QQQ:VOL_EWMA85 gate QQQ<SMA200,sens,sens_2015-01-05,2015-01-05,2020-01-03,false,true,0.85000000,0.25000000,0.60000000,QQQ<SMA200,0.01044511,0.15354972,0.01038682,0.15354972,81784.85644500,40000.00000000,41784.85644500,1.04462141,0.20434046,0.23564834,0.93897618,0.22533629,1.29304630,0.96302022,-0.21218709,576,2017,0.56716681,2016,-0.01156656,0.49025472,0.39851895,,,0.50931883,0.16091709
VT TQQQ/BTAL t25 w0-70 QQQ:VOL_EWMA85,sens,sens_2015-01-05,2015-01-05,2020-01-03,false,true,0.85000000,0.25000000,0.70000000,,0.00042216,0.00196599,0.00036431,0.00185659,86371.70727850,40000.00000000,46371.70727850,1.15929268,0.22719848,0.25422101,0.92984922,0.25575636,1.27479837,0.87793816,-0.25878643,436,2017,0.65975049,2020,0.01674937,0.43348347,0.29906580,,,0.56609437,0.21324429
VT TQQQ/BTAL t25 w0-70 QQQ:VOL_EWMA85 gate QQQ<SMA200,sens,sens_2015-01-05,2015-01-05,2020-01-03,false,true,0.85000000,0.25000000,0.70000000,QQQ<SMA200,0.00994956,0.15386420,0.00989919,0.15386420,82683.66768450,40000.00000000,42683.66768450,1.06709169,0.20526930,0.23936000,0.86400840,0.25376657,1.18191513,0.83474631,-0.24590620,574,2017,0.65975957,2015,-0.02209772,0.44291497,0.29916866,,,0.55659382,0.16096178
VT TQQQ/BTAL t25 w0-80 QQQ:VOL_EWMA85,sens,sens_2015-01-05,2015-01-05,2020-01-03,false,true,0.85000000,0.25000000,0.80000000,,0.00048725,0.00196599,0.00042298,0.00185659,88327.07110250,40000.00000000,48327.07110250,1.20817678,0.23619489,0.26187150,0.91175599,0.27433291,1.24723248,0.81720898,-0.28902630,474,2017,0.75575725,2020,0.01817438,0.39993013,0.19897676,,,0.59958263,0.21323315
VT TQQQ/BTAL t25 w0-80 QQQ:VOL_EWMA85 gate QQQ<SMA200,sens,sens_2015-01-05,2015-01-05,2020-01-03,false,true,0.85000000,0.25000000,0.80000000,QQQ<SMA200,0.00997589,0.15400974,0.00991031,0.15400974,84504.32765450,40000.00000000,44504.32765450,1.11260819,0.21415420,0.24676892,0.84999957,0.27247722,1.16052539,0.80587582,-0.26574094,474,2017,0.75572868,2015,-0.03317130,0.40940648,0.19925948,,,0.59007833,0.16108003
VT TQQQ/BTAL t30 w0-60 QQQ:VOL_EWMA85,sens,sens_2015-01-05,2015-01-05,2020-01-03,false,true,0.85000000,0.30000000,0.60000000,,0.00047583,0.00146567,0.00040773,0.00141499,92763.70430600,40000.00000000,52763.70430600,1.31909261,0.25633278,0.27868516,1.07335456,0.23965202,1.49208679,1.01307327,-0.25302491,243,2017,0.59264526,2020,0.01532187,0.45125026,0.39858501,,,0.54827391,0.25587227
VT TQQQ/BTAL t30 w0-60 QQQ:VOL_EWMA85 gate QQQ<SMA200,sens,sens_2015-01-05,2015-01-05,2020-01-03,false,true,0.85000000,0.30000000,0.60000000,QQQ<SMA200,0.01300558,0.18315590,0.01294880,0.18315590,87089.71330400,40000.00000000,47089.71330400,1.17724283,0.22705693,0.25704806,0.98861595,0.23526459,1.36668275,1.01461480,-0.22378634,576,2017,0.59268711,2016,-0.01646718,0.46381241,0.39858501,,,0.53569586,0.19620442
VT TQQQ/BTAL t30 w0-70 QQQ:VOL_EWMA85,sens,sens_2015-01-05,2015-01-05,2020-01-03,false,true,0.85000000,0.30000000,0.70000000,,0.00046358,0.00148773,0.00040693,0.00139018,95690.96998000,40000.00000000,55690.96998000,1.39227425,0.26183254,0.28939138,0.98718056,0.27407278,1.36145013,0.92708938,-0.28242427,320,2017,0.69502651,2020,0.01674923,0.38763806,0.29900527,,,0.61189836,0.25587969
VT TQQQ/BTAL t30 w0-70 QQQ:VOL_EWMA85 gate QQQ<SMA200,sens,sens_2015-01-05,2015-01-05,2020-01-03,false,true,0.85000000,0.30000000,0.70000000,QQQ<SMA200,0.01229788,0.18352730,0.01224394,0.18352730,90759.71186750,40000.00000000,50759.71186750,1.26899280,0.23497610,0.27118126,0.91676202,0.27060061,1.25941314,0.85755090,-0.27400834,576,2017,0.69503089,2016,-0.01115381,0.39949699,0.29900527,,,0.60001970,0.19629214
VT TQQQ/BTAL t30 w0-80 QQQ:VOL_EWMA85,sens,sens_2015-01-05,2015-01-05,2020-01-03,false,true,0.85000000,0.30000000,0.80000000,,0.00042489,0.00146916,0.00036171,0.00139379,95697.73629400,40000.00000000,55697.73629400,1.39244341,0.25856783,0.28941579,0.90728917,0.30558137,1.24268401,0.82939566,-0.31175451,446,2017,0.79533809,2020,0.01817572,0.33663601,0.19904917,,,0.66293910,0.25582105
VT TQQQ/BTAL t30 w0-80 QQQ:VOL_EWMA85 gate QQQ<SMA200,sens,sens_2015-01-05,2015-01-05,2020-01-03,false,true,0.85000000,0.30000000,0.80000000,QQQ<SMA200,0.01212957,0.18393797,0.01208019,0.18393797,90844.84016700,40000.00000000,50844.84016700,1.27112100,0.23201367,0.27150300,0.84287277,0.30249283,1.15079096,0.74202099,-0.31267804,576,2017,0.79538571,2015,-0.02587081,0.34837072,0.19875847,,,0.65120765,0.19630099
VT TQQQ/BTAL t35 w0-60 QQQ:VOL_EWMA85,sens,sens_2015-01-05,2015-01-05,2020-01-03,false,true,0.85000000,0.35000000,0.60000000,,0.00047457,0.00167743,0.00041410,0.00151811,96351.20370600,40000.00000000,56351.20370600,1.40878009,0.27239682,0.29176592,1.09586153,0.24825669,1.52842954,0.98277192,-0.27717196,295,2017,0.60020067,2020,0.01532243,0.43485997,0.39848189,,,0.56466546,0.29847460
VT TQQQ/BTAL t35 w0-60 QQQ:VOL_EWMA85 gate QQQ<SMA200,sens,sens_2015-01-05,2015-01-05,2020-01-03,false,true,0.85000000,0.35000000,0.60000000,QQQ<SMA200,0.01545113,0.21241148,0.01538965,0.21241148,89052.97167500,40000.00000000,49052.97167500,1.22632429,0.23726019,0.26467321,1.00304069,0.24167891,1.38744691,1.01778015,-0.23311537,571,2017,0.60021605,2016,-0.00859753,0.44986576,0.39848189,,,0.54964438,0.23253905
VT TQQQ/BTAL t35 w0-70 QQQ:VOL_EWMA85,sens,sens_2015-01-05,2015-01-05,2020-01-03,false,true,0.85000000,0.35000000,0.70000000,,0.00045785,0.00209037,0.00040362,0.00194010,103060.93172400,40000.00000000,63060.93172400,1.57652329,0.28940781,0.31511371,1.03250946,0.28634274,1.43128522,0.94582106,-0.30598580,315,2017,0.72177353,2020,0.01674913,0.35986728,0.29845482,,,0.63967487,0.29854220
VT TQQQ/BTAL t35 w0-70 QQQ:VOL_EWMA85 gate QQQ<SMA200,sens,sens_2015-01-05,2015-01-05,2020-01-03,false,true,0.85000000,0.35000000,0.70000000,QQQ<SMA200,0.01456971,0.21291972,0.01451004,0.21291972,96465.62096050,40000.00000000,56465.62096050,1.41164052,0.25713050,0.29217595,0.95625555,0.28107499,1.31793445,0.90094853,-0.28539976,576,2017,0.72173404,2016,-0.01733451,0.37396238,0.29845482,,,0.62554620,0.23279418
VT TQQQ/BTAL t35 w0-80 QQQ:VOL_EWMA85,sens,sens_2015-01-05,2015-01-05,2020-01-03,false,true,0.85000000,0.35000000,0.80000000,,0.00047788,0.00198600,0.00041824,0.00191152,106054.97763450,40000.00000000,66054.97763450,1.65137444,0.29402687,0.32510146,0.96227120,0.32262463,1.32579203,0.87941379,-0.33434417,429,2017,0.83167938,2020,0.01817562,0.29525145,0.19893811,,,0.70427068,0.29853796
VT TQQQ/BTAL t35 w0-80 QQQ:VOL_EWMA85 gate QQQ<SMA200,sens,sens_2015-01-05,2015-01-05,2020-01-03,false,true,0.85000000,0.35000000,0.80000000,QQQ<SMA200,0.01405323,0.21335752,0.01400368,0.21335752,99984.09672600,40000.00000000,59984.09672600,1.49960242,0.26344270,0.30457945,0.89592242,0.31821268,1.22904121,0.79106955,-0.33302090,577,2017,0.83163114,2016,-0.01235027,0.30890252,0.19893811,,,0.69064563,0.23283136
50/50,sens,sens_2015-01-05,2015-01-05,2020-01-03,true,true,,,,,0.00042201,0.00127236,0.00036304,0.00117530,90111.31648050,40000.00000000,50111.31648050,1.25278291,0.25234293,0.26872178,1.11499201,0.22466720,1.56566797,0.90352570,-0.27928695,231,2019,0.60448426,2018,0.01083017,0.49964030,0.49882470,,,0.49993768,0.49984288
TQQQ60/BTAL40,sens,sens_2015-01-05,2015-01-05,2020-01-03,true,true,,,,,0.00046972,0.00167743,0.00041066,0.00151811,101883.14255100,40000.00000000,61883.14255100,1.54707856,0.29197111,0.31111450,1.06491858,0.27689457,1.49235464,0.84266816,-0.34648409,237,2019,0.74284002,2018,-0.02632628,0.39959700,0.39848189,,,0.59993328,0.59984026
TQQQ50/BTAL50 gate QQQ<SMA200,sens,sens_2015-01-05,2015-01-05,2020-01-03,true,true,,,,,0.01842727,0.18743758,0.01837713,0.18743758,82798.91954150,40000.00000000,42798.91954150,1.06997299,0.22207737,0.23983331,1.05606776,0.21124453,1.46896241,0.93803169,-0.23674826,237,2017,0.47781813,2020,0.01389886,0.51762799,0.49882470,,,0.48190203,0.31256242
SPY benchmark,sens,sens_2015-01-05,2015-01-05,2020-01-03,true,true,,,,,0.00487104,0.01559957,0.00487104,0.01559957,56152.67600000,40000.00000000,16152.67600000,0.40381690,0.09824779,0.11024017,0.76605180,0.13417222,1.06216741,0.48917185,-0.20084514,221,2019,0.28712713,2018,-0.06310643,,,0.99512896,0.98440043,,
VT TQQQ/BTAL t25 w0-60 QQQ:VOL_EWMA70,sens,sens_2015-07-06,2015-07-06,2020-07-02,false,true,0.70000000,0.25000000,0.60000000,,0.00044148,0.00175377,0.00037505,0.00164630,93068.78328100,40000.00000000,53068.78328100,1.32671958,0.25334538,0.28016004,1.07736706,0.23553666,1.48855536,1.05866611,-0.23930622,313,2017,0.55560416,2015,0.01806339,0.50024483,0.39902503,,,0.49931369,0.14616398
VT TQQQ/BTAL t25 w0-60 QQQ:VOL_EWMA70 gate QQQ<SMA200,sens,sens_2015-07-06,2015-07-06,2020-07-02,false,true,0.70000000,0.25000000,0.60000000,QQQ<SMA200,0.01269993,0.25786866,0.01262927,0.25786866,88342.48229300,40000.00000000,48342.48229300,1.20856206,0.22581714,0.26225537,0.99508652,0.23180774,1.36780496,1.02482857,-0.22034626,578,2017,0.55556978,2015,-0.02470663,0.51257550,0.39890972,,,0.48698882,0.11552116
VT TQQQ/BTAL t25 w0-70 QQQ:VOL_EWMA70,sens,sens_2015-07-06,2015-07-06,2020-07-02,false,true,0.70000000,0.25000000,0.70000000,,0.00038963,0.00201987,0.00033130,0.00191399,95413.94021800,40000.00000000,55413.94021800,1.38534851,0.25900244,0.28874596,1.00512784,0.26415460,1.38060279,0.96179459,-0.26929080,427,2017,0.64662436,2015,-0.01098435,0.45136836,0.29850260,,,0.54824201,0.14620819
VT TQQQ/BTAL t25 w0-70 QQQ:VOL_EWMA70 gate QQQ<SMA200,sens,sens_2015-07-06,2015-07-06,2020-07-02,false,true,0.70000000,0.25000000,0.70000000,QQQ<SMA200,0.01208955,0.25806783,0.01203387,0.25806783,90757.97205450,40000.00000000,50757.97205450,1.26894930,0.23245041,0.27150972,0.93221573,0.26106763,1.27568947,0.84492044,-0.27511515,582,2017,0.64668827,2015,-0.05262589,0.46302200,0.29850260,,,0.53654760,0.11550027
VT TQQQ/BTAL t25 w0-80 QQQ:VOL_EWMA70,sens,sens_2015-07-06,2015-07-06,2020-07-02,false,true,0.70000000,0.25000000,0.80000000,,0.00047260,0.00201159,0.00040956,0.00190517,97015.29724700,40000.00000000,57015.29724700,1.42538243,0.26189708,0.29450180,0.95161301,0.28864046,1.30232361,0.87560176,-0.29910525,451,2017,0.73247048,2015,-0.04744894,0.41307162,0.19841643,,,0.58645579,0.14617132
VT TQQQ/BTAL t25 w0-80 QQQ:VOL_EWMA70 gate QQQ<SMA200,sens,sens_2015-07-06,2015-07-06,2020-07-02,false,true,0.70000000,0.25000000,0.80000000,QQQ<SMA200,0.01217157,0.25846663,0.01210688,0.25846663,92259.09531850,40000.00000000,52259.09531850,1.30647738,0.23518102,0.27715101,0.88324151,0.28582750,1.20494330,0.75204152,-0.31272346,582,2017,0.73244810,2015,-0.08768457,0.42473583,0.19841643,,,0.57474935,0.11555177
VT TQQQ/BTAL t30 w0-60 QQQ:VOL_EWMA70,sens,sens_2015-07-06,2015-07-06,2020-07-02,false,true,0.70000000,0.30000000,0.60000000,,0.00051686,0.00179145,0.00044652,0.00175475,98952.03774900,40000.00000000,58952.03774900,1.47380094,0.27295431,0.30135174,1.08070526,0.25323415,1.48769835,1.02620922,-0.26598310,308,2017,0.58236881,2015,0.03652009,0.46966585,0.39860607,,,0.52981729,0.17540681
VT TQQQ/BTAL t30 w0-60 QQQ:VOL_EWMA70 gate QQQ<SMA200,sens,sens_2015-07-06,2015-07-06,2020-07-02,false,true,0.70000000,0.30000000,0.60000000,QQQ<SMA200,0.01566468,0.29156133,0.01561142,0.29156133,92268.64590600,40000.00000000,52268.64590600,1.30671615,0.23853913,0.27718663,0.99035021,0.24710315,1.35289889,0.94430077,-0.25260927,,2017,0.58235875,2016,-0.02948346,0.48491097,0.39837552,,,0.51459674,0.14111127
VT TQQQ/BTAL t30 w0-70 QQQ:VOL_EWMA70,sens,sens_2015-07-06,2015-07-06,2020-07-02,false,true,0.70000000,0.30000000,0.70000000,,0.00042458,0.00165856,0.00035335,0.00160784,103337.62185950,40000.00000000,63337.62185950,1.58344055,0.28569361,0.31643498,1.02631449,0.28472201,1.40735893,0.96885365,-0.29487798,329,2017,0.68051159,2015,0.01023918,0.41110889,0.29839216,,,0.58846653,0.17540737
VT TQQQ/BTAL t30 w0-70 QQQ:VOL_EWMA70 gate QQQ<SMA200,sens,sens_2015-07-06,2015-07-06,2020-07-02,false,true,0.70000000,0.30000000,0.70000000,QQQ<SMA200,0.01490765,0.30896949,0.01485541,0.30896949,97413.17948450,40000.00000000,57413.17948450,1.43532949,0.25355505,0.29591887,0.94926393,0.27964376,1.29409945,0.89798065,-0.28236138,582,2017,0.68049812,2015,-0.03904783,0.42564664,0.29891624,,,0.57392240,0.14116252
VT TQQQ/BTAL t30 w0-80 QQQ:VOL_EWMA70,sens,sens_2015-07-06,2015-07-06,2020-07-02,false,true,0.70000000,0.30000000,0.80000000,,0.00040866,0.00145050,0.00034179,0.00139362,106331.95693800,40000.00000000,66331.95693800,1.65829892,0.29277576,0.32641209,0.97466216,0.31487153,1.33263055,0.90456615,-0.32366429,436,2017,0.77848380,2015,-0.01760673,0.35997201,0.19894918,,,0.63961933,0.17544510
VT TQQQ/BTAL t30 w0-80 QQQ:VOL_EWMA70 gate QQQ<SMA200,sens,sens_2015-07-06,2015-07-06,2020-07-02,false,true,0.70000000,0.30000000,0.80000000,QQQ<SMA200,0.01459053,0.30922552,0.01453619,0.30922552,100340.78451100,40000.00000000,60340.78451100,1.50851961,0.26105234,0.30619086,0.90415907,0.31037789,1.23052668,0.78241033,-0.33365145,582,2017,0.77848849,2015,-0.06571932,0.37419916,0.19869785,,,0.62540385,0.14119241
VT TQQQ/BTAL t35 w0-60 QQQ:VOL_EWMA70,sens,sens_2015-07-06,2015-07-06,2020-07-02,false,true,0.70000000,0.35000000,0.60000000,,0.00040670,0.00147999,0.00033224,0.00137122,100779.95112550,40000.00000000,60779.95112550,1.51949878,0.28079008,0.30770882,1.06741513,0.26504280,1.46597399,0.95812299,-0.29306267,,2017,0.60014232,2018,0.02795771,0.45129797,0.39862878,,,0.54829533,0.20465871
VT TQQQ/BTAL t35 w0-60 QQQ:VOL_EWMA70 gate QQQ<SMA200,sens,sens_2015-07-06,2015-07-06,2020-07-02,false,true,0.70000000,0.35000000,0.60000000,QQQ<SMA200,0.01648612,0.23901830,0.01642318,0.23901830,93857.64508350,40000.00000000,53857.64508350,1.34644113,0.24655091,0.28306939,0.98642667,0.25726137,1.34440366,0.84130958,-0.29305610,,2017,0.60015618,2016,-0.01741776,0.46737820,0.39888482,,,0.53218459,0.16772605
VT TQQQ/BTAL t35 w0-70 QQQ:VOL_EWMA70,sens,sens_2015-07-06,2015-07-06,2020-07-02,false,true,0.70000000,0.35000000,0.70000000,,0.00043647,0.00208748,0.00037646,0.00191757,109383.63692000,40000.00000000,69383.63692000,1.73459092,0.30393239,0.33632895,1.02883075,0.30303645,1.40776711,0.94818886,-0.32053993,317,2017,0.70886649,2018,0.02126627,0.38142125,0.29882209,,,0.61814228,0.20468560
VT TQQQ/BTAL t35 w0-70 QQQ:VOL_EWMA70 gate QQQ<SMA200,sens,sens_2015-07-06,2015-07-06,2020-07-02,false,true,0.70000000,0.35000000,0.70000000,QQQ<SMA200,0.01755820,0.33968041,0.01749591,0.33968041,101736.12889450,40000.00000000,61736.12889450,1.54340322,0.26619383,0.31099371,0.94768624,0.29565107,1.28655617,0.89021968,-0.29902038,,2017,0.70882804,2016,-0.03252046,0.39861844,0.29847967,,,0.60095255,0.16781502
VT TQQQ/BTAL t35 w0-80 QQQ:VOL_EWMA70,sens,sens_2015-07-06,2015-07-06,2020-07-02,false,true,0.70000000,0.35000000,0.80000000,,0.00044033,0.00206091,0.00037568,0.00194236,113834.59045300,40000.00000000,73834.59045300,1.84586476,0.31544687,0.35036576,0.98533362,0.33631371,1.34514405,0.90580557,-0.34825009,432,2017,0.81367818,2015,0.00099594,0.32200972,0.19873612,,,0.67754995,0.20468819
VT TQQQ/BTAL t35 w0-80 QQQ:VOL_EWMA70 gate QQQ<SMA200,sens,sens_2015-07-06,2015-07-06,2020-07-02,false,true,0.70000000,0.35000000,0.80000000,QQQ<SMA200,0.01712126,0.35993309,0.01706488,0.35993309,106730.03865200,40000.00000000,66730.03865200,1.66825097,0.27913851,0.32771980,0.91307659,0.32993865,1.23867330,0.81714551,-0.34160196,582,2017,0.81368385,2015,-0.05438444,0.33872850,0.19866899,,,0.66083082,0.16781329
VT TQQQ/BTAL t25 w0-60 QQQ:VOL_EWMA75,sens,sens_2015-07-06,2015-07-06,2020-07-02,false,true,0.75000000,0.25000000,0.60000000,,0.00042346,0.00140129,0.00035398,0.00128270,91958.37754500,40000.00000000,51958.37754500,1.29895944,0.25031661,0.27602747,1.06797184,0.23529237,1.47320721,1.06303122,-0.23547437,313,2017,0.55743628,2015,0.02275803,0.50123024,0.39871730,,,0.49834630,0.13514213
VT TQQQ/BTAL t25 w0-60 QQQ:VOL_EWMA75 gate QQQ<SMA200,sens,sens_2015-07-06,2015-07-06,2020-07-02,false,true,0.75000000,0.25000000,0.60000000,QQQ<SMA200,0.01220170,0.22598280,0.01213601,0.22598280,87803.29326000,40000.00000000,47803.29326000,1.19508233,0.22412230,0.26015884,0.98829750,0.23206273,1.35737178,1.01104960,-0.22167290,582,2017,0.55741317,2015,-0.02693415,0.51293037,0.39861160,,,0.48658025,0.11884233
VT TQQQ/BTAL t25 w0-70 QQQ:VOL_EWMA75,sens,sens_2015-07-06,2015-07-06,2020-07-02,false,true,0.75000000,0.25000000,0.70000000,,0.00044751,0.00141693,0.00038173,0.00134079,93931.88548300,40000.00000000,53931.88548300,1.34829714,0.25465712,0.28334207,0.99455824,0.26324379,1.36411635,0.95890087,-0.26557189,430,2017,0.64893198,2015,-0.00971400,0.45338398,0.29872402,,,0.54616851,0.13520867
VT TQQQ/BTAL t25 w0-70 QQQ:VOL_EWMA75 gate QQQ<SMA200,sens,sens_2015-07-06,2015-07-06,2020-07-02,false,true,0.75000000,0.25000000,0.70000000,QQQ<SMA200,0.01155626,0.22628322,0.01149023,0.22628322,89868.71490600,40000.00000000,49868.71490600,1.24671787,0.22942222,0.26812857,0.92401268,0.26058622,1.26344439,0.84242977,-0.27233394,582,2017,0.64888004,2015,-0.05784911,0.46453776,0.29859056,,,0.53501227,0.11888069
VT TQQQ/BTAL t25 w0-80 QQQ:VOL_EWMA75,sens,sens_2015-07-06,2015-07-06,2020-07-02,false,true,0.75000000,0.25000000,0.80000000,,0.00051085,0.00215047,0.00045225,0.00200414,95998.31870450,40000.00000000,55998.31870450,1.39995797,0.26011382,0.29085628,0.95078317,0.28686011,1.30049854,0.88011994,-0.29554360,453,2017,0.74366953,2015,-0.04629111,0.41629918,0.19877287,,,0.58318997,0.13520985
VT TQQQ/BTAL t25 w0-80 QQQ:VOL_EWMA75 gate QQQ<SMA200,sens,sens_2015-07-06,2015-07-06,2020-07-02,false,true,0.75000000,0.25000000,0.80000000,QQQ<SMA200,0.01151245,0.22654369,0.01145266,0.22654369,91811.92009500,40000.00000000,51811.92009500,1.29529800,0.23468763,0.27547909,0.88474179,0.28443561,1.20698423,0.77858388,-0.30142884,578,2017,0.74362049,2015,-0.09272327,0.42755425,0.19895553,,,0.57203740,0.11892328
VT TQQQ/BTAL t30 w0-60 QQQ:VOL_EWMA75,sens,sens_2015-07-06,2015-07-06,2020-07-02,false,true,0.75000000,0.30000000,0.60000000,,0.00035411,0.00132107,0.00028888,0.00125209,98233.75919150,40000.00000000,58233.75919150,1.45584398,0.27179105,0.29882527,1.07926629,0.25257462,1.48396095,1.03963447,-0.26142943,307,2017,0.58406831,2016,0.03366903,0.47092149,0.39874791,,,0.52872440,0.16220145
VT TQQQ/BTAL t30 w0-60 QQQ:VOL_EWMA75 gate QQQ<SMA200,sens,sens_2015-07-06,2015-07-06,2020-07-02,false,true,0.75000000,0.30000000,0.60000000,QQQ<SMA200,0.01526142,0.27037736,0.01519940,0.27037736,92002.69334100,40000.00000000,52002.69334100,1.30006733,0.23776454,0.27619325,0.98811777,0.24700870,1.34884959,0.91426295,-0.26006144,,2017,0.58411323,2016,-0.02914659,0.48574019,0.39901475,,,0.51383322,0.14534278
VT TQQQ/BTAL t30 w0-70 QQQ:VOL_EWMA75,sens,sens_2015-07-06,2015-07-06,2020-07-02,false,true,0.75000000,0.30000000,0.70000000,,0.00043081,0.00153073,0.00036917,0.00136550,101874.52453500,40000.00000000,61874.52453500,1.54686311,0.28206595,0.31146690,1.01698980,0.28449815,1.39244090,0.97094662,-0.29050613,329,2017,0.68260708,2015,0.01612485,0.41202179,0.29863450,,,0.58754739,0.16224063
VT TQQQ/BTAL t30 w0-70 QQQ:VOL_EWMA75 gate QQQ<SMA200,sens,sens_2015-07-06,2015-07-06,2020-07-02,false,true,0.75000000,0.30000000,0.70000000,QQQ<SMA200,0.01426731,0.27061281,0.01420885,0.27061281,96695.41067400,40000.00000000,56695.41067400,1.41738527,0.25148959,0.29335878,0.94240432,0.28005812,1.28379628,0.88672135,-0.28361739,582,2017,0.68266433,2015,-0.04136676,0.42592560,0.29853840,,,0.57364993,0.14530612
VT TQQQ/BTAL t30 w0-80 QQQ:VOL_EWMA75,sens,sens_2015-07-06,2015-07-06,2020-07-02,false,true,0.75000000,0.30000000,0.80000000,,0.00045682,0.00179395,0.00039753,0.00179038,104273.03538800,40000.00000000,64273.03538800,1.60682588,0.28728191,0.31957884,0.96236604,0.31428331,1.31361991,0.89926183,-0.31946414,440,2017,0.78135412,2015,-0.01445387,0.36202249,0.19854028,,,0.63752069,0.16224854
VT TQQQ/BTAL t30 w0-80 QQQ:VOL_EWMA75 gate QQQ<SMA200,sens,sens_2015-07-06,2015-07-06,2020-07-02,false,true,0.75000000,0.30000000,0.80000000,QQQ<SMA200,0.01408497,0.27104041,0.01403422,0.27104041,99050.89465600,40000.00000000,59050.89465600,1.47627237,0.25702931,0.30169819,0.89393199,0.31035064,1.21527062,0.76861071,-0.33440766,590,2017,0.78129699,2015,-0.07033401,0.37562755,0.19854028,,,0.62387026,0.14538331
VT TQQQ/BTAL t35 w0-60 QQQ:VOL_EWMA75,sens,sens_2015-07-06,2015-07-06,2020-07-02,false,true,0.75000000,0.35000000,0.60000000,,0.00046334,0.00131375,0.00039945,0.00127806,100154.20202900,40000.00000000,60154.20202900,1.50385505,0.28031944,0.30554416,1.06694845,0.26474004,1.46516615,0.94594317,-0.29633857,,2017,0.60018441,2018,0.03305151,0.45155818,0.39873714,,,0.54797849,0.18927125
VT TQQQ/BTAL t35 w0-60 QQQ:VOL_EWMA75 gate QQQ<SMA200,sens,sens_2015-07-06,2015-07-06,2020-07-02,false,true,0.75000000,0.35000000,0.60000000,QQQ<SMA200,0.01644502,0.23791970,0.01638439,0.23791970,93613.56998650,40000.00000000,53613.56998650,1.34033925,0.24555690,0.28217156,0.98252612,0.25754630,1.33893055,0.82857445,-0.29636070,,2017,0.60019134,2016,-0.01732363,0.46768722,0.39837384,,,0.53190275,0.17275923
VT TQQQ/BTAL t35 w0-70 QQQ:VOL_EWMA75,sens,sens_2015-07-06,2015-07-06,2020-07-02,false,true,0.75000000,0.35000000,0.70000000,,0.00038721,0.00157449,0.00032080,0.00140105,108478.22144800,40000.00000000,68478.22144800,1.71195554,0.30255342,0.33341233,1.02736329,0.30220148,1.40404964,0.95920686,-0.31542041,315,2017,0.71098388,2018,0.02986715,0.38275609,0.29877136,,,0.61685670,0.18924419
VT TQQQ/BTAL t35 w0-70 QQQ:VOL_EWMA75 gate QQQ<SMA200,sens,sens_2015-07-06,2015-07-06,2020-07-02,false,true,0.75000000,0.35000000,0.70000000,QQQ<SMA200,0.01720829,0.31490288,0.01714966,0.31490288,101406.11707450,40000.00000000,61406.11707450,1.53515293,0.26527739,0.30986307,0.94556846,0.29551092,1.28268447,0.86362467,-0.30716745,,2017,0.71104260,2016,-0.03209307,0.39944750,0.29868489,,,0.60007713,0.17285245
VT TQQQ/BTAL t35 w0-80 QQQ:VOL_EWMA75,sens,sens_2015-07-06,2015-07-06,2020-07-02,false,true,0.75000000,0.35000000,0.80000000,,0.00039197,0.00162614,0.00033351,0.00147684,112220.41947100,40000.00000000,72220.41947100,1.80551049,0.31185088,0.34533178,0.97825227,0.33577412,1.33363800,0.90825437,-0.34335192,432,2017,0.81629013,2015,0.00801283,0.32306571,0.19875762,,,0.67654232,0.18927834
VT TQQQ/BTAL t35 w0-80 QQQ:VOL_EWMA75 gate QQQ<SMA200,sens,sens_2015-07-06,2015-07-06,2020-07-02,false,true,0.75000000,0.35000000,0.80000000,QQQ<SMA200,0.01633114,0.31521840,0.01627575,0.31521840,106049.52871300,40000.00000000,66049.52871300,1.65123822,0.27740220,0.32548169,0.90852360,0.33019908,1.23178787,0.80981870,-0.34254852,582,2017,0.81632247,2015,-0.05655048,0.33896611,0.19880063,,,0.66059415,0.17288091
VT TQQQ/BTAL t25 w0-60 QQQ:VOL_EWMA80,sens,sens_2015-07-06,2015-07-06,2020-07-02,false,true,0.80000000,0.25000000,0.60000000,,0.00044943,0.00178973,0.00037231,0.00167515,90647.89034300,40000.00000000,50647.89034300,1.26619726,0.24714401,0.27109277,1.05752872,0.23519401,1.45695364,1.06528082,-0.23199893,241,2017,0.56105192,2015,0.02716862,0.50181380,0.39909480,,,0.49773677,0.12423876
VT TQQQ/BTAL t25 w0-60 QQQ:VOL_EWMA80 gate QQQ<SMA200,sens,sens_2015-07-06,2015-07-06,2020-07-02,false,true,0.80000000,0.25000000,0.60000000,QQQ<SMA200,0.01150628,0.19234426,0.01144536,0.19234426,87133.08518750,40000.00000000,47133.08518750,1.17832713,0.22267854,0.25753679,0.98204238,0.23242811,1.34814478,1.00573764,-0.22140817,578,2017,0.56102934,2015,-0.02814473,0.51285520,0.39844011,,,0.48666805,0.12428855
VT TQQQ/BTAL t25 w0-70 QQQ:VOL_EWMA80,sens,sens_2015-07-06,2015-07-06,2020-07-02,false,true,0.80000000,0.25000000,0.70000000,,0.00051327,0.00183078,0.00044919,0.00176598,92409.29098100,40000.00000000,52409.29098100,1.31023227,0.25137868,0.27771094,0.98751880,0.26218764,1.35339879,0.95883950,-0.26216972,430,2017,0.65295035,2015,-0.00745912,0.45582498,0.29879671,,,0.54366175,0.12425186
VT TQQQ/BTAL t25 w0-70 QQQ:VOL_EWMA80 gate QQQ<SMA200,sens,sens_2015-07-06,2015-07-06,2020-07-02,false,true,0.80000000,0.25000000,0.70000000,QQQ<SMA200,0.01086809,0.19268074,0.01081818,0.19268074,88999.02424900,40000.00000000,48999.02424900,1.22497561,0.22789248,0.26479285,0.92085374,0.25994445,1.25891909,0.86890723,-0.26227482,578,2017,0.65293539,2015,-0.06103805,0.46633978,0.29886403,,,0.53321899,0.12422799
VT TQQQ/BTAL t25 w0-80 QQQ:VOL_EWMA80,sens,sens_2015-07-06,2015-07-06,2020-07-02,false,true,0.80000000,0.25000000,0.80000000,,0.00043745,0.00182810,0.00037057,0.00179030,94191.88740650,40000.00000000,54191.88740650,1.35479719,0.25771701,0.28429554,0.95043589,0.28413400,1.29939816,0.88167449,-0.29230403,469,2017,0.74848924,2015,-0.03494742,0.42063330,0.19916011,,,0.57892926,0.12423244
VT TQQQ/BTAL t25 w0-80 QQQ:VOL_EWMA80 gate QQQ<SMA200,sens,sens_2015-07-06,2015-07-06,2020-07-02,false,true,0.80000000,0.25000000,0.80000000,QQQ<SMA200,0.01088356,0.19284949,0.01082173,0.19284949,90680.06882800,40000.00000000,50680.06882800,1.26700172,0.23409687,0.27121470,0.88805602,0.28207189,1.21153419,0.82306629,-0.28442043,575,2017,0.74851192,2015,-0.08702404,0.43106508,0.19867851,,,0.56847765,0.12427496
VT TQQQ/BTAL t30 w0-60 QQQ:VOL_EWMA80,sens,sens_2015-07-06,2015-07-06,2020-07-02,false,true,0.80000000,0.30000000,0.60000000,,0.00043778,0.00138863,0.00036963,0.00131166,97069.96762800,40000.00000000,57069.96762800,1.42674919,0.26937883,0.29469682,1.07369020,0.25198464,1.47398873,0.99233949,-0.27145834,,2017,0.58816039,2016,0.02866183,0.47183654,0.39878221,,,0.52772567,0.14908980
VT TQQQ/BTAL t30 w0-60 QQQ:VOL_EWMA80 gate QQQ<SMA200,sens,sens_2015-07-06,2015-07-06,2020-07-02,false,true,0.80000000,0.30000000,0.60000000,QQQ<SMA200,0.01437254,0.23008825,0.01431554,0.23008825,91649.32181950,40000.00000000,51649.32181950,1.29123305,0.23758634,0.27486937,0.98721388,0.24712212,1.34687822,0.87523027,-0.27145581,,2017,0.58818440,2016,-0.02537180,0.48586539,0.39895807,,,0.51372411,0.14910651
VT TQQQ/BTAL t30 w0-70 QQQ:VOL_EWMA80,sens,sens_2015-07-06,2015-07-06,2020-07-02,false,true,0.80000000,0.30000000,0.70000000,,0.00044445,0.00161801,0.00038641,0.00152598,100475.32223950,40000.00000000,60475.32223950,1.51188306,0.27905194,0.30665651,1.01070056,0.28372363,1.38260121,0.97392281,-0.28652367,320,2017,0.68718489,2015,0.02114156,0.41319918,0.29883974,,,0.58635637,0.14911834
VT TQQQ/BTAL t30 w0-70 QQQ:VOL_EWMA80 gate QQQ<SMA200,sens,sens_2015-07-06,2015-07-06,2020-07-02,false,true,0.80000000,0.30000000,0.70000000,QQQ<SMA200,0.01355021,0.23034836,0.01348869,0.23034836,96007.27335250,40000.00000000,56007.27335250,1.40018183,0.25032280,0.29088853,0.93954947,0.27985741,1.27969714,0.88411907,-0.28313245,582,2017,0.68719513,2015,-0.04284696,0.42628608,0.29851129,,,0.57324147,0.14912589
VT TQQQ/BTAL t30 w0-80 QQQ:VOL_EWMA80,sens,sens_2015-07-06,2015-07-06,2020-07-02,false,true,0.80000000,0.30000000,0.80000000,,0.00046409,0.00187930,0.00040162,0.00173641,102021.99529000,40000.00000000,62021.99529000,1.55054988,0.28189805,0.31197049,0.94985640,0.31388063,1.29492557,0.89316066,-0.31561852,443,2017,0.78656139,2015,-0.01195575,0.36351006,0.19875185,,,0.63602585,0.14910849
VT TQQQ/BTAL t30 w0-80 QQQ:VOL_EWMA80 gate QQQ<SMA200,sens,sens_2015-07-06,2015-07-06,2020-07-02,false,true,0.80000000,0.30000000,0.80000000,QQQ<SMA200,0.01333334,0.23063556,0.01327683,0.23063556,97537.37616100,40000.00000000,57537.37616100,1.43843440,0.25336454,0.29636015,0.88440529,0.31042031,1.20144318,0.76711189,-0.33028369,582,2017,0.78662244,2015,-0.07388901,0.37644476,0.19900191,,,0.62308613,0.14914107
VT TQQQ/BTAL t35 w0-60 QQQ:VOL_EWMA80,sens,sens_2015-07-06,2015-07-06,2020-07-02,false,true,0.80000000,0.35000000,0.60000000,,0.00044601,0.00165970,0.00037763,0.00159050,99650.97180250,40000.00000000,59650.97180250,1.49127430,0.28056272,0.30379464,1.06962287,0.26409913,1.46880196,0.92844037,-0.30218712,,2017,0.60013540,2016,0.04020380,0.45257623,0.39879069,,,0.54697777,0.17395514
VT TQQQ/BTAL t35 w0-60 QQQ:VOL_EWMA80 gate QQQ<SMA200,sens,sens_2015-07-06,2015-07-06,2020-07-02,false,true,0.80000000,0.35000000,0.60000000,QQQ<SMA200,0.01635608,0.23675130,0.01629215,0.23675130,93284.99383700,40000.00000000,53284.99383700,1.33212485,0.24500068,0.28095961,0.98129688,0.25736936,1.33691619,0.81082992,-0.30216038,,2017,0.60018326,2016,-0.01538150,0.46854850,0.39850680,,,0.53102112,0.17395936
VT TQQQ/BTAL t35 w0-70 QQQ:VOL_EWMA80,sens,sens_2015-07-06,2015-07-06,2020-07-02,false,true,0.80000000,0.35000000,0.70000000,,0.00037104,0.00141105,0.00031228,0.00123711,107014.10878350,40000.00000000,67014.10878350,1.67535272,0.29976771,0.32865036,1.02214980,0.30142987,1.39469993,0.93754009,-0.31973855,,2017,0.71609989,2016,0.03404259,0.38392920,0.29876289,,,0.61569976,0.17401422
VT TQQQ/BTAL t35 w0-70 QQQ:VOL_EWMA80 gate QQQ<SMA200,sens,sens_2015-07-06,2015-07-06,2020-07-02,false,true,0.80000000,0.35000000,0.70000000,QQQ<SMA200,0.01624451,0.26786077,0.01618215,0.26786077,100800.28177800,40000.00000000,60800.28177800,1.52000704,0.26465419,0.30777895,0.94380423,0.29556675,1.27944263,0.82771883,-0.31973924,,2017,0.71616388,2015,-0.03164868,0.39961066,0.29834250,,,0.59987964,0.17402503
VT TQQQ/BTAL t35 w0-80 QQQ:VOL_EWMA80,sens,sens_2015-07-06,2015-07-06,2020-07-02,false,true,0.80000000,0.35000000,0.80000000,,0.00043714,0.00182183,0.00038264,0.00175640,110517.72444000,40000.00000000,70517.72444000,1.76294311,0.30844699,0.33995242,0.97270371,0.33462417,1.32480937,0.91019729,-0.33887926,432,2017,0.82189142,2015,0.01362106,0.32475527,0.19875502,,,0.67480759,0.17401276
VT TQQQ/BTAL t35 w0-80 QQQ:VOL_EWMA80 gate QQQ<SMA200,sens,sens_2015-07-06,2015-07-06,2020-07-02,false,true,0.80000000,0.35000000,0.80000000,QQQ<SMA200,0.01551602,0.26817818,0.01546339,0.26817818,105054.19717050,40000.00000000,65054.19717050,1.62635493,0.27564470,0.32218527,0.90517889,0.32972555,1.22688355,0.80558065,-0.34216897,582,2017,0.82184457,2015,-0.05827688,0.33980151,0.19895755,,,0.65971252,0.17395174
VT TQQQ/BTAL t25 w0-60 QQQ:VOL_EWMA85,sens,sens_2015-07-06,2015-07-06,2020-07-02,false,true,0.85000000,0.25000000,0.60000000,,0.00049938,0.00211177,0.00043338,0.00192272,88868.82782550,40000.00000000,48868.82782550,1.22172070,0.24270964,0.26429099,1.04293271,0.23503540,1.43550627,1.02816068,-0.23606197,,2017,0.56724035,2016,0.02652462,0.50261307,0.39852443,,,0.49688754,0.11472760
VT TQQQ/BTAL t25 w0-60 QQQ:VOL_EWMA85 gate QQQ<SMA200,sens,sens_2015-07-06,2015-07-06,2020-07-02,false,true,0.85000000,0.25000000,0.60000000,QQQ<SMA200,0.01061823,0.15567138,0.01055773,0.15567138,85430.67066250,40000.00000000,45430.67066250,1.13576677,0.21912236,0.25079455,0.96895895,0.23260341,1.32953925,0.92830634,-0.23604531,,2017,0.56715234,2015,-0.02763595,0.51291282,0.39887392,,,0.48666024,0.11468120
VT TQQQ/BTAL t25 w0-70 QQQ:VOL_EWMA85,sens,sens_2015-07-06,2015-07-06,2020-07-02,false,true,0.85000000,0.25000000,0.70000000,,0.00042671,0.00174099,0.00036691,0.00164747,90098.80240550,40000.00000000,50098.80240550,1.25247006,0.24596611,0.26900626,0.97175602,0.26190588,1.33025218,0.95035924,-0.25881383,436,2017,0.65973485,2015,-0.00567126,0.45808695,0.29887146,,,0.54148634,0.11471232
VT TQQQ/BTAL t25 w0-70 QQQ:VOL_EWMA85 gate QQQ<SMA200,sens,sens_2015-07-06,2015-07-06,2020-07-02,false,true,0.85000000,0.25000000,0.70000000,QQQ<SMA200,0.01001593,0.15601661,0.00995608,0.15601661,86783.29839600,40000.00000000,46783.29839600,1.16958246,0.22337797,0.25616116,0.90664757,0.25996200,1.23850187,0.88381084,-0.25274409,576,2017,0.65977130,2015,-0.06069102,0.46765299,0.29882195,,,0.53188810,0.11475027
VT TQQQ/BTAL t25 w0-80 QQQ:VOL_EWMA85,sens,sens_2015-07-06,2015-07-06,2020-07-02,false,true,0.85000000,0.25000000,0.80000000,,0.00047171,0.00162806,0.00040920,0.00159298,92197.60352500,40000.00000000,52197.60352500,1.30494009,0.25734395,0.27692153,0.95948010,0.27988901,1.31194265,0.89030090,-0.28905277,474,2017,0.75572861,2015,-0.00914447,0.42619224,0.19891605,,,0.57333605,0.11475375
VT TQQQ/BTAL t25 w0-80 QQQ:VOL_EWMA85 gate QQQ<SMA200,sens,sens_2015-07-06,2015-07-06,2020-07-02,false,true,0.85000000,0.25000000,0.80000000,QQQ<SMA200,0.01001759,0.15607296,0.00995276,0.15607296,88736.46505700,40000.00000000,48736.46505700,1.21841163,0.23456931,0.26378009,0.89814329,0.27807203,1.22580806,0.88269424,-0.26574243,474,2017,0.75566977,2015,-0.06393754,0.43579730,0.19886610,,,0.56374075,0.11474315
VT TQQQ/BTAL t30 w0-60 QQQ:VOL_EWMA85,sens,sens_2015-07-06,2015-07-06,2020-07-02,false,true,0.85000000,0.30000000,0.60000000,,0.00044871,0.00178351,0.00038691,0.00164397,94607.34147050,40000.00000000,54607.34147050,1.36518354,0.26344402,0.28581425,1.05695527,0.25140265,1.44936438,0.91010671,-0.28946498,,2017,0.59264111,2016,0.02723462,0.47325862,0.39867311,,,0.52629267,0.13766628
VT TQQQ/BTAL t30 w0-60 QQQ:VOL_EWMA85 gate QQQ<SMA200,sens,sens_2015-07-06,2015-07-06,2020-07-02,false,true,0.85000000,0.30000000,0.60000000,QQQ<SMA200,0.01319758,0.18604242,0.01313126,0.18604242,89542.29464400,40000.00000000,49542.29464400,1.23855737,0.23331821,0.26687996,0.97308847,0.24717226,1.32711548,0.80622001,-0.28939769,,2017,0.59263199,2016,-0.01764658,0.48607017,0.39891575,,,0.51349943,0.13766106
VT TQQQ/BTAL t30 w0-70 QQQ:VOL_EWMA85,sens,sens_2015-07-06,2015-07-06,2020-07-02,false,true,0.85000000,0.30000000,0.70000000,,0.00040986,0.00157966,0.00033952,0.00146406,98231.36446950,40000.00000000,58231.36446950,1.45578411,0.27395168,0.29881682,0.99771150,0.28329076,1.36376676,0.94657276,-0.28941429,,2017,0.69498139,2015,0.02352979,0.41436888,0.29853594,,,0.58522126,0.13769125
VT TQQQ/BTAL t30 w0-70 QQQ:VOL_EWMA85 gate QQQ<SMA200,sens,sens_2015-07-06,2015-07-06,2020-07-02,false,true,0.85000000,0.30000000,0.70000000,QQQ<SMA200,0.01247092,0.18635383,0.01240809,0.18635383,93861.65976450,40000.00000000,53861.65976450,1.34654149,0.24620224,0.28308414,0.92767785,0.27989112,1.26313262,0.85068167,-0.28941760,,2017,0.69499797,2015,-0.04218962,0.42637915,0.29879111,,,0.57314842,0.13767525
VT TQQQ/BTAL t30 w0-80 QQQ:VOL_EWMA85,sens,sens_2015-07-06,2015-07-06,2020-07-02,false,true,0.85000000,0.30000000,0.80000000,,0.00051895,0.00172764,0.00045705,0.00166786,98971.45640100,40000.00000000,58971.45640100,1.47428641,0.27503246,0.30141982,0.93342681,0.31353913,1.27125337,0.88223199,-0.31174619,446,2017,0.79534831,2015,-0.01078949,0.36540671,0.19854630,,,0.63407434,0.13768854
VT TQQQ/BTAL t30 w0-80 QQQ:VOL_EWMA85 gate QQQ<SMA200,sens,sens_2015-07-06,2015-07-06,2020-07-02,false,true,0.85000000,0.30000000,0.80000000,QQQ<SMA200,0.01233888,0.18661282,0.01228227,0.18661282,94608.28345250,40000.00000000,54608.28345250,1.36520709,0.24750271,0.28581768,0.86920791,0.31047585,1.18005261,0.77254198,-0.32037445,578,2017,0.79527870,2015,-0.07446411,0.37748405,0.19896115,,,0.62211695,0.13766585
VT TQQQ/BTAL t35 w0-60 QQQ:VOL_EWMA85,sens,sens_2015-07-06,2015-07-06,2020-07-02,false,true,0.85000000,0.35000000,0.60000000,,0.00040519,0.00199249,0.00034682,0.00187476,98390.52552850,40000.00000000,58390.52552850,1.45976314,0.27808049,0.29937807,1.06253420,0.26402033,1.45775105,0.89133520,-0.31198194,,2017,0.60013396,2016,0.04140427,0.45395384,0.39883498,,,0.54564097,0.16065570
VT TQQQ/BTAL t35 w0-60 QQQ:VOL_EWMA85 gate QQQ<SMA200,sens,sens_2015-07-06,2015-07-06,2020-07-02,false,true,0.85000000,0.35000000,0.60000000,QQQ<SMA200,0.01564352,0.21589842,0.01558257,0.21589842,91832.03409500,40000.00000000,51832.03409500,1.29580085,0.24203170,0.27555445,0.97087589,0.25778916,1.32147640,0.77575131,-0.31199651,,2017,0.60018289,2016,-0.00981348,0.46920085,0.39873757,,,0.53038296,0.16059627
VT TQQQ/BTAL t35 w0-70 QQQ:VOL_EWMA85,sens,sens_2015-07-06,2015-07-06,2020-07-02,false,true,0.85000000,0.35000000,0.70000000,,0.00040277,0.00132475,0.00033570,0.00124646,103881.56479800,40000.00000000,63881.56479800,1.59703912,0.29272386,0.31826617,1.00606374,0.30060139,1.37112089,0.86221157,-0.33950352,,2017,0.72174069,2016,0.03240954,0.38558129,0.29875354,,,0.61401595,0.16065728
VT TQQQ/BTAL t35 w0-70 QQQ:VOL_EWMA85 gate QQQ<SMA200,sens,sens_2015-07-06,2015-07-06,2020-07-02,false,true,0.85000000,0.35000000,0.70000000,QQQ<SMA200,0.01483953,0.21648191,0.01477320,0.21648191,98128.43500600,40000.00000000,58128.43500600,1.45321088,0.25962462,0.29845343,0.93041661,0.29552285,1.26076805,0.76470521,-0.33950942,,2017,0.72177121,2015,-0.03022898,0.39983638,0.29844429,,,0.59963632,0.16060369
VT TQQQ/BTAL t35 w0-80 QQQ:VOL_EWMA85,sens,sens_2015-07-06,2015-07-06,2020-07-02,false,true,0.85000000,0.35000000,0.80000000,,0.00039997,0.00184879,0.00033935,0.00171969,107632.18612950,40000.00000000,67632.18612950,1.69080465,0.30230726,0.33066758,0.95991324,0.33394966,1.30626749,0.89038750,-0.33952325,,2017,0.83162735,2015,0.01627416,0.32615976,0.19868214,,,0.67344027,0.16060150
VT TQQQ/BTAL t35 w0-80 QQQ:VOL_EWMA85 gate QQQ<SMA200,sens,sens_2015-07-06,2015-07-06,2020-07-02,false,true,0.85000000,0.35000000,0.80000000,QQQ<SMA200,0.01425244,0.21679754,0.01419518,0.21679754,102331.84125300,40000.00000000,62331.84125300,1.55829603,0.27076509,0.31302649,0.89373378,0.32962162,1.21092933,0.79747826,-0.33952661,,2017,0.83165282,2015,-0.05758868,0.34003358,0.19834854,,,0.65955812,0.16065751
50/50,sens,sens_2015-07-06,2015-07-06,2020-07-02,true,true,,,,,0.00042754,0.00196039,0.00037041,0.00190410,100237.62256050,40000.00000000,60237.62256050,1.50594056,0.28197294,0.30583343,1.04393089,0.27430694,1.45681755,0.74743728,-0.37725298,133,2019,0.60441034,2018,0.01078765,0.49963465,0.49809590,,,0.49993781,0.49981481
TQQQ60/BTAL40,sens,sens_2015-07-06,2015-07-06,2020-07-02,true,true,,,,,0.00039367,0.00141256,0.00032280,0.00137707,112413.53344100,40000.00000000,72413.53344100,1.81033834,0.31931150,0.34593736,0.98736595,0.33982508,1.36945423,0.70733103,-0.45143148,134,2019,0.74289518,2018,-0.02632263,0.39968154,0.39862293,,,0.59992479,0.59982071
TQQQ50/BTAL50 gate QQQ<SMA200,sens,sens_2015-07-06,2015-07-06,2020-07-02,true,true,,,,,0.02130767,0.18890807,0.02125309,0.18890807,87339.99166350,40000.00000000,47339.99166350,1.18349979,0.23466482,0.25834818,0.94955362,0.25720094,1.30222298,0.62202583,-0.37725897,,2017,0.47781769,2016,0.02708167,0.52058654,0.49886641,,,0.47896492,0.31109193
SPY benchmark,sens,sens_2015-07-06,2015-07-06,2020-07-02,true,true,,,,,0.00483626,0.01680719,0.00483626,0.01680719,52649.30600000,40000.00000000,12649.30600000,0.31623265,0.08579749,0.08925068,0.52846183,0.19018854,0.72140820,0.25265377,-0.33958522,,2019,0.28640389,2018,-0.06306470,,,0.99516374,0.98319281,,
VT TQQQ/BTAL t25 w0-60 QQQ:VOL_EWMA70,sens,sens_2016-01-04,2016-01-04,2020-12-31,false,true,0.70000000,0.25000000,0.60000000,,0.00045130,0.00205076,0.00038124,0.00196178,89784.60653450,39500.00000000,50284.60653450,1.27302801,0.26907805,0.26980615,1.09830922,0.24444134,1.49832576,1.04442475,-0.25763278,,2017,0.55559709,2018,0.05671776,0.50745069,0.39887334,,,0.49209801,0.14619717
VT TQQQ/BTAL t25 w0-60 QQQ:VOL_EWMA70 gate QQQ<SMA200,sens,sens_2016-01-04,2016-01-04,2020-12-31,false,true,0.70000000,0.25000000,0.60000000,QQQ<SMA200,0.01130127,0.25982394,0.01123705,0.25982394,86866.99669650,39500.00000000,47366.99669650,1.19916447,0.25165323,0.25854356,1.05322285,0.24097428,1.43060647,0.97690598,-0.25760230,,2017,0.55552186,2016,0.03097893,0.51826851,0.39858394,,,0.48123961,0.11549137
VT TQQQ/BTAL t25 w0-70 QQQ:VOL_EWMA70,sens,sens_2016-01-04,2016-01-04,2020-12-31,false,true,0.70000000,0.25000000,0.70000000,,0.00040866,0.00205076,0.00033758,0.00196178,94091.43437550,39500.00000000,54591.43437550,1.38206163,0.28570002,0.28585294,1.07594769,0.26708280,1.46534052,1.06105482,-0.26926038,427,2017,0.64657558,2018,0.03381150,0.46121391,0.29891535,,,0.53837743,0.14618876
VT TQQQ/BTAL t25 w0-70 QQQ:VOL_EWMA70 gate QQQ<SMA200,sens,sens_2016-01-04,2016-01-04,2020-12-31,false,true,0.70000000,0.25000000,0.70000000,QQQ<SMA200,0.01053199,0.25982394,0.01045812,0.25982394,91178.70142450,39500.00000000,51678.70142450,1.30832156,0.26927286,0.27507357,1.03619522,0.26416476,1.40674009,1.04521077,-0.25762541,,2017,0.64662386,2016,0.03552974,0.47134800,0.29836419,,,0.52823047,0.11549586
VT TQQQ/BTAL t25 w0-80 QQQ:VOL_EWMA70,sens,sens_2016-01-04,2016-01-04,2020-12-31,false,true,0.70000000,0.25000000,0.80000000,,0.00038416,0.00205076,0.00031273,0.00196178,96759.38712250,39500.00000000,57259.38712250,1.44960474,0.29833554,0.29547093,1.05828919,0.28573175,1.44069780,0.99756786,-0.29906290,451,2017,0.73248341,2018,0.01566599,0.42571088,0.19878385,,,0.57390497,0.14619151
VT TQQQ/BTAL t25 w0-80 QQQ:VOL_EWMA70 gate QQQ<SMA200,sens,sens_2016-01-04,2016-01-04,2020-12-31,false,true,0.70000000,0.25000000,0.80000000,QQQ<SMA200,0.01057081,0.25982394,0.01050470,0.25982394,93738.78227000,39500.00000000,54238.78227000,1.37313373,0.28183801,0.28456367,1.02055656,0.28299582,1.38552836,1.06086436,-0.26566828,445,2017,0.73246296,2016,0.04852015,0.43578491,0.19848281,,,0.56375368,0.11550052
VT TQQQ/BTAL t30 w0-60 QQQ:VOL_EWMA70,sens,sens_2016-01-04,2016-01-04,2020-12-31,false,true,0.70000000,0.30000000,0.60000000,,0.00045657,0.00179577,0.00039156,0.00166909,99163.35786400,39500.00000000,59663.35786400,1.51046476,0.29878861,0.30393911,1.12279617,0.26429136,1.53100827,1.12328986,-0.26599422,308,2017,0.58230726,2018,0.04873253,0.47455905,0.39833091,,,0.52498438,0.17540528
VT TQQQ/BTAL t30 w0-60 QQQ:VOL_EWMA70 gate QQQ<SMA200,sens,sens_2016-01-04,2016-01-04,2020-12-31,false,true,0.70000000,0.30000000,0.60000000,QQQ<SMA200,0.01391287,0.29388836,0.01383815,0.29388836,94559.63659550,39500.00000000,55059.63659550,1.39391485,0.27607854,0.28755808,1.07316554,0.25871084,1.45434581,1.08260454,-0.25501328,,2017,0.58227670,2016,0.03694540,0.48808541,0.39842167,,,0.51146758,0.14105249
VT TQQQ/BTAL t30 w0-70 QQQ:VOL_EWMA70,sens,sens_2016-01-04,2016-01-04,2020-12-31,false,true,0.70000000,0.30000000,0.70000000,,0.00043094,0.00138516,0.00035682,0.00123389,104494.77911950,39500.00000000,64994.77911950,1.64543745,0.31915679,0.32209341,1.09719688,0.29172222,1.49093620,1.08240924,-0.29485778,329,2017,0.68054304,2018,0.03130870,0.41893312,0.29876611,,,0.58063594,0.17543610
VT TQQQ/BTAL t30 w0-70 QQQ:VOL_EWMA70 gate QQQ<SMA200,sens,sens_2016-01-04,2016-01-04,2020-12-31,false,true,0.70000000,0.30000000,0.70000000,QQQ<SMA200,0.01317641,0.31091449,0.01311664,0.31091449,100712.93381000,39500.00000000,61212.93381000,1.54969453,0.29891308,0.30930235,1.05651535,0.28702662,1.42869218,1.11401618,-0.26832023,,2017,0.68048468,2016,0.04270399,0.43174289,0.29852537,,,0.56784051,0.14116611
VT TQQQ/BTAL t30 w0-80 QQQ:VOL_EWMA70,sens,sens_2016-01-04,2016-01-04,2020-12-31,false,true,0.70000000,0.30000000,0.80000000,,0.00042408,0.00158531,0.00035530,0.00149573,110081.80842300,39500.00000000,70581.80842300,1.78688123,0.33790524,0.34026638,1.08206681,0.31570235,1.46967424,1.04396908,-0.32367361,436,2017,0.77845745,2018,0.00661001,0.37081690,0.19850427,,,0.62875902,0.17544888
VT TQQQ/BTAL t30 w0-80 QQQ:VOL_EWMA70 gate QQQ<SMA200,sens,sens_2016-01-04,2016-01-04,2020-12-31,false,true,0.70000000,0.30000000,0.80000000,QQQ<SMA200,0.01282870,0.31091449,0.01277187,0.31091449,106169.89999400,39500.00000000,66669.89999400,1.68784557,0.31805416,0.32762966,1.04451549,0.31146135,1.41307147,1.16693066,-0.27255618,432,2017,0.77852858,2016,0.04796767,0.38327139,0.19888007,,,0.61630567,0.14116295
VT TQQQ/BTAL t35 w0-60 QQQ:VOL_EWMA70,sens,sens_2016-01-04,2016-01-04,2020-12-31,false,true,0.70000000,0.35000000,0.60000000,,0.00044678,0.00228839,0.00038173,0.00214071,105193.56181000,39500.00000000,65693.56181000,1.66312815,0.31385566,0.32441227,1.12208315,0.27812096,1.53063646,1.07103275,-0.29304021,138,2017,0.60012760,2018,0.02794684,0.45369363,0.39859973,,,0.54585959,0.20469733
VT TQQQ/BTAL t35 w0-60 QQQ:VOL_EWMA70 gate QQQ<SMA200,sens,sens_2016-01-04,2016-01-04,2020-12-31,false,true,0.70000000,0.35000000,0.60000000,QQQ<SMA200,0.01448223,0.24214689,0.01441924,0.24214689,100437.16627350,39500.00000000,60937.16627350,1.54271307,0.29299905,0.30835322,1.08461264,0.27122207,1.47147087,0.99997932,-0.29300511,140,2017,0.60016331,2016,0.04213301,0.46783434,0.39892357,,,0.53175202,0.16757837
VT TQQQ/BTAL t35 w0-70 QQQ:VOL_EWMA70,sens,sens_2016-01-04,2016-01-04,2020-12-31,false,true,0.70000000,0.35000000,0.70000000,,0.00042411,0.00228839,0.00035116,0.00214071,115089.99606800,39500.00000000,75589.99606800,1.91367079,0.34861310,0.35588354,1.11702871,0.31185214,1.51828040,1.08771031,-0.32050179,317,2017,0.70884088,2018,0.02129907,0.38708534,0.29874580,,,0.61249055,0.20462880
VT TQQQ/BTAL t35 w0-70 QQQ:VOL_EWMA70 gate QQQ<SMA200,sens,sens_2016-01-04,2016-01-04,2020-12-31,false,true,0.70000000,0.35000000,0.70000000,QQQ<SMA200,0.01554385,0.34214689,0.01549169,0.34214689,109760.62693750,39500.00000000,70260.62693750,1.77875005,0.32419804,0.33924379,1.07487374,0.30516242,1.45184341,1.08423228,-0.29901161,140,2017,0.70887303,2016,0.04802280,0.40223913,0.29831183,,,0.59734386,0.16774156
VT TQQQ/BTAL t35 w0-80 QQQ:VOL_EWMA70,sens,sens_2016-01-04,2016-01-04,2020-12-31,false,true,0.70000000,0.35000000,0.80000000,,0.00042494,0.00228839,0.00034905,0.00214071,120640.23880250,39500.00000000,81140.23880250,2.05418326,0.36765178,0.37251344,1.08997283,0.34156465,1.47736297,1.05576789,-0.34823164,432,2017,0.81374800,2018,0.00288736,0.33049027,0.19878679,,,0.66908479,0.20465847
VT TQQQ/BTAL t35 w0-80 QQQ:VOL_EWMA70 gate QQQ<SMA200,sens,sens_2016-01-04,2016-01-04,2020-12-31,false,true,0.70000000,0.35000000,0.80000000,QQQ<SMA200,0.01502674,0.36201070,0.01496339,0.36201070,115971.79487450,39500.00000000,76471.79487450,1.93599481,0.34489951,0.35857167,1.05310136,0.33570834,1.42005254,1.15365429,-0.29896262,138,2017,0.81368456,2016,0.05318130,0.34520936,0.19886481,,,0.65441422,0.16775895
VT TQQQ/BTAL t25 w0-60 QQQ:VOL_EWMA75,sens,sens_2016-01-04,2016-01-04,2020-12-31,false,true,0.75000000,0.25000000,0.60000000,,0.00050389,0.00202845,0.00042976,0.00194787,89351.45717300,39500.00000000,49851.45717300,1.26206221,0.26633081,0.26815480,1.09188852,0.24373076,1.48914291,1.06770090,-0.24944328,,2017,0.55746017,2018,0.06202916,0.50809195,0.39858666,,,0.49140416,0.13514668
VT TQQQ/BTAL t25 w0-60 QQQ:VOL_EWMA75 gate QQQ<SMA200,sens,sens_2016-01-04,2016-01-04,2020-12-31,false,true,0.75000000,0.25000000,0.60000000,QQQ<SMA200,0.01043222,0.22795950,0.01036129,0.22795950,87137.79078200,39500.00000000,47637.79078200,1.20602002,0.25197812,0.25960289,1.05504528,0.24074831,1.43403457,1.01018705,-0.24943709,,2017,0.55744651,2016,0.02746113,0.51815974,0.39847666,,,0.48137517,0.11882045
VT TQQQ/BTAL t25 w0-70 QQQ:VOL_EWMA75,sens,sens_2016-01-04,2016-01-04,2020-12-31,false,true,0.75000000,0.25000000,0.70000000,,0.00042837,0.00202845,0.00036528,0.00194787,92696.65768700,39500.00000000,53196.65768700,1.34675083,0.28050989,0.28072855,1.06449542,0.26583372,1.44945533,1.05621144,-0.26558118,430,2017,0.64888450,2018,0.03945086,0.46305877,0.29869199,,,0.53651286,0.13516996
VT TQQQ/BTAL t25 w0-70 QQQ:VOL_EWMA75 gate QQQ<SMA200,sens,sens_2016-01-04,2016-01-04,2020-12-31,false,true,0.75000000,0.25000000,0.70000000,QQQ<SMA200,0.00974857,0.22795950,0.00967972,0.22795950,90549.28385400,39500.00000000,51049.28385400,1.29238693,0.26722056,0.27270428,1.03236226,0.26336401,1.40236152,1.07128194,-0.24944000,,2017,0.64884143,2016,0.03419555,0.47230867,0.29838536,,,0.52719882,0.11879703
VT TQQQ/BTAL t25 w0-80 QQQ:VOL_EWMA75,sens,sens_2016-01-04,2016-01-04,2020-12-31,false,true,0.75000000,0.25000000,0.80000000,,0.00042410,0.00202845,0.00036142,0.00194787,95755.99884100,39500.00000000,56255.99884100,1.42420250,0.29575103,0.29188148,1.05703282,0.28359597,1.43970463,1.00066333,-0.29555498,453,2017,0.74364958,2018,0.02135046,0.42875904,0.19860394,,,0.57081685,0.13513772
VT TQQQ/BTAL t25 w0-80 QQQ:VOL_EWMA75 gate QQQ<SMA200,sens,sens_2016-01-04,2016-01-04,2020-12-31,false,true,0.75000000,0.25000000,0.80000000,QQQ<SMA200,0.00969580,0.22795950,0.00963203,0.22795950,93505.92515200,39500.00000000,54005.92515200,1.36723861,0.28236319,0.28371002,1.02647865,0.28127423,1.39520794,1.06284885,-0.26566637,452,2017,0.74356658,2016,0.05470737,0.43804886,0.19878265,,,0.56151133,0.11885557
VT TQQQ/BTAL t30 w0-60 QQQ:VOL_EWMA75,sens,sens_2016-01-04,2016-01-04,2020-12-31,false,true,0.75000000,0.30000000,0.60000000,,0.00048626,0.00203821,0.00041565,0.00188386,98794.34563500,39500.00000000,59294.34563500,1.50112267,0.29666943,0.30265106,1.11883177,0.26360982,1.52412340,1.13482105,-0.26142398,307,2017,0.58412275,2018,0.05607175,0.47565990,0.39844743,,,0.52385383,0.16217472
VT TQQQ/BTAL t30 w0-60 QQQ:VOL_EWMA75 gate QQQ<SMA200,sens,sens_2016-01-04,2016-01-04,2020-12-31,false,true,0.75000000,0.30000000,0.60000000,QQQ<SMA200,0.01322260,0.27280525,0.01316499,0.27280525,94900.51109900,39500.00000000,55400.51109900,1.40254458,0.27649858,0.28879482,1.07466128,0.25864389,1.45592272,1.06344980,-0.26000153,139,2017,0.58407536,2016,0.03252754,0.48849808,0.39878611,,,0.51104792,0.14517238
VT TQQQ/BTAL t30 w0-70 QQQ:VOL_EWMA75,sens,sens_2016-01-04,2016-01-04,2020-12-31,false,true,0.75000000,0.30000000,0.70000000,,0.00050531,0.00203821,0.00043383,0.00188386,103871.94502750,39500.00000000,64371.94502750,1.62966949,0.31579390,0.32001510,1.09093680,0.29080581,1.48172354,1.08711063,-0.29048921,329,2017,0.68261848,2018,0.03771909,0.41979082,0.29833824,,,0.57970386,0.16224405
VT TQQQ/BTAL t30 w0-70 QQQ:VOL_EWMA75 gate QQQ<SMA200,sens,sens_2016-01-04,2016-01-04,2020-12-31,false,true,0.75000000,0.30000000,0.70000000,QQQ<SMA200,0.01219172,0.27280525,0.01211939,0.27280525,101058.29775150,39500.00000000,61558.29775150,1.55843792,0.29920767,0.31048780,1.05793781,0.28678295,1.43130881,1.15088598,-0.25998029,138,2017,0.68258550,2016,0.03829878,0.43166180,0.29891076,,,0.56790327,0.14524539
VT TQQQ/BTAL t30 w0-80 QQQ:VOL_EWMA75,sens,sens_2016-01-04,2016-01-04,2020-12-31,false,true,0.75000000,0.30000000,0.80000000,,0.00043773,0.00203821,0.00037148,0.00188386,108399.62321550,39500.00000000,68899.62321550,1.74429426,0.33191814,0.33488134,1.07032565,0.31465923,1.45281023,1.03899689,-0.31946019,440,2017,0.78143367,2018,0.01288808,0.37259076,0.19880658,,,0.62697151,0.16220391
VT TQQQ/BTAL t30 w0-80 QQQ:VOL_EWMA75 gate QQQ<SMA200,sens,sens_2016-01-04,2016-01-04,2020-12-31,false,true,0.75000000,0.30000000,0.80000000,QQQ<SMA200,0.01190792,0.27280525,0.01184462,0.27280525,105523.32836650,39500.00000000,66023.32836650,1.67147667,0.31567836,0.32550189,1.03974801,0.31101123,1.40678018,1.16135107,-0.27181992,436,2017,0.78133011,2016,0.04348940,0.38411815,0.19874305,,,0.61544324,0.14531955
VT TQQQ/BTAL t35 w0-60 QQQ:VOL_EWMA75,sens,sens_2016-01-04,2016-01-04,2020-12-31,false,true,0.75000000,0.35000000,0.60000000,,0.00047932,0.00154646,0.00040589,0.00149950,104982.02140200,39500.00000000,65482.02140200,1.65777269,0.31249389,0.32371172,1.11945158,0.27775651,1.52705554,1.05449867,-0.29634356,140,2017,0.60011810,2018,0.03303960,0.45403622,0.39850050,,,0.54548446,0.18922744
VT TQQQ/BTAL t35 w0-60 QQQ:VOL_EWMA75 gate QQQ<SMA200,sens,sens_2016-01-04,2016-01-04,2020-12-31,false,true,0.75000000,0.35000000,0.60000000,QQQ<SMA200,0.01401284,0.24103658,0.01394799,0.24103658,100935.94274450,39500.00000000,61435.94274450,1.55534032,0.29344258,0.31006823,1.08493667,0.27153510,1.47244203,0.99025564,-0.29633013,140,2017,0.60019771,2016,0.03689000,0.46775776,0.39891742,,,0.53183103,0.17262441
VT TQQQ/BTAL t35 w0-70 QQQ:VOL_EWMA75,sens,sens_2016-01-04,2016-01-04,2020-12-31,false,true,0.75000000,0.35000000,0.70000000,,0.00044268,0.00169842,0.00037032,0.00157084,114580.81260050,39500.00000000,75080.81260050,1.90078007,0.34606980,0.35432313,1.11308487,0.31103879,1.51122710,1.09711334,-0.31543669,315,2017,0.71100910,2018,0.02981904,0.38837152,0.29842916,,,0.61118580,0.18928143
VT TQQQ/BTAL t35 w0-70 QQQ:VOL_EWMA75 gate QQQ<SMA200,sens,sens_2016-01-04,2016-01-04,2020-12-31,false,true,0.75000000,0.35000000,0.70000000,QQQ<SMA200,0.01469940,0.31743087,0.01464373,0.31743087,110212.08685300,39500.00000000,70712.08685300,1.79017941,0.32466806,0.34068042,1.07623873,0.30509001,1.45310823,1.05712394,-0.30712393,140,2017,0.71098260,2016,0.04268500,0.40276714,0.29842016,,,0.59684211,0.17270770
VT TQQQ/BTAL t35 w0-80 QQQ:VOL_EWMA75,sens,sens_2016-01-04,2016-01-04,2020-12-31,false,true,0.75000000,0.35000000,0.80000000,,0.00042553,0.00159663,0.00036201,0.00152586,120029.21154900,39500.00000000,80529.21154900,2.03871422,0.36421151,0.37071567,1.08565802,0.34014741,1.47069484,1.06085405,-0.34331915,432,2017,0.81634519,2018,0.01036463,0.33177270,0.19847414,,,0.66780177,0.18926737
VT TQQQ/BTAL t35 w0-80 QQQ:VOL_EWMA75 gate QQQ<SMA200,sens,sens_2016-01-04,2016-01-04,2020-12-31,false,true,0.75000000,0.35000000,0.80000000,QQQ<SMA200,0.01382639,0.31743087,0.01377620,0.31743087,116651.39938050,39500.00000000,77151.39938050,1.95319998,0.34580931,0.36063129,1.05629525,0.33514338,1.42499802,1.12583475,-0.30715814,140,2017,0.81629876,2016,0.04789956,0.34530967,0.19859990,,,0.65431506,0.17282170
VT TQQQ/BTAL t25 w0-60 QQQ:VOL_EWMA80,sens,sens_2016-01-04,2016-01-04,2020-12-31,false,true,0.80000000,0.25000000,0.60000000,,0.00043244,0.00192751,0.00036405,0.00186936,88438.48706350,39500.00000000,48938.48706350,1.23894904,0.26256003,0.26465080,1.08186522,0.24308011,1.47548400,1.09484232,-0.23981538,,2017,0.56101861,2018,0.06951653,0.50892396,0.39871879,,,0.49064360,0.12422034
VT TQQQ/BTAL t25 w0-60 QQQ:VOL_EWMA80 gate QQQ<SMA200,sens,sens_2016-01-04,2016-01-04,2020-12-31,false,true,0.80000000,0.25000000,0.60000000,QQQ<SMA200,0.00946473,0.19444007,0.00939789,0.19444007,86966.39173450,39500.00000000,47466.39173450,1.20168080,0.25137897,0.25893273,1.05362596,0.24057298,1.43343982,1.04823665,-0.23981128,,2017,0.56100033,2016,0.02560929,0.51802792,0.39863653,,,0.48154401,0.12428262
VT TQQQ/BTAL t25 w0-70 QQQ:VOL_EWMA80,sens,sens_2016-01-04,2016-01-04,2020-12-31,false,true,0.80000000,0.25000000,0.70000000,,0.00045017,0.00192751,0.00037512,0.00186936,91051.16037000,39500.00000000,51551.16037000,1.30509267,0.27557892,0.27459464,1.05460417,0.26426106,1.43642031,1.05104918,-0.26219412,430,2017,0.65301218,2018,0.04705624,0.46600289,0.29867369,,,0.53354694,0.12424339
VT TQQQ/BTAL t25 w0-70 QQQ:VOL_EWMA80 gate QQQ<SMA200,sens,sens_2016-01-04,2016-01-04,2020-12-31,false,true,0.80000000,0.25000000,0.70000000,QQQ<SMA200,0.00873374,0.19444007,0.00867147,0.19444007,89686.02283100,39500.00000000,50186.02283100,1.27053222,0.26549095,0.26943093,1.03051977,0.26220148,1.40133882,1.10732154,-0.23975958,,2017,0.65300108,2016,0.03969773,0.47447472,0.29920994,,,0.52514352,0.12423209
VT TQQQ/BTAL t25 w0-80 QQQ:VOL_EWMA80,sens,sens_2016-01-04,2016-01-04,2020-12-31,false,true,0.80000000,0.25000000,0.80000000,,0.00043364,0.00192751,0.00036338,0.00186936,93520.12138700,39500.00000000,54020.12138700,1.36759801,0.28928770,0.28376211,1.04405773,0.28184271,1.42194368,0.98961079,-0.29232472,469,2017,0.74850141,2018,0.02881696,0.43293048,0.19872704,,,0.56663588,0.12428364
VT TQQQ/BTAL t25 w0-80 QQQ:VOL_EWMA80 gate QQQ<SMA200,sens,sens_2016-01-04,2016-01-04,2020-12-31,false,true,0.80000000,0.25000000,0.80000000,QQQ<SMA200,0.00877757,0.19444007,0.00870805,0.19444007,92088.86456700,39500.00000000,52588.86456700,1.33136366,0.27914611,0.27847418,1.02103115,0.27993419,1.38862057,1.05061923,-0.26569675,453,2017,0.74856035,2016,0.06132529,0.44129588,0.19896122,,,0.55826891,0.12429288
VT TQQQ/BTAL t30 w0-60 QQQ:VOL_EWMA80,sens,sens_2016-01-04,2016-01-04,2020-12-31,false,true,0.80000000,0.30000000,0.60000000,,0.00046523,0.00210197,0.00039440,0.00198520,98134.05328050,39500.00000000,58634.05328050,1.48440641,0.29357663,0.30033568,1.11142788,0.26309969,1.51203290,1.08150464,-0.27145203,140,2017,0.58817388,2018,0.06512586,0.47666548,0.39881190,,,0.52286929,0.14908718
VT TQQQ/BTAL t30 w0-60 QQQ:VOL_EWMA80 gate QQQ<SMA200,sens,sens_2016-01-04,2016-01-04,2020-12-31,false,true,0.80000000,0.30000000,0.60000000,QQQ<SMA200,0.01204698,0.23249687,0.01198570,0.23249687,95195.98377200,39500.00000000,55695.98377200,1.41002491,0.27722652,0.28986367,1.07608873,0.25889441,1.45767363,1.02116599,-0.27148037,140,2017,0.58815421,2016,0.03010667,0.48829164,0.39859917,,,0.51123083,0.14911383
VT TQQQ/BTAL t30 w0-70 QQQ:VOL_EWMA80,sens,sens_2016-01-04,2016-01-04,2020-12-31,false,true,0.80000000,0.30000000,0.70000000,,0.00046173,0.00210197,0.00038984,0.00198520,103210.31484850,39500.00000000,63710.31484850,1.61291936,0.31273339,0.31779531,1.08646727,0.28949921,1.47581833,1.09157360,-0.28649776,320,2017,0.68713279,2018,0.04660399,0.42090094,0.29865366,,,0.57863734,0.14911331
VT TQQQ/BTAL t30 w0-70 QQQ:VOL_EWMA80 gate QQQ<SMA200,sens,sens_2016-01-04,2016-01-04,2020-12-31,false,true,0.80000000,0.30000000,0.70000000,QQQ<SMA200,0.01114158,0.23249687,0.01107227,0.23249687,101305.33526050,39500.00000000,61805.33526050,1.56469203,0.29974097,0.31133356,1.06117311,0.28610073,1.43716813,1.10429157,-0.27143282,140,2017,0.68712370,2016,0.03580510,0.43159350,0.29871377,,,0.56792120,0.14909930
VT TQQQ/BTAL t30 w0-80 QQQ:VOL_EWMA80,sens,sens_2016-01-04,2016-01-04,2020-12-31,false,true,0.80000000,0.30000000,0.80000000,,0.00044960,0.00210197,0.00038283,0.00198520,105890.29063950,39500.00000000,66390.29063950,1.68076685,0.32439530,0.32671091,1.05469305,0.31363469,1.43114261,1.02776163,-0.31563281,443,2017,0.78658137,2018,0.02156095,0.37459877,0.19849542,,,0.62495163,0.14909341
VT TQQQ/BTAL t30 w0-80 QQQ:VOL_EWMA80 gate QQQ<SMA200,sens,sens_2016-01-04,2016-01-04,2020-12-31,false,true,0.80000000,0.30000000,0.80000000,QQQ<SMA200,0.01094225,0.23249687,0.01087473,0.23249687,103946.07374700,39500.00000000,64446.07374700,1.63154617,0.31159541,0.32026303,1.03082231,0.31053239,1.39524939,1.14572625,-0.27196323,440,2017,0.78656109,2016,0.04285252,0.38512405,0.19868988,,,0.61441584,0.14915082
VT TQQQ/BTAL t35 w0-60 QQQ:VOL_EWMA80,sens,sens_2016-01-04,2016-01-04,2020-12-31,false,true,0.80000000,0.35000000,0.60000000,,0.00045438,0.00184522,0.00038453,0.00179342,105088.31285500,39500.00000000,65588.31285500,1.66046362,0.31249912,0.32406388,1.12149625,0.27708811,1.53004607,1.03435275,-0.30212045,141,2017,0.60017815,2018,0.04294474,0.45515659,0.39820658,,,0.54438902,0.17400887
VT TQQQ/BTAL t35 w0-60 QQQ:VOL_EWMA80 gate QQQ<SMA200,sens,sens_2016-01-04,2016-01-04,2020-12-31,false,true,0.80000000,0.35000000,0.60000000,QQQ<SMA200,0.01360640,0.23992864,0.01353758,0.23992864,101482.57341350,39500.00000000,61982.57341350,1.56917907,0.29454717,0.31193924,1.08842114,0.27142266,1.47762306,0.97487850,-0.30213731,141,2017,0.60012711,2016,0.03397724,0.46836296,0.39888893,,,0.53117772,0.17399444
VT TQQQ/BTAL t35 w0-70 QQQ:VOL_EWMA80,sens,sens_2016-01-04,2016-01-04,2020-12-31,false,true,0.80000000,0.35000000,0.70000000,,0.00043882,0.00191567,0.00037110,0.00187117,113667.63399850,39500.00000000,74167.63399850,1.87766162,0.34233029,0.35150945,1.10578632,0.31040477,1.49906549,1.07065754,-0.31973836,141,2017,0.71614797,2018,0.04038200,0.38953253,0.29859524,,,0.61002865,0.17398710
VT TQQQ/BTAL t35 w0-70 QQQ:VOL_EWMA80 gate QQQ<SMA200,sens,sens_2016-01-04,2016-01-04,2020-12-31,false,true,0.80000000,0.35000000,0.70000000,QQQ<SMA200,0.01341714,0.27048216,0.01335933,0.27048216,110410.31176050,39500.00000000,70910.31176050,1.79519777,0.32502091,0.34130958,1.07640758,0.30537784,1.45282821,1.01644270,-0.31976314,141,2017,0.71607852,2016,0.03978533,0.40258350,0.29877928,,,0.59700307,0.17401559
VT TQQQ/BTAL t35 w0-80 QQQ:VOL_EWMA80,sens,sens_2016-01-04,2016-01-04,2020-12-31,false,true,0.80000000,0.35000000,0.80000000,,0.00039296,0.00191567,0.00033157,0.00187117,119518.44372250,39500.00000000,80018.44372250,2.02578339,0.36149511,0.36920676,1.08349304,0.33843573,1.46765698,1.06682221,-0.33885225,432,2017,0.82183514,2018,0.02075617,0.33315603,0.19861090,,,0.66645100,0.17397712
VT TQQQ/BTAL t35 w0-80 QQQ:VOL_EWMA80 gate QQQ<SMA200,sens,sens_2016-01-04,2016-01-04,2020-12-31,false,true,0.80000000,0.35000000,0.80000000,QQQ<SMA200,0.01259035,0.27048216,0.01253718,0.27048216,117157.45908950,39500.00000000,77657.45908950,1.96601162,0.34683376,0.36215818,1.06060540,0.33417736,1.43198788,1.08475537,-0.31973454,141,2017,0.82179711,2016,0.04495094,0.34549480,0.19857426,,,0.65417185,0.17400283
VT TQQQ/BTAL t25 w0-60 QQQ:VOL_EWMA85,sens,sens_2016-01-04,2016-01-04,2020-12-31,false,true,0.85000000,0.25000000,0.60000000,,0.00043952,0.00149781,0.00037208,0.00145152,86574.72469300,39500.00000000,47074.72469300,1.19176518,0.25640908,0.25739691,1.06512835,0.24207626,1.45335974,1.08604695,-0.23609392,141,2017,0.56715520,2016,0.06785519,0.51094848,0.39854848,,,0.48861200,0.11472528
VT TQQQ/BTAL t25 w0-60 QQQ:VOL_EWMA85 gate QQQ<SMA200,sens,sens_2016-01-04,2016-01-04,2020-12-31,false,true,0.85000000,0.25000000,0.60000000,QQQ<SMA200,0.00852924,0.15773214,0.00846358,0.15773214,85168.85022400,39500.00000000,45668.85022400,1.15617342,0.24639544,0.25183283,1.03912127,0.23993300,1.41510723,1.04382984,-0.23604943,141,2017,0.56718434,2016,0.02624572,0.51913745,0.39842723,,,0.48045831,0.11474180
VT TQQQ/BTAL t25 w0-70 QQQ:VOL_EWMA85,sens,sens_2016-01-04,2016-01-04,2020-12-31,false,true,0.85000000,0.25000000,0.70000000,,0.00038678,0.00135070,0.00032009,0.00134879,88661.38822750,39500.00000000,49161.38822750,1.24459211,0.26849020,0.26550925,1.03603105,0.26338828,1.41120458,1.03758115,-0.25876549,436,2017,0.65977614,2018,0.05585557,0.46920338,0.29865121,,,0.53040983,0.11475266
VT TQQQ/BTAL t25 w0-70 QQQ:VOL_EWMA85 gate QQQ<SMA200,sens,sens_2016-01-04,2016-01-04,2020-12-31,false,true,0.85000000,0.25000000,0.70000000,QQQ<SMA200,0.00786308,0.15773214,0.00779784,0.15773214,87352.31152200,39500.00000000,47852.31152200,1.21145092,0.25951345,0.26044002,1.01402187,0.26164563,1.37953272,1.09944053,-0.23604137,141,2017,0.65979484,2016,0.04597133,0.47668536,0.29910956,,,0.52291041,0.11470349
VT TQQQ/BTAL t25 w0-80 QQQ:VOL_EWMA85,sens,sens_2016-01-04,2016-01-04,2020-12-31,false,true,0.85000000,0.25000000,0.80000000,,0.00044136,0.00143135,0.00037351,0.00139414,90585.93612550,39500.00000000,51085.93612550,1.29331484,0.28092829,0.27284265,1.02392339,0.28071097,1.39421406,0.97194234,-0.28903802,474,2017,0.75575410,2018,0.03737198,0.43737856,0.19860586,,,0.56218007,0.11472255
VT TQQQ/BTAL t25 w0-80 QQQ:VOL_EWMA85 gate QQQ<SMA200,sens,sens_2016-01-04,2016-01-04,2020-12-31,false,true,0.85000000,0.25000000,0.80000000,QQQ<SMA200,0.00785295,0.15773214,0.00778005,0.15773214,89244.48714450,39500.00000000,49744.48714450,1.25935410,0.27199651,0.26774589,1.00318075,0.27907978,1.36454716,1.02359800,-0.26572591,474,2017,0.75573418,2018,0.06837674,0.44486440,0.19876340,,,0.55471143,0.11472827
VT TQQQ/BTAL t30 w0-60 QQQ:VOL_EWMA85,sens,sens_2016-01-04,2016-01-04,2020-12-31,false,true,0.85000000,0.30000000,0.60000000,,0.00044393,0.00206909,0.00036961,0.00206041,96305.44025650,39500.00000000,56805.44025650,1.43811241,0.28752403,0.29385109,1.09539284,0.26253046,1.48918435,0.99346036,-0.28941671,166,2017,0.59255833,2018,0.07455783,0.47827773,0.39859088,,,0.52127834,0.13765191
VT TQQQ/BTAL t30 w0-60 QQQ:VOL_EWMA85 gate QQQ<SMA200,sens,sens_2016-01-04,2016-01-04,2020-12-31,false,true,0.85000000,0.30000000,0.60000000,QQQ<SMA200,0.01074931,0.18864826,0.01069179,0.18864826,93692.20986000,39500.00000000,54192.20986000,1.37195468,0.27329877,0.28439309,1.06388261,0.25899032,1.44140682,0.94423014,-0.28944084,166,2017,0.59267457,2016,0.03078953,0.48855575,0.39846208,,,0.51097064,0.13763938
VT TQQQ/BTAL t30 w0-70 QQQ:VOL_EWMA85,sens,sens_2016-01-04,2016-01-04,2020-12-31,false,true,0.85000000,0.30000000,0.70000000,,0.00046146,0.00206909,0.00038065,0.00206041,100721.65994350,39500.00000000,61221.65994350,1.54991544,0.30542954,0.30933235,1.07096986,0.28808048,1.45523674,1.05530363,-0.28942338,166,2017,0.69503044,2018,0.05751932,0.42343085,0.29856559,,,0.57610769,0.13764715
VT TQQQ/BTAL t30 w0-70 QQQ:VOL_EWMA85 gate QQQ<SMA200,sens,sens_2016-01-04,2016-01-04,2020-12-31,false,true,0.85000000,0.30000000,0.70000000,QQQ<SMA200,0.00996778,0.18864826,0.00990355,0.18864826,98903.18002150,39500.00000000,59403.18002150,1.50387798,0.29384257,0.30303139,1.04769109,0.28517117,1.42018201,1.01535589,-0.28939859,166,2017,0.69497561,2016,0.03671251,0.43303104,0.29885261,,,0.56652762,0.13766666
VT TQQQ/BTAL t30 w0-80 QQQ:VOL_EWMA85,sens,sens_2016-01-04,2016-01-04,2020-12-31,false,true,0.85000000,0.30000000,0.80000000,,0.00043607,0.00206909,0.00037456,0.00206041,102572.46003900,39500.00000000,63072.46003900,1.59677114,0.31554210,0.31564343,1.03594154,0.31246913,1.40571851,1.01233489,-0.31169735,446,2017,0.79529941,2018,0.03226217,0.37777103,0.19875050,,,0.62179290,0.13765409
VT TQQQ/BTAL t30 w0-80 QQQ:VOL_EWMA85 gate QQQ<SMA200,sens,sens_2016-01-04,2016-01-04,2020-12-31,false,true,0.85000000,0.30000000,0.80000000,QQQ<SMA200,0.00979612,0.18864826,0.00973765,0.18864826,100723.54189750,39500.00000000,61223.54189750,1.54996309,0.30408512,0.30933882,1.01395262,0.30979247,1.37307557,1.05075381,-0.28939711,166,2017,0.79529324,2016,0.04940915,0.38724353,0.19892044,,,0.61234976,0.13763733
VT TQQQ/BTAL t35 w0-60 QQQ:VOL_EWMA85,sens,sens_2016-01-04,2016-01-04,2020-12-31,false,true,0.85000000,0.35000000,0.60000000,,0.00045211,0.00173034,0.00038184,0.00165815,104750.10413800,39500.00000000,65250.10413800,1.65190137,0.31108194,0.32294226,1.11789266,0.27699479,1.52451327,0.99721546,-0.31195058,141,2017,0.60023675,2018,0.05053013,0.45660211,0.39840271,,,0.54294578,0.16062694
VT TQQQ/BTAL t35 w0-60 QQQ:VOL_EWMA85 gate QQQ<SMA200,sens,sens_2016-01-04,2016-01-04,2020-12-31,false,true,0.85000000,0.35000000,0.60000000,QQQ<SMA200,0.01283979,0.21919398,0.01276771,0.21919398,100931.99935700,39500.00000000,61431.99935700,1.55524049,0.29302991,0.31005470,1.08276958,0.27187162,1.46961622,0.93917508,-0.31200775,141,2017,0.60021924,2016,0.03464510,0.46898918,0.39859667,,,0.53053435,0.16063377
VT TQQQ/BTAL t35 w0-70 QQQ:VOL_EWMA85,sens,sens_2016-01-04,2016-01-04,2020-12-31,false,true,0.85000000,0.35000000,0.70000000,,0.00043522,0.00165350,0.00036307,0.00151879,111185.29612750,39500.00000000,71685.29612750,1.81481762,0.33497491,0.34375993,1.08996327,0.30965314,1.47624920,0.98676356,-0.33946826,169,2017,0.72173505,2018,0.05139007,0.39138578,0.29851156,,,0.60817900,0.16062419
VT TQQQ/BTAL t35 w0-70 QQQ:VOL_EWMA85 gate QQQ<SMA200,sens,sens_2016-01-04,2016-01-04,2020-12-31,false,true,0.85000000,0.35000000,0.70000000,QQQ<SMA200,0.01186163,0.21919398,0.01179834,0.21919398,108364.74375400,39500.00000000,68864.74375400,1.74341123,0.32020234,0.33476891,1.06432913,0.30543198,1.43653490,0.94300766,-0.33955434,169,2017,0.72174938,2016,0.04044764,0.40290001,0.29846550,,,0.59668127,0.16060617
VT TQQQ/BTAL t35 w0-80 QQQ:VOL_EWMA85,sens,sens_2016-01-04,2016-01-04,2020-12-31,false,true,0.85000000,0.35000000,0.80000000,,0.00039626,0.00190217,0.00033140,0.00186033,116148.75384700,39500.00000000,76648.75384700,1.94047478,0.35255893,0.35910898,1.06783239,0.33664217,1.44643676,1.03843858,-0.33950870,169,2017,0.83163746,2018,0.03334132,0.33611971,0.19813967,,,0.66348403,0.16060321
VT TQQQ/BTAL t35 w0-80 QQQ:VOL_EWMA85 gate QQQ<SMA200,sens,sens_2016-01-04,2016-01-04,2020-12-31,false,true,0.85000000,0.35000000,0.80000000,QQQ<SMA200,0.01132596,0.21919398,0.01126993,0.21919398,113919.78632850,39500.00000000,74419.78632850,1.88404522,0.33959561,0.35228834,1.04692748,0.33299454,1.41438650,1.00019049,-0.33953093,169,2017,0.83162708,2016,0.04554302,0.34706343,0.19832858,,,0.65251928,0.16060514
50/50,sens,sens_2016-01-04,2016-01-04,2020-12-31,true,true,,,,,0.00049189,0.00217076,0.00041591,0.00200000,111793.03255750,39500.00000000,72293.03255750,1.83020336,0.32142941,0.34567106,1.10891373,0.28950038,1.54406000,0.85198001,-0.37727343,133,2019,0.60440662,2018,0.01083055,0.49959434,0.49800000,,,0.49991377,0.49981567
TQQQ60/BTAL40,sens,sens_2016-01-04,2016-01-04,2020-12-31,true,true,,,,,0.00052734,0.00235580,0.00045873,0.00220509,134956.19156900,39500.00000000,95456.19156900,2.41661244,0.38371204,0.41252478,1.09694352,0.35388771,1.52070704,0.84995886,-0.45144778,134,2019,0.74281781,2018,-0.02630899,0.39954500,0.39779491,,,0.59992766,0.59983213
TQQQ50/BTAL50 gate QQQ<SMA200,sens,sens_2016-01-04,2016-01-04,2020-12-31,true,true,,,,,0.01800905,0.19045818,0.01794467,0.19045818,99472.53581100,39500.00000000,59972.53581100,1.51829205,0.28243775,0.30501507,1.04282841,0.27529003,1.43314960,0.74865782,-0.37725879,138,2017,0.47779444,2018,0.05086574,0.51727885,0.49800000,,,0.48229253,0.30954182
SPY benchmark,sens,sens_2016-01-04,2016-01-04,2020-12-31,true,true,,,,,0.00529257,0.01709390,0.00529257,0.01709390,60720.87520000,39500.00000000,21220.87520000,0.53723735,0.13157790,0.13893663,0.74980708,0.18878382,1.02720853,0.38645829,-0.34047115,181,2019,0.28680159,2018,-0.06333424,,,0.99470743,0.98290610,,
VT TQQQ/BTAL t25 w0-60 QQQ:VOL_EWMA70,sens,sens_2016-07-05,2016-07-05,2021-07-02,false,true,0.70000000,0.25000000,0.60000000,,0.00037958,0.00172544,0.00029269,0.00163083,90418.43719500,40000.00000000,50418.43719500,1.26046093,0.28096420,0.27025886,1.11230624,0.25127728,1.52221304,1.06283591,-0.26435332,,2017,0.55550718,2016,0.04588847,0.50574274,0.39925303,,,0.49387768,0.14616610
VT TQQQ/BTAL t25 w0-60 QQQ:VOL_EWMA70 gate QQQ<SMA200,sens,sens_2016-07-05,2016-07-05,2021-07-02,false,true,0.70000000,0.25000000,0.60000000,QQQ<SMA200,0.01248850,0.37953817,0.01240615,0.37953817,85819.17498150,40000.00000000,45819.17498150,1.14547937,0.24885895,0.25237819,1.01653404,0.24952936,1.38916728,0.94135786,-0.26436169,,2017,0.55557616,2016,-0.07133786,0.51760116,0.39796666,,,0.48187017,0.00000000
VT TQQQ/BTAL t25 w0-70 QQQ:VOL_EWMA70,sens,sens_2016-07-05,2016-07-05,2021-07-02,false,true,0.70000000,0.25000000,0.70000000,,0.00038933,0.00172544,0.00030625,0.00163083,96303.24395400,40000.00000000,56303.24395400,1.40758110,0.30611139,0.29199208,1.11249704,0.27420535,1.52241841,1.13691739,-0.26924682,427,2017,0.64667532,2018,0.03378997,0.45773112,0.29867935,,,0.54187956,0.14619986
VT TQQQ/BTAL t25 w0-70 QQQ:VOL_EWMA70 gate QQQ<SMA200,sens,sens_2016-07-05,2016-07-05,2021-07-02,false,true,0.70000000,0.25000000,0.70000000,QQQ<SMA200,0.01240585,0.37953817,0.01232599,0.37953817,91246.84067650,40000.00000000,51246.84067650,1.28117102,0.27329643,0.27339296,1.02394016,0.27262410,1.39958486,1.06091759,-0.25760383,,2017,0.64654657,2016,-0.05511181,0.46966779,0.29869610,,,0.52988386,0.00000000
VT TQQQ/BTAL t25 w0-80 QQQ:VOL_EWMA70,sens,sens_2016-07-05,2016-07-05,2021-07-02,false,true,0.70000000,0.25000000,0.80000000,,0.00047528,0.00172544,0.00039057,0.00163083,99183.62680300,40000.00000000,59183.62680300,1.47959067,0.32190611,0.30220324,1.09571718,0.29480629,1.49906172,1.07625430,-0.29909856,451,2017,0.73239638,2018,0.01560188,0.41878045,0.19878679,,,0.58074427,0.14612304
VT TQQQ/BTAL t25 w0-80 QQQ:VOL_EWMA70 gate QQQ<SMA200,sens,sens_2016-07-05,2016-07-05,2021-07-02,false,true,0.70000000,0.25000000,0.80000000,QQQ<SMA200,0.01239250,0.37953817,0.01230817,0.37953817,93868.79382850,40000.00000000,53868.79382850,1.34671985,0.28877239,0.28314849,1.01311548,0.29333301,1.38469239,1.05674016,-0.27326716,,2017,0.73245097,2016,-0.03458898,0.43079591,0.19789569,,,0.56876121,0.00000000
VT TQQQ/BTAL t30 w0-60 QQQ:VOL_EWMA70,sens,sens_2016-07-05,2016-07-05,2021-07-02,false,true,0.70000000,0.30000000,0.60000000,,0.00048024,0.00166877,0.00040305,0.00159520,101907.47121850,40000.00000000,61907.47121850,1.54768678,0.31999466,0.31162092,1.16172206,0.27092013,1.58901061,1.20301755,-0.26599335,308,2017,0.58230406,2018,0.04870911,0.47300881,0.39850065,,,0.52651095,0.17538234
VT TQQQ/BTAL t30 w0-60 QQQ:VOL_EWMA70 gate QQQ<SMA200,sens,sens_2016-07-05,2016-07-05,2021-07-02,false,true,0.70000000,0.30000000,0.60000000,QQQ<SMA200,0.01578257,0.45544580,0.01570079,0.45544580,94743.47562350,40000.00000000,54743.47562350,1.36858689,0.27782655,0.28634911,1.05181681,0.26744052,1.43545466,1.05892823,-0.26236580,,2017,0.58234516,2016,-0.07133786,0.48830991,0.39796666,,,0.51118240,0.00000000
VT TQQQ/BTAL t30 w0-70 QQQ:VOL_EWMA70,sens,sens_2016-07-05,2016-07-05,2021-07-02,false,true,0.70000000,0.30000000,0.70000000,,0.00042336,0.00166877,0.00034550,0.00159520,108665.61595850,40000.00000000,68665.61595850,1.71664040,0.34668192,0.33406178,1.14944216,0.29807601,1.56745796,1.17576050,-0.29485760,329,2017,0.68047717,2018,0.03134652,0.41697224,0.29880457,,,0.58260441,0.17545827
VT TQQQ/BTAL t30 w0-70 QQQ:VOL_EWMA70 gate QQQ<SMA200,sens,sens_2016-07-05,2016-07-05,2021-07-02,false,true,0.70000000,0.30000000,0.70000000,QQQ<SMA200,0.01469999,0.45544580,0.01462884,0.45544580,102082.14306450,40000.00000000,62082.14306450,1.55205358,0.30754749,0.31221723,1.05704293,0.29546922,1.43975179,1.14631280,-0.26829282,,2017,0.68039564,2016,-0.05490658,0.43120263,0.29863384,,,0.56833696,0.00000000
VT TQQQ/BTAL t30 w0-80 QQQ:VOL_EWMA70,sens,sens_2016-07-05,2016-07-05,2021-07-02,false,true,0.70000000,0.30000000,0.80000000,,0.00041417,0.00166877,0.00033605,0.00159520,116222.89653300,40000.00000000,76222.89653300,1.90557241,0.37364155,0.35774716,1.14891482,0.32205339,1.56758964,1.15438701,-0.32367096,436,2017,0.77836810,2018,0.00663311,0.36765172,0.19854777,,,0.63193411,0.17541640
VT TQQQ/BTAL t30 w0-80 QQQ:VOL_EWMA70 gate QQQ<SMA200,sens,sens_2016-07-05,2016-07-05,2021-07-02,false,true,0.70000000,0.30000000,0.80000000,QQQ<SMA200,0.01463811,0.45544580,0.01456297,0.45544580,109015.08725600,40000.00000000,69015.08725600,1.72537718,0.33384227,0.33518849,1.06308606,0.31963251,1.44909541,1.22590110,-0.27232398,432,2017,0.77851869,2016,-0.03825433,0.38192216,0.19789569,,,0.61766541,0.00000000
VT TQQQ/BTAL t35 w0-60 QQQ:VOL_EWMA70,sens,sens_2016-07-05,2016-07-05,2021-07-02,false,true,0.70000000,0.35000000,0.60000000,,0.00050658,0.00161209,0.00043008,0.00160338,110845.13274550,40000.00000000,70845.13274550,1.77112832,0.34792114,0.34103728,1.19153536,0.28505286,1.63336815,1.18721679,-0.29305612,138,2017,0.60015517,2018,0.02789221,0.45121692,0.39839662,,,0.54827649,0.20464374
VT TQQQ/BTAL t35 w0-60 QQQ:VOL_EWMA70 gate QQQ<SMA200,sens,sens_2016-07-05,2016-07-05,2021-07-02,false,true,0.70000000,0.35000000,0.60000000,QQQ<SMA200,0.01849617,0.53135344,0.01840205,0.53135344,101805.81210250,40000.00000000,61805.81210250,1.54514530,0.29835335,0.31127345,1.07413256,0.27994792,1.46849251,1.01808781,-0.29305267,140,2017,0.60012399,2016,-0.07133786,0.46920982,0.39796666,,,0.53025293,0.00000000
VT TQQQ/BTAL t35 w0-70 QQQ:VOL_EWMA70,sens,sens_2016-07-05,2016-07-05,2021-07-02,false,true,0.70000000,0.35000000,0.70000000,,0.00041820,0.00166868,0.00034884,0.00155956,122272.65913550,40000.00000000,82272.65913550,2.05681648,0.38637027,0.37575476,1.18860078,0.31794802,1.62118936,1.20542207,-0.32052696,317,2017,0.70886588,2018,0.02131248,0.38529700,0.29844058,,,0.61428480,0.20463110
VT TQQQ/BTAL t35 w0-70 QQQ:VOL_EWMA70 gate QQQ<SMA200,sens,sens_2016-07-05,2016-07-05,2021-07-02,false,true,0.70000000,0.35000000,0.70000000,QQQ<SMA200,0.01775840,0.53135344,0.01769618,0.53135344,112862.29567800,40000.00000000,72862.29567800,1.82155739,0.33788369,0.34738668,1.08694437,0.31363898,1.47963901,1.13021840,-0.29895434,140,2017,0.70877993,2016,-0.05490658,0.40261492,0.29863384,,,0.59693103,0.00000000
VT TQQQ/BTAL t35 w0-80 QQQ:VOL_EWMA70,sens,sens_2016-07-05,2016-07-05,2021-07-02,false,true,0.70000000,0.35000000,0.80000000,,0.00037677,0.00183720,0.00030764,0.00168142,129816.77855550,40000.00000000,89816.77855550,2.24541946,0.41215906,0.39715176,1.17001344,0.34727905,1.59176934,1.18354233,-0.34824192,432,2017,0.81376448,2018,0.00292772,0.32835284,0.19831858,,,0.67127039,0.20463031
VT TQQQ/BTAL t35 w0-80 QQQ:VOL_EWMA70 gate QQQ<SMA200,sens,sens_2016-07-05,2016-07-05,2021-07-02,false,true,0.70000000,0.35000000,0.80000000,QQQ<SMA200,0.01687893,0.53135344,0.01680839,0.53135344,120776.62521000,40000.00000000,80776.62521000,2.01941563,0.36606215,0.37137540,1.08167719,0.34380527,1.46995497,1.22434285,-0.29898664,138,2017,0.81370763,2016,-0.03825433,0.34482341,0.19789569,,,0.65475231,0.00000000
VT TQQQ/BTAL t25 w0-60 QQQ:VOL_EWMA75,sens,sens_2016-07-05,2016-07-05,2021-07-02,false,true,0.75000000,0.25000000,0.60000000,,0.00053883,0.00236580,0.00044704,0.00222679,90055.51538550,40000.00000000,50055.51538550,1.25138788,0.27901847,0.26887775,1.10811028,0.25072728,1.51697016,1.08831442,-0.25637671,,2017,0.55739814,2016,0.03927291,0.50622080,0.39801713,,,0.49324037,0.13511584
VT TQQQ/BTAL t25 w0-60 QQQ:VOL_EWMA75 gate QQQ<SMA200,sens,sens_2016-07-05,2016-07-05,2021-07-02,false,true,0.75000000,0.25000000,0.60000000,QQQ<SMA200,0.01180540,0.35760321,0.01171088,0.35760321,86106.08077950,40000.00000000,46106.08077950,1.15265202,0.24984987,0.25351833,1.02040117,0.24930162,1.39531976,0.97451834,-0.25638294,,2017,0.55740393,2016,-0.07133786,0.51758055,0.39796666,,,0.48190714,0.00000000
VT TQQQ/BTAL t25 w0-70 QQQ:VOL_EWMA75,sens,sens_2016-07-05,2016-07-05,2021-07-02,false,true,0.75000000,0.25000000,0.70000000,,0.00046243,0.00236580,0.00038611,0.00222679,94138.25683950,40000.00000000,54138.25683950,1.35345642,0.29899529,0.28413732,1.09611341,0.27301200,1.49933990,1.12574906,-0.26559675,430,2017,0.64887695,2018,0.03945005,0.46022628,0.29856879,,,0.53931128,0.13516093
VT TQQQ/BTAL t25 w0-70 QQQ:VOL_EWMA75 gate QQQ<SMA200,sens,sens_2016-07-05,2016-07-05,2021-07-02,false,true,0.75000000,0.25000000,0.70000000,QQQ<SMA200,0.01174850,0.35760321,0.01167651,0.35760321,89888.46975350,40000.00000000,49888.46975350,1.24721174,0.26939076,0.26824039,1.01516252,0.27169877,1.38733642,1.06352068,-0.25330091,,2017,0.64885577,2016,-0.05497614,0.47155212,0.29865494,,,0.52798662,0.00000000
VT TQQQ/BTAL t25 w0-80 QQQ:VOL_EWMA75,sens,sens_2016-07-05,2016-07-05,2021-07-02,false,true,0.75000000,0.25000000,0.80000000,,0.00047488,0.00236580,0.00038238,0.00222679,96851.38991900,40000.00000000,56851.38991900,1.42128475,0.31516392,0.29395595,1.08390247,0.29272557,1.48230701,1.06635944,-0.29555130,453,2017,0.74355918,2018,0.02134015,0.42283767,0.19799837,,,0.57668745,0.13515989
VT TQQQ/BTAL t25 w0-80 QQQ:VOL_EWMA75 gate QQQ<SMA200,sens,sens_2016-07-05,2016-07-05,2021-07-02,false,true,0.75000000,0.25000000,0.80000000,QQQ<SMA200,0.01173119,0.35760321,0.01164327,0.35760321,92332.52662650,40000.00000000,52332.52662650,1.30831317,0.28513289,0.27746233,1.00789094,0.29150691,1.37726032,1.07327584,-0.26566599,452,2017,0.74362796,2016,-0.03350139,0.43418215,0.19789569,,,0.56535952,0.00000000
VT TQQQ/BTAL t30 w0-60 QQQ:VOL_EWMA75,sens,sens_2016-07-05,2016-07-05,2021-07-02,false,true,0.75000000,0.30000000,0.60000000,,0.00045050,0.00210076,0.00037542,0.00197707,101459.63495300,40000.00000000,61459.63495300,1.53649087,0.31784177,0.31008792,1.15762739,0.27033198,1.58247226,1.21583772,-0.26141792,307,2017,0.58397009,2018,0.05600777,0.47435689,0.39802293,,,0.52519261,0.16223971
VT TQQQ/BTAL t30 w0-60 QQQ:VOL_EWMA75 gate QQQ<SMA200,sens,sens_2016-07-05,2016-07-05,2021-07-02,false,true,0.75000000,0.30000000,0.60000000,QQQ<SMA200,0.01503281,0.42912385,0.01495223,0.42912385,95127.29841350,40000.00000000,55127.29841350,1.37818246,0.27914639,0.28774532,1.05606128,0.26731488,1.44088477,1.07349467,-0.26003519,139,2017,0.58403286,2016,-0.07133786,0.48882745,0.39796666,,,0.51063266,0.00000000
VT TQQQ/BTAL t30 w0-70 QQQ:VOL_EWMA75,sens,sens_2016-07-05,2016-07-05,2021-07-02,false,true,0.75000000,0.30000000,0.70000000,,0.00038393,0.00196299,0.00030401,0.00183615,108107.10875600,40000.00000000,68107.10875600,1.70267772,0.34417423,0.33225451,1.14517605,0.29736728,1.56189269,1.18478348,-0.29049546,329,2017,0.68257427,2018,0.03765734,0.41786292,0.29901225,,,0.58175315,0.16217415
VT TQQQ/BTAL t30 w0-70 QQQ:VOL_EWMA75 gate QQQ<SMA200,sens,sens_2016-07-05,2016-07-05,2021-07-02,false,true,0.75000000,0.30000000,0.70000000,QQQ<SMA200,0.01388017,0.42912385,0.01381436,0.42912385,102473.25093250,40000.00000000,62473.25093250,1.56183127,0.30872090,0.31354917,1.06076520,0.29519699,1.44551566,1.18737205,-0.26000351,138,2017,0.68254722,2016,-0.05490658,0.43125614,0.29863384,,,0.56829331,0.00000000
VT TQQQ/BTAL t30 w0-80 QQQ:VOL_EWMA75,sens,sens_2016-07-05,2016-07-05,2021-07-02,false,true,0.75000000,0.30000000,0.80000000,,0.00041548,0.00206940,0.00033932,0.00197864,114181.66193850,40000.00000000,74181.66193850,1.85454155,0.36740465,0.35148601,1.13727936,0.32105403,1.55124002,1.15011056,-0.31945160,440,2017,0.78139671,2018,0.01281223,0.36979883,0.19802136,,,0.62978570,0.16222604
VT TQQQ/BTAL t30 w0-80 QQQ:VOL_EWMA75 gate QQQ<SMA200,sens,sens_2016-07-05,2016-07-05,2021-07-02,false,true,0.75000000,0.30000000,0.80000000,QQQ<SMA200,0.01384159,0.42912385,0.01377326,0.42912385,108052.04173450,40000.00000000,68052.04173450,1.70130104,0.33134645,0.33207588,1.05853820,0.31905421,1.44280507,1.21985025,-0.27162879,436,2017,0.78135155,2016,-0.03825433,0.38324883,0.19789569,,,0.61632797,0.00000000
VT TQQQ/BTAL t35 w0-60 QQQ:VOL_EWMA75,sens,sens_2016-07-05,2016-07-05,2021-07-02,false,true,0.75000000,0.35000000,0.60000000,,0.00038832,0.00156019,0.00032341,0.00144551,110630.72339400,40000.00000000,70630.72339400,1.76576808,0.34596919,0.34035644,1.18758841,0.28469091,1.62811175,1.16736365,-0.29636797,140,2017,0.60012881,2018,0.03300300,0.45205996,0.39889290,,,0.54755172,0.18924701
VT TQQQ/BTAL t35 w0-60 QQQ:VOL_EWMA75 gate QQQ<SMA200,sens,sens_2016-07-05,2016-07-05,2021-07-02,false,true,0.75000000,0.35000000,0.60000000,QQQ<SMA200,0.01754480,0.50064449,0.01746022,0.50064449,102645.49575400,40000.00000000,62645.49575400,1.56613739,0.30055882,0.31413434,1.07922690,0.28028739,1.47635771,1.01415677,-0.29636327,140,2017,0.60012399,2016,-0.07133786,0.46900855,0.39796666,,,0.53045793,0.00000000
VT TQQQ/BTAL t35 w0-70 QQQ:VOL_EWMA75,sens,sens_2016-07-05,2016-07-05,2021-07-02,false,true,0.75000000,0.35000000,0.70000000,,0.00042769,0.00156019,0.00035600,0.00144551,121664.67665100,40000.00000000,81664.67665100,2.04161692,0.38386917,0.37398067,1.18497487,0.31719889,1.61513861,1.21724404,-0.31535925,315,2017,0.71107163,2018,0.02989108,0.38682884,0.29877835,,,0.61274347,0.18924441
VT TQQQ/BTAL t35 w0-70 QQQ:VOL_EWMA75 gate QQQ<SMA200,sens,sens_2016-07-05,2016-07-05,2021-07-02,false,true,0.75000000,0.35000000,0.70000000,QQQ<SMA200,0.01689898,0.50064449,0.01681777,0.50064449,113390.48500950,40000.00000000,73390.48500950,1.83476213,0.33946876,0.34903280,1.09111029,0.31348984,1.48481083,1.10521916,-0.30715063,140,2017,0.71096084,2016,-0.05490658,0.40324324,0.29863384,,,0.59627677,0.00000000
VT TQQQ/BTAL t35 w0-80 QQQ:VOL_EWMA75,sens,sens_2016-07-05,2016-07-05,2021-07-02,false,true,0.75000000,0.35000000,0.80000000,,0.00034327,0.00156019,0.00027537,0.00144551,129288.71890300,40000.00000000,89288.71890300,2.23221797,0.40981477,0.39568977,1.16803922,0.34607327,1.58931338,1.19372391,-0.34330783,432,2017,0.81635998,2018,0.01037572,0.32958643,0.19891286,,,0.67007031,0.18929452
VT TQQQ/BTAL t35 w0-80 QQQ:VOL_EWMA75 gate QQQ<SMA200,sens,sens_2016-07-05,2016-07-05,2021-07-02,false,true,0.75000000,0.35000000,0.80000000,QQQ<SMA200,0.01593821,0.50064449,0.01586812,0.50064449,121560.22137150,40000.00000000,81560.22137150,2.03900553,0.36811239,0.37367510,1.08737382,0.34317420,1.47842964,1.19844443,-0.30715850,140,2017,0.81634105,2016,-0.03825433,0.34506779,0.19789569,,,0.65450892,0.00000000
VT TQQQ/BTAL t25 w0-60 QQQ:VOL_EWMA80,sens,sens_2016-07-05,2016-07-05,2021-07-02,false,true,0.80000000,0.25000000,0.60000000,,0.00045206,0.00182164,0.00036654,0.00175911,88866.87892850,40000.00000000,48866.87892850,1.22167197,0.27515154,0.26431939,1.09782097,0.25019000,1.50331351,1.09882222,-0.25040587,,2017,0.56096354,2016,0.03488252,0.50727867,0.39824089,,,0.49226927,0.12425734
VT TQQQ/BTAL t25 w0-60 QQQ:VOL_EWMA80 gate QQQ<SMA200,sens,sens_2016-07-05,2016-07-05,2021-07-02,false,true,0.80000000,0.25000000,0.60000000,QQQ<SMA200,0.01120241,0.34407501,0.01112515,0.34407501,85554.65236900,40000.00000000,45554.65236900,1.13886631,0.24849099,0.25132398,1.01677443,0.24905526,1.39112053,0.99244472,-0.25038270,,2017,0.56102495,2016,-0.07133786,0.51796496,0.39796666,,,0.48153106,0.00000000
VT TQQQ/BTAL t25 w0-70 QQQ:VOL_EWMA80,sens,sens_2016-07-05,2016-07-05,2021-07-02,false,true,0.80000000,0.25000000,0.70000000,,0.00044038,0.00192473,0.00036664,0.00183816,91306.94959000,40000.00000000,51306.94959000,1.28267374,0.29048798,0.27361939,1.07528643,0.27189683,1.47002978,1.10796954,-0.26218047,430,2017,0.65290093,2018,0.04704993,0.46367792,0.29816184,,,0.53588170,0.12422613
VT TQQQ/BTAL t25 w0-70 QQQ:VOL_EWMA80 gate QQQ<SMA200,sens,sens_2016-07-05,2016-07-05,2021-07-02,false,true,0.80000000,0.25000000,0.70000000,QQQ<SMA200,0.01113764,0.34407501,0.01105989,0.34407501,87780.91746150,40000.00000000,47780.91746150,1.19452294,0.26344927,0.26010701,1.00013255,0.27085327,1.36628634,1.04123938,-0.25301509,,2017,0.65286773,2016,-0.05380405,0.47442751,0.29873359,,,0.52512957,0.00000000
VT TQQQ/BTAL t25 w0-80 QQQ:VOL_EWMA80,sens,sens_2016-07-05,2016-07-05,2021-07-02,false,true,0.80000000,0.25000000,0.80000000,,0.00042204,0.00172703,0.00034682,0.00152899,93536.32013300,40000.00000000,53536.32013300,1.33840800,0.30524545,0.28192496,1.06327977,0.29071928,1.45320979,1.04430929,-0.29229411,469,2017,0.74844794,2018,0.02883637,0.42818695,0.19877456,,,0.57139100,0.12426225
VT TQQQ/BTAL t25 w0-80 QQQ:VOL_EWMA80 gate QQQ<SMA200,sens,sens_2016-07-05,2016-07-05,2021-07-02,false,true,0.80000000,0.25000000,0.80000000,QQQ<SMA200,0.01110745,0.34407501,0.01102372,0.34407501,89804.77014800,40000.00000000,49804.77014800,1.24511925,0.27791404,0.26792064,0.99275994,0.28974895,1.35598314,1.04602124,-0.26568681,453,2017,0.74847629,2016,-0.03214863,0.43892203,0.19789569,,,0.56065507,0.00000000
VT TQQQ/BTAL t30 w0-60 QQQ:VOL_EWMA80,sens,sens_2016-07-05,2016-07-05,2021-07-02,false,true,0.80000000,0.30000000,0.60000000,,0.00041344,0.00192721,0.00032770,0.00172398,100766.01418450,40000.00000000,60766.01418450,1.51915035,0.31566716,0.30770174,1.15235380,0.27007836,1.57435551,1.16288729,-0.27145121,140,2017,0.58817641,2016,0.05620391,0.47525639,0.39827602,,,0.52433017,0.14912453
VT TQQQ/BTAL t30 w0-60 QQQ:VOL_EWMA80 gate QQQ<SMA200,sens,sens_2016-07-05,2016-07-05,2021-07-02,false,true,0.80000000,0.30000000,0.60000000,QQQ<SMA200,0.01425699,0.41289002,0.01417223,0.41289002,95228.39749650,40000.00000000,55228.39749650,1.38070994,0.27988711,0.28811225,1.05750641,0.26756408,1.44247448,1.03126191,-0.27140255,140,2017,0.58812656,2016,-0.07133786,0.48893379,0.39796666,,,0.51054450,0.00000000
VT TQQQ/BTAL t30 w0-70 QQQ:VOL_EWMA80,sens,sens_2016-07-05,2016-07-05,2021-07-02,false,true,0.80000000,0.30000000,0.70000000,,0.00040213,0.00177502,0.00032384,0.00161492,107367.89879600,40000.00000000,67367.89879600,1.68419747,0.34199880,0.32984984,1.14272997,0.29629696,1.55963206,1.19363263,-0.28651932,320,2017,0.68713022,2018,0.04658442,0.41883140,0.29838508,,,0.58076646,0.14910348
VT TQQQ/BTAL t30 w0-70 QQQ:VOL_EWMA80 gate QQQ<SMA200,sens,sens_2016-07-05,2016-07-05,2021-07-02,false,true,0.80000000,0.30000000,0.70000000,QQQ<SMA200,0.01323087,0.41289002,0.01315901,0.41289002,102471.86637400,40000.00000000,62471.86637400,1.56179666,0.30915092,0.31354446,1.06363528,0.29450814,1.45072181,1.13891822,-0.27144260,140,2017,0.68708437,2016,-0.05490658,0.43156907,0.29863384,,,0.56796469,0.00000000
VT TQQQ/BTAL t30 w0-80 QQQ:VOL_EWMA80,sens,sens_2016-07-05,2016-07-05,2021-07-02,false,true,0.80000000,0.30000000,0.80000000,,0.00045009,0.00173645,0.00036968,0.00156754,110139.74695550,40000.00000000,70139.74695550,1.75349367,0.35674148,0.33879300,1.11527782,0.32007372,1.52020539,1.13030921,-0.31561406,443,2017,0.78651671,2018,0.02160033,0.37286161,0.19843246,,,0.62668830,0.14909830
VT TQQQ/BTAL t30 w0-80 QQQ:VOL_EWMA80 gate QQQ<SMA200,sens,sens_2016-07-05,2016-07-05,2021-07-02,false,true,0.80000000,0.30000000,0.80000000,QQQ<SMA200,0.01319095,0.41289002,0.01310814,0.41289002,104974.08989050,40000.00000000,64974.08989050,1.62435225,0.32358643,0.32196142,1.04163530,0.31841249,1.41903975,1.19073172,-0.27175427,440,2017,0.78660096,2016,-0.03825433,0.38567816,0.19789569,,,0.61387955,0.00000000
VT TQQQ/BTAL t35 w0-60 QQQ:VOL_EWMA80,sens,sens_2016-07-05,2016-07-05,2021-07-02,false,true,0.80000000,0.35000000,0.60000000,,0.00047925,0.00205504,0.00039071,0.00185047,110508.46439350,40000.00000000,70508.46439350,1.76271161,0.34518386,0.33996769,1.18754670,0.28405669,1.62822556,1.14252135,-0.30212465,141,2017,0.60012972,2018,0.04294007,0.45350203,0.39814953,,,0.54601872,0.17393095
VT TQQQ/BTAL t35 w0-60 QQQ:VOL_EWMA80 gate QQQ<SMA200,sens,sens_2016-07-05,2016-07-05,2021-07-02,false,true,0.80000000,0.35000000,0.60000000,QQQ<SMA200,0.01681819,0.48170502,0.01672926,0.48170502,103195.28165500,40000.00000000,63195.28165500,1.57988204,0.30230004,0.31599634,1.08416476,0.28023116,1.48366408,1.00052877,-0.30214028,141,2017,0.60012399,2016,-0.07133786,0.46978333,0.39796666,,,0.52968773,0.00000000
VT TQQQ/BTAL t35 w0-70 QQQ:VOL_EWMA80,sens,sens_2016-07-05,2016-07-05,2021-07-02,false,true,0.80000000,0.35000000,0.70000000,,0.00044044,0.00158997,0.00036182,0.00141698,120675.72674350,40000.00000000,80675.72674350,2.01689317,0.38120087,0.37107833,1.17979278,0.31687277,1.60688071,1.19241991,-0.31968677,141,2017,0.71617818,2018,0.04039110,0.38781994,0.29861215,,,0.61173962,0.17398131
VT TQQQ/BTAL t35 w0-70 QQQ:VOL_EWMA80 gate QQQ<SMA200,sens,sens_2016-07-05,2016-07-05,2021-07-02,false,true,0.80000000,0.35000000,0.70000000,QQQ<SMA200,0.01601956,0.48170502,0.01595575,0.48170502,113366.07640500,40000.00000000,73366.07640500,1.83415191,0.33991278,0.34895688,1.09155983,0.31374410,1.48479331,1.06319746,-0.31970805,141,2017,0.71599918,2016,-0.05490658,0.40343290,0.29863384,,,0.59612260,0.00000000
VT TQQQ/BTAL t35 w0-80 QQQ:VOL_EWMA80,sens,sens_2016-07-05,2016-07-05,2021-07-02,false,true,0.80000000,0.35000000,0.80000000,,0.00040796,0.00157436,0.00032668,0.00141698,128711.05246300,40000.00000000,88711.05246300,2.21777631,0.40822936,0.39408448,1.16808926,0.34466033,1.59029830,1.20472361,-0.33885727,432,2017,0.82177502,2018,0.02072846,0.33071204,0.19872676,,,0.66888000,0.17399645
VT TQQQ/BTAL t35 w0-80 QQQ:VOL_EWMA80 gate QQQ<SMA200,sens,sens_2016-07-05,2016-07-05,2021-07-02,false,true,0.80000000,0.35000000,0.80000000,QQQ<SMA200,0.01523012,0.48170502,0.01514450,0.48170502,121815.31177400,40000.00000000,81815.31177400,2.04538279,0.36920259,0.37442095,1.09175629,0.34220648,1.48553351,1.15470701,-0.31973703,141,2017,0.82189018,2016,-0.03825433,0.34552934,0.19789569,,,0.65404082,0.00000000
VT TQQQ/BTAL t25 w0-60 QQQ:VOL_EWMA85,sens,sens_2016-07-05,2016-07-05,2021-07-02,false,true,0.85000000,0.25000000,0.60000000,,0.00051747,0.00182719,0.00042388,0.00169288,86233.95408550,40000.00000000,46233.95408550,1.15584885,0.26761338,0.25402539,1.07719981,0.24924609,1.47551749,1.07470764,-0.24901040,,2017,0.56722563,2016,0.03424682,0.50995428,0.39830712,,,0.48952825,0.11473987
VT TQQQ/BTAL t25 w0-60 QQQ:VOL_EWMA85 gate QQQ<SMA200,sens,sens_2016-07-05,2016-07-05,2021-07-02,false,true,0.85000000,0.25000000,0.60000000,QQQ<SMA200,0.01086349,0.34156079,0.01077129,0.34156079,82830.53473200,40000.00000000,42830.53473200,1.07076337,0.24042921,0.24029439,0.99300589,0.24829042,1.35878234,0.96555418,-0.24900644,,2017,0.56715188,2016,-0.07133786,0.52031848,0.39796666,,,0.47915054,0.00000000
VT TQQQ/BTAL t25 w0-70 QQQ:VOL_EWMA85,sens,sens_2016-07-05,2016-07-05,2021-07-02,false,true,0.85000000,0.25000000,0.70000000,,0.00041888,0.00175378,0.00033829,0.00167221,88114.12139050,40000.00000000,48114.12139050,1.20285303,0.28121942,0.26140441,1.05210294,0.27072533,1.43789319,1.08674459,-0.25877232,436,2017,0.65971454,2016,0.05530493,0.46801464,0.29836527,,,0.53156648,0.11472635
VT TQQQ/BTAL t25 w0-70 QQQ:VOL_EWMA85 gate QQQ<SMA200,sens,sens_2016-07-05,2016-07-05,2021-07-02,false,true,0.85000000,0.25000000,0.70000000,QQQ<SMA200,0.01076595,0.34156079,0.01068589,0.34156079,84527.49055700,40000.00000000,44527.49055700,1.11318726,0.25376214,0.24720257,0.97431097,0.26984109,1.33042981,1.01323837,-0.25044664,,2017,0.65972355,2016,-0.05239725,0.47838095,0.29827168,,,0.52118304,0.00000000
VT TQQQ/BTAL t25 w0-80 QQQ:VOL_EWMA85,sens,sens_2016-07-05,2016-07-05,2021-07-02,false,true,0.85000000,0.25000000,0.80000000,,0.00042154,0.00175378,0.00034465,0.00167221,89689.41745050,40000.00000000,49689.41745050,1.24223544,0.29399396,0.26747952,1.03706869,0.28931412,1.41662772,1.01717283,-0.28903049,474,2017,0.75570713,2018,0.03738096,0.43398906,0.19886430,,,0.56558939,0.11471103
VT TQQQ/BTAL t25 w0-80 QQQ:VOL_EWMA85 gate QQQ<SMA200,sens,sens_2016-07-05,2016-07-05,2021-07-02,false,true,0.85000000,0.25000000,0.80000000,QQQ<SMA200,0.01080675,0.34156079,0.01071955,0.34156079,85934.56060950,40000.00000000,45934.56060950,1.14836402,0.26628558,0.25283713,0.96411845,0.28848358,1.31601868,1.00206675,-0.26573637,474,2017,0.75578708,2016,-0.03072957,0.44430136,0.19789569,,,0.55521169,0.00000000
VT TQQQ/BTAL t30 w0-60 QQQ:VOL_EWMA85,sens,sens_2016-07-05,2016-07-05,2021-07-02,false,true,0.85000000,0.30000000,0.60000000,,0.00043303,0.00217697,0.00035841,0.00211905,98847.50529000,40000.00000000,58847.50529000,1.47118763,0.31060568,0.30102529,1.13866169,0.26989392,1.55557156,1.07306014,-0.28945785,166,2017,0.59258249,2016,0.05550692,0.47659391,0.39816302,,,0.52297306,0.13762076
VT TQQQ/BTAL t30 w0-60 QQQ:VOL_EWMA85 gate QQQ<SMA200,sens,sens_2016-07-05,2016-07-05,2021-07-02,false,true,0.85000000,0.30000000,0.60000000,QQQ<SMA200,0.01364015,0.40987295,0.01355305,0.40987295,93374.51524700,40000.00000000,53374.51524700,1.33436288,0.27484404,0.28132811,1.04220964,0.26774690,1.42152407,0.94973439,-0.28939042,166,2017,0.59262535,2016,-0.07133786,0.48966970,0.39796666,,,0.50980470,0.00000000
VT TQQQ/BTAL t30 w0-70 QQQ:VOL_EWMA85,sens,sens_2016-07-05,2016-07-05,2021-07-02,false,true,0.85000000,0.30000000,0.70000000,,0.00042207,0.00217697,0.00034274,0.00211905,103673.34063500,40000.00000000,63673.34063500,1.59183352,0.33281497,0.31760833,1.12323469,0.29495656,1.53342671,1.14998602,-0.28940784,166,2017,0.69496071,2018,0.05749083,0.42218029,0.29862226,,,0.57739764,0.13770858
VT TQQQ/BTAL t30 w0-70 QQQ:VOL_EWMA85 gate QQQ<SMA200,sens,sens_2016-07-05,2016-07-05,2021-07-02,false,true,0.85000000,0.30000000,0.70000000,QQQ<SMA200,0.01281057,0.40987295,0.01273262,0.40987295,98677.40117850,40000.00000000,58677.40117850,1.46693503,0.29939240,0.30042781,1.04095762,0.29340849,1.41993563,1.03451859,-0.28940263,166,2017,0.69488872,2016,-0.05490658,0.43449173,0.29863384,,,0.56502519,0.00000000
VT TQQQ/BTAL t30 w0-80 QQQ:VOL_EWMA85,sens,sens_2016-07-05,2016-07-05,2021-07-02,false,true,0.85000000,0.30000000,0.80000000,,0.00046921,0.00217697,0.00039466,0.00211905,105449.92508050,40000.00000000,65449.92508050,1.63624813,0.34483489,0.32354199,1.08988638,0.31916236,1.48493646,1.10634777,-0.31168761,446,2017,0.79533659,2018,0.03229057,0.37675222,0.19865292,,,0.62277857,0.13767395
VT TQQQ/BTAL t30 w0-80 QQQ:VOL_EWMA85 gate QQQ<SMA200,sens,sens_2016-07-05,2016-07-05,2021-07-02,false,true,0.85000000,0.30000000,0.80000000,QQQ<SMA200,0.01277776,0.40987295,0.01269927,0.40987295,100230.30087650,40000.00000000,60230.30087650,1.50575752,0.31113543,0.30584884,1.01339604,0.31773139,1.37976955,1.07513126,-0.28939297,166,2017,0.79535723,2016,-0.03742270,0.38912735,0.19789569,,,0.61040944,0.00000000
VT TQQQ/BTAL t35 w0-60 QQQ:VOL_EWMA85,sens,sens_2016-07-05,2016-07-05,2021-07-02,false,true,0.85000000,0.35000000,0.60000000,,0.00039419,0.00156617,0.00031961,0.00144209,109770.93389600,40000.00000000,69770.93389600,1.74427335,0.34337082,0.33761454,1.18232321,0.28420971,1.62065346,1.10076057,-0.31193961,141,2017,0.60014745,2018,0.05045413,0.45525535,0.39855791,,,0.54435046,0.16064978
VT TQQQ/BTAL t35 w0-60 QQQ:VOL_EWMA85 gate QQQ<SMA200,sens,sens_2016-07-05,2016-07-05,2021-07-02,false,true,0.85000000,0.35000000,0.60000000,QQQ<SMA200,0.01630223,0.47818510,0.01621711,0.47818510,102161.74979000,40000.00000000,62161.74979000,1.55404374,0.29952255,0.31248870,1.07502054,0.28077253,1.47040427,0.96007922,-0.31197691,141,2017,0.60012399,2016,-0.07133786,0.47097761,0.39796666,,,0.52850323,0.00000000
VT TQQQ/BTAL t35 w0-70 QQQ:VOL_EWMA85,sens,sens_2016-07-05,2016-07-05,2021-07-02,false,true,0.85000000,0.35000000,0.70000000,,0.00038057,0.00122448,0.00030728,0.00110459,117992.20186150,40000.00000000,77992.20186150,1.94980505,0.37499169,0.36309682,1.16644610,0.31654087,1.58837612,1.10454487,-0.33949883,169,2017,0.72174937,2018,0.05142609,0.38946823,0.29889541,,,0.61015120,0.16060290
VT TQQQ/BTAL t35 w0-70 QQQ:VOL_EWMA85 gate QQQ<SMA200,sens,sens_2016-07-05,2016-07-05,2021-07-02,false,true,0.85000000,0.35000000,0.70000000,QQQ<SMA200,0.01529070,0.47818510,0.01522010,0.47818510,110787.28860200,40000.00000000,70787.28860200,1.76968222,0.33377564,0.34085371,1.07657711,0.31388199,1.46411561,0.98320858,-0.33947593,169,2017,0.72160160,2016,-0.05490658,0.40429067,0.29863384,,,0.59526273,0.00000000
VT TQQQ/BTAL t35 w0-80 QQQ:VOL_EWMA85,sens,sens_2016-07-05,2016-07-05,2021-07-02,false,true,0.85000000,0.35000000,0.80000000,,0.00035031,0.00162540,0.00027655,0.00157499,123837.02654150,40000.00000000,83837.02654150,2.09592566,0.39761845,0.38028443,1.14992814,0.34300756,1.56577454,1.17113465,-0.33951557,169,2017,0.83153953,2018,0.03334808,0.33451805,0.19842501,,,0.66513164,0.16063168
VT TQQQ/BTAL t35 w0-80 QQQ:VOL_EWMA85 gate QQQ<SMA200,sens,sens_2016-07-05,2016-07-05,2021-07-02,false,true,0.85000000,0.35000000,0.80000000,QQQ<SMA200,0.01469638,0.47818510,0.01461792,0.47818510,116810.91181600,40000.00000000,76810.91181600,1.92027280,0.35788959,0.35953294,1.07028933,0.34086432,1.45629658,1.05412469,-0.33951353,169,2017,0.83161849,2016,-0.03825433,0.34879053,0.19789569,,,0.65079914,0.00000000
50/50,sens,sens_2016-07-05,2016-07-05,2021-07-02,true,true,,,,,0.00043574,0.00215963,0.00034569,0.00209000,114269.96508650,40000.00000000,74269.96508650,1.85674913,0.34421303,0.35175888,1.14624132,0.29689465,1.60152841,0.91239129,-0.37726471,133,2019,0.60434576,2018,0.01079974,0.49966772,0.49791000,,,0.49989654,0.49978700
TQQQ60/BTAL40,sens,sens_2016-07-05,2016-07-05,2021-07-02,true,true,,,,,0.00042981,0.00183548,0.00036518,0.00167200,143643.35691800,40000.00000000,103643.35691800,2.59108392,0.42739240,0.43370715,1.16921897,0.36070842,1.62787295,0.94664720,-0.45148013,134,2019,0.74295361,2018,-0.02637872,0.39965722,0.39832800,,,0.59991297,0.59979635
TQQQ50/BTAL50 gate QQQ<SMA200,sens,sens_2016-07-05,2016-07-05,2021-07-02,true,true,,,,,0.02121378,0.50000000,0.02112465,0.50000000,98239.37498050,40000.00000000,58239.37498050,1.45598437,0.27492099,0.29888506,0.99693313,0.28470518,1.37604078,0.72870180,-0.37727503,138,2017,0.47775539,2016,-0.08790457,0.52035374,0.49808905,,,0.47913185,0.00000000
SPY benchmark,sens,sens_2016-07-05,2016-07-05,2021-07-02,true,true,,,,,0.00521607,0.02047300,0.00521607,0.02047300,67074.00000000,40000.00000000,27074.00000000,0.67685000,0.15732109,0.16923498,0.87735536,0.18649523,1.20586396,0.46376754,-0.33922401,181,2019,0.28599910,2018,-0.06319935,,,0.99478393,0.97952700,,
VT TQQQ/BTAL t25 w0-60 QQQ:VOL_EWMA70,sens,sens_2017-01-03,2017-01-03,2022-01-03,false,true,0.70000000,0.25000000,0.60000000,,0.00040932,0.00101799,0.00030843,0.00091321,96972.47181550,40000.00000000,56972.47181550,1.42431180,0.31108313,0.29373819,1.20176645,0.25233961,1.65030583,1.17677395,-0.26435250,355,2017,0.53775880,2022,0.01325399,0.50914171,0.39908679,,,0.49044898,0.14612859
VT TQQQ/BTAL t25 w0-60 QQQ:VOL_EWMA70 gate QQQ<SMA200,sens,sens_2017-01-03,2017-01-03,2022-01-03,false,true,0.70000000,0.25000000,0.60000000,QQQ<SMA200,0.00618436,0.13292941,0.00610469,0.13292941,96151.91601550,40000.00000000,56151.91601550,1.40379790,0.30899829,0.29080450,1.20358733,0.25018168,1.65328420,1.16876617,-0.26437991,355,2017,0.53775880,2022,0.01326417,0.51498058,0.39908679,,,0.48464182,0.11515413
VT TQQQ/BTAL t25 w0-70 QQQ:VOL_EWMA70,sens,sens_2017-01-03,2017-01-03,2022-01-03,false,true,0.70000000,0.25000000,0.70000000,,0.00046213,0.00157524,0.00035862,0.00150749,102074.72357050,40000.00000000,62074.72357050,1.55186809,0.33191717,0.31150182,1.18148751,0.27521157,1.61861108,1.23263564,-0.26927436,427,2017,0.62190913,2022,0.01449547,0.46369170,0.29849251,,,0.53584617,0.14610796
VT TQQQ/BTAL t25 w0-70 QQQ:VOL_EWMA70 gate QQQ<SMA200,sens,sens_2017-01-03,2017-01-03,2022-01-03,false,true,0.70000000,0.25000000,0.70000000,QQQ<SMA200,0.00625199,0.13289000,0.00616565,0.13289000,101208.24112050,40000.00000000,61208.24112050,1.53020603,0.32980201,0.30854131,1.18219658,0.27324143,1.61993055,1.28029458,-0.25759853,324,2017,0.62190913,2022,0.01449568,0.46951393,0.29849251,,,0.53004325,0.11524085
VT TQQQ/BTAL t25 w0-80 QQQ:VOL_EWMA70,sens,sens_2017-01-03,2017-01-03,2022-01-03,false,true,0.70000000,0.25000000,0.80000000,,0.00038083,0.00157069,0.00029318,0.00157032,104884.31989250,40000.00000000,64884.31989250,1.62210800,0.34364466,0.32095115,1.15205241,0.29477510,1.57641097,1.14875315,-0.29914578,451,2017,0.68855228,2022,0.01449543,0.42911953,0.19842968,,,0.57049964,0.14616778
VT TQQQ/BTAL t25 w0-80 QQQ:VOL_EWMA70 gate QQQ<SMA200,sens,sens_2017-01-03,2017-01-03,2022-01-03,false,true,0.70000000,0.25000000,0.80000000,QQQ<SMA200,0.00618112,0.13274855,0.00609248,0.13274855,104004.51219250,40000.00000000,64004.51219250,1.60011280,0.34154407,0.31801641,1.15211095,0.29292685,1.57676923,1.25002807,-0.27322913,324,2017,0.68855228,2022,0.01449752,0.43492725,0.19842968,,,0.56468868,0.11517804
VT TQQQ/BTAL t30 w0-60 QQQ:VOL_EWMA70,sens,sens_2017-01-03,2017-01-03,2022-01-03,false,true,0.70000000,0.30000000,0.60000000,,0.00041293,0.00101799,0.00031817,0.00091321,109686.63841950,40000.00000000,69686.63841950,1.74216596,0.34993765,0.33659799,1.23865940,0.27284524,1.70026549,1.31560279,-0.26599035,308,2017,0.56412657,2022,0.01325521,0.47521649,0.39908679,,,0.52437058,0.17538688
VT TQQQ/BTAL t30 w0-60 QQQ:VOL_EWMA70 gate QQQ<SMA200,sens,sens_2017-01-03,2017-01-03,2022-01-03,false,true,0.70000000,0.30000000,0.60000000,QQQ<SMA200,0.00822638,0.15822581,0.00815419,0.15822581,107586.30051950,40000.00000000,67586.30051950,1.68965751,0.34423797,0.32983041,1.23642703,0.26908336,1.69668834,1.31222384,-0.26233175,324,2017,0.56412657,2022,0.01326606,0.48317226,0.39908679,,,0.51648918,0.14068031
VT TQQQ/BTAL t30 w0-70 QQQ:VOL_EWMA70,sens,sens_2017-01-03,2017-01-03,2022-01-03,false,true,0.70000000,0.30000000,0.70000000,,0.00048046,0.00177740,0.00038433,0.00165000,115661.68293600,40000.00000000,75661.68293600,1.89154207,0.37256639,0.35524638,1.20880914,0.29987318,1.65075305,1.26354200,-0.29485873,329,2017,0.65589464,2022,0.01716259,0.42067322,0.29835000,,,0.57884631,0.17540830
VT TQQQ/BTAL t30 w0-70 QQQ:VOL_EWMA70 gate QQQ<SMA200,sens,sens_2017-01-03,2017-01-03,2022-01-03,false,true,0.70000000,0.30000000,0.70000000,QQQ<SMA200,0.00729041,0.15805349,0.00720285,0.15805349,114804.45743600,40000.00000000,74804.45743600,1.87011144,0.37094280,0.35262361,1.21374866,0.29695606,1.65802733,1.38262010,-0.26828975,324,2017,0.65589464,2022,0.01716425,0.42756967,0.29835000,,,0.57199029,0.14079028
VT TQQQ/BTAL t30 w0-80 QQQ:VOL_EWMA70,sens,sens_2017-01-03,2017-01-03,2022-01-03,false,true,0.70000000,0.30000000,0.80000000,,0.00039403,0.00142739,0.00030262,0.00132294,122070.26637800,40000.00000000,82070.26637800,2.05175666,0.39479442,0.37433252,1.19287020,0.32370645,1.62667105,1.21981099,-0.32365213,436,2017,0.74680686,2018,0.00664212,0.37376515,0.19867706,,,0.62584082,0.17541571
VT TQQQ/BTAL t30 w0-80 QQQ:VOL_EWMA70 gate QQQ<SMA200,sens,sens_2017-01-03,2017-01-03,2022-01-03,false,true,0.70000000,0.30000000,0.80000000,QQQ<SMA200,0.00724558,0.15794624,0.00715923,0.15794624,121163.70672800,40000.00000000,81163.70672800,2.02909267,0.39314303,0.37168656,1.19644584,0.32102083,1.63193810,1.44501320,-0.27206882,432,2017,0.74680686,2022,0.01941970,0.38060952,0.19867706,,,0.61898894,0.14087212
VT TQQQ/BTAL t35 w0-60 QQQ:VOL_EWMA70,sens,sens_2017-01-03,2017-01-03,2022-01-03,false,true,0.70000000,0.35000000,0.60000000,,0.00036769,0.00114540,0.00028880,0.00092996,120045.59653500,40000.00000000,80045.59653500,2.00113991,0.37754232,0.36839923,1.25873677,0.28800842,1.73210297,1.28835910,-0.29304122,138,2019,0.58774777,2022,0.01326108,0.45218452,0.39907004,,,0.54744779,0.20467689
VT TQQQ/BTAL t35 w0-60 QQQ:VOL_EWMA70 gate QQQ<SMA200,sens,sens_2017-01-03,2017-01-03,2022-01-03,false,true,0.70000000,0.35000000,0.60000000,QQQ<SMA200,0.00968240,0.18317168,0.00961232,0.18317168,117349.37478500,40000.00000000,77349.37478500,1.93373437,0.37076130,0.36036070,1.25922408,0.28278371,1.73208638,1.26505038,-0.29308027,140,2017,0.58186717,2022,0.01326534,0.46155890,0.39907004,,,0.53809939,0.16724847
VT TQQQ/BTAL t35 w0-70 QQQ:VOL_EWMA70,sens,sens_2017-01-03,2017-01-03,2022-01-03,false,true,0.70000000,0.35000000,0.70000000,,0.00044347,0.00177740,0.00035740,0.00165000,130593.92312450,40000.00000000,90593.92312450,2.26484808,0.41193188,0.39840627,1.23935142,0.32061172,1.69344353,1.28530376,-0.32049379,317,2017,0.68378314,2022,0.01716107,0.38775561,0.29835000,,,0.61180092,0.20465059
VT TQQQ/BTAL t35 w0-70 QQQ:VOL_EWMA70 gate QQQ<SMA200,sens,sens_2017-01-03,2017-01-03,2022-01-03,false,true,0.70000000,0.35000000,0.70000000,QQQ<SMA200,0.00914785,0.18287876,0.00906918,0.18287876,128617.35707450,40000.00000000,88617.35707450,2.21543393,0.40767926,0.39294836,1.24279014,0.31614565,1.69765690,1.36367139,-0.29895711,140,2017,0.68378314,2022,0.01715856,0.39646112,0.29835000,,,0.60308760,0.16725504
VT TQQQ/BTAL t35 w0-80 QQQ:VOL_EWMA70,sens,sens_2017-01-03,2017-01-03,2022-01-03,false,true,0.70000000,0.35000000,0.80000000,,0.00040468,0.00142739,0.00031801,0.00132294,136990.06454250,40000.00000000,96990.06454250,2.42475161,0.43323717,0.41558923,1.20754987,0.34974253,1.64296044,1.24390145,-0.34828898,432,2017,0.78145619,2018,0.00281084,0.33244650,0.19867706,,,0.66714882,0.20461365
VT TQQQ/BTAL t35 w0-80 QQQ:VOL_EWMA70 gate QQQ<SMA200,sens,sens_2017-01-03,2017-01-03,2022-01-03,false,true,0.70000000,0.35000000,0.80000000,QQQ<SMA200,0.00822320,0.18251664,0.00814358,0.18251664,136240.55689250,40000.00000000,96240.55689250,2.40601392,0.43241198,0.41361218,1.21486372,0.34612093,1.65323874,1.44604600,-0.29903058,138,2017,0.78145619,2022,0.02106270,0.34029598,0.19867706,,,0.65930945,0.16741049
VT TQQQ/BTAL t25 w0-60 QQQ:VOL_EWMA75,sens,sens_2017-01-03,2017-01-03,2022-01-03,false,true,0.75000000,0.25000000,0.60000000,,0.00044769,0.00110768,0.00034174,0.00095902,96647.43416950,40000.00000000,56647.43416950,1.41618585,0.31030448,0.29257874,1.20103196,0.25190294,1.65015101,1.21026978,-0.25639282,355,2017,0.53954120,2022,0.01196294,0.50969584,0.39908679,,,0.48985647,0.13516599
VT TQQQ/BTAL t25 w0-60 QQQ:VOL_EWMA75 gate QQQ<SMA200,sens,sens_2017-01-03,2017-01-03,2022-01-03,false,true,0.75000000,0.25000000,0.60000000,QQQ<SMA200,0.00592653,0.14334129,0.00583319,0.14334129,96285.12486950,40000.00000000,56285.12486950,1.40712812,0.30957144,0.29128226,1.20580571,0.25005507,1.65747676,1.20730007,-0.25641632,355,2017,0.53954120,2022,0.01197468,0.51520491,0.39908679,,,0.48436472,0.11843855
VT TQQQ/BTAL t25 w0-70 QQQ:VOL_EWMA75,sens,sens_2017-01-03,2017-01-03,2022-01-03,false,true,0.75000000,0.25000000,0.70000000,,0.00047316,0.00177740,0.00037948,0.00165000,99948.11861000,40000.00000000,59948.11861000,1.49870297,0.32600573,0.30419563,1.16920311,0.27400184,1.60147492,1.22740664,-0.26560532,430,2017,0.62471155,2022,0.01197074,0.46699904,0.29835000,,,0.53252780,0.13512246
VT TQQQ/BTAL t25 w0-70 QQQ:VOL_EWMA75 gate QQQ<SMA200,sens,sens_2017-01-03,2017-01-03,2022-01-03,false,true,0.75000000,0.25000000,0.70000000,QQQ<SMA200,0.00598141,0.14324016,0.00588285,0.14324016,99559.55336000,40000.00000000,59559.55336000,1.48898883,0.32522710,0.30284584,1.17266807,0.27229066,1.60677945,1.28351178,-0.25338848,324,2017,0.62471155,2022,0.01197297,0.47250223,0.29835000,,,0.52700584,0.11853656
VT TQQQ/BTAL t25 w0-80 QQQ:VOL_EWMA75,sens,sens_2017-01-03,2017-01-03,2022-01-03,false,true,0.75000000,0.25000000,0.80000000,,0.00048878,0.00145479,0.00039595,0.00128036,102380.23791200,40000.00000000,62380.23791200,1.55950595,0.33722889,0.31254038,1.14213616,0.29255731,1.56237219,1.14085532,-0.29559304,453,2017,0.69694883,2022,0.01197284,0.43391835,0.19871964,,,0.56559286,0.13513765
VT TQQQ/BTAL t25 w0-80 QQQ:VOL_EWMA75 gate QQQ<SMA200,sens,sens_2017-01-03,2017-01-03,2022-01-03,false,true,0.75000000,0.25000000,0.80000000,QQQ<SMA200,0.00595457,0.14312409,0.00586252,0.14312409,101998.05506200,40000.00000000,61998.05506200,1.54995138,0.33649598,0.31124076,1.14494776,0.29094765,1.56670665,1.26639805,-0.26571107,452,2017,0.69694883,2022,0.01197426,0.43945838,0.19871964,,,0.56007667,0.11859384
VT TQQQ/BTAL t30 w0-60 QQQ:VOL_EWMA75,sens,sens_2017-01-03,2017-01-03,2022-01-03,false,true,0.75000000,0.30000000,0.60000000,,0.00040231,0.00114334,0.00032098,0.00101542,109460.34613350,40000.00000000,69460.34613350,1.73650865,0.34967631,0.33587435,1.23932400,0.27245952,1.70069675,1.33776382,-0.26138867,307,2017,0.56590923,2022,0.01325766,0.47583422,0.39908679,,,0.52376347,0.16219894
VT TQQQ/BTAL t30 w0-60 QQQ:VOL_EWMA75 gate QQQ<SMA200,sens,sens_2017-01-03,2017-01-03,2022-01-03,false,true,0.75000000,0.30000000,0.60000000,QQQ<SMA200,0.00794579,0.17073337,0.00786669,0.17073337,107893.72793350,40000.00000000,67893.72793350,1.69734320,0.34537459,0.33082820,1.23945926,0.26911778,1.70060795,1.32831021,-0.26001049,139,2017,0.56590923,2022,0.01326144,0.48342335,0.39908679,,,0.51618390,0.14484442
VT TQQQ/BTAL t30 w0-70 QQQ:VOL_EWMA75,sens,sens_2017-01-03,2017-01-03,2022-01-03,false,true,0.75000000,0.30000000,0.70000000,,0.00046802,0.00177740,0.00037596,0.00165000,115256.23732250,40000.00000000,75256.23732250,1.88140593,0.37172608,0.35400801,1.20838469,0.29933046,1.65081157,1.27980540,-0.29045516,329,2017,0.65796946,2022,0.01639352,0.42116753,0.29835000,,,0.57836444,0.16215135
VT TQQQ/BTAL t30 w0-70 QQQ:VOL_EWMA75 gate QQQ<SMA200,sens,sens_2017-01-03,2017-01-03,2022-01-03,false,true,0.75000000,0.30000000,0.70000000,QQQ<SMA200,0.00694095,0.17039624,0.00685862,0.17039624,115035.26672250,40000.00000000,75035.26672250,1.87588167,0.37171756,0.35333148,1.21595690,0.29685135,1.66194794,1.42949281,-0.26003458,138,2017,0.65796946,2022,0.01638888,0.42763462,0.29835000,,,0.57189312,0.14495963
VT TQQQ/BTAL t30 w0-80 QQQ:VOL_EWMA75,sens,sens_2017-01-03,2017-01-03,2022-01-03,false,true,0.75000000,0.30000000,0.80000000,,0.00039848,0.00142739,0.00031896,0.00132294,119918.17706900,40000.00000000,79918.17706900,1.99795443,0.38952917,0.36802292,1.18336441,0.32287013,1.61336926,1.21935278,-0.31945568,440,2017,0.74967719,2018,0.01284199,0.37647368,0.19867706,,,0.62312784,0.16221937
VT TQQQ/BTAL t30 w0-80 QQQ:VOL_EWMA75 gate QQQ<SMA200,sens,sens_2017-01-03,2017-01-03,2022-01-03,false,true,0.75000000,0.30000000,0.80000000,QQQ<SMA200,0.00685899,0.17032351,0.00677810,0.17032351,119674.38556900,40000.00000000,79674.38556900,1.99185964,0.38948401,0.36730193,1.18945789,0.32056219,1.62228520,1.43485136,-0.27144555,436,2017,0.74967719,2022,0.01639265,0.38296604,0.19867706,,,0.61663812,0.14496137
VT TQQQ/BTAL t35 w0-60 QQQ:VOL_EWMA75,sens,sens_2017-01-03,2017-01-03,2022-01-03,false,true,0.75000000,0.35000000,0.60000000,,0.00036745,0.00114540,0.00028918,0.00092996,120119.61501950,40000.00000000,80119.61501950,2.00299038,0.37773525,0.36861768,1.25943733,0.28794347,1.73382886,1.27468135,-0.29633700,140,2019,0.58397506,2022,0.01326152,0.45211453,0.39907004,,,0.54751802,0.18927268
VT TQQQ/BTAL t35 w0-60 QQQ:VOL_EWMA75 gate QQQ<SMA200,sens,sens_2017-01-03,2017-01-03,2022-01-03,false,true,0.75000000,0.35000000,0.60000000,QQQ<SMA200,0.00927351,0.19778323,0.00920032,0.19778323,118189.50741950,40000.00000000,78189.50741950,1.95473769,0.37286023,0.36288265,1.26266441,0.28335379,1.73808864,1.25820353,-0.29634334,140,2017,0.58186717,2022,0.01326518,0.46104657,0.39907004,,,0.53859248,0.17222810
VT TQQQ/BTAL t35 w0-70 QQQ:VOL_EWMA75,sens,sens_2017-01-03,2017-01-03,2022-01-03,false,true,0.75000000,0.35000000,0.70000000,,0.00045597,0.00177740,0.00036532,0.00165000,130281.17612100,40000.00000000,90281.17612100,2.25702940,0.41161512,0.39754749,1.24000490,0.32014467,1.69365741,1.30514212,-0.31537954,315,2017,0.68592278,2022,0.01716247,0.38845822,0.29835000,,,0.61108581,0.18918930
VT TQQQ/BTAL t35 w0-70 QQQ:VOL_EWMA75 gate QQQ<SMA200,sens,sens_2017-01-03,2017-01-03,2022-01-03,false,true,0.75000000,0.35000000,0.70000000,QQQ<SMA200,0.00877174,0.19740236,0.00868728,0.19740236,129078.73052100,40000.00000000,89078.73052100,2.22696826,0.40910690,0.39422885,1.24581017,0.31621645,1.70144367,1.33233281,-0.30706059,140,2017,0.68592278,2022,0.01716158,0.39679038,0.29835000,,,0.60274940,0.17225960
VT TQQQ/BTAL t35 w0-80 QQQ:VOL_EWMA75,sens,sens_2017-01-03,2017-01-03,2022-01-03,false,true,0.75000000,0.35000000,0.80000000,,0.00037651,0.00142739,0.00029956,0.00132294,136784.24941250,40000.00000000,96784.24941250,2.41960624,0.43308471,0.41504727,1.20950693,0.34880806,1.64623790,1.26131753,-0.34335899,432,2017,0.78401654,2018,0.01034154,0.33294024,0.19867706,,,0.66668325,0.18921360
VT TQQQ/BTAL t35 w0-80 QQQ:VOL_EWMA75 gate QQQ<SMA200,sens,sens_2017-01-03,2017-01-03,2022-01-03,false,true,0.75000000,0.35000000,0.80000000,QQQ<SMA200,0.00778895,0.19721678,0.00771675,0.19721678,136931.03266250,40000.00000000,96931.03266250,2.42327582,0.43423671,0.41543386,1.21961534,0.34568399,1.66070550,1.41399651,-0.30709885,140,2017,0.78401654,2022,0.02081362,0.34036264,0.19867706,,,0.65925888,0.17232958
VT TQQQ/BTAL t25 w0-60 QQQ:VOL_EWMA80,sens,sens_2017-01-03,2017-01-03,2022-01-03,false,true,0.80000000,0.25000000,0.60000000,,0.00042510,0.00123684,0.00032739,0.00116110,95379.96707500,40000.00000000,55379.96707500,1.38449918,0.30697038,0.28802426,1.19204928,0.25159003,1.63856861,1.22543118,-0.25049989,355,2017,0.54313594,2022,0.00964509,0.51101210,0.39889051,,,0.48856280,0.12421970
VT TQQQ/BTAL t25 w0-60 QQQ:VOL_EWMA80 gate QQQ<SMA200,sens,sens_2017-01-03,2017-01-03,2022-01-03,false,true,0.80000000,0.25000000,0.60000000,QQQ<SMA200,0.00555439,0.15064470,0.00546471,0.15064470,95519.35887500,40000.00000000,55519.35887500,1.38798397,0.30770514,0.28852776,1.20024699,0.25000924,1.65095414,1.22896047,-0.25037839,355,2017,0.54313594,2022,0.00963600,0.51614409,0.39889051,,,0.48342410,0.12425560
VT TQQQ/BTAL t25 w0-70 QQQ:VOL_EWMA80,sens,sens_2017-01-03,2017-01-03,2022-01-03,false,true,0.80000000,0.25000000,0.70000000,,0.00046890,0.00177740,0.00037448,0.00165000,96985.14820350,40000.00000000,56985.14820350,1.42462871,0.31764060,0.29378334,1.14920511,0.27301326,1.57349130,1.21140251,-0.26220896,430,2017,0.62873130,2022,0.00964031,0.47066700,0.29835000,,,0.52886410,0.12426279
VT TQQQ/BTAL t25 w0-70 QQQ:VOL_EWMA80 gate QQQ<SMA200,sens,sens_2017-01-03,2017-01-03,2022-01-03,false,true,0.80000000,0.25000000,0.70000000,QQQ<SMA200,0.00558323,0.15044641,0.00548681,0.15044641,97113.92085350,40000.00000000,57113.92085350,1.42784802,0.31833814,0.29424168,1.15583657,0.27156273,1.58337825,1.25859552,-0.25293125,337,2017,0.62873130,2022,0.00964504,0.47580478,0.29835000,,,0.52373337,0.12419169
VT TQQQ/BTAL t25 w0-80 QQQ:VOL_EWMA80,sens,sens_2017-01-03,2017-01-03,2022-01-03,false,true,0.80000000,0.25000000,0.80000000,,0.00042673,0.00136577,0.00033051,0.00129805,98918.97231700,40000.00000000,58918.97231700,1.47297431,0.32791397,0.30061041,1.12380598,0.29057674,1.53659282,1.12182233,-0.29230473,469,2017,0.70764680,2022,0.00963614,0.43938653,0.19870195,,,0.56018674,0.12419178
VT TQQQ/BTAL t25 w0-80 QQQ:VOL_EWMA80 gate QQQ<SMA200,sens,sens_2017-01-03,2017-01-03,2022-01-03,false,true,0.80000000,0.25000000,0.80000000,QQQ<SMA200,0.00553814,0.15040190,0.00545263,0.15040190,99060.68371700,40000.00000000,59060.68371700,1.47651709,0.32864264,0.30110604,1.12960850,0.28922170,1.54520249,1.23686781,-0.26570555,453,2017,0.70764680,2022,0.00963951,0.44449808,0.19870195,,,0.55507679,0.12422495
VT TQQQ/BTAL t30 w0-60 QQQ:VOL_EWMA80,sens,sens_2017-01-03,2017-01-03,2022-01-03,false,true,0.80000000,0.30000000,0.60000000,,0.00039248,0.00125196,0.00030325,0.00100963,108993.58236750,40000.00000000,68993.58236750,1.72483956,0.34894060,0.33437756,1.23697056,0.27256152,1.69704029,1.28579785,-0.27138061,140,2017,0.56992130,2022,0.01326601,0.47591733,0.39908679,,,0.52369019,0.14905061
VT TQQQ/BTAL t30 w0-60 QQQ:VOL_EWMA80 gate QQQ<SMA200,sens,sens_2017-01-03,2017-01-03,2022-01-03,false,true,0.80000000,0.30000000,0.60000000,QQQ<SMA200,0.00742265,0.17941637,0.00734582,0.17941637,108100.50836750,40000.00000000,68100.50836750,1.70251271,0.34643625,0.33149793,1.24032003,0.26969671,1.70173813,1.27622364,-0.27145418,140,2017,0.56992130,2022,0.01326138,0.48299645,0.39908679,,,0.51663453,0.14907614
VT TQQQ/BTAL t30 w0-70 QQQ:VOL_EWMA80,sens,sens_2017-01-03,2017-01-03,2022-01-03,false,true,0.80000000,0.30000000,0.70000000,,0.00047889,0.00177740,0.00037882,0.00165000,114448.17938200,40000.00000000,74448.17938200,1.86120448,0.37025353,0.35152849,1.20711176,0.29855230,1.65049709,1.29221398,-0.28652648,320,2017,0.66238409,2022,0.01359541,0.42254869,0.29835000,,,0.57697242,0.14911507
VT TQQQ/BTAL t30 w0-70 QQQ:VOL_EWMA80 gate QQQ<SMA200,sens,sens_2017-01-03,2017-01-03,2022-01-03,false,true,0.80000000,0.30000000,0.70000000,QQQ<SMA200,0.00655489,0.17914161,0.00645493,0.17914161,114803.25973200,40000.00000000,74803.25973200,1.87008149,0.37166458,0.35261993,1.21710099,0.29642787,1.66519510,1.36922718,-0.27144114,140,2017,0.66238409,2022,0.01359360,0.42860925,0.29835000,,,0.57089623,0.14914549
VT TQQQ/BTAL t30 w0-80 QQQ:VOL_EWMA80,sens,sens_2017-01-03,2017-01-03,2022-01-03,false,true,0.80000000,0.30000000,0.80000000,,0.00042048,0.00142739,0.00033280,0.00132294,115802.53333800,40000.00000000,75802.53333800,1.89506333,0.37950624,0.35567570,1.16278201,0.32213903,1.58451554,1.20227627,-0.31565644,443,2017,0.75480050,2022,0.01360086,0.37995313,0.19867706,,,0.61962639,0.14915293
VT TQQQ/BTAL t30 w0-80 QQQ:VOL_EWMA80 gate QQQ<SMA200,sens,sens_2017-01-03,2017-01-03,2022-01-03,false,true,0.80000000,0.30000000,0.80000000,QQQ<SMA200,0.00650913,0.17915475,0.00641528,0.17915475,116153.33798800,40000.00000000,76153.33798800,1.90383345,0.38089861,0.35674298,1.17110162,0.32017205,1.59662528,1.40264368,-0.27155764,440,2017,0.75480050,2022,0.01359956,0.38601454,0.19867706,,,0.61354192,0.14907511
VT TQQQ/BTAL t35 w0-60 QQQ:VOL_EWMA80,sens,sens_2017-01-03,2017-01-03,2022-01-03,false,true,0.80000000,0.35000000,0.60000000,,0.00034332,0.00114540,0.00026942,0.00092996,120210.78188150,40000.00000000,80210.78188150,2.00526955,0.37841119,0.36888657,1.26171078,0.28777488,1.73779509,1.25248010,-0.30212950,141,2017,0.58186717,2022,0.01325697,0.45279534,0.39907004,,,0.54686133,0.17394093
VT TQQQ/BTAL t35 w0-60 QQQ:VOL_EWMA80 gate QQQ<SMA200,sens,sens_2017-01-03,2017-01-03,2022-01-03,false,true,0.80000000,0.35000000,0.60000000,QQQ<SMA200,0.00884725,0.20812881,0.00876197,0.20812881,118792.59728150,40000.00000000,78792.59728150,1.96981493,0.37471229,0.36468338,1.26618367,0.28371267,1.74402523,1.24037000,-0.30209719,141,2017,0.58186717,2022,0.01325969,0.46130743,0.39907004,,,0.53834374,0.17392587
VT TQQQ/BTAL t35 w0-70 QQQ:VOL_EWMA80,sens,sens_2017-01-03,2017-01-03,2022-01-03,false,true,0.80000000,0.35000000,0.70000000,,0.00043548,0.00177740,0.00035684,0.00165000,129636.06308150,40000.00000000,89636.06308150,2.24090158,0.41073934,0.39577036,1.23779615,0.32024451,1.69000451,1.28464772,-0.31972916,141,2017,0.69097788,2022,0.01715980,0.38857077,0.29835000,,,0.61099375,0.17399752
VT TQQQ/BTAL t35 w0-70 QQQ:VOL_EWMA80 gate QQQ<SMA200,sens,sens_2017-01-03,2017-01-03,2022-01-03,false,true,0.80000000,0.35000000,0.70000000,QQQ<SMA200,0.00821841,0.20753458,0.00812932,0.20753458,129148.80708150,40000.00000000,89148.80708150,2.22872018,0.40985559,0.39442299,1.24559343,0.31687011,1.70084252,1.28203134,-0.31969234,141,2017,0.69097788,2022,0.01716028,0.39636361,0.29835000,,,0.60319250,0.17393067
VT TQQQ/BTAL t35 w0-80 QQQ:VOL_EWMA80,sens,sens_2017-01-03,2017-01-03,2022-01-03,false,true,0.80000000,0.35000000,0.80000000,,0.00041967,0.00142739,0.00033546,0.00132294,136147.17728050,40000.00000000,96147.17728050,2.40367943,0.43240262,0.41336520,1.21069209,0.34775353,1.64910049,1.27608018,-0.33885223,432,2017,0.78947527,2022,0.01754899,0.33455525,0.19867706,,,0.66502509,0.17395595
VT TQQQ/BTAL t35 w0-80 QQQ:VOL_EWMA80 gate QQQ<SMA200,sens,sens_2017-01-03,2017-01-03,2022-01-03,false,true,0.80000000,0.35000000,0.80000000,QQQ<SMA200,0.00739838,0.20739655,0.00732172,0.20739655,136888.57598050,40000.00000000,96888.57598050,2.42221440,0.43477143,0.41532207,1.22218458,0.34507587,1.66566841,1.35969462,-0.31975668,141,2017,0.78947527,2022,0.01755530,0.34155647,0.19867706,,,0.65803498,0.17399125
VT TQQQ/BTAL t25 w0-60 QQQ:VOL_EWMA85,sens,sens_2017-01-03,2017-01-03,2022-01-03,false,true,0.85000000,0.25000000,0.60000000,,0.00041686,0.00101799,0.00031499,0.00091321,92766.89773650,40000.00000000,52766.89773650,1.31917244,0.29971798,0.27846246,1.17199896,0.25100707,1.61206732,1.20386943,-0.24896220,355,2017,0.54919113,2022,0.00764410,0.51382542,0.39908679,,,0.48575772,0.11472008
VT TQQQ/BTAL t25 w0-60 QQQ:VOL_EWMA85 gate QQQ<SMA200,sens,sens_2017-01-03,2017-01-03,2022-01-03,false,true,0.85000000,0.25000000,0.60000000,QQQ<SMA200,0.00518219,0.14704267,0.00509024,0.14704267,92670.45813650,40000.00000000,52670.45813650,1.31676145,0.29953397,0.27810501,1.17654612,0.24962051,1.61912947,1.20316963,-0.24895406,355,2017,0.54919113,2022,0.00764488,0.51866947,0.39908679,,,0.48094831,0.11473225
VT TQQQ/BTAL t25 w0-70 QQQ:VOL_EWMA85,sens,sens_2017-01-03,2017-01-03,2022-01-03,false,true,0.85000000,0.25000000,0.70000000,,0.00049053,0.00177740,0.00039625,0.00165000,93517.40384800,40000.00000000,53517.40384800,1.33793510,0.30754922,0.28123296,1.12391638,0.27207198,1.53852725,1.18838099,-0.25879682,436,2017,0.63542069,2022,0.00764157,0.47480918,0.29835000,,,0.52470029,0.11471332
VT TQQQ/BTAL t25 w0-70 QQQ:VOL_EWMA85 gate QQQ<SMA200,sens,sens_2017-01-03,2017-01-03,2022-01-03,false,true,0.85000000,0.25000000,0.70000000,QQQ<SMA200,0.00527054,0.14691341,0.00517424,0.14691341,93443.83584800,40000.00000000,53443.83584800,1.33609590,0.30743631,0.28096226,1.12766689,0.27077784,1.54425973,1.22785631,-0.25038459,355,2017,0.63542069,2022,0.00763850,0.47964794,0.29835000,,,0.51988608,0.11471541
VT TQQQ/BTAL t25 w0-80 QQQ:VOL_EWMA85,sens,sens_2017-01-03,2017-01-03,2022-01-03,false,true,0.85000000,0.25000000,0.80000000,,0.00042608,0.00154182,0.00033133,0.00136613,94638.51470250,40000.00000000,54638.51470250,1.36596287,0.31575780,0.28533500,1.09588131,0.28920815,1.49756843,1.09258329,-0.28900113,474,2017,0.71930366,2022,0.00763918,0.44502013,0.19899576,,,0.55455379,0.11468696
VT TQQQ/BTAL t25 w0-80 QQQ:VOL_EWMA85 gate QQQ<SMA200,sens,sens_2017-01-03,2017-01-03,2022-01-03,false,true,0.85000000,0.25000000,0.80000000,QQQ<SMA200,0.00522002,0.14688570,0.00511609,0.14688570,94534.94795250,40000.00000000,54534.94795250,1.36337370,0.31555038,0.28495787,1.09872703,0.28799591,1.50192444,1.18749846,-0.26572698,474,2017,0.71930366,2022,0.00764053,0.44984318,0.19899576,,,0.54973270,0.11470287
VT TQQQ/BTAL t30 w0-60 QQQ:VOL_EWMA85,sens,sens_2017-01-03,2017-01-03,2022-01-03,false,true,0.85000000,0.30000000,0.60000000,,0.00036652,0.00101799,0.00028695,0.00091321,107154.61776050,40000.00000000,67154.61776050,1.67886544,0.34434916,0.32842509,1.22320395,0.27291460,1.67872766,1.18982384,-0.28941189,166,2017,0.57434336,2022,0.01118818,0.47723480,0.39908679,,,0.52239868,0.13764430
VT TQQQ/BTAL t30 w0-60 QQQ:VOL_EWMA85 gate QQQ<SMA200,sens,sens_2017-01-03,2017-01-03,2022-01-03,false,true,0.85000000,0.30000000,0.60000000,QQQ<SMA200,0.00685194,0.17515814,0.00677609,0.17515814,106216.40881050,40000.00000000,66216.40881050,1.65541022,0.34155320,0.32535352,1.22424464,0.27042499,1.68021113,1.18000435,-0.28945079,166,2017,0.57434336,2022,0.01119107,0.48372752,0.39908679,,,0.51590069,0.13763807
VT TQQQ/BTAL t30 w0-70 QQQ:VOL_EWMA85,sens,sens_2017-01-03,2017-01-03,2022-01-03,false,true,0.85000000,0.30000000,0.70000000,,0.00046098,0.00177740,0.00036983,0.00165000,110761.40705100,40000.00000000,70761.40705100,1.76903518,0.36144713,0.34001710,1.18793056,0.29771390,1.62524610,1.24864985,-0.28947036,166,2017,0.67009286,2022,0.01119088,0.42601260,0.29835000,,,0.57352642,0.13764624
VT TQQQ/BTAL t30 w0-70 QQQ:VOL_EWMA85 gate QQQ<SMA200,sens,sens_2017-01-03,2017-01-03,2022-01-03,false,true,0.85000000,0.30000000,0.70000000,QQQ<SMA200,0.00615920,0.17495766,0.00606252,0.17495766,110789.59225100,40000.00000000,70789.59225100,1.76973981,0.36176574,0.34010637,1.19441639,0.29582146,1.63490418,1.24986712,-0.28944336,166,2017,0.67009286,2022,0.01119742,0.43170028,0.29835000,,,0.56782869,0.13760542
VT TQQQ/BTAL t30 w0-80 QQQ:VOL_EWMA85,sens,sens_2017-01-03,2017-01-03,2022-01-03,false,true,0.85000000,0.30000000,0.80000000,,0.00047074,0.00142739,0.00037362,0.00132294,111078.30352700,40000.00000000,71078.30352700,1.77695759,0.36758729,0.34101967,1.13714864,0.32159566,1.54931294,1.17936930,-0.31168124,446,2017,0.76347062,2022,0.01118953,0.38393724,0.19867706,,,0.61559202,0.13761403
VT TQQQ/BTAL t30 w0-80 QQQ:VOL_EWMA85 gate QQQ<SMA200,sens,sens_2017-01-03,2017-01-03,2022-01-03,false,true,0.85000000,0.30000000,0.80000000,QQQ<SMA200,0.00612551,0.17475772,0.00604132,0.17475772,111094.31482700,40000.00000000,71094.31482700,1.77735787,0.36786998,0.34107025,1.14224691,0.31984921,1.55681867,1.27091472,-0.28945292,166,2017,0.76347062,2022,0.01119728,0.38965091,0.19867706,,,0.60990302,0.13770010
VT TQQQ/BTAL t35 w0-60 QQQ:VOL_EWMA85,sens,sens_2017-01-03,2017-01-03,2022-01-03,false,true,0.85000000,0.35000000,0.60000000,,0.00035990,0.00114540,0.00027876,0.00092996,119346.34723750,40000.00000000,79346.34723750,1.98365868,0.37654538,0.36632977,1.25444165,0.28853819,1.72794819,1.20676495,-0.31202877,141,2017,0.58186717,2022,0.01326135,0.45374545,0.39907004,,,0.54589465,0.16058401
VT TQQQ/BTAL t35 w0-60 QQQ:VOL_EWMA85 gate QQQ<SMA200,sens,sens_2017-01-03,2017-01-03,2022-01-03,false,true,0.85000000,0.35000000,0.60000000,QQQ<SMA200,0.00840355,0.20308044,0.00833155,0.20308044,117547.30843750,40000.00000000,77547.30843750,1.93868271,0.37156325,0.36095628,1.25419460,0.28485423,1.72723796,1.19114293,-0.31193843,141,2017,0.58186717,2022,0.01325738,0.46181583,0.39907004,,,0.53782298,0.16063891
VT TQQQ/BTAL t35 w0-70 QQQ:VOL_EWMA85,sens,sens_2017-01-03,2017-01-03,2022-01-03,false,true,0.85000000,0.35000000,0.70000000,,0.00047205,0.00177740,0.00038481,0.00165000,127066.63361250,40000.00000000,87066.63361250,2.17666584,0.40516104,0.38861500,1.22440435,0.32059539,1.67205576,1.19341577,-0.33949697,169,2017,0.69646605,2022,0.01474652,0.39005137,0.29835000,,,0.60947658,0.16064565
VT TQQQ/BTAL t35 w0-70 QQQ:VOL_EWMA85 gate QQQ<SMA200,sens,sens_2017-01-03,2017-01-03,2022-01-03,false,true,0.85000000,0.35000000,0.70000000,QQQ<SMA200,0.00754118,0.20243852,0.00746859,0.20243852,126490.26506250,40000.00000000,86490.26506250,2.16225663,0.40387410,0.38699264,1.22975347,0.31770066,1.67954500,1.18949513,-0.33953405,169,2017,0.69646605,2022,0.01474290,0.39719583,0.29835000,,,0.60236464,0.16058025
VT TQQQ/BTAL t35 w0-80 QQQ:VOL_EWMA85,sens,sens_2017-01-03,2017-01-03,2022-01-03,false,true,0.85000000,0.35000000,0.80000000,,0.00043821,0.00142739,0.00035834,0.00132294,131318.22072850,40000.00000000,91318.22072850,2.28295552,0.42235661,0.40038831,1.19285957,0.34672248,1.62559333,1.24409844,-0.33948810,169,2017,0.79914787,2022,0.01474428,0.33837729,0.19867706,,,0.66118449,0.16060410
VT TQQQ/BTAL t35 w0-80 QQQ:VOL_EWMA85 gate QQQ<SMA200,sens,sens_2017-01-03,2017-01-03,2022-01-03,false,true,0.85000000,0.35000000,0.80000000,QQQ<SMA200,0.00697048,0.20218761,0.00688771,0.20218761,131570.95512850,40000.00000000,91570.95512850,2.28927388,0.42335516,0.40107768,1.20076031,0.34433729,1.63703187,1.24706481,-0.33948128,169,2017,0.79914787,2022,0.01474607,0.34492227,0.19867706,,,0.65463746,0.16058386
50/50,sens,sens_2017-01-03,2017-01-03,2022-01-03,true,true,,,,,0.00041088,0.00119294,0.00031404,0.00106472,122369.33772400,40000.00000000,82369.33772400,2.05923344,0.37442453,0.37520166,1.21443509,0.29936977,1.70377822,0.99240772,-0.37728901,133,2019,0.60443789,2022,0.00936020,0.49970833,0.49893528,,,0.49988079,0.49972241
TQQQ60/BTAL40,sens,sens_2017-01-03,2017-01-03,2022-01-03,true,true,,,,,0.00032526,0.00114540,0.00024628,0.00092996,152620.76405050,40000.00000000,112620.76405050,2.81551910,0.45231097,0.45482456,1.20996135,0.36418424,1.68872237,1.00197877,-0.45141772,134,2019,0.74273452,2018,-0.02636910,0.39978672,0.39907004,,,0.59988801,0.59972592
TQQQ50/BTAL50 gate QQQ<SMA200,sens,sens_2017-01-03,2017-01-03,2022-01-03,true,true,,,,,0.01309177,0.19533568,0.01300392,0.19533568,111673.74757400,40000.00000000,71673.74757400,1.79184369,0.34430114,0.34289670,1.17693448,0.28699217,1.63510791,0.91257624,-0.37728480,138,2017,0.46572112,2022,0.00936408,0.51238456,0.49893528,,,0.48717974,0.30466432
SPY benchmark,sens,sens_2017-01-03,2017-01-03,2022-01-03,true,true,,,,,0.00571127,0.01740339,0.00571127,0.01740339,68769.02000000,40000.00000000,28769.02000000,0.71922550,0.16144778,0.17717493,0.88984671,0.18843028,1.22352375,0.47532748,-0.33965589,181,2019,0.28673462,2018,-0.06373009,,,0.99428873,0.98259661,,
VT TQQQ/BTAL t25 w0-60 QQQ:VOL_EWMA70,sens,sens_2017-07-03,2017-07-03,2022-07-01,false,true,0.70000000,0.25000000,0.60000000,,0.00051779,0.00128825,0.00039234,0.00102503,63208.59356850,40000.00000000,23208.59356850,0.58021484,0.18310160,0.14955308,0.78608697,0.25603031,1.07119663,0.69259911,-0.26436881,355,2019,0.47412478,2022,-0.22729312,0.54257105,0.39907809,,,0.45691117,0.14615140
VT TQQQ/BTAL t25 w0-60 QQQ:VOL_EWMA70 gate QQQ<SMA200,sens,sens_2017-07-03,2017-07-03,2022-07-01,false,true,0.70000000,0.25000000,0.60000000,QQQ<SMA200,0.01635151,0.20348068,0.01624343,0.20348068,70183.47876850,40000.00000000,30183.47876850,0.75458697,0.20864416,0.18444810,0.87800969,0.25257556,1.19965301,0.78939989,-0.26430730,355,2019,0.42489538,2022,-0.13285151,0.55848647,0.39907809,,,0.44104197,0.07995379
VT TQQQ/BTAL t25 w0-70 QQQ:VOL_EWMA70,sens,sens_2017-07-03,2017-07-03,2022-07-01,false,true,0.70000000,0.25000000,0.70000000,,0.00048826,0.00135173,0.00036090,0.00110612,64528.17693000,40000.00000000,24528.17693000,0.61320442,0.19013257,0.15641648,0.76771028,0.27740410,1.04411764,0.70628813,-0.26919973,427,2019,0.49597447,2022,-0.23600935,0.50699095,0.29923408,,,0.49252078,0.14618087
VT TQQQ/BTAL t25 w0-70 QQQ:VOL_EWMA70 gate QQQ<SMA200,sens,sens_2017-07-03,2017-07-03,2022-07-01,false,true,0.70000000,0.25000000,0.70000000,QQQ<SMA200,0.01639685,0.20342096,0.01626042,0.20342096,71629.70318000,40000.00000000,31629.70318000,0.79074258,0.21575910,0.19128545,0.85126840,0.27418202,1.16031955,0.83785442,-0.25751383,324,2019,0.44595425,2022,-0.14266564,0.52288813,0.29923408,,,0.47659750,0.08001351
VT TQQQ/BTAL t25 w0-80 QQQ:VOL_EWMA70,sens,sens_2017-07-03,2017-07-03,2022-07-01,false,true,0.70000000,0.25000000,0.80000000,,0.00054648,0.00153934,0.00042638,0.00132597,65485.02568750,40000.00000000,25485.02568750,0.63712564,0.19481745,0.16131322,0.75291554,0.29476410,1.02382131,0.65128338,-0.29912854,451,2019,0.49758890,2022,-0.23604290,0.48048480,0.19867403,,,0.51896872,0.14607943
VT TQQQ/BTAL t25 w0-80 QQQ:VOL_EWMA70 gate QQQ<SMA200,sens,sens_2017-07-03,2017-07-03,2022-07-01,false,true,0.70000000,0.25000000,0.80000000,QQQ<SMA200,0.01642191,0.20347355,0.01631476,0.20347355,72726.42933750,40000.00000000,32726.42933750,0.81816073,0.22068175,0.19638739,0.83116368,0.29174031,1.13243559,0.80774199,-0.27320822,324,2019,0.44759723,2022,-0.14253870,0.49643222,0.19867403,,,0.50304705,0.07996092
VT TQQQ/BTAL t30 w0-60 QQQ:VOL_EWMA70,sens,sens_2017-07-03,2017-07-03,2022-07-01,false,true,0.70000000,0.30000000,0.60000000,,0.00051535,0.00134690,0.00039585,0.00119540,66935.07509800,40000.00000000,26935.07509800,0.67337688,0.20487638,0.16861056,0.80978058,0.27863195,1.10229568,0.68681292,-0.29830013,,2019,0.54330205,2022,-0.27054067,0.50354545,0.39889294,,,0.49593920,0.17540991
VT TQQQ/BTAL t30 w0-60 QQQ:VOL_EWMA70 gate QQQ<SMA200,sens,sens_2017-07-03,2017-07-03,2022-07-01,false,true,0.70000000,0.30000000,0.60000000,QQQ<SMA200,0.02028172,0.24067168,0.02018906,0.24067168,75380.99439800,40000.00000000,35380.99439800,0.88452486,0.23361518,0.20845353,0.91035629,0.27165672,1.24228611,0.89048446,-0.26234616,324,2019,0.46094497,2022,-0.16100704,0.52337680,0.39889294,,,0.47613590,0.09944969
VT TQQQ/BTAL t30 w0-70 QQQ:VOL_EWMA70,sens,sens_2017-07-03,2017-07-03,2022-07-01,false,true,0.70000000,0.30000000,0.70000000,,0.00049166,0.00152220,0.00035857,0.00121409,66573.00498300,40000.00000000,26573.00498300,0.66432512,0.20623424,0.16680209,0.76790980,0.30580118,1.03963868,0.62831369,-0.32823452,,2019,0.56715328,2022,-0.29663296,0.45893960,0.29903713,,,0.54056874,0.17540279
VT TQQQ/BTAL t30 w0-70 QQQ:VOL_EWMA70 gate QQQ<SMA200,sens,sens_2017-07-03,2017-07-03,2022-07-01,false,true,0.70000000,0.30000000,0.70000000,QQQ<SMA200,0.01921108,0.24074096,0.01911141,0.24074096,75795.54793300,40000.00000000,35795.54793300,0.89488870,0.23886427,0.21030304,0.86600481,0.29997479,1.17533900,0.89026609,-0.26830661,324,2019,0.50685211,2022,-0.19075400,0.47774718,0.29903713,,,0.52179815,0.09938040
VT TQQQ/BTAL t30 w0-80 QQQ:VOL_EWMA70,sens,sens_2017-07-03,2017-07-03,2022-07-01,false,true,0.70000000,0.30000000,0.80000000,,0.00051040,0.00156652,0.00038728,0.00131803,67347.06837450,40000.00000000,27347.06837450,0.68367671,0.21103676,0.17065756,0.74882276,0.32881715,1.01238549,0.60421244,-0.34927576,,2019,0.59564417,2022,-0.31166483,0.42176617,0.19868197,,,0.57772343,0.17538874
VT TQQQ/BTAL t30 w0-80 QQQ:VOL_EWMA70 gate QQQ<SMA200,sens,sens_2017-07-03,2017-07-03,2022-07-01,false,true,0.70000000,0.30000000,0.80000000,QQQ<SMA200,0.01922048,0.24061569,0.01910468,0.24061569,76664.60767450,40000.00000000,36664.60767450,0.91661519,0.24375922,0.21415085,0.83841221,0.32340795,1.13585920,0.82765243,-0.29451883,,2019,0.53392699,2022,-0.20826110,0.44056384,0.19868197,,,0.55896556,0.09950568
VT TQQQ/BTAL t35 w0-60 QQQ:VOL_EWMA70,sens,sens_2017-07-03,2017-07-03,2022-07-01,false,true,0.70000000,0.35000000,0.60000000,,0.00044144,0.00202055,0.00033742,0.00170747,68645.84145550,40000.00000000,28645.84145550,0.71614604,0.21475794,0.17703656,0.80561704,0.29673358,1.09754425,0.62636680,-0.34286290,,2019,0.58745558,2022,-0.31288193,0.47576334,0.39829253,,,0.52379522,0.20459180
VT TQQQ/BTAL t35 w0-60 QQQ:VOL_EWMA70 gate QQQ<SMA200,sens,sens_2017-07-03,2017-07-03,2022-07-01,false,true,0.70000000,0.35000000,0.60000000,QQQ<SMA200,0.02343456,0.27652410,0.02334480,0.27652410,79007.78295550,40000.00000000,39007.78295550,0.97519457,0.24917056,0.22433262,0.92270832,0.28597769,1.26132599,0.85037581,-0.29301229,140,2019,0.48562849,2022,-0.18915612,0.49882056,0.39829253,,,0.50075471,0.12028417
VT TQQQ/BTAL t35 w0-70 QQQ:VOL_EWMA70,sens,sens_2017-07-03,2017-07-03,2022-07-01,false,true,0.70000000,0.35000000,0.70000000,,0.00052040,0.00157058,0.00040136,0.00129721,70289.81101750,40000.00000000,30289.81101750,0.75724528,0.22685912,0.18495515,0.78780658,0.32916623,1.06657843,0.61219637,-0.37056594,,2019,0.64074980,2022,-0.33724594,0.42083505,0.29870279,,,0.57864455,0.20465322
VT TQQQ/BTAL t35 w0-70 QQQ:VOL_EWMA70 gate QQQ<SMA200,sens,sens_2017-07-03,2017-07-03,2022-07-01,false,true,0.70000000,0.35000000,0.70000000,QQQ<SMA200,0.02283190,0.27623476,0.02272842,0.27623476,81406.08326750,40000.00000000,41406.08326750,1.03515208,0.26388614,0.23447617,0.89460015,0.31970326,1.21421084,0.88273764,-0.29894063,140,2019,0.54973304,2022,-0.21823381,0.44328107,0.29870279,,,0.55626276,0.12057350
VT TQQQ/BTAL t35 w0-80 QQQ:VOL_EWMA70,sens,sens_2017-07-03,2017-07-03,2022-07-01,false,true,0.70000000,0.35000000,0.80000000,,0.00044644,0.00127916,0.00033971,0.00115324,69467.99938300,40000.00000000,29467.99938300,0.73669998,0.22609089,0.18101801,0.75035441,0.35845586,1.01163465,0.56527168,-0.39996854,,2019,0.66083743,2022,-0.36173004,0.37539861,0.19887424,,,0.62415495,0.20467753
VT TQQQ/BTAL t35 w0-80 QQQ:VOL_EWMA70 gate QQQ<SMA200,sens,sens_2017-07-03,2017-07-03,2022-07-01,false,true,0.70000000,0.35000000,0.80000000,QQQ<SMA200,0.02190653,0.27639751,0.02181660,0.27639751,81216.91083300,40000.00000000,41216.91083300,1.03042277,0.26641188,0.23368590,0.85205245,0.35027710,1.15153615,0.84978033,-0.31350676,,2019,0.58897916,2022,-0.24692030,0.39692054,0.19887424,,,0.60266249,0.12041075
VT TQQQ/BTAL t25 w0-60 QQQ:VOL_EWMA75,sens,sens_2017-07-03,2017-07-03,2022-07-01,false,true,0.75000000,0.25000000,0.60000000,,0.00053192,0.00122948,0.00039430,0.00109239,64186.07488950,40000.00000000,24186.07488950,0.60465187,0.18692062,0.15464960,0.80167843,0.25461608,1.09383741,0.72910224,-0.25637093,355,2019,0.46743974,2022,-0.21294448,0.54360580,0.39890761,,,0.45586228,0.13509521
VT TQQQ/BTAL t25 w0-60 QQQ:VOL_EWMA75 gate QQQ<SMA200,sens,sens_2017-07-03,2017-07-03,2022-07-01,false,true,0.75000000,0.25000000,0.60000000,QQQ<SMA200,0.01497167,0.18679601,0.01485924,0.18679601,70653.36528950,40000.00000000,30653.36528950,0.76633413,0.21056374,0.18668352,0.88654125,0.25167279,1.21273090,0.82138759,-0.25635125,355,2019,0.41997265,2022,-0.12852425,0.55818250,0.39890761,,,0.44136260,0.08384044
VT TQQQ/BTAL t25 w0-70 QQQ:VOL_EWMA75,sens,sens_2017-07-03,2017-07-03,2022-07-01,false,true,0.75000000,0.25000000,0.70000000,,0.00055004,0.00128696,0.00039114,0.00103326,65223.39910550,40000.00000000,25223.39910550,0.63058498,0.19228150,0.15998087,0.77949856,0.27447310,1.06127652,0.72427049,-0.26548300,430,2019,0.48223684,2022,-0.21292768,0.51079060,0.29896674,,,0.48865936,0.13509246
VT TQQQ/BTAL t25 w0-70 QQQ:VOL_EWMA75 gate QQQ<SMA200,sens,sens_2017-07-03,2017-07-03,2022-07-01,false,true,0.75000000,0.25000000,0.70000000,QQQ<SMA200,0.01504104,0.18678916,0.01490508,0.18678916,71791.68570550,40000.00000000,31791.68570550,0.79479214,0.21600355,0.19204343,0.85717127,0.27173707,1.16951270,0.85241124,-0.25340299,324,2019,0.43413862,2022,-0.12839795,0.52535263,0.29896674,,,0.47413584,0.08384729
VT TQQQ/BTAL t25 w0-80 QQQ:VOL_EWMA75,sens,sens_2017-07-03,2017-07-03,2022-07-01,false,true,0.75000000,0.25000000,0.80000000,,0.00049395,0.00168075,0.00036372,0.00138356,65926.40239100,40000.00000000,25926.40239100,0.64816006,0.19584801,0.16354995,0.76195716,0.29089278,1.03680250,0.66275899,-0.29550412,453,2019,0.48057466,2022,-0.21307013,0.48636279,0.19861644,,,0.51314326,0.13519113
VT TQQQ/BTAL t25 w0-80 QQQ:VOL_EWMA75 gate QQQ<SMA200,sens,sens_2017-07-03,2017-07-03,2022-07-01,false,true,0.75000000,0.25000000,0.80000000,QQQ<SMA200,0.01499923,0.18669199,0.01488844,0.18669199,72565.80299100,40000.00000000,32565.80299100,0.81414507,0.21965210,0.19564454,0.83462515,0.28830956,1.13781489,0.82661010,-0.26572637,452,2019,0.43264831,2022,-0.12861157,0.50088943,0.19861644,,,0.49861877,0.08394446
VT TQQQ/BTAL t30 w0-60 QQQ:VOL_EWMA75,sens,sens_2017-07-03,2017-07-03,2022-07-01,false,true,0.75000000,0.30000000,0.60000000,,0.00051392,0.00153344,0.00038160,0.00130364,67320.22726050,40000.00000000,27320.22726050,0.68300568,0.20653182,0.17052455,0.81608424,0.27792527,1.11070990,0.70668483,-0.29225450,,2019,0.53928726,2022,-0.26447497,0.50468845,0.39891326,,,0.49479762,0.16214959
VT TQQQ/BTAL t30 w0-60 QQQ:VOL_EWMA75 gate QQQ<SMA200,sens,sens_2017-07-03,2017-07-03,2022-07-01,false,true,0.75000000,0.30000000,0.60000000,QQQ<SMA200,0.01864557,0.22020081,0.01853444,0.22020081,74913.80226050,40000.00000000,34913.80226050,0.87284506,0.23241640,0.20635812,0.90632394,0.27185386,1.23618926,0.89399866,-0.25997399,139,2019,0.45793077,2022,-0.16814739,0.52292937,0.39891326,,,0.47661075,0.10456293
VT TQQQ/BTAL t30 w0-70 QQQ:VOL_EWMA75,sens,sens_2017-07-03,2017-07-03,2022-07-01,false,true,0.75000000,0.30000000,0.70000000,,0.00050837,0.00132549,0.00037883,0.00112106,67391.87245000,40000.00000000,27391.87245000,0.68479681,0.20934525,0.17087948,0.77840697,0.30444733,1.05467128,0.65915202,-0.31759783,,2019,0.55863803,2022,-0.28559803,0.45992327,0.29905351,,,0.53956836,0.16222484
VT TQQQ/BTAL t30 w0-70 QQQ:VOL_EWMA75 gate QQQ<SMA200,sens,sens_2017-07-03,2017-07-03,2022-07-01,false,true,0.75000000,0.30000000,0.70000000,QQQ<SMA200,0.01750459,0.22008529,0.01739782,0.22008529,75862.68795000,40000.00000000,35862.68795000,0.89656720,0.23935021,0.21060173,0.86825986,0.29946053,1.17917581,0.92052908,-0.26001374,138,2019,0.50034633,2022,-0.19198849,0.47702928,0.29905351,,,0.52251493,0.10467845
VT TQQQ/BTAL t30 w0-80 QQQ:VOL_EWMA75,sens,sens_2017-07-03,2017-07-03,2022-07-01,false,true,0.75000000,0.30000000,0.80000000,,0.00046637,0.00151181,0.00034315,0.00137383,68828.31836100,40000.00000000,28828.31836100,0.72070796,0.21608301,0.17792397,0.76574180,0.32558611,1.03637236,0.66576848,-0.32456179,,2019,0.57815444,2022,-0.28561893,0.42504513,0.19862617,,,0.57448850,0.16219120
VT TQQQ/BTAL t30 w0-80 QQQ:VOL_EWMA75 gate QQQ<SMA200,sens,sens_2017-07-03,2017-07-03,2022-07-01,false,true,0.75000000,0.30000000,0.80000000,QQQ<SMA200,0.01752370,0.22007815,0.01741060,0.22007815,77461.74506100,40000.00000000,37461.74506100,0.93654363,0.24617551,0.21764575,0.84842547,0.32091694,1.15055563,0.90916710,-0.27077037,436,2019,0.51891504,2022,-0.19201262,0.44212935,0.19862617,,,0.55739792,0.10468559
VT TQQQ/BTAL t35 w0-60 QQQ:VOL_EWMA75,sens,sens_2017-07-03,2017-07-03,2022-07-01,false,true,0.75000000,0.35000000,0.60000000,,0.00043740,0.00202055,0.00033727,0.00170747,69386.68977300,40000.00000000,29386.68977300,0.73466724,0.21745927,0.18062617,0.81405887,0.29618437,1.10978856,0.64688211,-0.33616523,,2019,0.58402180,2022,-0.30575817,0.47623098,0.39829253,,,0.52333162,0.18918293
VT TQQQ/BTAL t35 w0-60 QQQ:VOL_EWMA75 gate QQQ<SMA200,sens,sens_2017-07-03,2017-07-03,2022-07-01,false,true,0.75000000,0.35000000,0.60000000,QQQ<SMA200,0.02144169,0.25207809,0.02133965,0.25207809,78734.57647300,40000.00000000,38734.57647300,0.96836441,0.24848906,0.22315959,0.91875390,0.28690021,1.25647019,0.83847993,-0.29635659,140,2019,0.48413201,2022,-0.19755846,0.49726203,0.39829253,,,0.50229940,0.12681294
VT TQQQ/BTAL t35 w0-70 QQQ:VOL_EWMA75,sens,sens_2017-07-03,2017-07-03,2022-07-01,false,true,0.75000000,0.35000000,0.70000000,,0.00051413,0.00157058,0.00040522,0.00129721,70787.13335100,40000.00000000,30787.13335100,0.76967833,0.22894346,0.18731743,0.79426188,0.32825958,1.07508085,0.62911122,-0.36391571,,2019,0.63590508,2022,-0.33057951,0.42216448,0.29870279,,,0.57732139,0.18916198
VT TQQQ/BTAL t35 w0-70 QQQ:VOL_EWMA75 gate QQQ<SMA200,sens,sens_2017-07-03,2017-07-03,2022-07-01,false,true,0.75000000,0.35000000,0.70000000,QQQ<SMA200,0.02090112,0.25192214,0.02079460,0.25192214,80811.96885100,40000.00000000,40811.96885100,1.02029922,0.26244529,0.23198867,0.89037467,0.32007905,1.20793794,0.85449666,-0.30713437,140,2019,0.54625298,2022,-0.22631902,0.44262687,0.29870279,,,0.55687542,0.12696889
VT TQQQ/BTAL t35 w0-80 QQQ:VOL_EWMA75,sens,sens_2017-07-03,2017-07-03,2022-07-01,false,true,0.75000000,0.35000000,0.80000000,,0.00041684,0.00127916,0.00031000,0.00122402,70216.44604850,40000.00000000,30216.44604850,0.75541115,0.22902003,0.18460538,0.75868433,0.35693017,1.02340089,0.58403075,-0.39213693,,2019,0.65362570,2022,-0.35369282,0.37651726,0.19887424,,,0.62306589,0.18922976
VT TQQQ/BTAL t35 w0-80 QQQ:VOL_EWMA75 gate QQQ<SMA200,sens,sens_2017-07-03,2017-07-03,2022-07-01,false,true,0.75000000,0.35000000,0.80000000,QQQ<SMA200,0.01987374,0.25193317,0.01979225,0.25193317,80913.50899850,40000.00000000,40913.50899850,1.02283772,0.26584049,0.23241497,0.85120827,0.34993959,1.15089654,0.85421069,-0.31121185,,2019,0.58412583,2022,-0.25306295,0.39604836,0.19887424,,,0.60356905,0.12695786
VT TQQQ/BTAL t25 w0-60 QQQ:VOL_EWMA80,sens,sens_2017-07-03,2017-07-03,2022-07-01,false,true,0.80000000,0.25000000,0.60000000,,0.00054514,0.00151571,0.00042121,0.00130858,65341.96916150,40000.00000000,25341.96916150,0.63354923,0.19141243,0.16058530,0.82032982,0.25289388,1.12128558,0.76429034,-0.25044465,355,2019,0.46082359,2022,-0.18953724,0.54529209,0.39869142,,,0.45416277,0.12419988
VT TQQQ/BTAL t25 w0-60 QQQ:VOL_EWMA80 gate QQQ<SMA200,sens,sens_2017-07-03,2017-07-03,2022-07-01,false,true,0.80000000,0.25000000,0.60000000,QQQ<SMA200,0.01339482,0.16888480,0.01328266,0.16888480,71081.76781150,40000.00000000,31081.76781150,0.77704420,0.21237131,0.18870984,0.89561396,0.25043571,1.22711891,0.84829838,-0.25034978,355,2019,0.41437316,2022,-0.11783848,0.55824270,0.39869142,,,0.44125109,0.08891044
VT TQQQ/BTAL t25 w0-70 QQQ:VOL_EWMA80,sens,sens_2017-07-03,2017-07-03,2022-07-01,false,true,0.80000000,0.25000000,0.70000000,,0.00055015,0.00131738,0.00041976,0.00104745,65369.14373900,40000.00000000,25369.14373900,0.63422859,0.19229886,0.16072369,0.78376537,0.27219125,1.06779816,0.73361592,-0.26212471,430,2019,0.46644490,2022,-0.18942185,0.51484154,0.29895255,,,0.48460832,0.12425006
VT TQQQ/BTAL t25 w0-70 QQQ:VOL_EWMA80 gate QQQ<SMA200,sens,sens_2017-07-03,2017-07-03,2022-07-01,false,true,0.80000000,0.25000000,0.70000000,QQQ<SMA200,0.01336005,0.16887384,0.01325382,0.16887384,71073.05233900,40000.00000000,31073.05233900,0.77682631,0.21312053,0.18866873,0.85226740,0.26992793,1.16343479,0.84245113,-0.25297672,337,2019,0.41978676,2022,-0.11785664,0.52781409,0.29895255,,,0.47171764,0.08892140
VT TQQQ/BTAL t25 w0-80 QQQ:VOL_EWMA80,sens,sens_2017-07-03,2017-07-03,2022-07-01,false,true,0.80000000,0.25000000,0.80000000,,0.00046658,0.00158009,0.00034133,0.00151627,65721.67108700,40000.00000000,25721.67108700,0.64304178,0.19413034,0.16251416,0.76235056,0.28758671,1.03765383,0.66419465,-0.29227929,469,2019,0.45482791,2022,-0.18943568,0.49269021,0.19848373,,,0.50684321,0.12420476
VT TQQQ/BTAL t25 w0-80 QQQ:VOL_EWMA80 gate QQQ<SMA200,sens,sens_2017-07-03,2017-07-03,2022-07-01,false,true,0.80000000,0.25000000,0.80000000,QQQ<SMA200,0.01340392,0.16887222,0.01327170,0.16887222,71476.33653700,40000.00000000,31476.33653700,0.78690841,0.21506127,0.19056635,0.82692080,0.28541183,1.12752740,0.80960622,-0.26563689,453,2019,0.40846945,2022,-0.11778597,0.50559331,0.19848373,,,0.49390457,0.08892302
VT TQQQ/BTAL t30 w0-60 QQQ:VOL_EWMA80,sens,sens_2017-07-03,2017-07-03,2022-07-01,false,true,0.80000000,0.30000000,0.60000000,,0.00045443,0.00152129,0.00036065,0.00134086,67732.13658300,40000.00000000,27732.13658300,0.69330341,0.20842328,0.17256046,0.82210711,0.27773657,1.11883185,0.73218639,-0.28465877,,2019,0.53438850,2022,-0.25654346,0.50531922,0.39865914,,,0.49422635,0.14902734
VT TQQQ/BTAL t30 w0-60 QQQ:VOL_EWMA80 gate QQQ<SMA200,sens,sens_2017-07-03,2017-07-03,2022-07-01,false,true,0.80000000,0.30000000,0.60000000,QQQ<SMA200,0.01663439,0.19852620,0.01654786,0.19852620,74259.37138300,40000.00000000,34259.37138300,0.85648428,0.23079775,0.20340295,0.89965910,0.27265065,1.22662865,0.85032261,-0.27142375,140,2019,0.45628309,2022,-0.17665766,0.52153575,0.39865914,,,0.47801473,0.11082809
VT TQQQ/BTAL t30 w0-70 QQQ:VOL_EWMA80,sens,sens_2017-07-03,2017-07-03,2022-07-01,false,true,0.80000000,0.30000000,0.70000000,,0.00052690,0.00136931,0.00039287,0.00114536,69499.52784150,40000.00000000,29499.52784150,0.73748820,0.21755315,0.18116984,0.80517125,0.30166926,1.09331307,0.74462906,-0.29216312,,2019,0.55536613,2022,-0.25899483,0.46181533,0.29885464,,,0.53765777,0.14905757
VT TQQQ/BTAL t30 w0-70 QQQ:VOL_EWMA80 gate QQQ<SMA200,sens,sens_2017-07-03,2017-07-03,2022-07-01,false,true,0.80000000,0.30000000,0.70000000,QQQ<SMA200,0.01561397,0.19825329,0.01551042,0.19825329,76992.89159150,40000.00000000,36992.89159150,0.92482229,0.24376954,0.21559410,0.88391934,0.29750826,1.20279239,0.89823307,-0.27138784,140,2019,0.49820795,2022,-0.17954021,0.47703326,0.29885464,,,0.52250594,0.11110100
VT TQQQ/BTAL t30 w0-80 QQQ:VOL_EWMA80,sens,sens_2017-07-03,2017-07-03,2022-07-01,false,true,0.80000000,0.30000000,0.80000000,,0.00050476,0.00136939,0.00038894,0.00134956,69181.93996900,40000.00000000,29181.93996900,0.72954850,0.21688552,0.17963761,0.77132064,0.32297183,1.04458081,0.68719049,-0.31561193,443,2019,0.56031060,2022,-0.25883735,0.42901996,0.19865044,,,0.57047528,0.14907972
VT TQQQ/BTAL t30 w0-80 QQQ:VOL_EWMA80 gate QQQ<SMA200,sens,sens_2017-07-03,2017-07-03,2022-07-01,false,true,0.80000000,0.30000000,0.80000000,QQQ<SMA200,0.01561710,0.19833628,0.01551959,0.19833628,76618.06926900,40000.00000000,36618.06926900,0.91545173,0.24300890,0.21394580,0.84343188,0.31908942,1.14424863,0.89528252,-0.27143265,140,2019,0.50287719,2022,-0.17932759,0.44427485,0.19865044,,,0.55528039,0.11101801
VT TQQQ/BTAL t35 w0-60 QQQ:VOL_EWMA80,sens,sens_2017-07-03,2017-07-03,2022-07-01,false,true,0.80000000,0.35000000,0.60000000,,0.00049059,0.00202055,0.00036228,0.00170747,70310.75663350,40000.00000000,30310.75663350,0.75776892,0.22124829,0.18505495,0.82563081,0.29558287,1.12642299,0.67496532,-0.32779208,,2019,0.58060379,2022,-0.29666681,0.47737295,0.39829253,,,0.52213645,0.17388626
VT TQQQ/BTAL t35 w0-60 QQQ:VOL_EWMA80 gate QQQ<SMA200,sens,sens_2017-07-03,2017-07-03,2022-07-01,false,true,0.80000000,0.35000000,0.60000000,QQQ<SMA200,0.01923537,0.22602017,0.01914685,0.22602017,78122.36148350,40000.00000000,38122.36148350,0.95305904,0.24704045,0.22051761,0.91282747,0.28776063,1.24865854,0.81783968,-0.30206465,141,2019,0.48212930,2022,-0.20781148,0.49623706,0.39829253,,,0.50333380,0.13489317
VT TQQQ/BTAL t35 w0-70 QQQ:VOL_EWMA80,sens,sens_2017-07-03,2017-07-03,2022-07-01,false,true,0.80000000,0.35000000,0.70000000,,0.00055146,0.00213774,0.00042902,0.00180541,71313.24044250,40000.00000000,31313.24044250,0.78283101,0.23127314,0.18980009,0.80052720,0.32793082,1.08342417,0.65098972,-0.35526388,,2019,0.62976755,2022,-0.32173767,0.42284565,0.29849962,,,0.57660290,0.17393132
VT TQQQ/BTAL t35 w0-70 QQQ:VOL_EWMA80 gate QQQ<SMA200,sens,sens_2017-07-03,2017-07-03,2022-07-01,false,true,0.80000000,0.35000000,0.70000000,QQQ<SMA200,0.01859475,0.22586607,0.01848366,0.22586607,79810.99454250,40000.00000000,39810.99454250,0.99527486,0.25984883,0.22776026,0.88211990,0.32112613,1.19622819,0.81295044,-0.31963675,141,2019,0.54403769,2022,-0.23617126,0.44101443,0.29849962,,,0.55848260,0.13504727
VT TQQQ/BTAL t35 w0-80 QQQ:VOL_EWMA80,sens,sens_2017-07-03,2017-07-03,2022-07-01,false,true,0.80000000,0.35000000,0.80000000,,0.00048206,0.00213774,0.00037790,0.00180541,73147.39782150,40000.00000000,33147.39782150,0.82868495,0.24011635,0.19832721,0.78830427,0.35322645,1.06549768,0.65934865,-0.36417205,,2019,0.65088252,2022,-0.32426176,0.37869409,0.19874422,,,0.62082385,0.17390832
VT TQQQ/BTAL t35 w0-80 QQQ:VOL_EWMA80 gate QQQ<SMA200,sens,sens_2017-07-03,2017-07-03,2022-07-01,false,true,0.80000000,0.35000000,0.80000000,QQQ<SMA200,0.01774749,0.22587429,0.01766550,0.22587429,82571.15482150,40000.00000000,42571.15482150,1.06427887,0.27191659,0.23930725,0.86866104,0.34735933,1.17665140,0.85058971,-0.31968008,141,2019,0.58264405,2022,-0.23887824,0.39603819,0.19874422,,,0.60350664,0.13503905
VT TQQQ/BTAL t25 w0-60 QQQ:VOL_EWMA85,sens,sens_2017-07-03,2017-07-03,2022-07-01,false,true,0.85000000,0.25000000,0.60000000,,0.00052651,0.00190327,0.00039643,0.00159088,65453.00992150,40000.00000000,25453.00992150,0.63632525,0.19173129,0.16115044,0.82491266,0.25132344,1.12923358,0.76999213,-0.24900422,355,2019,0.45598360,2022,-0.16690881,0.54850817,0.39840912,,,0.45096532,0.11469374
VT TQQQ/BTAL t25 w0-60 QQQ:VOL_EWMA85 gate QQQ<SMA200,sens,sens_2017-07-03,2017-07-03,2022-07-01,false,true,0.85000000,0.25000000,0.60000000,QQQ<SMA200,0.01168386,0.15050084,0.01156547,0.15050084,69627.21042150,40000.00000000,29627.21042150,0.74068026,0.20686242,0.18178406,0.88030344,0.24927261,1.20727760,0.83120376,-0.24887089,355,2019,0.41117560,2022,-0.11183810,0.55974480,0.39840912,,,0.43976878,0.09525720
VT TQQQ/BTAL t25 w0-70 QQQ:VOL_EWMA85,sens,sens_2017-07-03,2017-07-03,2022-07-01,false,true,0.85000000,0.25000000,0.70000000,,0.00055208,0.00178978,0.00042035,0.00149369,64963.98202150,40000.00000000,24963.98202150,0.62409955,0.19003611,0.15865493,0.78019677,0.27035304,1.06345039,0.73450319,-0.25872741,436,2019,0.44848271,2022,-0.16703686,0.51934151,0.29856266,,,0.48010641,0.11461108
VT TQQQ/BTAL t25 w0-70 QQQ:VOL_EWMA85 gate QQQ<SMA200,sens,sens_2017-07-03,2017-07-03,2022-07-01,false,true,0.85000000,0.25000000,0.70000000,QQQ<SMA200,0.01170400,0.15066324,0.01158865,0.15066324,69078.70557150,40000.00000000,29078.70557150,0.72696764,0.20503032,0.17913817,0.83051421,0.26844596,1.13370854,0.81871007,-0.25043093,355,2019,0.40379197,2022,-0.11203083,0.53058333,0.29856266,,,0.46888830,0.09531919
VT TQQQ/BTAL t25 w0-80 QQQ:VOL_EWMA85,sens,sens_2017-07-03,2017-07-03,2022-07-01,false,true,0.85000000,0.25000000,0.80000000,,0.00050259,0.00166529,0.00038288,0.00150754,64781.72175700,40000.00000000,24781.72175700,0.61954304,0.18944988,0.15772046,0.75238160,0.28529060,1.02398804,0.65554757,-0.28899487,474,2019,0.42748732,2022,-0.16707927,0.49898614,0.19905051,,,0.50051127,0.11466276
VT TQQQ/BTAL t25 w0-80 QQQ:VOL_EWMA85 gate QQQ<SMA200,sens,sens_2017-07-03,2017-07-03,2022-07-01,false,true,0.85000000,0.25000000,0.80000000,QQQ<SMA200,0.01165014,0.15059517,0.01155733,0.15059517,68918.58530700,40000.00000000,28918.58530700,0.72296463,0.20456349,0.17836216,0.79990549,0.28350770,1.09009721,0.76977235,-0.26574544,474,2019,0.38343745,2022,-0.11187615,0.51023152,0.19905051,,,0.48931658,0.09519235
VT TQQQ/BTAL t30 w0-60 QQQ:VOL_EWMA85,sens,sens_2017-07-03,2017-07-03,2022-07-01,false,true,0.85000000,0.30000000,0.60000000,,0.00047898,0.00175847,0.00035289,0.00158329,68796.47661150,40000.00000000,28796.47661150,0.71991192,0.21224983,0.17776928,0.83549193,0.27673950,1.13869073,0.73339786,-0.28940611,166,2019,0.52874604,2022,-0.23323195,0.50705224,0.39841671,,,0.49246879,0.13760005
VT TQQQ/BTAL t30 w0-60 QQQ:VOL_EWMA85 gate QQQ<SMA200,sens,sens_2017-07-03,2017-07-03,2022-07-01,false,true,0.85000000,0.30000000,0.60000000,QQQ<SMA200,0.01435789,0.17915116,0.01425512,0.17915116,73470.33721150,40000.00000000,33470.33721150,0.83675843,0.22791926,0.19980847,0.89117099,0.27259704,1.21608294,0.78750516,-0.28941939,166,2019,0.45669848,2022,-0.17284409,0.52094845,0.39841671,,,0.47858044,0.11938545
VT TQQQ/BTAL t30 w0-70 QQQ:VOL_EWMA85,sens,sens_2017-07-03,2017-07-03,2022-07-01,false,true,0.85000000,0.30000000,0.70000000,,0.00046200,0.00196482,0.00035645,0.00162625,69759.67167250,40000.00000000,29759.67167250,0.74399179,0.21854694,0.18242018,0.81160417,0.29943843,1.10378819,0.75503606,-0.28945232,166,2019,0.55085203,2022,-0.23330788,0.46574293,0.29837375,,,0.53379507,0.13768375
VT TQQQ/BTAL t30 w0-70 QQQ:VOL_EWMA85 gate QQQ<SMA200,sens,sens_2017-07-03,2017-07-03,2022-07-01,false,true,0.85000000,0.30000000,0.70000000,QQQ<SMA200,0.01351853,0.17916130,0.01341078,0.17916130,75129.48402250,40000.00000000,35129.48402250,0.87823710,0.23727951,0.20732694,0.86916595,0.29599854,1.18388319,0.81980141,-0.28943535,166,2019,0.49581689,2022,-0.17284927,0.47880686,0.29837375,,,0.52071080,0.11946421
VT TQQQ/BTAL t30 w0-80 QQQ:VOL_EWMA85,sens,sens_2017-07-03,2017-07-03,2022-07-01,false,true,0.85000000,0.30000000,0.80000000,,0.00045328,0.00176860,0.00034866,0.00166922,68852.26184300,40000.00000000,28852.26184300,0.72130655,0.21500850,0.17804026,0.76905890,0.32112760,1.04218780,0.68973559,-0.31172597,446,2019,0.53784468,2022,-0.23329142,0.43354026,0.19833078,,,0.56600646,0.13756248
VT TQQQ/BTAL t30 w0-80 QQQ:VOL_EWMA85 gate QQQ<SMA200,sens,sens_2017-07-03,2017-07-03,2022-07-01,false,true,0.85000000,0.30000000,0.80000000,QQQ<SMA200,0.01352131,0.17939626,0.01341252,0.17939626,74175.60744300,40000.00000000,34175.60744300,0.85439019,0.23377313,0.20302301,0.82182328,0.31793565,1.11509310,0.80781645,-0.28938893,166,2019,0.48313158,2022,-0.17279555,0.44660636,0.19833078,,,0.55294073,0.11938263
VT TQQQ/BTAL t35 w0-60 QQQ:VOL_EWMA85,sens,sens_2017-07-03,2017-07-03,2022-07-01,false,true,0.85000000,0.35000000,0.60000000,,0.00044394,0.00202055,0.00031857,0.00170747,70837.29555100,40000.00000000,30837.29555100,0.77093239,0.22318838,0.18755487,0.83024430,0.29600897,1.13318029,0.70104771,-0.31836404,,2019,0.57865135,2022,-0.28613218,0.47882681,0.39829253,,,0.52072925,0.16054116
VT TQQQ/BTAL t35 w0-60 QQQ:VOL_EWMA85 gate QQQ<SMA200,sens,sens_2017-07-03,2017-07-03,2022-07-01,false,true,0.85000000,0.35000000,0.60000000,QQQ<SMA200,0.01675710,0.20763991,0.01665109,0.20763991,76080.53745100,40000.00000000,36080.53745100,0.90201344,0.23999201,0.21156922,0.88936471,0.28956090,1.21582032,0.76937530,-0.31193100,141,2019,0.48274331,2022,-0.22091241,0.49515003,0.39829253,,,0.50439961,0.14548343
VT TQQQ/BTAL t35 w0-70 QQQ:VOL_EWMA85,sens,sens_2017-07-03,2017-07-03,2022-07-01,false,true,0.85000000,0.35000000,0.70000000,,0.00043765,0.00138749,0.00033411,0.00131683,72733.65498550,40000.00000000,32733.65498550,0.81834137,0.23630621,0.19642077,0.81510412,0.32648803,1.10464528,0.69615098,-0.33944679,169,2019,0.62306968,2022,-0.29576758,0.42497578,0.29868317,,,0.57458658,0.16059855
VT TQQQ/BTAL t35 w0-70 QQQ:VOL_EWMA85 gate QQQ<SMA200,sens,sens_2017-07-03,2017-07-03,2022-07-01,false,true,0.85000000,0.35000000,0.70000000,QQQ<SMA200,0.01581563,0.20728295,0.01571552,0.20728295,78805.36283550,40000.00000000,38805.36283550,0.97013407,0.25644999,0.22346387,0.87382526,0.32104083,1.18595653,0.75542449,-0.33947799,169,2019,0.54479577,2022,-0.23176966,0.44036781,0.29868317,,,0.55917645,0.14578563
VT TQQQ/BTAL t35 w0-80 QQQ:VOL_EWMA85,sens,sens_2017-07-03,2017-07-03,2022-07-01,false,true,0.85000000,0.35000000,0.80000000,,0.00047139,0.00144521,0.00036208,0.00113638,73697.77694700,40000.00000000,33697.77694700,0.84244442,0.24221332,0.20084815,0.79669993,0.35030162,1.07844369,0.71351813,-0.33946344,169,2019,0.64462473,2022,-0.29574968,0.38308879,0.19886362,,,0.61643983,0.16058242
VT TQQQ/BTAL t35 w0-80 QQQ:VOL_EWMA85 gate QQQ<SMA200,sens,sens_2017-07-03,2017-07-03,2022-07-01,false,true,0.85000000,0.35000000,0.80000000,QQQ<SMA200,0.01518015,0.20739621,0.01509873,0.20739621,80364.35889700,40000.00000000,40364.35889700,1.00910897,0.26470764,0.23010369,0.85482279,0.34556976,1.15898717,0.77971653,-0.33949215,169,2019,0.57932752,2022,-0.23171515,0.39791439,0.19886362,,,0.60166979,0.14579579
50/50,sens,sens_2017-07-03,2017-07-03,2022-07-01,true,true,,,,,0.00044036,0.00169695,0.00033045,0.00163397,67041.31882300,40000.00000000,27041.31882300,0.67603297,0.20637557,0.16913954,0.74681753,0.32080935,1.02973881,0.52623789,-0.39217164,,2019,0.60434002,2022,-0.35430786,0.49971115,0.49836603,,,0.49984849,0.49963875
TQQQ60/BTAL40,sens,sens_2017-07-03,2017-07-03,2022-07-01,true,true,,,,,0.00045013,0.00202055,0.00034862,0.00170747,70255.59567950,40000.00000000,30255.59567950,0.75638989,0.22912660,0.18479207,0.72274802,0.39430757,0.99142161,0.47542407,-0.48194151,,2019,0.74285982,2022,-0.44071053,0.39970084,0.39829253,,,0.59984903,0.59962779
TQQQ50/BTAL50 gate QQQ<SMA200,sens,sens_2017-07-03,2017-07-03,2022-07-01,true,true,,,,,0.03163053,0.31828910,0.03153625,0.31828910,72654.82997300,40000.00000000,32654.82997300,0.81637075,0.21983669,0.19605645,0.82440841,0.29410623,1.13621527,0.58285015,-0.37717531,138,2019,0.46127094,2022,-0.23617266,0.53091988,0.49836603,,,0.46862258,0.18171090
SPY benchmark,sens,sens_2017-07-03,2017-07-03,2022-07-01,true,true,,,,,0.00568261,0.01414863,0.00568261,0.01414863,51673.87000000,40000.00000000,11673.87000000,0.29184675,0.09489964,0.08318655,0.54917182,0.20287282,0.74662586,0.28040399,-0.33843899,181,2019,0.28529229,2022,-0.19675978,,,0.99431739,0.98585137,,
VT TQQQ/BTAL t25 w0-60 QQQ:VOL_EWMA70,sens,sens_2018-01-03,2018-01-03,2023-01-03,false,true,0.70000000,0.25000000,0.60000000,,0.00056962,0.00201054,0.00041765,0.00139653,52589.64475750,40000.00000000,12589.64475750,0.31474112,0.11553900,0.08870680,0.55788154,0.25501786,0.75509652,0.38007715,-0.30398827,,2019,0.47395613,2022,-0.26306995,0.57022161,0.39862310,,,0.42920877,0.14616251
VT TQQQ/BTAL t25 w0-60 QQQ:VOL_EWMA70 gate QQQ<SMA200,sens,sens_2018-01-03,2018-01-03,2023-01-03,false,true,0.70000000,0.25000000,0.60000000,QQQ<SMA200,0.03553358,0.29301928,0.03542322,0.29301928,58910.10815750,40000.00000000,18910.10815750,0.47275270,0.14250829,0.12592385,0.65837956,0.25084285,0.89158820,0.53902514,-0.26438154,355,2019,0.42287815,2022,-0.17024441,0.60537830,0.39862310,,,0.39413072,0.05656902
VT TQQQ/BTAL t25 w0-70 QQQ:VOL_EWMA70,sens,sens_2018-01-03,2018-01-03,2023-01-03,false,true,0.70000000,0.25000000,0.70000000,,0.00062302,0.00207380,0.00046177,0.00146637,52811.81421050,40000.00000000,12811.81421050,0.32029536,0.11240912,0.09008402,0.52687689,0.27473899,0.71038335,0.35571335,-0.31601040,,2019,0.49582644,2022,-0.27162493,0.53947890,0.29855722,,,0.45989808,0.14616236
VT TQQQ/BTAL t25 w0-70 QQQ:VOL_EWMA70 gate QQQ<SMA200,sens,sens_2018-01-03,2018-01-03,2023-01-03,false,true,0.70000000,0.25000000,0.70000000,QQQ<SMA200,0.03567685,0.29296327,0.03553645,0.29296327,59160.68781050,40000.00000000,19160.68781050,0.47901720,0.13930557,0.12732169,0.61893050,0.27083299,0.83477055,0.54083558,-0.25757472,324,2019,0.44364668,2022,-0.17974688,0.57458056,0.29855722,,,0.42479980,0.05662503
VT TQQQ/BTAL t25 w0-80 QQQ:VOL_EWMA70,sens,sens_2018-01-03,2018-01-03,2023-01-03,false,true,0.70000000,0.25000000,0.80000000,,0.00066829,0.00178074,0.00051350,0.00141835,52872.32196250,40000.00000000,12872.32196250,0.32180805,0.10762757,0.09045817,0.49916822,0.29028788,0.67158995,0.33895459,-0.31752799,,2019,0.49762126,2022,-0.27138427,0.51790965,0.19858758,,,0.48142207,0.14611405
VT TQQQ/BTAL t25 w0-80 QQQ:VOL_EWMA70 gate QQQ<SMA200,sens,sens_2018-01-03,2018-01-03,2023-01-03,false,true,0.70000000,0.25000000,0.80000000,QQQ<SMA200,0.03564950,0.29299300,0.03553934,0.29299300,59191.70621250,40000.00000000,19191.70621250,0.47979266,0.13422959,0.12749435,0.58483864,0.28661652,0.78701304,0.49115015,-0.27329644,324,2019,0.44487417,2022,-0.17959449,0.55315433,0.19858758,,,0.44627327,0.05659530
VT TQQQ/BTAL t30 w0-60 QQQ:VOL_EWMA70,sens,sens_2018-01-03,2018-01-03,2023-01-03,false,true,0.70000000,0.30000000,0.60000000,,0.00060309,0.00162403,0.00045136,0.00140242,54481.20370400,40000.00000000,14481.20370400,0.36203009,0.13210841,0.10026280,0.58485757,0.28010979,0.79214657,0.37739393,-0.35005442,,2019,0.54335921,2022,-0.31063991,0.52862689,0.39888406,,,0.47077003,0.17529680
VT TQQQ/BTAL t30 w0-60 QQQ:VOL_EWMA70 gate QQQ<SMA200,sens,sens_2018-01-03,2018-01-03,2023-01-03,false,true,0.70000000,0.30000000,0.60000000,QQQ<SMA200,0.04296775,0.34838626,0.04286590,0.34838626,62198.66055400,40000.00000000,22198.66055400,0.55496651,0.16296506,0.14384782,0.69778895,0.26902188,0.94487271,0.62133605,-0.26228167,324,2019,0.45703868,2022,-0.20164657,0.57122775,0.39905211,,,0.42828480,0.07111969
VT TQQQ/BTAL t30 w0-70 QQQ:VOL_EWMA70,sens,sens_2018-01-03,2018-01-03,2023-01-03,false,true,0.70000000,0.30000000,0.70000000,,0.00057402,0.00197039,0.00044486,0.00149163,53366.34790750,40000.00000000,13366.34790750,0.33415870,0.12395475,0.09349808,0.53741440,0.30536448,0.72298658,0.32806742,-0.37783318,,2019,0.56722295,2022,-0.33536621,0.49087825,0.29901593,,,0.50854773,0.17530762
VT TQQQ/BTAL t30 w0-70 QQQ:VOL_EWMA70 gate QQQ<SMA200,sens,sens_2018-01-03,2018-01-03,2023-01-03,false,true,0.70000000,0.30000000,0.70000000,QQQ<SMA200,0.04195440,0.34851034,0.04184204,0.34851034,61568.79325750,40000.00000000,21568.79325750,0.53921983,0.15860753,0.14048348,0.64797049,0.29575368,0.87184803,0.56075610,-0.28284584,,2019,0.50434707,2022,-0.22992122,0.53231004,0.29915142,,,0.46711686,0.07099562
VT TQQQ/BTAL t30 w0-80 QQQ:VOL_EWMA70,sens,sens_2018-01-03,2018-01-03,2023-01-03,false,true,0.70000000,0.30000000,0.80000000,,0.00059154,0.00221246,0.00043331,0.00161382,53162.89668850,40000.00000000,13162.89668850,0.32907242,0.11890952,0.09224937,0.50955860,0.32664453,0.68353712,0.29927547,-0.39732463,,2019,0.59554454,2022,-0.34954907,0.45885306,0.19920950,,,0.54055540,0.17540049
VT TQQQ/BTAL t30 w0-80 QQQ:VOL_EWMA70 gate QQQ<SMA200,sens,sens_2018-01-03,2018-01-03,2023-01-03,false,true,0.70000000,0.30000000,0.80000000,QQQ<SMA200,0.04194047,0.34846472,0.04181005,0.34846472,61282.90178850,40000.00000000,21282.90178850,0.53207254,0.15319364,0.13894597,0.61001975,0.31768573,0.81824416,0.50145828,-0.30549628,,2019,0.53075879,2022,-0.24658853,0.50036132,0.19911380,,,0.49910615,0.07104124
VT TQQQ/BTAL t35 w0-60 QQQ:VOL_EWMA70,sens,sens_2018-01-03,2018-01-03,2023-01-03,false,true,0.70000000,0.35000000,0.60000000,,0.00047546,0.00129856,0.00035493,0.00107051,54748.62480950,40000.00000000,14748.62480950,0.36871562,0.13604443,0.10186627,0.57565488,0.30150554,0.78135546,0.34353106,-0.39601785,,2019,0.58786646,2022,-0.35732783,0.49712618,0.39892949,,,0.50239836,0.20464695
VT TQQQ/BTAL t35 w0-60 QQQ:VOL_EWMA70 gate QQQ<SMA200,sens,sens_2018-01-03,2018-01-03,2023-01-03,false,true,0.70000000,0.35000000,0.60000000,QQQ<SMA200,0.04946451,0.40266488,0.04935413,0.40266488,64251.96630950,40000.00000000,24251.96630950,0.60629916,0.17366721,0.15460202,0.70992497,0.28271362,0.96350680,0.59265801,-0.29303106,140,2019,0.48135466,2022,-0.23287758,0.54623359,0.39902692,,,0.45331990,0.08675873
VT TQQQ/BTAL t35 w0-70 QQQ:VOL_EWMA70,sens,sens_2018-01-03,2018-01-03,2023-01-03,false,true,0.70000000,0.35000000,0.70000000,,0.00056476,0.00160373,0.00040400,0.00132993,55041.26568000,40000.00000000,15041.26568000,0.37603164,0.13869283,0.10361262,0.55968033,0.33170755,0.75431689,0.32899425,-0.42156611,,2019,0.64077700,2022,-0.38024547,0.45015084,0.29870324,,,0.54928439,0.20465413
VT TQQQ/BTAL t35 w0-70 QQQ:VOL_EWMA70 gate QQQ<SMA200,sens,sens_2018-01-03,2018-01-03,2023-01-03,false,true,0.70000000,0.35000000,0.70000000,QQQ<SMA200,0.04901221,0.40267466,0.04889457,0.40267466,64964.43818000,40000.00000000,24964.43818000,0.62411095,0.17860446,0.15826004,0.68185175,0.31492133,0.91838497,0.57990410,-0.30798965,,2019,0.54462479,2022,-0.26011517,0.49864884,0.29870324,,,0.50078828,0.08674896
VT TQQQ/BTAL t35 w0-80 QQQ:VOL_EWMA70,sens,sens_2018-01-03,2018-01-03,2023-01-03,false,true,0.70000000,0.35000000,0.80000000,,0.00060278,0.00228903,0.00044341,0.00174718,53638.71981200,40000.00000000,13638.71981200,0.34096800,0.12890384,0.09516286,0.51986850,0.35900557,0.69697039,0.28736957,-0.44856469,,2019,0.66066889,2022,-0.40308686,0.41152376,0.19924203,,,0.58787346,0.20468010
VT TQQQ/BTAL t35 w0-80 QQQ:VOL_EWMA70 gate QQQ<SMA200,sens,sens_2018-01-03,2018-01-03,2023-01-03,false,true,0.70000000,0.35000000,0.80000000,QQQ<SMA200,0.04806715,0.40277314,0.04793861,0.40277314,63828.52176200,40000.00000000,23828.52176200,0.59571304,0.17168831,0.15241030,0.63546936,0.34406595,0.85164872,0.50447896,-0.34032800,,2019,0.58496968,2022,-0.28743272,0.45912555,0.19911911,,,0.54031124,0.08665047
VT TQQQ/BTAL t25 w0-60 QQQ:VOL_EWMA75,sens,sens_2018-01-03,2018-01-03,2023-01-03,false,true,0.75000000,0.25000000,0.60000000,,0.00057499,0.00182958,0.00043464,0.00147040,53109.37968950,40000.00000000,13109.37968950,0.32773449,0.11869755,0.09192016,0.57074250,0.25358216,0.77353529,0.40546774,-0.29274227,,2019,0.46739058,2022,-0.25419771,0.57124013,0.39872859,,,0.42818488,0.13512578
VT TQQQ/BTAL t25 w0-60 QQQ:VOL_EWMA75 gate QQQ<SMA200,sens,sens_2018-01-03,2018-01-03,2023-01-03,false,true,0.75000000,0.25000000,0.60000000,QQQ<SMA200,0.03394017,0.28526684,0.03384013,0.28526684,59289.34703950,40000.00000000,19289.34703950,0.48223368,0.14503061,0.12803729,0.66893630,0.24977905,0.90707175,0.56594379,-0.25626327,355,2019,0.41791514,2022,-0.16698460,0.60473851,0.39872859,,,0.39473107,0.05944669
VT TQQQ/BTAL t25 w0-70 QQQ:VOL_EWMA75,sens,sens_2018-01-03,2018-01-03,2023-01-03,false,true,0.75000000,0.25000000,0.70000000,,0.00058314,0.00162736,0.00042009,0.00131614,53170.23361050,40000.00000000,13170.23361050,0.32925584,0.11419094,0.09229448,0.53555765,0.27171355,0.72284064,0.38351287,-0.29774996,,2019,0.48228333,2022,-0.25400798,0.54346180,0.29919668,,,0.45595506,0.13503160
VT TQQQ/BTAL t25 w0-70 QQQ:VOL_EWMA75 gate QQQ<SMA200,sens,sens_2018-01-03,2018-01-03,2023-01-03,false,true,0.75000000,0.25000000,0.70000000,QQQ<SMA200,0.03400269,0.28513867,0.03386600,0.28513867,59308.18421050,40000.00000000,19308.18421050,0.48270461,0.14022265,0.12814194,0.62535389,0.26817680,0.84428282,0.55360184,-0.25329152,324,2019,0.43195116,2022,-0.16731588,0.57689374,0.29895901,,,0.42251029,0.05957487
VT TQQQ/BTAL t25 w0-80 QQQ:VOL_EWMA75,sens,sens_2018-01-03,2018-01-03,2023-01-03,false,true,0.75000000,0.25000000,0.80000000,,0.00069173,0.00170310,0.00050655,0.00131614,52982.57501050,40000.00000000,12982.57501050,0.32456438,0.10802465,0.09113889,0.50332418,0.28628108,0.67748430,0.36186318,-0.29852346,,2019,0.48041085,2022,-0.25401748,0.52386015,0.19895475,,,0.47544812,0.13502057
VT TQQQ/BTAL t25 w0-80 QQQ:VOL_EWMA75 gate QQQ<SMA200,sens,sens_2018-01-03,2018-01-03,2023-01-03,false,true,0.75000000,0.25000000,0.80000000,QQQ<SMA200,0.03400824,0.28522990,0.03387115,0.28522990,59105.46066050,40000.00000000,19105.46066050,0.47763652,0.13393864,0.12701408,0.58778022,0.28293888,0.79133603,0.50421702,-0.26563689,452,2019,0.43016365,2022,-0.16721165,0.55743000,0.19895475,,,0.44200224,0.05948364
VT TQQQ/BTAL t30 w0-60 QQQ:VOL_EWMA75,sens,sens_2018-01-03,2018-01-03,2023-01-03,false,true,0.75000000,0.30000000,0.60000000,,0.00058057,0.00157841,0.00045242,0.00151734,54367.77448550,40000.00000000,14367.77448550,0.35919436,0.13180892,0.09958046,0.58477634,0.27932076,0.79177966,0.37950084,-0.34732181,,2019,0.53923487,2022,-0.30990883,0.52981090,0.39883172,,,0.46960854,0.16220873
VT TQQQ/BTAL t30 w0-60 QQQ:VOL_EWMA75 gate QQQ<SMA200,sens,sens_2018-01-03,2018-01-03,2023-01-03,false,true,0.75000000,0.30000000,0.60000000,QQQ<SMA200,0.04102588,0.33889846,0.04092364,0.33889846,61736.54303550,40000.00000000,21736.54303550,0.54341358,0.16144443,0.14138257,0.69285600,0.26906607,0.93777154,0.62094986,-0.25999592,139,2019,0.45424289,2022,-0.20930128,0.57040174,0.39883172,,,0.42908155,0.07475778
VT TQQQ/BTAL t30 w0-70 QQQ:VOL_EWMA75,sens,sens_2018-01-03,2018-01-03,2023-01-03,false,true,0.75000000,0.30000000,0.70000000,,0.00058602,0.00193928,0.00043333,0.00153697,53734.56139100,40000.00000000,13734.56139100,0.34336403,0.12652208,0.09574678,0.54599620,0.30393557,0.73517726,0.34140505,-0.37059230,,2019,0.55844008,2022,-0.32960734,0.49180851,0.29896301,,,0.50760546,0.16212306
VT TQQQ/BTAL t30 w0-70 QQQ:VOL_EWMA75 gate QQQ<SMA200,sens,sens_2018-01-03,2018-01-03,2023-01-03,false,true,0.75000000,0.30000000,0.70000000,QQQ<SMA200,0.03986444,0.33892293,0.03975347,0.33892293,61639.60324100,40000.00000000,21639.60324100,0.54099008,0.15995469,0.14086327,0.65265247,0.29511158,0.87891587,0.56336130,-0.28392914,,2019,0.49768909,2022,-0.23183118,0.53130778,0.29891928,,,0.46820805,0.07473331
VT TQQQ/BTAL t30 w0-80 QQQ:VOL_EWMA75,sens,sens_2018-01-03,2018-01-03,2023-01-03,false,true,0.75000000,0.30000000,0.80000000,,0.00057726,0.00162327,0.00044571,0.00132675,53999.60784600,40000.00000000,13999.60784600,0.34999020,0.12301606,0.09735656,0.52275788,0.32331699,0.70196080,0.32631198,-0.37698909,,2019,0.57803723,2022,-0.32962601,0.46223877,0.19867325,,,0.53718396,0.16219086
VT TQQQ/BTAL t30 w0-80 QQQ:VOL_EWMA75 gate QQQ<SMA200,sens,sens_2018-01-03,2018-01-03,2023-01-03,false,true,0.75000000,0.30000000,0.80000000,QQQ<SMA200,0.03992152,0.33886083,0.03981078,0.33886083,61938.95384600,40000.00000000,21938.95384600,0.54847385,0.15633317,0.14246445,0.62108441,0.31503777,0.83397353,0.53666165,-0.29130677,,2019,0.51610353,2022,-0.23196144,0.50164918,0.19867325,,,0.49778441,0.07479542
VT TQQQ/BTAL t35 w0-60 QQQ:VOL_EWMA75,sens,sens_2018-01-03,2018-01-03,2023-01-03,false,true,0.75000000,0.35000000,0.60000000,,0.00052231,0.00159229,0.00038644,0.00128520,54882.38936000,40000.00000000,14882.38936000,0.37205973,0.13674281,0.10266559,0.57832300,0.30081048,0.78537399,0.34801027,-0.39292752,,2019,0.58386817,2022,-0.35589133,0.49739154,0.39881119,,,0.50208615,0.18926391
VT TQQQ/BTAL t35 w0-60 QQQ:VOL_EWMA75 gate QQQ<SMA200,sens,sens_2018-01-03,2018-01-03,2023-01-03,false,true,0.75000000,0.35000000,0.60000000,QQQ<SMA200,0.04707334,0.39117205,0.04696323,0.39117205,63923.45426000,40000.00000000,23923.45426000,0.59808636,0.17264438,0.15290282,0.70562910,0.28351711,0.95815227,0.58266908,-0.29629919,140,2019,0.47995317,2022,-0.24185289,0.54407906,0.39902804,,,0.45543387,0.09142690
VT TQQQ/BTAL t35 w0-70 QQQ:VOL_EWMA75,sens,sens_2018-01-03,2018-01-03,2023-01-03,false,true,0.75000000,0.35000000,0.70000000,,0.00053811,0.00153167,0.00040901,0.00124181,54978.34219850,40000.00000000,14978.34219850,0.37445855,0.13874443,0.10323785,0.56054942,0.33065988,0.75521706,0.33162035,-0.41838333,,2019,0.63607107,2022,-0.37900165,0.45150449,0.29907074,,,0.54795740,0.18928726
VT TQQQ/BTAL t35 w0-70 QQQ:VOL_EWMA75 gate QQQ<SMA200,sens,sens_2018-01-03,2018-01-03,2023-01-03,false,true,0.75000000,0.35000000,0.70000000,QQQ<SMA200,0.04656135,0.39109825,0.04644905,0.39109825,64349.14394850,40000.00000000,24349.14394850,0.60872860,0.17661529,0.15510314,0.67622380,0.31515605,0.91039764,0.56016539,-0.31529133,,2019,0.54109645,2022,-0.26888426,0.49767746,0.29907074,,,0.50183268,0.09150070
VT TQQQ/BTAL t35 w0-80 QQQ:VOL_EWMA75,sens,sens_2018-01-03,2018-01-03,2023-01-03,false,true,0.75000000,0.35000000,0.80000000,,0.00055407,0.00143873,0.00040565,0.00118342,53868.13483600,40000.00000000,13868.13483600,0.34670337,0.13111539,0.09655897,0.52605136,0.35736670,0.70566882,0.29525437,-0.44407603,,2019,0.65344963,2022,-0.40034272,0.41260955,0.19894231,,,0.58683639,0.18928563
VT TQQQ/BTAL t35 w0-80 QQQ:VOL_EWMA75 gate QQQ<SMA200,sens,sens_2018-01-03,2018-01-03,2023-01-03,false,true,0.75000000,0.35000000,0.80000000,QQQ<SMA200,0.04556032,0.39114111,0.04543927,0.39114111,63615.24798600,40000.00000000,23615.24798600,0.59038120,0.17220263,0.15130135,0.63707409,0.34363554,0.85437080,0.49806538,-0.34574303,,2019,0.58028226,2022,-0.29420589,0.45774861,0.19879140,,,0.54175031,0.09145784
VT TQQQ/BTAL t25 w0-60 QQQ:VOL_EWMA80,sens,sens_2018-01-03,2018-01-03,2023-01-03,false,true,0.80000000,0.25000000,0.60000000,,0.00055678,0.00170086,0.00042944,0.00141818,53684.15081850,40000.00000000,13684.15081850,0.34210377,0.12215358,0.09543977,0.58519605,0.25182868,0.79449455,0.44335950,-0.27551814,,2019,0.46056645,2022,-0.23794446,0.57306475,0.39891321,,,0.42637846,0.12418668
VT TQQQ/BTAL t25 w0-60 QQQ:VOL_EWMA80 gate QQQ<SMA200,sens,sens_2018-01-03,2018-01-03,2023-01-03,false,true,0.80000000,0.25000000,0.60000000,QQQ<SMA200,0.03201075,0.27683571,0.03190325,0.27683571,59597.73721850,40000.00000000,19597.73721850,0.48994343,0.14732355,0.12974671,0.67937108,0.24836105,0.92287356,0.58849997,-0.25033740,355,2019,0.41242275,2022,-0.15810078,0.60455718,0.39891321,,,0.39488993,0.06323942
VT TQQQ/BTAL t25 w0-70 QQQ:VOL_EWMA80,sens,sens_2018-01-03,2018-01-03,2023-01-03,false,true,0.80000000,0.25000000,0.70000000,,0.00063278,0.00176160,0.00046341,0.00143813,52976.22882050,40000.00000000,12976.22882050,0.32440572,0.11333248,0.09109974,0.53495770,0.26937783,0.72241282,0.40468876,-0.28004849,,2019,0.46650085,2022,-0.23784873,0.54764107,0.29906896,,,0.45172615,0.12411615
VT TQQQ/BTAL t25 w0-70 QQQ:VOL_EWMA80 gate QQQ<SMA200,sens,sens_2018-01-03,2018-01-03,2023-01-03,false,true,0.80000000,0.25000000,0.70000000,QQQ<SMA200,0.03207105,0.27699658,0.03195804,0.27699658,58779.74527050,40000.00000000,18779.74527050,0.46949363,0.13815452,0.12519446,0.62118003,0.26617713,0.83912754,0.54582481,-0.25311147,337,2019,0.41767674,2022,-0.15790312,0.57926506,0.29906896,,,0.42017864,0.06307854
VT TQQQ/BTAL t25 w0-80 QQQ:VOL_EWMA80,sens,sens_2018-01-03,2018-01-03,2023-01-03,false,true,0.80000000,0.25000000,0.80000000,,0.00067190,0.00176160,0.00051232,0.00143813,52568.53367050,40000.00000000,12568.53367050,0.31421334,0.10569065,0.08857565,0.49839677,0.28294738,0.67090770,0.36154901,-0.29232731,469,2019,0.45464529,2022,-0.23783851,0.53025905,0.19901545,,,0.46906905,0.12419293
VT TQQQ/BTAL t25 w0-80 QQQ:VOL_EWMA80 gate QQQ<SMA200,sens,sens_2018-01-03,2018-01-03,2023-01-03,false,true,0.80000000,0.25000000,0.80000000,QQQ<SMA200,0.03221411,0.27713923,0.03209288,0.27713923,58357.50477050,40000.00000000,18357.50477050,0.45893762,0.13049569,0.12282167,0.58021309,0.27987163,0.78125987,0.49106332,-0.26574106,468,2019,0.40615805,2022,-0.15768694,0.56193606,0.19901545,,,0.43741449,0.06293589
VT TQQQ/BTAL t30 w0-60 QQQ:VOL_EWMA80,sens,sens_2018-01-03,2018-01-03,2023-01-03,false,true,0.80000000,0.30000000,0.60000000,,0.00055990,0.00139337,0.00041525,0.00121436,54159.71242400,40000.00000000,14159.71242400,0.35399281,0.13105372,0.09832540,0.58272769,0.27901136,0.78873396,0.38029280,-0.34461266,,2019,0.53447195,2022,-0.30888910,0.53063677,0.39901807,,,0.46880333,0.14906866
VT TQQQ/BTAL t30 w0-60 QQQ:VOL_EWMA80 gate QQQ<SMA200,sens,sens_2018-01-03,2018-01-03,2023-01-03,false,true,0.80000000,0.30000000,0.60000000,QQQ<SMA200,0.03865387,0.32859802,0.03854793,0.32859802,61018.42082400,40000.00000000,21018.42082400,0.52546052,0.15887461,0.13751772,0.68375558,0.26962734,0.92505723,0.58524706,-0.27146588,140,2019,0.45249598,2022,-0.21903962,0.56879559,0.39893834,,,0.43065712,0.07949214
VT TQQQ/BTAL t30 w0-70 QQQ:VOL_EWMA80,sens,sens_2018-01-03,2018-01-03,2023-01-03,false,true,0.80000000,0.30000000,0.70000000,,0.00057185,0.00153253,0.00041019,0.00120625,54887.48575250,40000.00000000,14887.48575250,0.37218714,0.13303242,0.10269601,0.56735685,0.30115205,0.76551809,0.37871891,-0.35126956,,2019,0.55517251,2022,-0.31092610,0.49375468,0.29879375,,,0.50567347,0.14904294
VT TQQQ/BTAL t30 w0-70 QQQ:VOL_EWMA80 gate QQQ<SMA200,sens,sens_2018-01-03,2018-01-03,2023-01-03,false,true,0.80000000,0.30000000,0.70000000,QQQ<SMA200,0.03759190,0.32845605,0.03747095,0.32845605,62445.53340250,40000.00000000,22445.53340250,0.56113834,0.16464053,0.14515791,0.66895294,0.29300803,0.90279738,0.60240895,-0.27330360,,2019,0.49569958,2022,-0.22144806,0.53083416,0.29879375,,,0.46862364,0.07963410
VT TQQQ/BTAL t30 w0-80 QQQ:VOL_EWMA80,sens,sens_2018-01-03,2018-01-03,2023-01-03,false,true,0.80000000,0.30000000,0.80000000,,0.00063806,0.00195231,0.00046402,0.00147710,53909.28323850,40000.00000000,13909.28323850,0.34773208,0.12283476,0.09680880,0.52388523,0.32064595,0.70385315,0.34323037,-0.35787848,,2019,0.56033562,2022,-0.31096346,0.46639157,0.19882802,,,0.53297037,0.14899767
VT TQQQ/BTAL t30 w0-80 QQQ:VOL_EWMA80 gate QQQ<SMA200,sens,sens_2018-01-03,2018-01-03,2023-01-03,false,true,0.80000000,0.30000000,0.80000000,QQQ<SMA200,0.03767238,0.32854142,0.03751816,0.32854142,61304.44683850,40000.00000000,21304.44683850,0.53261117,0.15405956,0.13906207,0.61673091,0.31301244,0.82856858,0.54872131,-0.28076103,,2019,0.49977812,2022,-0.22150070,0.50354937,0.19882802,,,0.49586072,0.07954873
VT TQQQ/BTAL t35 w0-60 QQQ:VOL_EWMA80,sens,sens_2018-01-03,2018-01-03,2023-01-03,false,true,0.80000000,0.35000000,0.60000000,,0.00050672,0.00130819,0.00038344,0.00114746,54958.29249700,40000.00000000,14958.29249700,0.37395731,0.13774162,0.10311835,0.58181967,0.30019200,0.79047306,0.35301683,-0.39018427,,2019,0.58046658,2022,-0.35452106,0.49832962,0.39885900,,,0.50116366,0.17392131
VT TQQQ/BTAL t35 w0-60 QQQ:VOL_EWMA80 gate QQQ<SMA200,sens,sens_2018-01-03,2018-01-03,2023-01-03,false,true,0.80000000,0.35000000,0.60000000,QQQ<SMA200,0.04438539,0.37866108,0.04427815,0.37866108,63279.61334700,40000.00000000,23279.61334700,0.58199033,0.17078292,0.14954925,0.69889691,0.28427993,0.94930872,0.56524126,-0.30214164,141,2019,0.47790358,2022,-0.25314376,0.54222905,0.39885900,,,0.45726210,0.09744410
VT TQQQ/BTAL t35 w0-70 QQQ:VOL_EWMA80,sens,sens_2018-01-03,2018-01-03,2023-01-03,false,true,0.80000000,0.35000000,0.70000000,,0.00056284,0.00167276,0.00044024,0.00161875,54722.69470000,40000.00000000,14722.69470000,0.36806737,0.13780937,0.10171111,0.55836355,0.33024270,0.75193439,0.33196877,-0.41512752,,2019,0.62972164,2022,-0.37755860,0.45245502,0.29883636,,,0.54698214,0.17395672
VT TQQQ/BTAL t35 w0-70 QQQ:VOL_EWMA80 gate QQQ<SMA200,sens,sens_2018-01-03,2018-01-03,2023-01-03,false,true,0.80000000,0.35000000,0.70000000,QQQ<SMA200,0.04376400,0.37866186,0.04364023,0.37866186,63369.81060000,40000.00000000,23369.81060000,0.58424526,0.17309384,0.15002094,0.66573229,0.31604028,0.89586256,0.53354351,-0.32442311,,2019,0.53898782,2022,-0.27974606,0.49578750,0.29883636,,,0.50368850,0.09744332
VT TQQQ/BTAL t35 w0-80 QQQ:VOL_EWMA80,sens,sens_2018-01-03,2018-01-03,2023-01-03,false,true,0.80000000,0.35000000,0.80000000,,0.00060768,0.00161486,0.00043924,0.00138591,55436.29236100,40000.00000000,15436.29236100,0.38590731,0.13948606,0.10595631,0.54866099,0.35362035,0.73732915,0.32962433,-0.42316675,,2019,0.65082631,2022,-0.37981987,0.41481800,0.19884688,,,0.58457432,0.17398660
VT TQQQ/BTAL t35 w0-80 QQQ:VOL_EWMA80 gate QQQ<SMA200,sens,sens_2018-01-03,2018-01-03,2023-01-03,false,true,0.80000000,0.35000000,0.80000000,QQQ<SMA200,0.04286310,0.37850306,0.04273965,0.37850306,64698.26126100,40000.00000000,24698.26126100,0.61745653,0.17779137,0.15689774,0.65330567,0.34093180,0.87778807,0.53267960,-0.33376794,,2019,0.57902179,2022,-0.28243606,0.45725080,0.19884688,,,0.54222314,0.09760212
VT TQQQ/BTAL t25 w0-60 QQQ:VOL_EWMA85,sens,sens_2018-01-03,2018-01-03,2023-01-03,false,true,0.85000000,0.25000000,0.60000000,,0.00055167,0.00128327,0.00040561,0.00114589,53316.90161650,40000.00000000,13316.90161650,0.33292254,0.12018868,0.09319501,0.58035524,0.25017212,0.78879266,0.46052587,-0.26098138,,2019,0.45598992,2022,-0.22375457,0.57671755,0.39913844,,,0.42273078,0.11459420
VT TQQQ/BTAL t25 w0-60 QQQ:VOL_EWMA85 gate QQQ<SMA200,sens,sens_2018-01-03,2018-01-03,2023-01-03,false,true,0.85000000,0.25000000,0.60000000,QQQ<SMA200,0.02982155,0.26656277,0.02971905,0.26656277,58342.72411650,40000.00000000,18342.72411650,0.45856810,0.14138670,0.12273833,0.66089469,0.24686520,0.89854680,0.56805518,-0.24889607,355,2019,0.40944633,2022,-0.15411665,0.60612572,0.39915129,,,0.39337866,0.06788606
VT TQQQ/BTAL t25 w0-70 QQQ:VOL_EWMA85,sens,sens_2018-01-03,2018-01-03,2023-01-03,false,true,0.85000000,0.25000000,0.70000000,,0.00060493,0.00166040,0.00044709,0.00124604,52356.40419500,40000.00000000,12356.40419500,0.30891010,0.11026585,0.08725508,0.52646892,0.26750878,0.71119226,0.41944491,-0.26288517,,2019,0.44844146,2022,-0.22365790,0.55254580,0.29928575,,,0.44684927,0.11470778
VT TQQQ/BTAL t25 w0-70 QQQ:VOL_EWMA85 gate QQQ<SMA200,sens,sens_2018-01-03,2018-01-03,2023-01-03,false,true,0.85000000,0.25000000,0.70000000,QQQ<SMA200,0.02994504,0.26684996,0.02982451,0.26684996,57297.69479500,40000.00000000,17297.69479500,0.43244237,0.13129008,0.11679534,0.60057515,0.26443975,0.81140667,0.52442050,-0.25035269,355,2019,0.40163090,2022,-0.15365541,0.58210843,0.29919153,,,0.41740488,0.06759887
VT TQQQ/BTAL t25 w0-80 QQQ:VOL_EWMA85,sens,sens_2018-01-03,2018-01-03,2023-01-03,false,true,0.85000000,0.25000000,0.80000000,,0.00065541,0.00153337,0.00046430,0.00108639,51573.49254500,40000.00000000,11573.49254500,0.28933731,0.10038037,0.08233751,0.48302136,0.28056985,0.65001394,0.34736867,-0.28897357,474,2019,0.42744642,2022,-0.22364245,0.53704487,0.19891361,,,0.46229972,0.11473447
VT TQQQ/BTAL t25 w0-80 QQQ:VOL_EWMA85 gate QQQ<SMA200,sens,sens_2018-01-03,2018-01-03,2023-01-03,false,true,0.85000000,0.25000000,0.80000000,QQQ<SMA200,0.02997479,0.26689018,0.02984924,0.26689018,56426.18569500,40000.00000000,16426.18569500,0.41065464,0.12114406,0.11176184,0.55262015,0.27765945,0.74370015,0.45588028,-0.26573658,474,2019,0.38105734,2022,-0.15375711,0.56660160,0.19891361,,,0.43286951,0.06755865
VT TQQQ/BTAL t30 w0-60 QQQ:VOL_EWMA85,sens,sens_2018-01-03,2018-01-03,2023-01-03,false,true,0.85000000,0.30000000,0.60000000,,0.00053350,0.00155071,0.00040226,0.00129438,54388.34624300,40000.00000000,14388.34624300,0.35970866,0.13173741,0.09970431,0.58602124,0.27797998,0.79394163,0.39892344,-0.33023232,,2019,0.52879833,2022,-0.29466767,0.53257530,0.39884070,,,0.46689119,0.13752396
VT TQQQ/BTAL t30 w0-60 QQQ:VOL_EWMA85 gate QQQ<SMA200,sens,sens_2018-01-03,2018-01-03,2023-01-03,false,true,0.85000000,0.30000000,0.60000000,QQQ<SMA200,0.03573279,0.31562327,0.03562545,0.31562327,60245.38004300,40000.00000000,20245.38004300,0.50613450,0.15511545,0.13331020,0.67218417,0.26928069,0.91016248,0.53602157,-0.28938284,166,2019,0.45319823,2022,-0.21705036,0.56792852,0.39884070,,,0.43160832,0.08571533
VT TQQQ/BTAL t30 w0-70 QQQ:VOL_EWMA85,sens,sens_2018-01-03,2018-01-03,2023-01-03,false,true,0.85000000,0.30000000,0.70000000,,0.00058975,0.00176373,0.00042967,0.00127123,54469.62091550,40000.00000000,14469.62091550,0.36174052,0.13063300,0.10019319,0.56232234,0.29877338,0.75952194,0.39042167,-0.33459465,,2019,0.55089147,2022,-0.29457573,0.49827496,0.29891586,,,0.50113529,0.13763090
VT TQQQ/BTAL t30 w0-70 QQQ:VOL_EWMA85 gate QQQ<SMA200,sens,sens_2018-01-03,2018-01-03,2023-01-03,false,true,0.85000000,0.30000000,0.70000000,QQQ<SMA200,0.03488780,0.31553237,0.03476063,0.31553237,60792.32091550,40000.00000000,20792.32091550,0.51980802,0.15691755,0.13629221,0.64840535,0.29114993,0.87573523,0.54232707,-0.28934117,166,2019,0.49309526,2022,-0.21710439,0.53271910,0.29891586,,,0.46677157,0.08580623
VT TQQQ/BTAL t30 w0-80 QQQ:VOL_EWMA85,sens,sens_2018-01-03,2018-01-03,2023-01-03,false,true,0.85000000,0.30000000,0.80000000,,0.00064284,0.00155915,0.00047473,0.00141012,53286.63445950,40000.00000000,13286.63445950,0.33216586,0.11993551,0.09300936,0.51694623,0.31874148,0.69492784,0.35234291,-0.34039428,,2019,0.53766327,2022,-0.29469606,0.47130991,0.19858988,,,0.52804725,0.13762559
VT TQQQ/BTAL t30 w0-80 QQQ:VOL_EWMA85 gate QQQ<SMA200,sens,sens_2018-01-03,2018-01-03,2023-01-03,false,true,0.85000000,0.30000000,0.80000000,QQQ<SMA200,0.03501717,0.31588687,0.03490332,0.31588687,59511.67660950,40000.00000000,19511.67660950,0.48779192,0.14615940,0.12927049,0.59597786,0.31161331,0.80096241,0.50502510,-0.28941017,166,2019,0.48010069,2022,-0.21663220,0.50588488,0.19858988,,,0.49357477,0.08545172
VT TQQQ/BTAL t35 w0-60 QQQ:VOL_EWMA85,sens,sens_2018-01-03,2018-01-03,2023-01-03,false,true,0.85000000,0.35000000,0.60000000,,0.00054965,0.00172185,0.00041141,0.00157516,54731.97709000,40000.00000000,14731.97709000,0.36829943,0.13693864,0.10176666,0.57902290,0.30067708,0.78669201,0.35293085,-0.38800417,,2019,0.57868758,2022,-0.35289819,0.49935983,0.39873749,,,0.50009053,0.16061614
VT TQQQ/BTAL t35 w0-60 QQQ:VOL_EWMA85 gate QQQ<SMA200,sens,sens_2018-01-03,2018-01-03,2023-01-03,false,true,0.85000000,0.35000000,0.60000000,QQQ<SMA200,0.04115653,0.36293576,0.04104986,0.36293576,61531.98709000,40000.00000000,21531.98709000,0.53829968,0.16341681,0.14028591,0.67426839,0.28603095,0.91537752,0.52377656,-0.31199719,141,2019,0.47853368,2022,-0.26762601,0.54009986,0.39873749,,,0.45939908,0.10529261
VT TQQQ/BTAL t35 w0-70 QQQ:VOL_EWMA85,sens,sens_2018-01-03,2018-01-03,2023-01-03,false,true,0.85000000,0.35000000,0.70000000,,0.00054351,0.00147214,0.00041031,0.00121340,55058.19097550,40000.00000000,15058.19097550,0.37645477,0.13900294,0.10371335,0.56257010,0.32875855,0.75824483,0.34858092,-0.39876806,,2019,0.62288921,2022,-0.36165021,0.45468488,0.29897975,,,0.54477162,0.16059020
VT TQQQ/BTAL t35 w0-70 QQQ:VOL_EWMA85 gate QQQ<SMA200,sens,sens_2018-01-03,2018-01-03,2023-01-03,false,true,0.85000000,0.35000000,0.70000000,QQQ<SMA200,0.04031261,0.36285982,0.04019533,0.36285982,62399.01177550,40000.00000000,22399.01177550,0.55997529,0.16859486,0.14491140,0.65382300,0.31576508,0.88048120,0.49661286,-0.33948951,169,2019,0.53971485,2022,-0.27751403,0.49453599,0.29903469,,,0.50492114,0.10536854
VT TQQQ/BTAL t35 w0-80 QQQ:VOL_EWMA85,sens,sens_2018-01-03,2018-01-03,2023-01-03,false,true,0.85000000,0.35000000,0.80000000,,0.00052161,0.00161486,0.00037365,0.00133162,55094.76651400,40000.00000000,15094.76651400,0.37736916,0.13748136,0.10393095,0.54524957,0.35059256,0.73343551,0.33954969,-0.40489319,,2019,0.64474202,2022,-0.36166134,0.41996175,0.19884688,,,0.57951664,0.16053539
VT TQQQ/BTAL t35 w0-80 QQQ:VOL_EWMA85 gate QQQ<SMA200,sens,sens_2018-01-03,2018-01-03,2023-01-03,false,true,0.85000000,0.35000000,0.80000000,QQQ<SMA200,0.03956636,0.36270029,0.03945447,0.36270029,62800.68526400,40000.00000000,22800.68526400,0.57001713,0.16927402,0.14703429,0.63372273,0.33881316,0.85208049,0.49856200,-0.33952451,169,2019,0.57572107,2022,-0.27771329,0.45914260,0.19884688,,,0.54037790,0.10552807
50/50,sens,sens_2018-01-03,2018-01-03,2023-01-03,true,true,,,,,0.00055810,0.00187430,0.00041311,0.00161500,51431.59007550,40000.00000000,11431.59007550,0.28578975,0.12679095,0.08143873,0.52397537,0.33772131,0.72348179,0.28238418,-0.44900161,,2019,0.60447869,2022,-0.42912947,0.49965586,0.49838500,,,0.49978604,0.49945693
TQQQ60/BTAL40,sens,sens_2018-01-03,2018-01-03,2023-01-03,true,true,,,,,0.00053236,0.00163845,0.00038933,0.00157149,50531.60530750,40000.00000000,10531.60530750,0.26329013,0.12794292,0.07568365,0.49949778,0.41703146,0.68717944,0.23485630,-0.54477107,,2019,0.74283456,2022,-0.52199967,0.39966465,0.39842851,,,0.59980299,0.59953194
TQQQ50/BTAL50 gate QQQ<SMA200,sens,sens_2018-01-03,2018-01-03,2023-01-03,true,true,,,,,0.06364405,0.36760088,0.06353992,0.36760088,59560.73772550,40000.00000000,19560.73772550,0.48901844,0.15379543,0.12954205,0.63770977,0.29220288,0.87495727,0.40778750,-0.37714601,138,2019,0.45526958,2022,-0.28853307,0.56294519,0.49838500,,,0.43658860,0.13239912
SPY benchmark,sens,sens_2018-01-03,2018-01-03,2023-01-03,true,true,,,,,0.00682516,0.02630800,0.00682516,0.02630800,48462.78000000,40000.00000000,8462.78000000,0.21156950,0.07069591,0.06208026,0.42664473,0.21457728,0.58610466,0.20902578,-0.33821625,181,2019,0.28478004,2022,-0.19374274,,,0.99317484,0.97369200,,
VT TQQQ/BTAL t25 w0-60 QQQ:VOL_EWMA70,sens,sens_2018-07-03,2018-07-03,2023-07-03,false,true,0.70000000,0.25000000,0.60000000,,0.00068372,0.00198803,0.00051841,0.00169419,65456.71850000,40000.00000000,25456.71850000,0.63641796,0.16101905,0.16091751,0.72929389,0.24750421,1.00074761,0.52951057,-0.30409034,,2019,0.47404202,2022,-0.26321376,0.57737368,0.39862642,,,0.42194260,0.14606059
VT TQQQ/BTAL t25 w0-60 QQQ:VOL_EWMA70 gate QQQ<SMA200,sens,sens_2018-07-03,2018-07-03,2023-07-03,false,true,0.70000000,0.25000000,0.60000000,QQQ<SMA200,0.03596950,0.29395470,0.03584692,0.29395470,64868.36050000,40000.00000000,24868.36050000,0.62170901,0.16029788,0.15791777,0.73694515,0.24238994,1.00932977,0.60668234,-0.26422044,355,2019,0.42093841,2022,-0.16938118,0.61280293,0.39862642,,,0.38656733,0.05563359
VT TQQQ/BTAL t25 w0-70 QQQ:VOL_EWMA70,sens,sens_2018-07-03,2018-07-03,2023-07-03,false,true,0.70000000,0.25000000,0.70000000,,0.00064597,0.00185545,0.00046601,0.00156634,66040.72065000,40000.00000000,26040.72065000,0.65101802,0.15981244,0.16387073,0.69546719,0.26429919,0.95023340,0.50621019,-0.31570371,,2019,0.49586101,2022,-0.27129919,0.54998455,0.29869909,,,0.44936948,0.14598803
VT TQQQ/BTAL t25 w0-70 QQQ:VOL_EWMA70 gate QQQ<SMA200,sens,sens_2018-07-03,2018-07-03,2023-07-03,false,true,0.70000000,0.25000000,0.70000000,QQQ<SMA200,0.03590425,0.29375578,0.03578180,0.29375578,65401.24845000,40000.00000000,25401.24845000,0.63503121,0.15888205,0.16063575,0.70040307,0.25948986,0.95525040,0.61689381,-0.25755170,324,2019,0.44148568,2022,-0.17925153,0.58541851,0.29869909,,,0.41400831,0.05583251
VT TQQQ/BTAL t25 w0-80 QQQ:VOL_EWMA70,sens,sens_2018-07-03,2018-07-03,2023-07-03,false,true,0.70000000,0.25000000,0.80000000,,0.00067829,0.00192551,0.00047479,0.00163825,66289.12050000,40000.00000000,26289.12050000,0.65722801,0.15504641,0.16511962,0.65769483,0.27965576,0.89536435,0.48832068,-0.31750942,,2019,0.49751584,2022,-0.27139166,0.53014736,0.19899715,,,0.46917435,0.14602813
VT TQQQ/BTAL t25 w0-80 QQQ:VOL_EWMA70 gate QQQ<SMA200,sens,sens_2018-07-03,2018-07-03,2023-07-03,false,true,0.70000000,0.25000000,0.80000000,QQQ<SMA200,0.03598877,0.29383624,0.03584778,0.29383624,65673.63090000,40000.00000000,25673.63090000,0.64184077,0.15422623,0.16201721,0.66141213,0.27509473,0.89890464,0.56429000,-0.27331023,324,2019,0.44270704,2022,-0.17887898,0.56572592,0.19879735,,,0.43373555,0.05575206
VT TQQQ/BTAL t30 w0-60 QQQ:VOL_EWMA70,sens,sens_2018-07-03,2018-07-03,2023-07-03,false,true,0.70000000,0.30000000,0.60000000,,0.00058677,0.00176519,0.00042529,0.00151949,72645.49895000,40000.00000000,32645.49895000,0.81613747,0.19504857,0.19570833,0.78834416,0.27485087,1.08580367,0.55718657,-0.35005971,528,2019,0.54310493,2022,-0.31065100,0.53272493,0.39859691,,,0.46668829,0.17541512
VT TQQQ/BTAL t30 w0-60 QQQ:VOL_EWMA70 gate QQQ<SMA200,sens,sens_2018-07-03,2018-07-03,2023-07-03,false,true,0.70000000,0.30000000,0.60000000,QQQ<SMA200,0.04349228,0.34957029,0.04336983,0.34957029,71842.84715000,40000.00000000,31842.84715000,0.79607118,0.19259696,0.19198323,0.80620211,0.26188621,1.10746539,0.71728526,-0.26850817,527,2019,0.45302537,2022,-0.20058805,0.57581207,0.39898821,,,0.42367640,0.06993567
VT TQQQ/BTAL t30 w0-70 QQQ:VOL_EWMA70,sens,sens_2018-07-03,2018-07-03,2023-07-03,false,true,0.70000000,0.30000000,0.70000000,,0.00059349,0.00174527,0.00041931,0.00155756,71526.55210000,40000.00000000,31526.55210000,0.78816380,0.18736966,0.19050493,0.72915875,0.29721962,0.99566973,0.49603481,-0.37773491,,2019,0.56697571,2022,-0.33526670,0.49889019,0.29897920,,,0.50051632,0.17533116
VT TQQQ/BTAL t30 w0-70 QQQ:VOL_EWMA70 gate QQQ<SMA200,sens,sens_2018-07-03,2018-07-03,2023-07-03,false,true,0.70000000,0.30000000,0.70000000,QQQ<SMA200,0.04234547,0.34967896,0.04222502,0.34967896,71382.96085000,40000.00000000,31382.96085000,0.78457402,0.18914822,0.18983185,0.75169399,0.28591328,1.02433588,0.63083121,-0.29983966,,2019,0.50117875,2022,-0.22897301,0.54078729,0.29899864,,,0.45866953,0.06982699
VT TQQQ/BTAL t30 w0-80 QQQ:VOL_EWMA70,sens,sens_2018-07-03,2018-07-03,2023-07-03,false,true,0.70000000,0.30000000,0.80000000,,0.00060987,0.00187019,0.00045194,0.00173989,71588.20665000,40000.00000000,31588.20665000,0.78970517,0.18394541,0.19079356,0.69576117,0.31549706,0.94658741,0.46307710,-0.39722416,,2019,0.59540827,2022,-0.34948628,0.47014470,0.19903315,,,0.52924542,0.17538271
VT TQQQ/BTAL t30 w0-80 QQQ:VOL_EWMA70 gate QQQ<SMA200,sens,sens_2018-07-03,2018-07-03,2023-07-03,false,true,0.70000000,0.30000000,0.80000000,QQQ<SMA200,0.04244241,0.34972539,0.04231404,0.34972539,71424.92260000,40000.00000000,31424.92260000,0.78562307,0.18563420,0.19002867,0.71387888,0.30486482,0.96924257,0.57709114,-0.32167223,,2019,0.52768466,2022,-0.24533946,0.51209790,0.19871728,,,0.48734958,0.06978056
VT TQQQ/BTAL t35 w0-60 QQQ:VOL_EWMA70,sens,sens_2018-07-03,2018-07-03,2023-07-03,false,true,0.70000000,0.35000000,0.60000000,,0.00056943,0.00156532,0.00043031,0.00145336,77178.69690000,40000.00000000,37178.69690000,0.92946742,0.21398895,0.21607245,0.80252929,0.29791432,1.10966714,0.54033637,-0.39602915,,2019,0.58774889,2022,-0.35734714,0.49805826,0.39854664,,,0.50137231,0.20453480
VT TQQQ/BTAL t35 w0-60 QQQ:VOL_EWMA70 gate QQQ<SMA200,sens,sens_2018-07-03,2018-07-03,2023-07-03,false,true,0.70000000,0.35000000,0.60000000,QQQ<SMA200,0.05007267,0.40406183,0.04996533,0.40406183,76866.11780000,40000.00000000,36866.11780000,0.92165294,0.21351918,0.21470345,0.84109682,0.27644454,1.16022761,0.72311707,-0.29527609,535,2019,0.47691838,2022,-0.23181687,0.54769830,0.39882921,,,0.45177720,0.08536179
VT TQQQ/BTAL t35 w0-70 QQQ:VOL_EWMA70,sens,sens_2018-07-03,2018-07-03,2023-07-03,false,true,0.70000000,0.35000000,0.70000000,,0.00067754,0.00178544,0.00050462,0.00177035,78971.82390000,40000.00000000,38971.82390000,0.97429560,0.21999650,0.22383053,0.77606145,0.32592229,1.06440784,0.52181405,-0.42159943,,2019,0.64080026,2022,-0.38025824,0.45482828,0.29878066,,,0.54449418,0.20461817
VT TQQQ/BTAL t35 w0-70 QQQ:VOL_EWMA70 gate QQQ<SMA200,sens,sens_2018-07-03,2018-07-03,2023-07-03,false,true,0.70000000,0.35000000,0.70000000,QQQ<SMA200,0.04955991,0.40410301,0.04946557,0.40410301,79025.07905000,40000.00000000,39025.07905000,0.97562698,0.22173941,0.22405850,0.80958825,0.30664549,1.10735059,0.66986659,-0.33102026,,2019,0.53940028,2022,-0.25903040,0.50401702,0.29853095,,,0.49545175,0.08532061
VT TQQQ/BTAL t35 w0-80 QQQ:VOL_EWMA70,sens,sens_2018-07-03,2018-07-03,2023-07-03,false,true,0.70000000,0.35000000,0.80000000,,0.00059542,0.00229504,0.00043836,0.00175357,77389.74030000,40000.00000000,37389.74030000,0.93474351,0.21026526,0.21699393,0.72318963,0.35026945,0.98474709,0.46881907,-0.44849981,,2019,0.66061374,2022,-0.40302848,0.42033888,0.19839073,,,0.57906570,0.20455120
VT TQQQ/BTAL t35 w0-80 QQQ:VOL_EWMA70 gate QQQ<SMA200,sens,sens_2018-07-03,2018-07-03,2023-07-03,false,true,0.70000000,0.35000000,0.80000000,QQQ<SMA200,0.04867643,0.40426146,0.04853045,0.40426146,78003.69530000,40000.00000000,38003.69530000,0.95009238,0.21550134,0.21966181,0.75601935,0.33293234,1.02700088,0.59452002,-0.36247953,,2019,0.58114396,2022,-0.28618879,0.46840607,0.19858256,,,0.53095141,0.08516216
VT TQQQ/BTAL t25 w0-60 QQQ:VOL_EWMA75,sens,sens_2018-07-03,2018-07-03,2023-07-03,false,true,0.75000000,0.25000000,0.60000000,,0.00068231,0.00221485,0.00052614,0.00190099,65635.50615000,40000.00000000,25635.50615000,0.64088765,0.16181931,0.16182416,0.73489191,0.24606914,1.00920012,0.55310161,-0.29256705,528,2019,0.46750047,2022,-0.25398246,0.57825803,0.39861401,,,0.42105967,0.13500513
VT TQQQ/BTAL t25 w0-60 QQQ:VOL_EWMA75 gate QQQ<SMA200,sens,sens_2018-07-03,2018-07-03,2023-07-03,false,true,0.75000000,0.25000000,0.60000000,QQQ<SMA200,0.03428238,0.28609970,0.03416230,0.28609970,64978.66315000,40000.00000000,24978.66315000,0.62446658,0.16089126,0.15848204,0.74111582,0.24138068,1.01583720,0.62761906,-0.25635177,355,2019,0.41561056,2022,-0.16646109,0.61203466,0.39861401,,,0.38735209,0.05861383
VT TQQQ/BTAL t25 w0-70 QQQ:VOL_EWMA75,sens,sens_2018-07-03,2018-07-03,2023-07-03,false,true,0.75000000,0.25000000,0.70000000,,0.00062976,0.00221485,0.00045832,0.00190099,65998.55220000,40000.00000000,25998.55220000,0.64996381,0.15883637,0.16365829,0.69691454,0.26145174,0.95274083,0.53339830,-0.29778192,,2019,0.48195449,2022,-0.25406608,0.55367372,0.29881822,,,0.44569652,0.13511774
VT TQQQ/BTAL t25 w0-70 QQQ:VOL_EWMA75 gate QQQ<SMA200,sens,sens_2018-07-03,2018-07-03,2023-07-03,false,true,0.75000000,0.25000000,0.70000000,QQQ<SMA200,0.03431258,0.28610803,0.03417434,0.28610803,65342.12745000,40000.00000000,25342.12745000,0.63355319,0.15795493,0.16033520,0.70153212,0.25699852,0.95736275,0.62350382,-0.25333435,324,2019,0.42966285,2022,-0.16640589,0.58748723,0.29866187,,,0.41192719,0.05860551
VT TQQQ/BTAL t25 w0-80 QQQ:VOL_EWMA75,sens,sens_2018-07-03,2018-07-03,2023-07-03,false,true,0.75000000,0.25000000,0.80000000,,0.00068460,0.00221485,0.00052139,0.00190099,66043.91045000,40000.00000000,26043.91045000,0.65109776,0.15300360,0.16388680,0.65644604,0.27586150,0.89375798,0.51231300,-0.29865258,,2019,0.48022356,2022,-0.25416636,0.53570708,0.19870373,,,0.46360832,0.13517489
VT TQQQ/BTAL t25 w0-80 QQQ:VOL_EWMA75 gate QQQ<SMA200,sens,sens_2018-07-03,2018-07-03,2023-07-03,false,true,0.75000000,0.25000000,0.80000000,QQQ<SMA200,0.03444106,0.28613712,0.03429113,0.28613712,65370.45300000,40000.00000000,25370.45300000,0.63426132,0.15200148,0.16047923,0.65920217,0.27162890,0.89595457,0.57243757,-0.26553372,452,2019,0.42785631,2022,-0.16626601,0.56954750,0.19862564,,,0.42975920,0.05857642
VT TQQQ/BTAL t30 w0-60 QQQ:VOL_EWMA75,sens,sens_2018-07-03,2018-07-03,2023-07-03,false,true,0.75000000,0.30000000,0.60000000,,0.00060817,0.00159509,0.00045238,0.00130626,72109.19380000,40000.00000000,32109.19380000,0.80272985,0.19314218,0.19322351,0.78376926,0.27418217,1.07860090,0.55611574,-0.34730573,,2019,0.53899454,2022,-0.30994648,0.53323602,0.39869374,,,0.46615581,0.16217100
VT TQQQ/BTAL t30 w0-60 QQQ:VOL_EWMA75 gate QQQ<SMA200,sens,sens_2018-07-03,2018-07-03,2023-07-03,false,true,0.75000000,0.30000000,0.60000000,QQQ<SMA200,0.04152703,0.34005674,0.04140393,0.34005674,71186.85045000,40000.00000000,31186.85045000,0.77967126,0.19024757,0.18891060,0.79815381,0.26213675,1.09532364,0.69738393,-0.27280177,533,2019,0.45030166,2022,-0.20839167,0.57428297,0.39869792,,,0.42513753,0.07359951
VT TQQQ/BTAL t30 w0-70 QQQ:VOL_EWMA75,sens,sens_2018-07-03,2018-07-03,2023-07-03,false,true,0.75000000,0.30000000,0.70000000,,0.00062646,0.00168332,0.00044856,0.00132675,71407.62355000,40000.00000000,31407.62355000,0.78519059,0.18695171,0.18994754,0.73005132,0.29577491,0.99713695,0.50465438,-0.37045493,,2019,0.55837037,2022,-0.32947206,0.49965490,0.29880765,,,0.49971864,0.16218545
VT TQQQ/BTAL t30 w0-70 QQQ:VOL_EWMA75 gate QQQ<SMA200,sens,sens_2018-07-03,2018-07-03,2023-07-03,false,true,0.75000000,0.30000000,0.70000000,QQQ<SMA200,0.04030835,0.34015624,0.04019338,0.34015624,71123.90750000,40000.00000000,31123.90750000,0.77809769,0.18826274,0.18861443,0.74996038,0.28535726,1.02221613,0.63022635,-0.29872241,,2019,0.49467514,2022,-0.23093638,0.53952374,0.29884742,,,0.45993791,0.07350000
VT TQQQ/BTAL t30 w0-80 QQQ:VOL_EWMA75,sens,sens_2018-07-03,2018-07-03,2023-07-03,false,true,0.75000000,0.30000000,0.80000000,,0.00066195,0.00159747,0.00049748,0.00139957,72114.62820000,40000.00000000,32114.62820000,0.80286571,0.18533068,0.19324878,0.70368733,0.31205217,0.95806664,0.49173774,-0.37688927,,2019,0.57816889,2022,-0.32954412,0.47331940,0.19877715,,,0.52601865,0.16210883
VT TQQQ/BTAL t30 w0-80 QQQ:VOL_EWMA75 gate QQQ<SMA200,sens,sens_2018-07-03,2018-07-03,2023-07-03,false,true,0.75000000,0.30000000,0.80000000,QQQ<SMA200,0.04032603,0.33991561,0.04017334,0.33991561,71812.02045000,40000.00000000,31812.02045000,0.79530051,0.18653467,0.19183942,0.72006275,0.30213275,0.97835476,0.60960789,-0.30599123,,2019,0.51299701,2022,-0.23118993,0.51322098,0.19852004,,,0.48621559,0.07374063
VT TQQQ/BTAL t35 w0-60 QQQ:VOL_EWMA75,sens,sens_2018-07-03,2018-07-03,2023-07-03,false,true,0.75000000,0.35000000,0.60000000,,0.00057744,0.00187233,0.00041224,0.00153675,77444.94740000,40000.00000000,37444.94740000,0.93612369,0.21502616,0.21723460,0.80638777,0.29732833,1.11602942,0.54724065,-0.39292797,,2019,0.58374470,2022,-0.35589587,0.49795483,0.39882921,,,0.50146773,0.18925565
VT TQQQ/BTAL t35 w0-60 QQQ:VOL_EWMA75 gate QQQ<SMA200,sens,sens_2018-07-03,2018-07-03,2023-07-03,false,true,0.75000000,0.35000000,0.60000000,QQQ<SMA200,0.04760358,0.39251668,0.04749842,0.39251668,76881.69255000,40000.00000000,36881.69255000,0.92204231,0.21373704,0.21477178,0.83962474,0.27748344,1.15926763,0.70490036,-0.30321596,535,2019,0.47528231,2022,-0.24101331,0.54514651,0.39882921,,,0.45433960,0.09008227
VT TQQQ/BTAL t35 w0-70 QQQ:VOL_EWMA75,sens,sens_2018-07-03,2018-07-03,2023-07-03,false,true,0.75000000,0.35000000,0.70000000,,0.00056629,0.00216541,0.00041053,0.00164564,78356.09490000,40000.00000000,38356.09490000,0.95890237,0.21797771,0.22118460,0.77218327,0.32504507,1.05819924,0.52108021,-0.41831891,,2019,0.63581493,2022,-0.37894079,0.45556208,0.29889400,,,0.54387163,0.18916538
VT TQQQ/BTAL t35 w0-70 QQQ:VOL_EWMA75 gate QQQ<SMA200,sens,sens_2018-07-03,2018-07-03,2023-07-03,false,true,0.75000000,0.35000000,0.70000000,QQQ<SMA200,0.04713029,0.39247037,0.04700715,0.39247037,78137.09485000,40000.00000000,38137.09485000,0.95342737,0.21877536,0.22023898,0.80087064,0.30714045,1.09435877,0.65084315,-0.33614145,,2019,0.53583089,2022,-0.26804663,0.50221452,0.29889400,,,0.49724886,0.09012858
VT TQQQ/BTAL t35 w0-80 QQQ:VOL_EWMA75,sens,sens_2018-07-03,2018-07-03,2023-07-03,false,true,0.75000000,0.35000000,0.80000000,,0.00053605,0.00191422,0.00038683,0.00155047,76959.30665000,40000.00000000,36959.30665000,0.92398267,0.20893835,0.21511211,0.72174060,0.34864297,0.98275198,0.47050526,-0.44407229,,2019,0.65334538,2022,-0.40035043,0.42124843,0.19929841,,,0.57821553,0.18918375
VT TQQQ/BTAL t35 w0-80 QQQ:VOL_EWMA75 gate QQQ<SMA200,sens,sens_2018-07-03,2018-07-03,2023-07-03,false,true,0.75000000,0.35000000,0.80000000,QQQ<SMA200,0.04605987,0.39266612,0.04596471,0.39266612,77378.93665000,40000.00000000,37378.93665000,0.93447342,0.21358381,0.21694681,0.75162732,0.33261817,1.02107489,0.58440651,-0.36547131,,2019,0.57681190,2022,-0.29314378,0.46687168,0.19887317,,,0.53265541,0.08993283
VT TQQQ/BTAL t25 w0-60 QQQ:VOL_EWMA80,sens,sens_2018-07-03,2018-07-03,2023-07-03,false,true,0.80000000,0.25000000,0.60000000,,0.00065442,0.00190562,0.00050378,0.00173746,65993.59780000,40000.00000000,25993.59780000,0.64983994,0.16292240,0.16363332,0.74215549,0.24437282,1.02047457,0.59185172,-0.27527571,532,2019,0.46056364,2022,-0.23765663,0.57995645,0.39884094,,,0.41938913,0.12414577
VT TQQQ/BTAL t25 w0-60 QQQ:VOL_EWMA80 gate QQQ<SMA200,sens,sens_2018-07-03,2018-07-03,2023-07-03,false,true,0.80000000,0.25000000,0.60000000,QQQ<SMA200,0.03238322,0.27793087,0.03226466,0.27793087,65205.36895000,40000.00000000,25205.36895000,0.63013422,0.16154279,0.15963903,0.74624907,0.24002830,1.02430076,0.64524848,-0.25035748,355,2019,0.41008711,2022,-0.15721873,0.61193651,0.39894697,,,0.38751959,0.06214425
VT TQQQ/BTAL t25 w0-70 QQQ:VOL_EWMA80,sens,sens_2018-07-03,2018-07-03,2023-07-03,false,true,0.80000000,0.25000000,0.70000000,,0.00073681,0.00185713,0.00053691,0.00173746,65481.93635000,40000.00000000,25481.93635000,0.63704841,0.15533911,0.16104553,0.68895001,0.25922291,0.94191344,0.55457485,-0.28010487,573,2019,0.46618483,2022,-0.23792396,0.55763507,0.29854786,,,0.44162812,0.12424277
VT TQQQ/BTAL t25 w0-70 QQQ:VOL_EWMA80 gate QQQ<SMA200,sens,sens_2018-07-03,2018-07-03,2023-07-03,false,true,0.80000000,0.25000000,0.70000000,QQQ<SMA200,0.03250894,0.27794197,0.03235571,0.27794197,64708.71955000,40000.00000000,24708.71955000,0.61771799,0.15401119,0.15709954,0.69138111,0.25511757,0.94362012,0.60885413,-0.25295253,337,2019,0.41517437,2022,-0.15725598,0.58961071,0.29880643,,,0.40972943,0.06213315
VT TQQQ/BTAL t25 w0-80 QQQ:VOL_EWMA80,sens,sens_2018-07-03,2018-07-03,2023-07-03,false,true,0.80000000,0.25000000,0.80000000,,0.00070497,0.00199846,0.00053495,0.00173746,65295.30325000,40000.00000000,25295.30325000,0.63238258,0.14797240,0.16009700,0.64491974,0.27258545,0.87777356,0.50636759,-0.29222329,469,2019,0.45447984,2022,-0.23779766,0.54196278,0.19866590,,,0.45733224,0.12414120
VT TQQQ/BTAL t25 w0-80 QQQ:VOL_EWMA80 gate QQQ<SMA200,sens,sens_2018-07-03,2018-07-03,2023-07-03,false,true,0.80000000,0.25000000,0.80000000,QQQ<SMA200,0.03253523,0.27808296,0.03242043,0.27808296,64510.10560000,40000.00000000,24510.10560000,0.61275264,0.14656321,0.15607898,0.64575769,0.26869548,0.87744248,0.55161834,-0.26569677,469,2019,0.40370021,2022,-0.15690632,0.57397827,0.19832987,,,0.42538789,0.06199217
VT TQQQ/BTAL t30 w0-60 QQQ:VOL_EWMA80,sens,sens_2018-07-03,2018-07-03,2023-07-03,false,true,0.80000000,0.30000000,0.60000000,,0.00062399,0.00209150,0.00045411,0.00179205,71574.60890000,40000.00000000,31574.60890000,0.78936522,0.19092808,0.19072992,0.77702861,0.27416111,1.06841448,0.55392168,-0.34468426,,2019,0.53407535,2022,-0.30894344,0.53323311,0.39892318,,,0.46614290,0.14913685
VT TQQQ/BTAL t30 w0-60 QQQ:VOL_EWMA80 gate QQQ<SMA200,sens,sens_2018-07-03,2018-07-03,2023-07-03,false,true,0.80000000,0.30000000,0.60000000,QQQ<SMA200,0.03912056,0.33001885,0.03900979,0.33001885,70482.33180000,40000.00000000,30482.33180000,0.76205829,0.18752354,0.18558192,0.78750165,0.26308784,1.07979802,0.67357496,-0.27840040,,2019,0.44838251,2022,-0.21779557,0.57203219,0.39890608,,,0.42748400,0.07807130
VT TQQQ/BTAL t30 w0-70 QQQ:VOL_EWMA80,sens,sens_2018-07-03,2018-07-03,2023-07-03,false,true,0.80000000,0.30000000,0.70000000,,0.00069119,0.00202163,0.00051209,0.00166182,72426.52080000,40000.00000000,32426.52080000,0.81066302,0.19094259,0.19469578,0.74546583,0.29309319,1.02001845,0.54346659,-0.35134190,,2019,0.55513629,2022,-0.31100559,0.50126529,0.29845973,,,0.49804352,0.14914471
VT TQQQ/BTAL t30 w0-70 QQQ:VOL_EWMA80 gate QQQ<SMA200,sens,sens_2018-07-03,2018-07-03,2023-07-03,false,true,0.80000000,0.30000000,0.70000000,QQQ<SMA200,0.03805239,0.32969114,0.03791741,0.32969114,71898.64735000,40000.00000000,31898.64735000,0.79746618,0.19133232,0.19224342,0.76230036,0.28336933,1.04101306,0.66882770,-0.28607116,,2019,0.49247096,2022,-0.22058107,0.53880928,0.29850916,,,0.46058957,0.07839902
VT TQQQ/BTAL t30 w0-80 QQQ:VOL_EWMA80,sens,sens_2018-07-03,2018-07-03,2023-07-03,false,true,0.80000000,0.30000000,0.80000000,,0.00062917,0.00180814,0.00045492,0.00166182,71599.84480000,40000.00000000,31599.84480000,0.78999612,0.18191216,0.19084801,0.69758917,0.30945433,0.94990146,0.50826262,-0.35790977,,2019,0.55998749,2022,-0.31097838,0.47738182,0.19881397,,,0.52198901,0.14911076
VT TQQQ/BTAL t30 w0-80 QQQ:VOL_EWMA80 gate QQQ<SMA200,sens,sens_2018-07-03,2018-07-03,2023-07-03,false,true,0.80000000,0.30000000,0.80000000,QQQ<SMA200,0.03809054,0.32991403,0.03797068,0.32991403,71099.64350000,40000.00000000,31099.64350000,0.77749109,0.18241255,0.18850020,0.71103231,0.30024804,0.96626974,0.62237113,-0.29309289,,2019,0.49687524,2022,-0.22025519,0.51499591,0.19881397,,,0.48443863,0.07817613
VT TQQQ/BTAL t35 w0-60 QQQ:VOL_EWMA80,sens,sens_2018-07-03,2018-07-03,2023-07-03,false,true,0.80000000,0.35000000,0.60000000,,0.00062381,0.00195947,0.00046598,0.00169948,77792.16130000,40000.00000000,37792.16130000,0.94480403,0.21605882,0.21874476,0.80869154,0.29765055,1.12012187,0.55372599,-0.39019086,,2019,0.58035229,2022,-0.35451144,0.49755146,0.39848123,,,0.50182474,0.17398391
VT TQQQ/BTAL t35 w0-60 QQQ:VOL_EWMA80 gate QQQ<SMA200,sens,sens_2018-07-03,2018-07-03,2023-07-03,false,true,0.80000000,0.35000000,0.60000000,QQQ<SMA200,0.04495795,0.38020566,0.04484051,0.38020566,76766.94095000,40000.00000000,36766.94095000,0.91917352,0.21301775,0.21426803,0.83385359,0.27929435,1.15219141,0.68084879,-0.31287086,535,2019,0.47334894,2022,-0.25204230,0.54209599,0.39882921,,,0.45735939,0.09589952
VT TQQQ/BTAL t35 w0-70 QQQ:VOL_EWMA80,sens,sens_2018-07-03,2018-07-03,2023-07-03,false,true,0.80000000,0.35000000,0.70000000,,0.00063784,0.00210709,0.00047229,0.00161912,77708.04315000,40000.00000000,37708.04315000,0.94270108,0.21548115,0.21837946,0.76595826,0.32498439,1.04873334,0.51928335,-0.41495870,,2019,0.62969574,2022,-0.37742444,0.45549532,0.29887634,,,0.54386685,0.17386184
VT TQQQ/BTAL t35 w0-70 QQQ:VOL_EWMA80 gate QQQ<SMA200,sens,sens_2018-07-03,2018-07-03,2023-07-03,false,true,0.80000000,0.35000000,0.70000000,QQQ<SMA200,0.04440206,0.38023895,0.04426857,0.38023895,77061.88805000,40000.00000000,37061.88805000,0.92654720,0.21477023,0.21556145,0.78802682,0.30850041,1.07575536,0.62751286,-0.34225631,,2019,0.53352004,2022,-0.27861168,0.49942608,0.29882403,,,0.50000484,0.09586623
VT TQQQ/BTAL t35 w0-80 QQQ:VOL_EWMA80,sens,sens_2018-07-03,2018-07-03,2023-07-03,false,true,0.80000000,0.35000000,0.80000000,,0.00055811,0.00216705,0.00040417,0.00153460,78592.11305000,40000.00000000,38592.11305000,0.96480283,0.21512660,0.22220103,0.74035139,0.34509465,1.00981432,0.50839927,-0.42314499,,2019,0.65098203,2022,-0.37981469,0.42290643,0.19874864,,,0.57653546,0.17383211
VT TQQQ/BTAL t35 w0-80 QQQ:VOL_EWMA80 gate QQQ<SMA200,sens,sens_2018-07-03,2018-07-03,2023-07-03,false,true,0.80000000,0.35000000,0.80000000,QQQ<SMA200,0.04339245,0.38006797,0.04325601,0.38006797,78525.84385000,40000.00000000,38525.84385000,0.96314610,0.21780741,0.22191591,0.76525765,0.33013776,1.04144362,0.61968581,-0.35148039,,2019,0.57493842,2022,-0.28145594,0.46580939,0.19891694,,,0.53364006,0.09603721
VT TQQQ/BTAL t25 w0-60 QQQ:VOL_EWMA85,sens,sens_2018-07-03,2018-07-03,2023-07-03,false,true,0.85000000,0.25000000,0.60000000,,0.00061017,0.00182719,0.00046175,0.00176948,65510.49835000,40000.00000000,25510.49835000,0.63776246,0.15988437,0.16119047,0.73433508,0.24290451,1.01075462,0.61276328,-0.26092354,520,2019,0.45609049,2022,-0.22369098,0.58300953,0.39915737,,,0.41638031,0.11457142
VT TQQQ/BTAL t25 w0-60 QQQ:VOL_EWMA85 gate QQQ<SMA200,sens,sens_2018-07-03,2018-07-03,2023-07-03,false,true,0.85000000,0.25000000,0.60000000,QQQ<SMA200,0.03030233,0.26772355,0.03015870,0.26772355,64164.16030000,40000.00000000,24164.16030000,0.60410401,0.15567210,0.15429446,0.72772949,0.23870814,0.99978484,0.62552031,-0.24886817,355,2019,0.40723877,2022,-0.15310634,0.61278452,0.39880099,,,0.38661887,0.06672528
VT TQQQ/BTAL t25 w0-70 QQQ:VOL_EWMA85,sens,sens_2018-07-03,2018-07-03,2023-07-03,false,true,0.85000000,0.25000000,0.70000000,,0.00064041,0.00170651,0.00046543,0.00151103,64660.29415000,40000.00000000,24660.29415000,0.61650735,0.14999903,0.15685097,0.67414665,0.25726534,0.92167999,0.57062121,-0.26286971,570,2019,0.44847058,2022,-0.22362378,0.56255225,0.29848897,,,0.43680735,0.11464123
VT TQQQ/BTAL t25 w0-70 QQQ:VOL_EWMA85 gate QQQ<SMA200,sens,sens_2018-07-03,2018-07-03,2023-07-03,false,true,0.85000000,0.25000000,0.70000000,QQQ<SMA200,0.03028564,0.26785094,0.03015576,0.26785094,63336.33855000,40000.00000000,23336.33855000,0.58340846,0.14584428,0.14998817,0.66632830,0.25333035,0.90931085,0.58281984,-0.25023904,355,2019,0.39953193,2022,-0.15297163,0.59241334,0.29911517,,,0.40704452,0.06659789
VT TQQQ/BTAL t25 w0-80 QQQ:VOL_EWMA85,sens,sens_2018-07-03,2018-07-03,2023-07-03,false,true,0.85000000,0.25000000,0.80000000,,0.00067281,0.00188160,0.00050171,0.00168070,64023.09085000,40000.00000000,24023.09085000,0.60057727,0.14011189,0.15356424,0.62276864,0.27014443,0.84706810,0.48480260,-0.28900813,474,2019,0.42723847,2022,-0.22353252,0.54868713,0.19853630,,,0.45064006,0.11469500
VT TQQQ/BTAL t25 w0-80 QQQ:VOL_EWMA85 gate QQQ<SMA200,sens,sens_2018-07-03,2018-07-03,2023-07-03,false,true,0.85000000,0.25000000,0.80000000,QQQ<SMA200,0.03040083,0.26804889,0.03027111,0.26804889,62724.02365000,40000.00000000,22724.02365000,0.56810059,0.13601301,0.14676956,0.61417746,0.26641571,0.83385796,0.51187760,-0.26571394,474,2019,0.37864987,2022,-0.15258772,0.57861470,0.19904445,,,0.42080168,0.06639994
VT TQQQ/BTAL t30 w0-60 QQQ:VOL_EWMA85,sens,sens_2018-07-03,2018-07-03,2023-07-03,false,true,0.85000000,0.30000000,0.60000000,,0.00061471,0.00214285,0.00045019,0.00179119,71835.93005000,40000.00000000,31835.93005000,0.79589825,0.19102937,0.19195097,0.77846470,0.27354392,1.07134477,0.57829386,-0.33033270,535,2019,0.52874146,2022,-0.29478249,0.53410318,0.39879236,,,0.46528211,0.13760107
VT TQQQ/BTAL t30 w0-60 QQQ:VOL_EWMA85 gate QQQ<SMA200,sens,sens_2018-07-03,2018-07-03,2023-07-03,false,true,0.85000000,0.30000000,0.60000000,QQQ<SMA200,0.03632981,0.31707713,0.03618894,0.31707713,69956.41545000,40000.00000000,29956.41545000,0.74891039,0.18416803,0.18307732,0.77641858,0.26323374,1.06548975,0.63659446,-0.28930197,166,2019,0.44896285,2022,-0.21588723,0.56997097,0.39880122,,,0.42947072,0.08426147
VT TQQQ/BTAL t30 w0-70 QQQ:VOL_EWMA85,sens,sens_2018-07-03,2018-07-03,2023-07-03,false,true,0.85000000,0.30000000,0.70000000,,0.00056744,0.00203396,0.00042213,0.00159682,71887.12150000,40000.00000000,31887.12150000,0.79717804,0.18778894,0.19218969,0.73948499,0.29103300,1.01302090,0.56110182,-0.33467890,573,2019,0.55066903,2022,-0.29470716,0.50487899,0.29854261,,,0.49455357,0.13759731
VT TQQQ/BTAL t30 w0-70 QQQ:VOL_EWMA85 gate QQQ<SMA200,sens,sens_2018-07-03,2018-07-03,2023-07-03,false,true,0.85000000,0.30000000,0.70000000,QQQ<SMA200,0.03542564,0.31709081,0.03528400,0.31709081,70490.78380000,40000.00000000,30490.78380000,0.76226960,0.18418315,0.18562204,0.74340917,0.28185318,1.01619615,0.63650386,-0.28936690,166,2019,0.49025358,2022,-0.21578236,0.53979428,0.29854261,,,0.45964535,0.08424778
VT TQQQ/BTAL t30 w0-80 QQQ:VOL_EWMA85,sens,sens_2018-07-03,2018-07-03,2023-07-03,false,true,0.85000000,0.30000000,0.80000000,,0.00065592,0.00199008,0.00050067,0.00163000,70637.28585000,40000.00000000,30637.28585000,0.76593215,0.17599275,0.18631663,0.68348726,0.30764036,0.93083574,0.51696167,-0.34043674,573,2019,0.53741010,2022,-0.29472048,0.48217240,0.19837000,,,0.51717168,0.13767666
VT TQQQ/BTAL t30 w0-80 QQQ:VOL_EWMA85 gate QQQ<SMA200,sens,sens_2018-07-03,2018-07-03,2023-07-03,false,true,0.85000000,0.30000000,0.80000000,QQQ<SMA200,0.03548580,0.31725798,0.03535324,0.31725798,69304.38440000,40000.00000000,29304.38440000,0.73260961,0.17260037,0.17994822,0.68483802,0.29894733,0.93065322,0.59657739,-0.28931765,166,2019,0.47689988,2022,-0.21564181,0.51721415,0.19912378,,,0.48221242,0.08408062
VT TQQQ/BTAL t35 w0-60 QQQ:VOL_EWMA85,sens,sens_2018-07-03,2018-07-03,2023-07-03,false,true,0.85000000,0.35000000,0.60000000,,0.00052445,0.00136815,0.00039216,0.00117079,77772.92685000,40000.00000000,37772.92685000,0.94432317,0.21554347,0.21866126,0.80490538,0.29904176,1.11510735,0.55559951,-0.38794756,535,2019,0.57872349,2022,-0.35282059,0.49720848,0.39882921,,,0.50226707,0.16053431
VT TQQQ/BTAL t35 w0-60 QQQ:VOL_EWMA85 gate QQQ<SMA200,sens,sens_2018-07-03,2018-07-03,2023-07-03,false,true,0.85000000,0.35000000,0.60000000,QQQ<SMA200,0.04179636,0.36477297,0.04168064,0.36477297,75575.25765000,40000.00000000,35575.25765000,0.88938144,0.20747412,0.20899611,0.81210306,0.28208814,1.12188262,0.63972524,-0.32431755,,2019,0.47384593,2022,-0.26629182,0.53853957,0.39882921,,,0.46094137,0.10345539
VT TQQQ/BTAL t35 w0-70 QQQ:VOL_EWMA85,sens,sens_2018-07-03,2018-07-03,2023-07-03,false,true,0.85000000,0.35000000,0.70000000,,0.00063824,0.00195973,0.00048185,0.00151185,78102.32305000,40000.00000000,38102.32305000,0.95255808,0.21592955,0.22008863,0.76844110,0.32398676,1.05303620,0.54154772,-0.39872672,,2019,0.62285367,2022,-0.36158318,0.45651907,0.29881926,,,0.54284270,0.16050704
VT TQQQ/BTAL t35 w0-70 QQQ:VOL_EWMA85 gate QQQ<SMA200,sens,sens_2018-07-03,2018-07-03,2023-07-03,false,true,0.85000000,0.35000000,0.70000000,QQQ<SMA200,0.04096218,0.36458729,0.04082778,0.36458729,76402.58465000,40000.00000000,36402.58465000,0.91006462,0.21095309,0.21266404,0.77734079,0.30878769,1.06203209,0.62141525,-0.33947203,169,2019,0.53434777,2022,-0.27634307,0.49701515,0.29858210,,,0.50241712,0.10364107
VT TQQQ/BTAL t35 w0-80 QQQ:VOL_EWMA85,sens,sens_2018-07-03,2018-07-03,2023-07-03,false,true,0.85000000,0.35000000,0.80000000,,0.00061071,0.00228446,0.00045465,0.00182667,78095.50665000,40000.00000000,38095.50665000,0.95238767,0.21219004,0.22005914,0.73631698,0.34239378,1.00542651,0.52401151,-0.40493393,,2019,0.64470363,2022,-0.36169012,0.42682698,0.19872534,,,0.57256231,0.16043707
VT TQQQ/BTAL t35 w0-80 QQQ:VOL_EWMA85 gate QQQ<SMA200,sens,sens_2018-07-03,2018-07-03,2023-07-03,false,true,0.85000000,0.35000000,0.80000000,QQQ<SMA200,0.04025363,0.36455914,0.04012140,0.36455914,76837.39525000,40000.00000000,36837.39525000,0.92093488,0.20985150,0.21457740,0.74737605,0.32847521,1.01805037,0.61179475,-0.34300964,,2019,0.57152018,2022,-0.27634918,0.46649844,0.19878134,,,0.53288633,0.10366923
50/50,sens,sens_2018-07-03,2018-07-03,2023-07-03,true,true,,,,,0.00053151,0.00170060,0.00040802,0.00154435,70766.11340000,40000.00000000,30766.11340000,0.76915284,0.19935557,0.18692634,0.71104784,0.33631112,0.99470936,0.44334829,-0.44965906,,2019,0.60441656,2022,-0.42918161,0.49965501,0.49845565,,,0.49981348,0.49945759
TQQQ60/BTAL40,sens,sens_2018-07-03,2018-07-03,2023-07-03,true,true,,,,,0.00051470,0.00141434,0.00037841,0.00136910,76394.67340000,40000.00000000,36394.67340000,0.90986683,0.22370827,0.21262913,0.69633589,0.41584846,0.97108944,0.41060004,-0.54483255,,2019,0.74268774,2022,-0.52206417,0.39968245,0.39863090,,,0.59980285,0.59934886
TQQQ50/BTAL50 gate QQQ<SMA200,sens,sens_2018-07-03,2018-07-03,2023-07-03,true,true,,,,,0.06465916,0.37006256,0.06455714,0.37006256,70975.85455000,40000.00000000,30975.85455000,0.77439636,0.19203954,0.18791685,0.75716624,0.28766149,1.05219561,0.50918063,-0.37715405,138,2019,0.44815243,2022,-0.28664816,0.56399364,0.49921018,,,0.43553666,0.12993744
SPY benchmark,sens,sens_2018-07-03,2018-07-03,2023-07-03,true,true,,,,,0.00704328,0.02476000,0.00704328,0.02476000,54701.04000000,40000.00000000,14701.04000000,0.36752600,0.10322582,0.10168143,0.56856191,0.21345279,0.78869865,0.30488879,-0.33856875,181,2019,0.28499589,2022,-0.19294689,,,0.99295672,0.97524000,,
VT TQQQ/BTAL t25 w0-60 QQQ:VOL_EWMA70,sens,sens_2019-01-03,2019-01-03,2024-01-03,false,true,0.70000000,0.25000000,0.60000000,,0.00054841,0.00198100,0.00040428,0.00175411,69252.42790000,40000.00000000,29252.42790000,0.73131070,0.20577882,0.17955286,0.90035561,0.24053147,1.24715481,0.67690102,-0.30400134,560,2019,0.50902548,2022,-0.26309559,0.56938061,0.39925253,,,0.43007099,0.14601699
VT TQQQ/BTAL t25 w0-60 QQQ:VOL_EWMA70 gate QQQ<SMA200,sens,sens_2019-01-03,2019-01-03,2024-01-03,false,true,0.70000000,0.25000000,0.60000000,QQQ<SMA200,0.03926652,0.32736600,0.03913962,0.32736600,65671.63205000,40000.00000000,25671.63205000,0.64179080,0.17511619,0.16187478,0.80048435,0.23734160,1.10345691,0.66262896,-0.26427488,355,2019,0.33749173,2022,-0.16865084,0.60796442,0.39844389,,,0.39138282,0.00000000
VT TQQQ/BTAL t25 w0-70 QQQ:VOL_EWMA70,sens,sens_2019-01-03,2019-01-03,2024-01-03,false,true,0.70000000,0.25000000,0.70000000,,0.00054259,0.00198100,0.00042115,0.00175411,71176.30585000,40000.00000000,31176.30585000,0.77940765,0.21554630,0.18870974,0.89649639,0.25446363,1.23924477,0.68229789,-0.31591230,725,2019,0.53086374,2022,-0.27152011,0.54084068,0.29873821,,,0.45861672,0.14602748
VT TQQQ/BTAL t25 w0-70 QQQ:VOL_EWMA70 gate QQQ<SMA200,sens,sens_2019-01-03,2019-01-03,2024-01-03,false,true,0.70000000,0.25000000,0.70000000,QQQ<SMA200,0.03919692,0.32736600,0.03907418,0.32736600,67454.58610000,40000.00000000,27454.58610000,0.68636465,0.18463329,0.17078411,0.80163902,0.25140403,1.10338314,0.71680746,-0.25757725,324,2019,0.35719559,2022,-0.17840066,0.57945398,0.29848136,,,0.41993142,0.00000000
VT TQQQ/BTAL t25 w0-80 QQQ:VOL_EWMA70,sens,sens_2019-01-03,2019-01-03,2024-01-03,false,true,0.70000000,0.25000000,0.80000000,,0.00054830,0.00198100,0.00041721,0.00175411,73501.51150000,40000.00000000,33501.51150000,0.83753779,0.22427157,0.19948149,0.89781326,0.26521533,1.24061027,0.70620211,-0.31757421,725,2023,0.54864423,2022,-0.27149139,0.52102071,0.19912114,,,0.47843099,0.14616864
VT TQQQ/BTAL t25 w0-80 QQQ:VOL_EWMA70 gate QQQ<SMA200,sens,sens_2019-01-03,2019-01-03,2024-01-03,false,true,0.70000000,0.25000000,0.80000000,QQQ<SMA200,0.03908779,0.32736600,0.03895721,0.32736600,69660.04125000,40000.00000000,29660.04125000,0.74150103,0.19317241,0.18151208,0.80659758,0.26227536,1.11022785,0.70739630,-0.27307523,324,2023,0.38375262,2022,-0.17852859,0.55965965,0.19910853,,,0.43977783,0.00000000
VT TQQQ/BTAL t30 w0-60 QQQ:VOL_EWMA70,sens,sens_2019-01-03,2019-01-03,2024-01-03,false,true,0.70000000,0.30000000,0.60000000,,0.00058241,0.00217900,0.00043963,0.00178516,77851.40125000,40000.00000000,37851.40125000,0.94628503,0.24678480,0.21883002,0.95832512,0.26842357,1.33248027,0.70462396,-0.35023617,528,2023,0.62096457,2022,-0.31084112,0.52515998,0.39840200,,,0.47425761,0.17541446
VT TQQQ/BTAL t30 w0-60 QQQ:VOL_EWMA70 gate QQQ<SMA200,sens,sens_2019-01-03,2019-01-03,2024-01-03,false,true,0.70000000,0.30000000,0.60000000,QQQ<SMA200,0.04759692,0.39283920,0.04747140,0.39283920,72910.49000000,40000.00000000,32910.49000000,0.82276225,0.20709633,0.19677313,0.86103421,0.25786537,1.19021845,0.77327634,-0.26781671,527,2023,0.42014723,2022,-0.19948540,0.57225033,0.39844389,,,0.42716772,0.00000000
VT TQQQ/BTAL t30 w0-70 QQQ:VOL_EWMA70,sens,sens_2019-01-03,2019-01-03,2024-01-03,false,true,0.70000000,0.30000000,0.70000000,,0.00059253,0.00217900,0.00042960,0.00178516,77275.12845000,40000.00000000,37275.12845000,0.93187821,0.24623335,0.21632367,0.90844478,0.28912345,1.25250715,0.65209998,-0.37760060,731,2023,0.63517950,2022,-0.33512588,0.48951311,0.29880150,,,0.50989436,0.17532471
VT TQQQ/BTAL t30 w0-70 QQQ:VOL_EWMA70 gate QQQ<SMA200,sens,sens_2019-01-03,2019-01-03,2024-01-03,false,true,0.70000000,0.30000000,0.70000000,QQQ<SMA200,0.04621642,0.39283920,0.04610923,0.39283920,72885.17450000,40000.00000000,32885.17450000,0.82212936,0.21081882,0.19665668,0.82540952,0.28007738,1.13275290,0.70372436,-0.29957584,605,2023,0.43292769,2022,-0.22842516,0.53533383,0.29869509,,,0.46415861,0.00000000
VT TQQQ/BTAL t30 w0-80 QQQ:VOL_EWMA70,sens,sens_2019-01-03,2019-01-03,2024-01-03,false,true,0.70000000,0.30000000,0.80000000,,0.00059320,0.00217900,0.00044426,0.00178516,78428.12885000,40000.00000000,38428.12885000,0.96070322,0.25289766,0.22132166,0.89458795,0.30486013,1.23003870,0.63636221,-0.39741150,753,2023,0.65827626,2022,-0.34968500,0.45912528,0.19878999,,,0.54028152,0.17530461
VT TQQQ/BTAL t30 w0-80 QQQ:VOL_EWMA70 gate QQQ<SMA200,sens,sens_2019-01-03,2019-01-03,2024-01-03,false,true,0.70000000,0.30000000,0.80000000,QQQ<SMA200,0.04622567,0.39283920,0.04608299,0.39283920,73928.14090000,40000.00000000,33928.14090000,0.84820352,0.21726989,0.20142430,0.81425185,0.29623756,1.11481108,0.67557084,-0.32160934,752,2023,0.45348866,2022,-0.24508305,0.50492955,0.19930434,,,0.49451358,0.00000000
VT TQQQ/BTAL t35 w0-60 QQQ:VOL_EWMA70,sens,sens_2019-01-03,2019-01-03,2024-01-03,false,true,0.70000000,0.35000000,0.60000000,,0.00062411,0.00224112,0.00045881,0.00207996,84581.55445000,40000.00000000,44581.55445000,1.11453886,0.27639284,0.24692779,0.98667109,0.29097661,1.37869002,0.69830959,-0.39580272,563,2023,0.74432734,2022,-0.35710419,0.49139814,0.39861214,,,0.50797775,0.20462396
VT TQQQ/BTAL t35 w0-60 QQQ:VOL_EWMA70 gate QQQ<SMA200,sens,sens_2019-01-03,2019-01-03,2024-01-03,false,true,0.70000000,0.35000000,0.60000000,QQQ<SMA200,0.05495927,0.45831240,0.05483176,0.45831240,78763.85720000,40000.00000000,38763.85720000,0.96909643,0.23102224,0.22276452,0.90121934,0.27253210,1.25182195,0.78381608,-0.29474037,535,2023,0.50101115,2022,-0.23084164,0.54575600,0.39844389,,,0.45360823,0.00000000
VT TQQQ/BTAL t35 w0-70 QQQ:VOL_EWMA70,sens,sens_2019-01-03,2019-01-03,2024-01-03,false,true,0.70000000,0.35000000,0.70000000,,0.00053341,0.00224112,0.00039998,0.00207996,86632.83270000,40000.00000000,46632.83270000,1.16582082,0.28687985,0.25509314,0.95410908,0.31841752,1.32136123,0.68071618,-0.42143827,605,2023,0.79307097,2022,-0.38010002,0.44611543,0.29882613,,,0.55335117,0.20463578
VT TQQQ/BTAL t35 w0-70 QQQ:VOL_EWMA70 gate QQQ<SMA200,sens,sens_2019-01-03,2019-01-03,2024-01-03,false,true,0.70000000,0.35000000,0.70000000,QQQ<SMA200,0.05421751,0.45831240,0.05411354,0.45831240,80887.09700000,40000.00000000,40887.09700000,1.02217743,0.24329217,0.23176345,0.87496259,0.30186185,1.20497186,0.73605464,-0.33053548,601,2023,0.54285492,2022,-0.25814087,0.49997351,0.29881455,,,0.49955480,0.00000000
VT TQQQ/BTAL t35 w0-80 QQQ:VOL_EWMA70,sens,sens_2019-01-03,2019-01-03,2024-01-03,false,true,0.70000000,0.35000000,0.80000000,,0.00057794,0.00224112,0.00042569,0.00207996,85376.19655000,40000.00000000,45376.19655000,1.13440491,0.28361247,0.25011176,0.90557167,0.34108220,1.24466157,0.63239069,-0.44847667,753,2023,0.80508407,2022,-0.40297684,0.40969443,0.19845068,,,0.58972763,0.20450227
VT TQQQ/BTAL t35 w0-80 QQQ:VOL_EWMA70 gate QQQ<SMA200,sens,sens_2019-01-03,2019-01-03,2024-01-03,false,true,0.70000000,0.35000000,0.80000000,QQQ<SMA200,0.05312667,0.45831240,0.05301785,0.45831240,80307.57055000,40000.00000000,40307.57055000,1.00768926,0.24423474,0.22932851,0.83571688,0.32629959,1.14333701,0.67444590,-0.36212651,752,2023,0.55315481,2022,-0.28549024,0.46246005,0.19910228,,,0.53703776,0.00000000
VT TQQQ/BTAL t25 w0-60 QQQ:VOL_EWMA75,sens,sens_2019-01-03,2019-01-03,2024-01-03,false,true,0.75000000,0.25000000,0.60000000,,0.00057097,0.00133921,0.00043451,0.00107634,69323.51275000,40000.00000000,29323.51275000,0.73308782,0.20579759,0.17989529,0.90446306,0.23905978,1.25363967,0.70335783,-0.29259302,528,2019,0.50470126,2022,-0.25401875,0.57056138,0.39914927,,,0.42886765,0.13514880
VT TQQQ/BTAL t25 w0-60 QQQ:VOL_EWMA75 gate QQQ<SMA200,sens,sens_2019-01-03,2019-01-03,2024-01-03,false,true,0.75000000,0.25000000,0.60000000,QQQ<SMA200,0.03773309,0.33618451,0.03759749,0.33618451,65710.74900000,40000.00000000,25710.74900000,0.64276873,0.17536261,0.16207261,0.80425173,0.23612634,1.10944419,0.68456571,-0.25616622,355,2019,0.33355026,2022,-0.16585836,0.60767530,0.39844389,,,0.39168146,0.00000000
VT TQQQ/BTAL t25 w0-70 QQQ:VOL_EWMA75,sens,sens_2019-01-03,2019-01-03,2024-01-03,false,true,0.75000000,0.25000000,0.70000000,,0.00062316,0.00179848,0.00045627,0.00139194,71420.90420000,40000.00000000,31420.90420000,0.78552261,0.21509044,0.18985777,0.90390382,0.25097543,1.25100279,0.72229444,-0.29778776,605,2019,0.51988291,2022,-0.25406078,0.54535495,0.29860806,,,0.45402189,0.13503710
VT TQQQ/BTAL t25 w0-70 QQQ:VOL_EWMA75 gate QQQ<SMA200,sens,sens_2019-01-03,2019-01-03,2024-01-03,false,true,0.75000000,0.25000000,0.70000000,QQQ<SMA200,0.03766902,0.33618451,0.03754326,0.33618451,67673.09420000,40000.00000000,27673.09420000,0.69182735,0.18440671,0.17186115,0.80796369,0.24819378,1.11339218,0.72776827,-0.25338658,324,2023,0.34740654,2022,-0.16593837,0.58256096,0.29854840,,,0.41686313,0.00000000
VT TQQQ/BTAL t25 w0-80 QQQ:VOL_EWMA75,sens,sens_2019-01-03,2019-01-03,2024-01-03,false,true,0.75000000,0.25000000,0.80000000,,0.00055637,0.00162158,0.00040452,0.00147787,73512.66810000,40000.00000000,33512.66810000,0.83781670,0.22253060,0.19953243,0.90331169,0.26069112,1.24927394,0.74529375,-0.29858107,605,2023,0.54787389,2022,-0.25405463,0.52755233,0.19917761,,,0.47189131,0.13504575
VT TQQQ/BTAL t25 w0-80 QQQ:VOL_EWMA75 gate QQQ<SMA200,sens,sens_2019-01-03,2019-01-03,2024-01-03,false,true,0.75000000,0.25000000,0.80000000,QQQ<SMA200,0.03763708,0.33618451,0.03750949,0.33618451,69671.40285000,40000.00000000,29671.40285000,0.74178507,0.19172830,0.18156654,0.81081876,0.25803971,1.11687334,0.72216961,-0.26548929,324,2023,0.38694531,2022,-0.16590247,0.56464421,0.19845282,,,0.43478379,0.00000000
VT TQQQ/BTAL t30 w0-60 QQQ:VOL_EWMA75,sens,sens_2019-01-03,2019-01-03,2024-01-03,false,true,0.75000000,0.30000000,0.60000000,,0.00051041,0.00140631,0.00037227,0.00128101,77200.34835000,40000.00000000,37200.34835000,0.93000871,0.24399650,0.21599720,0.95153416,0.26781255,1.32151901,0.70270183,-0.34722622,561,2023,0.61108552,2022,-0.30984076,0.52606328,0.39899147,,,0.47342632,0.16205368
VT TQQQ/BTAL t30 w0-60 QQQ:VOL_EWMA75 gate QQQ<SMA200,sens,sens_2019-01-03,2019-01-03,2024-01-03,false,true,0.75000000,0.30000000,0.60000000,QQQ<SMA200,0.04590602,0.40342141,0.04574111,0.40342141,72164.84970000,40000.00000000,32164.84970000,0.80412124,0.20409086,0.19332770,0.85120795,0.25793293,1.17512613,0.74909906,-0.27244842,533,2023,0.41673092,2022,-0.20764384,0.57124710,0.39844389,,,0.42807002,0.00000000
VT TQQQ/BTAL t30 w0-70 QQQ:VOL_EWMA75,sens,sens_2019-01-03,2019-01-03,2024-01-03,false,true,0.75000000,0.30000000,0.70000000,,0.00050559,0.00156030,0.00037284,0.00133109,76987.74715000,40000.00000000,36987.74715000,0.92469368,0.24471666,0.21506748,0.90709459,0.28776975,1.25070979,0.66013941,-0.37070451,725,2023,0.62440971,2022,-0.32973414,0.49067994,0.29866891,,,0.50881447,0.16211339
VT TQQQ/BTAL t30 w0-70 QQQ:VOL_EWMA75 gate QQQ<SMA200,sens,sens_2019-01-03,2019-01-03,2024-01-03,false,true,0.75000000,0.30000000,0.70000000,QQQ<SMA200,0.04443720,0.40342141,0.04431947,0.40342141,72590.06345000,40000.00000000,32590.06345000,0.81475159,0.20959104,0.19529645,0.82325479,0.27930496,1.12993834,0.70238123,-0.29840068,606,2023,0.42860745,2022,-0.23036593,0.53459882,0.29850969,,,0.46484825,0.00000000
VT TQQQ/BTAL t30 w0-80 QQQ:VOL_EWMA75,sens,sens_2019-01-03,2019-01-03,2024-01-03,false,true,0.75000000,0.30000000,0.80000000,,0.00056833,0.00183121,0.00042594,0.00136833,79369.79935000,40000.00000000,39369.79935000,0.98424498,0.25506079,0.22535472,0.90851255,0.30067611,1.25090919,0.67679444,-0.37686597,752,2023,0.65801060,2022,-0.32948027,0.46342040,0.19888996,,,0.53601128,0.16206769
VT TQQQ/BTAL t30 w0-80 QQQ:VOL_EWMA75 gate QQQ<SMA200,sens,sens_2019-01-03,2019-01-03,2024-01-03,false,true,0.75000000,0.30000000,0.80000000,QQQ<SMA200,0.04448622,0.40342141,0.04436713,0.40342141,74774.56135000,40000.00000000,34774.56135000,0.86936403,0.21952965,0.20524891,0.82700720,0.29259990,1.13389108,0.71883279,-0.30539738,731,2023,0.45815020,2022,-0.23025183,0.50741569,0.19858944,,,0.49203613,0.00000000
VT TQQQ/BTAL t35 w0-60 QQQ:VOL_EWMA75,sens,sens_2019-01-03,2019-01-03,2024-01-03,false,true,0.75000000,0.35000000,0.60000000,,0.00056960,0.00171025,0.00043833,0.00157973,84772.72560000,40000.00000000,44772.72560000,1.11931814,0.27681249,0.24769621,0.98809006,0.29085057,1.38178148,0.70459646,-0.39286670,563,2023,0.74677914,2022,-0.35584011,0.49086074,0.39842027,,,0.50856966,0.18905977
VT TQQQ/BTAL t35 w0-60 QQQ:VOL_EWMA75 gate QQQ<SMA200,sens,sens_2019-01-03,2019-01-03,2024-01-03,false,true,0.75000000,0.35000000,0.60000000,QQQ<SMA200,0.05279417,0.47065831,0.05269302,0.47065831,78803.09220000,40000.00000000,38803.09220000,0.97007731,0.23135194,0.22293278,0.89960141,0.27366078,1.25068418,0.76513539,-0.30236732,535,2023,0.50908118,2022,-0.23964792,0.54312220,0.39844389,,,0.45628207,0.00000000
VT TQQQ/BTAL t35 w0-70 QQQ:VOL_EWMA75,sens,sens_2019-01-03,2019-01-03,2024-01-03,false,true,0.75000000,0.35000000,0.70000000,,0.00054046,0.00171025,0.00038095,0.00154957,85773.57035000,40000.00000000,45773.57035000,1.14433926,0.28347716,0.25169402,0.94727162,0.31767010,1.31029823,0.67761738,-0.41834400,606,2023,0.78118417,2022,-0.37895749,0.44708724,0.29871435,,,0.55237230,0.18922569
VT TQQQ/BTAL t35 w0-70 QQQ:VOL_EWMA75 gate QQQ<SMA200,sens,sens_2019-01-03,2019-01-03,2024-01-03,false,true,0.75000000,0.35000000,0.70000000,QQQ<SMA200,0.05218052,0.47065831,0.05205833,0.47065831,79941.15025000,40000.00000000,39941.15025000,0.99852876,0.23977307,0.22778080,0.86499763,0.30217366,1.18973657,0.71476179,-0.33545871,602,2023,0.53892524,2022,-0.26690544,0.49883193,0.29856838,,,0.50063062,0.00000000
VT TQQQ/BTAL t35 w0-80 QQQ:VOL_EWMA75,sens,sens_2019-01-03,2019-01-03,2024-01-03,false,true,0.75000000,0.35000000,0.80000000,,0.00057338,0.00185458,0.00043118,0.00164484,84748.10240000,40000.00000000,44748.10240000,1.11870256,0.28102614,0.24759732,0.90213421,0.33954977,1.23966302,0.63283206,-0.44407697,753,2023,0.79160265,2022,-0.40034123,0.41089675,0.19835516,,,0.58852987,0.18905869
VT TQQQ/BTAL t35 w0-80 QQQ:VOL_EWMA75 gate QQQ<SMA200,sens,sens_2019-01-03,2019-01-03,2024-01-03,false,true,0.75000000,0.35000000,0.80000000,QQQ<SMA200,0.05099158,0.47065831,0.05086468,0.47065831,79599.20640000,40000.00000000,39599.20640000,0.98998016,0.24166985,0.22633071,0.83017392,0.32576521,1.13559687,0.66189527,-0.36511797,752,2023,0.54842918,2022,-0.29245459,0.46140522,0.19882342,,,0.53803558,0.00000000
VT TQQQ/BTAL t25 w0-60 QQQ:VOL_EWMA80,sens,sens_2019-01-03,2019-01-03,2024-01-03,false,true,0.80000000,0.25000000,0.60000000,,0.00060006,0.00150443,0.00044438,0.00145584,69590.79955000,40000.00000000,29590.79955000,0.73976999,0.20591883,0.18118000,0.90976708,0.23731116,1.26249418,0.74769687,-0.27540416,532,2019,0.49931631,2022,-0.23781057,0.57257668,0.39880533,,,0.42682326,0.12425752
VT TQQQ/BTAL t25 w0-60 QQQ:VOL_EWMA80 gate QQQ<SMA200,sens,sens_2019-01-03,2019-01-03,2024-01-03,false,true,0.80000000,0.25000000,0.60000000,QQQ<SMA200,0.03617474,0.34365548,0.03602755,0.34365548,65923.91015000,40000.00000000,25923.91015000,0.64809775,0.17560963,0.16314873,0.80880995,0.23460453,1.11723420,0.70116178,-0.25045523,355,2019,0.32821788,2022,-0.15633319,0.60809109,0.39844389,,,0.39126306,0.00000000
VT TQQQ/BTAL t25 w0-70 QQQ:VOL_EWMA80,sens,sens_2019-01-03,2019-01-03,2024-01-03,false,true,0.80000000,0.25000000,0.70000000,,0.00060419,0.00147741,0.00045557,0.00145584,71135.75360000,40000.00000000,31135.75360000,0.77839384,0.21153402,0.18851906,0.89914340,0.24828024,1.24503220,0.75508930,-0.28014437,573,2023,0.50696092,2022,-0.23792240,0.55024448,0.29899542,,,0.44915133,0.12412125
VT TQQQ/BTAL t25 w0-70 QQQ:VOL_EWMA80 gate QQQ<SMA200,sens,sens_2019-01-03,2019-01-03,2024-01-03,false,true,0.80000000,0.25000000,0.70000000,QQQ<SMA200,0.03611230,0.34365548,0.03596048,0.34365548,67393.57855000,40000.00000000,27393.57855000,0.68483946,0.18113551,0.17048283,0.80241160,0.24567109,1.10646634,0.71614601,-0.25293098,337,2023,0.35444085,2022,-0.15644924,0.58573313,0.29921001,,,0.41360338,0.00000000
VT TQQQ/BTAL t25 w0-80 QQQ:VOL_EWMA80,sens,sens_2019-01-03,2019-01-03,2024-01-03,false,true,0.80000000,0.25000000,0.80000000,,0.00054794,0.00199859,0.00040644,0.00174021,72960.52820000,40000.00000000,32960.52820000,0.82401321,0.21732830,0.19700320,0.89629976,0.25683864,1.23989569,0.77566488,-0.28018324,573,2023,0.55099258,2022,-0.23796689,0.53463864,0.19921919,,,0.46481341,0.12419280
VT TQQQ/BTAL t25 w0-80 QQQ:VOL_EWMA80 gate QQQ<SMA200,sens,sens_2019-01-03,2019-01-03,2024-01-03,false,true,0.80000000,0.25000000,0.80000000,QQQ<SMA200,0.03601073,0.34365548,0.03586746,0.34365548,69113.02680000,40000.00000000,29113.02680000,0.72782567,0.18667498,0.17888041,0.80209558,0.25434380,1.10522703,0.72783631,-0.25647935,324,2023,0.39428375,2022,-0.15669303,0.57008751,0.19918767,,,0.42932429,0.00000000
VT TQQQ/BTAL t30 w0-60 QQQ:VOL_EWMA80,sens,sens_2019-01-03,2019-01-03,2024-01-03,false,true,0.80000000,0.30000000,0.60000000,,0.00055907,0.00153945,0.00041720,0.00119908,76521.53850000,40000.00000000,36521.53850000,0.91303846,0.24041625,0.21302058,0.94058097,0.26788599,1.30466331,0.69791173,-0.34447945,561,2023,0.60615212,2022,-0.30876660,0.52636106,0.39880092,,,0.47307987,0.14899621
VT TQQQ/BTAL t30 w0-60 QQQ:VOL_EWMA80 gate QQQ<SMA200,sens,sens_2019-01-03,2019-01-03,2024-01-03,false,true,0.80000000,0.30000000,0.60000000,QQQ<SMA200,0.04375549,0.41238658,0.04362122,0.41238658,71464.04745000,40000.00000000,31464.04745000,0.78660119,0.20085238,0.19005990,0.83886883,0.25877515,1.15679825,0.72284370,-0.27786419,561,2023,0.41772929,2022,-0.21683167,0.56953273,0.39844389,,,0.42989264,0.00000000
VT TQQQ/BTAL t30 w0-70 QQQ:VOL_EWMA80,sens,sens_2019-01-03,2019-01-03,2024-01-03,false,true,0.80000000,0.30000000,0.70000000,,0.00051444,0.00155095,0.00038846,0.00148679,77948.33575000,40000.00000000,37948.33575000,0.94870839,0.24780991,0.21924997,0.92173177,0.28502965,1.27320899,0.70541710,-0.35129558,605,2023,0.61991177,2022,-0.31094896,0.49272492,0.29851321,,,0.50676064,0.14912342
VT TQQQ/BTAL t30 w0-70 QQQ:VOL_EWMA80 gate QQQ<SMA200,sens,sens_2019-01-03,2019-01-03,2024-01-03,false,true,0.80000000,0.30000000,0.70000000,QQQ<SMA200,0.04234398,0.41238658,0.04224317,0.41238658,73288.14100000,40000.00000000,33288.14100000,0.83220353,0.21211271,0.19850600,0.83504792,0.27710885,1.14834598,0.74233046,-0.28573893,605,2023,0.43006809,2022,-0.21987434,0.53467385,0.29894169,,,0.46483701,0.00000000
VT TQQQ/BTAL t30 w0-80 QQQ:VOL_EWMA80,sens,sens_2019-01-03,2019-01-03,2024-01-03,false,true,0.80000000,0.30000000,0.80000000,,0.00057595,0.00144299,0.00042844,0.00124819,79140.11540000,40000.00000000,39140.11540000,0.97850288,0.25160338,0.22437500,0.90575377,0.29746318,1.24785611,0.70283322,-0.35798447,605,2023,0.66267875,2022,-0.31104466,0.46844435,0.19900881,,,0.53097970,0.14912499
VT TQQQ/BTAL t30 w0-80 QQQ:VOL_EWMA80 gate QQQ<SMA200,sens,sens_2019-01-03,2019-01-03,2024-01-03,false,true,0.80000000,0.30000000,0.80000000,QQQ<SMA200,0.04241229,0.41238658,0.04227944,0.41238658,74425.67505000,40000.00000000,34425.67505000,0.86064188,0.21586544,0.20367721,0.82160082,0.28987134,1.12720803,0.73669655,-0.29301813,605,2023,0.46788571,2022,-0.21989373,0.51039039,0.19849351,,,0.48906370,0.00000000
VT TQQQ/BTAL t35 w0-60 QQQ:VOL_EWMA80,sens,sens_2019-01-03,2019-01-03,2024-01-03,false,true,0.80000000,0.35000000,0.60000000,,0.00055004,0.00182935,0.00039104,0.00138939,85050.83130000,40000.00000000,45050.83130000,1.12627078,0.27715430,0.24881130,0.98757429,0.29144822,1.38195872,0.71051020,-0.39007786,563,2023,0.75534638,2022,-0.35441955,0.49029581,0.39861061,,,0.50915415,0.17397823
VT TQQQ/BTAL t35 w0-60 QQQ:VOL_EWMA80 gate QQQ<SMA200,sens,sens_2019-01-03,2019-01-03,2024-01-03,false,true,0.80000000,0.35000000,0.60000000,QQQ<SMA200,0.05036087,0.48111768,0.05022984,0.48111768,78707.13215000,40000.00000000,38707.13215000,0.96767830,0.23068046,0.22252112,0.89347891,0.27548294,1.24310001,0.73849340,-0.31236631,535,2023,0.52347139,2022,-0.25103803,0.54011793,0.39844389,,,0.45930818,0.00000000
VT TQQQ/BTAL t35 w0-70 QQQ:VOL_EWMA80,sens,sens_2019-01-03,2019-01-03,2024-01-03,false,true,0.80000000,0.35000000,0.70000000,,0.00053149,0.00138443,0.00040193,0.00125973,84934.73985000,40000.00000000,44934.73985000,1.12336850,0.27941596,0.24834622,0.93716286,0.31773915,1.29473393,0.67327578,-0.41500967,606,2023,0.77531313,2022,-0.37744311,0.44744608,0.29876071,,,0.55202243,0.17379258
VT TQQQ/BTAL t35 w0-70 QQQ:VOL_EWMA80 gate QQQ<SMA200,sens,sens_2019-01-03,2019-01-03,2024-01-03,false,true,0.80000000,0.35000000,0.70000000,QQQ<SMA200,0.04966433,0.48111768,0.04955835,0.48111768,78883.01335000,40000.00000000,38883.01335000,0.97207533,0.23521440,0.22327528,0.85066412,0.30335743,1.16862877,0.68842638,-0.34166964,605,2023,0.54084855,2022,-0.27755676,0.49670221,0.29881455,,,0.50277938,0.00000000
VT TQQQ/BTAL t35 w0-80 QQQ:VOL_EWMA80,sens,sens_2019-01-03,2019-01-03,2024-01-03,false,true,0.80000000,0.35000000,0.80000000,,0.00049782,0.00169728,0.00036976,0.00159775,86349.18940000,40000.00000000,46349.18940000,1.15872974,0.28622960,0.25397443,0.92021810,0.33593585,1.26672319,0.67659492,-0.42304426,752,2023,0.78654324,2022,-0.37968850,0.41313580,0.19888356,,,0.58636638,0.17402169
VT TQQQ/BTAL t35 w0-80 QQQ:VOL_EWMA80 gate QQQ<SMA200,sens,sens_2019-01-03,2019-01-03,2024-01-03,false,true,0.80000000,0.35000000,0.80000000,QQQ<SMA200,0.04861618,0.48111768,0.04848825,0.48111768,80702.25545000,40000.00000000,40702.25545000,1.01755639,0.24553789,0.23098852,0.84410044,0.32298328,1.15673429,0.69965090,-0.35094343,606,2023,0.55069391,2022,-0.28048360,0.46121724,0.19895726,,,0.53821586,0.00000000
VT TQQQ/BTAL t25 w0-60 QQQ:VOL_EWMA85,sens,sens_2019-01-03,2019-01-03,2024-01-03,false,true,0.85000000,0.25000000,0.60000000,,0.00054603,0.00126078,0.00038573,0.00110452,69312.06890000,40000.00000000,29312.06890000,0.73280172,0.20230452,0.17984018,0.90220904,0.23547367,1.25360181,0.77551469,-0.26086484,520,2019,0.49499205,2022,-0.22362345,0.57648108,0.39906647,,,0.42297289,0.11462729
VT TQQQ/BTAL t25 w0-60 QQQ:VOL_EWMA85 gate QQQ<SMA200,sens,sens_2019-01-03,2019-01-03,2024-01-03,false,true,0.85000000,0.25000000,0.60000000,QQQ<SMA200,0.03425048,0.34352346,0.03414595,0.34352346,65215.39715000,40000.00000000,25215.39715000,0.63038493,0.16984740,0.15955949,0.79212236,0.23278196,1.09552806,0.68231285,-0.24892891,355,2023,0.32593368,2022,-0.15226826,0.61015579,0.39868191,,,0.38927628,0.00000000
VT TQQQ/BTAL t25 w0-70 QQQ:VOL_EWMA85,sens,sens_2019-01-03,2019-01-03,2024-01-03,false,true,0.85000000,0.25000000,0.70000000,,0.00060490,0.00165069,0.00043197,0.00138149,70469.67405000,40000.00000000,30469.67405000,0.76174185,0.20534968,0.18537290,0.88463929,0.24587403,1.22525028,0.78107992,-0.26290482,570,2023,0.51390211,2022,-0.22371440,0.55596717,0.29874830,,,0.44342792,0.11465017
VT TQQQ/BTAL t25 w0-70 QQQ:VOL_EWMA85 gate QQQ<SMA200,sens,sens_2019-01-03,2019-01-03,2024-01-03,false,true,0.85000000,0.25000000,0.70000000,QQQ<SMA200,0.03431629,0.34352346,0.03419444,0.34352346,66353.56515000,40000.00000000,26353.56515000,0.65883913,0.17297068,0.16530817,0.77932342,0.24326764,1.07481109,0.69063559,-0.25045144,355,2023,0.36590244,2022,-0.15186776,0.58980959,0.29849905,,,0.40962075,0.00000000
VT TQQQ/BTAL t25 w0-80 QQQ:VOL_EWMA85,sens,sens_2019-01-03,2019-01-03,2024-01-03,false,true,0.85000000,0.25000000,0.80000000,,0.00065690,0.00205280,0.00045546,0.00165529,71536.18665000,40000.00000000,31536.18665000,0.78840467,0.20756157,0.19039762,0.87213310,0.25380251,1.20581063,0.78938285,-0.26294158,570,2023,0.55162772,2022,-0.22376348,0.54243032,0.19908432,,,0.45691278,0.11461827
VT TQQQ/BTAL t25 w0-80 QQQ:VOL_EWMA85 gate QQQ<SMA200,sens,sens_2019-01-03,2019-01-03,2024-01-03,false,true,0.85000000,0.25000000,0.80000000,QQQ<SMA200,0.03425643,0.34352346,0.03411032,0.34352346,67370.05525000,40000.00000000,27370.05525000,0.68425138,0.17511805,0.17036660,0.76974733,0.25127485,1.06002144,0.69566875,-0.25172620,337,2023,0.40006546,2022,-0.15234784,0.57616452,0.19937242,,,0.42323291,0.00000000
VT TQQQ/BTAL t30 w0-60 QQQ:VOL_EWMA85,sens,sens_2019-01-03,2019-01-03,2024-01-03,false,true,0.85000000,0.30000000,0.60000000,,0.00059426,0.00184162,0.00043635,0.00156289,76682.20155000,40000.00000000,36682.20155000,0.91705504,0.23910192,0.21372724,0.93780350,0.26740675,1.30172339,0.72394893,-0.33027457,535,2023,0.60700909,2022,-0.29472347,0.52737738,0.39867564,,,0.47202836,0.13756226
VT TQQQ/BTAL t30 w0-60 QQQ:VOL_EWMA85 gate QQQ<SMA200,sens,sens_2019-01-03,2019-01-03,2024-01-03,false,true,0.85000000,0.30000000,0.60000000,QQQ<SMA200,0.04135759,0.41222815,0.04122477,0.41222815,71020.39070000,40000.00000000,31020.39070000,0.77550977,0.19704147,0.18797608,0.82656993,0.25876505,1.14074520,0.68069337,-0.28947170,166,2023,0.42541099,2022,-0.21467341,0.56812397,0.39844389,,,0.43123344,0.00000000
VT TQQQ/BTAL t30 w0-70 QQQ:VOL_EWMA85,sens,sens_2019-01-03,2019-01-03,2024-01-03,false,true,0.85000000,0.30000000,0.70000000,,0.00063410,0.00202489,0.00047270,0.00162848,77404.01370000,40000.00000000,37404.01370000,0.93510034,0.24317051,0.21688569,0.91371991,0.28270243,1.26368499,0.72634621,-0.33478595,573,2023,0.62449931,2022,-0.29477883,0.49687349,0.29837152,,,0.50249241,0.13756718
VT TQQQ/BTAL t30 w0-70 QQQ:VOL_EWMA85 gate QQQ<SMA200,sens,sens_2019-01-03,2019-01-03,2024-01-03,false,true,0.85000000,0.30000000,0.70000000,QQQ<SMA200,0.04023821,0.41222815,0.04011346,0.41222815,72145.66765000,40000.00000000,32145.66765000,0.80364169,0.20463278,0.19323864,0.81653368,0.27509369,1.12417074,0.70728738,-0.28932056,166,2023,0.44094289,2022,-0.21474354,0.53673144,0.29866003,,,0.46274654,0.00000000
VT TQQQ/BTAL t30 w0-80 QQQ:VOL_EWMA85,sens,sens_2019-01-03,2019-01-03,2024-01-03,false,true,0.85000000,0.30000000,0.80000000,,0.00063045,0.00184162,0.00046972,0.00156289,78395.52805000,40000.00000000,38395.52805000,0.95988820,0.24487267,0.22118125,0.89225929,0.29511214,1.22983102,0.71913480,-0.34051010,573,2023,0.67216591,2022,-0.29471248,0.47424179,0.19877512,,,0.52512776,0.13769272
VT TQQQ/BTAL t30 w0-80 QQQ:VOL_EWMA85 gate QQQ<SMA200,sens,sens_2019-01-03,2019-01-03,2024-01-03,false,true,0.85000000,0.30000000,0.80000000,QQQ<SMA200,0.04022020,0.41222815,0.04009732,0.41222815,73065.73165000,40000.00000000,33065.73165000,0.82664329,0.20616372,0.19748645,0.79746297,0.28782168,1.09445368,0.71229977,-0.28943393,166,2023,0.48338096,2022,-0.21499001,0.51401531,0.19905370,,,0.48540113,0.00000000
VT TQQQ/BTAL t35 w0-60 QQQ:VOL_EWMA85,sens,sens_2019-01-03,2019-01-03,2024-01-03,false,true,0.85000000,0.35000000,0.60000000,,0.00052503,0.00153637,0.00038227,0.00133278,84915.67760000,40000.00000000,44915.67760000,1.12289194,0.27563225,0.24826980,0.97955640,0.29311440,1.37055563,0.71056682,-0.38790475,535,2023,0.76343079,2022,-0.35279708,0.48972394,0.39886376,,,0.50975103,0.16063744
VT TQQQ/BTAL t35 w0-60 QQQ:VOL_EWMA85 gate QQQ<SMA200,sens,sens_2019-01-03,2019-01-03,2024-01-03,false,true,0.85000000,0.35000000,0.60000000,QQQ<SMA200,0.04772250,0.48093285,0.04758542,0.48093285,77572.30075000,40000.00000000,37572.30075000,0.93930752,0.22494308,0.21761824,0.87074150,0.27815093,1.21100270,0.69478267,-0.32376034,563,2023,0.53937326,2022,-0.26526876,0.53681665,0.39844389,,,0.46254653,0.00000000
VT TQQQ/BTAL t35 w0-70 QQQ:VOL_EWMA85,sens,sens_2019-01-03,2019-01-03,2024-01-03,false,true,0.85000000,0.35000000,0.70000000,,0.00056938,0.00156808,0.00041715,0.00133278,85184.97410000,40000.00000000,45184.97410000,1.12962435,0.27811086,0.24934800,0.93559546,0.31688168,1.29343572,0.69740053,-0.39878211,601,2023,0.77657971,2022,-0.36166786,0.44869569,0.29888020,,,0.55073493,0.16043738
VT TQQQ/BTAL t35 w0-70 QQQ:VOL_EWMA85 gate QQQ<SMA200,sens,sens_2019-01-03,2019-01-03,2024-01-03,false,true,0.85000000,0.35000000,0.70000000,QQQ<SMA200,0.04671220,0.48093285,0.04662719,0.48093285,78260.95420000,40000.00000000,38260.95420000,0.95652386,0.23060367,0.22060112,0.83801817,0.30351276,1.15210907,0.67913369,-0.33955563,169,2023,0.55082424,2022,-0.27528546,0.49502463,0.29881455,,,0.50447920,0.00000000
VT TQQQ/BTAL t35 w0-80 QQQ:VOL_EWMA85,sens,sens_2019-01-03,2019-01-03,2024-01-03,false,true,0.85000000,0.35000000,0.80000000,,0.00050362,0.00153637,0.00036654,0.00133278,85672.66240000,40000.00000000,45672.66240000,1.14181656,0.28113690,0.25129285,0.91300973,0.33320348,1.25811295,0.69448171,-0.40481542,605,2023,0.78840123,2022,-0.36158534,0.41764245,0.19881011,,,0.58185392,0.16063480
VT TQQQ/BTAL t35 w0-80 QQQ:VOL_EWMA85 gate QQQ<SMA200,sens,sens_2019-01-03,2019-01-03,2024-01-03,false,true,0.85000000,0.35000000,0.80000000,QQQ<SMA200,0.04591289,0.48093285,0.04577592,0.48093285,79083.43015000,40000.00000000,39083.43015000,0.97708575,0.23639182,0.22413281,0.82431284,0.32095207,1.13061461,0.68991415,-0.34263947,605,2023,0.56146535,2022,-0.27559145,0.46295297,0.19865343,,,0.53644231,0.00000000
50/50,sens,sens_2019-01-03,2019-01-03,2024-01-03,true,true,,,,,0.00051640,0.00250275,0.00038314,0.00212200,77309.26115000,40000.00000000,37309.26115000,0.93273153,0.26317039,0.21647259,0.87970024,0.32731481,1.24163040,0.58551002,-0.44947205,,2019,0.69043165,2022,-0.42899332,0.49969441,0.49787800,,,0.49978919,0.49937890
TQQQ60/BTAL40,sens,sens_2019-01-03,2019-01-03,2024-01-03,true,true,,,,,0.00051224,0.00154425,0.00036982,0.00128692,86522.50670000,40000.00000000,46522.50670000,1.16306267,0.30819667,0.25465840,0.86907149,0.40470515,1.22257464,0.56578108,-0.54472777,,2023,0.87221360,2022,-0.52195882,0.39969541,0.39871308,,,0.59979235,0.59951670
TQQQ50/BTAL50 gate QQQ<SMA200,sens,sens_2019-01-03,2019-01-03,2024-01-03,true,true,,,,,0.07136431,0.50000000,0.07124144,0.50000000,71693.93910000,40000.00000000,31693.93910000,0.79234848,0.20304725,0.19113506,0.79980873,0.28143189,1.11625595,0.53834572,-0.37716888,138,2023,0.43964414,2022,-0.28451117,0.57053259,0.49842599,,,0.42890054,0.00000000
SPY benchmark,sens,sens_2019-01-03,2019-01-03,2024-01-03,true,true,,,,,0.00665332,0.02316000,0.00665332,0.02316000,57733.57000000,40000.00000000,17733.57000000,0.44333925,0.13870561,0.11930124,0.72826433,0.20870874,1.01574381,0.41058993,-0.33782029,180,2019,0.31313844,2022,-0.19362373,,,0.99334668,0.97684000,,
VT TQQQ/BTAL t25 w0-60 QQQ:VOL_EWMA70,sens,sens_2019-07-03,2019-07-03,2024-07-03,false,true,0.70000000,0.25000000,0.60000000,,0.00066162,0.00199412,0.00046818,0.00140226,80938.10800000,40000.00000000,40938.10800000,1.02345270,0.21986532,0.23200037,0.94507024,0.24192558,1.31909715,0.72345790,-0.30390894,560,2023,0.47491965,2022,-0.26297733,0.56304180,0.39909471,,,0.43629659,0.14599744
VT TQQQ/BTAL t25 w0-60 QQQ:VOL_EWMA70 gate QQQ<SMA200,sens,sens_2019-07-03,2019-07-03,2024-07-03,false,true,0.70000000,0.25000000,0.60000000,QQQ<SMA200,0.03062407,0.29622953,0.03047440,0.29622953,80200.60980000,40000.00000000,40200.60980000,1.00501525,0.21802179,0.22890073,0.94784595,0.23883510,1.31965759,0.82541648,-0.26413549,355,2024,0.32251501,2022,-0.16747796,0.59315603,0.39909471,,,0.40623043,0.05335877
VT TQQQ/BTAL t25 w0-70 QQQ:VOL_EWMA70,sens,sens_2019-07-03,2019-07-03,2024-07-03,false,true,0.70000000,0.25000000,0.70000000,,0.00061607,0.00248324,0.00043418,0.00217591,84019.01740000,40000.00000000,44019.01740000,1.10047544,0.23515687,0.24468085,0.95664416,0.25564239,1.33555105,0.74465731,-0.31579206,725,2023,0.50462927,2022,-0.27141580,0.53458072,0.29930000,,,0.46480321,0.14587702
VT TQQQ/BTAL t25 w0-70 QQQ:VOL_EWMA70 gate QQQ<SMA200,sens,sens_2019-07-03,2019-07-03,2024-07-03,false,true,0.70000000,0.25000000,0.70000000,QQQ<SMA200,0.03062480,0.29608023,0.03046534,0.29608023,83275.60735000,40000.00000000,43275.60735000,1.08189018,0.23336480,0.24165977,0.95904497,0.25270855,1.33587560,0.90618687,-0.25752392,324,2023,0.34339206,2022,-0.17689982,0.56463057,0.29930000,,,0.43476121,0.05350807
VT TQQQ/BTAL t25 w0-80 QQQ:VOL_EWMA70,sens,sens_2019-07-03,2019-07-03,2024-07-03,false,true,0.70000000,0.25000000,0.80000000,,0.00064644,0.00248324,0.00045913,0.00217591,87980.24765000,40000.00000000,47980.24765000,1.19950619,0.25253941,0.26038614,0.98138167,0.26633156,1.37397222,0.79525676,-0.31755707,725,2023,0.54844258,2022,-0.27144693,0.51431639,0.19834092,,,0.48503718,0.14587801
VT TQQQ/BTAL t25 w0-80 QQQ:VOL_EWMA70 gate QQQ<SMA200,sens,sens_2019-07-03,2019-07-03,2024-07-03,false,true,0.70000000,0.25000000,0.80000000,QQQ<SMA200,0.03052518,0.29569547,0.03038539,0.29569547,87183.64695000,40000.00000000,47183.64695000,1.17959117,0.25061374,0.25727933,0.98324664,0.26349437,1.37379125,0.91801395,-0.27299557,324,2023,0.38310906,2022,-0.17744488,0.54431712,0.19834092,,,0.45506863,0.05389283
VT TQQQ/BTAL t30 w0-60 QQQ:VOL_EWMA70,sens,sens_2019-07-03,2019-07-03,2024-07-03,false,true,0.70000000,0.30000000,0.60000000,,0.00067345,0.00221827,0.00048035,0.00164667,90623.08905000,40000.00000000,50623.08905000,1.26557723,0.25617544,0.27051672,0.98456757,0.26924402,1.37751236,0.73183641,-0.35004467,528,2023,0.62078851,2022,-0.31063166,0.51945158,0.39835333,,,0.47987496,0.17544895
VT TQQQ/BTAL t30 w0-60 QQQ:VOL_EWMA70 gate QQQ<SMA200,sens,sens_2019-07-03,2019-07-03,2024-07-03,false,true,0.70000000,0.30000000,0.60000000,QQQ<SMA200,0.03598526,0.35244523,0.03583662,0.35244523,90259.67745000,40000.00000000,50259.67745000,1.25649194,0.25623134,0.26913943,1.01069054,0.25987308,1.41134805,0.95859105,-0.26729995,527,2023,0.41927956,2022,-0.19835546,0.55496195,0.39835333,,,0.44447043,0.06706072
VT TQQQ/BTAL t30 w0-70 QQQ:VOL_EWMA70,sens,sens_2019-07-03,2019-07-03,2024-07-03,false,true,0.70000000,0.30000000,0.70000000,,0.00073432,0.00270925,0.00051480,0.00209550,91166.48895000,40000.00000000,51166.48895000,1.27916222,0.25997657,0.27256699,0.94353342,0.29057743,1.31083718,0.68858293,-0.37755302,727,2023,0.63535796,2022,-0.33507871,0.48214185,0.29790450,,,0.51712383,0.17543787
VT TQQQ/BTAL t30 w0-70 QQQ:VOL_EWMA70 gate QQQ<SMA200,sens,sens_2019-07-03,2019-07-03,2024-07-03,false,true,0.70000000,0.30000000,0.70000000,QQQ<SMA200,0.03609496,0.35247946,0.03591535,0.35247946,90773.19185000,40000.00000000,50773.19185000,1.26932980,0.25994862,0.27108415,0.96367924,0.28189849,1.33607918,0.87023631,-0.29871038,605,2023,0.43188014,2022,-0.22684264,0.51763356,0.29790450,,,0.48169787,0.06702650
VT TQQQ/BTAL t30 w0-80 QQQ:VOL_EWMA70,sens,sens_2019-07-03,2019-07-03,2024-07-03,false,true,0.70000000,0.30000000,0.80000000,,0.00061258,0.00193481,0.00043279,0.00155438,93374.09470000,40000.00000000,53374.09470000,1.33435237,0.27107094,0.28078609,0.93915781,0.30634227,1.30333031,0.68234283,-0.39726502,753,2023,0.65848579,2022,-0.34952089,0.45163920,0.19844562,,,0.54774822,0.17511083
VT TQQQ/BTAL t30 w0-80 QQQ:VOL_EWMA70 gate QQQ<SMA200,sens,sens_2019-07-03,2019-07-03,2024-07-03,false,true,0.70000000,0.30000000,0.80000000,QQQ<SMA200,0.03598735,0.35234218,0.03583583,0.35234218,93024.84145000,40000.00000000,53024.84145000,1.32562104,0.27126125,0.27949738,0.95722573,0.29811581,1.32594429,0.84603292,-0.32062730,752,2023,0.45226569,2022,-0.24336177,0.48706111,0.19844562,,,0.51233945,0.06716378
VT TQQQ/BTAL t35 w0-60 QQQ:VOL_EWMA70,sens,sens_2019-07-03,2019-07-03,2024-07-03,false,true,0.70000000,0.35000000,0.60000000,,0.00071618,0.00214270,0.00052167,0.00174889,98904.38175000,40000.00000000,58904.38175000,1.47260954,0.28465286,0.30064201,1.00689162,0.29195753,1.41543384,0.71899001,-0.39590656,563,2023,0.74450490,2022,-0.35717548,0.48524846,0.39825111,,,0.51403536,0.20469811
VT TQQQ/BTAL t35 w0-60 QQQ:VOL_EWMA70 gate QQQ<SMA200,sens,sens_2019-07-03,2019-07-03,2024-07-03,false,true,0.70000000,0.35000000,0.60000000,QQQ<SMA200,0.04121064,0.40752452,0.04106029,0.40752452,99274.21990000,40000.00000000,59274.21990000,1.48185550,0.28754181,0.30193448,1.05883413,0.27528663,1.48717218,0.97909138,-0.29368230,535,2023,0.49972768,2022,-0.22904976,0.52591188,0.39825111,,,0.47344891,0.08189910
VT TQQQ/BTAL t35 w0-70 QQQ:VOL_EWMA70,sens,sens_2019-07-03,2019-07-03,2024-07-03,false,true,0.70000000,0.35000000,0.70000000,,0.00067862,0.00270925,0.00048964,0.00209550,101683.00785000,40000.00000000,61683.00785000,1.54207520,0.29557754,0.31024972,0.97386716,0.31929905,1.35698038,0.70123765,-0.42150837,605,2023,0.79314938,2022,-0.38016091,0.43940505,0.29790450,,,0.55991633,0.20459074
VT TQQQ/BTAL t35 w0-70 QQQ:VOL_EWMA70 gate QQQ<SMA200,sens,sens_2019-07-03,2019-07-03,2024-07-03,false,true,0.70000000,0.35000000,0.70000000,QQQ<SMA200,0.04124819,0.40762755,0.04110104,0.40762755,102069.51870000,40000.00000000,62069.51870000,1.55173797,0.29852212,0.31156773,1.01441849,0.30409684,1.41125362,0.90575665,-0.32958314,601,2023,0.54140281,2022,-0.25637465,0.48010914,0.29790450,,,0.51926927,0.08179607
VT TQQQ/BTAL t35 w0-80 QQQ:VOL_EWMA70,sens,sens_2019-07-03,2019-07-03,2024-07-03,false,true,0.70000000,0.35000000,0.80000000,,0.00063760,0.00174765,0.00044839,0.00157646,101719.26975000,40000.00000000,61719.26975000,1.54298174,0.29730084,0.31037357,0.93440594,0.34260015,1.29397292,0.66297354,-0.44843545,753,2023,0.80516170,2022,-0.40295397,0.40141579,0.19860300,,,0.59794661,0.20456054
VT TQQQ/BTAL t35 w0-80 QQQ:VOL_EWMA70 gate QQQ<SMA200,sens,sens_2019-07-03,2019-07-03,2024-07-03,false,true,0.70000000,0.35000000,0.80000000,QQQ<SMA200,0.04120921,0.40753907,0.04106203,0.40753907,102052.19950000,40000.00000000,62052.19950000,1.55130499,0.30011361,0.31150877,0.96670394,0.32849181,1.33613151,0.83052213,-0.36135534,752,2023,0.55177778,2022,-0.28400055,0.44204237,0.19860300,,,0.55733483,0.08188455
VT TQQQ/BTAL t25 w0-60 QQQ:VOL_EWMA75,sens,sens_2019-07-03,2019-07-03,2024-07-03,false,true,0.75000000,0.25000000,0.60000000,,0.00064567,0.00170758,0.00046606,0.00129794,81313.75835000,40000.00000000,41313.75835000,1.03284396,0.22068381,0.23356945,0.95231313,0.24039796,1.33075555,0.75427298,-0.29257818,528,2023,0.46619458,2022,-0.25399010,0.56437619,0.39870206,,,0.43497814,0.13500257
VT TQQQ/BTAL t25 w0-60 QQQ:VOL_EWMA75 gate QQQ<SMA200,sens,sens_2019-07-03,2019-07-03,2024-07-03,false,true,0.75000000,0.25000000,0.60000000,QQQ<SMA200,0.02900939,0.28844954,0.02886793,0.28844954,80561.96555000,40000.00000000,40561.96555000,1.01404914,0.21923688,0.23042267,0.95587524,0.23754731,1.33249163,0.85553169,-0.25625805,355,2024,0.32774465,2022,-0.16436549,0.59283833,0.39870206,,,0.40654271,0.05626399
VT TQQQ/BTAL t25 w0-70 QQQ:VOL_EWMA75,sens,sens_2019-07-03,2019-07-03,2024-07-03,false,true,0.75000000,0.25000000,0.70000000,,0.00077601,0.00249545,0.00056391,0.00189055,84778.97770000,40000.00000000,44778.97770000,1.11947444,0.23658041,0.24774454,0.97094837,0.25213762,1.35825987,0.79438752,-0.29781486,605,2023,0.50349516,2022,-0.25416717,0.53880783,0.29836854,,,0.46041616,0.13520316
VT TQQQ/BTAL t25 w0-70 QQQ:VOL_EWMA75 gate QQQ<SMA200,sens,sens_2019-07-03,2019-07-03,2024-07-03,false,true,0.75000000,0.25000000,0.70000000,QQQ<SMA200,0.02906090,0.28834082,0.02891499,0.28834082,84000.97280000,40000.00000000,44000.97280000,1.10002432,0.23510237,0.24460781,0.97375175,0.24950416,1.35913754,0.92802741,-0.25333559,324,2023,0.34646804,2022,-0.16445172,0.56734221,0.29836854,,,0.43202221,0.05637271
VT TQQQ/BTAL t25 w0-80 QQQ:VOL_EWMA75,sens,sens_2019-07-03,2019-07-03,2024-07-03,false,true,0.75000000,0.25000000,0.80000000,,0.00070038,0.00249545,0.00051907,0.00189055,88418.54830000,40000.00000000,48418.54830000,1.21046371,0.25270697,0.26208486,0.99355718,0.26205145,1.39357856,0.84694116,-0.29837606,605,2023,0.54785816,2022,-0.25386156,0.52039729,0.19850963,,,0.47890232,0.13520926
VT TQQQ/BTAL t25 w0-80 QQQ:VOL_EWMA75 gate QQQ<SMA200,sens,sens_2019-07-03,2019-07-03,2024-07-03,false,true,0.75000000,0.25000000,0.80000000,QQQ<SMA200,0.02905851,0.28813909,0.02890944,0.28813909,87566.67625000,40000.00000000,47566.67625000,1.18916691,0.25103630,0.25877633,0.99568377,0.25947501,1.39370037,0.94535792,-0.26554630,324,2023,0.38617379,2022,-0.16458251,0.54882244,0.19850963,,,0.45049474,0.05657444
VT TQQQ/BTAL t30 w0-60 QQQ:VOL_EWMA75,sens,sens_2019-07-03,2019-07-03,2024-07-03,false,true,0.75000000,0.30000000,0.60000000,,0.00066101,0.00214270,0.00048288,0.00164667,90405.69495000,40000.00000000,50405.69495000,1.26014237,0.25444767,0.26969341,0.98064131,0.26879341,1.37111261,0.73315006,-0.34706083,561,2023,0.61112881,2022,-0.30965164,0.51993611,0.39835333,,,0.47940288,0.16197999
VT TQQQ/BTAL t30 w0-60 QQQ:VOL_EWMA75 gate QQQ<SMA200,sens,sens_2019-07-03,2019-07-03,2024-07-03,false,true,0.75000000,0.30000000,0.60000000,QQQ<SMA200,0.03417463,0.34324295,0.03402152,0.34324295,89921.46815000,40000.00000000,49921.46815000,1.24803670,0.25461629,0.26785321,1.00499836,0.26013160,1.40235892,0.93862390,-0.27126551,533,2023,0.41536053,2022,-0.20568463,0.55353919,0.39835333,,,0.44585875,0.07041329
VT TQQQ/BTAL t30 w0-70 QQQ:VOL_EWMA75,sens,sens_2019-07-03,2019-07-03,2024-07-03,false,true,0.75000000,0.30000000,0.70000000,,0.00066847,0.00270925,0.00046202,0.00209550,91318.41195000,40000.00000000,51318.41195000,1.28296030,0.25951666,0.27313825,0.94531838,0.28921439,1.31396413,0.70038854,-0.37053242,725,2023,0.62437321,2022,-0.32956919,0.48319725,0.29790450,,,0.51613428,0.16224206
VT TQQQ/BTAL t30 w0-70 QQQ:VOL_EWMA75 gate QQQ<SMA200,sens,sens_2019-07-03,2019-07-03,2024-07-03,false,true,0.75000000,0.30000000,0.70000000,QQQ<SMA200,0.03408895,0.34308665,0.03395064,0.34308665,90864.19380000,40000.00000000,50864.19380000,1.27160485,0.25982920,0.27142776,0.96505808,0.28117970,1.33870574,0.87361616,-0.29741803,606,2023,0.42714247,2022,-0.22859479,0.51674073,0.29790450,,,0.48266712,0.07056960
VT TQQQ/BTAL t30 w0-80 QQQ:VOL_EWMA75,sens,sens_2019-07-03,2019-07-03,2024-07-03,false,true,0.75000000,0.30000000,0.80000000,,0.00063500,0.00256535,0.00047412,0.00226592,95071.43690000,40000.00000000,55071.43690000,1.37678592,0.27561796,0.28698878,0.95977084,0.30214202,1.33484890,0.73149080,-0.37678937,731,2023,0.65795506,2022,-0.32942116,0.45560129,0.19912558,,,0.54376371,0.16191775
VT TQQQ/BTAL t30 w0-80 QQQ:VOL_EWMA75 gate QQQ<SMA200,sens,sens_2019-07-03,2019-07-03,2024-07-03,false,true,0.75000000,0.30000000,0.80000000,QQQ<SMA200,0.03401169,0.34276766,0.03389024,0.34276766,94587.83020000,40000.00000000,54587.83020000,1.36469575,0.27583560,0.28523160,0.97761827,0.29445265,1.35718596,0.90537774,-0.30466355,731,2023,0.45699046,2022,-0.22886526,0.48916136,0.19912558,,,0.51029154,0.07088858
VT TQQQ/BTAL t35 w0-60 QQQ:VOL_EWMA75,sens,sens_2019-07-03,2019-07-03,2024-07-03,false,true,0.75000000,0.35000000,0.60000000,,0.00065380,0.00214270,0.00047957,0.00164796,99567.90070000,40000.00000000,59567.90070000,1.48919752,0.28620730,0.30295777,1.01104882,0.29194848,1.42297741,0.72866929,-0.39278078,563,2023,0.74658384,2022,-0.35572352,0.48446607,0.39835204,,,0.51488012,0.18927442
VT TQQQ/BTAL t35 w0-60 QQQ:VOL_EWMA75 gate QQQ<SMA200,sens,sens_2019-07-03,2019-07-03,2024-07-03,false,true,0.75000000,0.35000000,0.60000000,QQQ<SMA200,0.03887119,0.39620122,0.03870986,0.39620122,99681.14855000,40000.00000000,59681.14855000,1.49202871,0.28883282,0.30335166,1.05879318,0.27658075,1.48888472,0.95698094,-0.30181669,535,2023,0.50782578,2022,-0.23835061,0.52277560,0.39835204,,,0.47663245,0.08639773
VT TQQQ/BTAL t35 w0-70 QQQ:VOL_EWMA75,sens,sens_2019-07-03,2019-07-03,2024-07-03,false,true,0.75000000,0.35000000,0.70000000,,0.00065874,0.00270925,0.00046420,0.00209550,101410.13435000,40000.00000000,61410.13435000,1.53525336,0.29357724,0.30931655,0.97012701,0.31876030,1.35080370,0.70190482,-0.41825790,606,2023,0.78098615,2022,-0.37882815,0.43993981,0.29790450,,,0.55940145,0.18913537
VT TQQQ/BTAL t35 w0-70 QQQ:VOL_EWMA75 gate QQQ<SMA200,sens,sens_2019-07-03,2019-07-03,2024-07-03,false,true,0.75000000,0.35000000,0.70000000,QQQ<SMA200,0.03892996,0.39637273,0.03877542,0.39637273,101599.54205000,40000.00000000,61599.54205000,1.53998855,0.29650743,0.30996452,1.00792032,0.30470188,1.40113773,0.88631271,-0.33454042,602,2023,0.53764333,2022,-0.26513856,0.47831486,0.29790450,,,0.52106272,0.08622622
VT TQQQ/BTAL t35 w0-80 QQQ:VOL_EWMA75,sens,sens_2019-07-03,2019-07-03,2024-07-03,false,true,0.75000000,0.35000000,0.80000000,,0.00062819,0.00204183,0.00046519,0.00173181,101669.52790000,40000.00000000,61669.52790000,1.54173820,0.29608780,0.31020368,0.93397804,0.34124126,1.29363543,0.66672348,-0.44409385,753,2023,0.79151878,2022,-0.40033143,0.40225447,0.19860300,,,0.59711734,0.18929068
VT TQQQ/BTAL t35 w0-80 QQQ:VOL_EWMA75 gate QQQ<SMA200,sens,sens_2019-07-03,2019-07-03,2024-07-03,false,true,0.75000000,0.35000000,0.80000000,QQQ<SMA200,0.03891129,0.39639018,0.03877146,0.39639018,101836.44545000,40000.00000000,61836.44545000,1.54591114,0.29894405,0.31077348,0.96461431,0.32813459,1.33362537,0.82139789,-0.36394548,752,2023,0.54666085,2022,-0.29039984,0.44063024,0.19860300,,,0.55876508,0.08620877
VT TQQQ/BTAL t25 w0-60 QQQ:VOL_EWMA80,sens,sens_2019-07-03,2019-07-03,2024-07-03,false,true,0.80000000,0.25000000,0.60000000,,0.00067032,0.00219869,0.00047477,0.00164667,82046.20120000,40000.00000000,42046.20120000,1.05115503,0.22203745,0.23661020,0.96194367,0.23872047,1.34671430,0.80644165,-0.27532984,532,2023,0.46277902,2022,-0.23773729,0.56625085,0.39835333,,,0.43307883,0.12418042
VT TQQQ/BTAL t25 w0-60 QQQ:VOL_EWMA80 gate QQQ<SMA200,sens,sens_2019-07-03,2019-07-03,2024-07-03,false,true,0.80000000,0.25000000,0.60000000,QQQ<SMA200,0.02728839,0.28046431,0.02712906,0.28046431,81184.32530000,40000.00000000,41184.32530000,1.02960813,0.22071972,0.23302955,0.96539899,0.23610410,1.34855864,0.88142135,-0.25041340,355,2024,0.33359025,2022,-0.15492334,0.59301902,0.39835333,,,0.40636380,0.05961082
VT TQQQ/BTAL t25 w0-70 QQQ:VOL_EWMA80,sens,sens_2019-07-03,2019-07-03,2024-07-03,false,true,0.80000000,0.25000000,0.70000000,,0.00075915,0.00225055,0.00055330,0.00203128,85191.91950000,40000.00000000,45191.91950000,1.12979799,0.23566054,0.24939897,0.97504187,0.24966959,1.36610145,0.84156916,-0.28002516,573,2023,0.50699779,2022,-0.23780651,0.54299535,0.29840755,,,0.45624550,0.12399312
VT TQQQ/BTAL t25 w0-70 QQQ:VOL_EWMA80 gate QQQ<SMA200,sens,sens_2019-07-03,2019-07-03,2024-07-03,false,true,0.80000000,0.25000000,0.70000000,QQQ<SMA200,0.02729772,0.28025651,0.02714123,0.28025651,84290.72775000,40000.00000000,44290.72775000,1.10726819,0.23428614,0.24577906,0.97780213,0.24719766,1.36715807,0.92646156,-0.25288274,337,2023,0.35366566,2022,-0.15530177,0.56969689,0.29840755,,,0.42963160,0.05981862
VT TQQQ/BTAL t25 w0-80 QQQ:VOL_EWMA80,sens,sens_2019-07-03,2019-07-03,2024-07-03,false,true,0.80000000,0.25000000,0.80000000,,0.00073396,0.00225055,0.00053678,0.00203128,88250.46980000,40000.00000000,48250.46980000,1.20626175,0.24917177,0.26143433,0.99278058,0.25844557,1.39412090,0.88956102,-0.28010644,573,2023,0.55109638,2022,-0.23791707,0.52708884,0.19864128,,,0.47217720,0.12429145
VT TQQQ/BTAL t25 w0-80 QQQ:VOL_EWMA80 gate QQQ<SMA200,sens,sens_2019-07-03,2019-07-03,2024-07-03,false,true,0.80000000,0.25000000,0.80000000,QQQ<SMA200,0.02735135,0.28019715,0.02719782,0.28019715,87366.26180000,40000.00000000,47366.26180000,1.18415654,0.24795386,0.25799378,0.99595053,0.25601503,1.39601258,0.96728391,-0.25634031,324,2023,0.39335057,2022,-0.15488790,0.55383505,0.19864128,,,0.44548137,0.05987798
VT TQQQ/BTAL t30 w0-60 QQQ:VOL_EWMA80,sens,sens_2019-07-03,2019-07-03,2024-07-03,false,true,0.80000000,0.30000000,0.60000000,,0.00070816,0.00250355,0.00049034,0.00187847,90276.48570000,40000.00000000,50276.48570000,1.25691214,0.25239194,0.26920324,0.97339834,0.26922749,1.36005900,0.73270038,-0.34446814,561,2023,0.60616768,2022,-0.30872107,0.51955812,0.39812153,,,0.47973372,0.14885621
VT TQQQ/BTAL t30 w0-60 QQQ:VOL_EWMA80 gate QQQ<SMA200,sens,sens_2019-07-03,2019-07-03,2024-07-03,false,true,0.80000000,0.30000000,0.60000000,QQQ<SMA200,0.03203647,0.33335417,0.03186070,0.33335417,89655.43820000,40000.00000000,49655.43820000,1.24138596,0.25272960,0.26683845,0.99607302,0.26124211,1.38907483,0.91273501,-0.27689263,561,2023,0.41649536,2022,-0.21511112,0.55101421,0.39812153,,,0.44834364,0.07473598
VT TQQQ/BTAL t30 w0-70 QQQ:VOL_EWMA80,sens,sens_2019-07-03,2019-07-03,2024-07-03,false,true,0.80000000,0.30000000,0.70000000,,0.00063765,0.00270925,0.00047100,0.00209550,92865.52845000,40000.00000000,52865.52845000,1.32163821,0.26398732,0.27890810,0.96367914,0.28658843,1.34277868,0.75126315,-0.35139128,605,2023,0.62004974,2022,-0.31112645,0.48511152,0.29790450,,,0.51425082,0.14884893
VT TQQQ/BTAL t30 w0-70 QQQ:VOL_EWMA80 gate QQQ<SMA200,sens,sens_2019-07-03,2019-07-03,2024-07-03,false,true,0.80000000,0.30000000,0.70000000,QQQ<SMA200,0.03187682,0.33286825,0.03173732,0.33286825,92230.37095000,40000.00000000,52230.37095000,1.30575927,0.26428005,0.27654976,0.98280055,0.27908853,1.36695319,0.92832810,-0.28468388,602,2023,0.42894003,2022,-0.21811310,0.51648469,0.29790450,,,0.48295359,0.07522191
VT TQQQ/BTAL t30 w0-80 QQQ:VOL_EWMA80,sens,sens_2019-07-03,2019-07-03,2024-07-03,false,true,0.80000000,0.30000000,0.80000000,,0.00070416,0.00208739,0.00048742,0.00164902,95723.01375000,40000.00000000,55723.01375000,1.39307534,0.27497002,0.28934378,0.96510340,0.29892695,1.34428435,0.76863946,-0.35773602,605,2023,0.66270400,2022,-0.31076643,0.46035007,0.19846466,,,0.53894577,0.14897264
VT TQQQ/BTAL t30 w0-80 QQQ:VOL_EWMA80 gate QQQ<SMA200,sens,sens_2019-07-03,2019-07-03,2024-07-03,false,true,0.80000000,0.30000000,0.80000000,QQQ<SMA200,0.03194932,0.33285806,0.03178490,0.33285806,95065.54875000,40000.00000000,55065.54875000,1.37663872,0.27523011,0.28696744,0.98228129,0.29174681,1.36592361,0.94334096,-0.29176100,605,2023,0.46658864,2022,-0.21785277,0.49171665,0.19846466,,,0.50764796,0.07523209
VT TQQQ/BTAL t35 w0-60 QQQ:VOL_EWMA80,sens,sens_2019-07-03,2019-07-03,2024-07-03,false,true,0.80000000,0.35000000,0.60000000,,0.00064731,0.00225997,0.00045985,0.00184952,100116.84635000,40000.00000000,60116.84635000,1.50292116,0.28688154,0.30486336,1.01117916,0.29262332,1.42424318,0.73548859,-0.39005573,563,2023,0.75539478,2022,-0.35434650,0.48382242,0.39815048,,,0.51553026,0.17400564
VT TQQQ/BTAL t35 w0-60 QQQ:VOL_EWMA80 gate QQQ<SMA200,sens,sens_2019-07-03,2019-07-03,2024-07-03,false,true,0.80000000,0.35000000,0.60000000,QQQ<SMA200,0.03640593,0.38441039,0.03626225,0.38441039,99918.18135000,40000.00000000,59918.18135000,1.49795453,0.28914437,0.30417479,1.05447867,0.27842683,1.48405510,0.92971568,-0.31100301,535,2023,0.52180697,2022,-0.24871328,0.51971919,0.39815048,,,0.47971666,0.09169479
VT TQQQ/BTAL t35 w0-70 QQQ:VOL_EWMA80,sens,sens_2019-07-03,2019-07-03,2024-07-03,false,true,0.80000000,0.35000000,0.70000000,,0.00067066,0.00282544,0.00049472,0.00216252,101304.51770000,40000.00000000,61304.51770000,1.53261294,0.29144186,0.30895477,0.96415507,0.31915155,1.34165837,0.70200123,-0.41515862,606,2023,0.77525511,2022,-0.37761782,0.43958054,0.29790450,,,0.55974879,0.17364972
VT TQQQ/BTAL t35 w0-70 QQQ:VOL_EWMA80 gate QQQ<SMA200,sens,sens_2019-07-03,2019-07-03,2024-07-03,false,true,0.80000000,0.35000000,0.70000000,QQQ<SMA200,0.03639185,0.38430079,0.03624114,0.38430079,101093.86270000,40000.00000000,61093.86270000,1.52734657,0.29369505,0.30823219,0.99742267,0.30618743,1.38564130,0.86169947,-0.34083234,605,2023,0.53921566,2022,-0.27588907,0.47539089,0.29790450,,,0.52397525,0.09180439
VT TQQQ/BTAL t35 w0-80 QQQ:VOL_EWMA80,sens,sens_2019-07-03,2019-07-03,2024-07-03,false,true,0.80000000,0.35000000,0.80000000,,0.00067266,0.00167659,0.00047071,0.00152345,104076.40785000,40000.00000000,64076.40785000,1.60191020,0.30296216,0.31834122,0.95581088,0.33771240,1.32701606,0.71621039,-0.42300721,752,2023,0.78642100,2022,-0.37964457,0.40424514,0.19860300,,,0.59508220,0.17387229
VT TQQQ/BTAL t35 w0-80 QQQ:VOL_EWMA80 gate QQQ<SMA200,sens,sens_2019-07-03,2019-07-03,2024-07-03,false,true,0.80000000,0.35000000,0.80000000,QQQ<SMA200,0.03629315,0.38399838,0.03614889,0.38399838,103850.33535000,40000.00000000,63850.33535000,1.59625838,0.30511854,0.31758399,0.98429442,0.32550289,1.36430449,0.87195905,-0.34992301,606,2023,0.54899581,2022,-0.27860436,0.44007452,0.19860300,,,0.55936094,0.09210680
VT TQQQ/BTAL t25 w0-60 QQQ:VOL_EWMA85,sens,sens_2019-07-03,2019-07-03,2024-07-03,false,true,0.85000000,0.25000000,0.60000000,,0.00075187,0.00214270,0.00054939,0.00164667,82402.11775000,40000.00000000,42402.11775000,1.06005294,0.22030996,0.23807901,0.96099302,0.23705896,1.34826139,0.84528035,-0.26063537,520,2023,0.46949453,2022,-0.22340292,0.56951421,0.39835333,,,0.42973392,0.11453413
VT TQQQ/BTAL t25 w0-60 QQQ:VOL_EWMA85 gate QQQ<SMA200,sens,sens_2019-07-03,2019-07-03,2024-07-03,false,true,0.85000000,0.25000000,0.60000000,QQQ<SMA200,0.02566172,0.27065763,0.02548365,0.27065763,81059.95525000,40000.00000000,41059.95525000,1.02649888,0.21701255,0.23251004,0.95744121,0.23446862,1.34035522,0.87199011,-0.24887042,355,2024,0.34054148,2022,-0.15019356,0.59452862,0.39835333,,,0.40477709,0.06379120
VT TQQQ/BTAL t25 w0-70 QQQ:VOL_EWMA85,sens,sens_2019-07-03,2019-07-03,2024-07-03,false,true,0.85000000,0.25000000,0.70000000,,0.00066327,0.00212164,0.00050191,0.00187751,85339.23890000,40000.00000000,45339.23890000,1.13348097,0.23251856,0.24998746,0.97045451,0.24770849,1.36166079,0.88489425,-0.26276424,570,2023,0.51394701,2022,-0.22358343,0.54756611,0.29859737,,,0.45177062,0.11463995
VT TQQQ/BTAL t25 w0-70 QQQ:VOL_EWMA85 gate QQQ<SMA200,sens,sens_2019-07-03,2019-07-03,2024-07-03,false,true,0.85000000,0.25000000,0.70000000,QQQ<SMA200,0.02548988,0.27028111,0.02533598,0.27028111,83927.29390000,40000.00000000,43927.29390000,1.09818235,0.22909627,0.24430940,0.96643864,0.24521981,1.35333338,0.91531265,-0.25029292,355,2023,0.36509556,2022,-0.15085143,0.57245511,0.29859737,,,0.42690729,0.06416772
VT TQQQ/BTAL t25 w0-80 QQQ:VOL_EWMA85,sens,sens_2019-07-03,2019-07-03,2024-07-03,false,true,0.85000000,0.25000000,0.80000000,,0.00075200,0.00212164,0.00055944,0.00187751,87131.78505000,40000.00000000,47131.78505000,1.17829463,0.24112306,0.25707619,0.97586792,0.25549862,1.37071455,0.91733605,-0.26285140,570,2023,0.55155567,2022,-0.22360192,0.53471208,0.19864084,,,0.46453591,0.11473767
VT TQQQ/BTAL t25 w0-80 QQQ:VOL_EWMA85 gate QQQ<SMA200,sens,sens_2019-07-03,2019-07-03,2024-07-03,false,true,0.85000000,0.25000000,0.80000000,QQQ<SMA200,0.02556937,0.27030553,0.02540576,0.27030553,85718.93505000,40000.00000000,45718.93505000,1.14297338,0.23777275,0.25150003,0.97202738,0.25309139,1.36281904,0.94447187,-0.25175207,337,2023,0.39910288,2022,-0.15060110,0.55963074,0.19864084,,,0.43966296,0.06414330
VT TQQQ/BTAL t30 w0-60 QQQ:VOL_EWMA85,sens,sens_2019-07-03,2019-07-03,2024-07-03,false,true,0.85000000,0.30000000,0.60000000,,0.00068423,0.00214270,0.00050725,0.00164667,91321.94270000,40000.00000000,51321.94270000,1.28304857,0.25348461,0.27315152,0.97687141,0.26913576,1.36703981,0.76783964,-0.33012702,535,2023,0.60712540,2022,-0.29458190,0.51971404,0.39835333,,,0.47960173,0.13765185
VT TQQQ/BTAL t30 w0-60 QQQ:VOL_EWMA85 gate QQQ<SMA200,sens,sens_2019-07-03,2019-07-03,2024-07-03,false,true,0.85000000,0.30000000,0.60000000,QQQ<SMA200,0.02977004,0.32068145,0.02961710,0.32068145,89871.83020000,40000.00000000,49871.83020000,1.24679575,0.25058715,0.26766407,0.98863952,0.26154558,1.38082690,0.86578886,-0.28943217,166,2023,0.42400434,2022,-0.21299294,0.54888099,0.39835333,,,0.45046295,0.08065715
VT TQQQ/BTAL t30 w0-70 QQQ:VOL_EWMA85,sens,sens_2019-07-03,2019-07-03,2024-07-03,false,true,0.85000000,0.30000000,0.70000000,,0.00075124,0.00270925,0.00053037,0.00209550,93209.43310000,40000.00000000,53209.43310000,1.33023583,0.26173896,0.28017904,0.96236207,0.28448151,1.34378726,0.78254845,-0.33446998,573,2023,0.62450573,2022,-0.29445382,0.48871300,0.29790450,,,0.51053577,0.13746580
VT TQQQ/BTAL t30 w0-70 QQQ:VOL_EWMA85 gate QQQ<SMA200,sens,sens_2019-07-03,2019-07-03,2024-07-03,false,true,0.85000000,0.30000000,0.70000000,QQQ<SMA200,0.02980448,0.32053808,0.02961980,0.32053808,91742.16060000,40000.00000000,51742.16060000,1.29355402,0.25883955,0.27472719,0.97165075,0.27731291,1.35428128,0.89496948,-0.28921607,166,2023,0.43956893,2022,-0.21294924,0.51788412,0.29790450,,,0.48141885,0.08080052
VT TQQQ/BTAL t30 w0-80 QQQ:VOL_EWMA85,sens,sens_2019-07-03,2019-07-03,2024-07-03,false,true,0.85000000,0.30000000,0.80000000,,0.00069662,0.00268533,0.00048217,0.00190826,96053.69250000,40000.00000000,56053.69250000,1.40134231,0.27175164,0.29053352,0.96064736,0.29709318,1.34010218,0.79831488,-0.34040658,573,2023,0.67220606,2022,-0.29463157,0.46487011,0.19918867,,,0.53443326,0.13734848
VT TQQQ/BTAL t30 w0-80 QQQ:VOL_EWMA85 gate QQQ<SMA200,sens,sens_2019-07-03,2019-07-03,2024-07-03,false,true,0.85000000,0.30000000,0.80000000,QQQ<SMA200,0.02982183,0.32053344,0.02962174,0.32053344,94542.71000000,40000.00000000,54542.71000000,1.36356775,0.26883813,0.28506725,0.96852067,0.29021547,1.34877134,0.92870151,-0.28947744,166,2023,0.48165410,2022,-0.21296037,0.49406653,0.19918867,,,0.50526116,0.08080516
VT TQQQ/BTAL t35 w0-60 QQQ:VOL_EWMA85,sens,sens_2019-07-03,2019-07-03,2024-07-03,false,true,0.85000000,0.35000000,0.60000000,,0.00070309,0.00240310,0.00048655,0.00174839,100303.67370000,40000.00000000,60303.67370000,1.50759184,0.28579784,0.30550980,1.00426334,0.29428636,1.41437404,0.73703941,-0.38776466,535,2023,0.76342311,2022,-0.35266771,0.48295708,0.39835333,,,0.51633983,0.16027985
VT TQQQ/BTAL t35 w0-60 QQQ:VOL_EWMA85 gate QQQ<SMA200,sens,sens_2019-07-03,2019-07-03,2024-07-03,false,true,0.85000000,0.35000000,0.60000000,QQQ<SMA200,0.03376331,0.36913855,0.03356783,0.36913855,98942.79620000,40000.00000000,58942.79620000,1.47356990,0.28389611,0.30077646,1.03257643,0.28109744,1.45265322,0.88016062,-0.32255034,563,2023,0.53763647,2022,-0.26311747,0.51606658,0.39835333,,,0.48324941,0.09908981
VT TQQQ/BTAL t35 w0-70 QQQ:VOL_EWMA85,sens,sens_2019-07-03,2019-07-03,2024-07-03,false,true,0.85000000,0.35000000,0.70000000,,0.00070125,0.00270925,0.00053035,0.00221314,102728.44785000,40000.00000000,62728.44785000,1.56821120,0.29295110,0.31380456,0.96842975,0.31884290,1.34964506,0.73478939,-0.39868717,601,2023,0.77652369,2022,-0.36156133,0.43971103,0.29790450,,,0.55958772,0.16045083
VT TQQQ/BTAL t35 w0-70 QQQ:VOL_EWMA85 gate QQQ<SMA200,sens,sens_2019-07-03,2019-07-03,2024-07-03,false,true,0.85000000,0.35000000,0.70000000,QQQ<SMA200,0.03378063,0.36915421,0.03363094,0.36915421,101360.26535000,40000.00000000,61360.26535000,1.53400663,0.29111955,0.30914577,0.98971913,0.30670371,1.37693265,0.85757016,-0.33947025,169,2023,0.54895884,2022,-0.27294142,0.47284783,0.29790450,,,0.52647243,0.09907415
VT TQQQ/BTAL t35 w0-80 QQQ:VOL_EWMA85,sens,sens_2019-07-03,2019-07-03,2024-07-03,false,true,0.85000000,0.35000000,0.80000000,,0.00065453,0.00176972,0.00047220,0.00139700,104456.98175000,40000.00000000,64456.98175000,1.61142454,0.30038684,0.31961268,0.95435335,0.33525224,1.32739487,0.74225326,-0.40469588,605,2023,0.78848671,2022,-0.36144595,0.40810796,0.19860300,,,0.59123751,0.16050749
VT TQQQ/BTAL t35 w0-80 QQQ:VOL_EWMA85 gate QQQ<SMA200,sens,sens_2019-07-03,2019-07-03,2024-07-03,false,true,0.85000000,0.35000000,0.80000000,QQQ<SMA200,0.03368462,0.36889098,0.03352428,0.36889098,103035.96925000,40000.00000000,63035.96925000,1.57589923,0.29841838,0.31484415,0.97185085,0.32374220,1.34943659,0.87435084,-0.34130279,605,2023,0.55943532,2022,-0.27321832,0.44119811,0.19860300,,,0.55817812,0.09933738
50/50,sens,sens_2019-07-03,2019-07-03,2024-07-03,true,true,,,,,0.00063278,0.00208017,0.00046139,0.00155066,85901.74820000,40000.00000000,45901.74820000,1.14754371,0.24837671,0.25222615,0.84622154,0.32591595,1.19339550,0.55229306,-0.44971905,757,2023,0.65078995,2022,-0.42924204,0.49961441,0.49844934,,,0.49975280,0.49920563
TQQQ60/BTAL40,sens,sens_2019-07-03,2019-07-03,2024-07-03,true,true,,,,,0.00064975,0.00214270,0.00048779,0.00174889,96341.73475000,40000.00000000,56341.73475000,1.40854337,0.28745797,0.29156690,0.83185347,0.40279738,1.16916184,0.52773232,-0.54470413,774,2023,0.87233577,2022,-0.52193393,0.39960450,0.39825111,,,0.59974574,0.59932463
TQQQ50/BTAL50 gate QQQ<SMA200,sens,sens_2019-07-03,2019-07-03,2024-07-03,true,true,,,,,0.05412853,0.37649519,0.05397517,0.37649519,88743.68935000,40000.00000000,48743.68935000,1.21859223,0.25531621,0.26334015,0.94745356,0.28322360,1.33262524,0.67689054,-0.37718980,138,2023,0.43754168,2022,-0.28138683,0.55322207,0.49844934,,,0.44617949,0.12350481
SPY benchmark,sens,sens_2019-07-03,2019-07-03,2024-07-03,true,true,,,,,0.00698217,0.02340246,0.00698217,0.02340246,61190.36000000,40000.00000000,21190.36000000,0.52975900,0.13028961,0.13848417,0.69592126,0.20744641,0.96939721,0.38714770,-0.33653723,180,2021,0.26920994,2022,-0.19336158,,,0.99301783,0.97659754,,
VT TQQQ/BTAL t25 w0-60 QQQ:VOL_EWMA70,sens,sens_2020-01-03,2020-01-03,2025-01-03,false,true,0.70000000,0.25000000,0.60000000,,0.00082444,0.00270912,0.00056940,0.00184427,68647.59125000,40000.00000000,28647.59125000,0.71618978,0.16579818,0.17651600,0.74584011,0.24745988,1.02573588,0.54576765,-0.30378894,560,2023,0.47481881,2022,-0.26287478,0.57299665,0.39924780,,,0.42617891,0.14614515
VT TQQQ/BTAL t25 w0-60 QQQ:VOL_EWMA70 gate QQQ<SMA200,sens,sens_2020-01-03,2020-01-03,2025-01-03,false,true,0.70000000,0.25000000,0.60000000,QQQ<SMA200,0.03110434,0.29827245,0.03089910,0.29827245,68062.06395000,40000.00000000,28062.06395000,0.70155160,0.16406391,0.17366210,0.74567642,0.24455850,1.02268035,0.62079195,-0.26428163,355,2023,0.31575739,2022,-0.16545854,0.60353499,0.39929593,,,0.39575491,0.05131585
VT TQQQ/BTAL t25 w0-70 QQQ:VOL_EWMA70,sens,sens_2020-01-03,2020-01-03,2025-01-03,false,true,0.70000000,0.25000000,0.70000000,,0.00077695,0.00270912,0.00054615,0.00184427,68999.66255000,40000.00000000,28999.66255000,0.72499156,0.16931616,0.17822135,0.72715072,0.26376826,0.99660604,0.53652266,-0.31558064,725,2023,0.50455371,2022,-0.27119178,0.54718489,0.29940579,,,0.45203816,0.14614515
VT TQQQ/BTAL t25 w0-70 QQQ:VOL_EWMA70 gate QQQ<SMA200,sens,sens_2020-01-03,2020-01-03,2025-01-03,false,true,0.70000000,0.25000000,0.70000000,QQQ<SMA200,0.03113476,0.29827497,0.03092273,0.29827497,68448.41225000,40000.00000000,28448.41225000,0.71121031,0.16776270,0.17554768,0.72692070,0.26103419,0.99386545,0.65158834,-0.25746731,324,2023,0.34223288,2022,-0.17493991,0.57767243,0.29921313,,,0.42160543,0.05131333
VT TQQQ/BTAL t25 w0-80 QQQ:VOL_EWMA70,sens,sens_2020-01-03,2020-01-03,2025-01-03,false,true,0.70000000,0.25000000,0.80000000,,0.00082938,0.00270912,0.00058787,0.00184427,69862.70315000,40000.00000000,29862.70315000,0.74656758,0.17427006,0.18236846,0.72167998,0.27643244,0.98822650,0.54948119,-0.31715381,725,2023,0.54856565,2022,-0.27107816,0.52977528,0.19942896,,,0.46939534,0.14614515
VT TQQQ/BTAL t25 w0-80 QQQ:VOL_EWMA70 gate QQQ<SMA200,sens,sens_2020-01-03,2020-01-03,2025-01-03,false,true,0.70000000,0.25000000,0.80000000,QQQ<SMA200,0.03097624,0.29786287,0.03079126,0.29786287,69257.72435000,40000.00000000,29257.72435000,0.73144311,0.17244934,0.17946632,0.72018622,0.27386956,0.98394334,0.63117232,-0.27322069,324,2023,0.38162460,2022,-0.17568083,0.56017816,0.19928239,,,0.43914544,0.05172543
VT TQQQ/BTAL t30 w0-60 QQQ:VOL_EWMA70,sens,sens_2020-01-03,2020-01-03,2025-01-03,false,true,0.70000000,0.30000000,0.60000000,,0.00082120,0.00237886,0.00055898,0.00185598,77556.98940000,40000.00000000,37556.98940000,0.93892474,0.20472852,0.21741621,0.81882217,0.27421482,1.13244781,0.58514068,-0.34987915,528,2023,0.62072087,2022,-0.31048337,0.52710129,0.39814402,,,0.47207752,0.17507945
VT TQQQ/BTAL t30 w0-60 QQQ:VOL_EWMA70 gate QQQ<SMA200,sens,sens_2020-01-03,2020-01-03,2025-01-03,false,true,0.70000000,0.30000000,0.60000000,QQQ<SMA200,0.03662280,0.35520940,0.03645107,0.35520940,77272.03835000,40000.00000000,37272.03835000,0.93180096,0.20499593,0.21617551,0.83853202,0.26510101,1.15664137,0.77130187,-0.26577912,527,2023,0.41768597,2022,-0.19576649,0.56313211,0.39917000,,,0.43615965,0.06429655
VT TQQQ/BTAL t30 w0-70 QQQ:VOL_EWMA70,sens,sens_2020-01-03,2020-01-03,2025-01-03,false,true,0.70000000,0.30000000,0.70000000,,0.00075402,0.00284651,0.00052576,0.00194026,76235.00920000,40000.00000000,36235.00920000,0.90587523,0.19965719,0.21162510,0.76469230,0.29656276,1.04872684,0.52867566,-0.37765535,731,2023,0.63518458,2022,-0.33520138,0.49350343,0.29924478,,,0.50574255,0.17499213
VT TQQQ/BTAL t30 w0-70 QQQ:VOL_EWMA70 gate QQQ<SMA200,sens,sens_2020-01-03,2020-01-03,2025-01-03,false,true,0.70000000,0.30000000,0.70000000,QQQ<SMA200,0.03661235,0.35537036,0.03645336,0.35537036,75968.30675000,40000.00000000,35968.30675000,0.89920767,0.20003653,0.21044580,0.77961217,0.28812786,1.06631064,0.67333878,-0.29708155,605,2023,0.43030615,2022,-0.22414770,0.52952492,0.29936469,,,0.46977847,0.06413560
VT TQQQ/BTAL t30 w0-80 QQQ:VOL_EWMA70,sens,sens_2020-01-03,2020-01-03,2025-01-03,false,true,0.70000000,0.30000000,0.80000000,,0.00073682,0.00284651,0.00053114,0.00194026,75699.74840000,40000.00000000,35699.74840000,0.89249371,0.19923205,0.20925451,0.73732568,0.31470882,1.00746280,0.50144569,-0.39731532,753,2023,0.65851246,2022,-0.34955680,0.46613677,0.19941675,,,0.53312641,0.17499213
VT TQQQ/BTAL t30 w0-80 QQQ:VOL_EWMA70 gate QQQ<SMA200,sens,sens_2020-01-03,2020-01-03,2025-01-03,false,true,0.70000000,0.30000000,0.80000000,QQQ<SMA200,0.03655558,0.35519007,0.03638472,0.35519007,75418.70045000,40000.00000000,35418.70045000,0.88546751,0.19955592,0.20800372,0.74922282,0.30678215,1.02107957,0.62497511,-0.31930219,752,2023,0.45059476,2022,-0.24107529,0.50205958,0.19899921,,,0.49727075,0.06431588
VT TQQQ/BTAL t35 w0-60 QQQ:VOL_EWMA70,sens,sens_2020-01-03,2020-01-03,2025-01-03,false,true,0.70000000,0.35000000,0.60000000,,0.00076445,0.00273880,0.00056341,0.00225137,85071.73895000,40000.00000000,45071.73895000,1.12679347,0.23477977,0.24874025,0.86110437,0.29704106,1.19882325,0.59309397,-0.39585595,563,2023,0.74434677,2022,-0.35717151,0.49108133,0.39805755,,,0.50815421,0.20469418
VT TQQQ/BTAL t35 w0-60 QQQ:VOL_EWMA70 gate QQQ<SMA200,sens,sens_2020-01-03,2020-01-03,2025-01-03,false,true,0.70000000,0.35000000,0.60000000,QQQ<SMA200,0.04174998,0.41083584,0.04159626,0.41083584,85386.44425000,40000.00000000,45386.44425000,1.13466111,0.23794924,0.24999712,0.90356428,0.28068732,1.25552767,0.81269061,-0.29279191,140,2023,0.49770795,2022,-0.22635653,0.53245651,0.39805755,,,0.46699403,0.07858777
VT TQQQ/BTAL t35 w0-70 QQQ:VOL_EWMA70,sens,sens_2020-01-03,2020-01-03,2025-01-03,false,true,0.70000000,0.35000000,0.70000000,,0.00070493,0.00212350,0.00050182,0.00152131,85789.16610000,40000.00000000,45789.16610000,1.14472915,0.23762585,0.25159947,0.82146778,0.32492707,1.13274759,0.56416726,-0.42119752,605,2023,0.79307187,2022,-0.37977863,0.44844465,0.29865626,,,0.55085042,0.20413649
VT TQQQ/BTAL t35 w0-70 QQQ:VOL_EWMA70 gate QQQ<SMA200,sens,sens_2020-01-03,2020-01-03,2025-01-03,false,true,0.70000000,0.35000000,0.70000000,QQQ<SMA200,0.04176446,0.41077669,0.04157134,0.41077669,85991.95325000,40000.00000000,45991.95325000,1.14979883,0.24038884,0.25240378,0.85279001,0.31007233,1.17288867,0.73160090,-0.32857921,601,2023,0.53948269,2022,-0.25431392,0.48961133,0.29852502,,,0.50973785,0.07864692
VT TQQQ/BTAL t35 w0-80 QQQ:VOL_EWMA70,sens,sens_2020-01-03,2020-01-03,2025-01-03,false,true,0.70000000,0.35000000,0.80000000,,0.00069584,0.00216423,0.00050855,0.00156841,83933.99575000,40000.00000000,43933.99575000,1.09834989,0.23078630,0.24416136,0.77264533,0.34892796,1.05784652,0.51468001,-0.44840734,753,2023,0.80496919,2022,-0.40291248,0.41412096,0.19929383,,,0.58518320,0.20458033
VT TQQQ/BTAL t35 w0-80 QQQ:VOL_EWMA70 gate QQQ<SMA200,sens,sens_2020-01-03,2020-01-03,2025-01-03,false,true,0.70000000,0.35000000,0.80000000,QQQ<SMA200,0.04194552,0.41137268,0.04176270,0.41137268,84192.44315000,40000.00000000,44192.44315000,1.10481108,0.23384894,0.24520635,0.79784328,0.33508287,1.08937986,0.65036290,-0.35956685,606,2023,0.54934396,2022,-0.28091286,0.45546392,0.19932174,,,0.54385416,0.07805094
VT TQQQ/BTAL t25 w0-60 QQQ:VOL_EWMA75,sens,sens_2020-01-03,2020-01-03,2025-01-03,false,true,0.75000000,0.25000000,0.60000000,,0.00071770,0.00230992,0.00052708,0.00217300,69186.99505000,40000.00000000,29186.99505000,0.72967488,0.16798258,0.17912552,0.75719849,0.24561354,1.04285011,0.57422294,-0.29253896,528,2023,0.46610481,2022,-0.25397933,0.57396908,0.39935762,,,0.42531322,0.13507651
VT TQQQ/BTAL t25 w0-60 QQQ:VOL_EWMA75 gate QQQ<SMA200,sens,sens_2020-01-03,2020-01-03,2025-01-03,false,true,0.75000000,0.25000000,0.60000000,QQQ<SMA200,0.02946108,0.29067643,0.02928974,0.29067643,68557.95325000,40000.00000000,28557.95325000,0.71394883,0.16655616,0.17608054,0.75777696,0.24295573,1.04085946,0.65018582,-0.25616701,355,2023,0.31180699,2022,-0.16229089,0.60289880,0.39934298,,,0.39645141,0.05403711
VT TQQQ/BTAL t25 w0-70 QQQ:VOL_EWMA75,sens,sens_2020-01-03,2020-01-03,2025-01-03,false,true,0.75000000,0.25000000,0.70000000,,0.00077136,0.00230992,0.00054963,0.00217300,69870.80655000,40000.00000000,29870.80655000,0.74677016,0.17210906,0.18240718,0.74288437,0.26008399,1.02007487,0.57842834,-0.29754605,605,2023,0.50360258,2022,-0.25383976,0.55098460,0.29944645,,,0.44824404,0.13507651
VT TQQQ/BTAL t25 w0-70 QQQ:VOL_EWMA75 gate QQQ<SMA200,sens,sens_2020-01-03,2020-01-03,2025-01-03,false,true,0.75000000,0.25000000,0.70000000,QQQ<SMA200,0.02950718,0.29072451,0.02934364,0.29072451,69270.41715000,40000.00000000,29270.41715000,0.73176043,0.17086642,0.17952745,0.74348962,0.25756971,1.01850218,0.67486641,-0.25318555,324,2023,0.34515573,2022,-0.16189154,0.58000399,0.29927849,,,0.41933284,0.05398903
VT TQQQ/BTAL t25 w0-80 QQQ:VOL_EWMA75,sens,sens_2020-01-03,2020-01-03,2025-01-03,false,true,0.75000000,0.25000000,0.80000000,,0.00081850,0.00230992,0.00057259,0.00217300,70903.58855000,40000.00000000,30903.58855000,0.77258971,0.17733123,0.18730861,0.74091765,0.27058241,1.01735841,0.59432040,-0.29837648,605,2023,0.54784567,2022,-0.25382745,0.53609448,0.19911118,,,0.46308702,0.13507651
VT TQQQ/BTAL t25 w0-80 QQQ:VOL_EWMA75 gate QQQ<SMA200,sens,sens_2020-01-03,2020-01-03,2025-01-03,false,true,0.75000000,0.25000000,0.80000000,QQQ<SMA200,0.02942170,0.29052214,0.02925872,0.29052214,70264.56915000,40000.00000000,30264.56915000,0.75661423,0.17592879,0.18428364,0.74065516,0.26820241,1.01475472,0.66329608,-0.26523417,324,2023,0.38489528,2022,-0.16246523,0.56510351,0.19946405,,,0.43429246,0.05419140
VT TQQQ/BTAL t30 w0-60 QQQ:VOL_EWMA75,sens,sens_2020-01-03,2020-01-03,2025-01-03,false,true,0.75000000,0.30000000,0.60000000,,0.00069414,0.00197457,0.00047026,0.00122462,77800.58055000,40000.00000000,37800.58055000,0.94501451,0.20452482,0.21847357,0.81835579,0.27414286,1.13139808,0.58932351,-0.34705015,561,2023,0.61094497,2022,-0.30963836,0.52673407,0.39877538,,,0.47257180,0.16223908
VT TQQQ/BTAL t30 w0-60 QQQ:VOL_EWMA75 gate QQQ<SMA200,sens,sens_2020-01-03,2020-01-03,2025-01-03,false,true,0.75000000,0.30000000,0.60000000,QQQ<SMA200,0.03465487,0.34596315,0.03450395,0.34596315,77382.19090000,40000.00000000,37382.19090000,0.93455477,0.20480235,0.21665561,0.83661073,0.26571670,1.15356647,0.75838169,-0.27005181,533,2023,0.41403680,2022,-0.20353338,0.56079769,0.39890114,,,0.43852183,0.06769310
VT TQQQ/BTAL t30 w0-70 QQQ:VOL_EWMA75,sens,sens_2020-01-03,2020-01-03,2025-01-03,false,true,0.75000000,0.30000000,0.70000000,,0.00071098,0.00211207,0.00049891,0.00151897,76705.33160000,40000.00000000,36705.33160000,0.91763329,0.20101867,0.21369572,0.77144520,0.29471589,1.05894274,0.54250574,-0.37053741,725,2023,0.62425650,2022,-0.32960868,0.49410011,0.29936532,,,0.50518890,0.16211428
VT TQQQ/BTAL t30 w0-70 QQQ:VOL_EWMA75 gate QQQ<SMA200,sens,sens_2020-01-03,2020-01-03,2025-01-03,false,true,0.75000000,0.30000000,0.70000000,QQQ<SMA200,0.03461945,0.34604267,0.03445096,0.34604267,76322.18055000,40000.00000000,36322.18055000,0.90805451,0.20149142,0.21200975,0.78596846,0.28686528,1.07609454,0.68080073,-0.29596240,605,2023,0.42559777,2022,-0.22612196,0.52825120,0.29932156,,,0.47115083,0.06761358
VT TQQQ/BTAL t30 w0-80 QQQ:VOL_EWMA75,sens,sens_2020-01-03,2020-01-03,2025-01-03,false,true,0.75000000,0.30000000,0.80000000,,0.00070561,0.00211207,0.00051147,0.00151897,77316.68600000,40000.00000000,37316.68600000,0.93291715,0.20528385,0.21637019,0.75972777,0.31017579,1.04024403,0.54462618,-0.37692614,752,2023,0.65796846,2022,-0.32950501,0.46949923,0.19951895,,,0.52979517,0.16211428
VT TQQQ/BTAL t30 w0-80 QQQ:VOL_EWMA75 gate QQQ<SMA200,sens,sens_2020-01-03,2020-01-03,2025-01-03,false,true,0.75000000,0.30000000,0.80000000,QQQ<SMA200,0.03463336,0.34587689,0.03446910,0.34587689,76898.72195000,40000.00000000,36898.72195000,0.92246805,0.20557567,0.21454381,0.77165130,0.30274383,1.05394278,0.67782513,-0.30328717,606,2023,0.45507843,2022,-0.22637580,0.50366278,0.19925798,,,0.49573369,0.06777936
VT TQQQ/BTAL t35 w0-60 QQQ:VOL_EWMA75,sens,sens_2020-01-03,2020-01-03,2025-01-03,false,true,0.75000000,0.35000000,0.60000000,,0.00074975,0.00273880,0.00050241,0.00194245,86144.64745000,40000.00000000,46144.64745000,1.15361619,0.23779471,0.25300828,0.86878842,0.29731581,1.21123282,0.60555608,-0.39268817,563,2023,0.74655551,2022,-0.35562437,0.48945542,0.39805755,,,0.50979483,0.18891777
VT TQQQ/BTAL t35 w0-60 QQQ:VOL_EWMA75 gate QQQ<SMA200,sens,sens_2020-01-03,2020-01-03,2025-01-03,false,true,0.75000000,0.35000000,0.60000000,QQQ<SMA200,0.03952947,0.39963326,0.03935276,0.39963326,86192.73740000,40000.00000000,46192.73740000,1.15481843,0.24062397,0.25319847,0.90780786,0.28223604,1.26325534,0.80214531,-0.29997553,535,2023,0.50572771,2022,-0.23532300,0.52837621,0.39805755,,,0.47095611,0.08296569
VT TQQQ/BTAL t35 w0-70 QQQ:VOL_EWMA75,sens,sens_2020-01-03,2020-01-03,2025-01-03,false,true,0.75000000,0.35000000,0.70000000,,0.00073376,0.00209304,0.00052729,0.00122112,86114.97495000,40000.00000000,46114.97495000,1.15287437,0.23740061,0.25289089,0.82113942,0.32478242,1.13186186,0.56795075,-0.41799506,606,2023,0.78102503,2022,-0.37862465,0.44790559,0.29880635,,,0.55136065,0.18892913
VT TQQQ/BTAL t35 w0-70 QQQ:VOL_EWMA75 gate QQQ<SMA200,sens,sens_2020-01-03,2020-01-03,2025-01-03,false,true,0.75000000,0.35000000,0.70000000,QQQ<SMA200,0.03955433,0.39983662,0.03936635,0.39983662,86114.83155000,40000.00000000,46114.83155000,1.15287079,0.24005346,0.25289032,0.85017253,0.31108598,1.16886964,0.72051541,-0.33316909,601,2023,0.53517717,2022,-0.26262589,0.48677951,0.29882000,,,0.51251041,0.08276233
VT TQQQ/BTAL t35 w0-80 QQQ:VOL_EWMA75,sens,sens_2020-01-03,2020-01-03,2025-01-03,false,true,0.75000000,0.35000000,0.80000000,,0.00071036,0.00286537,0.00050832,0.00211048,84308.83300000,40000.00000000,44308.83300000,1.10772083,0.23119655,0.24567602,0.77557809,0.34727213,1.06240476,0.52083660,-0.44389458,753,2023,0.79175650,2022,-0.40014887,0.41420353,0.19942679,,,0.58508611,0.18876444
VT TQQQ/BTAL t35 w0-80 QQQ:VOL_EWMA75 gate QQQ<SMA200,sens,sens_2020-01-03,2020-01-03,2025-01-03,false,true,0.75000000,0.35000000,0.80000000,QQQ<SMA200,0.03962273,0.40010862,0.03944954,0.40010862,84330.13730000,40000.00000000,44330.13730000,1.10825343,0.23408006,0.24576192,0.79927199,0.33442195,1.09196761,0.64559891,-0.36257815,752,2023,0.54417268,2022,-0.28777629,0.45322124,0.19927470,,,0.54610586,0.08249033
VT TQQQ/BTAL t25 w0-60 QQQ:VOL_EWMA80,sens,sens_2020-01-03,2020-01-03,2025-01-03,false,true,0.80000000,0.25000000,0.60000000,,0.00072456,0.00183673,0.00050513,0.00139124,70038.53195000,40000.00000000,30038.53195000,0.75096330,0.17058297,0.18320764,0.77073607,0.24351099,1.06384631,0.61968463,-0.27527385,532,2023,0.46289348,2022,-0.23762056,0.57552429,0.39915266,,,0.42375115,0.12418683
VT TQQQ/BTAL t25 w0-60 QQQ:VOL_EWMA80 gate QQQ<SMA200,sens,sens_2020-01-03,2020-01-03,2025-01-03,false,true,0.80000000,0.25000000,0.60000000,QQQ<SMA200,0.02776749,0.28284027,0.02762172,0.28284027,69320.69570000,40000.00000000,29320.69570000,0.73301739,0.16944546,0.17976948,0.77195815,0.24111406,1.06288638,0.67632648,-0.25053796,355,2023,0.31258976,2022,-0.15249762,0.60271121,0.39917000,,,0.39664988,0.05723486
VT TQQQ/BTAL t25 w0-70 QQQ:VOL_EWMA80,sens,sens_2020-01-03,2020-01-03,2025-01-03,false,true,0.80000000,0.25000000,0.70000000,,0.00071084,0.00216475,0.00048674,0.00170205,70600.15870000,40000.00000000,30600.15870000,0.76500397,0.17293367,0.18587535,0.75199446,0.25668098,1.03478966,0.61798720,-0.27983374,573,2023,0.50689279,2022,-0.23756643,0.55527828,0.29930988,,,0.44401088,0.12418955
VT TQQQ/BTAL t25 w0-70 QQQ:VOL_EWMA80 gate QQQ<SMA200,sens,sens_2020-01-03,2020-01-03,2025-01-03,false,true,0.80000000,0.25000000,0.70000000,QQQ<SMA200,0.02775539,0.28261577,0.02759073,0.28261577,69849.92855000,40000.00000000,29849.92855000,0.74624821,0.17164809,0.18230742,0.75223152,0.25435050,1.03273375,0.67804104,-0.25315295,337,2023,0.35225418,2022,-0.15287875,0.58236795,0.29946673,,,0.41692401,0.05745935
VT TQQQ/BTAL t25 w0-80 QQQ:VOL_EWMA80,sens,sens_2020-01-03,2020-01-03,2025-01-03,false,true,0.80000000,0.25000000,0.80000000,,0.00070945,0.00216475,0.00050231,0.00170205,71905.03030000,40000.00000000,31905.03030000,0.79762576,0.17900718,0.19199977,0.75703191,0.26452836,1.04314556,0.63957183,-0.27988597,573,2023,0.55096687,2022,-0.23771210,0.54358005,0.19950944,,,0.45571050,0.12418955
VT TQQQ/BTAL t25 w0-80 QQQ:VOL_EWMA80 gate QQQ<SMA200,sens,sens_2020-01-03,2020-01-03,2025-01-03,false,true,0.80000000,0.25000000,0.80000000,QQQ<SMA200,0.02780015,0.28273381,0.02764145,0.28273381,71169.19445000,40000.00000000,31169.19445000,0.77922986,0.17781118,0.18855865,0.75729160,0.26233455,1.04126590,0.69242748,-0.25679393,324,2023,0.39180273,2022,-0.15268188,0.57069992,0.19980099,,,0.42863307,0.05734132
VT TQQQ/BTAL t30 w0-60 QQQ:VOL_EWMA80,sens,sens_2020-01-03,2020-01-03,2025-01-03,false,true,0.80000000,0.30000000,0.60000000,,0.00072361,0.00242318,0.00051323,0.00182440,78192.45160000,40000.00000000,38192.45160000,0.95481129,0.20400842,0.22016833,0.81532376,0.27489087,1.12691329,0.59206005,-0.34457386,561,2023,0.60603713,2022,-0.30878728,0.52544557,0.39917000,,,0.47383082,0.14865020
VT TQQQ/BTAL t30 w0-60 QQQ:VOL_EWMA80 gate QQQ<SMA200,sens,sens_2020-01-03,2020-01-03,2025-01-03,false,true,0.80000000,0.30000000,0.60000000,QQQ<SMA200,0.03256320,0.33621352,0.03238540,0.33621352,77631.48360000,40000.00000000,37631.48360000,0.94078709,0.20449755,0.21773989,0.83267970,0.26711924,1.14808632,0.74183230,-0.27566548,533,2023,0.41477383,2022,-0.21287336,0.55737336,0.39908056,,,0.44193768,0.07187664
VT TQQQ/BTAL t30 w0-70 QQQ:VOL_EWMA80,sens,sens_2020-01-03,2020-01-03,2025-01-03,false,true,0.80000000,0.30000000,0.70000000,,0.00079092,0.00220591,0.00055018,0.00211648,78145.40000000,40000.00000000,38145.40000000,0.95363500,0.20599924,0.21996524,0.79020835,0.29189704,1.08734717,0.58626647,-0.35137476,605,2023,0.61982043,2022,-0.31106332,0.49555880,0.29882000,,,0.50365028,0.14907522
VT TQQQ/BTAL t30 w0-70 QQQ:VOL_EWMA80 gate QQQ<SMA200,sens,sens_2020-01-03,2020-01-03,2025-01-03,false,true,0.80000000,0.30000000,0.70000000,QQQ<SMA200,0.03254253,0.33615682,0.03236995,0.33615682,77617.63875000,40000.00000000,37617.63875000,0.94044097,0.20659711,0.21767975,0.80476526,0.28463071,1.10472868,0.73030009,-0.28289345,602,2023,0.42708317,2022,-0.21515123,0.52761925,0.29882000,,,0.47177527,0.07193334
VT TQQQ/BTAL t30 w0-80 QQQ:VOL_EWMA80,sens,sens_2020-01-03,2020-01-03,2025-01-03,false,true,0.80000000,0.30000000,0.80000000,,0.00081442,0.00222472,0.00055116,0.00213247,78284.19450000,40000.00000000,38284.19450000,0.95710486,0.20651797,0.22056399,0.76847933,0.30645805,1.05403122,0.57754353,-0.35757992,605,2023,0.66266314,2022,-0.31060690,0.47347545,0.19934696,,,0.52571013,0.14907241
VT TQQQ/BTAL t30 w0-80 QQQ:VOL_EWMA80 gate QQQ<SMA200,sens,sens_2020-01-03,2020-01-03,2025-01-03,false,true,0.80000000,0.30000000,0.80000000,QQQ<SMA200,0.03252008,0.33606055,0.03235347,0.33606055,77686.77985000,40000.00000000,37686.77985000,0.94216950,0.20682674,0.21797997,0.78010884,0.29952387,1.06748544,0.71228780,-0.29036962,605,2023,0.46455612,2022,-0.21530620,0.50555337,0.19953450,,,0.49381772,0.07202960
VT TQQQ/BTAL t35 w0-60 QQQ:VOL_EWMA80,sens,sens_2020-01-03,2020-01-03,2025-01-03,false,true,0.80000000,0.35000000,0.60000000,,0.00074236,0.00273880,0.00052250,0.00209685,87317.31645000,40000.00000000,47317.31645000,1.18293291,0.24064739,0.25761914,0.87416931,0.29854151,1.22013770,0.61741623,-0.38976524,563,2023,0.75540307,2022,-0.35406683,0.48732093,0.39805755,,,0.51193671,0.17357748
VT TQQQ/BTAL t35 w0-60 QQQ:VOL_EWMA80 gate QQQ<SMA200,sens,sens_2020-01-03,2020-01-03,2025-01-03,false,true,0.80000000,0.35000000,0.60000000,QQQ<SMA200,0.03706759,0.38799331,0.03688157,0.38799331,87093.00395000,40000.00000000,47093.00395000,1.17732510,0.24330136,0.25674146,0.91008528,0.28465784,1.26817465,0.78647802,-0.30935558,535,2023,0.51989020,2022,-0.24591066,0.52378561,0.39805755,,,0.47555073,0.08811186
VT TQQQ/BTAL t35 w0-70 QQQ:VOL_EWMA80,sens,sens_2020-01-03,2020-01-03,2025-01-03,false,true,0.80000000,0.35000000,0.70000000,,0.00073701,0.00252254,0.00050920,0.00165991,86647.22120000,40000.00000000,46647.22120000,1.16618053,0.23693878,0.25499120,0.81871686,0.32562988,1.12822608,0.57110890,-0.41487495,606,2023,0.77516631,2022,-0.37731430,0.44643424,0.29882000,,,0.55282875,0.17358368
VT TQQQ/BTAL t35 w0-70 QQQ:VOL_EWMA80 gate QQQ<SMA200,sens,sens_2020-01-03,2020-01-03,2025-01-03,false,true,0.80000000,0.35000000,0.70000000,QQQ<SMA200,0.03703989,0.38802056,0.03682417,0.38802056,86380.67620000,40000.00000000,46380.67620000,1.15951690,0.23948155,0.25394082,0.84549619,0.31295774,1.16234862,0.70563468,-0.33938462,605,2023,0.53663130,2022,-0.27319047,0.48282211,0.29882000,,,0.51647684,0.08808462
VT TQQQ/BTAL t35 w0-80 QQQ:VOL_EWMA80,sens,sens_2020-01-03,2020-01-03,2025-01-03,false,true,0.80000000,0.35000000,0.80000000,,0.00075055,0.00236599,0.00052502,0.00201832,86387.36125000,40000.00000000,46387.36125000,1.15968403,0.23824958,0.25396720,0.79669384,0.34364295,1.09373895,0.56301052,-0.42317073,752,2023,0.78626623,2022,-0.37985507,0.41586479,0.19847000,,,0.58338465,0.17345115
VT TQQQ/BTAL t35 w0-80 QQQ:VOL_EWMA80 gate QQQ<SMA200,sens,sens_2020-01-03,2020-01-03,2025-01-03,false,true,0.80000000,0.35000000,0.80000000,QQQ<SMA200,0.03700865,0.38796893,0.03683925,0.38796893,86197.22375000,40000.00000000,46197.22375000,1.15493059,0.24103302,0.25321621,0.82005381,0.33165448,1.12316719,0.69196926,-0.34832908,606,2023,0.54661935,2022,-0.27565948,0.45231320,0.19847000,,,0.54702530,0.08813625
VT TQQQ/BTAL t25 w0-60 QQQ:VOL_EWMA85,sens,sens_2020-01-03,2020-01-03,2025-01-03,false,true,0.85000000,0.25000000,0.60000000,,0.00077989,0.00217738,0.00058647,0.00185938,70675.51385000,40000.00000000,30675.51385000,0.76688785,0.16972135,0.18623181,0.77178974,0.24160960,1.06782341,0.65107512,-0.26067860,520,2023,0.46965434,2022,-0.22346490,0.57872474,0.39917000,,,0.42049537,0.11475614
VT TQQQ/BTAL t25 w0-60 QQQ:VOL_EWMA85 gate QQQ<SMA200,sens,sens_2020-01-03,2020-01-03,2025-01-03,false,true,0.85000000,0.25000000,0.60000000,QQQ<SMA200,0.02600267,0.27284736,0.02582135,0.27284736,69606.04885000,40000.00000000,29606.04885000,0.74015122,0.16687787,0.18114007,0.76704348,0.23915751,1.05879774,0.67090948,-0.24873381,355,2023,0.32374352,2022,-0.14834875,0.60403381,0.39917000,,,0.39523006,0.06160147
VT TQQQ/BTAL t25 w0-70 QQQ:VOL_EWMA85,sens,sens_2020-01-03,2020-01-03,2025-01-03,false,true,0.85000000,0.25000000,0.70000000,,0.00071785,0.00257975,0.00048600,0.00174108,71442.06960000,40000.00000000,31442.06960000,0.78605174,0.17267588,0.18983849,0.75886635,0.25270456,1.04770683,0.65694186,-0.26284804,570,2023,0.51398308,2022,-0.22361048,0.56106066,0.29906762,,,0.43822149,0.11471541
VT TQQQ/BTAL t25 w0-70 QQQ:VOL_EWMA85 gate QQQ<SMA200,sens,sens_2020-01-03,2020-01-03,2025-01-03,false,true,0.85000000,0.25000000,0.70000000,QQQ<SMA200,0.02591851,0.27285501,0.02572105,0.27285501,70352.24960000,40000.00000000,30352.24960000,0.75880624,0.16979341,0.18470017,0.75374136,0.25037416,1.03838817,0.67899575,-0.25006550,355,2023,0.36365860,2022,-0.14860342,0.58635441,0.29906762,,,0.41297235,0.06159382
VT TQQQ/BTAL t25 w0-80 QQQ:VOL_EWMA85,sens,sens_2020-01-03,2020-01-03,2025-01-03,false,true,0.85000000,0.25000000,0.80000000,,0.00071590,0.00257975,0.00050128,0.00174108,72262.36710000,40000.00000000,32262.36710000,0.80655918,0.17670012,0.19365933,0.75953387,0.25920255,1.04974372,0.67284490,-0.26261642,570,2023,0.55152829,2022,-0.22335340,0.55159528,0.19937841,,,0.44768882,0.11471541
VT TQQQ/BTAL t25 w0-80 QQQ:VOL_EWMA85 gate QQQ<SMA200,sens,sens_2020-01-03,2020-01-03,2025-01-03,false,true,0.85000000,0.25000000,0.80000000,QQQ<SMA200,0.02591942,0.27286235,0.02574850,0.27286235,71175.63710000,40000.00000000,31175.63710000,0.77939093,0.17387516,0.18858892,0.75461096,0.25692303,1.04082403,0.69120134,-0.25155501,337,2023,0.39759598,2022,-0.14819004,0.57696103,0.19937841,,,0.42241503,0.06158648
VT TQQQ/BTAL t30 w0-60 QQQ:VOL_EWMA85,sens,sens_2020-01-03,2020-01-03,2025-01-03,false,true,0.85000000,0.30000000,0.60000000,,0.00077087,0.00273880,0.00054114,0.00209389,79411.58475000,40000.00000000,39411.58475000,0.98528962,0.20591686,0.22539233,0.82151166,0.27467182,1.13773090,0.62402500,-0.32998175,535,2023,0.60712361,2022,-0.29443259,0.52515540,0.39917000,,,0.47407373,0.13722479
VT TQQQ/BTAL t30 w0-60 QQQ:VOL_EWMA85 gate QQQ<SMA200,sens,sens_2020-01-03,2020-01-03,2025-01-03,false,true,0.85000000,0.30000000,0.60000000,QQQ<SMA200,0.03036317,0.32377247,0.03015484,0.32377247,78234.34225000,40000.00000000,38234.34225000,0.95585856,0.20356264,0.22034904,0.82939416,0.26728306,1.14586629,0.70362027,-0.28930754,166,2023,0.42224074,2022,-0.21035898,0.55483558,0.39917000,,,0.44442128,0.07756613
VT TQQQ/BTAL t30 w0-70 QQQ:VOL_EWMA85,sens,sens_2020-01-03,2020-01-03,2025-01-03,false,true,0.85000000,0.30000000,0.70000000,,0.00073379,0.00243723,0.00054776,0.00209718,78852.52315000,40000.00000000,38852.52315000,0.97131308,0.20465454,0.22300577,0.79001498,0.28972975,1.08946795,0.61193118,-0.33444045,573,2023,0.62457777,2022,-0.29445993,0.49890985,0.29882000,,,0.50035636,0.13769152
VT TQQQ/BTAL t30 w0-70 QQQ:VOL_EWMA85 gate QQQ<SMA200,sens,sens_2020-01-03,2020-01-03,2025-01-03,false,true,0.85000000,0.30000000,0.70000000,QQQ<SMA200,0.03031625,0.32379745,0.03016685,0.32379745,77697.83565000,40000.00000000,37697.83565000,0.94244589,0.20235144,0.21802795,0.79567461,0.28274140,1.09469906,0.69919839,-0.28940490,166,2023,0.43761192,2022,-0.21024558,0.52856751,0.29882000,,,0.47071310,0.07754115
VT TQQQ/BTAL t30 w0-80 QQQ:VOL_EWMA85,sens,sens_2020-01-03,2020-01-03,2025-01-03,false,true,0.85000000,0.30000000,0.80000000,,0.00079056,0.00235432,0.00054342,0.00223235,79501.06950000,40000.00000000,39501.06950000,0.98752674,0.20684015,0.22577292,0.77540217,0.30245090,1.06698350,0.60767034,-0.34038217,573,2023,0.67226275,2022,-0.29466184,0.47901808,0.19939609,,,0.52019137,0.13758866
VT TQQQ/BTAL t30 w0-80 QQQ:VOL_EWMA85 gate QQQ<SMA200,sens,sens_2020-01-03,2020-01-03,2025-01-03,false,true,0.85000000,0.30000000,0.80000000,QQQ<SMA200,0.03033698,0.32368373,0.03013208,0.32368373,78320.14950000,40000.00000000,38320.14950000,0.95800374,0.20447296,0.22071894,0.77951277,0.29576152,1.07023287,0.70696271,-0.28922736,166,2023,0.47989496,2022,-0.21066355,0.50866163,0.19939609,,,0.49058315,0.07765486
VT TQQQ/BTAL t35 w0-60 QQQ:VOL_EWMA85,sens,sens_2020-01-03,2020-01-03,2025-01-03,false,true,0.85000000,0.35000000,0.60000000,,0.00083504,0.00273880,0.00058167,0.00194245,88286.42950000,40000.00000000,48286.42950000,1.20716074,0.24184796,0.26138808,0.87304551,0.30082284,1.21916651,0.62385801,-0.38766508,535,2023,0.76333336,2022,-0.35256154,0.48490383,0.39805755,,,0.51426113,0.16031835
VT TQQQ/BTAL t35 w0-60 QQQ:VOL_EWMA85 gate QQQ<SMA200,sens,sens_2020-01-03,2020-01-03,2025-01-03,false,true,0.85000000,0.35000000,0.60000000,QQQ<SMA200,0.03439369,0.37294790,0.03419387,0.37294790,87153.22200000,40000.00000000,47153.22200000,1.17883055,0.24051542,0.25697727,0.89516338,0.28794426,1.24780558,0.74923932,-0.32101281,563,2023,0.53509957,2022,-0.26032584,0.51865346,0.39805755,,,0.48062138,0.09528046
VT TQQQ/BTAL t35 w0-70 QQQ:VOL_EWMA85,sens,sens_2020-01-03,2020-01-03,2025-01-03,false,true,0.85000000,0.35000000,0.70000000,,0.00075586,0.00212193,0.00051944,0.00179802,88256.21985000,40000.00000000,48256.21985000,1.20640550,0.23945946,0.26127115,0.82570575,0.32513821,1.13995672,0.60078453,-0.39857794,601,2023,0.77633344,2022,-0.36145876,0.44610655,0.29882000,,,0.55313758,0.16007972
VT TQQQ/BTAL t35 w0-70 QQQ:VOL_EWMA85 gate QQQ<SMA200,sens,sens_2020-01-03,2020-01-03,2025-01-03,false,true,0.85000000,0.35000000,0.70000000,QQQ<SMA200,0.03438825,0.37312615,0.03419124,0.37312615,87145.68235000,40000.00000000,47145.68235000,1.17864206,0.23822495,0.25694776,0.84170657,0.31325533,1.15932338,0.70190063,-0.33939983,169,2023,0.54641241,2022,-0.27022819,0.47987668,0.29882000,,,0.51945213,0.09510221
VT TQQQ/BTAL t35 w0-80 QQQ:VOL_EWMA85,sens,sens_2020-01-03,2020-01-03,2025-01-03,false,true,0.85000000,0.35000000,0.80000000,,0.00074985,0.00248142,0.00054983,0.00205591,87243.11060000,40000.00000000,47243.11060000,1.18107776,0.23684351,0.25732901,0.79673640,0.34103364,1.09593675,0.58535793,-0.40461313,605,2023,0.78811070,2022,-0.36133077,0.41931503,0.19847000,,,0.57993512,0.16053927
VT TQQQ/BTAL t35 w0-80 QQQ:VOL_EWMA85 gate QQQ<SMA200,sens,sens_2020-01-03,2020-01-03,2025-01-03,false,true,0.85000000,0.35000000,0.80000000,QQQ<SMA200,0.03442471,0.37318366,0.03425963,0.37318366,86162.78060000,40000.00000000,46162.78060000,1.15406951,0.23566726,0.25308001,0.80968223,0.32969871,1.11112249,0.69415040,-0.33950461,605,2023,0.55695983,2022,-0.26997993,0.45308824,0.19847000,,,0.54619106,0.09504470
50/50,sens,sens_2020-01-03,2020-01-03,2025-01-03,true,true,,,,,0.00065981,0.00289597,0.00046907,0.00197779,75346.21840000,40000.00000000,35346.21840000,0.88365546,0.20747175,0.20768046,0.73729229,0.33106679,1.03421473,0.46152205,-0.44953811,757,2023,0.65083050,2022,-0.42906796,0.49969047,0.49802221,,,0.49964972,0.49892523
TQQQ60/BTAL40,sens,sens_2020-01-03,2020-01-03,2025-01-03,true,true,,,,,0.00068112,0.00273880,0.00050363,0.00205854,83575.88560000,40000.00000000,43575.88560000,1.08939714,0.24102513,0.24270863,0.73516901,0.40926240,1.02850531,0.44246043,-0.54473828,774,2023,0.87179697,2022,-0.52195566,0.39962384,0.39794146,,,0.59969504,0.59915235
TQQQ50/BTAL50 gate QQQ<SMA200,sens,sens_2020-01-03,2020-01-03,2025-01-03,true,true,,,,,0.05500799,0.38159430,0.05486435,0.38159430,77932.50240000,40000.00000000,37932.50240000,0.94831256,0.21458541,0.21904496,0.82013141,0.28883619,1.14546228,0.56908454,-0.37707124,140,2023,0.43461173,2022,-0.27745531,0.55416664,0.49802221,,,0.44522559,0.11840570
SPY benchmark,sens,sens_2020-01-03,2020-01-03,2025-01-03,true,true,,,,,0.00757208,0.02583746,0.00757208,0.02583746,61329.20000000,40000.00000000,21329.20000000,0.53323000,0.12842637,0.13912560,0.68475862,0.20883490,0.95427281,0.38047560,-0.33754168,181,2021,0.26758315,2022,-0.19194457,,,0.99242792,0.97416254,,
VT TQQQ/BTAL t25 w0-60 QQQ:VOL_EWMA70,sens,sens_2020-07-06,2020-07-06,2025-07-03,false,true,0.70000000,0.25000000,0.60000000,,0.00082799,0.00237952,0.00060157,0.00191790,66726.34770000,40000.00000000,26726.34770000,0.66815869,0.13993802,0.16740736,0.66735243,0.24020595,0.92103031,0.46078497,-0.30369485,560,2023,0.47477795,2022,-0.26278871,0.56283202,0.39902680,,,0.43633999,0.15538868
VT TQQQ/BTAL t25 w0-60 QQQ:VOL_EWMA70 gate QQQ<SMA200,sens,sens_2020-07-06,2020-07-06,2025-07-03,false,true,0.70000000,0.25000000,0.60000000,QQQ<SMA200,0.03516857,0.30089594,0.03498971,0.30089594,63723.14020000,40000.00000000,23723.14020000,0.59307850,0.13265473,0.15209476,0.65084772,0.23426173,0.89313144,0.50287912,-0.26379050,355,2023,0.31428858,2022,-0.16299028,0.59735574,0.39902680,,,0.40189787,0.04869236
VT TQQQ/BTAL t25 w0-70 QQQ:VOL_EWMA70,sens,sens_2020-07-06,2020-07-06,2025-07-03,false,true,0.70000000,0.25000000,0.70000000,,0.00089081,0.00237952,0.00060712,0.00191790,67172.75070000,40000.00000000,27172.75070000,0.67931877,0.14416484,0.16962946,0.65443196,0.25710794,0.89961086,0.45645405,-0.31583647,725,2023,0.50450741,2022,-0.27150352,0.53530010,0.29917179,,,0.46380909,0.15563645
VT TQQQ/BTAL t25 w0-70 QQQ:VOL_EWMA70 gate QQQ<SMA200,sens,sens_2020-07-06,2020-07-06,2025-07-03,false,true,0.70000000,0.25000000,0.70000000,QQQ<SMA200,0.03511519,0.30062590,0.03488936,0.30062590,64151.80570000,40000.00000000,24151.80570000,0.60379514,0.13683197,0.15432033,0.63766685,0.25154417,0.87211163,0.53221334,-0.25709986,324,2023,0.34092891,2022,-0.17312163,0.56973642,0.29917179,,,0.42947421,0.04896239
VT TQQQ/BTAL t25 w0-80 QQQ:VOL_EWMA70,sens,sens_2020-07-06,2020-07-06,2025-07-03,false,true,0.70000000,0.25000000,0.80000000,,0.00086377,0.00237952,0.00059139,0.00191790,67888.72770000,40000.00000000,27888.72770000,0.69721819,0.14906479,0.17316548,0.65157248,0.27014395,0.89458507,0.46965307,-0.31739340,725,2023,0.54845548,2022,-0.27125266,0.51787533,0.19905224,,,0.48126090,0.15590304
VT TQQQ/BTAL t25 w0-80 QQQ:VOL_EWMA70 gate QQQ<SMA200,sens,sens_2020-07-06,2020-07-06,2025-07-03,false,true,0.70000000,0.25000000,0.80000000,QQQ<SMA200,0.03511330,0.30060684,0.03491712,0.30060684,64840.57770000,40000.00000000,24840.57770000,0.62101444,0.14170008,0.15786795,0.63487912,0.26487887,0.86764108,0.51928209,-0.27287690,324,2023,0.38007541,2022,-0.17274566,0.55234865,0.19905224,,,0.44690905,0.04898146
VT TQQQ/BTAL t30 w0-60 QQQ:VOL_EWMA70,sens,sens_2020-07-06,2020-07-06,2025-07-03,false,true,0.70000000,0.30000000,0.60000000,,0.00086713,0.00263842,0.00059552,0.00150212,73539.57135000,40000.00000000,33539.57135000,0.83848928,0.17359044,0.19994042,0.73447311,0.26736758,1.02597583,0.49605221,-0.34994389,528,2023,0.62079291,2022,-0.31047681,0.51751078,0.39857839,,,0.48162209,0.18705509
VT TQQQ/BTAL t30 w0-60 QQQ:VOL_EWMA70 gate QQQ<SMA200,sens,sens_2020-07-06,2020-07-06,2025-07-03,false,true,0.70000000,0.30000000,0.60000000,QQQ<SMA200,0.04135178,0.35840204,0.04113583,0.35840204,70142.21635000,40000.00000000,30142.21635000,0.75355541,0.16713405,0.18407729,0.73996286,0.25280208,1.02673376,0.63264055,-0.26418486,526,2023,0.41584717,2022,-0.19303881,0.55822612,0.39857839,,,0.44103208,0.06110392
VT TQQQ/BTAL t30 w0-70 QQQ:VOL_EWMA70,sens,sens_2020-07-06,2020-07-06,2025-07-03,false,true,0.70000000,0.30000000,0.70000000,,0.00082497,0.00239429,0.00058440,0.00165417,74165.68335000,40000.00000000,34165.68335000,0.85414208,0.17361856,0.20279121,0.69891167,0.29027319,0.96761871,0.46024729,-0.37722887,725,2023,0.63530251,2022,-0.33470447,0.48157162,0.29905699,,,0.51760341,0.18697094
VT TQQQ/BTAL t30 w0-70 QQQ:VOL_EWMA70 gate QQQ<SMA200,sens,sens_2020-07-06,2020-07-06,2025-07-03,false,true,0.70000000,0.30000000,0.70000000,QQQ<SMA200,0.04137019,0.35878192,0.04119911,0.35878192,70709.51335000,40000.00000000,30709.51335000,0.76773783,0.16709101,0.18677397,0.69879119,0.27691070,0.96128664,0.56543099,-0.29551087,605,2023,0.42804831,2022,-0.22134861,0.52234880,0.29905699,,,0.47692077,0.06072404
VT TQQQ/BTAL t30 w0-80 QQQ:VOL_EWMA70,sens,sens_2020-07-06,2020-07-06,2025-07-03,false,true,0.70000000,0.30000000,0.80000000,,0.00098842,0.00259617,0.00069841,0.00162531,73889.93515000,40000.00000000,33889.93515000,0.84724838,0.17404284,0.20153838,0.67630502,0.30884529,0.93172205,0.43867527,-0.39674640,753,2023,0.65827006,2022,-0.34903010,0.45248135,0.19892709,,,0.54653024,0.18694144
VT TQQQ/BTAL t30 w0-80 QQQ:VOL_EWMA70 gate QQQ<SMA200,sens,sens_2020-07-06,2020-07-06,2025-07-03,false,true,0.70000000,0.30000000,0.80000000,QQQ<SMA200,0.04151302,0.35879647,0.04129047,0.35879647,70475.51015000,40000.00000000,30475.51015000,0.76188775,0.16765539,0.18566401,0.67362159,0.29636042,0.92254171,0.52827215,-0.31736557,752,2023,0.44843727,2022,-0.23779561,0.49327377,0.19892709,,,0.50588057,0.06070949
VT TQQQ/BTAL t35 w0-60 QQQ:VOL_EWMA70,sens,sens_2020-07-06,2020-07-06,2025-07-03,false,true,0.70000000,0.35000000,0.60000000,,0.00074571,0.00305200,0.00054768,0.00215730,79996.47415000,40000.00000000,39996.47415000,0.99991185,0.20388429,0.22834412,0.78346264,0.29205001,1.10627353,0.51481861,-0.39603131,563,2023,0.74433015,2022,-0.35734019,0.48130006,0.39918973,,,0.51795423,0.21834681
VT TQQQ/BTAL t35 w0-60 QQQ:VOL_EWMA70 gate QQQ<SMA200,sens,sens_2020-07-06,2020-07-06,2025-07-03,false,true,0.70000000,0.35000000,0.60000000,QQQ<SMA200,0.04714229,0.41465761,0.04696341,0.41465761,76441.63415000,40000.00000000,36441.63415000,0.91104085,0.19922352,0.21297391,0.81498386,0.26762085,1.14304885,0.68550920,-0.29062122,534,2023,0.49540653,2022,-0.22349757,0.52775574,0.39918973,,,0.47151652,0.07476600
VT TQQQ/BTAL t35 w0-70 QQQ:VOL_EWMA70,sens,sens_2020-07-06,2020-07-06,2025-07-03,false,true,0.70000000,0.35000000,0.70000000,,0.00083462,0.00305200,0.00057370,0.00215730,81120.26760000,40000.00000000,41120.26760000,1.02800669,0.20558729,0.23307537,0.74739715,0.31937178,1.04525001,0.48812656,-0.42117621,605,2023,0.79283128,2022,-0.37979490,0.43724415,0.29876099,,,0.56192122,0.21826586
VT TQQQ/BTAL t35 w0-70 QQQ:VOL_EWMA70 gate QQQ<SMA200,sens,sens_2020-07-06,2020-07-06,2025-07-03,false,true,0.70000000,0.35000000,0.70000000,QQQ<SMA200,0.04719537,0.41505782,0.04700508,0.41505782,77471.43260000,40000.00000000,37471.43260000,0.93678582,0.20083572,0.21749163,0.76680974,0.29726044,1.06507894,0.61521386,-0.32644863,573,2023,0.53658057,2022,-0.25063997,0.48378158,0.29876099,,,0.51550082,0.07436580
VT TQQQ/BTAL t35 w0-80 QQQ:VOL_EWMA70,sens,sens_2020-07-06,2020-07-06,2025-07-03,false,true,0.70000000,0.35000000,0.80000000,,0.00090146,0.00305200,0.00063670,0.00215730,81316.73335000,40000.00000000,41316.73335000,1.03291833,0.20318307,0.23389645,0.71253305,0.34370403,0.98838891,0.45335830,-0.44817326,753,2023,0.80491662,2022,-0.40265636,0.40072248,0.19929971,,,0.59837606,0.21791768
VT TQQQ/BTAL t35 w0-80 QQQ:VOL_EWMA70 gate QQQ<SMA200,sens,sens_2020-07-06,2020-07-06,2025-07-03,false,true,0.70000000,0.35000000,0.80000000,QQQ<SMA200,0.04739831,0.41565881,0.04721303,0.41565881,77666.77835000,40000.00000000,37666.77835000,0.94166946,0.19861475,0.21834249,0.72484219,0.32320296,0.99871895,0.55518052,-0.35774805,606,2023,0.54669974,2022,-0.27765911,0.44748253,0.19929971,,,0.55172993,0.07376480
VT TQQQ/BTAL t25 w0-60 QQQ:VOL_EWMA75,sens,sens_2020-07-06,2020-07-06,2025-07-03,false,true,0.75000000,0.25000000,0.60000000,,0.00092956,0.00310287,0.00063705,0.00182225,65770.23080000,40000.00000000,25770.23080000,0.64425577,0.13901370,0.16260197,0.66970702,0.23698361,0.92511137,0.47553932,-0.29232850,528,2023,0.46628885,2022,-0.25373781,0.56588759,0.39896569,,,0.43318285,0.16360482
VT TQQQ/BTAL t25 w0-60 QQQ:VOL_EWMA75 gate QQQ<SMA200,sens,sens_2020-07-06,2020-07-06,2025-07-03,false,true,0.75000000,0.25000000,0.60000000,QQQ<SMA200,0.03261218,0.29334396,0.03238693,0.29334396,63933.99830000,40000.00000000,23933.99830000,0.59834996,0.13519603,0.15319122,0.66510604,0.23170798,0.91447494,0.52777294,-0.25616324,355,2023,0.31052343,2022,-0.15957120,0.59779032,0.39896569,,,0.40140589,0.05136958
VT TQQQ/BTAL t25 w0-70 QQQ:VOL_EWMA75,sens,sens_2020-07-06,2020-07-06,2025-07-03,false,true,0.75000000,0.25000000,0.70000000,,0.00090642,0.00310287,0.00061053,0.00182225,66485.45130000,40000.00000000,26485.45130000,0.66213628,0.14372456,0.16620258,0.66082935,0.25207240,0.90968412,0.48311680,-0.29749444,605,2023,0.50357082,2022,-0.25376912,0.54150264,0.29898983,,,0.45759094,0.16350688
VT TQQQ/BTAL t25 w0-70 QQQ:VOL_EWMA75 gate QQQ<SMA200,sens,sens_2020-07-06,2020-07-06,2025-07-03,false,true,0.75000000,0.25000000,0.70000000,QQQ<SMA200,0.03261919,0.29315333,0.03236119,0.29315333,64648.50130000,40000.00000000,24648.50130000,0.61621253,0.13991745,0.15688212,0.65562140,0.24707981,0.89874175,0.55309825,-0.25297035,324,2023,0.34396263,2022,-0.15994406,0.57332091,0.29898983,,,0.42579443,0.05156020
VT TQQQ/BTAL t25 w0-80 QQQ:VOL_EWMA75,sens,sens_2020-07-06,2020-07-06,2025-07-03,false,true,0.75000000,0.25000000,0.80000000,,0.00083149,0.00310287,0.00058605,0.00182225,67308.84230000,40000.00000000,27308.84230000,0.68272106,0.14864320,0.17030422,0.66056598,0.26297310,0.90908360,0.49790724,-0.29853593,605,2023,0.54762658,2022,-0.25404974,0.52668632,0.19921005,,,0.47248219,0.16320798
VT TQQQ/BTAL t25 w0-80 QQQ:VOL_EWMA75 gate QQQ<SMA200,sens,sens_2020-07-06,2020-07-06,2025-07-03,false,true,0.75000000,0.25000000,0.80000000,QQQ<SMA200,0.03248812,0.29303410,0.03228678,0.29303410,65457.56730000,40000.00000000,25457.56730000,0.63643918,0.14484003,0.16101668,0.65508402,0.25820576,0.89808404,0.54630094,-0.26512866,324,2023,0.38341540,2022,-0.16021179,0.55849324,0.19921005,,,0.44073386,0.05167943
VT TQQQ/BTAL t30 w0-60 QQQ:VOL_EWMA75,sens,sens_2020-07-06,2020-07-06,2025-07-03,false,true,0.75000000,0.30000000,0.60000000,,0.00094429,0.00266690,0.00063914,0.00175775,72472.37525000,40000.00000000,32472.37525000,0.81180938,0.17120121,0.19503028,0.72928861,0.26594580,1.01782279,0.49355914,-0.34687071,561,2023,0.61101794,2022,-0.30951946,0.51826875,0.39866887,,,0.48078696,0.19626476
VT TQQQ/BTAL t30 w0-60 QQQ:VOL_EWMA75 gate QQQ<SMA200,sens,sens_2020-07-06,2020-07-06,2025-07-03,false,true,0.75000000,0.30000000,0.60000000,QQQ<SMA200,0.03824266,0.34927426,0.03800740,0.34927426,70555.82775000,40000.00000000,30555.82775000,0.76389569,0.16876361,0.18604536,0.74541201,0.25284109,1.03501294,0.62882968,-0.26837729,533,2023,0.41220357,2022,-0.20064560,0.55579048,0.39866887,,,0.44336559,0.06438198
VT TQQQ/BTAL t30 w0-70 QQQ:VOL_EWMA75,sens,sens_2020-07-06,2020-07-06,2025-07-03,false,true,0.75000000,0.30000000,0.70000000,,0.00081171,0.00240609,0.00056377,0.00181218,72757.49990000,40000.00000000,32757.49990000,0.81893750,0.17126996,0.19634851,0.69689010,0.28675589,0.96495475,0.46244127,-0.37036046,725,2023,0.62446242,2022,-0.32939153,0.48475142,0.29902970,,,0.51443688,0.19581120
VT TQQQ/BTAL t30 w0-70 QQQ:VOL_EWMA75 gate QQQ<SMA200,sens,sens_2020-07-06,2020-07-06,2025-07-03,false,true,0.75000000,0.30000000,0.70000000,QQQ<SMA200,0.03828787,0.34972580,0.03808938,0.34972580,70848.40740000,40000.00000000,30848.40740000,0.77121018,0.16897973,0.18743122,0.70811967,0.27464847,0.97565146,0.57459261,-0.29408615,605,2023,0.42364825,2022,-0.22289830,0.52235185,0.29902970,,,0.47687561,0.06393044
VT TQQQ/BTAL t30 w0-80 QQQ:VOL_EWMA75,sens,sens_2020-07-06,2020-07-06,2025-07-03,false,true,0.75000000,0.30000000,0.80000000,,0.00084872,0.00230809,0.00060749,0.00181218,73432.91540000,40000.00000000,33432.91540000,0.83582288,0.17622855,0.19945262,0.68986939,0.30272771,0.95190398,0.46781260,-0.37670757,731,2023,0.65785040,2022,-0.32935314,0.45849875,0.19921564,,,0.54065253,0.19642223
VT TQQQ/BTAL t30 w0-80 QQQ:VOL_EWMA75 gate QQQ<SMA200,sens,sens_2020-07-06,2020-07-06,2025-07-03,false,true,0.75000000,0.30000000,0.80000000,QQQ<SMA200,0.03831845,0.34952171,0.03809630,0.34952171,71517.92540000,40000.00000000,31517.92540000,0.78794813,0.17394206,0.19058306,0.69863365,0.29128249,0.95953208,0.57769093,-0.30109882,606,2023,0.45295231,2022,-0.22280932,0.49602393,0.19921564,,,0.50312376,0.06413453
VT TQQQ/BTAL t35 w0-60 QQQ:VOL_EWMA75,sens,sens_2020-07-06,2020-07-06,2025-07-03,false,true,0.75000000,0.35000000,0.60000000,,0.00094266,0.00279256,0.00062956,0.00166663,78933.95640000,40000.00000000,38933.95640000,0.97334891,0.20257502,0.22381559,0.78069711,0.29146841,1.10188048,0.51579166,-0.39274583,563,2023,0.74661212,2022,-0.35569723,0.48031801,0.39838319,,,0.51873933,0.22868301
VT TQQQ/BTAL t35 w0-60 QQQ:VOL_EWMA75 gate QQQ<SMA200,sens,sens_2020-07-06,2020-07-06,2025-07-03,false,true,0.75000000,0.35000000,0.60000000,QQQ<SMA200,0.04356546,0.40393620,0.04330081,0.40393620,77144.78890000,40000.00000000,37144.78890000,0.92861972,0.20233314,0.21606454,0.82067678,0.26955499,1.15309143,0.67891712,-0.29802333,535,2023,0.50320534,2022,-0.23186536,0.52310840,0.39838319,,,0.47602215,0.07866275
VT TQQQ/BTAL t35 w0-70 QQQ:VOL_EWMA75,sens,sens_2020-07-06,2020-07-06,2025-07-03,false,true,0.75000000,0.35000000,0.70000000,,0.00079406,0.00279256,0.00053465,0.00166663,79790.38440000,40000.00000000,39790.38440000,0.99475961,0.20271626,0.22747000,0.74219730,0.31764748,1.03693629,0.48479044,-0.41815235,606,2023,0.78100204,2022,-0.37877564,0.43819892,0.29921509,,,0.56100703,0.22864589
VT TQQQ/BTAL t35 w0-70 QQQ:VOL_EWMA75 gate QQQ<SMA200,sens,sens_2020-07-06,2020-07-06,2025-07-03,false,true,0.75000000,0.35000000,0.70000000,QQQ<SMA200,0.04349993,0.40446037,0.04330340,0.40446037,78003.04940000,40000.00000000,38003.04940000,0.95007624,0.20266933,0.21980268,0.77125245,0.29769201,1.07216366,0.61247497,-0.33090222,601,2023,0.53215606,2022,-0.25871929,0.48109092,0.29921509,,,0.51820911,0.07813858
VT TQQQ/BTAL t35 w0-80 QQQ:VOL_EWMA75,sens,sens_2020-07-06,2020-07-06,2025-07-03,false,true,0.75000000,0.35000000,0.80000000,,0.00080462,0.00279256,0.00056624,0.00166663,79784.82230000,40000.00000000,39784.82230000,0.99462056,0.20074114,0.22744638,0.71039475,0.34011269,0.98534053,0.45225671,-0.44386548,753,2023,0.79178657,2022,-0.40011907,0.40357204,0.19894942,,,0.59562334,0.22917690
VT TQQQ/BTAL t35 w0-80 QQQ:VOL_EWMA75 gate QQQ<SMA200,sens,sens_2020-07-06,2020-07-06,2025-07-03,false,true,0.75000000,0.35000000,0.80000000,QQQ<SMA200,0.04354152,0.40459904,0.04333664,0.40459904,77949.60980000,40000.00000000,37949.60980000,0.94874025,0.20057499,0.21957101,0.73193218,0.32154711,1.01006975,0.55609776,-0.36068297,752,2023,0.54149606,2022,-0.28440316,0.44645709,0.19894942,,,0.55280492,0.07799991
VT TQQQ/BTAL t25 w0-60 QQQ:VOL_EWMA80,sens,sens_2020-07-06,2020-07-06,2025-07-03,false,true,0.80000000,0.25000000,0.60000000,,0.00082969,0.00247162,0.00055263,0.00161858,65092.88260000,40000.00000000,25092.88260000,0.62732207,0.13941369,0.15915886,0.67718315,0.23374368,0.93726820,0.50664341,-0.27517124,532,2023,0.46273015,2022,-0.23765803,0.56931820,0.39877635,,,0.42985211,0.17277772
VT TQQQ/BTAL t25 w0-60 QQQ:VOL_EWMA80 gate QQQ<SMA200,sens,sens_2020-07-06,2020-07-06,2025-07-03,false,true,0.80000000,0.25000000,0.60000000,QQQ<SMA200,0.02979353,0.28554756,0.02957031,0.28554756,64341.80510000,40000.00000000,24341.80510000,0.60854513,0.13863943,0.15530242,0.68334110,0.22905868,0.94216737,0.55386005,-0.25031492,355,2023,0.31123491,2022,-0.15003160,0.59846738,0.39877635,,,0.40081283,0.05452757
VT TQQQ/BTAL t25 w0-70 QQQ:VOL_EWMA80,sens,sens_2020-07-06,2020-07-06,2025-07-03,false,true,0.80000000,0.25000000,0.70000000,,0.00088348,0.00247162,0.00063842,0.00173305,65722.94210000,40000.00000000,25722.94210000,0.64307355,0.14223638,0.16236264,0.66315860,0.24745427,0.91459180,0.50889455,-0.27950069,573,2023,0.50694134,2022,-0.23720905,0.54808440,0.29908226,,,0.45103212,0.17336704
VT TQQQ/BTAL t25 w0-70 QQQ:VOL_EWMA80 gate QQQ<SMA200,sens,sens_2020-07-06,2020-07-06,2025-07-03,false,true,0.80000000,0.25000000,0.70000000,QQQ<SMA200,0.02984655,0.28562231,0.02966580,0.28562231,64959.86710000,40000.00000000,24959.86710000,0.62399668,0.14144106,0.15847886,0.66791637,0.24302494,0.91792654,0.55924325,-0.25291511,337,2023,0.35082848,2022,-0.14960740,0.57725856,0.29908226,,,0.42195867,0.05445282
VT TQQQ/BTAL t25 w0-80 QQQ:VOL_EWMA80,sens,sens_2020-07-06,2020-07-06,2025-07-03,false,true,0.80000000,0.25000000,0.80000000,,0.00084523,0.00264935,0.00058533,0.00161858,66801.90350000,40000.00000000,26801.90350000,0.67004759,0.14815631,0.16778441,0.67025322,0.25566553,0.92562548,0.52939633,-0.27985896,573,2023,0.55097774,2022,-0.23767962,0.53631886,0.19936292,,,0.46283591,0.17297855
VT TQQQ/BTAL t25 w0-80 QQQ:VOL_EWMA80 gate QQQ<SMA200,sens,sens_2020-07-06,2020-07-06,2025-07-03,false,true,0.80000000,0.25000000,0.80000000,QQQ<SMA200,0.02971795,0.28517467,0.02951866,0.28517467,65993.43600000,40000.00000000,25993.43600000,0.64983590,0.14718871,0.16372947,0.67408677,0.25133347,0.92788043,0.57401293,-0.25642054,324,2023,0.39021833,2022,-0.15055840,0.56535456,0.19936292,,,0.43384397,0.05490046
VT TQQQ/BTAL t30 w0-60 QQQ:VOL_EWMA80,sens,sens_2020-07-06,2020-07-06,2025-07-03,false,true,0.80000000,0.30000000,0.60000000,,0.00085328,0.00294796,0.00058856,0.00166464,71827.61915000,40000.00000000,31827.61915000,0.79569048,0.17040647,0.19203193,0.72778543,0.26533391,1.01557846,0.49468930,-0.34447171,561,2023,0.60619984,2022,-0.30869784,0.51822595,0.39855471,,,0.48092077,0.20822732
VT TQQQ/BTAL t30 w0-60 QQQ:VOL_EWMA80 gate QQQ<SMA200,sens,sens_2020-07-06,2020-07-06,2025-07-03,false,true,0.80000000,0.30000000,0.60000000,QQQ<SMA200,0.03486409,0.34000736,0.03464926,0.34000736,71253.98415000,40000.00000000,31253.98415000,0.78134960,0.17143796,0.18934373,0.75270166,0.25373360,1.04632524,0.62661137,-0.27359536,533,2023,0.41273024,2022,-0.20942920,0.55248769,0.39855471,,,0.44679072,0.06808280
VT TQQQ/BTAL t30 w0-70 QQQ:VOL_EWMA80,sens,sens_2020-07-06,2020-07-06,2025-07-03,false,true,0.80000000,0.30000000,0.70000000,,0.00084260,0.00227972,0.00055390,0.00159612,72173.48330000,40000.00000000,32173.48330000,0.80433708,0.17370441,0.19364335,0.71035023,0.28253119,0.98557755,0.49483637,-0.35103404,605,2023,0.61988283,2022,-0.31074000,0.48816372,0.29922111,,,0.51099367,0.20785835
VT TQQQ/BTAL t30 w0-70 QQQ:VOL_EWMA80 gate QQQ<SMA200,sens,sens_2020-07-06,2020-07-06,2025-07-03,false,true,0.80000000,0.30000000,0.70000000,QQQ<SMA200,0.03475573,0.33980212,0.03455899,0.33980212,71600.16830000,40000.00000000,31600.16830000,0.79000421,0.17469790,0.19096838,0.73074171,0.27171611,1.01004213,0.62167198,-0.28101299,602,2023,0.42482704,2022,-0.21198415,0.52238114,0.29922111,,,0.47696026,0.06828803
VT TQQQ/BTAL t30 w0-80 QQQ:VOL_EWMA80,sens,sens_2020-07-06,2020-07-06,2025-07-03,false,true,0.80000000,0.30000000,0.80000000,,0.00079626,0.00275649,0.00054710,0.00163063,72542.21990000,40000.00000000,32542.21990000,0.81355550,0.17505985,0.19535363,0.69332830,0.29746917,0.95802231,0.48980818,-0.35740490,605,2023,0.66274582,2022,-0.31041442,0.46497778,0.19948074,,,0.53422597,0.20796452
VT TQQQ/BTAL t30 w0-80 QQQ:VOL_EWMA80 gate QQQ<SMA200,sens,sens_2020-07-06,2020-07-06,2025-07-03,false,true,0.80000000,0.30000000,0.80000000,QQQ<SMA200,0.03478248,0.33976707,0.03458030,0.33976707,71957.58740000,40000.00000000,31957.58740000,0.79893969,0.17600616,0.19263829,0.71048881,0.28720803,0.97815027,0.61046636,-0.28831426,605,2023,0.46254175,2022,-0.21183422,0.49906387,0.19948074,,,0.50018966,0.06832308
VT TQQQ/BTAL t35 w0-60 QQQ:VOL_EWMA80,sens,sens_2020-07-06,2020-07-06,2025-07-03,false,true,0.80000000,0.35000000,0.60000000,,0.00082495,0.00252373,0.00057218,0.00211440,78002.68990000,40000.00000000,38002.68990000,0.95006725,0.20178818,0.21980112,0.77791209,0.29178559,1.09777148,0.51758281,-0.38986647,563,2023,0.75507486,2022,-0.35419537,0.47884572,0.39845561,,,0.52032933,0.24233877
VT TQQQ/BTAL t35 w0-60 QQQ:VOL_EWMA80 gate QQQ<SMA200,sens,sens_2020-07-06,2020-07-06,2025-07-03,false,true,0.80000000,0.35000000,0.60000000,QQQ<SMA200,0.03936870,0.39226518,0.03916915,0.39226518,77836.03240000,40000.00000000,37836.03240000,0.94590081,0.20526259,0.21907816,0.82350932,0.27258068,1.15898480,0.66703959,-0.30772175,535,2023,0.51700158,2022,-0.24282515,0.51750093,0.39845561,,,0.48170880,0.08384000
VT TQQQ/BTAL t35 w0-70 QQQ:VOL_EWMA80,sens,sens_2020-07-06,2020-07-06,2025-07-03,false,true,0.80000000,0.35000000,0.70000000,,0.00076187,0.00225855,0.00056367,0.00211440,79026.38725000,40000.00000000,39026.38725000,0.97565968,0.20203907,0.22421171,0.74153864,0.31680535,1.03571118,0.48710885,-0.41477190,606,2023,0.77524817,2022,-0.37725579,0.43810777,0.29948538,,,0.56113036,0.24288998
VT TQQQ/BTAL t35 w0-70 QQQ:VOL_EWMA80 gate QQQ<SMA200,sens,sens_2020-07-06,2020-07-06,2025-07-03,false,true,0.80000000,0.35000000,0.70000000,QQQ<SMA200,0.03948829,0.39301624,0.03932047,0.39301624,78869.61225000,40000.00000000,38869.61225000,0.97174031,0.20569442,0.22353959,0.77726915,0.29920057,1.08191352,0.61080523,-0.33675942,605,2023,0.53362896,2022,-0.26886467,0.47697279,0.29948538,,,0.52232790,0.08308894
VT TQQQ/BTAL t35 w0-80 QQQ:VOL_EWMA80,sens,sens_2020-07-06,2020-07-06,2025-07-03,false,true,0.80000000,0.35000000,0.80000000,,0.00083008,0.00242889,0.00060246,0.00211440,79321.48615000,40000.00000000,39321.48615000,0.98303715,0.20524931,0.22547359,0.72739410,0.33483841,1.01081705,0.48552722,-0.42273491,752,2023,0.78632662,2022,-0.37936900,0.40723109,0.19914701,,,0.59193883,0.24265297
VT TQQQ/BTAL t35 w0-80 QQQ:VOL_EWMA80 gate QQQ<SMA200,sens,sens_2020-07-06,2020-07-06,2025-07-03,false,true,0.80000000,0.35000000,0.80000000,QQQ<SMA200,0.03951140,0.39273440,0.03931845,0.39273440,79187.74615000,40000.00000000,39187.74615000,0.97969365,0.20892603,0.22490222,0.75797009,0.31821929,1.04959830,0.60397129,-0.34592047,606,2023,0.54362456,2022,-0.27168555,0.44608540,0.19914701,,,0.55317821,0.08337078
VT TQQQ/BTAL t25 w0-60 QQQ:VOL_EWMA85,sens,sens_2020-07-06,2020-07-06,2025-07-03,false,true,0.85000000,0.25000000,0.60000000,,0.00083506,0.00224171,0.00057902,0.00162234,64265.49725000,40000.00000000,24265.49725000,0.60663743,0.13776789,0.15490831,0.67664420,0.23073347,0.93890239,0.52881679,-0.26052101,520,2023,0.46944465,2022,-0.22323349,0.57356490,0.39889495,,,0.42560004,0.18638220
VT TQQQ/BTAL t25 w0-60 QQQ:VOL_EWMA85 gate QQQ<SMA200,sens,sens_2020-07-06,2020-07-06,2025-07-03,false,true,0.85000000,0.25000000,0.60000000,QQQ<SMA200,0.02744614,0.27585796,0.02725342,0.27585796,63438.18475000,40000.00000000,23438.18475000,0.58595462,0.13565972,0.15060771,0.67664660,0.22658886,0.93569897,0.54480555,-0.24900576,355,2023,0.32204287,2022,-0.14524017,0.60041814,0.39889495,,,0.39889327,0.05859087
VT TQQQ/BTAL t25 w0-70 QQQ:VOL_EWMA85,sens,sens_2020-07-06,2020-07-06,2025-07-03,false,true,0.85000000,0.25000000,0.70000000,,0.00086184,0.00237574,0.00058073,0.00163443,65012.73925000,40000.00000000,25012.73925000,0.62531848,0.14097283,0.15874930,0.66790674,0.24199879,0.92447293,0.53685272,-0.26259126,570,2023,0.51382565,2022,-0.22334617,0.55598863,0.29917121,,,0.44314953,0.18627921
VT TQQQ/BTAL t25 w0-70 QQQ:VOL_EWMA85 gate QQQ<SMA200,sens,sens_2020-07-06,2020-07-06,2025-07-03,false,true,0.85000000,0.25000000,0.70000000,QQQ<SMA200,0.02756039,0.27588340,0.02730787,0.27588340,64184.76175000,40000.00000000,24184.76175000,0.60461904,0.13891676,0.15449087,0.66747946,0.23801763,0.92098132,0.55463673,-0.25046440,355,2023,0.36179335,2022,-0.14514437,0.58277206,0.29917121,,,0.41638441,0.05856544
VT TQQQ/BTAL t25 w0-80 QQQ:VOL_EWMA85,sens,sens_2020-07-06,2020-07-06,2025-07-03,false,true,0.85000000,0.25000000,0.80000000,,0.00088132,0.00258259,0.00060185,0.00164324,65654.42875000,40000.00000000,25654.42875000,0.64136072,0.14474556,0.16201562,0.66971470,0.24878265,0.92787798,0.55073482,-0.26282260,570,2023,0.55177480,2022,-0.22362702,0.54648234,0.19944748,,,0.45263634,0.18627840
VT TQQQ/BTAL t25 w0-80 QQQ:VOL_EWMA85 gate QQQ<SMA200,sens,sens_2020-07-06,2020-07-06,2025-07-03,false,true,0.85000000,0.25000000,0.80000000,QQQ<SMA200,0.02747049,0.27565591,0.02721942,0.27565591,64797.73625000,40000.00000000,24797.73625000,0.61994341,0.14258382,0.15764830,0.66868296,0.24490587,0.92371075,0.56641153,-0.25173184,337,2023,0.39593762,2022,-0.14564403,0.57322589,0.19944748,,,0.42594544,0.05879292
VT TQQQ/BTAL t30 w0-60 QQQ:VOL_EWMA85,sens,sens_2020-07-06,2020-07-06,2025-07-03,false,true,0.85000000,0.30000000,0.60000000,,0.00088023,0.00276565,0.00060040,0.00192019,71278.59070000,40000.00000000,31278.59070000,0.78196477,0.17237246,0.18945945,0.73683186,0.26379620,1.02994539,0.52257281,-0.32985347,535,2023,0.60725333,2022,-0.29429655,0.51899243,0.39895220,,,0.48012734,0.22346713
VT TQQQ/BTAL t30 w0-60 QQQ:VOL_EWMA85 gate QQQ<SMA200,sens,sens_2020-07-06,2020-07-06,2025-07-03,false,true,0.85000000,0.30000000,0.60000000,QQQ<SMA200,0.03199093,0.32740608,0.03174522,0.32740608,70379.66070000,40000.00000000,30379.66070000,0.75949152,0.17084496,0.18520840,0.75085112,0.25363483,1.04607793,0.63581133,-0.26870386,535,2023,0.42027205,2022,-0.20737807,0.55019691,0.39895220,,,0.44895721,0.07393252
VT TQQQ/BTAL t30 w0-70 QQQ:VOL_EWMA85,sens,sens_2020-07-06,2020-07-06,2025-07-03,false,true,0.85000000,0.30000000,0.70000000,,0.00087081,0.00276565,0.00061295,0.00192019,71014.99020000,40000.00000000,31014.99020000,0.77537476,0.17164703,0.18821795,0.70950324,0.27893345,0.98638237,0.51385071,-0.33404067,573,2023,0.62457731,2022,-0.29400381,0.49274474,0.29921415,,,0.50638444,0.22356538
VT TQQQ/BTAL t30 w0-70 QQQ:VOL_EWMA85 gate QQQ<SMA200,sens,sens_2020-07-06,2020-07-06,2025-07-03,false,true,0.85000000,0.30000000,0.70000000,QQQ<SMA200,0.03202129,0.32765033,0.03182211,0.32765033,70132.25770000,40000.00000000,30132.25770000,0.75330644,0.17019252,0.18402977,0.72037781,0.26935524,0.99821445,0.62350530,-0.27296083,573,2023,0.43556549,2022,-0.20668450,0.52409657,0.29921415,,,0.47513098,0.07368826
VT TQQQ/BTAL t30 w0-80 QQQ:VOL_EWMA85,sens,sens_2020-07-06,2020-07-06,2025-07-03,false,true,0.85000000,0.30000000,0.80000000,,0.00089919,0.00276565,0.00062623,0.00192019,71706.03320000,40000.00000000,31706.03320000,0.79265083,0.17408056,0.19146378,0.69823128,0.29169388,0.96786679,0.51162001,-0.34025363,573,2023,0.67192652,2022,-0.29443204,0.47300515,0.19935736,,,0.52609565,0.22399862
VT TQQQ/BTAL t30 w0-80 QQQ:VOL_EWMA85 gate QQQ<SMA200,sens,sens_2020-07-06,2020-07-06,2025-07-03,false,true,0.85000000,0.30000000,0.80000000,QQQ<SMA200,0.03203150,0.32753090,0.03181914,0.32753090,70833.40320000,40000.00000000,30833.40320000,0.77083508,0.17270034,0.18736027,0.70743712,0.28251021,0.97756194,0.61750036,-0.27967649,601,2023,0.47755207,2022,-0.20717567,0.50430921,0.19935736,,,0.49486236,0.07380770
VT TQQQ/BTAL t35 w0-60 QQQ:VOL_EWMA85,sens,sens_2020-07-06,2020-07-06,2025-07-03,false,true,0.85000000,0.35000000,0.60000000,,0.00087906,0.00354700,0.00061415,0.00236490,77161.68505000,40000.00000000,37161.68505000,0.92904213,0.20096744,0.21613849,0.77375266,0.29288515,1.09152844,0.51857175,-0.38754027,535,2023,0.76326113,2022,-0.35244536,0.47663595,0.39868707,,,0.52248498,0.26127605
VT TQQQ/BTAL t35 w0-60 QQQ:VOL_EWMA85 gate QQQ<SMA200,sens,sens_2020-07-06,2020-07-06,2025-07-03,false,true,0.85000000,0.35000000,0.60000000,QQQ<SMA200,0.03628311,0.37805451,0.03607172,0.37805451,76347.31755000,40000.00000000,36347.31755000,0.90868294,0.20072707,0.21255741,0.80240634,0.27630548,1.12929204,0.63005452,-0.31858683,563,2023,0.53201132,2022,-0.25620541,0.51221566,0.39868707,,,0.48697964,0.09017385
VT TQQQ/BTAL t35 w0-70 QQQ:VOL_EWMA85,sens,sens_2020-07-06,2020-07-06,2025-07-03,false,true,0.85000000,0.35000000,0.70000000,,0.00085969,0.00354700,0.00058706,0.00236490,78428.55755000,40000.00000000,38428.55755000,0.96071394,0.20469223,0.22164226,0.75121956,0.31480914,1.05075105,0.51377005,-0.39841215,601,2023,0.77618782,2022,-0.36126632,0.43892702,0.29921094,,,0.56021329,0.26097436
VT TQQQ/BTAL t35 w0-70 QQQ:VOL_EWMA85 gate QQQ<SMA200,sens,sens_2020-07-06,2020-07-06,2025-07-03,false,true,0.85000000,0.35000000,0.70000000,QQQ<SMA200,0.03619021,0.37779443,0.03598378,0.37779443,77582.02005000,40000.00000000,37582.02005000,0.93955050,0.20437503,0.21797355,0.77310776,0.29947090,1.07829368,0.61787833,-0.33076906,601,2023,0.54345924,2022,-0.26655870,0.47445579,0.29921094,,,0.52479869,0.09043393
VT TQQQ/BTAL t35 w0-80 QQQ:VOL_EWMA85,sens,sens_2020-07-06,2020-07-06,2025-07-03,false,true,0.85000000,0.35000000,0.80000000,,0.00084896,0.00354700,0.00058645,0.00236490,77781.53705000,40000.00000000,37781.53705000,0.94453843,0.20257962,0.21884145,0.72553198,0.33068050,1.00973400,0.50034635,-0.40487878,605,2023,0.78848474,2022,-0.36165693,0.41215844,0.19941792,,,0.58699260,0.26110275
VT TQQQ/BTAL t35 w0-80 QQQ:VOL_EWMA85 gate QQQ<SMA200,sens,sens_2020-07-06,2020-07-06,2025-07-03,false,true,0.85000000,0.35000000,0.80000000,QQQ<SMA200,0.03616762,0.37764694,0.03594002,0.37764694,76943.07455000,40000.00000000,36943.07455000,0.92357686,0.20225783,0.21518054,0.74324484,0.31610803,1.03130114,0.59846326,-0.33796199,605,2023,0.55402962,2022,-0.26699181,0.44762218,0.19941792,,,0.55159931,0.09058143
50/50,sens,sens_2020-07-06,2020-07-06,2025-07-03,true,true,,,,,0.00077333,0.00264333,0.00053738,0.00161729,67277.96860000,40000.00000000,27277.96860000,0.68194921,0.15862234,0.17015125,0.64214752,0.30013143,0.90579248,0.35283690,-0.44956279,757,2023,0.65070061,2022,-0.42911057,0.49966360,0.49838271,,,0.49956306,0.49855064
TQQQ60/BTAL40,sens,sens_2020-07-06,2020-07-06,2025-07-03,true,true,,,,,0.00079741,0.00227841,0.00053859,0.00164841,73802.33480000,40000.00000000,33802.33480000,0.84505837,0.18981607,0.20113949,0.65336680,0.37385197,0.92378086,0.34856022,-0.54457183,774,2023,0.87181625,2022,-0.52179964,0.39963145,0.39835159,,,0.59957113,0.59865010
TQQQ50/BTAL50 gate QQQ<SMA200,sens,sens_2020-07-06,2020-07-06,2025-07-03,true,true,,,,,0.05680083,0.38873063,0.05658992,0.38873063,69145.75860000,40000.00000000,29145.75860000,0.72864397,0.17599454,0.17929220,0.76958544,0.25278977,1.08906078,0.55027217,-0.31983181,683,2023,0.43045575,2022,-0.27146613,0.55579461,0.49838271,,,0.44346310,0.11126937
SPY benchmark,sens,sens_2020-07-06,2020-07-06,2025-07-03,true,true,,,,,0.00795543,0.02772294,0.00795543,0.02772294,62086.69000000,40000.00000000,22086.69000000,0.55216725,0.14541387,0.14347032,0.86711634,0.17446694,1.25430025,0.57806545,-0.25155260,724,2021,0.26848147,2022,-0.19277231,,,0.99204457,0.97227706,,
VT TQQQ/BTAL t25 w0-60 QQQ:VOL_EWMA70,sens,sens_2021-01-04,2021-01-04,2026-01-02,false,true,0.70000000,0.25000000,0.60000000,,0.00085507,0.00321393,0.00060030,0.00217838,68049.38510000,40000.00000000,28049.38510000,0.70123463,0.15780404,0.17385687,0.78134467,0.21881225,1.10176491,0.51943781,-0.30379775,560,2023,0.47470085,2022,-0.26286745,0.54763414,0.39891511,,,0.45151078,0.15512571
VT TQQQ/BTAL t25 w0-60 QQQ:VOL_EWMA70 gate QQQ<SMA200,sens,sens_2021-01-04,2021-01-04,2026-01-02,false,true,0.70000000,0.25000000,0.60000000,QQQ<SMA200,0.03552808,0.30251061,0.03530632,0.30251061,65066.39510000,40000.00000000,25066.39510000,0.62665988,0.15061797,0.15893511,0.76918069,0.21234365,1.07824495,0.64999662,-0.23172116,528,2021,0.32251057,2022,-0.16152340,0.58239533,0.39891511,,,0.41676694,0.04707769
VT TQQQ/BTAL t25 w0-70 QQQ:VOL_EWMA70,sens,sens_2021-01-04,2021-01-04,2026-01-02,false,true,0.70000000,0.25000000,0.70000000,,0.00086524,0.00363288,0.00058964,0.00188532,70793.99485000,40000.00000000,30793.99485000,0.76984987,0.16860608,0.18706849,0.77610279,0.23800742,1.08594832,0.53482366,-0.31525546,725,2023,0.50460539,2022,-0.27080985,0.51754745,0.29931462,,,0.48158731,0.15563198
VT TQQQ/BTAL t25 w0-70 QQQ:VOL_EWMA70 gate QQQ<SMA200,sens,sens_2021-01-04,2021-01-04,2026-01-02,false,true,0.70000000,0.25000000,0.70000000,QQQ<SMA200,0.03553667,0.30266388,0.03531728,0.30266388,67713.95485000,40000.00000000,27713.95485000,0.69284887,0.16146237,0.17220908,0.76339997,0.23209263,1.06258532,0.66137552,-0.24413116,605,2021,0.34690220,2022,-0.17033579,0.55238584,0.29931462,,,0.44680155,0.04692441
VT TQQQ/BTAL t25 w0-80 QQQ:VOL_EWMA70,sens,sens_2021-01-04,2021-01-04,2026-01-02,false,true,0.70000000,0.25000000,0.80000000,,0.00088057,0.00363288,0.00061183,0.00191804,73150.53135000,40000.00000000,33150.53135000,0.82876328,0.17952181,0.19804588,0.78110708,0.25328981,1.08980860,0.56615960,-0.31708694,725,2023,0.54862215,2022,-0.27096262,0.49676040,0.19873823,,,0.50235903,0.15525683
VT TQQQ/BTAL t25 w0-80 QQQ:VOL_EWMA70 gate QQQ<SMA200,sens,sens_2021-01-04,2021-01-04,2026-01-02,false,true,0.70000000,0.25000000,0.80000000,QQQ<SMA200,0.03547154,0.30250042,0.03526405,0.30250042,69948.59635000,40000.00000000,29948.59635000,0.74871491,0.17218916,0.18304942,0.76771799,0.24775582,1.06607653,0.69850840,-0.24650979,606,2023,0.37910442,2022,-0.17083392,0.53161907,0.19873823,,,0.46761007,0.04708788
VT TQQQ/BTAL t30 w0-60 QQQ:VOL_EWMA70,sens,sens_2021-01-04,2021-01-04,2026-01-02,false,true,0.70000000,0.30000000,0.60000000,,0.00088069,0.00312292,0.00062519,0.00187043,73134.71640000,40000.00000000,33134.71640000,0.82836791,0.18130307,0.19797328,0.80440169,0.24519721,1.14529191,0.51771756,-0.35019687,528,2023,0.62104189,2022,-0.31082687,0.50446264,0.39897710,,,0.49465667,0.18714498
VT TQQQ/BTAL t30 w0-60 QQQ:VOL_EWMA70 gate QQQ<SMA200,sens,sens_2021-01-04,2021-01-04,2026-01-02,false,true,0.70000000,0.30000000,0.60000000,QQQ<SMA200,0.04176778,0.36097388,0.04158004,0.36097388,69824.12640000,40000.00000000,29824.12640000,0.74560316,0.17525623,0.18245396,0.82124097,0.22932701,1.16263563,0.66656748,-0.26292347,526,2023,0.41398797,2022,-0.19077906,0.54562087,0.39897710,,,0.45362229,0.05853207
VT TQQQ/BTAL t30 w0-70 QQQ:VOL_EWMA70,sens,sens_2021-01-04,2021-01-04,2026-01-02,false,true,0.70000000,0.30000000,0.70000000,,0.00082229,0.00311457,0.00056922,0.00176602,77363.67430000,40000.00000000,37363.67430000,0.93409186,0.19335147,0.21689765,0.79247789,0.26981329,1.11727977,0.51250396,-0.37726824,727,2023,0.63508096,2022,-0.33483496,0.46436949,0.29896783,,,0.53480822,0.18633172
VT TQQQ/BTAL t30 w0-70 QQQ:VOL_EWMA70 gate QQQ<SMA200,sens,sens_2021-01-04,2021-01-04,2026-01-02,false,true,0.70000000,0.30000000,0.70000000,QQQ<SMA200,0.04183554,0.36123800,0.04163897,0.36123800,73826.48180000,40000.00000000,33826.48180000,0.84566204,0.18717943,0.20113548,0.80188360,0.25547643,1.12419122,0.63622741,-0.29420208,605,2023,0.42677399,2022,-0.21918899,0.50552629,0.29896783,,,0.49369945,0.05826795
VT TQQQ/BTAL t30 w0-80 QQQ:VOL_EWMA70,sens,sens_2021-01-04,2021-01-04,2026-01-02,false,true,0.70000000,0.30000000,0.80000000,,0.00078498,0.00244741,0.00054229,0.00185514,79977.06680000,40000.00000000,39977.06680000,0.99942667,0.20100044,0.22813107,0.77720559,0.29117700,1.08749078,0.50629327,-0.39700397,753,2023,0.65823733,2022,-0.34928839,0.43217610,0.19906006,,,0.56703892,0.18669424
VT TQQQ/BTAL t30 w0-80 QQQ:VOL_EWMA70 gate QQQ<SMA200,sens,sens_2021-01-04,2021-01-04,2026-01-02,false,true,0.70000000,0.30000000,0.80000000,QQQ<SMA200,0.04174299,0.36125408,0.04159054,0.36125408,76317.90930000,40000.00000000,36317.90930000,0.90794773,0.19483295,0.21230652,0.78207768,0.27796065,1.08842409,0.61573569,-0.31642303,752,2023,0.44711806,2022,-0.23598081,0.47335520,0.19906006,,,0.52596894,0.05825188
VT TQQQ/BTAL t35 w0-60 QQQ:VOL_EWMA70,sens,sens_2021-01-04,2021-01-04,2026-01-02,false,true,0.70000000,0.35000000,0.60000000,,0.00082437,0.00231395,0.00058963,0.00206310,78046.36030000,40000.00000000,38046.36030000,0.95115901,0.20082501,0.21986470,0.81583229,0.26958784,1.16983850,0.50726414,-0.39589831,563,2023,0.74431286,2022,-0.35723418,0.47091100,0.39907746,,,0.52826464,0.21826306
VT TQQQ/BTAL t35 w0-60 QQQ:VOL_EWMA70 gate QQQ<SMA200,sens,sens_2021-01-04,2021-01-04,2026-01-02,false,true,0.70000000,0.35000000,0.60000000,QQQ<SMA200,0.04776182,0.41832813,0.04758347,0.41832813,74579.98780000,40000.00000000,34579.98780000,0.86449970,0.19679919,0.20454954,0.86342800,0.24294291,1.23209019,0.68226712,-0.28844889,534,2023,0.49293167,2022,-0.22000598,0.51807172,0.39907746,,,0.48119256,0.07109548
VT TQQQ/BTAL t35 w0-70 QQQ:VOL_EWMA70,sens,sens_2021-01-04,2021-01-04,2026-01-02,false,true,0.70000000,0.35000000,0.70000000,,0.00081483,0.00337894,0.00057513,0.00183663,82548.83790000,40000.00000000,42548.83790000,1.06372095,0.21483661,0.23886791,0.80362554,0.29845331,1.14170943,0.51014348,-0.42112978,605,2023,0.79272057,2022,-0.37979997,0.42200854,0.29894338,,,0.57717663,0.21847486
VT TQQQ/BTAL t35 w0-70 QQQ:VOL_EWMA70 gate QQQ<SMA200,sens,sens_2021-01-04,2021-01-04,2026-01-02,false,true,0.70000000,0.35000000,0.70000000,QQQ<SMA200,0.04783411,0.41855178,0.04762789,0.41855178,78844.92040000,40000.00000000,38844.92040000,0.97112301,0.21068664,0.22330583,0.83594712,0.27468514,1.18121510,0.64899106,-0.32463719,573,2023,0.53450937,2022,-0.24763373,0.46916904,0.29894338,,,0.53007979,0.07087183
VT TQQQ/BTAL t35 w0-80 QQQ:VOL_EWMA70,sens,sens_2021-01-04,2021-01-04,2026-01-02,false,true,0.70000000,0.35000000,0.80000000,,0.00090075,0.00277834,0.00061796,0.00185530,86865.58340000,40000.00000000,46865.58340000,1.17163959,0.22532895,0.25623360,0.79164990,0.32405412,1.11585857,0.50277283,-0.44817248,753,2023,0.80474667,2022,-0.40267576,0.38141134,0.19898902,,,0.61768791,0.21763978
VT TQQQ/BTAL t35 w0-80 QQQ:VOL_EWMA70 gate QQQ<SMA200,sens,sens_2021-01-04,2021-01-04,2026-01-02,false,true,0.70000000,0.35000000,0.80000000,QQQ<SMA200,0.04803495,0.41938497,0.04783486,0.41938497,82983.95590000,40000.00000000,42983.95590000,1.07459890,0.22143486,0.24065471,0.81558080,0.30230436,1.14324635,0.62259836,-0.35566245,606,2023,0.54435737,2022,-0.27421565,0.42881075,0.19898902,,,0.57043180,0.07003865
VT TQQQ/BTAL t25 w0-60 QQQ:VOL_EWMA75,sens,sens_2021-01-04,2021-01-04,2026-01-02,false,true,0.75000000,0.25000000,0.60000000,,0.00086191,0.00260303,0.00061051,0.00198837,66944.59150000,40000.00000000,26944.59150000,0.67361479,0.15491074,0.16840132,0.77682276,0.21608963,1.09515798,0.53094974,-0.29176158,528,2023,0.46613150,2022,-0.25316856,0.55075340,0.39915200,,,0.44838469,0.16290643
VT TQQQ/BTAL t25 w0-60 QQQ:VOL_EWMA75 gate QQQ<SMA200,sens,sens_2021-01-04,2021-01-04,2026-01-02,false,true,0.75000000,0.25000000,0.60000000,QQQ<SMA200,0.03301426,0.29549605,0.03283011,0.29549605,65124.80400000,40000.00000000,25124.80400000,0.62812010,0.15129038,0.15923323,0.77706283,0.21041717,1.09024854,0.67201588,-0.22512918,528,2021,0.31994421,2022,-0.15703920,0.58313559,0.39915200,,,0.41611741,0.04921749
VT TQQQ/BTAL t25 w0-70 QQQ:VOL_EWMA75,sens,sens_2021-01-04,2021-01-04,2026-01-02,false,true,0.75000000,0.25000000,0.70000000,,0.00081081,0.00257709,0.00060323,0.00192323,70090.36340000,40000.00000000,30090.36340000,0.75225909,0.16793693,0.18372646,0.78252404,0.23414879,1.09601071,0.56457346,-0.29745806,605,2023,0.50345250,2022,-0.25369492,0.52239923,0.29944929,,,0.47678996,0.16341874
VT TQQQ/BTAL t25 w0-70 QQQ:VOL_EWMA75 gate QQQ<SMA200,sens,sens_2021-01-04,2021-01-04,2026-01-02,false,true,0.75000000,0.25000000,0.70000000,QQQ<SMA200,0.03285990,0.29509212,0.03268803,0.29509212,68201.54840000,40000.00000000,28201.54840000,0.70503871,0.16431847,0.17460192,0.78162993,0.22887605,1.09015948,0.70994663,-0.23145186,573,2023,0.34261153,2022,-0.15791275,0.55456191,0.29944929,,,0.44466144,0.04962141
VT TQQQ/BTAL t25 w0-80 QQQ:VOL_EWMA75,sens,sens_2021-01-04,2021-01-04,2026-01-02,false,true,0.75000000,0.25000000,0.80000000,,0.00084476,0.00240235,0.00062981,0.00192323,72504.76190000,40000.00000000,32504.76190000,0.81261905,0.17882283,0.19506998,0.79201703,0.24705760,1.10776657,0.59947121,-0.29830095,605,2023,0.54794550,2022,-0.25388553,0.50457858,0.19887335,,,0.49457665,0.16332143
VT TQQQ/BTAL t25 w0-80 QQQ:VOL_EWMA75 gate QQQ<SMA200,sens,sens_2021-01-04,2021-01-04,2026-01-02,false,true,0.75000000,0.25000000,0.80000000,QQQ<SMA200,0.03276297,0.29486603,0.03260097,0.29486603,70514.69690000,40000.00000000,30514.69690000,0.76286742,0.17495129,0.18574554,0.78968026,0.24206745,1.10024888,0.75105630,-0.23294032,602,2023,0.38200366,2022,-0.15868655,0.53672625,0.19887335,,,0.46254316,0.04984751
VT TQQQ/BTAL t30 w0-60 QQQ:VOL_EWMA75,sens,sens_2021-01-04,2021-01-04,2026-01-02,false,true,0.75000000,0.30000000,0.60000000,,0.00094636,0.00314043,0.00064663,0.00185343,71939.70040000,40000.00000000,31939.70040000,0.79849251,0.17714854,0.19244623,0.79296805,0.24386725,1.12714293,0.51064015,-0.34691462,561,2023,0.61077654,2022,-0.30945188,0.50545092,0.39868991,,,0.49360273,0.19618005
VT TQQQ/BTAL t30 w0-60 QQQ:VOL_EWMA75 gate QQQ<SMA200,sens,sens_2021-01-04,2021-01-04,2026-01-02,false,true,0.75000000,0.30000000,0.60000000,QQQ<SMA200,0.03882538,0.35239543,0.03861010,0.35239543,70103.08290000,40000.00000000,30103.08290000,0.75257707,0.17536167,0.18378715,0.82083421,0.22963707,1.16205297,0.65862843,-0.26625281,533,2023,0.41020548,2022,-0.19732085,0.54355176,0.39868991,,,0.45558877,0.06126081
VT TQQQ/BTAL t30 w0-70 QQQ:VOL_EWMA75,sens,sens_2021-01-04,2021-01-04,2026-01-02,false,true,0.75000000,0.30000000,0.70000000,,0.00089031,0.00347330,0.00063567,0.00206851,75759.31990000,40000.00000000,35759.31990000,0.89398300,0.18871352,0.20983089,0.78351478,0.26692018,1.10353760,0.51004776,-0.36999185,725,2023,0.62432420,2022,-0.32906234,0.46750130,0.29920312,,,0.53160839,0.19552521
VT TQQQ/BTAL t30 w0-70 QQQ:VOL_EWMA75 gate QQQ<SMA200,sens,sens_2021-01-04,2021-01-04,2026-01-02,false,true,0.75000000,0.30000000,0.70000000,QQQ<SMA200,0.03879852,0.35251846,0.03861104,0.35251846,73750.16490000,40000.00000000,33750.16490000,0.84375412,0.18664110,0.20078794,0.80330235,0.25398035,1.12659208,0.63819927,-0.29244957,605,2023,0.42161748,2022,-0.22026591,0.50569151,0.29920312,,,0.49355814,0.06113778
VT TQQQ/BTAL t30 w0-80 QQQ:VOL_EWMA75,sens,sens_2021-01-04,2021-01-04,2026-01-02,false,true,0.75000000,0.30000000,0.80000000,,0.00082448,0.00339211,0.00056977,0.00191554,79489.87655000,40000.00000000,39489.87655000,0.98724691,0.20259864,0.22606223,0.79015188,0.28629775,1.10701824,0.53803452,-0.37655323,731,2023,0.65768209,2022,-0.32921080,0.43682647,0.19914119,,,0.56234905,0.19568037
VT TQQQ/BTAL t30 w0-80 QQQ:VOL_EWMA75 gate QQQ<SMA200,sens,sens_2021-01-04,2021-01-04,2026-01-02,false,true,0.75000000,0.30000000,0.80000000,QQQ<SMA200,0.03873165,0.35223842,0.03851084,0.35223842,77418.94155000,40000.00000000,37418.94155000,0.93547354,0.20061864,0.21713873,0.80652698,0.27426179,1.12541099,0.66879598,-0.29996987,606,2023,0.45152451,2022,-0.22066259,0.47481065,0.19914119,,,0.52438344,0.06141782
VT TQQQ/BTAL t35 w0-60 QQQ:VOL_EWMA75,sens,sens_2021-01-04,2021-01-04,2026-01-02,false,true,0.75000000,0.35000000,0.60000000,,0.00089896,0.00233624,0.00062433,0.00177549,76722.05310000,40000.00000000,36722.05310000,0.91805133,0.19712470,0.21408749,0.80489838,0.26931437,1.15255301,0.50172579,-0.39289329,563,2023,0.74606344,2022,-0.35589013,0.47021573,0.39871990,,,0.52888531,0.22877898
VT TQQQ/BTAL t35 w0-60 QQQ:VOL_EWMA75 gate QQQ<SMA200,sens,sens_2021-01-04,2021-01-04,2026-01-02,false,true,0.75000000,0.35000000,0.60000000,QQQ<SMA200,0.04422292,0.40777858,0.04398139,0.40777858,74955.66810000,40000.00000000,34955.66810000,0.87389170,0.19753747,0.20624007,0.85960118,0.24545530,1.22763538,0.66689902,-0.29620297,535,2023,0.50063407,2022,-0.22868675,0.51361764,0.39871990,,,0.48546638,0.07482037
VT TQQQ/BTAL t35 w0-70 QQQ:VOL_EWMA75,sens,sens_2021-01-04,2021-01-04,2026-01-02,false,true,0.75000000,0.35000000,0.70000000,,0.00073182,0.00230993,0.00052136,0.00190090,81037.80630000,40000.00000000,41037.80630000,1.02594516,0.21005791,0.23259656,0.79293908,0.29691551,1.12462273,0.50232604,-0.41817046,606,2023,0.78102763,2022,-0.37877010,0.42316585,0.29871577,,,0.57610233,0.22854541
VT TQQQ/BTAL t35 w0-70 QQQ:VOL_EWMA75 gate QQQ<SMA200,sens,sens_2021-01-04,2021-01-04,2026-01-02,false,true,0.75000000,0.35000000,0.70000000,QQQ<SMA200,0.04411921,0.40831659,0.04395678,0.40831659,79160.87380000,40000.00000000,39160.87380000,0.97902185,0.21056474,0.22465867,0.83382052,0.27554832,1.17835293,0.63996057,-0.32902768,601,2023,0.52996118,2022,-0.25547921,0.46672059,0.29871577,,,0.53265593,0.07428236
VT TQQQ/BTAL t35 w0-80 QQQ:VOL_EWMA75,sens,sens_2021-01-04,2021-01-04,2026-01-02,false,true,0.75000000,0.35000000,0.80000000,,0.00075985,0.00251565,0.00054138,0.00181187,84987.80930000,40000.00000000,44987.80930000,1.12469523,0.21984732,0.24877669,0.78170923,0.32127062,1.10039274,0.49554800,-0.44364486,753,2023,0.79149316,2022,-0.39982918,0.38434057,0.19927983,,,0.61489958,0.22849676
VT TQQQ/BTAL t35 w0-80 QQQ:VOL_EWMA75 gate QQQ<SMA200,sens,sens_2021-01-04,2021-01-04,2026-01-02,false,true,0.75000000,0.35000000,0.80000000,QQQ<SMA200,0.04427446,0.40876433,0.04408895,0.40876433,82967.17930000,40000.00000000,42967.17930000,1.07417948,0.22023672,0.24058598,0.81351519,0.30159149,1.14058164,0.61436625,-0.35847790,752,2023,0.53844946,2022,-0.28079969,0.42794413,0.19927983,,,0.57130210,0.07383462
VT TQQQ/BTAL t25 w0-60 QQQ:VOL_EWMA80,sens,sens_2021-01-04,2021-01-04,2026-01-02,false,true,0.80000000,0.25000000,0.60000000,,0.00078210,0.00227169,0.00057963,0.00189186,66150.11460000,40000.00000000,26150.11460000,0.65375287,0.15391343,0.16442712,0.77962534,0.21347678,1.10014862,0.56004560,-0.27482302,532,2023,0.46246469,2022,-0.23725984,0.55372670,0.39879427,,,0.44549120,0.17302410
VT TQQQ/BTAL t25 w0-60 QQQ:VOL_EWMA80 gate QQQ<SMA200,sens,sens_2021-01-04,2021-01-04,2026-01-02,false,true,0.80000000,0.25000000,0.60000000,QQQ<SMA200,0.03017462,0.28778105,0.03000709,0.28778105,65425.52460000,40000.00000000,25425.52460000,0.63563811,0.15350889,0.16076429,0.79159431,0.20847671,1.11275128,0.71433881,-0.21489648,531,2021,0.31475943,2022,-0.14729469,0.58326413,0.39879427,,,0.41604337,0.05229408
VT TQQQ/BTAL t25 w0-70 QQQ:VOL_EWMA80,sens,sens_2021-01-04,2021-01-04,2026-01-02,false,true,0.80000000,0.25000000,0.70000000,,0.00083314,0.00239082,0.00057981,0.00202921,69275.61435000,40000.00000000,29275.61435000,0.73189036,0.16620754,0.17981834,0.78415359,0.23074941,1.09969506,0.59319582,-0.28019000,573,2023,0.50669901,2022,-0.23801336,0.52722906,0.29944754,,,0.47193781,0.17346103
VT TQQQ/BTAL t25 w0-70 QQQ:VOL_EWMA80 gate QQQ<SMA200,sens,sens_2021-01-04,2021-01-04,2026-01-02,false,true,0.80000000,0.25000000,0.70000000,QQQ<SMA200,0.03013410,0.28752973,0.02995905,0.28752973,68490.86685000,40000.00000000,28490.86685000,0.71227167,0.16568432,0.17601438,0.79367915,0.22607078,1.10920581,0.75030798,-0.22082175,573,2023,0.34944992,2022,-0.14836618,0.55673568,0.29944754,,,0.44250137,0.05254540
VT TQQQ/BTAL t25 w0-80 QQQ:VOL_EWMA80,sens,sens_2021-01-04,2021-01-04,2026-01-02,false,true,0.80000000,0.25000000,0.80000000,,0.00090353,0.00298454,0.00065386,0.00213868,71917.84685000,40000.00000000,31917.84685000,0.79794617,0.17817637,0.19234438,0.80401555,0.24074485,1.12860255,0.63711160,-0.27966273,573,2023,0.55091597,2022,-0.23736464,0.51331610,0.19960236,,,0.48578037,0.17303905
VT TQQQ/BTAL t25 w0-80 QQQ:VOL_EWMA80 gate QQQ<SMA200,sens,sens_2021-01-04,2021-01-04,2026-01-02,false,true,0.80000000,0.25000000,0.80000000,QQQ<SMA200,0.03013219,0.28738463,0.02994039,0.28738463,71098.74435000,40000.00000000,31098.74435000,0.77746861,0.17758537,0.18850660,0.81258295,0.23628121,1.13701400,0.80555318,-0.22045145,573,2023,0.38911629,2022,-0.14804422,0.54282221,0.19962706,,,0.45643758,0.05269050
VT TQQQ/BTAL t30 w0-60 QQQ:VOL_EWMA80,sens,sens_2021-01-04,2021-01-04,2026-01-02,false,true,0.80000000,0.30000000,0.60000000,,0.00077454,0.00299880,0.00054265,0.00207600,71160.10210000,40000.00000000,31160.10210000,0.77900255,0.17452011,0.18879547,0.78481291,0.24339915,1.11448049,0.50702020,-0.34420741,561,2023,0.60594462,2022,-0.30847787,0.50563594,0.39887161,,,0.49358952,0.20779556
VT TQQQ/BTAL t30 w0-60 QQQ:VOL_EWMA80 gate QQQ<SMA200,sens,sens_2021-01-04,2021-01-04,2026-01-02,false,true,0.80000000,0.30000000,0.60000000,QQQ<SMA200,0.03536684,0.34313502,0.03519334,0.34313502,70588.98960000,40000.00000000,30588.98960000,0.76472474,0.17600762,0.18609791,0.82021217,0.23081278,1.16143617,0.64753537,-0.27181159,533,2023,0.41090729,2022,-0.20646168,0.54044644,0.39887161,,,0.45887574,0.06495513
VT TQQQ/BTAL t30 w0-70 QQQ:VOL_EWMA80,sens,sens_2021-01-04,2021-01-04,2026-01-02,false,true,0.80000000,0.30000000,0.70000000,,0.00087477,0.00258670,0.00061062,0.00197674,74843.40710000,40000.00000000,34843.40710000,0.87108518,0.18858795,0.20573571,0.78998521,0.26341419,1.11372198,0.53692249,-0.35123868,605,2023,0.61966138,2022,-0.31097484,0.47072282,0.29865187,,,0.52840240,0.20773393
VT TQQQ/BTAL t30 w0-70 QQQ:VOL_EWMA80 gate QQQ<SMA200,sens,sens_2021-01-04,2021-01-04,2026-01-02,false,true,0.80000000,0.30000000,0.70000000,QQQ<SMA200,0.03531117,0.34291118,0.03513048,0.34291118,74285.71210000,40000.00000000,34285.71210000,0.85714280,0.19024291,0.20321994,0.81999751,0.25185095,1.15259933,0.68075861,-0.27945722,601,2023,0.42276843,2022,-0.20918025,0.50549373,0.29865187,,,0.49383364,0.06517897
VT TQQQ/BTAL t30 w0-80 QQQ:VOL_EWMA80,sens,sens_2021-01-04,2021-01-04,2026-01-02,false,true,0.80000000,0.30000000,0.80000000,,0.00080015,0.00259664,0.00057105,0.00183580,78676.34950000,40000.00000000,38676.34950000,0.96690874,0.20181993,0.22258205,0.79462824,0.28249670,1.11413553,0.56467826,-0.35740694,605,2023,0.66253318,2022,-0.31044949,0.44136662,0.19900531,,,0.55783322,0.20819973
VT TQQQ/BTAL t30 w0-80 QQQ:VOL_EWMA80 gate QQQ<SMA200,sens,sens_2021-01-04,2021-01-04,2026-01-02,false,true,0.80000000,0.30000000,0.80000000,QQQ<SMA200,0.03520352,0.34260583,0.03502685,0.34260583,78020.16200000,40000.00000000,38020.16200000,0.95050405,0.20314533,0.21975127,0.81919928,0.27174451,1.14511490,0.70772768,-0.28703883,605,2023,0.46060608,2022,-0.20954925,0.47598042,0.19900531,,,0.52333421,0.06548432
VT TQQQ/BTAL t35 w0-60 QQQ:VOL_EWMA80,sens,sens_2021-01-04,2021-01-04,2026-01-02,false,true,0.80000000,0.35000000,0.60000000,,0.00088229,0.00253415,0.00062684,0.00161636,75633.29250000,40000.00000000,35633.29250000,0.89083231,0.19430194,0.20927006,0.79495578,0.26990641,1.13709084,0.49887523,-0.38948002,563,2023,0.75549086,2022,-0.35372613,0.46885592,0.39894884,,,0.53026179,0.24261304
VT TQQQ/BTAL t35 w0-60 QQQ:VOL_EWMA80 gate QQQ<SMA200,sens,sens_2021-01-04,2021-01-04,2026-01-02,false,true,0.80000000,0.35000000,0.60000000,QQQ<SMA200,0.04017918,0.39697049,0.03998258,0.39697049,75412.15250000,40000.00000000,35412.15250000,0.88530381,0.19837067,0.20828394,0.85353472,0.24905919,1.21961307,0.65033542,-0.30502824,535,2023,0.51416861,2022,-0.23843303,0.50843314,0.39894884,,,0.49082682,0.07913468
VT TQQQ/BTAL t35 w0-70 QQQ:VOL_EWMA80,sens,sens_2021-01-04,2021-01-04,2026-01-02,false,true,0.80000000,0.35000000,0.70000000,,0.00082004,0.00242499,0.00058370,0.00189685,80046.71050000,40000.00000000,40046.71050000,1.00116776,0.20713819,0.22842588,0.78607922,0.29612738,1.11386201,0.49968030,-0.41454144,606,2023,0.77505446,2022,-0.37696862,0.42330979,0.29881325,,,0.57587018,0.24282403
VT TQQQ/BTAL t35 w0-70 QQQ:VOL_EWMA80 gate QQQ<SMA200,sens,sens_2021-01-04,2021-01-04,2026-01-02,false,true,0.80000000,0.35000000,0.70000000,QQQ<SMA200,0.04026173,0.39741737,0.04007790,0.39741737,79842.73050000,40000.00000000,39842.73050000,0.99606826,0.21150178,0.22756174,0.83317229,0.27725862,1.17814837,0.63257743,-0.33434924,605,2023,0.53081774,2022,-0.26498856,0.46293313,0.29881325,,,0.53633340,0.07868781
VT TQQQ/BTAL t35 w0-80 QQQ:VOL_EWMA80,sens,sens_2021-01-04,2021-01-04,2026-01-02,false,true,0.80000000,0.35000000,0.80000000,,0.00076725,0.00232359,0.00054049,0.00185513,83972.39100000,40000.00000000,43972.39100000,1.09930978,0.22068375,0.24468271,0.79043773,0.31675596,1.11367500,0.52204070,-0.42273283,752,2023,0.78601012,2022,-0.37942740,0.38801768,0.19912333,,,0.61121506,0.24261455
VT TQQQ/BTAL t35 w0-80 QQQ:VOL_EWMA80 gate QQQ<SMA200,sens,sens_2021-01-04,2021-01-04,2026-01-02,false,true,0.80000000,0.35000000,0.80000000,QQQ<SMA200,0.04019871,0.39724038,0.04003813,0.39724038,83784.37350000,40000.00000000,43784.37350000,1.09460934,0.22515321,0.24391980,0.83112668,0.29915602,1.16815963,0.65503199,-0.34372856,605,2023,0.54067798,2022,-0.26790516,0.42768521,0.19912333,,,0.57167094,0.07886480
VT TQQQ/BTAL t25 w0-60 QQQ:VOL_EWMA85,sens,sens_2021-01-04,2021-01-04,2026-01-02,false,true,0.85000000,0.25000000,0.60000000,,0.00082544,0.00249066,0.00058046,0.00197621,65358.56220000,40000.00000000,25358.56220000,0.63396406,0.15216883,0.16042392,0.77764784,0.21153166,1.09840785,0.58346111,-0.26080373,520,2023,0.46951345,2022,-0.22357532,0.55651864,0.39861600,,,0.44265592,0.18649801
VT TQQQ/BTAL t25 w0-60 QQQ:VOL_EWMA85 gate QQQ<SMA200,sens,sens_2021-01-04,2021-01-04,2026-01-02,false,true,0.85000000,0.25000000,0.60000000,QQQ<SMA200,0.02778307,0.27789578,0.02758609,0.27789578,64606.46220000,40000.00000000,24606.46220000,0.61516155,0.15045430,0.15657895,0.78267304,0.20707792,1.10174573,0.71528346,-0.21034220,530,2023,0.32121228,2022,-0.14374422,0.58366248,0.39861600,,,0.41558146,0.05655305
VT TQQQ/BTAL t25 w0-70 QQQ:VOL_EWMA85,sens,sens_2021-01-04,2021-01-04,2026-01-02,false,true,0.85000000,0.25000000,0.70000000,,0.00081768,0.00278143,0.00055384,0.00175662,68496.37270000,40000.00000000,28496.37270000,0.71240932,0.16478679,0.17604120,0.78954004,0.22633039,1.11052408,0.62711229,-0.26277079,570,2023,0.51388494,2022,-0.22356453,0.53387692,0.29946431,,,0.46530540,0.18685511
VT TQQQ/BTAL t25 w0-70 QQQ:VOL_EWMA85 gate QQQ<SMA200,sens,sens_2021-01-04,2021-01-04,2026-01-02,false,true,0.85000000,0.25000000,0.70000000,QQQ<SMA200,0.02784798,0.27808666,0.02763350,0.27808666,67708.43770000,40000.00000000,27708.43770000,0.69271094,0.16312159,0.17218192,0.79360482,0.22219924,1.11280616,0.76977698,-0.21190759,570,2023,0.36068084,2022,-0.14310617,0.56103717,0.29970116,,,0.43820573,0.05636217
VT TQQQ/BTAL t25 w0-80 QQQ:VOL_EWMA85,sens,sens_2021-01-04,2021-01-04,2026-01-02,false,true,0.85000000,0.25000000,0.80000000,,0.00081008,0.00278143,0.00054497,0.00176454,70603.26270000,40000.00000000,30603.26270000,0.76508157,0.17418275,0.18616556,0.80346709,0.23492475,1.13083593,0.66304725,-0.26270036,570,2023,0.55140261,2022,-0.22341992,0.52272862,0.19983511,,,0.47646130,0.18682528
VT TQQQ/BTAL t25 w0-80 QQQ:VOL_EWMA85 gate QQQ<SMA200,sens,sens_2021-01-04,2021-01-04,2026-01-02,false,true,0.85000000,0.25000000,0.80000000,QQQ<SMA200,0.02773898,0.27780356,0.02755824,0.27780356,69793.57770000,40000.00000000,29793.57770000,0.74483944,0.17248341,0.18230767,0.80707815,0.23092201,1.13269947,0.81299011,-0.21215930,570,2023,0.39508178,2022,-0.14342788,0.54990063,0.19977714,,,0.44942594,0.05664527
VT TQQQ/BTAL t30 w0-60 QQQ:VOL_EWMA85,sens,sens_2021-01-04,2021-01-04,2026-01-02,false,true,0.85000000,0.30000000,0.60000000,,0.00078590,0.00291320,0.00054109,0.00196355,70394.40290000,40000.00000000,30394.40290000,0.75986007,0.17443672,0.18517428,0.78760814,0.24201177,1.11968371,0.52918600,-0.32963216,535,2023,0.60646895,2022,-0.29401291,0.50648120,0.39905035,,,0.49273290,0.22376119
VT TQQQ/BTAL t30 w0-60 QQQ:VOL_EWMA85 gate QQQ<SMA200,sens,sens_2021-01-04,2021-01-04,2026-01-02,false,true,0.85000000,0.30000000,0.60000000,QQQ<SMA200,0.03253166,0.33115371,0.03236564,0.33115371,69621.77040000,40000.00000000,29621.77040000,0.74054426,0.17367067,0.18148383,0.81108883,0.23099123,1.15029350,0.65216188,-0.26629994,535,2023,0.41817322,2022,-0.20355344,0.53845513,0.39905035,,,0.46089653,0.07018488
VT TQQQ/BTAL t30 w0-70 QQQ:VOL_EWMA85,sens,sens_2021-01-04,2021-01-04,2026-01-02,false,true,0.85000000,0.30000000,0.70000000,,0.00086557,0.00307808,0.00059204,0.00188030,73696.05990000,40000.00000000,33696.05990000,0.84240150,0.18636590,0.20054135,0.78748205,0.26108563,1.11073886,0.55706256,-0.33455111,573,2023,0.62437720,2022,-0.29460560,0.47364020,0.29894049,,,0.52549424,0.22358740
VT TQQQ/BTAL t30 w0-70 QQQ:VOL_EWMA85 gate QQQ<SMA200,sens,sens_2021-01-04,2021-01-04,2026-01-02,false,true,0.85000000,0.30000000,0.70000000,QQQ<SMA200,0.03255381,0.33110160,0.03238087,0.33110160,72902.80740000,40000.00000000,32902.80740000,0.82257019,0.18569889,0.19690711,0.80682904,0.25090003,1.13501985,0.68483944,-0.27115683,573,2023,0.43343534,2022,-0.20354899,0.50563030,0.29894049,,,0.49365556,0.07023699
VT TQQQ/BTAL t30 w0-80 QQQ:VOL_EWMA85,sens,sens_2021-01-04,2021-01-04,2026-01-02,false,true,0.85000000,0.30000000,0.80000000,,0.00080198,0.00281570,0.00057424,0.00186903,77678.21740000,40000.00000000,37678.21740000,0.94195543,0.20029591,0.21826762,0.79860389,0.27783744,1.12227063,0.58890993,-0.34011298,573,2023,0.67188329,2022,-0.29441841,0.44776557,0.19928053,,,0.55143245,0.22425812
VT TQQQ/BTAL t30 w0-80 QQQ:VOL_EWMA85 gate QQQ<SMA200,sens,sens_2021-01-04,2021-01-04,2026-01-02,false,true,0.85000000,0.30000000,0.80000000,QQQ<SMA200,0.03245578,0.33074430,0.03227977,0.33074430,76814.78240000,40000.00000000,36814.78240000,0.92036956,0.19945754,0.21449493,0.81475108,0.26827000,1.14202714,0.71787662,-0.27784377,601,2023,0.47593427,2022,-0.20420884,0.47957741,0.19928053,,,0.51968765,0.07059430
VT TQQQ/BTAL t35 w0-60 QQQ:VOL_EWMA85,sens,sens_2021-01-04,2021-01-04,2026-01-02,false,true,0.85000000,0.35000000,0.60000000,,0.00076099,0.00238063,0.00052665,0.00167754,74491.73240000,40000.00000000,34491.73240000,0.86229331,0.19049277,0.20415128,0.78042920,0.27131944,1.11443516,0.49150822,-0.38756782,535,2023,0.76321551,2022,-0.35238414,0.46695926,0.39915200,,,0.53227974,0.26165802
VT TQQQ/BTAL t35 w0-60 QQQ:VOL_EWMA85 gate QQQ<SMA200,sens,sens_2021-01-04,2021-01-04,2026-01-02,false,true,0.85000000,0.35000000,0.60000000,QQQ<SMA200,0.03697804,0.38291525,0.03679443,0.38291525,73771.86740000,40000.00000000,33771.86740000,0.84429669,0.19101703,0.20088680,0.81897311,0.25334068,1.16825040,0.60375084,-0.31638388,535,2023,0.52892173,2022,-0.25233382,0.50334290,0.39915200,,,0.49600079,0.08531312
VT TQQQ/BTAL t35 w0-70 QQQ:VOL_EWMA85,sens,sens_2021-01-04,2021-01-04,2026-01-02,false,true,0.85000000,0.35000000,0.70000000,,0.00090213,0.00262207,0.00062750,0.00181865,79105.14790000,40000.00000000,39105.14790000,0.97762870,0.20726518,0.22442042,0.78957780,0.29423219,1.11975145,0.52054194,-0.39817190,601,2023,0.77615553,2022,-0.36098805,0.42423715,0.29875458,,,0.57486072,0.26108172
VT TQQQ/BTAL t35 w0-70 QQQ:VOL_EWMA85 gate QQQ<SMA200,sens,sens_2021-01-04,2021-01-04,2026-01-02,false,true,0.85000000,0.35000000,0.70000000,QQQ<SMA200,0.03687728,0.38251650,0.03670405,0.38251650,78318.20290000,40000.00000000,38318.20290000,0.95795507,0.20766784,0.22103966,0.82060614,0.27779532,1.16178726,0.63185224,-0.32866520,601,2023,0.54070241,2022,-0.26280471,0.46050802,0.29875458,,,0.53875854,0.08571186
VT TQQQ/BTAL t35 w0-80 QQQ:VOL_EWMA85,sens,sens_2021-01-04,2021-01-04,2026-01-02,false,true,0.85000000,0.35000000,0.80000000,,0.00069209,0.00177287,0.00049137,0.00138366,82488.63790000,40000.00000000,42488.63790000,1.06221595,0.21847534,0.23862003,0.78868466,0.31407588,1.11146046,0.54022581,-0.40441485,605,2023,0.78849698,2022,-0.36116127,0.39100122,0.19916367,,,0.60830669,0.26147341
VT TQQQ/BTAL t35 w0-80 QQQ:VOL_EWMA85 gate QQQ<SMA200,sens,sens_2021-01-04,2021-01-04,2026-01-02,false,true,0.85000000,0.35000000,0.80000000,QQQ<SMA200,0.03683021,0.38258619,0.03669200,0.38258619,81679.10790000,40000.00000000,41679.10790000,1.04197770,0.21892782,0.23527091,0.81482959,0.29867360,1.14589148,0.65283770,-0.33534801,605,2023,0.55106022,2022,-0.26271038,0.42737798,0.19916367,,,0.57205399,0.08564218
50/50,sens,sens_2021-01-04,2021-01-04,2026-01-02,true,true,,,,,0.00080981,0.00233960,0.00057278,0.00180747,62045.35990000,40000.00000000,22045.35990000,0.55113400,0.12475879,0.14317069,0.56449942,0.27685863,0.79858956,0.27769076,-0.44927239,757,2023,0.65038505,2022,-0.42878529,0.49962416,0.49881170,,,0.49956603,0.49819253
TQQQ60/BTAL40,sens,sens_2021-01-04,2021-01-04,2026-01-02,true,true,,,,,0.00094187,0.00335850,0.00066432,0.00192464,69064.28160000,40000.00000000,29064.28160000,0.72660704,0.14967075,0.17879781,0.57447588,0.35065327,0.81344012,0.27498875,-0.54427952,774,2023,0.87173192,2022,-0.52149331,0.39959135,0.39852323,,,0.59946678,0.59807536
TQQQ50/BTAL50 gate QQQ<SMA200,sens,sens_2021-01-04,2021-01-04,2026-01-02,true,true,,,,,0.05837017,0.39720098,0.05819527,0.39720098,63478.16740000,40000.00000000,23478.16740000,0.58695419,0.14324372,0.15073316,0.71095191,0.22426559,1.01184413,0.45551070,-0.31446840,683,2023,0.42580466,2022,-0.26320988,0.55742370,0.49881170,,,0.44187845,0.10279902
SPY benchmark,sens,sens_2021-01-04,2021-01-04,2026-01-02,true,true,,,,,0.01003485,0.03222498,0.01003485,0.03222498,61790.45000000,40000.00000000,21790.45000000,0.54476125,0.13025299,0.14180847,0.80793172,0.16979324,1.17020831,0.52044139,-0.25027408,724,2021,0.28195412,2022,-0.19130402,,,0.98996515,0.96777502,,
VT TQQQ/BTAL t25 w0-60 QQQ:VOL_EWMA70,sens,sens_2021-07-06,2021-07-06,2026-07-02,false,true,0.70000000,0.25000000,0.60000000,,0.00092449,0.00340900,0.00069672,0.00284700,63482.70500000,40000.00000000,23482.70500000,0.58706763,0.13233264,0.15098611,0.68607538,0.21585006,0.95466978,0.43627959,-0.30332072,560,2023,0.47485338,2022,-0.26231639,0.54856934,0.39943800,,,0.45050617,0.15487667
VT TQQQ/BTAL t25 w0-60 QQQ:VOL_EWMA70 gate QQQ<SMA200,sens,sens_2021-07-06,2021-07-06,2026-07-02,false,true,0.70000000,0.25000000,0.60000000,QQQ<SMA200,0.03624990,0.30672719,0.03608893,0.30672719,60812.89500000,40000.00000000,20812.89500000,0.52032237,0.12608079,0.13674377,0.67355421,0.20966531,0.93097061,0.55162290,-0.22856337,528,2023,0.31115641,2022,-0.15665074,0.58422150,0.39934907,,,0.41503414,0.04286111
VT TQQQ/BTAL t25 w0-70 QQQ:VOL_EWMA70,sens,sens_2021-07-06,2021-07-06,2026-07-02,false,true,0.70000000,0.25000000,0.70000000,,0.00090607,0.00351175,0.00067950,0.00260353,65618.89250000,40000.00000000,25618.89250000,0.64047231,0.13924500,0.16199134,0.67492767,0.23491085,0.93208608,0.44200001,-0.31503393,725,2023,0.50474287,2022,-0.27057205,0.52146153,0.29872500,,,0.47763240,0.15488891
VT TQQQ/BTAL t25 w0-70 QQQ:VOL_EWMA70 gate QQQ<SMA200,sens,sens_2021-07-06,2021-07-06,2026-07-02,false,true,0.70000000,0.25000000,0.70000000,QQQ<SMA200,0.03632668,0.30689279,0.03614567,0.30689279,62842.43750000,40000.00000000,22842.43750000,0.57106094,0.13292950,0.14762143,0.66144462,0.22930219,0.90808973,0.55054491,-0.24145078,605,2023,0.33718565,2022,-0.16583195,0.55714560,0.29872500,,,0.44210590,0.04269551
VT TQQQ/BTAL t25 w0-80 QQQ:VOL_EWMA70,sens,sens_2021-07-06,2021-07-06,2026-07-02,false,true,0.70000000,0.25000000,0.80000000,,0.00101814,0.00328389,0.00070455,0.00291396,67550.61250000,40000.00000000,27550.61250000,0.68876531,0.14901921,0.17166461,0.68473206,0.24917568,0.94398274,0.46994247,-0.31710097,725,2023,0.54863716,2022,-0.27088094,0.50302660,0.19955184,,,0.49595525,0.15605567
VT TQQQ/BTAL t25 w0-80 QQQ:VOL_EWMA70 gate QQQ<SMA200,sens,sens_2021-07-06,2021-07-06,2026-07-02,false,true,0.70000000,0.25000000,0.80000000,QQQ<SMA200,0.03639485,0.30676757,0.03620641,0.30676757,64708.85750000,40000.00000000,24708.85750000,0.61772144,0.14276235,0.15734373,0.67190414,0.24381529,0.92145196,0.58649202,-0.24341737,605,2023,0.37650183,2022,-0.16599299,0.53870203,0.19941752,,,0.46041041,0.04282072
VT TQQQ/BTAL t30 w0-60 QQQ:VOL_EWMA70,sens,sens_2021-07-06,2021-07-06,2026-07-02,false,true,0.70000000,0.30000000,0.60000000,,0.00093078,0.00340900,0.00068360,0.00284700,69198.87500000,40000.00000000,29198.87500000,0.72997188,0.15637418,0.17972097,0.72297705,0.24239302,1.01924142,0.44787539,-0.34914663,528,2023,0.62052631,2022,-0.30978256,0.50497597,0.39923675,,,0.49409325,0.18601528
VT TQQQ/BTAL t30 w0-60 QQQ:VOL_EWMA70 gate QQQ<SMA200,sens,sens_2021-07-06,2021-07-06,2026-07-02,false,true,0.70000000,0.30000000,0.60000000,QQQ<SMA200,0.04285931,0.36652658,0.04269079,0.36652658,66140.01000000,40000.00000000,26140.01000000,0.65350025,0.15151698,0.16462624,0.73844703,0.22659022,1.03359606,0.58612449,-0.25850647,525,2023,0.41116488,2022,-0.18416531,0.54720898,0.39923675,,,0.45202567,0.05297938
VT TQQQ/BTAL t30 w0-70 QQQ:VOL_EWMA70,sens,sens_2021-07-06,2021-07-06,2026-07-02,false,true,0.70000000,0.30000000,0.70000000,,0.00083699,0.00320636,0.00061519,0.00258733,73091.62500000,40000.00000000,33091.62500000,0.82729062,0.16462932,0.19807624,0.70077938,0.27076588,0.97791212,0.43657716,-0.37709101,725,2023,0.63486374,2022,-0.33452443,0.46501647,0.29867271,,,0.53414654,0.18638183
VT TQQQ/BTAL t30 w0-70 QQQ:VOL_EWMA70 gate QQQ<SMA200,sens,sens_2021-07-06,2021-07-06,2026-07-02,false,true,0.70000000,0.30000000,0.70000000,QQQ<SMA200,0.04277581,0.36661612,0.04262341,0.36661612,69789.37750000,40000.00000000,29789.37750000,0.74473444,0.15956127,0.18256476,0.70772409,0.25669480,0.98107348,0.54831872,-0.29100095,602,2023,0.42363717,2022,-0.21387516,0.50719475,0.29867271,,,0.49209660,0.05288983
VT TQQQ/BTAL t30 w0-80 QQQ:VOL_EWMA70,sens,sens_2021-07-06,2021-07-06,2026-07-02,false,true,0.70000000,0.30000000,0.80000000,,0.00087398,0.00289202,0.00063918,0.00252964,75161.65000000,40000.00000000,35161.65000000,0.87904125,0.16824758,0.20747892,0.68017098,0.29282377,0.94212881,0.42414918,-0.39667077,753,2023,0.65811605,2022,-0.34887268,0.43553624,0.19912468,,,0.56358978,0.18708860
VT TQQQ/BTAL t30 w0-80 QQQ:VOL_EWMA70 gate QQQ<SMA200,sens,sens_2021-07-06,2021-07-06,2026-07-02,false,true,0.70000000,0.30000000,0.80000000,QQQ<SMA200,0.04297916,0.36736559,0.04283717,0.36736559,71789.51750000,40000.00000000,31789.51750000,0.79473794,0.16352074,0.19203738,0.68389274,0.27987144,0.94147673,0.52386865,-0.31214073,731,2023,0.44349803,2022,-0.22939310,0.47794470,0.19912468,,,0.52131713,0.05214036
VT TQQQ/BTAL t35 w0-60 QQQ:VOL_EWMA70,sens,sens_2021-07-06,2021-07-06,2026-07-02,false,true,0.70000000,0.35000000,0.60000000,,0.00094723,0.00340900,0.00069063,0.00284700,74524.56000000,40000.00000000,34524.56000000,0.86311400,0.17548111,0.20461028,0.74428783,0.26535342,1.05881913,0.44357859,-0.39560320,563,2023,0.74386854,2022,-0.35684551,0.47261256,0.39927664,,,0.52644020,0.21764467
VT TQQQ/BTAL t35 w0-60 QQQ:VOL_EWMA70 gate QQQ<SMA200,sens,sens_2021-07-06,2021-07-06,2026-07-02,false,true,0.70000000,0.35000000,0.60000000,QQQ<SMA200,0.04917286,0.42540533,0.04899937,0.42540533,71164.49750000,40000.00000000,31164.49750000,0.77911244,0.17273313,0.18910332,0.79024906,0.23838162,1.11639425,0.60824552,-0.28398586,533,2023,0.48856932,2022,-0.21285076,0.52124360,0.39927664,,,0.47803564,0.06401828
VT TQQQ/BTAL t35 w0-70 QQQ:VOL_EWMA70,sens,sens_2021-07-06,2021-07-06,2026-07-02,false,true,0.70000000,0.35000000,0.70000000,,0.00088250,0.00283462,0.00062494,0.00229120,78938.44000000,40000.00000000,38938.44000000,0.97346100,0.18589558,0.22404730,0.72174465,0.29930932,1.01714931,0.44166161,-0.42090048,605,2023,0.79255159,2022,-0.37954226,0.42243551,0.29867271,,,0.57668199,0.21731457
VT TQQQ/BTAL t35 w0-70 QQQ:VOL_EWMA70 gate QQQ<SMA200,sens,sens_2021-07-06,2021-07-06,2026-07-02,false,true,0.70000000,0.35000000,0.70000000,QQQ<SMA200,0.04905748,0.42573904,0.04889906,0.42573904,75307.77000000,40000.00000000,35307.77000000,0.88269425,0.18291012,0.20813376,0.74977695,0.27573587,1.04947178,0.56983875,-0.32098574,573,2023,0.53005336,2022,-0.24144937,0.47096775,0.29867271,,,0.52832156,0.06368457
VT TQQQ/BTAL t35 w0-80 QQQ:VOL_EWMA70,sens,sens_2021-07-06,2021-07-06,2026-07-02,false,true,0.70000000,0.35000000,0.80000000,,0.00089997,0.00276671,0.00064409,0.00200360,83208.23500000,40000.00000000,43208.23500000,1.08020587,0.19344757,0.24194043,0.70483006,0.32887799,0.98601683,0.43204558,-0.44774805,753,2023,0.80488016,2022,-0.40219273,0.38187976,0.19912468,,,0.61722028,0.21839247
VT TQQQ/BTAL t35 w0-80 QQQ:VOL_EWMA70 gate QQQ<SMA200,sens,sens_2021-07-06,2021-07-06,2026-07-02,false,true,0.70000000,0.35000000,0.80000000,QQQ<SMA200,0.04929630,0.42675034,0.04913944,0.42675034,79371.64000000,40000.00000000,39371.64000000,0.98429100,0.19076429,0.22590179,0.72431645,0.30758911,1.00680228,0.54206143,-0.35192375,605,2023,0.53951468,2022,-0.26777912,0.43066030,0.19912468,,,0.56862325,0.06267328
VT TQQQ/BTAL t25 w0-60 QQQ:VOL_EWMA75,sens,sens_2021-07-06,2021-07-06,2026-07-02,false,true,0.75000000,0.25000000,0.60000000,,0.00088190,0.00340900,0.00063108,0.00284700,62662.87750000,40000.00000000,22662.87750000,0.56657194,0.13023796,0.14667217,0.68421756,0.21274481,0.95138349,0.44577017,-0.29216391,528,2023,0.46609968,2022,-0.25352602,0.55199962,0.39935543,,,0.44711847,0.16326571
VT TQQQ/BTAL t25 w0-60 QQQ:VOL_EWMA75 gate QQQ<SMA200,sens,sens_2021-07-06,2021-07-06,2026-07-02,false,true,0.75000000,0.25000000,0.60000000,QQQ<SMA200,0.03378709,0.29958405,0.03361221,0.29958405,61015.43750000,40000.00000000,21015.43750000,0.52538594,0.12738505,0.13784421,0.68451883,0.20727232,0.94654566,0.57155284,-0.22287537,528,2023,0.30662050,2022,-0.15311941,0.58511729,0.39943800,,,0.41411492,0.04512949
VT TQQQ/BTAL t25 w0-70 QQQ:VOL_EWMA75,sens,sens_2021-07-06,2021-07-06,2026-07-02,false,true,0.75000000,0.25000000,0.70000000,,0.00084430,0.00307642,0.00060855,0.00189664,65295.88250000,40000.00000000,25295.88250000,0.63239706,0.14113059,0.16034849,0.69286263,0.22934480,0.95828551,0.47460093,-0.29736687,605,2023,0.50333524,2022,-0.25373955,0.52667524,0.29870832,,,0.47248047,0.16304286
VT TQQQ/BTAL t25 w0-70 QQQ:VOL_EWMA75 gate QQQ<SMA200,sens,sens_2021-07-06,2021-07-06,2026-07-02,false,true,0.75000000,0.25000000,0.70000000,QQQ<SMA200,0.03375715,0.29965970,0.03360537,0.29965970,63613.90000000,40000.00000000,23613.90000000,0.59034750,0.13854076,0.15167171,0.69335767,0.22422109,0.95439067,0.60744143,-0.22807262,573,2023,0.34018835,2022,-0.15259280,0.55981194,0.29870832,,,0.43942144,0.04505383
VT TQQQ/BTAL t25 w0-80 QQQ:VOL_EWMA75,sens,sens_2021-07-06,2021-07-06,2026-07-02,false,true,0.75000000,0.25000000,0.80000000,,0.00097544,0.00320836,0.00071760,0.00284595,67371.73750000,40000.00000000,27371.73750000,0.68429344,0.15175447,0.17077956,0.70797222,0.24176446,0.97893650,0.51074163,-0.29712571,605,2023,0.54705412,2022,-0.25256227,0.51033095,0.19963822,,,0.48869361,0.16256494
VT TQQQ/BTAL t25 w0-80 QQQ:VOL_EWMA75 gate QQQ<SMA200,sens,sens_2021-07-06,2021-07-06,2026-07-02,false,true,0.75000000,0.25000000,0.80000000,QQQ<SMA200,0.03382869,0.29955777,0.03365029,0.29955777,65636.74750000,40000.00000000,25636.74750000,0.64091869,0.14900646,0.16208193,0.70725845,0.23701637,0.97371511,0.65175578,-0.22862314,573,2023,0.37960395,2022,-0.15237254,0.54342601,0.19937251,,,0.45577007,0.04515576
VT TQQQ/BTAL t30 w0-60 QQQ:VOL_EWMA75,sens,sens_2021-07-06,2021-07-06,2026-07-02,false,true,0.75000000,0.30000000,0.60000000,,0.00093414,0.00360640,0.00068492,0.00284700,68749.23750000,40000.00000000,28749.23750000,0.71873094,0.15431602,0.17754073,0.71835114,0.24099758,1.01133529,0.44473997,-0.34698032,561,2023,0.61066215,2022,-0.30956595,0.50588275,0.39943800,,,0.49318311,0.19600161
VT TQQQ/BTAL t30 w0-60 QQQ:VOL_EWMA75 gate QQQ<SMA200,sens,sens_2021-07-06,2021-07-06,2026-07-02,false,true,0.75000000,0.30000000,0.60000000,QQQ<SMA200,0.03982531,0.35786166,0.03966131,0.35786166,66983.13000000,40000.00000000,26983.13000000,0.67457825,0.15348285,0.16884937,0.74563379,0.22675077,1.04417228,0.58384989,-0.26288066,532,2023,0.40711933,2022,-0.19185541,0.54501470,0.39943800,,,0.45413369,0.05579458
VT TQQQ/BTAL t30 w0-70 QQQ:VOL_EWMA75,sens,sens_2021-07-06,2021-07-06,2026-07-02,false,true,0.75000000,0.30000000,0.70000000,,0.00088261,0.00219256,0.00065387,0.00187037,71946.70500000,40000.00000000,31946.70500000,0.79866762,0.16143159,0.19277162,0.69591514,0.26738292,0.96990749,0.43672828,-0.36963851,725,2023,0.62376995,2022,-0.32867900,0.46851128,0.29867271,,,0.53060611,0.19521634
VT TQQQ/BTAL t30 w0-70 QQQ:VOL_EWMA75 gate QQQ<SMA200,sens,sens_2021-07-06,2021-07-06,2026-07-02,false,true,0.75000000,0.30000000,0.70000000,QQQ<SMA200,0.03975114,0.35822562,0.03960531,0.35822562,70047.03250000,40000.00000000,30047.03250000,0.75117581,0.16038608,0.18379875,0.71403505,0.25471140,0.98995506,0.55457458,-0.28920560,605,2023,0.41829960,2022,-0.21480322,0.50767194,0.29867271,,,0.49158307,0.05543062
VT TQQQ/BTAL t30 w0-80 QQQ:VOL_EWMA75,sens,sens_2021-07-06,2021-07-06,2026-07-02,false,true,0.75000000,0.30000000,0.80000000,,0.00084468,0.00287366,0.00059613,0.00251495,74981.83250000,40000.00000000,34981.83250000,0.87454581,0.17170159,0.20667148,0.70042782,0.28555490,0.97132241,0.45578264,-0.37671814,731,2023,0.65772135,2022,-0.32939927,0.44128732,0.19912468,,,0.55786800,0.19553164
VT TQQQ/BTAL t30 w0-80 QQQ:VOL_EWMA75 gate QQQ<SMA200,sens,sens_2021-07-06,2021-07-06,2026-07-02,false,true,0.75000000,0.30000000,0.80000000,QQQ<SMA200,0.03966839,0.35816667,0.03950397,0.35816667,73011.34250000,40000.00000000,33011.34250000,0.82528356,0.17077266,0.19770674,0.71576589,0.27370670,0.98776477,0.57564481,-0.29666326,605,2023,0.44785984,2022,-0.21521493,0.48042598,0.19912468,,,0.51885556,0.05548958
VT TQQQ/BTAL t35 w0-60 QQQ:VOL_EWMA75,sens,sens_2021-07-06,2021-07-06,2026-07-02,false,true,0.75000000,0.35000000,0.60000000,,0.00092390,0.00340900,0.00068104,0.00284700,74095.10500000,40000.00000000,34095.10500000,0.85237762,0.17427017,0.20266402,0.74141565,0.26478563,1.05374453,0.44421679,-0.39230883,563,2023,0.74675361,2022,-0.35536240,0.47212893,0.39899064,,,0.52694717,0.22853354
VT TQQQ/BTAL t35 w0-60 QQQ:VOL_EWMA75 gate QQQ<SMA200,sens,sens_2021-07-06,2021-07-06,2026-07-02,false,true,0.75000000,0.35000000,0.60000000,QQQ<SMA200,0.04545098,0.41502618,0.04528543,0.41502618,72267.55500000,40000.00000000,32267.55500000,0.80668887,0.17558334,0.19426585,0.79525841,0.24061212,1.12518557,0.60105924,-0.29212318,534,2023,0.49593537,2022,-0.22202039,0.51696673,0.39899064,,,0.48223321,0.06757277
VT TQQQ/BTAL t35 w0-70 QQQ:VOL_EWMA75,sens,sens_2021-07-06,2021-07-06,2026-07-02,false,true,0.75000000,0.35000000,0.70000000,,0.00093758,0.00288895,0.00068556,0.00232604,78401.05750000,40000.00000000,38401.05750000,0.96002644,0.18391051,0.22173403,0.71872405,0.29746586,1.01164584,0.44014280,-0.41784282,606,2023,0.78106129,2022,-0.37855932,0.42358337,0.29867271,,,0.57547905,0.22874782
VT TQQQ/BTAL t35 w0-70 QQQ:VOL_EWMA75 gate QQQ<SMA200,sens,sens_2021-07-06,2021-07-06,2026-07-02,false,true,0.75000000,0.35000000,0.70000000,QQQ<SMA200,0.04557409,0.41592552,0.04542163,0.41592552,76511.62250000,40000.00000000,36511.62250000,0.91279056,0.18579964,0.21348560,0.75776157,0.27624482,1.06154706,0.57254777,-0.32451379,601,2023,0.52520279,2022,-0.24827216,0.46861020,0.29867271,,,0.53069855,0.06667343
VT TQQQ/BTAL t35 w0-80 QQQ:VOL_EWMA75,sens,sens_2021-07-06,2021-07-06,2026-07-02,false,true,0.75000000,0.35000000,0.80000000,,0.00093395,0.00276829,0.00067528,0.00249989,81893.37250000,40000.00000000,41893.37250000,1.04733431,0.18937970,0.23651990,0.69815126,0.32556188,0.97523582,0.42693924,-0.44357529,753,2023,0.79137407,2022,-0.39990302,0.38521131,0.19912468,,,0.61385474,0.22839848
VT TQQQ/BTAL t35 w0-80 QQQ:VOL_EWMA75 gate QQQ<SMA200,sens,sens_2021-07-06,2021-07-06,2026-07-02,false,true,0.75000000,0.35000000,0.80000000,QQQ<SMA200,0.04589344,0.41693956,0.04571826,0.41693956,79896.93250000,40000.00000000,39896.93250000,0.99742331,0.19139716,0.22813836,0.72789221,0.30623524,1.01186783,0.54072794,-0.35396204,606,2023,0.53358756,2022,-0.27343015,0.43044965,0.19912468,,,0.56873441,0.06565939
VT TQQQ/BTAL t25 w0-60 QQQ:VOL_EWMA80,sens,sens_2021-07-06,2021-07-06,2026-07-02,false,true,0.80000000,0.25000000,0.60000000,,0.00094194,0.00340900,0.00070007,0.00284700,62260.05250000,40000.00000000,22260.05250000,0.55650131,0.13142501,0.14453348,0.69852723,0.20864830,0.97276954,0.47753884,-0.27521323,532,2023,0.46261353,2022,-0.23770280,0.55530892,0.39937405,,,0.44374914,0.17351917
VT TQQQ/BTAL t25 w0-60 QQQ:VOL_EWMA80 gate QQQ<SMA200,sens,sens_2021-07-06,2021-07-06,2026-07-02,false,true,0.80000000,0.25000000,0.60000000,QQQ<SMA200,0.03106415,0.29202936,0.03090259,0.29202936,61590.72250000,40000.00000000,21590.72250000,0.53976806,0.13167070,0.14095157,0.71148518,0.20373679,0.98634127,0.61191695,-0.21517741,,2023,0.30771917,2022,-0.14339199,0.58567150,0.39941048,,,0.41346326,0.04804576
VT TQQQ/BTAL t25 w0-70 QQQ:VOL_EWMA80,sens,sens_2021-07-06,2021-07-06,2026-07-02,false,true,0.80000000,0.25000000,0.70000000,,0.00094748,0.00353310,0.00069330,0.00261437,65081.26000000,40000.00000000,25081.26000000,0.62703150,0.14352534,0.15925280,0.71302535,0.22413593,0.98856226,0.51393717,-0.27926632,573,2023,0.50661802,2022,-0.23715749,0.53164057,0.29872500,,,0.46741195,0.17311223
VT TQQQ/BTAL t25 w0-70 QQQ:VOL_EWMA80 gate QQQ<SMA200,sens,sens_2021-07-06,2021-07-06,2026-07-02,false,true,0.80000000,0.25000000,0.70000000,QQQ<SMA200,0.03111745,0.29211609,0.03095998,0.29211609,64373.83250000,40000.00000000,24373.83250000,0.60934581,0.14375309,0.15561765,0.72411828,0.21959152,0.99985361,0.66241644,-0.21701317,572,2023,0.34709128,2022,-0.14278693,0.56212247,0.29872500,,,0.43707687,0.04795904
VT TQQQ/BTAL t25 w0-80 QQQ:VOL_EWMA80,sens,sens_2021-07-06,2021-07-06,2026-07-02,false,true,0.80000000,0.25000000,0.80000000,,0.00090848,0.00268147,0.00062981,0.00227120,67224.55500000,40000.00000000,27224.55500000,0.68061388,0.15412373,0.17004971,0.73153155,0.23435139,1.01566959,0.55139903,-0.27951396,573,2023,0.55067252,2022,-0.23735090,0.51835722,0.19975429,,,0.48073430,0.17294587
VT TQQQ/BTAL t25 w0-80 QQQ:VOL_EWMA80 gate QQQ<SMA200,sens,sens_2021-07-06,2021-07-06,2026-07-02,false,true,0.80000000,0.25000000,0.80000000,QQQ<SMA200,0.03103872,0.29199005,0.03083862,0.29199005,66533.55250000,40000.00000000,26533.55250000,0.66333881,0.15453231,0.16660355,0.74251682,0.23001071,1.02717939,0.71156174,-0.21717344,572,2023,0.38674303,2022,-0.14291651,0.54870632,0.19941385,,,0.45046518,0.04808508
VT TQQQ/BTAL t30 w0-60 QQQ:VOL_EWMA80,sens,sens_2021-07-06,2021-07-06,2026-07-02,false,true,0.80000000,0.30000000,0.60000000,,0.00088095,0.00340900,0.00066747,0.00284700,68940.08250000,40000.00000000,28940.08250000,0.72350206,0.15543773,0.17846770,0.72398029,0.24020695,1.01925915,0.45247035,-0.34353131,561,2023,0.60595331,2022,-0.30776805,0.50593951,0.39915175,,,0.49317954,0.20752687
VT TQQQ/BTAL t30 w0-60 QQQ:VOL_EWMA80 gate QQQ<SMA200,sens,sens_2021-07-06,2021-07-06,2026-07-02,false,true,0.80000000,0.30000000,0.60000000,QQQ<SMA200,0.03654681,0.34898070,0.03637080,0.34898070,68361.84000000,40000.00000000,28361.84000000,0.70904600,0.15776383,0.17565184,0.75990159,0.22765479,1.06559288,0.58880239,-0.26794020,533,2023,0.40727473,2022,-0.20041850,0.54169338,0.39915175,,,0.45745166,0.05910945
VT TQQQ/BTAL t30 w0-70 QQQ:VOL_EWMA80,sens,sens_2021-07-06,2021-07-06,2026-07-02,false,true,0.80000000,0.30000000,0.70000000,,0.00086242,0.00243179,0.00064857,0.00227279,71448.62500000,40000.00000000,31448.62500000,0.78621563,0.16337692,0.19044000,0.70975532,0.26281698,0.99015915,0.46563541,-0.35086876,602,2023,0.62011625,2022,-0.31055706,0.47227704,0.29867271,,,0.52686055,0.20699307
VT TQQQ/BTAL t30 w0-70 QQQ:VOL_EWMA80 gate QQQ<SMA200,sens,sens_2021-07-06,2021-07-06,2026-07-02,false,true,0.80000000,0.30000000,0.70000000,QQQ<SMA200,0.03638506,0.34879805,0.03622281,0.34879805,70911.43250000,40000.00000000,30911.43250000,0.77278581,0.16599507,0.18790869,0.73940399,0.25135527,1.02744904,0.60185747,-0.27580463,573,2023,0.41970621,2022,-0.20333515,0.50803631,0.29867271,,,0.49120690,0.05929211
VT TQQQ/BTAL t30 w0-80 QQQ:VOL_EWMA80,sens,sens_2021-07-06,2021-07-06,2026-07-02,false,true,0.80000000,0.30000000,0.80000000,,0.00088683,0.00281513,0.00058592,0.00175806,74812.42500000,40000.00000000,34812.42500000,0.87031062,0.17533649,0.20590919,0.72019083,0.27972165,1.00031254,0.49084717,-0.35721199,605,2023,0.66221796,2022,-0.31029946,0.44588482,0.19912468,,,0.55322835,0.20704548
VT TQQQ/BTAL t30 w0-80 QQQ:VOL_EWMA80 gate QQQ<SMA200,sens,sens_2021-07-06,2021-07-06,2026-07-02,false,true,0.80000000,0.30000000,0.80000000,QQQ<SMA200,0.03634020,0.34873839,0.03614347,0.34873839,74217.94250000,40000.00000000,34217.94250000,0.85544856,0.17777714,0.20322175,0.74565778,0.26904007,1.03177597,0.62670874,-0.28366787,602,2023,0.45685097,2022,-0.20380238,0.48161650,0.19912468,,,0.51766901,0.05935177
VT TQQQ/BTAL t35 w0-60 QQQ:VOL_EWMA80,sens,sens_2021-07-06,2021-07-06,2026-07-02,false,true,0.80000000,0.35000000,0.60000000,,0.00089829,0.00340900,0.00067245,0.00284700,73976.26250000,40000.00000000,33976.26250000,0.84940656,0.17429904,0.20212364,0.74103120,0.26505339,1.05281930,0.44686199,-0.39005118,563,2023,0.75513317,2022,-0.35443321,0.47083993,0.39901179,,,0.52826178,0.24291771
VT TQQQ/BTAL t35 w0-60 QQQ:VOL_EWMA80 gate QQQ<SMA200,sens,sens_2021-07-06,2021-07-06,2026-07-02,false,true,0.80000000,0.35000000,0.60000000,QQQ<SMA200,0.04142718,0.40438924,0.04128076,0.40438924,73717.76250000,40000.00000000,33717.76250000,0.84294406,0.17972819,0.20094550,0.80232636,0.24387710,1.13732842,0.59639800,-0.30135613,535,2023,0.50936938,2022,-0.23213894,0.51167579,0.39901179,,,0.48757770,0.07171594
VT TQQQ/BTAL t35 w0-70 QQQ:VOL_EWMA80,sens,sens_2021-07-06,2021-07-06,2026-07-02,false,true,0.80000000,0.35000000,0.70000000,,0.00084843,0.00298450,0.00057073,0.00190748,78628.04000000,40000.00000000,38628.04000000,0.96570100,0.18514481,0.22271286,0.72347462,0.29660492,1.01822914,0.44672356,-0.41445052,606,2023,0.77526023,2022,-0.37683898,0.42353886,0.29867271,,,0.57561271,0.24175661
VT TQQQ/BTAL t35 w0-70 QQQ:VOL_EWMA80 gate QQQ<SMA200,sens,sens_2021-07-06,2021-07-06,2026-07-02,false,true,0.80000000,0.35000000,0.70000000,QQQ<SMA200,0.04153363,0.40523217,0.04140195,0.40523217,78328.00000000,40000.00000000,38328.00000000,0.95820000,0.19060188,0.22141844,0.76959277,0.27783780,1.07981545,0.57605798,-0.33087274,601,2023,0.52622338,2022,-0.25877099,0.46466192,0.29867271,,,0.53473148,0.07087301
VT TQQQ/BTAL t35 w0-80 QQQ:VOL_EWMA80,sens,sens_2021-07-06,2021-07-06,2026-07-02,false,true,0.80000000,0.35000000,0.80000000,,0.00084100,0.00263306,0.00060838,0.00173013,81315.54250000,40000.00000000,41315.54250000,1.03288856,0.19248842,0.23411307,0.71230297,0.32042979,0.99570929,0.45545999,-0.42262421,752,2023,0.78608470,2022,-0.37928278,0.38933472,0.19912468,,,0.60982428,0.24271398
VT TQQQ/BTAL t35 w0-80 QQQ:VOL_EWMA80 gate QQQ<SMA200,sens,sens_2021-07-06,2021-07-06,2026-07-02,false,true,0.80000000,0.35000000,0.80000000,QQQ<SMA200,0.04171148,0.40559660,0.04153918,0.40559660,81060.15750000,40000.00000000,41060.15750000,1.02650394,0.19836489,0.23304442,0.75150764,0.30311673,1.04707169,0.58469004,-0.33926503,605,2023,0.53552875,2022,-0.26045250,0.43047328,0.19912468,,,0.56880074,0.07050858
VT TQQQ/BTAL t25 w0-60 QQQ:VOL_EWMA85,sens,sens_2021-07-06,2021-07-06,2026-07-02,false,true,0.85000000,0.25000000,0.60000000,,0.00084458,0.00340900,0.00061537,0.00284700,62106.84250000,40000.00000000,22106.84250000,0.55267106,0.13404803,0.14371672,0.71806152,0.20520485,1.00275129,0.51489382,-0.26034111,520,2023,0.46958545,2022,-0.22311650,0.55809795,0.39921043,,,0.44105747,0.18668458
VT TQQQ/BTAL t25 w0-60 QQQ:VOL_EWMA85 gate QQQ<SMA200,sens,sens_2021-07-06,2021-07-06,2026-07-02,false,true,0.85000000,0.25000000,0.60000000,QQQ<SMA200,0.02866700,0.28245781,0.02845433,0.28245781,61446.50000000,40000.00000000,21446.50000000,0.53616250,0.13292514,0.14017508,0.72419684,0.20088848,1.00715306,0.62346703,-0.21320315,,2023,0.31832265,2022,-0.13891864,0.58600253,0.39921043,,,0.41315565,0.05199102
VT TQQQ/BTAL t25 w0-70 QQQ:VOL_EWMA85,sens,sens_2021-07-06,2021-07-06,2026-07-02,false,true,0.85000000,0.25000000,0.70000000,,0.00089553,0.00381269,0.00066581,0.00276184,64822.11250000,40000.00000000,24822.11250000,0.62055281,0.14529372,0.15792537,0.73235213,0.21866138,1.01910460,0.55375088,-0.26238102,570,2023,0.51367759,2022,-0.22323953,0.53762730,0.29872500,,,0.46147717,0.18567472
VT TQQQ/BTAL t25 w0-70 QQQ:VOL_EWMA85 gate QQQ<SMA200,sens,sens_2021-07-06,2021-07-06,2026-07-02,false,true,0.85000000,0.25000000,0.70000000,QQQ<SMA200,0.02859070,0.28240882,0.02843894,0.28240882,64137.87250000,40000.00000000,24137.87250000,0.60344681,0.14419998,0.15439702,0.73749698,0.21466755,1.02245889,0.67432022,-0.21384495,,2023,0.35842250,2022,-0.13915535,0.56552026,0.29872500,,,0.43368835,0.05204001
VT TQQQ/BTAL t25 w0-80 QQQ:VOL_EWMA85,sens,sens_2021-07-06,2021-07-06,2026-07-02,false,true,0.85000000,0.25000000,0.80000000,,0.00085374,0.00308561,0.00063856,0.00270557,66577.28000000,40000.00000000,26577.28000000,0.66443200,0.15389408,0.16682259,0.74573115,0.22745896,1.03901912,0.58684467,-0.26223989,570,2023,0.55171636,2022,-0.22304657,0.52673678,0.19989892,,,0.47240948,0.18678776
VT TQQQ/BTAL t25 w0-80 QQQ:VOL_EWMA85 gate QQQ<SMA200,sens,sens_2021-07-06,2021-07-06,2026-07-02,false,true,0.85000000,0.25000000,0.80000000,QQQ<SMA200,0.02859455,0.28224069,0.02841191,0.28224069,65865.66000000,40000.00000000,25865.66000000,0.64664150,0.15271948,0.16324143,0.75026052,0.22355472,1.04176057,0.70505293,-0.21660712,,2023,0.39199911,2022,-0.13914025,0.55464529,0.19974579,,,0.44457794,0.05220814
VT TQQQ/BTAL t30 w0-60 QQQ:VOL_EWMA85,sens,sens_2021-07-06,2021-07-06,2026-07-02,false,true,0.85000000,0.30000000,0.60000000,,0.00102247,0.00340900,0.00072383,0.00284700,68748.00750000,40000.00000000,28748.00750000,0.71870019,0.15788699,0.17753475,0.73674738,0.23830518,1.03883120,0.47915870,-0.32950876,535,2023,0.60672003,2022,-0.29393798,0.50676112,0.39901307,,,0.49221641,0.22417354
VT TQQQ/BTAL t30 w0-60 QQQ:VOL_EWMA85 gate QQQ<SMA200,sens,sens_2021-07-06,2021-07-06,2026-07-02,false,true,0.85000000,0.30000000,0.60000000,QQQ<SMA200,0.03387408,0.33760830,0.03368256,0.33760830,68126.70000000,40000.00000000,28126.70000000,0.70316750,0.15842965,0.17450057,0.76331846,0.22726698,1.07276978,0.60414355,-0.26223842,535,2023,0.41459933,2022,-0.19713600,0.54000296,0.39901307,,,0.45917214,0.06373030
VT TQQQ/BTAL t30 w0-70 QQQ:VOL_EWMA85,sens,sens_2021-07-06,2021-07-06,2026-07-02,false,true,0.85000000,0.30000000,0.70000000,,0.00083241,0.00256429,0.00060589,0.00203244,71128.05000000,40000.00000000,31128.05000000,0.77820125,0.16613362,0.18893150,0.72617928,0.25861792,1.01488354,0.49738751,-0.33401244,573,2023,0.62401696,2022,-0.29404106,0.47512750,0.29867271,,,0.52404010,0.22424731
VT TQQQ/BTAL t30 w0-70 QQQ:VOL_EWMA85 gate QQQ<SMA200,sens,sens_2021-07-06,2021-07-06,2026-07-02,false,true,0.85000000,0.30000000,0.70000000,QQQ<SMA200,0.03375633,0.33758025,0.03359244,0.33758025,70429.50000000,40000.00000000,30429.50000000,0.76073750,0.16643982,0.18562291,0.74656412,0.24847043,1.03975456,0.62257537,-0.26734084,573,2023,0.42947699,2022,-0.19738294,0.50823752,0.29867271,,,0.49100763,0.06375835
VT TQQQ/BTAL t30 w0-80 QQQ:VOL_EWMA85,sens,sens_2021-07-06,2021-07-06,2026-07-02,false,true,0.85000000,0.30000000,0.80000000,,0.00084773,0.00303011,0.00064705,0.00236675,74691.17250000,40000.00000000,34691.17250000,0.86727931,0.17909362,0.20536262,0.74188112,0.27350886,1.03379601,0.52738126,-0.33959042,573,2023,0.67200144,2022,-0.29381440,0.45184968,0.19912468,,,0.54730259,0.22309419
VT TQQQ/BTAL t30 w0-80 QQQ:VOL_EWMA85 gate QQQ<SMA200,sens,sens_2021-07-06,2021-07-06,2026-07-02,false,true,0.85000000,0.30000000,0.80000000,QQQ<SMA200,0.03368369,0.33754630,0.03354653,0.33754630,73963.68000000,40000.00000000,33963.68000000,0.84909200,0.17946001,0.20206638,0.76020184,0.26395858,1.05587017,0.65651374,-0.27335302,573,2023,0.47150458,2022,-0.19697363,0.48505841,0.19912468,,,0.51432134,0.06379229
VT TQQQ/BTAL t35 w0-60 QQQ:VOL_EWMA85,sens,sens_2021-07-06,2021-07-06,2026-07-02,false,true,0.85000000,0.35000000,0.60000000,,0.00089198,0.00340900,0.00064965,0.00284700,74368.25000000,40000.00000000,34368.25000000,0.85920625,0.17616229,0.20390307,0.74521859,0.26606176,1.05874446,0.45495979,-0.38720408,535,2023,0.76318166,2022,-0.35207793,0.46863443,0.39927664,,,0.53047359,0.26046169
VT TQQQ/BTAL t35 w0-60 QQQ:VOL_EWMA85 gate QQQ<SMA200,sens,sens_2021-07-06,2021-07-06,2026-07-02,false,true,0.85000000,0.35000000,0.60000000,QQQ<SMA200,0.03850896,0.39103933,0.03831316,0.39103933,73739.33000000,40000.00000000,33739.33000000,0.84348325,0.17813447,0.20104394,0.78817209,0.24773285,1.11767877,0.57152606,-0.31168215,535,2023,0.52408422,2022,-0.24477661,0.50630829,0.39927664,,,0.49280962,0.07718904
VT TQQQ/BTAL t35 w0-70 QQQ:VOL_EWMA85,sens,sens_2021-07-06,2021-07-06,2026-07-02,false,true,0.85000000,0.35000000,0.70000000,,0.00085670,0.00240057,0.00062315,0.00198447,78458.58000000,40000.00000000,38458.58000000,0.96146450,0.18876515,0.22198233,0.73751113,0.29409694,1.03938283,0.47397735,-0.39825774,601,2023,0.77640650,2022,-0.36102198,0.42465843,0.29867271,,,0.57448487,0.26114174
VT TQQQ/BTAL t35 w0-70 QQQ:VOL_EWMA85 gate QQQ<SMA200,sens,sens_2021-07-06,2021-07-06,2026-07-02,false,true,0.85000000,0.35000000,0.70000000,QQQ<SMA200,0.03857143,0.39163414,0.03842721,0.39163414,77813.28750000,40000.00000000,37813.28750000,0.94533219,0.19092139,0.21918746,0.77088263,0.27763044,1.08377082,0.58993215,-0.32363279,601,2023,0.53483538,2022,-0.25453753,0.46262098,0.29867271,,,0.53665269,0.07659423
VT TQQQ/BTAL t35 w0-80 QQQ:VOL_EWMA85,sens,sens_2021-07-06,2021-07-06,2026-07-02,false,true,0.85000000,0.35000000,0.80000000,,0.00085342,0.00371139,0.00060579,0.00260485,80773.43750000,40000.00000000,40773.43750000,1.01933594,0.19563251,0.23184104,0.72686260,0.31543673,1.01720149,0.48426164,-0.40398101,605,2023,0.78817390,2022,-0.36065527,0.39242072,0.19912468,,,0.60672586,0.26121028
VT TQQQ/BTAL t35 w0-80 QQQ:VOL_EWMA85 gate QQQ<SMA200,sens,sens_2021-07-06,2021-07-06,2026-07-02,false,true,0.85000000,0.35000000,0.80000000,QQQ<SMA200,0.03862823,0.39161512,0.03845573,0.39161512,80089.03000000,40000.00000000,40089.03000000,1.00222575,0.19773894,0.22895296,0.75417960,0.30011115,1.05250778,0.59904156,-0.33009219,601,2023,0.54509793,2022,-0.25413277,0.43041003,0.19912468,,,0.56884853,0.07661325
50/50,sens,sens_2021-07-06,2021-07-06,2026-07-02,true,true,,,,,0.00100632,0.00392850,0.00070429,0.00243806,65151.42000000,40000.00000000,25151.42000000,0.62878550,0.12162233,0.15961134,0.56340523,0.26844915,0.79658684,0.27085652,-0.44902862,757,2023,0.65058967,2022,-0.42858283,0.49955152,0.49829829,,,0.49944216,0.49756194
TQQQ60/BTAL40,sens,sens_2021-07-06,2021-07-06,2026-07-02,true,true,,,,,0.00103986,0.00340900,0.00075471,0.00284700,74841.27750000,40000.00000000,34841.27750000,0.87103194,0.14604776,0.20603913,0.56962093,0.34435490,0.80628244,0.26838395,-0.54417471,774,2023,0.87204019,2022,-0.52141182,0.39960668,0.39824936,,,0.59935346,0.59715300
TQQQ50/BTAL50 gate QQQ<SMA200,sens,sens_2021-07-06,2021-07-06,2026-07-02,true,true,,,,,0.06144464,0.40813441,0.06121518,0.40813441,64761.79500000,40000.00000000,24761.79500000,0.61904487,0.13682623,0.15761572,0.71142062,0.21272006,1.01045833,0.44559868,-0.30706156,683,2023,0.41938992,2022,-0.25206350,0.56021815,0.49844400,,,0.43885913,0.09186559
SPY benchmark,sens,sens_2021-07-06,2021-07-06,2026-07-02,true,true,,,,,0.00901917,0.02764350,0.00901917,0.02764350,61939.93000000,40000.00000000,21939.93000000,0.54849825,0.11382456,0.14282479,0.71876403,0.17071046,1.03891903,0.45286904,-0.25134100,746,2023,0.24128942,2022,-0.19339618,,,0.99098083,0.97235650,,
