label,kind,window,start,end,is_baseline,feasible,cost_bps,cash_yield,data_dir,params.safe,params.sigma_target,avg_misallocation,max_misallocation,avg_asset_deviation,max_asset_deviation,final_value,total_contributed,net_profit,net_profit_pct,cagr,xirr,sharpe,volatility,sortino,calmar,max_drawdown,max_drawdown_days,best_year,best_year_return,worst_year,worst_year_return,traded_value,total_fees,turnover,fee_drag,exposure.BIL.avg,exposure.BIL.min,exposure.BTAL.avg,exposure.BTAL.min,exposure.DBMF.avg,exposure.DBMF.min,exposure.KMLM.avg,exposure.KMLM.min,exposure.SPY.avg,exposure.SPY.min,exposure.TQQQ.avg,exposure.TQQQ.min
VT TQQQ/BTAL75+KMLM25 t20 w0-80 QQQ:VOL_EWMA80 gate QQQ<SMA200,full,full,2020-12-18,2026-08-24,false,true,"{""*"": 6, ""BIL"": 0.5, ""BTAL"": 6, ""DBMF"": 2.5, ""KMLM"": 6, ""QQQ"": 1, ""SPY"": 0.7, ""TQQQ"": 1.5}",0.03000000,tests/data/2026-08-24-net15-bil0,BTAL75+KMLM25,0.20000000,0.02225794,0.23271777,0.02193891,0.23272372,78210.87834089,44000.00000000,34210.87834089,0.77751996,0.16259332,0.16537877,0.85557255,0.20071571,1.19289746,0.85294307,-0.19062623,169,2023,0.35127130,2022,-0.06171072,763850.58088798,288.39364768,1.70129275,0.00655440,,,0.46603286,0.14976209,,,0.15499201,0.04972690,,,0.37794007,0.04055417
VT TQQQ/BTAL75+KMLM25 t25 w0-80 QQQ:VOL_EWMA80 gate QQQ<SMA200,full,full,2020-12-18,2026-08-24,false,true,"{""*"": 6, ""BIL"": 0.5, ""BTAL"": 6, ""DBMF"": 2.5, ""KMLM"": 6, ""QQQ"": 1, ""SPY"": 0.7, ""TQQQ"": 1.5}",0.03000000,tests/data/2026-08-24-net15-bil0,BTAL75+KMLM25,0.25000000,0.02712260,0.28897993,0.02677784,0.28898598,89007.09368237,44000.00000000,45007.09368237,1.02288849,0.19680819,0.20317336,0.86686957,0.24251736,1.20768651,0.85252800,-0.23085246,435,2023,0.43556307,2022,-0.12777427,856813.08123472,322.59734740,1.78494152,0.00733176,,,0.40498475,0.14897128,,,0.13466021,0.04882742,,,0.45924559,0.05261139
VT TQQQ/BTAL75+DBMF25 t20 w0-80 QQQ:VOL_EWMA80 gate QQQ<SMA200,full,full,2020-12-18,2026-08-24,false,true,"{""*"": 6, ""BIL"": 0.5, ""BTAL"": 6, ""DBMF"": 2.5, ""KMLM"": 6, ""QQQ"": 1, ""SPY"": 0.7, ""TQQQ"": 1.5}",0.03000000,tests/data/2026-08-24-net15-bil0,BTAL75+DBMF25,0.20000000,0.02236651,0.23271690,0.02196205,0.23272072,78961.21449114,44000.00000000,34961.21449114,0.79457306,0.16349089,0.16815881,0.85124373,0.20325706,1.18778473,0.85739876,-0.19068245,167,2023,0.34071490,2022,-0.07342515,766971.71583606,254.24209466,1.70559042,0.00577823,,,0.46595248,0.14872668,0.15499753,0.04898819,,,,,0.37788537,0.04055717
VT TQQQ/BTAL75+DBMF25 t25 w0-80 QQQ:VOL_EWMA80 gate QQQ<SMA200,full,full,2020-12-18,2026-08-24,false,true,"{""*"": 6, ""BIL"": 0.5, ""BTAL"": 6, ""DBMF"": 2.5, ""KMLM"": 6, ""QQQ"": 1, ""SPY"": 0.7, ""TQQQ"": 1.5}",0.03000000,tests/data/2026-08-24-net15-bil0,BTAL75+DBMF25,0.25000000,0.02715719,0.28894590,0.02676884,0.28895001,89429.82783536,44000.00000000,45429.82783536,1.03249609,0.19687592,0.20456452,0.86027063,0.24521437,1.20000965,0.83894292,-0.23467142,432,2023,0.42579185,2022,-0.13791244,859101.39734557,284.37021824,1.78778530,0.00646296,,,0.40497754,0.14933277,0.13464666,0.04866455,,,,,0.45923230,0.05264735
VT TQQQ/BTAL50+KMLM50 t20 w0-80 QQQ:VOL_EWMA80 gate QQQ<SMA200,full,full,2020-12-18,2026-08-24,false,true,"{""*"": 6, ""BIL"": 0.5, ""BTAL"": 6, ""DBMF"": 2.5, ""KMLM"": 6, ""QQQ"": 1, ""SPY"": 0.7, ""TQQQ"": 1.5}",0.03000000,tests/data/2026-08-24-net15-bil0,BTAL50+KMLM50,0.20000000,0.02272430,0.23306855,0.02231692,0.23307415,83801.85748202,44000.00000000,39801.85748202,0.90458767,0.18491311,0.18552007,0.91985571,0.20944300,1.28053428,0.88489974,-0.20896504,448,2023,0.37454047,2022,-0.04669946,790340.39060820,298.67865997,1.70301649,0.00678815,,,0.31076659,0.09980015,,,0.31061452,0.09942933,,,0.37748399,0.04020374
VT TQQQ/BTAL50+KMLM50 t25 w0-80 QQQ:VOL_EWMA80 gate QQQ<SMA200,full,full,2020-12-18,2026-08-24,false,true,"{""*"": 6, ""BIL"": 0.5, ""BTAL"": 6, ""DBMF"": 2.5, ""KMLM"": 6, ""QQQ"": 1, ""SPY"": 0.7, ""TQQQ"": 1.5}",0.03000000,tests/data/2026-08-24-net15-bil0,BTAL50+KMLM50,0.25000000,0.02756115,0.28921128,0.02714250,0.28921699,94675.35094843,44000.00000000,50675.35094843,1.15171252,0.21753773,0.22133719,0.91305707,0.25165823,1.27154826,0.84290409,-0.25808124,435,2023,0.46073132,2022,-0.11498342,886623.78708125,334.01798097,1.78844132,0.00759132,,,0.27002269,0.09904697,,,0.26992514,0.09903835,,,0.45889629,0.05238038
VT TQQQ/BIL37.5+BTAL37.5+KMLM25 t20 w0-80 QQQ:VOL_EWMA80 gate QQQ<SMA200,full,full,2020-12-18,2026-08-24,false,true,"{""*"": 6, ""BIL"": 0.5, ""BTAL"": 6, ""DBMF"": 2.5, ""KMLM"": 6, ""QQQ"": 1, ""SPY"": 0.7, ""TQQQ"": 1.5}",0.03000000,tests/data/2026-08-24-net15-bil0,BIL37.5+BTAL37.5+KMLM25,0.20000000,0.02318377,0.23129966,0.02235568,0.23130299,84363.40999004,44000.00000000,40363.40999004,0.91735023,0.18049817,0.18747301,0.90798880,0.20762634,1.26641606,0.91242524,-0.19782241,398,2023,0.40977378,2022,-0.11061168,785725.40879453,214.06829593,1.71525116,0.00486519,0.23167504,0.07152294,0.23277634,0.07474258,,,0.15488914,0.04980803,,,0.37812847,0.04197490
VT TQQQ/BIL37.5+BTAL37.5+KMLM25 t25 w0-80 QQQ:VOL_EWMA80 gate QQQ<SMA200,full,full,2020-12-18,2026-08-24,false,true,"{""*"": 6, ""BIL"": 0.5, ""BTAL"": 6, ""DBMF"": 2.5, ""KMLM"": 6, ""QQQ"": 1, ""SPY"": 0.7, ""TQQQ"": 1.5}",0.03000000,tests/data/2026-08-24-net15-bil0,BIL37.5+BTAL37.5+KMLM25,0.25000000,0.02811248,0.28724160,0.02719801,0.28724438,94841.91666853,44000.00000000,50841.91666853,1.15549811,0.21232225,0.22185555,0.89442111,0.25223514,1.24829555,0.85098676,-0.24950124,398,2023,0.49598808,2022,-0.17087441,879876.94154643,239.23648577,1.79735123,0.00543719,0.20104232,0.07117613,0.20229614,0.07408075,,,0.13449898,0.04903653,,,0.45946607,0.05435299
VT TQQQ/BIL37.5+BTAL37.5+DBMF25 t20 w0-80 QQQ:VOL_EWMA80 gate QQQ<SMA200,full,full,2020-12-18,2026-08-24,false,true,"{""*"": 6, ""BIL"": 0.5, ""BTAL"": 6, ""DBMF"": 2.5, ""KMLM"": 6, ""QQQ"": 1, ""SPY"": 0.7, ""TQQQ"": 1.5}",0.03000000,tests/data/2026-08-24-net15-bil0,BIL37.5+BTAL37.5+DBMF25,0.20000000,0.02303913,0.23131851,0.02223436,0.23131994,85094.45942511,44000.00000000,41094.45942511,0.93396499,0.18126099,0.18999732,0.89907274,0.21126129,1.25597461,0.88751667,-0.20423390,398,2023,0.39865214,2022,-0.12186381,789206.25808082,179.34580689,1.71970816,0.00407604,0.23173037,0.07177739,0.23276436,0.07341256,0.15493314,0.04888752,,,,,0.37811822,0.04195796
VT TQQQ/BIL37.5+BTAL37.5+DBMF25 t25 w0-80 QQQ:VOL_EWMA80 gate QQQ<SMA200,full,full,2020-12-18,2026-08-24,false,true,"{""*"": 6, ""BIL"": 0.5, ""BTAL"": 6, ""DBMF"": 2.5, ""KMLM"": 6, ""QQQ"": 1, ""SPY"": 0.7, ""TQQQ"": 1.5}",0.03000000,tests/data/2026-08-24-net15-bil0,BIL37.5+BTAL37.5+DBMF25,0.25000000,0.02784834,0.28684523,0.02707024,0.28684668,95265.60030266,44000.00000000,51265.60030266,1.16512728,0.21232472,0.22317031,0.88570068,0.25572939,1.23801447,0.83793019,-0.25339189,398,2023,0.48593910,2022,-0.18108784,881806.27438711,200.31529274,1.79938526,0.00455262,0.20095634,0.07134860,0.20223082,0.07456040,0.13456093,0.04859547,,,,,0.45967430,0.05475069
VT TQQQ/BIL25+BTAL25+KMLM50 t20 w0-80 QQQ:VOL_EWMA80 gate QQQ<SMA200,full,full,2020-12-18,2026-08-24,false,true,"{""*"": 6, ""BIL"": 0.5, ""BTAL"": 6, ""DBMF"": 2.5, ""KMLM"": 6, ""QQQ"": 1, ""SPY"": 0.7, ""TQQQ"": 1.5}",0.03000000,tests/data/2026-08-24-net15-bil0,BIL25+BTAL25+KMLM50,0.20000000,0.02358090,0.23212039,0.02280985,0.23212548,87986.81406707,44000.00000000,43986.81406707,0.99970032,0.19654358,0.19979028,0.94184256,0.21661731,1.31195200,0.88274706,-0.22264993,435,2023,0.41352535,2022,-0.08038077,804377.50247817,247.43671128,1.71127312,0.00562356,0.15407584,0.04909725,0.15518867,0.04908382,,,0.31061887,0.09929442,,,0.37766358,0.04115241
VT TQQQ/BIL25+BTAL25+KMLM50 t25 w0-80 QQQ:VOL_EWMA80 gate QQQ<SMA200,full,full,2020-12-18,2026-08-24,false,true,"{""*"": 6, ""BIL"": 0.5, ""BTAL"": 6, ""DBMF"": 2.5, ""KMLM"": 6, ""QQQ"": 1, ""SPY"": 0.7, ""TQQQ"": 1.5}",0.03000000,tests/data/2026-08-24-net15-bil0,BIL25+BTAL25+KMLM50,0.25000000,0.02838584,0.28803099,0.02751251,0.28803616,98605.01598882,44000.00000000,54605.01598882,1.24102309,0.22753416,0.23334795,0.92434666,0.25972594,1.28908585,0.84121347,-0.27048326,432,2023,0.50086995,2022,-0.14492055,901073.02054796,276.59974462,1.79563302,0.00628636,0.13382445,0.04835969,0.13482522,0.04891152,,,0.26983666,0.09889871,,,0.45905442,0.05356121
VT TQQQ/BIL75+KMLM25 t20 w0-80 QQQ:VOL_EWMA80 gate QQQ<SMA200,full,full,2020-12-18,2026-08-24,false,true,"{""*"": 6, ""BIL"": 0.5, ""BTAL"": 6, ""DBMF"": 2.5, ""KMLM"": 6, ""QQQ"": 1, ""SPY"": 0.7, ""TQQQ"": 1.5}",0.03000000,tests/data/2026-08-24-net15-bil0,BIL75+KMLM25,0.20000000,0.02266716,0.22970495,0.02208051,0.22970713,90421.89649643,44000.00000000,46421.89649643,1.05504310,0.19661544,0.20780545,0.91491437,0.22511952,1.27693795,0.89324955,-0.22011256,235,2023,0.46866337,2022,-0.15975310,803096.80948282,136.44198809,1.72310838,0.00310095,0.46456720,0.14910261,,,,,0.15491106,0.04968512,,,0.37837214,0.04357076
VT TQQQ/BIL75+KMLM25 t25 w0-80 QQQ:VOL_EWMA80 gate QQQ<SMA200,full,full,2020-12-18,2026-08-24,false,true,"{""*"": 6, ""BIL"": 0.5, ""BTAL"": 6, ""DBMF"": 2.5, ""KMLM"": 6, ""QQQ"": 1, ""SPY"": 0.7, ""TQQQ"": 1.5}",0.03000000,tests/data/2026-08-24-net15-bil0,BIL75+KMLM25,0.25000000,0.02736347,0.28488943,0.02675373,0.28489173,100426.65036812,44000.00000000,56426.65036812,1.28242387,0.22599587,0.23876650,0.89657517,0.26915268,1.25251574,0.83142243,-0.27181835,600,2023,0.55646799,2022,-0.21528539,897652.30007996,152.20124176,1.80417864,0.00345912,0.40337215,0.14836620,,,,,0.13448051,0.04920534,,,0.45992163,0.05670564
VT TQQQ/BIL75+DBMF25 t20 w0-80 QQQ:VOL_EWMA80 gate QQQ<SMA200,full,full,2020-12-18,2026-08-24,false,true,"{""*"": 6, ""BIL"": 0.5, ""BTAL"": 6, ""DBMF"": 2.5, ""KMLM"": 6, ""QQQ"": 1, ""SPY"": 0.7, ""TQQQ"": 1.5}",0.03000000,tests/data/2026-08-24-net15-bil0,BIL75+DBMF25,0.20000000,0.02246904,0.22935757,0.02189355,0.22935895,91157.44200899,44000.00000000,47157.44200899,1.07176005,0.19723129,0.21018712,0.90352405,0.22968659,1.26220495,0.87538778,-0.22530733,394,2023,0.45665061,2022,-0.17099887,805963.03094675,100.71860479,1.72624361,0.00228906,0.46442832,0.14326363,,,0.15481017,0.04878837,,,,,0.37854820,0.04391895
VT TQQQ/BIL75+DBMF25 t25 w0-80 QQQ:VOL_EWMA80 gate QQQ<SMA200,full,full,2020-12-18,2026-08-24,false,true,"{""*"": 6, ""BIL"": 0.5, ""BTAL"": 6, ""DBMF"": 2.5, ""KMLM"": 6, ""QQQ"": 1, ""SPY"": 0.7, ""TQQQ"": 1.5}",0.03000000,tests/data/2026-08-24-net15-bil0,BIL75+DBMF25,0.25000000,0.02713279,0.28486965,0.02655541,0.28487082,100870.11601380,44000.00000000,56870.11601380,1.29250264,0.22596967,0.24007191,0.88721474,0.27321660,1.24069949,0.79857872,-0.28296481,601,2023,0.54576680,2022,-0.22398691,900016.80036710,112.55487002,1.80640568,0.00255807,0.40353103,0.14802284,,,0.13453230,0.04852659,,,,,0.45996912,0.05672655
VT TQQQ/BIL50+KMLM50 t20 w0-80 QQQ:VOL_EWMA80 gate QQQ<SMA200,full,full,2020-12-18,2026-08-24,false,true,"{""*"": 6, ""BIL"": 0.5, ""BTAL"": 6, ""DBMF"": 2.5, ""KMLM"": 6, ""QQQ"": 1, ""SPY"": 0.7, ""TQQQ"": 1.5}",0.03000000,tests/data/2026-08-24-net15-bil0,BIL50+KMLM50,0.20000000,0.02297644,0.23067624,0.02244981,0.23067966,92028.60202723,44000.00000000,48028.60202723,1.09155914,0.20693740,0.21298494,0.94345575,0.22821508,1.31573589,0.87520646,-0.23644410,398,2023,0.45292497,2022,-0.11609334,815051.46316070,194.67622537,1.71635937,0.00442446,0.30942710,0.09874574,,,,,0.31043725,0.09916064,,,0.37797810,0.04259823
VT TQQQ/BIL50+KMLM50 t25 w0-80 QQQ:VOL_EWMA80 gate QQQ<SMA200,full,full,2020-12-18,2026-08-24,false,true,"{""*"": 6, ""BIL"": 0.5, ""BTAL"": 6, ""DBMF"": 2.5, ""KMLM"": 6, ""QQQ"": 1, ""SPY"": 0.7, ""TQQQ"": 1.5}",0.03000000,tests/data/2026-08-24-net15-bil0,BIL50+KMLM50,0.25000000,0.02774177,0.28635085,0.02712114,0.28635468,102380.52591183,44000.00000000,58380.52591183,1.32683013,0.23654715,0.24447872,0.92453268,0.27083429,1.29115492,0.83606871,-0.28292789,398,2023,0.54167012,2022,-0.17581047,912580.78197050,217.64352972,1.79979913,0.00494644,0.26907130,0.09858987,,,,,0.26962432,0.09864262,,,0.45935760,0.05524269
VT TQQQ/BTAL t20 w0-80 QQQ:VOL_EWMA80 gate QQQ<SMA200,full,full,2020-12-18,2026-08-24,false,true,"{""*"": 6, ""BIL"": 0.5, ""BTAL"": 6, ""DBMF"": 2.5, ""KMLM"": 6, ""QQQ"": 1, ""SPY"": 0.7, ""TQQQ"": 1.5}",0.03000000,tests/data/2026-08-24-net15-bil0,BTAL,0.20000000,0.02184281,0.23263291,0.02171410,0.23263898,72773.96840703,44000.00000000,28773.96840703,0.65395383,0.13934984,0.14445040,0.76022861,0.19860145,1.06005597,0.63467967,-0.21955932,209,2023,0.32712110,2022,-0.07745348,735766.61113008,277.53332191,1.69714645,0.00630758,,,0.62119422,0.19859073,,,,,,,0.37803394,0.04063892
VT TQQQ/BTAL t25 w0-80 QQQ:VOL_EWMA80 gate QQQ<SMA200,full,full,2020-12-18,2026-08-24,false,true,"{""*"": 6, ""BIL"": 0.5, ""BTAL"": 6, ""DBMF"": 2.5, ""KMLM"": 6, ""QQQ"": 1, ""SPY"": 0.7, ""TQQQ"": 1.5}",0.03000000,tests/data/2026-08-24-net15-bil0,BTAL,0.25000000,0.02650787,0.28865319,0.02635955,0.28865936,83437.78719540,44000.00000000,39437.78719540,0.89631335,0.17523357,0.18424739,0.80205887,0.23790432,1.11641884,0.78083056,-0.22441946,167,2023,0.41034343,2022,-0.14273284,826081.23471547,310.68428334,1.78019979,0.00706101,,,0.53966383,0.19877942,,,,,,,0.45959871,0.05293801
VT TQQQ/BIL t20 w0-80 QQQ:VOL_EWMA80 gate QQQ<SMA200,full,full,2020-12-18,2026-08-24,false,true,"{""*"": 6, ""BIL"": 0.5, ""BTAL"": 6, ""DBMF"": 2.5, ""KMLM"": 6, ""QQQ"": 1, ""SPY"": 0.7, ""TQQQ"": 1.5}",0.03000000,tests/data/2026-08-24-net15-bil0,BIL,0.20000000,0.02205712,0.22826552,0.02167759,0.22826604,88651.52728036,44000.00000000,44651.52728036,1.01480744,0.18537264,0.20199847,0.87204783,0.22535339,1.21790823,0.76293459,-0.24297317,605,2023,0.48368353,2022,-0.20432504,788956.03709917,78.55626425,1.72712223,0.00178537,0.61926554,0.19342173,,,,,,,,,0.37883411,0.04501185
VT TQQQ/BIL t25 w0-80 QQQ:VOL_EWMA80 gate QQQ<SMA200,full,full,2020-12-18,2026-08-24,false,true,"{""*"": 6, ""BIL"": 0.5, ""BTAL"": 6, ""DBMF"": 2.5, ""KMLM"": 6, ""QQQ"": 1, ""SPY"": 0.7, ""TQQQ"": 1.5}",0.03000000,tests/data/2026-08-24-net15-bil0,BIL,0.25000000,0.02650393,0.28332639,0.02614159,0.28332701,98366.01915494,44000.00000000,54366.01915494,1.23559134,0.21478963,0.23263020,0.86051580,0.26993825,1.20284477,0.71602342,-0.29997570,606,2023,0.57133666,2022,-0.25455130,881907.28208854,87.96724549,1.80763185,0.00199926,0.53766186,0.19827450,,,,,,,,,0.46043889,0.05827036
VT TQQQ/BIL50+BTAL50 t20 w0-80 QQQ:VOL_EWMA80 gate QQQ<SMA200,full,full,2020-12-18,2026-08-24,false,true,"{""*"": 6, ""BIL"": 0.5, ""BTAL"": 6, ""DBMF"": 2.5, ""KMLM"": 6, ""QQQ"": 1, ""SPY"": 0.7, ""TQQQ"": 1.5}",0.03000000,tests/data/2026-08-24-net15-bil0,BIL50+BTAL50,0.20000000,0.02254002,0.23042406,0.02204929,0.23042545,80795.61497756,44000.00000000,36795.61497756,0.83626398,0.16399087,0.17485237,0.85667648,0.20222901,1.19539080,0.87014713,-0.18846339,572,2023,0.40575042,2022,-0.14131020,767476.85744703,181.04642907,1.72017311,0.00411469,0.30904102,0.09338319,0.31024807,0.09902433,,,,,,,0.37855698,0.04285245
VT TQQQ/BIL50+BTAL50 t25 w0-80 QQQ:VOL_EWMA80 gate QQQ<SMA200,full,full,2020-12-18,2026-08-24,false,true,"{""*"": 6, ""BIL"": 0.5, ""BTAL"": 6, ""DBMF"": 2.5, ""KMLM"": 6, ""QQQ"": 1, ""SPY"": 0.7, ""TQQQ"": 1.5}",0.03000000,tests/data/2026-08-24-net15-bil0,BIL50+BTAL50,0.25000000,0.02711940,0.28599905,0.02657018,0.28600046,91034.71779912,44000.00000000,47034.71779912,1.06897086,0.19642892,0.20979098,0.85342176,0.24736228,1.19114306,0.76836206,-0.25564631,601,2023,0.49096812,2022,-0.19872206,857527.61342996,202.44133150,1.79786114,0.00460094,0.26834215,0.09589581,0.26941240,0.09957040,,,,,,,0.46006590,0.05559691
TQQQ50/BTAL50 gate QQQ<SMA200,full,full,2020-12-18,2026-08-24,true,true,"{""*"": 6, ""BIL"": 0.5, ""BTAL"": 6, ""DBMF"": 2.5, ""KMLM"": 6, ""QQQ"": 1, ""SPY"": 0.7, ""TQQQ"": 1.5}",0.03000000,tests/data/2026-08-24-net15-bil0,,,0.05223510,0.39663067,0.05205205,0.39663758,80323.47228407,44000.00000000,36323.47228407,0.82553346,0.16124469,0.17314329,0.78773703,0.22221672,1.12632921,0.52027570,-0.30992162,683,2023,0.46780948,2022,-0.25830154,190481.85113137,74.07256612,0.42142793,0.00168347,,,0.55116127,0.49856868,,,,,,,0.44801820,0.10336242
SPY benchmark,full,full,2020-12-18,2026-08-24,true,true,"{""*"": 6, ""BIL"": 0.5, ""BTAL"": 6, ""DBMF"": 2.5, ""KMLM"": 6, ""QQQ"": 1, ""SPY"": 0.7, ""TQQQ"": 1.5}",0.03000000,tests/data/2026-08-24-net15-bil0,,,0.00776260,0.02938556,0.00776372,0.02941953,76979.08018368,44000.00000000,32979.08018368,0.74952455,0.14815618,0.16076005,0.92053059,0.16582684,1.33958435,0.60588003,-0.24453056,709,2021,0.28166993,2022,-0.18247338,43403.08520685,3.03821596,0.10441417,0.00006905,,,,,,,,,0.99223628,0.97058047,,
VT TQQQ/BTAL75+KMLM25 t20 w0-80 QQQ:VOL_EWMA80 gate QQQ<SMA200,fit,fit,2020-12-18,2024-12-31,false,true,"{""*"": 6, ""BIL"": 0.5, ""BTAL"": 6, ""DBMF"": 2.5, ""KMLM"": 6, ""QQQ"": 1, ""SPY"": 0.7, ""TQQQ"": 1.5}",0.03000000,tests/data/2026-08-24-net15-bil0,BTAL75+KMLM25,0.20000000,0.02953590,0.23271777,0.02916750,0.23272372,54223.75668557,34000.00000000,20223.75668557,0.59481637,0.17395975,0.18309543,0.88793662,0.20515272,1.24530655,0.91256986,-0.19062623,169,2023,0.35127130,2022,-0.06171072,399394.44142025,151.22765476,1.69067727,0.00444787,,,0.47538661,0.14979190,,,0.15803366,0.04996647,,,0.36538681,0.04055417
VT TQQQ/BTAL75+KMLM25 t25 w0-80 QQQ:VOL_EWMA80 gate QQQ<SMA200,fit,fit,2020-12-18,2024-12-31,false,true,"{""*"": 6, ""BIL"": 0.5, ""BTAL"": 6, ""DBMF"": 2.5, ""KMLM"": 6, ""QQQ"": 1, ""SPY"": 0.7, ""TQQQ"": 1.5}",0.03000000,tests/data/2026-08-24-net15-bil0,BTAL75+KMLM25,0.25000000,0.03623524,0.28897993,0.03581324,0.28898598,58418.36227730,34000.00000000,24418.36227730,0.71818713,0.20228095,0.21353830,0.87407237,0.24657657,1.22372703,0.98955429,-0.20441623,557,2023,0.43556307,2022,-0.12777427,461560.15049506,173.85618206,1.88399537,0.00511342,,,0.41475905,0.14897128,,,0.13785065,0.04882742,,,0.44608072,0.05261139
VT TQQQ/BTAL75+DBMF25 t20 w0-80 QQQ:VOL_EWMA80 gate QQQ<SMA200,fit,fit,2020-12-18,2024-12-31,false,true,"{""*"": 6, ""BIL"": 0.5, ""BTAL"": 6, ""DBMF"": 2.5, ""KMLM"": 6, ""QQQ"": 1, ""SPY"": 0.7, ""TQQQ"": 1.5}",0.03000000,tests/data/2026-08-24-net15-bil0,BTAL75+DBMF25,0.20000000,0.02966490,0.23271690,0.02919009,0.23272072,54173.70335162,34000.00000000,20173.70335162,0.59334422,0.17174632,0.18272041,0.87226792,0.20713597,1.22446448,0.90069288,-0.19068245,167,2023,0.34071490,2022,-0.07342515,398073.45986378,132.13265634,1.69737536,0.00388625,,,0.47527594,0.14872668,0.15805029,0.04898819,,,,,0.36532271,0.04055717
VT TQQQ/BTAL75+DBMF25 t25 w0-80 QQQ:VOL_EWMA80 gate QQQ<SMA200,fit,fit,2020-12-18,2024-12-31,false,true,"{""*"": 6, ""BIL"": 0.5, ""BTAL"": 6, ""DBMF"": 2.5, ""KMLM"": 6, ""QQQ"": 1, ""SPY"": 0.7, ""TQQQ"": 1.5}",0.03000000,tests/data/2026-08-24-net15-bil0,BTAL75+DBMF25,0.25000000,0.03628736,0.28894590,0.03580134,0.28895001,58392.40554371,34000.00000000,24392.40554371,0.71742369,0.20050372,0.21335563,0.86294139,0.24862621,1.20950598,0.92439588,-0.21690243,570,2023,0.42579185,2022,-0.13791244,459963.19454698,152.16971941,1.88965269,0.00447558,,,0.41476956,0.14933277,0.13780368,0.04866455,,,,,0.44606271,0.05264735
VT TQQQ/BTAL50+KMLM50 t20 w0-80 QQQ:VOL_EWMA80 gate QQQ<SMA200,fit,fit,2020-12-18,2024-12-31,false,true,"{""*"": 6, ""BIL"": 0.5, ""BTAL"": 6, ""DBMF"": 2.5, ""KMLM"": 6, ""QQQ"": 1, ""SPY"": 0.7, ""TQQQ"": 1.5}",0.03000000,tests/data/2026-08-24-net15-bil0,BTAL50+KMLM50,0.20000000,0.03026359,0.23306855,0.02978006,0.23307415,55198.38829729,34000.00000000,21198.38829729,0.62348201,0.18941448,0.19034051,0.93020451,0.21135449,1.29913187,1.14933002,-0.16480425,,2023,0.37454047,2022,-0.04669946,412218.49716053,156.25714349,1.68919274,0.00459580,,,0.31710843,0.09988652,,,0.31691690,0.09942933,,,0.36467502,0.04020374
VT TQQQ/BTAL50+KMLM50 t25 w0-80 QQQ:VOL_EWMA80 gate QQQ<SMA200,fit,fit,2020-12-18,2024-12-31,false,true,"{""*"": 6, ""BIL"": 0.5, ""BTAL"": 6, ""DBMF"": 2.5, ""KMLM"": 6, ""QQQ"": 1, ""SPY"": 0.7, ""TQQQ"": 1.5}",0.03000000,tests/data/2026-08-24-net15-bil0,BTAL50+KMLM50,0.25000000,0.03698685,0.28921128,0.03646175,0.28921699,59606.59743556,34000.00000000,25606.59743556,0.75313522,0.21798569,0.22182916,0.91083719,0.25260213,1.27248344,1.04925594,-0.20775264,,2023,0.46073132,2022,-0.11498342,475538.72753370,179.24110081,1.88017472,0.00527180,,,0.27662612,0.09904697,,,0.27653522,0.09903835,,,0.44544761,0.05238038
VT TQQQ/BIL37.5+BTAL37.5+KMLM25 t20 w0-80 QQQ:VOL_EWMA80 gate QQQ<SMA200,fit,fit,2020-12-18,2024-12-31,false,true,"{""*"": 6, ""BIL"": 0.5, ""BTAL"": 6, ""DBMF"": 2.5, ""KMLM"": 6, ""QQQ"": 1, ""SPY"": 0.7, ""TQQQ"": 1.5}",0.03000000,tests/data/2026-08-24-net15-bil0,BIL37.5+BTAL37.5+KMLM25,0.20000000,0.03077277,0.23129966,0.02979942,0.23130299,54585.74147389,34000.00000000,20585.74147389,0.60546298,0.17769916,0.18579896,0.89917704,0.20644547,1.25852671,1.04796896,-0.16956529,553,2023,0.40977378,2022,-0.11061168,402704.83211757,109.46726776,1.70578680,0.00321963,0.23603721,0.07152294,0.23742052,0.07474258,,,0.15792332,0.04986415,,,0.36553170,0.04197490
VT TQQQ/BIL37.5+BTAL37.5+KMLM25 t25 w0-80 QQQ:VOL_EWMA80 gate QQQ<SMA200,fit,fit,2020-12-18,2024-12-31,false,true,"{""*"": 6, ""BIL"": 0.5, ""BTAL"": 6, ""DBMF"": 2.5, ""KMLM"": 6, ""QQQ"": 1, ""SPY"": 0.7, ""TQQQ"": 1.5}",0.03000000,tests/data/2026-08-24-net15-bil0,BIL37.5+BTAL37.5+KMLM25,0.25000000,0.03754370,0.28724160,0.03643821,0.28724438,58952.93395124,34000.00000000,24952.93395124,0.73390982,0.20669201,0.21728551,0.87925350,0.25040113,1.23048581,0.87247678,-0.23690259,571,2023,0.49598808,2022,-0.17087441,465624.75542225,126.22491317,1.89800067,0.00371250,0.20561261,0.07117613,0.20717741,0.07408075,,,0.13765617,0.04903653,,,0.44626375,0.05435299
VT TQQQ/BIL37.5+BTAL37.5+DBMF25 t20 w0-80 QQQ:VOL_EWMA80 gate QQQ<SMA200,fit,fit,2020-12-18,2024-12-31,false,true,"{""*"": 6, ""BIL"": 0.5, ""BTAL"": 6, ""DBMF"": 2.5, ""KMLM"": 6, ""QQQ"": 1, ""SPY"": 0.7, ""TQQQ"": 1.5}",0.03000000,tests/data/2026-08-24-net15-bil0,BIL37.5+BTAL37.5+DBMF25,0.20000000,0.03055871,0.23131851,0.02962741,0.23131994,54537.26331607,34000.00000000,20537.26331607,0.60403716,0.17557865,0.18543777,0.88067219,0.20943946,1.23388205,0.95824120,-0.18323012,570,2023,0.39865214,2022,-0.12186381,402193.73712993,91.14439105,1.71549279,0.00268072,0.23611253,0.07177739,0.23740659,0.07341256,0.15797652,0.04888752,,,,,0.36552363,0.04195796
VT TQQQ/BIL37.5+BTAL37.5+DBMF25 t25 w0-80 QQQ:VOL_EWMA80 gate QQQ<SMA200,fit,fit,2020-12-18,2024-12-31,false,true,"{""*"": 6, ""BIL"": 0.5, ""BTAL"": 6, ""DBMF"": 2.5, ""KMLM"": 6, ""QQQ"": 1, ""SPY"": 0.7, ""TQQQ"": 1.5}",0.03000000,tests/data/2026-08-24-net15-bil0,BIL37.5+BTAL37.5+DBMF25,0.25000000,0.03718709,0.28684523,0.03625823,0.28684668,58911.05798958,34000.00000000,24911.05798958,0.73267818,0.20484784,0.21699299,0.86618493,0.25323367,1.21344294,0.82135624,-0.24940194,573,2023,0.48593910,2022,-0.18108784,464594.56400661,105.20421924,1.90606954,0.00309424,0.20550860,0.07134860,0.20709149,0.07456040,0.13774643,0.04859547,,,,,0.44650830,0.05475069
VT TQQQ/BIL25+BTAL25+KMLM50 t20 w0-80 QQQ:VOL_EWMA80 gate QQQ<SMA200,fit,fit,2020-12-18,2024-12-31,false,true,"{""*"": 6, ""BIL"": 0.5, ""BTAL"": 6, ""DBMF"": 2.5, ""KMLM"": 6, ""QQQ"": 1, ""SPY"": 0.7, ""TQQQ"": 1.5}",0.03000000,tests/data/2026-08-24-net15-bil0,BIL25+BTAL25+KMLM50,0.20000000,0.03138335,0.23212039,0.03048164,0.23212548,55407.18897455,34000.00000000,21407.18897455,0.62962321,0.19163681,0.19187868,0.92935929,0.21422775,1.29753934,1.10691097,-0.17312757,,2023,0.41352535,2022,-0.08038077,413949.49529078,127.05655621,1.69781214,0.00373696,0.15695240,0.04984824,0.15830693,0.04908382,,,0.31694993,0.09929442,,,0.36483312,0.04115241
VT TQQQ/BIL25+BTAL25+KMLM50 t25 w0-80 QQQ:VOL_EWMA80 gate QQQ<SMA200,fit,fit,2020-12-18,2024-12-31,false,true,"{""*"": 6, ""BIL"": 0.5, ""BTAL"": 6, ""DBMF"": 2.5, ""KMLM"": 6, ""QQQ"": 1, ""SPY"": 0.7, ""TQQQ"": 1.5}",0.03000000,tests/data/2026-08-24-net15-bil0,BIL25+BTAL25+KMLM50,0.25000000,0.03809669,0.28803099,0.03701844,0.28803616,59905.86866776,34000.00000000,25905.86866776,0.76193731,0.22052523,0.22389555,0.90928316,0.25640886,1.27082562,1.00082970,-0.22034241,557,2023,0.50086995,2022,-0.14492055,478173.07518237,146.25600913,1.89018853,0.00430165,0.13683880,0.04835969,0.13810694,0.04891152,,,0.27645691,0.09889871,,,0.44555814,0.05356121
VT TQQQ/BIL75+KMLM25 t20 w0-80 QQQ:VOL_EWMA80 gate QQQ<SMA200,fit,fit,2020-12-18,2024-12-31,false,true,"{""*"": 6, ""BIL"": 0.5, ""BTAL"": 6, ""DBMF"": 2.5, ""KMLM"": 6, ""QQQ"": 1, ""SPY"": 0.7, ""TQQQ"": 1.5}",0.03000000,tests/data/2026-08-24-net15-bil0,BIL75+KMLM25,0.20000000,0.03017675,0.22970495,0.02950786,0.22970713,54754.14976310,34000.00000000,20754.14976310,0.61041617,0.17969953,0.18705162,0.87225634,0.21746629,1.21743861,0.85011605,-0.21138235,571,2023,0.46866337,2022,-0.15975310,404354.43342662,68.16470558,1.71838078,0.00200484,0.47371854,0.14989464,,,,,0.15796568,0.04976338,,,0.36575831,0.04357076
VT TQQQ/BIL75+KMLM25 t25 w0-80 QQQ:VOL_EWMA80 gate QQQ<SMA200,fit,fit,2020-12-18,2024-12-31,false,true,"{""*"": 6, ""BIL"": 0.5, ""BTAL"": 6, ""DBMF"": 2.5, ""KMLM"": 6, ""QQQ"": 1, ""SPY"": 0.7, ""TQQQ"": 1.5}",0.03000000,tests/data/2026-08-24-net15-bil0,BIL75+KMLM25,0.25000000,0.03672949,0.28488943,0.03598481,0.28489173,59242.96964196,34000.00000000,25242.96964196,0.74244028,0.20917643,0.21930672,0.86142178,0.26121449,1.20312890,0.76954493,-0.27181835,600,2023,0.55646799,2022,-0.21528539,468151.45308244,78.80989986,1.91152049,0.00231794,0.41287874,0.14836620,,,,,0.13764564,0.04920534,,,0.44672642,0.05670564
VT TQQQ/BIL75+DBMF25 t20 w0-80 QQQ:VOL_EWMA80 gate QQQ<SMA200,fit,fit,2020-12-18,2024-12-31,false,true,"{""*"": 6, ""BIL"": 0.5, ""BTAL"": 6, ""DBMF"": 2.5, ""KMLM"": 6, ""QQQ"": 1, ""SPY"": 0.7, ""TQQQ"": 1.5}",0.03000000,tests/data/2026-08-24-net15-bil0,BIL75+DBMF25,0.20000000,0.02989807,0.22935757,0.02924372,0.22935895,54685.69855831,34000.00000000,20685.69855831,0.60840290,0.17744291,0.18654286,0.85197963,0.22140562,1.18853658,0.78865162,-0.22499530,600,2023,0.45665061,2022,-0.17099887,403861.08034519,50.43418925,1.72850195,0.00148336,0.47352458,0.14326363,,,0.15784404,0.04878837,,,,,0.36598733,0.04391895
VT TQQQ/BIL75+DBMF25 t25 w0-80 QQQ:VOL_EWMA80 gate QQQ<SMA200,fit,fit,2020-12-18,2024-12-31,false,true,"{""*"": 6, ""BIL"": 0.5, ""BTAL"": 6, ""DBMF"": 2.5, ""KMLM"": 6, ""QQQ"": 1, ""SPY"": 0.7, ""TQQQ"": 1.5}",0.03000000,tests/data/2026-08-24-net15-bil0,BIL75+DBMF25,0.25000000,0.03639539,0.28486965,0.03572313,0.28487082,59224.15027959,34000.00000000,25224.15027959,0.74188677,0.20742489,0.21917582,0.84810726,0.26467901,1.18458941,0.73304131,-0.28296481,601,2023,0.54576680,2022,-0.22398691,467622.71288652,58.47555700,1.92124304,0.00171987,0.41312253,0.14802284,,,0.13772123,0.04852659,,,,,0.44678949,0.05672655
VT TQQQ/BIL50+KMLM50 t20 w0-80 QQQ:VOL_EWMA80 gate QQQ<SMA200,fit,fit,2020-12-18,2024-12-31,false,true,"{""*"": 6, ""BIL"": 0.5, ""BTAL"": 6, ""DBMF"": 2.5, ""KMLM"": 6, ""QQQ"": 1, ""SPY"": 0.7, ""TQQQ"": 1.5}",0.03000000,tests/data/2026-08-24-net15-bil0,BIL50+KMLM50,0.20000000,0.03062690,0.23067624,0.03003405,0.23067966,55448.34510139,34000.00000000,21448.34510139,0.63083368,0.19240434,0.19218130,0.90977611,0.22123709,1.27005844,1.03892968,-0.18519477,553,2023,0.45292497,2022,-0.11609334,414692.15748845,98.24026192,1.70667228,0.00288942,0.31550559,0.09956216,,,,,0.31673673,0.09916064,,,0.36518984,0.04259823
VT TQQQ/BIL50+KMLM50 t25 w0-80 QQQ:VOL_EWMA80 gate QQQ<SMA200,fit,fit,2020-12-18,2024-12-31,false,true,"{""*"": 6, ""BIL"": 0.5, ""BTAL"": 6, ""DBMF"": 2.5, ""KMLM"": 6, ""QQQ"": 1, ""SPY"": 0.7, ""TQQQ"": 1.5}",0.03000000,tests/data/2026-08-24-net15-bil0,BIL50+KMLM50,0.25000000,0.03728597,0.28635085,0.03654248,0.28635468,60090.12771744,34000.00000000,26090.12771744,0.76735670,0.22205930,0.22516354,0.89722460,0.26325618,1.25416768,0.90875557,-0.24435537,570,2023,0.54167012,2022,-0.17581047,479509.40648382,113.42943183,1.89836314,0.00333616,0.27555813,0.09858987,,,,,0.27617854,0.09864262,,,0.44591859,0.05524269
VT TQQQ/BTAL t20 w0-80 QQQ:VOL_EWMA80 gate QQQ<SMA200,fit,fit,2020-12-18,2024-12-31,false,true,"{""*"": 6, ""BIL"": 0.5, ""BTAL"": 6, ""DBMF"": 2.5, ""KMLM"": 6, ""QQQ"": 1, ""SPY"": 0.7, ""TQQQ"": 1.5}",0.03000000,tests/data/2026-08-24-net15-bil0,BTAL,0.20000000,0.02886458,0.23263291,0.02870594,0.23263898,53150.38111716,34000.00000000,19150.38111716,0.56324650,0.15721166,0.17498865,0.81752397,0.20516104,1.14864171,0.71603273,-0.21955932,209,2023,0.32712110,2022,-0.07745348,385623.67308265,145.76754085,1.68921114,0.00428728,,,0.63347408,0.19859073,,,,,,,0.36568021,0.04063892
VT TQQQ/BTAL t25 w0-80 QQQ:VOL_EWMA80 gate QQQ<SMA200,fit,fit,2020-12-18,2024-12-31,false,true,"{""*"": 6, ""BIL"": 0.5, ""BTAL"": 6, ""DBMF"": 2.5, ""KMLM"": 6, ""QQQ"": 1, ""SPY"": 0.7, ""TQQQ"": 1.5}",0.03000000,tests/data/2026-08-24-net15-bil0,BTAL,0.25000000,0.03531234,0.28865319,0.03512453,0.28865936,57147.83560900,34000.00000000,23147.83560900,0.68081869,0.18552178,0.20451596,0.82056412,0.24498251,1.14957479,0.82667421,-0.22441946,167,2023,0.41034343,2022,-0.14273284,446315.50002116,167.81492542,1.88350203,0.00493573,,,0.55245245,0.19877942,,,,,,,0.44669192,0.05293801
VT TQQQ/BIL t20 w0-80 QQQ:VOL_EWMA80 gate QQQ<SMA200,fit,fit,2020-12-18,2024-12-31,false,true,"{""*"": 6, ""BIL"": 0.5, ""BTAL"": 6, ""DBMF"": 2.5, ""KMLM"": 6, ""QQQ"": 1, ""SPY"": 0.7, ""TQQQ"": 1.5}",0.03000000,tests/data/2026-08-24-net15-bil0,BIL,0.20000000,0.02937343,0.22826552,0.02892979,0.22826604,53961.46923760,34000.00000000,19961.46923760,0.58710204,0.16586879,0.18112701,0.81645767,0.21794654,1.13825212,0.68266296,-0.24297317,605,2023,0.48368353,2022,-0.20432504,392920.68080635,39.05055300,1.72645125,0.00114855,0.63121887,0.19342173,,,,,,,,,0.36645340,0.04501185
VT TQQQ/BIL t25 w0-80 QQQ:VOL_EWMA80 gate QQQ<SMA200,fit,fit,2020-12-18,2024-12-31,false,true,"{""*"": 6, ""BIL"": 0.5, ""BTAL"": 6, ""DBMF"": 2.5, ""KMLM"": 6, ""QQQ"": 1, ""SPY"": 0.7, ""TQQQ"": 1.5}",0.03000000,tests/data/2026-08-24-net15-bil0,BIL,0.25000000,0.03554036,0.28332639,0.03510079,0.28332701,58347.80771449,34000.00000000,24347.80771449,0.71611199,0.19557228,0.21304160,0.81548943,0.26235455,1.13810022,0.65196041,-0.29997570,606,2023,0.57133666,2022,-0.25455130,456092.39338477,45.49622676,1.92182017,0.00133812,0.55013758,0.19827450,,,,,,,,,0.44748687,0.05827036
VT TQQQ/BIL50+BTAL50 t20 w0-80 QQQ:VOL_EWMA80 gate QQQ<SMA200,fit,fit,2020-12-18,2024-12-31,false,true,"{""*"": 6, ""BIL"": 0.5, ""BTAL"": 6, ""DBMF"": 2.5, ""KMLM"": 6, ""QQQ"": 1, ""SPY"": 0.7, ""TQQQ"": 1.5}",0.03000000,tests/data/2026-08-24-net15-bil0,BIL50+BTAL50,0.20000000,0.02982857,0.23042406,0.02926888,0.23042545,53732.15590704,34000.00000000,19732.15590704,0.58035753,0.16312811,0.17939946,0.84997821,0.20279819,1.19102893,0.86556924,-0.18846339,572,2023,0.40575042,2022,-0.14131020,391554.13494095,92.18874578,1.71378095,0.00271143,0.31481426,0.09338319,0.31634770,0.09902433,,,,,,,0.36623302,0.04285245
VT TQQQ/BIL50+BTAL50 t25 w0-80 QQQ:VOL_EWMA80 gate QQQ<SMA200,fit,fit,2020-12-18,2024-12-31,false,true,"{""*"": 6, ""BIL"": 0.5, ""BTAL"": 6, ""DBMF"": 2.5, ""KMLM"": 6, ""QQQ"": 1, ""SPY"": 0.7, ""TQQQ"": 1.5}",0.03000000,tests/data/2026-08-24-net15-bil0,BIL50+BTAL50,0.25000000,0.03611351,0.28599905,0.03545674,0.28600046,57919.46980437,34000.00000000,23919.46980437,0.70351382,0.19200397,0.21001528,0.83707748,0.24742959,1.17177020,0.75105318,-0.25564631,601,2023,0.49096812,2022,-0.19872206,453132.84506757,106.64187898,1.90659563,0.00313653,0.27449005,0.09589581,0.27573193,0.09957040,,,,,,,0.44715420,0.05559691
TQQQ50/BTAL50 gate QQQ<SMA200,fit,fit,2020-12-18,2024-12-31,true,true,"{""*"": 6, ""BIL"": 0.5, ""BTAL"": 6, ""DBMF"": 2.5, ""KMLM"": 6, ""QQQ"": 1, ""SPY"": 0.7, ""TQQQ"": 1.5}",0.03000000,tests/data/2026-08-24-net15-bil0,,,0.06878676,0.39663067,0.06855602,0.39663758,59190.12084596,34000.00000000,25190.12084596,0.74088591,0.18800160,0.21893904,0.88295604,0.22449511,1.27068635,0.60661015,-0.30992162,683,2023,0.46780948,2022,-0.25830154,104436.39141814,41.31127599,0.45179219,0.00121504,,,0.56750307,0.49856868,,,,,,,0.43153983,0.10336242
SPY benchmark,fit,fit,2020-12-18,2024-12-31,true,true,"{""*"": 6, ""BIL"": 0.5, ""BTAL"": 6, ""DBMF"": 2.5, ""KMLM"": 6, ""QQQ"": 1, ""SPY"": 0.7, ""TQQQ"": 1.5}",0.03000000,tests/data/2026-08-24-net15-bil0,,,0.00885396,0.02938556,0.00885542,0.02941953,49363.59276674,34000.00000000,15363.59276674,0.45187038,0.13405134,0.14524092,0.85649732,0.16299656,1.22777682,0.54819872,-0.24453056,709,2021,0.28166993,2022,-0.18247338,33760.58665248,2.36324107,0.15811837,0.00006951,,,,,,,,,0.99114458,0.97058047,,
VT TQQQ/BTAL75+KMLM25 t20 w0-80 QQQ:VOL_EWMA80 gate QQQ<SMA200,test,test,2025-01-02,2026-08-24,false,true,"{""*"": 6, ""BIL"": 0.5, ""BTAL"": 6, ""DBMF"": 2.5, ""KMLM"": 6, ""QQQ"": 1, ""SPY"": 0.7, ""TQQQ"": 1.5}",0.03000000,tests/data/2026-08-24-net15-bil0,BTAL75+KMLM25,0.20000000,0.00790325,0.07190527,0.00665778,0.07191910,23119.47620128,19500.00000000,3619.47620128,0.18561416,0.13687152,0.14498392,0.77671759,0.18982464,1.06645442,0.84701986,-0.16159187,215,2025,0.16657393,2026,0.05792014,98281.95150997,37.97721597,1.86421397,0.00194755,,,0.44195869,0.14904769,,,0.14637035,0.04842351,,,0.40844606,0.19026999
VT TQQQ/BTAL75+KMLM25 t25 w0-80 QQQ:VOL_EWMA80 gate QQQ<SMA200,test,test,2025-01-02,2026-08-24,false,true,"{""*"": 6, ""BIL"": 0.5, ""BTAL"": 6, ""DBMF"": 2.5, ""KMLM"": 6, ""QQQ"": 1, ""SPY"": 0.7, ""TQQQ"": 1.5}",0.03000000,tests/data/2026-08-24-net15-bil0,BTAL75+KMLM25,0.25000000,0.00791238,0.08608075,0.00721369,0.08609477,24460.85353968,19500.00000000,4960.85353968,0.25440275,0.18520308,0.19653695,0.85276666,0.23285195,1.17312720,0.94134417,-0.19674322,197,2025,0.21312688,2026,0.08921071,99505.07964841,37.96987988,1.82824697,0.00194717,,,0.38003538,0.14954039,,,0.12612396,0.04924745,,,0.49152796,0.24133031
VT TQQQ/BTAL75+DBMF25 t20 w0-80 QQQ:VOL_EWMA80 gate QQQ<SMA200,test,test,2025-01-02,2026-08-24,false,true,"{""*"": 6, ""BIL"": 0.5, ""BTAL"": 6, ""DBMF"": 2.5, ""KMLM"": 6, ""QQQ"": 1, ""SPY"": 0.7, ""TQQQ"": 1.5}",0.03000000,tests/data/2026-08-24-net15-bil0,BTAL75+DBMF25,0.20000000,0.00772903,0.07176103,0.00664572,0.07177044,23236.34038584,19500.00000000,3736.34038584,0.19160720,0.14406598,0.14951874,0.79789651,0.19370191,1.09625660,0.88253297,-0.16324147,215,2025,0.18771681,2026,0.04989352,98799.17890052,33.60276736,1.85591509,0.00172322,,,0.44201290,0.14913536,0.14673013,0.04848469,,,,,0.40829703,0.18908870
VT TQQQ/BTAL75+DBMF25 t25 w0-80 QQQ:VOL_EWMA80 gate QQQ<SMA200,test,test,2025-01-02,2026-08-24,false,true,"{""*"": 6, ""BIL"": 0.5, ""BTAL"": 6, ""DBMF"": 2.5, ""KMLM"": 6, ""QQQ"": 1, ""SPY"": 0.7, ""TQQQ"": 1.5}",0.03000000,tests/data/2026-08-24-net15-bil0,BTAL75+DBMF25,0.25000000,0.00803882,0.08572071,0.00717921,0.08573121,24501.15134112,19500.00000000,5001.15134112,0.25646930,0.18921309,0.19806923,0.85576423,0.23723085,1.17932640,0.94767260,-0.19966082,209,2025,0.23089426,2026,0.07945135,99623.34394504,33.47760482,1.81729408,0.00171680,,,0.37992892,0.14989130,0.12598683,0.04945475,,,,,0.49160362,0.24010955
VT TQQQ/BTAL50+KMLM50 t20 w0-80 QQQ:VOL_EWMA80 gate QQQ<SMA200,test,test,2025-01-02,2026-08-24,false,true,"{""*"": 6, ""BIL"": 0.5, ""BTAL"": 6, ""DBMF"": 2.5, ""KMLM"": 6, ""QQQ"": 1, ""SPY"": 0.7, ""TQQQ"": 1.5}",0.03000000,tests/data/2026-08-24-net15-bil0,BTAL50+KMLM50,0.20000000,0.00718796,0.07184905,0.00628821,0.07186361,24249.22963628,19500.00000000,4749.22963628,0.24355024,0.17342157,0.18847475,0.88946193,0.20502483,1.22852746,1.16742198,-0.14855088,191,2025,0.17872522,2026,0.10278333,100361.93841575,38.77281866,1.86635244,0.00198835,,,0.29440098,0.09887666,,,0.29418629,0.09920749,,,0.40884456,0.19037701
VT TQQQ/BTAL50+KMLM50 t25 w0-80 QQQ:VOL_EWMA80 gate QQQ<SMA200,test,test,2025-01-02,2026-08-24,false,true,"{""*"": 6, ""BIL"": 0.5, ""BTAL"": 6, ""DBMF"": 2.5, ""KMLM"": 6, ""QQQ"": 1, ""SPY"": 0.7, ""TQQQ"": 1.5}",0.03000000,tests/data/2026-08-24-net15-bil0,BTAL50+KMLM50,0.25000000,0.00810759,0.08262795,0.00706342,0.08264213,25478.46533450,19500.00000000,5978.46533450,0.30658797,0.21703566,0.23494861,0.91841705,0.24977022,1.26911235,1.14813527,-0.18903318,152,2025,0.22203739,2026,0.12930327,101223.56934856,38.61788410,1.82921327,0.00198040,,,0.25284501,0.09966753,,,0.25256174,0.09863817,,,0.49164515,0.24466168
VT TQQQ/BIL37.5+BTAL37.5+KMLM25 t20 w0-80 QQQ:VOL_EWMA80 gate QQQ<SMA200,test,test,2025-01-02,2026-08-24,false,true,"{""*"": 6, ""BIL"": 0.5, ""BTAL"": 6, ""DBMF"": 2.5, ""KMLM"": 6, ""QQQ"": 1, ""SPY"": 0.7, ""TQQQ"": 1.5}",0.03000000,tests/data/2026-08-24-net15-bil0,BIL37.5+BTAL37.5+KMLM25,0.20000000,0.00959489,0.06847175,0.00741108,0.06847902,24548.85997230,19500.00000000,5048.85997230,0.25891590,0.18864837,0.19988208,0.93240495,0.21082603,1.29073692,1.19992200,-0.15721719,191,2025,0.21130024,2026,0.09605845,101834.81448099,28.33882096,1.86123527,0.00145327,0.21860588,0.06991788,0.22063993,0.07395273,,,0.14638000,0.04856193,,,0.40883186,0.19151159
VT TQQQ/BIL37.5+BTAL37.5+KMLM25 t25 w0-80 QQQ:VOL_EWMA80 gate QQQ<SMA200,test,test,2025-01-02,2026-08-24,false,true,"{""*"": 6, ""BIL"": 0.5, ""BTAL"": 6, ""DBMF"": 2.5, ""KMLM"": 6, ""QQQ"": 1, ""SPY"": 0.7, ""TQQQ"": 1.5}",0.03000000,tests/data/2026-08-24-net15-bil0,BIL37.5+BTAL37.5+KMLM25,0.25000000,0.00958896,0.08167146,0.00768402,0.08167931,25627.86794775,19500.00000000,6127.86794775,0.31424964,0.22652034,0.24053967,0.93000359,0.25706505,1.28984556,1.15761679,-0.19567818,191,2025,0.24941608,2026,0.11870887,102189.40686209,28.32564347,1.82180630,0.00145260,0.18759470,0.07230748,0.18966212,0.07444872,,,0.12588147,0.04842883,,,0.49212007,0.24312333
VT TQQQ/BIL37.5+BTAL37.5+DBMF25 t20 w0-80 QQQ:VOL_EWMA80 gate QQQ<SMA200,test,test,2025-01-02,2026-08-24,false,true,"{""*"": 6, ""BIL"": 0.5, ""BTAL"": 6, ""DBMF"": 2.5, ""KMLM"": 6, ""QQQ"": 1, ""SPY"": 0.7, ""TQQQ"": 1.5}",0.03000000,tests/data/2026-08-24-net15-bil0,BIL37.5+BTAL37.5+DBMF25,0.20000000,0.01017208,0.06820750,0.00789057,0.06821196,24683.78453004,19500.00000000,5183.78453004,0.26583510,0.19625157,0.20500194,0.94522107,0.21593150,1.31223208,1.22940621,-0.15963118,191,2025,0.23288953,2026,0.08818476,102725.89769066,23.70000807,1.85957405,0.00121539,0.21800158,0.07397187,0.22066684,0.07450896,0.14644654,0.04863606,,,,,0.40876582,0.19045749
VT TQQQ/BIL37.5+BTAL37.5+DBMF25 t25 w0-80 QQQ:VOL_EWMA80 gate QQQ<SMA200,test,test,2025-01-02,2026-08-24,false,true,"{""*"": 6, ""BIL"": 0.5, ""BTAL"": 6, ""DBMF"": 2.5, ""KMLM"": 6, ""QQQ"": 1, ""SPY"": 0.7, ""TQQQ"": 1.5}",0.03000000,tests/data/2026-08-24-net15-bil0,BIL37.5+BTAL37.5+DBMF25,0.25000000,0.01068595,0.08144381,0.00857538,0.08144837,25693.36171813,19500.00000000,6193.36171813,0.31760829,0.23149517,0.24298681,0.93335075,0.26185666,1.29821382,1.15448965,-0.20051732,149,2025,0.26854147,2026,0.10918122,102568.91475783,23.65023081,1.81448077,0.00121283,0.18718170,0.07158872,0.18957184,0.07398272,0.12591731,0.04854157,,,,,0.49181254,0.24179765
VT TQQQ/BIL25+BTAL25+KMLM50 t20 w0-80 QQQ:VOL_EWMA80 gate QQQ<SMA200,test,test,2025-01-02,2026-08-24,false,true,"{""*"": 6, ""BIL"": 0.5, ""BTAL"": 6, ""DBMF"": 2.5, ""KMLM"": 6, ""QQQ"": 1, ""SPY"": 0.7, ""TQQQ"": 1.5}",0.03000000,tests/data/2026-08-24-net15-bil0,BIL25+BTAL25+KMLM50,0.20000000,0.00947200,0.06771356,0.00736838,0.06772382,25237.91112024,19500.00000000,5737.91112024,0.29425185,0.20831867,0.22592072,0.96821231,0.22281837,1.34195676,1.26184550,-0.16509047,152,2025,0.20757557,2026,0.12943455,102709.81356034,32.38422586,1.86366302,0.00166073,0.14456622,0.04850798,0.14684883,0.04919476,,,0.29407679,0.09890097,,,0.40886055,0.19295314
VT TQQQ/BIL25+BTAL25+KMLM50 t25 w0-80 QQQ:VOL_EWMA80 gate QQQ<SMA200,test,test,2025-01-02,2026-08-24,false,true,"{""*"": 6, ""BIL"": 0.5, ""BTAL"": 6, ""DBMF"": 2.5, ""KMLM"": 6, ""QQQ"": 1, ""SPY"": 0.7, ""TQQQ"": 1.5}",0.03000000,tests/data/2026-08-24-net15-bil0,BIL25+BTAL25+KMLM50,0.25000000,0.01014292,0.08069824,0.00812255,0.08070870,26280.24057127,19500.00000000,6780.24057127,0.34770464,0.24501512,0.26481263,0.95922438,0.26796394,1.33133468,1.16773866,-0.20982016,148,2025,0.24670849,2026,0.14899692,103456.80624639,32.33623133,1.83174490,0.00165827,0.12393965,0.04658478,0.12615992,0.04913415,,,0.25263291,0.09908460,,,0.49182559,0.24489636
VT TQQQ/BIL75+KMLM25 t20 w0-80 QQQ:VOL_EWMA80 gate QQQ<SMA200,test,test,2025-01-02,2026-08-24,false,true,"{""*"": 6, ""BIL"": 0.5, ""BTAL"": 6, ""DBMF"": 2.5, ""KMLM"": 6, ""QQQ"": 1, ""SPY"": 0.7, ""TQQQ"": 1.5}",0.03000000,tests/data/2026-08-24-net15-bil0,BIL75+KMLM25,0.20000000,0.00911795,0.06480844,0.00731380,0.06481294,25987.93911179,19500.00000000,6487.93911179,0.33271483,0.23915049,0.25396496,1.01191952,0.24294518,1.41237107,1.29541072,-0.18461364,148,2025,0.25481434,2026,0.13276918,105573.85219188,18.19386559,1.86146158,0.00093302,0.43924278,0.14548731,,,,,0.14634893,0.04834338,,,0.40903669,0.19294829
VT TQQQ/BIL75+KMLM25 t25 w0-80 QQQ:VOL_EWMA80 gate QQQ<SMA200,test,test,2025-01-02,2026-08-24,false,true,"{""*"": 6, ""BIL"": 0.5, ""BTAL"": 6, ""DBMF"": 2.5, ""KMLM"": 6, ""QQQ"": 1, ""SPY"": 0.7, ""TQQQ"": 1.5}",0.03000000,tests/data/2026-08-24-net15-bil0,BIL75+KMLM25,0.25000000,0.00961444,0.07727618,0.00769395,0.07728077,26842.84145567,19500.00000000,7342.84145567,0.37655597,0.26845783,0.28556594,0.97790578,0.28768943,1.36666015,1.18535967,-0.22647796,148,2025,0.28593850,2026,0.14854938,105478.86867095,18.13246517,1.82439598,0.00092987,0.37752656,0.14650838,,,,,0.12579447,0.04855877,,,0.49185729,0.24490736
VT TQQQ/BIL75+DBMF25 t20 w0-80 QQQ:VOL_EWMA80 gate QQQ<SMA200,test,test,2025-01-02,2026-08-24,false,true,"{""*"": 6, ""BIL"": 0.5, ""BTAL"": 6, ""DBMF"": 2.5, ""KMLM"": 6, ""QQQ"": 1, ""SPY"": 0.7, ""TQQQ"": 1.5}",0.03000000,tests/data/2026-08-24-net15-bil0,BIL75+DBMF25,0.20000000,0.00885084,0.06458984,0.00703846,0.06459234,26118.86395231,19500.00000000,6618.86395231,0.33942892,0.24670159,0.25882933,1.01802460,0.24896955,1.42597885,1.28697547,-0.19169098,148,2025,0.27763296,2026,0.12367778,106058.69059726,13.15367801,1.85163888,0.00067455,0.43912450,0.14440964,,,0.14658131,0.04844205,,,,,0.40907458,0.19186027
VT TQQQ/BIL75+DBMF25 t25 w0-80 QQQ:VOL_EWMA80 gate QQQ<SMA200,test,test,2025-01-02,2026-08-24,false,true,"{""*"": 6, ""BIL"": 0.5, ""BTAL"": 6, ""DBMF"": 2.5, ""KMLM"": 6, ""QQQ"": 1, ""SPY"": 0.7, ""TQQQ"": 1.5}",0.03000000,tests/data/2026-08-24-net15-bil0,BIL75+DBMF25,0.25000000,0.00927492,0.07698589,0.00756309,0.07698874,26908.81288613,19500.00000000,7408.81288613,0.37993912,0.27342467,0.28798885,0.97826488,0.29327669,1.37139863,1.17628568,-0.23244751,149,2025,0.30558938,2026,0.13853573,106291.74372111,13.22453366,1.82419284,0.00067818,0.37731210,0.14503850,,,0.12587271,0.04873286,,,,,0.49231161,0.24364982
VT TQQQ/BIL50+KMLM50 t20 w0-80 QQQ:VOL_EWMA80 gate QQQ<SMA200,test,test,2025-01-02,2026-08-24,false,true,"{""*"": 6, ""BIL"": 0.5, ""BTAL"": 6, ""DBMF"": 2.5, ""KMLM"": 6, ""QQQ"": 1, ""SPY"": 0.7, ""TQQQ"": 1.5}",0.03000000,tests/data/2026-08-24-net15-bil0,BIL50+KMLM50,0.20000000,0.00851073,0.06630436,0.00680876,0.06631238,26215.59417687,19500.00000000,6715.59417687,0.34438944,0.24243911,0.26241741,1.01778910,0.24456445,1.41653891,1.28379807,-0.18884521,148,2025,0.23699832,2026,0.15408952,105257.45146912,25.81288793,1.86372445,0.00132374,0.29273240,0.09514504,,,,,0.29384743,0.09853328,,,0.40893376,0.19292864
VT TQQQ/BIL50+KMLM50 t25 w0-80 QQQ:VOL_EWMA80 gate QQQ<SMA200,test,test,2025-01-02,2026-08-24,false,true,"{""*"": 6, ""BIL"": 0.5, ""BTAL"": 6, ""DBMF"": 2.5, ""KMLM"": 6, ""QQQ"": 1, ""SPY"": 0.7, ""TQQQ"": 1.5}",0.03000000,tests/data/2026-08-24-net15-bil0,BIL50+KMLM50,0.25000000,0.00910473,0.07865238,0.00778694,0.07866056,27106.59328223,19500.00000000,7606.59328223,0.39008171,0.27310204,0.29523945,0.98817414,0.28874960,1.37730565,1.18352270,-0.23075353,148,2025,0.27019093,2026,0.16977893,105677.04038798,25.66721915,1.83396705,0.00131627,0.25081999,0.09646329,,,,,0.25265422,0.09955723,,,0.49240116,0.24524869
VT TQQQ/BTAL t20 w0-80 QQQ:VOL_EWMA80 gate QQQ<SMA200,test,test,2025-01-02,2026-08-24,false,true,"{""*"": 6, ""BIL"": 0.5, ""BTAL"": 6, ""DBMF"": 2.5, ""KMLM"": 6, ""QQQ"": 1, ""SPY"": 0.7, ""TQQQ"": 1.5}",0.03000000,tests/data/2026-08-24-net15-bil0,BTAL,0.20000000,0.00672263,0.07461739,0.00647361,0.07463058,21961.42594567,19500.00000000,2461.42594567,0.12622697,0.09838136,0.09957676,0.61065894,0.18224281,0.83415716,0.56098219,-0.17537340,,2025,0.15359671,2026,0.01106726,96371.35996668,37.25880521,1.86567144,0.00191071,,,0.59007242,0.19932419,,,,,,,0.40838010,0.18764062
VT TQQQ/BTAL t25 w0-80 QQQ:VOL_EWMA80 gate QQQ<SMA200,test,test,2025-01-02,2026-08-24,false,true,"{""*"": 6, ""BIL"": 0.5, ""BTAL"": 6, ""DBMF"": 2.5, ""KMLM"": 6, ""QQQ"": 1, ""SPY"": 0.7, ""TQQQ"": 1.5}",0.03000000,tests/data/2026-08-24-net15-bil0,BTAL,0.25000000,0.00800662,0.08941253,0.00756328,0.08942609,23446.94914423,19500.00000000,3946.94914423,0.20240765,0.15267605,0.15766993,0.76122239,0.22021201,1.04070640,0.73904707,-0.20658502,,2025,0.20326443,2026,0.04914897,97295.19979579,37.17953185,1.81774352,0.00190664,,,0.50692359,0.19897152,,,,,,,0.49101619,0.23808799
VT TQQQ/BIL t20 w0-80 QQQ:VOL_EWMA80 gate QQQ<SMA200,test,test,2025-01-02,2026-08-24,false,true,"{""*"": 6, ""BIL"": 0.5, ""BTAL"": 6, ""DBMF"": 2.5, ""KMLM"": 6, ""QQQ"": 1, ""SPY"": 0.7, ""TQQQ"": 1.5}",0.03000000,tests/data/2026-08-24-net15-bil0,BIL,0.20000000,0.00886969,0.06622119,0.00777638,0.06622241,25747.00943041,19500.00000000,6247.00943041,0.32035946,0.23562067,0.24498960,1.00113975,0.24259553,1.40349418,1.32172638,-0.17826736,134,2025,0.27422038,2026,0.11031091,106025.02205670,10.34860795,1.86058446,0.00053070,0.58607867,0.19623822,,,,,,,,,0.40900043,0.19029036
VT TQQQ/BIL t25 w0-80 QQQ:VOL_EWMA80 gate QQQ<SMA200,test,test,2025-01-02,2026-08-24,false,true,"{""*"": 6, ""BIL"": 0.5, ""BTAL"": 6, ""DBMF"": 2.5, ""KMLM"": 6, ""QQQ"": 1, ""SPY"": 0.7, ""TQQQ"": 1.5}",0.03000000,tests/data/2026-08-24-net15-bil0,BIL,0.25000000,0.00969658,0.07883913,0.00873101,0.07884037,26604.90908334,19500.00000000,7104.90908334,0.36435431,0.26467536,0.27680900,0.96741439,0.28768577,1.35668041,1.19897108,-0.22075208,134,2025,0.30305607,2026,0.12792379,106007.67311208,10.46630109,1.82626173,0.00053673,0.50356075,0.19427927,,,,,,,,,0.49200424,0.24185418
VT TQQQ/BIL50+BTAL50 t20 w0-80 QQQ:VOL_EWMA80 gate QQQ<SMA200,test,test,2025-01-02,2026-08-24,false,true,"{""*"": 6, ""BIL"": 0.5, ""BTAL"": 6, ""DBMF"": 2.5, ""KMLM"": 6, ""QQQ"": 1, ""SPY"": 0.7, ""TQQQ"": 1.5}",0.03000000,tests/data/2026-08-24-net15-bil0,BIL50+BTAL50,0.20000000,0.00934684,0.07181581,0.00780855,0.07182062,23812.56635940,19500.00000000,4312.56635940,0.22115725,0.16680271,0.17175614,0.87481312,0.20100156,1.20882782,0.98894832,-0.16866676,209,2025,0.21369968,2026,0.06111563,100911.41476063,24.37068521,1.85995817,0.00124978,0.29239538,0.09667273,0.29460709,0.09913088,,,,,,,0.40832301,0.18766816
VT TQQQ/BIL50+BTAL50 t25 w0-80 QQQ:VOL_EWMA80 gate QQQ<SMA200,test,test,2025-01-02,2026-08-24,false,true,"{""*"": 6, ""BIL"": 0.5, ""BTAL"": 6, ""DBMF"": 2.5, ""KMLM"": 6, ""QQQ"": 1, ""SPY"": 0.7, ""TQQQ"": 1.5}",0.03000000,tests/data/2026-08-24-net15-bil0,BIL50+BTAL50,0.25000000,0.00903861,0.08281130,0.00787903,0.08281547,25022.60745764,19500.00000000,5522.60745764,0.28321064,0.20944479,0.21781329,0.89848371,0.24770893,1.24565619,1.02466384,-0.20440342,196,2025,0.25367448,2026,0.08956733,101349.65296629,24.31230007,1.81740656,0.00124678,0.25094809,0.09662351,0.25301687,0.09953700,,,,,,,0.49197855,0.24121377
TQQQ50/BTAL50 gate QQQ<SMA200,test,test,2025-01-02,2026-08-24,true,true,"{""*"": 6, ""BIL"": 0.5, ""BTAL"": 6, ""DBMF"": 2.5, ""KMLM"": 6, ""QQQ"": 1, ""SPY"": 0.7, ""TQQQ"": 1.5}",0.03000000,tests/data/2026-08-24-net15-bil0,,,0.01564490,0.12486076,0.01534279,0.12487452,22178.51100039,19500.00000000,2678.51100039,0.13735954,0.09234828,0.10815507,0.52527449,0.21250728,0.73519453,0.39508664,-0.23374185,211,2026,0.09828600,2025,0.05243614,33138.11531392,12.99404339,0.65459219,0.00066636,,,0.51361750,0.49867097,,,,,,,0.48473765,0.37512548
SPY benchmark,test,test,2025-01-02,2026-08-24,true,true,"{""*"": 6, ""BIL"": 0.5, ""BTAL"": 6, ""DBMF"": 2.5, ""KMLM"": 6, ""QQQ"": 1, ""SPY"": 0.7, ""TQQQ"": 1.5}",0.03000000,tests/data/2026-08-24-net15-bil0,,,0.02070958,0.04757251,0.02071231,0.04757251,24320.87863722,19500.00000000,4820.87863722,0.24722455,0.18230559,0.19120726,1.08527830,0.16854631,1.63331990,0.99826430,-0.18262257,127,2025,0.17232006,2026,0.12260919,18861.35152568,1.32029461,0.34736372,0.00006771,,,,,,,,,0.97928769,0.95242749,,
VT TQQQ/BTAL75+KMLM25 t20 w0-80 QQQ:VOL_EWMA80 gate QQQ<SMA200,sens,sens_2020-12-18,2020-12-18,2023-12-18,false,true,"{""*"": 6, ""BIL"": 0.5, ""BTAL"": 6, ""DBMF"": 2.5, ""KMLM"": 6, ""QQQ"": 1, ""SPY"": 0.7, ""TQQQ"": 1.5}",0.03000000,tests/data/2026-08-24-net15-bil0,BTAL75+KMLM25,0.20000000,0.03887413,0.23271777,0.03848146,0.23272372,40634.86447671,28000.00000000,12634.86447671,0.45124516,0.17494013,0.19148246,0.95318787,0.18836418,1.37223931,0.91771277,-0.19062623,169,2023,0.34192278,2022,-0.06171072,157732.50255020,60.58336208,1.17857669,0.00216369,,,0.50392249,0.14979190,,,0.16747943,0.04996647,,,0.32728465,0.04055417
VT TQQQ/BTAL75+KMLM25 t25 w0-80 QQQ:VOL_EWMA80 gate QQQ<SMA200,sens,sens_2020-12-18,2020-12-18,2023-12-18,false,true,"{""*"": 6, ""BIL"": 0.5, ""BTAL"": 6, ""DBMF"": 2.5, ""KMLM"": 6, ""QQQ"": 1, ""SPY"": 0.7, ""TQQQ"": 1.5}",0.03000000,tests/data/2026-08-24-net15-bil0,BTAL75+KMLM25,0.25000000,0.04777671,0.28897993,0.04730756,0.28898598,42320.41093702,28000.00000000,14320.41093702,0.51144325,0.19689793,0.21355288,0.92247402,0.22237230,1.32413450,0.96322065,-0.20441623,557,2023,0.42460281,2022,-0.12777427,178191.88122314,67.59731623,1.31001728,0.00241419,,,0.44952766,0.14897128,,,0.14938562,0.04882742,,,0.39959067,0.05261139
VT TQQQ/BTAL75+DBMF25 t20 w0-80 QQQ:VOL_EWMA80 gate QQQ<SMA200,sens,sens_2020-12-18,2020-12-18,2023-12-18,false,true,"{""*"": 6, ""BIL"": 0.5, ""BTAL"": 6, ""DBMF"": 2.5, ""KMLM"": 6, ""QQQ"": 1, ""SPY"": 0.7, ""TQQQ"": 1.5}",0.03000000,tests/data/2026-08-24-net15-bil0,BTAL75+DBMF25,0.20000000,0.03907943,0.23271690,0.03852217,0.23272072,40117.34744028,28000.00000000,12117.34744028,0.43276241,0.16747072,0.18457270,0.91557374,0.18929838,1.32271855,0.87827026,-0.19068245,167,2023,0.33195622,2022,-0.07342515,156590.86117114,52.45232719,1.18282804,0.00187330,,,0.50378821,0.14872668,0.16747807,0.04898819,,,,,0.32717340,0.04055717
VT TQQQ/BTAL75+DBMF25 t25 w0-80 QQQ:VOL_EWMA80 gate QQQ<SMA200,sens,sens_2020-12-18,2020-12-18,2023-12-18,false,true,"{""*"": 6, ""BIL"": 0.5, ""BTAL"": 6, ""DBMF"": 2.5, ""KMLM"": 6, ""QQQ"": 1, ""SPY"": 0.7, ""TQQQ"": 1.5}",0.03000000,tests/data/2026-08-24-net15-bil0,BTAL75+DBMF25,0.25000000,0.04779627,0.28894590,0.04727760,0.28895001,41853.29971200,28000.00000000,13853.29971200,0.49476070,0.19044448,0.20750151,0.89407125,0.22368960,1.28711621,0.87801911,-0.21690243,570,2023,0.41540396,2022,-0.13791244,176738.66772233,58.57367096,1.31141075,0.00209192,,,0.44957283,0.14933277,0.14932937,0.04866455,,,,,0.39957584,0.05264735
VT TQQQ/BTAL50+KMLM50 t20 w0-80 QQQ:VOL_EWMA80 gate QQQ<SMA200,sens,sens_2020-12-18,2020-12-18,2023-12-18,false,true,"{""*"": 6, ""BIL"": 0.5, ""BTAL"": 6, ""DBMF"": 2.5, ""KMLM"": 6, ""QQQ"": 1, ""SPY"": 0.7, ""TQQQ"": 1.5}",0.03000000,tests/data/2026-08-24-net15-bil0,BTAL50+KMLM50,0.20000000,0.03987453,0.23306855,0.03931524,0.23307415,42051.37206960,28000.00000000,14051.37206960,0.50183472,0.20115592,0.21007347,1.04518951,0.19402619,1.49292955,1.24776413,-0.16121310,157,2023,0.36380585,2022,-0.04669946,163976.20831074,63.16464106,1.17748412,0.00225588,,,0.33621823,0.09988652,,,0.33599355,0.09942933,,,0.32629680,0.04020374
VT TQQQ/BTAL50+KMLM50 t25 w0-80 QQQ:VOL_EWMA80 gate QQQ<SMA200,sens,sens_2020-12-18,2020-12-18,2023-12-18,false,true,"{""*"": 6, ""BIL"": 0.5, ""BTAL"": 6, ""DBMF"": 2.5, ""KMLM"": 6, ""QQQ"": 1, ""SPY"": 0.7, ""TQQQ"": 1.5}",0.03000000,tests/data/2026-08-24-net15-bil0,BTAL50+KMLM50,0.25000000,0.04872332,0.28921128,0.04813392,0.28921699,43768.49405039,28000.00000000,15768.49405039,0.56316050,0.22222216,0.23200988,0.99615479,0.22840346,1.42354181,1.10279853,-0.20150748,553,2023,0.44843042,2022,-0.11498342,184435.44731934,70.07767973,1.30604189,0.00250277,,,0.29988144,0.09904697,,,0.29978895,0.09903835,,,0.39877450,0.05238038
VT TQQQ/BIL37.5+BTAL37.5+KMLM25 t20 w0-80 QQQ:VOL_EWMA80 gate QQQ<SMA200,sens,sens_2020-12-18,2020-12-18,2023-12-18,false,true,"{""*"": 6, ""BIL"": 0.5, ""BTAL"": 6, ""DBMF"": 2.5, ""KMLM"": 6, ""QQQ"": 1, ""SPY"": 0.7, ""TQQQ"": 1.5}",0.03000000,tests/data/2026-08-24-net15-bil0,BIL37.5+BTAL37.5+KMLM25,0.20000000,0.04021527,0.23129966,0.03915744,0.23130299,40915.79383240,28000.00000000,12915.79383240,0.46127835,0.18009410,0.19520657,0.98815341,0.18563063,1.42262074,1.06209300,-0.16956529,553,2023,0.39787925,2022,-0.11061168,160521.96181432,43.83010961,1.19974447,0.00156536,0.25001988,0.07152294,0.25163190,0.07474258,,,0.16734215,0.04986415,,,0.32747382,0.04197490
VT TQQQ/BIL37.5+BTAL37.5+KMLM25 t25 w0-80 QQQ:VOL_EWMA80 gate QQQ<SMA200,sens,sens_2020-12-18,2020-12-18,2023-12-18,false,true,"{""*"": 6, ""BIL"": 0.5, ""BTAL"": 6, ""DBMF"": 2.5, ""KMLM"": 6, ""QQQ"": 1, ""SPY"": 0.7, ""TQQQ"": 1.5}",0.03000000,tests/data/2026-08-24-net15-bil0,BIL37.5+BTAL37.5+KMLM25,0.25000000,0.04923716,0.28724160,0.04795869,0.28724438,42644.41798684,28000.00000000,14644.41798684,0.52301493,0.20207063,0.21772193,0.93700197,0.22391896,1.34531347,0.85296930,-0.23690259,571,2023,0.48260498,2022,-0.17087441,180775.66347823,49.00823119,1.32838567,0.00175029,0.22268309,0.07117613,0.22452565,0.07408075,,,0.14910520,0.04903653,,,0.39983196,0.05435299
VT TQQQ/BIL37.5+BTAL37.5+DBMF25 t20 w0-80 QQQ:VOL_EWMA80 gate QQQ<SMA200,sens,sens_2020-12-18,2020-12-18,2023-12-18,false,true,"{""*"": 6, ""BIL"": 0.5, ""BTAL"": 6, ""DBMF"": 2.5, ""KMLM"": 6, ""QQQ"": 1, ""SPY"": 0.7, ""TQQQ"": 1.5}",0.03000000,tests/data/2026-08-24-net15-bil0,BIL37.5+BTAL37.5+DBMF25,0.20000000,0.03994404,0.23131851,0.03894521,0.23131994,40407.75541704,28000.00000000,12407.75541704,0.44313412,0.17282952,0.18845809,0.94599280,0.18777080,1.36715010,0.94323752,-0.18323012,570,2023,0.38737504,2022,-0.12186381,159454.66443085,36.11081773,1.20424747,0.00128967,0.25011059,0.07177739,0.25161944,0.07341256,0.16742199,0.04888752,,,,,0.32744162,0.04195796
VT TQQQ/BIL37.5+BTAL37.5+DBMF25 t25 w0-80 QQQ:VOL_EWMA80 gate QQQ<SMA200,sens,sens_2020-12-18,2020-12-18,2023-12-18,false,true,"{""*"": 6, ""BIL"": 0.5, ""BTAL"": 6, ""DBMF"": 2.5, ""KMLM"": 6, ""QQQ"": 1, ""SPY"": 0.7, ""TQQQ"": 1.5}",0.03000000,tests/data/2026-08-24-net15-bil0,BIL37.5+BTAL37.5+DBMF25,0.25000000,0.04877969,0.28684523,0.04773872,0.28684668,42168.89945877,28000.00000000,14168.89945877,0.50603212,0.19557344,0.21159540,0.90563123,0.22624157,1.30374772,0.78416970,-0.24940194,573,2023,0.47315967,2022,-0.18108784,179483.45004231,40.43063956,1.33100584,0.00144395,0.22251183,0.07134860,0.22440185,0.07456040,0.14923625,0.04859547,,,,,0.40016983,0.05475069
VT TQQQ/BIL25+BTAL25+KMLM50 t20 w0-80 QQQ:VOL_EWMA80 gate QQQ<SMA200,sens,sens_2020-12-18,2020-12-18,2023-12-18,false,true,"{""*"": 6, ""BIL"": 0.5, ""BTAL"": 6, ""DBMF"": 2.5, ""KMLM"": 6, ""QQQ"": 1, ""SPY"": 0.7, ""TQQQ"": 1.5}",0.03000000,tests/data/2026-08-24-net15-bil0,BIL25+BTAL25+KMLM50,0.20000000,0.04111899,0.23212039,0.04013713,0.23212548,42220.42946813,28000.00000000,14220.42946813,0.50787248,0.20431685,0.21226173,1.05575070,0.19471134,1.50963661,1.21883195,-0.16763332,546,2023,0.40105712,2022,-0.08038077,165161.45727493,51.03515393,1.18666562,0.00182268,0.16616088,0.04984824,0.16781391,0.04908382,,,0.33603292,0.09929442,,,0.32653899,0.04115241
VT TQQQ/BIL25+BTAL25+KMLM50 t25 w0-80 QQQ:VOL_EWMA80 gate QQQ<SMA200,sens,sens_2020-12-18,2020-12-18,2023-12-18,false,true,"{""*"": 6, ""BIL"": 0.5, ""BTAL"": 6, ""DBMF"": 2.5, ""KMLM"": 6, ""QQQ"": 1, ""SPY"": 0.7, ""TQQQ"": 1.5}",0.03000000,tests/data/2026-08-24-net15-bil0,BIL25+BTAL25+KMLM50,0.25000000,0.04996772,0.28803099,0.04874715,0.28803616,43954.89173799,28000.00000000,15954.89173799,0.56981756,0.22528936,0.23435337,0.99852625,0.23097602,1.42851560,1.02245121,-0.22034241,557,2023,0.48692704,2022,-0.14492055,186133.04263353,57.00953779,1.31831253,0.00203605,0.14822368,0.04835969,0.14968355,0.04891152,,,0.29967929,0.09889871,,,0.39889597,0.05356121
VT TQQQ/BIL75+KMLM25 t20 w0-80 QQQ:VOL_EWMA80 gate QQQ<SMA200,sens,sens_2020-12-18,2020-12-18,2023-12-18,false,true,"{""*"": 6, ""BIL"": 0.5, ""BTAL"": 6, ""DBMF"": 2.5, ""KMLM"": 6, ""QQQ"": 1, ""SPY"": 0.7, ""TQQQ"": 1.5}",0.03000000,tests/data/2026-08-24-net15-bil0,BIL75+KMLM25,0.20000000,0.03943153,0.22970495,0.03870574,0.22970713,41047.43421433,28000.00000000,13047.43421433,0.46597979,0.18304361,0.19694525,0.95975166,0.19575661,1.37451428,0.86593610,-0.21138235,571,2023,0.45406471,2022,-0.15975310,162053.96603301,27.37301052,1.21388027,0.00097761,0.50201035,0.14989464,,,,,0.16738878,0.04976338,,,0.32775771,0.04357076
VT TQQQ/BIL75+KMLM25 t25 w0-80 QQQ:VOL_EWMA80 gate QQQ<SMA200,sens,sens_2020-12-18,2020-12-18,2023-12-18,false,true,"{""*"": 6, ""BIL"": 0.5, ""BTAL"": 6, ""DBMF"": 2.5, ""KMLM"": 6, ""QQQ"": 1, ""SPY"": 0.7, ""TQQQ"": 1.5}",0.03000000,tests/data/2026-08-24-net15-bil0,BIL75+KMLM25,0.25000000,0.04815512,0.28488943,0.04731334,0.28489173,42786.56139171,28000.00000000,14786.56139171,0.52809148,0.20481815,0.21954366,0.91345087,0.23499794,1.30523633,0.75351114,-0.27181835,600,2023,0.54052639,2022,-0.21528539,182723.81870451,30.80437396,1.34499063,0.00110016,0.44732698,0.14836620,,,,,0.14909105,0.04920534,,,0.40044029,0.05670564
VT TQQQ/BIL75+DBMF25 t20 w0-80 QQQ:VOL_EWMA80 gate QQQ<SMA200,sens,sens_2020-12-18,2020-12-18,2023-12-18,false,true,"{""*"": 6, ""BIL"": 0.5, ""BTAL"": 6, ""DBMF"": 2.5, ""KMLM"": 6, ""QQQ"": 1, ""SPY"": 0.7, ""TQQQ"": 1.5}",0.03000000,tests/data/2026-08-24-net15-bil0,BIL75+DBMF25,0.20000000,0.03914476,0.22935757,0.03843848,0.22935895,40520.60670524,28000.00000000,12520.60670524,0.44716453,0.17557572,0.18996245,0.91491008,0.19912895,1.31123365,0.78035283,-0.22499530,600,2023,0.44273024,2022,-0.17099887,161331.40147054,20.04476462,1.22111409,0.00071588,0.50164583,0.14326363,,,0.16723525,0.04878837,,,,,0.32807590,0.04391895
VT TQQQ/BIL75+DBMF25 t25 w0-80 QQQ:VOL_EWMA80 gate QQQ<SMA200,sens,sens_2020-12-18,2020-12-18,2023-12-18,false,true,"{""*"": 6, ""BIL"": 0.5, ""BTAL"": 6, ""DBMF"": 2.5, ""KMLM"": 6, ""QQQ"": 1, ""SPY"": 0.7, ""TQQQ"": 1.5}",0.03000000,tests/data/2026-08-24-net15-bil0,BIL75+DBMF25,0.25000000,0.04785071,0.28486965,0.04708539,0.28487082,42324.49931170,28000.00000000,14324.49931170,0.51158926,0.19840243,0.21360563,0.88207327,0.23811374,1.26138966,0.70115587,-0.28296481,601,2023,0.53047606,2022,-0.22398691,182026.36455809,22.72140038,1.35196453,0.00081148,0.44750352,0.14802284,,,0.14919533,0.04852659,,,,,0.40052475,0.05672655
VT TQQQ/BIL50+KMLM50 t20 w0-80 QQQ:VOL_EWMA80 gate QQQ<SMA200,sens,sens_2020-12-18,2020-12-18,2023-12-18,false,true,"{""*"": 6, ""BIL"": 0.5, ""BTAL"": 6, ""DBMF"": 2.5, ""KMLM"": 6, ""QQQ"": 1, ""SPY"": 0.7, ""TQQQ"": 1.5}",0.03000000,tests/data/2026-08-24-net15-bil0,BIL50+KMLM50,0.20000000,0.04007134,0.23067624,0.03947171,0.23067966,42257.73211769,28000.00000000,14257.73211769,0.50920472,0.20561340,0.21274371,1.03500197,0.20083260,1.47993007,1.11025490,-0.18519477,553,2023,0.43865652,2022,-0.11609334,166104.40237344,39.35026293,1.19663404,0.00140537,0.33431672,0.09956216,,,,,0.33576351,0.09916064,,,0.32702389,0.04259823
VT TQQQ/BIL50+KMLM50 t25 w0-80 QQQ:VOL_EWMA80 gate QQQ<SMA200,sens,sens_2020-12-18,2020-12-18,2023-12-18,false,true,"{""*"": 6, ""BIL"": 0.5, ""BTAL"": 6, ""DBMF"": 2.5, ""KMLM"": 6, ""QQQ"": 1, ""SPY"": 0.7, ""TQQQ"": 1.5}",0.03000000,tests/data/2026-08-24-net15-bil0,BIL50+KMLM50,0.25000000,0.04894669,0.28635085,0.04812571,0.28635468,44043.03223295,28000.00000000,16043.03223295,0.57296544,0.22696802,0.23545902,0.98261826,0.23773252,1.40530163,0.92884400,-0.24435537,570,2023,0.52601852,2022,-0.17581047,187117.21045185,44.19006109,1.32755677,0.00157822,0.29864737,0.09858987,,,,,0.29930401,0.09864262,,,0.39939309,0.05524269
VT TQQQ/BTAL t20 w0-80 QQQ:VOL_EWMA80 gate QQQ<SMA200,sens,sens_2020-12-18,2020-12-18,2023-12-18,false,true,"{""*"": 6, ""BIL"": 0.5, ""BTAL"": 6, ""DBMF"": 2.5, ""KMLM"": 6, ""QQQ"": 1, ""SPY"": 0.7, ""TQQQ"": 1.5}",0.03000000,tests/data/2026-08-24-net15-bil0,BTAL,0.20000000,0.03806083,0.23263291,0.03788013,0.23263898,39178.41629509,28000.00000000,11178.41629509,0.39922915,0.14742093,0.17186869,0.81898858,0.19071592,1.18040356,0.67144010,-0.21955932,209,2023,0.31913819,2022,-0.07745348,151208.86209781,57.85395558,1.17747432,0.00206621,,,0.67139510,0.19859073,,,,,,,0.32767546,0.04063892
VT TQQQ/BTAL t25 w0-80 QQQ:VOL_EWMA80 gate QQQ<SMA200,sens,sens_2020-12-18,2020-12-18,2023-12-18,false,true,"{""*"": 6, ""BIL"": 0.5, ""BTAL"": 6, ""DBMF"": 2.5, ""KMLM"": 6, ""QQQ"": 1, ""SPY"": 0.7, ""TQQQ"": 1.5}",0.03000000,tests/data/2026-08-24-net15-bil0,BTAL,0.25000000,0.04662389,0.28865319,0.04638782,0.28865936,40843.58396904,28000.00000000,12843.58396904,0.45869943,0.17054075,0.19425111,0.82188583,0.22238200,1.18061452,0.75991959,-0.22441946,167,2023,0.40068933,2022,-0.14273284,171245.44215907,64.66781803,1.30868029,0.00230956,,,0.59861428,0.19877942,,,,,,,0.40042140,0.05293801
VT TQQQ/BIL t20 w0-80 QQQ:VOL_EWMA80 gate QQQ<SMA200,sens,sens_2020-12-18,2020-12-18,2023-12-18,false,true,"{""*"": 6, ""BIL"": 0.5, ""BTAL"": 6, ""DBMF"": 2.5, ""KMLM"": 6, ""QQQ"": 1, ""SPY"": 0.7, ""TQQQ"": 1.5}",0.03000000,tests/data/2026-08-24-net15-bil0,BIL,0.20000000,0.03855133,0.22826552,0.03805126,0.22826604,39784.60275214,28000.00000000,11784.60275214,0.42087867,0.15926060,0.18009561,0.85237900,0.19671505,1.21837719,0.65546579,-0.24297317,605,2023,0.46876561,2022,-0.20432504,156824.80898198,15.44432101,1.22250149,0.00055158,0.66859304,0.19342173,,,,,,,,,0.32867973,0.04501185
VT TQQQ/BIL t25 w0-80 QQQ:VOL_EWMA80 gate QQQ<SMA200,sens,sens_2020-12-18,2020-12-18,2023-12-18,false,true,"{""*"": 6, ""BIL"": 0.5, ""BTAL"": 6, ""DBMF"": 2.5, ""KMLM"": 6, ""QQQ"": 1, ""SPY"": 0.7, ""TQQQ"": 1.5}",0.03000000,tests/data/2026-08-24-net15-bil0,BIL,0.25000000,0.04670440,0.28332639,0.04621353,0.28332701,41523.69334643,28000.00000000,13523.69334643,0.48298905,0.18200866,0.20320191,0.82708535,0.23686534,1.17970437,0.60674468,-0.29997570,606,2023,0.55510102,2022,-0.25455130,177687.33403209,17.65298578,1.35748058,0.00063046,0.59574421,0.19923514,,,,,,,,,0.40147981,0.05827036
VT TQQQ/BIL50+BTAL50 t20 w0-80 QQQ:VOL_EWMA80 gate QQQ<SMA200,sens,sens_2020-12-18,2020-12-18,2023-12-18,false,true,"{""*"": 6, ""BIL"": 0.5, ""BTAL"": 6, ""DBMF"": 2.5, ""KMLM"": 6, ""QQQ"": 1, ""SPY"": 0.7, ""TQQQ"": 1.5}",0.03000000,tests/data/2026-08-24-net15-bil0,BIL50+BTAL50,0.20000000,0.03903549,0.23042406,0.03845194,0.23042545,39615.25147699,28000.00000000,11615.25147699,0.41483041,0.15533268,0.17780649,0.88641695,0.18220210,1.27985509,0.82420612,-0.18846339,572,2023,0.39442859,2022,-0.14131020,155371.64552031,36.51976789,1.20852713,0.00130428,0.33341280,0.09338319,0.33523406,0.09902433,,,,,,,0.32838650,0.04285245
VT TQQQ/BIL50+BTAL50 t25 w0-80 QQQ:VOL_EWMA80 gate QQQ<SMA200,sens,sens_2020-12-18,2020-12-18,2023-12-18,false,true,"{""*"": 6, ""BIL"": 0.5, ""BTAL"": 6, ""DBMF"": 2.5, ""KMLM"": 6, ""QQQ"": 1, ""SPY"": 0.7, ""TQQQ"": 1.5}",0.03000000,tests/data/2026-08-24-net15-bil0,BIL50+BTAL50,0.25000000,0.04742319,0.28599905,0.04669649,0.28600046,41314.18222146,28000.00000000,13314.18222146,0.47550651,0.17813937,0.20045601,0.85470629,0.22112321,1.22820668,0.69681964,-0.25564631,601,2023,0.47813035,2022,-0.19872206,175413.26735508,40.98765822,1.33816804,0.00146384,0.29720159,0.09589581,0.29869964,0.09957040,,,,,,,0.40104434,0.05559691
TQQQ50/BTAL50 gate QQQ<SMA200,sens,sens_2020-12-18,2020-12-18,2023-12-18,true,true,"{""*"": 6, ""BIL"": 0.5, ""BTAL"": 6, ""DBMF"": 2.5, ""KMLM"": 6, ""QQQ"": 1, ""SPY"": 0.7, ""TQQQ"": 1.5}",0.03000000,tests/data/2026-08-24-net15-bil0,,,0.09090206,0.39663067,0.09064370,0.39663758,38601.69899670,28000.00000000,10601.69899670,0.37863211,0.13906318,0.16395506,0.69643270,0.22345303,1.00760276,0.44870436,-0.30992162,683,2023,0.47100494,2022,-0.25830154,69569.44577792,28.03217122,0.55267323,0.00100115,,,0.58945082,0.49856868,,,,,,,0.40947926,0.10336242
SPY benchmark,sens,sens_2020-12-18,2020-12-18,2023-12-18,true,true,"{""*"": 6, ""BIL"": 0.5, ""BTAL"": 6, ""DBMF"": 2.5, ""KMLM"": 6, ""QQQ"": 1, ""SPY"": 0.7, ""TQQQ"": 1.5}",0.03000000,tests/data/2026-08-24-net15-bil0,,,0.01027565,0.02938556,0.01027746,0.02941953,34058.01624189,28000.00000000,6058.01624189,0.21635772,0.09830423,0.09836609,0.62673654,0.17438163,0.89726488,0.40201204,-0.24453056,709,2021,0.28166993,2022,-0.18247338,28012.03605312,1.96084252,0.22351374,0.00007003,,,,,,,,,0.98972254,0.97058047,,
VT TQQQ/BTAL75+KMLM25 t20 w0-80 QQQ:VOL_EWMA80 gate QQQ<SMA200,sens,sens_2021-06-18,2021-06-18,2024-06-18,false,true,"{""*"": 6, ""BIL"": 0.5, ""BTAL"": 6, ""DBMF"": 2.5, ""KMLM"": 6, ""QQQ"": 1, ""SPY"": 0.7, ""TQQQ"": 1.5}",0.03000000,tests/data/2026-08-24-net15-bil0,BTAL75+KMLM25,0.20000000,0.03967411,0.23495072,0.03916985,0.23495763,46704.33476997,28000.00000000,18704.33476997,0.66801196,0.24434417,0.26789408,1.31910180,0.17832545,1.93525456,1.77456777,-0.13769222,80,2023,0.34996238,2022,-0.05898821,219620.63060284,83.86960063,1.55911092,0.00299534,,,0.49535679,0.16977769,,,0.16465146,0.05661502,,,0.33855471,0.03832026
VT TQQQ/BTAL75+KMLM25 t25 w0-80 QQQ:VOL_EWMA80 gate QQQ<SMA200,sens,sens_2021-06-18,2021-06-18,2024-06-18,false,true,"{""*"": 6, ""BIL"": 0.5, ""BTAL"": 6, ""DBMF"": 2.5, ""KMLM"": 6, ""QQQ"": 1, ""SPY"": 0.7, ""TQQQ"": 1.5}",0.03000000,tests/data/2026-08-24-net15-bil0,BTAL75+KMLM25,0.25000000,0.04889931,0.29250082,0.04843830,0.29250821,50277.41941209,28000.00000000,22277.41941209,0.79562212,0.27717383,0.30965292,1.24971257,0.21489460,1.83302762,1.37458639,-0.20164162,553,2023,0.43320212,2022,-0.12353242,236144.62940560,89.40850006,1.65635051,0.00319316,,,0.43858203,0.14942327,,,0.14560571,0.04913549,,,0.41425949,0.04908915
VT TQQQ/BTAL75+DBMF25 t20 w0-80 QQQ:VOL_EWMA80 gate QQQ<SMA200,sens,sens_2021-06-18,2021-06-18,2024-06-18,false,true,"{""*"": 6, ""BIL"": 0.5, ""BTAL"": 6, ""DBMF"": 2.5, ""KMLM"": 6, ""QQQ"": 1, ""SPY"": 0.7, ""TQQQ"": 1.5}",0.03000000,tests/data/2026-08-24-net15-bil0,BTAL75+DBMF25,0.20000000,0.03956585,0.23506378,0.03918954,0.23506843,47021.21291393,28000.00000000,19021.21291393,0.67932903,0.24431780,0.27168865,1.31934782,0.17826549,1.94342785,1.72928636,-0.14128244,552,2023,0.33950301,2022,-0.07047045,218775.86953949,73.06364574,1.56761336,0.00260942,,,0.49538462,0.17030014,0.16478590,0.05651482,,,,,0.33846659,0.03820947
VT TQQQ/BTAL75+DBMF25 t25 w0-80 QQQ:VOL_EWMA80 gate QQQ<SMA200,sens,sens_2021-06-18,2021-06-18,2024-06-18,false,true,"{""*"": 6, ""BIL"": 0.5, ""BTAL"": 6, ""DBMF"": 2.5, ""KMLM"": 6, ""QQQ"": 1, ""SPY"": 0.7, ""TQQQ"": 1.5}",0.03000000,tests/data/2026-08-24-net15-bil0,BTAL75+DBMF25,0.25000000,0.04855765,0.29207497,0.04806259,0.29207989,50407.52044418,28000.00000000,22407.52044418,0.80026859,0.27518311,0.31113255,1.24044435,0.21530718,1.82360862,1.27721346,-0.21545585,570,2023,0.42401682,2022,-0.13527253,234851.70709647,77.89775295,1.66368901,0.00278206,,,0.43829412,0.14935931,0.14563468,0.04841190,,,,,0.41461615,0.04951748
VT TQQQ/BTAL50+KMLM50 t20 w0-80 QQQ:VOL_EWMA80 gate QQQ<SMA200,sens,sens_2021-06-18,2021-06-18,2024-06-18,false,true,"{""*"": 6, ""BIL"": 0.5, ""BTAL"": 6, ""DBMF"": 2.5, ""KMLM"": 6, ""QQQ"": 1, ""SPY"": 0.7, ""TQQQ"": 1.5}",0.03000000,tests/data/2026-08-24-net15-bil0,BTAL50+KMLM50,0.20000000,0.04050051,0.23546276,0.03996791,0.23546996,46861.29680794,28000.00000000,18861.29680794,0.67361774,0.25089291,0.26977599,1.29746738,0.18651736,1.88046067,1.66660260,-0.15054153,524,2023,0.37313755,2022,-0.04407304,224086.74906761,85.69181601,1.56454107,0.00306042,,,0.33052878,0.11314735,,,0.33027059,0.11348582,,,0.33768858,0.03780794
VT TQQQ/BTAL50+KMLM50 t25 w0-80 QQQ:VOL_EWMA80 gate QQQ<SMA200,sens,sens_2021-06-18,2021-06-18,2024-06-18,false,true,"{""*"": 6, ""BIL"": 0.5, ""BTAL"": 6, ""DBMF"": 2.5, ""KMLM"": 6, ""QQQ"": 1, ""SPY"": 0.7, ""TQQQ"": 1.5}",0.03000000,tests/data/2026-08-24-net15-bil0,BTAL50+KMLM50,0.25000000,0.04973265,0.29264343,0.04920948,0.29265056,50685.93193734,28000.00000000,22685.93193734,0.81021185,0.28591824,0.31428974,1.24431349,0.22271339,1.81115355,1.42262945,-0.20097871,553,2023,0.45880438,2022,-0.11109013,240095.10472901,90.98316722,1.65573665,0.00324940,,,0.29255294,0.09899247,,,0.29225586,0.09922807,,,0.41353585,0.04894680
VT TQQQ/BIL37.5+BTAL37.5+KMLM25 t20 w0-80 QQQ:VOL_EWMA80 gate QQQ<SMA200,sens,sens_2021-06-18,2021-06-18,2024-06-18,false,true,"{""*"": 6, ""BIL"": 0.5, ""BTAL"": 6, ""DBMF"": 2.5, ""KMLM"": 6, ""QQQ"": 1, ""SPY"": 0.7, ""TQQQ"": 1.5}",0.03000000,tests/data/2026-08-24-net15-bil0,BIL37.5+BTAL37.5+KMLM25,0.20000000,0.04053006,0.23378628,0.03948801,0.23379014,46030.70996305,28000.00000000,18030.70996305,0.64395393,0.23161732,0.25976537,1.26065863,0.17842110,1.84353751,1.37689695,-0.16821688,553,2023,0.40875442,2022,-0.10852400,219382.80725862,59.84547187,1.58568991,0.00213734,0.24597777,0.08436795,0.24734993,0.08489334,,,0.16457640,0.05646722,,,0.33880579,0.03948775
VT TQQQ/BIL37.5+BTAL37.5+KMLM25 t25 w0-80 QQQ:VOL_EWMA80 gate QQQ<SMA200,sens,sens_2021-06-18,2021-06-18,2024-06-18,false,true,"{""*"": 6, ""BIL"": 0.5, ""BTAL"": 6, ""DBMF"": 2.5, ""KMLM"": 6, ""QQQ"": 1, ""SPY"": 0.7, ""TQQQ"": 1.5}",0.03000000,tests/data/2026-08-24-net15-bil0,BIL37.5+BTAL37.5+KMLM25,0.25000000,0.04977962,0.29096157,0.04885167,0.29096583,49825.22933544,28000.00000000,21825.22933544,0.77947248,0.26718086,0.30448866,1.19582626,0.21867149,1.74986865,1.13699878,-0.23498781,571,2023,0.49399958,2022,-0.16762491,236219.94731088,63.92259880,1.68140522,0.00228295,0.21756359,0.06875159,0.21892211,0.07459842,,,0.14563671,0.04943207,,,0.41466244,0.05063154
VT TQQQ/BIL37.5+BTAL37.5+DBMF25 t20 w0-80 QQQ:VOL_EWMA80 gate QQQ<SMA200,sens,sens_2021-06-18,2021-06-18,2024-06-18,false,true,"{""*"": 6, ""BIL"": 0.5, ""BTAL"": 6, ""DBMF"": 2.5, ""KMLM"": 6, ""QQQ"": 1, ""SPY"": 0.7, ""TQQQ"": 1.5}",0.03000000,tests/data/2026-08-24-net15-bil0,BIL37.5+BTAL37.5+DBMF25,0.20000000,0.04058549,0.23392292,0.03970720,0.23392515,46346.53868522,28000.00000000,18346.53868522,0.65523352,0.23153434,0.26358713,1.25332843,0.17957407,1.83965434,1.27718544,-0.18128483,570,2023,0.39742055,2022,-0.11892696,218508.03795961,49.52685569,1.59402670,0.00176882,0.24599130,0.08288521,0.24739476,0.08485320,0.16469517,0.05651189,,,,,0.33877820,0.03935274
VT TQQQ/BIL37.5+BTAL37.5+DBMF25 t25 w0-80 QQQ:VOL_EWMA80 gate QQQ<SMA200,sens,sens_2021-06-18,2021-06-18,2024-06-18,false,true,"{""*"": 6, ""BIL"": 0.5, ""BTAL"": 6, ""DBMF"": 2.5, ""KMLM"": 6, ""QQQ"": 1, ""SPY"": 0.7, ""TQQQ"": 1.5}",0.03000000,tests/data/2026-08-24-net15-bil0,BIL37.5+BTAL37.5+DBMF25,0.25000000,0.04957387,0.29057078,0.04857968,0.29057296,49972.47029247,28000.00000000,21972.47029247,0.78473108,0.26549531,0.30617392,1.18383820,0.22000252,1.73598831,1.07319772,-0.24738714,573,2023,0.48379214,2022,-0.17783914,235171.88517976,53.06806542,1.68958518,0.00189529,0.21721010,0.06872221,0.21883379,0.07456654,0.14547450,0.04833857,,,,,0.41498403,0.05102440
VT TQQQ/BIL25+BTAL25+KMLM50 t20 w0-80 QQQ:VOL_EWMA80 gate QQQ<SMA200,sens,sens_2021-06-18,2021-06-18,2024-06-18,false,true,"{""*"": 6, ""BIL"": 0.5, ""BTAL"": 6, ""DBMF"": 2.5, ""KMLM"": 6, ""QQQ"": 1, ""SPY"": 0.7, ""TQQQ"": 1.5}",0.03000000,tests/data/2026-08-24-net15-bil0,BIL25+BTAL25+KMLM50,0.20000000,0.04141973,0.23454778,0.04043102,0.23455303,46377.73193254,28000.00000000,18377.73193254,0.65634757,0.24205970,0.26396357,1.24595083,0.18887451,1.80475221,1.44406241,-0.16762413,545,2023,0.41236251,2022,-0.07826424,223238.19014060,68.81485805,1.57833222,0.00245767,0.16368692,0.05528563,0.16490933,0.05656331,,,0.33018289,0.11279799,,,0.33802463,0.03872486
VT TQQQ/BIL25+BTAL25+KMLM50 t25 w0-80 QQQ:VOL_EWMA80 gate QQQ<SMA200,sens,sens_2021-06-18,2021-06-18,2024-06-18,false,true,"{""*"": 6, ""BIL"": 0.5, ""BTAL"": 6, ""DBMF"": 2.5, ""KMLM"": 6, ""QQQ"": 1, ""SPY"": 0.7, ""TQQQ"": 1.5}",0.03000000,tests/data/2026-08-24-net15-bil0,BIL25+BTAL25+KMLM50,0.25000000,0.05037726,0.29143049,0.04929653,0.29143589,50312.24746669,28000.00000000,22312.24746669,0.79686598,0.27846248,0.31004928,1.20067323,0.22669187,1.74711586,1.27363567,-0.21863590,557,2023,0.49912936,2022,-0.14200102,240065.61987231,73.52160627,1.67361564,0.00262577,0.14474979,0.04806844,0.14605048,0.04876954,,,0.29213248,0.09912915,,,0.41387764,0.05016148
VT TQQQ/BIL75+KMLM25 t20 w0-80 QQQ:VOL_EWMA80 gate QQQ<SMA200,sens,sens_2021-06-18,2021-06-18,2024-06-18,false,true,"{""*"": 6, ""BIL"": 0.5, ""BTAL"": 6, ""DBMF"": 2.5, ""KMLM"": 6, ""QQQ"": 1, ""SPY"": 0.7, ""TQQQ"": 1.5}",0.03000000,tests/data/2026-08-24-net15-bil0,BIL75+KMLM25,0.20000000,0.04024190,0.23255485,0.03946987,0.23255752,45251.08248291,28000.00000000,17251.08248291,0.61611009,0.21742837,0.25024953,1.12741116,0.19131214,1.63383888,1.03693755,-0.20968319,571,2023,0.46683352,2022,-0.15730620,217728.46087548,36.68387273,1.60459058,0.00131014,0.49328583,0.16886505,,,,,0.16450286,0.05645436,,,0.33904302,0.04072037
VT TQQQ/BIL75+KMLM25 t25 w0-80 QQQ:VOL_EWMA80 gate QQQ<SMA200,sens,sens_2021-06-18,2021-06-18,2024-06-18,false,true,"{""*"": 6, ""BIL"": 0.5, ""BTAL"": 6, ""DBMF"": 2.5, ""KMLM"": 6, ""QQQ"": 1, ""SPY"": 0.7, ""TQQQ"": 1.5}",0.03000000,tests/data/2026-08-24-net15-bil0,BIL75+KMLM25,0.25000000,0.04931264,0.28930174,0.04853692,0.28930448,49242.08793744,28000.00000000,21242.08793744,0.75864600,0.25545381,0.29777889,1.10112539,0.23166814,1.59896666,0.94843191,-0.26934333,600,2023,0.55457459,2022,-0.21143742,235224.43895168,39.58973414,1.70200636,0.00141392,0.43645801,0.14416251,,,,,0.14550836,0.04943127,,,0.41496829,0.05229289
VT TQQQ/BIL75+DBMF25 t20 w0-80 QQQ:VOL_EWMA80 gate QQQ<SMA200,sens,sens_2021-06-18,2021-06-18,2024-06-18,false,true,"{""*"": 6, ""BIL"": 0.5, ""BTAL"": 6, ""DBMF"": 2.5, ""KMLM"": 6, ""QQQ"": 1, ""SPY"": 0.7, ""TQQQ"": 1.5}",0.03000000,tests/data/2026-08-24-net15-bil0,BIL75+DBMF25,0.20000000,0.03985312,0.23268084,0.03920905,0.23268242,45529.11990144,28000.00000000,17529.11990144,0.62604000,0.21675246,0.25365665,1.11337078,0.19362288,1.61399966,0.97335291,-0.22268640,591,2023,0.45483015,2022,-0.16767369,217323.92346640,27.07696405,1.61742142,0.00096703,0.49387674,0.16854205,,,0.16462007,0.05668031,,,,,0.33903138,0.04059547
VT TQQQ/BIL75+DBMF25 t25 w0-80 QQQ:VOL_EWMA80 gate QQQ<SMA200,sens,sens_2021-06-18,2021-06-18,2024-06-18,false,true,"{""*"": 6, ""BIL"": 0.5, ""BTAL"": 6, ""DBMF"": 2.5, ""KMLM"": 6, ""QQQ"": 1, ""SPY"": 0.7, ""TQQQ"": 1.5}",0.03000000,tests/data/2026-08-24-net15-bil0,BIL75+DBMF25,0.25000000,0.04914522,0.28888594,0.04835478,0.28888749,49380.23073896,28000.00000000,21380.23073896,0.76357967,0.25350724,0.29937354,1.08595850,0.23396001,1.57680103,0.90116773,-0.28130971,601,2023,0.54399349,2022,-0.22126068,234507.68964559,29.25087700,1.71311953,0.00104467,0.43573691,0.14410100,,,0.14544155,0.04826634,,,,,0.41534460,0.05270988
VT TQQQ/BIL50+KMLM50 t20 w0-80 QQQ:VOL_EWMA80 gate QQQ<SMA200,sens,sens_2021-06-18,2021-06-18,2024-06-18,false,true,"{""*"": 6, ""BIL"": 0.5, ""BTAL"": 6, ""DBMF"": 2.5, ""KMLM"": 6, ""QQQ"": 1, ""SPY"": 0.7, ""TQQQ"": 1.5}",0.03000000,tests/data/2026-08-24-net15-bil0,BIL50+KMLM50,0.20000000,0.04077265,0.23355468,0.04007132,0.23355926,45814.43907367,28000.00000000,17814.43907367,0.63622997,0.23207536,0.25713740,1.16350812,0.19657206,1.68251365,1.25923628,-0.18429850,553,2023,0.45129695,2022,-0.11299599,221805.26945544,52.63762350,1.59016961,0.00187992,0.32887706,0.11185379,,,,,0.32995396,0.11320073,,,0.33828827,0.03971864
VT TQQQ/BIL50+KMLM50 t25 w0-80 QQQ:VOL_EWMA80 gate QQQ<SMA200,sens,sens_2021-06-18,2021-06-18,2024-06-18,false,true,"{""*"": 6, ""BIL"": 0.5, ""BTAL"": 6, ""DBMF"": 2.5, ""KMLM"": 6, ""QQQ"": 1, ""SPY"": 0.7, ""TQQQ"": 1.5}",0.03000000,tests/data/2026-08-24-net15-bil0,BIL50+KMLM50,0.25000000,0.05058411,0.29063538,0.04977831,0.29063971,49923.50707889,28000.00000000,21923.50707889,0.78298240,0.27081098,0.30561390,1.14226358,0.23461119,1.65915165,1.12078480,-0.24162621,570,2023,0.53924131,2022,-0.17170658,239039.45523160,56.53533185,1.68467185,0.00201912,0.29052134,0.09604113,,,,,0.29209245,0.09903043,,,0.41395431,0.05095766
VT TQQQ/BTAL t20 w0-80 QQQ:VOL_EWMA80 gate QQQ<SMA200,sens,sens_2021-06-18,2021-06-18,2024-06-18,false,true,"{""*"": 6, ""BIL"": 0.5, ""BTAL"": 6, ""DBMF"": 2.5, ""KMLM"": 6, ""QQQ"": 1, ""SPY"": 0.7, ""TQQQ"": 1.5}",0.03000000,tests/data/2026-08-24-net15-bil0,BTAL,0.20000000,0.03876253,0.23479318,0.03855869,0.23480022,46473.55259920,28000.00000000,18473.55259920,0.65976974,0.23688484,0.26511880,1.28625297,0.17816116,1.89770972,1.48581001,-0.15943144,506,2023,0.32586501,2022,-0.07481367,215246.49717054,82.08406696,1.55485506,0.00293157,,,0.65999077,0.22656918,,,,,,,0.33905635,0.03847767
VT TQQQ/BTAL t25 w0-80 QQQ:VOL_EWMA80 gate QQQ<SMA200,sens,sens_2021-06-18,2021-06-18,2024-06-18,false,true,"{""*"": 6, ""BIL"": 0.5, ""BTAL"": 6, ""DBMF"": 2.5, ""KMLM"": 6, ""QQQ"": 1, ""SPY"": 0.7, ""TQQQ"": 1.5}",0.03000000,tests/data/2026-08-24-net15-bil0,BTAL,0.25000000,0.04751208,0.29180408,0.04734123,0.29181133,49777.29425356,28000.00000000,21777.29425356,0.77776051,0.26704614,0.30393925,1.22276527,0.21270778,1.79999318,1.25095964,-0.21347303,570,2023,0.40847090,2022,-0.13893580,231349.18687801,87.44707312,1.65329534,0.00312311,,,0.58380836,0.19866345,,,,,,,0.41529578,0.04978603
VT TQQQ/BIL t20 w0-80 QQQ:VOL_EWMA80 gate QQQ<SMA200,sens,sens_2021-06-18,2021-06-18,2024-06-18,false,true,"{""*"": 6, ""BIL"": 0.5, ""BTAL"": 6, ""DBMF"": 2.5, ""KMLM"": 6, ""QQQ"": 1, ""SPY"": 0.7, ""TQQQ"": 1.5}",0.03000000,tests/data/2026-08-24-net15-bil0,BIL,0.20000000,0.03890807,0.23147336,0.03854785,0.23147409,44634.44360803,28000.00000000,16634.44360803,0.59408727,0.20166243,0.24263876,1.05562195,0.19206607,1.52674290,0.83764903,-0.24074812,601,2023,0.48196177,2022,-0.20110419,213437.06912749,21.02468320,1.61825248,0.00075088,0.65746436,0.22597369,,,,,,,,,0.33990424,0.04180380
VT TQQQ/BIL t25 w0-80 QQQ:VOL_EWMA80 gate QQQ<SMA200,sens,sens_2021-06-18,2021-06-18,2024-06-18,false,true,"{""*"": 6, ""BIL"": 0.5, ""BTAL"": 6, ""DBMF"": 2.5, ""KMLM"": 6, ""QQQ"": 1, ""SPY"": 0.7, ""TQQQ"": 1.5}",0.03000000,tests/data/2026-08-24-net15-bil0,BIL,0.25000000,0.04775241,0.28786837,0.04735806,0.28786901,48502.62211066,28000.00000000,20502.62211066,0.73223650,0.23902102,0.28918771,1.03839297,0.23329071,1.50484118,0.80348222,-0.29748141,605,2023,0.56916198,2022,-0.25080079,229981.20277595,22.85122170,1.70980479,0.00081612,0.58134424,0.19870406,,,,,,,,,0.41604031,0.05372835
VT TQQQ/BIL50+BTAL50 t20 w0-80 QQQ:VOL_EWMA80 gate QQQ<SMA200,sens,sens_2021-06-18,2021-06-18,2024-06-18,false,true,"{""*"": 6, ""BIL"": 0.5, ""BTAL"": 6, ""DBMF"": 2.5, ""KMLM"": 6, ""QQQ"": 1, ""SPY"": 0.7, ""TQQQ"": 1.5}",0.03000000,tests/data/2026-08-24-net15-bil0,BIL50+BTAL50,0.20000000,0.03931509,0.23300664,0.03873998,0.23300857,45668.80539389,28000.00000000,17668.80539389,0.63102876,0.22096253,0.25536270,1.24201788,0.17335776,1.82719567,1.18540235,-0.18640298,571,2023,0.40461465,2022,-0.13835914,214882.23197739,50.62616010,1.58744697,0.00180808,0.32839709,0.11188178,0.32950980,0.11307050,,,,,,,0.33962323,0.04026932
VT TQQQ/BIL50+BTAL50 t25 w0-80 QQQ:VOL_EWMA80 gate QQQ<SMA200,sens,sens_2021-06-18,2021-06-18,2024-06-18,false,true,"{""*"": 6, ""BIL"": 0.5, ""BTAL"": 6, ""DBMF"": 2.5, ""KMLM"": 6, ""QQQ"": 1, ""SPY"": 0.7, ""TQQQ"": 1.5}",0.03000000,tests/data/2026-08-24-net15-bil0,BIL50+BTAL50,0.25000000,0.04829938,0.28997346,0.04762444,0.28997574,49276.99992656,28000.00000000,21276.99992656,0.75989285,0.25494772,0.29818220,1.16912119,0.21457515,1.71591182,1.00854518,-0.25278760,601,2023,0.48855692,2022,-0.19443415,231469.08469030,54.30579607,1.68377117,0.00193949,0.29010738,0.09636786,0.29143676,0.09913140,,,,,,,0.41562493,0.05162163
TQQQ50/BTAL50 gate QQQ<SMA200,sens,sens_2021-06-18,2021-06-18,2024-06-18,true,true,"{""*"": 6, ""BIL"": 0.5, ""BTAL"": 6, ""DBMF"": 2.5, ""KMLM"": 6, ""QQQ"": 1, ""SPY"": 0.7, ""TQQQ"": 1.5}",0.03000000,tests/data/2026-08-24-net15-bil0,,,0.09329671,0.40484730,0.09311067,0.40485554,48319.32223696,28000.00000000,20319.32223696,0.72569008,0.23098554,0.28704355,1.14226479,0.20000492,1.71011089,0.75713731,-0.30507748,680,2023,0.46316941,2022,-0.25060475,74399.42673963,29.76371495,0.56116786,0.00106299,,,0.59208368,0.49857540,,,,,,,0.40699396,0.09514446
SPY benchmark,sens,sens_2021-06-18,2021-06-18,2024-06-18,true,true,"{""*"": 6, ""BIL"": 0.5, ""BTAL"": 6, ""DBMF"": 2.5, ""KMLM"": 6, ""QQQ"": 1, ""SPY"": 0.7, ""TQQQ"": 1.5}",0.03000000,tests/data/2026-08-24-net15-bil0,,,0.01305644,0.03356229,0.01305829,0.03356354,36798.47644478,28000.00000000,8798.47644478,0.31423130,0.10958263,0.13853035,0.69665576,0.17059980,1.00066295,0.45487298,-0.24090819,709,2023,0.25564345,2022,-0.17936457,27684.44040194,1.93791083,0.22648326,0.00006921,,,,,,,,,0.98694171,0.96643646,,
VT TQQQ/BTAL75+KMLM25 t20 w0-80 QQQ:VOL_EWMA80 gate QQQ<SMA200,sens,sens_2021-12-20,2021-12-20,2024-12-18,false,true,"{""*"": 6, ""BIL"": 0.5, ""BTAL"": 6, ""DBMF"": 2.5, ""KMLM"": 6, ""QQQ"": 1, ""SPY"": 0.7, ""TQQQ"": 1.5}",0.03000000,tests/data/2026-08-24-net15-bil0,BTAL75+KMLM25,0.20000000,0.04092438,0.23932664,0.04051504,0.23933626,40589.27848505,28000.00000000,12589.27848505,0.44961709,0.15946532,0.19088031,0.87817856,0.18942490,1.22310001,0.97338028,-0.16382633,,2023,0.34756325,2022,-0.05423403,245819.80690349,94.49704542,1.78859527,0.00337489,,,0.50917134,0.16976586,,,0.16910254,0.05583821,,,0.32006296,0.03394163
VT TQQQ/BTAL75+KMLM25 t25 w0-80 QQQ:VOL_EWMA80 gate QQQ<SMA200,sens,sens_2021-12-20,2021-12-20,2024-12-18,false,true,"{""*"": 6, ""BIL"": 0.5, ""BTAL"": 6, ""DBMF"": 2.5, ""KMLM"": 6, ""QQQ"": 1, ""SPY"": 0.7, ""TQQQ"": 1.5}",0.03000000,tests/data/2026-08-24-net15-bil0,BTAL75+KMLM25,0.25000000,0.05071065,0.29871948,0.05030884,0.29872858,43038.68708010,28000.00000000,15038.68708010,0.53709597,0.17709862,0.22277350,0.82562540,0.23027182,1.14834399,0.87691951,-0.20195538,,2023,0.43028789,2022,-0.11696173,278196.30092349,106.21948685,1.99646219,0.00379355,,,0.45586294,0.14949995,,,0.15134082,0.04955771,,,0.39121765,0.04286879
VT TQQQ/BTAL75+DBMF25 t20 w0-80 QQQ:VOL_EWMA80 gate QQQ<SMA200,sens,sens_2021-12-20,2021-12-20,2024-12-18,false,true,"{""*"": 6, ""BIL"": 0.5, ""BTAL"": 6, ""DBMF"": 2.5, ""KMLM"": 6, ""QQQ"": 1, ""SPY"": 0.7, ""TQQQ"": 1.5}",0.03000000,tests/data/2026-08-24-net15-bil0,BTAL75+DBMF25,0.20000000,0.04114125,0.23968615,0.04073958,0.23969312,40639.21499055,28000.00000000,12639.21499055,0.45140054,0.15732160,0.19154429,0.86747600,0.18968257,1.20803842,0.93543237,-0.16818063,,2023,0.33653273,2022,-0.06445245,245956.07408714,82.78566604,1.79804412,0.00295663,,,0.50935136,0.17016577,0.16921726,0.05604845,,,,,0.31978643,0.03358477
VT TQQQ/BTAL75+DBMF25 t25 w0-80 QQQ:VOL_EWMA80 gate QQQ<SMA200,sens,sens_2021-12-20,2021-12-20,2024-12-18,false,true,"{""*"": 6, ""BIL"": 0.5, ""BTAL"": 6, ""DBMF"": 2.5, ""KMLM"": 6, ""QQQ"": 1, ""SPY"": 0.7, ""TQQQ"": 1.5}",0.03000000,tests/data/2026-08-24-net15-bil0,BTAL75+DBMF25,0.25000000,0.05047271,0.29847045,0.05001699,0.29847752,43067.76008214,28000.00000000,15067.76008214,0.53813429,0.17448508,0.22314406,0.81420304,0.23096628,1.13262933,0.84219369,-0.20717928,,2023,0.42068234,2022,-0.12755562,278236.25929008,93.23493486,2.00779992,0.00332982,,,0.45558602,0.14963777,0.15137184,0.04970953,,,,,0.39146028,0.04311985
VT TQQQ/BTAL50+KMLM50 t20 w0-80 QQQ:VOL_EWMA80 gate QQQ<SMA200,sens,sens_2021-12-20,2021-12-20,2024-12-18,false,true,"{""*"": 6, ""BIL"": 0.5, ""BTAL"": 6, ""DBMF"": 2.5, ""KMLM"": 6, ""QQQ"": 1, ""SPY"": 0.7, ""TQQQ"": 1.5}",0.03000000,tests/data/2026-08-24-net15-bil0,BTAL50+KMLM50,0.20000000,0.04153358,0.23948473,0.04110532,0.23949346,40714.33573582,28000.00000000,12714.33573582,0.45408342,0.16758883,0.19254203,0.88523212,0.19762612,1.22867283,1.01801649,-0.16462290,,2023,0.37133722,2022,-0.03976167,248907.76189504,95.61599075,1.78609244,0.00341486,,,0.33953398,0.11297698,,,0.33938227,0.11342290,,,0.31949469,0.03378444
VT TQQQ/BTAL50+KMLM50 t25 w0-80 QQQ:VOL_EWMA80 gate QQQ<SMA200,sens,sens_2021-12-20,2021-12-20,2024-12-18,false,true,"{""*"": 6, ""BIL"": 0.5, ""BTAL"": 6, ""DBMF"": 2.5, ""KMLM"": 6, ""QQQ"": 1, ""SPY"": 0.7, ""TQQQ"": 1.5}",0.03000000,tests/data/2026-08-24-net15-bil0,BTAL50+KMLM50,0.25000000,0.05151402,0.29887188,0.05109547,0.29888136,43217.97945218,28000.00000000,15217.97945218,0.54349927,0.18563211,0.22505581,0.83649354,0.23815887,1.16142866,0.89368981,-0.20771425,,2023,0.45484197,2022,-0.10435486,281735.82047671,107.55305902,1.99448374,0.00384118,,,0.30413896,0.09960825,,,0.30391118,0.09922737,,,0.39039511,0.04271601
VT TQQQ/BIL37.5+BTAL37.5+KMLM25 t20 w0-80 QQQ:VOL_EWMA80 gate QQQ<SMA200,sens,sens_2021-12-20,2021-12-20,2024-12-18,false,true,"{""*"": 6, ""BIL"": 0.5, ""BTAL"": 6, ""DBMF"": 2.5, ""KMLM"": 6, ""QQQ"": 1, ""SPY"": 0.7, ""TQQQ"": 1.5}",0.03000000,tests/data/2026-08-24-net15-bil0,BIL37.5+BTAL37.5+KMLM25,0.20000000,0.04191631,0.23855666,0.04109993,0.23856149,40792.42133100,28000.00000000,12792.42133100,0.45687219,0.15669367,0.19357772,0.86247622,0.19028374,1.20100604,0.93679689,-0.16726536,,2023,0.40650730,2022,-0.10302631,246646.67026859,67.62909289,1.80791861,0.00241532,0.25291742,0.08486328,0.25433699,0.08475498,,,0.16912949,0.05598443,,,0.32025853,0.03471640
VT TQQQ/BIL37.5+BTAL37.5+KMLM25 t25 w0-80 QQQ:VOL_EWMA80 gate QQQ<SMA200,sens,sens_2021-12-20,2021-12-20,2024-12-18,false,true,"{""*"": 6, ""BIL"": 0.5, ""BTAL"": 6, ""DBMF"": 2.5, ""KMLM"": 6, ""QQQ"": 1, ""SPY"": 0.7, ""TQQQ"": 1.5}",0.03000000,tests/data/2026-08-24-net15-bil0,BIL37.5+BTAL37.5+KMLM25,0.25000000,0.05143399,0.29708716,0.05048083,0.29709316,43280.85328493,28000.00000000,15280.85328493,0.54574476,0.17459718,0.22585453,0.80621775,0.23435200,1.12264761,0.82987278,-0.21039029,519,2023,0.49030290,2022,-0.16176484,279151.27538668,76.31914285,2.01558394,0.00272568,0.22575869,0.07310471,0.22747149,0.07456796,,,0.15121848,0.04946819,,,0.39167892,0.04450420
VT TQQQ/BIL37.5+BTAL37.5+DBMF25 t20 w0-80 QQQ:VOL_EWMA80 gate QQQ<SMA200,sens,sens_2021-12-20,2021-12-20,2024-12-18,false,true,"{""*"": 6, ""BIL"": 0.5, ""BTAL"": 6, ""DBMF"": 2.5, ""KMLM"": 6, ""QQQ"": 1, ""SPY"": 0.7, ""TQQQ"": 1.5}",0.03000000,tests/data/2026-08-24-net15-bil0,BIL37.5+BTAL37.5+DBMF25,0.20000000,0.04169761,0.23834120,0.04086082,0.23834434,40792.54594009,28000.00000000,12792.54594009,0.45687664,0.15363670,0.19357938,0.84304623,0.19189259,1.17364073,0.86083067,-0.17847494,,2023,0.39512642,2022,-0.11460714,246766.92711935,56.31828315,1.81943658,0.00201137,0.25272899,0.08268220,0.25426146,0.08504400,0.16915171,0.05625627,,,,,0.32040931,0.03493356
VT TQQQ/BIL37.5+BTAL37.5+DBMF25 t25 w0-80 QQQ:VOL_EWMA80 gate QQQ<SMA200,sens,sens_2021-12-20,2021-12-20,2024-12-18,false,true,"{""*"": 6, ""BIL"": 0.5, ""BTAL"": 6, ""DBMF"": 2.5, ""KMLM"": 6, ""QQQ"": 1, ""SPY"": 0.7, ""TQQQ"": 1.5}",0.03000000,tests/data/2026-08-24-net15-bil0,BIL37.5+BTAL37.5+DBMF25,0.25000000,0.05179054,0.29744373,0.05081064,0.29744737,43339.66495176,28000.00000000,15339.66495176,0.54784518,0.17248586,0.22660090,0.79440441,0.23608757,1.10653754,0.77382123,-0.22290143,532,2023,0.47999554,2022,-0.17061088,279563.25807965,63.74068047,2.02800751,0.00227645,0.22557400,0.07196264,0.22754025,0.07460824,0.15133197,0.04941687,,,,,0.39160596,0.04414999
VT TQQQ/BIL25+BTAL25+KMLM50 t20 w0-80 QQQ:VOL_EWMA80 gate QQQ<SMA200,sens,sens_2021-12-20,2021-12-20,2024-12-18,false,true,"{""*"": 6, ""BIL"": 0.5, ""BTAL"": 6, ""DBMF"": 2.5, ""KMLM"": 6, ""QQQ"": 1, ""SPY"": 0.7, ""TQQQ"": 1.5}",0.03000000,tests/data/2026-08-24-net15-bil0,BIL25+BTAL25+KMLM50,0.20000000,0.04321251,0.23916285,0.04216692,0.23916986,40821.39801521,28000.00000000,12821.39801521,0.45790707,0.16564422,0.19396169,0.86706870,0.20049868,1.20545114,0.95662880,-0.17315412,,2023,0.41004725,2022,-0.07218085,249376.96391604,77.43404637,1.79859771,0.00276550,0.16758092,0.05575252,0.16964135,0.05660172,,,0.33929548,0.11254686,,,0.31938604,0.03410803
VT TQQQ/BIL25+BTAL25+KMLM50 t25 w0-80 QQQ:VOL_EWMA80 gate QQQ<SMA200,sens,sens_2021-12-20,2021-12-20,2024-12-18,false,true,"{""*"": 6, ""BIL"": 0.5, ""BTAL"": 6, ""DBMF"": 2.5, ""KMLM"": 6, ""QQQ"": 1, ""SPY"": 0.7, ""TQQQ"": 1.5}",0.03000000,tests/data/2026-08-24-net15-bil0,BIL25+BTAL25+KMLM50,0.25000000,0.05246024,0.29776733,0.05146214,0.29777485,43367.61329046,28000.00000000,15367.61329046,0.54884333,0.18380694,0.22695533,0.81970239,0.24239844,1.14061098,0.85459432,-0.21508093,,2023,0.49555437,2022,-0.13537696,282440.92230312,87.32160619,2.00830385,0.00311863,0.15009597,0.04863887,0.15170044,0.04956683,,,0.30369536,0.09908238,,,0.39076360,0.04382252
VT TQQQ/BIL75+KMLM25 t20 w0-80 QQQ:VOL_EWMA80 gate QQQ<SMA200,sens,sens_2021-12-20,2021-12-20,2024-12-18,false,true,"{""*"": 6, ""BIL"": 0.5, ""BTAL"": 6, ""DBMF"": 2.5, ""KMLM"": 6, ""QQQ"": 1, ""SPY"": 0.7, ""TQQQ"": 1.5}",0.03000000,tests/data/2026-08-24-net15-bil0,BIL75+KMLM25,0.20000000,0.04159564,0.23709710,0.04081585,0.23710067,40808.23112878,28000.00000000,12808.23112878,0.45743683,0.15091921,0.19378724,0.79382750,0.20377764,1.10546596,0.82928612,-0.18198689,519,2023,0.46447805,2022,-0.15322794,246783.68670725,41.51960603,1.82929121,0.00148284,0.50717886,0.16776403,,,,,0.16901533,0.05638118,,,0.32056756,0.03617723
VT TQQQ/BIL75+KMLM25 t25 w0-80 QQQ:VOL_EWMA80 gate QQQ<SMA200,sens,sens_2021-12-20,2021-12-20,2024-12-18,false,true,"{""*"": 6, ""BIL"": 0.5, ""BTAL"": 6, ""DBMF"": 2.5, ""KMLM"": 6, ""QQQ"": 1, ""SPY"": 0.7, ""TQQQ"": 1.5}",0.03000000,tests/data/2026-08-24-net15-bil0,BIL75+KMLM25,0.25000000,0.05119299,0.29592348,0.05046646,0.29592718,43440.99038869,28000.00000000,15440.99038869,0.55146394,0.17075272,0.22788507,0.76262033,0.24765949,1.06209413,0.71665283,-0.23826420,532,2023,0.55077674,2022,-0.20566658,280079.68314736,47.06474359,2.03746558,0.00168088,0.45352066,0.14744320,,,,,0.15116897,0.04934121,,,0.39182240,0.04567019
VT TQQQ/BIL75+DBMF25 t20 w0-80 QQQ:VOL_EWMA80 gate QQQ<SMA200,sens,sens_2021-12-20,2021-12-20,2024-12-18,false,true,"{""*"": 6, ""BIL"": 0.5, ""BTAL"": 6, ""DBMF"": 2.5, ""KMLM"": 6, ""QQQ"": 1, ""SPY"": 0.7, ""TQQQ"": 1.5}",0.03000000,tests/data/2026-08-24-net15-bil0,BIL75+DBMF25,0.20000000,0.04156147,0.23750600,0.04084019,0.23750781,40861.90803303,28000.00000000,12861.90803303,0.45935386,0.14885642,0.19449816,0.77742772,0.20648643,1.08041328,0.76228816,-0.19527579,532,2023,0.45260083,2022,-0.16197222,246772.19459101,30.68295690,1.83708850,0.00109582,0.50755467,0.16948058,,,0.16916126,0.05656872,,,,,0.32037864,0.03577008
VT TQQQ/BIL75+DBMF25 t25 w0-80 QQQ:VOL_EWMA80 gate QQQ<SMA200,sens,sens_2021-12-20,2021-12-20,2024-12-18,false,true,"{""*"": 6, ""BIL"": 0.5, ""BTAL"": 6, ""DBMF"": 2.5, ""KMLM"": 6, ""QQQ"": 1, ""SPY"": 0.7, ""TQQQ"": 1.5}",0.03000000,tests/data/2026-08-24-net15-bil0,BIL75+DBMF25,0.25000000,0.05079661,0.29569178,0.05010529,0.29569366,43500.41348039,28000.00000000,15500.41348039,0.55358620,0.16852683,0.22863718,0.74968952,0.25025774,1.04298941,0.67227617,-0.25068096,534,2023,0.54058109,2022,-0.21460490,280520.87395150,34.86868729,2.05057836,0.00124531,0.45335797,0.14771329,,,0.15124680,0.04911098,,,,,0.39205918,0.04590371
VT TQQQ/BIL50+KMLM50 t20 w0-80 QQQ:VOL_EWMA80 gate QQQ<SMA200,sens,sens_2021-12-20,2021-12-20,2024-12-18,false,true,"{""*"": 6, ""BIL"": 0.5, ""BTAL"": 6, ""DBMF"": 2.5, ""KMLM"": 6, ""QQQ"": 1, ""SPY"": 0.7, ""TQQQ"": 1.5}",0.03000000,tests/data/2026-08-24-net15-bil0,BIL50+KMLM50,0.20000000,0.04263437,0.23817881,0.04189919,0.23818484,40812.07716830,28000.00000000,12812.07716830,0.45757418,0.16143138,0.19383820,0.82355623,0.20873454,1.14769716,0.88936401,-0.18151329,,2023,0.44875838,2022,-0.10807793,249351.33044029,59.45607583,1.81321231,0.00212343,0.33769826,0.11210797,,,,,0.33926384,0.11315542,,,0.31971255,0.03509306
VT TQQQ/BIL50+KMLM50 t25 w0-80 QQQ:VOL_EWMA80 gate QQQ<SMA200,sens,sens_2021-12-20,2021-12-20,2024-12-18,false,true,"{""*"": 6, ""BIL"": 0.5, ""BTAL"": 6, ""DBMF"": 2.5, ""KMLM"": 6, ""QQQ"": 1, ""SPY"": 0.7, ""TQQQ"": 1.5}",0.03000000,tests/data/2026-08-24-net15-bil0,BIL50+KMLM50,0.25000000,0.05225065,0.29720196,0.05154139,0.29720764,43478.07615133,28000.00000000,15478.07615133,0.55278843,0.18139191,0.22835455,0.79278346,0.25060585,1.10541269,0.81542620,-0.22245043,,2023,0.53576215,2022,-0.16545423,283185.86930671,67.33136765,2.02362135,0.00240469,0.30211268,0.09807185,,,,,0.30365715,0.09935208,,,0.39078570,0.04438972
VT TQQQ/BTAL t20 w0-80 QQQ:VOL_EWMA80 gate QQQ<SMA200,sens,sens_2021-12-20,2021-12-20,2024-12-18,false,true,"{""*"": 6, ""BIL"": 0.5, ""BTAL"": 6, ""DBMF"": 2.5, ""KMLM"": 6, ""QQQ"": 1, ""SPY"": 0.7, ""TQQQ"": 1.5}",0.03000000,tests/data/2026-08-24-net15-bil0,BTAL,0.20000000,0.04031767,0.23970410,0.04017944,0.23971336,40456.05016427,28000.00000000,12456.05016427,0.44485893,0.15125442,0.18910591,0.84131093,0.18919714,1.17458777,0.92625657,-0.16329647,,2023,0.32332435,2022,-0.06804581,242301.16661562,93.04792154,1.78713720,0.00332314,,,0.67882727,0.22672692,,,,,,,0.32029521,0.03356453
VT TQQQ/BTAL t25 w0-80 QQQ:VOL_EWMA80 gate QQQ<SMA200,sens,sens_2021-12-20,2021-12-20,2024-12-18,false,true,"{""*"": 6, ""BIL"": 0.5, ""BTAL"": 6, ""DBMF"": 2.5, ""KMLM"": 6, ""QQQ"": 1, ""SPY"": 0.7, ""TQQQ"": 1.5}",0.03000000,tests/data/2026-08-24-net15-bil0,BTAL,0.25000000,0.04956354,0.29848882,0.04944808,0.29849847,42764.06438901,28000.00000000,14764.06438901,0.52728801,0.16707667,0.21926430,0.79402787,0.22796126,1.10467104,0.81824453,-0.20418917,520,2023,0.40476533,2022,-0.13153575,274384.56216700,104.75529329,1.99960405,0.00374126,,,0.60711927,0.19942145,,,,,,,0.39199655,0.04309889
VT TQQQ/BIL t20 w0-80 QQQ:VOL_EWMA80 gate QQQ<SMA200,sens,sens_2021-12-20,2021-12-20,2024-12-18,false,true,"{""*"": 6, ""BIL"": 0.5, ""BTAL"": 6, ""DBMF"": 2.5, ""KMLM"": 6, ""QQQ"": 1, ""SPY"": 0.7, ""TQQQ"": 1.5}",0.03000000,tests/data/2026-08-24-net15-bil0,BIL,0.20000000,0.04076232,0.23657596,0.04033402,0.23657676,40814.78080092,28000.00000000,12814.78080092,0.45767074,0.14035089,0.19387402,0.74718480,0.20424772,1.03832822,0.65216504,-0.21520763,535,2023,0.47979510,2022,-0.19612468,243656.49578263,23.89160723,1.83987276,0.00085327,0.67630129,0.22517206,,,,,,,,,0.32108794,0.03670113
VT TQQQ/BIL t25 w0-80 QQQ:VOL_EWMA80 gate QQQ<SMA200,sens,sens_2021-12-20,2021-12-20,2024-12-18,false,true,"{""*"": 6, ""BIL"": 0.5, ""BTAL"": 6, ""DBMF"": 2.5, ""KMLM"": 6, ""QQQ"": 1, ""SPY"": 0.7, ""TQQQ"": 1.5}",0.03000000,tests/data/2026-08-24-net15-bil0,BIL,0.25000000,0.04958350,0.29456297,0.04926140,0.29456394,43381.40715172,28000.00000000,15381.40715172,0.54933597,0.15937078,0.22713019,0.72039941,0.24905801,1.00184015,0.59248899,-0.26898522,562,2023,0.56559963,2022,-0.24555545,276939.47930665,27.29322578,2.05168895,0.00097476,0.60451172,0.19851734,,,,,,,,,0.39298087,0.04703342
VT TQQQ/BIL50+BTAL50 t20 w0-80 QQQ:VOL_EWMA80 gate QQQ<SMA200,sens,sens_2021-12-20,2021-12-20,2024-12-18,false,true,"{""*"": 6, ""BIL"": 0.5, ""BTAL"": 6, ""DBMF"": 2.5, ""KMLM"": 6, ""QQQ"": 1, ""SPY"": 0.7, ""TQQQ"": 1.5}",0.03000000,tests/data/2026-08-24-net15-bil0,BIL50+BTAL50,0.20000000,0.04083469,0.23793358,0.04034485,0.23793671,40723.50901645,28000.00000000,12723.50901645,0.45441104,0.14718035,0.19266377,0.83653895,0.18512216,1.16518075,0.85149742,-0.17284886,520,2023,0.40197855,2022,-0.13325417,243281.21429476,57.78113024,1.81275291,0.00206361,0.33718085,0.11170445,0.33886617,0.11308978,,,,,,,0.32102042,0.03534118
VT TQQQ/BIL50+BTAL50 t25 w0-80 QQQ:VOL_EWMA80 gate QQQ<SMA200,sens,sens_2021-12-20,2021-12-20,2024-12-18,false,true,"{""*"": 6, ""BIL"": 0.5, ""BTAL"": 6, ""DBMF"": 2.5, ""KMLM"": 6, ""QQQ"": 1, ""SPY"": 0.7, ""TQQQ"": 1.5}",0.03000000,tests/data/2026-08-24-net15-bil0,BIL50+BTAL50,0.25000000,0.05080513,0.29698735,0.05010116,0.29699100,43202.16625674,28000.00000000,15202.16625674,0.54293451,0.16554340,0.22485479,0.78332357,0.23000113,1.09079339,0.71716421,-0.23083054,533,2023,0.48494360,2022,-0.18691649,276771.34228716,65.52736507,2.02783791,0.00234026,0.30155128,0.09738680,0.30319106,0.09941468,,,,,,,0.39213040,0.04460637
TQQQ50/BTAL50 gate QQQ<SMA200,sens,sens_2021-12-20,2021-12-20,2024-12-18,true,true,"{""*"": 6, ""BIL"": 0.5, ""BTAL"": 6, ""DBMF"": 2.5, ""KMLM"": 6, ""QQQ"": 1, ""SPY"": 0.7, ""TQQQ"": 1.5}",0.03000000,tests/data/2026-08-24-net15-bil0,,,0.09851746,0.41954233,0.09838924,0.41955278,45076.54585314,28000.00000000,17076.54585314,0.60987664,0.17813854,0.24832013,0.89013025,0.20926245,1.28557211,0.60534593,-0.29427560,567,2023,0.45437948,2022,-0.23280217,72565.49683271,28.91515943,0.53007390,0.00103268,,,0.59749246,0.49908558,,,,,,,0.40168301,0.08044722
SPY benchmark,sens,sens_2021-12-20,2021-12-20,2024-12-18,true,true,"{""*"": 6, ""BIL"": 0.5, ""BTAL"": 6, ""DBMF"": 2.5, ""KMLM"": 6, ""QQQ"": 1, ""SPY"": 0.7, ""TQQQ"": 1.5}",0.03000000,tests/data/2026-08-24-net15-bil0,,,0.01036235,0.02853707,0.01036423,0.02853833,37154.48737506,28000.00000000,9154.48737506,0.32694598,0.10029625,0.14370727,0.64071401,0.17287560,0.91416688,0.41173444,-0.24359452,709,2023,0.25583662,2022,-0.18197208,27739.70744952,1.94177952,0.22279974,0.00006935,,,,,,,,,0.98963577,0.97146167,,
VT TQQQ/BTAL75+KMLM25 t20 w0-80 QQQ:VOL_EWMA80 gate QQQ<SMA200,sens,sens_2022-06-21,2022-06-21,2025-06-18,false,true,"{""*"": 6, ""BIL"": 0.5, ""BTAL"": 6, ""DBMF"": 2.5, ""KMLM"": 6, ""QQQ"": 1, ""SPY"": 0.7, ""TQQQ"": 1.5}",0.03000000,tests/data/2026-08-24-net15-bil0,BTAL75+KMLM25,0.20000000,0.04881013,0.27326684,0.04836976,0.27327789,36635.52854588,28000.00000000,8635.52854588,0.30841173,0.13645573,0.13645083,0.75079717,0.19705848,1.04256142,0.77176965,-0.17680889,,2023,0.32926105,2025,-0.03628059,240260.39188732,93.34425035,1.68493783,0.00333372,,,0.50763167,0.16983061,,,0.16870806,0.05612269,,,0.32208752,0.00000000
VT TQQQ/BTAL75+KMLM25 t25 w0-80 QQQ:VOL_EWMA80 gate QQQ<SMA200,sens,sens_2022-06-21,2022-06-21,2025-06-18,false,true,"{""*"": 6, ""BIL"": 0.5, ""BTAL"": 6, ""DBMF"": 2.5, ""KMLM"": 6, ""QQQ"": 1, ""SPY"": 0.7, ""TQQQ"": 1.5}",0.03000000,tests/data/2026-08-24-net15-bil0,BTAL75+KMLM25,0.25000000,0.06045401,0.34158632,0.06007182,0.34159737,39275.75396231,28000.00000000,11275.75396231,0.40270550,0.17283880,0.17338200,0.78703485,0.24030231,1.09565970,0.74998857,-0.23045524,,2023,0.40569286,2025,-0.03785296,284102.82906215,109.71907951,1.89333964,0.00391854,,,0.45385229,0.14960411,,,0.15070301,0.04883061,,,0.39390491,0.00000000
VT TQQQ/BTAL75+DBMF25 t20 w0-80 QQQ:VOL_EWMA80 gate QQQ<SMA200,sens,sens_2022-06-21,2022-06-21,2025-06-18,false,true,"{""*"": 6, ""BIL"": 0.5, ""BTAL"": 6, ""DBMF"": 2.5, ""KMLM"": 6, ""QQQ"": 1, ""SPY"": 0.7, ""TQQQ"": 1.5}",0.03000000,tests/data/2026-08-24-net15-bil0,BTAL75+DBMF25,0.20000000,0.04869940,0.27326975,0.04830807,0.27327789,37454.69186246,28000.00000000,9454.69186246,0.33766757,0.14627867,0.14811162,0.79202779,0.19794315,1.10021671,0.79970872,-0.18291494,,2023,0.31849735,2025,-0.02307686,243247.93508075,82.42921280,1.69418962,0.00294390,,,0.50780908,0.17011082,0.16883641,0.05626382,,,,,0.32208359,0.00000000
VT TQQQ/BTAL75+DBMF25 t25 w0-80 QQQ:VOL_EWMA80 gate QQQ<SMA200,sens,sens_2022-06-21,2022-06-21,2025-06-18,false,true,"{""*"": 6, ""BIL"": 0.5, ""BTAL"": 6, ""DBMF"": 2.5, ""KMLM"": 6, ""QQQ"": 1, ""SPY"": 0.7, ""TQQQ"": 1.5}",0.03000000,tests/data/2026-08-24-net15-bil0,BTAL75+DBMF25,0.25000000,0.06044060,0.34158923,0.06002990,0.34159737,40070.06966946,28000.00000000,12070.06966946,0.43107392,0.18213498,0.18413735,0.81746917,0.24138470,1.13895474,0.77773524,-0.23418635,,2023,0.39601479,2025,-0.02670868,287169.74573553,96.89280215,1.90121766,0.00346046,,,0.45391538,0.14968184,0.15087136,0.04965596,,,,,0.39386739,0.00000000
VT TQQQ/BTAL50+KMLM50 t20 w0-80 QQQ:VOL_EWMA80 gate QQQ<SMA200,sens,sens_2022-06-21,2022-06-21,2025-06-18,false,true,"{""*"": 6, ""BIL"": 0.5, ""BTAL"": 6, ""DBMF"": 2.5, ""KMLM"": 6, ""QQQ"": 1, ""SPY"": 0.7, ""TQQQ"": 1.5}",0.03000000,tests/data/2026-08-24-net15-bil0,BTAL50+KMLM50,0.20000000,0.04882387,0.27326676,0.04830727,0.27327789,35612.57255218,28000.00000000,7612.57255218,0.27187759,0.12292843,0.12161783,0.67235219,0.20433429,0.92976328,0.58881679,-0.20877195,,2023,0.35328223,2025,-0.05048728,238859.22748544,92.88985585,1.69836648,0.00331749,,,0.33817344,0.11344543,,,0.33792096,0.11301180,,,0.32221999,0.00000000
VT TQQQ/BTAL50+KMLM50 t25 w0-80 QQQ:VOL_EWMA80 gate QQQ<SMA200,sens,sens_2022-06-21,2022-06-21,2025-06-18,false,true,"{""*"": 6, ""BIL"": 0.5, ""BTAL"": 6, ""DBMF"": 2.5, ""KMLM"": 6, ""QQQ"": 1, ""SPY"": 0.7, ""TQQQ"": 1.5}",0.03000000,tests/data/2026-08-24-net15-bil0,BTAL50+KMLM50,0.25000000,0.06022097,0.34158623,0.05985145,0.34159737,38334.69835386,28000.00000000,10334.69835386,0.36909637,0.16082397,0.16043260,0.72818403,0.24815131,1.01039870,0.62366468,-0.25786929,,2023,0.43144031,2025,-0.05028128,282608.15728700,109.17131894,1.90572068,0.00389898,,,0.30235160,0.09930627,,,0.30219733,0.09894998,,,0.39401980,0.00000000
VT TQQQ/BIL37.5+BTAL37.5+KMLM25 t20 w0-80 QQQ:VOL_EWMA80 gate QQQ<SMA200,sens,sens_2022-06-21,2022-06-21,2025-06-18,false,true,"{""*"": 6, ""BIL"": 0.5, ""BTAL"": 6, ""DBMF"": 2.5, ""KMLM"": 6, ""QQQ"": 1, ""SPY"": 0.7, ""TQQQ"": 1.5}",0.03000000,tests/data/2026-08-24-net15-bil0,BIL37.5+BTAL37.5+KMLM25,0.20000000,0.05003523,0.27327138,0.04904157,0.27327789,37927.05798593,28000.00000000,9927.05798593,0.35453779,0.15713149,0.15475119,0.84174206,0.19735170,1.17375162,0.79510660,-0.19762317,,2023,0.38829939,2025,-0.02936793,248494.66948214,68.79573087,1.70329184,0.00245699,0.25191598,0.08206025,0.25349882,0.08507708,,,0.16858542,0.05592409,,,0.32226573,0.00000000
VT TQQQ/BIL37.5+BTAL37.5+KMLM25 t25 w0-80 QQQ:VOL_EWMA80 gate QQQ<SMA200,sens,sens_2022-06-21,2022-06-21,2025-06-18,false,true,"{""*"": 6, ""BIL"": 0.5, ""BTAL"": 6, ""DBMF"": 2.5, ""KMLM"": 6, ""QQQ"": 1, ""SPY"": 0.7, ""TQQQ"": 1.5}",0.03000000,tests/data/2026-08-24-net15-bil0,BIL37.5+BTAL37.5+KMLM25,0.25000000,0.06152011,0.34159085,0.06065708,0.34159737,40665.59070210,28000.00000000,12665.59070210,0.45234253,0.19418913,0.19209960,0.85378585,0.24370587,1.19286334,0.77881187,-0.24934023,,2023,0.46650699,2025,-0.03205980,294255.69499281,81.08098842,1.91354966,0.00289575,0.22501180,0.07185493,0.22662533,0.07443638,,,0.15072100,0.04968320,,,0.39410151,0.00000000
VT TQQQ/BIL37.5+BTAL37.5+DBMF25 t20 w0-80 QQQ:VOL_EWMA80 gate QQQ<SMA200,sens,sens_2022-06-21,2022-06-21,2025-06-18,false,true,"{""*"": 6, ""BIL"": 0.5, ""BTAL"": 6, ""DBMF"": 2.5, ""KMLM"": 6, ""QQQ"": 1, ""SPY"": 0.7, ""TQQQ"": 1.5}",0.03000000,tests/data/2026-08-24-net15-bil0,BIL37.5+BTAL37.5+DBMF25,0.20000000,0.05008590,0.27327342,0.04913140,0.27327789,38777.42868839,28000.00000000,10777.42868839,0.38490817,0.16724053,0.16655333,0.87946318,0.19926166,1.22679233,0.82099639,-0.20370434,,2023,0.37753279,2025,-0.01632487,251725.10653582,57.74384521,1.71305539,0.00206228,0.25157742,0.08217650,0.25356340,0.08440136,0.16862631,0.05583117,,,,,0.32221588,0.00000000
VT TQQQ/BIL37.5+BTAL37.5+DBMF25 t25 w0-80 QQQ:VOL_EWMA80 gate QQQ<SMA200,sens,sens_2022-06-21,2022-06-21,2025-06-18,false,true,"{""*"": 6, ""BIL"": 0.5, ""BTAL"": 6, ""DBMF"": 2.5, ""KMLM"": 6, ""QQQ"": 1, ""SPY"": 0.7, ""TQQQ"": 1.5}",0.03000000,tests/data/2026-08-24-net15-bil0,BIL37.5+BTAL37.5+DBMF25,0.25000000,0.06156925,0.34159289,0.06081141,0.34159737,41473.91453494,28000.00000000,13473.91453494,0.48121123,0.20354128,0.20277260,0.88116475,0.24554769,1.23207513,0.80407719,-0.25313649,,2023,0.45637196,2025,-0.02108391,297072.14100416,68.04111550,1.91918484,0.00243004,0.22468484,0.07189846,0.22664329,0.07441600,0.15077945,0.04946265,,,,,0.39407173,0.00000000
VT TQQQ/BIL25+BTAL25+KMLM50 t20 w0-80 QQQ:VOL_EWMA80 gate QQQ<SMA200,sens,sens_2022-06-21,2022-06-21,2025-06-18,false,true,"{""*"": 6, ""BIL"": 0.5, ""BTAL"": 6, ""DBMF"": 2.5, ""KMLM"": 6, ""QQQ"": 1, ""SPY"": 0.7, ""TQQQ"": 1.5}",0.03000000,tests/data/2026-08-24-net15-bil0,BIL25+BTAL25+KMLM50,0.20000000,0.05008455,0.27327016,0.04913908,0.27327789,36411.62226625,28000.00000000,8411.62226625,0.30041508,0.13605314,0.13323035,0.72105951,0.20766825,0.99975020,0.61246578,-0.22213999,,2023,0.39260480,2025,-0.04623389,243770.24855746,76.76318608,1.70794188,0.00274154,0.16720601,0.05439850,0.16880354,0.05657408,,,0.33801444,0.11239736,,,0.32224409,0.00000000
VT TQQQ/BIL25+BTAL25+KMLM50 t25 w0-80 QQQ:VOL_EWMA80 gate QQQ<SMA200,sens,sens_2022-06-21,2022-06-21,2025-06-18,false,true,"{""*"": 6, ""BIL"": 0.5, ""BTAL"": 6, ""DBMF"": 2.5, ""KMLM"": 6, ""QQQ"": 1, ""SPY"": 0.7, ""TQQQ"": 1.5}",0.03000000,tests/data/2026-08-24-net15-bil0,BIL25+BTAL25+KMLM50,0.25000000,0.06155223,0.34158964,0.06068089,0.34159737,39198.05114034,28000.00000000,11198.05114034,0.39993040,0.17438677,0.17232139,0.76600615,0.25257535,1.06561416,0.64571229,-0.27006884,,2023,0.47178881,2025,-0.04669438,287975.41919038,90.30518069,1.91157760,0.00322519,0.14940008,0.04866451,0.15093064,0.04957790,,,0.30203746,0.09906393,,,0.39411074,0.00000000
VT TQQQ/BIL75+KMLM25 t20 w0-80 QQQ:VOL_EWMA80 gate QQQ<SMA200,sens,sens_2022-06-21,2022-06-21,2025-06-18,false,true,"{""*"": 6, ""BIL"": 0.5, ""BTAL"": 6, ""DBMF"": 2.5, ""KMLM"": 6, ""QQQ"": 1, ""SPY"": 0.7, ""TQQQ"": 1.5}",0.03000000,tests/data/2026-08-24-net15-bil0,BIL75+KMLM25,0.20000000,0.04957154,0.27327389,0.04879564,0.27327789,39144.09771443,28000.00000000,11144.09771443,0.39800349,0.17622883,0.17158405,0.87868256,0.21093346,1.22711215,0.80101712,-0.22000632,,2023,0.44775740,2025,-0.02377749,255472.57114641,43.43269612,1.71458785,0.00155117,0.50564835,0.16710459,,,,,0.16848731,0.05580856,,,0.32240412,0.00000000
VT TQQQ/BIL75+KMLM25 t25 w0-80 QQQ:VOL_EWMA80 gate QQQ<SMA200,sens,sens_2022-06-21,2022-06-21,2025-06-18,false,true,"{""*"": 6, ""BIL"": 0.5, ""BTAL"": 6, ""DBMF"": 2.5, ""KMLM"": 6, ""QQQ"": 1, ""SPY"": 0.7, ""TQQQ"": 1.5}",0.03000000,tests/data/2026-08-24-net15-bil0,BIL75+KMLM25,0.25000000,0.06107836,0.34159337,0.06037052,0.34159737,41979.19024598,28000.00000000,13979.19024598,0.49925679,0.21396008,0.20936768,0.88799377,0.25650895,1.24325010,0.79694111,-0.26847665,,2023,0.52758509,2025,-0.02735861,302603.60920098,51.30323212,1.92374289,0.00183226,0.45184596,0.14683644,,,,,0.15055857,0.04909647,,,0.39419809,0.00000000
VT TQQQ/BIL75+DBMF25 t20 w0-80 QQQ:VOL_EWMA80 gate QQQ<SMA200,sens,sens_2022-06-21,2022-06-21,2025-06-18,false,true,"{""*"": 6, ""BIL"": 0.5, ""BTAL"": 6, ""DBMF"": 2.5, ""KMLM"": 6, ""QQQ"": 1, ""SPY"": 0.7, ""TQQQ"": 1.5}",0.03000000,tests/data/2026-08-24-net15-bil0,BIL75+DBMF25,0.20000000,0.04946723,0.27327589,0.04885468,0.27327789,39995.86823735,28000.00000000,11995.86823735,0.42842387,0.18620820,0.18313924,0.90954004,0.21378309,1.27018086,0.82751176,-0.22502182,,2023,0.43535119,2025,-0.01094029,258280.09378895,32.06982428,1.72154334,0.00114535,0.50584553,0.16740222,,,0.16875748,0.05655405,,,,,0.32237768,0.00000000
VT TQQQ/BIL75+DBMF25 t25 w0-80 QQQ:VOL_EWMA80 gate QQQ<SMA200,sens,sens_2022-06-21,2022-06-21,2025-06-18,false,true,"{""*"": 6, ""BIL"": 0.5, ""BTAL"": 6, ""DBMF"": 2.5, ""KMLM"": 6, ""QQQ"": 1, ""SPY"": 0.7, ""TQQQ"": 1.5}",0.03000000,tests/data/2026-08-24-net15-bil0,BIL75+DBMF25,0.25000000,0.06089826,0.34159536,0.06029098,0.34159737,42831.11058147,28000.00000000,14831.11058147,0.52968252,0.22372846,0.22035812,0.91300021,0.25902049,1.27898613,0.82290245,-0.27187726,,2023,0.51721710,2025,-0.01650638,306036.92632830,38.03147525,1.93195196,0.00135827,0.45218963,0.14689478,,,0.15071895,0.04921582,,,,,0.39423271,0.00000000
VT TQQQ/BIL50+KMLM50 t20 w0-80 QQQ:VOL_EWMA80 gate QQQ<SMA200,sens,sens_2022-06-21,2022-06-21,2025-06-18,false,true,"{""*"": 6, ""BIL"": 0.5, ""BTAL"": 6, ""DBMF"": 2.5, ""KMLM"": 6, ""QQQ"": 1, ""SPY"": 0.7, ""TQQQ"": 1.5}",0.03000000,tests/data/2026-08-24-net15-bil0,BIL50+KMLM50,0.20000000,0.04938720,0.27327142,0.04872924,0.27327789,37176.53846644,28000.00000000,9176.53846644,0.32773352,0.14847320,0.14417321,0.75017192,0.21673857,1.04225960,0.62811318,-0.23637969,,2023,0.43186696,2025,-0.04264358,248462.88181881,60.21324543,1.71670407,0.00215047,0.33665111,0.11059950,,,,,0.33778597,0.11311565,,,0.32244155,0.00000000
VT TQQQ/BIL50+KMLM50 t25 w0-80 QQQ:VOL_EWMA80 gate QQQ<SMA200,sens,sens_2022-06-21,2022-06-21,2025-06-18,false,true,"{""*"": 6, ""BIL"": 0.5, ""BTAL"": 6, ""DBMF"": 2.5, ""KMLM"": 6, ""QQQ"": 1, ""SPY"": 0.7, ""TQQQ"": 1.5}",0.03000000,tests/data/2026-08-24-net15-bil0,BIL50+KMLM50,0.25000000,0.06086064,0.34159089,0.06035635,0.34159737,40051.19822541,28000.00000000,12051.19822541,0.43039994,0.18758212,0.18388363,0.79249824,0.26104186,1.10504313,0.66427644,-0.28238563,,2023,0.51285458,2025,-0.04362385,294443.95035417,71.03727048,1.92463683,0.00253705,0.30077163,0.09901237,,,,,0.30201642,0.09962587,,,0.39427121,0.00000000
VT TQQQ/BTAL t20 w0-80 QQQ:VOL_EWMA80 gate QQQ<SMA200,sens,sens_2022-06-21,2022-06-21,2025-06-18,false,true,"{""*"": 6, ""BIL"": 0.5, ""BTAL"": 6, ""DBMF"": 2.5, ""KMLM"": 6, ""QQQ"": 1, ""SPY"": 0.7, ""TQQQ"": 1.5}",0.03000000,tests/data/2026-08-24-net15-bil0,BTAL,0.20000000,0.04855897,0.27326692,0.04838983,0.27327789,37602.53039225,28000.00000000,9602.53039225,0.34294751,0.14860117,0.15019618,0.80259691,0.19783525,1.11693734,0.90984877,-0.16332514,,2023,0.30492408,2025,-0.02249193,241462.90272440,93.76655988,1.67299526,0.00334881,,,0.67723442,0.22660182,,,,,,,0.32196325,0.00000000
VT TQQQ/BTAL t25 w0-80 QQQ:VOL_EWMA80 gate QQQ<SMA200,sens,sens_2022-06-21,2022-06-21,2025-06-18,false,true,"{""*"": 6, ""BIL"": 0.5, ""BTAL"": 6, ""DBMF"": 2.5, ""KMLM"": 6, ""QQQ"": 1, ""SPY"": 0.7, ""TQQQ"": 1.5}",0.03000000,tests/data/2026-08-24-net15-bil0,BTAL,0.25000000,0.06023408,0.34158640,0.06009957,0.34159737,40157.26787503,28000.00000000,12157.26787503,0.43418814,0.18352760,0.18530857,0.83023959,0.23815719,1.15739692,0.90812602,-0.20209486,,2023,0.37974249,2025,-0.02571747,285346.98438330,110.16797561,1.88235059,0.00393457,,,0.60555892,0.19960505,,,,,,,0.39366474,0.00000000
VT TQQQ/BIL t20 w0-80 QQQ:VOL_EWMA80 gate QQQ<SMA200,sens,sens_2022-06-21,2022-06-21,2025-06-18,false,true,"{""*"": 6, ""BIL"": 0.5, ""BTAL"": 6, ""DBMF"": 2.5, ""KMLM"": 6, ""QQQ"": 1, ""SPY"": 0.7, ""TQQQ"": 1.5}",0.03000000,tests/data/2026-08-24-net15-bil0,BIL,0.20000000,0.04903747,0.27327689,0.04878371,0.27327789,41159.43262325,28000.00000000,13159.43262325,0.46997974,0.20344945,0.19863834,0.99463366,0.20906497,1.39367364,0.96192505,-0.21150239,,2023,0.46213446,2025,-0.00455848,262427.56110410,25.53578640,1.71309406,0.00091199,0.67557534,0.22455392,,,,,,,,,0.32238339,0.00000000
VT TQQQ/BIL t25 w0-80 QQQ:VOL_EWMA80 gate QQQ<SMA200,sens,sens_2022-06-21,2022-06-21,2025-06-18,false,true,"{""*"": 6, ""BIL"": 0.5, ""BTAL"": 6, ""DBMF"": 2.5, ""KMLM"": 6, ""QQQ"": 1, ""SPY"": 0.7, ""TQQQ"": 1.5}",0.03000000,tests/data/2026-08-24-net15-bil0,BIL,0.25000000,0.06061293,0.34159637,0.06029948,0.34159737,43992.58100724,28000.00000000,15992.58100724,0.57116361,0.24036406,0.23508973,0.97647410,0.25502544,1.37085540,0.92021183,-0.26120514,,2023,0.54248280,2025,-0.01071678,310787.85887118,30.39447679,1.92250540,0.00108552,0.60379757,0.19894602,,,,,,,,,0.39416417,0.00000000
VT TQQQ/BIL50+BTAL50 t20 w0-80 QQQ:VOL_EWMA80 gate QQQ<SMA200,sens,sens_2022-06-21,2022-06-21,2025-06-18,false,true,"{""*"": 6, ""BIL"": 0.5, ""BTAL"": 6, ""DBMF"": 2.5, ""KMLM"": 6, ""QQQ"": 1, ""SPY"": 0.7, ""TQQQ"": 1.5}",0.03000000,tests/data/2026-08-24-net15-bil0,BIL50+BTAL50,0.20000000,0.04944768,0.27327395,0.04892146,0.27327789,39457.96707542,28000.00000000,11457.96707542,0.40921311,0.17757532,0.17586314,0.95479391,0.19115219,1.33732334,1.03343489,-0.17183019,,2023,0.38376003,2025,-0.01239935,252937.98189844,60.19724164,1.69799758,0.00214990,0.33719538,0.11247754,0.33834380,0.11279819,,,,,,,0.32209780,0.00000000
VT TQQQ/BIL50+BTAL50 t25 w0-80 QQQ:VOL_EWMA80 gate QQQ<SMA200,sens,sens_2022-06-21,2022-06-21,2025-06-18,false,true,"{""*"": 6, ""BIL"": 0.5, ""BTAL"": 6, ""DBMF"": 2.5, ""KMLM"": 6, ""QQQ"": 1, ""SPY"": 0.7, ""TQQQ"": 1.5}",0.03000000,tests/data/2026-08-24-net15-bil0,BIL50+BTAL50,0.25000000,0.06096198,0.34159343,0.06051276,0.34159737,42119.74583628,28000.00000000,14119.74583628,0.50427664,0.21310036,0.21119203,0.93505557,0.23791950,1.31065667,0.93548004,-0.22779786,,2023,0.46086755,2025,-0.01737293,299007.93137779,71.10601159,1.90746232,0.00253950,0.30127529,0.09780659,0.30246915,0.09967746,,,,,,,0.39398218,0.00000000
TQQQ50/BTAL50 gate QQQ<SMA200,sens,sens_2022-06-21,2022-06-21,2025-06-18,true,true,"{""*"": 6, ""BIL"": 0.5, ""BTAL"": 6, ""DBMF"": 2.5, ""KMLM"": 6, ""QQQ"": 1, ""SPY"": 0.7, ""TQQQ"": 1.5}",0.03000000,tests/data/2026-08-24-net15-bil0,,,0.11366697,0.49998903,0.11347762,0.50000000,43464.88448298,28000.00000000,15464.88448298,0.55231730,0.22590767,0.22843199,1.00079659,0.23111999,1.45038996,0.90576494,-0.24941093,,2023,0.40716259,2025,-0.03886942,77270.34715691,32.27692812,0.48285283,0.00115275,,,0.61263118,0.49913811,,,,,,,0.38658729,0.00000000
SPY benchmark,sens,sens_2022-06-21,2022-06-21,2025-06-18,true,true,"{""*"": 6, ""BIL"": 0.5, ""BTAL"": 6, ""DBMF"": 2.5, ""KMLM"": 6, ""QQQ"": 1, ""SPY"": 0.7, ""TQQQ"": 1.5}",0.03000000,tests/data/2026-08-24-net15-bil0,,,0.01300693,0.03227619,0.01300869,0.03231006,39711.10365518,28000.00000000,11711.10365518,0.41825370,0.18054493,0.17929622,1.04394150,0.17412158,1.58463964,0.96873098,-0.18637262,,2023,0.25475887,2025,0.02204046,27867.34190562,1.95071393,0.19292624,0.00006967,,,,,,,,,0.98699131,0.96768994,,
VT TQQQ/BTAL75+KMLM25 t20 w0-80 QQQ:VOL_EWMA80 gate QQQ<SMA200,sens,sens_2022-12-19,2022-12-19,2025-12-18,false,true,"{""*"": 6, ""BIL"": 0.5, ""BTAL"": 6, ""DBMF"": 2.5, ""KMLM"": 6, ""QQQ"": 1, ""SPY"": 0.7, ""TQQQ"": 1.5}",0.03000000,tests/data/2026-08-24-net15-bil0,BTAL75+KMLM25,0.20000000,0.01768411,0.27326373,0.01707446,0.27327789,42328.48440139,28000.00000000,14328.48440139,0.51173159,0.22130300,0.21358294,1.08238348,0.20515691,1.52056979,1.25461736,-0.17639083,448,2023,0.32885526,2022,0.01084122,309001.64095777,118.44433485,2.02958127,0.00423015,,,0.43954848,0.14978881,,,0.14606900,0.04956413,,,0.41273569,0.00000000
VT TQQQ/BTAL75+KMLM25 t25 w0-80 QQQ:VOL_EWMA80 gate QQQ<SMA200,sens,sens_2022-12-19,2022-12-19,2025-12-18,false,true,"{""*"": 6, ""BIL"": 0.5, ""BTAL"": 6, ""DBMF"": 2.5, ""KMLM"": 6, ""QQQ"": 1, ""SPY"": 0.7, ""TQQQ"": 1.5}",0.03000000,tests/data/2026-08-24-net15-bil0,BTAL75+KMLM25,0.25000000,0.02149230,0.34158321,0.02080922,0.34159737,46665.42328249,28000.00000000,18665.42328249,0.66662226,0.27659807,0.26755419,1.10884645,0.24957969,1.55744556,1.20161781,-0.23018806,435,2023,0.40529166,2022,0.01084122,320901.58606028,122.82235337,1.97420743,0.00438651,,,0.37676470,0.14926576,,,0.12501815,0.04860450,,,0.49651217,0.00000000
VT TQQQ/BTAL75+DBMF25 t20 w0-80 QQQ:VOL_EWMA80 gate QQQ<SMA200,sens,sens_2022-12-19,2022-12-19,2025-12-18,false,true,"{""*"": 6, ""BIL"": 0.5, ""BTAL"": 6, ""DBMF"": 2.5, ""KMLM"": 6, ""QQQ"": 1, ""SPY"": 0.7, ""TQQQ"": 1.5}",0.03000000,tests/data/2026-08-24-net15-bil0,BTAL75+DBMF25,0.20000000,0.01751600,0.27326611,0.01699575,0.27327789,43288.55639326,28000.00000000,15288.55639326,0.54601987,0.23130524,0.22586417,1.10901352,0.20820243,1.55538972,1.26722436,-0.18252903,447,2023,0.31899796,2022,0.01373663,313607.42665210,105.10024170,2.04161256,0.00375358,,,0.43968413,0.14963971,0.14611231,0.04945043,,,,,0.41278094,0.00000000
VT TQQQ/BTAL75+DBMF25 t25 w0-80 QQQ:VOL_EWMA80 gate QQQ<SMA200,sens,sens_2022-12-19,2022-12-19,2025-12-18,false,true,"{""*"": 6, ""BIL"": 0.5, ""BTAL"": 6, ""DBMF"": 2.5, ""KMLM"": 6, ""QQQ"": 1, ""SPY"": 0.7, ""TQQQ"": 1.5}",0.03000000,tests/data/2026-08-24-net15-bil0,BTAL75+DBMF25,0.25000000,0.02124262,0.34158559,0.02073576,0.34159737,47574.22660472,28000.00000000,19574.22660472,0.69907952,0.28559227,0.27840025,1.12705372,0.25246461,1.58203669,1.21967257,-0.23415487,432,2023,0.39641010,2022,0.01373663,324744.78041974,108.71948419,1.98181062,0.00388284,,,0.37688176,0.14961133,0.12524464,0.04890234,,,,,0.49646250,0.00000000
VT TQQQ/BTAL50+KMLM50 t20 w0-80 QQQ:VOL_EWMA80 gate QQQ<SMA200,sens,sens_2022-12-19,2022-12-19,2025-12-18,false,true,"{""*"": 6, ""BIL"": 0.5, ""BTAL"": 6, ""DBMF"": 2.5, ""KMLM"": 6, ""QQQ"": 1, ""SPY"": 0.7, ""TQQQ"": 1.5}",0.03000000,tests/data/2026-08-24-net15-bil0,BTAL50+KMLM50,0.20000000,0.01742713,0.27326387,0.01691428,0.27327789,42674.79286923,28000.00000000,14674.79286923,0.52409975,0.22526737,0.21803599,1.05751797,0.21502366,1.48657532,1.08111643,-0.20836550,448,2023,0.35285593,2022,0.00465926,310939.70457351,119.23040453,2.04753085,0.00425823,,,0.29290471,0.09975871,,,0.29266410,0.09935293,,,0.41292799,0.00000000
VT TQQQ/BTAL50+KMLM50 t25 w0-80 QQQ:VOL_EWMA80 gate QQQ<SMA200,sens,sens_2022-12-19,2022-12-19,2025-12-18,false,true,"{""*"": 6, ""BIL"": 0.5, ""BTAL"": 6, ""DBMF"": 2.5, ""KMLM"": 6, ""QQQ"": 1, ""SPY"": 0.7, ""TQQQ"": 1.5}",0.03000000,tests/data/2026-08-24-net15-bil0,BTAL50+KMLM50,0.25000000,0.02130545,0.34158335,0.02068493,0.34159737,47012.65031493,28000.00000000,19012.65031493,0.67902323,0.28081685,0.27171598,1.08792155,0.25983195,1.52769163,1.09007911,-0.25761144,435,2023,0.43136475,2022,0.00465926,322882.39132061,123.59568869,1.98754136,0.00441413,,,0.25099772,0.09951315,,,0.25070246,0.09917230,,,0.49665983,0.00000000
VT TQQQ/BIL37.5+BTAL37.5+KMLM25 t20 w0-80 QQQ:VOL_EWMA80 gate QQQ<SMA200,sens,sens_2022-12-19,2022-12-19,2025-12-18,false,true,"{""*"": 6, ""BIL"": 0.5, ""BTAL"": 6, ""DBMF"": 2.5, ""KMLM"": 6, ""QQQ"": 1, ""SPY"": 0.7, ""TQQQ"": 1.5}",0.03000000,tests/data/2026-08-24-net15-bil0,BIL37.5+BTAL37.5+KMLM25,0.20000000,0.01893983,0.27326902,0.01767113,0.27327789,44767.25710135,28000.00000000,16767.25710135,0.59883061,0.25160984,0.24439924,1.14377902,0.21809620,1.60630514,1.27662521,-0.19708983,398,2023,0.38825568,2022,0.00501132,321362.37326052,88.09086446,2.05678030,0.00314610,0.21826114,0.07352916,0.21950892,0.07471461,,,0.14604017,0.04977916,,,0.41293555,0.00000000
VT TQQQ/BIL37.5+BTAL37.5+KMLM25 t25 w0-80 QQQ:VOL_EWMA80 gate QQQ<SMA200,sens,sens_2022-12-19,2022-12-19,2025-12-18,false,true,"{""*"": 6, ""BIL"": 0.5, ""BTAL"": 6, ""DBMF"": 2.5, ""KMLM"": 6, ""QQQ"": 1, ""SPY"": 0.7, ""TQQQ"": 1.5}",0.03000000,tests/data/2026-08-24-net15-bil0,BIL37.5+BTAL37.5+KMLM25,0.25000000,0.02269158,0.34158850,0.02149909,0.34159737,49056.15467835,28000.00000000,21056.15467835,0.75200552,0.30528947,0.29577043,1.14808257,0.26368103,1.61253239,1.22624287,-0.24896330,398,2023,0.46591226,2022,0.00501132,332624.43818850,91.11189853,1.99414567,0.00325400,0.18675962,0.07261030,0.18814009,0.07445461,,,0.12511242,0.04903518,,,0.49664809,0.00000000
VT TQQQ/BIL37.5+BTAL37.5+DBMF25 t20 w0-80 QQQ:VOL_EWMA80 gate QQQ<SMA200,sens,sens_2022-12-19,2022-12-19,2025-12-18,false,true,"{""*"": 6, ""BIL"": 0.5, ""BTAL"": 6, ""DBMF"": 2.5, ""KMLM"": 6, ""QQQ"": 1, ""SPY"": 0.7, ""TQQQ"": 1.5}",0.03000000,tests/data/2026-08-24-net15-bil0,BIL37.5+BTAL37.5+DBMF25,0.20000000,0.01912692,0.27327166,0.01781474,0.27327789,45755.21574134,28000.00000000,17755.21574134,0.63411485,0.26145209,0.25653756,1.16424053,0.22172285,1.63269258,1.28308669,-0.20376806,398,2023,0.37714650,2022,0.00790719,325262.27018760,74.18411029,2.06428578,0.00264943,0.21796515,0.07328243,0.21950128,0.07471641,0.14599271,0.04945890,,,,,0.41298999,0.00000000
VT TQQQ/BIL37.5+BTAL37.5+DBMF25 t25 w0-80 QQQ:VOL_EWMA80 gate QQQ<SMA200,sens,sens_2022-12-19,2022-12-19,2025-12-18,false,true,"{""*"": 6, ""BIL"": 0.5, ""BTAL"": 6, ""DBMF"": 2.5, ""KMLM"": 6, ""QQQ"": 1, ""SPY"": 0.7, ""TQQQ"": 1.5}",0.03000000,tests/data/2026-08-24-net15-bil0,BIL37.5+BTAL37.5+DBMF25,0.25000000,0.02267362,0.34159114,0.02153244,0.34159737,49984.86929802,28000.00000000,21984.86929802,0.78517390,0.31410991,0.30646463,1.16283221,0.26690650,1.63258127,1.24185761,-0.25293553,398,2023,0.45601608,2022,0.00790719,336743.39381457,76.68091378,2.00349454,0.00273860,0.18671329,0.07230170,0.18809881,0.07425143,0.12523316,0.04911702,,,,,0.49662625,0.00000000
VT TQQQ/BIL25+BTAL25+KMLM50 t20 w0-80 QQQ:VOL_EWMA80 gate QQQ<SMA200,sens,sens_2022-12-19,2022-12-19,2025-12-18,false,true,"{""*"": 6, ""BIL"": 0.5, ""BTAL"": 6, ""DBMF"": 2.5, ""KMLM"": 6, ""QQQ"": 1, ""SPY"": 0.7, ""TQQQ"": 1.5}",0.03000000,tests/data/2026-08-24-net15-bil0,BIL25+BTAL25+KMLM50,0.20000000,0.01906528,0.27326721,0.01783850,0.27327789,44246.24911791,28000.00000000,16246.24911791,0.58022318,0.24480258,0.23791984,1.08739500,0.22596856,1.52608994,1.10075213,-0.22239573,435,2023,0.39227477,2022,0.00076261,318665.92173938,99.08292245,2.06391930,0.00353868,0.14465939,0.04834953,0.14617948,0.04958605,,,0.29252754,0.09983440,,,0.41303998,0.00000000
VT TQQQ/BIL25+BTAL25+KMLM50 t25 w0-80 QQQ:VOL_EWMA80 gate QQQ<SMA200,sens,sens_2022-12-19,2022-12-19,2025-12-18,false,true,"{""*"": 6, ""BIL"": 0.5, ""BTAL"": 6, ""DBMF"": 2.5, ""KMLM"": 6, ""QQQ"": 1, ""SPY"": 0.7, ""TQQQ"": 1.5}",0.03000000,tests/data/2026-08-24-net15-bil0,BIL25+BTAL25+KMLM50,0.25000000,0.02260115,0.34158668,0.02147054,0.34159737,48558.00727490,28000.00000000,20558.00727490,0.73421455,0.29936863,0.28997415,1.10840654,0.27068109,1.55565033,1.10815230,-0.27015116,432,2023,0.47161623,2022,0.00076261,330438.86011719,102.48589718,2.00063237,0.00366021,0.12380011,0.04826780,0.12527033,0.04967292,,,0.25083422,0.09934606,,,0.49675049,0.00000000
VT TQQQ/BIL75+KMLM25 t20 w0-80 QQQ:VOL_EWMA80 gate QQQ<SMA200,sens,sens_2022-12-19,2022-12-19,2025-12-18,false,true,"{""*"": 6, ""BIL"": 0.5, ""BTAL"": 6, ""DBMF"": 2.5, ""KMLM"": 6, ""QQQ"": 1, ""SPY"": 0.7, ""TQQQ"": 1.5}",0.03000000,tests/data/2026-08-24-net15-bil0,BIL75+KMLM25,0.20000000,0.01851351,0.27327280,0.01755365,0.27327789,47207.48296850,28000.00000000,19207.48296850,0.68598153,0.28072379,0.27404150,1.16490092,0.23787371,1.63322721,1.27885045,-0.21951260,235,2023,0.44726555,2022,-0.00078893,332584.65705843,56.31242730,2.07753493,0.00201116,0.43816278,0.14852690,,,,,0.14597057,0.04977954,,,0.41305752,0.00000000
VT TQQQ/BIL75+KMLM25 t25 w0-80 QQQ:VOL_EWMA80 gate QQQ<SMA200,sens,sens_2022-12-19,2022-12-19,2025-12-18,false,true,"{""*"": 6, ""BIL"": 0.5, ""BTAL"": 6, ""DBMF"": 2.5, ""KMLM"": 6, ""QQQ"": 1, ""SPY"": 0.7, ""TQQQ"": 1.5}",0.03000000,tests/data/2026-08-24-net15-bil0,BIL75+KMLM25,0.25000000,0.02215376,0.34159228,0.02127637,0.34159737,51484.12253340,28000.00000000,23484.12253340,0.83871866,0.33342490,0.32343135,1.16700588,0.28210369,1.63860653,1.24338114,-0.26815985,235,2023,0.52743313,2022,-0.00078893,344082.03256673,58.12543398,2.01199042,0.00207591,0.37525767,0.14685591,,,,,0.12504062,0.04888198,,,0.49690816,0.00000000
VT TQQQ/BIL75+DBMF25 t20 w0-80 QQQ:VOL_EWMA80 gate QQQ<SMA200,sens,sens_2022-12-19,2022-12-19,2025-12-18,false,true,"{""*"": 6, ""BIL"": 0.5, ""BTAL"": 6, ""DBMF"": 2.5, ""KMLM"": 6, ""QQQ"": 1, ""SPY"": 0.7, ""TQQQ"": 1.5}",0.03000000,tests/data/2026-08-24-net15-bil0,BIL75+DBMF25,0.20000000,0.01829981,0.27327575,0.01752776,0.27327789,48217.91901693,28000.00000000,20217.91901693,0.72206854,0.29041972,0.28599236,1.18080987,0.24192411,1.65406300,1.29055975,-0.22503392,394,2023,0.43535649,2022,0.00210749,336707.87954179,41.94341721,2.08626252,0.00149798,0.43814408,0.14966249,,,0.14607918,0.04949413,,,,,0.41310347,0.00000000
VT TQQQ/BIL75+DBMF25 t25 w0-80 QQQ:VOL_EWMA80 gate QQQ<SMA200,sens,sens_2022-12-19,2022-12-19,2025-12-18,false,true,"{""*"": 6, ""BIL"": 0.5, ""BTAL"": 6, ""DBMF"": 2.5, ""KMLM"": 6, ""QQQ"": 1, ""SPY"": 0.7, ""TQQQ"": 1.5}",0.03000000,tests/data/2026-08-24-net15-bil0,BIL75+DBMF25,0.25000000,0.02185051,0.34159522,0.02111825,0.34159737,52434.84488877,28000.00000000,24434.84488877,0.87267303,0.34216028,0.33400761,1.17909739,0.28564123,1.65525088,1.25839826,-0.27190142,394,2023,0.51672941,2022,0.00210749,347258.82880228,43.20940601,2.01544671,0.00154319,0.37534102,0.14737043,,,0.12522243,0.04932180,,,,,0.49689983,0.00000000
VT TQQQ/BIL50+KMLM50 t20 w0-80 QQQ:VOL_EWMA80 gate QQQ<SMA200,sens,sens_2022-12-19,2022-12-19,2025-12-18,false,true,"{""*"": 6, ""BIL"": 0.5, ""BTAL"": 6, ""DBMF"": 2.5, ""KMLM"": 6, ""QQQ"": 1, ""SPY"": 0.7, ""TQQQ"": 1.5}",0.03000000,tests/data/2026-08-24-net15-bil0,BIL50+KMLM50,0.20000000,0.01839294,0.27326983,0.01743432,0.27327789,45824.18802091,28000.00000000,17824.18802091,0.63657814,0.26390819,0.25737788,1.10242374,0.23968796,1.54484950,1.11770312,-0.23611654,398,2023,0.43150650,2022,-0.00310395,326162.34264211,78.36537411,2.07882290,0.00279876,0.29162055,0.09864108,,,,,0.29249651,0.09966896,,,0.41306239,0.00000000
VT TQQQ/BIL50+KMLM50 t25 w0-80 QQQ:VOL_EWMA80 gate QQQ<SMA200,sens,sens_2022-12-19,2022-12-19,2025-12-18,false,true,"{""*"": 6, ""BIL"": 0.5, ""BTAL"": 6, ""DBMF"": 2.5, ""KMLM"": 6, ""QQQ"": 1, ""SPY"": 0.7, ""TQQQ"": 1.5}",0.03000000,tests/data/2026-08-24-net15-bil0,BIL50+KMLM50,0.25000000,0.02221851,0.34158930,0.02137094,0.34159737,50133.13805487,28000.00000000,22133.13805487,0.79046922,0.31786190,0.30815871,1.12158411,0.28329790,1.57357700,1.12570928,-0.28236589,398,2023,0.51254564,2022,-0.00310395,337844.93700856,80.93206788,2.01190545,0.00289043,0.24950629,0.09789970,,,,,0.25069603,0.09970984,,,0.49688716,0.00000000
VT TQQQ/BTAL t20 w0-80 QQQ:VOL_EWMA80 gate QQQ<SMA200,sens,sens_2022-12-19,2022-12-19,2025-12-18,false,true,"{""*"": 6, ""BIL"": 0.5, ""BTAL"": 6, ""DBMF"": 2.5, ""KMLM"": 6, ""QQQ"": 1, ""SPY"": 0.7, ""TQQQ"": 1.5}",0.03000000,tests/data/2026-08-24-net15-bil0,BTAL,0.20000000,0.01728698,0.27326387,0.01705283,0.27327789,41958.12938529,28000.00000000,13958.12938529,0.49850462,0.21703476,0.20879133,1.08636136,0.20024753,1.52274718,1.32994402,-0.16319090,449,2023,0.30538486,2022,0.01705435,307659.55212039,117.91591910,2.01572167,0.00421128,,,0.58637710,0.19954821,,,,,,,0.41262402,0.00000000
VT TQQQ/BTAL t25 w0-80 QQQ:VOL_EWMA80 gate QQQ<SMA200,sens,sens_2022-12-19,2022-12-19,2025-12-18,false,true,"{""*"": 6, ""BIL"": 0.5, ""BTAL"": 6, ""DBMF"": 2.5, ""KMLM"": 6, ""QQQ"": 1, ""SPY"": 0.7, ""TQQQ"": 1.5}",0.03000000,tests/data/2026-08-24-net15-bil0,BTAL,0.25000000,0.02096763,0.34158335,0.02078392,0.34159737,46303.65214185,28000.00000000,18303.65214185,0.65370186,0.27223741,0.26319425,1.12045653,0.24232930,1.57196005,1.34613062,-0.20223700,436,2023,0.38018089,2022,0.01705435,319058.46770904,122.13690791,1.96143130,0.00436203,,,0.50271124,0.19930462,,,,,,,0.49634786,0.00000000
VT TQQQ/BIL t20 w0-80 QQQ:VOL_EWMA80 gate QQQ<SMA200,sens,sens_2022-12-19,2022-12-19,2025-12-18,false,true,"{""*"": 6, ""BIL"": 0.5, ""BTAL"": 6, ""DBMF"": 2.5, ""KMLM"": 6, ""QQQ"": 1, ""SPY"": 0.7, ""TQQQ"": 1.5}",0.03000000,tests/data/2026-08-24-net15-bil0,BIL,0.20000000,0.01776453,0.27327660,0.01731887,0.27327789,48586.31496505,28000.00000000,20586.31496505,0.73522553,0.29712287,0.29030467,1.22096237,0.23732801,1.71342242,1.40452234,-0.21154727,224,2023,0.46239775,2022,0.00152721,338954.92983683,33.35882294,2.07636235,0.00119139,0.58489924,0.19920318,,,,,,,,,0.41306524,0.00000000
VT TQQQ/BIL t25 w0-80 QQQ:VOL_EWMA80 gate QQQ<SMA200,sens,sens_2022-12-19,2022-12-19,2025-12-18,false,true,"{""*"": 6, ""BIL"": 0.5, ""BTAL"": 6, ""DBMF"": 2.5, ""KMLM"": 6, ""QQQ"": 1, ""SPY"": 0.7, ""TQQQ"": 1.5}",0.03000000,tests/data/2026-08-24-net15-bil0,BIL,0.25000000,0.02161687,0.34159607,0.02126802,0.34159737,52839.75110060,28000.00000000,24839.75110060,0.88713397,0.34876313,0.33847027,1.20929775,0.28164725,1.69973606,1.33408124,-0.26142571,235,2023,0.54224666,2022,0.00152721,349767.94262847,34.42371319,2.00862771,0.00122942,0.50094999,0.19699666,,,,,,,,,0.49689219,0.00000000
VT TQQQ/BIL50+BTAL50 t20 w0-80 QQQ:VOL_EWMA80 gate QQQ<SMA200,sens,sens_2022-12-19,2022-12-19,2025-12-18,false,true,"{""*"": 6, ""BIL"": 0.5, ""BTAL"": 6, ""DBMF"": 2.5, ""KMLM"": 6, ""QQQ"": 1, ""SPY"": 0.7, ""TQQQ"": 1.5}",0.03000000,tests/data/2026-08-24-net15-bil0,BIL50+BTAL50,0.20000000,0.01851860,0.27327137,0.01777771,0.27327789,45258.77849959,28000.00000000,17258.77849959,0.61638495,0.25795872,0.25046214,1.19386567,0.21213455,1.67707492,1.50213096,-0.17172852,394,2023,0.38352817,2022,0.00929114,324281.38755894,76.65024240,2.05195615,0.00273751,0.29148508,0.09780565,0.29294027,0.09979521,,,,,,,0.41282600,0.00000000
VT TQQQ/BIL50+BTAL50 t25 w0-80 QQQ:VOL_EWMA80 gate QQQ<SMA200,sens,sens_2022-12-19,2022-12-19,2025-12-18,false,true,"{""*"": 6, ""BIL"": 0.5, ""BTAL"": 6, ""DBMF"": 2.5, ""KMLM"": 6, ""QQQ"": 1, ""SPY"": 0.7, ""TQQQ"": 1.5}",0.03000000,tests/data/2026-08-24-net15-bil0,BIL50+BTAL50,0.25000000,0.02217038,0.34159084,0.02153032,0.34159737,49571.47625160,28000.00000000,21571.47625160,0.77040987,0.31139868,0.30172218,1.18631740,0.25786283,1.66750078,1.37040901,-0.22723047,398,2023,0.46120183,2022,0.00929114,334922.44492265,79.17983130,1.98762996,0.00282785,0.24957698,0.09702805,0.25116817,0.09914126,,,,,,,0.49660579,0.00000000
TQQQ50/BTAL50 gate QQQ<SMA200,sens,sens_2022-12-19,2022-12-19,2025-12-18,true,true,"{""*"": 6, ""BIL"": 0.5, ""BTAL"": 6, ""DBMF"": 2.5, ""KMLM"": 6, ""QQQ"": 1, ""SPY"": 0.7, ""TQQQ"": 1.5}",0.03000000,tests/data/2026-08-24-net15-bil0,,,0.03295032,0.49998598,0.03269610,0.50000000,44319.63563842,28000.00000000,16319.63563842,0.58284413,0.26691562,0.23883582,1.18719238,0.22082319,1.73687060,1.07153416,-0.24909670,288,2023,0.40691103,2022,0.01705435,82852.51269361,34.12200022,0.48692463,0.00121864,,,0.53165682,0.49854816,,,,,,,0.46737505,0.00000000
SPY benchmark,sens,sens_2022-12-19,2022-12-19,2025-12-18,true,true,"{""*"": 6, ""BIL"": 0.5, ""BTAL"": 6, ""DBMF"": 2.5, ""KMLM"": 6, ""QQQ"": 1, ""SPY"": 0.7, ""TQQQ"": 1.5}",0.03000000,tests/data/2026-08-24-net15-bil0,,,0.01373062,0.03102931,0.01373233,0.03103048,42350.05039969,28000.00000000,14350.05039969,0.51250180,0.22127549,0.21386102,1.39615725,0.15212746,2.09948175,1.19339310,-0.18541710,127,2023,0.25343313,2022,0.00627264,27994.95365024,1.95964676,0.18523395,0.00006999,,,,,,,,,0.98626767,0.96896952,,
VT TQQQ/BTAL75+KMLM25 t20 w0-80 QQQ:VOL_EWMA80 gate QQQ<SMA200,sens,sens_2023-06-20,2023-06-20,2026-06-18,false,true,"{""*"": 6, ""BIL"": 0.5, ""BTAL"": 6, ""DBMF"": 2.5, ""KMLM"": 6, ""QQQ"": 1, ""SPY"": 0.7, ""TQQQ"": 1.5}",0.03000000,tests/data/2026-08-24-net15-bil0,BTAL75+KMLM25,0.20000000,0.00407349,0.06762984,0.00333224,0.06763601,38626.91824577,28000.00000000,10626.91824577,0.37953279,0.17508186,0.16442353,0.87261674,0.21136446,1.19848023,0.99543636,-0.17588453,448,2024,0.16935399,2026,0.02315336,285461.46553371,107.77767904,1.98312006,0.00384920,,,0.41048740,0.14947589,,,0.13624398,0.04912462,,,0.45140900,0.19917217
VT TQQQ/BTAL75+KMLM25 t25 w0-80 QQQ:VOL_EWMA80 gate QQQ<SMA200,sens,sens_2023-06-20,2023-06-20,2026-06-18,false,true,"{""*"": 6, ""BIL"": 0.5, ""BTAL"": 6, ""DBMF"": 2.5, ""KMLM"": 6, ""QQQ"": 1, ""SPY"": 0.7, ""TQQQ"": 1.5}",0.03000000,tests/data/2026-08-24-net15-bil0,BTAL75+KMLM25,0.25000000,0.00429432,0.07804875,0.00354706,0.07805487,43057.38474699,28000.00000000,15057.38474699,0.53776374,0.22682422,0.22317082,0.91718246,0.26123482,1.25985880,0.98546492,-0.23016975,436,2024,0.21683937,2026,0.06993765,299918.89161711,112.56901472,1.99109656,0.00402032,,,0.34044735,0.14933840,,,0.11287862,0.04858904,,,0.54478856,0.25549780
VT TQQQ/BTAL75+DBMF25 t20 w0-80 QQQ:VOL_EWMA80 gate QQQ<SMA200,sens,sens_2023-06-20,2023-06-20,2026-06-18,false,true,"{""*"": 6, ""BIL"": 0.5, ""BTAL"": 6, ""DBMF"": 2.5, ""KMLM"": 6, ""QQQ"": 1, ""SPY"": 0.7, ""TQQQ"": 1.5}",0.03000000,tests/data/2026-08-24-net15-bil0,BTAL75+DBMF25,0.20000000,0.00413753,0.06608763,0.00332852,0.06609068,39527.65794902,28000.00000000,11527.65794902,0.41170207,0.18742263,0.17675014,0.91088533,0.21482720,1.25019882,1.02728922,-0.18244388,447,2025,0.18519711,2026,0.02275029,289566.24119968,95.87292144,1.98052597,0.00342403,,,0.41049263,0.14957812,0.13620543,0.04954692,,,,,0.45133736,0.19930254
VT TQQQ/BTAL75+DBMF25 t25 w0-80 QQQ:VOL_EWMA80 gate QQQ<SMA200,sens,sens_2023-06-20,2023-06-20,2026-06-18,false,true,"{""*"": 6, ""BIL"": 0.5, ""BTAL"": 6, ""DBMF"": 2.5, ""KMLM"": 6, ""QQQ"": 1, ""SPY"": 0.7, ""TQQQ"": 1.5}",0.03000000,tests/data/2026-08-24-net15-bil0,BTAL75+DBMF25,0.25000000,0.00421683,0.07804011,0.00349496,0.07804361,43813.00324532,28000.00000000,15813.00324532,0.56475012,0.23672905,0.23274649,0.93944532,0.26459777,1.29076770,1.01441567,-0.23336493,432,2024,0.22999558,2026,0.06676865,304341.38146221,100.36630306,1.99377617,0.00358451,,,0.34043935,0.14930466,0.11305601,0.04868864,,,,,0.54477775,0.25388172
VT TQQQ/BTAL50+KMLM50 t20 w0-80 QQQ:VOL_EWMA80 gate QQQ<SMA200,sens,sens_2023-06-20,2023-06-20,2026-06-18,false,true,"{""*"": 6, ""BIL"": 0.5, ""BTAL"": 6, ""DBMF"": 2.5, ""KMLM"": 6, ""QQQ"": 1, ""SPY"": 0.7, ""TQQQ"": 1.5}",0.03000000,tests/data/2026-08-24-net15-bil0,BTAL50+KMLM50,0.20000000,0.00381388,0.06514127,0.00321026,0.06514825,40735.97975070,28000.00000000,12735.97975070,0.45485642,0.19401416,0.19296856,0.91121960,0.22274715,1.25482336,0.93186347,-0.20820020,448,2025,0.17757147,2026,0.07932018,285103.45731926,107.71797178,1.98755505,0.00384707,,,0.27356058,0.09966655,,,0.27327209,0.09920084,,,0.45140349,0.20172445
VT TQQQ/BTAL50+KMLM50 t25 w0-80 QQQ:VOL_EWMA80 gate QQQ<SMA200,sens,sens_2023-06-20,2023-06-20,2026-06-18,false,true,"{""*"": 6, ""BIL"": 0.5, ""BTAL"": 6, ""DBMF"": 2.5, ""KMLM"": 6, ""QQQ"": 1, ""SPY"": 0.7, ""TQQQ"": 1.5}",0.03000000,tests/data/2026-08-24-net15-bil0,BTAL50+KMLM50,0.25000000,0.00403220,0.07598198,0.00336739,0.07598854,45061.19405881,28000.00000000,17061.19405881,0.60932836,0.24400811,0.24830581,0.94102181,0.27273960,1.29518638,0.94897482,-0.25712812,435,2025,0.22031961,2026,0.12030470,300310.67812959,112.74987356,1.99833205,0.00402678,,,0.22677610,0.09963269,,,0.22647864,0.09906852,,,0.54501293,0.25768748
VT TQQQ/BIL37.5+BTAL37.5+KMLM25 t20 w0-80 QQQ:VOL_EWMA80 gate QQQ<SMA200,sens,sens_2023-06-20,2023-06-20,2026-06-18,false,true,"{""*"": 6, ""BIL"": 0.5, ""BTAL"": 6, ""DBMF"": 2.5, ""KMLM"": 6, ""QQQ"": 1, ""SPY"": 0.7, ""TQQQ"": 1.5}",0.03000000,tests/data/2026-08-24-net15-bil0,BIL37.5+BTAL37.5+KMLM25,0.20000000,0.00552837,0.06301401,0.00397006,0.06301845,42639.22550068,28000.00000000,14639.22550068,0.52282948,0.21621425,0.21781922,0.97842126,0.22745142,1.34795904,1.09710719,-0.19707669,398,2025,0.20911609,2026,0.09073636,291931.65043830,79.28074786,1.99092975,0.00283146,0.20349833,0.07235011,0.20502035,0.07458182,,,0.13627347,0.04946614,,,0.45156606,0.20165925
VT TQQQ/BIL37.5+BTAL37.5+KMLM25 t25 w0-80 QQQ:VOL_EWMA80 gate QQQ<SMA200,sens,sens_2023-06-20,2023-06-20,2026-06-18,false,true,"{""*"": 6, ""BIL"": 0.5, ""BTAL"": 6, ""DBMF"": 2.5, ""KMLM"": 6, ""QQQ"": 1, ""SPY"": 0.7, ""TQQQ"": 1.5}",0.03000000,tests/data/2026-08-24-net15-bil0,BIL37.5+BTAL37.5+KMLM25,0.25000000,0.00598694,0.07429997,0.00430047,0.07430386,46821.49597911,28000.00000000,18821.49597911,0.67219628,0.26339327,0.26972816,0.98455681,0.27791145,1.35741864,1.06076152,-0.24830583,398,2025,0.24755379,2026,0.12893087,306407.02814375,82.84688408,1.99931718,0.00295882,0.16856031,0.07152192,0.16996931,0.07438232,,,0.11283970,0.04875203,,,0.54489886,0.25679718
VT TQQQ/BIL37.5+BTAL37.5+DBMF25 t20 w0-80 QQQ:VOL_EWMA80 gate QQQ<SMA200,sens,sens_2023-06-20,2023-06-20,2026-06-18,false,true,"{""*"": 6, ""BIL"": 0.5, ""BTAL"": 6, ""DBMF"": 2.5, ""KMLM"": 6, ""QQQ"": 1, ""SPY"": 0.7, ""TQQQ"": 1.5}",0.03000000,tests/data/2026-08-24-net15-bil0,BIL37.5+BTAL37.5+DBMF25,0.20000000,0.00552482,0.06257134,0.00397423,0.06257471,43639.20595058,28000.00000000,15639.20595058,0.55854307,0.22894966,0.23055468,1.01028850,0.23158580,1.39213331,1.12628606,-0.20327843,398,2025,0.23151779,2026,0.09079146,296486.83558642,66.98613085,1.99079199,0.00239236,0.20364242,0.07339379,0.20501494,0.07464565,0.13632098,0.04953406,,,,,0.45148701,0.20072426
VT TQQQ/BIL37.5+BTAL37.5+DBMF25 t25 w0-80 QQQ:VOL_EWMA80 gate QQQ<SMA200,sens,sens_2023-06-20,2023-06-20,2026-06-18,false,true,"{""*"": 6, ""BIL"": 0.5, ""BTAL"": 6, ""DBMF"": 2.5, ""KMLM"": 6, ""QQQ"": 1, ""SPY"": 0.7, ""TQQQ"": 1.5}",0.03000000,tests/data/2026-08-24-net15-bil0,BIL37.5+BTAL37.5+DBMF25,0.25000000,0.00574276,0.07291500,0.00421993,0.07291809,47652.42977148,28000.00000000,19652.42977148,0.70187249,0.27352524,0.27963897,1.00350026,0.28174400,1.38444790,1.08300551,-0.25256126,398,2025,0.26664234,2026,0.12629517,310555.45427129,70.10121773,2.00015724,0.00250361,0.16862077,0.07152361,0.16994391,0.07415878,0.11293017,0.04856309,,,,,0.54502306,0.25651874
VT TQQQ/BIL25+BTAL25+KMLM50 t20 w0-80 QQQ:VOL_EWMA80 gate QQQ<SMA200,sens,sens_2023-06-20,2023-06-20,2026-06-18,false,true,"{""*"": 6, ""BIL"": 0.5, ""BTAL"": 6, ""DBMF"": 2.5, ""KMLM"": 6, ""QQQ"": 1, ""SPY"": 0.7, ""TQQQ"": 1.5}",0.03000000,tests/data/2026-08-24-net15-bil0,BIL25+BTAL25+KMLM50,0.20000000,0.00585177,0.06243125,0.00409239,0.06243735,43469.95810192,28000.00000000,15469.95810192,0.55249850,0.22125710,0.22841416,0.97002416,0.23567083,1.33757215,0.99789039,-0.22172485,435,2025,0.20746223,2026,0.12592673,289354.53307571,88.99127671,1.99270562,0.00317826,0.13488801,0.04886062,0.13654230,0.04976472,,,0.27304348,0.09915372,,,0.45149147,0.20301402
VT TQQQ/BIL25+BTAL25+KMLM50 t25 w0-80 QQQ:VOL_EWMA80 gate QQQ<SMA200,sens,sens_2023-06-20,2023-06-20,2026-06-18,false,true,"{""*"": 6, ""BIL"": 0.5, ""BTAL"": 6, ""DBMF"": 2.5, ""KMLM"": 6, ""QQQ"": 1, ""SPY"": 0.7, ""TQQQ"": 1.5}",0.03000000,tests/data/2026-08-24-net15-bil0,BIL25+BTAL25+KMLM50,0.25000000,0.00591183,0.07303953,0.00425884,0.07304551,47618.72260827,28000.00000000,19618.72260827,0.70066866,0.26829270,0.27923937,0.98030536,0.28517454,1.35200597,0.99559805,-0.26947893,432,2025,0.24534887,2026,0.16059639,304552.45050575,93.28811551,2.00336770,0.00333172,0.11155807,0.04683461,0.11313007,0.04926776,,,0.22644707,0.09798744,,,0.54503118,0.25896989
VT TQQQ/BIL75+KMLM25 t20 w0-80 QQQ:VOL_EWMA80 gate QQQ<SMA200,sens,sens_2023-06-20,2023-06-20,2026-06-18,false,true,"{""*"": 6, ""BIL"": 0.5, ""BTAL"": 6, ""DBMF"": 2.5, ""KMLM"": 6, ""QQQ"": 1, ""SPY"": 0.7, ""TQQQ"": 1.5}",0.03000000,tests/data/2026-08-24-net15-bil0,BIL75+KMLM25,0.20000000,0.00539334,0.05915833,0.00424649,0.05916008,46926.61539666,28000.00000000,18926.61539666,0.67595055,0.25693366,0.27098892,1.04337561,0.25023028,1.44324308,1.17007555,-0.21958724,235,2025,0.25477728,2026,0.16155678,297303.98283831,50.36412305,1.99217216,0.00179872,0.40847157,0.14810421,,,,,0.13627121,0.04988025,,,0.45171331,0.20338050
VT TQQQ/BIL75+KMLM25 t25 w0-80 QQQ:VOL_EWMA80 gate QQQ<SMA200,sens,sens_2023-06-20,2023-06-20,2026-06-18,false,true,"{""*"": 6, ""BIL"": 0.5, ""BTAL"": 6, ""DBMF"": 2.5, ""KMLM"": 6, ""QQQ"": 1, ""SPY"": 0.7, ""TQQQ"": 1.5}",0.03000000,tests/data/2026-08-24-net15-bil0,BIL75+KMLM25,0.25000000,0.00548951,0.07004549,0.00435157,0.07004721,50816.94620895,28000.00000000,22816.94620895,0.81489094,0.29973967,0.31628218,1.03183710,0.29858789,1.42845316,1.12103656,-0.26737725,235,2025,0.28526990,2023,0.17632039,312522.02987257,52.79530814,2.00610259,0.00188555,0.33859760,0.14495010,,,,,0.11283457,0.04868038,,,0.54516154,0.25856922
VT TQQQ/BIL75+DBMF25 t20 w0-80 QQQ:VOL_EWMA80 gate QQQ<SMA200,sens,sens_2023-06-20,2023-06-20,2026-06-18,false,true,"{""*"": 6, ""BIL"": 0.5, ""BTAL"": 6, ""DBMF"": 2.5, ""KMLM"": 6, ""QQQ"": 1, ""SPY"": 0.7, ""TQQQ"": 1.5}",0.03000000,tests/data/2026-08-24-net15-bil0,BIL75+DBMF25,0.20000000,0.00516817,0.05860337,0.00395275,0.05860463,47981.71728520,28000.00000000,19981.71728520,0.71363276,0.26960849,0.28353206,1.06878595,0.25480416,1.47961994,1.20047514,-0.22458482,394,2025,0.27746568,2026,0.16091165,302275.24077917,37.74015613,1.99460682,0.00134786,0.40871733,0.14751773,,,0.13621544,0.04938946,,,,,0.45166863,0.20256328
VT TQQQ/BIL75+DBMF25 t25 w0-80 QQQ:VOL_EWMA80 gate QQQ<SMA200,sens,sens_2023-06-20,2023-06-20,2026-06-18,false,true,"{""*"": 6, ""BIL"": 0.5, ""BTAL"": 6, ""DBMF"": 2.5, ""KMLM"": 6, ""QQQ"": 1, ""SPY"": 0.7, ""TQQQ"": 1.5}",0.03000000,tests/data/2026-08-24-net15-bil0,BIL75+DBMF25,0.25000000,0.00506690,0.06870079,0.00414416,0.06870211,51740.69591225,28000.00000000,23740.69591225,0.84788200,0.31038300,0.32666869,1.04936159,0.30255856,1.45425413,1.14398461,-0.27131746,394,2025,0.30450897,2023,0.17732667,315745.24341208,39.49926830,1.99990707,0.00141069,0.33878636,0.14906605,,,0.11307291,0.04941435,,,,,0.54514906,0.25826726
VT TQQQ/BIL50+KMLM50 t20 w0-80 QQQ:VOL_EWMA80 gate QQQ<SMA200,sens,sens_2023-06-20,2023-06-20,2026-06-18,false,true,"{""*"": 6, ""BIL"": 0.5, ""BTAL"": 6, ""DBMF"": 2.5, ""KMLM"": 6, ""QQQ"": 1, ""SPY"": 0.7, ""TQQQ"": 1.5}",0.03000000,tests/data/2026-08-24-net15-bil0,BIL50+KMLM50,0.20000000,0.00560012,0.05947872,0.00423765,0.05948233,46303.45127187,28000.00000000,18303.45127187,0.65369469,0.24806826,0.26348495,1.01155663,0.25134743,1.39769110,1.05134604,-0.23595301,398,2025,0.23697444,2024,0.14958135,293267.03143719,70.16948862,1.99627451,0.00250605,0.27150741,0.09870233,,,,,0.27302627,0.09921119,,,0.45162718,0.20452979
VT TQQQ/BIL50+KMLM50 t25 w0-80 QQQ:VOL_EWMA80 gate QQQ<SMA200,sens,sens_2023-06-20,2023-06-20,2026-06-18,false,true,"{""*"": 6, ""BIL"": 0.5, ""BTAL"": 6, ""DBMF"": 2.5, ""KMLM"": 6, ""QQQ"": 1, ""SPY"": 0.7, ""TQQQ"": 1.5}",0.03000000,tests/data/2026-08-24-net15-bil0,BIL50+KMLM50,0.25000000,0.00547393,0.06967873,0.00437279,0.06968226,50245.32579825,28000.00000000,22245.32579825,0.79447592,0.29199002,0.30978695,1.01017063,0.29923523,1.39654783,1.03529492,-0.28203560,398,2025,0.26952903,2023,0.17213686,307657.47081570,73.35865043,2.00290918,0.00261995,0.22482277,0.09605573,,,,,0.22641101,0.09837898,,,0.54519235,0.26065352
VT TQQQ/BTAL t20 w0-80 QQQ:VOL_EWMA80 gate QQQ<SMA200,sens,sens_2023-06-20,2023-06-20,2026-06-18,false,true,"{""*"": 6, ""BIL"": 0.5, ""BTAL"": 6, ""DBMF"": 2.5, ""KMLM"": 6, ""QQQ"": 1, ""SPY"": 0.7, ""TQQQ"": 1.5}",0.03000000,tests/data/2026-08-24-net15-bil0,BTAL,0.20000000,0.00357083,0.06887006,0.00329647,0.06887584,36553.17636017,28000.00000000,8553.17636017,0.30547058,0.15535380,0.13522465,0.81209662,0.20437874,1.11299958,0.88467624,-0.17560525,,2024,0.18575115,2026,-0.03152980,285030.53145180,107.61222320,1.97408320,0.00384329,,,0.54755778,0.19966060,,,,,,,0.45117840,0.19782246
VT TQQQ/BTAL t25 w0-80 QQQ:VOL_EWMA80 gate QQQ<SMA200,sens,sens_2023-06-20,2023-06-20,2026-06-18,false,true,"{""*"": 6, ""BIL"": 0.5, ""BTAL"": 6, ""DBMF"": 2.5, ""KMLM"": 6, ""QQQ"": 1, ""SPY"": 0.7, ""TQQQ"": 1.5}",0.03000000,tests/data/2026-08-24-net15-bil0,BTAL,0.25000000,0.00370175,0.08135205,0.00349384,0.08135803,41068.68150644,28000.00000000,13068.68150644,0.46673863,0.20904197,0.19737261,0.88236675,0.25231437,1.20914911,1.01147944,-0.20666952,,2024,0.23059846,2026,0.02014946,300142.32345471,112.68103121,1.98792407,0.00402432,,,0.45437385,0.19960980,,,,,,,0.54457871,0.25209589
VT TQQQ/BIL t20 w0-80 QQQ:VOL_EWMA80 gate QQQ<SMA200,sens,sens_2023-06-20,2023-06-20,2026-06-18,false,true,"{""*"": 6, ""BIL"": 0.5, ""BTAL"": 6, ""DBMF"": 2.5, ""KMLM"": 6, ""QQQ"": 1, ""SPY"": 0.7, ""TQQQ"": 1.5}",0.03000000,tests/data/2026-08-24-net15-bil0,BIL,0.20000000,0.00435756,0.05908197,0.00386353,0.05908250,47556.43289253,28000.00000000,19556.43289253,0.69844403,0.26589065,0.27850038,1.07266040,0.24999367,1.48726541,1.25819535,-0.21132700,224,2025,0.27169341,2026,0.14952979,302578.46210957,30.10691157,1.99516149,0.00107525,0.54586553,0.19856984,,,,,,,,,0.45166734,0.20202749
VT TQQQ/BIL t25 w0-80 QQQ:VOL_EWMA80 gate QQQ<SMA200,sens,sens_2023-06-20,2023-06-20,2026-06-18,false,true,"{""*"": 6, ""BIL"": 0.5, ""BTAL"": 6, ""DBMF"": 2.5, ""KMLM"": 6, ""QQQ"": 1, ""SPY"": 0.7, ""TQQQ"": 1.5}",0.03000000,tests/data/2026-08-24-net15-bil0,BIL,0.25000000,0.00463968,0.06939491,0.00417067,0.06939543,51422.73602976,28000.00000000,23422.73602976,0.83652629,0.30786135,0.32310871,1.05282869,0.29857390,1.46059363,1.17997174,-0.26090570,235,2025,0.30066495,2026,0.17976207,316660.45304228,31.63173880,2.00325826,0.00112970,0.45228370,0.19578586,,,,,,,,,0.54520864,0.25750050
VT TQQQ/BIL50+BTAL50 t20 w0-80 QQQ:VOL_EWMA80 gate QQQ<SMA200,sens,sens_2023-06-20,2023-06-20,2026-06-18,false,true,"{""*"": 6, ""BIL"": 0.5, ""BTAL"": 6, ""DBMF"": 2.5, ""KMLM"": 6, ""QQQ"": 1, ""SPY"": 0.7, ""TQQQ"": 1.5}",0.03000000,tests/data/2026-08-24-net15-bil0,BIL50+BTAL50,0.20000000,0.00543901,0.06491934,0.00440167,0.06492041,41816.20477625,28000.00000000,13816.20477625,0.49343588,0.21104557,0.20717398,0.98230930,0.22063848,1.35283293,1.23345283,-0.17110145,394,2025,0.21093134,2026,0.05624611,293775.61610546,69.01126155,1.98363027,0.00246469,0.27182049,0.09758831,0.27346745,0.09948722,,,,,,,0.45133962,0.19903570
VT TQQQ/BIL50+BTAL50 t25 w0-80 QQQ:VOL_EWMA80 gate QQQ<SMA200,sens,sens_2023-06-20,2023-06-20,2026-06-18,false,true,"{""*"": 6, ""BIL"": 0.5, ""BTAL"": 6, ""DBMF"": 2.5, ""KMLM"": 6, ""QQQ"": 1, ""SPY"": 0.7, ""TQQQ"": 1.5}",0.03000000,tests/data/2026-08-24-net15-bil0,BIL50+BTAL50,0.25000000,0.00556443,0.07569649,0.00453042,0.07569732,46048.03255983,28000.00000000,18048.03255983,0.64457259,0.25862271,0.26038821,0.98672423,0.27172031,1.36036538,1.14042599,-0.22677729,398,2025,0.25020954,2026,0.09795569,308555.82308094,72.28370132,1.99641441,0.00258156,0.22522514,0.09500811,0.22678141,0.09924891,,,,,,,0.54482496,0.25450101
TQQQ50/BTAL50 gate QQQ<SMA200,sens,sens_2023-06-20,2023-06-20,2026-06-18,true,true,"{""*"": 6, ""BIL"": 0.5, ""BTAL"": 6, ""DBMF"": 2.5, ""KMLM"": 6, ""QQQ"": 1, ""SPY"": 0.7, ""TQQQ"": 1.5}",0.03000000,tests/data/2026-08-24-net15-bil0,,,0.00764608,0.10158295,0.00735207,0.10158866,42202.98906255,28000.00000000,14202.98906255,0.50724961,0.22107751,0.21219554,1.03428034,0.21662091,1.46514083,0.88905239,-0.24866646,288,2024,0.35891933,2025,0.05366451,68966.95881953,26.73250712,0.45913471,0.00095473,,,0.50606818,0.49869166,,,,,,,0.49271740,0.39841134
SPY benchmark,sens,sens_2023-06-20,2023-06-20,2026-06-18,true,true,"{""*"": 6, ""BIL"": 0.5, ""BTAL"": 6, ""DBMF"": 2.5, ""KMLM"": 6, ""QQQ"": 1, ""SPY"": 0.7, ""TQQQ"": 1.5}",0.03000000,tests/data/2026-08-24-net15-bil0,,,0.01319629,0.03362596,0.01319803,0.03362731,41873.86989185,28000.00000000,13873.86989185,0.49549535,0.20584829,0.20792477,1.32130241,0.15079038,1.96688717,1.10739347,-0.18588541,127,2024,0.24356756,2023,0.09159990,27966.92029269,1.95768442,0.19207650,0.00006992,,,,,,,,,0.98680197,0.96637269,,
