label,kind,window,start,end,is_baseline,feasible,cost_bps,cash_yield,data_dir,params.safe,params.gate,params.rebalance,avg_misallocation,max_misallocation,avg_asset_deviation,max_asset_deviation,final_value,total_contributed,net_profit,net_profit_pct,cagr,xirr,sharpe,volatility,sortino,calmar,max_drawdown,max_drawdown_days,best_year,best_year_return,worst_year,worst_year_return,traded_value,total_fees,turnover,fee_drag,exposure.BTAL.avg,exposure.BTAL.min,exposure.DBMF.avg,exposure.DBMF.min,exposure.KMLM.avg,exposure.KMLM.min,exposure.SPY.avg,exposure.SPY.min,exposure.TQQQ.avg,exposure.TQQQ.min
VT TQQQ/BTAL75+KMLM25 t20 w0-80 QQQ:VOL_EWMA80 rb 1w,full,full,2020-12-18,2026-08-20,false,true,"{""*"": 6, ""BTAL"": 6, ""DBMF"": 2.5, ""KMLM"": 6, ""QQQ"": 1, ""SPY"": 0.7, ""TQQQ"": 1.5}",0.03000000,tests/data/2026-08-20-net15,BTAL75+KMLM25,,1w,0.00733761,0.25170141,0.00674232,0.25170274,69195.31542333,44000.00000000,25195.31542333,0.57262081,0.13686525,0.13024064,0.80373023,0.18083290,1.11788249,0.66586221,-0.20554590,,2023,0.43360121,2022,-0.13399533,1804467.78663013,678.62417646,4.06621071,0.01542328,0.46393727,0.14874365,,,0.15420328,0.04823493,,,0.38049714,0.08370533
VT TQQQ/BTAL75+KMLM25 t20 w0-80 QQQ:VOL_EWMA80 rb 2w,full,full,2020-12-18,2026-08-20,false,true,"{""*"": 6, ""BTAL"": 6, ""DBMF"": 2.5, ""KMLM"": 6, ""QQQ"": 1, ""SPY"": 0.7, ""TQQQ"": 1.5}",0.03000000,tests/data/2026-08-20-net15,BTAL75+KMLM25,,2w,0.02209512,0.35507535,0.02142374,0.35507672,73958.09111736,44000.00000000,29958.09111736,0.68086571,0.14818758,0.14957441,0.84520710,0.18451655,1.19589172,0.80287433,-0.18457133,545,2023,0.46814241,2022,-0.14074862,1147165.96761557,431.44261824,2.56047745,0.00980551,0.46321151,0.14934047,,,0.15386853,0.04823788,,,0.38135871,0.11145824
VT TQQQ/BTAL75+KMLM25 t20 w0-80 QQQ:VOL_EWMA80 rb 2w+1,full,full,2020-12-18,2026-08-20,false,true,"{""*"": 6, ""BTAL"": 6, ""DBMF"": 2.5, ""KMLM"": 6, ""QQQ"": 1, ""SPY"": 0.7, ""TQQQ"": 1.5}",0.03000000,tests/data/2026-08-20-net15,BTAL75+KMLM25,,2w+1,0.01963625,0.35692520,0.01890902,0.35203756,66959.38374117,44000.00000000,22959.38374117,0.52180418,0.12386728,0.12072432,0.72433889,0.18603719,0.99752819,0.57054377,-0.21710391,,2023,0.44274544,2022,-0.16534842,1243120.00540522,467.16829553,2.86801329,0.01061746,0.46079464,0.14625285,,,0.15327176,0.04771726,,,0.38432350,0.08371169
VT TQQQ/BTAL75+KMLM25 t20 w0-80 QQQ:VOL_EWMA80,full,full,2020-12-18,2026-08-20,false,true,"{""*"": 6, ""BTAL"": 6, ""DBMF"": 2.5, ""KMLM"": 6, ""QQQ"": 1, ""SPY"": 0.7, ""TQQQ"": 1.5}",0.03000000,tests/data/2026-08-20-net15,BTAL75+KMLM25,,,0.00109109,0.00317724,0.00062496,0.00156580,78920.52561212,44000.00000000,34920.52561212,0.79364831,0.16334394,0.16850575,0.85552745,0.20159346,1.19772623,0.83611567,-0.19536046,448,2023,0.47539089,2022,-0.14196050,794427.99490181,298.00409494,1.77125037,0.00677282,0.44993570,0.14979190,,,0.14961710,0.04969227,,,0.39930299,0.13807806
VT TQQQ/BTAL75+KMLM25 t20 w0-80 QQQ:VOL_EWMA80 rb 2m,full,full,2020-12-18,2026-08-20,false,true,"{""*"": 6, ""BTAL"": 6, ""DBMF"": 2.5, ""KMLM"": 6, ""QQQ"": 1, ""SPY"": 0.7, ""TQQQ"": 1.5}",0.03000000,tests/data/2026-08-20-net15,BTAL75+KMLM25,,2m,0.07251592,0.51034695,0.07159609,0.50725906,80891.85521788,44000.00000000,36891.85521788,0.83845125,0.17573451,0.17571707,0.89767368,0.20468493,1.26577777,0.79782719,-0.22026639,474,2023,0.40328646,2022,-0.15131214,364868.42803925,138.71157691,0.79794346,0.00315254,0.44808328,0.14979190,,,0.14919653,0.04996647,,,0.40088342,0.12556395
VT TQQQ/BTAL75+KMLM25 t20 w0-80 QQQ:VOL_EWMA80 rb 2m+1,full,full,2020-12-18,2026-08-20,false,true,"{""*"": 6, ""BTAL"": 6, ""DBMF"": 2.5, ""KMLM"": 6, ""QQQ"": 1, ""SPY"": 0.7, ""TQQQ"": 1.5}",0.03000000,tests/data/2026-08-20-net15,BTAL75+KMLM25,,2m+1,0.06357188,0.42907629,0.06286211,0.42745756,74020.98573633,44000.00000000,30020.98573633,0.68229513,0.14886035,0.14982175,0.77356984,0.20850501,1.08406244,0.72442944,-0.20548634,,2023,0.40729807,2022,-0.12052701,493649.05021165,185.84357030,1.08776699,0.00422372,0.44265178,0.12838262,,,0.14814765,0.04575860,,,0.40745335,0.13588709
VT TQQQ/BTAL75+KMLM25 t20 w0-80 QQQ:VOL_EWMA80 rb 3m,full,full,2020-12-18,2026-08-20,false,true,"{""*"": 6, ""BTAL"": 6, ""DBMF"": 2.5, ""KMLM"": 6, ""QQQ"": 1, ""SPY"": 0.7, ""TQQQ"": 1.5}",0.03000000,tests/data/2026-08-20-net15,BTAL75+KMLM25,,3m,0.09565490,0.51356202,0.09426853,0.50844987,76891.13663243,44000.00000000,32891.13663243,0.74752583,0.16075734,0.16090312,0.73492385,0.24480881,1.02614304,0.63332655,-0.25383009,160,2023,0.45677586,2022,-0.17550544,304427.16402945,115.88162054,0.65375297,0.00263367,0.40641027,0.12840706,,,0.13690835,0.04570393,,,0.45451097,0.15571934
VT TQQQ/BTAL75+KMLM25 t20 w0-80 QQQ:VOL_EWMA80 rb 3m+1,full,full,2020-12-18,2026-08-20,false,true,"{""*"": 6, ""BTAL"": 6, ""DBMF"": 2.5, ""KMLM"": 6, ""QQQ"": 1, ""SPY"": 0.7, ""TQQQ"": 1.5}",0.03000000,tests/data/2026-08-20-net15,BTAL75+KMLM25,,3m+1,0.08515092,0.34214570,0.08419809,0.34214709,74640.78067248,44000.00000000,30640.78067248,0.69638138,0.14779702,0.15224861,0.82544754,0.18970345,1.16815289,0.70527700,-0.20955882,567,2021,0.31589045,2022,-0.17750515,280082.68868330,106.56401172,0.65477890,0.00242191,0.46601238,0.12936962,,,0.15597469,0.04506086,,,0.37550294,0.09209575
VT TQQQ/BTAL75+KMLM25 t20 w0-80 QQQ:VOL_EWMA80 rb 3m+2,full,full,2020-12-18,2026-08-20,false,true,"{""*"": 6, ""BTAL"": 6, ""DBMF"": 2.5, ""KMLM"": 6, ""QQQ"": 1, ""SPY"": 0.7, ""TQQQ"": 1.5}",0.03000000,tests/data/2026-08-20-net15,BTAL75+KMLM25,,3m+2,0.09120090,0.43561146,0.09025860,0.43330302,86606.74890318,44000.00000000,42606.74890318,0.96833520,0.19066763,0.19572968,0.97897489,0.19955935,1.40280619,0.79156913,-0.24087300,474,2023,0.43747682,2022,-0.13316679,335649.04362954,127.08004338,0.69887907,0.00288818,0.44985486,0.13820425,,,0.15006871,0.04705206,,,0.39768575,0.13590123
VT TQQQ/BTAL75+KMLM25 t20 w0-80 QQQ:VOL_EWMA80 gate QQQ<SMA200 rb 1w,full,full,2020-12-18,2026-08-20,false,true,"{""*"": 6, ""BTAL"": 6, ""DBMF"": 2.5, ""KMLM"": 6, ""QQQ"": 1, ""SPY"": 0.7, ""TQQQ"": 1.5}",0.03000000,tests/data/2026-08-20-net15,BTAL75+KMLM25,QQQ<SMA200,1w,0.03131316,0.28434618,0.03082020,0.28434856,65660.79993816,44000.00000000,21660.79993816,0.49229091,0.12633803,0.11505745,0.75666623,0.17937475,1.04855238,0.61519859,-0.20536137,,2023,0.31175457,2022,-0.05648108,1635616.79445701,618.21713214,3.76395972,0.01405039,0.48260790,0.14874365,,,0.16040130,0.04820726,,,0.35565799,0.04136782
VT TQQQ/BTAL75+KMLM25 t20 w0-80 QQQ:VOL_EWMA80 gate QQQ<SMA200 rb 2w,full,full,2020-12-18,2026-08-20,false,true,"{""*"": 6, ""BTAL"": 6, ""DBMF"": 2.5, ""KMLM"": 6, ""QQQ"": 1, ""SPY"": 0.7, ""TQQQ"": 1.5}",0.03000000,tests/data/2026-08-20-net15,BTAL75+KMLM25,QQQ<SMA200,2w,0.04225961,0.35482872,0.04177036,0.35483013,73044.89456301,44000.00000000,29044.89456301,0.66011124,0.14490332,0.14596059,0.83488100,0.18302010,1.17855423,0.83878918,-0.17275297,167,2023,0.31911375,2022,-0.06675464,1089121.24216337,411.96281031,2.46311457,0.00936279,0.47955777,0.14934047,,,0.15929195,0.04809237,,,0.35972513,0.04403199
VT TQQQ/BTAL75+KMLM25 t20 w0-80 QQQ:VOL_EWMA80 gate QQQ<SMA200 rb 2w+1,full,full,2020-12-18,2026-08-20,false,true,"{""*"": 6, ""BTAL"": 6, ""DBMF"": 2.5, ""KMLM"": 6, ""QQQ"": 1, ""SPY"": 0.7, ""TQQQ"": 1.5}",0.03000000,tests/data/2026-08-20-net15,BTAL75+KMLM25,QQQ<SMA200,2w+1,0.04371543,0.35692520,0.04314201,0.35203756,66003.36608854,44000.00000000,22003.36608854,0.50007650,0.12492493,0.11656269,0.73592665,0.18384505,1.00970942,0.57550514,-0.21707006,,2024,0.32432194,2022,-0.03680538,1194390.51591207,451.01730859,2.73175139,0.01025039,0.48077370,0.14638768,,,0.15991743,0.04803506,,,0.35783326,0.04134256
VT TQQQ/BTAL75+KMLM25 t20 w0-80 QQQ:VOL_EWMA80 gate QQQ<SMA200,full,full,2020-12-18,2026-08-20,false,true,"{""*"": 6, ""BTAL"": 6, ""DBMF"": 2.5, ""KMLM"": 6, ""QQQ"": 1, ""SPY"": 0.7, ""TQQQ"": 1.5}",0.03000000,tests/data/2026-08-20-net15,BTAL75+KMLM25,QQQ<SMA200,,0.02225794,0.23271777,0.02193891,0.23272372,78273.52490042,44000.00000000,34273.52490042,0.77894375,0.16309589,0.16610206,0.85688429,0.20085588,1.19472245,0.85557947,-0.19062623,169,2023,0.35127130,2022,-0.06171072,763850.58088798,288.39364768,1.70692879,0.00655440,0.46603286,0.14976209,,,0.15499201,0.04972690,,,0.37794007,0.04055417
VT TQQQ/BTAL75+KMLM25 t20 w0-80 QQQ:VOL_EWMA80 gate QQQ<SMA200 rb 2m,full,full,2020-12-18,2026-08-20,false,true,"{""*"": 6, ""BTAL"": 6, ""DBMF"": 2.5, ""KMLM"": 6, ""QQQ"": 1, ""SPY"": 0.7, ""TQQQ"": 1.5}",0.03000000,tests/data/2026-08-20-net15,BTAL75+KMLM25,QQQ<SMA200,2m,0.08608944,0.51034695,0.08531272,0.50725906,78893.28960776,44000.00000000,34893.28960776,0.79302931,0.16842931,0.16840493,0.86989685,0.20381588,1.22214775,0.76482109,-0.22022054,474,2021,0.34531386,2022,-0.11158185,363406.25981627,139.41562416,0.81068249,0.00316854,0.46300196,0.14979190,,,0.15420874,0.04996647,,,0.38107493,0.05492469
VT TQQQ/BTAL75+KMLM25 t20 w0-80 QQQ:VOL_EWMA80 gate QQQ<SMA200 rb 2m+1,full,full,2020-12-18,2026-08-20,false,true,"{""*"": 6, ""BTAL"": 6, ""DBMF"": 2.5, ""KMLM"": 6, ""QQQ"": 1, ""SPY"": 0.7, ""TQQQ"": 1.5}",0.03000000,tests/data/2026-08-20-net15,BTAL75+KMLM25,QQQ<SMA200,2m+1,0.07811131,0.42898434,0.07757057,0.42795596,76031.39993439,44000.00000000,32031.39993439,0.72798636,0.16049938,0.15762524,0.81983120,0.20931242,1.14663104,0.78085972,-0.20554189,,2023,0.35532109,2026,-0.06156657,505545.13740117,191.93921873,1.07814657,0.00436225,0.45549750,0.12849527,,,0.15231084,0.04573795,,,0.39054646,0.04063147
VT TQQQ/BTAL75+KMLM25 t20 w0-80 QQQ:VOL_EWMA80 gate QQQ<SMA200 rb 3m,full,full,2020-12-18,2026-08-20,false,true,"{""*"": 6, ""BTAL"": 6, ""DBMF"": 2.5, ""KMLM"": 6, ""QQQ"": 1, ""SPY"": 0.7, ""TQQQ"": 1.5}",0.03000000,tests/data/2026-08-20-net15,BTAL75+KMLM25,QQQ<SMA200,3m,0.10933600,0.51356202,0.10810449,0.50844987,71965.00215539,44000.00000000,27965.00215539,0.63556823,0.14078418,0.14163155,0.66923144,0.24160508,0.92962631,0.55463944,-0.25383009,160,2024,0.39208640,2022,-0.14328410,290852.87078870,111.96912853,0.66192985,0.00254475,0.42360281,0.12857858,,,0.14270182,0.04561860,,,0.43156854,0.06931782
VT TQQQ/BTAL75+KMLM25 t20 w0-80 QQQ:VOL_EWMA80 gate QQQ<SMA200 rb 3m+1,full,full,2020-12-18,2026-08-20,false,true,"{""*"": 6, ""BTAL"": 6, ""DBMF"": 2.5, ""KMLM"": 6, ""QQQ"": 1, ""SPY"": 0.7, ""TQQQ"": 1.5}",0.03000000,tests/data/2026-08-20-net15,BTAL75+KMLM25,QQQ<SMA200,3m+1,0.09627576,0.34260977,0.09544327,0.34261114,75612.49057984,44000.00000000,31612.49057984,0.71846569,0.15339349,0.15601541,0.84343900,0.19197291,1.19027060,0.76956199,-0.19932571,534,2021,0.31589045,2022,-0.10629148,286405.22147708,110.10388304,0.65908253,0.00250236,0.47588557,0.12925706,,,0.15929051,0.04524100,,,0.36263674,0.04048124
VT TQQQ/BTAL75+KMLM25 t20 w0-80 QQQ:VOL_EWMA80 gate QQQ<SMA200 rb 3m+2,full,full,2020-12-18,2026-08-20,false,true,"{""*"": 6, ""BTAL"": 6, ""DBMF"": 2.5, ""KMLM"": 6, ""QQQ"": 1, ""SPY"": 0.7, ""TQQQ"": 1.5}",0.03000000,tests/data/2026-08-20-net15,BTAL75+KMLM25,QQQ<SMA200,3m+2,0.10441853,0.43597731,0.10359988,0.43383256,88717.21167986,44000.00000000,44717.21167986,1.01630027,0.20000710,0.20280981,1.01222788,0.20106651,1.44765237,0.83039967,-0.24085643,474,2023,0.39585023,2022,-0.06528159,344929.42172474,131.74255904,0.69917243,0.00299415,0.46032713,0.13825237,,,0.15358380,0.04675231,,,0.38396593,0.05212389
VT TQQQ/BTAL75+DBMF25 t20 w0-80 QQQ:VOL_EWMA80 rb 1w,full,full,2020-12-18,2026-08-20,false,true,"{""*"": 6, ""BTAL"": 6, ""DBMF"": 2.5, ""KMLM"": 6, ""QQQ"": 1, ""SPY"": 0.7, ""TQQQ"": 1.5}",0.03000000,tests/data/2026-08-20-net15,BTAL75+DBMF25,,1w,0.00730829,0.25172905,0.00674641,0.25173048,70538.76102315,44000.00000000,26538.76102315,0.60315366,0.14013146,0.13581882,0.80709741,0.18448615,1.12170128,0.70211923,-0.19958356,,2023,0.42123452,2022,-0.14587928,1813621.85978194,600.61944300,4.07024899,0.01365044,0.46395540,0.14919282,0.15422519,0.04861894,,,,,0.38050971,0.08341283
VT TQQQ/BTAL75+DBMF25 t20 w0-80 QQQ:VOL_EWMA80 rb 2w,full,full,2020-12-18,2026-08-20,false,true,"{""*"": 6, ""BTAL"": 6, ""DBMF"": 2.5, ""KMLM"": 6, ""QQQ"": 1, ""SPY"": 0.7, ""TQQQ"": 1.5}",0.03000000,tests/data/2026-08-20-net15,BTAL75+DBMF25,,2w,0.02199948,0.35502322,0.02139157,0.35502468,75396.33485820,44000.00000000,31396.33485820,0.71355306,0.15176187,0.15518146,0.84953846,0.18803081,1.20114556,0.78558450,-0.19318338,553,2023,0.45599540,2022,-0.15218271,1157266.17208471,381.42774102,2.56706115,0.00866881,0.46316794,0.14872668,0.15401441,0.04898819,,,,,0.38140751,0.11125769
VT TQQQ/BTAL75+DBMF25 t20 w0-80 QQQ:VOL_EWMA80 rb 2w+1,full,full,2020-12-18,2026-08-20,false,true,"{""*"": 6, ""BTAL"": 6, ""DBMF"": 2.5, ""KMLM"": 6, ""QQQ"": 1, ""SPY"": 0.7, ""TQQQ"": 1.5}",0.03000000,tests/data/2026-08-20-net15,BTAL75+DBMF25,,2w+1,0.01960199,0.35874343,0.01895189,0.35400295,68316.99336493,44000.00000000,24316.99336493,0.55265894,0.12703097,0.12653782,0.72896080,0.18968080,1.00399080,0.59706639,-0.21275854,,2023,0.43166642,2022,-0.17595098,1253434.65483459,414.48846105,2.87738839,0.00942019,0.46081555,0.14612506,0.15329641,0.04905318,,,,,0.38442161,0.08375807
VT TQQQ/BTAL75+DBMF25 t20 w0-80 QQQ:VOL_EWMA80,full,full,2020-12-18,2026-08-20,false,true,"{""*"": 6, ""BTAL"": 6, ""DBMF"": 2.5, ""KMLM"": 6, ""QQQ"": 1, ""SPY"": 0.7, ""TQQQ"": 1.5}",0.03000000,tests/data/2026-08-20-net15,BTAL75+DBMF25,,,0.00115551,0.00359694,0.00066413,0.00173904,79511.54899064,44000.00000000,35511.54899064,0.80708066,0.16381400,0.17068535,0.84688652,0.20494004,1.18572558,0.81377033,-0.20130250,439,2023,0.46407973,2022,-0.15271034,797030.98481898,263.26685826,1.77438236,0.00598334,0.44993110,0.14872668,0.14965469,0.04898819,,,,,0.39921190,0.13842966
VT TQQQ/BTAL75+DBMF25 t20 w0-80 QQQ:VOL_EWMA80 rb 2m,full,full,2020-12-18,2026-08-20,false,true,"{""*"": 6, ""BTAL"": 6, ""DBMF"": 2.5, ""KMLM"": 6, ""QQQ"": 1, ""SPY"": 0.7, ""TQQQ"": 1.5}",0.03000000,tests/data/2026-08-20-net15,BTAL75+DBMF25,,2m,0.07267319,0.51328723,0.07177968,0.50820073,82155.33077567,44000.00000000,38155.33077567,0.86716661,0.17829091,0.18025287,0.89623325,0.20828696,1.26319921,0.77723491,-0.22939128,474,2023,0.39592842,2022,-0.16140105,367031.71978314,123.87996404,0.79894252,0.00281545,0.44816614,0.14872668,0.14933270,0.04898819,,,,,0.40076606,0.12674159
VT TQQQ/BTAL75+DBMF25 t20 w0-80 QQQ:VOL_EWMA80 rb 2m+1,full,full,2020-12-18,2026-08-20,false,true,"{""*"": 6, ""BTAL"": 6, ""DBMF"": 2.5, ""KMLM"": 6, ""QQQ"": 1, ""SPY"": 0.7, ""TQQQ"": 1.5}",0.03000000,tests/data/2026-08-20-net15,BTAL75+DBMF25,,2m+1,0.06346158,0.42747425,0.06276548,0.42604480,74490.01351839,44000.00000000,30490.01351839,0.69295485,0.14901781,0.15166003,0.76576621,0.21168875,1.07415791,0.72516438,-0.20549521,,2023,0.39438732,2022,-0.13364860,495087.88815471,162.61164715,1.09313792,0.00369572,0.44273197,0.12813537,0.14813703,0.04760801,,,,,0.40737151,0.13455798
VT TQQQ/BTAL75+DBMF25 t20 w0-80 QQQ:VOL_EWMA80 rb 3m,full,full,2020-12-18,2026-08-20,false,true,"{""*"": 6, ""BTAL"": 6, ""DBMF"": 2.5, ""KMLM"": 6, ""QQQ"": 1, ""SPY"": 0.7, ""TQQQ"": 1.5}",0.03000000,tests/data/2026-08-20-net15,BTAL75+DBMF25,,3m,0.09542012,0.51783964,0.09402246,0.50983659,77387.39900959,44000.00000000,33387.39900959,0.75880452,0.16064806,0.16277953,0.72827074,0.24800183,1.01734748,0.62939709,-0.25524119,160,2023,0.44534624,2022,-0.18614928,305500.83579605,102.67681220,0.65762552,0.00233356,0.40661604,0.12824190,0.13665521,0.04779278,,,,,0.45453805,0.15631769
VT TQQQ/BTAL75+DBMF25 t20 w0-80 QQQ:VOL_EWMA80 rb 3m+1,full,full,2020-12-18,2026-08-20,false,true,"{""*"": 6, ""BTAL"": 6, ""DBMF"": 2.5, ""KMLM"": 6, ""QQQ"": 1, ""SPY"": 0.7, ""TQQQ"": 1.5}",0.03000000,tests/data/2026-08-20-net15,BTAL75+DBMF25,,3m+1,0.08528678,0.34284406,0.08442771,0.34284556,75828.84515612,44000.00000000,31828.84515612,0.72338284,0.15021165,0.15684789,0.82548096,0.19303059,1.16892556,0.70792476,-0.21218589,683,2021,0.32093764,2022,-0.18476482,283447.98627344,94.64548153,0.66027112,0.00215103,0.46597338,0.12902134,0.15655094,0.04680108,,,,,0.37507387,0.09183463
VT TQQQ/BTAL75+DBMF25 t20 w0-80 QQQ:VOL_EWMA80 rb 3m+2,full,full,2020-12-18,2026-08-20,false,true,"{""*"": 6, ""BTAL"": 6, ""DBMF"": 2.5, ""KMLM"": 6, ""QQQ"": 1, ""SPY"": 0.7, ""TQQQ"": 1.5}",0.03000000,tests/data/2026-08-20-net15,BTAL75+DBMF25,,3m+2,0.09145956,0.43285683,0.09070496,0.43131585,88206.69241165,44000.00000000,44206.69241165,1.00469755,0.19347205,0.20111162,0.97536739,0.20355411,1.39701478,0.78057827,-0.24785734,455,2023,0.42822579,2022,-0.14617410,337653.08998997,112.51061898,0.70148021,0.00255706,0.44973303,0.13837443,0.15048122,0.04965744,,,,,0.39771455,0.13457961
VT TQQQ/BTAL75+DBMF25 t20 w0-80 QQQ:VOL_EWMA80 gate QQQ<SMA200 rb 1w,full,full,2020-12-18,2026-08-20,false,true,"{""*"": 6, ""BTAL"": 6, ""DBMF"": 2.5, ""KMLM"": 6, ""QQQ"": 1, ""SPY"": 0.7, ""TQQQ"": 1.5}",0.03000000,tests/data/2026-08-20-net15,BTAL75+DBMF25,QQQ<SMA200,1w,0.03123473,0.28468274,0.03079435,0.28468625,66954.93364977,44000.00000000,22954.93364977,0.52170304,0.12979545,0.12070508,0.76522797,0.18202606,1.06109042,0.65000139,-0.19968488,,2023,0.30133967,2022,-0.06840976,1647644.26071479,546.86947393,3.77377302,0.01242885,0.48262506,0.14919282,0.16045541,0.04861894,,,,,0.35570369,0.04126109
VT TQQQ/BTAL75+DBMF25 t20 w0-80 QQQ:VOL_EWMA80 gate QQQ<SMA200 rb 2w,full,full,2020-12-18,2026-08-20,false,true,"{""*"": 6, ""BTAL"": 6, ""DBMF"": 2.5, ""KMLM"": 6, ""QQQ"": 1, ""SPY"": 0.7, ""TQQQ"": 1.5}",0.03000000,tests/data/2026-08-20-net15,BTAL75+DBMF25,QQQ<SMA200,2w,0.04208030,0.35502871,0.04162253,0.35503021,74500.77167026,44000.00000000,30500.77167026,0.69319936,0.14858576,0.15170206,0.84273163,0.18574713,1.19027591,0.86234908,-0.17230349,161,2024,0.31355370,2022,-0.07976115,1099832.90500477,363.70317231,2.47092408,0.00826598,0.47939798,0.14872668,0.15937941,0.04898819,,,,,0.35989722,0.04430175
VT TQQQ/BTAL75+DBMF25 t20 w0-80 QQQ:VOL_EWMA80 gate QQQ<SMA200 rb 2w+1,full,full,2020-12-18,2026-08-20,false,true,"{""*"": 6, ""BTAL"": 6, ""DBMF"": 2.5, ""KMLM"": 6, ""QQQ"": 1, ""SPY"": 0.7, ""TQQQ"": 1.5}",0.03000000,tests/data/2026-08-20-net15,BTAL75+DBMF25,QQQ<SMA200,2w+1,0.04360348,0.35874343,0.04313173,0.35400295,67256.83124879,44000.00000000,23256.83124879,0.52856435,0.12778810,0.12200758,0.74185838,0.18648382,1.01902525,0.60045738,-0.21281794,,2024,0.34046025,2022,-0.04944883,1204187.31442423,399.30848639,2.74368106,0.00907519,0.48076771,0.14627832,0.15996357,0.04910194,,,,,0.35795447,0.04131506
VT TQQQ/BTAL75+DBMF25 t20 w0-80 QQQ:VOL_EWMA80 gate QQQ<SMA200,full,full,2020-12-18,2026-08-20,false,true,"{""*"": 6, ""BTAL"": 6, ""DBMF"": 2.5, ""KMLM"": 6, ""QQQ"": 1, ""SPY"": 0.7, ""TQQQ"": 1.5}",0.03000000,tests/data/2026-08-20-net15,BTAL75+DBMF25,QQQ<SMA200,,0.02236651,0.23271690,0.02196205,0.23272072,78911.46434901,44000.00000000,34911.46434901,0.79344237,0.16370187,0.16847221,0.85129310,0.20339990,1.18785335,0.85850518,-0.19068245,167,2023,0.34071490,2022,-0.07342515,766971.71583606,254.24209466,1.71127690,0.00577823,0.46595248,0.14872668,0.15499753,0.04898819,,,,,0.37788537,0.04055717
VT TQQQ/BTAL75+DBMF25 t20 w0-80 QQQ:VOL_EWMA80 gate QQQ<SMA200 rb 2m,full,full,2020-12-18,2026-08-20,false,true,"{""*"": 6, ""BTAL"": 6, ""DBMF"": 2.5, ""KMLM"": 6, ""QQQ"": 1, ""SPY"": 0.7, ""TQQQ"": 1.5}",0.03000000,tests/data/2026-08-20-net15,BTAL75+DBMF25,QQQ<SMA200,2m,0.08620439,0.51328723,0.08545605,0.50820073,79966.64835019,44000.00000000,35966.64835019,0.81742383,0.17033146,0.17235334,0.86866054,0.20666745,1.22156915,0.74297472,-0.22925606,474,2021,0.35272226,2022,-0.12358723,365004.23540809,123.63037271,0.81181794,0.00280978,0.46300731,0.14872668,0.15433240,0.04898819,,,,,0.38101633,0.05507836
VT TQQQ/BTAL75+DBMF25 t20 w0-80 QQQ:VOL_EWMA80 gate QQQ<SMA200 rb 2m+1,full,full,2020-12-18,2026-08-20,false,true,"{""*"": 6, ""BTAL"": 6, ""DBMF"": 2.5, ""KMLM"": 6, ""QQQ"": 1, ""SPY"": 0.7, ""TQQQ"": 1.5}",0.03000000,tests/data/2026-08-20-net15,BTAL75+DBMF25,QQQ<SMA200,2m+1,0.07807800,0.42731125,0.07752166,0.42592131,76639.57704586,44000.00000000,32639.57704586,0.74180857,0.16120343,0.15994760,0.81537929,0.21186742,1.14193950,0.78461502,-0.20545544,,2023,0.34231942,2026,-0.06044019,507384.82459364,167.91940002,1.08301935,0.00381635,0.45552974,0.12804187,0.15242345,0.04786454,,,,,0.39044301,0.04052335
VT TQQQ/BTAL75+DBMF25 t20 w0-80 QQQ:VOL_EWMA80 gate QQQ<SMA200 rb 3m,full,full,2020-12-18,2026-08-20,false,true,"{""*"": 6, ""BTAL"": 6, ""DBMF"": 2.5, ""KMLM"": 6, ""QQQ"": 1, ""SPY"": 0.7, ""TQQQ"": 1.5}",0.03000000,tests/data/2026-08-20-net15,BTAL75+DBMF25,QQQ<SMA200,3m,0.10911938,0.51783964,0.10797217,0.50983659,72244.04403106,44000.00000000,28244.04403106,0.64191009,0.13978518,0.14275602,0.66124844,0.24411772,0.91982414,0.54765916,-0.25524119,160,2024,0.39605392,2022,-0.15454119,290239.90674937,98.25513527,0.66379503,0.00223307,0.42386541,0.12823177,0.14249543,0.04780004,,,,,0.43157448,0.06915021
VT TQQQ/BTAL75+DBMF25 t20 w0-80 QQQ:VOL_EWMA80 gate QQQ<SMA200 rb 3m+1,full,full,2020-12-18,2026-08-20,false,true,"{""*"": 6, ""BTAL"": 6, ""DBMF"": 2.5, ""KMLM"": 6, ""QQQ"": 1, ""SPY"": 0.7, ""TQQQ"": 1.5}",0.03000000,tests/data/2026-08-20-net15,BTAL75+DBMF25,QQQ<SMA200,3m+1,0.09643054,0.34274051,0.09574334,0.34274198,76876.37725083,44000.00000000,32876.37725083,0.74719039,0.15602981,0.16084714,0.84595853,0.19475303,1.19576453,0.77306738,-0.20183209,564,2021,0.32093764,2022,-0.11415022,289973.10111274,98.02474411,0.66458319,0.00222784,0.47593283,0.12902104,0.15976150,0.04691405,,,,,0.36229837,0.04037680
VT TQQQ/BTAL75+DBMF25 t20 w0-80 QQQ:VOL_EWMA80 gate QQQ<SMA200 rb 3m+2,full,full,2020-12-18,2026-08-20,false,true,"{""*"": 6, ""BTAL"": 6, ""DBMF"": 2.5, ""KMLM"": 6, ""QQQ"": 1, ""SPY"": 0.7, ""TQQQ"": 1.5}",0.03000000,tests/data/2026-08-20-net15,BTAL75+DBMF25,QQQ<SMA200,3m+2,0.10436636,0.43302143,0.10366066,0.43143341,90284.08130779,44000.00000000,46284.08130779,1.05191094,0.20253190,0.20796570,1.00939479,0.20439849,1.44468564,0.81703114,-0.24788761,455,2023,0.38679803,2022,-0.08066468,346378.12304224,116.39253872,0.70127072,0.00264528,0.45984825,0.13825787,0.15391728,0.04975657,,,,,0.38442779,0.05299276
VT TQQQ/BTAL50+KMLM50 t20 w0-80 QQQ:VOL_EWMA80 rb 1w,full,full,2020-12-18,2026-08-20,false,true,"{""*"": 6, ""BTAL"": 6, ""DBMF"": 2.5, ""KMLM"": 6, ""QQQ"": 1, ""SPY"": 0.7, ""TQQQ"": 1.5}",0.03000000,tests/data/2026-08-20-net15,BTAL50+KMLM50,,1w,0.00725830,0.25160752,0.00673367,0.25160891,74395.01088467,44000.00000000,30395.01088467,0.69079570,0.15660875,0.15128856,0.86097183,0.19115796,1.19593153,0.83788031,-0.18691065,224,2023,0.45095056,2022,-0.12513413,1844584.51524700,693.96042336,4.06866021,0.01577183,0.30922257,0.09913331,,,0.30899775,0.09717662,,,0.38051106,0.08337319
VT TQQQ/BTAL50+KMLM50 t20 w0-80 QQQ:VOL_EWMA80 rb 2w,full,full,2020-12-18,2026-08-20,false,true,"{""*"": 6, ""BTAL"": 6, ""DBMF"": 2.5, ""KMLM"": 6, ""QQQ"": 1, ""SPY"": 0.7, ""TQQQ"": 1.5}",0.03000000,tests/data/2026-08-20-net15,BTAL50+KMLM50,,2w,0.02209925,0.35571025,0.02151427,0.35571168,79215.96676118,44000.00000000,35215.96676118,0.80036288,0.16775503,0.16959719,0.89713278,0.19500530,1.26462399,0.82218333,-0.20403604,435,2023,0.48505265,2022,-0.13034511,1174667.36169801,442.06677687,2.56747081,0.01004697,0.30875512,0.09957163,,,0.30839469,0.09692111,,,0.38137928,0.11148679
VT TQQQ/BTAL50+KMLM50 t20 w0-80 QQQ:VOL_EWMA80 rb 2w+1,full,full,2020-12-18,2026-08-20,false,true,"{""*"": 6, ""BTAL"": 6, ""DBMF"": 2.5, ""KMLM"": 6, ""QQQ"": 1, ""SPY"": 0.7, ""TQQQ"": 1.5}",0.03000000,tests/data/2026-08-20-net15,BTAL50+KMLM50,,2w+1,0.01947373,0.35414668,0.01875850,0.34915259,72014.69739482,44000.00000000,28014.69739482,0.63669767,0.14366417,0.14183211,0.78681144,0.19600608,1.08481517,0.73548127,-0.19533356,273,2023,0.46121516,2022,-0.15672591,1267283.67477367,476.16057214,2.86407303,0.01082183,0.30707825,0.09758770,,,0.30710345,0.09629163,,,0.38423909,0.08360783
VT TQQQ/BTAL50+KMLM50 t20 w0-80 QQQ:VOL_EWMA80,full,full,2020-12-18,2026-08-20,false,true,"{""*"": 6, ""BTAL"": 6, ""DBMF"": 2.5, ""KMLM"": 6, ""QQQ"": 1, ""SPY"": 0.7, ""TQQQ"": 1.5}",0.03000000,tests/data/2026-08-20-net15,BTAL50+KMLM50,,,0.00119998,0.00374295,0.00067386,0.00173516,84465.56176683,44000.00000000,40465.56176683,0.91967186,0.18500857,0.18838025,0.91231274,0.21167266,1.27696932,0.81904639,-0.22588289,448,2023,0.49705097,2022,-0.13039694,818437.67640098,307.04040505,1.77176446,0.00697819,0.29985508,0.09988652,,,0.29968791,0.09942933,,,0.39920372,0.13875850
VT TQQQ/BTAL50+KMLM50 t20 w0-80 QQQ:VOL_EWMA80 rb 2m,full,full,2020-12-18,2026-08-20,false,true,"{""*"": 6, ""BTAL"": 6, ""DBMF"": 2.5, ""KMLM"": 6, ""QQQ"": 1, ""SPY"": 0.7, ""TQQQ"": 1.5}",0.03000000,tests/data/2026-08-20-net15,BTAL50+KMLM50,,2m,0.07263496,0.51122532,0.07174445,0.50770499,85793.99668686,44000.00000000,41793.99668686,0.94986356,0.19263887,0.19296014,0.93127115,0.21506063,1.31257203,0.84043440,-0.22921346,471,2023,0.42476191,2022,-0.14392613,369242.45236753,140.46440193,0.79069458,0.00319237,0.29851534,0.09988652,,,0.29900560,0.09942933,,,0.40072813,0.12584925
VT TQQQ/BTAL50+KMLM50 t20 w0-80 QQQ:VOL_EWMA80 rb 2m+1,full,full,2020-12-18,2026-08-20,false,true,"{""*"": 6, ""BTAL"": 6, ""DBMF"": 2.5, ""KMLM"": 6, ""QQQ"": 1, ""SPY"": 0.7, ""TQQQ"": 1.5}",0.03000000,tests/data/2026-08-20-net15,BTAL50+KMLM50,,2m+1,0.06387731,0.42660516,0.06321326,0.42500613,79888.42519395,44000.00000000,35888.42519395,0.81564603,0.17240693,0.17206728,0.84114119,0.21857561,1.17610182,0.78962153,-0.21834123,429,2023,0.42981737,2022,-0.10534396,513429.07264679,193.68263881,1.09237143,0.00440188,0.29473672,0.08522752,,,0.29650489,0.09138485,,,0.40712035,0.13874875
VT TQQQ/BTAL50+KMLM50 t20 w0-80 QQQ:VOL_EWMA80 rb 3m,full,full,2020-12-18,2026-08-20,false,true,"{""*"": 6, ""BTAL"": 6, ""DBMF"": 2.5, ""KMLM"": 6, ""QQQ"": 1, ""SPY"": 0.7, ""TQQQ"": 1.5}",0.03000000,tests/data/2026-08-20-net15,BTAL50+KMLM50,,3m,0.09624869,0.51122532,0.09493214,0.50770499,81730.78496976,44000.00000000,37730.78496976,0.85751784,0.17764293,0.17873611,0.77458539,0.25398736,1.08147208,0.71773641,-0.24750441,150,2023,0.48248604,2022,-0.16722695,309604.58383378,118.16231238,0.65112466,0.00268551,0.27026608,0.08538019,,,0.27379514,0.09136056,,,0.45388027,0.15574704
VT TQQQ/BTAL50+KMLM50 t20 w0-80 QQQ:VOL_EWMA80 rb 3m+1,full,full,2020-12-18,2026-08-20,false,true,"{""*"": 6, ""BTAL"": 6, ""DBMF"": 2.5, ""KMLM"": 6, ""QQQ"": 1, ""SPY"": 0.7, ""TQQQ"": 1.5}",0.03000000,tests/data/2026-08-20-net15,BTAL50+KMLM50,,3m+1,0.08522858,0.34171509,0.08434172,0.34171653,79096.84154951,44000.00000000,35096.84154951,0.79765549,0.16714963,0.16915757,0.87558691,0.20044018,1.23553546,0.78351705,-0.21333247,573,2021,0.35515157,2022,-0.16500171,286739.25640206,109.26380942,0.65199275,0.00248327,0.31015215,0.08602196,,,0.31249808,0.09088957,,,0.37517302,0.09389702
VT TQQQ/BTAL50+KMLM50 t20 w0-80 QQQ:VOL_EWMA80 rb 3m+2,full,full,2020-12-18,2026-08-20,false,true,"{""*"": 6, ""BTAL"": 6, ""DBMF"": 2.5, ""KMLM"": 6, ""QQQ"": 1, ""SPY"": 0.7, ""TQQQ"": 1.5}",0.03000000,tests/data/2026-08-20-net15,BTAL50+KMLM50,,3m+2,0.09106123,0.43650210,0.09024216,0.43467541,92744.37660368,44000.00000000,48744.37660368,1.10782674,0.21133492,0.21589620,1.02265457,0.21007307,1.45943413,0.84649862,-0.24965773,455,2023,0.45708143,2022,-0.12203579,341550.05444580,129.34007388,0.69114505,0.00293955,0.29979284,0.09218344,,,0.30094264,0.09467239,,,0.39719159,0.13862847
VT TQQQ/BTAL50+KMLM50 t20 w0-80 QQQ:VOL_EWMA80 gate QQQ<SMA200 rb 1w,full,full,2020-12-18,2026-08-20,false,true,"{""*"": 6, ""BTAL"": 6, ""DBMF"": 2.5, ""KMLM"": 6, ""QQQ"": 1, ""SPY"": 0.7, ""TQQQ"": 1.5}",0.03000000,tests/data/2026-08-20-net15,BTAL50+KMLM50,QQQ<SMA200,1w,0.03160913,0.28426082,0.03115520,0.28426407,70851.84972321,44000.00000000,26851.84972321,0.61026931,0.14726945,0.13710431,0.82913573,0.18793123,1.14541200,0.80319624,-0.18335425,230,2023,0.33029691,2022,-0.04249594,1683562.78998708,637.24903590,3.77729505,0.01448293,0.32181562,0.09913331,,,0.32159900,0.09715205,,,0.35534680,0.04139239
VT TQQQ/BTAL50+KMLM50 t20 w0-80 QQQ:VOL_EWMA80 gate QQQ<SMA200 rb 2w,full,full,2020-12-18,2026-08-20,false,true,"{""*"": 6, ""BTAL"": 6, ""DBMF"": 2.5, ""KMLM"": 6, ""QQQ"": 1, ""SPY"": 0.7, ""TQQQ"": 1.5}",0.03000000,tests/data/2026-08-20-net15,BTAL50+KMLM50,QQQ<SMA200,2w,0.04259402,0.35547427,0.04212510,0.35547573,78323.97125131,44000.00000000,34323.97125131,0.78009026,0.16509171,0.16629015,0.89635222,0.19195573,1.25903560,0.89968578,-0.18349930,432,2023,0.33771019,2022,-0.05341678,1119759.43552491,424.21798578,2.47370448,0.00964132,0.31977045,0.09957163,,,0.31939410,0.09687773,,,0.35942968,0.04434085
VT TQQQ/BTAL50+KMLM50 t20 w0-80 QQQ:VOL_EWMA80 gate QQQ<SMA200 rb 2w+1,full,full,2020-12-18,2026-08-20,false,true,"{""*"": 6, ""BTAL"": 6, ""DBMF"": 2.5, ""KMLM"": 6, ""QQQ"": 1, ""SPY"": 0.7, ""TQQQ"": 1.5}",0.03000000,tests/data/2026-08-20-net15,BTAL50+KMLM50,QQQ<SMA200,2w+1,0.04390441,0.35414668,0.04334352,0.34915259,71342.02722285,44000.00000000,27342.02722285,0.62140971,0.14631914,0.13910613,0.81175918,0.19187238,1.11221910,0.75778802,-0.19308716,237,2023,0.31976280,2022,-0.02379856,1224945.09382990,463.05598229,2.73244071,0.01052400,0.32055659,0.09751603,,,0.32056889,0.09643613,,,0.35743998,0.04139083
VT TQQQ/BTAL50+KMLM50 t20 w0-80 QQQ:VOL_EWMA80 gate QQQ<SMA200,full,full,2020-12-18,2026-08-20,false,true,"{""*"": 6, ""BTAL"": 6, ""DBMF"": 2.5, ""KMLM"": 6, ""QQQ"": 1, ""SPY"": 0.7, ""TQQQ"": 1.5}",0.03000000,tests/data/2026-08-20-net15,BTAL50+KMLM50,QQQ<SMA200,,0.02272430,0.23306855,0.02231692,0.23307415,84098.33748467,44000.00000000,40098.33748467,0.91132585,0.18603998,0.18710235,0.92353969,0.20957598,1.28570168,0.89029234,-0.20896504,448,2023,0.37454047,2022,-0.04669946,790340.39060820,298.67865997,1.70884412,0.00678815,0.31076659,0.09980015,,,0.31061452,0.09942933,,,0.37748399,0.04020374
VT TQQQ/BTAL50+KMLM50 t20 w0-80 QQQ:VOL_EWMA80 gate QQQ<SMA200 rb 2m,full,full,2020-12-18,2026-08-20,false,true,"{""*"": 6, ""BTAL"": 6, ""DBMF"": 2.5, ""KMLM"": 6, ""QQQ"": 1, ""SPY"": 0.7, ""TQQQ"": 1.5}",0.03000000,tests/data/2026-08-20-net15,BTAL50+KMLM50,QQQ<SMA200,2m,0.08627772,0.51122532,0.08552238,0.50770499,84123.23933310,44000.00000000,40123.23933310,0.91189180,0.18697452,0.18718917,0.91490980,0.21325635,1.28331320,0.81581832,-0.22918647,474,2021,0.35993371,2022,-0.10174645,370665.91288091,142.54902197,0.80609617,0.00323975,0.30846285,0.09988652,,,0.30900010,0.09942933,,,0.38093791,0.05556691
VT TQQQ/BTAL50+KMLM50 t20 w0-80 QQQ:VOL_EWMA80 gate QQQ<SMA200 rb 2m+1,full,full,2020-12-18,2026-08-20,false,true,"{""*"": 6, ""BTAL"": 6, ""DBMF"": 2.5, ""KMLM"": 6, ""QQQ"": 1, ""SPY"": 0.7, ""TQQQ"": 1.5}",0.03000000,tests/data/2026-08-20-net15,BTAL50+KMLM50,QQQ<SMA200,2m+1,0.07877092,0.42647754,0.07824207,0.42510726,82137.52684300,44000.00000000,38137.52684300,0.86676197,0.18430868,0.18018941,0.88739664,0.21865049,1.23777027,0.84915792,-0.21704877,429,2023,0.37772463,2026,-0.01741285,526228.92835815,200.19370467,1.08324689,0.00454986,0.30334781,0.08529093,,,0.30511429,0.09144909,,,0.39004633,0.04040058
VT TQQQ/BTAL50+KMLM50 t20 w0-80 QQQ:VOL_EWMA80 gate QQQ<SMA200 rb 3m,full,full,2020-12-18,2026-08-20,false,true,"{""*"": 6, ""BTAL"": 6, ""DBMF"": 2.5, ""KMLM"": 6, ""QQQ"": 1, ""SPY"": 0.7, ""TQQQ"": 1.5}",0.03000000,tests/data/2026-08-20-net15,BTAL50+KMLM50,QQQ<SMA200,3m,0.10948890,0.51122532,0.10837015,0.50770499,76667.40333524,44000.00000000,32667.40333524,0.74244098,0.15800851,0.16005344,0.71509785,0.25011968,0.99252853,0.63840685,-0.24750441,150,2024,0.38106418,2022,-0.13650862,296461.44359030,114.60027061,0.66026462,0.00260455,0.28138090,0.08534968,,,0.28507554,0.09172524,,,0.43148190,0.07110151
VT TQQQ/BTAL50+KMLM50 t20 w0-80 QQQ:VOL_EWMA80 gate QQQ<SMA200 rb 3m+1,full,full,2020-12-18,2026-08-20,false,true,"{""*"": 6, ""BTAL"": 6, ""DBMF"": 2.5, ""KMLM"": 6, ""QQQ"": 1, ""SPY"": 0.7, ""TQQQ"": 1.5}",0.03000000,tests/data/2026-08-20-net15,BTAL50+KMLM50,QQQ<SMA200,3m+1,0.09662424,0.34181982,0.09581596,0.34182124,80097.44562194,44000.00000000,36097.44562194,0.82039649,0.17257291,0.17283109,0.89338915,0.20202589,1.25619252,0.80893880,-0.21333247,570,2021,0.35515157,2022,-0.09462867,292708.40679996,112.58894787,0.65557236,0.00255884,0.31692240,0.08581373,,,0.31904135,0.09085259,,,0.36202477,0.04020306
VT TQQQ/BTAL50+KMLM50 t20 w0-80 QQQ:VOL_EWMA80 gate QQQ<SMA200 rb 3m+2,full,full,2020-12-18,2026-08-20,false,true,"{""*"": 6, ""BTAL"": 6, ""DBMF"": 2.5, ""KMLM"": 6, ""QQQ"": 1, ""SPY"": 0.7, ""TQQQ"": 1.5}",0.03000000,tests/data/2026-08-20-net15,BTAL50+KMLM50,QQQ<SMA200,3m+2,0.10466254,0.43693902,0.10384499,0.43467164,94950.78296991,44000.00000000,50950.78296991,1.15797234,0.22054223,0.22284422,1.05598866,0.21080152,1.50251647,0.88316548,-0.24971790,455,2023,0.41678422,2022,-0.05566501,351242.15730879,134.41850086,0.69231437,0.00305497,0.30682616,0.09183910,,,0.30785246,0.09466354,,,0.38331172,0.05269310
TQQQ50/BTAL50 rb 1w,full,full,2020-12-18,2026-08-20,true,true,"{""*"": 6, ""BTAL"": 6, ""DBMF"": 2.5, ""KMLM"": 6, ""QQQ"": 1, ""SPY"": 0.7, ""TQQQ"": 1.5}",0.03000000,tests/data/2026-08-20-net15,,,,0.00209507,0.05047223,0.00189216,0.05047763,82136.01267108,44000.00000000,38136.01267108,0.86672756,0.15636064,0.18018401,0.66138255,0.27996151,0.94953132,0.34544200,-0.45263934,753,2023,0.67002942,2022,-0.42717390,487387.97068480,182.83915902,1.10846615,0.00415544,0.49960854,0.46363323,,,,,,,0.49947932,0.44952237
50/50,full,full,2020-12-18,2026-08-20,true,true,"{""*"": 6, ""BTAL"": 6, ""DBMF"": 2.5, ""KMLM"": 6, ""QQQ"": 1, ""SPY"": 0.7, ""TQQQ"": 1.5}",0.03000000,tests/data/2026-08-20-net15,,,,0.00087247,0.00318041,0.00064856,0.00175609,80765.78010012,44000.00000000,36765.78010012,0.83558591,0.15090234,0.17526084,0.65859103,0.26982961,0.93633757,0.33725424,-0.44744386,752,2023,0.69929069,2022,-0.42506651,219052.27847129,82.76805287,0.50705317,0.00188109,0.49963228,0.49856868,,,,,,,0.49947717,0.49824391
TQQQ50/BTAL50 rb 3m,full,full,2020-12-18,2026-08-20,true,true,"{""*"": 6, ""BTAL"": 6, ""DBMF"": 2.5, ""KMLM"": 6, ""QQQ"": 1, ""SPY"": 0.7, ""TQQQ"": 1.5}",0.03000000,tests/data/2026-08-20-net15,,,,0.03293405,0.20846300,0.03286697,0.20846394,86266.55544182,44000.00000000,42266.55544182,0.96060353,0.16844526,0.19457340,0.70589390,0.27549389,1.00742058,0.38559677,-0.43684304,722,2023,0.73238306,2022,-0.41265415,170584.15687823,64.79212653,0.38466481,0.00147255,0.48957259,0.29153606,,,,,,,0.50881210,0.34664115
TQQQ50/BTAL50 gate QQQ<SMA200 rb 1w,full,full,2020-12-18,2026-08-20,true,true,"{""*"": 6, ""BTAL"": 6, ""DBMF"": 2.5, ""KMLM"": 6, ""QQQ"": 1, ""SPY"": 0.7, ""TQQQ"": 1.5}",0.03000000,tests/data/2026-08-20-net15,,,,0.05109463,0.38125297,0.05095177,0.38126011,80399.93300596,44000.00000000,36399.93300596,0.82727120,0.15893501,0.17393313,0.76849790,0.22624633,1.09936753,0.46390171,-0.34260492,715,2023,0.44146728,2022,-0.29481269,394652.80222775,150.01610132,0.88798243,0.00340946,0.54928910,0.46380573,,,,,,,0.44995164,0.11873989
TQQQ50/BTAL50 gate QQQ<SMA200,full,full,2020-12-18,2026-08-20,true,true,"{""*"": 6, ""BTAL"": 6, ""DBMF"": 2.5, ""KMLM"": 6, ""QQQ"": 1, ""SPY"": 0.7, ""TQQQ"": 1.5}",0.03000000,tests/data/2026-08-20-net15,,,,0.05223510,0.39663067,0.05205205,0.39663758,80827.16578954,44000.00000000,36827.16578954,0.83698104,0.16286137,0.17548306,0.79335887,0.22234073,1.13448339,0.52549212,-0.30992162,683,2023,0.46780948,2022,-0.25830154,190481.85113137,74.07256612,0.42285255,0.00168347,0.55116127,0.49856868,,,,,,,0.44801820,0.10336242
TQQQ50/BTAL50 gate QQQ<SMA200 rb 3m,full,full,2020-12-18,2026-08-20,true,true,"{""*"": 6, ""BTAL"": 6, ""DBMF"": 2.5, ""KMLM"": 6, ""QQQ"": 1, ""SPY"": 0.7, ""TQQQ"": 1.5}",0.03000000,tests/data/2026-08-20-net15,,,,0.08106997,0.39642646,0.08101881,0.39643365,76795.14918105,44000.00000000,32795.14918105,0.74534430,0.14701110,0.16053887,0.72565642,0.22491066,1.02493286,0.48112426,-0.30555746,716,2023,0.37961471,2022,-0.25899500,122884.79611407,49.11860757,0.28686952,0.00111633,0.55373895,0.33909888,,,,,,,0.44483119,0.10356635
SPY benchmark,full,full,2020-12-18,2026-08-20,true,true,"{""*"": 6, ""BTAL"": 6, ""DBMF"": 2.5, ""KMLM"": 6, ""QQQ"": 1, ""SPY"": 0.7, ""TQQQ"": 1.5}",0.03000000,tests/data/2026-08-20-net15,,,,0.00776260,0.02938556,0.00776372,0.02941953,76891.87546579,44000.00000000,32891.87546579,0.74754262,0.14823304,0.16090592,0.92002546,0.16593051,1.33882256,0.60619433,-0.24453056,709,2021,0.28166993,2022,-0.18247338,43403.08520685,3.03821596,0.10477889,0.00006905,,,,,,,0.99223628,0.97058047,,
VT TQQQ/BTAL75+KMLM25 t20 w0-80 QQQ:VOL_EWMA80 rb 1w,fit,fit,2020-12-18,2024-12-31,false,true,"{""*"": 6, ""BTAL"": 6, ""DBMF"": 2.5, ""KMLM"": 6, ""QQQ"": 1, ""SPY"": 0.7, ""TQQQ"": 1.5}",0.03000000,tests/data/2026-08-20-net15,BTAL75+KMLM25,,1w,0.00825269,0.25170141,0.00752689,0.25170274,57213.96544043,34000.00000000,23213.96544043,0.68276369,0.18833945,0.20498968,1.02042389,0.18697043,1.46273502,1.05466603,-0.17857734,169,2023,0.43360121,2022,-0.13399533,976758.54009284,366.91067650,4.12008379,0.01079149,0.46872191,0.14874365,,,0.15568204,0.04881448,,,0.37400039,0.12590282
VT TQQQ/BTAL75+KMLM25 t20 w0-80 QQQ:VOL_EWMA80 rb 2w,fit,fit,2020-12-18,2024-12-31,false,true,"{""*"": 6, ""BTAL"": 6, ""DBMF"": 2.5, ""KMLM"": 6, ""QQQ"": 1, ""SPY"": 0.7, ""TQQQ"": 1.5}",0.03000000,tests/data/2026-08-20-net15,BTAL75+KMLM25,,2w,0.02450068,0.35507535,0.02370266,0.35507672,58582.71892857,34000.00000000,24582.71892857,0.72302114,0.19147377,0.21469344,1.02025826,0.19016630,1.48040168,1.03739718,-0.18457133,545,2023,0.46814241,2022,-0.14074862,635882.46056863,239.35692660,2.68030546,0.00703991,0.46818932,0.14934047,,,0.15541974,0.04865198,,,0.37458150,0.13820980
VT TQQQ/BTAL75+KMLM25 t20 w0-80 QQQ:VOL_EWMA80 rb 2w+1,fit,fit,2020-12-18,2024-12-31,false,true,"{""*"": 6, ""BTAL"": 6, ""DBMF"": 2.5, ""KMLM"": 6, ""QQQ"": 1, ""SPY"": 0.7, ""TQQQ"": 1.5}",0.03000000,tests/data/2026-08-20-net15,BTAL75+KMLM25,,2w+1,0.02214231,0.35692520,0.02126215,0.35203756,57363.15414411,34000.00000000,23363.15414411,0.68715159,0.18039539,0.20605672,0.96428346,0.19185164,1.36579333,0.97094253,-0.18579410,160,2023,0.44274544,2022,-0.16534842,638199.33957399,239.40641928,2.76773964,0.00704137,0.46411501,0.16134654,,,0.15421368,0.05264380,,,0.37979413,0.12601745
VT TQQQ/BTAL75+KMLM25 t20 w0-80 QQQ:VOL_EWMA80,fit,fit,2020-12-18,2024-12-31,false,true,"{""*"": 6, ""BTAL"": 6, ""DBMF"": 2.5, ""KMLM"": 6, ""QQQ"": 1, ""SPY"": 0.7, ""TQQQ"": 1.5}",0.03000000,tests/data/2026-08-20-net15,BTAL75+KMLM25,,,0.00127264,0.00317724,0.00070991,0.00156580,54583.27257084,34000.00000000,20583.27257084,0.60539037,0.17348040,0.18578058,0.88922061,0.20416004,1.25341952,0.91005522,-0.19062623,169,2023,0.47539089,2022,-0.14196050,417205.98059929,156.34342253,1.77074804,0.00459834,0.45388872,0.14979190,,,0.15086860,0.04996647,,,0.39391707,0.13807806
VT TQQQ/BTAL75+KMLM25 t20 w0-80 QQQ:VOL_EWMA80 rb 2m,fit,fit,2020-12-18,2024-12-31,false,true,"{""*"": 6, ""BTAL"": 6, ""DBMF"": 2.5, ""KMLM"": 6, ""QQQ"": 1, ""SPY"": 0.7, ""TQQQ"": 1.5}",0.03000000,tests/data/2026-08-20-net15,BTAL75+KMLM25,,2m,0.07908450,0.51034695,0.07790234,0.50725906,56619.05264750,34000.00000000,22619.05264750,0.66526625,0.19434300,0.20071142,0.93246245,0.21645848,1.32519370,0.88230891,-0.22026639,,2023,0.40328646,2022,-0.15131214,188218.50299572,71.51638524,0.77240719,0.00210342,0.44538055,0.14979190,,,0.14807762,0.04996647,,,0.40432153,0.12556395
VT TQQQ/BTAL75+KMLM25 t20 w0-80 QQQ:VOL_EWMA80 rb 2m+1,fit,fit,2020-12-18,2024-12-31,false,true,"{""*"": 6, ""BTAL"": 6, ""DBMF"": 2.5, ""KMLM"": 6, ""QQQ"": 1, ""SPY"": 0.7, ""TQQQ"": 1.5}",0.03000000,tests/data/2026-08-20-net15,BTAL75+KMLM25,,2m+1,0.05414234,0.37048433,0.05339456,0.36864172,57204.20514319,34000.00000000,23204.20514319,0.68247662,0.18314588,0.20491979,0.94564603,0.19974040,1.34612915,1.03353031,-0.17720417,,2023,0.40729807,2022,-0.12052701,257202.85907343,96.43544299,1.10601631,0.00283634,0.45776517,0.13849652,,,0.15261011,0.04839041,,,0.38758166,0.13588709
VT TQQQ/BTAL75+KMLM25 t20 w0-80 QQQ:VOL_EWMA80 rb 3m,fit,fit,2020-12-18,2024-12-31,false,true,"{""*"": 6, ""BTAL"": 6, ""DBMF"": 2.5, ""KMLM"": 6, ""QQQ"": 1, ""SPY"": 0.7, ""TQQQ"": 1.5}",0.03000000,tests/data/2026-08-20-net15,BTAL75+KMLM25,,3m,0.09558130,0.51356202,0.09386138,0.50844987,61735.27892283,34000.00000000,27735.27892283,0.81574350,0.21057145,0.23634343,0.88741468,0.25219169,1.25863161,0.82957638,-0.25383009,160,2023,0.45677586,2022,-0.17550544,119821.68572664,45.72841687,0.50037507,0.00134495,0.40563892,0.14979190,,,0.13580966,0.04996647,,,0.45594809,0.15571934
VT TQQQ/BTAL75+KMLM25 t20 w0-80 QQQ:VOL_EWMA80 rb 3m+1,fit,fit,2020-12-18,2024-12-31,false,true,"{""*"": 6, ""BTAL"": 6, ""DBMF"": 2.5, ""KMLM"": 6, ""QQQ"": 1, ""SPY"": 0.7, ""TQQQ"": 1.5}",0.03000000,tests/data/2026-08-20-net15,BTAL75+KMLM25,,3m+1,0.08764265,0.34214570,0.08668288,0.34214709,51781.16190680,34000.00000000,17781.16190680,0.52297535,0.15524737,0.16444516,0.88910491,0.18154710,1.26959027,0.74082955,-0.20955882,567,2021,0.31589045,2022,-0.17750515,103193.53105105,39.50767676,0.45516844,0.00116199,0.48335879,0.25633322,,,0.16142551,0.08474742,,,0.35230464,0.09209575
VT TQQQ/BTAL75+KMLM25 t20 w0-80 QQQ:VOL_EWMA80 rb 3m+2,fit,fit,2020-12-18,2024-12-31,false,true,"{""*"": 6, ""BTAL"": 6, ""DBMF"": 2.5, ""KMLM"": 6, ""QQQ"": 1, ""SPY"": 0.7, ""TQQQ"": 1.5}",0.03000000,tests/data/2026-08-20-net15,BTAL75+KMLM25,,3m+2,0.08138322,0.43561146,0.08034938,0.43330302,62104.16199418,34000.00000000,28104.16199418,0.82659300,0.21914312,0.23881615,1.07188815,0.20534384,1.55302903,0.90978699,-0.24087300,,2023,0.43747682,2022,-0.13316679,201904.63517451,76.39834011,0.81607040,0.00224701,0.45660689,0.13820425,,,0.15111219,0.04705206,,,0.38945845,0.13590123
VT TQQQ/BTAL75+KMLM25 t20 w0-80 QQQ:VOL_EWMA80 gate QQQ<SMA200 rb 1w,fit,fit,2020-12-18,2024-12-31,false,true,"{""*"": 6, ""BTAL"": 6, ""DBMF"": 2.5, ""KMLM"": 6, ""QQQ"": 1, ""SPY"": 0.7, ""TQQQ"": 1.5}",0.03000000,tests/data/2026-08-20-net15,BTAL75+KMLM25,QQQ<SMA200,1w,0.03861293,0.28434618,0.03802123,0.28434856,56672.38324642,34000.00000000,22672.38324642,0.66683480,0.18744637,0.20109648,1.02096783,0.18594869,1.45759856,1.04966490,-0.17857734,169,2023,0.31175457,2022,-0.05648108,889178.04723248,336.33939606,3.75163348,0.00989234,0.49243849,0.14874365,,,0.16355432,0.04881448,,,0.34245598,0.04136782
VT TQQQ/BTAL75+KMLM25 t20 w0-80 QQQ:VOL_EWMA80 gate QQQ<SMA200 rb 2w,fit,fit,2020-12-18,2024-12-31,false,true,"{""*"": 6, ""BTAL"": 6, ""DBMF"": 2.5, ""KMLM"": 6, ""QQQ"": 1, ""SPY"": 0.7, ""TQQQ"": 1.5}",0.03000000,tests/data/2026-08-20-net15,BTAL75+KMLM25,QQQ<SMA200,2w,0.05157649,0.35482872,0.05101208,0.35483013,57256.38166565,34000.00000000,23256.38166565,0.68401123,0.18426033,0.20529329,0.99269331,0.18910491,1.42967622,1.06661165,-0.17275297,167,2023,0.31911375,2022,-0.06675464,594802.72265435,225.75849666,2.53916562,0.00663996,0.49007988,0.14934047,,,0.16270380,0.04865198,,,0.34557612,0.04403199
VT TQQQ/BTAL75+KMLM25 t20 w0-80 QQQ:VOL_EWMA80 gate QQQ<SMA200 rb 2w+1,fit,fit,2020-12-18,2024-12-31,false,true,"{""*"": 6, ""BTAL"": 6, ""DBMF"": 2.5, ""KMLM"": 6, ""QQQ"": 1, ""SPY"": 0.7, ""TQQQ"": 1.5}",0.03000000,tests/data/2026-08-20-net15,BTAL75+KMLM25,QQQ<SMA200,2w+1,0.05242026,0.35692520,0.05173342,0.35203756,58376.19822883,34000.00000000,24376.19822883,0.71694701,0.19160181,0.21324153,1.01982184,0.19045161,1.44248144,1.03125885,-0.18579410,160,2024,0.32432677,2022,-0.03680538,601683.64950966,227.52326349,2.54922604,0.00669186,0.48945393,0.16134654,,,0.16263467,0.05264380,,,0.34619418,0.04134256
VT TQQQ/BTAL75+KMLM25 t20 w0-80 QQQ:VOL_EWMA80 gate QQQ<SMA200,fit,fit,2020-12-18,2024-12-31,false,true,"{""*"": 6, ""BTAL"": 6, ""DBMF"": 2.5, ""KMLM"": 6, ""QQQ"": 1, ""SPY"": 0.7, ""TQQQ"": 1.5}",0.03000000,tests/data/2026-08-20-net15,BTAL75+KMLM25,QQQ<SMA200,,0.02953590,0.23271777,0.02916750,0.23272372,54223.75668557,34000.00000000,20223.75668557,0.59481637,0.17395975,0.18309543,0.88793662,0.20515272,1.24530655,0.91256986,-0.19062623,169,2023,0.35127130,2022,-0.06171072,399394.44142025,151.22765476,1.69067727,0.00444787,0.47538661,0.14979190,,,0.15803366,0.04996647,,,0.36538681,0.04055417
VT TQQQ/BTAL75+KMLM25 t20 w0-80 QQQ:VOL_EWMA80 gate QQQ<SMA200 rb 2m,fit,fit,2020-12-18,2024-12-31,false,true,"{""*"": 6, ""BTAL"": 6, ""DBMF"": 2.5, ""KMLM"": 6, ""QQQ"": 1, ""SPY"": 0.7, ""TQQQ"": 1.5}",0.03000000,tests/data/2026-08-20-net15,BTAL75+KMLM25,QQQ<SMA200,2m,0.09763186,0.51034695,0.09669652,0.50725906,55450.71740562,34000.00000000,21450.71740562,0.63090345,0.18626689,0.19219873,0.90418843,0.21545289,1.27939993,0.84581977,-0.22022054,,2021,0.34531386,2022,-0.11158185,190446.03273702,73.45248846,0.79398256,0.00216037,0.46592571,0.14979190,,,0.15496470,0.04996647,,,0.37712711,0.05492469
VT TQQQ/BTAL75+KMLM25 t20 w0-80 QQQ:VOL_EWMA80 gate QQQ<SMA200 rb 2m+1,fit,fit,2020-12-18,2024-12-31,false,true,"{""*"": 6, ""BTAL"": 6, ""DBMF"": 2.5, ""KMLM"": 6, ""QQQ"": 1, ""SPY"": 0.7, ""TQQQ"": 1.5}",0.03000000,tests/data/2026-08-20-net15,BTAL75+KMLM25,QQQ<SMA200,2m+1,0.07468809,0.37060153,0.07412265,0.36858451,59228.87414289,34000.00000000,25228.87414289,0.74202571,0.20109195,0.21920868,1.01451320,0.20142868,1.43984657,1.13538359,-0.17711367,,2023,0.35532109,2022,-0.02956944,261700.48914746,99.58030096,1.08543038,0.00292883,0.47544114,0.13822416,,,0.15833983,0.04851314,,,0.36425943,0.04063147
VT TQQQ/BTAL75+KMLM25 t20 w0-80 QQQ:VOL_EWMA80 gate QQQ<SMA200 rb 3m,fit,fit,2020-12-18,2024-12-31,false,true,"{""*"": 6, ""BTAL"": 6, ""DBMF"": 2.5, ""KMLM"": 6, ""QQQ"": 1, ""SPY"": 0.7, ""TQQQ"": 1.5}",0.03000000,tests/data/2026-08-20-net15,BTAL75+KMLM25,QQQ<SMA200,3m,0.11441396,0.51356202,0.11293654,0.50844987,57780.94579045,34000.00000000,23780.94579045,0.69943958,0.18442382,0.20903257,0.80855764,0.24852662,1.13983762,0.72656407,-0.25383009,160,2024,0.39232552,2022,-0.14328410,116929.84443530,45.69672254,0.51247373,0.00134402,0.42898441,0.14979190,,,0.14365658,0.04996647,,,0.42487921,0.06931782
VT TQQQ/BTAL75+KMLM25 t20 w0-80 QQQ:VOL_EWMA80 gate QQQ<SMA200 rb 3m+1,fit,fit,2020-12-18,2024-12-31,false,true,"{""*"": 6, ""BTAL"": 6, ""DBMF"": 2.5, ""KMLM"": 6, ""QQQ"": 1, ""SPY"": 0.7, ""TQQQ"": 1.5}",0.03000000,tests/data/2026-08-20-net15,BTAL75+KMLM25,QQQ<SMA200,3m+1,0.10337094,0.34260977,0.10250749,0.34261114,52629.48020065,34000.00000000,18629.48020065,0.54792589,0.16342629,0.17100477,0.91445581,0.18495177,1.29989812,0.81989568,-0.19932571,534,2021,0.31589045,2022,-0.10629148,107552.64329703,42.23240655,0.46638382,0.00124213,0.49719041,0.25633322,,,0.16602475,0.08474742,,,0.33421884,0.04048124
VT TQQQ/BTAL75+KMLM25 t20 w0-80 QQQ:VOL_EWMA80 gate QQQ<SMA200 rb 3m+2,fit,fit,2020-12-18,2024-12-31,false,true,"{""*"": 6, ""BTAL"": 6, ""DBMF"": 2.5, ""KMLM"": 6, ""QQQ"": 1, ""SPY"": 0.7, ""TQQQ"": 1.5}",0.03000000,tests/data/2026-08-20-net15,BTAL75+KMLM25,QQQ<SMA200,3m+2,0.09996100,0.43597731,0.09904727,0.43383256,63980.35956643,34000.00000000,29980.35956643,0.88177528,0.23317738,0.25120704,1.11846005,0.20747203,1.61605519,0.96811771,-0.24085643,,2023,0.39585023,2022,-0.06528159,207293.62715021,79.48323302,0.81537979,0.00233774,0.47120187,0.13825237,,,0.15599556,0.04675231,,,0.37031251,0.05212389
VT TQQQ/BTAL75+DBMF25 t20 w0-80 QQQ:VOL_EWMA80 rb 1w,fit,fit,2020-12-18,2024-12-31,false,true,"{""*"": 6, ""BTAL"": 6, ""DBMF"": 2.5, ""KMLM"": 6, ""QQQ"": 1, ""SPY"": 0.7, ""TQQQ"": 1.5}",0.03000000,tests/data/2026-08-20-net15,BTAL75+DBMF25,,1w,0.00821944,0.25172905,0.00754293,0.25173048,57144.84611871,34000.00000000,23144.84611871,0.68073077,0.18648420,0.20449453,0.99712969,0.19041956,1.42709345,1.05233577,-0.17720979,162,2023,0.42123452,2022,-0.14587928,971616.88504972,321.22939267,4.12172174,0.00944792,0.46872847,0.14919282,0.15573082,0.04861894,,,,,0.37401844,0.12583212
VT TQQQ/BTAL75+DBMF25 t20 w0-80 QQQ:VOL_EWMA80 rb 2w,fit,fit,2020-12-18,2024-12-31,false,true,"{""*"": 6, ""BTAL"": 6, ""DBMF"": 2.5, ""KMLM"": 6, ""QQQ"": 1, ""SPY"": 0.7, ""TQQQ"": 1.5}",0.03000000,tests/data/2026-08-20-net15,BTAL75+DBMF25,,2w,0.02442249,0.35502322,0.02369311,0.35502468,58749.68093682,34000.00000000,24749.68093682,0.72793179,0.19108362,0.21586411,1.00519936,0.19328448,1.45683531,0.98913072,-0.19318338,553,2023,0.45599540,2022,-0.15218271,635350.76257425,209.96811338,2.68955535,0.00617553,0.46809233,0.14872668,0.15564774,0.04898819,,,,,0.37460629,0.13823604
VT TQQQ/BTAL75+DBMF25 t20 w0-80 QQQ:VOL_EWMA80 rb 2w+1,fit,fit,2020-12-18,2024-12-31,false,true,"{""*"": 6, ""BTAL"": 6, ""DBMF"": 2.5, ""KMLM"": 6, ""QQQ"": 1, ""SPY"": 0.7, ""TQQQ"": 1.5}",0.03000000,tests/data/2026-08-20-net15,BTAL75+DBMF25,,2w+1,0.02209279,0.35874343,0.02129828,0.35400295,57404.79108174,34000.00000000,23404.79108174,0.68837621,0.17866330,0.20635410,0.94294487,0.19534926,1.33451058,0.92972839,-0.19216719,513,2023,0.43166642,2022,-0.17595098,636713.28304252,210.56417856,2.77723168,0.00619306,0.46412510,0.16143742,0.15426605,0.05295622,,,,,0.37991249,0.12602671
VT TQQQ/BTAL75+DBMF25 t20 w0-80 QQQ:VOL_EWMA80,fit,fit,2020-12-18,2024-12-31,false,true,"{""*"": 6, ""BTAL"": 6, ""DBMF"": 2.5, ""KMLM"": 6, ""QQQ"": 1, ""SPY"": 0.7, ""TQQQ"": 1.5}",0.03000000,tests/data/2026-08-20-net15,BTAL75+DBMF25,,,0.00136534,0.00359694,0.00075787,0.00173904,54529.70067203,34000.00000000,20529.70067203,0.60381473,0.17126462,0.18538140,0.86985247,0.20726143,1.22559301,0.89816670,-0.19068245,167,2023,0.46407973,2022,-0.15271034,416479.32003423,137.08495341,1.78036071,0.00403191,0.45388693,0.14872668,0.15090392,0.04898819,,,,,0.39379713,0.13842966
VT TQQQ/BTAL75+DBMF25 t20 w0-80 QQQ:VOL_EWMA80 rb 2m,fit,fit,2020-12-18,2024-12-31,false,true,"{""*"": 6, ""BTAL"": 6, ""DBMF"": 2.5, ""KMLM"": 6, ""QQQ"": 1, ""SPY"": 0.7, ""TQQQ"": 1.5}",0.03000000,tests/data/2026-08-20-net15,BTAL75+DBMF25,,2m,0.07921754,0.51328723,0.07808442,0.50820073,56696.78907240,34000.00000000,22696.78907240,0.66755262,0.19317384,0.20127259,0.91740195,0.21971958,1.30244437,0.84211498,-0.22939128,,2023,0.39592842,2022,-0.16140105,188118.03385903,63.20536020,0.77591451,0.00185898,0.44538387,0.14872668,0.14823913,0.04898819,,,,,0.40437803,0.12674159
VT TQQQ/BTAL75+DBMF25 t20 w0-80 QQQ:VOL_EWMA80 rb 2m+1,fit,fit,2020-12-18,2024-12-31,false,true,"{""*"": 6, ""BTAL"": 6, ""DBMF"": 2.5, ""KMLM"": 6, ""QQQ"": 1, ""SPY"": 0.7, ""TQQQ"": 1.5}",0.03000000,tests/data/2026-08-20-net15,BTAL75+DBMF25,,2m+1,0.05410679,0.36969951,0.05334507,0.36831586,56841.23767006,34000.00000000,22841.23767006,0.67180111,0.17954853,0.20231363,0.92012482,0.20257780,1.31115943,0.99442496,-0.18055513,,2023,0.39438732,2022,-0.13364860,255990.07907829,84.27778544,1.10941618,0.00247876,0.45789221,0.13834871,0.15252534,0.04964325,,,,,0.38748122,0.13455798
VT TQQQ/BTAL75+DBMF25 t20 w0-80 QQQ:VOL_EWMA80 rb 3m,fit,fit,2020-12-18,2024-12-31,false,true,"{""*"": 6, ""BTAL"": 6, ""DBMF"": 2.5, ""KMLM"": 6, ""QQQ"": 1, ""SPY"": 0.7, ""TQQQ"": 1.5}",0.03000000,tests/data/2026-08-20-net15,BTAL75+DBMF25,,3m,0.09552249,0.51783964,0.09373821,0.50983659,61178.58693196,34000.00000000,27178.58693196,0.79937020,0.20563911,0.23258841,0.86339169,0.25540519,1.22453528,0.80566583,-0.25524119,160,2023,0.44534624,2022,-0.18614928,119598.77158505,40.22353719,0.50399582,0.00118305,0.40605162,0.14872668,0.13493340,0.04898819,,,,,0.45631823,0.15631769
VT TQQQ/BTAL75+DBMF25 t20 w0-80 QQQ:VOL_EWMA80 rb 3m+1,fit,fit,2020-12-18,2024-12-31,false,true,"{""*"": 6, ""BTAL"": 6, ""DBMF"": 2.5, ""KMLM"": 6, ""QQQ"": 1, ""SPY"": 0.7, ""TQQQ"": 1.5}",0.03000000,tests/data/2026-08-20-net15,BTAL75+DBMF25,,3m+1,0.08788914,0.34284406,0.08705692,0.34284556,51805.38571173,34000.00000000,17805.38571173,0.52368782,0.15374183,0.16463372,0.87109610,0.18439564,1.24456381,0.72456198,-0.21218589,683,2021,0.32093764,2022,-0.18476482,102982.28835599,34.73452200,0.45644123,0.00102160,0.48341323,0.25654604,0.16194481,0.08317512,,,,,0.35196391,0.09183463
VT TQQQ/BTAL75+DBMF25 t20 w0-80 QQQ:VOL_EWMA80 rb 3m+2,fit,fit,2020-12-18,2024-12-31,false,true,"{""*"": 6, ""BTAL"": 6, ""DBMF"": 2.5, ""KMLM"": 6, ""QQQ"": 1, ""SPY"": 0.7, ""TQQQ"": 1.5}",0.03000000,tests/data/2026-08-20-net15,BTAL75+DBMF25,,3m+2,0.08144310,0.43285683,0.08067375,0.43131585,61946.24271038,34000.00000000,27946.24271038,0.82194832,0.21644993,0.23775908,1.04793370,0.20855564,1.51664943,0.87328432,-0.24785734,,2023,0.42822579,2022,-0.14617410,201639.29237916,67.05253753,0.82091993,0.00197213,0.45630552,0.13837443,0.15183436,0.04965744,,,,,0.38946330,0.13457961
VT TQQQ/BTAL75+DBMF25 t20 w0-80 QQQ:VOL_EWMA80 gate QQQ<SMA200 rb 1w,fit,fit,2020-12-18,2024-12-31,false,true,"{""*"": 6, ""BTAL"": 6, ""DBMF"": 2.5, ""KMLM"": 6, ""QQQ"": 1, ""SPY"": 0.7, ""TQQQ"": 1.5}",0.03000000,tests/data/2026-08-20-net15,BTAL75+DBMF25,QQQ<SMA200,1w,0.03850324,0.28468274,0.03797829,0.28468625,56662.62954445,34000.00000000,22662.62954445,0.66654793,0.18605659,0.20102608,1.00539532,0.18805029,1.43636302,1.04992278,-0.17720979,162,2023,0.30133967,2022,-0.06840976,885916.28444307,293.66856492,3.75572119,0.00863731,0.49243060,0.14919282,0.16364367,0.04861894,,,,,0.34253227,0.04126109
VT TQQQ/BTAL75+DBMF25 t20 w0-80 QQQ:VOL_EWMA80 gate QQQ<SMA200 rb 2w,fit,fit,2020-12-18,2024-12-31,false,true,"{""*"": 6, ""BTAL"": 6, ""DBMF"": 2.5, ""KMLM"": 6, ""QQQ"": 1, ""SPY"": 0.7, ""TQQQ"": 1.5}",0.03000000,tests/data/2026-08-20-net15,BTAL75+DBMF25,QQQ<SMA200,2w,0.05136007,0.35502871,0.05083174,0.35503021,57450.92875753,34000.00000000,23450.92875753,0.68973320,0.18402269,0.20668342,0.98313884,0.19112911,1.41718793,1.06801485,-0.17230349,161,2024,0.31355789,2022,-0.07976115,594295.04993295,197.26052346,2.54748349,0.00580178,0.48983726,0.14872668,0.16283249,0.04898819,,,,,0.34579925,0.04430175
VT TQQQ/BTAL75+DBMF25 t20 w0-80 QQQ:VOL_EWMA80 gate QQQ<SMA200 rb 2w+1,fit,fit,2020-12-18,2024-12-31,false,true,"{""*"": 6, ""BTAL"": 6, ""DBMF"": 2.5, ""KMLM"": 6, ""QQQ"": 1, ""SPY"": 0.7, ""TQQQ"": 1.5}",0.03000000,tests/data/2026-08-20-net15,BTAL75+DBMF25,QQQ<SMA200,2w+1,0.05224762,0.35874343,0.05167980,0.35400295,58374.68234648,34000.00000000,24374.68234648,0.71690242,0.18961200,0.21323086,1.00179717,0.19261661,1.41857734,0.99504735,-0.19055575,160,2024,0.34046446,2022,-0.04944883,600323.91889351,199.17142263,2.55953391,0.00585798,0.48939395,0.16143742,0.16270695,0.05295622,,,,,0.34637765,0.04131506
VT TQQQ/BTAL75+DBMF25 t20 w0-80 QQQ:VOL_EWMA80 gate QQQ<SMA200,fit,fit,2020-12-18,2024-12-31,false,true,"{""*"": 6, ""BTAL"": 6, ""DBMF"": 2.5, ""KMLM"": 6, ""QQQ"": 1, ""SPY"": 0.7, ""TQQQ"": 1.5}",0.03000000,tests/data/2026-08-20-net15,BTAL75+DBMF25,QQQ<SMA200,,0.02966490,0.23271690,0.02919009,0.23272072,54173.70335162,34000.00000000,20173.70335162,0.59334422,0.17174632,0.18272041,0.87226792,0.20713597,1.22446448,0.90069288,-0.19068245,167,2023,0.34071490,2022,-0.07342515,398073.45986378,132.13265634,1.69737536,0.00388625,0.47527594,0.14872668,0.15805029,0.04898819,,,,,0.36532271,0.04055717
VT TQQQ/BTAL75+DBMF25 t20 w0-80 QQQ:VOL_EWMA80 gate QQQ<SMA200 rb 2m,fit,fit,2020-12-18,2024-12-31,false,true,"{""*"": 6, ""BTAL"": 6, ""DBMF"": 2.5, ""KMLM"": 6, ""QQQ"": 1, ""SPY"": 0.7, ""TQQQ"": 1.5}",0.03000000,tests/data/2026-08-20-net15,BTAL75+DBMF25,QQQ<SMA200,2m,0.09776617,0.51328723,0.09683657,0.50820073,55428.51079501,34000.00000000,21428.51079501,0.63025032,0.18432869,0.19203548,0.88960935,0.21768269,1.25978993,0.80402972,-0.22925606,,2021,0.35272226,2022,-0.12358723,190127.71283868,64.26220174,0.79781708,0.00189006,0.46581287,0.14872668,0.15510364,0.04898819,,,,,0.37716877,0.05507836
VT TQQQ/BTAL75+DBMF25 t20 w0-80 QQQ:VOL_EWMA80 gate QQQ<SMA200 rb 2m+1,fit,fit,2020-12-18,2024-12-31,false,true,"{""*"": 6, ""BTAL"": 6, ""DBMF"": 2.5, ""KMLM"": 6, ""QQQ"": 1, ""SPY"": 0.7, ""TQQQ"": 1.5}",0.03000000,tests/data/2026-08-20-net15,BTAL75+DBMF25,QQQ<SMA200,2m+1,0.07472366,0.36991630,0.07414992,0.36888248,58915.55249690,34000.00000000,24915.55249690,0.73281037,0.19799583,0.21702440,0.99417864,0.20332757,1.41346932,1.09617475,-0.18062433,,2023,0.34231942,2022,-0.04187883,260443.59165781,86.97854418,1.08774788,0.00255819,0.47558053,0.13798807,0.15842221,0.04937891,,,,,0.36411511,0.04052335
VT TQQQ/BTAL75+DBMF25 t20 w0-80 QQQ:VOL_EWMA80 gate QQQ<SMA200 rb 3m,fit,fit,2020-12-18,2024-12-31,false,true,"{""*"": 6, ""BTAL"": 6, ""DBMF"": 2.5, ""KMLM"": 6, ""QQQ"": 1, ""SPY"": 0.7, ""TQQQ"": 1.5}",0.03000000,tests/data/2026-08-20-net15,BTAL75+DBMF25,QQQ<SMA200,3m,0.11439414,0.51783964,0.11299695,0.50983659,57079.45798345,34000.00000000,23079.45798345,0.67880759,0.17824320,0.20402565,0.78252123,0.25080743,1.10465594,0.69833243,-0.25524119,160,2024,0.39626575,2022,-0.15454119,115599.13155106,39.58529042,0.51242629,0.00116427,0.42946087,0.14872668,0.14285013,0.04898819,,,,,0.42518841,0.06915021
VT TQQQ/BTAL75+DBMF25 t20 w0-80 QQQ:VOL_EWMA80 gate QQQ<SMA200 rb 3m+1,fit,fit,2020-12-18,2024-12-31,false,true,"{""*"": 6, ""BTAL"": 6, ""DBMF"": 2.5, ""KMLM"": 6, ""QQQ"": 1, ""SPY"": 0.7, ""TQQQ"": 1.5}",0.03000000,tests/data/2026-08-20-net15,BTAL75+DBMF25,QQQ<SMA200,3m+1,0.10369121,0.34274051,0.10299833,0.34274198,52680.86230746,34000.00000000,18680.86230746,0.54943713,0.16209741,0.17139922,0.90048139,0.18696144,1.28282647,0.80313003,-0.20183209,564,2021,0.32093764,2022,-0.11415022,107363.73958492,37.31051514,0.46773730,0.00109737,0.49734955,0.25654604,0.16640005,0.08317512,,,,,0.33393443,0.04037680
VT TQQQ/BTAL75+DBMF25 t20 w0-80 QQQ:VOL_EWMA80 gate QQQ<SMA200 rb 3m+2,fit,fit,2020-12-18,2024-12-31,false,true,"{""*"": 6, ""BTAL"": 6, ""DBMF"": 2.5, ""KMLM"": 6, ""QQQ"": 1, ""SPY"": 0.7, ""TQQQ"": 1.5}",0.03000000,tests/data/2026-08-20-net15,BTAL75+DBMF25,QQQ<SMA200,3m+2,0.09961647,0.43302143,0.09885523,0.43143341,63742.43576974,34000.00000000,29742.43576974,0.87477752,0.22995676,0.24965258,1.09605019,0.20975339,1.58468212,0.92766540,-0.24788761,,2023,0.38679803,2022,-0.08066468,206458.62153976,69.54125750,0.81888689,0.00204533,0.47041087,0.13825787,0.15660337,0.04975657,,,,,0.37086655,0.05299276
VT TQQQ/BTAL50+KMLM50 t20 w0-80 QQQ:VOL_EWMA80 rb 1w,fit,fit,2020-12-18,2024-12-31,false,true,"{""*"": 6, ""BTAL"": 6, ""DBMF"": 2.5, ""KMLM"": 6, ""QQQ"": 1, ""SPY"": 0.7, ""TQQQ"": 1.5}",0.03000000,tests/data/2026-08-20-net15,BTAL50+KMLM50,,1w,0.00815645,0.25160752,0.00752199,0.25160891,57400.43731307,34000.00000000,23400.43731307,0.68824816,0.19581987,0.20632301,1.01647938,0.19551071,1.45030878,1.11517706,-0.17559532,544,2023,0.45095056,2022,-0.12513413,995344.88442623,374.13042408,4.12737856,0.01100384,0.31240469,0.09913331,,,0.31210156,0.09891049,,,0.37402019,0.12578031
VT TQQQ/BTAL50+KMLM50 t20 w0-80 QQQ:VOL_EWMA80 rb 2w,fit,fit,2020-12-18,2024-12-31,false,true,"{""*"": 6, ""BTAL"": 6, ""DBMF"": 2.5, ""KMLM"": 6, ""QQQ"": 1, ""SPY"": 0.7, ""TQQQ"": 1.5}",0.03000000,tests/data/2026-08-20-net15,BTAL50+KMLM50,,2w,0.02446152,0.35571025,0.02376889,0.35571168,58615.41668862,34000.00000000,24615.41668862,0.72398284,0.19891141,0.21492292,1.01601202,0.19876716,1.46486348,1.05511270,-0.18852148,545,2023,0.48505265,2022,-0.13034511,648618.65116006,244.34422944,2.68445508,0.00718659,0.31207900,0.09957163,,,0.31164909,0.09917898,,,0.37456447,0.13789435
VT TQQQ/BTAL50+KMLM50 t20 w0-80 QQQ:VOL_EWMA80 rb 2w+1,fit,fit,2020-12-18,2024-12-31,false,true,"{""*"": 6, ""BTAL"": 6, ""DBMF"": 2.5, ""KMLM"": 6, ""QQQ"": 1, ""SPY"": 0.7, ""TQQQ"": 1.5}",0.03000000,tests/data/2026-08-20-net15,BTAL50+KMLM50,,2w+1,0.02199498,0.35414668,0.02114291,0.34915259,57386.95596891,34000.00000000,23386.95596891,0.68785165,0.18730317,0.20622674,0.96257240,0.19993133,1.35974724,0.99014035,-0.18916830,552,2023,0.46121516,2022,-0.15672591,646588.31415256,242.54485303,2.75825223,0.00713367,0.30929195,0.10734185,,,0.30912441,0.10718773,,,0.37974945,0.12591880
VT TQQQ/BTAL50+KMLM50 t20 w0-80 QQQ:VOL_EWMA80,fit,fit,2020-12-18,2024-12-31,false,true,"{""*"": 6, ""BTAL"": 6, ""DBMF"": 2.5, ""KMLM"": 6, ""QQQ"": 1, ""SPY"": 0.7, ""TQQQ"": 1.5}",0.03000000,tests/data/2026-08-20-net15,BTAL50+KMLM50,,,0.00143373,0.00374295,0.00078363,0.00173516,55380.50960290,34000.00000000,21380.50960290,0.62883852,0.18745425,0.19168242,0.92091864,0.21177511,1.29516400,1.11795317,-0.16767630,543,2023,0.49705097,2022,-0.13039694,429317.19013139,160.89986009,1.76998725,0.00473235,0.30247364,0.09988652,,,0.30227532,0.09942933,,,0.39376416,0.13875850
VT TQQQ/BTAL50+KMLM50 t20 w0-80 QQQ:VOL_EWMA80 rb 2m,fit,fit,2020-12-18,2024-12-31,false,true,"{""*"": 6, ""BTAL"": 6, ""DBMF"": 2.5, ""KMLM"": 6, ""QQQ"": 1, ""SPY"": 0.7, ""TQQQ"": 1.5}",0.03000000,tests/data/2026-08-20-net15,BTAL50+KMLM50,,2m,0.07917938,0.51122532,0.07809636,0.50770499,57029.84342840,34000.00000000,23029.84342840,0.67734834,0.20224401,0.20366958,0.93584660,0.22470424,1.32744043,0.88233918,-0.22921346,,2023,0.42476191,2022,-0.14392613,190317.74945310,72.32009049,0.76751448,0.00212706,0.29668131,0.09988652,,,0.29689416,0.09942933,,,0.40441262,0.12584925
VT TQQQ/BTAL50+KMLM50 t20 w0-80 QQQ:VOL_EWMA80 rb 2m+1,fit,fit,2020-12-18,2024-12-31,false,true,"{""*"": 6, ""BTAL"": 6, ""DBMF"": 2.5, ""KMLM"": 6, ""QQQ"": 1, ""SPY"": 0.7, ""TQQQ"": 1.5}",0.03000000,tests/data/2026-08-20-net15,BTAL50+KMLM50,,2m+1,0.05433958,0.37076198,0.05364670,0.36951254,58620.65962113,34000.00000000,24620.65962113,0.72413705,0.20045890,0.21495971,0.98980162,0.20709720,1.40152390,1.12310311,-0.17848664,,2023,0.42981737,2022,-0.10534396,266165.58900267,99.94227441,1.10805170,0.00293948,0.30491476,0.09219043,,,0.30570722,0.09695371,,,0.38749652,0.13874875
VT TQQQ/BTAL50+KMLM50 t20 w0-80 QQQ:VOL_EWMA80 rb 3m,fit,fit,2020-12-18,2024-12-31,false,true,"{""*"": 6, ""BTAL"": 6, ""DBMF"": 2.5, ""KMLM"": 6, ""QQQ"": 1, ""SPY"": 0.7, ""TQQQ"": 1.5}",0.03000000,tests/data/2026-08-20-net15,BTAL50+KMLM50,,3m,0.09605380,0.51122532,0.09444615,0.50770499,62475.46160844,34000.00000000,28475.46160844,0.83751358,0.21957098,0.24129276,0.89806006,0.25961461,1.27155055,0.88713966,-0.24750441,150,2023,0.48248604,2022,-0.16722695,121102.62353893,46.34477286,0.49728290,0.00136308,0.26987235,0.09988652,,,0.27190012,0.09942933,,,0.45582956,0.15574704
VT TQQQ/BTAL50+KMLM50 t20 w0-80 QQQ:VOL_EWMA80 rb 3m+1,fit,fit,2020-12-18,2024-12-31,false,true,"{""*"": 6, ""BTAL"": 6, ""DBMF"": 2.5, ""KMLM"": 6, ""QQQ"": 1, ""SPY"": 0.7, ""TQQQ"": 1.5}",0.03000000,tests/data/2026-08-20-net15,BTAL50+KMLM50,,3m+1,0.08780905,0.34171509,0.08690833,0.34171653,52377.86458988,34000.00000000,18377.86458988,0.54052543,0.16827234,0.16906850,0.91961947,0.18935230,1.30634560,0.78877979,-0.21333247,573,2021,0.35515157,2022,-0.16500171,105935.74905768,40.80061216,0.45392336,0.00120002,0.32167639,0.17025220,,,0.32365511,0.17041518,,,0.35219753,0.09389702
VT TQQQ/BTAL50+KMLM50 t20 w0-80 QQQ:VOL_EWMA80 rb 3m+2,fit,fit,2020-12-18,2024-12-31,false,true,"{""*"": 6, ""BTAL"": 6, ""DBMF"": 2.5, ""KMLM"": 6, ""QQQ"": 1, ""SPY"": 0.7, ""TQQQ"": 1.5}",0.03000000,tests/data/2026-08-20-net15,BTAL50+KMLM50,,3m+2,0.08139486,0.43650210,0.08050810,0.43467541,62848.82310320,34000.00000000,28848.82310320,0.84849480,0.23047069,0.24377082,1.08404784,0.21312077,1.56287678,0.92314661,-0.24965773,,2023,0.45708143,2022,-0.12203579,205149.43781756,77.58834257,0.81047180,0.00228201,0.30451347,0.09218344,,,0.30349279,0.09467239,,,0.38957038,0.13862847
VT TQQQ/BTAL50+KMLM50 t20 w0-80 QQQ:VOL_EWMA80 gate QQQ<SMA200 rb 1w,fit,fit,2020-12-18,2024-12-31,false,true,"{""*"": 6, ""BTAL"": 6, ""DBMF"": 2.5, ""KMLM"": 6, ""QQQ"": 1, ""SPY"": 0.7, ""TQQQ"": 1.5}",0.03000000,tests/data/2026-08-20-net15,BTAL50+KMLM50,QQQ<SMA200,1w,0.03903919,0.28426082,0.03849777,0.28426407,57101.95585277,34000.00000000,23101.95585277,0.67946929,0.19686806,0.20418703,1.03311255,0.19269050,1.46442814,1.24147701,-0.15857568,140,2023,0.33029691,2022,-0.04249594,911562.26335315,345.56829262,3.76476254,0.01016377,0.32841618,0.09913331,,,0.32813074,0.09891049,,,0.34202115,0.04139239
VT TQQQ/BTAL50+KMLM50 t20 w0-80 QQQ:VOL_EWMA80 gate QQQ<SMA200 rb 2w,fit,fit,2020-12-18,2024-12-31,false,true,"{""*"": 6, ""BTAL"": 6, ""DBMF"": 2.5, ""KMLM"": 6, ""QQQ"": 1, ""SPY"": 0.7, ""TQQQ"": 1.5}",0.03000000,tests/data/2026-08-20-net15,BTAL50+KMLM50,QQQ<SMA200,2w,0.05202495,0.35547427,0.05148086,0.35547573,57458.08660696,34000.00000000,23458.08660696,0.68994372,0.19307642,0.20673449,1.00315322,0.19586572,1.43326295,1.22109672,-0.15811722,552,2023,0.33771019,2022,-0.05341678,609205.37872488,231.81197300,2.54566188,0.00681800,0.32682016,0.09957163,,,0.32638924,0.09917898,,,0.34515584,0.04434085
VT TQQQ/BTAL50+KMLM50 t20 w0-80 QQQ:VOL_EWMA80 gate QQQ<SMA200 rb 2w+1,fit,fit,2020-12-18,2024-12-31,false,true,"{""*"": 6, ""BTAL"": 6, ""DBMF"": 2.5, ""KMLM"": 6, ""QQQ"": 1, ""SPY"": 0.7, ""TQQQ"": 1.5}",0.03000000,tests/data/2026-08-20-net15,BTAL50+KMLM50,QQQ<SMA200,2w+1,0.05274551,0.35414668,0.05210519,0.34915259,58649.50374637,34000.00000000,24649.50374637,0.72498540,0.20043125,0.21516204,1.03170856,0.19660606,1.45121701,1.15739753,-0.17317408,150,2023,0.31976280,2022,-0.02379856,613129.96087031,232.23751516,2.54434026,0.00683052,0.32638822,0.10734185,,,0.32621530,0.10718773,,,0.34573512,0.04139083
VT TQQQ/BTAL50+KMLM50 t20 w0-80 QQQ:VOL_EWMA80 gate QQQ<SMA200,fit,fit,2020-12-18,2024-12-31,false,true,"{""*"": 6, ""BTAL"": 6, ""DBMF"": 2.5, ""KMLM"": 6, ""QQQ"": 1, ""SPY"": 0.7, ""TQQQ"": 1.5}",0.03000000,tests/data/2026-08-20-net15,BTAL50+KMLM50,QQQ<SMA200,,0.03026359,0.23306855,0.02978006,0.23307415,55198.38829729,34000.00000000,21198.38829729,0.62348201,0.18941448,0.19034051,0.93020451,0.21135449,1.29913187,1.14933002,-0.16480425,,2023,0.37454047,2022,-0.04669946,412218.49716053,156.25714349,1.68919274,0.00459580,0.31710843,0.09988652,,,0.31691690,0.09942933,,,0.36467502,0.04020374
VT TQQQ/BTAL50+KMLM50 t20 w0-80 QQQ:VOL_EWMA80 gate QQQ<SMA200 rb 2m,fit,fit,2020-12-18,2024-12-31,false,true,"{""*"": 6, ""BTAL"": 6, ""DBMF"": 2.5, ""KMLM"": 6, ""QQQ"": 1, ""SPY"": 0.7, ""TQQQ"": 1.5}",0.03000000,tests/data/2026-08-20-net15,BTAL50+KMLM50,QQQ<SMA200,2m,0.09795700,0.51122532,0.09707583,0.50770499,56087.58994423,34000.00000000,22087.58994423,0.64963500,0.19598420,0.19685752,0.91959327,0.22242455,1.29664514,0.85512990,-0.22918647,,2021,0.35993371,2022,-0.10174645,194244.94703855,75.18012803,0.79285955,0.00221118,0.31044321,0.09988652,,,0.31073330,0.09942933,,,0.37701750,0.05556691
VT TQQQ/BTAL50+KMLM50 t20 w0-80 QQQ:VOL_EWMA80 gate QQQ<SMA200 rb 2m+1,fit,fit,2020-12-18,2024-12-31,false,true,"{""*"": 6, ""BTAL"": 6, ""DBMF"": 2.5, ""KMLM"": 6, ""QQQ"": 1, ""SPY"": 0.7, ""TQQQ"": 1.5}",0.03000000,tests/data/2026-08-20-net15,BTAL50+KMLM50,QQQ<SMA200,2m+1,0.07537223,0.37109956,0.07481244,0.36986054,60645.85190264,34000.00000000,26645.85190264,0.78370153,0.21816934,0.22896826,1.05952577,0.20742578,1.49468598,1.22206336,-0.17852540,,2023,0.37772463,2022,-0.01506522,270616.23828528,103.23243923,1.08687926,0.00303625,0.31689315,0.09213632,,,0.31770631,0.09717701,,,0.36364683,0.04040058
VT TQQQ/BTAL50+KMLM50 t20 w0-80 QQQ:VOL_EWMA80 gate QQQ<SMA200 rb 3m,fit,fit,2020-12-18,2024-12-31,false,true,"{""*"": 6, ""BTAL"": 6, ""DBMF"": 2.5, ""KMLM"": 6, ""QQQ"": 1, ""SPY"": 0.7, ""TQQQ"": 1.5}",0.03000000,tests/data/2026-08-20-net15,BTAL50+KMLM50,QQQ<SMA200,3m,0.11451182,0.51122532,0.11313026,0.50770499,58411.19060084,34000.00000000,24411.19060084,0.71797619,0.19302222,0.21348784,0.82336451,0.25482088,1.15731910,0.77987385,-0.24750441,150,2024,0.38130164,2022,-0.13650862,118760.74121922,46.70479957,0.51199273,0.00137367,0.28515463,0.09988652,,,0.28736186,0.09942933,,,0.42500955,0.07110151
VT TQQQ/BTAL50+KMLM50 t20 w0-80 QQQ:VOL_EWMA80 gate QQQ<SMA200 rb 3m+1,fit,fit,2020-12-18,2024-12-31,false,true,"{""*"": 6, ""BTAL"": 6, ""DBMF"": 2.5, ""KMLM"": 6, ""QQQ"": 1, ""SPY"": 0.7, ""TQQQ"": 1.5}",0.03000000,tests/data/2026-08-20-net15,BTAL50+KMLM50,QQQ<SMA200,3m+1,0.10384743,0.34181982,0.10303589,0.34182124,53184.06478591,34000.00000000,19184.06478591,0.56423720,0.17602935,0.17524514,0.94507030,0.19178428,1.33491488,0.82514092,-0.21333247,570,2021,0.35515157,2022,-0.09462867,109831.51273273,43.28327814,0.46300015,0.00127304,0.33117616,0.17025220,,,0.33284500,0.17041518,,,0.33371345,0.04020306
VT TQQQ/BTAL50+KMLM50 t20 w0-80 QQQ:VOL_EWMA80 gate QQQ<SMA200 rb 3m+2,fit,fit,2020-12-18,2024-12-31,false,true,"{""*"": 6, ""BTAL"": 6, ""DBMF"": 2.5, ""KMLM"": 6, ""QQQ"": 1, ""SPY"": 0.7, ""TQQQ"": 1.5}",0.03000000,tests/data/2026-08-20-net15,BTAL50+KMLM50,QQQ<SMA200,3m+2,0.10053241,0.43693902,0.09961868,0.43467164,64695.53938138,34000.00000000,30695.53938138,0.90280998,0.24419682,0.25585094,1.13185341,0.21416974,1.62513804,0.97789071,-0.24971790,,2023,0.41678422,2022,-0.05566501,210853.62981279,80.99541032,0.81103082,0.00238222,0.31433958,0.09183910,,,0.31313159,0.09466354,,,0.37010210,0.05269310
TQQQ50/BTAL50 rb 1w,fit,fit,2020-12-18,2024-12-31,true,true,"{""*"": 6, ""BTAL"": 6, ""DBMF"": 2.5, ""KMLM"": 6, ""QQQ"": 1, ""SPY"": 0.7, ""TQQQ"": 1.5}",0.03000000,tests/data/2026-08-20-net15,,,,0.00232972,0.05047223,0.00208041,0.05047763,57253.18502018,34000.00000000,23253.18502018,0.68391721,0.16423152,0.20527041,0.67380139,0.28849565,0.95661791,0.36283086,-0.45263934,753,2023,0.67002942,2022,-0.42717390,248439.51612650,93.20547039,1.13548019,0.00274134,0.49963282,0.46363323,,,,,,,0.49929929,0.44952237
50/50,fit,fit,2020-12-18,2024-12-31,true,true,"{""*"": 6, ""BTAL"": 6, ""DBMF"": 2.5, ""KMLM"": 6, ""QQQ"": 1, ""SPY"": 0.7, ""TQQQ"": 1.5}",0.03000000,tests/data/2026-08-20-net15,,,,0.00103485,0.00318041,0.00074167,0.00175609,56027.89540822,34000.00000000,22027.89540822,0.64787928,0.15656642,0.19642274,0.66051083,0.28104654,0.93553644,0.34991298,-0.44744386,752,2023,0.69929069,2022,-0.42506651,109509.30779703,41.62555666,0.50230274,0.00122428,0.49951089,0.49856868,,,,,,,0.49943501,0.49824391
TQQQ50/BTAL50 rb 3m,fit,fit,2020-12-18,2024-12-31,true,true,"{""*"": 6, ""BTAL"": 6, ""DBMF"": 2.5, ""KMLM"": 6, ""QQQ"": 1, ""SPY"": 0.7, ""TQQQ"": 1.5}",0.03000000,tests/data/2026-08-20-net15,,,,0.03187628,0.15335385,0.03179542,0.15335885,56487.15513490,34000.00000000,22487.15513490,0.66138692,0.16332975,0.19975780,0.68439442,0.27885969,0.97577517,0.37388658,-0.43684304,722,2023,0.73238306,2022,-0.41265415,76049.93472467,28.88906496,0.34269309,0.00084968,0.49483021,0.39814364,,,,,,,0.50329032,0.34664115
TQQQ50/BTAL50 gate QQQ<SMA200 rb 1w,fit,fit,2020-12-18,2024-12-31,true,true,"{""*"": 6, ""BTAL"": 6, ""DBMF"": 2.5, ""KMLM"": 6, ""QQQ"": 1, ""SPY"": 0.7, ""TQQQ"": 1.5}",0.03000000,tests/data/2026-08-20-net15,,,,0.06623502,0.38125297,0.06606437,0.38126011,58735.98915116,34000.00000000,24735.98915116,0.72752909,0.18182303,0.21576822,0.84813958,0.22864306,1.21910853,0.53070759,-0.34260492,715,2023,0.44146728,2022,-0.29481269,206700.73594752,79.12863168,0.91496576,0.00232731,0.56429466,0.46380573,,,,,,,0.43484060,0.11873989
TQQQ50/BTAL50 gate QQQ<SMA200,fit,fit,2020-12-18,2024-12-31,true,true,"{""*"": 6, ""BTAL"": 6, ""DBMF"": 2.5, ""KMLM"": 6, ""QQQ"": 1, ""SPY"": 0.7, ""TQQQ"": 1.5}",0.03000000,tests/data/2026-08-20-net15,,,,0.06878676,0.39663067,0.06855602,0.39663758,59190.12084596,34000.00000000,25190.12084596,0.74088591,0.18800160,0.21893904,0.88295604,0.22449511,1.27068635,0.60661015,-0.30992162,683,2023,0.46780948,2022,-0.25830154,104436.39141814,41.31127599,0.45179219,0.00121504,0.56750307,0.49856868,,,,,,,0.43153983,0.10336242
TQQQ50/BTAL50 gate QQQ<SMA200 rb 3m,fit,fit,2020-12-18,2024-12-31,true,true,"{""*"": 6, ""BTAL"": 6, ""DBMF"": 2.5, ""KMLM"": 6, ""QQQ"": 1, ""SPY"": 0.7, ""TQQQ"": 1.5}",0.03000000,tests/data/2026-08-20-net15,,,,0.09635341,0.39642646,0.09628530,0.39643365,55572.80590432,34000.00000000,21572.80590432,0.63449429,0.16469369,0.19309529,0.80007120,0.22227069,1.13881435,0.53899417,-0.30555746,716,2023,0.37961471,2022,-0.25899500,72374.84641907,29.10739971,0.32559540,0.00085610,0.57489789,0.43557937,,,,,,,0.42341057,0.10356635
SPY benchmark,fit,fit,2020-12-18,2024-12-31,true,true,"{""*"": 6, ""BTAL"": 6, ""DBMF"": 2.5, ""KMLM"": 6, ""QQQ"": 1, ""SPY"": 0.7, ""TQQQ"": 1.5}",0.03000000,tests/data/2026-08-20-net15,,,,0.00885396,0.02938556,0.00885542,0.02941953,49363.59276674,34000.00000000,15363.59276674,0.45187038,0.13405134,0.14524092,0.85649732,0.16299656,1.22777682,0.54819872,-0.24453056,709,2021,0.28166993,2022,-0.18247338,33760.58665248,2.36324107,0.15811837,0.00006951,,,,,,,0.99114458,0.97058047,,
VT TQQQ/BTAL75+KMLM25 t20 w0-80 QQQ:VOL_EWMA80 rb 1w,test,test,2025-01-02,2026-08-20,false,true,"{""*"": 6, ""BTAL"": 6, ""DBMF"": 2.5, ""KMLM"": 6, ""QQQ"": 1, ""SPY"": 0.7, ""TQQQ"": 1.5}",0.03000000,tests/data/2026-08-20-net15,BTAL75+KMLM25,,1w,0.00719888,0.08602068,0.00583937,0.08602548,20045.84816751,19500.00000000,545.84816751,0.02799221,0.02332170,0.02266755,0.22415606,0.16445140,0.28649239,0.11386458,-0.20481966,,2025,0.02924751,2026,0.00876554,210639.95370016,80.43123710,4.30372230,0.00412468,0.45092548,0.14912952,,,0.14950069,0.04585045,,,0.39601456,0.08231680
VT TQQQ/BTAL75+KMLM25 t20 w0-80 QQQ:VOL_EWMA80 rb 2w,test,test,2025-01-02,2026-08-20,false,true,"{""*"": 6, ""BTAL"": 6, ""DBMF"": 2.5, ""KMLM"": 6, ""QQQ"": 1, ""SPY"": 0.7, ""TQQQ"": 1.5}",0.03000000,tests/data/2026-08-20-net15,BTAL75+KMLM25,,2w,0.01752962,0.12767434,0.01610501,0.12521903,20985.03387019,19500.00000000,1485.03387019,0.07615558,0.04933143,0.06114780,0.37084641,0.16986038,0.48902433,0.29614229,-0.16658016,,2025,0.04483609,2026,0.03518754,135625.68243350,51.52197551,2.76947272,0.00264215,0.44953709,0.14937137,,,0.14894840,0.04646044,,,0.39775284,0.11099103
VT TQQQ/BTAL75+KMLM25 t20 w0-80 QQQ:VOL_EWMA80 rb 2w+1,test,test,2025-01-02,2026-08-20,false,true,"{""*"": 6, ""BTAL"": 6, ""DBMF"": 2.5, ""KMLM"": 6, ""QQQ"": 1, ""SPY"": 0.7, ""TQQQ"": 1.5}",0.03000000,tests/data/2026-08-20-net15,BTAL75+KMLM25,,2w+1,0.01419518,0.23849952,0.01261877,0.23850439,19503.33318903,19500.00000000,3.33318903,0.00017093,0.00032158,0.00013912,0.08802200,0.17053796,0.11218032,0.00148346,-0.21677621,,2025,0.01054943,2026,-0.00992086,157286.99389930,60.04724395,3.27408580,0.00307935,0.45016788,0.14484194,,,0.14949389,0.04648182,,,0.39639004,0.08331061
VT TQQQ/BTAL75+KMLM25 t20 w0-80 QQQ:VOL_EWMA80,test,test,2025-01-02,2026-08-20,false,true,"{""*"": 6, ""BTAL"": 6, ""DBMF"": 2.5, ""KMLM"": 6, ""QQQ"": 1, ""SPY"": 0.7, ""TQQQ"": 1.5}",0.03000000,tests/data/2026-08-20-net15,BTAL75+KMLM25,,,0.00280030,0.00507072,0.00168168,0.00277100,23230.38133157,19500.00000000,3730.38133157,0.19130161,0.14295626,0.15067368,0.78481979,0.19590574,1.08107755,0.88331585,-0.16184047,215,2025,0.17497477,2026,0.05804204,99639.42776931,38.27279914,1.89850617,0.00196271,0.43828791,0.14913463,,,0.14533151,0.04871862,,,0.41351915,0.21217815
VT TQQQ/BTAL75+KMLM25 t20 w0-80 QQQ:VOL_EWMA80 rb 2m,test,test,2025-01-02,2026-08-20,false,true,"{""*"": 6, ""BTAL"": 6, ""DBMF"": 2.5, ""KMLM"": 6, ""QQQ"": 1, ""SPY"": 0.7, ""TQQQ"": 1.5}",0.03000000,tests/data/2026-08-20-net15,BTAL75+KMLM25,,2m,0.05887287,0.23802887,0.05670420,0.23803180,23247.73134259,19500.00000000,3747.73134259,0.19219135,0.13140612,0.15135275,0.80179731,0.17387723,1.09807897,0.79788958,-0.16469211,189,2026,0.12928562,2025,0.08278421,58361.33667384,23.07135190,1.14423737,0.00118315,0.45038785,0.30629362,,,0.14961704,0.10166708,,,0.39517464,0.17063207
VT TQQQ/BTAL75+KMLM25 t20 w0-80 QQQ:VOL_EWMA80 rb 2m+1,test,test,2025-01-02,2026-08-20,false,true,"{""*"": 6, ""BTAL"": 6, ""DBMF"": 2.5, ""KMLM"": 6, ""QQQ"": 1, ""SPY"": 0.7, ""TQQQ"": 1.5}",0.03000000,tests/data/2026-08-20-net15,BTAL75+KMLM25,,2m+1,0.07767166,0.42240753,0.07488457,0.41661847,20806.03852869,19500.00000000,1306.03852869,0.06697633,0.06467293,0.05386345,0.39522136,0.22236604,0.53792574,0.31703197,-0.20399497,,2025,0.17836704,2026,-0.06015724,64514.41463466,24.97800872,1.25167208,0.00128092,0.41160251,0.13425592,,,0.13817385,0.04655026,,,0.44573689,0.21249764
VT TQQQ/BTAL75+KMLM25 t20 w0-80 QQQ:VOL_EWMA80 rb 3m,test,test,2025-01-02,2026-08-20,false,true,"{""*"": 6, ""BTAL"": 6, ""DBMF"": 2.5, ""KMLM"": 6, ""QQQ"": 1, ""SPY"": 0.7, ""TQQQ"": 1.5}",0.03000000,tests/data/2026-08-20-net15,BTAL75+KMLM25,,3m,0.09966506,0.47084893,0.09594927,0.46025392,20550.86424667,19500.00000000,1050.86424667,0.05389047,0.04147803,0.04343913,0.29464995,0.22544296,0.39280092,0.17453163,-0.23765339,,2025,0.09041437,2026,-0.02014719,49513.83557242,19.64785873,1.00396929,0.00100758,0.40399753,0.13487807,,,0.13673702,0.04640139,,,0.45282322,0.17087768
VT TQQQ/BTAL75+KMLM25 t20 w0-80 QQQ:VOL_EWMA80 rb 3m+1,test,test,2025-01-02,2026-08-20,false,true,"{""*"": 6, ""BTAL"": 6, ""DBMF"": 2.5, ""KMLM"": 6, ""QQQ"": 1, ""SPY"": 0.7, ""TQQQ"": 1.5}",0.03000000,tests/data/2026-08-20-net15,BTAL75+KMLM25,,3m+1,0.07902638,0.27742176,0.07526333,0.27037739,23063.30357955,19500.00000000,3563.30357955,0.18273352,0.13259653,0.14412471,0.70904821,0.20709039,0.98812440,0.74693506,-0.17752083,188,2025,0.14485726,2026,0.06988808,60582.04742549,23.85696243,1.15800328,0.00122343,0.42223129,0.13413695,,,0.14064109,0.04412395,,,0.43083130,0.21490076
VT TQQQ/BTAL75+KMLM25 t20 w0-80 QQQ:VOL_EWMA80 rb 3m+2,test,test,2025-01-02,2026-08-20,false,true,"{""*"": 6, ""BTAL"": 6, ""DBMF"": 2.5, ""KMLM"": 6, ""QQQ"": 1, ""SPY"": 0.7, ""TQQQ"": 1.5}",0.03000000,tests/data/2026-08-20-net15,BTAL75+KMLM25,,3m+2,0.09802818,0.29254716,0.09481553,0.29255073,23124.85357721,19500.00000000,3624.85357721,0.18588993,0.13247625,0.14653931,0.81222524,0.17249012,1.13500621,0.80543038,-0.16447883,188,2026,0.12158270,2025,0.09190096,39438.49912706,15.72079571,0.76395145,0.00080619,0.44351876,0.28775083,,,0.14947569,0.10330452,,,0.40050740,0.20522981
VT TQQQ/BTAL75+KMLM25 t20 w0-80 QQQ:VOL_EWMA80 gate QQQ<SMA200 rb 1w,test,test,2025-01-02,2026-08-20,false,true,"{""*"": 6, ""BTAL"": 6, ""DBMF"": 2.5, ""KMLM"": 6, ""QQQ"": 1, ""SPY"": 0.7, ""TQQQ"": 1.5}",0.03000000,tests/data/2026-08-20-net15,BTAL75+KMLM25,QQQ<SMA200,1w,0.01525349,0.26630261,0.01400508,0.26630261,19426.80039001,19500.00000000,-73.19960999,-0.00375383,-0.00743729,-0.00305732,0.03517492,0.16160768,0.04474304,-0.03632125,-0.20476413,,2026,0.00908395,2025,-0.02098050,196296.86189687,75.21218374,4.14111281,0.00385704,0.45731157,0.14878061,,,0.15161854,0.04613937,,,0.38765935,0.07754036
VT TQQQ/BTAL75+KMLM25 t20 w0-80 QQQ:VOL_EWMA80 gate QQQ<SMA200 rb 2w,test,test,2025-01-02,2026-08-20,false,true,"{""*"": 6, ""BTAL"": 6, ""DBMF"": 2.5, ""KMLM"": 6, ""QQQ"": 1, ""SPY"": 0.7, ""TQQQ"": 1.5}",0.03000000,tests/data/2026-08-20-net15,BTAL75+KMLM25,QQQ<SMA200,2w,0.02084929,0.12438212,0.01957919,0.12438500,21061.05983638,19500.00000000,1561.05983638,0.08005435,0.05374548,0.06423485,0.39928837,0.16717112,0.53182831,0.32269451,-0.16655218,237,2025,0.05096721,2026,0.03621007,134132.36207742,51.19437884,2.72743111,0.00262535,0.45276596,0.14881503,,,0.15003110,0.04628739,,,0.39381219,0.10995019
VT TQQQ/BTAL75+KMLM25 t20 w0-80 QQQ:VOL_EWMA80 gate QQQ<SMA200 rb 2w+1,test,test,2025-01-02,2026-08-20,false,true,"{""*"": 6, ""BTAL"": 6, ""DBMF"": 2.5, ""KMLM"": 6, ""QQQ"": 1, ""SPY"": 0.7, ""TQQQ"": 1.5}",0.03000000,tests/data/2026-08-20-net15,BTAL75+KMLM25,QQQ<SMA200,2w+1,0.02265780,0.26608752,0.02128538,0.26609031,19106.28539414,19500.00000000,-393.71460586,-0.02019049,-0.01965178,-0.01649411,-0.03665257,0.16579435,-0.04609650,-0.09066510,-0.21675135,,2026,-0.01049881,2025,-0.02154218,152999.49323788,58.65201789,3.25325533,0.00300780,0.45704813,0.14550931,,,0.15181606,0.04599511,,,0.38735030,0.08255566
VT TQQQ/BTAL75+KMLM25 t20 w0-80 QQQ:VOL_EWMA80 gate QQQ<SMA200,test,test,2025-01-02,2026-08-20,false,true,"{""*"": 6, ""BTAL"": 6, ""DBMF"": 2.5, ""KMLM"": 6, ""QQQ"": 1, ""SPY"": 0.7, ""TQQQ"": 1.5}",0.03000000,tests/data/2026-08-20-net15,BTAL75+KMLM25,QQQ<SMA200,,0.00790325,0.07190527,0.00665778,0.07191910,23137.79197448,19500.00000000,3637.79197448,0.18655343,0.13840564,0.14704659,0.78119712,0.19028731,1.07259906,0.85651366,-0.16159187,215,2025,0.16657393,2026,0.05875824,98281.95150997,37.97721597,1.88078044,0.00194755,0.44195869,0.14904769,,,0.14637035,0.04842351,,,0.40844606,0.19026999
VT TQQQ/BTAL75+KMLM25 t20 w0-80 QQQ:VOL_EWMA80 gate QQQ<SMA200 rb 2m,test,test,2025-01-02,2026-08-20,false,true,"{""*"": 6, ""BTAL"": 6, ""DBMF"": 2.5, ""KMLM"": 6, ""QQQ"": 1, ""SPY"": 0.7, ""TQQQ"": 1.5}",0.03000000,tests/data/2026-08-20-net15,BTAL75+KMLM25,QQQ<SMA200,2m,0.06169907,0.23733320,0.05979015,0.23733690,22953.53826619,19500.00000000,3453.53826619,0.17710453,0.11858236,0.13981275,0.74002562,0.17258162,1.01113949,0.72093120,-0.16448499,189,2026,0.12611792,2025,0.06585293,58273.04590893,23.25331651,1.15494805,0.00119248,0.45359133,0.30673776,,,0.15070545,0.10288342,,,0.39119325,0.16997632
VT TQQQ/BTAL75+KMLM25 t20 w0-80 QQQ:VOL_EWMA80 gate QQQ<SMA200 rb 2m+1,test,test,2025-01-02,2026-08-20,false,true,"{""*"": 6, ""BTAL"": 6, ""DBMF"": 2.5, ""KMLM"": 6, ""QQQ"": 1, ""SPY"": 0.7, ""TQQQ"": 1.5}",0.03000000,tests/data/2026-08-20-net15,BTAL75+KMLM25,QQQ<SMA200,2m+1,0.07705189,0.42199819,0.07455794,0.41568401,20733.19779958,19500.00000000,1233.19779958,0.06324091,0.06055071,0.05089258,0.37937380,0.21997085,0.51546670,0.29705179,-0.20383891,,2025,0.16899283,2026,-0.05858869,64957.71972403,25.35733722,1.26647428,0.00130038,0.41354606,0.13436105,,,0.13890142,0.04685445,,,0.44323457,0.21367337
VT TQQQ/BTAL75+KMLM25 t20 w0-80 QQQ:VOL_EWMA80 gate QQQ<SMA200 rb 3m,test,test,2025-01-02,2026-08-20,false,true,"{""*"": 6, ""BTAL"": 6, ""DBMF"": 2.5, ""KMLM"": 6, ""QQQ"": 1, ""SPY"": 0.7, ""TQQQ"": 1.5}",0.03000000,tests/data/2026-08-20-net15,BTAL75+KMLM25,QQQ<SMA200,3m,0.09911676,0.47104770,0.09561758,0.45955729,20510.99218352,19500.00000000,1010.99218352,0.05184575,0.03933625,0.04180602,0.28552311,0.22520795,0.38051477,0.16580603,-0.23724258,,2025,0.08609508,2026,-0.01954389,49707.79080233,19.78714298,1.01033795,0.00101473,0.40483063,0.13450439,,,0.13721430,0.04655328,,,0.45224305,0.17121461
VT TQQQ/BTAL75+KMLM25 t20 w0-80 QQQ:VOL_EWMA80 gate QQQ<SMA200 rb 3m+1,test,test,2025-01-02,2026-08-20,false,true,"{""*"": 6, ""BTAL"": 6, ""DBMF"": 2.5, ""KMLM"": 6, ""QQQ"": 1, ""SPY"": 0.7, ""TQQQ"": 1.5}",0.03000000,tests/data/2026-08-20-net15,BTAL75+KMLM25,QQQ<SMA200,3m+1,0.07894027,0.27737897,0.07551885,0.27054128,23011.35985931,19500.00000000,3511.35985931,0.18006974,0.13085332,0.14208512,0.70352255,0.20627518,0.97950872,0.73700043,-0.17754849,188,2025,0.14463347,2026,0.06741553,60140.97059922,23.78700015,1.15042721,0.00121985,0.42313883,0.13416114,,,0.14085009,0.04413191,,,0.43031236,0.21488272
VT TQQQ/BTAL75+KMLM25 t20 w0-80 QQQ:VOL_EWMA80 gate QQQ<SMA200 rb 3m+2,test,test,2025-01-02,2026-08-20,false,true,"{""*"": 6, ""BTAL"": 6, ""DBMF"": 2.5, ""KMLM"": 6, ""QQQ"": 1, ""SPY"": 0.7, ""TQQQ"": 1.5}",0.03000000,tests/data/2026-08-20-net15,BTAL75+KMLM25,QQQ<SMA200,3m+2,0.09859284,0.29328514,0.09612383,0.29328872,22969.84397920,19500.00000000,3469.84397920,0.17794072,0.12635130,0.14045377,0.78174328,0.17216156,1.09003439,0.76701179,-0.16473189,189,2026,0.11713332,2025,0.08660780,39723.70776968,15.93284100,0.77270518,0.00081707,0.44508244,0.28715293,,,0.14998756,0.10369450,,,0.39923384,0.18850942
VT TQQQ/BTAL75+DBMF25 t20 w0-80 QQQ:VOL_EWMA80 rb 1w,test,test,2025-01-02,2026-08-20,false,true,"{""*"": 6, ""BTAL"": 6, ""DBMF"": 2.5, ""KMLM"": 6, ""QQQ"": 1, ""SPY"": 0.7, ""TQQQ"": 1.5}",0.03000000,tests/data/2026-08-20-net15,BTAL75+DBMF25,,1w,0.00704078,0.08554061,0.00573018,0.08554527,20321.42307277,19500.00000000,821.42307277,0.04212426,0.03709468,0.03402552,0.30241670,0.16883586,0.38748342,0.18595911,-0.19947762,,2025,0.05619186,2026,0.00467525,214730.02273274,72.06302964,4.32375923,0.00369554,0.45090983,0.14903993,0.14950486,0.04778440,,,,,0.39619345,0.08194503
VT TQQQ/BTAL75+DBMF25 t20 w0-80 QQQ:VOL_EWMA80 rb 2w,test,test,2025-01-02,2026-08-20,false,true,"{""*"": 6, ""BTAL"": 6, ""DBMF"": 2.5, ""KMLM"": 6, ""QQQ"": 1, ""SPY"": 0.7, ""TQQQ"": 1.5}",0.03000000,tests/data/2026-08-20-net15,BTAL75+DBMF25,,2w,0.01737257,0.12700797,0.01608047,0.12701083,21221.25190209,19500.00000000,1721.25190209,0.08826933,0.06140379,0.07072614,0.43161186,0.17449185,0.57024586,0.37498779,-0.16374878,236,2025,0.06832168,2026,0.03147347,137600.57489003,45.84744544,2.77261521,0.00235115,0.44974114,0.14928128,0.14880899,0.04849075,,,,,0.39784391,0.11112986
VT TQQQ/BTAL75+DBMF25 t20 w0-80 QQQ:VOL_EWMA80 rb 2w+1,test,test,2025-01-02,2026-08-20,false,true,"{""*"": 6, ""BTAL"": 6, ""DBMF"": 2.5, ""KMLM"": 6, ""QQQ"": 1, ""SPY"": 0.7, ""TQQQ"": 1.5}",0.03000000,tests/data/2026-08-20-net15,BTAL75+DBMF25,,2w+1,0.01419085,0.23620395,0.01265863,0.23620798,19782.51739535,19500.00000000,282.51739535,0.01448807,0.01418236,0.01176072,0.16934900,0.17449944,0.21659173,0.06671038,-0.21259601,,2025,0.03698477,2026,-0.01328711,159810.70626506,53.66374938,3.27898456,0.00275199,0.45024725,0.14577844,0.14943225,0.04698756,,,,,0.39637896,0.08300358
VT TQQQ/BTAL75+DBMF25 t20 w0-80 QQQ:VOL_EWMA80,test,test,2025-01-02,2026-08-20,false,true,"{""*"": 6, ""BTAL"": 6, ""DBMF"": 2.5, ""KMLM"": 6, ""QQQ"": 1, ""SPY"": 0.7, ""TQQQ"": 1.5}",0.03000000,tests/data/2026-08-20-net15,BTAL75+DBMF25,,,0.00283545,0.00480199,0.00171663,0.00337716,23324.05551439,19500.00000000,3824.05551439,0.19610541,0.14938228,0.15433787,0.80145611,0.19986986,1.10571616,0.91311864,-0.16359569,215,2025,0.19582922,2026,0.04912874,100285.87517845,33.93712809,1.89270042,0.00174037,0.43834624,0.14925848,0.14549481,0.04886968,,,,,0.41326986,0.21253425
VT TQQQ/BTAL75+DBMF25 t20 w0-80 QQQ:VOL_EWMA80 rb 2m,test,test,2025-01-02,2026-08-20,false,true,"{""*"": 6, ""BTAL"": 6, ""DBMF"": 2.5, ""KMLM"": 6, ""QQQ"": 1, ""SPY"": 0.7, ""TQQQ"": 1.5}",0.03000000,tests/data/2026-08-20-net15,BTAL75+DBMF25,,2m,0.05858363,0.24209193,0.05688731,0.24209483,23456.30397284,19500.00000000,3956.30397284,0.20288738,0.14226617,0.15950176,0.83994648,0.17838193,1.15309206,0.85964134,-0.16549480,189,2026,0.12238013,2025,0.10653260,58776.57459479,20.63450448,1.13821912,0.00105818,0.45092435,0.30529108,0.15006365,0.10339930,,,,,0.39439579,0.17223473
VT TQQQ/BTAL75+DBMF25 t20 w0-80 QQQ:VOL_EWMA80 rb 2m+1,test,test,2025-01-02,2026-08-20,false,true,"{""*"": 6, ""BTAL"": 6, ""DBMF"": 2.5, ""KMLM"": 6, ""QQQ"": 1, ""SPY"": 0.7, ""TQQQ"": 1.5}",0.03000000,tests/data/2026-08-20-net15,BTAL75+DBMF25,,2m+1,0.07741585,0.42011906,0.07481900,0.41651040,21012.76638562,19500.00000000,1512.76638562,0.07757776,0.07455277,0.06227436,0.43348162,0.22618111,0.59062391,0.36492466,-0.20429634,,2025,0.19435518,2026,-0.05868025,65459.01443856,21.96092165,1.25769847,0.00112620,0.41139991,0.13423519,0.13872726,0.04885998,,,,,0.44512756,0.21295719
VT TQQQ/BTAL75+DBMF25 t20 w0-80 QQQ:VOL_EWMA80 rb 3m,test,test,2025-01-02,2026-08-20,false,true,"{""*"": 6, ""BTAL"": 6, ""DBMF"": 2.5, ""KMLM"": 6, ""QQQ"": 1, ""SPY"": 0.7, ""TQQQ"": 1.5}",0.03000000,tests/data/2026-08-20-net15,BTAL75+DBMF25,,3m,0.09835105,0.46810495,0.09504861,0.45773997,20753.95674029,19500.00000000,1253.95674029,0.06430547,0.05177142,0.05173964,0.33694655,0.22881008,0.45016013,0.21753650,-0.23798956,,2025,0.11013247,2026,-0.02200742,50097.04647803,17.53013324,1.00434886,0.00089898,0.40357540,0.13453349,0.13858323,0.04855705,,,,,0.45239821,0.17268989
VT TQQQ/BTAL75+DBMF25 t20 w0-80 QQQ:VOL_EWMA80 rb 3m+1,test,test,2025-01-02,2026-08-20,false,true,"{""*"": 6, ""BTAL"": 6, ""DBMF"": 2.5, ""KMLM"": 6, ""QQQ"": 1, ""SPY"": 0.7, ""TQQQ"": 1.5}",0.03000000,tests/data/2026-08-20-net15,BTAL75+DBMF25,,3m+1,0.07863688,0.27806063,0.07530718,0.26954228,23333.69633267,19500.00000000,3833.69633267,0.19659981,0.14492060,0.15471467,0.75093609,0.21120292,1.04760306,0.82283151,-0.17612427,188,2025,0.16438590,2026,0.07065460,61230.16204064,21.16713875,1.15702981,0.00108549,0.42205183,0.13363872,0.14174548,0.04587798,,,,,0.42989326,0.21611924
VT TQQQ/BTAL75+DBMF25 t20 w0-80 QQQ:VOL_EWMA80 rb 3m+2,test,test,2025-01-02,2026-08-20,false,true,"{""*"": 6, ""BTAL"": 6, ""DBMF"": 2.5, ""KMLM"": 6, ""QQQ"": 1, ""SPY"": 0.7, ""TQQQ"": 1.5}",0.03000000,tests/data/2026-08-20-net15,BTAL75+DBMF25,,3m+2,0.09762105,0.29348614,0.09511402,0.29348990,23524.34166286,19500.00000000,4024.34166286,0.20637650,0.14941804,0.16215425,0.87171993,0.17923467,1.22090943,0.91776857,-0.16280579,188,2026,0.12588076,2025,0.11436525,40161.44551005,14.10987460,0.76685501,0.00072358,0.44352198,0.28456692,0.14987096,0.11253277,,,,,0.40130691,0.20412491
VT TQQQ/BTAL75+DBMF25 t20 w0-80 QQQ:VOL_EWMA80 gate QQQ<SMA200 rb 1w,test,test,2025-01-02,2026-08-20,false,true,"{""*"": 6, ""BTAL"": 6, ""DBMF"": 2.5, ""KMLM"": 6, ""QQQ"": 1, ""SPY"": 0.7, ""TQQQ"": 1.5}",0.03000000,tests/data/2026-08-20-net15,BTAL75+DBMF25,QQQ<SMA200,1w,0.01507772,0.26718672,0.01403463,0.26718802,19694.55310396,19500.00000000,194.55310396,0.00997708,0.00619930,0.00810554,0.12130286,0.16582209,0.15480202,0.03112476,-0.19917572,,2025,0.00513153,2026,0.00496147,199206.09776380,67.15851196,4.14112694,0.00344403,0.45749875,0.14935112,0.15172844,0.04813144,,,,,0.38772877,0.07686989
VT TQQQ/BTAL75+DBMF25 t20 w0-80 QQQ:VOL_EWMA80 gate QQQ<SMA200 rb 2w,test,test,2025-01-02,2026-08-20,false,true,"{""*"": 6, ""BTAL"": 6, ""DBMF"": 2.5, ""KMLM"": 6, ""QQQ"": 1, ""SPY"": 0.7, ""TQQQ"": 1.5}",0.03000000,tests/data/2026-08-20-net15,BTAL75+DBMF25,QQQ<SMA200,2w,0.02060201,0.12676292,0.01928441,0.12676577,21298.63720914,19500.00000000,1798.63720914,0.09223781,0.06614374,0.07385550,0.46176967,0.17174396,0.61620920,0.40548502,-0.16312252,236,2025,0.07590636,2026,0.03166332,135864.42754211,45.54696659,2.72424853,0.00233574,0.45275369,0.14858259,0.15002165,0.04826380,,,,,0.39393516,0.11011721
VT TQQQ/BTAL75+DBMF25 t20 w0-80 QQQ:VOL_EWMA80 gate QQQ<SMA200 rb 2w+1,test,test,2025-01-02,2026-08-20,false,true,"{""*"": 6, ""BTAL"": 6, ""DBMF"": 2.5, ""KMLM"": 6, ""QQQ"": 1, ""SPY"": 0.7, ""TQQQ"": 1.5}",0.03000000,tests/data/2026-08-20-net15,BTAL75+DBMF25,QQQ<SMA200,2w+1,0.02272411,0.26684793,0.02136995,0.26684951,19344.10744694,19500.00000000,-155.89255306,-0.00799449,-0.00724824,-0.00651621,0.04270286,0.16975289,0.05386436,-0.03417611,-0.21208494,,2025,0.00388732,2026,-0.01560724,155467.18528396,52.38197015,3.26008895,0.00268625,0.45710370,0.14549657,0.15175451,0.04802365,,,,,0.38745141,0.08223133
VT TQQQ/BTAL75+DBMF25 t20 w0-80 QQQ:VOL_EWMA80 gate QQQ<SMA200,test,test,2025-01-02,2026-08-20,false,true,"{""*"": 6, ""BTAL"": 6, ""DBMF"": 2.5, ""KMLM"": 6, ""QQQ"": 1, ""SPY"": 0.7, ""TQQQ"": 1.5}",0.03000000,tests/data/2026-08-20-net15,BTAL75+DBMF25,QQQ<SMA200,,0.00772903,0.07176103,0.00664572,0.07177044,23221.23772526,19500.00000000,3721.23772526,0.19083270,0.14464466,0.15031572,0.79777799,0.19417687,1.09609816,0.88607789,-0.16324147,215,2025,0.18771681,2026,0.04921113,98799.17890052,33.60276736,1.87234056,0.00172322,0.44201290,0.14913536,0.14673013,0.04848469,,,,,0.40829703,0.18908870
VT TQQQ/BTAL75+DBMF25 t20 w0-80 QQQ:VOL_EWMA80 gate QQQ<SMA200 rb 2m,test,test,2025-01-02,2026-08-20,false,true,"{""*"": 6, ""BTAL"": 6, ""DBMF"": 2.5, ""KMLM"": 6, ""QQQ"": 1, ""SPY"": 0.7, ""TQQQ"": 1.5}",0.03000000,tests/data/2026-08-20-net15,BTAL75+DBMF25,QQQ<SMA200,2m,0.06136437,0.24109900,0.06000197,0.24110193,23165.71594929,19500.00000000,3665.71594929,0.18798543,0.12946878,0.14814104,0.77894244,0.17761636,1.06698678,0.77914199,-0.16616840,189,2026,0.11979118,2025,0.08892057,59025.92702708,20.85629360,1.15567858,0.00106955,0.45378013,0.30504929,0.15124804,0.10307918,,,,,0.39119576,0.17157240
VT TQQQ/BTAL75+DBMF25 t20 w0-80 QQQ:VOL_EWMA80 gate QQQ<SMA200 rb 2m+1,test,test,2025-01-02,2026-08-20,false,true,"{""*"": 6, ""BTAL"": 6, ""DBMF"": 2.5, ""KMLM"": 6, ""QQQ"": 1, ""SPY"": 0.7, ""TQQQ"": 1.5}",0.03000000,tests/data/2026-08-20-net15,BTAL75+DBMF25,QQQ<SMA200,2m+1,0.07625649,0.42112336,0.07437665,0.41568700,20911.10665149,19500.00000000,1411.10665149,0.07236444,0.06949858,0.05814205,0.41420202,0.22416104,0.56312031,0.34022422,-0.20427288,,2025,0.18467962,2026,-0.05825295,65943.62249532,22.22945980,1.27350043,0.00113997,0.41361601,0.13435567,0.13955102,0.04773517,,,,,0.44321604,0.21418006
VT TQQQ/BTAL75+DBMF25 t20 w0-80 QQQ:VOL_EWMA80 gate QQQ<SMA200 rb 3m,test,test,2025-01-02,2026-08-20,false,true,"{""*"": 6, ""BTAL"": 6, ""DBMF"": 2.5, ""KMLM"": 6, ""QQQ"": 1, ""SPY"": 0.7, ""TQQQ"": 1.5}",0.03000000,tests/data/2026-08-20-net15,BTAL75+DBMF25,QQQ<SMA200,3m,0.09793827,0.46815770,0.09489517,0.45754816,20701.35215963,19500.00000000,1201.35215963,0.06160780,0.04910575,0.04959252,0.32588256,0.22858321,0.43518880,0.20656417,-0.23772635,,2025,0.10498665,2026,-0.02150638,50286.88247923,17.64516853,1.01103046,0.00090488,0.40466747,0.13424839,0.13884460,0.04874430,,,,,0.45153120,0.17313649
VT TQQQ/BTAL75+DBMF25 t20 w0-80 QQQ:VOL_EWMA80 gate QQQ<SMA200 rb 3m+1,test,test,2025-01-02,2026-08-20,false,true,"{""*"": 6, ""BTAL"": 6, ""DBMF"": 2.5, ""KMLM"": 6, ""QQQ"": 1, ""SPY"": 0.7, ""TQQQ"": 1.5}",0.03000000,tests/data/2026-08-20-net15,BTAL75+DBMF25,QQQ<SMA200,3m+1,0.07849968,0.27803140,0.07550681,0.26965444,23281.29144314,19500.00000000,3781.29144314,0.19391238,0.14318373,0.15266577,0.74572746,0.21040491,1.03927638,0.81288350,-0.17614299,188,2025,0.16424143,2026,0.06814252,60787.58626680,21.10724198,1.14947543,0.00108242,0.42294176,0.13365521,0.14205017,0.04588364,,,,,0.42935754,0.21608459
VT TQQQ/BTAL75+DBMF25 t20 w0-80 QQQ:VOL_EWMA80 gate QQQ<SMA200 rb 3m+2,test,test,2025-01-02,2026-08-20,false,true,"{""*"": 6, ""BTAL"": 6, ""DBMF"": 2.5, ""KMLM"": 6, ""QQQ"": 1, ""SPY"": 0.7, ""TQQQ"": 1.5}",0.03000000,tests/data/2026-08-20-net15,BTAL75+DBMF25,QQQ<SMA200,3m+2,0.09841560,0.29422460,0.09615888,0.29422838,23340.32016036,19500.00000000,3840.32016036,0.19693950,0.14230047,0.15497353,0.84121402,0.17805016,1.17533943,0.87675227,-0.16230407,189,2026,0.12051917,2025,0.10842454,40313.94421620,14.26971846,0.77340810,0.00073178,0.44510901,0.28417839,0.15091009,0.11303440,,,,,0.39884546,0.18748038
VT TQQQ/BTAL50+KMLM50 t20 w0-80 QQQ:VOL_EWMA80 rb 1w,test,test,2025-01-02,2026-08-20,false,true,"{""*"": 6, ""BTAL"": 6, ""DBMF"": 2.5, ""KMLM"": 6, ""QQQ"": 1, ""SPY"": 0.7, ""TQQQ"": 1.5}",0.03000000,tests/data/2026-08-20-net15,BTAL50+KMLM50,,1w,0.00705287,0.08604891,0.00580529,0.08605361,21343.10178853,19500.00000000,1843.10178853,0.09451804,0.06893226,0.07565171,0.46381034,0.17982654,0.60126827,0.37640424,-0.18313359,230,2026,0.05884708,2025,0.05275478,215962.72197742,82.37210773,4.29962300,0.00422421,0.30041464,0.09894330,,,0.30007042,0.09488908,,,0.39606468,0.08263238
VT TQQQ/BTAL50+KMLM50 t20 w0-80 QQQ:VOL_EWMA80 rb 2w,test,test,2025-01-02,2026-08-20,false,true,"{""*"": 6, ""BTAL"": 6, ""DBMF"": 2.5, ""KMLM"": 6, ""QQQ"": 1, ""SPY"": 0.7, ""TQQQ"": 1.5}",0.03000000,tests/data/2026-08-20-net15,BTAL50+KMLM50,,2w,0.01756733,0.12749949,0.01614229,0.12403525,22304.12502987,19500.00000000,2804.12502987,0.14380128,0.09469705,0.11414489,0.58375408,0.18574139,0.77617494,0.53672756,-0.17643411,175,2026,0.08571666,2025,0.06731883,138952.92891947,52.86382445,2.76515304,0.00271097,0.29947626,0.09923589,,,0.29886352,0.09437947,,,0.39801985,0.11055029
VT TQQQ/BTAL50+KMLM50 t20 w0-80 QQQ:VOL_EWMA80 rb 2w+1,test,test,2025-01-02,2026-08-20,false,true,"{""*"": 6, ""BTAL"": 6, ""DBMF"": 2.5, ""KMLM"": 6, ""QQQ"": 1, ""SPY"": 0.7, ""TQQQ"": 1.5}",0.03000000,tests/data/2026-08-20-net15,BTAL50+KMLM50,,2w+1,0.01422385,0.23723169,0.01254416,0.23723660,20806.66369372,19500.00000000,1306.66369372,0.06700839,0.04694129,0.05388893,0.34230375,0.18561833,0.44381803,0.24326179,-0.19296616,237,2026,0.04149276,2025,0.03465996,160955.27072768,61.43586580,3.26081244,0.00315056,0.29982371,0.09728655,,,0.29988978,0.09433996,,,0.39602522,0.08364509
VT TQQQ/BTAL50+KMLM50 t20 w0-80 QQQ:VOL_EWMA80,test,test,2025-01-02,2026-08-20,false,true,"{""*"": 6, ""BTAL"": 6, ""DBMF"": 2.5, ""KMLM"": 6, ""QQQ"": 1, ""SPY"": 0.7, ""TQQQ"": 1.5}",0.03000000,tests/data/2026-08-20-net15,BTAL50+KMLM50,,,0.00294587,0.00557823,0.00180775,0.00289711,24464.78579709,19500.00000000,4964.78579709,0.25460440,0.18275540,0.19853433,0.90226665,0.21230823,1.24995046,1.14543320,-0.15955134,152,2025,0.18618819,2026,0.10813790,101690.28919538,38.98146538,1.90014038,0.00199905,0.29206881,0.09946825,,,0.29152614,0.09871829,,,0.41339783,0.21325501
VT TQQQ/BTAL50+KMLM50 t20 w0-80 QQQ:VOL_EWMA80 rb 2m,test,test,2025-01-02,2026-08-20,false,true,"{""*"": 6, ""BTAL"": 6, ""DBMF"": 2.5, ""KMLM"": 6, ""QQQ"": 1, ""SPY"": 0.7, ""TQQQ"": 1.5}",0.03000000,tests/data/2026-08-20-net15,BTAL50+KMLM50,,2m,0.05915278,0.24197507,0.05699558,0.24197889,24380.50743815,19500.00000000,4880.50743815,0.25028243,0.16882251,0.19529533,0.91936695,0.19058650,1.26781011,1.10795307,-0.15237334,177,2026,0.17026503,2025,0.10174130,58588.53984368,23.20341723,1.12471654,0.00118992,0.30036869,0.20443441,,,0.30045717,0.20655028,,,0.39386476,0.17111436
VT TQQQ/BTAL50+KMLM50 t20 w0-80 QQQ:VOL_EWMA80 rb 2m+1,test,test,2025-01-02,2026-08-20,false,true,"{""*"": 6, ""BTAL"": 6, ""DBMF"": 2.5, ""KMLM"": 6, ""QQQ"": 1, ""SPY"": 0.7, ""TQQQ"": 1.5}",0.03000000,tests/data/2026-08-20-net15,BTAL50+KMLM50,,2m+1,0.07830771,0.42045795,0.07561699,0.41319207,21920.84989544,19500.00000000,2420.84989544,0.12414615,0.10188017,0.09886741,0.52893357,0.23858004,0.72403056,0.53991967,-0.18869504,,2025,0.18810248,2026,-0.01421121,66004.99904197,25.65702423,1.25699305,0.00131574,0.27352106,0.08904171,,,0.27702263,0.09371401,,,0.44490343,0.21357620
VT TQQQ/BTAL50+KMLM50 t20 w0-80 QQQ:VOL_EWMA80 rb 3m,test,test,2025-01-02,2026-08-20,false,true,"{""*"": 6, ""BTAL"": 6, ""DBMF"": 2.5, ""KMLM"": 6, ""QQQ"": 1, ""SPY"": 0.7, ""TQQQ"": 1.5}",0.03000000,tests/data/2026-08-20-net15,BTAL50+KMLM50,,3m,0.10027101,0.46974610,0.09659403,0.45781817,21539.30620909,19500.00000000,2039.30620909,0.10457981,0.07489689,0.08356135,0.42350099,0.23978392,0.56832139,0.32826405,-0.22816049,,2025,0.10119781,2026,0.02148467,50000.38232301,19.83583096,0.99603929,0.00101722,0.26830136,0.08911819,,,0.27436526,0.09456601,,,0.45106826,0.17252375
VT TQQQ/BTAL50+KMLM50 t20 w0-80 QQQ:VOL_EWMA80 rb 3m+1,test,test,2025-01-02,2026-08-20,false,true,"{""*"": 6, ""BTAL"": 6, ""DBMF"": 2.5, ""KMLM"": 6, ""QQQ"": 1, ""SPY"": 0.7, ""TQQQ"": 1.5}",0.03000000,tests/data/2026-08-20-net15,BTAL50+KMLM50,,3m+1,0.07817877,0.27650600,0.07515053,0.26972173,24124.78740700,19500.00000000,4624.78740700,0.23716858,0.16702195,0.18544217,0.80458535,0.22468788,1.12340572,0.97370656,-0.17153212,208,2025,0.15795592,2026,0.11065999,60890.64478139,23.99411221,1.14213176,0.00123047,0.28082356,0.08883524,,,0.28314079,0.09219766,,,0.43081001,0.21575878
VT TQQQ/BTAL50+KMLM50 t20 w0-80 QQQ:VOL_EWMA80 rb 3m+2,test,test,2025-01-02,2026-08-20,false,true,"{""*"": 6, ""BTAL"": 6, ""DBMF"": 2.5, ""KMLM"": 6, ""QQQ"": 1, ""SPY"": 0.7, ""TQQQ"": 1.5}",0.03000000,tests/data/2026-08-20-net15,BTAL50+KMLM50,,3m+2,0.09766093,0.30119245,0.09496440,0.30119619,24315.46592424,19500.00000000,4815.46592424,0.24694697,0.17216303,0.19279283,0.92960788,0.19180104,1.30225100,1.16239377,-0.14811076,170,2026,0.16400716,2025,0.11282608,39575.30418077,15.72250498,0.74890963,0.00080628,0.29493277,0.18943974,,,0.29981421,0.20872735,,,0.39953260,0.20813984
VT TQQQ/BTAL50+KMLM50 t20 w0-80 QQQ:VOL_EWMA80 gate QQQ<SMA200 rb 1w,test,test,2025-01-02,2026-08-20,false,true,"{""*"": 6, ""BTAL"": 6, ""DBMF"": 2.5, ""KMLM"": 6, ""QQQ"": 1, ""SPY"": 0.7, ""TQQQ"": 1.5}",0.03000000,tests/data/2026-08-20-net15,BTAL50+KMLM50,QQQ<SMA200,1w,0.01499386,0.26725773,0.01395826,0.26725826,20660.63759742,19500.00000000,1160.63759742,0.05951988,0.03653002,0.04792934,0.29452502,0.17519003,0.38025536,0.19954180,-0.18306952,230,2026,0.05787927,2025,0.00218320,201256.53903877,77.13348756,4.13665560,0.00395556,0.30472397,0.09910325,,,0.30439735,0.09554948,,,0.38773591,0.07799710
VT TQQQ/BTAL50+KMLM50 t20 w0-80 QQQ:VOL_EWMA80 gate QQQ<SMA200 rb 2w,test,test,2025-01-02,2026-08-20,false,true,"{""*"": 6, ""BTAL"": 6, ""DBMF"": 2.5, ""KMLM"": 6, ""QQQ"": 1, ""SPY"": 0.7, ""TQQQ"": 1.5}",0.03000000,tests/data/2026-08-20-net15,BTAL50+KMLM50,QQQ<SMA200,2w,0.02107473,0.12417389,0.01974612,0.12417693,22381.29341243,19500.00000000,2881.29341243,0.14775864,0.09957820,0.11720917,0.61676187,0.18188124,0.82885857,0.64970080,-0.15326779,170,2026,0.08539977,2025,0.07539621,137548.12253297,52.55150031,2.72346405,0.00269495,0.30155842,0.09894013,,,0.30113959,0.09572597,,,0.39364622,0.11153862
VT TQQQ/BTAL50+KMLM50 t20 w0-80 QQQ:VOL_EWMA80 gate QQQ<SMA200 rb 2w+1,test,test,2025-01-02,2026-08-20,false,true,"{""*"": 6, ""BTAL"": 6, ""DBMF"": 2.5, ""KMLM"": 6, ""QQQ"": 1, ""SPY"": 0.7, ""TQQQ"": 1.5}",0.03000000,tests/data/2026-08-20-net15,BTAL50+KMLM50,QQQ<SMA200,2w+1,0.02257384,0.26703576,0.02109778,0.26704054,20389.54284012,19500.00000000,889.54284012,0.04561758,0.02676182,0.03682441,0.23884017,0.17907835,0.30529255,0.13904681,-0.19246625,237,2026,0.04034371,2025,0.00347731,157060.93992171,60.14679164,3.24732562,0.00308445,0.30439749,0.09769060,,,0.30453652,0.09518401,,,0.38731735,0.08296722
VT TQQQ/BTAL50+KMLM50 t20 w0-80 QQQ:VOL_EWMA80 gate QQQ<SMA200,test,test,2025-01-02,2026-08-20,false,true,"{""*"": 6, ""BTAL"": 6, ""DBMF"": 2.5, ""KMLM"": 6, ""QQQ"": 1, ""SPY"": 0.7, ""TQQQ"": 1.5}",0.03000000,tests/data/2026-08-20-net15,BTAL50+KMLM50,QQQ<SMA200,,0.00718796,0.07184905,0.00628821,0.07186361,24334.40864392,19500.00000000,4834.40864392,0.24791839,0.17721506,0.19352191,0.90235021,0.20547801,1.24646435,1.19295864,-0.14855088,191,2025,0.17872522,2026,0.10665702,100361.93841575,38.77281866,1.88334544,0.00198835,0.29440098,0.09887666,,,0.29418629,0.09920749,,,0.40884456,0.19037701
VT TQQQ/BTAL50+KMLM50 t20 w0-80 QQQ:VOL_EWMA80 gate QQQ<SMA200 rb 2m,test,test,2025-01-02,2026-08-20,false,true,"{""*"": 6, ""BTAL"": 6, ""DBMF"": 2.5, ""KMLM"": 6, ""QQQ"": 1, ""SPY"": 0.7, ""TQQQ"": 1.5}",0.03000000,tests/data/2026-08-20-net15,BTAL50+KMLM50,QQQ<SMA200,2m,0.06170918,0.24186286,0.05970715,0.24186673,24126.20439731,19500.00000000,4626.20439731,0.23724125,0.15789044,0.18549687,0.87388962,0.18942841,1.20258418,1.03394882,-0.15270624,180,2026,0.16799164,2025,0.08711608,58657.80153118,23.42402150,1.13637085,0.00120123,0.30197339,0.20413765,,,0.30232508,0.20576167,,,0.39105318,0.17294669
VT TQQQ/BTAL50+KMLM50 t20 w0-80 QQQ:VOL_EWMA80 gate QQQ<SMA200 rb 2m+1,test,test,2025-01-02,2026-08-20,false,true,"{""*"": 6, ""BTAL"": 6, ""DBMF"": 2.5, ""KMLM"": 6, ""QQQ"": 1, ""SPY"": 0.7, ""TQQQ"": 1.5}",0.03000000,tests/data/2026-08-20-net15,BTAL50+KMLM50,QQQ<SMA200,2m+1,0.07747688,0.41942005,0.07545778,0.41469470,21776.04724362,19500.00000000,2276.04724362,0.11672037,0.09561187,0.09307007,0.50685170,0.23683930,0.69228865,0.50460783,-0.18947757,,2025,0.17977139,2026,-0.01643336,66544.10622723,25.88180994,1.27383888,0.00132727,0.27484021,0.08954738,,,0.27814252,0.09424621,,,0.44312341,0.21252194
VT TQQQ/BTAL50+KMLM50 t20 w0-80 QQQ:VOL_EWMA80 gate QQQ<SMA200 rb 3m,test,test,2025-01-02,2026-08-20,false,true,"{""*"": 6, ""BTAL"": 6, ""DBMF"": 2.5, ""KMLM"": 6, ""QQQ"": 1, ""SPY"": 0.7, ""TQQQ"": 1.5}",0.03000000,tests/data/2026-08-20-net15,BTAL50+KMLM50,QQQ<SMA200,3m,0.10010988,0.46903108,0.09712046,0.46050800,21487.83590456,19500.00000000,1987.83590456,0.10194030,0.07229641,0.08148898,0.41303866,0.24020385,0.55395328,0.31571684,-0.22899131,,2025,0.09635921,2026,0.02195240,50347.46819614,19.98408416,1.00579858,0.00102482,0.26888161,0.08941732,,,0.27489901,0.09488343,,,0.45068254,0.16986409
VT TQQQ/BTAL50+KMLM50 t20 w0-80 QQQ:VOL_EWMA80 gate QQQ<SMA200 rb 3m+1,test,test,2025-01-02,2026-08-20,false,true,"{""*"": 6, ""BTAL"": 6, ""DBMF"": 2.5, ""KMLM"": 6, ""QQQ"": 1, ""SPY"": 0.7, ""TQQQ"": 1.5}",0.03000000,tests/data/2026-08-20-net15,BTAL50+KMLM50,QQQ<SMA200,3m+1,0.07819722,0.27650124,0.07498897,0.26973985,24079.25824527,19500.00000000,4579.25824527,0.23483376,0.16552629,0.18368387,0.80258106,0.22323771,1.11981755,0.98207079,-0.16854822,208,2025,0.15792919,2026,0.10836771,60392.90943521,23.89069673,1.13354919,0.00122516,0.28115484,0.08883701,,,0.28372999,0.09219949,,,0.42977301,0.21576711
VT TQQQ/BTAL50+KMLM50 t20 w0-80 QQQ:VOL_EWMA80 gate QQQ<SMA200 rb 3m+2,test,test,2025-01-02,2026-08-20,false,true,"{""*"": 6, ""BTAL"": 6, ""DBMF"": 2.5, ""KMLM"": 6, ""QQQ"": 1, ""SPY"": 0.7, ""TQQQ"": 1.5}",0.03000000,tests/data/2026-08-20-net15,BTAL50+KMLM50,QQQ<SMA200,3m+2,0.09815251,0.30200148,0.09533591,0.30200524,24141.19866826,19500.00000000,4641.19866826,0.23801019,0.16537985,0.18607566,0.90620825,0.18990819,1.26696695,1.11859852,-0.14784558,177,2026,0.15947069,2025,0.10666762,39764.47833870,15.95222374,0.75604792,0.00081806,0.29603050,0.18946947,,,0.30103214,0.20819517,,,0.39703627,0.19100619
TQQQ50/BTAL50 rb 1w,test,test,2025-01-02,2026-08-20,true,true,"{""*"": 6, ""BTAL"": 6, ""DBMF"": 2.5, ""KMLM"": 6, ""QQQ"": 1, ""SPY"": 0.7, ""TQQQ"": 1.5}",0.03000000,tests/data/2026-08-20-net15,,,,0.00296258,0.03464620,0.00250625,0.03465015,23267.59190412,19500.00000000,3767.59190412,0.19320984,0.14116409,0.15212987,0.64301920,0.25760885,0.95907093,0.52273832,-0.27004734,130,2025,0.11936691,2026,0.10776797,70973.15300124,26.86839037,1.35919264,0.00137787,0.49893420,0.46534985,,,,,,,0.49880784,0.48076102
50/50,test,test,2025-01-02,2026-08-20,true,true,"{""*"": 6, ""BTAL"": 6, ""DBMF"": 2.5, ""KMLM"": 6, ""QQQ"": 1, ""SPY"": 0.7, ""TQQQ"": 1.5}",0.03000000,tests/data/2026-08-20-net15,,,,0.00211547,0.00379698,0.00164881,0.00287863,23431.64678243,19500.00000000,3931.64678243,0.20162291,0.14128166,0.15853978,0.67421700,0.23969776,0.97266068,0.53709812,-0.26304628,168,2026,0.13753374,2025,0.09025947,38415.98219286,14.61560464,0.74202180,0.00074952,0.49942601,0.49851896,,,,,,,0.49843301,0.49712137
TQQQ50/BTAL50 rb 3m,test,test,2025-01-02,2026-08-20,true,true,"{""*"": 6, ""BTAL"": 6, ""DBMF"": 2.5, ""KMLM"": 6, ""QQQ"": 1, ""SPY"": 0.7, ""TQQQ"": 1.5}",0.03000000,tests/data/2026-08-20-net15,,,,0.03572459,0.20319749,0.03564214,0.20320089,24578.01678372,19500.00000000,5078.01678372,0.26041112,0.18321095,0.20287960,0.77094775,0.26519590,1.10474838,0.70783845,-0.25883159,130,2026,0.17847204,2025,0.11609345,36034.92695046,13.87271814,0.67939052,0.00071142,0.47685131,0.29679911,,,,,,,0.51964584,0.41977129
TQQQ50/BTAL50 gate QQQ<SMA200 rb 1w,test,test,2025-01-02,2026-08-20,true,true,"{""*"": 6, ""BTAL"": 6, ""DBMF"": 2.5, ""KMLM"": 6, ""QQQ"": 1, ""SPY"": 0.7, ""TQQQ"": 1.5}",0.03000000,tests/data/2026-08-20-net15,,,,0.01668697,0.18366631,0.01634143,0.18366696,22353.60738310,19500.00000000,2853.60738310,0.14633884,0.09972074,0.11611023,0.54993431,0.21655807,0.77449227,0.42814789,-0.23291191,221,2026,0.09972558,2025,0.06161148,59738.33007610,22.95009146,1.18687981,0.00117693,0.51334979,0.46531228,,,,,,,0.48450085,0.31633304
TQQQ50/BTAL50 gate QQQ<SMA200,test,test,2025-01-02,2026-08-20,true,true,"{""*"": 6, ""BTAL"": 6, ""DBMF"": 2.5, ""KMLM"": 6, ""QQQ"": 1, ""SPY"": 0.7, ""TQQQ"": 1.5}",0.03000000,tests/data/2026-08-20-net15,,,,0.01564490,0.12486076,0.01534279,0.12487452,22317.28340509,19500.00000000,2817.28340509,0.14447607,0.09719027,0.11466767,0.54482509,0.21291677,0.76284450,0.41580174,-0.23374185,211,2026,0.10515805,2025,0.05243614,33138.11531392,12.99404339,0.66042308,0.00066636,0.51361750,0.49867097,,,,,,,0.48473765,0.37512548
TQQQ50/BTAL50 gate QQQ<SMA200 rb 3m,test,test,2025-01-02,2026-08-20,true,true,"{""*"": 6, ""BTAL"": 6, ""DBMF"": 2.5, ""KMLM"": 6, ""QQQ"": 1, ""SPY"": 0.7, ""TQQQ"": 1.5}",0.03000000,tests/data/2026-08-20-net15,,,,0.04708074,0.14979039,0.04697455,0.14980406,22190.07565488,19500.00000000,2690.07565488,0.13795260,0.08997086,0.10960898,0.49855005,0.22462650,0.68897004,0.40556270,-0.22184205,224,2026,0.11397154,2025,0.03294108,26792.49963270,10.81430024,0.53892434,0.00055458,0.50718152,0.35340546,,,,,,,0.48976016,0.35019594
SPY benchmark,test,test,2025-01-02,2026-08-20,true,true,"{""*"": 6, ""BTAL"": 6, ""DBMF"": 2.5, ""KMLM"": 6, ""QQQ"": 1, ""SPY"": 0.7, ""TQQQ"": 1.5}",0.03000000,tests/data/2026-08-20-net15,,,,0.02070958,0.04757251,0.02071231,0.04757251,24293.69704386,19500.00000000,4793.69704386,0.24583062,0.18282518,0.19195471,1.08407223,0.16891700,1.63142556,1.00110943,-0.18262257,127,2025,0.17232006,2026,0.12135454,18861.35152568,1.32029461,0.35050660,0.00006771,,,,,,,0.97928769,0.95242749,,
VT TQQQ/BTAL75+KMLM25 t20 w0-80 QQQ:VOL_EWMA80 rb 1w,sens,sens_2020-12-18,2020-12-18,2023-12-18,false,true,"{""*"": 6, ""BTAL"": 6, ""DBMF"": 2.5, ""KMLM"": 6, ""QQQ"": 1, ""SPY"": 0.7, ""TQQQ"": 1.5}",0.03000000,tests/data/2026-08-20-net15,BTAL75+KMLM25,,1w,0.00769484,0.25170141,0.00686276,0.25170274,39916.09965468,28000.00000000,11916.09965468,0.42557499,0.16603536,0.18186815,0.92431473,0.18538606,1.32826697,0.92976724,-0.17857734,169,2023,0.43422844,2022,-0.13399533,538299.67880467,202.72647994,4.02641056,0.00724023,0.48191371,0.14874365,,,0.15997637,0.04881448,,,0.35626472,0.12590282
VT TQQQ/BTAL75+KMLM25 t20 w0-80 QQQ:VOL_EWMA80 rb 2w,sens,sens_2020-12-18,2020-12-18,2023-12-18,false,true,"{""*"": 6, ""BTAL"": 6, ""DBMF"": 2.5, ""KMLM"": 6, ""QQQ"": 1, ""SPY"": 0.7, ""TQQQ"": 1.5}",0.03000000,tests/data/2026-08-20-net15,BTAL75+KMLM25,,2w,0.02231367,0.35507535,0.02136538,0.35507672,40062.31824320,28000.00000000,12062.31824320,0.43079708,0.16137687,0.18383415,0.88898461,0.18895726,1.29181070,0.87433335,-0.18457133,545,2023,0.46785929,2022,-0.14074862,346340.50289437,130.95311067,2.63898920,0.00467690,0.47874146,0.14934047,,,0.15886176,0.04865198,,,0.36028077,0.13820980
VT TQQQ/BTAL75+KMLM25 t20 w0-80 QQQ:VOL_EWMA80 rb 2w+1,sens,sens_2020-12-18,2020-12-18,2023-12-18,false,true,"{""*"": 6, ""BTAL"": 6, ""DBMF"": 2.5, ""KMLM"": 6, ""QQQ"": 1, ""SPY"": 0.7, ""TQQQ"": 1.5}",0.03000000,tests/data/2026-08-20-net15,BTAL75+KMLM25,,2w+1,0.02361862,0.35692520,0.02256913,0.35203756,38172.37121010,28000.00000000,10172.37121010,0.36329897,0.13817545,0.15800764,0.78131783,0.18919687,1.10021205,0.74370206,-0.18579410,160,2023,0.44189309,2022,-0.16534842,315890.22608847,118.67898988,2.45819844,0.00423854,0.47948005,0.16134654,,,0.15931717,0.05264380,,,0.35900403,0.12601745
VT TQQQ/BTAL75+KMLM25 t20 w0-80 QQQ:VOL_EWMA80,sens,sens_2020-12-18,2020-12-18,2023-12-18,false,true,"{""*"": 6, ""BTAL"": 6, ""DBMF"": 2.5, ""KMLM"": 6, ""QQQ"": 1, ""SPY"": 0.7, ""TQQQ"": 1.5}",0.03000000,tests/data/2026-08-20-net15,BTAL75+KMLM25,,,0.00143502,0.00317724,0.00079710,0.00156580,40945.44067300,28000.00000000,12945.44067300,0.46233717,0.17434217,0.19559849,0.95643125,0.18689460,1.38939331,0.91457597,-0.19062623,169,2023,0.46519089,2022,-0.14196050,173902.14694102,65.08613289,1.31257679,0.00232450,0.47547588,0.14979190,,,0.15799382,0.04996647,,,0.36505055,0.13807806
VT TQQQ/BTAL75+KMLM25 t20 w0-80 QQQ:VOL_EWMA80 rb 2m,sens,sens_2020-12-18,2020-12-18,2023-12-18,false,true,"{""*"": 6, ""BTAL"": 6, ""DBMF"": 2.5, ""KMLM"": 6, ""QQQ"": 1, ""SPY"": 0.7, ""TQQQ"": 1.5}",0.03000000,tests/data/2026-08-20-net15,BTAL75+KMLM25,,2m,0.06336548,0.51034695,0.06194230,0.50725906,40260.70689139,28000.00000000,12260.70689139,0.43788239,0.18000949,0.18649327,0.90231484,0.20818164,1.28453787,0.88629908,-0.20310242,161,2023,0.40613438,2022,-0.15131214,87282.79751130,33.44880310,0.63298508,0.00119460,0.46004759,0.14979190,,,0.15293460,0.04996647,,,0.38444931,0.12556395
VT TQQQ/BTAL75+KMLM25 t20 w0-80 QQQ:VOL_EWMA80 rb 2m+1,sens,sens_2020-12-18,2020-12-18,2023-12-18,false,true,"{""*"": 6, ""BTAL"": 6, ""DBMF"": 2.5, ""KMLM"": 6, ""QQQ"": 1, ""SPY"": 0.7, ""TQQQ"": 1.5}",0.03000000,tests/data/2026-08-20-net15,BTAL75+KMLM25,,2m+1,0.04504014,0.23072230,0.04422142,0.23072756,39494.32527773,28000.00000000,11494.32527773,0.41051162,0.15521192,0.17616757,0.94235742,0.16876554,1.37433473,0.92735300,-0.16737092,157,2023,0.39743292,2022,-0.12052701,97221.26473736,36.16760131,0.75530987,0.00129170,0.49180575,0.17027295,,,0.16440763,0.05620325,,,0.34140013,0.13588709
VT TQQQ/BTAL75+KMLM25 t20 w0-80 QQQ:VOL_EWMA80 rb 3m,sens,sens_2020-12-18,2020-12-18,2023-12-18,false,true,"{""*"": 6, ""BTAL"": 6, ""DBMF"": 2.5, ""KMLM"": 6, ""QQQ"": 1, ""SPY"": 0.7, ""TQQQ"": 1.5}",0.03000000,tests/data/2026-08-20-net15,BTAL75+KMLM25,,3m,0.07705233,0.51356202,0.07526229,0.50844987,39308.60770802,28000.00000000,11308.60770802,0.40387885,0.15773878,0.17364339,0.75394319,0.23019218,1.06757689,0.62143450,-0.25383009,160,2023,0.45555274,2022,-0.17550544,81629.55801774,31.23813065,0.62428070,0.00111565,0.44797916,0.14979190,,,0.15095527,0.04996647,,,0.39816380,0.15571934
VT TQQQ/BTAL75+KMLM25 t20 w0-80 QQQ:VOL_EWMA80 rb 3m+1,sens,sens_2020-12-18,2020-12-18,2023-12-18,false,true,"{""*"": 6, ""BTAL"": 6, ""DBMF"": 2.5, ""KMLM"": 6, ""QQQ"": 1, ""SPY"": 0.7, ""TQQQ"": 1.5}",0.03000000,tests/data/2026-08-20-net15,BTAL75+KMLM25,,3m+1,0.07107832,0.34214570,0.06985285,0.34214709,36947.58030082,28000.00000000,8947.58030082,0.31955644,0.13439690,0.14076752,0.76329592,0.18926441,1.09032102,0.64133260,-0.20955882,567,2023,0.31778941,2022,-0.17750515,62542.95438276,24.15810428,0.47812563,0.00086279,0.48072029,0.25633322,,,0.16124532,0.08474742,,,0.35476435,0.09209575
VT TQQQ/BTAL75+KMLM25 t20 w0-80 QQQ:VOL_EWMA80 rb 3m+2,sens,sens_2020-12-18,2020-12-18,2023-12-18,false,true,"{""*"": 6, ""BTAL"": 6, ""DBMF"": 2.5, ""KMLM"": 6, ""QQQ"": 1, ""SPY"": 0.7, ""TQQQ"": 1.5}",0.03000000,tests/data/2026-08-20-net15,BTAL75+KMLM25,,3m+2,0.06382199,0.29195041,0.06280269,0.28636852,40852.73625685,28000.00000000,12852.73625685,0.45902629,0.17938550,0.19437228,1.06127484,0.16958234,1.55186759,1.04916863,-0.17097871,553,2023,0.42739173,2022,-0.13316679,100921.07484705,38.48108763,0.75178952,0.00137432,0.49493783,0.16993299,,,0.16342891,0.05665652,,,0.33834355,0.13590123
VT TQQQ/BTAL75+KMLM25 t20 w0-80 QQQ:VOL_EWMA80 gate QQQ<SMA200 rb 1w,sens,sens_2020-12-18,2020-12-18,2023-12-18,false,true,"{""*"": 6, ""BTAL"": 6, ""DBMF"": 2.5, ""KMLM"": 6, ""QQQ"": 1, ""SPY"": 0.7, ""TQQQ"": 1.5}",0.03000000,tests/data/2026-08-20-net15,BTAL75+KMLM25,QQQ<SMA200,1w,0.04833709,0.28434618,0.04768966,0.28434856,39485.81285333,28000.00000000,11485.81285333,0.41020760,0.16483436,0.17605206,0.92426917,0.18400671,1.32081785,0.92304184,-0.17857734,169,2023,0.31233956,2022,-0.05648108,455154.78082314,173.82905885,3.37990659,0.00620818,0.51366296,0.14874365,,,0.17051439,0.04881448,,,0.31404704,0.04136782
VT TQQQ/BTAL75+KMLM25 t20 w0-80 QQQ:VOL_EWMA80 gate QQQ<SMA200 rb 2w,sens,sens_2020-12-18,2020-12-18,2023-12-18,false,true,"{""*"": 6, ""BTAL"": 6, ""DBMF"": 2.5, ""KMLM"": 6, ""QQQ"": 1, ""SPY"": 0.7, ""TQQQ"": 1.5}",0.03000000,tests/data/2026-08-20-net15,BTAL75+KMLM25,QQQ<SMA200,2w,0.05824448,0.35482872,0.05761491,0.35483013,39041.38907848,28000.00000000,11041.38907848,0.39433532,0.15195281,0.16999617,0.85080941,0.18751267,1.22374380,0.87959594,-0.17275297,167,2023,0.31886590,2022,-0.06675464,312069.90552271,119.92318390,2.38646686,0.00428297,0.50780658,0.14934047,,,0.16852999,0.04865198,,,0.32177987,0.04403199
VT TQQQ/BTAL75+KMLM25 t20 w0-80 QQQ:VOL_EWMA80 gate QQQ<SMA200 rb 2w+1,sens,sens_2020-12-18,2020-12-18,2023-12-18,false,true,"{""*"": 6, ""BTAL"": 6, ""DBMF"": 2.5, ""KMLM"": 6, ""QQQ"": 1, ""SPY"": 0.7, ""TQQQ"": 1.5}",0.03000000,tests/data/2026-08-20-net15,BTAL75+KMLM25,QQQ<SMA200,2w+1,0.06437672,0.35692520,0.06358697,0.35203756,38928.55663017,28000.00000000,10928.55663017,0.39030559,0.15266356,0.16845067,0.85511821,0.18730474,1.20173424,0.82168144,-0.18579410,160,2023,0.29775586,2022,-0.03680538,273752.35867711,104.65450939,2.07312322,0.00373766,0.51358617,0.16134654,,,0.17063733,0.05264380,,,0.31380034,0.04134256
VT TQQQ/BTAL75+KMLM25 t20 w0-80 QQQ:VOL_EWMA80 gate QQQ<SMA200,sens,sens_2020-12-18,2020-12-18,2023-12-18,false,true,"{""*"": 6, ""BTAL"": 6, ""DBMF"": 2.5, ""KMLM"": 6, ""QQQ"": 1, ""SPY"": 0.7, ""TQQQ"": 1.5}",0.03000000,tests/data/2026-08-20-net15,BTAL75+KMLM25,QQQ<SMA200,,0.03887413,0.23271777,0.03848146,0.23272372,40634.86447671,28000.00000000,12634.86447671,0.45124516,0.17494013,0.19148246,0.95318787,0.18836418,1.37223931,0.91771277,-0.19062623,169,2023,0.34192278,2022,-0.06171072,157732.50255020,60.58336208,1.17857669,0.00216369,0.50392249,0.14979190,,,0.16747943,0.04996647,,,0.32728465,0.04055417
VT TQQQ/BTAL75+KMLM25 t20 w0-80 QQQ:VOL_EWMA80 gate QQQ<SMA200 rb 2m,sens,sens_2020-12-18,2020-12-18,2023-12-18,false,true,"{""*"": 6, ""BTAL"": 6, ""DBMF"": 2.5, ""KMLM"": 6, ""QQQ"": 1, ""SPY"": 0.7, ""TQQQ"": 1.5}",0.03000000,tests/data/2026-08-20-net15,BTAL75+KMLM25,QQQ<SMA200,2m,0.08802817,0.51034695,0.08688744,0.50725906,39319.95379237,28000.00000000,11319.95379237,0.40428406,0.16924839,0.17379785,0.86270879,0.20673705,1.22031370,0.83331548,-0.20310242,161,2021,0.34531386,2022,-0.11158185,91764.60853603,36.24738206,0.67288634,0.00129455,0.48723931,0.14979190,,,0.16208208,0.04996647,,,0.34834986,0.05492469
VT TQQQ/BTAL75+KMLM25 t20 w0-80 QQQ:VOL_EWMA80 gate QQQ<SMA200 rb 2m+1,sens,sens_2020-12-18,2020-12-18,2023-12-18,false,true,"{""*"": 6, ""BTAL"": 6, ""DBMF"": 2.5, ""KMLM"": 6, ""QQQ"": 1, ""SPY"": 0.7, ""TQQQ"": 1.5}",0.03000000,tests/data/2026-08-20-net15,BTAL75+KMLM25,QQQ<SMA200,2m+1,0.07222565,0.23264076,0.07167782,0.23264643,41078.24856309,28000.00000000,13078.24856309,0.46708031,0.17886935,0.19735165,1.04885918,0.17147954,1.51968366,1.06870028,-0.16737092,157,2023,0.34580758,2022,-0.02956944,95868.04361677,37.11571378,0.71864225,0.00132556,0.51521709,0.16999773,,,0.17201492,0.05635607,,,0.31053411,0.04063147
VT TQQQ/BTAL75+KMLM25 t20 w0-80 QQQ:VOL_EWMA80 gate QQQ<SMA200 rb 3m,sens,sens_2020-12-18,2020-12-18,2023-12-18,false,true,"{""*"": 6, ""BTAL"": 6, ""DBMF"": 2.5, ""KMLM"": 6, ""QQQ"": 1, ""SPY"": 0.7, ""TQQQ"": 1.5}",0.03000000,tests/data/2026-08-20-net15,BTAL75+KMLM25,QQQ<SMA200,3m,0.10202019,0.51356202,0.10060053,0.50844987,36481.13715093,28000.00000000,8481.13715093,0.30289776,0.12429428,0.13409180,0.63572516,0.22479063,0.89112268,0.48967511,-0.25383009,160,2023,0.28296061,2022,-0.14328410,81107.19839214,32.09888244,0.63991124,0.00114639,0.47888303,0.14979190,,,0.16132715,0.04996647,,,0.35710237,0.06931782
VT TQQQ/BTAL75+KMLM25 t20 w0-80 QQQ:VOL_EWMA80 gate QQQ<SMA200 rb 3m+1,sens,sens_2020-12-18,2020-12-18,2023-12-18,false,true,"{""*"": 6, ""BTAL"": 6, ""DBMF"": 2.5, ""KMLM"": 6, ""QQQ"": 1, ""SPY"": 0.7, ""TQQQ"": 1.5}",0.03000000,tests/data/2026-08-20-net15,BTAL75+KMLM25,QQQ<SMA200,3m+1,0.09196910,0.34260977,0.09084864,0.34261114,37639.95432238,28000.00000000,9639.95432238,0.34428408,0.14522894,0.15056384,0.79964503,0.19364942,1.13592388,0.72860118,-0.19932571,534,2021,0.31589045,2022,-0.10629148,66300.23262130,26.64438511,0.49834290,0.00095159,0.49902267,0.25633322,,,0.16724645,0.08474742,,,0.33078226,0.04048124
VT TQQQ/BTAL75+KMLM25 t20 w0-80 QQQ:VOL_EWMA80 gate QQQ<SMA200 rb 3m+2,sens,sens_2020-12-18,2020-12-18,2023-12-18,false,true,"{""*"": 6, ""BTAL"": 6, ""DBMF"": 2.5, ""KMLM"": 6, ""QQQ"": 1, ""SPY"": 0.7, ""TQQQ"": 1.5}",0.03000000,tests/data/2026-08-20-net15,BTAL75+KMLM25,QQQ<SMA200,3m+2,0.08845835,0.29195041,0.08753954,0.28636852,42227.64889072,28000.00000000,14227.64889072,0.50813032,0.19762558,0.21235503,1.13274479,0.17300804,1.64692040,1.15688861,-0.17082507,144,2023,0.38605376,2022,-0.06528159,103312.48149199,40.45094443,0.75141844,0.00144468,0.51422962,0.17004568,,,0.16992586,0.05631651,,,0.31293146,0.05212389
VT TQQQ/BTAL75+DBMF25 t20 w0-80 QQQ:VOL_EWMA80 rb 1w,sens,sens_2020-12-18,2020-12-18,2023-12-18,false,true,"{""*"": 6, ""BTAL"": 6, ""DBMF"": 2.5, ""KMLM"": 6, ""QQQ"": 1, ""SPY"": 0.7, ""TQQQ"": 1.5}",0.03000000,tests/data/2026-08-20-net15,BTAL75+DBMF25,,1w,0.00762662,0.25172905,0.00685810,0.25173048,39460.13076666,28000.00000000,11460.13076666,0.40929038,0.15968622,0.17570347,0.88407416,0.18822284,1.27089330,0.90111399,-0.17720979,162,2023,0.42332173,2022,-0.14587928,532467.43878546,177.49016660,4.01976610,0.00633893,0.48190337,0.14919282,0.16005528,0.04861894,,,,,0.35629770,0.12583212
VT TQQQ/BTAL75+DBMF25 t20 w0-80 QQQ:VOL_EWMA80 rb 2w,sens,sens_2020-12-18,2020-12-18,2023-12-18,false,true,"{""*"": 6, ""BTAL"": 6, ""DBMF"": 2.5, ""KMLM"": 6, ""QQQ"": 1, ""SPY"": 0.7, ""TQQQ"": 1.5}",0.03000000,tests/data/2026-08-20-net15,BTAL75+DBMF25,,2w,0.02216676,0.35502322,0.02130488,0.35502468,39638.69428395,28000.00000000,11638.69428395,0.41566765,0.15567591,0.17812379,0.85411100,0.19143954,1.24241853,0.80584524,-0.19318338,553,2023,0.45693198,2022,-0.15218271,343544.74593585,114.59925173,2.63920269,0.00409283,0.47865025,0.14872668,0.15909627,0.04898819,,,,,0.36033079,0.13823604
VT TQQQ/BTAL75+DBMF25 t20 w0-80 QQQ:VOL_EWMA80 rb 2w+1,sens,sens_2020-12-18,2020-12-18,2023-12-18,false,true,"{""*"": 6, ""BTAL"": 6, ""DBMF"": 2.5, ""KMLM"": 6, ""QQQ"": 1, ""SPY"": 0.7, ""TQQQ"": 1.5}",0.03000000,tests/data/2026-08-20-net15,BTAL75+DBMF25,,2w+1,0.02357721,0.35874343,0.02263544,0.35400295,37761.52030513,28000.00000000,9761.52030513,0.34862573,0.13160495,0.15227022,0.74229322,0.19204162,1.04679989,0.68484608,-0.19216719,513,2023,0.43232084,2022,-0.17595098,312750.56878831,103.82876040,2.45902637,0.00370817,0.47947959,0.16143742,0.15939522,0.05295622,,,,,0.35913671,0.12602671
VT TQQQ/BTAL75+DBMF25 t20 w0-80 QQQ:VOL_EWMA80,sens,sens_2020-12-18,2020-12-18,2023-12-18,false,true,"{""*"": 6, ""BTAL"": 6, ""DBMF"": 2.5, ""KMLM"": 6, ""QQQ"": 1, ""SPY"": 0.7, ""TQQQ"": 1.5}",0.03000000,tests/data/2026-08-20-net15,BTAL75+DBMF25,,,0.00156300,0.00359694,0.00086881,0.00173904,40426.15957880,28000.00000000,12426.15957880,0.44379141,0.16691704,0.18870363,0.91231181,0.18948599,1.32635779,0.87536660,-0.19068245,167,2023,0.45452413,2022,-0.15271034,173066.28268050,56.80202786,1.32031448,0.00202864,0.47545684,0.14872668,0.15803748,0.04898819,,,,,0.36490328,0.13842966
VT TQQQ/BTAL75+DBMF25 t20 w0-80 QQQ:VOL_EWMA80 rb 2m,sens,sens_2020-12-18,2020-12-18,2023-12-18,false,true,"{""*"": 6, ""BTAL"": 6, ""DBMF"": 2.5, ""KMLM"": 6, ""QQQ"": 1, ""SPY"": 0.7, ""TQQQ"": 1.5}",0.03000000,tests/data/2026-08-20-net15,BTAL75+DBMF25,,2m,0.06338860,0.51328723,0.06202042,0.50820073,39895.20112762,28000.00000000,11895.20112762,0.42482861,0.17434073,0.18158673,0.87131552,0.21062570,1.24160381,0.83860651,-0.20789337,160,2023,0.40021530,2022,-0.16140105,86683.26336077,29.56707223,0.63480409,0.00105597,0.46023737,0.14872668,0.15284305,0.04898819,,,,,0.38461418,0.12674159
VT TQQQ/BTAL75+DBMF25 t20 w0-80 QQQ:VOL_EWMA80 rb 2m+1,sens,sens_2020-12-18,2020-12-18,2023-12-18,false,true,"{""*"": 6, ""BTAL"": 6, ""DBMF"": 2.5, ""KMLM"": 6, ""QQQ"": 1, ""SPY"": 0.7, ""TQQQ"": 1.5}",0.03000000,tests/data/2026-08-20-net15,BTAL75+DBMF25,,2m+1,0.04503661,0.22869327,0.04424569,0.22869817,38974.22377352,28000.00000000,10974.22377352,0.39193656,0.14813393,0.16907658,0.89461279,0.17136705,1.30935437,0.88033471,-0.16827000,154,2023,0.38517002,2022,-0.13364860,97380.49773905,31.62602424,0.76363478,0.00112950,0.49200462,0.17024703,0.16424223,0.05664605,,,,,0.34136379,0.13455798
VT TQQQ/BTAL75+DBMF25 t20 w0-80 QQQ:VOL_EWMA80 rb 3m,sens,sens_2020-12-18,2020-12-18,2023-12-18,false,true,"{""*"": 6, ""BTAL"": 6, ""DBMF"": 2.5, ""KMLM"": 6, ""QQQ"": 1, ""SPY"": 0.7, ""TQQQ"": 1.5}",0.03000000,tests/data/2026-08-20-net15,BTAL75+DBMF25,,3m,0.07698504,0.51783964,0.07511073,0.50983659,38840.69223224,28000.00000000,10840.69223224,0.38716758,0.15062091,0.16724490,0.72143615,0.23281899,1.02355652,0.59011208,-0.25524119,160,2023,0.44529627,2022,-0.18614928,81040.42027908,27.47112109,0.62630442,0.00098111,0.44851290,0.14872668,0.14979956,0.04898819,,,,,0.39865915,0.15631769
VT TQQQ/BTAL75+DBMF25 t20 w0-80 QQQ:VOL_EWMA80 rb 3m+1,sens,sens_2020-12-18,2020-12-18,2023-12-18,false,true,"{""*"": 6, ""BTAL"": 6, ""DBMF"": 2.5, ""KMLM"": 6, ""QQQ"": 1, ""SPY"": 0.7, ""TQQQ"": 1.5}",0.03000000,tests/data/2026-08-20-net15,BTAL75+DBMF25,,3m+1,0.07109260,0.34284406,0.07001145,0.34284556,36589.10666910,28000.00000000,8589.10666910,0.30675381,0.12851645,0.13564260,0.72948839,0.19145269,1.04407913,0.60567857,-0.21218589,683,2021,0.32093764,2022,-0.18476482,62969.29393961,21.05679954,0.48597764,0.00075203,0.48114291,0.25654604,0.16109887,0.08317512,,,,,0.35466943,0.09183463
VT TQQQ/BTAL75+DBMF25 t20 w0-80 QQQ:VOL_EWMA80 rb 3m+2,sens,sens_2020-12-18,2020-12-18,2023-12-18,false,true,"{""*"": 6, ""BTAL"": 6, ""DBMF"": 2.5, ""KMLM"": 6, ""QQQ"": 1, ""SPY"": 0.7, ""TQQQ"": 1.5}",0.03000000,tests/data/2026-08-20-net15,BTAL75+DBMF25,,3m+2,0.06405251,0.29475362,0.06331458,0.28864598,40355.57899471,28000.00000000,12355.57899471,0.44127068,0.17228930,0.18776152,1.01225406,0.17225878,1.48318230,0.96837106,-0.17791661,553,2023,0.41878270,2022,-0.14617410,100389.43520536,33.71978977,0.75562383,0.00120428,0.49465905,0.17031187,0.16397042,0.05665592,,,,,0.33858124,0.13457961
VT TQQQ/BTAL75+DBMF25 t20 w0-80 QQQ:VOL_EWMA80 gate QQQ<SMA200 rb 1w,sens,sens_2020-12-18,2020-12-18,2023-12-18,false,true,"{""*"": 6, ""BTAL"": 6, ""DBMF"": 2.5, ""KMLM"": 6, ""QQQ"": 1, ""SPY"": 0.7, ""TQQQ"": 1.5}",0.03000000,tests/data/2026-08-20-net15,BTAL75+DBMF25,QQQ<SMA200,1w,0.04818634,0.28468274,0.04761509,0.28468625,39088.76842179,28000.00000000,11088.76842179,0.39602744,0.15917703,0.17064416,0.89392564,0.18498281,1.28207242,0.89824061,-0.17720979,162,2023,0.30324362,2022,-0.06840976,450899.47835501,151.26582115,3.37687292,0.00540235,0.51363689,0.14919282,0.17065457,0.04861894,,,,,0.31412883,0.04126109
VT TQQQ/BTAL75+DBMF25 t20 w0-80 QQQ:VOL_EWMA80 gate QQQ<SMA200 rb 2w,sens,sens_2020-12-18,2020-12-18,2023-12-18,false,true,"{""*"": 6, ""BTAL"": 6, ""DBMF"": 2.5, ""KMLM"": 6, ""QQQ"": 1, ""SPY"": 0.7, ""TQQQ"": 1.5}",0.03000000,tests/data/2026-08-20-net15,BTAL75+DBMF25,QQQ<SMA200,2w,0.05789279,0.35502871,0.05731654,0.35503021,38641.43862859,28000.00000000,10641.43862859,0.38005138,0.14639316,0.16450312,0.82154526,0.18850217,1.18615296,0.84962390,-0.17230349,161,2023,0.31020953,2022,-0.07976115,309085.20021461,104.09253162,2.38304262,0.00371759,0.50751986,0.14872668,0.16863679,0.04898819,,,,,0.32211896,0.04430175
VT TQQQ/BTAL75+DBMF25 t20 w0-80 QQQ:VOL_EWMA80 gate QQQ<SMA200 rb 2w+1,sens,sens_2020-12-18,2020-12-18,2023-12-18,false,true,"{""*"": 6, ""BTAL"": 6, ""DBMF"": 2.5, ""KMLM"": 6, ""QQQ"": 1, ""SPY"": 0.7, ""TQQQ"": 1.5}",0.03000000,tests/data/2026-08-20-net15,BTAL75+DBMF25,QQQ<SMA200,2w+1,0.06411055,0.35874343,0.06348706,0.35400295,38491.67874224,28000.00000000,10491.67874224,0.37470281,0.14583735,0.16243559,0.81986672,0.18830997,1.15698348,0.76532642,-0.19055575,160,2023,0.28911340,2022,-0.04944883,270738.28465576,90.58057487,2.07233620,0.00323502,0.51350600,0.16143742,0.17076424,0.05295622,,,,,0.31402450,0.04131506
VT TQQQ/BTAL75+DBMF25 t20 w0-80 QQQ:VOL_EWMA80 gate QQQ<SMA200,sens,sens_2020-12-18,2020-12-18,2023-12-18,false,true,"{""*"": 6, ""BTAL"": 6, ""DBMF"": 2.5, ""KMLM"": 6, ""QQQ"": 1, ""SPY"": 0.7, ""TQQQ"": 1.5}",0.03000000,tests/data/2026-08-20-net15,BTAL75+DBMF25,QQQ<SMA200,,0.03907943,0.23271690,0.03852217,0.23272072,40117.34744028,28000.00000000,12117.34744028,0.43276241,0.16747072,0.18457270,0.91557374,0.18929838,1.32271855,0.87827026,-0.19068245,167,2023,0.33195622,2022,-0.07342515,156590.86117114,52.45232719,1.18282804,0.00187330,0.50378821,0.14872668,0.16747807,0.04898819,,,,,0.32717340,0.04055717
VT TQQQ/BTAL75+DBMF25 t20 w0-80 QQQ:VOL_EWMA80 gate QQQ<SMA200 rb 2m,sens,sens_2020-12-18,2020-12-18,2023-12-18,false,true,"{""*"": 6, ""BTAL"": 6, ""DBMF"": 2.5, ""KMLM"": 6, ""QQQ"": 1, ""SPY"": 0.7, ""TQQQ"": 1.5}",0.03000000,tests/data/2026-08-20-net15,BTAL75+DBMF25,QQQ<SMA200,2m,0.08792791,0.51328723,0.08683051,0.50820073,38888.06095732,28000.00000000,10888.06095732,0.38885932,0.16263226,0.16789519,0.83194957,0.20779135,1.18109123,0.78228690,-0.20789337,160,2021,0.35272226,2022,-0.12358723,91036.75712130,31.41311176,0.67483526,0.00112190,0.48728067,0.14872668,0.16194873,0.04898819,,,,,0.34860823,0.05507836
VT TQQQ/BTAL75+DBMF25 t20 w0-80 QQQ:VOL_EWMA80 gate QQQ<SMA200 rb 2m+1,sens,sens_2020-12-18,2020-12-18,2023-12-18,false,true,"{""*"": 6, ""BTAL"": 6, ""DBMF"": 2.5, ""KMLM"": 6, ""QQQ"": 1, ""SPY"": 0.7, ""TQQQ"": 1.5}",0.03000000,tests/data/2026-08-20-net15,BTAL75+DBMF25,QQQ<SMA200,2m+1,0.07235276,0.23274972,0.07178004,0.23275455,40585.73485005,28000.00000000,12585.73485005,0.44949053,0.17236760,0.19082925,1.01126136,0.17254076,1.47310932,1.02435134,-0.16827000,154,2023,0.33343508,2022,-0.04187883,95604.34510390,32.28012977,0.72291815,0.00115286,0.51541911,0.16985558,0.17202445,0.05634130,,,,,0.31040261,0.04052335
VT TQQQ/BTAL75+DBMF25 t20 w0-80 QQQ:VOL_EWMA80 gate QQQ<SMA200 rb 3m,sens,sens_2020-12-18,2020-12-18,2023-12-18,false,true,"{""*"": 6, ""BTAL"": 6, ""DBMF"": 2.5, ""KMLM"": 6, ""QQQ"": 1, ""SPY"": 0.7, ""TQQQ"": 1.5}",0.03000000,tests/data/2026-08-20-net15,BTAL75+DBMF25,QQQ<SMA200,3m,0.10210617,0.51783964,0.10069714,0.50983659,35914.93316507,28000.00000000,7914.93316507,0.28267618,0.11565334,0.12590368,0.59918471,0.22602797,0.84347635,0.45311394,-0.25524119,160,2021,0.27024868,2022,-0.15454119,79538.14399915,27.64758308,0.63501666,0.00098741,0.47945749,0.14872668,0.16020394,0.04898819,,,,,0.35752662,0.06915021
VT TQQQ/BTAL75+DBMF25 t20 w0-80 QQQ:VOL_EWMA80 gate QQQ<SMA200 rb 3m+1,sens,sens_2020-12-18,2020-12-18,2023-12-18,false,true,"{""*"": 6, ""BTAL"": 6, ""DBMF"": 2.5, ""KMLM"": 6, ""QQQ"": 1, ""SPY"": 0.7, ""TQQQ"": 1.5}",0.03000000,tests/data/2026-08-20-net15,BTAL75+DBMF25,QQQ<SMA200,3m+1,0.09200603,0.34274051,0.09111695,0.34274198,37290.49838230,28000.00000000,9290.49838230,0.33180351,0.13948548,0.14563607,0.77020751,0.19477804,1.09836839,0.69109666,-0.20183209,564,2021,0.32093764,2022,-0.11415022,66667.30208830,23.39665544,0.50589254,0.00083559,0.49960176,0.25654604,0.16703292,0.08317512,,,,,0.33078876,0.04037680
VT TQQQ/BTAL75+DBMF25 t20 w0-80 QQQ:VOL_EWMA80 gate QQQ<SMA200 rb 3m+2,sens,sens_2020-12-18,2020-12-18,2023-12-18,false,true,"{""*"": 6, ""BTAL"": 6, ""DBMF"": 2.5, ""KMLM"": 6, ""QQQ"": 1, ""SPY"": 0.7, ""TQQQ"": 1.5}",0.03000000,tests/data/2026-08-20-net15,BTAL75+DBMF25,QQQ<SMA200,3m+2,0.08810092,0.29475362,0.08738921,0.28864598,41664.12726008,28000.00000000,13664.12726008,0.48800455,0.18981537,0.20503684,1.08853652,0.17418300,1.59144246,1.09413875,-0.17348382,144,2023,0.37762925,2022,-0.08066468,102248.33942301,35.22273461,0.75218881,0.00125795,0.51333187,0.17020586,0.17034959,0.05676832,,,,,0.31389906,0.05299276
VT TQQQ/BTAL50+KMLM50 t20 w0-80 QQQ:VOL_EWMA80 rb 1w,sens,sens_2020-12-18,2020-12-18,2023-12-18,false,true,"{""*"": 6, ""BTAL"": 6, ""DBMF"": 2.5, ""KMLM"": 6, ""QQQ"": 1, ""SPY"": 0.7, ""TQQQ"": 1.5}",0.03000000,tests/data/2026-08-20-net15,BTAL50+KMLM50,,1w,0.00757881,0.25160752,0.00685068,0.25160891,40633.62658444,28000.00000000,12633.62658444,0.45120095,0.18117705,0.19146601,0.95932984,0.19378864,1.37229596,1.03178744,-0.17559532,544,2023,0.44842641,2022,-0.12513413,549554.38466639,207.12702014,4.01111961,0.00739739,0.32117958,0.09913331,,,0.32081913,0.09891049,,,0.35629124,0.12578031
VT TQQQ/BTAL50+KMLM50 t20 w0-80 QQQ:VOL_EWMA80 rb 2w,sens,sens_2020-12-18,2020-12-18,2023-12-18,false,true,"{""*"": 6, ""BTAL"": 6, ""DBMF"": 2.5, ""KMLM"": 6, ""QQQ"": 1, ""SPY"": 0.7, ""TQQQ"": 1.5}",0.03000000,tests/data/2026-08-20-net15,BTAL50+KMLM50,,2w,0.02221541,0.35571025,0.02143564,0.35571168,40850.84117189,28000.00000000,12850.84117189,0.45895861,0.17807708,0.19434719,0.93182699,0.19741198,1.34577052,0.94459839,-0.18852148,545,2023,0.48160473,2022,-0.13034511,354515.12706053,134.13169747,2.62922353,0.00479042,0.31910741,0.09957163,,,0.31869197,0.09917898,,,0.36026180,0.13789435
VT TQQQ/BTAL50+KMLM50 t20 w0-80 QQQ:VOL_EWMA80 rb 2w+1,sens,sens_2020-12-18,2020-12-18,2023-12-18,false,true,"{""*"": 6, ""BTAL"": 6, ""DBMF"": 2.5, ""KMLM"": 6, ""QQQ"": 1, ""SPY"": 0.7, ""TQQQ"": 1.5}",0.03000000,tests/data/2026-08-20-net15,BTAL50+KMLM50,,2w+1,0.02341211,0.35414668,0.02238864,0.34915259,38905.38516056,28000.00000000,10905.38516056,0.38947804,0.15391741,0.16813288,0.82789242,0.19704436,1.16371345,0.81365328,-0.18916830,552,2023,0.45746109,2022,-0.15672591,323491.24311408,121.50338909,2.45418711,0.00433941,0.31950119,0.10734185,,,0.31942958,0.10718773,,,0.35892985,0.12591880
VT TQQQ/BTAL50+KMLM50 t20 w0-80 QQQ:VOL_EWMA80,sens,sens_2020-12-18,2020-12-18,2023-12-18,false,true,"{""*"": 6, ""BTAL"": 6, ""DBMF"": 2.5, ""KMLM"": 6, ""QQQ"": 1, ""SPY"": 0.7, ""TQQQ"": 1.5}",0.03000000,tests/data/2026-08-20-net15,BTAL50+KMLM50,,,0.00166382,0.00374295,0.00089451,0.00173516,42214.62910420,28000.00000000,14214.62910420,0.50766533,0.19854927,0.21218675,1.03117473,0.19465747,1.49000882,1.18412244,-0.16767630,543,2023,0.48536364,2022,-0.13039694,180018.13987406,67.40016328,1.31008913,0.00240715,0.31683261,0.09988652,,,0.31660261,0.09942933,,,0.36485607,0.13875850
VT TQQQ/BTAL50+KMLM50 t20 w0-80 QQQ:VOL_EWMA80 rb 2m,sens,sens_2020-12-18,2020-12-18,2023-12-18,false,true,"{""*"": 6, ""BTAL"": 6, ""DBMF"": 2.5, ""KMLM"": 6, ""QQQ"": 1, ""SPY"": 0.7, ""TQQQ"": 1.5}",0.03000000,tests/data/2026-08-20-net15,BTAL50+KMLM50,,2m,0.06340746,0.51122532,0.06209418,0.50770499,41051.92161792,28000.00000000,13051.92161792,0.46614006,0.19484692,0.19700445,0.93600390,0.21582895,1.33061611,1.01107578,-0.19271248,150,2023,0.42409374,2022,-0.14392613,88266.81982663,33.82966574,0.62536949,0.00120820,0.30640618,0.09988652,,,0.30674825,0.09942933,,,0.38452513,0.12584925
VT TQQQ/BTAL50+KMLM50 t20 w0-80 QQQ:VOL_EWMA80 rb 2m+1,sens,sens_2020-12-18,2020-12-18,2023-12-18,false,true,"{""*"": 6, ""BTAL"": 6, ""DBMF"": 2.5, ""KMLM"": 6, ""QQQ"": 1, ""SPY"": 0.7, ""TQQQ"": 1.5}",0.03000000,tests/data/2026-08-20-net15,BTAL50+KMLM50,,2m+1,0.04524008,0.23359151,0.04450709,0.23359638,40791.89579467,28000.00000000,12791.89579467,0.45685342,0.17971159,0.19356643,1.02617341,0.17688876,1.48119223,1.19894430,-0.14989153,552,2023,0.41851661,2022,-0.10534396,100583.75416474,37.55721055,0.75358816,0.00134133,0.32739306,0.11354380,,,0.32924709,0.11295173,,,0.34118703,0.13874875
VT TQQQ/BTAL50+KMLM50 t20 w0-80 QQQ:VOL_EWMA80 rb 3m,sens,sens_2020-12-18,2020-12-18,2023-12-18,false,true,"{""*"": 6, ""BTAL"": 6, ""DBMF"": 2.5, ""KMLM"": 6, ""QQQ"": 1, ""SPY"": 0.7, ""TQQQ"": 1.5}",0.03000000,tests/data/2026-08-20-net15,BTAL50+KMLM50,,3m,0.07735997,0.51122532,0.07557328,0.50770499,40085.47305830,28000.00000000,12085.47305830,0.43162404,0.17165220,0.18414500,0.78952213,0.23704789,1.11603727,0.69353186,-0.24750441,150,2023,0.47822668,2022,-0.16722695,81992.73865875,31.50847240,0.61481474,0.00112530,0.29780886,0.09988652,,,0.30188868,0.09942933,,,0.39751064,0.15574704
VT TQQQ/BTAL50+KMLM50 t20 w0-80 QQQ:VOL_EWMA80 rb 3m+1,sens,sens_2020-12-18,2020-12-18,2023-12-18,false,true,"{""*"": 6, ""BTAL"": 6, ""DBMF"": 2.5, ""KMLM"": 6, ""QQQ"": 1, ""SPY"": 0.7, ""TQQQ"": 1.5}",0.03000000,tests/data/2026-08-20-net15,BTAL50+KMLM50,,3m+1,0.07139520,0.34171509,0.07023152,0.34171653,38132.15681525,28000.00000000,10132.15681525,0.36186274,0.15837717,0.15744806,0.84894073,0.19657990,1.20627871,0.74239598,-0.21333247,573,2021,0.35515157,2022,-0.16500171,64653.39056252,25.20765257,0.47611776,0.00090027,0.31954617,0.17025220,,,0.32303408,0.17041518,,,0.35455797,0.09389702
VT TQQQ/BTAL50+KMLM50 t20 w0-80 QQQ:VOL_EWMA80 rb 3m+2,sens,sens_2020-12-18,2020-12-18,2023-12-18,false,true,"{""*"": 6, ""BTAL"": 6, ""DBMF"": 2.5, ""KMLM"": 6, ""QQQ"": 1, ""SPY"": 0.7, ""TQQQ"": 1.5}",0.03000000,tests/data/2026-08-20-net15,BTAL50+KMLM50,,3m+2,0.06379403,0.28967672,0.06286426,0.28416770,41835.84381855,28000.00000000,13835.84381855,0.49413728,0.19813986,0.20727442,1.11111140,0.17746801,1.61357072,1.13488340,-0.17459050,552,2023,0.44556038,2022,-0.12203579,102612.47229769,39.11241448,0.74214035,0.00139687,0.33014098,0.11355046,,,0.32846297,0.11316045,,,0.33853309,0.13862847
VT TQQQ/BTAL50+KMLM50 t20 w0-80 QQQ:VOL_EWMA80 gate QQQ<SMA200 rb 1w,sens,sens_2020-12-18,2020-12-18,2023-12-18,false,true,"{""*"": 6, ""BTAL"": 6, ""DBMF"": 2.5, ""KMLM"": 6, ""QQQ"": 1, ""SPY"": 0.7, ""TQQQ"": 1.5}",0.03000000,tests/data/2026-08-20-net15,BTAL50+KMLM50,QQQ<SMA200,1w,0.04888688,0.28426082,0.04831880,0.28426407,40390.52716599,28000.00000000,12390.52716599,0.44251883,0.18253279,0.18822816,0.98093011,0.18995311,1.39063911,1.15107684,-0.15857568,140,2023,0.32797789,2022,-0.04249594,468411.73486661,179.58942078,3.38073116,0.00641391,0.34263760,0.09913331,,,0.34229548,0.09891049,,,0.31346349,0.04139239
VT TQQQ/BTAL50+KMLM50 t20 w0-80 QQQ:VOL_EWMA80 gate QQQ<SMA200 rb 2w,sens,sens_2020-12-18,2020-12-18,2023-12-18,false,true,"{""*"": 6, ""BTAL"": 6, ""DBMF"": 2.5, ""KMLM"": 6, ""QQQ"": 1, ""SPY"": 0.7, ""TQQQ"": 1.5}",0.03000000,tests/data/2026-08-20-net15,BTAL50+KMLM50,QQQ<SMA200,2w,0.05880137,0.35547427,0.05821712,0.35547573,39939.75234106,28000.00000000,11939.75234106,0.42641973,0.17034995,0.18218653,0.91271834,0.19347479,1.30183489,1.07736493,-0.15811722,552,2023,0.33460412,2022,-0.05341678,321205.53621569,123.85748848,2.38393582,0.00442348,0.33866376,0.09957163,,,0.33824430,0.09917898,,,0.32123841,0.04434085
VT TQQQ/BTAL50+KMLM50 t20 w0-80 QQQ:VOL_EWMA80 gate QQQ<SMA200 rb 2w+1,sens,sens_2020-12-18,2020-12-18,2023-12-18,false,true,"{""*"": 6, ""BTAL"": 6, ""DBMF"": 2.5, ""KMLM"": 6, ""QQQ"": 1, ""SPY"": 0.7, ""TQQQ"": 1.5}",0.03000000,tests/data/2026-08-20-net15,BTAL50+KMLM50,QQQ<SMA200,2w+1,0.06478309,0.35414668,0.06404734,0.34915259,39883.62688107,28000.00000000,11883.62688107,0.42441525,0.17119867,0.18143082,0.92040444,0.19249607,1.28590023,0.98859290,-0.17317408,150,2023,0.31637781,2022,-0.02379856,282438.30893099,108.33034885,2.07710543,0.00386894,0.34249886,0.10734185,,,0.34242787,0.10718773,,,0.31315712,0.04139083
VT TQQQ/BTAL50+KMLM50 t20 w0-80 QQQ:VOL_EWMA80 gate QQQ<SMA200,sens,sens_2020-12-18,2020-12-18,2023-12-18,false,true,"{""*"": 6, ""BTAL"": 6, ""DBMF"": 2.5, ""KMLM"": 6, ""QQQ"": 1, ""SPY"": 0.7, ""TQQQ"": 1.5}",0.03000000,tests/data/2026-08-20-net15,BTAL50+KMLM50,QQQ<SMA200,,0.03987453,0.23306855,0.03931524,0.23307415,42051.37206960,28000.00000000,14051.37206960,0.50183472,0.20115592,0.21007347,1.04518951,0.19402619,1.49292955,1.24776413,-0.16121310,157,2023,0.36380585,2022,-0.04669946,163976.20831074,63.16464106,1.17748412,0.00225588,0.33621823,0.09988652,,,0.33599355,0.09942933,,,0.32629680,0.04020374
VT TQQQ/BTAL50+KMLM50 t20 w0-80 QQQ:VOL_EWMA80 gate QQQ<SMA200 rb 2m,sens,sens_2020-12-18,2020-12-18,2023-12-18,false,true,"{""*"": 6, ""BTAL"": 6, ""DBMF"": 2.5, ""KMLM"": 6, ""QQQ"": 1, ""SPY"": 0.7, ""TQQQ"": 1.5}",0.03000000,tests/data/2026-08-20-net15,BTAL50+KMLM50,QQQ<SMA200,2m,0.08827363,0.51122532,0.08725309,0.50770499,40288.41985283,28000.00000000,12288.41985283,0.43887214,0.18648625,0.18686396,0.91378462,0.21261777,1.28778405,0.96769161,-0.19271248,150,2021,0.35993371,2022,-0.10174645,93976.41303805,37.35892161,0.67113052,0.00133425,0.32463157,0.09988652,,,0.32512198,0.09942933,,,0.34821995,0.05556691
VT TQQQ/BTAL50+KMLM50 t20 w0-80 QQQ:VOL_EWMA80 gate QQQ<SMA200 rb 2m+1,sens,sens_2020-12-18,2020-12-18,2023-12-18,false,true,"{""*"": 6, ""BTAL"": 6, ""DBMF"": 2.5, ""KMLM"": 6, ""QQQ"": 1, ""SPY"": 0.7, ""TQQQ"": 1.5}",0.03000000,tests/data/2026-08-20-net15,BTAL50+KMLM50,QQQ<SMA200,2m+1,0.07310880,0.23359151,0.07251128,0.23359638,42378.16988996,28000.00000000,14378.16988996,0.51350607,0.20316561,0.21429777,1.13541320,0.17735719,1.62722189,1.48785058,-0.13654974,147,2023,0.36682901,2022,-0.01506522,98951.06086271,38.57367968,0.71509231,0.00137763,0.34326678,0.11352029,,,0.34513617,0.11322765,,,0.30953754,0.04040058
VT TQQQ/BTAL50+KMLM50 t20 w0-80 QQQ:VOL_EWMA80 gate QQQ<SMA200 rb 3m,sens,sens_2020-12-18,2020-12-18,2023-12-18,false,true,"{""*"": 6, ""BTAL"": 6, ""DBMF"": 2.5, ""KMLM"": 6, ""QQQ"": 1, ""SPY"": 0.7, ""TQQQ"": 1.5}",0.03000000,tests/data/2026-08-20-net15,BTAL50+KMLM50,QQQ<SMA200,3m,0.10180695,0.51122532,0.10038179,0.50770499,37161.80128446,28000.00000000,9161.80128446,0.32720719,0.13753957,0.14381276,0.67768847,0.22997445,0.94639474,0.55570554,-0.24750441,150,2023,0.30478649,2022,-0.13650862,82073.71994930,32.76053076,0.63481311,0.00117002,0.31801435,0.09988652,,,0.32239181,0.09942933,,,0.35677386,0.07110151
VT TQQQ/BTAL50+KMLM50 t20 w0-80 QQQ:VOL_EWMA80 gate QQQ<SMA200 rb 3m+1,sens,sens_2020-12-18,2020-12-18,2023-12-18,false,true,"{""*"": 6, ""BTAL"": 6, ""DBMF"": 2.5, ""KMLM"": 6, ""QQQ"": 1, ""SPY"": 0.7, ""TQQQ"": 1.5}",0.03000000,tests/data/2026-08-20-net15,BTAL50+KMLM50,QQQ<SMA200,3m+1,0.09264423,0.34181982,0.09159771,0.34182124,38800.39592446,28000.00000000,10800.39592446,0.38572843,0.16873767,0.16669124,0.88347984,0.19972793,1.24657722,0.79096104,-0.21333247,570,2021,0.35515157,2022,-0.09462867,68017.07903688,27.47824687,0.49271303,0.00098137,0.33211180,0.17025220,,,0.33524925,0.17041518,,,0.33005873,0.04020306
VT TQQQ/BTAL50+KMLM50 t20 w0-80 QQQ:VOL_EWMA80 gate QQQ<SMA200 rb 3m+2,sens,sens_2020-12-18,2020-12-18,2023-12-18,false,true,"{""*"": 6, ""BTAL"": 6, ""DBMF"": 2.5, ""KMLM"": 6, ""QQQ"": 1, ""SPY"": 0.7, ""TQQQ"": 1.5}",0.03000000,tests/data/2026-08-20-net15,BTAL50+KMLM50,QQQ<SMA200,3m+2,0.08909703,0.28967672,0.08816661,0.28416770,43213.37660733,28000.00000000,15213.37660733,0.54333488,0.21618902,0.22498755,1.18612863,0.17916049,1.70880128,1.37803602,-0.15688198,140,2023,0.40557595,2022,-0.05566501,105033.37257470,41.27975757,0.74182237,0.00147428,0.34316739,0.11315038,,,0.34122824,0.11322936,,,0.31277371,0.05269310
TQQQ50/BTAL50 rb 1w,sens,sens_2020-12-18,2020-12-18,2023-12-18,true,true,"{""*"": 6, ""BTAL"": 6, ""DBMF"": 2.5, ""KMLM"": 6, ""QQQ"": 1, ""SPY"": 0.7, ""TQQQ"": 1.5}",0.03000000,tests/data/2026-08-20-net15,,,,0.00252662,0.05047223,0.00223893,0.05047763,35933.31415792,28000.00000000,7933.31415792,0.28333265,0.09709773,0.12617098,0.45676318,0.30663995,0.64678527,0.21451457,-0.45263934,,2023,0.67673084,2022,-0.42717390,155216.23667903,58.38766334,1.30306296,0.00208527,0.49941613,0.46363323,,,,,,,0.49935611,0.44952237
50/50,sens,sens_2020-12-18,2020-12-18,2023-12-18,true,true,"{""*"": 6, ""BTAL"": 6, ""DBMF"": 2.5, ""KMLM"": 6, ""QQQ"": 1, ""SPY"": 0.7, ""TQQQ"": 1.5}",0.03000000,tests/data/2026-08-20-net15,,,,0.00123473,0.00318041,0.00087164,0.00175609,36269.63089447,28000.00000000,8269.63089447,0.29534396,0.09866986,0.13104410,0.46645487,0.29729703,0.66053054,0.22051897,-0.44744386,,2023,0.70299857,2022,-0.42506651,76692.66824418,29.11822233,0.64641791,0.00103994,0.49939823,0.49856868,,,,,,,0.49934521,0.49824391
TQQQ50/BTAL50 rb 3m,sens,sens_2020-12-18,2020-12-18,2023-12-18,true,true,"{""*"": 6, ""BTAL"": 6, ""DBMF"": 2.5, ""KMLM"": 6, ""QQQ"": 1, ""SPY"": 0.7, ""TQQQ"": 1.5}",0.03000000,tests/data/2026-08-20-net15,,,,0.03692120,0.15335385,0.03683582,0.15335885,37175.10361887,28000.00000000,9175.10361887,0.32768227,0.11255555,0.14400143,0.51039400,0.29496338,0.72962328,0.25765673,-0.43684304,,2023,0.73350451,2022,-0.41265415,57669.44427586,21.69771392,0.47701139,0.00077492,0.49145282,0.39814364,,,,,,,0.50639730,0.34664115
TQQQ50/BTAL50 gate QQQ<SMA200 rb 1w,sens,sens_2020-12-18,2020-12-18,2023-12-18,true,true,"{""*"": 6, ""BTAL"": 6, ""DBMF"": 2.5, ""KMLM"": 6, ""QQQ"": 1, ""SPY"": 0.7, ""TQQQ"": 1.5}",0.03000000,tests/data/2026-08-20-net15,,,,0.08810674,0.38125297,0.08791655,0.38126011,37000.62024253,28000.00000000,9000.62024253,0.32145072,0.11954121,0.14152270,0.60954028,0.22885503,0.87555763,0.34891854,-0.34260492,715,2023,0.44726448,2022,-0.29481269,111059.38311924,43.38023687,0.89924854,0.00154929,0.58599021,0.46380573,,,,,,,0.41304005,0.11873989
TQQQ50/BTAL50 gate QQQ<SMA200,sens,sens_2020-12-18,2020-12-18,2023-12-18,true,true,"{""*"": 6, ""BTAL"": 6, ""DBMF"": 2.5, ""KMLM"": 6, ""QQQ"": 1, ""SPY"": 0.7, ""TQQQ"": 1.5}",0.03000000,tests/data/2026-08-20-net15,,,,0.09090206,0.39663067,0.09064370,0.39663758,38601.69899670,28000.00000000,10601.69899670,0.37863211,0.13906318,0.16395506,0.69643270,0.22345303,1.00760276,0.44870436,-0.30992162,683,2023,0.47100494,2022,-0.25830154,69569.44577792,28.03217122,0.55267323,0.00100115,0.58945082,0.49856868,,,,,,,0.40947926,0.10336242
TQQQ50/BTAL50 gate QQQ<SMA200 rb 3m,sens,sens_2020-12-18,2020-12-18,2023-12-18,true,true,"{""*"": 6, ""BTAL"": 6, ""DBMF"": 2.5, ""KMLM"": 6, ""QQQ"": 1, ""SPY"": 0.7, ""TQQQ"": 1.5}",0.03000000,tests/data/2026-08-20-net15,,,,0.12228170,0.39642646,0.12221283,0.39643365,36490.09081445,28000.00000000,8490.09081445,0.30321753,0.11429921,0.13422053,0.60191308,0.22101156,0.86010137,0.37406782,-0.30555746,716,2023,0.38050090,2022,-0.25899500,54182.09516141,21.99773045,0.44056451,0.00078563,0.59746638,0.43557937,,,,,,,0.40064444,0.10356635
SPY benchmark,sens,sens_2020-12-18,2020-12-18,2023-12-18,true,true,"{""*"": 6, ""BTAL"": 6, ""DBMF"": 2.5, ""KMLM"": 6, ""QQQ"": 1, ""SPY"": 0.7, ""TQQQ"": 1.5}",0.03000000,tests/data/2026-08-20-net15,,,,0.01027565,0.02938556,0.01027746,0.02941953,34058.01624189,28000.00000000,6058.01624189,0.21635772,0.09830423,0.09836609,0.62673654,0.17438163,0.89726488,0.40201204,-0.24453056,709,2021,0.28166993,2022,-0.18247338,28012.03605312,1.96084252,0.22351374,0.00007003,,,,,,,0.98972254,0.97058047,,
VT TQQQ/BTAL75+KMLM25 t20 w0-80 QQQ:VOL_EWMA80 rb 1w,sens,sens_2021-06-18,2021-06-18,2024-06-18,false,true,"{""*"": 6, ""BTAL"": 6, ""DBMF"": 2.5, ""KMLM"": 6, ""QQQ"": 1, ""SPY"": 0.7, ""TQQQ"": 1.5}",0.03000000,tests/data/2026-08-20-net15,BTAL75+KMLM25,,1w,0.00895261,0.25132249,0.00814970,0.25132401,46970.32593908,28000.00000000,18970.32593908,0.67751164,0.24571699,0.27108053,1.36713024,0.17204665,2.05781346,1.47876867,-0.16616324,542,2023,0.43365951,2022,-0.13412811,604446.05038725,227.53810529,4.28130301,0.00812636,0.47468967,0.14947472,,,0.15755900,0.04845206,,,0.36592725,0.12556823
VT TQQQ/BTAL75+KMLM25 t20 w0-80 QQQ:VOL_EWMA80 rb 2w,sens,sens_2021-06-18,2021-06-18,2024-06-18,false,true,"{""*"": 6, ""BTAL"": 6, ""DBMF"": 2.5, ""KMLM"": 6, ""QQQ"": 1, ""SPY"": 0.7, ""TQQQ"": 1.5}",0.03000000,tests/data/2026-08-20-net15,BTAL75+KMLM25,,2w,0.02374715,0.35456036,0.02276278,0.35456191,48473.83285261,28000.00000000,20473.83285261,0.73120832,0.25944966,0.28885134,1.39271876,0.17746242,2.11535872,1.40679896,-0.18442554,545,2023,0.46806943,2022,-0.14093050,371380.11833048,140.21383972,2.62189286,0.00500764,0.47049229,0.14956907,,,0.15609593,0.04890815,,,0.37131717,0.13795546
VT TQQQ/BTAL75+KMLM25 t20 w0-80 QQQ:VOL_EWMA80 rb 2w+1,sens,sens_2021-06-18,2021-06-18,2024-06-18,false,true,"{""*"": 6, ""BTAL"": 6, ""DBMF"": 2.5, ""KMLM"": 6, ""QQQ"": 1, ""SPY"": 0.7, ""TQQQ"": 1.5}",0.03000000,tests/data/2026-08-20-net15,BTAL75+KMLM25,,2w+1,0.02037649,0.25131184,0.01946245,0.25131340,47158.34627268,28000.00000000,19158.34627268,0.68422665,0.24150025,0.27332508,1.36188204,0.16995616,2.04071916,1.32614110,-0.18210751,512,2023,0.44265596,2022,-0.16568482,363473.06604344,136.74792199,2.62206415,0.00488385,0.47556731,0.16157869,,,0.15797429,0.05381508,,,0.36439212,0.12603518
VT TQQQ/BTAL75+KMLM25 t20 w0-80 QQQ:VOL_EWMA80,sens,sens_2021-06-18,2021-06-18,2024-06-18,false,true,"{""*"": 6, ""BTAL"": 6, ""DBMF"": 2.5, ""KMLM"": 6, ""QQQ"": 1, ""SPY"": 0.7, ""TQQQ"": 1.5}",0.03000000,tests/data/2026-08-20-net15,BTAL75+KMLM25,,,0.00146070,0.00421763,0.00082031,0.00251271,47058.21550553,28000.00000000,19058.21550553,0.68065055,0.24312430,0.27213055,1.32530771,0.17649658,1.96615041,1.46788639,-0.16562883,544,2023,0.47545854,2022,-0.14161957,232931.71224230,87.40714704,1.66277603,0.00312168,0.46643009,0.17009251,,,0.15499361,0.05616209,,,0.37706870,0.13840580
VT TQQQ/BTAL75+KMLM25 t20 w0-80 QQQ:VOL_EWMA80 rb 2m,sens,sens_2021-06-18,2021-06-18,2024-06-18,false,true,"{""*"": 6, ""BTAL"": 6, ""DBMF"": 2.5, ""KMLM"": 6, ""QQQ"": 1, ""SPY"": 0.7, ""TQQQ"": 1.5}",0.03000000,tests/data/2026-08-20-net15,BTAL75+KMLM25,,2m,0.06785443,0.34192710,0.06641344,0.34192860,47441.95042650,28000.00000000,19441.95042650,0.69435537,0.25368342,0.27669852,1.35532490,0.17917729,2.06134447,1.45559475,-0.17428163,508,2023,0.40377266,2022,-0.15032515,95721.24076361,36.85322885,0.67082313,0.00131619,0.46709090,0.24239846,,,0.15497352,0.07655296,,,0.37536001,0.12571958
VT TQQQ/BTAL75+KMLM25 t20 w0-80 QQQ:VOL_EWMA80 rb 2m+1,sens,sens_2021-06-18,2021-06-18,2024-06-18,false,true,"{""*"": 6, ""BTAL"": 6, ""DBMF"": 2.5, ""KMLM"": 6, ""QQQ"": 1, ""SPY"": 0.7, ""TQQQ"": 1.5}",0.03000000,tests/data/2026-08-20-net15,BTAL75+KMLM25,,2m+1,0.04612440,0.36983088,0.04519197,0.36817682,48240.83325348,28000.00000000,20240.83325348,0.72288690,0.24370739,0.28612363,1.30876367,0.17949097,1.95591719,1.59791365,-0.15251599,513,2023,0.40762233,2022,-0.12063702,142502.81358405,53.61669691,1.05091962,0.00191488,0.46528006,0.13862956,,,0.15472680,0.04862048,,,0.37759928,0.13602731
VT TQQQ/BTAL75+KMLM25 t20 w0-80 QQQ:VOL_EWMA80 rb 3m,sens,sens_2021-06-18,2021-06-18,2024-06-18,false,true,"{""*"": 6, ""BTAL"": 6, ""DBMF"": 2.5, ""KMLM"": 6, ""QQQ"": 1, ""SPY"": 0.7, ""TQQQ"": 1.5}",0.03000000,tests/data/2026-08-20-net15,BTAL75+KMLM25,,3m,0.06973764,0.37002548,0.06746929,0.36753564,50832.14228697,28000.00000000,22832.14228697,0.81543365,0.26432002,0.31594277,1.28516524,0.19839114,1.92314552,1.37010317,-0.19291980,515,2023,0.45627809,2022,-0.17457129,63759.88401531,24.41664408,0.46677921,0.00087202,0.43380936,0.19383531,,,0.14469285,0.06273098,,,0.41820815,0.15478698
VT TQQQ/BTAL75+KMLM25 t20 w0-80 QQQ:VOL_EWMA80 rb 3m+1,sens,sens_2021-06-18,2021-06-18,2024-06-18,false,true,"{""*"": 6, ""BTAL"": 6, ""DBMF"": 2.5, ""KMLM"": 6, ""QQQ"": 1, ""SPY"": 0.7, ""TQQQ"": 1.5}",0.03000000,tests/data/2026-08-20-net15,BTAL75+KMLM25,,3m+1,0.08262892,0.34162837,0.08131652,0.34162998,42877.13956386,28000.00000000,14877.13956386,0.53132641,0.19790904,0.22052345,1.14863739,0.17034756,1.67932227,0.94937982,-0.20846140,567,2023,0.31544876,2022,-0.17653735,56436.19640605,22.12785498,0.42036700,0.00079028,0.48688707,0.25634310,,,0.16200673,0.08494387,,,0.34788167,0.09268715
VT TQQQ/BTAL75+KMLM25 t20 w0-80 QQQ:VOL_EWMA80 rb 3m+2,sens,sens_2021-06-18,2021-06-18,2024-06-18,false,true,"{""*"": 6, ""BTAL"": 6, ""DBMF"": 2.5, ""KMLM"": 6, ""QQQ"": 1, ""SPY"": 0.7, ""TQQQ"": 1.5}",0.03000000,tests/data/2026-08-20-net15,BTAL75+KMLM25,,3m+2,0.06416628,0.43473441,0.06308249,0.43242235,52948.02414132,28000.00000000,24948.02414132,0.89100086,0.29774795,0.33949142,1.59293781,0.17358333,2.52651955,1.74009627,-0.17111004,553,2023,0.43766848,2022,-0.13360173,129178.99523895,49.26067569,0.90430056,0.00175931,0.47207922,0.13839424,,,0.15603557,0.04718837,,,0.36871598,0.13607128
VT TQQQ/BTAL75+KMLM25 t20 w0-80 QQQ:VOL_EWMA80 gate QQQ<SMA200 rb 1w,sens,sens_2021-06-18,2021-06-18,2024-06-18,false,true,"{""*"": 6, ""BTAL"": 6, ""DBMF"": 2.5, ""KMLM"": 6, ""QQQ"": 1, ""SPY"": 0.7, ""TQQQ"": 1.5}",0.03000000,tests/data/2026-08-20-net15,BTAL75+KMLM25,QQQ<SMA200,1w,0.04951630,0.28675002,0.04897165,0.28675230,46494.56466637,28000.00000000,18494.56466637,0.66052017,0.24508520,0.26537189,1.37270097,0.17083002,2.05285803,1.81489309,-0.13504112,543,2023,0.31060108,2022,-0.05413889,533228.08533440,202.78539401,3.76637797,0.00724234,0.50649107,0.14948397,,,0.16815935,0.04845206,,,0.32370264,0.03934224
VT TQQQ/BTAL75+KMLM25 t20 w0-80 QQQ:VOL_EWMA80 gate QQQ<SMA200 rb 2w,sens,sens_2021-06-18,2021-06-18,2024-06-18,false,true,"{""*"": 6, ""BTAL"": 6, ""DBMF"": 2.5, ""KMLM"": 6, ""QQQ"": 1, ""SPY"": 0.7, ""TQQQ"": 1.5}",0.03000000,tests/data/2026-08-20-net15,BTAL75+KMLM25,QQQ<SMA200,2w,0.05996497,0.35419359,0.05933866,0.35419518,47379.37768923,28000.00000000,19379.37768923,0.69212063,0.25012168,0.27595548,1.35890715,0.17623322,2.03931199,1.60098754,-0.15622962,553,2023,0.31783609,2022,-0.06407779,340467.02728951,130.28290403,2.42554992,0.00465296,0.49976316,0.14992903,,,0.16578449,0.04890815,,,0.33257233,0.04176410
VT TQQQ/BTAL75+KMLM25 t20 w0-80 QQQ:VOL_EWMA80 gate QQQ<SMA200 rb 2w+1,sens,sens_2021-06-18,2021-06-18,2024-06-18,false,true,"{""*"": 6, ""BTAL"": 6, ""DBMF"": 2.5, ""KMLM"": 6, ""QQQ"": 1, ""SPY"": 0.7, ""TQQQ"": 1.5}",0.03000000,tests/data/2026-08-20-net15,BTAL75+KMLM25,QQQ<SMA200,2w+1,0.06118976,0.25097757,0.06060174,0.25097910,47958.44850279,28000.00000000,19958.44850279,0.71280173,0.25792080,0.28280503,1.45367223,0.16808197,2.17501472,1.98385266,-0.13001006,58,2023,0.29716150,2022,-0.03489224,330657.51724923,126.03701023,2.32379546,0.00450132,0.50982032,0.16157869,,,0.16943335,0.05381508,,,0.31903325,0.03944551
VT TQQQ/BTAL75+KMLM25 t20 w0-80 QQQ:VOL_EWMA80 gate QQQ<SMA200,sens,sens_2021-06-18,2021-06-18,2024-06-18,false,true,"{""*"": 6, ""BTAL"": 6, ""DBMF"": 2.5, ""KMLM"": 6, ""QQQ"": 1, ""SPY"": 0.7, ""TQQQ"": 1.5}",0.03000000,tests/data/2026-08-20-net15,BTAL75+KMLM25,QQQ<SMA200,,0.03967411,0.23495072,0.03916985,0.23495763,46704.33476997,28000.00000000,18704.33476997,0.66801196,0.24434417,0.26789408,1.31910180,0.17832545,1.93525456,1.77456777,-0.13769222,80,2023,0.34996238,2022,-0.05898821,219620.63060284,83.86960063,1.55911092,0.00299534,0.49535679,0.16977769,,,0.16465146,0.05661502,,,0.33855471,0.03832026
VT TQQQ/BTAL75+KMLM25 t20 w0-80 QQQ:VOL_EWMA80 gate QQQ<SMA200 rb 2m,sens,sens_2021-06-18,2021-06-18,2024-06-18,false,true,"{""*"": 6, ""BTAL"": 6, ""DBMF"": 2.5, ""KMLM"": 6, ""QQQ"": 1, ""SPY"": 0.7, ""TQQQ"": 1.5}",0.03000000,tests/data/2026-08-20-net15,BTAL75+KMLM25,QQQ<SMA200,2m,0.09314067,0.34206415,0.09214828,0.34206568,46486.05920697,28000.00000000,18486.05920697,0.66021640,0.24294478,0.26526945,1.31601777,0.17778298,1.98411276,1.39600856,-0.17402814,515,2023,0.30324444,2022,-0.10803181,99027.06352470,39.10922100,0.70377189,0.00139676,0.49498005,0.24248518,,,0.16447010,0.07669460,,,0.33839455,0.05188703
VT TQQQ/BTAL75+KMLM25 t20 w0-80 QQQ:VOL_EWMA80 gate QQQ<SMA200 rb 2m+1,sens,sens_2021-06-18,2021-06-18,2024-06-18,false,true,"{""*"": 6, ""BTAL"": 6, ""DBMF"": 2.5, ""KMLM"": 6, ""QQQ"": 1, ""SPY"": 0.7, ""TQQQ"": 1.5}",0.03000000,tests/data/2026-08-20-net15,BTAL75+KMLM25,QQQ<SMA200,2m+1,0.07408346,0.37043068,0.07340028,0.36782115,49946.39520823,28000.00000000,21946.39520823,0.78379983,0.27013500,0.30587573,1.40716740,0.18230566,2.08802395,1.96777887,-0.13727914,54,2023,0.35386306,2022,-0.02633736,144388.93019452,55.67384283,1.02481856,0.00198835,0.48914487,0.13849870,,,0.16268500,0.04837370,,,0.34591403,0.03823168
VT TQQQ/BTAL75+KMLM25 t20 w0-80 QQQ:VOL_EWMA80 gate QQQ<SMA200 rb 3m,sens,sens_2021-06-18,2021-06-18,2024-06-18,false,true,"{""*"": 6, ""BTAL"": 6, ""DBMF"": 2.5, ""KMLM"": 6, ""QQQ"": 1, ""SPY"": 0.7, ""TQQQ"": 1.5}",0.03000000,tests/data/2026-08-20-net15,BTAL75+KMLM25,QQQ<SMA200,3m,0.09506853,0.36974876,0.09343619,0.36741684,47502.85007603,28000.00000000,19502.85007603,0.69653036,0.22734725,0.27742101,1.16449108,0.19236283,1.72210391,1.17949175,-0.19275018,683,2024,0.39006046,2022,-0.14192349,63020.16872963,25.10507215,0.48278488,0.00089661,0.46530899,0.19361435,,,0.15535966,0.06297247,,,0.37645998,0.06612051
VT TQQQ/BTAL75+KMLM25 t20 w0-80 QQQ:VOL_EWMA80 gate QQQ<SMA200 rb 3m+1,sens,sens_2021-06-18,2021-06-18,2024-06-18,false,true,"{""*"": 6, ""BTAL"": 6, ""DBMF"": 2.5, ""KMLM"": 6, ""QQQ"": 1, ""SPY"": 0.7, ""TQQQ"": 1.5}",0.03000000,tests/data/2026-08-20-net15,BTAL75+KMLM25,QQQ<SMA200,3m+1,0.10412160,0.34201664,0.10302347,0.34201823,43593.31095188,28000.00000000,15593.31095188,0.55690396,0.20999698,0.22961419,1.17747442,0.17549554,1.70678617,1.06064290,-0.19799028,534,2021,0.28044317,2022,-0.10303967,60159.75458460,24.51992797,0.43986554,0.00087571,0.50576304,0.25634310,,,0.16825053,0.08494387,,,0.32321510,0.03813880
VT TQQQ/BTAL75+KMLM25 t20 w0-80 QQQ:VOL_EWMA80 gate QQQ<SMA200 rb 3m+2,sens,sens_2021-06-18,2021-06-18,2024-06-18,false,true,"{""*"": 6, ""BTAL"": 6, ""DBMF"": 2.5, ""KMLM"": 6, ""QQQ"": 1, ""SPY"": 0.7, ""TQQQ"": 1.5}",0.03000000,tests/data/2026-08-20-net15,BTAL75+KMLM25,QQQ<SMA200,3m+2,0.08978444,0.43497577,0.08878839,0.43235779,54574.37648450,28000.00000000,26574.37648450,0.94908487,0.31884009,0.35713757,1.65582598,0.17714662,2.59939774,2.43358096,-0.13101684,525,2023,0.39398139,2022,-0.06215097,133298.51460175,51.81502065,0.90702264,0.00185054,0.49218417,0.13836376,,,0.16283323,0.04710390,,,0.34214057,0.04903348
VT TQQQ/BTAL75+DBMF25 t20 w0-80 QQQ:VOL_EWMA80 rb 1w,sens,sens_2021-06-18,2021-06-18,2024-06-18,false,true,"{""*"": 6, ""BTAL"": 6, ""DBMF"": 2.5, ""KMLM"": 6, ""QQQ"": 1, ""SPY"": 0.7, ""TQQQ"": 1.5}",0.03000000,tests/data/2026-08-20-net15,BTAL75+DBMF25,,1w,0.00886875,0.25140210,0.00811705,0.25140373,47375.03689322,28000.00000000,19375.03689322,0.69196560,0.24648613,0.27590390,1.35695598,0.17404875,2.04041007,1.39790947,-0.17632481,545,2023,0.42079698,2022,-0.14585119,598469.39041661,198.86923949,4.27897159,0.00710247,0.47468981,0.14988956,0.15765807,0.04932812,,,,,0.36594305,0.12601493
VT TQQQ/BTAL75+DBMF25 t20 w0-80 QQQ:VOL_EWMA80 rb 2w,sens,sens_2021-06-18,2021-06-18,2024-06-18,false,true,"{""*"": 6, ""BTAL"": 6, ""DBMF"": 2.5, ""KMLM"": 6, ""QQQ"": 1, ""SPY"": 0.7, ""TQQQ"": 1.5}",0.03000000,tests/data/2026-08-20-net15,BTAL75+DBMF25,,2w,0.02366957,0.35434455,0.02277096,0.35434621,48958.79267078,28000.00000000,20958.79267078,0.74852831,0.26098097,0.29449859,1.38893770,0.17902355,2.11017764,1.35649952,-0.19239297,553,2023,0.45591485,2022,-0.15156502,367873.23303798,122.41625413,2.61881768,0.00437201,0.47045202,0.14901912,0.15627440,0.04963865,,,,,0.37132381,0.13788092
VT TQQQ/BTAL75+DBMF25 t20 w0-80 QQQ:VOL_EWMA80 rb 2w+1,sens,sens_2021-06-18,2021-06-18,2024-06-18,false,true,"{""*"": 6, ""BTAL"": 6, ""DBMF"": 2.5, ""KMLM"": 6, ""QQQ"": 1, ""SPY"": 0.7, ""TQQQ"": 1.5}",0.03000000,tests/data/2026-08-20-net15,BTAL75+DBMF25,,2w+1,0.02047176,0.25142953,0.01949317,0.25143120,47628.46811814,28000.00000000,19628.46811814,0.70101672,0.24281299,0.27890920,1.35518534,0.17181316,2.02971787,1.26133687,-0.19250447,513,2023,0.43124859,2022,-0.17626478,360575.42467751,119.89645719,2.62391721,0.00428202,0.47551453,0.16166950,0.15805445,0.05341641,,,,,0.36433759,0.12586333
VT TQQQ/BTAL75+DBMF25 t20 w0-80 QQQ:VOL_EWMA80,sens,sens_2021-06-18,2021-06-18,2024-06-18,false,true,"{""*"": 6, ""BTAL"": 6, ""DBMF"": 2.5, ""KMLM"": 6, ""QQQ"": 1, ""SPY"": 0.7, ""TQQQ"": 1.5}",0.03000000,tests/data/2026-08-20-net15,BTAL75+DBMF25,,,0.00157535,0.00459776,0.00090839,0.00256041,47360.11109532,28000.00000000,19360.11109532,0.69143254,0.24290109,0.27572654,1.31331164,0.17820094,1.94925019,1.34593729,-0.18046984,553,2023,0.46432763,2022,-0.15248017,232030.59219573,76.35933282,1.67196966,0.00272712,0.46642755,0.17009137,0.15503788,0.05607048,,,,,0.37691805,0.13855441
VT TQQQ/BTAL75+DBMF25 t20 w0-80 QQQ:VOL_EWMA80 rb 2m,sens,sens_2021-06-18,2021-06-18,2024-06-18,false,true,"{""*"": 6, ""BTAL"": 6, ""DBMF"": 2.5, ""KMLM"": 6, ""QQQ"": 1, ""SPY"": 0.7, ""TQQQ"": 1.5}",0.03000000,tests/data/2026-08-20-net15,BTAL75+DBMF25,,2m,0.06788402,0.34232346,0.06651149,0.34232507,47839.14995755,28000.00000000,19839.14995755,0.70854107,0.25398146,0.28139880,1.34478371,0.18100402,2.04349271,1.36181451,-0.18650224,519,2023,0.39608459,2022,-0.16159966,94385.41036616,32.27344676,0.66800037,0.00115262,0.46729673,0.24272606,0.15488673,0.07985962,,,,,0.37535279,0.12694831
VT TQQQ/BTAL75+DBMF25 t20 w0-80 QQQ:VOL_EWMA80 rb 2m+1,sens,sens_2021-06-18,2021-06-18,2024-06-18,false,true,"{""*"": 6, ""BTAL"": 6, ""DBMF"": 2.5, ""KMLM"": 6, ""QQQ"": 1, ""SPY"": 0.7, ""TQQQ"": 1.5}",0.03000000,tests/data/2026-08-20-net15,BTAL75+DBMF25,,2m+1,0.04615598,0.36967662,0.04526789,0.36738407,48273.38021543,28000.00000000,20273.38021543,0.72404929,0.24091343,0.28650523,1.28836883,0.18075512,1.93044209,1.48551338,-0.16217520,533,2023,0.39455634,2022,-0.13339031,141613.77335064,46.62656104,1.05537906,0.00166523,0.46519797,0.13820364,0.15504300,0.04973705,,,,,0.37746522,0.13524328
VT TQQQ/BTAL75+DBMF25 t20 w0-80 QQQ:VOL_EWMA80 rb 3m,sens,sens_2021-06-18,2021-06-18,2024-06-18,false,true,"{""*"": 6, ""BTAL"": 6, ""DBMF"": 2.5, ""KMLM"": 6, ""QQQ"": 1, ""SPY"": 0.7, ""TQQQ"": 1.5}",0.03000000,tests/data/2026-08-20-net15,BTAL75+DBMF25,,3m,0.06924853,0.36980887,0.06711297,0.36738276,50758.97495704,28000.00000000,22758.97495704,0.81282053,0.26080947,0.31511598,1.26068304,0.20033683,1.88801421,1.27483843,-0.20458237,533,2023,0.44477749,2022,-0.18559289,63694.53253561,21.56423000,0.47085335,0.00077015,0.43438893,0.19372607,0.14415897,0.06410694,,,,,0.41832561,0.15590615
VT TQQQ/BTAL75+DBMF25 t20 w0-80 QQQ:VOL_EWMA80 rb 3m+1,sens,sens_2021-06-18,2021-06-18,2024-06-18,false,true,"{""*"": 6, ""BTAL"": 6, ""DBMF"": 2.5, ""KMLM"": 6, ""QQQ"": 1, ""SPY"": 0.7, ""TQQQ"": 1.5}",0.03000000,tests/data/2026-08-20-net15,BTAL75+DBMF25,,3m+1,0.08292309,0.34181874,0.08165713,0.34182047,43431.68269963,28000.00000000,15431.68269963,0.55113152,0.20079539,0.22757207,1.15805507,0.17116829,1.69646841,0.95215564,-0.21088505,683,2023,0.30547044,2022,-0.18356440,56133.38053378,19.33227083,0.42105657,0.00069044,0.48728248,0.25755982,0.16193037,0.08327783,,,,,0.34749485,0.09222503
VT TQQQ/BTAL75+DBMF25 t20 w0-80 QQQ:VOL_EWMA80 rb 3m+2,sens,sens_2021-06-18,2021-06-18,2024-06-18,false,true,"{""*"": 6, ""BTAL"": 6, ""DBMF"": 2.5, ""KMLM"": 6, ""QQQ"": 1, ""SPY"": 0.7, ""TQQQ"": 1.5}",0.03000000,tests/data/2026-08-20-net15,BTAL75+DBMF25,,3m+2,0.06461437,0.43227773,0.06353794,0.42994655,53114.77446562,28000.00000000,25114.77446562,0.89695623,0.29574667,0.34131839,1.57255328,0.17500500,2.49478444,1.66744327,-0.17736536,553,2023,0.42842496,2022,-0.14585980,128565.34151408,43.24938652,0.90946944,0.00154462,0.47161002,0.13828357,0.15666403,0.04960265,,,,,0.36845013,0.13500819
VT TQQQ/BTAL75+DBMF25 t20 w0-80 QQQ:VOL_EWMA80 gate QQQ<SMA200 rb 1w,sens,sens_2021-06-18,2021-06-18,2024-06-18,false,true,"{""*"": 6, ""BTAL"": 6, ""DBMF"": 2.5, ""KMLM"": 6, ""QQQ"": 1, ""SPY"": 0.7, ""TQQQ"": 1.5}",0.03000000,tests/data/2026-08-20-net15,BTAL75+DBMF25,QQQ<SMA200,1w,0.04949350,0.28710042,0.04893717,0.28710388,46960.12529646,28000.00000000,18960.12529646,0.67714733,0.24662561,0.27095857,1.38027311,0.17078466,2.07282069,1.75822593,-0.14026958,545,2023,0.30014877,2022,-0.06629194,528600.55439928,176.38906044,3.76566590,0.00629961,0.50647678,0.14968179,0.16822912,0.04932812,,,,,0.32374040,0.03921581
VT TQQQ/BTAL75+DBMF25 t20 w0-80 QQQ:VOL_EWMA80 gate QQQ<SMA200 rb 2w,sens,sens_2021-06-18,2021-06-18,2024-06-18,false,true,"{""*"": 6, ""BTAL"": 6, ""DBMF"": 2.5, ""KMLM"": 6, ""QQQ"": 1, ""SPY"": 0.7, ""TQQQ"": 1.5}",0.03000000,tests/data/2026-08-20-net15,BTAL75+DBMF25,QQQ<SMA200,2w,0.05951836,0.35477292,0.05897226,0.35477463,47847.68617077,28000.00000000,19847.68617077,0.70884593,0.25145316,0.28149951,1.36557915,0.17614038,2.05840045,1.51826174,-0.16561911,557,2023,0.30824550,2022,-0.07693127,336860.92770628,112.98110785,2.42069366,0.00403504,0.49943771,0.14901912,0.16605750,0.04935912,,,,,0.33286638,0.04208613
VT TQQQ/BTAL75+DBMF25 t20 w0-80 QQQ:VOL_EWMA80 gate QQQ<SMA200 rb 2w+1,sens,sens_2021-06-18,2021-06-18,2024-06-18,false,true,"{""*"": 6, ""BTAL"": 6, ""DBMF"": 2.5, ""KMLM"": 6, ""QQQ"": 1, ""SPY"": 0.7, ""TQQQ"": 1.5}",0.03000000,tests/data/2026-08-20-net15,BTAL75+DBMF25,QQQ<SMA200,2w+1,0.06112957,0.25144547,0.06054088,0.25144712,48412.23090221,28000.00000000,20412.23090221,0.72900825,0.25903524,0.28813109,1.46067920,0.16785676,2.19617314,1.90019022,-0.13632069,58,2024,0.31681385,2022,-0.04748851,327658.05382491,109.69338513,2.32375951,0.00391762,0.50967102,0.16166950,0.16949756,0.05341641,,,,,0.31906537,0.03934237
VT TQQQ/BTAL75+DBMF25 t20 w0-80 QQQ:VOL_EWMA80 gate QQQ<SMA200,sens,sens_2021-06-18,2021-06-18,2024-06-18,false,true,"{""*"": 6, ""BTAL"": 6, ""DBMF"": 2.5, ""KMLM"": 6, ""QQQ"": 1, ""SPY"": 0.7, ""TQQQ"": 1.5}",0.03000000,tests/data/2026-08-20-net15,BTAL75+DBMF25,QQQ<SMA200,,0.03956585,0.23506378,0.03918954,0.23506843,47021.21291393,28000.00000000,19021.21291393,0.67932903,0.24431780,0.27168865,1.31934782,0.17826549,1.94342785,1.72928636,-0.14128244,552,2023,0.33950301,2022,-0.07047045,218775.86953949,73.06364574,1.56761336,0.00260942,0.49538462,0.17030014,0.16478590,0.05651482,,,,,0.33846659,0.03820947
VT TQQQ/BTAL75+DBMF25 t20 w0-80 QQQ:VOL_EWMA80 gate QQQ<SMA200 rb 2m,sens,sens_2021-06-18,2021-06-18,2024-06-18,false,true,"{""*"": 6, ""BTAL"": 6, ""DBMF"": 2.5, ""KMLM"": 6, ""QQQ"": 1, ""SPY"": 0.7, ""TQQQ"": 1.5}",0.03000000,tests/data/2026-08-20-net15,BTAL75+DBMF25,QQQ<SMA200,2m,0.09314236,0.34250233,0.09212107,0.34250398,46803.92753536,28000.00000000,18803.92753536,0.67156884,0.24225392,0.26908869,1.31177906,0.17795326,1.98649529,1.31779012,-0.18383346,534,2024,0.30472200,2022,-0.12121259,97562.67141788,33.74820522,0.70113567,0.00120529,0.49508268,0.24269805,0.16425261,0.07972220,,,,,0.33855173,0.05201073
VT TQQQ/BTAL75+DBMF25 t20 w0-80 QQQ:VOL_EWMA80 gate QQQ<SMA200 rb 2m+1,sens,sens_2021-06-18,2021-06-18,2024-06-18,false,true,"{""*"": 6, ""BTAL"": 6, ""DBMF"": 2.5, ""KMLM"": 6, ""QQQ"": 1, ""SPY"": 0.7, ""TQQQ"": 1.5}",0.03000000,tests/data/2026-08-20-net15,BTAL75+DBMF25,QQQ<SMA200,2m+1,0.07419428,0.36950858,0.07358493,0.36793952,50023.10773995,28000.00000000,22023.10773995,0.78653956,0.26797033,0.30675267,1.39879301,0.18215018,2.08511170,1.93765054,-0.13829652,73,2023,0.34128695,2022,-0.03883491,143352.21381216,48.34580604,1.02749109,0.00172664,0.48929188,0.13846835,0.16284589,0.04918514,,,,,0.34580429,0.03809801
VT TQQQ/BTAL75+DBMF25 t20 w0-80 QQQ:VOL_EWMA80 gate QQQ<SMA200 rb 3m,sens,sens_2021-06-18,2021-06-18,2024-06-18,false,true,"{""*"": 6, ""BTAL"": 6, ""DBMF"": 2.5, ""KMLM"": 6, ""QQQ"": 1, ""SPY"": 0.7, ""TQQQ"": 1.5}",0.03000000,tests/data/2026-08-20-net15,BTAL75+DBMF25,QQQ<SMA200,3m,0.09509322,0.36907456,0.09347421,0.36754963,47302.95068490,28000.00000000,19302.95068490,0.68939110,0.22236264,0.27504696,1.14187718,0.19263901,1.69747665,1.10656556,-0.20094845,687,2024,0.40401755,2022,-0.15273772,62332.18227212,21.76745682,0.48298150,0.00077741,0.46613371,0.19398697,0.15468838,0.06418604,,,,,0.37633327,0.06569725
VT TQQQ/BTAL75+DBMF25 t20 w0-80 QQQ:VOL_EWMA80 gate QQQ<SMA200 rb 3m+1,sens,sens_2021-06-18,2021-06-18,2024-06-18,false,true,"{""*"": 6, ""BTAL"": 6, ""DBMF"": 2.5, ""KMLM"": 6, ""QQQ"": 1, ""SPY"": 0.7, ""TQQQ"": 1.5}",0.03000000,tests/data/2026-08-20-net15,BTAL75+DBMF25,QQQ<SMA200,3m+1,0.10459271,0.34221787,0.10352142,0.34221956,44168.41300006,28000.00000000,16168.41300006,0.57744332,0.21307166,0.23683622,1.19429799,0.17509542,1.73911465,1.06409733,-0.20023700,564,2021,0.28195597,2022,-0.11047156,59829.39068483,21.58551405,0.44049309,0.00077091,0.50634403,0.25755982,0.16811132,0.08327783,,,,,0.32268053,0.03791541
VT TQQQ/BTAL75+DBMF25 t20 w0-80 QQQ:VOL_EWMA80 gate QQQ<SMA200 rb 3m+2,sens,sens_2021-06-18,2021-06-18,2024-06-18,false,true,"{""*"": 6, ""BTAL"": 6, ""DBMF"": 2.5, ""KMLM"": 6, ""QQQ"": 1, ""SPY"": 0.7, ""TQQQ"": 1.5}",0.03000000,tests/data/2026-08-20-net15,BTAL75+DBMF25,QQQ<SMA200,3m+2,0.08969587,0.43255370,0.08876208,0.43018998,54707.09086261,28000.00000000,26707.09086261,0.95382467,0.31638042,0.35856085,1.64531082,0.17713659,2.59700992,2.27810016,-0.13887906,545,2024,0.40783490,2022,-0.07628845,132404.89530138,45.37705476,0.91112553,0.00162061,0.49143982,0.13842233,0.16323688,0.04934132,,,,,0.34249341,0.04953060
VT TQQQ/BTAL50+KMLM50 t20 w0-80 QQQ:VOL_EWMA80 rb 1w,sens,sens_2021-06-18,2021-06-18,2024-06-18,false,true,"{""*"": 6, ""BTAL"": 6, ""DBMF"": 2.5, ""KMLM"": 6, ""QQQ"": 1, ""SPY"": 0.7, ""TQQQ"": 1.5}",0.03000000,tests/data/2026-08-20-net15,BTAL50+KMLM50,,1w,0.00899279,0.25147567,0.00817909,0.25147728,46672.73310440,28000.00000000,18672.73310440,0.66688333,0.24616339,0.26751464,1.29836883,0.18292620,1.93046258,1.40133953,-0.17566292,544,2023,0.45090936,2022,-0.12522961,609675.57351473,229.65755620,4.28330254,0.00820206,0.31635055,0.09949456,,,0.31584995,0.09862821,,,0.36594959,0.12589729
VT TQQQ/BTAL50+KMLM50 t20 w0-80 QQQ:VOL_EWMA80 rb 2w,sens,sens_2021-06-18,2021-06-18,2024-06-18,false,true,"{""*"": 6, ""BTAL"": 6, ""DBMF"": 2.5, ""KMLM"": 6, ""QQQ"": 1, ""SPY"": 0.7, ""TQQQ"": 1.5}",0.03000000,tests/data/2026-08-20-net15,BTAL50+KMLM50,,2w,0.02375162,0.35512623,0.02280420,0.35512788,48193.13463991,28000.00000000,20193.13463991,0.72118338,0.26005962,0.28556406,1.32564721,0.18830792,1.98597429,1.37775179,-0.18875651,545,2023,0.48511085,2022,-0.13052809,375229.99554383,141.77719170,2.62644822,0.00506347,0.31359137,0.09938221,,,0.31302621,0.09942010,,,0.37126249,0.13763046
VT TQQQ/BTAL50+KMLM50 t20 w0-80 QQQ:VOL_EWMA80 rb 2w+1,sens,sens_2021-06-18,2021-06-18,2024-06-18,false,true,"{""*"": 6, ""BTAL"": 6, ""DBMF"": 2.5, ""KMLM"": 6, ""QQQ"": 1, ""SPY"": 0.7, ""TQQQ"": 1.5}",0.03000000,tests/data/2026-08-20-net15,BTAL50+KMLM50,,2w+1,0.02039678,0.25103885,0.01939114,0.25104051,46742.85675601,28000.00000000,18742.85675601,0.66938774,0.24129194,0.26835637,1.29119470,0.18057366,1.91520031,1.27894567,-0.18866473,552,2023,0.46131039,2022,-0.15614666,366391.85335713,137.87644587,2.61999081,0.00492416,0.31686506,0.10706854,,,0.31671200,0.10738999,,,0.36426631,0.12560257
VT TQQQ/BTAL50+KMLM50 t20 w0-80 QQQ:VOL_EWMA80,sens,sens_2021-06-18,2021-06-18,2024-06-18,false,true,"{""*"": 6, ""BTAL"": 6, ""DBMF"": 2.5, ""KMLM"": 6, ""QQQ"": 1, ""SPY"": 0.7, ""TQQQ"": 1.5}",0.03000000,tests/data/2026-08-20-net15,BTAL50+KMLM50,,,0.00167048,0.00409809,0.00089753,0.00237072,47045.66464798,28000.00000000,19045.66464798,0.68020231,0.24725903,0.27198069,1.27930390,0.18693616,1.87825114,1.47252820,-0.16791463,543,2023,0.49686352,2022,-0.13072300,236607.03830637,88.77111090,1.66740425,0.00317040,0.31080942,0.11322511,,,0.31053479,0.11300984,,,0.37693810,0.13813500
VT TQQQ/BTAL50+KMLM50 t20 w0-80 QQQ:VOL_EWMA80 rb 2m,sens,sens_2021-06-18,2021-06-18,2024-06-18,false,true,"{""*"": 6, ""BTAL"": 6, ""DBMF"": 2.5, ""KMLM"": 6, ""QQQ"": 1, ""SPY"": 0.7, ""TQQQ"": 1.5}",0.03000000,tests/data/2026-08-20-net15,BTAL50+KMLM50,,2m,0.06810586,0.34128109,0.06666991,0.34128268,47154.70405478,28000.00000000,19154.70405478,0.68409657,0.25456542,0.27328166,1.29221330,0.19002647,1.94296574,1.42616152,-0.17849690,545,2023,0.42482570,2022,-0.14347526,96354.42745788,37.05565184,0.66867218,0.00132342,0.31128316,0.16152182,,,0.31083696,0.15548052,,,0.37535207,0.12542512
VT TQQQ/BTAL50+KMLM50 t20 w0-80 QQQ:VOL_EWMA80 rb 2m+1,sens,sens_2021-06-18,2021-06-18,2024-06-18,false,true,"{""*"": 6, ""BTAL"": 6, ""DBMF"": 2.5, ""KMLM"": 6, ""QQQ"": 1, ""SPY"": 0.7, ""TQQQ"": 1.5}",0.03000000,tests/data/2026-08-20-net15,BTAL50+KMLM50,,2m+1,0.04655968,0.37032577,0.04544392,0.36835055,48777.88784139,28000.00000000,20777.88784139,0.74206742,0.25262013,0.29239672,1.28861305,0.18926417,1.90126646,1.69057205,-0.14942879,552,2023,0.42981642,2022,-0.10479721,145319.76524126,54.74602263,1.05598051,0.00195522,0.30986832,0.09210903,,,0.30999974,0.09734529,,,0.37759514,0.13904869
VT TQQQ/BTAL50+KMLM50 t20 w0-80 QQQ:VOL_EWMA80 rb 3m,sens,sens_2021-06-18,2021-06-18,2024-06-18,false,true,"{""*"": 6, ""BTAL"": 6, ""DBMF"": 2.5, ""KMLM"": 6, ""QQQ"": 1, ""SPY"": 0.7, ""TQQQ"": 1.5}",0.03000000,tests/data/2026-08-20-net15,BTAL50+KMLM50,,3m,0.07078291,0.37065050,0.06808229,0.36844515,51073.69533345,28000.00000000,23073.69533345,0.82406055,0.26954808,0.31866628,1.25218853,0.20858334,1.85959404,1.40455773,-0.19190958,553,2023,0.48220261,2022,-0.16544449,63790.72887356,24.60252591,0.46237842,0.00087866,0.28846574,0.12924114,,,0.28979338,0.12725583,,,0.41799563,0.15477554
VT TQQQ/BTAL50+KMLM50 t20 w0-80 QQQ:VOL_EWMA80 rb 3m+1,sens,sens_2021-06-18,2021-06-18,2024-06-18,false,true,"{""*"": 6, ""BTAL"": 6, ""DBMF"": 2.5, ""KMLM"": 6, ""QQQ"": 1, ""SPY"": 0.7, ""TQQQ"": 1.5}",0.03000000,tests/data/2026-08-20-net15,BTAL50+KMLM50,,3m+1,0.08319603,0.34112954,0.08170085,0.34113124,42722.31481027,28000.00000000,14722.31481027,0.52579696,0.20048627,0.21854372,1.10630076,0.18041792,1.60189673,0.94902298,-0.21125544,572,2023,0.33602643,2022,-0.16374797,57094.27079158,22.54910260,0.41998393,0.00080533,0.32415029,0.17011207,,,0.32477048,0.16986063,,,0.34773334,0.09479397
VT TQQQ/BTAL50+KMLM50 t20 w0-80 QQQ:VOL_EWMA80 rb 3m+2,sens,sens_2021-06-18,2021-06-18,2024-06-18,false,true,"{""*"": 6, ""BTAL"": 6, ""DBMF"": 2.5, ""KMLM"": 6, ""QQQ"": 1, ""SPY"": 0.7, ""TQQQ"": 1.5}",0.03000000,tests/data/2026-08-20-net15,BTAL50+KMLM50,,3m+2,0.06457540,0.43553667,0.06340430,0.43353819,52822.31201096,28000.00000000,24822.31201096,0.88651114,0.30048126,0.33811135,1.53176285,0.18299273,2.38646325,1.72799659,-0.17388996,549,2023,0.45708994,2022,-0.12158805,129620.14267091,49.39853472,0.89714343,0.00176423,0.31484579,0.09218692,,,0.31335641,0.09521671,,,0.36850491,0.13786340
VT TQQQ/BTAL50+KMLM50 t20 w0-80 QQQ:VOL_EWMA80 gate QQQ<SMA200 rb 1w,sens,sens_2021-06-18,2021-06-18,2024-06-18,false,true,"{""*"": 6, ""BTAL"": 6, ""DBMF"": 2.5, ""KMLM"": 6, ""QQQ"": 1, ""SPY"": 0.7, ""TQQQ"": 1.5}",0.03000000,tests/data/2026-08-20-net15,BTAL50+KMLM50,QQQ<SMA200,1w,0.05016666,0.28672305,0.04959370,0.28672626,46390.60531252,28000.00000000,18390.60531252,0.65680733,0.24822473,0.26411888,1.33198496,0.17903178,1.96222599,1.76374073,-0.14073765,542,2023,0.32913792,2022,-0.04035499,541859.04247690,206.74437495,3.78044774,0.00738373,0.33784646,0.09961175,,,0.33738875,0.09862821,,,0.32309947,0.03932213
VT TQQQ/BTAL50+KMLM50 t20 w0-80 QQQ:VOL_EWMA80 gate QQQ<SMA200 rb 2w,sens,sens_2021-06-18,2021-06-18,2024-06-18,false,true,"{""*"": 6, ""BTAL"": 6, ""DBMF"": 2.5, ""KMLM"": 6, ""QQQ"": 1, ""SPY"": 0.7, ""TQQQ"": 1.5}",0.03000000,tests/data/2026-08-20-net15,BTAL50+KMLM50,QQQ<SMA200,2w,0.06067192,0.35482812,0.05998751,0.35482980,47256.65997167,28000.00000000,19256.65997167,0.68773786,0.25296746,0.27449616,1.31896321,0.18442607,1.94989903,1.60439911,-0.15767115,552,2023,0.33611856,2022,-0.04979086,346182.87432429,132.85440475,2.43683306,0.00474480,0.33340575,0.09938221,,,0.33279135,0.09950395,,,0.33181977,0.04174515
VT TQQQ/BTAL50+KMLM50 t20 w0-80 QQQ:VOL_EWMA80 gate QQQ<SMA200 rb 2w+1,sens,sens_2021-06-18,2021-06-18,2024-06-18,false,true,"{""*"": 6, ""BTAL"": 6, ""DBMF"": 2.5, ""KMLM"": 6, ""QQQ"": 1, ""SPY"": 0.7, ""TQQQ"": 1.5}",0.03000000,tests/data/2026-08-20-net15,BTAL50+KMLM50,QQQ<SMA200,2w+1,0.06188889,0.25103447,0.06119274,0.25103609,47726.51923836,28000.00000000,19726.51923836,0.70451854,0.26021210,0.28006885,1.40780116,0.17580275,2.07726580,1.88008157,-0.13840469,339,2023,0.31852851,2022,-0.02143231,334974.91098599,127.89250037,2.32452872,0.00456759,0.33986948,0.10706854,,,0.33978304,0.10738999,,,0.31838075,0.03943151
VT TQQQ/BTAL50+KMLM50 t20 w0-80 QQQ:VOL_EWMA80 gate QQQ<SMA200,sens,sens_2021-06-18,2021-06-18,2024-06-18,false,true,"{""*"": 6, ""BTAL"": 6, ""DBMF"": 2.5, ""KMLM"": 6, ""QQQ"": 1, ""SPY"": 0.7, ""TQQQ"": 1.5}",0.03000000,tests/data/2026-08-20-net15,BTAL50+KMLM50,QQQ<SMA200,,0.04050051,0.23546276,0.03996791,0.23546996,46861.29680794,28000.00000000,18861.29680794,0.67361774,0.25089291,0.26977599,1.29746738,0.18651736,1.88046067,1.66660260,-0.15054153,524,2023,0.37313755,2022,-0.04407304,224086.74906761,85.69181601,1.56454107,0.00306042,0.33052878,0.11314735,,,0.33027059,0.11348582,,,0.33768858,0.03780794
VT TQQQ/BTAL50+KMLM50 t20 w0-80 QQQ:VOL_EWMA80 gate QQQ<SMA200 rb 2m,sens,sens_2021-06-18,2021-06-18,2024-06-18,false,true,"{""*"": 6, ""BTAL"": 6, ""DBMF"": 2.5, ""KMLM"": 6, ""QQQ"": 1, ""SPY"": 0.7, ""TQQQ"": 1.5}",0.03000000,tests/data/2026-08-20-net15,BTAL50+KMLM50,QQQ<SMA200,2m,0.09388700,0.34144622,0.09269804,0.34144783,46413.29081074,28000.00000000,18413.29081074,0.65761753,0.24656260,0.26439248,1.27808574,0.18660305,1.90160674,1.44630148,-0.17047801,553,2023,0.32818446,2022,-0.09877988,100681.19044641,39.90729449,0.70592854,0.00142526,0.32982645,0.16150430,,,0.32963448,0.15587773,,,0.33818787,0.05229745
VT TQQQ/BTAL50+KMLM50 t20 w0-80 QQQ:VOL_EWMA80 gate QQQ<SMA200 rb 2m+1,sens,sens_2021-06-18,2021-06-18,2024-06-18,false,true,"{""*"": 6, ""BTAL"": 6, ""DBMF"": 2.5, ""KMLM"": 6, ""QQQ"": 1, ""SPY"": 0.7, ""TQQQ"": 1.5}",0.03000000,tests/data/2026-08-20-net15,BTAL50+KMLM50,QQQ<SMA200,2m+1,0.07497165,0.37021773,0.07427802,0.36896348,50402.86195088,28000.00000000,22402.86195088,0.80010221,0.27806132,0.31107962,1.39060028,0.19000460,2.03722240,2.01472590,-0.13801447,54,2023,0.37626006,2022,-0.01220663,146945.84669398,56.79712166,1.02860966,0.00202847,0.32618082,0.09202762,,,0.32631028,0.09700195,,,0.34528250,0.03786278
VT TQQQ/BTAL50+KMLM50 t20 w0-80 QQQ:VOL_EWMA80 gate QQQ<SMA200 rb 3m,sens,sens_2021-06-18,2021-06-18,2024-06-18,false,true,"{""*"": 6, ""BTAL"": 6, ""DBMF"": 2.5, ""KMLM"": 6, ""QQQ"": 1, ""SPY"": 0.7, ""TQQQ"": 1.5}",0.03000000,tests/data/2026-08-20-net15,BTAL50+KMLM50,QQQ<SMA200,3m,0.09579426,0.37066509,0.09368335,0.36809623,47682.13504538,28000.00000000,19682.13504538,0.70293339,0.23225910,0.27954413,1.14434745,0.20068727,1.67626910,1.24562754,-0.18645951,605,2024,0.37854446,2022,-0.13342735,63337.67038590,25.45428621,0.48038775,0.00090908,0.30931680,0.12903295,,,0.31104915,0.12734706,,,0.37620850,0.06721704
VT TQQQ/BTAL50+KMLM50 t20 w0-80 QQQ:VOL_EWMA80 gate QQQ<SMA200 rb 3m+1,sens,sens_2021-06-18,2021-06-18,2024-06-18,false,true,"{""*"": 6, ""BTAL"": 6, ""DBMF"": 2.5, ""KMLM"": 6, ""QQQ"": 1, ""SPY"": 0.7, ""TQQQ"": 1.5}",0.03000000,tests/data/2026-08-20-net15,BTAL50+KMLM50,QQQ<SMA200,3m+1,0.10519817,0.34097380,0.10382495,0.34097548,43382.71706298,28000.00000000,15382.71706298,0.54938275,0.21189114,0.22695232,1.13973181,0.18403837,1.63470557,1.00300915,-0.21125544,560,2021,0.27179311,2022,-0.09076821,60443.10617193,24.71357961,0.43674204,0.00088263,0.33705272,0.17011207,,,0.33750695,0.16986063,,,0.32237843,0.03771831
VT TQQQ/BTAL50+KMLM50 t20 w0-80 QQQ:VOL_EWMA80 gate QQQ<SMA200 rb 3m+2,sens,sens_2021-06-18,2021-06-18,2024-06-18,false,true,"{""*"": 6, ""BTAL"": 6, ""DBMF"": 2.5, ""KMLM"": 6, ""QQQ"": 1, ""SPY"": 0.7, ""TQQQ"": 1.5}",0.03000000,tests/data/2026-08-20-net15,BTAL50+KMLM50,QQQ<SMA200,3m+2,0.09078120,0.43609459,0.08970722,0.43364292,54419.91441088,28000.00000000,26419.91441088,0.94356837,0.32128565,0.35547793,1.60413790,0.18489144,2.47271690,2.61950930,-0.12265108,525,2023,0.41497261,2022,-0.05126154,133604.44423122,52.02346169,0.89897197,0.00185798,0.32856771,0.09189304,,,0.32711143,0.09504684,,,0.34154177,0.04914071
TQQQ50/BTAL50 rb 1w,sens,sens_2021-06-18,2021-06-18,2024-06-18,true,true,"{""*"": 6, ""BTAL"": 6, ""DBMF"": 2.5, ""KMLM"": 6, ""QQQ"": 1, ""SPY"": 0.7, ""TQQQ"": 1.5}",0.03000000,tests/data/2026-08-20-net15,,,,0.00267347,0.05007768,0.00239011,0.05008441,45238.11158853,28000.00000000,17238.11158853,0.61564684,0.17937305,0.25009021,0.71456992,0.29090675,1.02178598,0.39628668,-0.45263456,753,2023,0.66991415,2022,-0.42699641,153981.34089288,57.85763761,1.24282410,0.00206634,0.49958715,0.46358420,,,,,,,0.49916697,0.44991559
50/50,sens,sens_2021-06-18,2021-06-18,2024-06-18,true,true,"{""*"": 6, ""BTAL"": 6, ""DBMF"": 2.5, ""KMLM"": 6, ""QQQ"": 1, ""SPY"": 0.7, ""TQQQ"": 1.5}",0.03000000,tests/data/2026-08-20-net15,,,,0.00111389,0.00321693,0.00081019,0.00229827,45738.21451787,28000.00000000,17738.21451787,0.63350766,0.18460877,0.25620903,0.74653938,0.28034497,1.07144921,0.41271883,-0.44729913,752,2023,0.69906779,2022,-0.42484210,77248.91197345,29.23815044,0.62080402,0.00104422,0.49948983,0.49857540,,,,,,,0.49937409,0.49770173
TQQQ50/BTAL50 rb 3m,sens,sens_2021-06-18,2021-06-18,2024-06-18,true,true,"{""*"": 6, ""BTAL"": 6, ""DBMF"": 2.5, ""KMLM"": 6, ""QQQ"": 1, ""SPY"": 0.7, ""TQQQ"": 1.5}",0.03000000,tests/data/2026-08-20-net15,,,,0.03656218,0.15220905,0.03645676,0.15221530,46188.87077842,28000.00000000,18188.87077842,0.64960253,0.19427364,0.26168159,0.78325139,0.27603019,1.13549728,0.44521604,-0.43635814,722,2023,0.73204338,2022,-0.41219288,58991.18575135,22.23365230,0.46548994,0.00079406,0.49541485,0.39895056,,,,,,,0.50249336,0.34778470
TQQQ50/BTAL50 gate QQQ<SMA200 rb 1w,sens,sens_2021-06-18,2021-06-18,2024-06-18,true,true,"{""*"": 6, ""BTAL"": 6, ""DBMF"": 2.5, ""KMLM"": 6, ""QQQ"": 1, ""SPY"": 0.7, ""TQQQ"": 1.5}",0.03000000,tests/data/2026-08-20-net15,,,,0.09062495,0.39168037,0.09043845,0.39168888,46497.68547326,28000.00000000,18497.68547326,0.66063162,0.20726879,0.26540947,1.01954793,0.20617256,1.50180621,0.61658803,-0.33615442,693,2023,0.43502256,2022,-0.28476178,120589.24280736,46.84597760,0.93645685,0.00167307,0.58853732,0.46388675,,,,,,,0.41047805,0.10831112
TQQQ50/BTAL50 gate QQQ<SMA200,sens,sens_2021-06-18,2021-06-18,2024-06-18,true,true,"{""*"": 6, ""BTAL"": 6, ""DBMF"": 2.5, ""KMLM"": 6, ""QQQ"": 1, ""SPY"": 0.7, ""TQQQ"": 1.5}",0.03000000,tests/data/2026-08-20-net15,,,,0.09329671,0.40484730,0.09311067,0.40485554,48319.32223696,28000.00000000,20319.32223696,0.72569008,0.23098554,0.28704355,1.14226479,0.20000492,1.71011089,0.75713731,-0.30507748,680,2023,0.46316941,2022,-0.25060475,74399.42673963,29.76371495,0.56116786,0.00106299,0.59208368,0.49857540,,,,,,,0.40699396,0.09514446
TQQQ50/BTAL50 gate QQQ<SMA200 rb 3m,sens,sens_2021-06-18,2021-06-18,2024-06-18,true,true,"{""*"": 6, ""BTAL"": 6, ""DBMF"": 2.5, ""KMLM"": 6, ""QQQ"": 1, ""SPY"": 0.7, ""TQQQ"": 1.5}",0.03000000,tests/data/2026-08-20-net15,,,,0.12532106,0.40504684,0.12525356,0.40505542,45399.64432115,28000.00000000,17399.64432115,0.62141587,0.19869049,0.25207191,1.03046928,0.19483740,1.51623741,0.66349448,-0.29946066,715,2023,0.37299713,2022,-0.25026688,57288.52696577,23.20354185,0.44812508,0.00082870,0.60458002,0.43633506,,,,,,,0.39360185,0.09494458
SPY benchmark,sens,sens_2021-06-18,2021-06-18,2024-06-18,true,true,"{""*"": 6, ""BTAL"": 6, ""DBMF"": 2.5, ""KMLM"": 6, ""QQQ"": 1, ""SPY"": 0.7, ""TQQQ"": 1.5}",0.03000000,tests/data/2026-08-20-net15,,,,0.01305644,0.03356229,0.01305829,0.03356354,36798.47644478,28000.00000000,8798.47644478,0.31423130,0.10958263,0.13853035,0.69665576,0.17059980,1.00066295,0.45487298,-0.24090819,709,2023,0.25564345,2022,-0.17936457,27684.44040194,1.93791083,0.22648326,0.00006921,,,,,,,0.98694171,0.96643646,,
VT TQQQ/BTAL75+KMLM25 t20 w0-80 QQQ:VOL_EWMA80 rb 1w,sens,sens_2021-12-20,2021-12-20,2024-12-18,false,true,"{""*"": 6, ""BTAL"": 6, ""DBMF"": 2.5, ""KMLM"": 6, ""QQQ"": 1, ""SPY"": 0.7, ""TQQQ"": 1.5}",0.03000000,tests/data/2026-08-20-net15,BTAL75+KMLM25,,1w,0.00941061,0.25031592,0.00858697,0.25031781,42689.76188066,28000.00000000,14689.76188066,0.52463435,0.17778072,0.21831204,1.04749750,0.17049628,1.53007707,1.17041572,-0.15189536,484,2023,0.43356220,2022,-0.13329295,560410.67007323,212.07792726,4.03337709,0.00757421,0.49288662,0.14994992,,,0.16359306,0.04901805,,,0.34153143,0.12546330
VT TQQQ/BTAL75+KMLM25 t20 w0-80 QQQ:VOL_EWMA80 rb 2w,sens,sens_2021-12-20,2021-12-20,2024-12-18,false,true,"{""*"": 6, ""BTAL"": 6, ""DBMF"": 2.5, ""KMLM"": 6, ""QQQ"": 1, ""SPY"": 0.7, ""TQQQ"": 1.5}",0.03000000,tests/data/2026-08-20-net15,BTAL75+KMLM25,,2w,0.02472980,0.35374465,0.02372417,0.35374658,43958.56893357,28000.00000000,15958.56893357,0.56994889,0.19144028,0.23441114,1.10334410,0.17268315,1.63387617,1.23288785,-0.15527793,484,2023,0.46765579,2022,-0.13965804,374179.49206201,142.06407503,2.65218223,0.00507372,0.49167832,0.14954871,,,0.16300159,0.04999796,,,0.34315606,0.13723294
VT TQQQ/BTAL75+KMLM25 t20 w0-80 QQQ:VOL_EWMA80 rb 2w+1,sens,sens_2021-12-20,2021-12-20,2024-12-18,false,true,"{""*"": 6, ""BTAL"": 6, ""DBMF"": 2.5, ""KMLM"": 6, ""QQQ"": 1, ""SPY"": 0.7, ""TQQQ"": 1.5}",0.03000000,tests/data/2026-08-20-net15,BTAL75+KMLM25,,2w+1,0.01884587,0.24999573,0.01799908,0.24999765,43433.19666308,28000.00000000,15433.19666308,0.55118560,0.18148036,0.22778637,1.06517150,0.17065362,1.55425566,0.99912734,-0.18163887,512,2023,0.44269606,2022,-0.16520504,363772.35979182,138.00874557,2.63649978,0.00492888,0.49112665,0.19363232,,,0.16307646,0.06400344,,,0.34362650,0.12612084
VT TQQQ/BTAL75+KMLM25 t20 w0-80 QQQ:VOL_EWMA80,sens,sens_2021-12-20,2021-12-20,2024-12-18,false,true,"{""*"": 6, ""BTAL"": 6, ""DBMF"": 2.5, ""KMLM"": 6, ""QQQ"": 1, ""SPY"": 0.7, ""TQQQ"": 1.5}",0.03000000,tests/data/2026-08-20-net15,BTAL75+KMLM25,,,0.00181126,0.00466594,0.00103588,0.00228665,40899.00752245,28000.00000000,12899.00752245,0.46067884,0.15706252,0.19498912,0.87546468,0.18713274,1.22910221,0.95892149,-0.16379080,,2023,0.47534726,2022,-0.14159765,254678.95439220,96.41076564,1.85519701,0.00344324,0.47918728,0.17033290,,,0.15904160,0.05644832,,,0.35990870,0.13854390
VT TQQQ/BTAL75+KMLM25 t20 w0-80 QQQ:VOL_EWMA80 rb 2m,sens,sens_2021-12-20,2021-12-20,2024-12-18,false,true,"{""*"": 6, ""BTAL"": 6, ""DBMF"": 2.5, ""KMLM"": 6, ""QQQ"": 1, ""SPY"": 0.7, ""TQQQ"": 1.5}",0.03000000,tests/data/2026-08-20-net15,BTAL75+KMLM25,,2m,0.07424071,0.35896013,0.07305482,0.35707504,40930.55947601,28000.00000000,12930.55947601,0.46180570,0.15709025,0.19540641,0.88626556,0.18422246,1.27125699,0.71468905,-0.21980224,,2023,0.40387797,2022,-0.14983955,107781.83307870,42.25273536,0.78731046,0.00150903,0.48727281,0.24225689,,,0.16202966,0.07664254,,,0.34798952,0.12587668
VT TQQQ/BTAL75+KMLM25 t20 w0-80 QQQ:VOL_EWMA80 rb 2m+1,sens,sens_2021-12-20,2021-12-20,2024-12-18,false,true,"{""*"": 6, ""BTAL"": 6, ""DBMF"": 2.5, ""KMLM"": 6, ""QQQ"": 1, ""SPY"": 0.7, ""TQQQ"": 1.5}",0.03000000,tests/data/2026-08-20-net15,BTAL75+KMLM25,,2m+1,0.04816355,0.36994586,0.04708655,0.36697209,43502.93409843,28000.00000000,15502.93409843,0.55367622,0.18066767,0.22866907,0.95347304,0.19453898,1.36245607,1.01993060,-0.17713722,,2023,0.40781046,2022,-0.11945413,167689.85312922,64.27340825,1.21816855,0.00229548,0.47375638,0.13868492,,,0.15668368,0.04856081,,,0.36700065,0.13625019
VT TQQQ/BTAL75+KMLM25 t20 w0-80 QQQ:VOL_EWMA80 rb 3m,sens,sens_2021-12-20,2021-12-20,2024-12-18,false,true,"{""*"": 6, ""BTAL"": 6, ""DBMF"": 2.5, ""KMLM"": 6, ""QQQ"": 1, ""SPY"": 0.7, ""TQQQ"": 1.5}",0.03000000,tests/data/2026-08-20-net15,BTAL75+KMLM25,,3m,0.07918940,0.36905787,0.07691284,0.36651777,46477.40113245,28000.00000000,18477.40113245,0.65990718,0.20537877,0.26540111,0.95889497,0.22077642,1.37555857,0.93376620,-0.21994668,156,2023,0.45599424,2022,-0.17384752,65985.28246089,26.53411748,0.47002566,0.00094765,0.43380802,0.19396732,,,0.14442310,0.06286591,,,0.41848406,0.15465893
VT TQQQ/BTAL75+KMLM25 t20 w0-80 QQQ:VOL_EWMA80 rb 3m+1,sens,sens_2021-12-20,2021-12-20,2024-12-18,false,true,"{""*"": 6, ""BTAL"": 6, ""DBMF"": 2.5, ""KMLM"": 6, ""QQQ"": 1, ""SPY"": 0.7, ""TQQQ"": 1.5}",0.03000000,tests/data/2026-08-20-net15,BTAL75+KMLM25,,3m+1,0.08482615,0.34083856,0.08408359,0.34084051,39426.22154415,28000.00000000,11426.22154415,0.40807934,0.14511839,0.17524468,1.04674094,0.13902716,1.52589681,1.09967994,-0.13196421,505,2023,0.31566900,2022,-0.10622070,58106.15841381,23.64987635,0.43342282,0.00084464,0.53225949,0.37042176,,,0.17686525,0.12859283,,,0.28753854,0.09397811
VT TQQQ/BTAL75+KMLM25 t20 w0-80 QQQ:VOL_EWMA80 rb 3m+2,sens,sens_2021-12-20,2021-12-20,2024-12-18,false,true,"{""*"": 6, ""BTAL"": 6, ""DBMF"": 2.5, ""KMLM"": 6, ""QQQ"": 1, ""SPY"": 0.7, ""TQQQ"": 1.5}",0.03000000,tests/data/2026-08-20-net15,BTAL75+KMLM25,,3m+2,0.07329950,0.43380450,0.07189934,0.43005781,45786.78621142,28000.00000000,17786.78621142,0.63524236,0.20723820,0.25702741,1.05473021,0.19754546,1.54918467,0.86238747,-0.24030753,,2023,0.43779885,2022,-0.13095451,127448.63654435,49.52731184,0.89421003,0.00176883,0.47508721,0.13844008,,,0.15706239,0.04707858,,,0.36433718,0.13637661
VT TQQQ/BTAL75+KMLM25 t20 w0-80 QQQ:VOL_EWMA80 gate QQQ<SMA200 rb 1w,sens,sens_2021-12-20,2021-12-20,2024-12-18,false,true,"{""*"": 6, ""BTAL"": 6, ""DBMF"": 2.5, ""KMLM"": 6, ""QQQ"": 1, ""SPY"": 0.7, ""TQQQ"": 1.5}",0.03000000,tests/data/2026-08-20-net15,BTAL75+KMLM25,QQQ<SMA200,1w,0.05175635,0.29276223,0.05129916,0.29276522,42314.03995403,28000.00000000,14314.03995403,0.51121571,0.17916298,0.21347829,1.05658084,0.17008405,1.53253595,1.49054922,-0.12019931,484,2023,0.30787894,2022,-0.04644953,508048.95130408,193.99917435,3.65814526,0.00692854,0.52624259,0.14948846,,,0.17470772,0.04952757,,,0.29735224,0.03428576
VT TQQQ/BTAL75+KMLM25 t20 w0-80 QQQ:VOL_EWMA80 gate QQQ<SMA200 rb 2w,sens,sens_2021-12-20,2021-12-20,2024-12-18,false,true,"{""*"": 6, ""BTAL"": 6, ""DBMF"": 2.5, ""KMLM"": 6, ""QQQ"": 1, ""SPY"": 0.7, ""TQQQ"": 1.5}",0.03000000,tests/data/2026-08-20-net15,BTAL75+KMLM25,QQQ<SMA200,2w,0.06275039,0.35316710,0.06218244,0.35316907,43110.90487466,28000.00000000,15110.90487466,0.53967517,0.18421981,0.22369363,1.07109039,0.17210650,1.56581476,1.48490777,-0.12406145,497,2023,0.31479627,2022,-0.05680214,350216.32924307,134.53408656,2.51331897,0.00480479,0.52250754,0.14953635,,,0.17322850,0.04893228,,,0.30238191,0.03662724
VT TQQQ/BTAL75+KMLM25 t20 w0-80 QQQ:VOL_EWMA80 gate QQQ<SMA200 rb 2w+1,sens,sens_2021-12-20,2021-12-20,2024-12-18,false,true,"{""*"": 6, ""BTAL"": 6, ""DBMF"": 2.5, ""KMLM"": 6, ""QQQ"": 1, ""SPY"": 0.7, ""TQQQ"": 1.5}",0.03000000,tests/data/2026-08-20-net15,BTAL75+KMLM25,QQQ<SMA200,2w+1,0.06097658,0.25030928,0.06053071,0.25031118,43969.50917736,28000.00000000,15969.50917736,0.57033961,0.19828830,0.23454848,1.15501748,0.16947664,1.68155056,1.44079454,-0.13762427,156,2024,0.33555608,2022,-0.02917299,341357.29589634,130.94421275,2.41977154,0.00467658,0.52642441,0.19356687,,,0.17483717,0.06398628,,,0.29681008,0.03492104
VT TQQQ/BTAL75+KMLM25 t20 w0-80 QQQ:VOL_EWMA80 gate QQQ<SMA200,sens,sens_2021-12-20,2021-12-20,2024-12-18,false,true,"{""*"": 6, ""BTAL"": 6, ""DBMF"": 2.5, ""KMLM"": 6, ""QQQ"": 1, ""SPY"": 0.7, ""TQQQ"": 1.5}",0.03000000,tests/data/2026-08-20-net15,BTAL75+KMLM25,QQQ<SMA200,,0.04092438,0.23932664,0.04051504,0.23933626,40589.27848505,28000.00000000,12589.27848505,0.44961709,0.15946532,0.19088031,0.87817856,0.18942490,1.22310001,0.97338028,-0.16382633,,2023,0.34756325,2022,-0.05423403,245819.80690349,94.49704542,1.78859527,0.00337489,0.50917134,0.16976586,,,0.16910254,0.05583821,,,0.32006296,0.03394163
VT TQQQ/BTAL75+KMLM25 t20 w0-80 QQQ:VOL_EWMA80 gate QQQ<SMA200 rb 2m,sens,sens_2021-12-20,2021-12-20,2024-12-18,false,true,"{""*"": 6, ""BTAL"": 6, ""DBMF"": 2.5, ""KMLM"": 6, ""QQQ"": 1, ""SPY"": 0.7, ""TQQQ"": 1.5}",0.03000000,tests/data/2026-08-20-net15,BTAL75+KMLM25,QQQ<SMA200,2m,0.10116433,0.35911271,0.10047228,0.35667292,40289.92582600,28000.00000000,12289.92582600,0.43892592,0.14865434,0.18688743,0.84951916,0.18337674,1.20842651,0.67663266,-0.21969726,,2023,0.30061778,2022,-0.10224393,110235.98071840,44.09970638,0.81662136,0.00157499,0.51647151,0.24261655,,,0.17189609,0.07710377,,,0.30922304,0.04594926
VT TQQQ/BTAL75+KMLM25 t20 w0-80 QQQ:VOL_EWMA80 gate QQQ<SMA200 rb 2m+1,sens,sens_2021-12-20,2021-12-20,2024-12-18,false,true,"{""*"": 6, ""BTAL"": 6, ""DBMF"": 2.5, ""KMLM"": 6, ""QQQ"": 1, ""SPY"": 0.7, ""TQQQ"": 1.5}",0.03000000,tests/data/2026-08-20-net15,BTAL75+KMLM25,QQQ<SMA200,2m+1,0.07722002,0.36946902,0.07656919,0.36720802,44732.80723151,28000.00000000,16732.80723151,0.59760026,0.20671442,0.24407041,1.05213433,0.19769721,1.49667784,1.16813362,-0.17696128,,2023,0.35181130,2022,-0.02088357,171418.53222778,66.77832988,1.20094125,0.00238494,0.49869504,0.13856810,,,0.16503132,0.04884694,,,0.33405259,0.03420949
VT TQQQ/BTAL75+KMLM25 t20 w0-80 QQQ:VOL_EWMA80 gate QQQ<SMA200 rb 3m,sens,sens_2021-12-20,2021-12-20,2024-12-18,false,true,"{""*"": 6, ""BTAL"": 6, ""DBMF"": 2.5, ""KMLM"": 6, ""QQQ"": 1, ""SPY"": 0.7, ""TQQQ"": 1.5}",0.03000000,tests/data/2026-08-20-net15,BTAL75+KMLM25,QQQ<SMA200,3m,0.10572740,0.36899146,0.10421568,0.36657197,43814.16068794,28000.00000000,15814.16068794,0.56479145,0.17038385,0.23259594,0.83996115,0.21549066,1.19172309,0.77575483,-0.21963621,156,2024,0.41976410,2022,-0.13763392,64705.26382530,26.85588477,0.48589304,0.00095914,0.46677539,0.19379549,,,0.15537741,0.06284965,,,0.37480731,0.06006365
VT TQQQ/BTAL75+KMLM25 t20 w0-80 QQQ:VOL_EWMA80 gate QQQ<SMA200 rb 3m+1,sens,sens_2021-12-20,2021-12-20,2024-12-18,false,true,"{""*"": 6, ""BTAL"": 6, ""DBMF"": 2.5, ""KMLM"": 6, ""QQQ"": 1, ""SPY"": 0.7, ""TQQQ"": 1.5}",0.03000000,tests/data/2026-08-20-net15,BTAL75+KMLM25,QQQ<SMA200,3m+1,0.10777214,0.34044363,0.10719386,0.34044554,40026.30883726,28000.00000000,12026.30883726,0.42951103,0.15832039,0.18335329,1.08197446,0.14605846,1.55803804,1.38047568,-0.11468539,,2024,0.24580341,2022,-0.02132897,62056.46157394,26.07001570,0.45389033,0.00093107,0.55221102,0.37041237,,,0.18319679,0.12834619,,,0.26158106,0.03422315
VT TQQQ/BTAL75+KMLM25 t20 w0-80 QQQ:VOL_EWMA80 gate QQQ<SMA200 rb 3m+2,sens,sens_2021-12-20,2021-12-20,2024-12-18,false,true,"{""*"": 6, ""BTAL"": 6, ""DBMF"": 2.5, ""KMLM"": 6, ""QQQ"": 1, ""SPY"": 0.7, ""TQQQ"": 1.5}",0.03000000,tests/data/2026-08-20-net15,BTAL75+KMLM25,QQQ<SMA200,3m+2,0.10151123,0.43336943,0.10052531,0.43058326,47120.57273704,28000.00000000,19120.57273704,0.68287760,0.23055448,0.27311928,1.13283993,0.20158128,1.65590813,0.95906288,-0.24039559,,2023,0.39005262,2022,-0.04823193,132320.57197950,52.28379807,0.89863303,0.00186728,0.49786983,0.13881650,,,0.16442479,0.04729577,,,0.33481167,0.04163818
VT TQQQ/BTAL75+DBMF25 t20 w0-80 QQQ:VOL_EWMA80 rb 1w,sens,sens_2021-12-20,2021-12-20,2024-12-18,false,true,"{""*"": 6, ""BTAL"": 6, ""DBMF"": 2.5, ""KMLM"": 6, ""QQQ"": 1, ""SPY"": 0.7, ""TQQQ"": 1.5}",0.03000000,tests/data/2026-08-20-net15,BTAL75+DBMF25,,1w,0.00931100,0.25047455,0.00856221,0.25047658,42598.46834421,28000.00000000,14598.46834421,0.52137387,0.17359708,0.21714037,1.01508327,0.17282125,1.47600497,1.04038993,-0.16685771,504,2023,0.42100517,2022,-0.14543273,557161.43556846,185.39569082,4.03567658,0.00662127,0.49290469,0.14979611,0.16370433,0.04960102,,,,,0.34154289,0.12569144
VT TQQQ/BTAL75+DBMF25 t20 w0-80 QQQ:VOL_EWMA80 rb 2w,sens,sens_2021-12-20,2021-12-20,2024-12-18,false,true,"{""*"": 6, ""BTAL"": 6, ""DBMF"": 2.5, ""KMLM"": 6, ""QQQ"": 1, ""SPY"": 0.7, ""TQQQ"": 1.5}",0.03000000,tests/data/2026-08-20-net15,BTAL75+DBMF25,,2w,0.02470559,0.35337685,0.02373249,0.35337891,44011.81540684,28000.00000000,16011.81540684,0.57185055,0.18875079,0.23507936,1.08027988,0.17457889,1.59378345,1.12323785,-0.16804169,504,2023,0.45525868,2022,-0.15120899,373819.89888756,124.41767966,2.66363566,0.00444349,0.49147708,0.14985207,0.16329477,0.04961127,,,,,0.34312082,0.13775442
VT TQQQ/BTAL75+DBMF25 t20 w0-80 QQQ:VOL_EWMA80 rb 2w+1,sens,sens_2021-12-20,2021-12-20,2024-12-18,false,true,"{""*"": 6, ""BTAL"": 6, ""DBMF"": 2.5, ""KMLM"": 6, ""QQQ"": 1, ""SPY"": 0.7, ""TQQQ"": 1.5}",0.03000000,tests/data/2026-08-20-net15,BTAL75+DBMF25,,2w+1,0.01891401,0.25071995,0.01804511,0.25072201,43438.29359058,28000.00000000,15438.29359058,0.55136763,0.17835341,0.22785092,1.03786100,0.17297085,1.50734415,0.92700358,-0.19239775,513,2023,0.43123047,2022,-0.17618853,363239.19091451,121.42353139,2.64630011,0.00433655,0.49107770,0.19377832,0.16316526,0.06463617,,,,,0.34359749,0.12550448
VT TQQQ/BTAL75+DBMF25 t20 w0-80 QQQ:VOL_EWMA80,sens,sens_2021-12-20,2021-12-20,2024-12-18,false,true,"{""*"": 6, ""BTAL"": 6, ""DBMF"": 2.5, ""KMLM"": 6, ""QQQ"": 1, ""SPY"": 0.7, ""TQQQ"": 1.5}",0.03000000,tests/data/2026-08-20-net15,BTAL75+DBMF25,,,0.00172242,0.00566961,0.00094632,0.00312555,40911.53474569,28000.00000000,12911.53474569,0.46112624,0.15431256,0.19515482,0.85589689,0.18905103,1.19898418,0.87337305,-0.17668574,512,2023,0.46397047,2022,-0.15230125,254766.01962911,84.66378089,1.86591826,0.00302371,0.47923300,0.17017507,0.15925802,0.05651669,,,,,0.35974161,0.13802608
VT TQQQ/BTAL75+DBMF25 t20 w0-80 QQQ:VOL_EWMA80 rb 2m,sens,sens_2021-12-20,2021-12-20,2024-12-18,false,true,"{""*"": 6, ""BTAL"": 6, ""DBMF"": 2.5, ""KMLM"": 6, ""QQQ"": 1, ""SPY"": 0.7, ""TQQQ"": 1.5}",0.03000000,tests/data/2026-08-20-net15,BTAL75+DBMF25,,2m,0.07457067,0.36232220,0.07331008,0.35988929,41010.21721798,28000.00000000,13010.21721798,0.46465061,0.15523017,0.19645888,0.86837621,0.18669437,1.24129084,0.67834518,-0.22883655,,2023,0.39662676,2022,-0.16009432,107965.88873359,37.45214414,0.79121075,0.00133758,0.48741704,0.24228491,0.16182797,0.07954141,,,,,0.34799502,0.12632598
VT TQQQ/BTAL75+DBMF25 t20 w0-80 QQQ:VOL_EWMA80 rb 2m+1,sens,sens_2021-12-20,2021-12-20,2024-12-18,false,true,"{""*"": 6, ""BTAL"": 6, ""DBMF"": 2.5, ""KMLM"": 6, ""QQQ"": 1, ""SPY"": 0.7, ""TQQQ"": 1.5}",0.03000000,tests/data/2026-08-20-net15,BTAL75+DBMF25,,2m+1,0.04804382,0.36792438,0.04705656,0.36614820,43218.69556600,28000.00000000,15218.69556600,0.54352484,0.17432754,0.22506491,0.92071590,0.19588220,1.31545043,0.96534405,-0.18058592,,2023,0.39514917,2022,-0.13266494,166795.49723665,56.14011009,1.22229422,0.00200500,0.47355627,0.13874053,0.15727696,0.04972647,,,,,0.36677923,0.13496973
VT TQQQ/BTAL75+DBMF25 t20 w0-80 QQQ:VOL_EWMA80 rb 3m,sens,sens_2021-12-20,2021-12-20,2024-12-18,false,true,"{""*"": 6, ""BTAL"": 6, ""DBMF"": 2.5, ""KMLM"": 6, ""QQQ"": 1, ""SPY"": 0.7, ""TQQQ"": 1.5}",0.03000000,tests/data/2026-08-20-net15,BTAL75+DBMF25,,3m,0.07921215,0.36851944,0.07681220,0.36626976,46097.54978513,28000.00000000,18097.54978513,0.64634106,0.19850732,0.26080661,0.92453171,0.22342236,1.32374873,0.86623652,-0.22916065,159,2023,0.44488739,2022,-0.18511206,65974.90799925,23.27500167,0.47393445,0.00083125,0.43437843,0.19385458,0.14335233,0.06434235,,,,,0.41871004,0.15539901
VT TQQQ/BTAL75+DBMF25 t20 w0-80 QQQ:VOL_EWMA80 rb 3m+1,sens,sens_2021-12-20,2021-12-20,2024-12-18,false,true,"{""*"": 6, ""BTAL"": 6, ""DBMF"": 2.5, ""KMLM"": 6, ""QQQ"": 1, ""SPY"": 0.7, ""TQQQ"": 1.5}",0.03000000,tests/data/2026-08-20-net15,BTAL75+DBMF25,,3m+1,0.08522766,0.34132362,0.08458421,0.34132570,39417.83984175,28000.00000000,11417.83984175,0.40777999,0.14225173,0.17513078,1.02096809,0.14024122,1.48682479,1.03170302,-0.13788050,513,2023,0.30551261,2022,-0.11697972,57681.71361391,20.72714256,0.43215963,0.00074026,0.53239284,0.36907742,0.17698501,0.13238896,,,,,0.28720814,0.09341438
VT TQQQ/BTAL75+DBMF25 t20 w0-80 QQQ:VOL_EWMA80 rb 3m+2,sens,sens_2021-12-20,2021-12-20,2024-12-18,false,true,"{""*"": 6, ""BTAL"": 6, ""DBMF"": 2.5, ""KMLM"": 6, ""QQQ"": 1, ""SPY"": 0.7, ""TQQQ"": 1.5}",0.03000000,tests/data/2026-08-20-net15,BTAL75+DBMF25,,3m+2,0.07338482,0.43067954,0.07232692,0.42808162,45722.69364996,28000.00000000,17722.69364996,0.63295334,0.20324540,0.25624568,1.02987494,0.19946112,1.50849414,0.82183963,-0.24730543,,2023,0.42871564,2022,-0.14348291,127542.89588190,43.51693425,0.90028124,0.00155418,0.47466573,0.13868389,0.15786247,0.04950411,,,,,0.36404161,0.13522266
VT TQQQ/BTAL75+DBMF25 t20 w0-80 QQQ:VOL_EWMA80 gate QQQ<SMA200 rb 1w,sens,sens_2021-12-20,2021-12-20,2024-12-18,false,true,"{""*"": 6, ""BTAL"": 6, ""DBMF"": 2.5, ""KMLM"": 6, ""QQQ"": 1, ""SPY"": 0.7, ""TQQQ"": 1.5}",0.03000000,tests/data/2026-08-20-net15,BTAL75+DBMF25,QQQ<SMA200,1w,0.05143584,0.29264833,0.05098525,0.29265178,42236.70100427,28000.00000000,14236.70100427,0.50845361,0.17512985,0.21247945,1.03589524,0.17017935,1.50207350,1.34151483,-0.13054634,504,2023,0.29746023,2022,-0.06011118,505590.15702796,168.98796387,3.66285390,0.00603528,0.52602185,0.14990349,0.17469888,0.04917713,,,,,0.29768811,0.03453201
VT TQQQ/BTAL75+DBMF25 t20 w0-80 QQQ:VOL_EWMA80 gate QQQ<SMA200 rb 2w,sens,sens_2021-12-20,2021-12-20,2024-12-18,false,true,"{""*"": 6, ""BTAL"": 6, ""DBMF"": 2.5, ""KMLM"": 6, ""QQQ"": 1, ""SPY"": 0.7, ""TQQQ"": 1.5}",0.03000000,tests/data/2026-08-20-net15,BTAL75+DBMF25,QQQ<SMA200,2w,0.06250138,0.35312505,0.06192580,0.35312716,43190.73898034,28000.00000000,15190.73898034,0.54252639,0.18175079,0.22470949,1.05841879,0.17220539,1.54750075,1.33187328,-0.13646252,512,2024,0.32312533,2022,-0.07026713,349881.55704469,117.35289833,2.52365445,0.00419117,0.52208135,0.14973252,0.17337310,0.04979580,,,,,0.30261189,0.03688994
VT TQQQ/BTAL75+DBMF25 t20 w0-80 QQQ:VOL_EWMA80 gate QQQ<SMA200 rb 2w+1,sens,sens_2021-12-20,2021-12-20,2024-12-18,false,true,"{""*"": 6, ""BTAL"": 6, ""DBMF"": 2.5, ""KMLM"": 6, ""QQQ"": 1, ""SPY"": 0.7, ""TQQQ"": 1.5}",0.03000000,tests/data/2026-08-20-net15,BTAL75+DBMF25,QQQ<SMA200,2w+1,0.06108010,0.25038636,0.06066252,0.25038840,43987.91444298,28000.00000000,15987.91444298,0.57099694,0.19542434,0.23477948,1.13942474,0.16972830,1.65814864,1.29787792,-0.15057220,159,2024,0.34963250,2022,-0.04139462,341130.16151564,114.71962681,2.42998630,0.00409713,0.52655784,0.19360617,0.17492222,0.06450135,,,,,0.29675461,0.03462161
VT TQQQ/BTAL75+DBMF25 t20 w0-80 QQQ:VOL_EWMA80 gate QQQ<SMA200,sens,sens_2021-12-20,2021-12-20,2024-12-18,false,true,"{""*"": 6, ""BTAL"": 6, ""DBMF"": 2.5, ""KMLM"": 6, ""QQQ"": 1, ""SPY"": 0.7, ""TQQQ"": 1.5}",0.03000000,tests/data/2026-08-20-net15,BTAL75+DBMF25,QQQ<SMA200,,0.04114125,0.23968615,0.04073958,0.23969312,40639.21499055,28000.00000000,12639.21499055,0.45140054,0.15732160,0.19154429,0.86747600,0.18968257,1.20803842,0.93543237,-0.16818063,,2023,0.33653273,2022,-0.06445245,245956.07408714,82.78566604,1.79804412,0.00295663,0.50935136,0.17016577,0.16921726,0.05604845,,,,,0.31978643,0.03358477
VT TQQQ/BTAL75+DBMF25 t20 w0-80 QQQ:VOL_EWMA80 gate QQQ<SMA200 rb 2m,sens,sens_2021-12-20,2021-12-20,2024-12-18,false,true,"{""*"": 6, ""BTAL"": 6, ""DBMF"": 2.5, ""KMLM"": 6, ""QQQ"": 1, ""SPY"": 0.7, ""TQQQ"": 1.5}",0.03000000,tests/data/2026-08-20-net15,BTAL75+DBMF25,QQQ<SMA200,2m,0.10130210,0.36280879,0.10051026,0.35980630,40300.30471377,28000.00000000,12300.30471377,0.43929660,0.14563042,0.18702623,0.83239812,0.18414643,1.18396375,0.63648217,-0.22880519,,2023,0.29223595,2022,-0.11475419,110266.89219050,38.64891146,0.82098426,0.00138032,0.51638851,0.24252277,0.17161330,0.07950516,,,,,0.30950622,0.04627506
VT TQQQ/BTAL75+DBMF25 t20 w0-80 QQQ:VOL_EWMA80 gate QQQ<SMA200 rb 2m+1,sens,sens_2021-12-20,2021-12-20,2024-12-18,false,true,"{""*"": 6, ""BTAL"": 6, ""DBMF"": 2.5, ""KMLM"": 6, ""QQQ"": 1, ""SPY"": 0.7, ""TQQQ"": 1.5}",0.03000000,tests/data/2026-08-20-net15,BTAL75+DBMF25,QQQ<SMA200,2m+1,0.07735899,0.36884559,0.07675289,0.36667868,44485.68201434,28000.00000000,16485.68201434,0.58877436,0.20112045,0.24100054,1.02856012,0.19769864,1.46443670,1.11437454,-0.18047832,,2023,0.33893946,2022,-0.03304003,170577.67986801,58.42627064,1.20436037,0.00208665,0.49874817,0.13852963,0.16541102,0.04965732,,,,,0.33376218,0.03390681
VT TQQQ/BTAL75+DBMF25 t20 w0-80 QQQ:VOL_EWMA80 gate QQQ<SMA200 rb 3m,sens,sens_2021-12-20,2021-12-20,2024-12-18,false,true,"{""*"": 6, ""BTAL"": 6, ""DBMF"": 2.5, ""KMLM"": 6, ""QQQ"": 1, ""SPY"": 0.7, ""TQQQ"": 1.5}",0.03000000,tests/data/2026-08-20-net15,BTAL75+DBMF25,QQQ<SMA200,3m,0.10605723,0.36865067,0.10437910,0.36651211,43337.50824449,28000.00000000,15337.50824449,0.54776815,0.16185219,0.22657354,0.80278925,0.21664371,1.13960344,0.70717013,-0.22887306,159,2024,0.42204804,2022,-0.14973190,64255.78303594,23.33268339,0.48787314,0.00083331,0.46746876,0.19368495,0.15418178,0.06403952,,,,,0.37512926,0.05993793
VT TQQQ/BTAL75+DBMF25 t20 w0-80 QQQ:VOL_EWMA80 gate QQQ<SMA200 rb 3m+1,sens,sens_2021-12-20,2021-12-20,2024-12-18,false,true,"{""*"": 6, ""BTAL"": 6, ""DBMF"": 2.5, ""KMLM"": 6, ""QQQ"": 1, ""SPY"": 0.7, ""TQQQ"": 1.5}",0.03000000,tests/data/2026-08-20-net15,BTAL75+DBMF25,QQQ<SMA200,3m+1,0.10833986,0.34091096,0.10790145,0.34091301,40022.57745311,28000.00000000,12022.57745311,0.42937777,0.15556233,0.18330315,1.06757208,0.14574557,1.54168737,1.30500132,-0.11920473,,2024,0.25789089,2022,-0.03262529,61811.31513444,23.05870755,0.45403672,0.00082353,0.55259703,0.36908582,0.18348126,0.13261358,,,,,0.26105962,0.03389305
VT TQQQ/BTAL75+DBMF25 t20 w0-80 QQQ:VOL_EWMA80 gate QQQ<SMA200 rb 3m+2,sens,sens_2021-12-20,2021-12-20,2024-12-18,false,true,"{""*"": 6, ""BTAL"": 6, ""DBMF"": 2.5, ""KMLM"": 6, ""QQQ"": 1, ""SPY"": 0.7, ""TQQQ"": 1.5}",0.03000000,tests/data/2026-08-20-net15,BTAL75+DBMF25,QQQ<SMA200,3m+2,0.10139974,0.43095303,0.10059596,0.42850451,47032.70086974,28000.00000000,19032.70086974,0.67973932,0.22620963,0.27206930,1.11292268,0.20209764,1.62658252,0.91406312,-0.24747703,,2024,0.38491862,2022,-0.06263001,132551.96893003,45.99174735,0.90616345,0.00164256,0.49703534,0.13862794,0.16543120,0.04949692,,,,,0.33497971,0.04197361
VT TQQQ/BTAL50+KMLM50 t20 w0-80 QQQ:VOL_EWMA80 rb 1w,sens,sens_2021-12-20,2021-12-20,2024-12-18,false,true,"{""*"": 6, ""BTAL"": 6, ""DBMF"": 2.5, ""KMLM"": 6, ""QQQ"": 1, ""SPY"": 0.7, ""TQQQ"": 1.5}",0.03000000,tests/data/2026-08-20-net15,BTAL50+KMLM50,,1w,0.00934617,0.25013862,0.00856176,0.25014062,42548.62561736,28000.00000000,14548.62561736,0.51959377,0.18152684,0.21649992,1.00987048,0.18201577,1.46655055,1.20917475,-0.15012457,486,2023,0.45087084,2022,-0.12422322,565870.26105079,214.38105791,4.04610782,0.00765647,0.32845696,0.09954135,,,0.32806434,0.09974121,,,0.34157964,0.12547528
VT TQQQ/BTAL50+KMLM50 t20 w0-80 QQQ:VOL_EWMA80 rb 2w,sens,sens_2021-12-20,2021-12-20,2024-12-18,false,true,"{""*"": 6, ""BTAL"": 6, ""DBMF"": 2.5, ""KMLM"": 6, ""QQQ"": 1, ""SPY"": 0.7, ""TQQQ"": 1.5}",0.03000000,tests/data/2026-08-20-net15,BTAL50+KMLM50,,2w,0.02457790,0.35353939,0.02370319,0.35354142,43673.38986203,28000.00000000,15673.38986203,0.55976392,0.19415356,0.23082228,1.05664312,0.18446862,1.55202551,1.28100955,-0.15156293,486,2023,0.48496582,2022,-0.12965181,377818.83915025,143.62016916,2.66037960,0.00512929,0.32767465,0.09987830,,,0.32708420,0.09927314,,,0.34319089,0.13757337
VT TQQQ/BTAL50+KMLM50 t20 w0-80 QQQ:VOL_EWMA80 rb 2w+1,sens,sens_2021-12-20,2021-12-20,2024-12-18,false,true,"{""*"": 6, ""BTAL"": 6, ""DBMF"": 2.5, ""KMLM"": 6, ""QQQ"": 1, ""SPY"": 0.7, ""TQQQ"": 1.5}",0.03000000,tests/data/2026-08-20-net15,BTAL50+KMLM50,,2w+1,0.01881852,0.25014325,0.01790281,0.25014529,43140.64821021,28000.00000000,15140.64821021,0.54073744,0.18375115,0.22407226,1.02126686,0.18180122,1.48287457,1.02839825,-0.17867703,507,2023,0.46136854,2022,-0.15653252,364066.94296350,138.06959901,2.62463484,0.00493106,0.32725632,0.12923094,,,0.32703524,0.12933909,,,0.34351726,0.12607883
VT TQQQ/BTAL50+KMLM50 t20 w0-80 QQQ:VOL_EWMA80,sens,sens_2021-12-20,2021-12-20,2024-12-18,false,true,"{""*"": 6, ""BTAL"": 6, ""DBMF"": 2.5, ""KMLM"": 6, ""QQQ"": 1, ""SPY"": 0.7, ""TQQQ"": 1.5}",0.03000000,tests/data/2026-08-20-net15,BTAL50+KMLM50,,,0.00179031,0.00461109,0.00099287,0.00241740,40901.36352334,28000.00000000,12901.36352334,0.46076298,0.16300055,0.19502028,0.86543484,0.19755521,1.21422151,0.99033774,-0.16459087,,2023,0.49680327,2022,-0.13042018,257536.81180041,97.50554525,1.85663522,0.00348234,0.31931139,0.11302584,,,0.31907190,0.11278424,,,0.35977492,0.13745985
VT TQQQ/BTAL50+KMLM50 t20 w0-80 QQQ:VOL_EWMA80 rb 2m,sens,sens_2021-12-20,2021-12-20,2024-12-18,false,true,"{""*"": 6, ""BTAL"": 6, ""DBMF"": 2.5, ""KMLM"": 6, ""QQQ"": 1, ""SPY"": 0.7, ""TQQQ"": 1.5}",0.03000000,tests/data/2026-08-20-net15,BTAL50+KMLM50,,2m,0.07455362,0.35753700,0.07326552,0.35456869,40960.23520216,28000.00000000,12960.23520216,0.46286554,0.16234328,0.19579867,0.86893745,0.19561753,1.24394999,0.70966127,-0.22876165,,2023,0.42492113,2022,-0.14222476,107592.97870862,42.20408598,0.77992970,0.00150729,0.32442061,0.16168339,,,0.32499725,0.15623321,,,0.34777725,0.12624262
VT TQQQ/BTAL50+KMLM50 t20 w0-80 QQQ:VOL_EWMA80 rb 2m+1,sens,sens_2021-12-20,2021-12-20,2024-12-18,false,true,"{""*"": 6, ""BTAL"": 6, ""DBMF"": 2.5, ""KMLM"": 6, ""QQQ"": 1, ""SPY"": 0.7, ""TQQQ"": 1.5}",0.03000000,tests/data/2026-08-20-net15,BTAL50+KMLM50,,2m+1,0.04857682,0.36958635,0.04743001,0.36753195,44044.25082736,28000.00000000,16044.25082736,0.57300896,0.19327188,0.23548612,0.97068584,0.20401596,1.38103944,1.08381181,-0.17832605,,2023,0.43052503,2022,-0.10263532,171055.21928925,65.58022564,1.22065347,0.00234215,0.31569950,0.09221451,,,0.31456277,0.09719894,,,0.36704211,0.13928448
VT TQQQ/BTAL50+KMLM50 t20 w0-80 QQQ:VOL_EWMA80 rb 3m,sens,sens_2021-12-20,2021-12-20,2024-12-18,false,true,"{""*"": 6, ""BTAL"": 6, ""DBMF"": 2.5, ""KMLM"": 6, ""QQQ"": 1, ""SPY"": 0.7, ""TQQQ"": 1.5}",0.03000000,tests/data/2026-08-20-net15,BTAL50+KMLM50,,3m,0.07966071,0.36995763,0.07745057,0.36760671,46848.05034425,28000.00000000,18848.05034425,0.67314466,0.21428672,0.26985829,0.95740144,0.23133330,1.37174731,0.93508940,-0.22916175,156,2023,0.48196743,2022,-0.16531549,66708.30167979,26.89557334,0.46971135,0.00096056,0.28872038,0.12902329,,,0.28962292,0.12777393,,,0.41854106,0.15473054
VT TQQQ/BTAL50+KMLM50 t20 w0-80 QQQ:VOL_EWMA80 rb 3m+1,sens,sens_2021-12-20,2021-12-20,2024-12-18,false,true,"{""*"": 6, ""BTAL"": 6, ""DBMF"": 2.5, ""KMLM"": 6, ""QQQ"": 1, ""SPY"": 0.7, ""TQQQ"": 1.5}",0.03000000,tests/data/2026-08-20-net15,BTAL50+KMLM50,,3m+1,0.08487866,0.34020046,0.08406929,0.34020251,39396.80960885,28000.00000000,11396.80960885,0.40702891,0.15143300,0.17484495,1.01468839,0.15049164,1.46783609,1.09527867,-0.13825979,339,2023,0.33635617,2022,-0.09008016,58748.16292660,24.01047052,0.43301736,0.00085752,0.35466268,0.24555645,,,0.35454933,0.25668084,,,0.28738955,0.09536915
VT TQQQ/BTAL50+KMLM50 t20 w0-80 QQQ:VOL_EWMA80 rb 3m+2,sens,sens_2021-12-20,2021-12-20,2024-12-18,false,true,"{""*"": 6, ""BTAL"": 6, ""DBMF"": 2.5, ""KMLM"": 6, ""QQQ"": 1, ""SPY"": 0.7, ""TQQQ"": 1.5}",0.03000000,tests/data/2026-08-20-net15,BTAL50+KMLM50,,3m+2,0.07351844,0.43381426,0.07220683,0.43099160,45938.96187867,28000.00000000,17938.96187867,0.64067721,0.21525161,0.25888032,1.04607797,0.20744402,1.52891667,0.86429419,-0.24904901,,2023,0.45737570,2022,-0.11782979,128360.25567194,49.83056933,0.89005879,0.00177966,0.31683554,0.09250912,,,0.31533512,0.09592628,,,0.36436959,0.13711302
VT TQQQ/BTAL50+KMLM50 t20 w0-80 QQQ:VOL_EWMA80 gate QQQ<SMA200 rb 1w,sens,sens_2021-12-20,2021-12-20,2024-12-18,false,true,"{""*"": 6, ""BTAL"": 6, ""DBMF"": 2.5, ""KMLM"": 6, ""QQQ"": 1, ""SPY"": 0.7, ""TQQQ"": 1.5}",0.03000000,tests/data/2026-08-20-net15,BTAL50+KMLM50,QQQ<SMA200,1w,0.05204521,0.29221991,0.05159738,0.29222325,42264.43924696,28000.00000000,14264.43924696,0.50944426,0.18460035,0.21283785,1.04024727,0.17862645,1.49509981,1.45047080,-0.12726926,159,2023,0.32627354,2022,-0.03423551,515138.45399596,197.29142187,3.67428577,0.00704612,0.35082679,0.09964848,,,0.35040104,0.09944933,,,0.29707589,0.03470512
VT TQQQ/BTAL50+KMLM50 t20 w0-80 QQQ:VOL_EWMA80 gate QQQ<SMA200 rb 2w,sens,sens_2021-12-20,2021-12-20,2024-12-18,false,true,"{""*"": 6, ""BTAL"": 6, ""DBMF"": 2.5, ""KMLM"": 6, ""QQQ"": 1, ""SPY"": 0.7, ""TQQQ"": 1.5}",0.03000000,tests/data/2026-08-20-net15,BTAL50+KMLM50,QQQ<SMA200,2w,0.06314938,0.35409621,0.06258396,0.35409828,42941.44236510,28000.00000000,14941.44236510,0.53362294,0.18897442,0.22153275,1.04939312,0.18099406,1.51921355,1.50898266,-0.12523300,,2023,0.33361313,2022,-0.04342799,355314.36861970,136.85240179,2.52523282,0.00488759,0.34841612,0.09983485,,,0.34773881,0.09908118,,,0.30198928,0.03700553
VT TQQQ/BTAL50+KMLM50 t20 w0-80 QQQ:VOL_EWMA80 gate QQQ<SMA200 rb 2w+1,sens,sens_2021-12-20,2021-12-20,2024-12-18,false,true,"{""*"": 6, ""BTAL"": 6, ""DBMF"": 2.5, ""KMLM"": 6, ""QQQ"": 1, ""SPY"": 0.7, ""TQQQ"": 1.5}",0.03000000,tests/data/2026-08-20-net15,BTAL50+KMLM50,QQQ<SMA200,2w+1,0.06167088,0.25053145,0.06120004,0.25053345,43845.53200439,28000.00000000,15845.53200439,0.56591186,0.20341776,0.23299064,1.13423889,0.17760627,1.63651384,1.38022971,-0.14737964,159,2023,0.31550804,2022,-0.01566732,343662.28219971,132.10590076,2.41212813,0.00471807,0.35111829,0.12893289,,,0.35107253,0.12870081,,,0.29599612,0.03479163
VT TQQQ/BTAL50+KMLM50 t20 w0-80 QQQ:VOL_EWMA80 gate QQQ<SMA200,sens,sens_2021-12-20,2021-12-20,2024-12-18,false,true,"{""*"": 6, ""BTAL"": 6, ""DBMF"": 2.5, ""KMLM"": 6, ""QQQ"": 1, ""SPY"": 0.7, ""TQQQ"": 1.5}",0.03000000,tests/data/2026-08-20-net15,BTAL50+KMLM50,QQQ<SMA200,,0.04153358,0.23948473,0.04110532,0.23949346,40714.33573582,28000.00000000,12714.33573582,0.45408342,0.16758883,0.19254203,0.88523212,0.19762612,1.22867283,1.01801649,-0.16462290,,2023,0.37133722,2022,-0.03976167,248907.76189504,95.61599075,1.78609244,0.00341486,0.33953398,0.11297698,,,0.33938227,0.11342290,,,0.31949469,0.03378444
VT TQQQ/BTAL50+KMLM50 t20 w0-80 QQQ:VOL_EWMA80 gate QQQ<SMA200 rb 2m,sens,sens_2021-12-20,2021-12-20,2024-12-18,false,true,"{""*"": 6, ""BTAL"": 6, ""DBMF"": 2.5, ""KMLM"": 6, ""QQQ"": 1, ""SPY"": 0.7, ""TQQQ"": 1.5}",0.03000000,tests/data/2026-08-20-net15,BTAL50+KMLM50,QQQ<SMA200,2m,0.10148382,0.35742059,0.10068608,0.35517364,40432.96041677,28000.00000000,12432.96041677,0.44403430,0.15586574,0.18879796,0.85034551,0.19263210,1.20406845,0.68073716,-0.22896612,,2023,0.32607054,2022,-0.09330898,110824.16026116,44.45551542,0.81212948,0.00158770,0.34389059,0.16176190,,,0.34441530,0.15573030,,,0.30917764,0.04698419
VT TQQQ/BTAL50+KMLM50 t20 w0-80 QQQ:VOL_EWMA80 gate QQQ<SMA200 rb 2m+1,sens,sens_2021-12-20,2021-12-20,2024-12-18,false,true,"{""*"": 6, ""BTAL"": 6, ""DBMF"": 2.5, ""KMLM"": 6, ""QQQ"": 1, ""SPY"": 0.7, ""TQQQ"": 1.5}",0.03000000,tests/data/2026-08-20-net15,BTAL50+KMLM50,QQQ<SMA200,2m+1,0.07806988,0.36918917,0.07739799,0.36773186,45226.73279226,28000.00000000,17226.73279226,0.61524046,0.21858494,0.25016958,1.06899931,0.20518251,1.51239576,1.22567412,-0.17833855,,2023,0.37408868,2022,-0.00530279,174458.46188352,68.11091153,1.20191335,0.00243253,0.33259183,0.09209909,,,0.33167444,0.09699095,,,0.33362325,0.03402715
VT TQQQ/BTAL50+KMLM50 t20 w0-80 QQQ:VOL_EWMA80 gate QQQ<SMA200 rb 3m,sens,sens_2021-12-20,2021-12-20,2024-12-18,false,true,"{""*"": 6, ""BTAL"": 6, ""DBMF"": 2.5, ""KMLM"": 6, ""QQQ"": 1, ""SPY"": 0.7, ""TQQQ"": 1.5}",0.03000000,tests/data/2026-08-20-net15,BTAL50+KMLM50,QQQ<SMA200,3m,0.10666805,0.36947188,0.10497005,0.36687053,44185.74373795,28000.00000000,16185.74373795,0.57806228,0.18029871,0.23725800,0.85364371,0.22420043,1.20750012,0.78785739,-0.22884688,156,2024,0.41012539,2022,-0.12578469,65643.97492318,27.34385625,0.48648838,0.00097657,0.31075193,0.12926706,,,0.31171746,0.12785622,,,0.37416531,0.05984704
VT TQQQ/BTAL50+KMLM50 t20 w0-80 QQQ:VOL_EWMA80 gate QQQ<SMA200 rb 3m+1,sens,sens_2021-12-20,2021-12-20,2024-12-18,false,true,"{""*"": 6, ""BTAL"": 6, ""DBMF"": 2.5, ""KMLM"": 6, ""QQQ"": 1, ""SPY"": 0.7, ""TQQQ"": 1.5}",0.03000000,tests/data/2026-08-20-net15,BTAL50+KMLM50,QQQ<SMA200,3m+1,0.10804249,0.34000796,0.10737159,0.34000997,39940.31293750,28000.00000000,11940.31293750,0.42643975,0.16381119,0.18219674,1.05663654,0.15538313,1.50799380,1.38302659,-0.11844399,339,2023,0.26299328,2022,-0.00591997,62476.91667765,26.32683774,0.45204625,0.00094024,0.36806183,0.24570100,,,0.36799372,0.25653853,,,0.26093819,0.03404743
VT TQQQ/BTAL50+KMLM50 t20 w0-80 QQQ:VOL_EWMA80 gate QQQ<SMA200 rb 3m+2,sens,sens_2021-12-20,2021-12-20,2024-12-18,false,true,"{""*"": 6, ""BTAL"": 6, ""DBMF"": 2.5, ""KMLM"": 6, ""QQQ"": 1, ""SPY"": 0.7, ""TQQQ"": 1.5}",0.03000000,tests/data/2026-08-20-net15,BTAL50+KMLM50,QQQ<SMA200,3m+2,0.10268973,0.43487256,0.10164422,0.43166251,47298.55947748,28000.00000000,19298.55947748,0.68923427,0.23899198,0.27524173,1.12942976,0.20975306,1.63972235,0.95874171,-0.24927671,,2023,0.41125482,2022,-0.03474942,133482.52293390,52.75746766,0.89528713,0.00188420,0.33218988,0.09212697,,,0.33084252,0.09537393,,,0.33407740,0.04147280
TQQQ50/BTAL50 rb 1w,sens,sens_2021-12-20,2021-12-20,2024-12-18,true,true,"{""*"": 6, ""BTAL"": 6, ""DBMF"": 2.5, ""KMLM"": 6, ""QQQ"": 1, ""SPY"": 0.7, ""TQQQ"": 1.5}",0.03000000,tests/data/2026-08-20-net15,,,,0.00264006,0.05003282,0.00233647,0.05004202,43719.35469920,28000.00000000,15719.35469920,0.56140552,0.13189503,0.23140188,0.56575768,0.29837749,0.79875597,0.29159137,-0.45232830,753,2023,0.67007439,2022,-0.42672355,155992.81617872,58.55511322,1.21842698,0.00209125,0.49943183,0.46380604,,,,,,,0.49927431,0.44995798
50/50,sens,sens_2021-12-20,2021-12-20,2024-12-18,true,true,"{""*"": 6, ""BTAL"": 6, ""DBMF"": 2.5, ""KMLM"": 6, ""QQQ"": 1, ""SPY"": 0.7, ""TQQQ"": 1.5}",0.03000000,tests/data/2026-08-20-net15,,,,0.00117132,0.00337941,0.00088732,0.00333093,42993.70696778,28000.00000000,14993.70696778,0.53548953,0.12764707,0.22219985,0.56278053,0.28766795,0.79435130,0.28515170,-0.44764617,752,2023,0.69915155,2022,-0.42407111,71225.42782529,26.77298762,0.55433007,0.00095618,0.49951583,0.49831949,,,,,,,0.49929132,0.49666907
TQQQ50/BTAL50 rb 3m,sens,sens_2021-12-20,2021-12-20,2024-12-18,true,true,"{""*"": 6, ""BTAL"": 6, ""DBMF"": 2.5, ""KMLM"": 6, ""QQQ"": 1, ""SPY"": 0.7, ""TQQQ"": 1.5}",0.03000000,tests/data/2026-08-20-net15,,,,0.03398939,0.14821486,0.03389093,0.14822348,43179.27752444,28000.00000000,15179.27752444,0.54211705,0.13697521,0.22456373,0.59898728,0.28070518,0.85264331,0.31432567,-0.43577483,721,2023,0.73141717,2022,-0.41221863,51832.43318930,19.49089606,0.39702968,0.00069610,0.50041043,0.39913482,,,,,,,0.49738946,0.35177652
TQQQ50/BTAL50 gate QQQ<SMA200 rb 1w,sens,sens_2021-12-20,2021-12-20,2024-12-18,true,true,"{""*"": 6, ""BTAL"": 6, ""DBMF"": 2.5, ""KMLM"": 6, ""QQQ"": 1, ""SPY"": 0.7, ""TQQQ"": 1.5}",0.03000000,tests/data/2026-08-20-net15,,,,0.09678077,0.40850408,0.09663134,0.40851487,44838.10166719,28000.00000000,16838.10166719,0.60136077,0.16532453,0.24537469,0.82124346,0.21493419,1.17871278,0.50968205,-0.32436796,687,2024,0.42846818,2022,-0.26673446,134447.20315708,51.96326245,1.00985965,0.00185583,0.59473532,0.46399127,,,,,,,0.40434445,0.09148513
TQQQ50/BTAL50 gate QQQ<SMA200,sens,sens_2021-12-20,2021-12-20,2024-12-18,true,true,"{""*"": 6, ""BTAL"": 6, ""DBMF"": 2.5, ""KMLM"": 6, ""QQQ"": 1, ""SPY"": 0.7, ""TQQQ"": 1.5}",0.03000000,tests/data/2026-08-20-net15,,,,0.09851746,0.41954233,0.09838924,0.41955278,45076.54585314,28000.00000000,17076.54585314,0.60987664,0.17813854,0.24832013,0.89013025,0.20926245,1.28557211,0.60534593,-0.29427560,567,2023,0.45437948,2022,-0.23280217,72565.49683271,28.91515943,0.53007390,0.00103268,0.59749246,0.49908558,,,,,,,0.40168301,0.08044722
TQQQ50/BTAL50 gate QQQ<SMA200 rb 3m,sens,sens_2021-12-20,2021-12-20,2024-12-18,true,true,"{""*"": 6, ""BTAL"": 6, ""DBMF"": 2.5, ""KMLM"": 6, ""QQQ"": 1, ""SPY"": 0.7, ""TQQQ"": 1.5}",0.03000000,tests/data/2026-08-20-net15,,,,0.12898263,0.41953724,0.12895910,0.41954809,42535.32174661,28000.00000000,14535.32174661,0.51911863,0.14689079,0.21632888,0.78621593,0.20032778,1.11666787,0.51335222,-0.28614037,693,2024,0.36227571,2022,-0.23282927,52281.38522074,21.26955358,0.39927142,0.00075963,0.61580795,0.44072207,,,,,,,0.38235398,0.08045191
SPY benchmark,sens,sens_2021-12-20,2021-12-20,2024-12-18,true,true,"{""*"": 6, ""BTAL"": 6, ""DBMF"": 2.5, ""KMLM"": 6, ""QQQ"": 1, ""SPY"": 0.7, ""TQQQ"": 1.5}",0.03000000,tests/data/2026-08-20-net15,,,,0.01036235,0.02853707,0.01036423,0.02853833,37154.48737506,28000.00000000,9154.48737506,0.32694598,0.10029625,0.14370727,0.64071401,0.17287560,0.91416688,0.41173444,-0.24359452,709,2023,0.25583662,2022,-0.18197208,27739.70744952,1.94177952,0.22279974,0.00006935,,,,,,,0.98963577,0.97146167,,
VT TQQQ/BTAL75+KMLM25 t20 w0-80 QQQ:VOL_EWMA80 rb 1w,sens,sens_2022-06-21,2022-06-21,2025-06-18,false,true,"{""*"": 6, ""BTAL"": 6, ""DBMF"": 2.5, ""KMLM"": 6, ""QQQ"": 1, ""SPY"": 0.7, ""TQQQ"": 1.5}",0.03000000,tests/data/2026-08-20-net15,BTAL75+KMLM25,,1w,0.00932338,0.24963183,0.00857977,0.24963395,39605.84355230,28000.00000000,11605.84355230,0.41449441,0.18477166,0.17787061,1.08224100,0.17083724,1.58595701,1.16006569,-0.15927689,,2023,0.43350019,2025,-0.04342123,597650.58554153,226.63834602,3.94315638,0.00809423,0.48192778,0.14945618,,,0.15994124,0.04898941,,,0.35630817,0.08350144
VT TQQQ/BTAL75+KMLM25 t20 w0-80 QQQ:VOL_EWMA80 rb 2w,sens,sens_2022-06-21,2022-06-21,2025-06-18,false,true,"{""*"": 6, ""BTAL"": 6, ""DBMF"": 2.5, ""KMLM"": 6, ""QQQ"": 1, ""SPY"": 0.7, ""TQQQ"": 1.5}",0.03000000,tests/data/2026-08-20-net15,BTAL75+KMLM25,,2w,0.02516212,0.35276907,0.02425197,0.35277124,38482.91561043,28000.00000000,10482.91561043,0.37438984,0.17291178,0.16248742,1.01326076,0.17282774,1.49064885,1.00353945,-0.17230193,,2023,0.46771548,2025,-0.09377079,385433.81080287,146.63027364,2.51908220,0.00523680,0.48058013,0.14968442,,,0.15931200,0.04909491,,,0.35812781,0.11128005
VT TQQQ/BTAL75+KMLM25 t20 w0-80 QQQ:VOL_EWMA80 rb 2w+1,sens,sens_2022-06-21,2022-06-21,2025-06-18,false,true,"{""*"": 6, ""BTAL"": 6, ""DBMF"": 2.5, ""KMLM"": 6, ""QQQ"": 1, ""SPY"": 0.7, ""TQQQ"": 1.5}",0.03000000,tests/data/2026-08-20-net15,BTAL75+KMLM25,,2w+1,0.01805802,0.24980402,0.01711501,0.24980619,39785.67969630,28000.00000000,11785.67969630,0.42091713,0.17752894,0.18030459,1.03522208,0.17301139,1.51593102,1.06525718,-0.16665359,,2023,0.44317440,2022,-0.09942855,398166.50494205,151.22834804,2.65435402,0.00540101,0.48136949,0.19352798,,,0.15962425,0.06411872,,,0.35680751,0.08315212
VT TQQQ/BTAL75+KMLM25 t20 w0-80 QQQ:VOL_EWMA80,sens,sens_2022-06-21,2022-06-21,2025-06-18,false,true,"{""*"": 6, ""BTAL"": 6, ""DBMF"": 2.5, ""KMLM"": 6, ""QQQ"": 1, ""SPY"": 0.7, ""TQQQ"": 1.5}",0.03000000,tests/data/2026-08-20-net15,BTAL75+KMLM25,,,0.00174744,0.00389039,0.00101173,0.00256727,38285.73312165,28000.00000000,10285.73312165,0.36734761,0.16769147,0.15975250,0.91608059,0.18966399,1.29186296,0.85906879,-0.19520144,,2023,0.47506988,2022,-0.04682491,260612.16945770,99.38959379,1.74498122,0.00354963,0.47184370,0.17023920,,,0.15655882,0.05566302,,,0.36979694,0.15562362
VT TQQQ/BTAL75+KMLM25 t20 w0-80 QQQ:VOL_EWMA80 rb 2m,sens,sens_2022-06-21,2022-06-21,2025-06-18,false,true,"{""*"": 6, ""BTAL"": 6, ""DBMF"": 2.5, ""KMLM"": 6, ""QQQ"": 1, ""SPY"": 0.7, ""TQQQ"": 1.5}",0.03000000,tests/data/2026-08-20-net15,BTAL75+KMLM25,,2m,0.07314937,0.35864495,0.07209515,0.35609723,37717.29503065,28000.00000000,9717.29503065,0.34704625,0.15716292,0.15181027,0.90456266,0.17998856,1.31453617,0.71583608,-0.21955155,,2023,0.40431415,2022,-0.07623908,98777.28328020,39.58017023,0.66955735,0.00141358,0.48501275,0.24250016,,,0.16112221,0.07694352,,,0.35156195,0.15562362
VT TQQQ/BTAL75+KMLM25 t20 w0-80 QQQ:VOL_EWMA80 rb 2m+1,sens,sens_2022-06-21,2022-06-21,2025-06-18,false,true,"{""*"": 6, ""BTAL"": 6, ""DBMF"": 2.5, ""KMLM"": 6, ""QQQ"": 1, ""SPY"": 0.7, ""TQQQ"": 1.5}",0.03000000,tests/data/2026-08-20-net15,BTAL75+KMLM25,,2m+1,0.05089571,0.36870773,0.04962698,0.36579390,40782.52507270,28000.00000000,12782.52507270,0.45651875,0.18816728,0.19365307,0.95356087,0.20333652,1.36242481,1.00327332,-0.18755336,,2023,0.40868054,2022,-0.04135540,172338.98206881,66.92072109,1.14099614,0.00239003,0.45807935,0.13853838,,,0.15079509,0.04803176,,,0.38889474,0.13962257
VT TQQQ/BTAL75+KMLM25 t20 w0-80 QQQ:VOL_EWMA80 rb 3m,sens,sens_2022-06-21,2022-06-21,2025-06-18,false,true,"{""*"": 6, ""BTAL"": 6, ""DBMF"": 2.5, ""KMLM"": 6, ""QQQ"": 1, ""SPY"": 0.7, ""TQQQ"": 1.5}",0.03000000,tests/data/2026-08-20-net15,BTAL75+KMLM25,,3m,0.07687367,0.36910273,0.07487143,0.36627341,42902.38973373,28000.00000000,14902.38973373,0.53222820,0.21656432,0.22127047,1.00417247,0.22027537,1.45232975,0.98565161,-0.21971691,156,2023,0.45642943,2022,-0.07565759,79227.50169566,32.30738268,0.50318341,0.00115384,0.43100438,0.19401950,,,0.14283672,0.06242558,,,0.42317644,0.15562362
VT TQQQ/BTAL75+KMLM25 t20 w0-80 QQQ:VOL_EWMA80 rb 3m+1,sens,sens_2022-06-21,2022-06-21,2025-06-18,false,true,"{""*"": 6, ""BTAL"": 6, ""DBMF"": 2.5, ""KMLM"": 6, ""QQQ"": 1, ""SPY"": 0.7, ""TQQQ"": 1.5}",0.03000000,tests/data/2026-08-20-net15,BTAL75+KMLM25,,3m+1,0.08168648,0.33958414,0.08060435,0.33958637,35411.06779419,28000.00000000,7411.06779419,0.26468099,0.12278687,0.11865925,0.87784363,0.14437391,1.27121362,0.73148856,-0.16785891,,2023,0.31634179,2022,-0.06760531,54978.34837446,23.22597701,0.39090143,0.00082950,0.52059887,0.36947848,,,0.17117827,0.12745931,,,0.30505244,0.12747776
VT TQQQ/BTAL75+KMLM25 t20 w0-80 QQQ:VOL_EWMA80 rb 3m+2,sens,sens_2022-06-21,2022-06-21,2025-06-18,false,true,"{""*"": 6, ""BTAL"": 6, ""DBMF"": 2.5, ""KMLM"": 6, ""QQQ"": 1, ""SPY"": 0.7, ""TQQQ"": 1.5}",0.03000000,tests/data/2026-08-20-net15,BTAL75+KMLM25,,3m+2,0.07933856,0.43235038,0.07773971,0.42849865,41115.50758350,28000.00000000,13115.50758350,0.46841099,0.19319413,0.19805906,0.96535488,0.20570998,1.40584094,0.80403918,-0.24027950,,2023,0.43782661,2022,-0.07715560,145018.94482455,56.59944106,0.93706489,0.00202141,0.45955993,0.13894328,,,0.15070011,0.04734275,,,0.38669889,0.14030422
VT TQQQ/BTAL75+KMLM25 t20 w0-80 QQQ:VOL_EWMA80 gate QQQ<SMA200 rb 1w,sens,sens_2022-06-21,2022-06-21,2025-06-18,false,true,"{""*"": 6, ""BTAL"": 6, ""DBMF"": 2.5, ""KMLM"": 6, ""QQQ"": 1, ""SPY"": 0.7, ""TQQQ"": 1.5}",0.03000000,tests/data/2026-08-20-net15,BTAL75+KMLM25,QQQ<SMA200,1w,0.05900983,0.33386857,0.05851645,0.33387117,36079.02921263,28000.00000000,8079.02921263,0.28853676,0.13257522,0.12841973,0.78769986,0.17909657,1.12955182,0.84228169,-0.15740010,,2023,0.28859063,2025,-0.09018918,511412.75340335,196.39762261,3.55459092,0.00701420,0.52047470,0.14962729,,,0.17276964,0.04936829,,,0.30502178,0.00000000
VT TQQQ/BTAL75+KMLM25 t20 w0-80 QQQ:VOL_EWMA80 gate QQQ<SMA200 rb 2w,sens,sens_2022-06-21,2022-06-21,2025-06-18,false,true,"{""*"": 6, ""BTAL"": 6, ""DBMF"": 2.5, ""KMLM"": 6, ""QQQ"": 1, ""SPY"": 0.7, ""TQQQ"": 1.5}",0.03000000,tests/data/2026-08-20-net15,BTAL75+KMLM25,QQQ<SMA200,2w,0.06974780,0.35243449,0.06908152,0.35243679,37128.70987640,28000.00000000,9128.70987640,0.32602535,0.14420467,0.14349383,0.83693279,0.18129510,1.20815887,0.96070263,-0.15010334,,2024,0.29451328,2025,-0.08655855,352184.54126108,136.11891990,2.41326027,0.00486139,0.51536854,0.14951057,,,0.17068836,0.04937103,,,0.31189062,0.00000000
VT TQQQ/BTAL75+KMLM25 t20 w0-80 QQQ:VOL_EWMA80 gate QQQ<SMA200 rb 2w+1,sens,sens_2022-06-21,2022-06-21,2025-06-18,false,true,"{""*"": 6, ""BTAL"": 6, ""DBMF"": 2.5, ""KMLM"": 6, ""QQQ"": 1, ""SPY"": 0.7, ""TQQQ"": 1.5}",0.03000000,tests/data/2026-08-20-net15,BTAL75+KMLM25,QQQ<SMA200,2w+1,0.07071241,0.30393873,0.07016989,0.30394208,37466.79066507,28000.00000000,9466.79066507,0.33809967,0.14647735,0.14828244,0.85295396,0.17995471,1.22294332,0.87824330,-0.16678448,,2024,0.32345503,2025,-0.08227010,368578.25617814,141.93278322,2.53654743,0.00506903,0.52425482,0.19365820,,,0.17408774,0.06435339,,,0.29970463,0.00000000
VT TQQQ/BTAL75+KMLM25 t20 w0-80 QQQ:VOL_EWMA80 gate QQQ<SMA200,sens,sens_2022-06-21,2022-06-21,2025-06-18,false,true,"{""*"": 6, ""BTAL"": 6, ""DBMF"": 2.5, ""KMLM"": 6, ""QQQ"": 1, ""SPY"": 0.7, ""TQQQ"": 1.5}",0.03000000,tests/data/2026-08-20-net15,BTAL75+KMLM25,QQQ<SMA200,,0.04881013,0.27326684,0.04836976,0.27327789,36635.52854588,28000.00000000,8635.52854588,0.30841173,0.13645573,0.13645083,0.75079717,0.19705848,1.04256142,0.77176965,-0.17680889,,2023,0.32926105,2025,-0.03628059,240260.39188732,93.34425035,1.68493783,0.00333372,0.50763167,0.16983061,,,0.16870806,0.05612269,,,0.32208752,0.00000000
VT TQQQ/BTAL75+KMLM25 t20 w0-80 QQQ:VOL_EWMA80 gate QQQ<SMA200 rb 2m,sens,sens_2022-06-21,2022-06-21,2025-06-18,false,true,"{""*"": 6, ""BTAL"": 6, ""DBMF"": 2.5, ""KMLM"": 6, ""QQQ"": 1, ""SPY"": 0.7, ""TQQQ"": 1.5}",0.03000000,tests/data/2026-08-20-net15,BTAL75+KMLM25,QQQ<SMA200,2m,0.11948619,0.35783530,0.11891180,0.35596085,36837.02580892,28000.00000000,8837.02580892,0.31560806,0.14208898,0.13933670,0.79706332,0.19010261,1.13759889,0.64727906,-0.21951734,,2023,0.27973670,2025,-0.04998922,102821.14079357,42.59530285,0.71173022,0.00152126,0.52829479,0.24278343,,,0.17552675,0.07657812,,,0.29389013,0.00000000
VT TQQQ/BTAL75+KMLM25 t20 w0-80 QQQ:VOL_EWMA80 gate QQQ<SMA200 rb 2m+1,sens,sens_2022-06-21,2022-06-21,2025-06-18,false,true,"{""*"": 6, ""BTAL"": 6, ""DBMF"": 2.5, ""KMLM"": 6, ""QQQ"": 1, ""SPY"": 0.7, ""TQQQ"": 1.5}",0.03000000,tests/data/2026-08-20-net15,BTAL75+KMLM25,QQQ<SMA200,2m+1,0.08864034,0.36916788,0.08765761,0.36602468,39909.17009458,28000.00000000,11909.17009458,0.42532750,0.17277910,0.18197133,0.85688724,0.21347585,1.20796519,0.94092868,-0.18362614,,2023,0.33305053,2025,-0.02687412,171080.38658299,67.69795127,1.15585691,0.00241778,0.48855503,0.13910177,,,0.16056973,0.04802461,,,0.34838091,0.00000000
VT TQQQ/BTAL75+KMLM25 t20 w0-80 QQQ:VOL_EWMA80 gate QQQ<SMA200 rb 3m,sens,sens_2022-06-21,2022-06-21,2025-06-18,false,true,"{""*"": 6, ""BTAL"": 6, ""DBMF"": 2.5, ""KMLM"": 6, ""QQQ"": 1, ""SPY"": 0.7, ""TQQQ"": 1.5}",0.03000000,tests/data/2026-08-20-net15,BTAL75+KMLM25,QQQ<SMA200,3m,0.13028715,0.36889427,0.12883062,0.36583940,39897.15623120,28000.00000000,11897.15623120,0.42489844,0.16899732,0.18180934,0.80827767,0.22555815,1.14769242,0.76928815,-0.21968013,156,2024,0.38990410,2025,-0.04731463,78319.20669286,33.28339370,0.53304576,0.00118869,0.48320890,0.19362804,,,0.16015427,0.06268282,,,0.35342543,0.00000000
VT TQQQ/BTAL75+KMLM25 t20 w0-80 QQQ:VOL_EWMA80 gate QQQ<SMA200 rb 3m+1,sens,sens_2022-06-21,2022-06-21,2025-06-18,false,true,"{""*"": 6, ""BTAL"": 6, ""DBMF"": 2.5, ""KMLM"": 6, ""QQQ"": 1, ""SPY"": 0.7, ""TQQQ"": 1.5}",0.03000000,tests/data/2026-08-20-net15,BTAL75+KMLM25,QQQ<SMA200,3m+1,0.11724955,0.33955871,0.11649303,0.33956098,35002.82310804,28000.00000000,7002.82310804,0.25010083,0.11419651,0.11262713,0.75638593,0.16065864,1.06982623,0.68148959,-0.16756898,,2024,0.22819433,2025,-0.06199544,59195.06727211,25.96395912,0.42647826,0.00092728,0.54993789,0.36878447,,,0.18041395,0.12701030,,,0.26639662,0.00000000
VT TQQQ/BTAL75+KMLM25 t20 w0-80 QQQ:VOL_EWMA80 gate QQQ<SMA200 rb 3m+2,sens,sens_2022-06-21,2022-06-21,2025-06-18,false,true,"{""*"": 6, ""BTAL"": 6, ""DBMF"": 2.5, ""KMLM"": 6, ""QQQ"": 1, ""SPY"": 0.7, ""TQQQ"": 1.5}",0.03000000,tests/data/2026-08-20-net15,BTAL75+KMLM25,QQQ<SMA200,3m+2,0.12242121,0.43284779,0.12127618,0.42862812,41245.40852530,28000.00000000,13245.40852530,0.47305030,0.19649008,0.19977087,0.93484608,0.21824534,1.34590700,0.81739423,-0.24038594,,2023,0.36988501,2025,-0.05156712,150066.81537141,59.77891470,0.96456053,0.00213496,0.49298728,0.13875508,,,0.16150344,0.04706925,,,0.34239587,0.00000000
VT TQQQ/BTAL75+DBMF25 t20 w0-80 QQQ:VOL_EWMA80 rb 1w,sens,sens_2022-06-21,2022-06-21,2025-06-18,false,true,"{""*"": 6, ""BTAL"": 6, ""DBMF"": 2.5, ""KMLM"": 6, ""QQQ"": 1, ""SPY"": 0.7, ""TQQQ"": 1.5}",0.03000000,tests/data/2026-08-20-net15,BTAL75+DBMF25,,1w,0.00931471,0.25062554,0.00859980,0.25062780,40455.99075585,28000.00000000,12455.99075585,0.44485681,0.19451805,0.18930694,1.11406079,0.17381308,1.62486944,1.17421097,-0.16565852,,2023,0.42117884,2022,-0.03575927,602110.18655457,200.42343080,3.94675192,0.00715798,0.48189786,0.14977208,0.16002313,0.04904303,,,,,0.35630763,0.08377282
VT TQQQ/BTAL75+DBMF25 t20 w0-80 QQQ:VOL_EWMA80 rb 2w,sens,sens_2022-06-21,2022-06-21,2025-06-18,false,true,"{""*"": 6, ""BTAL"": 6, ""DBMF"": 2.5, ""KMLM"": 6, ""QQQ"": 1, ""SPY"": 0.7, ""TQQQ"": 1.5}",0.03000000,tests/data/2026-08-20-net15,BTAL75+DBMF25,,2w,0.02513628,0.35271730,0.02428231,0.35271961,39490.82002919,28000.00000000,11490.82002919,0.41038643,0.18460970,0.17630961,1.05730531,0.17550577,1.54894989,1.03845595,-0.17777326,,2023,0.45589323,2025,-0.07985621,390505.46993952,129.50440887,2.53120037,0.00462516,0.48048157,0.14981834,0.15946573,0.04928922,,,,,0.35812823,0.11121916
VT TQQQ/BTAL75+DBMF25 t20 w0-80 QQQ:VOL_EWMA80 rb 2w+1,sens,sens_2022-06-21,2022-06-21,2025-06-18,false,true,"{""*"": 6, ""BTAL"": 6, ""DBMF"": 2.5, ""KMLM"": 6, ""QQQ"": 1, ""SPY"": 0.7, ""TQQQ"": 1.5}",0.03000000,tests/data/2026-08-20-net15,BTAL75+DBMF25,,2w+1,0.01782981,0.24989640,0.01702729,0.24989872,40703.68147221,28000.00000000,12703.68147221,0.45370291,0.18788129,0.19260599,1.07034744,0.17605246,1.56111866,1.11295425,-0.16881313,,2023,0.43129041,2022,-0.09233343,402296.99137404,134.01702131,2.66249626,0.00478632,0.48142548,0.19368378,0.15980094,0.06405587,,,,,0.35689388,0.08336566
VT TQQQ/BTAL75+DBMF25 t20 w0-80 QQQ:VOL_EWMA80,sens,sens_2022-06-21,2022-06-21,2025-06-18,false,true,"{""*"": 6, ""BTAL"": 6, ""DBMF"": 2.5, ""KMLM"": 6, ""QQQ"": 1, ""SPY"": 0.7, ""TQQQ"": 1.5}",0.03000000,tests/data/2026-08-20-net15,BTAL75+DBMF25,,,0.00147313,0.00348045,0.00081937,0.00224218,39104.48543492,28000.00000000,11104.48543492,0.39658877,0.17717724,0.17104223,0.94818053,0.19236924,1.33524636,0.87951756,-0.20144821,,2023,0.46380515,2022,-0.04010142,263261.14752964,88.07353230,1.75169878,0.00314548,0.47184441,0.16986468,0.15681595,0.05643895,,,,,0.36981994,0.15562362
VT TQQQ/BTAL75+DBMF25 t20 w0-80 QQQ:VOL_EWMA80 rb 2m,sens,sens_2022-06-21,2022-06-21,2025-06-18,false,true,"{""*"": 6, ""BTAL"": 6, ""DBMF"": 2.5, ""KMLM"": 6, ""QQQ"": 1, ""SPY"": 0.7, ""TQQQ"": 1.5}",0.03000000,tests/data/2026-08-20-net15,BTAL75+DBMF25,,2m,0.07370457,0.36196766,0.07253874,0.35959790,38681.92932060,28000.00000000,10681.92932060,0.38149748,0.16848990,0.16523739,0.94540604,0.18318799,1.36811773,0.73648434,-0.22877594,,2023,0.39627686,2022,-0.06920761,99417.19228900,34.86291474,0.66849372,0.00124510,0.48494254,0.24229084,0.16123929,0.07978148,,,,,0.35134215,0.15562362
VT TQQQ/BTAL75+DBMF25 t20 w0-80 QQQ:VOL_EWMA80 rb 2m+1,sens,sens_2022-06-21,2022-06-21,2025-06-18,false,true,"{""*"": 6, ""BTAL"": 6, ""DBMF"": 2.5, ""KMLM"": 6, ""QQQ"": 1, ""SPY"": 0.7, ""TQQQ"": 1.5}",0.03000000,tests/data/2026-08-20-net15,BTAL75+DBMF25,,2m+1,0.05112528,0.36744240,0.04977451,0.36548995,41352.59536644,28000.00000000,13352.59536644,0.47687841,0.19391467,0.20118041,0.96921948,0.20551936,1.38495032,0.99536154,-0.19481833,,2023,0.39539565,2022,-0.03619749,173148.81207338,58.84150191,1.14425866,0.00210148,0.45795419,0.13841933,0.15077009,0.04890895,,,,,0.38861945,0.13968286
VT TQQQ/BTAL75+DBMF25 t20 w0-80 QQQ:VOL_EWMA80 rb 3m,sens,sens_2022-06-21,2022-06-21,2025-06-18,false,true,"{""*"": 6, ""BTAL"": 6, ""DBMF"": 2.5, ""KMLM"": 6, ""QQQ"": 1, ""SPY"": 0.7, ""TQQQ"": 1.5}",0.03000000,tests/data/2026-08-20-net15,BTAL75+DBMF25,,3m,0.07657682,0.36851402,0.07468557,0.36636908,43578.46053806,28000.00000000,15578.46053806,0.55637359,0.22330090,0.22986985,1.01799024,0.22343356,1.46902932,0.97560735,-0.22888399,159,2023,0.44500093,2022,-0.07005986,79524.40873679,28.19227578,0.50415199,0.00100687,0.43121450,0.19384637,0.14274927,0.06388204,,,,,0.42323064,0.15562362
VT TQQQ/BTAL75+DBMF25 t20 w0-80 QQQ:VOL_EWMA80 rb 3m+1,sens,sens_2022-06-21,2022-06-21,2025-06-18,false,true,"{""*"": 6, ""BTAL"": 6, ""DBMF"": 2.5, ""KMLM"": 6, ""QQQ"": 1, ""SPY"": 0.7, ""TQQQ"": 1.5}",0.03000000,tests/data/2026-08-20-net15,BTAL75+DBMF25,,3m+1,0.08203889,0.33990684,0.08112390,0.33990922,36238.94851355,28000.00000000,8238.94851355,0.29424816,0.13269477,0.13073684,0.92463018,0.14703673,1.33727450,0.74870801,-0.17723168,,2023,0.30612259,2022,-0.06092551,55277.62933239,20.31633569,0.39032800,0.00072558,0.52056712,0.36773332,0.17119803,0.13159863,,,,,0.30496848,0.12837482
VT TQQQ/BTAL75+DBMF25 t20 w0-80 QQQ:VOL_EWMA80 rb 3m+2,sens,sens_2022-06-21,2022-06-21,2025-06-18,false,true,"{""*"": 6, ""BTAL"": 6, ""DBMF"": 2.5, ""KMLM"": 6, ""QQQ"": 1, ""SPY"": 0.7, ""TQQQ"": 1.5}",0.03000000,tests/data/2026-08-20-net15,BTAL75+DBMF25,,3m+2,0.07962394,0.42973865,0.07823127,0.42643203,41930.01160839,28000.00000000,13930.01160839,0.49750041,0.20219396,0.20872832,0.99184292,0.20839867,1.44091726,0.81753628,-0.24732109,,2023,0.42861183,2022,-0.07054983,146481.44630144,50.12994646,0.94074081,0.00179036,0.45893280,0.13896777,0.15148697,0.04932695,,,,,0.38642415,0.14018377
VT TQQQ/BTAL75+DBMF25 t20 w0-80 QQQ:VOL_EWMA80 gate QQQ<SMA200 rb 1w,sens,sens_2022-06-21,2022-06-21,2025-06-18,false,true,"{""*"": 6, ""BTAL"": 6, ""DBMF"": 2.5, ""KMLM"": 6, ""QQQ"": 1, ""SPY"": 0.7, ""TQQQ"": 1.5}",0.03000000,tests/data/2026-08-20-net15,BTAL75+DBMF25,QQQ<SMA200,1w,0.05899193,0.33386741,0.05850055,0.33387117,36884.12618537,28000.00000000,8884.12618537,0.31729022,0.14272137,0.14000961,0.83474690,0.17991427,1.19732504,0.92115139,-0.15493801,,2024,0.28043310,2025,-0.07729107,516615.35541709,173.40241352,3.56282896,0.00619294,0.52043739,0.14970071,0.17281565,0.04975540,,,,,0.30503545,0.00000000
VT TQQQ/BTAL75+DBMF25 t20 w0-80 QQQ:VOL_EWMA80 gate QQQ<SMA200 rb 2w,sens,sens_2022-06-21,2022-06-21,2025-06-18,false,true,"{""*"": 6, ""BTAL"": 6, ""DBMF"": 2.5, ""KMLM"": 6, ""QQQ"": 1, ""SPY"": 0.7, ""TQQQ"": 1.5}",0.03000000,tests/data/2026-08-20-net15,BTAL75+DBMF25,QQQ<SMA200,2w,0.06974223,0.35216395,0.06914109,0.35216639,38142.64643161,28000.00000000,10142.64643161,0.36223737,0.15654995,0.15776144,0.89339087,0.18206488,1.29014555,1.00420986,-0.15589366,,2024,0.31283160,2025,-0.07213273,357196.61367350,119.99260111,2.42425081,0.00428545,0.51514461,0.14939682,0.17100390,0.04991852,,,,,0.31192515,0.00000000
VT TQQQ/BTAL75+DBMF25 t20 w0-80 QQQ:VOL_EWMA80 gate QQQ<SMA200 rb 2w+1,sens,sens_2022-06-21,2022-06-21,2025-06-18,false,true,"{""*"": 6, ""BTAL"": 6, ""DBMF"": 2.5, ""KMLM"": 6, ""QQQ"": 1, ""SPY"": 0.7, ""TQQQ"": 1.5}",0.03000000,tests/data/2026-08-20-net15,BTAL75+DBMF25,QQQ<SMA200,2w+1,0.07061357,0.30394073,0.07017601,0.30394208,38385.36962809,28000.00000000,10385.36962809,0.37090606,0.15765653,0.16113574,0.90413242,0.18070335,1.29686389,0.98621428,-0.15986032,,2024,0.34023540,2025,-0.06932690,373568.35849021,125.84929634,2.54760689,0.00449462,0.52437279,0.19350414,0.17402664,0.06435504,,,,,0.29975294,0.00000000
VT TQQQ/BTAL75+DBMF25 t20 w0-80 QQQ:VOL_EWMA80 gate QQQ<SMA200,sens,sens_2022-06-21,2022-06-21,2025-06-18,false,true,"{""*"": 6, ""BTAL"": 6, ""DBMF"": 2.5, ""KMLM"": 6, ""QQQ"": 1, ""SPY"": 0.7, ""TQQQ"": 1.5}",0.03000000,tests/data/2026-08-20-net15,BTAL75+DBMF25,QQQ<SMA200,,0.04869940,0.27326975,0.04830807,0.27327789,37454.69186246,28000.00000000,9454.69186246,0.33766757,0.14627867,0.14811162,0.79202779,0.19794315,1.10021671,0.79970872,-0.18291494,,2023,0.31849735,2025,-0.02307686,243247.93508075,82.42921280,1.69418962,0.00294390,0.50780908,0.17011082,0.16883641,0.05626382,,,,,0.32208359,0.00000000
VT TQQQ/BTAL75+DBMF25 t20 w0-80 QQQ:VOL_EWMA80 gate QQQ<SMA200 rb 2m,sens,sens_2022-06-21,2022-06-21,2025-06-18,false,true,"{""*"": 6, ""BTAL"": 6, ""DBMF"": 2.5, ""KMLM"": 6, ""QQQ"": 1, ""SPY"": 0.7, ""TQQQ"": 1.5}",0.03000000,tests/data/2026-08-20-net15,BTAL75+DBMF25,QQQ<SMA200,2m,0.11962439,0.36226557,0.11919901,0.35983184,37756.89978855,28000.00000000,9756.89978855,0.34846071,0.15288146,0.15236645,0.84382514,0.19096621,1.20419885,0.66802881,-0.22885459,,2023,0.27128917,2025,-0.03487584,103629.06324229,37.28996096,0.71193588,0.00133178,0.52812945,0.24272197,0.17596651,0.07979971,,,,,0.29391982,0.00000000
VT TQQQ/BTAL75+DBMF25 t20 w0-80 QQQ:VOL_EWMA80 gate QQQ<SMA200 rb 2m+1,sens,sens_2022-06-21,2022-06-21,2025-06-18,false,true,"{""*"": 6, ""BTAL"": 6, ""DBMF"": 2.5, ""KMLM"": 6, ""QQQ"": 1, ""SPY"": 0.7, ""TQQQ"": 1.5}",0.03000000,tests/data/2026-08-20-net15,BTAL75+DBMF25,QQQ<SMA200,2m+1,0.08860372,0.36828792,0.08770386,0.36624229,40565.00370114,28000.00000000,12565.00370114,0.44875013,0.18018906,0.19076071,0.88370751,0.21437934,1.24768038,0.94077850,-0.19153187,,2023,0.32091639,2025,-0.01456290,172322.84312621,59.55683835,1.15957698,0.00212703,0.48834703,0.13864570,0.16090479,0.04897214,,,,,0.34855316,0.00000000
VT TQQQ/BTAL75+DBMF25 t20 w0-80 QQQ:VOL_EWMA80 gate QQQ<SMA200 rb 3m,sens,sens_2022-06-21,2022-06-21,2025-06-18,false,true,"{""*"": 6, ""BTAL"": 6, ""DBMF"": 2.5, ""KMLM"": 6, ""QQQ"": 1, ""SPY"": 0.7, ""TQQQ"": 1.5}",0.03000000,tests/data/2026-08-20-net15,BTAL75+DBMF25,QQQ<SMA200,3m,0.13023898,0.36828194,0.12887180,0.36573751,40414.81345402,28000.00000000,12414.81345402,0.44338619,0.17360289,0.18875706,0.82425474,0.22614652,1.17066947,0.75921637,-0.22866062,159,2024,0.39379705,2025,-0.03215511,78488.49647193,28.91863833,0.53487152,0.00103281,0.48347472,0.19362177,0.16044591,0.06388937,,,,,0.35330858,0.00000000
VT TQQQ/BTAL75+DBMF25 t20 w0-80 QQQ:VOL_EWMA80 gate QQQ<SMA200 rb 3m+1,sens,sens_2022-06-21,2022-06-21,2025-06-18,false,true,"{""*"": 6, ""BTAL"": 6, ""DBMF"": 2.5, ""KMLM"": 6, ""QQQ"": 1, ""SPY"": 0.7, ""TQQQ"": 1.5}",0.03000000,tests/data/2026-08-20-net15,BTAL75+DBMF25,QQQ<SMA200,3m+1,0.11763160,0.33973134,0.11704828,0.33973375,35882.63272131,28000.00000000,7882.63272131,0.28152260,0.12528227,0.12556377,0.81634014,0.16113663,1.15806737,0.71172995,-0.17602501,,2024,0.24241967,2025,-0.04694489,59481.98266534,22.81910377,0.42489863,0.00081497,0.55004092,0.36778363,0.18085435,0.13135612,,,,,0.26614617,0.00000000
VT TQQQ/BTAL75+DBMF25 t20 w0-80 QQQ:VOL_EWMA80 gate QQQ<SMA200 rb 3m+2,sens,sens_2022-06-21,2022-06-21,2025-06-18,false,true,"{""*"": 6, ""BTAL"": 6, ""DBMF"": 2.5, ""KMLM"": 6, ""QQQ"": 1, ""SPY"": 0.7, ""TQQQ"": 1.5}",0.03000000,tests/data/2026-08-20-net15,BTAL75+DBMF25,QQQ<SMA200,3m+2,0.12276865,0.43033530,0.12157295,0.42718141,42079.27651851,28000.00000000,14079.27651851,0.50283130,0.20589855,0.21066721,0.96795321,0.21911338,1.39362755,0.83246352,-0.24733643,,2023,0.36043204,2025,-0.03988034,151698.64917257,52.90960324,0.96867041,0.00188963,0.49205976,0.13872159,0.16241301,0.04901575,,,,,0.34233802,0.00000000
VT TQQQ/BTAL50+KMLM50 t20 w0-80 QQQ:VOL_EWMA80 rb 1w,sens,sens_2022-06-21,2022-06-21,2025-06-18,false,true,"{""*"": 6, ""BTAL"": 6, ""DBMF"": 2.5, ""KMLM"": 6, ""QQQ"": 1, ""SPY"": 0.7, ""TQQQ"": 1.5}",0.03000000,tests/data/2026-08-20-net15,BTAL50+KMLM50,,1w,0.00932531,0.24977071,0.00859899,0.24977300,38407.93558304,28000.00000000,10407.93558304,0.37171199,0.16866725,0.16144865,0.95304398,0.18154931,1.38328128,0.90333287,-0.18671660,,2023,0.45064336,2022,-0.06571900,591324.39819090,224.41857332,3.97105174,0.00801495,0.32116132,0.09998198,,,0.32074432,0.09931072,,,0.35628317,0.08362527
VT TQQQ/BTAL50+KMLM50 t20 w0-80 QQQ:VOL_EWMA80 rb 2w,sens,sens_2022-06-21,2022-06-21,2025-06-18,false,true,"{""*"": 6, ""BTAL"": 6, ""DBMF"": 2.5, ""KMLM"": 6, ""QQQ"": 1, ""SPY"": 0.7, ""TQQQ"": 1.5}",0.03000000,tests/data/2026-08-20-net15,BTAL50+KMLM50,,2w,0.02515567,0.35317536,0.02432669,0.35317769,37240.77919707,28000.00000000,9240.77919707,0.33002783,0.15651470,0.14508471,0.88609369,0.18390067,1.28727627,0.76737383,-0.20396148,,2023,0.48470125,2025,-0.10503858,382049.66987633,145.50910122,2.54238375,0.00519675,0.32034606,0.09924049,,,0.31945290,0.09917527,,,0.35822714,0.11098320
VT TQQQ/BTAL50+KMLM50 t20 w0-80 QQQ:VOL_EWMA80 rb 2w+1,sens,sens_2022-06-21,2022-06-21,2025-06-18,false,true,"{""*"": 6, ""BTAL"": 6, ""DBMF"": 2.5, ""KMLM"": 6, ""QQQ"": 1, ""SPY"": 0.7, ""TQQQ"": 1.5}",0.03000000,tests/data/2026-08-20-net15,BTAL50+KMLM50,,2w+1,0.01780402,0.24994229,0.01697048,0.24994463,38523.63534516,28000.00000000,10523.63534516,0.37584412,0.16105676,0.16305092,0.90748265,0.18390502,1.32019814,0.82594823,-0.19499619,,2023,0.46170405,2022,-0.11941645,392127.26714710,148.91639607,2.66303194,0.00531844,0.32077903,0.12923528,,,0.32038333,0.12902878,,,0.35681520,0.08355456
VT TQQQ/BTAL50+KMLM50 t20 w0-80 QQQ:VOL_EWMA80,sens,sens_2022-06-21,2022-06-21,2025-06-18,false,true,"{""*"": 6, ""BTAL"": 6, ""DBMF"": 2.5, ""KMLM"": 6, ""QQQ"": 1, ""SPY"": 0.7, ""TQQQ"": 1.5}",0.03000000,tests/data/2026-08-20-net15,BTAL50+KMLM50,,,0.00158785,0.00418662,0.00089808,0.00313541,37204.99580206,28000.00000000,9204.99580206,0.32874985,0.15395747,0.14457713,0.81763579,0.20055726,1.14999417,0.68280896,-0.22547664,,2023,0.49705569,2022,-0.06593445,258967.27102135,98.81721065,1.75690305,0.00352919,0.31438450,0.11289060,,,0.31416261,0.11325270,,,0.36981164,0.15562362
VT TQQQ/BTAL50+KMLM50 t20 w0-80 QQQ:VOL_EWMA80 rb 2m,sens,sens_2022-06-21,2022-06-21,2025-06-18,false,true,"{""*"": 6, ""BTAL"": 6, ""DBMF"": 2.5, ""KMLM"": 6, ""QQQ"": 1, ""SPY"": 0.7, ""TQQQ"": 1.5}",0.03000000,tests/data/2026-08-20-net15,BTAL50+KMLM50,,2m,0.07339156,0.35683580,0.07230475,0.35472187,36669.97437065,28000.00000000,8669.97437065,0.30964194,0.14309207,0.13694499,0.79756197,0.19137255,1.15258014,0.62513989,-0.22889608,,2023,0.42522284,2022,-0.09661153,97692.82371340,39.22436318,0.67211227,0.00140087,0.32316305,0.16162176,,,0.32295493,0.15660956,,,0.35143285,0.15562362
VT TQQQ/BTAL50+KMLM50 t20 w0-80 QQQ:VOL_EWMA80 rb 2m+1,sens,sens_2022-06-21,2022-06-21,2025-06-18,false,true,"{""*"": 6, ""BTAL"": 6, ""DBMF"": 2.5, ""KMLM"": 6, ""QQQ"": 1, ""SPY"": 0.7, ""TQQQ"": 1.5}",0.03000000,tests/data/2026-08-20-net15,BTAL50+KMLM50,,2m+1,0.05135786,0.36874069,0.05013983,0.36641016,39975.86731363,28000.00000000,11975.86731363,0.42770955,0.17929098,0.18286997,0.88278361,0.21350864,1.25354821,0.82182710,-0.21816144,,2023,0.43059786,2022,-0.05647555,173007.71234860,67.38362139,1.15245412,0.00240656,0.30568954,0.09213476,,,0.30274885,0.09711487,,,0.38905431,0.14115903
VT TQQQ/BTAL50+KMLM50 t20 w0-80 QQQ:VOL_EWMA80 rb 3m,sens,sens_2022-06-21,2022-06-21,2025-06-18,false,true,"{""*"": 6, ""BTAL"": 6, ""DBMF"": 2.5, ""KMLM"": 6, ""QQQ"": 1, ""SPY"": 0.7, ""TQQQ"": 1.5}",0.03000000,tests/data/2026-08-20-net15,BTAL50+KMLM50,,3m,0.07759707,0.36910562,0.07562124,0.36633099,41974.30148099,28000.00000000,13974.30148099,0.49908220,0.20584925,0.20930415,0.92840515,0.23137411,1.33695363,0.89905701,-0.22896128,156,2023,0.48120261,2022,-0.09227360,79188.57173510,32.53563446,0.50731597,0.00116199,0.28718422,0.12922884,,,0.28666189,0.12812433,,,0.42336541,0.15562362
VT TQQQ/BTAL50+KMLM50 t20 w0-80 QQQ:VOL_EWMA80 rb 3m+1,sens,sens_2022-06-21,2022-06-21,2025-06-18,false,true,"{""*"": 6, ""BTAL"": 6, ""DBMF"": 2.5, ""KMLM"": 6, ""QQQ"": 1, ""SPY"": 0.7, ""TQQQ"": 1.5}",0.03000000,tests/data/2026-08-20-net15,BTAL50+KMLM50,,3m+1,0.08161930,0.33935516,0.08061280,0.33935756,34302.24646672,28000.00000000,6302.24646672,0.22508023,0.10824487,0.10215400,0.73413824,0.15748722,1.05309832,0.53106624,-0.20382555,,2023,0.33727105,2022,-0.08491361,55306.87690361,23.35240780,0.39909571,0.00083401,0.34752345,0.24476488,,,0.34379863,0.25520771,,,0.30527649,0.12459098
VT TQQQ/BTAL50+KMLM50 t20 w0-80 QQQ:VOL_EWMA80 rb 3m+2,sens,sens_2022-06-21,2022-06-21,2025-06-18,false,true,"{""*"": 6, ""BTAL"": 6, ""DBMF"": 2.5, ""KMLM"": 6, ""QQQ"": 1, ""SPY"": 0.7, ""TQQQ"": 1.5}",0.03000000,tests/data/2026-08-20-net15,BTAL50+KMLM50,,3m+2,0.07957498,0.43393335,0.07826517,0.43000654,40221.31493897,28000.00000000,12221.31493897,0.43647553,0.18227221,0.18616765,0.88762938,0.21568553,1.28405613,0.73186298,-0.24905237,,2023,0.45803612,2022,-0.09521123,143880.51478500,56.16137561,0.94063818,0.00200576,0.30680745,0.09234433,,,0.30285948,0.09543436,,,0.38693301,0.14095328
VT TQQQ/BTAL50+KMLM50 t20 w0-80 QQQ:VOL_EWMA80 gate QQQ<SMA200 rb 1w,sens,sens_2022-06-21,2022-06-21,2025-06-18,false,true,"{""*"": 6, ""BTAL"": 6, ""DBMF"": 2.5, ""KMLM"": 6, ""QQQ"": 1, ""SPY"": 0.7, ""TQQQ"": 1.5}",0.03000000,tests/data/2026-08-20-net15,BTAL50+KMLM50,QQQ<SMA200,1w,0.05902726,0.33386806,0.05853450,0.33387117,35031.98437467,28000.00000000,7031.98437467,0.25114230,0.11789472,0.11305972,0.69596797,0.18557178,0.98972076,0.69428832,-0.16980657,,2023,0.30771044,2025,-0.10230038,508620.18381220,195.71024618,3.59475992,0.00698965,0.34688157,0.09940558,,,0.34633759,0.09998116,,,0.30505123,0.00000000
VT TQQQ/BTAL50+KMLM50 t20 w0-80 QQQ:VOL_EWMA80 gate QQQ<SMA200 rb 2w,sens,sens_2022-06-21,2022-06-21,2025-06-18,false,true,"{""*"": 6, ""BTAL"": 6, ""DBMF"": 2.5, ""KMLM"": 6, ""QQQ"": 1, ""SPY"": 0.7, ""TQQQ"": 1.5}",0.03000000,tests/data/2026-08-20-net15,BTAL50+KMLM50,QQQ<SMA200,2w,0.06977870,0.35205537,0.06916111,0.35205785,35887.28008044,28000.00000000,7887.28008044,0.28168857,0.12764371,0.12563148,0.73461933,0.18840113,1.04909463,0.69648071,-0.18326956,,2023,0.31288617,2025,-0.09892757,350016.73454970,135.59914371,2.44247189,0.00484283,0.34366348,0.09932296,,,0.34245925,0.09974987,,,0.31194818,0.00000000
VT TQQQ/BTAL50+KMLM50 t20 w0-80 QQQ:VOL_EWMA80 gate QQQ<SMA200 rb 2w+1,sens,sens_2022-06-21,2022-06-21,2025-06-18,false,true,"{""*"": 6, ""BTAL"": 6, ""DBMF"": 2.5, ""KMLM"": 6, ""QQQ"": 1, ""SPY"": 0.7, ""TQQQ"": 1.5}",0.03000000,tests/data/2026-08-20-net15,BTAL50+KMLM50,QQQ<SMA200,2w+1,0.07059938,0.30393826,0.07013329,0.30394208,36362.44828774,28000.00000000,8362.44828774,0.29865887,0.13152860,0.13252113,0.76012077,0.18605709,1.08276545,0.72783041,-0.18071325,,2024,0.29748238,2025,-0.09270803,364540.54654654,140.66539106,2.55307774,0.00502376,0.34934803,0.12877349,,,0.34900330,0.12837584,,,0.29971165,0.00000000
VT TQQQ/BTAL50+KMLM50 t20 w0-80 QQQ:VOL_EWMA80 gate QQQ<SMA200,sens,sens_2022-06-21,2022-06-21,2025-06-18,false,true,"{""*"": 6, ""BTAL"": 6, ""DBMF"": 2.5, ""KMLM"": 6, ""QQQ"": 1, ""SPY"": 0.7, ""TQQQ"": 1.5}",0.03000000,tests/data/2026-08-20-net15,BTAL50+KMLM50,QQQ<SMA200,,0.04882387,0.27326676,0.04830727,0.27327789,35612.57255218,28000.00000000,7612.57255218,0.27187759,0.12292843,0.12161783,0.67235219,0.20433429,0.92976328,0.58881679,-0.20877195,,2023,0.35328223,2025,-0.05048728,238859.22748544,92.88985585,1.69836648,0.00331749,0.33817344,0.11344543,,,0.33792096,0.11301180,,,0.32221999,0.00000000
VT TQQQ/BTAL50+KMLM50 t20 w0-80 QQQ:VOL_EWMA80 gate QQQ<SMA200 rb 2m,sens,sens_2022-06-21,2022-06-21,2025-06-18,false,true,"{""*"": 6, ""BTAL"": 6, ""DBMF"": 2.5, ""KMLM"": 6, ""QQQ"": 1, ""SPY"": 0.7, ""TQQQ"": 1.5}",0.03000000,tests/data/2026-08-20-net15,BTAL50+KMLM50,QQQ<SMA200,2m,0.11944592,0.35653964,0.11892791,0.35408246,35918.46863032,28000.00000000,7918.46863032,0.28280245,0.12991121,0.12608574,0.72067630,0.19722617,1.02144893,0.56802687,-0.22870610,,2023,0.30549215,2025,-0.06355517,102470.41307199,42.61917806,0.71830077,0.00152211,0.35189728,0.16165648,,,0.35193651,0.15662421,,,0.29406097,0.00000000
VT TQQQ/BTAL50+KMLM50 t20 w0-80 QQQ:VOL_EWMA80 gate QQQ<SMA200 rb 2m+1,sens,sens_2022-06-21,2022-06-21,2025-06-18,false,true,"{""*"": 6, ""BTAL"": 6, ""DBMF"": 2.5, ""KMLM"": 6, ""QQQ"": 1, ""SPY"": 0.7, ""TQQQ"": 1.5}",0.03000000,tests/data/2026-08-20-net15,BTAL50+KMLM50,QQQ<SMA200,2m+1,0.08878860,0.36880277,0.08797978,0.36664190,39070.87863176,28000.00000000,11070.87863176,0.39538852,0.16215239,0.17058224,0.79231235,0.22155555,1.11075809,0.74915231,-0.21644782,,2023,0.35619580,2022,-0.04521598,170995.29273342,67.88164328,1.16676921,0.00242434,0.32604327,0.09268106,,,0.32286755,0.09753416,,,0.34902628,0.00000000
VT TQQQ/BTAL50+KMLM50 t20 w0-80 QQQ:VOL_EWMA80 gate QQQ<SMA200 rb 3m,sens,sens_2022-06-21,2022-06-21,2025-06-18,false,true,"{""*"": 6, ""BTAL"": 6, ""DBMF"": 2.5, ""KMLM"": 6, ""QQQ"": 1, ""SPY"": 0.7, ""TQQQ"": 1.5}",0.03000000,tests/data/2026-08-20-net15,BTAL50+KMLM50,QQQ<SMA200,3m,0.13052771,0.36920431,0.12905769,0.36610128,39053.13337162,28000.00000000,11053.13337162,0.39475476,0.15801353,0.17033923,0.74966197,0.23274259,1.05792651,0.69078332,-0.22874544,156,2024,0.37841437,2025,-0.06061016,79221.87998210,33.94808505,0.54529009,0.00121243,0.32141277,0.12877290,,,0.32119940,0.12831431,,,0.35422114,0.00000000
VT TQQQ/BTAL50+KMLM50 t20 w0-80 QQQ:VOL_EWMA80 gate QQQ<SMA200 rb 3m+1,sens,sens_2022-06-21,2022-06-21,2025-06-18,false,true,"{""*"": 6, ""BTAL"": 6, ""DBMF"": 2.5, ""KMLM"": 6, ""QQQ"": 1, ""SPY"": 0.7, ""TQQQ"": 1.5}",0.03000000,tests/data/2026-08-20-net15,BTAL50+KMLM50,QQQ<SMA200,3m+1,0.11690991,0.33872919,0.11613012,0.33873164,33825.91814373,28000.00000000,5825.91814373,0.20806851,0.09782722,0.09494303,0.63731755,0.16968329,0.89389711,0.48303592,-0.20252577,,2023,0.24651177,2025,-0.07668913,59092.95508666,25.91323322,0.43345569,0.00092547,0.36753097,0.24446967,,,0.36311642,0.25524165,,,0.26645671,0.00000000
VT TQQQ/BTAL50+KMLM50 t20 w0-80 QQQ:VOL_EWMA80 gate QQQ<SMA200 rb 3m+2,sens,sens_2022-06-21,2022-06-21,2025-06-18,false,true,"{""*"": 6, ""BTAL"": 6, ""DBMF"": 2.5, ""KMLM"": 6, ""QQQ"": 1, ""SPY"": 0.7, ""TQQQ"": 1.5}",0.03000000,tests/data/2026-08-20-net15,BTAL50+KMLM50,QQQ<SMA200,3m+2,0.12234182,0.43293596,0.12137439,0.43016808,40272.67735971,28000.00000000,12272.67735971,0.43830991,0.18411146,0.18685587,0.86704098,0.22499230,1.23972965,0.73934882,-0.24901841,,2023,0.39155157,2025,-0.06179033,148308.45000612,59.16834837,0.96653858,0.00211316,0.32949622,0.09266174,,,0.32521494,0.09612249,,,0.34261838,0.00000000
TQQQ50/BTAL50 rb 1w,sens,sens_2022-06-21,2022-06-21,2025-06-18,true,true,"{""*"": 6, ""BTAL"": 6, ""DBMF"": 2.5, ""KMLM"": 6, ""QQQ"": 1, ""SPY"": 0.7, ""TQQQ"": 1.5}",0.03000000,tests/data/2026-08-20-net15,,,,0.00223670,0.05022935,0.00203432,0.05023769,48630.41737766,28000.00000000,20630.41737766,0.73680062,0.29066467,0.29125773,1.04845379,0.28220227,1.58206245,1.05447479,-0.27564877,,2023,0.67016699,2022,-0.09380821,205280.33589260,77.03193281,1.20716595,0.00275114,0.49988263,0.46399813,,,,,,,0.49920295,0.44976231
50/50,sens,sens_2022-06-21,2022-06-21,2025-06-18,true,true,"{""*"": 6, ""BTAL"": 6, ""DBMF"": 2.5, ""KMLM"": 6, ""QQQ"": 1, ""SPY"": 0.7, ""TQQQ"": 1.5}",0.03000000,tests/data/2026-08-20-net15,,,,0.00064520,0.00177222,0.00050839,0.00135450,46607.93409586,28000.00000000,18607.93409586,0.66456907,0.27062699,0.26726078,1.00919696,0.27608759,1.49359657,0.98575580,-0.27453755,276,2023,0.69951444,2022,-0.10228334,86112.17169214,32.54546594,0.51167373,0.00116234,0.49959092,0.49864550,,,,,,,0.49974364,0.49913337
TQQQ50/BTAL50 rb 3m,sens,sens_2022-06-21,2022-06-21,2025-06-18,true,true,"{""*"": 6, ""BTAL"": 6, ""DBMF"": 2.5, ""KMLM"": 6, ""QQQ"": 1, ""SPY"": 0.7, ""TQQQ"": 1.5}",0.03000000,tests/data/2026-08-20-net15,,,,0.02432540,0.10057820,0.02422466,0.10058515,45923.63855566,28000.00000000,17923.63855566,0.64012995,0.25585717,0.25897186,0.94118631,0.28677863,1.38169410,0.78844984,-0.32450660,290,2023,0.73122366,2022,-0.14614158,57043.40032774,21.53471549,0.34691196,0.00076910,0.48680525,0.39941485,,,,,,,0.51150769,0.44737689
TQQQ50/BTAL50 gate QQQ<SMA200 rb 1w,sens,sens_2022-06-21,2022-06-21,2025-06-18,true,true,"{""*"": 6, ""BTAL"": 6, ""DBMF"": 2.5, ""KMLM"": 6, ""QQQ"": 1, ""SPY"": 0.7, ""TQQQ"": 1.5}",0.03000000,tests/data/2026-08-20-net15,,,,0.10951593,0.50000000,0.10935807,0.50000000,44123.87338710,28000.00000000,16123.87338710,0.57585262,0.23011976,0.23673721,1.01556212,0.23116039,1.47471415,0.94884753,-0.24252554,,2024,0.40473415,2025,-0.03364040,154645.73740812,61.34222149,0.96966118,0.00219079,0.60755286,0.46364718,,,,,,,0.39162682,0.00000000
TQQQ50/BTAL50 gate QQQ<SMA200,sens,sens_2022-06-21,2022-06-21,2025-06-18,true,true,"{""*"": 6, ""BTAL"": 6, ""DBMF"": 2.5, ""KMLM"": 6, ""QQQ"": 1, ""SPY"": 0.7, ""TQQQ"": 1.5}",0.03000000,tests/data/2026-08-20-net15,,,,0.11366697,0.49998903,0.11347762,0.50000000,43464.88448298,28000.00000000,15464.88448298,0.55231730,0.22590767,0.22843199,1.00079659,0.23111999,1.45038996,0.90576494,-0.24941093,,2023,0.40716259,2025,-0.03886942,77270.34715691,32.27692812,0.48285283,0.00115275,0.61263118,0.49913811,,,,,,,0.38658729,0.00000000
TQQQ50/BTAL50 gate QQQ<SMA200 rb 3m,sens,sens_2022-06-21,2022-06-21,2025-06-18,true,true,"{""*"": 6, ""BTAL"": 6, ""DBMF"": 2.5, ""KMLM"": 6, ""QQQ"": 1, ""SPY"": 0.7, ""TQQQ"": 1.5}",0.03000000,tests/data/2026-08-20-net15,,,,0.15341250,0.49998861,0.15337662,0.50000000,40421.76309200,28000.00000000,12421.76309200,0.44363440,0.18237046,0.18884989,0.86947910,0.22184758,1.24196178,0.75391864,-0.24189673,,2024,0.33815664,2025,-0.04511533,54854.73795805,24.16085107,0.36476256,0.00086289,0.63986856,0.44166705,,,,,,,0.35877616,0.00000000
SPY benchmark,sens,sens_2022-06-21,2022-06-21,2025-06-18,true,true,"{""*"": 6, ""BTAL"": 6, ""DBMF"": 2.5, ""KMLM"": 6, ""QQQ"": 1, ""SPY"": 0.7, ""TQQQ"": 1.5}",0.03000000,tests/data/2026-08-20-net15,,,,0.01300693,0.03227619,0.01300869,0.03231006,39711.10365518,28000.00000000,11711.10365518,0.41825370,0.18054493,0.17929622,1.04394150,0.17412158,1.58463964,0.96873098,-0.18637262,,2023,0.25475887,2025,0.02204046,27867.34190562,1.95071393,0.19292624,0.00006967,,,,,,,0.98699131,0.96768994,,
VT TQQQ/BTAL75+KMLM25 t20 w0-80 QQQ:VOL_EWMA80 rb 1w,sens,sens_2022-12-19,2022-12-19,2025-12-18,false,true,"{""*"": 6, ""BTAL"": 6, ""DBMF"": 2.5, ""KMLM"": 6, ""QQQ"": 1, ""SPY"": 0.7, ""TQQQ"": 1.5}",0.03000000,tests/data/2026-08-20-net15,BTAL75+KMLM25,,1w,0.00793462,0.24908039,0.00724894,0.24908286,40686.98444529,28000.00000000,12686.98444529,0.45310659,0.22809126,0.19210794,1.24166731,0.17929264,1.76968592,1.43226036,-0.15925265,224,2023,0.43398057,2022,-0.00427174,696278.53109218,262.74929916,4.28910808,0.00938390,0.44220770,0.14969229,,,0.14688989,0.04758702,,,0.40919586,0.08363075
VT TQQQ/BTAL75+KMLM25 t20 w0-80 QQQ:VOL_EWMA80 rb 2w,sens,sens_2022-12-19,2022-12-19,2025-12-18,false,true,"{""*"": 6, ""BTAL"": 6, ""DBMF"": 2.5, ""KMLM"": 6, ""QQQ"": 1, ""SPY"": 0.7, ""TQQQ"": 1.5}",0.03000000,tests/data/2026-08-20-net15,BTAL75+KMLM25,,2w,0.02566631,0.35105199,0.02481025,0.35105449,42801.28432246,28000.00000000,14801.28432246,0.52861730,0.25352199,0.21965596,1.32150007,0.18480294,1.92261411,1.47304770,-0.17210711,436,2023,0.46772601,2022,-0.00388416,464855.24980254,175.37742846,2.80089961,0.00626348,0.44034687,0.14913194,,,0.14617922,0.04794232,,,0.41155431,0.11102816
VT TQQQ/BTAL75+KMLM25 t20 w0-80 QQQ:VOL_EWMA80 rb 2w+1,sens,sens_2022-12-19,2022-12-19,2025-12-18,false,true,"{""*"": 6, ""BTAL"": 6, ""DBMF"": 2.5, ""KMLM"": 6, ""QQQ"": 1, ""SPY"": 0.7, ""TQQQ"": 1.5}",0.03000000,tests/data/2026-08-20-net15,BTAL75+KMLM25,,2w+1,0.01624306,0.24936745,0.01549365,0.24936989,40925.11396199,28000.00000000,12925.11396199,0.46161121,0.23479001,0.19526188,1.26023395,0.18128018,1.79797817,1.40905843,-0.16662901,276,2023,0.44304686,2025,-0.01030480,510045.23851365,192.68305741,3.06617075,0.00688154,0.44155793,0.14623234,,,0.14686636,0.04771490,,,0.40970292,0.08329687
VT TQQQ/BTAL75+KMLM25 t20 w0-80 QQQ:VOL_EWMA80,sens,sens_2022-12-19,2022-12-19,2025-12-18,false,true,"{""*"": 6, ""BTAL"": 6, ""DBMF"": 2.5, ""KMLM"": 6, ""QQQ"": 1, ""SPY"": 0.7, ""TQQQ"": 1.5}",0.03000000,tests/data/2026-08-20-net15,BTAL75+KMLM25,,,0.00147663,0.00318157,0.00088293,0.00227595,44297.90347627,28000.00000000,16297.90347627,0.58206798,0.26006755,0.23856468,1.22115567,0.20806343,1.72385299,1.33161115,-0.19530293,448,2023,0.47527236,2022,-0.00388416,327144.71302347,123.91302229,2.03661792,0.00442547,0.42741652,0.14975188,,,0.14201068,0.04941369,,,0.42903476,0.21659857
VT TQQQ/BTAL75+KMLM25 t20 w0-80 QQQ:VOL_EWMA80 rb 2m,sens,sens_2022-12-19,2022-12-19,2025-12-18,false,true,"{""*"": 6, ""BTAL"": 6, ""DBMF"": 2.5, ""KMLM"": 6, ""QQQ"": 1, ""SPY"": 0.7, ""TQQQ"": 1.5}",0.03000000,tests/data/2026-08-20-net15,BTAL75+KMLM25,,2m,0.08245028,0.35753274,0.08160709,0.35561065,41503.06612787,28000.00000000,13503.06612787,0.48225236,0.23343888,0.20286152,1.23133245,0.18518196,1.79244582,1.06361587,-0.21947668,474,2023,0.40393484,2022,-0.00388416,121745.71034556,47.57817969,0.76130203,0.00169922,0.45067867,0.24237380,,,0.15008414,0.07673174,,,0.39709275,0.21072897
VT TQQQ/BTAL75+KMLM25 t20 w0-80 QQQ:VOL_EWMA80 rb 2m+1,sens,sens_2022-12-19,2022-12-19,2025-12-18,false,true,"{""*"": 6, ""BTAL"": 6, ""DBMF"": 2.5, ""KMLM"": 6, ""QQQ"": 1, ""SPY"": 0.7, ""TQQQ"": 1.5}",0.03000000,tests/data/2026-08-20-net15,BTAL75+KMLM25,,2m+1,0.06482965,0.42793172,0.06360236,0.42606600,47891.83349773,28000.00000000,19891.83349773,0.71042262,0.29730409,0.28215549,1.23305443,0.23457570,1.74809544,1.58786931,-0.18723461,429,2023,0.46020870,2022,-0.00389582,223205.96195374,85.61718325,1.32672251,0.00305776,0.39624085,0.12954854,,,0.13101419,0.04573660,,,0.47054000,0.22274867
VT TQQQ/BTAL75+KMLM25 t20 w0-80 QQQ:VOL_EWMA80 rb 3m,sens,sens_2022-12-19,2022-12-19,2025-12-18,false,true,"{""*"": 6, ""BTAL"": 6, ""DBMF"": 2.5, ""KMLM"": 6, ""QQQ"": 1, ""SPY"": 0.7, ""TQQQ"": 1.5}",0.03000000,tests/data/2026-08-20-net15,BTAL75+KMLM25,,3m,0.10310080,0.48553321,0.10118901,0.48241387,46620.30561121,28000.00000000,18620.30561121,0.66501091,0.29613906,0.26701178,1.18468615,0.24562331,1.68142459,1.34822107,-0.21965171,156,2023,0.45490049,2022,-0.00388416,99574.97099492,39.01896161,0.57111079,0.00139353,0.37598277,0.12957326,,,0.12477057,0.04574532,,,0.49632304,0.24639679
VT TQQQ/BTAL75+KMLM25 t20 w0-80 QQQ:VOL_EWMA80 rb 3m+1,sens,sens_2022-12-19,2022-12-19,2025-12-18,false,true,"{""*"": 6, ""BTAL"": 6, ""DBMF"": 2.5, ""KMLM"": 6, ""QQQ"": 1, ""SPY"": 0.7, ""TQQQ"": 1.5}",0.03000000,tests/data/2026-08-20-net15,BTAL75+KMLM25,,3m+1,0.08800442,0.33871351,0.08682666,0.33871604,42340.10581622,28000.00000000,14340.10581622,0.51214664,0.23067603,0.21373281,1.29151396,0.17316542,1.87096212,1.37378101,-0.16791325,436,2023,0.34498378,2022,-0.00389582,119476.19490600,46.87813754,0.77608897,0.00167422,0.46755822,0.13020578,,,0.15476194,0.04524646,,,0.37436788,0.21606088
VT TQQQ/BTAL75+KMLM25 t20 w0-80 QQQ:VOL_EWMA80 rb 3m+2,sens,sens_2022-12-19,2022-12-19,2025-12-18,false,true,"{""*"": 6, ""BTAL"": 6, ""DBMF"": 2.5, ""KMLM"": 6, ""QQQ"": 1, ""SPY"": 0.7, ""TQQQ"": 1.5}",0.03000000,tests/data/2026-08-20-net15,BTAL75+KMLM25,,3m+2,0.09335721,0.43177476,0.09166518,0.42731512,45558.45458049,28000.00000000,17558.45458049,0.62708766,0.28609489,0.25413531,1.27978865,0.21582378,1.86079712,1.19165091,-0.24008280,474,2023,0.48482137,2022,-0.00389582,154963.73575462,59.80800955,0.89370046,0.00213600,0.41530665,0.13920183,,,0.13809077,0.04701847,,,0.44366447,0.20754053
VT TQQQ/BTAL75+KMLM25 t20 w0-80 QQQ:VOL_EWMA80 gate QQQ<SMA200 rb 1w,sens,sens_2022-12-19,2022-12-19,2025-12-18,false,true,"{""*"": 6, ""BTAL"": 6, ""DBMF"": 2.5, ""KMLM"": 6, ""QQQ"": 1, ""SPY"": 0.7, ""TQQQ"": 1.5}",0.03000000,tests/data/2026-08-20-net15,BTAL75+KMLM25,QQQ<SMA200,1w,0.02189325,0.33386844,0.02120058,0.33387117,37190.03262446,28000.00000000,9190.03262446,0.32821545,0.17105970,0.14416258,0.98168764,0.17780261,1.38819198,1.08853051,-0.15714737,280,2023,0.28823296,2025,-0.02620942,626283.53189776,238.26381873,4.12956711,0.00850942,0.45262000,0.14975304,,,0.15031869,0.04742258,,,0.39523562,0.00000000
VT TQQQ/BTAL75+KMLM25 t20 w0-80 QQQ:VOL_EWMA80 gate QQQ<SMA200 rb 2w,sens,sens_2022-12-19,2022-12-19,2025-12-18,false,true,"{""*"": 6, ""BTAL"": 6, ""DBMF"": 2.5, ""KMLM"": 6, ""QQQ"": 1, ""SPY"": 0.7, ""TQQQ"": 1.5}",0.03000000,tests/data/2026-08-20-net15,BTAL75+KMLM25,QQQ<SMA200,2w,0.03587583,0.35113717,0.03506158,0.35113987,40832.07386083,28000.00000000,12832.07386083,0.45828835,0.21060960,0.19403119,1.14107574,0.18304025,1.65739213,1.39966327,-0.15047162,432,2023,0.29390595,2022,0.01084122,434826.03930832,165.75180192,2.79081450,0.00591971,0.44824248,0.14965056,,,0.14870209,0.04764334,,,0.40104346,0.00000000
VT TQQQ/BTAL75+KMLM25 t20 w0-80 QQQ:VOL_EWMA80 gate QQQ<SMA200 rb 2w+1,sens,sens_2022-12-19,2022-12-19,2025-12-18,false,true,"{""*"": 6, ""BTAL"": 6, ""DBMF"": 2.5, ""KMLM"": 6, ""QQQ"": 1, ""SPY"": 0.7, ""TQQQ"": 1.5}",0.03000000,tests/data/2026-08-20-net15,BTAL75+KMLM25,QQQ<SMA200,2w+1,0.03497204,0.27326430,0.03428989,0.27327789,37620.70080613,28000.00000000,9620.70080613,0.34359646,0.17613042,0.15024059,0.99860394,0.17944291,1.40796070,1.05597500,-0.16679412,289,2024,0.32320246,2025,-0.04200258,470036.84127875,179.10679215,3.05085087,0.00639667,0.45603469,0.14621128,,,0.15165106,0.04737242,,,0.39040918,0.00000000
VT TQQQ/BTAL75+KMLM25 t20 w0-80 QQQ:VOL_EWMA80 gate QQQ<SMA200,sens,sens_2022-12-19,2022-12-19,2025-12-18,false,true,"{""*"": 6, ""BTAL"": 6, ""DBMF"": 2.5, ""KMLM"": 6, ""QQQ"": 1, ""SPY"": 0.7, ""TQQQ"": 1.5}",0.03000000,tests/data/2026-08-20-net15,BTAL75+KMLM25,QQQ<SMA200,,0.01768411,0.27326373,0.01707446,0.27327789,42328.48440139,28000.00000000,14328.48440139,0.51173159,0.22130300,0.21358294,1.08238348,0.20515691,1.52056979,1.25461736,-0.17639083,448,2023,0.32885526,2022,0.01084122,309001.64095777,118.44433485,2.02958127,0.00423015,0.43954848,0.14978881,,,0.14606900,0.04956413,,,0.41273569,0.00000000
VT TQQQ/BTAL75+KMLM25 t20 w0-80 QQQ:VOL_EWMA80 gate QQQ<SMA200 rb 2m,sens,sens_2022-12-19,2022-12-19,2025-12-18,false,true,"{""*"": 6, ""BTAL"": 6, ""DBMF"": 2.5, ""KMLM"": 6, ""QQQ"": 1, ""SPY"": 0.7, ""TQQQ"": 1.5}",0.03000000,tests/data/2026-08-20-net15,BTAL75+KMLM25,QQQ<SMA200,2m,0.10251508,0.35778212,0.10172688,0.35454892,39716.96464531,28000.00000000,11716.96464531,0.41846302,0.19843554,0.17911974,1.07945515,0.18426649,1.56151121,0.90542295,-0.21916337,474,2023,0.27985170,2022,0.01084122,124225.81354508,49.92648703,0.81531609,0.00178309,0.46828284,0.24204353,,,0.15615493,0.07704966,,,0.37315661,0.00000000
VT TQQQ/BTAL75+KMLM25 t20 w0-80 QQQ:VOL_EWMA80 gate QQQ<SMA200 rb 2m+1,sens,sens_2022-12-19,2022-12-19,2025-12-18,false,true,"{""*"": 6, ""BTAL"": 6, ""DBMF"": 2.5, ""KMLM"": 6, ""QQQ"": 1, ""SPY"": 0.7, ""TQQQ"": 1.5}",0.03000000,tests/data/2026-08-20-net15,BTAL75+KMLM25,QQQ<SMA200,2m+1,0.07776386,0.42804057,0.07653177,0.42574607,46008.38929461,28000.00000000,18008.38929461,0.64315676,0.26292971,0.25961759,1.12000830,0.23402439,1.58357951,1.43503100,-0.18322232,429,2023,0.33370915,2022,0.01084242,218963.89337043,85.06767671,1.36236412,0.00303813,0.40683598,0.12963792,,,0.13424996,0.04553830,,,0.45653976,0.00000000
VT TQQQ/BTAL75+KMLM25 t20 w0-80 QQQ:VOL_EWMA80 gate QQQ<SMA200 rb 3m,sens,sens_2022-12-19,2022-12-19,2025-12-18,false,true,"{""*"": 6, ""BTAL"": 6, ""DBMF"": 2.5, ""KMLM"": 6, ""QQQ"": 1, ""SPY"": 0.7, ""TQQQ"": 1.5}",0.03000000,tests/data/2026-08-20-net15,BTAL75+KMLM25,QQQ<SMA200,3m,0.13091825,0.48498937,0.12896253,0.48068119,42723.99714937,28000.00000000,14723.99714937,0.52585704,0.22630406,0.21866656,0.96573438,0.24297304,1.35919219,1.03208753,-0.21926829,156,2024,0.38890653,2022,0.01084122,98048.42083607,39.63448899,0.61869873,0.00141552,0.40053316,0.12985615,,,0.13312320,0.04558017,,,0.46316131,0.00000000
VT TQQQ/BTAL75+KMLM25 t20 w0-80 QQQ:VOL_EWMA80 gate QQQ<SMA200 rb 3m+1,sens,sens_2022-12-19,2022-12-19,2025-12-18,false,true,"{""*"": 6, ""BTAL"": 6, ""DBMF"": 2.5, ""KMLM"": 6, ""QQQ"": 1, ""SPY"": 0.7, ""TQQQ"": 1.5}",0.03000000,tests/data/2026-08-20-net15,BTAL75+KMLM25,QQQ<SMA200,3m+1,0.10101517,0.33868383,0.09979595,0.33868649,40893.98576940,28000.00000000,12893.98576940,0.46049949,0.19975401,0.19485036,1.14288104,0.17332349,1.64766200,1.19552729,-0.16708444,436,2024,0.22796293,2022,0.01084242,119915.15185783,48.02413105,0.81440736,0.00171515,0.47740921,0.13042525,,,0.15775439,0.04485177,,,0.36131361,0.00000000
VT TQQQ/BTAL75+KMLM25 t20 w0-80 QQQ:VOL_EWMA80 gate QQQ<SMA200 rb 3m+2,sens,sens_2022-12-19,2022-12-19,2025-12-18,false,true,"{""*"": 6, ""BTAL"": 6, ""DBMF"": 2.5, ""KMLM"": 6, ""QQQ"": 1, ""SPY"": 0.7, ""TQQQ"": 1.5}",0.03000000,tests/data/2026-08-20-net15,BTAL75+KMLM25,QQQ<SMA200,3m+2,0.11272700,0.43199685,0.11104363,0.42650728,44049.99269528,28000.00000000,16049.99269528,0.57321402,0.25722881,0.23546482,1.17268518,0.21612445,1.69931882,1.07226959,-0.23989192,474,2023,0.36940054,2022,0.01084242,155935.36170544,61.43745049,0.93614387,0.00219419,0.43107747,0.13892521,,,0.14317366,0.04678731,,,0.42241724,0.00000000
VT TQQQ/BTAL75+DBMF25 t20 w0-80 QQQ:VOL_EWMA80 rb 1w,sens,sens_2022-12-19,2022-12-19,2025-12-18,false,true,"{""*"": 6, ""BTAL"": 6, ""DBMF"": 2.5, ""KMLM"": 6, ""QQQ"": 1, ""SPY"": 0.7, ""TQQQ"": 1.5}",0.03000000,tests/data/2026-08-20-net15,BTAL75+DBMF25,,1w,0.00794939,0.24989223,0.00724691,0.24989487,41755.15067078,28000.00000000,13755.15067078,0.49125538,0.23913695,0.20615217,1.27112608,0.18271533,1.80342809,1.44335015,-0.16568187,383,2023,0.42071225,2022,-0.00223324,701858.44607741,232.63351917,4.29167154,0.00830834,0.44223839,0.14988791,0.14692161,0.04920877,,,,,0.40917932,0.08361139
VT TQQQ/BTAL75+DBMF25 t20 w0-80 QQQ:VOL_EWMA80 rb 2w,sens,sens_2022-12-19,2022-12-19,2025-12-18,false,true,"{""*"": 6, ""BTAL"": 6, ""DBMF"": 2.5, ""KMLM"": 6, ""QQQ"": 1, ""SPY"": 0.7, ""TQQQ"": 1.5}",0.03000000,tests/data/2026-08-20-net15,BTAL75+DBMF25,,2w,0.02563847,0.35200815,0.02486853,0.35201081,43963.56731976,28000.00000000,15963.56731976,0.57012740,0.26561986,0.23438119,1.35272249,0.18814455,1.95893627,1.49448891,-0.17773291,432,2023,0.45556716,2022,-0.00171205,471464.36932151,155.41845724,2.81287028,0.00555066,0.44032850,0.14970937,0.14636704,0.04962676,,,,,0.41151691,0.11143410
VT TQQQ/BTAL75+DBMF25 t20 w0-80 QQQ:VOL_EWMA80 rb 2w+1,sens,sens_2022-12-19,2022-12-19,2025-12-18,false,true,"{""*"": 6, ""BTAL"": 6, ""DBMF"": 2.5, ""KMLM"": 6, ""QQQ"": 1, ""SPY"": 0.7, ""TQQQ"": 1.5}",0.03000000,tests/data/2026-08-20-net15,BTAL75+DBMF25,,2w+1,0.01627215,0.24938112,0.01553735,0.24938372,42176.09776204,28000.00000000,14176.09776204,0.50628921,0.24793390,0.21161508,1.29739530,0.18479799,1.84348114,1.46952805,-0.16871669,273,2023,0.43144958,2022,-0.00223544,517232.73001494,171.04386794,3.07988324,0.00610871,0.44160498,0.14613299,0.14681087,0.04869828,,,,,0.40972835,0.08310056
VT TQQQ/BTAL75+DBMF25 t20 w0-80 QQQ:VOL_EWMA80,sens,sens_2022-12-19,2022-12-19,2025-12-18,false,true,"{""*"": 6, ""BTAL"": 6, ""DBMF"": 2.5, ""KMLM"": 6, ""QQQ"": 1, ""SPY"": 0.7, ""TQQQ"": 1.5}",0.03000000,tests/data/2026-08-20-net15,BTAL75+DBMF25,,,0.00157121,0.00382231,0.00088695,0.00206260,45255.36236854,28000.00000000,17255.36236854,0.61626294,0.26965349,0.25042017,1.24188781,0.21127789,1.74933585,1.34032885,-0.20118458,439,2023,0.46350120,2022,-0.00171205,331309.19399073,110.17317712,2.04645694,0.00393476,0.42740039,0.14967593,0.14203587,0.04974449,,,,,0.42893844,0.21640253
VT TQQQ/BTAL75+DBMF25 t20 w0-80 QQQ:VOL_EWMA80 rb 2m,sens,sens_2022-12-19,2022-12-19,2025-12-18,false,true,"{""*"": 6, ""BTAL"": 6, ""DBMF"": 2.5, ""KMLM"": 6, ""QQQ"": 1, ""SPY"": 0.7, ""TQQQ"": 1.5}",0.03000000,tests/data/2026-08-20-net15,BTAL75+DBMF25,,2m,0.08290905,0.36177102,0.08206462,0.35925634,42638.21211324,28000.00000000,14638.21211324,0.52279329,0.24567545,0.21756686,1.26075887,0.18936236,1.82525825,1.07382515,-0.22878534,474,2023,0.39654674,2022,-0.00171205,123024.68350993,42.24541099,0.76138925,0.00150876,0.45042966,0.24268902,0.15052050,0.08044834,,,,,0.39690935,0.21082561
VT TQQQ/BTAL75+DBMF25 t20 w0-80 QQQ:VOL_EWMA80 rb 2m+1,sens,sens_2022-12-19,2022-12-19,2025-12-18,false,true,"{""*"": 6, ""BTAL"": 6, ""DBMF"": 2.5, ""KMLM"": 6, ""QQQ"": 1, ""SPY"": 0.7, ""TQQQ"": 1.5}",0.03000000,tests/data/2026-08-20-net15,BTAL75+DBMF25,,2m+1,0.06490508,0.42596853,0.06369231,0.42466217,48413.27295259,28000.00000000,20413.27295259,0.72904546,0.30165716,0.28828204,1.23574087,0.23732357,1.75019907,1.54794058,-0.19487645,429,2023,0.44699584,2022,-0.00172138,224507.17286664,75.57759846,1.32980063,0.00269920,0.39619129,0.12930057,0.13129576,0.04794795,,,,,0.47036669,0.22329788
VT TQQQ/BTAL75+DBMF25 t20 w0-80 QQQ:VOL_EWMA80 rb 3m,sens,sens_2022-12-19,2022-12-19,2025-12-18,false,true,"{""*"": 6, ""BTAL"": 6, ""DBMF"": 2.5, ""KMLM"": 6, ""QQQ"": 1, ""SPY"": 0.7, ""TQQQ"": 1.5}",0.03000000,tests/data/2026-08-20-net15,BTAL75+DBMF25,,3m,0.10315769,0.48290969,0.10129998,0.48026390,47356.52697961,28000.00000000,19356.52697961,0.69130453,0.30262156,0.27581582,1.19219038,0.24899511,1.68915332,1.32182996,-0.22894137,159,2023,0.44407929,2022,-0.00171205,101129.38846950,34.21336280,0.57798851,0.00122191,0.37578980,0.12924365,0.12504675,0.04782400,,,,,0.49636384,0.24639679
VT TQQQ/BTAL75+DBMF25 t20 w0-80 QQQ:VOL_EWMA80 rb 3m+1,sens,sens_2022-12-19,2022-12-19,2025-12-18,false,true,"{""*"": 6, ""BTAL"": 6, ""DBMF"": 2.5, ""KMLM"": 6, ""QQQ"": 1, ""SPY"": 0.7, ""TQQQ"": 1.5}",0.03000000,tests/data/2026-08-20-net15,BTAL75+DBMF25,,3m+1,0.08841705,0.33941254,0.08741100,0.33941523,43170.95512562,28000.00000000,15170.95512562,0.54181983,0.23935174,0.22437050,1.31148707,0.17634188,1.89432223,1.34972741,-0.17733339,436,2023,0.33459805,2022,-0.00172138,120893.61312088,41.43449611,0.77886113,0.00147980,0.46742144,0.12989306,0.15558922,0.04703341,,,,,0.37390354,0.21610213
VT TQQQ/BTAL75+DBMF25 t20 w0-80 QQQ:VOL_EWMA80 rb 3m+2,sens,sens_2022-12-19,2022-12-19,2025-12-18,false,true,"{""*"": 6, ""BTAL"": 6, ""DBMF"": 2.5, ""KMLM"": 6, ""QQQ"": 1, ""SPY"": 0.7, ""TQQQ"": 1.5}",0.03000000,tests/data/2026-08-20-net15,BTAL75+DBMF25,,3m+2,0.09361199,0.42949289,0.09202706,0.42546074,46581.75296992,28000.00000000,18581.75296992,0.66363403,0.29622659,0.26654800,1.29772833,0.21955633,1.87979034,1.19889208,-0.24708361,455,2023,0.47632060,2022,-0.00172138,156224.45957926,53.07002028,0.89379417,0.00189536,0.41488895,0.13875812,0.13896550,0.04891748,,,,,0.44324949,0.20668270
VT TQQQ/BTAL75+DBMF25 t20 w0-80 QQQ:VOL_EWMA80 gate QQQ<SMA200 rb 1w,sens,sens_2022-12-19,2022-12-19,2025-12-18,false,true,"{""*"": 6, ""BTAL"": 6, ""DBMF"": 2.5, ""KMLM"": 6, ""QQQ"": 1, ""SPY"": 0.7, ""TQQQ"": 1.5}",0.03000000,tests/data/2026-08-20-net15,BTAL75+DBMF25,QQQ<SMA200,1w,0.02178639,0.33386726,0.02111835,0.33387117,38233.85927042,28000.00000000,10233.85927042,0.36549497,0.18292068,0.15880687,1.02337440,0.18103467,1.44286845,1.18353932,-0.15455395,439,2024,0.28039132,2025,-0.00296599,633775.37287799,211.31535122,4.14078023,0.00754698,0.45266063,0.14933471,0.15036254,0.04883303,,,,,0.39526795,0.00000000
VT TQQQ/BTAL75+DBMF25 t20 w0-80 QQQ:VOL_EWMA80 gate QQQ<SMA200 rb 2w,sens,sens_2022-12-19,2022-12-19,2025-12-18,false,true,"{""*"": 6, ""BTAL"": 6, ""DBMF"": 2.5, ""KMLM"": 6, ""QQQ"": 1, ""SPY"": 0.7, ""TQQQ"": 1.5}",0.03000000,tests/data/2026-08-20-net15,BTAL75+DBMF25,QQQ<SMA200,2w,0.03583630,0.35053672,0.03505670,0.35053960,42004.23662529,28000.00000000,14004.23662529,0.50015131,0.22339461,0.20938953,1.18164684,0.18619395,1.71047152,1.43379372,-0.15580666,432,2024,0.31275103,2022,0.01373663,441614.53667753,147.00160047,2.80217862,0.00525006,0.44820540,0.14919852,0.14891176,0.04944800,,,,,0.40103523,0.00000000
VT TQQQ/BTAL75+DBMF25 t20 w0-80 QQQ:VOL_EWMA80 gate QQQ<SMA200 rb 2w+1,sens,sens_2022-12-19,2022-12-19,2025-12-18,false,true,"{""*"": 6, ""BTAL"": 6, ""DBMF"": 2.5, ""KMLM"": 6, ""QQQ"": 1, ""SPY"": 0.7, ""TQQQ"": 1.5}",0.03000000,tests/data/2026-08-20-net15,BTAL75+DBMF25,QQQ<SMA200,2w+1,0.03512898,0.27326641,0.03442732,0.27327789,38786.03855806,28000.00000000,10786.03855806,0.38521566,0.18909337,0.16643573,1.04513474,0.18254369,1.46954118,1.18152759,-0.16004143,280,2024,0.33979017,2025,-0.01754676,476890.38891507,159.01416238,3.06419855,0.00567908,0.45599067,0.14592691,0.15162772,0.04865222,,,,,0.39039960,0.00000000
VT TQQQ/BTAL75+DBMF25 t20 w0-80 QQQ:VOL_EWMA80 gate QQQ<SMA200,sens,sens_2022-12-19,2022-12-19,2025-12-18,false,true,"{""*"": 6, ""BTAL"": 6, ""DBMF"": 2.5, ""KMLM"": 6, ""QQQ"": 1, ""SPY"": 0.7, ""TQQQ"": 1.5}",0.03000000,tests/data/2026-08-20-net15,BTAL75+DBMF25,QQQ<SMA200,,0.01751600,0.27326611,0.01699575,0.27327789,43288.55639326,28000.00000000,15288.55639326,0.54601987,0.23130524,0.22586417,1.10901352,0.20820243,1.55538972,1.26722436,-0.18252903,447,2023,0.31899796,2022,0.01373663,313607.42665210,105.10024170,2.04161256,0.00375358,0.43968413,0.14963971,0.14611231,0.04945043,,,,,0.41278094,0.00000000
VT TQQQ/BTAL75+DBMF25 t20 w0-80 QQQ:VOL_EWMA80 gate QQQ<SMA200 rb 2m,sens,sens_2022-12-19,2022-12-19,2025-12-18,false,true,"{""*"": 6, ""BTAL"": 6, ""DBMF"": 2.5, ""KMLM"": 6, ""QQQ"": 1, ""SPY"": 0.7, ""TQQQ"": 1.5}",0.03000000,tests/data/2026-08-20-net15,BTAL75+DBMF25,QQQ<SMA200,2m,0.10268657,0.36137969,0.10201543,0.35908309,40759.75048744,28000.00000000,12759.75048744,0.45570537,0.20971601,0.19307312,1.11275935,0.18781935,1.60337587,0.91663808,-0.22878824,474,2023,0.27105267,2022,0.01373663,125470.60494253,44.18229772,0.81555357,0.00157794,0.46833541,0.24249357,0.15659482,0.08039263,,,,,0.37299219,0.00000000
VT TQQQ/BTAL75+DBMF25 t20 w0-80 QQQ:VOL_EWMA80 gate QQQ<SMA200 rb 2m+1,sens,sens_2022-12-19,2022-12-19,2025-12-18,false,true,"{""*"": 6, ""BTAL"": 6, ""DBMF"": 2.5, ""KMLM"": 6, ""QQQ"": 1, ""SPY"": 0.7, ""TQQQ"": 1.5}",0.03000000,tests/data/2026-08-20-net15,BTAL75+DBMF25,QQQ<SMA200,2m+1,0.07795642,0.42616742,0.07675730,0.42408448,46545.60640678,28000.00000000,18545.60640678,0.66234309,0.26759014,0.26611291,1.12561768,0.23671942,1.59097318,1.39891881,-0.19128354,429,2023,0.32113822,2022,0.01373727,220436.72009580,74.93416301,1.36608705,0.00267622,0.40654486,0.12934639,0.13460413,0.04770317,,,,,0.45656677,0.00000000
VT TQQQ/BTAL75+DBMF25 t20 w0-80 QQQ:VOL_EWMA80 gate QQQ<SMA200 rb 3m,sens,sens_2022-12-19,2022-12-19,2025-12-18,false,true,"{""*"": 6, ""BTAL"": 6, ""DBMF"": 2.5, ""KMLM"": 6, ""QQQ"": 1, ""SPY"": 0.7, ""TQQQ"": 1.5}",0.03000000,tests/data/2026-08-20-net15,BTAL75+DBMF25,QQQ<SMA200,3m,0.13066026,0.48236324,0.12893883,0.47921883,43286.16811906,28000.00000000,15286.16811906,0.54593458,0.23014497,0.22583387,0.97103542,0.24554316,1.36511416,1.00659313,-0.22863753,159,2024,0.39275435,2022,0.01373663,99105.44006396,34.53475912,0.62524211,0.00123338,0.40073464,0.12939563,0.13342213,0.04777155,,,,,0.46315522,0.00000000
VT TQQQ/BTAL75+DBMF25 t20 w0-80 QQQ:VOL_EWMA80 gate QQQ<SMA200 rb 3m+1,sens,sens_2022-12-19,2022-12-19,2025-12-18,false,true,"{""*"": 6, ""BTAL"": 6, ""DBMF"": 2.5, ""KMLM"": 6, ""QQQ"": 1, ""SPY"": 0.7, ""TQQQ"": 1.5}",0.03000000,tests/data/2026-08-20-net15,BTAL75+DBMF25,QQQ<SMA200,3m+1,0.10134100,0.33889403,0.10038356,0.33889687,41713.53276578,28000.00000000,13713.53276578,0.48976903,0.20862220,0.20560990,1.16894012,0.17623338,1.68281204,1.18678203,-0.17578814,436,2024,0.24159568,2022,0.01373727,121205.43647447,42.32643449,0.81582066,0.00151166,0.47732239,0.13009792,0.15871377,0.04668221,,,,,0.36093452,0.00000000
VT TQQQ/BTAL75+DBMF25 t20 w0-80 QQQ:VOL_EWMA80 gate QQQ<SMA200 rb 3m+2,sens,sens_2022-12-19,2022-12-19,2025-12-18,false,true,"{""*"": 6, ""BTAL"": 6, ""DBMF"": 2.5, ""KMLM"": 6, ""QQQ"": 1, ""SPY"": 0.7, ""TQQQ"": 1.5}",0.03000000,tests/data/2026-08-20-net15,BTAL75+DBMF25,QQQ<SMA200,3m+2,0.11261400,0.42853618,0.11133098,0.42469700,45028.14829945,28000.00000000,17028.14829945,0.60814815,0.26698901,0.24762329,1.19410018,0.21935998,1.72599235,1.08112489,-0.24695483,455,2023,0.36014622,2022,0.01373727,157257.56457691,54.42691302,0.93671844,0.00194382,0.43067364,0.13922210,0.14436913,0.04903754,,,,,0.42216987,0.00000000
VT TQQQ/BTAL50+KMLM50 t20 w0-80 QQQ:VOL_EWMA80 rb 1w,sens,sens_2022-12-19,2022-12-19,2025-12-18,false,true,"{""*"": 6, ""BTAL"": 6, ""DBMF"": 2.5, ""KMLM"": 6, ""QQQ"": 1, ""SPY"": 0.7, ""TQQQ"": 1.5}",0.03000000,tests/data/2026-08-20-net15,BTAL50+KMLM50,,1w,0.00797526,0.24958269,0.00729266,0.24958533,41351.77255687,28000.00000000,13351.77255687,0.47684902,0.23421469,0.20087960,1.20704342,0.19026139,1.71607580,1.25449720,-0.18670005,224,2023,0.45021138,2022,-0.00881008,695620.16602736,262.75211281,4.30725369,0.00938400,0.29467859,0.09950411,,,0.29441620,0.09705297,,,0.40918962,0.08322765
VT TQQQ/BTAL50+KMLM50 t20 w0-80 QQQ:VOL_EWMA80 rb 2w,sens,sens_2022-12-19,2022-12-19,2025-12-18,false,true,"{""*"": 6, ""BTAL"": 6, ""DBMF"": 2.5, ""KMLM"": 6, ""QQQ"": 1, ""SPY"": 0.7, ""TQQQ"": 1.5}",0.03000000,tests/data/2026-08-20-net15,BTAL50+KMLM50,,2w,0.02576468,0.35161386,0.02491314,0.35161651,43288.95403355,28000.00000000,15288.95403355,0.54603407,0.25756768,0.22586922,1.27477356,0.19575751,1.84426054,1.26471378,-0.20365690,435,2023,0.48475111,2022,-0.00855721,466081.68132356,175.96983585,2.82840757,0.00628464,0.29343663,0.09958397,,,0.29309935,0.09670454,,,0.41152136,0.11093095
VT TQQQ/BTAL50+KMLM50 t20 w0-80 QQQ:VOL_EWMA80 rb 2w+1,sens,sens_2022-12-19,2022-12-19,2025-12-18,false,true,"{""*"": 6, ""BTAL"": 6, ""DBMF"": 2.5, ""KMLM"": 6, ""QQQ"": 1, ""SPY"": 0.7, ""TQQQ"": 1.5}",0.03000000,tests/data/2026-08-20-net15,BTAL50+KMLM50,,2w+1,0.01616850,0.24939093,0.01529322,0.24939353,41578.59786979,28000.00000000,13578.59786979,0.48494992,0.24072547,0.20384902,1.22234599,0.19256929,1.74398399,1.23388997,-0.19509476,273,2023,0.46155161,2022,-0.00881253,509098.75332075,192.33101280,3.08017582,0.00686896,0.29413489,0.09754753,,,0.29439034,0.09614277,,,0.40952996,0.08326324
VT TQQQ/BTAL50+KMLM50 t20 w0-80 QQQ:VOL_EWMA80,sens,sens_2022-12-19,2022-12-19,2025-12-18,false,true,"{""*"": 6, ""BTAL"": 6, ""DBMF"": 2.5, ""KMLM"": 6, ""QQQ"": 1, ""SPY"": 0.7, ""TQQQ"": 1.5}",0.03000000,tests/data/2026-08-20-net15,BTAL50+KMLM50,,,0.00164900,0.00351981,0.00096602,0.00279403,44577.84620398,28000.00000000,16577.84620398,0.59206594,0.26289706,0.24205002,1.18168939,0.21887149,1.66980438,1.16617160,-0.22543600,448,2023,0.49706758,2022,-0.00855721,328129.29589403,124.25832735,2.05063870,0.00443780,0.28483331,0.09982457,,,0.28454472,0.09965641,,,0.42891125,0.21621335
VT TQQQ/BTAL50+KMLM50 t20 w0-80 QQQ:VOL_EWMA80 rb 2m,sens,sens_2022-12-19,2022-12-19,2025-12-18,false,true,"{""*"": 6, ""BTAL"": 6, ""DBMF"": 2.5, ""KMLM"": 6, ""QQQ"": 1, ""SPY"": 0.7, ""TQQQ"": 1.5}",0.03000000,tests/data/2026-08-20-net15,BTAL50+KMLM50,,2m,0.08287836,0.35640347,0.08200307,0.35349587,42151.46648741,28000.00000000,14151.46648741,0.50540952,0.24008462,0.21129652,1.19444936,0.19737604,1.73436372,1.05044878,-0.22855433,471,2023,0.42542802,2022,-0.00855721,121348.54279119,47.51000126,0.76043865,0.00169679,0.30011349,0.16176986,,,0.30072633,0.15686962,,,0.39692921,0.21295554
VT TQQQ/BTAL50+KMLM50 t20 w0-80 QQQ:VOL_EWMA80 rb 2m+1,sens,sens_2022-12-19,2022-12-19,2025-12-18,false,true,"{""*"": 6, ""BTAL"": 6, ""DBMF"": 2.5, ""KMLM"": 6, ""QQQ"": 1, ""SPY"": 0.7, ""TQQQ"": 1.5}",0.03000000,tests/data/2026-08-20-net15,BTAL50+KMLM50,,2m+1,0.06524812,0.42497801,0.06403194,0.42379561,48469.96429900,28000.00000000,20469.96429900,0.73107015,0.30364143,0.28894526,1.21239006,0.24460004,1.71764323,1.39208245,-0.21812029,429,2023,0.48155511,2022,-0.00856849,224961.77533758,86.48741817,1.33577009,0.00308884,0.26429518,0.08602527,,,0.26296474,0.09221357,,,0.47044467,0.22416936
VT TQQQ/BTAL50+KMLM50 t20 w0-80 QQQ:VOL_EWMA80 rb 3m,sens,sens_2022-12-19,2022-12-19,2025-12-18,false,true,"{""*"": 6, ""BTAL"": 6, ""DBMF"": 2.5, ""KMLM"": 6, ""QQQ"": 1, ""SPY"": 0.7, ""TQQQ"": 1.5}",0.03000000,tests/data/2026-08-20-net15,BTAL50+KMLM50,,3m,0.10338742,0.48371574,0.10153616,0.47985167,47224.55665914,28000.00000000,19224.55665914,0.68659131,0.30277946,0.27424496,1.16533395,0.25644443,1.65418805,1.32340439,-0.22878831,156,2023,0.48110157,2022,-0.00855721,101403.91870391,39.88353972,0.58066329,0.00142441,0.25033617,0.08599830,,,0.25054179,0.09188633,,,0.49630397,0.24639679
VT TQQQ/BTAL50+KMLM50 t20 w0-80 QQQ:VOL_EWMA80 rb 3m+1,sens,sens_2022-12-19,2022-12-19,2025-12-18,false,true,"{""*"": 6, ""BTAL"": 6, ""DBMF"": 2.5, ""KMLM"": 6, ""QQQ"": 1, ""SPY"": 0.7, ""TQQQ"": 1.5}",0.03000000,tests/data/2026-08-20-net15,BTAL50+KMLM50,,3m+1,0.08776827,0.33809920,0.08657135,0.33810190,42492.50872144,28000.00000000,14492.50872144,0.51758960,0.23136661,0.21569535,1.22163392,0.18531196,1.76358711,1.13679323,-0.20352567,436,2023,0.36306170,2022,-0.00856849,120064.71210054,47.06656776,0.78565753,0.00168095,0.31184846,0.08633281,,,0.31082825,0.09120851,,,0.37429980,0.21648738
VT TQQQ/BTAL50+KMLM50 t20 w0-80 QQQ:VOL_EWMA80 rb 3m+2,sens,sens_2022-12-19,2022-12-19,2025-12-18,false,true,"{""*"": 6, ""BTAL"": 6, ""DBMF"": 2.5, ""KMLM"": 6, ""QQQ"": 1, ""SPY"": 0.7, ""TQQQ"": 1.5}",0.03000000,tests/data/2026-08-20-net15,BTAL50+KMLM50,,3m+2,0.09368988,0.43225459,0.09217408,0.42892967,46419.19876618,28000.00000000,18419.19876618,0.65782853,0.29466931,0.26458945,1.25734987,0.22695351,1.82301185,1.18489089,-0.24868898,455,2023,0.50307353,2022,-0.00856849,155136.04159070,59.84542801,0.89593804,0.00213734,0.27679398,0.09281907,,,0.27719917,0.09621494,,,0.44313396,0.21048512
VT TQQQ/BTAL50+KMLM50 t20 w0-80 QQQ:VOL_EWMA80 gate QQQ<SMA200 rb 1w,sens,sens_2022-12-19,2022-12-19,2025-12-18,false,true,"{""*"": 6, ""BTAL"": 6, ""DBMF"": 2.5, ""KMLM"": 6, ""QQQ"": 1, ""SPY"": 0.7, ""TQQQ"": 1.5}",0.03000000,tests/data/2026-08-20-net15,BTAL50+KMLM50,QQQ<SMA200,1w,0.02187641,0.33386788,0.02117673,0.33387117,37855.65587911,28000.00000000,9855.65587911,0.35198771,0.17783977,0.15353507,0.97173316,0.18740543,1.37156292,1.05021823,-0.16933602,277,2023,0.30712684,2025,-0.00211914,628436.62152009,239.21532853,4.16057612,0.00854340,0.30160245,0.09952093,,,0.30135408,0.09667105,,,0.39522514,0.00000000
VT TQQQ/BTAL50+KMLM50 t20 w0-80 QQQ:VOL_EWMA80 gate QQQ<SMA200 rb 2w,sens,sens_2022-12-19,2022-12-19,2025-12-18,false,true,"{""*"": 6, ""BTAL"": 6, ""DBMF"": 2.5, ""KMLM"": 6, ""QQQ"": 1, ""SPY"": 0.7, ""TQQQ"": 1.5}",0.03000000,tests/data/2026-08-20-net15,BTAL50+KMLM50,QQQ<SMA200,2w,0.03600205,0.35094505,0.03515616,0.35094791,41307.25128338,28000.00000000,13307.25128338,0.47525897,0.21487451,0.20029537,1.11017524,0.19301197,1.60381950,1.17391806,-0.18304047,432,2023,0.31289180,2022,0.00465926,436199.28012361,166.42845744,2.81840034,0.00594387,0.29868001,0.09964145,,,0.29829261,0.09678618,,,0.40100829,0.00000000
VT TQQQ/BTAL50+KMLM50 t20 w0-80 QQQ:VOL_EWMA80 gate QQQ<SMA200 rb 2w+1,sens,sens_2022-12-19,2022-12-19,2025-12-18,false,true,"{""*"": 6, ""BTAL"": 6, ""DBMF"": 2.5, ""KMLM"": 6, ""QQQ"": 1, ""SPY"": 0.7, ""TQQQ"": 1.5}",0.03000000,tests/data/2026-08-20-net15,BTAL50+KMLM50,QQQ<SMA200,2w+1,0.03490338,0.27326418,0.03418108,0.27327789,38349.18569381,28000.00000000,10349.18569381,0.36961377,0.18373928,0.16040683,0.99280845,0.18874833,1.39972546,1.01637593,-0.18077886,280,2024,0.29784553,2025,-0.01510007,470835.72047446,179.61079670,3.06916626,0.00641467,0.30377268,0.09745000,,,0.30399318,0.09582570,,,0.39035278,0.00000000
VT TQQQ/BTAL50+KMLM50 t20 w0-80 QQQ:VOL_EWMA80 gate QQQ<SMA200,sens,sens_2022-12-19,2022-12-19,2025-12-18,false,true,"{""*"": 6, ""BTAL"": 6, ""DBMF"": 2.5, ""KMLM"": 6, ""QQQ"": 1, ""SPY"": 0.7, ""TQQQ"": 1.5}",0.03000000,tests/data/2026-08-20-net15,BTAL50+KMLM50,QQQ<SMA200,,0.01742713,0.27326387,0.01691428,0.27327789,42674.79286923,28000.00000000,14674.79286923,0.52409975,0.22526737,0.21803599,1.05751797,0.21502366,1.48657532,1.08111643,-0.20836550,448,2023,0.35285593,2022,0.00465926,310939.70457351,119.23040453,2.04753085,0.00425823,0.29290471,0.09975871,,,0.29266410,0.09935293,,,0.41292799,0.00000000
VT TQQQ/BTAL50+KMLM50 t20 w0-80 QQQ:VOL_EWMA80 gate QQQ<SMA200 rb 2m,sens,sens_2022-12-19,2022-12-19,2025-12-18,false,true,"{""*"": 6, ""BTAL"": 6, ""DBMF"": 2.5, ""KMLM"": 6, ""QQQ"": 1, ""SPY"": 0.7, ""TQQQ"": 1.5}",0.03000000,tests/data/2026-08-20-net15,BTAL50+KMLM50,QQQ<SMA200,2m,0.10276602,0.35563551,0.10198087,0.35347258,40457.38520056,28000.00000000,12457.38520056,0.44490661,0.20686975,0.18905423,1.06695775,0.19492920,1.53808942,0.90494874,-0.22859831,474,2023,0.30573935,2022,0.00465926,124122.21781757,49.95695576,0.81448199,0.00178418,0.31180628,0.16153167,,,0.31266804,0.15610611,,,0.37315114,0.00000000
VT TQQQ/BTAL50+KMLM50 t20 w0-80 QQQ:VOL_EWMA80 gate QQQ<SMA200 rb 2m+1,sens,sens_2022-12-19,2022-12-19,2025-12-18,false,true,"{""*"": 6, ""BTAL"": 6, ""DBMF"": 2.5, ""KMLM"": 6, ""QQQ"": 1, ""SPY"": 0.7, ""TQQQ"": 1.5}",0.03000000,tests/data/2026-08-20-net15,BTAL50+KMLM50,QQQ<SMA200,2m+1,0.07807200,0.42505354,0.07697134,0.42328756,46649.67346477,28000.00000000,18649.67346477,0.66605977,0.27010996,0.26736489,1.10747395,0.24397117,1.56427524,1.25010261,-0.21607023,429,2023,0.35588330,2022,0.00465989,221057.22214567,86.04961066,1.37307418,0.00307320,0.27118415,0.08593682,,,0.26981250,0.09222641,,,0.45695183,0.00000000
VT TQQQ/BTAL50+KMLM50 t20 w0-80 QQQ:VOL_EWMA80 gate QQQ<SMA200 rb 3m,sens,sens_2022-12-19,2022-12-19,2025-12-18,false,true,"{""*"": 6, ""BTAL"": 6, ""DBMF"": 2.5, ""KMLM"": 6, ""QQQ"": 1, ""SPY"": 0.7, ""TQQQ"": 1.5}",0.03000000,tests/data/2026-08-20-net15,BTAL50+KMLM50,QQQ<SMA200,3m,0.13097002,0.48309590,0.12898905,0.47905181,43388.46329396,28000.00000000,15388.46329396,0.54958797,0.23354554,0.22713080,0.96272219,0.25228140,1.35313994,1.02255519,-0.22839407,156,2024,0.37737999,2022,0.00465926,99725.89675027,40.43841988,0.62849087,0.00144423,0.26634656,0.08611256,,,0.26692009,0.09199090,,,0.46356658,0.00000000
VT TQQQ/BTAL50+KMLM50 t20 w0-80 QQQ:VOL_EWMA80 gate QQQ<SMA200 rb 3m+1,sens,sens_2022-12-19,2022-12-19,2025-12-18,false,true,"{""*"": 6, ""BTAL"": 6, ""DBMF"": 2.5, ""KMLM"": 6, ""QQQ"": 1, ""SPY"": 0.7, ""TQQQ"": 1.5}",0.03000000,tests/data/2026-08-20-net15,BTAL50+KMLM50,QQQ<SMA200,3m+1,0.10061187,0.33763765,0.09956809,0.33764048,41062.35756974,28000.00000000,13062.35756974,0.46651277,0.20099868,0.19707356,1.08855383,0.18481980,1.56357987,0.99260324,-0.20249649,436,2023,0.24861156,2022,0.00465989,120461.10139735,48.19188497,0.82324293,0.00172114,0.31859611,0.08653210,,,0.31739913,0.09105436,,,0.36120012,0.00000000
VT TQQQ/BTAL50+KMLM50 t20 w0-80 QQQ:VOL_EWMA80 gate QQQ<SMA200 rb 3m+2,sens,sens_2022-12-19,2022-12-19,2025-12-18,false,true,"{""*"": 6, ""BTAL"": 6, ""DBMF"": 2.5, ""KMLM"": 6, ""QQQ"": 1, ""SPY"": 0.7, ""TQQQ"": 1.5}",0.03000000,tests/data/2026-08-20-net15,BTAL50+KMLM50,QQQ<SMA200,3m+2,0.11272152,0.43170466,0.11151192,0.42813331,44942.90490764,28000.00000000,16942.90490764,0.60510375,0.26671713,0.24657135,1.16456257,0.22600455,1.68169868,1.07329650,-0.24850275,455,2023,0.39152391,2022,0.00465989,156366.18326254,61.60798454,0.93868893,0.00220029,0.28753529,0.09251465,,,0.28777748,0.09687758,,,0.42202146,0.00000000
TQQQ50/BTAL50 rb 1w,sens,sens_2022-12-19,2022-12-19,2025-12-18,true,true,"{""*"": 6, ""BTAL"": 6, ""DBMF"": 2.5, ""KMLM"": 6, ""QQQ"": 1, ""SPY"": 0.7, ""TQQQ"": 1.5}",0.03000000,tests/data/2026-08-20-net15,,,,0.00178469,0.03671937,0.00155418,0.03672375,51150.54529555,28000.00000000,23150.54529555,0.82680519,0.36519610,0.31968731,1.39355800,0.24612173,2.12173620,1.32415849,-0.27579486,234,2023,0.67027979,2022,-0.01614814,212259.11506180,79.82283363,1.11067394,0.00285082,0.49949720,0.46327625,,,,,,,0.49956439,0.47999839
50/50,sens,sens_2022-12-19,2022-12-19,2025-12-18,true,true,"{""*"": 6, ""BTAL"": 6, ""DBMF"": 2.5, ""KMLM"": 6, ""QQQ"": 1, ""SPY"": 0.7, ""TQQQ"": 1.5}",0.03000000,tests/data/2026-08-20-net15,,,,0.00074598,0.00184188,0.00055229,0.00123318,49214.46975774,28000.00000000,21214.46975774,0.75765963,0.34696270,0.29760367,1.37500547,0.23835916,2.04797254,1.26585232,-0.27409414,240,2023,0.69932897,2022,-0.01593112,91297.17189010,34.88774935,0.48373612,0.00124599,0.49968385,0.49876682,,,,,,,0.49955122,0.49893272
TQQQ50/BTAL50 rb 3m,sens,sens_2022-12-19,2022-12-19,2025-12-18,true,true,"{""*"": 6, ""BTAL"": 6, ""DBMF"": 2.5, ""KMLM"": 6, ""QQQ"": 1, ""SPY"": 0.7, ""TQQQ"": 1.5}",0.03000000,tests/data/2026-08-20-net15,,,,0.02241141,0.08457769,0.02234121,0.08458494,50218.24434232,28000.00000000,22218.24434232,0.79350873,0.35886589,0.30912948,1.38290902,0.24445703,2.06097176,1.30809628,-0.27434211,234,2023,0.73085011,2022,-0.01593112,72395.17841724,27.78918980,0.37974011,0.00099247,0.48863115,0.41541506,,,,,,,0.50992147,0.44771509
TQQQ50/BTAL50 gate QQQ<SMA200 rb 1w,sens,sens_2022-12-19,2022-12-19,2025-12-18,true,true,"{""*"": 6, ""BTAL"": 6, ""DBMF"": 2.5, ""KMLM"": 6, ""QQQ"": 1, ""SPY"": 0.7, ""TQQQ"": 1.5}",0.03000000,tests/data/2026-08-20-net15,,,,0.02524047,0.50000000,0.02501927,0.50000000,45115.22888918,28000.00000000,17115.22888918,0.61125817,0.27244957,0.24869640,1.20515086,0.22124359,1.76809012,1.12451753,-0.24228130,280,2024,0.40427732,2022,0.01705435,172603.17121461,67.64151002,1.01347070,0.00241577,0.52299002,0.46366551,,,,,,,0.47604185,0.00000000
TQQQ50/BTAL50 gate QQQ<SMA200,sens,sens_2022-12-19,2022-12-19,2025-12-18,true,true,"{""*"": 6, ""BTAL"": 6, ""DBMF"": 2.5, ""KMLM"": 6, ""QQQ"": 1, ""SPY"": 0.7, ""TQQQ"": 1.5}",0.03000000,tests/data/2026-08-20-net15,,,,0.03295032,0.49998598,0.03269610,0.50000000,44319.63563842,28000.00000000,16319.63563842,0.58284413,0.26691562,0.23883582,1.18719238,0.22082319,1.73687060,1.07153416,-0.24909670,288,2023,0.40691103,2022,0.01705435,82852.51269361,34.12200022,0.48692463,0.00121864,0.53165682,0.49854816,,,,,,,0.46737505,0.00000000
TQQQ50/BTAL50 gate QQQ<SMA200 rb 3m,sens,sens_2022-12-19,2022-12-19,2025-12-18,true,true,"{""*"": 6, ""BTAL"": 6, ""DBMF"": 2.5, ""KMLM"": 6, ""QQQ"": 1, ""SPY"": 0.7, ""TQQQ"": 1.5}",0.03000000,tests/data/2026-08-20-net15,,,,0.07621043,0.49998598,0.07617648,0.50000000,41404.01100679,28000.00000000,13404.01100679,0.47871468,0.22016819,0.20156451,1.04797885,0.21235973,1.50714126,0.91168770,-0.24149519,296,2024,0.33821416,2022,0.01705435,55599.78196453,24.03881464,0.34822733,0.00085853,0.55463039,0.44082399,,,,,,,0.44390580,0.00000000
SPY benchmark,sens,sens_2022-12-19,2022-12-19,2025-12-18,true,true,"{""*"": 6, ""BTAL"": 6, ""DBMF"": 2.5, ""KMLM"": 6, ""QQQ"": 1, ""SPY"": 0.7, ""TQQQ"": 1.5}",0.03000000,tests/data/2026-08-20-net15,,,,0.01373062,0.03102931,0.01373233,0.03103048,42350.05039969,28000.00000000,14350.05039969,0.51250180,0.22127549,0.21386102,1.39615725,0.15212746,2.09948175,1.19339310,-0.18541710,127,2023,0.25343313,2022,0.00627264,27994.95365024,1.95964676,0.18523395,0.00006999,,,,,,,0.98626767,0.96896952,,
VT TQQQ/BTAL75+KMLM25 t20 w0-80 QQQ:VOL_EWMA80 rb 1w,sens,sens_2023-06-20,2023-06-20,2026-06-18,false,true,"{""*"": 6, ""BTAL"": 6, ""DBMF"": 2.5, ""KMLM"": 6, ""QQQ"": 1, ""SPY"": 0.7, ""TQQQ"": 1.5}",0.03000000,tests/data/2026-08-20-net15,BTAL75+KMLM25,,1w,0.00898108,0.24555093,0.00807992,0.24555468,33927.39904150,28000.00000000,5927.39904150,0.21169282,0.11845024,0.09645618,0.71673994,0.17937370,0.96978927,0.57644830,-0.20548285,,2024,0.26608179,2026,-0.00900865,608923.47836441,228.95071238,4.36522834,0.00817681,0.43426441,0.14922348,,,0.14407472,0.04781029,,,0.41946039,0.08369595
VT TQQQ/BTAL75+KMLM25 t20 w0-80 QQQ:VOL_EWMA80 rb 2w,sens,sens_2023-06-20,2023-06-20,2026-06-18,false,true,"{""*"": 6, ""BTAL"": 6, ""DBMF"": 2.5, ""KMLM"": 6, ""QQQ"": 1, ""SPY"": 0.7, ""TQQQ"": 1.5}",0.03000000,tests/data/2026-08-20-net15,BTAL75+KMLM25,,2w,0.02386559,0.34652269,0.02304197,0.34652645,35763.79187676,28000.00000000,7763.79187676,0.27727828,0.14493840,0.12379093,0.83443084,0.18301206,1.15353629,0.84183165,-0.17217030,436,2024,0.29303416,2026,-0.00525219,405867.81013553,152.30688237,2.82722107,0.00543953,0.43656821,0.14906787,,,0.14477827,0.04713415,,,0.41643955,0.11141215
VT TQQQ/BTAL75+KMLM25 t20 w0-80 QQQ:VOL_EWMA80 rb 2w+1,sens,sens_2023-06-20,2023-06-20,2026-06-18,false,true,"{""*"": 6, ""BTAL"": 6, ""DBMF"": 2.5, ""KMLM"": 6, ""QQQ"": 1, ""SPY"": 0.7, ""TQQQ"": 1.5}",0.03000000,tests/data/2026-08-20-net15,BTAL75+KMLM25,,2w+1,0.01904327,0.24642892,0.01802455,0.24643259,33722.40724698,28000.00000000,5722.40724698,0.20437169,0.12526051,0.09333784,0.73335690,0.18503537,0.99454823,0.57778308,-0.21679504,,2024,0.32282235,2026,-0.03523692,456842.23061231,171.73449001,3.18644308,0.00613337,0.43013330,0.14600608,,,0.14301610,0.04737400,,,0.42436052,0.08357523
VT TQQQ/BTAL75+KMLM25 t20 w0-80 QQQ:VOL_EWMA80,sens,sens_2023-06-20,2023-06-20,2026-06-18,false,true,"{""*"": 6, ""BTAL"": 6, ""DBMF"": 2.5, ""KMLM"": 6, ""QQQ"": 1, ""SPY"": 0.7, ""TQQQ"": 1.5}",0.03000000,tests/data/2026-08-20-net15,BTAL75+KMLM25,,,0.00191673,0.00473045,0.00115192,0.00234064,38762.52102499,28000.00000000,10762.52102499,0.38437575,0.17676447,0.16629257,0.87133910,0.21395521,1.19827077,0.90653504,-0.19498912,448,2024,0.16935399,2026,0.02301575,289469.12410617,109.06785606,2.00746269,0.00389528,0.40875451,0.14985634,,,0.13567917,0.04979887,,,0.45358504,0.21391545
VT TQQQ/BTAL75+KMLM25 t20 w0-80 QQQ:VOL_EWMA80 rb 2m,sens,sens_2023-06-20,2023-06-20,2026-06-18,false,true,"{""*"": 6, ""BTAL"": 6, ""DBMF"": 2.5, ""KMLM"": 6, ""QQQ"": 1, ""SPY"": 0.7, ""TQQQ"": 1.5}",0.03000000,tests/data/2026-08-20-net15,BTAL75+KMLM25,,2m,0.08472083,0.35577453,0.08382632,0.35302925,39176.22920142,28000.00000000,11176.22920142,0.39915104,0.17854601,0.17196546,0.94747315,0.19399417,1.32985391,0.81572502,-0.21888014,474,2024,0.24787400,2025,0.08107123,121816.90336427,46.75522699,0.85964326,0.00166983,0.42981788,0.24261310,,,0.14308141,0.07683385,,,0.42437099,0.21033339
VT TQQQ/BTAL75+KMLM25 t20 w0-80 QQQ:VOL_EWMA80 rb 2m+1,sens,sens_2023-06-20,2023-06-20,2026-06-18,false,true,"{""*"": 6, ""BTAL"": 6, ""DBMF"": 2.5, ""KMLM"": 6, ""QQQ"": 1, ""SPY"": 0.7, ""TQQQ"": 1.5}",0.03000000,tests/data/2026-08-20-net15,BTAL75+KMLM25,,2m+1,0.07440353,0.42737888,0.07271779,0.42466117,40211.87625896,28000.00000000,12211.87625896,0.43613844,0.20947584,0.18597751,0.91575791,0.24015320,1.27411461,1.02069164,-0.20522931,,2024,0.26801828,2026,-0.02818001,202269.79865810,76.57199701,1.30005372,0.00273471,0.37911864,0.13023864,,,0.12602345,0.04559887,,,0.49228559,0.21367989
VT TQQQ/BTAL75+KMLM25 t20 w0-80 QQQ:VOL_EWMA80 rb 3m,sens,sens_2023-06-20,2023-06-20,2026-06-18,false,true,"{""*"": 6, ""BTAL"": 6, ""DBMF"": 2.5, ""KMLM"": 6, ""QQQ"": 1, ""SPY"": 0.7, ""TQQQ"": 1.5}",0.03000000,tests/data/2026-08-20-net15,BTAL75+KMLM25,,3m,0.11034069,0.48315438,0.10759599,0.47921118,37821.70319786,28000.00000000,9821.70319786,0.35077511,0.18291231,0.15322528,0.79481103,0.25242628,1.10330553,0.76243853,-0.23990434,,2024,0.38616415,2026,-0.04845112,113764.08305183,43.44743154,0.73988664,0.00155169,0.35738104,0.13047393,,,0.11904545,0.04578461,,,0.51945583,0.21399224
VT TQQQ/BTAL75+KMLM25 t20 w0-80 QQQ:VOL_EWMA80 rb 3m+1,sens,sens_2023-06-20,2023-06-20,2026-06-18,false,true,"{""*"": 6, ""BTAL"": 6, ""DBMF"": 2.5, ""KMLM"": 6, ""QQQ"": 1, ""SPY"": 0.7, ""TQQQ"": 1.5}",0.03000000,tests/data/2026-08-20-net15,BTAL75+KMLM25,,3m+1,0.09661044,0.33520854,0.09507218,0.33521218,41347.01769958,28000.00000000,13347.01769958,0.47667920,0.19665421,0.20103713,1.07031062,0.18435336,1.51304694,1.10661616,-0.17770770,188,2024,0.22664895,2023,0.09256396,112936.45852469,43.18744146,0.79823904,0.00154241,0.44461469,0.13099998,,,0.14712693,0.04473679,,,0.40437254,0.21638093
VT TQQQ/BTAL75+KMLM25 t20 w0-80 QQQ:VOL_EWMA80 rb 3m+2,sens,sens_2023-06-20,2023-06-20,2026-06-18,false,true,"{""*"": 6, ""BTAL"": 6, ""DBMF"": 2.5, ""KMLM"": 6, ""QQQ"": 1, ""SPY"": 0.7, ""TQQQ"": 1.5}",0.03000000,tests/data/2026-08-20-net15,BTAL75+KMLM25,,3m+2,0.10679286,0.42851138,0.10464737,0.42185697,44138.28513254,28000.00000000,16138.28513254,0.57636733,0.24874229,0.23683187,1.12215519,0.22047075,1.60133535,1.03930549,-0.23933511,474,2024,0.34454876,2025,0.07312114,133379.63447306,50.60622576,0.86100942,0.00180737,0.39807400,0.13985618,,,0.13363899,0.04680830,,,0.46455164,0.20686283
VT TQQQ/BTAL75+KMLM25 t20 w0-80 QQQ:VOL_EWMA80 gate QQQ<SMA200 rb 1w,sens,sens_2023-06-20,2023-06-20,2026-06-18,false,true,"{""*"": 6, ""BTAL"": 6, ""DBMF"": 2.5, ""KMLM"": 6, ""QQQ"": 1, ""SPY"": 0.7, ""TQQQ"": 1.5}",0.03000000,tests/data/2026-08-20-net15,BTAL75+KMLM25,QQQ<SMA200,1w,0.01329005,0.26248975,0.01243912,0.26248975,32558.71567520,28000.00000000,4558.71567520,0.16281127,0.09980965,0.07536566,0.62584168,0.17808827,0.84550632,0.48624681,-0.20526542,,2024,0.26608179,2025,-0.02717097,576476.45157099,217.14013672,4.22072345,0.00775500,0.43756564,0.14922348,,,0.14523419,0.04750379,,,0.41505711,0.07855467
VT TQQQ/BTAL75+KMLM25 t20 w0-80 QQQ:VOL_EWMA80 gate QQQ<SMA200 rb 2w,sens,sens_2023-06-20,2023-06-20,2026-06-18,false,true,"{""*"": 6, ""BTAL"": 6, ""DBMF"": 2.5, ""KMLM"": 6, ""QQQ"": 1, ""SPY"": 0.7, ""TQQQ"": 1.5}",0.03000000,tests/data/2026-08-20-net15,BTAL75+KMLM25,QQQ<SMA200,2w,0.02565644,0.34652269,0.02487071,0.34652645,35940.64619772,28000.00000000,7940.64619772,0.28359451,0.14752200,0.12636852,0.85165196,0.18167355,1.18403320,0.88453548,-0.16677906,,2024,0.29303416,2026,-0.00544266,402775.93580116,151.41212267,2.79519402,0.00540758,0.43816897,0.14906787,,,0.14530183,0.04769576,,,0.41437753,0.11092939
VT TQQQ/BTAL75+KMLM25 t20 w0-80 QQQ:VOL_EWMA80 gate QQQ<SMA200 rb 2w+1,sens,sens_2023-06-20,2023-06-20,2026-06-18,false,true,"{""*"": 6, ""BTAL"": 6, ""DBMF"": 2.5, ""KMLM"": 6, ""QQQ"": 1, ""SPY"": 0.7, ""TQQQ"": 1.5}",0.03000000,tests/data/2026-08-20-net15,BTAL75+KMLM25,QQQ<SMA200,2w+1,0.02349489,0.26308562,0.02254765,0.26308860,32815.80223116,28000.00000000,4815.80223116,0.17199294,0.11283950,0.07937646,0.67909614,0.18280455,0.91636108,0.51978054,-0.21709066,,2024,0.32282235,2026,-0.03606354,447180.61465872,168.36768490,3.16367532,0.00601313,0.43365656,0.14625665,,,0.14422271,0.04717651,,,0.41974250,0.08287061
VT TQQQ/BTAL75+KMLM25 t20 w0-80 QQQ:VOL_EWMA80 gate QQQ<SMA200,sens,sens_2023-06-20,2023-06-20,2026-06-18,false,true,"{""*"": 6, ""BTAL"": 6, ""DBMF"": 2.5, ""KMLM"": 6, ""QQQ"": 1, ""SPY"": 0.7, ""TQQQ"": 1.5}",0.03000000,tests/data/2026-08-20-net15,BTAL75+KMLM25,QQQ<SMA200,,0.00407349,0.06762984,0.00333224,0.06763601,38626.91824577,28000.00000000,10626.91824577,0.37953279,0.17508186,0.16442353,0.87261674,0.21136446,1.19848023,0.99543636,-0.17588453,448,2024,0.16935399,2026,0.02315336,285461.46553371,107.77767904,1.98312006,0.00384920,0.41048740,0.14947589,,,0.13624398,0.04912462,,,0.45140900,0.19917217
VT TQQQ/BTAL75+KMLM25 t20 w0-80 QQQ:VOL_EWMA80 gate QQQ<SMA200 rb 2m,sens,sens_2023-06-20,2023-06-20,2026-06-18,false,true,"{""*"": 6, ""BTAL"": 6, ""DBMF"": 2.5, ""KMLM"": 6, ""QQQ"": 1, ""SPY"": 0.7, ""TQQQ"": 1.5}",0.03000000,tests/data/2026-08-20-net15,BTAL75+KMLM25,QQQ<SMA200,2m,0.08562887,0.35577453,0.08479135,0.35302925,38824.69415291,28000.00000000,10824.69415291,0.38659622,0.17431679,0.16714792,0.92973250,0.19376427,1.30430533,0.79640297,-0.21888014,474,2024,0.24787400,2025,0.07082126,122117.12147922,47.06492014,0.86538409,0.00168089,0.43072408,0.24261310,,,0.14337960,0.07683385,,,0.42329656,0.19973559
VT TQQQ/BTAL75+KMLM25 t20 w0-80 QQQ:VOL_EWMA80 gate QQQ<SMA200 rb 2m+1,sens,sens_2023-06-20,2023-06-20,2026-06-18,false,true,"{""*"": 6, ""BTAL"": 6, ""DBMF"": 2.5, ""KMLM"": 6, ""QQQ"": 1, ""SPY"": 0.7, ""TQQQ"": 1.5}",0.03000000,tests/data/2026-08-20-net15,BTAL75+KMLM25,QQQ<SMA200,2m+1,0.07427851,0.42721984,0.07269892,0.42440658,40027.64893080,28000.00000000,12027.64893080,0.42955889,0.20726360,0.18350434,0.91038117,0.23933722,1.26598324,1.01092771,-0.20502316,,2024,0.26801828,2026,-0.02830883,202466.79842483,76.73168383,1.30447671,0.00274042,0.37987783,0.13017146,,,0.12636681,0.04582508,,,0.49124726,0.21347196
VT TQQQ/BTAL75+KMLM25 t20 w0-80 QQQ:VOL_EWMA80 gate QQQ<SMA200 rb 3m,sens,sens_2023-06-20,2023-06-20,2026-06-18,false,true,"{""*"": 6, ""BTAL"": 6, ""DBMF"": 2.5, ""KMLM"": 6, ""QQQ"": 1, ""SPY"": 0.7, ""TQQQ"": 1.5}",0.03000000,tests/data/2026-08-20-net15,BTAL75+KMLM25,QQQ<SMA200,3m,0.11090026,0.48346573,0.10817400,0.47864695,37409.68687848,28000.00000000,9409.68687848,0.33606025,0.17774299,0.14742780,0.77968626,0.25132643,1.08154491,0.74138276,-0.23974524,,2024,0.38616415,2026,-0.04840418,113910.33938690,43.63743695,0.74505989,0.00155848,0.35883387,0.13021495,,,0.11962048,0.04568258,,,0.51748894,0.21392715
VT TQQQ/BTAL75+KMLM25 t20 w0-80 QQQ:VOL_EWMA80 gate QQQ<SMA200 rb 3m+1,sens,sens_2023-06-20,2023-06-20,2026-06-18,false,true,"{""*"": 6, ""BTAL"": 6, ""DBMF"": 2.5, ""KMLM"": 6, ""QQQ"": 1, ""SPY"": 0.7, ""TQQQ"": 1.5}",0.03000000,tests/data/2026-08-20-net15,BTAL75+KMLM25,QQQ<SMA200,3m+1,0.09663486,0.33520854,0.09511358,0.33521218,41280.69774627,28000.00000000,13280.69774627,0.47431063,0.19600162,0.20016560,1.06899766,0.18400779,1.51076258,1.10297751,-0.17770228,188,2024,0.22664895,2023,0.09256396,112564.60379588,43.13047534,0.79570702,0.00154037,0.44479514,0.13099557,,,0.14718810,0.04473529,,,0.40411127,0.21637258
VT TQQQ/BTAL75+KMLM25 t20 w0-80 QQQ:VOL_EWMA80 gate QQQ<SMA200 rb 3m+2,sens,sens_2023-06-20,2023-06-20,2026-06-18,false,true,"{""*"": 6, ""BTAL"": 6, ""DBMF"": 2.5, ""KMLM"": 6, ""QQQ"": 1, ""SPY"": 0.7, ""TQQQ"": 1.5}",0.03000000,tests/data/2026-08-20-net15,BTAL75+KMLM25,QQQ<SMA200,3m+2,0.10696471,0.42851138,0.10478810,0.42185697,43945.52808754,28000.00000000,15945.52808754,0.56948315,0.24674250,0.23441358,1.11572665,0.22025550,1.59157874,1.03094985,-0.23933511,474,2024,0.34454876,2025,0.07073487,133560.39628253,50.86887471,0.86320287,0.00181675,0.39843265,0.13985618,,,0.13373054,0.04680830,,,0.46407268,0.19996056
VT TQQQ/BTAL75+DBMF25 t20 w0-80 QQQ:VOL_EWMA80 rb 1w,sens,sens_2023-06-20,2023-06-20,2026-06-18,false,true,"{""*"": 6, ""BTAL"": 6, ""DBMF"": 2.5, ""KMLM"": 6, ""QQQ"": 1, ""SPY"": 0.7, ""TQQQ"": 1.5}",0.03000000,tests/data/2026-08-20-net15,BTAL75+DBMF25,,1w,0.00880967,0.24663101,0.00799768,0.24663499,35003.67878676,28000.00000000,7003.67878676,0.25013139,0.13352115,0.11260478,0.77943811,0.18306147,1.05276678,0.66958582,-0.19940857,,2024,0.28027408,2026,-0.00568951,620108.16059306,205.02123595,4.37213916,0.00732219,0.43432680,0.14919766,0.14422398,0.04902509,,,,,0.41946052,0.08362846
VT TQQQ/BTAL75+DBMF25 t20 w0-80 QQQ:VOL_EWMA80 rb 2w,sens,sens_2023-06-20,2023-06-20,2026-06-18,false,true,"{""*"": 6, ""BTAL"": 6, ""DBMF"": 2.5, ""KMLM"": 6, ""QQQ"": 1, ""SPY"": 0.7, ""TQQQ"": 1.5}",0.03000000,tests/data/2026-08-20-net15,BTAL75+DBMF25,,2w,0.02393312,0.34742590,0.02308408,0.34742989,36889.95206160,28000.00000000,8889.95206160,0.31749829,0.16028919,0.14004759,0.89325050,0.18671286,1.23229175,0.90208293,-0.17768786,432,2024,0.31222498,2026,-0.00122341,414464.76372479,136.09472787,2.83694951,0.00486053,0.43651547,0.14910842,0.14491983,0.04916356,,,,,0.41633833,0.11117582
VT TQQQ/BTAL75+DBMF25 t20 w0-80 QQQ:VOL_EWMA80 rb 2w+1,sens,sens_2023-06-20,2023-06-20,2026-06-18,false,true,"{""*"": 6, ""BTAL"": 6, ""DBMF"": 2.5, ""KMLM"": 6, ""QQQ"": 1, ""SPY"": 0.7, ""TQQQ"": 1.5}",0.03000000,tests/data/2026-08-20-net15,BTAL75+DBMF25,,2w+1,0.01898461,0.24602671,0.01805130,0.24603059,34846.62099898,28000.00000000,6846.62099898,0.24452218,0.14122090,0.11027124,0.79752099,0.18877392,1.08013036,0.66410737,-0.21264770,,2024,0.33872333,2026,-0.03239411,466105.03397240,153.90449335,3.19324801,0.00549659,0.43018994,0.14583963,0.14302130,0.04843298,,,,,0.42444619,0.08338970
VT TQQQ/BTAL75+DBMF25 t20 w0-80 QQQ:VOL_EWMA80,sens,sens_2023-06-20,2023-06-20,2026-06-18,false,true,"{""*"": 6, ""BTAL"": 6, ""DBMF"": 2.5, ""KMLM"": 6, ""QQQ"": 1, ""SPY"": 0.7, ""TQQQ"": 1.5}",0.03000000,tests/data/2026-08-20-net15,BTAL75+DBMF25,,,0.00199503,0.00378611,0.00110811,0.00229797,39623.28772334,28000.00000000,11623.28772334,0.41511742,0.18862507,0.17804676,0.90711149,0.21747045,1.24705386,0.93896061,-0.20088709,439,2025,0.18965908,2026,0.02200791,293745.26104660,97.29744861,2.00634941,0.00347491,0.40880770,0.14963019,0.13562067,0.04938128,,,,,0.45351986,0.21342063
VT TQQQ/BTAL75+DBMF25 t20 w0-80 QQQ:VOL_EWMA80 rb 2m,sens,sens_2023-06-20,2023-06-20,2026-06-18,false,true,"{""*"": 6, ""BTAL"": 6, ""DBMF"": 2.5, ""KMLM"": 6, ""QQQ"": 1, ""SPY"": 0.7, ""TQQQ"": 1.5}",0.03000000,tests/data/2026-08-20-net15,BTAL75+DBMF25,,2m,0.08503091,0.35908085,0.08421655,0.35594966,40300.32489228,28000.00000000,12300.32489228,0.43929732,0.19342166,0.18716197,0.99438511,0.19838985,1.39351274,0.84839703,-0.22798484,474,2024,0.26194196,2023,0.10343660,124220.56119243,42.18631884,0.86151615,0.00150665,0.42948346,0.24200094,0.14377312,0.08003036,,,,,0.42394637,0.21061491
VT TQQQ/BTAL75+DBMF25 t20 w0-80 QQQ:VOL_EWMA80 rb 2m+1,sens,sens_2023-06-20,2023-06-20,2026-06-18,false,true,"{""*"": 6, ""BTAL"": 6, ""DBMF"": 2.5, ""KMLM"": 6, ""QQQ"": 1, ""SPY"": 0.7, ""TQQQ"": 1.5}",0.03000000,tests/data/2026-08-20-net15,BTAL75+DBMF25,,2m+1,0.07398257,0.42559513,0.07246644,0.42319007,41036.69836611,28000.00000000,13036.69836611,0.46559637,0.21971383,0.19695037,0.94243065,0.24310994,1.31084256,1.07134021,-0.20508315,,2024,0.27660804,2026,-0.02189551,204779.16110783,67.82428297,1.30262228,0.00242230,0.37921526,0.12995898,0.12631389,0.04766253,,,,,0.49207933,0.21412378
VT TQQQ/BTAL75+DBMF25 t20 w0-80 QQQ:VOL_EWMA80 rb 3m,sens,sens_2023-06-20,2023-06-20,2026-06-18,false,true,"{""*"": 6, ""BTAL"": 6, ""DBMF"": 2.5, ""KMLM"": 6, ""QQQ"": 1, ""SPY"": 0.7, ""TQQQ"": 1.5}",0.03000000,tests/data/2026-08-20-net15,BTAL75+DBMF25,,3m,0.10945230,0.48086266,0.10740152,0.47705285,38698.42526186,28000.00000000,10698.42526186,0.38208662,0.19392800,0.16540972,0.82368065,0.25600134,1.14267681,0.80730456,-0.24021666,,2024,0.39084217,2026,-0.04273153,115758.06062944,38.66431832,0.74491133,0.00138087,0.35719359,0.12995296,0.12040288,0.04774833,,,,,0.51925231,0.21417447
VT TQQQ/BTAL75+DBMF25 t20 w0-80 QQQ:VOL_EWMA80 rb 3m+1,sens,sens_2023-06-20,2023-06-20,2026-06-18,false,true,"{""*"": 6, ""BTAL"": 6, ""DBMF"": 2.5, ""KMLM"": 6, ""QQQ"": 1, ""SPY"": 0.7, ""TQQQ"": 1.5}",0.03000000,tests/data/2026-08-20-net15,BTAL75+DBMF25,,3m+1,0.09658351,0.33517822,0.09545842,0.33518207,42428.30781326,28000.00000000,14428.30781326,0.51529671,0.21070486,0.21510544,1.11437937,0.18824138,1.57463475,1.18652631,-0.17758128,436,2024,0.24076188,2023,0.09510510,115191.90706642,38.75394011,0.80121469,0.00138407,0.44420146,0.13040439,0.14845737,0.04693749,,,,,0.40406718,0.21656534
VT TQQQ/BTAL75+DBMF25 t20 w0-80 QQQ:VOL_EWMA80 rb 3m+2,sens,sens_2023-06-20,2023-06-20,2026-06-18,false,true,"{""*"": 6, ""BTAL"": 6, ""DBMF"": 2.5, ""KMLM"": 6, ""QQQ"": 1, ""SPY"": 0.7, ""TQQQ"": 1.5}",0.03000000,tests/data/2026-08-20-net15,BTAL75+DBMF25,,3m+2,0.10664482,0.42500403,0.10470223,0.41984034,45519.80660514,28000.00000000,17519.80660514,0.62570738,0.26458419,0.25394437,1.16184762,0.22465120,1.65487776,1.07478562,-0.24617392,455,2024,0.35734759,2025,0.09369741,135512.37736433,45.40952574,0.86159044,0.00162177,0.39803481,0.13970650,0.13415289,0.04879914,,,,,0.46449908,0.20722967
VT TQQQ/BTAL75+DBMF25 t20 w0-80 QQQ:VOL_EWMA80 gate QQQ<SMA200 rb 1w,sens,sens_2023-06-20,2023-06-20,2026-06-18,false,true,"{""*"": 6, ""BTAL"": 6, ""DBMF"": 2.5, ""KMLM"": 6, ""QQQ"": 1, ""SPY"": 0.7, ""TQQQ"": 1.5}",0.03000000,tests/data/2026-08-20-net15,BTAL75+DBMF25,QQQ<SMA200,1w,0.01311995,0.26296795,0.01235731,0.26296923,33592.56366250,28000.00000000,5592.56366250,0.19973442,0.11472452,0.09135542,0.69143453,0.18171518,0.93279735,0.57465873,-0.19963939,,2024,0.28027408,2026,-0.00618948,587790.61258549,194.47988809,4.23334395,0.00694571,0.43765185,0.14919766,0.14534725,0.04887645,,,,,0.41506838,0.07823208
VT TQQQ/BTAL75+DBMF25 t20 w0-80 QQQ:VOL_EWMA80 gate QQQ<SMA200 rb 2w,sens,sens_2023-06-20,2023-06-20,2026-06-18,false,true,"{""*"": 6, ""BTAL"": 6, ""DBMF"": 2.5, ""KMLM"": 6, ""QQQ"": 1, ""SPY"": 0.7, ""TQQQ"": 1.5}",0.03000000,tests/data/2026-08-20-net15,BTAL75+DBMF25,QQQ<SMA200,2w,0.02563461,0.34742590,0.02488390,0.34742989,37151.15912590,28000.00000000,9151.15912590,0.32682711,0.16381721,0.14376617,0.91474158,0.18537896,1.26923253,1.00180262,-0.16352244,236,2024,0.31222498,2026,-0.00047882,411346.52146393,135.37511714,2.80315268,0.00483483,0.43809836,0.14910842,0.14545799,0.04944366,,,,,0.41439822,0.11147026
VT TQQQ/BTAL75+DBMF25 t20 w0-80 QQQ:VOL_EWMA80 gate QQQ<SMA200 rb 2w+1,sens,sens_2023-06-20,2023-06-20,2026-06-18,false,true,"{""*"": 6, ""BTAL"": 6, ""DBMF"": 2.5, ""KMLM"": 6, ""QQQ"": 1, ""SPY"": 0.7, ""TQQQ"": 1.5}",0.03000000,tests/data/2026-08-20-net15,BTAL75+DBMF25,QQQ<SMA200,2w+1,0.02353165,0.26261855,0.02262844,0.26262000,33893.81769026,28000.00000000,5893.81769026,0.21049349,0.12845560,0.09594630,0.74441671,0.18649242,1.00316225,0.60409337,-0.21264197,,2024,0.33872333,2026,-0.03292002,456349.61307391,150.92748467,3.17244754,0.00539027,0.43367884,0.14572676,0.14417793,0.04837270,,,,,0.41981351,0.08359194
VT TQQQ/BTAL75+DBMF25 t20 w0-80 QQQ:VOL_EWMA80 gate QQQ<SMA200,sens,sens_2023-06-20,2023-06-20,2026-06-18,false,true,"{""*"": 6, ""BTAL"": 6, ""DBMF"": 2.5, ""KMLM"": 6, ""QQQ"": 1, ""SPY"": 0.7, ""TQQQ"": 1.5}",0.03000000,tests/data/2026-08-20-net15,BTAL75+DBMF25,QQQ<SMA200,,0.00413753,0.06608763,0.00332852,0.06609068,39527.65794902,28000.00000000,11527.65794902,0.41170207,0.18742263,0.17675014,0.91088533,0.21482720,1.25019882,1.02728922,-0.18244388,447,2025,0.18519711,2026,0.02275029,289566.24119968,95.87292144,1.98052597,0.00342403,0.41049263,0.14957812,0.13620543,0.04954692,,,,,0.45133736,0.19930254
VT TQQQ/BTAL75+DBMF25 t20 w0-80 QQQ:VOL_EWMA80 gate QQQ<SMA200 rb 2m,sens,sens_2023-06-20,2023-06-20,2026-06-18,false,true,"{""*"": 6, ""BTAL"": 6, ""DBMF"": 2.5, ""KMLM"": 6, ""QQQ"": 1, ""SPY"": 0.7, ""TQQQ"": 1.5}",0.03000000,tests/data/2026-08-20-net15,BTAL75+DBMF25,QQQ<SMA200,2m,0.08598462,0.35908085,0.08520887,0.35594966,39933.08257180,28000.00000000,11933.08257180,0.42618152,0.18907992,0.18223161,0.97669485,0.19819553,1.36801249,0.82935304,-0.22798484,474,2024,0.26194196,2025,0.09448580,124670.58804931,42.48846642,0.86839978,0.00151745,0.43043779,0.24200094,0.14408478,0.08003036,,,,,0.42289588,0.19876393
VT TQQQ/BTAL75+DBMF25 t20 w0-80 QQQ:VOL_EWMA80 gate QQQ<SMA200 rb 2m+1,sens,sens_2023-06-20,2023-06-20,2026-06-18,false,true,"{""*"": 6, ""BTAL"": 6, ""DBMF"": 2.5, ""KMLM"": 6, ""QQQ"": 1, ""SPY"": 0.7, ""TQQQ"": 1.5}",0.03000000,tests/data/2026-08-20-net15,BTAL75+DBMF25,QQQ<SMA200,2m+1,0.07392438,0.42549193,0.07238186,0.42264610,40855.69778868,28000.00000000,12855.69778868,0.45913206,0.21758615,0.19455630,0.93737512,0.24235538,1.30304233,1.06028162,-0.20521543,,2024,0.27660804,2026,-0.02222522,204893.43904141,67.86873368,1.30628509,0.00242388,0.37982557,0.12984614,0.12657597,0.04787855,,,,,0.49118710,0.21392420
VT TQQQ/BTAL75+DBMF25 t20 w0-80 QQQ:VOL_EWMA80 gate QQQ<SMA200 rb 3m,sens,sens_2023-06-20,2023-06-20,2026-06-18,false,true,"{""*"": 6, ""BTAL"": 6, ""DBMF"": 2.5, ""KMLM"": 6, ""QQQ"": 1, ""SPY"": 0.7, ""TQQQ"": 1.5}",0.03000000,tests/data/2026-08-20-net15,BTAL75+DBMF25,QQQ<SMA200,3m,0.11001348,0.48023006,0.10794026,0.47586855,38308.39427505,28000.00000000,10308.39427505,0.36815694,0.18911822,0.16001434,0.81022779,0.25490140,1.12319004,0.78821327,-0.23993280,,2024,0.39084217,2026,-0.04276633,115790.22921139,38.69795253,0.74904720,0.00138207,0.35861145,0.12996258,0.12090189,0.04828690,,,,,0.51735274,0.21394229
VT TQQQ/BTAL75+DBMF25 t20 w0-80 QQQ:VOL_EWMA80 gate QQQ<SMA200 rb 3m+1,sens,sens_2023-06-20,2023-06-20,2026-06-18,false,true,"{""*"": 6, ""BTAL"": 6, ""DBMF"": 2.5, ""KMLM"": 6, ""QQQ"": 1, ""SPY"": 0.7, ""TQQQ"": 1.5}",0.03000000,tests/data/2026-08-20-net15,BTAL75+DBMF25,QQQ<SMA200,3m+1,0.09661054,0.33517822,0.09553205,0.33518207,42363.40173254,28000.00000000,14363.40173254,0.51297863,0.21007751,0.21426836,1.11328120,0.18790226,1.57259132,1.18980282,-0.17656498,188,2024,0.24076188,2023,0.09510510,114807.70339004,38.68970751,0.79862666,0.00138178,0.44435989,0.13039647,0.14854160,0.04693465,,,,,0.40380498,0.21654952
VT TQQQ/BTAL75+DBMF25 t20 w0-80 QQQ:VOL_EWMA80 gate QQQ<SMA200 rb 3m+2,sens,sens_2023-06-20,2023-06-20,2026-06-18,false,true,"{""*"": 6, ""BTAL"": 6, ""DBMF"": 2.5, ""KMLM"": 6, ""QQQ"": 1, ""SPY"": 0.7, ""TQQQ"": 1.5}",0.03000000,tests/data/2026-08-20-net15,BTAL75+DBMF25,QQQ<SMA200,3m+2,0.10660577,0.42500403,0.10483870,0.41984034,45368.24609765,28000.00000000,17368.24609765,0.62029450,0.26301750,0.25208552,1.15679598,0.22453273,1.64716185,1.06842147,-0.24617392,455,2024,0.35734759,2025,0.09151847,135844.62353213,45.61953580,0.86462279,0.00162927,0.39842318,0.13970650,0.13433243,0.04879914,,,,,0.46422746,0.20040629
VT TQQQ/BTAL50+KMLM50 t20 w0-80 QQQ:VOL_EWMA80 rb 1w,sens,sens_2023-06-20,2023-06-20,2026-06-18,false,true,"{""*"": 6, ""BTAL"": 6, ""DBMF"": 2.5, ""KMLM"": 6, ""QQQ"": 1, ""SPY"": 0.7, ""TQQQ"": 1.5}",0.03000000,tests/data/2026-08-20-net15,BTAL50+KMLM50,,1w,0.00903950,0.24622945,0.00814863,0.24623347,36341.17756548,28000.00000000,8341.17756548,0.29789920,0.14334646,0.13217191,0.79936134,0.19126309,1.08251823,0.76924815,-0.18634618,224,2024,0.24738274,2025,0.04811978,611864.65703029,230.22414624,4.38128373,0.00822229,0.28936094,0.09957580,,,0.28899667,0.09646098,,,0.41938542,0.08326304
VT TQQQ/BTAL50+KMLM50 t20 w0-80 QQQ:VOL_EWMA80 rb 2w,sens,sens_2023-06-20,2023-06-20,2026-06-18,false,true,"{""*"": 6, ""BTAL"": 6, ""DBMF"": 2.5, ""KMLM"": 6, ""QQQ"": 1, ""SPY"": 0.7, ""TQQQ"": 1.5}",0.03000000,tests/data/2026-08-20-net15,BTAL50+KMLM50,,2w,0.02404407,0.34693517,0.02316782,0.34693921,38043.20989094,28000.00000000,10043.20989094,0.35868607,0.16693822,0.15632304,0.89197505,0.19524173,1.22996120,0.81916879,-0.20378978,435,2024,0.26837903,2026,0.05198540,407745.90714401,153.18175131,2.84809414,0.00547078,0.29085704,0.09913638,,,0.29032941,0.09629830,,,0.41650914,0.11088563
VT TQQQ/BTAL50+KMLM50 t20 w0-80 QQQ:VOL_EWMA80 rb 2w+1,sens,sens_2023-06-20,2023-06-20,2026-06-18,false,true,"{""*"": 6, ""BTAL"": 6, ""DBMF"": 2.5, ""KMLM"": 6, ""QQQ"": 1, ""SPY"": 0.7, ""TQQQ"": 1.5}",0.03000000,tests/data/2026-08-20-net15,BTAL50+KMLM50,,2w+1,0.01877079,0.24672517,0.01784788,0.24672911,36099.11781964,28000.00000000,8099.11781964,0.28925421,0.14941261,0.12867029,0.80841250,0.19709784,1.09924768,0.76564393,-0.19514634,273,2024,0.29692715,2026,0.02372224,456854.75081713,171.69073061,3.19219704,0.00613181,0.28659964,0.09724639,,,0.28679554,0.09586638,,,0.42434275,0.08372548
VT TQQQ/BTAL50+KMLM50 t20 w0-80 QQQ:VOL_EWMA80,sens,sens_2023-06-20,2023-06-20,2026-06-18,false,true,"{""*"": 6, ""BTAL"": 6, ""DBMF"": 2.5, ""KMLM"": 6, ""QQQ"": 1, ""SPY"": 0.7, ""TQQQ"": 1.5}",0.03000000,tests/data/2026-08-20-net15,BTAL50+KMLM50,,,0.00157533,0.00404604,0.00093592,0.00209356,40869.37999976,28000.00000000,12869.37999976,0.45962071,0.19556694,0.19473754,0.90671311,0.22612641,1.25011863,0.86636826,-0.22573189,448,2025,0.18165113,2026,0.07978888,289031.54019459,108.88231967,2.01213604,0.00388865,0.27246434,0.09990529,,,0.27221141,0.09932095,,,0.45368412,0.21409505
VT TQQQ/BTAL50+KMLM50 t20 w0-80 QQQ:VOL_EWMA80 rb 2m,sens,sens_2023-06-20,2023-06-20,2026-06-18,false,true,"{""*"": 6, ""BTAL"": 6, ""DBMF"": 2.5, ""KMLM"": 6, ""QQQ"": 1, ""SPY"": 0.7, ""TQQQ"": 1.5}",0.03000000,tests/data/2026-08-20-net15,BTAL50+KMLM50,,2m,0.08510782,0.35457991,0.08402956,0.35070611,41238.10289077,28000.00000000,13238.10289077,0.47278939,0.19739130,0.19960532,0.97678379,0.20720494,1.37197357,0.86594051,-0.22795019,471,2024,0.23032456,2023,0.10000139,120614.31828417,46.34265160,0.85168384,0.00165509,0.28606850,0.16081083,,,0.28702866,0.15662942,,,0.42397928,0.21255227
VT TQQQ/BTAL50+KMLM50 t20 w0-80 QQQ:VOL_EWMA80 rb 2m+1,sens,sens_2023-06-20,2023-06-20,2026-06-18,false,true,"{""*"": 6, ""BTAL"": 6, ""DBMF"": 2.5, ""KMLM"": 6, ""QQQ"": 1, ""SPY"": 0.7, ""TQQQ"": 1.5}",0.03000000,tests/data/2026-08-20-net15,BTAL50+KMLM50,,2m+1,0.07495474,0.42434601,0.07317192,0.42238609,42505.45607931,28000.00000000,14505.45607931,0.51805200,0.23113548,0.21609920,0.95777178,0.25103499,1.33248834,1.06095274,-0.21785653,429,2024,0.26124763,2026,0.02420289,203350.33339397,77.12935292,1.30597961,0.00275462,0.25254823,0.08650058,,,0.25289429,0.09236976,,,0.49179025,0.21362796
VT TQQQ/BTAL50+KMLM50 t20 w0-80 QQQ:VOL_EWMA80 rb 3m,sens,sens_2023-06-20,2023-06-20,2026-06-18,false,true,"{""*"": 6, ""BTAL"": 6, ""DBMF"": 2.5, ""KMLM"": 6, ""QQQ"": 1, ""SPY"": 0.7, ""TQQQ"": 1.5}",0.03000000,tests/data/2026-08-20-net15,BTAL50+KMLM50,,3m,0.11097842,0.48124696,0.10854354,0.47601387,39932.66663895,28000.00000000,11932.66663895,0.42616667,0.20438259,0.18222601,0.84035318,0.26372206,1.16766791,0.88578237,-0.23073680,,2024,0.37519908,2026,-0.00058095,114861.72341298,44.00776064,0.74519835,0.00157171,0.23773319,0.08667866,,,0.23967048,0.09229355,,,0.51877747,0.21329510
VT TQQQ/BTAL50+KMLM50 t20 w0-80 QQQ:VOL_EWMA80 rb 3m+1,sens,sens_2023-06-20,2023-06-20,2026-06-18,false,true,"{""*"": 6, ""BTAL"": 6, ""DBMF"": 2.5, ""KMLM"": 6, ""QQQ"": 1, ""SPY"": 0.7, ""TQQQ"": 1.5}",0.03000000,tests/data/2026-08-20-net15,BTAL50+KMLM50,,3m+1,0.09606933,0.33383824,0.09478375,0.33384215,43095.64051067,28000.00000000,15095.64051067,0.53913002,0.21047596,0.22365854,1.06898334,0.19777403,1.50967097,1.03505121,-0.20334836,436,2024,0.20326658,2023,0.09048012,112187.38991925,42.91369960,0.79717284,0.00153263,0.29633325,0.08686170,,,0.29588243,0.09151157,,,0.40448380,0.21649503
VT TQQQ/BTAL50+KMLM50 t20 w0-80 QQQ:VOL_EWMA80 rb 3m+2,sens,sens_2023-06-20,2023-06-20,2026-06-18,false,true,"{""*"": 6, ""BTAL"": 6, ""DBMF"": 2.5, ""KMLM"": 6, ""QQQ"": 1, ""SPY"": 0.7, ""TQQQ"": 1.5}",0.03000000,tests/data/2026-08-20-net15,BTAL50+KMLM50,,3m+2,0.10616189,0.42835860,0.10403956,0.42188019,46565.71743250,28000.00000000,18565.71743250,0.66306134,0.26980803,0.26665191,1.14874374,0.23235048,1.63422106,1.08748151,-0.24810356,455,2024,0.32964335,2025,0.09899336,132484.07262614,50.30037967,0.85452128,0.00179644,0.26487564,0.09308202,,,0.26821976,0.09685548,,,0.46335865,0.21030519
VT TQQQ/BTAL50+KMLM50 t20 w0-80 QQQ:VOL_EWMA80 gate QQQ<SMA200 rb 1w,sens,sens_2023-06-20,2023-06-20,2026-06-18,false,true,"{""*"": 6, ""BTAL"": 6, ""DBMF"": 2.5, ""KMLM"": 6, ""QQQ"": 1, ""SPY"": 0.7, ""TQQQ"": 1.5}",0.03000000,tests/data/2026-08-20-net15,BTAL50+KMLM50,QQQ<SMA200,1w,0.01336613,0.26420543,0.01252890,0.26420599,34895.11668843,28000.00000000,6895.11668843,0.24625417,0.12456556,0.11099261,0.71845764,0.18906284,0.97197947,0.67915998,-0.18341122,230,2024,0.24738274,2025,-0.00249156,580330.94954021,218.84021516,4.24492033,0.00781572,0.29160502,0.09975905,,,0.29126149,0.09666708,,,0.41495576,0.07840214
VT TQQQ/BTAL50+KMLM50 t20 w0-80 QQQ:VOL_EWMA80 gate QQQ<SMA200 rb 2w,sens,sens_2023-06-20,2023-06-20,2026-06-18,false,true,"{""*"": 6, ""BTAL"": 6, ""DBMF"": 2.5, ""KMLM"": 6, ""QQQ"": 1, ""SPY"": 0.7, ""TQQQ"": 1.5}",0.03000000,tests/data/2026-08-20-net15,BTAL50+KMLM50,QQQ<SMA200,2w,0.02581711,0.34693517,0.02498890,0.34693921,38231.01692189,28000.00000000,10231.01692189,0.36539346,0.16957569,0.15893920,0.91020647,0.19342304,1.26255303,0.92750127,-0.18283068,432,2024,0.26837903,2026,0.05164498,404825.00693133,152.39993580,2.81705423,0.00544285,0.29192429,0.09913638,,,0.29140613,0.09657472,,,0.41442743,0.11145880
VT TQQQ/BTAL50+KMLM50 t20 w0-80 QQQ:VOL_EWMA80 gate QQQ<SMA200 rb 2w+1,sens,sens_2023-06-20,2023-06-20,2026-06-18,false,true,"{""*"": 6, ""BTAL"": 6, ""DBMF"": 2.5, ""KMLM"": 6, ""QQQ"": 1, ""SPY"": 0.7, ""TQQQ"": 1.5}",0.03000000,tests/data/2026-08-20-net15,BTAL50+KMLM50,QQQ<SMA200,2w+1,0.02331534,0.26426974,0.02237749,0.26427390,35183.37883101,28000.00000000,7183.37883101,0.25654924,0.13743215,0.11526531,0.76450626,0.19382222,1.03403010,0.71248377,-0.19289162,237,2024,0.29692715,2025,-0.00328372,447797.52264017,168.61102081,3.17240275,0.00602182,0.28895685,0.09742931,,,0.28908929,0.09533965,,,0.41967961,0.08307351
VT TQQQ/BTAL50+KMLM50 t20 w0-80 QQQ:VOL_EWMA80 gate QQQ<SMA200,sens,sens_2023-06-20,2023-06-20,2026-06-18,false,true,"{""*"": 6, ""BTAL"": 6, ""DBMF"": 2.5, ""KMLM"": 6, ""QQQ"": 1, ""SPY"": 0.7, ""TQQQ"": 1.5}",0.03000000,tests/data/2026-08-20-net15,BTAL50+KMLM50,QQQ<SMA200,,0.00381388,0.06514127,0.00321026,0.06514825,40735.97975070,28000.00000000,12735.97975070,0.45485642,0.19401416,0.19296856,0.91121960,0.22274715,1.25482336,0.93186347,-0.20820020,448,2025,0.17757147,2026,0.07932018,285103.45731926,107.71797178,1.98755505,0.00384707,0.27356058,0.09966655,,,0.27327209,0.09920084,,,0.45140349,0.20172445
VT TQQQ/BTAL50+KMLM50 t20 w0-80 QQQ:VOL_EWMA80 gate QQQ<SMA200 rb 2m,sens,sens_2023-06-20,2023-06-20,2026-06-18,false,true,"{""*"": 6, ""BTAL"": 6, ""DBMF"": 2.5, ""KMLM"": 6, ""QQQ"": 1, ""SPY"": 0.7, ""TQQQ"": 1.5}",0.03000000,tests/data/2026-08-20-net15,BTAL50+KMLM50,QQQ<SMA200,2m,0.08596727,0.35457991,0.08488391,0.35070611,40925.31176305,28000.00000000,12925.31176305,0.46161828,0.19377980,0.19547798,0.96365294,0.20679109,1.35282712,0.85009711,-0.22795019,474,2024,0.23032456,2025,0.09318883,120718.43201670,46.54118174,0.85541430,0.00166219,0.28666648,0.16081083,,,0.28757781,0.15662942,,,0.42285764,0.20187204
VT TQQQ/BTAL50+KMLM50 t20 w0-80 QQQ:VOL_EWMA80 gate QQQ<SMA200 rb 2m+1,sens,sens_2023-06-20,2023-06-20,2026-06-18,false,true,"{""*"": 6, ""BTAL"": 6, ""DBMF"": 2.5, ""KMLM"": 6, ""QQQ"": 1, ""SPY"": 0.7, ""TQQQ"": 1.5}",0.03000000,tests/data/2026-08-20-net15,BTAL50+KMLM50,QQQ<SMA200,2m+1,0.07479235,0.42412029,0.07313382,0.42217003,42357.26186906,28000.00000000,14357.26186906,0.51275935,0.22945941,0.21418912,0.95379092,0.25051131,1.32639606,1.06447540,-0.21556103,429,2024,0.26124763,2026,0.02362613,203811.27313243,77.39081393,1.31109886,0.00276396,0.25288313,0.08642607,,,0.25330814,0.09266999,,,0.49117251,0.21314965
VT TQQQ/BTAL50+KMLM50 t20 w0-80 QQQ:VOL_EWMA80 gate QQQ<SMA200 rb 3m,sens,sens_2023-06-20,2023-06-20,2026-06-18,false,true,"{""*"": 6, ""BTAL"": 6, ""DBMF"": 2.5, ""KMLM"": 6, ""QQQ"": 1, ""SPY"": 0.7, ""TQQQ"": 1.5}",0.03000000,tests/data/2026-08-20-net15,BTAL50+KMLM50,QQQ<SMA200,3m,0.11117253,0.48119667,0.10891782,0.47637897,39661.49132787,28000.00000000,11661.49132787,0.41648183,0.20109252,0.17856412,0.83164686,0.26292992,1.15489233,0.87125823,-0.23080702,,2024,0.37519908,2026,-0.00030631,115291.46145707,44.31143969,0.75075827,0.00158255,0.23843105,0.08661783,,,0.24047515,0.09235537,,,0.51761019,0.21364820
VT TQQQ/BTAL50+KMLM50 t20 w0-80 QQQ:VOL_EWMA80 gate QQQ<SMA200 rb 3m+1,sens,sens_2023-06-20,2023-06-20,2026-06-18,false,true,"{""*"": 6, ""BTAL"": 6, ""DBMF"": 2.5, ""KMLM"": 6, ""QQQ"": 1, ""SPY"": 0.7, ""TQQQ"": 1.5}",0.03000000,tests/data/2026-08-20-net15,BTAL50+KMLM50,QQQ<SMA200,3m+1,0.09603497,0.33383824,0.09477949,0.33384215,43053.38744550,28000.00000000,15053.38744550,0.53762098,0.21006826,0.22311985,1.06871859,0.19744635,1.50893649,1.03972982,-0.20204120,436,2024,0.20326658,2023,0.09048012,111719.31294160,42.82753722,0.79393131,0.00152955,0.29646146,0.08686259,,,0.29599735,0.09151251,,,0.40431367,0.21649893
VT TQQQ/BTAL50+KMLM50 t20 w0-80 QQQ:VOL_EWMA80 gate QQQ<SMA200 rb 3m+2,sens,sens_2023-06-20,2023-06-20,2026-06-18,false,true,"{""*"": 6, ""BTAL"": 6, ""DBMF"": 2.5, ""KMLM"": 6, ""QQQ"": 1, ""SPY"": 0.7, ""TQQQ"": 1.5}",0.03000000,tests/data/2026-08-20-net15,BTAL50+KMLM50,QQQ<SMA200,3m+2,0.10613460,0.42835860,0.10411485,0.42188019,46368.79215865,28000.00000000,18368.79215865,0.65602829,0.26783105,0.26427517,1.14311632,0.23206771,1.62564134,1.07951315,-0.24810356,455,2024,0.32964335,2025,0.09643624,132596.20793694,50.52185272,0.85630178,0.00180435,0.26519885,0.09308202,,,0.26859132,0.09685548,,,0.46288505,0.20316213
TQQQ50/BTAL50 rb 1w,sens,sens_2023-06-20,2023-06-20,2026-06-18,true,true,"{""*"": 6, ""BTAL"": 6, ""DBMF"": 2.5, ""KMLM"": 6, ""QQQ"": 1, ""SPY"": 0.7, ""TQQQ"": 1.5}",0.03000000,tests/data/2026-08-20-net15,,,,0.00214606,0.03702258,0.00188147,0.03703021,44908.15925161,28000.00000000,16908.15925161,0.60386283,0.25297850,0.24641505,1.06285387,0.23998395,1.56259374,0.91790186,-0.27560517,234,2024,0.40419505,2025,0.11264022,177633.82656766,66.60669073,1.13943488,0.00237881,0.49944083,0.46296979,,,,,,,0.49935399,0.47898512
50/50,sens,sens_2023-06-20,2023-06-20,2026-06-18,true,true,"{""*"": 6, ""BTAL"": 6, ""DBMF"": 2.5, ""KMLM"": 6, ""QQQ"": 1, ""SPY"": 0.7, ""TQQQ"": 1.5}",0.03000000,tests/data/2026-08-20-net15,,,,0.00121971,0.00295038,0.00089508,0.00168789,44284.20905976,28000.00000000,16284.20905976,0.58157889,0.24315238,0.23865752,1.06565128,0.22985623,1.53108693,0.88692723,-0.27415144,240,2024,0.35891933,2025,0.08417826,82107.74887355,31.30353512,0.53834040,0.00111798,0.49959047,0.49869166,,,,,,,0.49917087,0.49831211
TQQQ50/BTAL50 rb 3m,sens,sens_2023-06-20,2023-06-20,2026-06-18,true,true,"{""*"": 6, ""BTAL"": 6, ""DBMF"": 2.5, ""KMLM"": 6, ""QQQ"": 1, ""SPY"": 0.7, ""TQQQ"": 1.5}",0.03000000,tests/data/2026-08-20-net15,,,,0.02633004,0.20688425,0.02617141,0.20688601,47060.46469717,28000.00000000,19060.46469717,0.68073088,0.26735982,0.27259131,1.10288306,0.24238389,1.58114449,0.97539338,-0.27410461,234,2024,0.33802769,2025,0.11143606,54970.19423208,21.17942900,0.35991401,0.00075641,0.48493764,0.29311399,,,,,,,0.51282976,0.44767924
TQQQ50/BTAL50 gate QQQ<SMA200 rb 1w,sens,sens_2023-06-20,2023-06-20,2026-06-18,true,true,"{""*"": 6, ""BTAL"": 6, ""DBMF"": 2.5, ""KMLM"": 6, ""QQQ"": 1, ""SPY"": 0.7, ""TQQQ"": 1.5}",0.03000000,tests/data/2026-08-20-net15,,,,0.00879657,0.17246413,0.00854686,0.17246439,43011.91330251,28000.00000000,15011.91330251,0.53613976,0.23180573,0.22259071,1.06824855,0.21829184,1.52127202,0.95875889,-0.24177688,280,2024,0.40419505,2025,0.06352097,150700.77520656,56.88192689,0.98750830,0.00203150,0.50638332,0.46296979,,,,,,,0.49244064,0.32753561
TQQQ50/BTAL50 gate QQQ<SMA200,sens,sens_2023-06-20,2023-06-20,2026-06-18,true,true,"{""*"": 6, ""BTAL"": 6, ""DBMF"": 2.5, ""KMLM"": 6, ""QQQ"": 1, ""SPY"": 0.7, ""TQQQ"": 1.5}",0.03000000,tests/data/2026-08-20-net15,,,,0.00764608,0.10158295,0.00735207,0.10158866,42202.98906255,28000.00000000,14202.98906255,0.50724961,0.22107751,0.21219554,1.03428034,0.21662091,1.46514083,0.88905239,-0.24866646,288,2024,0.35891933,2025,0.05366451,68966.95881953,26.73250712,0.45913471,0.00095473,0.50606818,0.49869166,,,,,,,0.49271740,0.39841134
TQQQ50/BTAL50 gate QQQ<SMA200 rb 3m,sens,sens_2023-06-20,2023-06-20,2026-06-18,true,true,"{""*"": 6, ""BTAL"": 6, ""DBMF"": 2.5, ""KMLM"": 6, ""QQQ"": 1, ""SPY"": 0.7, ""TQQQ"": 1.5}",0.03000000,tests/data/2026-08-20-net15,,,,0.03113301,0.15593080,0.03099854,0.15593276,42271.42139362,28000.00000000,14271.42139362,0.50969362,0.21784285,0.21308051,1.00302780,0.22190856,1.41016750,0.90408004,-0.24095527,296,2024,0.33802769,2025,0.03994716,39146.48431154,15.84577471,0.26498293,0.00056592,0.49940991,0.34406724,,,,,,,0.49843383,0.37214513
SPY benchmark,sens,sens_2023-06-20,2023-06-20,2026-06-18,true,true,"{""*"": 6, ""BTAL"": 6, ""DBMF"": 2.5, ""KMLM"": 6, ""QQQ"": 1, ""SPY"": 0.7, ""TQQQ"": 1.5}",0.03000000,tests/data/2026-08-20-net15,,,,0.01319629,0.03362596,0.01319803,0.03362731,41873.86989185,28000.00000000,13873.86989185,0.49549535,0.20584829,0.20792477,1.32130241,0.15079038,1.96688717,1.10739347,-0.18588541,127,2024,0.24356756,2023,0.09159990,27966.92029269,1.95768442,0.19207650,0.00006992,,,,,,,0.98680197,0.96637269,,
