time,open,high,low,close,Volume
2007-05-30,69.92551214,69.94079833,69.86444374,69.94079833,1550.0
2007-05-31,69.92551214,69.94079833,69.92551214,69.94079833,11200.0
2007-06-01,69.95606924,69.95606924,69.95606924,69.95606924,1450.0
2007-06-04,69.97135543,69.97135543,69.97135543,69.97135543,1050.0
2007-06-05,69.98661108,70.00188199,69.97135543,69.97135543,3750.0
2007-06-06,69.97135543,70.00188199,69.97135543,70.00188199,9750.0
2007-06-07,69.97135543,69.98661108,69.97135543,69.98661108,12150.0
2007-06-08,70.00188199,70.00188199,69.95606924,70.00188199,7850.0
2007-06-11,70.00188199,70.03242383,70.00188199,70.03242383,2400.0
2007-06-12,70.03242383,70.03242383,69.97135543,69.97135543,3900.0
2007-06-13,69.97135543,70.03242383,69.97135543,70.03242383,3750.0
2007-06-14,70.06296566,70.06296566,70.06143857,70.06296566,13400.0
2007-06-15,70.09349222,70.12404933,70.04769474,70.12404933,1050.0
2007-06-18,70.10877841,70.15459116,70.0936602,70.13930497,28000.0
2007-06-19,70.13930497,70.13930497,70.13930497,70.13930497,850.0
2007-06-20,70.12404933,70.16986208,70.12404933,70.15459116,3100.0
2007-06-21,70.13930497,70.16986208,70.13930497,70.15459116,850.0
2007-06-22,70.16986208,70.21567483,70.16986208,70.21567483,2200.0
2007-06-25,70.16986208,70.18514826,70.16986208,70.18514826,29700.0
2007-06-26,70.18514826,70.20040391,70.16986208,70.20040391,5100.0
2007-06-27,70.21567483,70.21567483,70.18514826,70.18514826,8200.0
2007-06-28,70.21567483,70.21567483,70.21567483,70.21567483,900.0
2007-06-29,70.21567483,70.24621666,70.20040391,70.24621666,5650.0
2007-07-02,70.26631046,70.32768036,70.25097182,70.26631046,13050.0
2007-07-03,70.22029454,70.26631046,70.22029454,70.26631046,3000.0
2007-07-05,70.25097182,70.26631046,70.2049559,70.26631046,5450.0
2007-07-06,70.28166444,70.29698774,70.28166444,70.29698774,3800.0
2007-07-09,70.25097182,70.31232638,70.25097182,70.31232638,3950.0
2007-07-10,70.29698774,70.32768036,70.29698774,70.32768036,5250.0
2007-07-11,70.32768036,70.32768036,70.26631046,70.32768036,9100.0
2007-07-12,70.34300366,70.34300366,70.31232638,70.34300366,14700.0
2007-07-13,70.34300366,70.3583423,70.32768036,70.3583423,13050.0
2007-07-16,70.38901958,70.38901958,70.34300366,70.37368094,16150.0
2007-07-17,70.40434288,70.40434288,70.34300366,70.40434288,46500.0
2007-07-18,70.37368094,70.38901958,70.32768036,70.38901958,5450.0
2007-07-19,70.40434288,70.41969686,70.3583423,70.40434288,13900.0
2007-07-20,70.45035881,70.45035881,70.43489746,70.4350355,8000.0
2007-07-23,70.4350355,70.45035881,70.41969686,70.4350355,6950.0
2007-07-24,70.4350355,70.45035881,70.41969686,70.4350355,9350.0
2007-07-25,70.45035881,70.46571278,70.45035881,70.45376398,9800.0
2007-07-26,70.45035881,70.48105142,70.40434288,70.46571278,41050.0
2007-07-27,70.45035881,70.55774462,70.26631046,70.4964054,153750.0
2007-07-30,70.48105142,70.5117287,70.4350355,70.4350355,10300.0
2007-07-31,70.52706734,70.52706734,70.4964054,70.52706734,54250.0
2007-08-01,70.52003714,70.5354533,70.45844953,70.50465179,18650.0
2007-08-02,70.45844953,70.52003714,70.44306417,70.52003714,49750.0
2007-08-03,70.55085405,70.5662702,70.48925103,70.48925103,26200.0
2007-08-06,70.5662702,70.58165556,70.5354533,70.5662702,22300.0
2007-08-07,70.58165556,70.59705631,70.52003714,70.58165556,14550.0
2007-08-08,70.58165556,70.59705631,70.5354533,70.55085405,19750.0
2007-08-09,70.59705631,70.64325857,70.58165556,70.61247247,103150.0
2007-08-10,70.65865933,70.67406008,70.64325857,70.65865933,112100.0
2007-08-13,70.65865933,70.68944544,70.64325857,70.67406008,71800.0
2007-08-14,70.65865933,70.68944544,70.64325857,70.65865933,130650.0
2007-08-15,70.68944544,70.72026234,70.65865933,70.67406008,40400.0
2007-08-16,70.67406008,70.84346838,70.67406008,70.76646461,122850.0
2007-08-17,70.61247247,70.82808302,70.59705631,70.81266687,84750.0
2007-08-20,70.78188076,70.92047215,70.78188076,70.87426988,19750.0
2007-08-21,70.88967064,70.88967064,70.76646461,70.85885373,157700.0
2007-08-22,70.85885373,70.85885373,70.75120246,70.85885373,30000.0
2007-08-23,70.82808302,70.82808302,70.75106385,70.81266687,40250.0
2007-08-24,70.72026234,70.79726611,70.68944544,70.79726611,14050.0
2007-08-27,70.75106385,70.79726611,70.70486159,70.70486159,36050.0
2007-08-28,70.72026234,70.78188076,70.71471807,70.78188076,29250.0
2007-08-29,70.81266687,70.82808302,70.76646461,70.82808302,10550.0
2007-08-30,70.87426988,70.87426988,70.78188076,70.84329897,31650.0
2007-08-31,70.75106385,70.82808302,70.7356477,70.82808302,9650.0
2007-09-04,70.82392917,70.85484989,70.76208771,70.83940499,10900.0
2007-09-05,70.85484989,70.87031026,70.8084688,70.85484989,21400.0
2007-09-06,70.87031026,70.87031026,70.8084688,70.85484989,14500.0
2007-09-07,70.90123099,70.91669135,70.83940499,70.90123099,16150.0
2007-09-10,70.88578608,70.91669135,70.82392917,70.91669135,35100.0
2007-09-11,70.83940499,70.91669135,70.82392917,70.83940499,10300.0
2007-09-12,70.87031026,70.94761208,70.85484989,70.94761208,3450.0
2007-09-13,70.83940499,70.93215172,70.83940499,70.93215172,25300.0
2007-09-14,70.91669135,70.99385403,70.91669135,70.97853281,32650.0
2007-09-17,70.97853281,71.00943808,70.87031026,71.00943808,17350.0
2007-09-18,70.97853281,71.04037427,70.88578608,70.96305698,232950.0
2007-09-19,71.00943808,71.00943808,70.91669135,70.99399317,66750.0
2007-09-20,71.0249139,71.03109805,70.94761208,70.94761208,22250.0
2007-09-21,70.96305698,71.0249139,70.94761208,70.97853281,23450.0
2007-09-24,71.05585009,71.071295,70.96305698,71.04037427,57850.0
2007-09-25,70.96305698,71.05585009,70.96305698,71.05585009,59000.0
2007-09-26,71.04037427,71.05585009,70.97853281,70.97853281,21250.0
2007-09-27,71.05585009,71.071295,70.97853281,70.99399317,30100.0
2007-09-28,70.96305698,71.04037427,70.96305698,70.96305698,122600.0
2007-10-01,70.99483254,71.05690648,70.97933344,71.04077129,21900.0
2007-10-02,71.01036266,71.07242109,70.99483254,70.99483254,78200.0
2007-10-03,71.02587727,71.08607395,70.99483254,71.01036266,131200.0
2007-10-04,71.07242109,71.08795122,71.05690648,71.08795122,4700.0
2007-10-05,71.04137636,71.13449504,71.01036266,71.01036266,22200.0
2007-10-08,71.04137636,71.13449504,71.02587727,71.11896492,8300.0
2007-10-09,71.10345031,71.13449504,71.07242109,71.07242109,364450.0
2007-10-10,71.08795122,71.14999413,71.08795122,71.13449504,21400.0
2007-10-11,71.14999413,71.14999413,71.10345031,71.12206784,10200.0
2007-10-12,71.16550874,71.16550874,71.10345031,71.13449504,14250.0
2007-10-15,71.13449504,71.14999413,71.10345031,71.10345031,32450.0
2007-10-16,71.13449504,71.16550874,71.11896492,71.14999413,14350.0
2007-10-17,71.14999413,71.18102335,71.12051638,71.18086821,59350.0
2007-10-18,71.22756718,71.24308179,71.18102335,71.18102335,12400.0
2007-10-19,71.22756718,71.24308179,71.16550874,71.24308179,100550.0
2007-10-22,71.19653796,71.22756718,71.15047509,71.21203705,185050.0
2007-10-23,71.22756718,71.24308179,71.18102335,71.21203705,12800.0
2007-10-24,71.24308179,71.24308179,71.18102335,71.24308179,27500.0
2007-10-25,71.24308179,71.24308179,71.19653796,71.22756718,12100.0
2007-10-26,71.22756718,71.25858088,71.19653796,71.19670862,15900.0
2007-10-29,71.22756718,71.25858088,71.19670862,71.25858088,7600.0
2007-10-30,71.274111,71.274111,71.22756718,71.22756718,5250.0
2007-10-31,71.25858088,71.274111,71.22756718,71.23565029,13200.0
2007-11-01,71.25989047,71.30658765,71.24432475,71.29102192,32750.0
2007-11-02,71.29102192,71.3377191,71.2600617,71.3377191,8750.0
2007-11-05,71.3377191,71.35328482,71.29102192,71.3377191,16800.0
2007-11-06,71.3377191,71.3377191,71.27544063,71.3377191,16800.0
2007-11-07,71.29102192,71.44666361,71.29102192,71.38441627,218812.0
2007-11-08,71.35328482,71.399982,71.32216894,71.3377191,147400.0
2007-11-09,71.43111345,71.44652352,71.36886612,71.399982,9399.0
2007-11-12,71.399982,71.43111345,71.38441627,71.43111345,72400.0
2007-11-13,71.41554773,71.44666361,71.38441627,71.42085564,31400.0
2007-11-14,71.38441627,71.43111345,71.35328482,71.3845875,100943.0
2007-11-15,71.399982,71.4622449,71.35328482,71.43111345,230900.0
2007-11-16,71.44666361,71.44666361,71.399982,71.43111345,24450.0
2007-11-19,71.43111345,71.4622449,71.36886612,71.4622449,59150.0
2007-11-20,71.41554773,71.47781063,71.38441627,71.47781063,40950.0
2007-11-21,71.47781063,71.50894208,71.43111345,71.50894208,33550.0
2007-11-23,71.4622449,71.5245078,71.4622449,71.5245078,7650.0
2007-11-26,71.57120498,71.57120498,71.43111345,71.47781063,24335.0
2007-11-27,71.4622449,71.54008909,71.4622449,71.54008909,21100.0
2007-11-28,71.54008909,71.57120498,71.47781063,71.55563925,52700.0
2007-11-29,71.49336079,71.57120498,71.49336079,71.50908217,36550.0
2007-11-30,71.58678627,82.65401697,71.47781063,71.5245078,274300.0
2007-12-03,71.63147867,71.64709146,71.50657635,71.50657635,120050.0
2007-12-04,71.52218914,71.58465591,71.50657635,71.52218914,90750.0
2007-12-05,71.52218914,71.56902751,71.50657635,71.52218914,27900.0
2007-12-06,71.53781754,71.58465591,71.45973798,71.53781754,288200.0
2007-12-07,71.50657635,71.60025309,71.50657635,71.60025309,43880.0
2007-12-10,71.60025309,73.56746458,71.55341472,71.55341472,206050.0
2007-12-11,71.60025309,71.64709146,71.50657635,71.64709146,41800.0
2007-12-12,71.63147867,71.66268864,71.56902751,71.63147867,24700.0
2007-12-13,71.2879973,71.67831704,71.2879973,71.66268864,27300.0
2007-12-14,71.66268864,71.67831704,71.60025309,71.61586588,33000.0
2007-12-17,71.61586588,71.69392983,71.60025309,71.64084634,44750.0
2007-12-18,71.56902751,71.64709146,71.55341472,71.64709146,26500.0
2007-12-19,71.67831704,71.69392983,71.56902751,71.67784865,25800.0
2007-12-20,71.63147867,71.72515541,71.63147867,71.709527,14700.0
2007-12-21,71.72515541,71.7407682,71.67831704,71.709527,64050.0
2007-12-24,71.72515541,71.72515541,71.66581119,71.709527,2900.0
2007-12-26,71.66268864,71.72515541,71.66268864,71.67831704,17750.0
2007-12-27,71.7407682,71.7407682,71.66268864,71.709527,7150.0
2007-12-28,71.73926211,71.75490321,71.70793295,71.70793295,59659.0
2007-12-31,71.75490321,71.75490321,71.69226053,71.69226053,31681.0
2008-01-02,71.73926211,71.75490321,71.69226053,71.75490321,29440.0
2008-01-03,71.75490321,71.75490321,71.70793295,71.70793295,30455.0
2008-01-04,71.78623237,71.78623237,71.66096268,71.69291812,173167.0
2008-01-07,71.70793295,71.75474664,71.69243276,71.75474664,30300.0
2008-01-08,71.73926211,71.77040339,71.67661944,71.70480159,18350.0
2008-01-09,71.77055996,71.77055996,71.66096268,71.66096268,168500.0
2008-01-10,71.7235897,71.73926211,71.66096268,71.69291812,12200.0
2008-01-11,71.73926211,71.78623237,71.70793295,71.7235897,41615.0
2008-01-14,71.75490321,71.80187347,71.7235897,71.78623237,51883.0
2008-01-15,71.80187347,71.80187347,71.7235897,71.77055996,26791.0
2008-01-16,71.78623237,71.80187347,71.66096268,71.77055996,254494.0
2008-01-17,71.75490321,71.80187347,71.7235897,71.73940302,380361.0
2008-01-18,71.75490321,71.81753022,71.73926211,71.78623237,71419.0
2008-01-22,71.83318698,71.88015724,71.75490321,71.81753022,116369.0
2008-01-23,71.86448483,71.91145509,71.81753022,71.89581399,89136.0
2008-01-24,71.83318698,71.9271275,71.81753022,71.9271275,47733.0
2008-01-25,71.86448483,71.95845666,71.84884373,71.84884373,32694.0
2008-01-28,71.97409776,71.97409776,71.88015724,71.88015724,26071.0
2008-01-29,71.88015724,71.95845666,71.84884373,71.94278425,66646.0
2008-01-30,71.88015724,72.00542693,71.86448483,71.97409776,60073.0
2008-01-31,71.89581399,72.00542693,71.89581399,71.98036046,26150.0
2008-02-01,72.43749506,72.43749506,71.88814718,71.96664339,35463.0
2008-02-04,71.90384329,71.9823238,71.90384329,71.9823238,50300.0
2008-02-05,71.9823238,71.9980199,71.87243539,71.93523549,38723.0
2008-02-06,71.96664339,71.9980199,71.93523549,71.9980199,18100.0
2008-02-07,71.93523549,72.013716,71.91955508,71.9823238,30314.0
2008-02-08,71.9823238,71.9823238,71.90384329,71.9823238,14226.0
2008-02-11,71.93523549,71.9980199,71.93523549,71.9980199,26345.0
2008-02-12,71.93523549,71.9823238,71.93523549,71.9823238,13530.0
2008-02-13,71.9823238,71.9980199,71.95093159,71.9980199,46700.0
2008-02-14,71.9823238,72.013716,71.95093159,72.013716,51151.0
2008-02-15,71.9980199,72.0294121,71.99786294,72.013716,23297.0
2008-02-19,71.9980199,72.02313366,71.96664339,72.013716,17768.0
2008-02-20,71.9823238,72.04509251,71.9823238,71.9823238,17419.0
2008-02-21,72.013716,72.04509251,71.9823238,72.04509251,39184.0
2008-02-22,71.9823238,72.07650041,71.9823238,72.04509251,90726.0
2008-02-25,71.9980199,72.04509251,71.9980199,72.013716,14830.0
2008-02-26,72.04509251,72.06080431,71.96664339,72.06080431,42371.0
2008-02-27,71.9823238,72.07650041,71.9823238,72.07650041,84502.0
2008-02-28,72.07650041,72.09218081,72.0294121,72.07650041,20700.0
2008-02-29,72.07650041,72.10789261,72.0294121,72.09218081,17291.0
2008-03-03,72.08706802,72.11851962,72.05563215,72.11851962,31550.0
2008-03-04,72.07134222,72.11851962,72.05577368,72.11851962,73420.0
2008-03-05,72.11851962,72.13424542,72.04050393,72.10280955,253810.0
2008-03-06,72.13424542,72.16003573,72.10280955,72.13424542,41596.0
2008-03-07,72.14997122,72.14997122,72.10280955,72.13424542,50266.0
2008-03-10,72.13424542,72.1814071,72.08706802,72.13424542,22300.0
2008-03-11,72.13424542,72.14997122,72.08706802,72.13424542,42180.0
2008-03-12,72.13424542,72.14997122,72.11851962,72.14997122,13350.0
2008-03-13,72.14997122,72.14997122,72.10280955,72.13424542,41297.0
2008-03-14,72.13424542,72.24432602,72.10751156,72.2285845,82314.0
2008-03-17,72.19714862,72.29150342,72.13424542,72.21348773,136072.0
2008-03-18,73.09351923,73.09351923,72.19714862,72.29150342,47351.0
2008-03-19,72.30722922,72.30722922,72.24432602,72.30722922,31850.0
2008-03-20,72.30722922,72.30722922,72.24432602,72.29150342,46750.0
2008-03-24,72.30722922,72.30722922,72.2285845,72.2285845,38748.0
2008-03-25,72.21287442,72.27579335,72.1814071,72.1814071,39193.0
2008-03-26,72.1814071,72.24432602,72.1814071,72.2285845,9800.0
2008-03-27,72.2285845,72.24432602,72.1814071,72.24432602,8275.0
2008-03-28,72.26005182,72.26005182,72.1814071,72.1814071,33875.0
2008-03-31,72.24432602,72.29150342,72.19714862,72.26005182,64905.0
2008-04-01,72.26073247,72.26073247,72.16624857,72.2134984,83312.0
2008-04-02,72.2134984,72.24498253,72.2134984,72.2134984,65863.0
2008-04-03,72.2134984,72.24498253,72.19773271,72.2134984,23557.0
2008-04-04,72.24498253,72.26073247,72.22923259,72.24498253,44267.0
2008-04-07,72.24498253,72.26073247,72.19773271,72.2134984,46430.0
2008-04-08,72.26073247,72.26073247,72.2134984,72.26073247,24494.0
2008-04-09,72.2134984,72.27648241,72.2134984,72.26073247,33896.0
2008-04-10,72.27648241,72.27648241,72.26073247,72.26088997,18750.0
2008-04-11,72.26073247,72.3079823,72.26073247,72.26073247,39329.0
2008-04-14,72.3079823,72.32373224,72.26073247,72.29221661,16029.0
2008-04-15,72.32373224,72.32373224,72.26073247,72.29221661,60657.0
2008-04-16,72.29221661,72.29221661,72.22923259,72.24498253,19547.0
2008-04-17,72.24498253,72.29221661,72.2134984,72.24498253,31792.0
2008-04-18,72.27648241,72.27648241,72.18198276,72.19773271,31754.0
2008-04-21,72.26073247,72.27648241,72.19773271,72.22923259,26022.0
2008-04-22,72.22923259,72.27648241,72.2134984,72.24498253,35804.0
2008-04-23,72.27648241,72.27648241,72.2134984,72.24498253,23761.0
2008-04-24,72.26073247,72.27648241,72.22923259,72.26073247,9798.0
2008-04-25,72.22923259,72.26073247,72.2134984,72.26073247,39666.0
2008-04-28,72.26073247,72.29221661,72.19773271,72.2134984,35855.0
2008-04-29,72.29221661,72.29221661,72.19773271,72.29221661,21298.0
2008-04-30,72.19773271,72.29221661,72.19773271,72.2134984,26955.0
2008-05-01,72.31435526,72.31435526,72.23551275,72.26704975,20241.0
2008-05-02,72.21974424,72.29860253,72.20395997,72.21974424,29132.0
2008-05-05,72.25129702,72.28281826,72.23551275,72.23866645,15495.0
2008-05-06,72.28281826,72.28281826,72.20395997,72.20395997,103966.0
2008-05-07,72.25129702,72.25129702,72.20395997,72.25129702,26383.0
2008-05-08,72.25129702,72.25662677,72.18883798,72.21974424,78916.0
2008-05-09,72.20395997,72.26704975,72.20395997,72.25129702,38014.0
2008-05-12,72.23551275,72.26704975,72.21974424,72.25129702,25314.0
2008-05-13,72.25129702,72.2560118,72.21974424,72.21974424,21255.0
2008-05-14,72.25129702,72.26704975,72.21974424,72.21974424,64164.0
2008-05-15,72.25129702,72.26704975,72.21974424,72.21974424,18328.0
2008-05-16,72.25129702,72.28281826,72.20395997,72.23551275,40393.0
2008-05-19,72.21974424,72.28281826,72.20395997,72.23551275,22932.0
2008-05-20,72.20395997,72.25129702,72.20395997,72.20395997,11702.0
2008-05-21,72.26704975,72.28281826,72.20395997,72.20413343,48381.0
2008-05-22,72.20395997,72.29860253,72.20395997,72.25129702,13194.0
2008-05-23,72.25129702,72.26704975,72.23551275,72.25129702,16560.0
2008-05-27,72.23551275,72.29860253,72.23551275,72.25129702,27243.0
2008-05-28,72.23551275,72.29860253,72.23551275,72.28281826,39191.0
2008-05-29,72.29860253,72.29860253,72.23551275,72.25129702,53496.0
2008-05-30,72.28281826,72.29860253,72.25129702,72.28281826,9388.0
2008-06-02,72.31010713,72.3416767,72.2629264,72.3416767,41980.0
2008-06-03,72.3259077,72.35746149,72.27852177,72.3416767,14817.0
2008-06-04,72.3259077,72.33915114,72.27852177,72.3259077,21052.0
2008-06-05,72.35746149,72.35746149,72.27852177,72.27852177,27763.0
2008-06-06,72.3416767,72.3416767,72.29432234,72.29432234,40339.0
2008-06-09,72.3416767,72.35746149,72.29432234,72.3259077,43840.0
2008-06-10,72.3416767,72.38903106,72.29432234,72.37326206,151266.0
2008-06-11,72.37326206,72.42060064,72.33851975,72.42060064,183691.0
2008-06-12,72.38903106,72.40481585,72.3416767,72.37326206,26144.0
2008-06-13,72.40481585,72.42060064,72.35492014,72.42030073,12749.0
2008-06-16,72.42060064,72.43638542,72.38903106,72.42060064,186324.0
2008-06-17,72.40481585,72.42060064,72.37326206,72.40827272,21618.0
2008-06-18,72.42060064,72.45215442,72.38903106,72.43638542,76632.0
2008-06-19,72.43638542,72.45215442,72.40481585,72.42879294,45795.0
2008-06-20,72.45215442,72.467955,72.40481585,72.45215442,81378.0
2008-06-23,72.45215442,72.467955,72.42060064,72.45215442,20976.0
2008-06-24,72.43638542,72.45215442,72.42060064,72.45215442,56143.0
2008-06-25,72.43638542,72.467955,72.42060064,72.467955,44413.0
2008-06-26,72.48373978,72.49950878,72.43638542,72.467955,99517.0
2008-06-27,72.3259077,72.59424907,72.3259077,72.49950878,233127.0
2008-06-30,72.49950878,72.49950878,72.40481585,72.45849991,40935.0
2008-07-01,72.49287512,72.49287512,72.413871,72.47707114,50664.0
2008-07-02,72.49287512,72.49287512,72.413871,72.47707114,41546.0
2008-07-03,72.49287512,72.49287512,72.413871,72.47707114,38276.0
2008-07-07,72.47707114,72.49287512,72.39805122,72.46128296,87859.0
2008-07-08,72.47707114,72.5086791,72.42965918,72.42965918,47677.0
2008-07-09,72.49287512,72.49287512,72.44546317,72.44546317,40655.0
2008-07-10,72.44546317,72.52448309,72.44546317,72.50883714,56367.0
2008-07-11,72.54027127,72.57189504,72.5086791,72.55609106,54098.0
2008-07-14,72.52448309,72.57189504,72.49287512,72.55609106,64388.0
2008-07-15,72.57189504,72.58768322,72.52448309,72.57189504,98773.0
2008-07-16,72.58768322,72.60350301,72.54027127,72.58768322,375087.0
2008-07-17,72.57189504,72.60350301,72.46128296,72.47707114,134694.0
2008-07-18,72.54027127,72.60350301,72.5086791,72.57189504,71907.0
2008-07-21,72.58768322,72.58768322,72.5086791,72.5086791,43151.0
2008-07-22,72.58768322,72.58768322,72.52448309,72.54343207,76298.0
2008-07-23,72.52448309,72.57189504,72.47707114,72.57189504,223106.0
2008-07-24,72.57189504,72.57189504,72.5086791,72.55609106,44467.0
2008-07-25,72.57189504,72.57189504,72.52448309,72.57189504,56100.0
2008-07-28,72.57189504,72.57189504,72.52448309,72.57189504,57100.0
2008-07-29,72.57189504,72.58768322,72.5459607,72.57189504,70516.0
2008-07-30,72.57189504,72.58768322,72.52448309,72.58768322,36725.0
2008-07-31,72.57189504,72.58768322,72.52448309,72.58768322,48645.0
2008-08-01,72.58159153,72.58159153,72.5341112,72.56592302,44086.0
2008-08-04,72.59741831,72.59741831,72.56578058,72.58159153,190478.0
2008-08-05,72.59741831,72.62907186,72.58159153,72.59361988,86877.0
2008-08-06,72.56578058,72.61324508,72.54993798,72.56578058,75367.0
2008-08-07,72.56578058,72.61324508,72.56578058,72.61324508,41304.0
2008-08-08,72.61324508,72.62889776,72.54993798,72.59741831,68320.0
2008-08-11,72.54993798,72.62907186,72.5341112,72.61324508,170256.0
2008-08-12,72.61324508,72.62907186,72.5630742,72.56578058,68060.0
2008-08-13,72.58159153,72.62907186,72.58159153,72.62907186,70412.0
2008-08-14,72.59741831,72.62907186,72.59741831,72.61324508,72988.0
2008-08-15,72.69236313,72.69236313,72.59741831,72.62907186,65422.0
2008-08-18,72.64488281,72.64488281,72.58159153,72.58635539,77428.0
2008-08-19,72.59741831,72.64488281,72.59741831,72.64488281,34074.0
2008-08-20,72.59741831,72.66072541,72.59741831,72.64488281,60739.0
2008-08-21,72.62907186,72.66072541,72.62907186,72.66072541,28258.0
2008-08-22,72.66072541,72.67655218,72.62907186,72.67655218,38908.0
2008-08-25,72.64488281,72.67655218,72.64488281,72.66072541,59940.0
2008-08-26,72.67655218,72.69236313,72.59741831,72.67655218,143599.0
2008-08-27,72.64488281,72.69236313,72.62907186,72.67655218,50297.0
2008-08-28,72.67655218,72.69236313,72.64488281,72.67655218,51930.0
2008-08-29,72.69236313,72.69396164,72.61324508,72.64933013,46109.0
2008-09-02,72.66559404,72.72897237,72.6338811,72.69727528,603860.0
2008-09-03,72.66559404,72.69727528,72.66559404,72.69727528,49901.0
2008-09-04,72.64972965,72.69727528,72.64972965,72.69727528,55304.0
2008-09-05,72.68142674,72.71312383,72.68142674,72.71312383,83575.0
2008-09-08,72.69727528,72.71312383,72.68142674,72.71312383,30992.0
2008-09-09,72.71312383,72.72897237,72.68142674,72.69727528,61946.0
2008-09-10,72.71312383,72.74480507,72.69727528,72.72897237,68559.0
2008-09-11,72.72897237,72.74480507,72.69727528,72.71312383,112736.0
2008-09-12,72.71312383,72.76066946,72.69743377,72.74480507,96389.0
2008-09-15,72.8082151,72.91913906,72.72897237,72.82392101,195174.0
2008-09-16,72.71312383,72.87160928,72.71312383,72.85576073,424724.0
2008-09-17,72.90330637,73.50555107,72.7923507,73.17289011,451271.0
2008-09-18,72.90330637,73.53723231,72.77651801,72.95941022,916141.0
2008-09-19,72.49126005,77.54691416,72.49126005,72.71312383,813130.0
2008-09-22,72.6338811,72.82406364,72.6338811,72.75117618,760108.0
2008-09-23,72.74480507,72.98254909,72.72897237,72.98254909,238044.0
2008-09-24,72.950852,72.950852,72.74480507,72.76066946,89252.0
2008-09-25,72.76066946,72.93500346,72.76066946,72.83992804,132004.0
2008-09-26,72.950852,73.10933745,72.77651801,72.9666847,185670.0
2008-09-29,72.98254909,75.24889101,72.42785002,73.28368729,388871.0
2008-09-30,73.67990091,73.67990091,72.83992804,73.01426203,140829.0
2008-10-01,73.33676116,73.33676116,72.82889507,73.00346859,265931.0
2008-10-02,72.98761414,73.00346859,72.89236048,72.97172795,193626.0
2008-10-03,72.86063571,73.00346859,72.84474952,72.97172795,201455.0
2008-10-06,73.57480008,73.57480008,72.6860622,72.95585763,324033.0
2008-10-07,72.97172795,72.97172795,72.79715444,72.94000318,146818.0
2008-10-08,72.95585763,72.95585763,72.78128412,72.87650603,222126.0
2008-10-09,72.87650603,72.98761414,72.81302475,72.98761414,177786.0
2008-10-10,73.00346859,73.08282018,72.59085616,73.05107954,351145.0
2008-10-13,73.00346859,73.03520922,72.71781871,72.76542967,204579.0
2008-10-14,72.6860622,72.90824667,72.63845124,72.89236048,195120.0
2008-10-15,72.84474952,72.95585763,72.76542967,72.9145948,204945.0
2008-10-16,72.97172795,72.97172795,72.78128412,72.868555,200910.0
2008-10-17,72.90824667,72.90824667,72.70193252,72.71781871,157650.0
2008-10-20,72.71781871,72.90824667,72.71781871,72.89236048,145024.0
2008-10-21,72.89236048,72.90824667,72.78128412,72.89236048,98019.0
2008-10-22,72.87650603,72.95585763,72.76542967,72.79715444,180878.0
2008-10-23,72.79715444,72.89236048,72.79715444,72.89236048,151686.0
2008-10-24,72.79715444,73.03520922,72.79715444,72.81302475,168134.0
2008-10-27,72.92411699,72.92411699,72.82889507,72.92411699,149745.0
2008-10-28,72.95585763,73.05107954,72.84474952,72.90824667,186721.0
2008-10-29,72.87650603,72.95585763,72.82889507,72.82889507,144262.0
2008-10-30,72.81302475,72.92411699,72.81302475,72.92411699,110516.0
2008-10-31,72.92411699,72.95585763,72.84474952,72.84474952,175208.0
2008-11-03,72.935596,72.935596,72.82438947,72.82438947,158542.0
2008-11-04,72.80850283,72.91969347,72.80850283,72.85616277,96770.0
2008-11-05,72.87204941,72.96735341,72.85616277,72.88793606,133719.0
2008-11-06,72.85616277,73.03091588,72.85616277,72.99914259,118057.0
2008-11-07,72.99914259,72.99914259,72.935596,72.99914259,83881.0
2008-11-10,72.91969347,72.98325594,72.91969347,72.98325594,60919.0
2008-11-11,72.935596,72.99914259,72.91969347,72.98325594,88358.0
2008-11-12,72.98325594,73.01504512,72.935596,72.99914259,109034.0
2008-11-13,72.99914259,73.03091588,72.95148265,72.99914259,132428.0
2008-11-14,73.03091588,73.03091588,72.95148265,72.99914259,132154.0
2008-11-17,72.98325594,73.03091588,72.95148265,73.03091588,170896.0
2008-11-18,73.03091588,73.03091588,72.90382271,72.95148265,260611.0
2008-11-19,73.01504512,73.01504512,72.935596,72.935596,81168.0
2008-11-20,73.03091588,73.03091588,72.82438947,72.98325594,226125.0
2008-11-21,72.98325594,72.99914259,72.91969347,72.96735341,233746.0
2008-11-24,73.03091588,73.23745818,72.96735341,72.98325594,253401.0
2008-11-25,72.99914259,73.01504512,72.95148265,72.99756981,68382.0
2008-11-26,72.99914259,73.03091588,72.935596,73.03091588,118101.0
2008-11-28,73.03091588,73.03091588,72.80850283,72.80850283,39679.0
2008-12-01,73.04095781,73.05686945,72.92968758,73.00915042,144978.0
2008-12-02,73.02506206,73.0727493,72.96146317,73.0727493,114628.0
2008-12-03,73.04095781,73.04095781,72.96146317,72.96146317,92041.0
2008-12-04,72.96146317,73.00915042,72.92968758,72.92968758,106235.0
2008-12-05,73.04095781,73.04095781,72.91379183,72.92968758,147501.0
2008-12-08,72.96146317,73.00915042,72.91379183,72.94558332,189988.0
2008-12-09,73.00915042,73.00915042,72.89789608,72.91379183,241155.0
2008-12-10,72.91379183,72.99327056,72.91379183,72.96163803,281806.0
2008-12-11,72.94558332,73.02506206,72.88201623,72.88201623,157986.0
2008-12-12,72.91379183,72.99327056,72.91379183,72.91379183,171396.0
2008-12-15,72.92968758,72.96146317,72.89789608,72.89789608,120254.0
2008-12-16,72.89789608,72.97737482,72.89789608,72.94558332,176185.0
2008-12-17,72.89789608,72.96146317,72.89789608,72.89789608,158890.0
2008-12-18,72.94558332,72.97737482,72.72304286,72.84766552,774146.0
2008-12-19,72.94558332,72.99327056,72.85020884,72.89789608,202455.0
2008-12-22,72.97737482,72.99327056,72.88201623,72.99327056,116094.0
2008-12-23,72.97737482,72.99327056,72.91379183,72.91665306,155589.0
2008-12-24,73.02506206,73.02506206,72.91379183,72.99327056,68056.0
2008-12-26,72.92968758,73.02506206,72.92968758,72.99327056,70462.0
2008-12-29,73.09313699,73.12507135,72.93354499,72.98158218,87096.0
2008-12-30,73.17294895,73.23676979,73.09313699,73.23676979,125179.0
2008-12-31,73.14101459,73.18889219,72.99739775,73.07716183,163601.0
2009-01-02,73.17294895,73.23676979,73.09313699,73.09313699,110097.0
2009-01-05,73.23676979,73.23676979,73.07716183,73.09313699,196812.0
2009-01-06,73.09313699,73.15697379,73.09313699,73.10909619,94197.0
2009-01-07,73.10909619,73.23676979,73.10909619,73.22081059,214033.0
2009-01-08,73.14101459,73.18889219,73.12507135,73.14101459,64895.0
2009-01-09,73.17294895,73.26868819,73.12507135,73.19495669,87894.0
2009-01-12,73.18889219,73.31656579,73.15697379,73.15697379,178679.0
2009-01-13,73.22081059,73.31656579,73.17294895,73.25271303,1438550.0
2009-01-14,73.28464739,73.28464739,73.22081059,73.26868819,4573607.0
2009-01-15,73.22081059,73.28464739,73.17294895,73.28464739,207793.0
2009-01-16,73.18889219,73.26868819,73.18889219,73.23694534,116481.0
2009-01-20,73.26868819,73.31656579,73.10909619,73.10909619,1157897.0
2009-01-21,73.15697379,73.23676979,73.12507135,73.23676979,133360.0
2009-01-22,73.15697379,73.25271303,73.15697379,73.25271303,116898.0
2009-01-23,73.17294895,73.25271303,73.14101459,73.23676979,94558.0
2009-01-26,73.25271303,73.25271303,73.15697379,73.22081059,98500.0
2009-01-27,73.23676979,73.23676979,73.14101459,73.18889219,105118.0
2009-01-28,73.22081059,73.22081059,73.14101459,73.15697379,67434.0
2009-01-29,73.17294895,73.20485139,73.12507135,73.15697379,226414.0
2009-01-30,73.15697379,73.22081059,73.15697379,73.220651,141766.0
2009-02-02,73.21703251,73.28087993,73.15318508,73.26490211,513876.0
2009-02-03,73.23299436,73.24895622,73.18512476,73.20107065,121847.0
2009-02-04,73.20107065,73.24895622,73.16914694,73.24895622,67670.0
2009-02-05,73.21703251,73.24895622,73.18512476,73.21703251,121943.0
2009-02-06,73.10529952,73.20107065,73.0893217,73.10529952,1654106.0
2009-02-09,73.18512476,73.21703251,73.13082252,73.19787828,164184.0
2009-02-10,73.15318508,73.23299436,73.15318508,73.18512476,198063.0
2009-02-11,73.20107065,73.20107065,73.16914694,73.16914694,147747.0
2009-02-12,73.20107065,73.21703251,73.16914694,73.16914694,161078.0
2009-02-13,73.16914694,73.23299436,73.15318508,73.23299436,1087559.0
2009-02-17,73.23299436,73.24895622,73.20107065,73.23299436,2978779.0
2009-02-18,73.16914694,73.24895622,73.16914694,73.24878064,666491.0
2009-02-19,73.20107065,73.26490211,73.18512476,73.24895622,641791.0
2009-02-20,73.20107065,73.24895622,73.20107065,73.24895622,227357.0
2009-02-23,73.23299436,73.24895622,73.20107065,73.23299436,342348.0
2009-02-24,73.23299436,73.23299436,73.13723919,73.18512476,3390131.0
2009-02-25,73.20107065,73.21703251,73.15318508,73.15318508,1315147.0
2009-02-26,73.21703251,73.21703251,73.16914694,73.16914694,201261.0
2009-02-27,73.20107065,73.24895622,73.18512476,73.21703251,142708.0
2009-03-02,73.24395459,73.27586711,73.2120261,73.25991883,325404.0
2009-03-03,73.27586711,73.27586711,73.16413337,73.25192075,397631.0
2009-03-04,73.25991883,73.25991883,73.18009761,73.24395459,140869.0
2009-03-05,73.22799034,73.25991883,73.19607782,73.25991883,245992.0
2009-03-06,73.2120261,73.25991883,73.2120261,73.24395459,278105.0
2009-03-09,73.27586711,73.27586711,73.2247975,73.24395459,258643.0
2009-03-10,73.25991883,73.25991883,73.19607782,73.24395459,136839.0
2009-03-11,73.2120261,73.24395459,73.16413337,73.24395459,281620.0
2009-03-12,73.18009761,73.24395459,73.18009761,73.2120261,160513.0
2009-03-13,73.2120261,73.23758486,73.18009761,73.19607782,299718.0
2009-03-16,73.18009761,73.2120261,73.16413337,73.18009761,258782.0
2009-03-17,73.18009761,73.22799034,73.18009761,73.22799034,141722.0
2009-03-18,73.2120261,73.29184732,73.18009761,73.24395459,421083.0
2009-03-19,73.2120261,73.24395459,73.18009761,73.19607782,394993.0
2009-03-20,73.24395459,73.24395459,73.2120261,73.22799034,198535.0
2009-03-23,73.24395459,73.24395459,73.19607782,73.24395459,165263.0
2009-03-24,73.2120261,73.24395459,73.2120261,73.23246033,133734.0
2009-03-25,73.22799034,73.25991883,73.22799034,73.25991883,165193.0
2009-03-26,73.2120261,73.25991883,73.2120261,73.24395459,464731.0
2009-03-27,73.24395459,73.25991883,73.22799034,73.25991883,191725.0
2009-03-30,73.25991883,73.25991883,73.22799034,73.24395459,173609.0
2009-03-31,73.22799034,73.24395459,73.2120261,73.2120261,160605.0
2009-04-01,73.22410002,73.27200065,73.20972983,73.22410002,218496.0
2009-04-02,73.20814911,73.2400669,73.17619939,73.17619939,1172467.0
2009-04-03,73.17619939,73.22410002,73.17619939,73.22410002,274310.0
2009-04-06,73.19216627,73.2400669,73.17619939,73.20814911,242317.0
2009-04-07,73.19216627,73.22410002,73.19216627,73.20814911,152958.0
2009-04-08,73.2400669,73.25587411,73.19216627,73.2400669,150113.0
2009-04-09,73.22410002,73.22410002,73.19216627,73.19216627,542469.0
2009-04-13,73.19216627,73.2400669,73.19216627,73.2400669,243474.0
2009-04-14,73.20814911,73.22410002,73.19216627,73.20814911,125598.0
2009-04-15,73.22410002,73.2400669,73.19216627,73.20814911,158941.0
2009-04-16,73.22410002,73.25603378,73.19216627,73.25603378,175966.0
2009-04-17,73.25603378,73.25603378,73.17619939,73.17619939,467941.0
2009-04-20,73.20814911,73.22410002,73.17619939,73.20814911,115481.0
2009-04-21,73.20814911,73.22410002,73.19216627,73.19216627,118805.0
2009-04-22,73.22410002,73.2400669,73.20814911,73.2400669,95102.0
2009-04-23,73.25603378,73.27200065,73.22427566,73.27200065,182167.0
2009-04-24,73.2400669,73.27200065,73.23048677,73.27182502,98754.0
2009-04-27,73.20814911,73.27200065,73.20814911,73.25603378,150989.0
2009-04-28,73.22410002,73.27200065,73.22410002,73.27200065,300573.0
2009-04-29,73.25603378,73.27200065,73.2400669,73.25603378,143450.0
2009-04-30,73.25603378,73.27200065,73.22410002,73.25603378,183883.0
2009-05-01,73.23246244,73.28036854,73.2165097,73.28036854,62294.0
2009-05-04,73.23246244,73.26439984,73.18455633,73.18455633,151306.0
2009-05-05,73.2165097,73.23246244,73.18455633,73.20052503,199136.0
2009-05-06,73.18455633,73.24843114,73.18455633,73.18455633,97041.0
2009-05-07,73.18455633,73.23246244,73.18455633,73.18455633,133763.0
2009-05-08,73.20052503,73.2165097,73.18455633,73.19669255,187666.0
2009-05-11,73.18455633,73.26439984,73.18455633,73.18455633,220029.0
2009-05-12,73.18455633,73.26439984,73.18455633,73.24843114,152368.0
2009-05-13,73.20052503,73.24843114,73.20052503,73.20052503,100311.0
2009-05-14,73.20052503,73.23246244,73.20052503,73.2165097,232844.0
2009-05-15,73.24843114,73.24843114,73.20052503,73.2165097,107185.0
2009-05-18,73.20052503,73.26439984,73.20052503,73.26439984,342338.0
2009-05-19,73.2165097,73.24843114,73.20052503,73.24843114,122084.0
2009-05-20,73.2165097,73.23263809,73.18455633,73.18455633,484843.0
2009-05-21,73.20052503,73.24843114,73.20052503,73.23246244,293847.0
2009-05-22,73.24843114,73.24843114,73.20052503,73.24843114,231470.0
2009-05-26,73.24843114,73.26439984,73.2165097,73.26439984,113688.0
2009-05-27,73.2165097,73.28036854,73.2165097,73.26439984,175084.0
2009-05-28,73.26439984,73.28036854,73.23246244,73.24843114,85349.0
2009-05-29,73.24843114,73.26439984,73.24843114,73.26439984,105731.0
2009-06-01,73.27032594,73.27032594,73.20644597,73.20644597,348054.0
2009-06-02,73.22243193,73.25435595,73.20644597,73.20644597,911969.0
2009-06-03,73.20644597,73.27032594,73.20644597,73.23838596,76474.0
2009-06-04,73.23838596,73.25419625,73.20644597,73.23774716,133983.0
2009-06-05,73.23838596,73.23838596,73.19047598,73.21955734,271865.0
2009-06-08,73.22243193,73.25435595,73.19047598,73.23838596,132169.0
2009-06-09,73.20644597,73.23838596,73.20644597,73.22243193,101612.0
2009-06-10,73.23838596,73.25435595,73.20644597,73.23838596,124153.0
2009-06-11,73.22243193,73.23838596,73.19047598,73.19047598,98030.0
2009-06-12,73.22243193,73.25435595,73.20644597,73.25435595,216312.0
2009-06-15,73.23838596,73.25435595,73.20644597,73.25435595,116833.0
2009-06-16,73.25435595,73.27032594,73.22243193,73.27032594,711446.0
2009-06-17,73.27032594,73.27032594,73.23982326,73.27032594,153366.0
2009-06-18,73.27032594,73.27032594,73.23838596,73.25435595,330075.0
2009-06-19,73.23838596,73.27032594,73.22243193,73.27032594,232574.0
2009-06-22,73.27032594,73.27032594,73.23838596,73.27032594,214862.0
2009-06-23,73.27032594,73.27032594,73.25435595,73.27032594,242401.0
2009-06-24,73.27032594,73.27032594,73.25435595,73.27032594,173301.0
2009-06-25,73.25435595,73.28629593,73.25435595,73.27032594,322924.0
2009-06-26,73.25435595,73.27032594,73.23838596,73.27032594,127303.0
2009-06-29,73.27032594,73.27032594,73.25435595,73.27032594,136586.0
2009-06-30,73.27032594,73.27032594,73.25435595,73.25435595,189533.0
2009-07-01,73.25614633,73.27211671,73.25614633,73.25614633,94388.0
2009-07-02,73.27211671,73.27211671,73.25614633,73.27211671,100099.0
2009-07-06,73.25614633,73.27211671,73.25614633,73.25614633,113157.0
2009-07-07,73.27211671,73.27211671,73.25614633,73.25614633,146062.0
2009-07-08,73.27211671,73.27211671,73.25614633,73.27211671,170483.0
2009-07-09,73.27211671,73.27211671,73.25614633,73.25614633,112968.0
2009-07-10,73.25614633,73.27211671,73.25614633,73.25614633,246065.0
2009-07-13,73.25614633,73.27211671,73.24017595,73.27211671,430706.0
2009-07-14,73.27211671,73.27211671,73.25614633,73.27211671,143298.0
2009-07-15,73.27211671,73.27211671,73.24017595,73.24017595,149006.0
2009-07-16,73.24017595,73.27211671,73.24017595,73.27211671,204949.0
2009-07-17,73.24017595,73.27211671,73.24017595,73.27211671,122737.0
2009-07-20,73.24017595,73.25614633,73.24017595,73.24017595,269572.0
2009-07-21,73.24017595,73.25614633,73.22422153,73.24017595,509815.0
2009-07-22,73.24017595,73.25614633,73.22422153,73.25614633,266713.0
2009-07-23,73.24017595,73.24017595,73.22422153,73.24017595,461575.0
2009-07-24,73.24017595,73.24017595,73.22422153,73.22422153,815751.0
2009-07-27,73.22422153,73.24017595,73.22422153,73.22422153,158584.0
2009-07-28,73.24017595,73.24017595,73.22422153,73.23698187,243467.0
2009-07-29,73.24017595,73.25614633,73.22422153,73.24161328,134088.0
2009-07-30,73.22422153,73.27211671,73.22422153,73.25614633,220097.0
2009-07-31,73.24017595,73.25614633,73.20823518,73.20823518,102926.0
2009-08-03,73.22790856,73.24386378,73.2119214,73.22790856,438021.0
2009-08-04,73.24386378,73.24386378,73.2119214,73.24386378,239867.0
2009-08-05,73.22790856,73.24386378,73.2119214,73.22934597,188889.0
2009-08-06,73.22790856,73.24386378,73.22790856,73.2311028,85502.0
2009-08-07,73.22790856,73.24386378,73.22790856,73.22790856,147249.0
2009-08-10,73.24386378,73.24386378,73.2119214,73.22790856,134497.0
2009-08-11,73.24386378,73.24386378,73.22790856,73.22790856,88947.0
2009-08-12,73.22790856,73.25983496,73.22790856,73.25983496,188459.0
2009-08-13,73.24386378,73.25983496,73.22790856,73.22790856,148977.0
2009-08-14,73.22790856,73.25983496,73.2119214,73.25983496,129457.0
2009-08-17,73.24386378,73.25983496,73.22790856,73.22790856,115502.0
2009-08-18,73.25983496,73.25983496,73.22790856,73.25983496,73430.0
2009-08-19,73.22790856,73.25983496,73.22790856,73.22790856,67038.0
2009-08-20,73.25983496,73.25983496,73.22790856,73.24386378,143100.0
2009-08-21,73.22790856,73.24386378,73.22790856,73.22790856,176088.0
2009-08-24,73.22790856,73.24386378,73.22790856,73.22790856,202283.0
2009-08-25,73.22790856,73.24386378,73.22790856,73.22790856,398524.0
2009-08-26,73.22790856,73.24386378,73.22790856,73.24386378,90054.0
2009-08-27,73.22790856,73.25983496,73.22790856,73.24386378,118714.0
2009-08-28,73.24386378,73.27580615,73.22790856,73.25983496,83543.0
2009-08-31,73.25983496,73.25983496,73.24386378,73.25983496,153695.0
2009-09-01,73.26370329,73.26370329,73.2157872,73.2157872,438452.0
2009-09-02,73.26370329,73.27967532,73.2157872,73.27967532,334735.0
2009-09-03,73.24773126,73.27967532,73.24773126,73.27967532,174683.0
2009-09-04,73.24773126,73.27967532,73.24773126,73.27967532,78803.0
2009-09-08,73.24773126,73.27967532,73.24773126,73.27967532,158970.0
2009-09-09,73.26370329,73.27967532,73.2317752,73.2317752,119061.0
2009-09-10,73.26370329,73.26370329,73.2317752,73.24773126,148415.0
2009-09-11,73.2317752,73.24773126,73.2317752,73.2317752,211563.0
2009-09-14,73.26370329,73.26370329,73.2317752,73.2317752,89529.0
2009-09-15,73.2317752,73.24773126,73.2317752,73.2317752,167491.0
2009-09-16,73.2317752,73.24773126,73.2317752,73.2317752,167870.0
2009-09-17,73.24773126,73.26370329,73.2317752,73.24453685,196681.0
2009-09-18,73.2317752,73.24773126,73.2317752,73.2317752,483240.0
2009-09-21,73.2317752,73.27967532,73.2317752,73.27967532,101851.0
2009-09-22,73.26370329,73.26370329,73.2317752,73.2317752,187171.0
2009-09-23,73.24773126,73.26370329,73.2317752,73.26370329,129739.0
2009-09-24,73.26370329,73.26370329,73.2317752,73.2317752,98920.0
2009-09-25,73.24773126,73.26370329,73.2317752,73.26370329,80515.0
2009-09-28,73.24773126,73.27967532,73.2349696,73.27967532,198002.0
2009-09-29,73.24773126,73.27967532,73.24773126,73.27967532,95515.0
2009-09-30,73.24773126,73.29564735,73.24773126,73.27967532,142492.0
2009-10-01,73.25050452,73.26965571,73.23454786,73.23454786,591378.0
2009-10-02,73.25050452,73.28244979,73.23454786,73.23454786,108756.0
2009-10-05,73.25050452,73.26647716,73.23454786,73.26647716,133745.0
2009-10-06,73.26647716,73.26647716,73.23454786,73.23454786,227673.0
2009-10-07,73.23454786,73.26647716,73.23454786,73.26647716,106502.0
2009-10-08,73.25050452,73.26328263,73.23454786,73.23454786,109949.0
2009-10-09,73.25050452,73.26663688,73.23868477,73.25050452,228864.0
2009-10-12,73.25050452,73.26647716,73.23454786,73.25050452,101832.0
2009-10-13,73.25050452,73.25050452,73.23454786,73.25050452,80232.0
2009-10-14,73.23454786,73.25050452,73.23454786,73.23454786,345422.0
2009-10-15,73.23454786,73.25050452,73.23454786,73.23454786,122140.0
2009-10-16,73.23454786,73.26647716,73.23454786,73.26647716,88945.0
2009-10-19,73.25050452,73.26647716,73.23454786,73.25050452,100507.0
2009-10-20,73.23454786,73.25050452,73.23454786,73.23454786,132848.0
2009-10-21,73.25050452,73.25050452,73.23454786,73.23454786,83683.0
2009-10-22,73.23454786,73.25050452,73.23454786,73.23454786,135261.0
2009-10-23,73.23454786,73.25050452,73.23454786,73.23454786,161729.0
2009-10-26,73.23454786,73.25050452,73.23454786,73.23469161,82933.0
2009-10-27,73.25050452,73.26647716,73.23454786,73.23454786,111345.0
2009-10-28,73.23454786,73.25050452,73.23454786,73.23454786,79565.0
2009-10-29,73.25050452,73.28244979,73.23454786,73.25050452,210245.0
2009-10-30,73.26647716,73.28244979,73.26647716,73.28244979,190910.0
2009-11-02,73.28336363,73.28336363,73.2673908,73.28336363,245362.0
2009-11-03,73.28336363,73.28336363,73.2673908,73.28336363,143410.0
2009-11-04,73.2673908,73.29933647,73.25141797,73.2673908,638014.0
2009-11-05,73.28336363,73.28336363,73.2673908,73.27218265,158647.0
2009-11-06,73.2673908,73.28336363,73.2673908,73.28336363,78841.0
2009-11-09,73.2673908,73.28336363,73.2673908,73.28336363,161139.0
2009-11-10,73.28336363,73.28336363,73.2354611,73.2354611,162884.0
2009-11-11,73.25141797,73.25555493,73.2354611,73.2354611,196239.0
2009-11-12,73.2673908,73.2673908,73.2354611,73.2354611,95269.0
2009-11-13,73.2354611,73.2673908,73.2354611,73.2354611,177336.0
2009-11-16,73.2673908,73.2673908,73.2354611,73.2354611,199620.0
2009-11-17,73.25141797,73.25141797,73.2354611,73.2354611,102070.0
2009-11-18,73.25141797,73.2673908,73.2354611,73.2354611,110464.0
2009-11-19,73.25141797,73.25141797,73.2354611,73.2354611,87371.0
2009-11-20,73.2354611,73.25141797,73.2194723,73.2354611,205204.0
2009-11-23,73.2354611,73.25141797,73.2354611,73.2354611,63199.0
2009-11-24,73.2354611,73.25141797,73.2354611,73.2354611,197154.0
2009-11-25,73.2354611,73.25141797,73.2354611,73.2354611,59343.0
2009-11-27,73.25141797,73.25141797,73.2354611,73.25141797,14131.0
2009-11-30,73.2354611,73.28336363,73.2354611,73.25141797,271797.0
2009-12-01,73.2673908,73.2673908,73.2354611,73.25141797,124620.0
2009-12-02,73.2673908,73.2673908,73.2354611,73.2354611,100907.0
2009-12-03,73.2354611,73.2673908,73.2354611,73.2354611,80398.0
2009-12-04,73.2354611,73.2673908,73.2354611,73.2673908,75138.0
2009-12-07,73.2354611,73.2673908,73.2354611,73.2354611,98467.0
2009-12-08,73.25141797,73.25141797,73.2354611,73.2354611,162667.0
2009-12-09,73.2354611,73.2673908,73.2354611,73.2673908,181513.0
2009-12-10,73.2673908,73.2673908,73.2354611,73.2354611,55555.0
2009-12-11,73.2673908,73.2673908,73.2354611,73.2354611,131801.0
2009-12-14,73.2354611,73.25141797,73.2194723,73.2194723,263412.0
2009-12-15,73.2354611,73.2354611,73.2194723,73.2194723,145085.0
2009-12-16,73.2354611,73.2673908,73.2354611,73.2354611,72968.0
2009-12-17,73.25141797,73.2673908,73.2354611,73.2354611,197683.0
2009-12-18,73.2354611,73.25541117,73.2354611,73.2354611,92384.0
2009-12-21,73.25141797,73.25141797,73.2354611,73.2354611,95466.0
2009-12-22,73.25141797,73.2673908,73.2354611,73.2354611,90641.0
2009-12-23,73.2354611,73.25141797,73.2354611,73.2354611,179720.0
2009-12-24,73.2354611,73.25141797,73.2354611,73.25141797,69053.0
2009-12-28,73.25141797,73.2673908,73.2354611,73.23833621,102817.0
2009-12-29,73.2415548,73.27348715,73.2415548,73.2415548,65010.0
2009-12-30,73.25751299,73.27348715,73.2415548,73.25751299,99186.0
2009-12-31,73.25751299,73.27348715,73.2415548,73.27348715,73671.0
2010-01-04,73.2415548,73.25751299,73.22556466,73.2415548,192799.0
2010-01-05,73.2415548,73.25751299,73.22556466,73.22556466,105600.0
2010-01-06,73.22556466,73.2415548,73.22556466,73.22556466,450283.0
2010-01-07,73.22556466,73.2415548,73.22556466,73.22556466,264306.0
2010-01-08,73.2415548,73.2415548,73.22556466,73.22556466,116662.0
2010-01-11,73.22556466,73.2415548,73.22556466,73.22556466,131087.0
2010-01-12,73.2415548,73.2415548,73.22556466,73.22556466,142432.0
2010-01-13,73.2415548,73.25751299,73.22556466,73.25751299,133263.0
2010-01-14,73.2415548,73.25751299,73.2415548,73.2415548,53251.0
2010-01-15,73.2415548,73.25751299,73.2415548,73.2415548,83698.0
2010-01-19,73.25751299,73.25751299,73.2415548,73.2415548,61240.0
2010-01-20,73.25751299,73.25751299,73.2415548,73.2415548,76477.0
2010-01-21,73.2415548,73.25751299,73.2415548,73.2415548,188890.0
2010-01-22,73.25751299,73.25751299,73.2415548,73.2415548,103821.0
2010-01-25,73.25751299,73.25751299,73.21374378,73.25751299,131958.0
2010-01-26,73.25751299,73.25751299,73.22556466,73.25751299,136035.0
2010-01-27,73.22556466,73.27348715,73.22556466,73.27348715,406841.0
2010-01-28,73.2415548,73.27348715,73.2415548,73.25751299,117466.0
2010-01-29,73.25751299,73.27348715,73.2415548,73.27348715,190749.0
2010-02-01,73.2415548,73.27348715,73.2415548,73.25751299,364339.0
2010-02-02,73.25751299,73.27348715,73.2415548,73.2415548,170934.0
2010-02-03,73.27348715,73.28946132,73.25751299,73.27348715,739359.0
2010-02-04,73.25751299,73.27348715,73.25751299,73.27348715,155716.0
2010-02-05,73.2415548,73.27348715,73.2415548,73.27348715,685359.0
2010-02-08,73.25751299,73.27348715,73.25751299,73.27348715,215134.0
2010-02-09,73.27348715,73.27348715,73.25751299,73.27348715,314818.0
2010-02-10,73.25751299,73.27348715,73.2415548,73.27348715,233909.0
2010-02-11,73.27348715,73.27348715,73.25751299,73.27348715,109893.0
2010-02-12,73.27348715,73.27348715,73.25751299,73.27348715,144389.0
2010-02-16,73.27348715,73.27348715,73.25751299,73.27348715,155925.0
2010-02-17,73.27348715,73.27348715,73.22556466,73.22556466,338866.0
2010-02-18,73.2415548,73.25751299,73.2415548,73.25751299,103778.0
2010-02-19,73.25751299,73.25751299,73.22556466,73.22556466,287542.0
2010-02-22,73.25751299,73.25751299,73.2415548,73.25751299,170232.0
2010-02-23,73.25751299,73.25751299,73.22556466,73.22556466,86801.0
2010-02-24,73.2415548,73.25751299,73.22556466,73.25751299,144911.0
2010-02-25,73.2415548,73.25751299,73.2415548,73.25751299,67204.0
2010-02-26,73.2415548,73.25751299,73.22556466,73.25751299,104221.0
2010-03-01,73.25751299,73.25751299,73.22556466,73.22556466,265256.0
2010-03-02,73.25751299,73.25751299,73.22556466,73.2415548,82936.0
2010-03-03,73.25751299,73.25751299,73.22556466,73.22556466,278875.0
2010-03-04,73.2415548,73.2415548,73.22556466,73.22556466,137236.0
2010-03-05,73.22556466,73.2415548,73.22556466,73.22556466,285665.0
2010-03-08,73.2415548,73.2415548,73.22556466,73.22556466,200613.0
2010-03-09,73.22556466,73.2415548,73.2095905,73.22556466,824175.0
2010-03-10,73.22556466,73.2415548,73.22556466,73.2415548,127156.0
2010-03-11,73.2415548,73.2415548,73.22556466,73.22556466,151034.0
2010-03-12,73.2415548,73.2415548,73.22556466,73.22556466,106088.0
2010-03-15,73.22556466,73.2415548,73.22556466,73.22556466,143491.0
2010-03-16,73.22556466,73.2415548,73.22556466,73.22556466,98616.0
2010-03-17,73.2415548,73.2415548,73.22556466,73.22556466,228220.0
2010-03-18,73.22556466,73.2415548,73.22556466,73.22556466,83378.0
2010-03-19,73.22556466,73.2415548,73.22556466,73.22556466,107094.0
2010-03-22,73.22556466,73.2415548,73.22556466,73.2415548,204748.0
2010-03-23,73.22556466,73.2415548,73.22556466,73.2415548,148439.0
2010-03-24,73.22556466,73.2415548,73.22556466,73.22556466,161762.0
2010-03-25,73.2415548,73.25751299,73.22556466,73.25751299,283270.0
2010-03-26,73.2415548,73.25751299,73.2415548,73.25751299,127128.0
2010-03-29,73.2415548,73.25751299,73.22556466,73.22556466,173231.0
2010-03-30,73.2415548,73.25751299,73.22556466,73.22556466,231284.0
2010-03-31,73.25751299,73.25751299,73.22556466,73.25751299,248096.0
2010-04-01,73.22556466,73.25751299,73.22556466,73.25751299,520752.0
2010-04-05,73.2415548,73.25751299,73.22556466,73.22556466,464041.0
2010-04-06,73.2415548,73.24313624,73.22556466,73.22556466,275970.0
2010-04-07,73.25751299,73.25751299,73.22556466,73.22556466,725051.0
2010-04-08,73.22556466,73.2415548,73.22556466,73.22556466,130208.0
2010-04-09,73.2415548,73.2415548,73.22556466,73.22556466,195101.0
2010-04-12,73.22556466,73.2415548,73.22556466,73.22556466,102279.0
2010-04-13,73.2415548,73.2415548,73.22556466,73.22556466,96307.0
2010-04-14,73.22556466,73.2415548,73.22556466,73.22556466,158462.0
2010-04-15,73.22556466,73.2415548,73.22556466,73.22556466,116722.0
2010-04-16,73.22556466,73.2415548,73.22556466,73.22556466,263232.0
2010-04-19,73.22556466,73.2415548,73.22556466,73.2415548,100582.0
2010-04-20,73.22556466,73.2415548,73.22556466,73.22556466,69121.0
2010-04-21,73.22556466,73.2415548,73.22556466,73.22556466,120078.0
2010-04-22,73.22556466,73.2415548,73.22556466,73.22556466,113416.0
2010-04-23,73.2415548,73.2415548,73.22556466,73.22556466,102968.0
2010-04-26,73.22556466,73.2415548,73.22556466,73.2415548,222264.0
2010-04-27,73.22556466,73.2415548,73.22556466,73.22556466,579532.0
2010-04-28,73.22556466,73.2415548,73.22556466,73.2415548,214915.0
2010-04-29,73.22556466,73.2415548,73.22556466,73.2415548,76502.0
2010-04-30,73.22556466,73.2415548,73.22556466,73.22556466,191433.0
2010-05-03,73.2415548,73.2415548,73.22556466,73.2415548,228121.0
2010-05-04,73.22556466,73.2415548,73.22556466,73.22556466,97712.0
2010-05-05,73.2415548,73.2415548,73.22556466,73.2415548,286951.0
2010-05-06,73.22556466,73.25751299,73.22556466,73.25751299,212438.0
2010-05-07,73.2415548,73.25751299,73.22556466,73.25751299,353286.0
2010-05-10,73.2415548,73.25751299,73.2415548,73.25751299,219511.0
2010-05-11,73.2415548,73.25751299,73.2415548,73.25751299,176222.0
2010-05-12,73.25751299,73.25751299,73.2415548,73.25751299,209415.0
2010-05-13,73.25751299,73.25751299,73.2415548,73.2415548,1255813.0
2010-05-14,73.25751299,73.25751299,73.2415548,73.25751299,189014.0
2010-05-17,73.25751299,73.25751299,73.2415548,73.25751299,140259.0
2010-05-18,73.25751299,73.25751299,73.2415548,73.2415548,187689.0
2010-05-19,73.2415548,73.25751299,73.2415548,73.25751299,354782.0
2010-05-20,73.25751299,73.25751299,73.2415548,73.25751299,442617.0
2010-05-21,73.25751299,73.25751299,73.2415548,73.25751299,463109.0
2010-05-24,73.25751299,73.25751299,73.2415548,73.25751299,168569.0
2010-05-25,73.2415548,73.25751299,73.2415548,73.25751299,343899.0
2010-05-26,73.25751299,73.27348715,73.2415548,73.27348715,662061.0
2010-05-27,73.25751299,73.25751299,73.2415548,73.2415548,518674.0
2010-05-28,73.25751299,73.25751299,73.2415548,73.25751299,280729.0
2010-06-01,73.2415548,73.25751299,73.2415548,73.25751299,550704.0
2010-06-02,73.2415548,73.27348715,73.2415548,73.27348715,959780.0
2010-06-03,73.2415548,73.27348715,73.2415548,73.2415548,219859.0
2010-06-04,73.2415548,73.27348715,73.2415548,73.27348715,495828.0
2010-06-07,73.25751299,73.27348715,73.2415548,73.25431816,158784.0
2010-06-08,73.25751299,73.27348715,73.2415548,73.27348715,306121.0
2010-06-09,73.27348715,73.27348715,73.25751299,73.27348715,163908.0
2010-06-10,73.25751299,73.27348715,73.25751299,73.27348715,100729.0
2010-06-11,73.25751299,73.27348715,73.2415548,73.27348715,144728.0
2010-06-14,73.27348715,73.27348715,73.2415548,73.2415548,236603.0
2010-06-15,73.25751299,73.27348715,73.2415548,73.2415548,382052.0
2010-06-16,73.25751299,73.27348715,73.2415548,73.2415548,863665.0
2010-06-17,73.25751299,73.25751299,73.2415548,73.2415548,317691.0
2010-06-18,73.2415548,73.25751299,73.2415548,73.25751299,227533.0
2010-06-21,73.2415548,73.25751299,73.2415548,73.2415548,787598.0
2010-06-22,73.2415548,73.25751299,73.2415548,73.25751299,140480.0
2010-06-23,73.2415548,73.25751299,73.2415548,73.25751299,63778.0
2010-06-24,73.2415548,73.25751299,73.2415548,73.25751299,290961.0
2010-06-25,73.25751299,73.25751299,73.2415548,73.25751299,93756.0
2010-06-28,73.2415548,73.25751299,73.2415548,73.25751299,198769.0
2010-06-29,73.25751299,73.25751299,73.2415548,73.25751299,579508.0
2010-06-30,73.2415548,73.27348715,73.2415548,73.27029232,1013854.0
2010-07-01,73.25751299,73.25751299,73.2415548,73.25751299,572469.0
2010-07-02,73.2415548,73.25751299,73.2415548,73.25751299,139143.0
2010-07-06,73.25751299,73.25751299,73.2415548,73.2415548,715875.0
2010-07-07,73.25751299,73.25751299,73.2415548,73.2415548,873489.0
2010-07-08,73.2415548,73.25751299,73.2415548,73.25751299,1255090.0
2010-07-09,73.2415548,73.25751299,73.2415548,73.2415548,222965.0
2010-07-12,73.25751299,73.25751299,73.2415548,73.25751299,979901.0
2010-07-13,73.25751299,73.25751299,73.2415548,73.25751299,164002.0
2010-07-14,73.2415548,73.25751299,73.2415548,73.25751299,159163.0
2010-07-15,73.2415548,73.25751299,73.2415548,73.25751299,122100.0
2010-07-16,73.2415548,73.25751299,73.2415548,73.25751299,87704.0
2010-07-19,73.25751299,73.25751299,73.2415548,73.2415548,803321.0
2010-07-20,73.25751299,73.25751299,73.2415548,73.2415548,121342.0
2010-07-21,73.2415548,73.25751299,73.2415548,73.2415548,124354.0
2010-07-22,73.2415548,73.25751299,73.2415548,73.2415548,319604.0
2010-07-23,73.25751299,73.25751299,73.2415548,73.25751299,73557.0
2010-07-26,73.25751299,73.25751299,73.22556466,73.22556466,881781.0
2010-07-27,73.2415548,73.2415548,73.22556466,73.22556466,874791.0
2010-07-28,73.22556466,73.2415548,73.22556466,73.2415548,118126.0
2010-07-29,73.22556466,73.2415548,73.22556466,73.22556466,110708.0
2010-07-30,73.2415548,73.2415548,73.22556466,73.2415548,67908.0
2010-08-02,73.22556466,73.2415548,73.22556466,73.22556466,794558.0
2010-08-03,73.22556466,73.2415548,73.22556466,73.22556466,1342095.0
2010-08-04,73.22556466,73.2415548,73.22556466,73.22556466,977152.0
2010-08-05,73.22556466,73.25751299,73.22556466,73.22556466,500592.0
2010-08-06,73.22556466,73.2415548,73.22556466,73.22556466,131053.0
2010-08-09,73.2415548,73.25751299,73.22556466,73.22556466,94542.0
2010-08-10,73.2415548,73.2415548,73.22556466,73.2415548,125471.0
2010-08-11,73.22556466,73.25751299,73.22556466,73.25751299,830490.0
2010-08-12,73.2415548,73.25751299,73.2415548,73.25751299,955718.0
2010-08-13,73.2415548,73.25751299,73.2415548,73.25751299,580543.0
2010-08-16,73.25751299,73.25751299,73.2415548,73.2415548,59807.0
2010-08-17,73.25751299,73.25751299,73.2415548,73.25751299,193922.0
2010-08-18,73.2415548,73.25751299,73.2415548,73.2415548,102141.0
2010-08-19,73.25751299,73.25751299,73.2415548,73.2415548,279986.0
2010-08-20,73.25751299,73.25751299,73.2415548,73.25751299,84783.0
2010-08-23,73.2415548,73.25751299,73.2415548,73.2415548,118568.0
2010-08-24,73.2415548,73.25751299,73.2415548,73.2415548,392451.0
2010-08-25,73.25751299,73.25751299,73.2415548,73.25751299,615096.0
2010-08-26,73.25751299,73.25751299,73.2415548,73.2415548,130047.0
2010-08-27,73.2415548,73.25751299,73.2415548,73.2415548,134485.0
2010-08-30,73.2415548,73.25751299,73.2415548,73.25751299,119202.0
2010-08-31,73.25751299,73.25751299,73.2415548,73.2415548,290167.0
2010-09-01,73.2415548,73.25751299,73.2415548,73.24474963,599594.0
2010-09-02,73.2415548,73.25751299,73.2415548,73.25751299,132408.0
2010-09-03,73.2415548,73.25751299,73.2415548,73.25751299,652841.0
2010-09-07,73.2415548,73.25751299,73.2415548,73.2415548,105452.0
2010-09-08,73.2415548,73.25751299,73.2415548,73.2415548,697697.0
2010-09-09,73.2415548,73.25751299,73.2415548,73.2415548,100270.0
2010-09-10,73.25751299,73.25751299,73.2415548,73.2415548,329891.0
2010-09-13,73.2415548,73.25751299,73.2415548,73.2415548,364477.0
2010-09-14,73.2415548,73.25751299,73.2415548,73.25751299,46559.0
2010-09-15,73.2415548,73.25751299,73.2415548,73.25751299,120296.0
2010-09-16,73.2415548,73.25751299,73.2415548,73.25751299,213519.0
2010-09-17,73.2415548,73.25751299,73.2415548,73.2415548,168724.0
2010-09-20,73.2415548,73.25751299,73.2415548,73.2415548,371860.0
2010-09-21,73.25751299,73.25751299,73.2415548,73.2415548,742115.0
2010-09-22,73.25751299,73.25751299,73.2415548,73.2415548,521286.0
2010-09-23,73.2415548,73.25751299,73.2415548,73.2415548,209937.0
2010-09-24,73.25751299,73.25751299,73.2415548,73.25751299,100265.0
2010-09-27,73.2415548,73.25751299,73.2415548,73.25751299,283236.0
2010-09-28,73.2415548,73.25751299,73.2415548,73.2415548,113191.0
2010-09-29,73.2415548,73.25751299,73.2415548,73.2415548,161460.0
2010-09-30,73.2415548,73.25751299,73.2415548,73.2415548,214152.0
2010-10-01,73.2415548,73.25751299,73.2415548,73.2415548,328148.0
2010-10-04,73.2415548,73.25751299,73.2415548,73.25751299,198544.0
2010-10-05,73.2415548,73.25751299,73.2415548,73.2415548,420300.0
2010-10-06,73.2415548,73.25751299,73.2415548,73.2415548,744575.0
2010-10-07,73.2415548,73.25751299,73.2415548,73.2415548,524718.0
2010-10-08,73.2415548,73.25751299,73.2415548,73.2415548,115806.0
2010-10-11,73.2415548,73.25751299,73.2415548,73.2415548,64497.0
2010-10-12,73.2415548,73.25751299,73.2415548,73.2415548,425704.0
2010-10-13,73.2415548,73.25751299,73.2415548,73.2415548,397033.0
2010-10-14,73.2415548,73.25751299,73.2415548,73.25751299,170271.0
2010-10-15,73.2415548,73.25751299,73.2415548,73.2415548,89319.0
2010-10-18,73.2415548,73.25751299,73.2415548,73.25751299,187830.0
2010-10-19,73.25751299,73.25751299,73.2415548,73.2415548,66168.0
2010-10-20,73.25751299,73.25751299,73.2415548,73.2415548,633442.0
2010-10-21,73.2415548,73.25751299,73.2415548,73.2415548,625569.0
2010-10-22,73.25751299,73.25751299,73.2415548,73.25751299,114919.0
2010-10-25,73.2415548,73.25751299,73.2415548,73.2415548,135588.0
2010-10-26,73.2415548,73.25751299,73.2415548,73.25751299,89472.0
2010-10-27,73.2415548,73.25751299,73.2415548,73.25751299,114963.0
2010-10-28,73.25751299,73.25751299,73.2415548,73.2415548,86595.0
2010-10-29,73.2415548,73.25751299,73.2415548,73.25751299,57845.0
2010-11-01,73.25751299,73.25751299,73.2415548,73.24952591,242075.0
2010-11-02,73.2415548,73.25751299,73.22556466,73.22556466,226461.0
2010-11-03,73.2415548,73.25751299,73.2415548,73.2415548,229472.0
2010-11-04,73.2415548,73.25751299,73.2415548,73.2415548,934074.0
2010-11-05,73.2415548,73.25751299,73.2415548,73.2415548,327150.0
2010-11-08,73.2415548,73.25751299,73.2415548,73.2415548,198336.0
2010-11-09,73.2415548,73.25751299,73.2415548,73.2415548,223183.0
2010-11-10,73.2415548,73.25751299,73.2415548,73.2415548,243612.0
2010-11-11,73.2415548,73.25751299,73.22556466,73.22556466,49600.0
2010-11-12,73.2415548,73.25751299,73.2415548,73.25751299,1456982.0
2010-11-15,73.25751299,73.25751299,73.2415548,73.24952591,201082.0
2010-11-16,73.2415548,73.25751299,73.2415548,73.25751299,103449.0
2010-11-17,73.2415548,73.25751299,73.2415548,73.25751299,55268.0
2010-11-18,73.2415548,73.25751299,73.2415548,73.2415548,96500.0
2010-11-19,73.2415548,73.25751299,73.2415548,73.2415548,154640.0
2010-11-22,73.2415548,73.25751299,73.2415548,73.2415548,226650.0
2010-11-23,73.25751299,73.25751299,73.2415548,73.2415548,67979.0
2010-11-24,73.2415548,73.25751299,73.2415548,73.25751299,86567.0
2010-11-26,73.2415548,73.25751299,73.2415548,73.25751299,223741.0
2010-11-29,73.2415548,73.25751299,73.2415548,73.25751299,250463.0
2010-11-30,73.2415548,73.25751299,73.2415548,73.25751299,81251.0
2010-12-01,73.25751299,73.25751299,73.2415548,73.2415548,75320.0
2010-12-02,73.2415548,73.25751299,73.2415548,73.2415548,188401.0
2010-12-03,73.2415548,73.25751299,73.2415548,73.25751299,320263.0
2010-12-06,73.2415548,73.25751299,73.2415548,73.2415548,141300.0
2010-12-07,73.2415548,73.25751299,73.2415548,73.2415548,176466.0
2010-12-08,73.2415548,73.25751299,73.2415548,73.2415548,82417.0
2010-12-09,73.2415548,73.25751299,73.2415548,73.25751299,185233.0
2010-12-10,73.2415548,73.25751299,73.2415548,73.25751299,164425.0
2010-12-13,73.2415548,73.25751299,73.2415548,73.25751299,130768.0
2010-12-14,73.2415548,73.25751299,73.2415548,73.25751299,388468.0
2010-12-15,73.2415548,73.25751299,73.2415548,73.2415548,204542.0
2010-12-16,73.2415548,73.25751299,73.2415548,73.2415548,564588.0
2010-12-17,73.2415548,73.25751299,73.2415548,73.25751299,241747.0
2010-12-20,73.2415548,73.25751299,73.2415548,73.25751299,120561.0
2010-12-21,73.25751299,73.25751299,73.2415548,73.25751299,103307.0
2010-12-22,73.25240126,73.25751299,73.2415548,73.2415548,97204.0
2010-12-23,73.2415548,73.25751299,73.2415548,73.2415548,87952.0
2010-12-27,73.2415548,73.25751299,73.2415548,73.2415548,151055.0
2010-12-28,73.2415548,73.25751299,73.2415548,73.25751299,115172.0
2010-12-29,73.25751299,73.25751299,73.2415548,73.2415548,72126.0
2010-12-30,73.2415548,73.25751299,73.2415548,73.25751299,217642.0
2010-12-31,73.2415548,73.25751299,73.2415548,73.2415548,119601.0
2011-01-03,73.2415548,73.25751299,73.2415548,73.25751299,126845.0
2011-01-04,73.25751299,73.25751299,73.2415548,73.25751299,156704.0
2011-01-05,73.2415548,73.25751299,73.2415548,73.25751299,184319.0
2011-01-06,73.25751299,73.25751299,73.2415548,73.25751299,64926.0
2011-01-07,73.2415548,73.25751299,73.2415548,73.2415548,124559.0
2011-01-10,73.2415548,73.25751299,73.2415548,73.25751299,150530.0
2011-01-11,73.25751299,73.25751299,73.2415548,73.25751299,127262.0
2011-01-12,73.2415548,73.25751299,73.2415548,73.2415548,69378.0
2011-01-13,73.2415548,73.25751299,73.2415548,73.2415548,94560.0
2011-01-14,73.2415548,73.25751299,73.2415548,73.2415548,199411.0
2011-01-18,73.2415548,73.25751299,73.2415548,73.2415548,426586.0
2011-01-19,73.25751299,73.25751299,73.2415548,73.25751299,150845.0
2011-01-20,73.25751299,73.25751299,73.2415548,73.25751299,99647.0
2011-01-21,73.2415548,73.25751299,73.2415548,73.2415548,55069.0
2011-01-24,73.2415548,73.25751299,73.2415548,73.2415548,312098.0
2011-01-25,73.25751299,73.25751299,73.2415548,73.25751299,443056.0
2011-01-26,73.25751299,73.25751299,73.2415548,73.2415548,87796.0
2011-01-27,73.2415548,73.25751299,73.2415548,73.25751299,88952.0
2011-01-28,73.2415548,73.25751299,73.2415548,73.2415548,158507.0
2011-01-31,73.2415548,73.25751299,73.2415548,73.2415548,87241.0
2011-02-01,73.2415548,73.25751299,73.2415548,73.2415548,787564.0
2011-02-02,73.2415548,73.25751299,73.2415548,73.2415548,283544.0
2011-02-03,73.25751299,73.25751299,73.2415548,73.2415548,91000.0
2011-02-04,73.2415548,73.25751299,73.2415548,73.25751299,100967.0
2011-02-07,73.25751299,73.25751299,73.2415548,73.2415548,131515.0
2011-02-08,73.25751299,73.25751299,73.2415548,73.2415548,155391.0
2011-02-09,73.25751299,73.25751299,73.2415548,73.25751299,147688.0
2011-02-10,73.2415548,73.25751299,73.2415548,73.2415548,148634.0
2011-02-11,73.25751299,73.25751299,73.2415548,73.2415548,138145.0
2011-02-14,73.25751299,73.25751299,73.2415548,73.2415548,74414.0
2011-02-15,73.25751299,73.25751299,73.2415548,73.25751299,193160.0
2011-02-16,73.25751299,73.25751299,73.2415548,73.25751299,136791.0
2011-02-17,73.2415548,73.25751299,73.2415548,73.25751299,68214.0
2011-02-18,73.2415548,73.25751299,73.2415548,73.2415548,93744.0
2011-02-22,73.25751299,73.25751299,73.2415548,73.2415548,144014.0
2011-02-23,73.25751299,73.25751299,73.2415548,73.24952591,493464.0
2011-02-24,73.25751299,73.25751299,73.2415548,73.24952591,126733.0
2011-02-25,73.25751299,73.25751299,73.2415548,73.25751299,91318.0
2011-02-28,73.25751299,73.25751299,73.2415548,73.2415548,145808.0
2011-03-01,73.25751299,73.25751299,73.2415548,73.2415548,138372.0
2011-03-02,73.25751299,73.25751299,73.2415548,73.25751299,127972.0
2011-03-03,73.25751299,73.25751299,73.2415548,73.2415548,139913.0
2011-03-04,73.2415548,73.25751299,73.2415548,73.25112332,132267.0
2011-03-07,73.25751299,73.25751299,73.2415548,73.2415548,95814.0
2011-03-08,73.25751299,73.25751299,73.2415548,73.2415548,1178787.0
2011-03-09,73.25751299,73.25751299,73.2415548,73.2415548,159766.0
2011-03-10,73.2415548,73.25751299,73.2415548,73.2415548,140155.0
2011-03-11,73.2415548,73.25751299,73.2415548,73.25751299,77706.0
2011-03-14,73.2415548,73.27348715,73.2415548,73.25751299,929629.0
2011-03-15,73.27348715,73.27348715,73.2415548,73.27348715,754266.0
2011-03-16,73.25751299,73.27348715,73.25751299,73.27348715,122295.0
2011-03-17,73.27348715,73.27348715,73.25751299,73.27348715,595413.0
2011-03-18,73.25751299,73.27348715,73.25751299,73.27348715,222732.0
2011-03-21,73.25751299,73.27348715,73.25751299,73.27348715,102312.0
2011-03-22,73.2415548,73.25751299,73.2415548,73.2415548,117101.0
2011-03-23,73.2415548,73.25751299,73.2415548,73.25751299,156910.0
2011-03-24,73.2415548,73.25751299,73.2415548,73.2415548,557934.0
2011-03-25,73.2415548,73.25751299,73.2415548,73.2415548,1271886.0
2011-03-28,73.2415548,73.25751299,73.2415548,73.25751299,733916.0
2011-03-29,73.25751299,73.25751299,73.2415548,73.2415548,240914.0
2011-03-30,73.25751299,73.25751299,73.2415548,73.25751299,589918.0
2011-03-31,73.2415548,73.25751299,73.2415548,73.2415548,145190.0
2011-04-01,73.25751299,73.25751299,73.2415548,73.2415548,148846.0
2011-04-04,73.2415548,73.26551605,73.2415548,73.2415548,144700.0
2011-04-05,73.25751299,73.25751299,73.2415548,73.2415548,164987.0
2011-04-06,73.2415548,73.25751299,73.2415548,73.2415548,116855.0
2011-04-07,73.2415548,73.25751299,73.2415548,73.25751299,129439.0
2011-04-08,73.25751299,73.25751299,73.2415548,73.2415548,1310744.0
2011-04-11,73.2415548,73.25751299,73.2415548,73.2415548,230838.0
2011-04-12,73.25751299,73.27348715,73.2415548,73.25751299,61054.0
2011-04-13,73.25751299,73.27348715,73.2415548,73.25751299,79174.0
2011-04-14,73.27348715,73.27348715,73.2415548,73.2415548,245747.0
2011-04-15,73.2415548,73.25751299,73.2415548,73.25751299,152594.0
2011-04-18,73.2415548,73.25751299,73.2415548,73.2415548,112275.0
2011-04-19,73.2415548,73.25751299,73.2415548,73.2415548,110630.0
2011-04-20,73.25751299,73.25751299,73.2415548,73.2415548,102159.0
2011-04-21,73.2415548,73.25751299,73.2415548,73.2415548,89810.0
2011-04-25,73.25751299,73.25751299,73.2415548,73.2415548,103139.0
2011-04-26,73.25751299,73.25751299,73.2415548,73.2415548,41422.0
2011-04-27,73.2415548,73.25751299,73.2415548,73.2415548,105954.0
2011-04-28,73.2415548,73.25751299,73.2415548,73.2415548,97012.0
2011-04-29,73.2415548,73.25751299,73.2415548,73.2415548,74743.0
2011-05-02,73.25751299,73.25751299,73.2415548,73.2415548,76231.0
2011-05-03,73.25751299,73.25751299,73.2415548,73.2415548,127096.0
2011-05-04,73.27348715,73.27348715,73.2415548,73.27348715,449735.0
2011-05-05,73.25751299,73.27348715,73.25751299,73.27348715,786534.0
2011-05-06,73.25751299,73.27348715,73.25751299,73.27348715,143374.0
2011-05-09,73.25751299,73.27348715,73.25751299,73.27348715,808464.0
2011-05-10,73.27348715,73.27348715,73.25751299,73.27348715,182175.0
2011-05-11,73.25751299,73.27348715,73.25751299,73.27348715,76111.0
2011-05-12,73.27348715,73.27348715,73.25751299,73.27348715,88316.0
2011-05-13,73.27348715,73.27348715,73.25751299,73.25751299,42906.0
2011-05-16,73.27348715,73.27348715,73.25751299,73.25751299,905740.0
2011-05-17,73.27348715,73.27348715,73.25751299,73.25751299,582668.0
2011-05-18,73.2415548,73.25751299,73.2415548,73.2415548,75504.0
2011-05-19,73.2415548,73.27348715,73.2415548,73.27348715,71255.0
2011-05-20,73.25751299,73.25751299,73.2415548,73.25751299,443372.0
2011-05-23,73.25751299,73.25751299,73.2415548,73.25751299,328703.0
2011-05-24,73.2415548,73.25751299,73.2415548,73.25751299,68245.0
2011-05-25,73.25751299,73.25751299,73.2415548,73.25751299,159752.0
2011-05-26,73.25751299,73.25751299,73.2415548,73.25751299,819512.0
2011-05-27,73.2415548,73.25751299,73.2415548,73.25751299,161326.0
2011-05-31,73.2415548,73.25751299,73.2415548,73.24952591,133669.0
2011-06-01,73.2415548,73.25751299,73.2415548,73.2415548,471891.0
2011-06-02,73.2415548,73.25751299,73.2415548,73.2415548,68985.0
2011-06-03,73.2415548,73.25751299,73.2415548,73.2415548,62736.0
2011-06-06,73.25751299,73.25751299,73.2415548,73.2415548,655226.0
2011-06-07,73.25751299,73.25751299,73.2415548,73.25751299,882422.0
2011-06-08,73.2415548,73.25751299,73.2415548,73.25751299,64923.0
2011-06-09,73.25751299,73.25751299,73.2415548,73.2415548,376306.0
2011-06-10,73.2415548,73.25751299,73.2415548,73.25751299,79387.0
2011-06-13,73.25751299,73.25751299,73.2415548,73.2415548,94916.0
2011-06-14,73.2415548,73.25751299,73.2415548,73.25751299,862394.0
2011-06-15,73.25751299,73.25751299,73.2415548,73.25751299,113616.0
2011-06-16,73.25751299,73.25751299,73.2415548,73.25751299,101882.0
2011-06-17,73.25751299,73.25751299,73.2415548,73.25751299,96717.0
2011-06-20,73.25751299,73.25751299,73.2415548,73.24952591,102895.0
2011-06-21,73.25751299,73.25751299,73.2415548,73.2415548,433345.0
2011-06-22,73.2415548,73.25751299,73.2415548,73.25751299,158654.0
2011-06-23,73.25751299,73.25751299,73.2415548,73.25751299,523725.0
2011-06-24,73.25751299,73.25751299,73.2415548,73.2415548,357719.0
2011-06-27,73.25751299,73.25751299,73.2415548,73.2415548,126933.0
2011-06-28,73.25751299,73.25751299,73.2415548,73.2415548,289614.0
2011-06-29,73.2415548,73.25751299,73.2415548,73.25751299,1148917.0
2011-06-30,73.2415548,73.25751299,73.2415548,73.25751299,1730050.0
2011-07-01,73.25751299,73.25751299,73.2415548,73.2415548,496357.0
2011-07-05,73.25751299,73.25751299,73.2415548,73.2415548,786693.0
2011-07-06,73.2415548,73.25751299,73.2415548,73.25751299,222301.0
2011-07-07,73.2415548,73.25751299,73.2415548,73.2415548,158801.0
2011-07-08,73.2415548,73.25751299,73.2415548,73.2415548,70648.0
2011-07-11,73.25751299,73.25751299,73.22556466,73.2295582,147831.0
2011-07-12,73.25751299,73.25751299,73.2415548,73.2415548,1149954.0
2011-07-13,73.2415548,73.25751299,73.2415548,73.25751299,1115488.0
2011-07-14,73.25751299,73.25751299,73.2415548,73.25751299,216609.0
2011-07-15,73.2415548,73.25751299,73.2415548,73.25751299,496032.0
2011-07-18,73.2415548,73.25751299,73.2415548,73.25751299,803331.0
2011-07-19,73.25751299,73.25751299,73.2415548,73.25751299,789988.0
2011-07-20,73.2415548,73.25751299,73.2415548,73.2415548,162632.0
2011-07-21,73.25751299,73.25751299,73.2415548,73.2415548,790406.0
2011-07-22,73.2415548,73.25751299,73.2415548,73.25751299,162544.0
2011-07-25,73.25751299,73.25751299,73.2415548,73.25751299,72289.0
2011-07-26,73.2415548,73.25751299,73.2415548,73.25751299,85796.0
2011-07-27,73.25751299,73.25751299,73.2415548,73.25751299,906023.0
2011-07-28,73.2415548,73.25751299,73.2415548,73.25751299,802796.0
2011-07-29,73.2415548,73.25751299,73.2415548,73.25751299,1060941.0
2011-08-01,73.2415548,73.25751299,73.22556466,73.25751299,290216.0
2011-08-02,73.2415548,73.25751299,73.22556466,73.25751299,1012598.0
2011-08-03,73.25751299,73.25751299,73.2415548,73.25751299,681106.0
2011-08-04,73.25751299,73.25751299,73.2415548,73.25751299,1335140.0
2011-08-05,73.25751299,73.25751299,73.2415548,73.25751299,438720.0
2011-08-08,73.2415548,73.25751299,73.2415548,73.25751299,560555.0
2011-08-09,73.25751299,73.25751299,73.2415548,73.25751299,658445.0
2011-08-10,73.2415548,73.25751299,73.22556466,73.2506441,374126.0
2011-08-11,73.2415548,73.25751299,73.22556466,73.25751299,224652.0
2011-08-12,73.25751299,73.25751299,73.2415548,73.25751299,779831.0
2011-08-15,73.2415548,73.25751299,73.2415548,73.25751299,9127344.0
2011-08-16,73.25751299,73.25751299,73.2415548,73.25751299,368085.0
2011-08-17,73.25751299,73.25751299,73.2415548,73.25751299,331197.0
2011-08-18,73.25751299,73.25751299,73.22556466,73.22556466,525421.0
2011-08-19,73.25751299,73.25751299,73.2415548,73.25751299,941702.0
2011-08-22,73.2415548,73.25751299,73.22556466,73.22556466,247873.0
2011-08-23,73.2415548,73.25751299,73.2415548,73.25751299,709216.0
2011-08-24,73.25751299,73.25751299,73.2415548,73.25751299,190737.0
2011-08-25,73.25751299,73.25751299,73.22556466,73.22556466,334768.0
2011-08-26,73.25751299,73.25751299,73.2415548,73.25751299,247948.0
2011-08-29,73.25751299,73.25751299,73.2415548,73.25751299,11294368.0
2011-08-30,73.2415548,73.25751299,73.2415548,73.25751299,951954.0
2011-08-31,73.25751299,73.25751299,73.2415548,73.25751299,523727.0
2011-09-01,73.2415548,73.25751299,73.22556466,73.25751299,1048079.0
2011-09-02,73.25751299,73.25751299,73.2415548,73.25751299,479434.0
2011-09-06,73.2415548,73.25751299,73.22556466,73.2415548,8617192.0
2011-09-07,73.2415548,73.2415548,73.22556466,73.22556466,367914.0
2011-09-08,73.22556466,73.2415548,73.22556466,73.22556466,697988.0
2011-09-09,73.22556466,73.25751299,73.22556466,73.2415548,731034.0
2011-09-12,73.22556466,73.2415548,73.22556466,73.2415548,287695.0
2011-09-13,73.2415548,73.2415548,73.22556466,73.22556466,568508.0
2011-09-14,73.2415548,73.2415548,73.22556466,73.22556466,307968.0
2011-09-15,73.2415548,73.25751299,73.22556466,73.22556466,923747.0
2011-09-16,73.2415548,73.2415548,73.22556466,73.22556466,276414.0
2011-09-19,73.2415548,73.2415548,73.22556466,73.2415548,517065.0
2011-09-20,73.22556466,73.2415548,73.22556466,73.2415548,372986.0
2011-09-21,73.2415548,73.2415548,73.22556466,73.2415548,314126.0
2011-09-22,73.22556466,73.2415548,73.22556466,73.22556466,1011608.0
2011-09-23,73.2415548,73.2415548,73.22556466,73.2415548,604133.0
2011-09-26,73.2415548,73.2415548,73.22556466,73.2415548,497373.0
2011-09-27,73.22556466,73.2415548,73.22556466,73.22556466,404116.0
2011-09-28,73.2415548,73.2415548,73.22556466,73.2415548,383642.0
2011-09-29,73.2415548,73.2415548,73.22556466,73.2415548,451636.0
2011-09-30,73.2415548,73.2415548,73.22556466,73.2415548,611420.0
2011-10-03,73.2415548,73.2415548,73.22556466,73.2415548,13151248.0
2011-10-04,73.2415548,73.2415548,73.22556466,73.2415548,691002.0
2011-10-05,73.2415548,73.2415548,73.22556466,73.2415548,689263.0
2011-10-06,73.2415548,73.2415548,73.22556466,73.22556466,353364.0
2011-10-07,73.22556466,73.2415548,73.22556466,73.2415548,750639.0
2011-10-10,73.22556466,73.2415548,73.2095905,73.22556466,1657339.0
2011-10-11,73.22556466,73.2415548,73.22556466,73.2415548,562528.0
2011-10-12,73.2415548,73.2415548,73.22556466,73.22556466,382975.0
2011-10-13,73.22556466,73.2415548,73.22556466,73.2415548,494014.0
2011-10-14,73.2415548,73.2415548,73.22556466,73.22556466,459217.0
2011-10-17,73.22556466,73.2415548,73.22556466,73.22556466,12224576.0
2011-10-18,73.22556466,73.2415548,73.22556466,73.2415548,350614.0
2011-10-19,73.22556466,73.2415548,73.22556466,73.2415548,294410.0
2011-10-20,73.22556466,73.2415548,73.22556466,73.2415548,1126086.0
2011-10-21,73.22556466,73.2415548,73.22556466,73.22556466,583750.0
2011-10-24,73.22556466,73.2415548,73.22556466,73.22556466,8779728.0
2011-10-25,73.22556466,73.2415548,73.22556466,73.2415548,482497.0
2011-10-26,73.22556466,73.2415548,73.22556466,73.2415548,239421.0
2011-10-27,73.22556466,73.2415548,73.22556466,73.22556466,1490253.0
2011-10-28,73.22556466,73.2415548,73.22556466,73.22556466,404369.0
2011-10-31,73.2415548,73.2415548,73.2095905,73.2095905,3112416.0
2011-11-01,73.2415548,73.2415548,73.22556466,73.2415548,1423127.0
2011-11-02,73.2415548,73.2415548,73.22556466,73.22556466,284605.0
2011-11-03,73.2415548,73.2415548,73.2095905,73.2095905,326786.0
2011-11-04,73.2415548,73.2415548,73.22556466,73.22556466,202988.0
2011-11-07,73.22556466,73.2415548,73.22556466,73.2415548,197555.0
2011-11-08,73.22556466,73.2415548,73.22556466,73.2415548,537259.0
2011-11-09,73.2415548,73.2415548,73.22556466,73.22556466,174181.0
2011-11-10,73.22556466,73.2415548,73.22556466,73.2415548,362103.0
2011-11-11,73.22556466,73.24952591,73.22556466,73.22556466,344378.0
2011-11-14,73.2415548,73.2415548,73.22556466,73.2415548,648952.0
2011-11-15,73.2415548,73.2415548,73.22556466,73.22556466,232901.0
2011-11-16,73.22556466,73.2415548,73.22556466,73.2415548,341280.0
2011-11-17,73.22556466,73.2415548,73.22556466,73.2415548,843781.0
2011-11-18,73.2415548,73.2415548,73.22556466,73.2415548,274693.0
2011-11-21,73.2415548,73.2415548,73.22556466,73.2415548,2169058.0
2011-11-22,73.2415548,73.2415548,73.22556466,73.22556466,631410.0
2011-11-23,73.2415548,73.2415548,73.2095905,73.2415548,877133.0
2011-11-25,73.2415548,73.2415548,73.22556466,73.2415548,268281.0
2011-11-28,73.22556466,73.2415548,73.22556466,73.2415548,467544.0
2011-11-29,73.22556466,73.2415548,73.2095905,73.2095905,537667.0
2011-11-30,73.22556466,73.22556466,73.2095905,73.22556466,1701846.0
2011-12-01,73.2095905,73.22556466,73.2095905,73.2095905,2136994.0
2011-12-02,73.22556466,73.22556466,73.2095905,73.22556466,353719.0
2011-12-05,73.22556466,73.22556466,73.2095905,73.22556466,2240547.0
2011-12-06,73.2095905,73.25751299,73.2095905,73.2415548,211134.0
2011-12-07,73.22556466,73.22556466,73.2095905,73.22556466,259936.0
2011-12-08,73.22556466,73.22556466,73.2095905,73.22556466,248012.0
2011-12-09,73.2095905,73.22556466,73.2095905,73.2095905,199787.0
2011-12-12,73.2095905,73.22556466,73.2095905,73.2095905,11094096.0
2011-12-13,73.2095905,73.22556466,73.2095905,73.2095905,399120.0
2011-12-14,73.2095905,73.22556466,73.2095905,73.21759356,1237606.0
2011-12-15,73.22556466,73.22556466,73.2095905,73.2095905,535040.0
2011-12-16,73.22556466,73.22556466,73.2095905,73.22556466,264152.0
2011-12-19,73.2095905,73.22556466,73.2095905,73.22556466,348461.0
2011-12-20,73.22556466,73.22556466,73.2095905,73.22556466,235475.0
2011-12-21,73.22556466,73.22556466,73.2095905,73.22556466,299428.0
2011-12-22,73.22556466,73.22556466,73.2095905,73.22556466,141820.0
2011-12-23,73.22556466,73.22556466,73.09775538,73.22556466,508267.0
2011-12-27,73.2095905,73.22556466,73.2095905,73.2095905,158498.0
2011-12-28,73.21261418,73.228589,73.21261418,73.21261418,273569.0
2011-12-29,73.21261418,73.228589,73.21261418,73.21261418,196870.0
2011-12-30,73.21261418,73.228589,73.21261418,73.21261418,200318.0
2012-01-03,73.21261418,73.228589,73.19665533,73.19665533,4246642.0
2012-01-04,73.21261418,73.21261418,73.19665533,73.19665533,443234.0
2012-01-05,73.19665533,73.21261418,73.19665533,73.19665533,489317.0
2012-01-06,73.19665533,73.21261418,73.19665533,73.19665533,476794.0
2012-01-09,73.21261418,73.21261418,73.19665533,73.20462677,490297.0
2012-01-10,73.19665533,73.21261418,73.19665533,73.20462677,352206.0
2012-01-11,73.21261418,73.21261418,73.19665533,73.19665533,401952.0
2012-01-12,73.19665533,73.21261418,73.19665533,73.19665533,344220.0
2012-01-13,73.19665533,73.21261418,73.19665533,73.19665533,581565.0
2012-01-17,73.19665533,73.21261418,73.19665533,73.19665533,210838.0
2012-01-18,73.19665533,73.21261418,73.19665533,73.19665533,1529650.0
2012-01-19,73.19665533,73.21261418,73.19665533,73.20111231,728059.0
2012-01-20,73.19665533,73.21261418,73.19665533,73.19665533,211364.0
2012-01-23,73.21261418,73.21261418,73.19665533,73.19665533,224313.0
2012-01-24,73.19665533,73.21261418,73.19665533,73.19665533,216125.0
2012-01-25,73.19665533,73.21261418,73.19665533,73.19665533,269758.0
2012-01-26,73.20462677,73.21261418,73.19665533,73.19665533,182172.0
2012-01-27,73.19665533,73.21261418,73.19665533,73.19665533,153817.0
2012-01-30,73.19665533,73.21261418,73.19665533,73.21261418,256008.0
2012-01-31,73.21261418,73.21261418,73.19665533,73.19665533,416779.0
2012-02-01,73.19665533,73.21261418,73.19665533,73.19665533,362587.0
2012-02-02,73.19665533,73.21261418,73.19665533,73.19665533,118960.0
2012-02-03,73.19665533,73.21261418,73.19665533,73.19665533,365154.0
2012-02-06,73.19665533,73.21261418,73.19665533,73.21261418,184889.0
2012-02-07,73.19665533,73.21261418,73.19665533,73.19665533,189461.0
2012-02-08,73.19665533,73.21261418,73.19665533,73.21261418,450460.0
2012-02-09,73.19665533,73.21261418,73.19665533,73.19665533,130107.0
2012-02-10,73.21261418,73.21261418,73.19665533,73.21261418,521277.0
2012-02-13,73.19665533,73.21261418,73.19665533,73.19665533,638563.0
2012-02-14,73.19665533,73.21261418,73.19665533,73.21261418,173947.0
2012-02-15,73.21261418,73.21261418,73.19665533,73.19665533,103609.0
2012-02-16,73.21261418,73.21261418,73.19665533,73.21261418,442196.0
2012-02-17,73.19665533,73.21261418,73.19665533,73.19665533,81355.0
2012-02-21,73.19665533,73.21261418,73.19665533,73.19665533,154721.0
2012-02-22,73.19665533,73.21261418,73.19665533,73.19665533,105312.0
2012-02-23,73.21261418,73.21261418,73.19665533,73.19665533,156252.0
2012-02-24,73.19665533,73.21261418,73.19665533,73.21261418,186513.0
2012-02-27,73.21261418,73.21261418,73.19665533,73.19665533,955988.0
2012-02-28,73.21261418,73.21261418,73.19665533,73.19665533,132037.0
2012-02-29,73.19665533,73.21261418,73.19665533,73.21261418,453583.0
2012-03-01,73.19665533,73.19665533,73.18066454,73.19665533,218255.0
2012-03-02,73.19665533,73.19665533,73.18066454,73.19665533,186596.0
2012-03-05,73.18066454,73.19665533,73.18066454,73.19665533,248880.0
2012-03-06,73.19665533,73.19665533,73.18066454,73.19665533,179739.0
2012-03-07,73.19665533,73.21261418,73.19665533,73.19665533,125363.0
2012-03-08,73.19665533,73.21261418,73.19665533,73.21261418,711287.0
2012-03-09,73.19665533,73.21261418,73.19665533,73.21261418,194288.0
2012-03-12,73.21261418,73.21261418,73.19665533,73.21245443,124847.0
2012-03-13,73.21261418,73.21261418,73.19665533,73.21261418,205315.0
2012-03-14,73.19665533,73.21261418,73.19665533,73.19665533,127015.0
2012-03-15,73.21261418,73.21261418,73.19665533,73.19665533,468014.0
2012-03-16,73.19665533,73.21261418,73.19665533,73.19665533,501147.0
2012-03-19,73.21261418,73.21261418,73.19665533,73.21261418,105113.0
2012-03-20,73.19665533,73.21261418,73.19665533,73.21261418,117230.0
2012-03-21,73.19665533,73.21261418,73.19665533,73.21261418,65794.0
2012-03-22,73.21261418,73.21261418,73.19665533,73.21261418,106121.0
2012-03-23,73.19665533,73.21261418,73.19665533,73.20462677,103232.0
2012-03-26,73.21261418,73.21261418,73.19665533,73.21261418,1261292.0
2012-03-27,73.21261418,73.21261418,73.19665533,73.19665533,185027.0
2012-03-28,73.19665533,73.21261418,73.19665533,73.21261418,55793.0
2012-03-29,73.19665533,73.21261418,73.19665533,73.19665533,131023.0
2012-03-30,73.19665533,73.21261418,73.19665533,73.19665533,102238.0
2012-04-02,73.19665533,73.21261418,73.18066454,73.18066454,778233.0
2012-04-03,73.18066454,73.19665533,73.18066454,73.19665533,871064.0
2012-04-04,73.19665533,73.19665533,73.18066454,73.18066454,319833.0
2012-04-05,73.19665533,73.21261418,73.19665533,73.19665533,381092.0
2012-04-09,73.19665533,73.21261418,73.19665533,73.21261418,1135990.0
2012-04-10,73.19665533,73.21261418,73.19665533,73.21261418,520184.0
2012-04-11,73.19665533,73.21261418,73.19665533,73.21261418,1014224.0
2012-04-12,73.21261418,73.21261418,73.19665533,73.19665533,1015400.0
2012-04-13,73.18066454,73.19665533,73.18066454,73.18066454,148506.0
2012-04-16,73.19665533,73.21261418,73.18066454,73.19665533,617203.0
2012-04-17,73.19665533,73.21261418,73.19665533,73.19665533,174452.0
2012-04-18,73.19665533,73.21261418,73.19665533,73.19665533,77459.0
2012-04-19,73.19665533,73.21261418,73.19665533,73.21261418,38286.0
2012-04-20,73.21261418,73.21261418,73.19665533,73.19665533,58399.0
2012-04-23,73.19665533,73.21261418,73.19665533,73.21261418,1436321.0
2012-04-24,73.21261418,73.21261418,73.19665533,73.21261418,271477.0
2012-04-25,73.19665533,73.21261418,73.19665533,73.19665533,415786.0
2012-04-26,73.21261418,73.21261418,73.19665533,73.20462677,68409.0
2012-04-27,73.19665533,73.21261418,73.19665533,73.19665533,100143.0
2012-04-30,73.19665533,73.21261418,73.19665533,73.21261418,85885.0
2012-05-01,73.19665533,73.21261418,73.19665533,73.21261418,219470.0
2012-05-02,73.19665533,73.21261418,73.19665533,73.21261418,123277.0
2012-05-03,73.19665533,73.21261418,73.19665533,73.19665533,84779.0
2012-05-04,73.19665533,73.21261418,73.19665533,73.19665533,111334.0
2012-05-07,73.19665533,73.21261418,73.19665533,73.21261418,257727.0
2012-05-08,73.21261418,73.21261418,73.19665533,73.21261418,282938.0
2012-05-09,73.19665533,73.21261418,73.19665533,73.21261418,921239.0
2012-05-10,73.19665533,73.21261418,73.19665533,73.21261418,457004.0
2012-05-11,73.21261418,73.21261418,73.19665533,73.21261418,128014.0
2012-05-14,73.19665533,73.21261418,73.19665533,73.21261418,221022.0
2012-05-15,73.19665533,73.21261418,73.19665533,73.21261418,528640.0
2012-05-16,73.21261418,73.21261418,73.19665533,73.21261418,103919.0
2012-05-17,73.21261418,73.21261418,73.19665533,73.21261418,346475.0
2012-05-18,73.19665533,73.21261418,73.19665533,73.20462677,575394.0
2012-05-21,73.19665533,73.21261418,73.19665533,73.21261418,1053986.0
2012-05-22,73.19665533,73.21261418,73.18066454,73.18865195,649072.0
2012-05-23,73.18066454,73.19665533,73.18066454,73.18865195,127962.0
2012-05-24,73.18066454,73.21261418,73.18066454,73.21261418,1778857.0
2012-05-25,73.19665533,73.21261418,73.19665533,73.21261418,730228.0
2012-05-29,73.21261418,73.21261418,73.19665533,73.21261418,150940.0
2012-05-30,73.21261418,73.21261418,73.19665533,73.21005821,433492.0
2012-05-31,73.21261418,73.21261418,73.19665533,73.21261418,292523.0
2012-06-01,73.21261418,73.21261418,73.19665533,73.21261418,290645.0
2012-06-04,73.21261418,73.21261418,73.19665533,73.21261418,518198.0
2012-06-05,73.19665533,73.21261418,73.19665533,73.21261418,383252.0
2012-06-06,73.21261418,73.21261418,73.18066454,73.19665533,753312.0
2012-06-07,73.21261418,73.21261418,73.18082428,73.19665533,441478.0
2012-06-08,73.19665533,73.21261418,73.19665533,73.19665533,158898.0
2012-06-11,73.19665533,73.21261418,73.19665533,73.19665533,119767.0
2012-06-12,73.21261418,73.21261418,73.19665533,73.21261418,245932.0
2012-06-13,73.19665533,73.21261418,73.19665533,73.21261418,59548.0
2012-06-14,73.19665533,73.21261418,73.19665533,73.21261418,169428.0
2012-06-15,73.19665533,73.21261418,73.19665533,73.19665533,107369.0
2012-06-18,73.21261418,73.21261418,73.19665533,73.21261418,132252.0
2012-06-19,73.21261418,73.21261418,73.18066454,73.18066454,831732.0
2012-06-20,73.18066454,73.19665533,73.18066454,73.18066454,124089.0
2012-06-21,73.18066454,73.21261418,73.18066454,73.21261418,918084.0
2012-06-22,73.19665533,73.21261418,73.19665533,73.19665533,66949.0
2012-06-25,73.19665533,73.21261418,73.19665533,73.21261418,788239.0
2012-06-26,73.19665533,73.21261418,73.19665533,73.21261418,127901.0
2012-06-27,73.19665533,73.21261418,73.19665533,73.19665533,118521.0
2012-06-28,73.21261418,73.21261418,73.19665533,73.21261418,348823.0
2012-06-29,73.19665533,73.21261418,73.18066454,73.18066454,1110920.0
2012-07-02,73.18066454,73.19665533,73.18066454,73.18066454,873858.0
2012-07-03,73.18066454,73.19665533,73.18066454,73.18066454,313013.0
2012-07-05,73.18066454,73.19665533,73.18066454,73.18066454,1299191.0
2012-07-06,73.19665533,73.19665533,73.18066454,73.18066454,134737.0
2012-07-09,73.19665533,73.19665533,73.18066454,73.18066454,417394.0
2012-07-10,73.18066454,73.19665533,73.18066454,73.18066454,451441.0
2012-07-11,73.18066454,73.19665533,73.18066454,73.18066454,124903.0
2012-07-12,73.18066454,73.19665533,73.18066454,73.18066454,260686.0
2012-07-13,73.18066454,73.19665533,73.18066454,73.19665533,159745.0
2012-07-16,73.18066454,73.19665533,73.18066454,73.18066454,97988.0
2012-07-17,73.18066454,73.19665533,73.18066454,73.18865195,46504.0
2012-07-18,73.19665533,73.19665533,73.18066454,73.18066454,108463.0
2012-07-19,73.19665533,73.19665533,73.18066454,73.19665533,160327.0
2012-07-20,73.18066454,73.19665533,73.18066454,73.18066454,121734.0
2012-07-23,73.19167119,73.19665533,73.18066454,73.18066454,144517.0
2012-07-24,73.18066454,73.19665533,73.18066454,73.19665533,225261.0
2012-07-25,73.19665533,73.21261418,73.18066454,73.20462677,1505730.0
2012-07-26,73.19665533,73.21261418,73.19665533,73.19665533,424847.0
2012-07-27,73.19665533,73.21261418,73.19665533,73.21261418,179401.0
2012-07-30,73.21261418,73.21261418,73.19665533,73.21261418,372104.0
2012-07-31,73.18066454,73.19665533,73.18066454,73.18066454,150875.0
2012-08-01,73.21261418,73.21261418,73.19665533,73.19665533,699726.0
2012-08-02,73.19665533,73.21261418,73.19665533,73.19665533,105577.0
2012-08-03,73.19665533,73.21261418,73.19665533,73.19665533,123325.0
2012-08-06,73.19665533,73.21261418,73.19665533,73.21261418,208511.0
2012-08-07,73.19665533,73.21261418,73.18066454,73.19665533,545294.0
2012-08-08,73.19665533,73.19665533,73.18066454,73.18066454,205623.0
2012-08-09,73.18066454,73.19665533,73.18066454,73.18066454,65384.0
2012-08-10,73.18066454,73.19665533,73.18066454,73.18066454,246783.0
2012-08-13,73.19665533,73.19665533,73.18066454,73.18066454,1007868.0
2012-08-14,73.18066454,73.19665533,73.18066454,73.18066454,179203.0
2012-08-15,73.18066454,73.19665533,73.18066454,73.18066454,85150.0
2012-08-16,73.18066454,73.19665533,73.18066454,73.18066454,538458.0
2012-08-17,73.18066454,73.19665533,73.18066454,73.18066454,190036.0
2012-08-20,73.18066454,73.19665533,73.18066454,73.18066454,116363.0
2012-08-21,73.18066454,73.19665533,73.18066454,73.18066454,152541.0
2012-08-22,73.18066454,73.19665533,73.18066454,73.18066454,102832.0
2012-08-23,73.18066454,73.19665533,73.18066454,73.18066454,134185.0
2012-08-24,73.19665533,73.19665533,73.18066454,73.18066454,131151.0
2012-08-27,73.18066454,73.19665533,73.18066454,73.18066454,101274.0
2012-08-28,73.18066454,73.19665533,73.18066454,73.18865195,99489.0
2012-08-29,73.18066454,73.19665533,73.18066454,73.18066454,72341.0
2012-08-30,73.19665533,73.19665533,73.18066454,73.18066454,137295.0
2012-08-31,73.18066454,73.19665533,73.18066454,73.18865195,183444.0
2012-09-04,73.18066454,73.19665533,73.18066454,73.18066454,122839.0
2012-09-05,73.19665533,73.19665533,73.18066454,73.19665533,357777.0
2012-09-06,73.18066454,73.19665533,73.18066454,73.19665533,133514.0
2012-09-07,73.18066454,73.19665533,73.18066454,73.18465824,580841.0
2012-09-10,73.18066454,73.19665533,73.18066454,73.18066454,430658.0
2012-09-11,73.19665533,73.19665533,73.18066454,73.18066454,49873.0
2012-09-12,73.18066454,73.19665533,73.18066454,73.18066454,192724.0
2012-09-13,73.18066454,73.19665533,73.18066454,73.18066454,553011.0
2012-09-14,73.18066454,73.19665533,73.18066454,73.18066454,97073.0
2012-09-17,73.18066454,73.19665533,73.18066454,73.18066454,141692.0
2012-09-18,73.19665533,73.19665533,73.18066454,73.18066454,1879282.0
2012-09-19,73.18066454,73.19665533,73.18066454,73.18066454,178085.0
2012-09-20,73.18066454,73.19665533,73.18066454,73.18066454,229496.0
2012-09-21,73.18066454,73.19665533,73.18066454,73.18865195,1148714.0
2012-09-24,73.19665533,73.19665533,73.18066454,73.18066454,123927.0
2012-09-25,73.18066454,73.19665533,73.18066454,73.18066454,276637.0
2012-09-26,73.18066454,73.19665533,73.18066454,73.18865195,150890.0
2012-09-27,73.18066454,73.19665533,73.18066454,73.19665533,137989.0
2012-09-28,73.19665533,73.19665533,73.18066454,73.18066454,165612.0
2012-10-01,73.18066454,73.19665533,73.18066454,73.18066454,165097.0
2012-10-02,73.18066454,73.19665533,73.18066454,73.19665533,92936.0
2012-10-03,73.18066454,73.19665533,73.18066454,73.18066454,138451.0
2012-10-04,73.18066454,73.19665533,73.18066454,73.18865195,738546.0
2012-10-05,73.19665533,73.19665533,73.18066454,73.18066454,541617.0
2012-10-08,73.19665533,73.19665533,73.18066454,73.18066454,273763.0
2012-10-09,73.18066454,73.19665533,73.18066454,73.18066454,287412.0
2012-10-10,73.18066454,73.19665533,73.18066454,73.19665533,253554.0
2012-10-11,73.18066454,73.19665533,73.18066454,73.19665533,69863.0
2012-10-12,73.19665533,73.19665533,73.18066454,73.18066454,189636.0
2012-10-15,73.18066454,73.19665533,73.18066454,73.19665533,131796.0
2012-10-16,73.18066454,73.19665533,73.18066454,73.18066454,134753.0
2012-10-17,73.18066454,73.19665533,73.18066454,73.19665533,48645.0
2012-10-18,73.18066454,73.19665533,73.18066454,73.18066454,96976.0
2012-10-19,73.19665533,73.19665533,73.18066454,73.18066454,199479.0
2012-10-22,73.18066454,73.19665533,73.18066454,73.18865195,78560.0
2012-10-23,73.19665533,73.19665533,73.18066454,73.19665533,965626.0
2012-10-24,73.18066454,73.19665533,73.18066454,73.19665533,183407.0
2012-10-25,73.18066454,73.19665533,73.18066454,73.18865195,223316.0
2012-10-26,73.19665533,73.19665533,73.18066454,73.18592025,45553.0
2012-10-31,73.18066454,73.19665533,73.18066454,73.19665533,395321.0
2012-11-01,73.19665533,73.19665533,73.18066454,73.19665533,66507.0
2012-11-02,73.19665533,73.19665533,73.18066454,73.19665533,378393.0
2012-11-05,73.18066454,73.19665533,73.18066454,73.18066454,527968.0
2012-11-06,73.18066454,73.19665533,73.18066454,73.18865195,106473.0
2012-11-07,73.18066454,73.19665533,73.18066454,73.19665533,1984602.0
2012-11-08,73.19665533,73.19665533,73.18066454,73.19665533,452735.0
2012-11-09,73.18066454,73.19665533,73.18066454,73.19665533,1463209.0
2012-11-12,73.19665533,73.19665533,73.18066454,73.19665533,376618.0
2012-11-13,73.18066454,73.19665533,73.18066454,73.19665533,2434998.0
2012-11-14,73.18066454,73.19665533,73.18066454,73.19665533,312864.0
2012-11-15,73.18066454,73.19665533,73.18066454,73.19665533,304444.0
2012-11-16,73.18066454,73.19665533,73.18066454,73.19647961,148597.0
2012-11-19,73.18066454,73.19665533,73.18066454,73.19665533,133647.0
2012-11-20,73.18066454,73.19665533,73.18066454,73.18865195,64901.0
2012-11-21,73.18066454,73.19665533,73.18066454,73.18066454,69776.0
2012-11-23,73.18066454,73.19665533,73.18066454,73.18066454,52875.0
2012-11-26,73.18066454,73.19665533,73.18066454,73.18865195,594664.0
2012-11-27,73.18066454,73.19665533,73.18066454,73.18865195,213124.0
2012-11-28,73.18066454,73.19665533,73.18066454,73.18066454,63949.0
2012-11-29,73.18066454,73.19665533,73.18066454,73.18066454,1176737.0
2012-11-30,73.19665533,73.19665533,73.18066454,73.18066454,701307.0
2012-12-03,73.18066454,73.19665533,73.18066454,73.18066454,693960.0
2012-12-04,73.19665533,73.19665533,73.18066454,73.18066454,217119.0
2012-12-05,73.18066454,73.19665533,73.18066454,73.18066454,141716.0
2012-12-06,73.18066454,73.19665533,73.18066454,73.18066454,137184.0
2012-12-07,73.18066454,73.19665533,73.18066454,73.18066454,376401.0
2012-12-10,73.18066454,73.19665533,73.18066454,73.18066454,356461.0
2012-12-11,73.18066454,73.19665533,73.18066454,73.18066454,308800.0
2012-12-12,73.18066454,73.19665533,73.18066454,73.18066454,269942.0
2012-12-13,73.18066454,73.19665533,73.18066454,73.18066454,151655.0
2012-12-14,73.19665533,73.19665533,73.18066454,73.18066454,163337.0
2012-12-17,73.18066454,73.19665533,73.18066454,73.18066454,665256.0
2012-12-18,73.18066454,73.19665533,73.18066454,73.19665533,254177.0
2012-12-19,73.18066454,73.19665533,73.18066454,73.18066454,150525.0
2012-12-20,73.18066454,73.19665533,73.18066454,73.18066454,189552.0
2012-12-21,73.18066454,73.19665533,73.18066454,73.18066454,153380.0
2012-12-24,73.19665533,73.19665533,73.18066454,73.18066454,107447.0
2012-12-26,73.18066454,73.19665533,73.18066454,73.18066454,84963.0
2012-12-27,73.19665533,73.19665533,73.18066454,73.18865195,62060.0
2012-12-28,73.18066454,73.19665533,73.18066454,73.19665533,213329.0
2012-12-31,73.19665533,73.19665533,73.18066454,73.18066454,373685.0
2013-01-02,73.18066454,73.19665533,73.18066454,73.18066454,1277899.0
2013-01-03,73.19665533,73.19665533,73.18066454,73.18066454,294480.0
2013-01-04,73.18066454,73.19665533,73.18066454,73.19665533,192676.0
2013-01-07,73.16468971,73.18066454,73.16468971,73.16468971,179619.0
2013-01-08,73.18066454,73.18066454,73.16468971,73.16468971,106602.0
2013-01-09,73.16468971,73.18066454,73.16468971,73.16468971,197383.0
2013-01-10,73.16468971,73.18066454,73.16468971,73.16468971,81076.0
2013-01-11,73.18066454,73.18066454,73.16468971,73.16468971,58718.0
2013-01-14,73.18066454,73.18066454,73.16468971,73.16468971,87226.0
2013-01-15,73.16468971,73.18066454,73.16468971,73.16468971,72384.0
2013-01-16,73.16468971,73.18066454,73.16468971,73.16788468,417529.0
2013-01-17,73.16468971,73.18066454,73.16468971,73.18066454,739522.0
2013-01-18,73.18066454,73.18066454,73.16468971,73.16468971,279379.0
2013-01-22,73.16468971,73.18066454,73.16468971,73.16468971,139471.0
2013-01-23,73.16468971,73.18066454,73.16468971,73.16468971,150228.0
2013-01-24,73.16468971,73.18066454,73.16468971,73.17266115,2557824.0
2013-01-25,73.16468971,73.18066454,73.16468971,73.16468971,188751.0
2013-01-28,73.16468971,73.18066454,73.16468971,73.16468971,285451.0
2013-01-29,73.18066454,73.18066454,73.16468971,73.16468971,85258.0
2013-01-30,73.16468971,73.18066454,73.16468971,73.16468971,160722.0
2013-01-31,73.18066454,73.18066454,73.16468971,73.18066454,168412.0
2013-02-01,73.16468971,73.18066454,73.16468971,73.16468971,171605.0
2013-02-04,73.16468971,73.18066454,73.16468971,73.16468971,112511.0
2013-02-05,73.16468971,73.18066454,73.16468971,73.18066454,165466.0
2013-02-06,73.18066454,73.18066454,73.16468971,73.17266115,282503.0
2013-02-07,73.16468971,73.18066454,73.16468971,73.17266115,50885.0
2013-02-08,73.18066454,73.18066454,73.16468971,73.17266115,579710.0
2013-02-11,73.16468971,73.18066454,73.16468971,73.18066454,204956.0
2013-02-12,73.18066454,73.18066454,73.16468971,73.18066454,195574.0
2013-02-13,73.18066454,73.18066454,73.16468971,73.16468971,98284.0
2013-02-14,73.16468971,73.18066454,73.16468971,73.18066454,116479.0
2013-02-15,73.18066454,73.18066454,73.16468971,73.16483349,51888.0
2013-02-19,73.18066454,73.18066454,73.16468971,73.16468971,89170.0
2013-02-20,73.18066454,73.18066454,73.16468971,73.17266115,110415.0
2013-02-21,73.18066454,73.18066454,73.16468971,73.16468971,290803.0
2013-02-22,73.16468971,73.18066454,73.16468971,73.18066454,70768.0
2013-02-25,73.18066454,73.18066454,73.16468971,73.16468971,125384.0
2013-02-26,73.16468971,73.18066454,73.16468971,73.16468971,145247.0
2013-02-27,73.16468971,73.18066454,73.16468971,73.18066454,101551.0
2013-02-28,73.17347586,73.18066454,73.16468971,73.18066454,328476.0
2013-03-01,73.18066454,73.18066454,73.16468971,73.18066454,67485.0
2013-03-04,73.16468971,73.18066454,73.16468971,73.16468971,86676.0
2013-03-05,73.16468971,73.18066454,73.16468971,73.18066454,133669.0
2013-03-06,73.16468971,73.18066454,73.16468971,73.16468971,186762.0
2013-03-07,73.16468971,73.18066454,73.16468971,73.17746957,58209.0
2013-03-08,73.18066454,73.18066454,73.16468971,73.16468971,291364.0
2013-03-11,73.16468971,73.18066454,73.16468971,73.17266115,126659.0
2013-03-12,73.16468971,73.18066454,73.16468971,73.16468971,159937.0
2013-03-13,73.16468971,73.18066454,73.16468971,73.18066454,161268.0
2013-03-14,73.18066454,73.18066454,73.16468971,73.18066454,105075.0
2013-03-15,73.16468971,73.18066454,73.16468971,73.18066454,176761.0
2013-03-18,73.18066454,73.18066454,73.16468971,73.1659677,2238939.0
2013-03-19,73.16468971,73.18066454,73.16468971,73.16468971,93512.0
2013-03-20,73.16468971,73.18066454,73.16468971,73.16468971,140809.0
2013-03-21,73.16468971,73.18066454,73.16468971,73.16468971,61609.0
2013-03-22,73.16468971,73.18066454,73.16468971,73.18066454,83885.0
2013-03-25,73.16468971,73.18066454,73.16468971,73.16468971,338538.0
2013-03-26,73.18066454,73.18066454,73.16468971,73.18066454,119076.0
2013-03-27,73.16468971,73.18066454,73.16468971,73.16468971,262849.0
2013-03-28,73.16468971,73.18066454,73.16468971,73.18066454,97768.0
2013-04-01,73.18066454,73.18066454,73.16468971,73.16468971,182055.0
2013-04-02,73.18066454,73.18066454,73.16468971,73.18066454,139852.0
2013-04-03,73.18066454,73.18066454,73.16468971,73.16468971,143342.0
2013-04-04,73.16468971,73.18066454,73.16468971,73.16468971,91753.0
2013-04-05,73.16468971,73.18066454,73.16468971,73.18066454,182239.0
2013-04-08,73.18066454,73.18066454,73.16468971,73.18066454,113867.0
2013-04-09,73.18066454,73.18066454,73.16468971,73.18066454,82286.0
2013-04-10,73.18066454,73.18066454,73.16468971,73.18066454,74231.0
2013-04-11,73.18066454,73.18066454,73.16468971,73.16468971,281865.0
2013-04-12,73.18066454,73.18066454,73.16468971,73.18066454,91608.0
2013-04-15,73.16468971,73.18066454,73.16468971,73.17266115,146027.0
2013-04-16,73.18066454,73.18066454,73.16468971,73.18066454,90329.0
2013-04-17,73.16468971,73.18066454,73.16468971,73.18066454,73429.0
2013-04-18,73.16468971,73.18066454,73.16468971,73.16468971,247061.0
2013-04-19,73.18066454,73.18066454,73.16468971,73.18066454,90295.0
2013-04-22,73.16468971,73.18066454,73.16468971,73.18066454,57202.0
2013-04-23,73.16468971,73.18066454,73.16468971,73.18066454,355496.0
2013-04-24,73.18066454,73.18066454,73.16468971,73.18066454,159893.0
2013-04-25,73.16468971,73.18066454,73.16468971,73.16468971,104741.0
2013-04-26,73.16468971,73.18066454,73.16468971,73.16468971,81452.0
2013-04-29,73.18066454,73.18066454,73.16468971,73.16468971,117807.0
2013-04-30,73.18066454,73.18066454,73.16468971,73.16468971,184415.0
2013-05-01,73.16468971,73.18066454,73.16468971,73.16468971,704715.0
2013-05-02,73.18066454,73.18066454,73.16468971,73.18066454,71777.0
2013-05-03,73.18066454,73.18066454,73.16468971,73.16468971,263560.0
2013-05-06,73.16468971,73.18066454,73.16468971,73.16468971,117296.0
2013-05-07,73.16468971,73.18066454,73.16468971,73.16468971,51231.0
2013-05-08,73.16468971,73.18066454,73.16468971,73.18066454,186715.0
2013-05-09,73.16468971,73.18066454,73.16468971,73.17266115,59758.0
2013-05-10,73.16468971,73.18066454,73.16468971,73.16468971,77138.0
2013-05-13,73.18066454,73.18066454,73.16468971,73.18066454,90678.0
2013-05-14,73.18066454,73.18066454,73.16468971,73.16468971,441727.0
2013-05-15,73.16468971,73.18066454,73.16468971,73.16468971,110114.0
2013-05-16,73.18066454,73.18066454,73.16468971,73.16468971,163610.0
2013-05-17,73.16468971,73.18066454,73.16468971,73.18066454,181572.0
2013-05-20,73.16468971,73.18066454,73.16468971,73.16468971,239049.0
2013-05-21,73.18066454,73.18066454,73.16468971,73.18066454,113064.0
2013-05-22,73.16468971,73.18066454,73.16468971,73.18066454,120963.0
2013-05-23,73.18066454,73.18066454,73.16468971,73.18066454,434304.0
2013-05-24,73.18066454,73.18066454,73.16468971,73.18066454,55200.0
2013-05-28,73.16468971,73.18066454,73.16468971,73.16468971,110259.0
2013-05-29,73.18066454,73.18066454,73.16468971,73.18066454,230718.0
2013-05-30,73.16468971,73.18066454,73.16468971,73.16468971,92433.0
2013-05-31,73.16468971,73.18066454,73.16468971,73.18066454,1031037.0
2013-06-03,73.16468971,73.18066454,73.16468971,73.18066454,453406.0
2013-06-04,73.16468971,73.18066454,73.16468971,73.18066454,147154.0
2013-06-05,73.16468971,73.18066454,73.16468971,73.18066454,123107.0
2013-06-06,73.18066454,73.18066454,73.14869891,73.16468971,2841771.0
2013-06-07,73.14869891,73.18066454,73.14869891,73.18066454,275000.0
2013-06-10,73.18066454,73.18066454,73.16468971,73.16468971,212797.0
2013-06-11,73.18066454,73.18066454,73.16468971,73.17266115,160328.0
2013-06-12,73.18066454,73.18066454,73.16468971,73.16468971,490029.0
2013-06-13,73.16468971,73.18066454,73.16468971,73.18066454,2133154.0
2013-06-14,73.16468971,73.18066454,73.16468971,73.16468971,350334.0
2013-06-17,73.16468971,73.18066454,73.16468971,73.16468971,105123.0
2013-06-18,73.16468971,73.18066454,73.16468971,73.16468971,169662.0
2013-06-19,73.18066454,73.18066454,73.16468971,73.16468971,116198.0
2013-06-20,73.18066454,73.18066454,73.16468971,73.16468971,1520378.0
2013-06-21,73.18066454,73.18066454,73.16468971,73.18066454,444063.0
2013-06-24,73.16468971,73.18066454,73.16468971,73.17266115,384481.0
2013-06-25,73.16468971,73.18066454,73.16468971,73.18066454,3208472.0
2013-06-26,73.16468971,73.18066454,73.16468971,73.18066454,473568.0
2013-06-27,73.18066454,73.18066454,73.16468971,73.16468971,185221.0
2013-06-28,73.18066454,73.18066454,73.14869891,73.16468971,1420725.0
2013-07-01,73.16468971,73.18066454,73.16468971,73.18066454,437199.0
2013-07-02,73.18066454,73.18066454,73.16468971,73.16468971,378286.0
2013-07-03,73.17283687,73.18066454,73.16468971,73.18066454,208087.0
2013-07-05,73.17571234,73.18066454,73.16468971,73.18066454,342266.0
2013-07-08,73.16468971,73.18066454,73.14869891,73.14869891,152259.0
2013-07-09,73.14869891,73.18066454,73.14869891,73.14869891,631594.0
2013-07-10,73.14869891,73.16468971,73.14869891,73.14869891,239343.0
2013-07-11,73.14869891,73.16468971,73.14869891,73.14869891,790016.0
2013-07-12,73.14869891,73.16468971,73.14869891,73.14869891,254548.0
2013-07-15,73.14869891,73.16468971,73.14869891,73.14869891,298665.0
2013-07-16,73.16468971,73.16468971,73.14869891,73.14869891,146022.0
2013-07-17,73.16468971,73.16468971,73.14869891,73.14869891,156571.0
2013-07-18,73.16468971,73.16468971,73.14869891,73.16468971,168665.0
2013-07-19,73.14869891,73.16468971,73.14869891,73.16468971,85507.0
2013-07-22,73.16468971,73.16468971,73.14869891,73.16468971,421516.0
2013-07-23,73.14869891,73.16468971,73.14869891,73.16468971,92888.0
2013-07-24,73.16468971,73.18066454,73.14869891,73.18066454,747200.0
2013-07-25,73.16468971,73.18066454,73.14869891,73.14869891,149535.0
2013-07-26,73.18066454,73.18066454,73.14869891,73.1567023,378548.0
2013-07-29,73.14869891,73.16468971,73.14869891,73.16468971,160611.0
2013-07-30,73.14869891,73.16468971,73.14869891,73.14869891,172422.0
2013-07-31,73.16468971,73.16468971,73.14869891,73.16468971,238777.0
2013-08-01,73.14869891,73.16468971,73.14869891,73.14869891,207459.0
2013-08-02,73.14869891,73.16468971,73.14869891,73.16468971,273817.0
2013-08-05,73.16468971,73.16468971,73.14869891,73.16468971,149881.0
2013-08-06,73.16468971,73.16468971,73.14869891,73.16468971,89292.0
2013-08-07,73.16468971,73.16468971,73.14869891,73.14869891,97094.0
2013-08-08,73.14869891,73.16468971,73.14869891,73.14869891,112033.0
2013-08-09,73.14869891,73.16468971,73.14869891,73.1567023,172674.0
2013-08-12,73.16468971,73.16468971,73.14869891,73.16468971,118536.0
2013-08-13,73.16468971,73.16468971,73.14869891,73.16468971,60495.0
2013-08-14,73.14869891,73.16468971,73.14869891,73.16468971,131376.0
2013-08-15,73.16468971,73.16468971,73.14869891,73.16468971,668494.0
2013-08-16,73.16468971,73.16468971,73.14869891,73.16468971,491953.0
2013-08-19,73.16468971,73.16468971,73.14869891,73.14869891,233618.0
2013-08-20,73.16468971,73.16468971,73.14869891,73.16468971,207663.0
2013-08-21,73.14869891,73.16468971,73.14869891,73.16468971,244306.0
2013-08-22,73.16468971,73.16468971,73.14869891,73.14869891,240871.0
2013-08-23,73.16468971,73.16468971,73.14869891,73.16468971,86036.0
2013-08-26,73.14869891,73.16468971,73.14869891,73.14869891,249799.0
2013-08-27,73.16468971,73.16468971,73.14869891,73.14869891,231238.0
2013-08-28,73.14869891,73.16468971,73.14869891,73.14869891,77970.0
2013-08-29,73.16468971,73.16468971,73.14869891,73.16468971,133937.0
2013-08-30,73.14869891,73.16468971,73.14869891,73.16468971,500900.0
2013-09-03,73.14869891,73.16468971,73.14869891,73.16468971,370914.0
2013-09-04,73.14869891,73.16468971,73.14869891,73.16468971,206504.0
2013-09-05,73.14869891,73.16468971,73.14869891,73.16468971,527005.0
2013-09-06,73.14869891,73.16468971,73.14869891,73.16468971,265502.0
2013-09-09,73.16468971,73.16468971,73.13274007,73.14072748,903174.0
2013-09-10,73.16468971,73.16468971,73.14869891,73.14869891,275956.0
2013-09-11,73.16468971,73.16468971,73.14869891,73.14869891,417222.0
2013-09-12,73.16468971,73.16468971,73.14869891,73.14869891,97143.0
2013-09-13,73.16468971,73.16468971,73.14869891,73.1567023,355274.0
2013-09-16,73.14869891,73.16468971,73.14869891,73.14869891,185172.0
2013-09-17,73.14869891,73.16468971,73.14869891,73.14869891,158052.0
2013-09-18,73.14869891,73.16468971,73.14869891,73.16468971,295730.0
2013-09-19,73.14869891,73.16468971,73.14869891,73.16468971,206188.0
2013-09-20,73.16468971,73.16468971,73.14869891,73.14869891,647574.0
2013-09-23,73.14869891,73.16468971,73.14869891,73.14869891,191279.0
2013-09-24,73.16468971,73.16468971,73.14869891,73.14869891,160601.0
2013-09-25,73.14869891,73.16468971,73.14869891,73.14869891,83143.0
2013-09-26,73.16468971,73.16468971,73.14869891,73.14869891,102073.0
2013-09-27,73.14869891,73.16468971,73.14869891,73.14869891,247321.0
2013-09-30,73.14869891,73.16468971,73.14869891,73.14869891,480963.0
2013-10-01,73.16468971,73.16468971,73.13274007,73.16468971,2341054.0
2013-10-02,73.16468971,73.16468971,73.14869891,73.1567023,185017.0
2013-10-03,73.16468971,73.16468971,73.14869891,73.16468971,1240563.0
2013-10-04,73.14869891,73.16468971,73.14869891,73.16468971,283783.0
2013-10-07,73.16468971,73.16468971,73.14869891,73.16468971,202975.0
2013-10-08,73.14869891,73.16468971,73.14869891,73.1567023,215865.0
2013-10-09,73.13274007,73.14869891,73.13274007,73.14072748,325124.0
2013-10-10,73.13274007,73.14869891,73.13274007,73.13274007,939608.0
2013-10-11,73.14869891,73.14869891,73.11676524,73.11676524,6366771.0
2013-10-14,73.11676524,73.13274007,73.11676524,73.11676524,150483.0
2013-10-15,73.13274007,73.13274007,73.11676524,73.11676524,562639.0
2013-10-16,73.11676524,73.14869891,73.11676524,73.13274007,945485.0
2013-10-17,73.14869891,73.14869891,73.13274007,73.13274007,140366.0
2013-10-18,73.13274007,73.14869891,73.13274007,73.14869891,197439.0
2013-10-21,73.14869891,73.14869891,73.13274007,73.14869891,215553.0
2013-10-22,73.13274007,73.14869891,73.13274007,73.14072748,100191.0
2013-10-23,73.14869891,73.14869891,73.13274007,73.14869891,259973.0
2013-10-24,73.13274007,73.14869891,73.13274007,73.13274007,149025.0
2013-10-25,73.13274007,73.14869891,73.13274007,73.14869891,69646.0
2013-10-28,73.13274007,73.14871489,73.13274007,73.14871489,88414.0
2013-10-29,73.13274007,73.14871489,73.13274007,73.13274007,873696.0
2013-10-30,73.13274007,73.14871489,73.13274007,73.13274007,399450.0
2013-10-31,73.14871489,73.14871489,73.13274007,73.13274007,143916.0
2013-11-01,73.14871489,73.14871489,73.13274007,73.13274007,539726.0
2013-11-04,73.13274007,73.14871489,73.13274007,73.13274007,138084.0
2013-11-05,73.14871489,73.14871489,73.13274007,73.13274007,85125.0
2013-11-06,73.14871489,73.14871489,73.13274007,73.14072748,502803.0
2013-11-07,73.13274007,73.14871489,73.13274007,73.13274007,156348.0
2013-11-08,73.14871489,73.14871489,73.13274007,73.13274007,295979.0
2013-11-11,73.13274007,73.14871489,73.13274007,73.14871489,125482.0
2013-11-12,73.14871489,73.14871489,73.13274007,73.14871489,129585.0
2013-11-13,73.13274007,73.14871489,73.13274007,73.14871489,117481.0
2013-11-14,73.14871489,73.14871489,73.13274007,73.13274007,156689.0
2013-11-15,73.14871489,73.14871489,73.13274007,73.13274007,91932.0
2013-11-18,73.13274007,73.14871489,73.13274007,73.13274007,180216.0
2013-11-19,73.13274007,73.14871489,73.13274007,73.13274007,93761.0
2013-11-20,73.14871489,73.14871489,73.13274007,73.13274007,108321.0
2013-11-21,73.14871489,73.14871489,73.13274007,73.14871489,287770.0
2013-11-22,73.13274007,73.14871489,73.13274007,73.13274007,384995.0
2013-11-25,73.14871489,73.14871489,73.13274007,73.13274007,630854.0
2013-11-26,73.13274007,73.14871489,73.13274007,73.13274007,62525.0
2013-11-27,73.14871489,73.14871489,73.13274007,73.14871489,145915.0
2013-11-29,73.14871489,73.14871489,73.11676524,73.11676524,465771.0
2013-12-02,73.13274007,73.14871489,73.13274007,73.13274007,187781.0
2013-12-03,73.13274007,73.14871489,73.13274007,73.14072748,312867.0
2013-12-04,73.14871489,73.14871489,73.13274007,73.14871489,329317.0
2013-12-05,73.14871489,73.14871489,73.13274007,73.14072748,139785.0
2013-12-06,73.14871489,73.14871489,73.13274007,73.14871489,188726.0
2013-12-09,73.13274007,73.14871489,73.13274007,73.14871489,224303.0
2013-12-10,73.13274007,73.14871489,73.13274007,73.13274007,66419.0
2013-12-11,73.13274007,73.14871489,73.13274007,73.14615892,95014.0
2013-12-12,73.14871489,73.14871489,73.13274007,73.14871489,1124647.0
2013-12-13,73.14871489,73.14871489,73.13274007,73.14072748,75845.0
2013-12-16,73.14871489,73.14871489,73.13274007,73.13274007,412596.0
2013-12-17,73.13274007,73.14871489,73.13274007,73.13274007,112380.0
2013-12-18,73.13274007,73.14871489,73.13274007,73.14871489,114381.0
2013-12-19,73.13274007,73.14871489,73.13274007,73.14871489,1356749.0
2013-12-20,73.14871489,73.14871489,73.11676524,73.13274007,715803.0
2013-12-23,73.13274007,73.14871489,73.13274007,73.13274007,284683.0
2013-12-24,73.11676524,73.13274007,73.11676524,73.13274007,111324.0
2013-12-26,73.14871489,73.14871489,73.13274007,73.13274007,81319.0
2013-12-27,73.14871489,73.14871489,73.13274007,73.14072748,150599.0
2013-12-30,73.14871489,73.14871489,73.13274007,73.14072748,83628.0
2013-12-31,73.11676524,73.14871489,73.11676524,73.11676524,209283.0
2014-01-02,73.11676524,73.13274007,73.11676524,73.11676524,265882.0
2014-01-03,73.13274007,73.13274007,73.11676524,73.13274007,85851.0
2014-01-06,73.11676524,73.13274007,73.11676524,73.11676524,166218.0
2014-01-07,73.11676524,73.13274007,73.11676524,73.13274007,214691.0
2014-01-08,73.13274007,73.13274007,73.11676524,73.12475265,120572.0
2014-01-09,73.11676524,73.13274007,73.11676524,73.11676524,140681.0
2014-01-10,73.13274007,73.13274007,73.11676524,73.13274007,100051.0
2014-01-13,73.13274007,73.13274007,73.11676524,73.12475265,173528.0
2014-01-14,73.11676524,73.13274007,73.11676524,73.13274007,188482.0
2014-01-15,73.11676524,73.13274007,73.11676524,73.12475265,121490.0
2014-01-16,73.13274007,73.13274007,73.11676524,73.13274007,176249.0
2014-01-17,73.13274007,73.13274007,73.11676524,73.11676524,600433.0
2014-01-21,73.11676524,73.13274007,73.11676524,73.13274007,216363.0
2014-01-22,73.11676524,73.13274007,73.11676524,73.12475265,154410.0
2014-01-23,73.11676524,73.13274007,73.11676524,73.12475265,174597.0
2014-01-24,73.11676524,73.13274007,73.11676524,73.11676524,141677.0
2014-01-27,73.11676524,73.13274007,73.11676524,73.11676524,332721.0
2014-01-28,73.13274007,73.13274007,73.11676524,73.11676524,480165.0
2014-01-29,73.11676524,73.13274007,73.11676524,73.13274007,146371.0
2014-01-30,73.13274007,73.13274007,73.11676524,73.13274007,170055.0
2014-01-31,73.13274007,73.13274007,73.11676524,73.11676524,336223.0
2014-02-03,73.13274007,73.13274007,73.11676524,73.11676524,1180466.0
2014-02-04,73.13274007,73.13274007,73.11676524,73.13274007,1322326.0
2014-02-05,73.11676524,73.13274007,73.11676524,73.11676524,157631.0
2014-02-06,73.11676524,73.13274007,73.11676524,73.11676524,253150.0
2014-02-07,73.11676524,73.13274007,73.11676524,73.13274007,434316.0
2014-02-10,73.11676524,73.13274007,73.10079042,73.10877783,1369130.0
2014-02-11,73.10079042,73.13274007,73.10079042,73.11676524,915230.0
2014-02-12,73.11676524,73.13274007,73.11676524,73.13274007,148041.0
2014-02-13,73.11676524,73.13274007,73.11676524,73.13274007,471642.0
2014-02-14,73.11676524,73.13274007,73.11676524,73.13274007,139630.0
2014-02-18,73.13274007,73.13274007,73.11676524,73.11676524,303544.0
2014-02-19,73.13274007,73.13274007,73.11676524,73.13274007,140083.0
2014-02-20,73.11676524,73.13274007,73.11676524,73.13274007,240773.0
2014-02-21,73.11676524,73.13274007,73.11676524,73.11676524,298054.0
2014-02-24,73.11676524,73.13274007,73.11676524,73.13274007,613691.0
2014-02-25,73.13274007,73.13274007,73.11676524,73.13274007,178000.0
2014-02-26,73.11676524,73.13274007,73.11676524,73.12475265,87712.0
2014-02-27,73.11676524,73.13274007,73.11676524,73.11676524,95313.0
2014-02-28,73.11676524,73.13274007,73.11676524,73.13274007,167372.0
2014-03-03,73.11676524,73.13274007,73.11676524,73.13274007,858472.0
2014-03-04,73.11676524,73.13274007,73.11676524,73.11676524,490123.0
2014-03-05,73.11676524,73.13274007,73.11676524,73.13274007,163594.0
2014-03-06,73.11676524,73.13274007,73.11676524,73.13274007,159574.0
2014-03-07,73.11676524,73.13274007,73.11676524,73.11676524,90565.0
2014-03-10,73.11676524,73.13274007,73.11676524,73.11676524,293462.0
2014-03-11,73.11676524,73.13274007,73.11676524,73.11676524,42257.0
2014-03-12,73.11676524,73.13274007,73.11676524,73.11676524,115067.0
2014-03-13,73.11676524,73.13274007,73.11676524,73.11676524,74728.0
2014-03-14,73.11676524,73.13274007,73.11676524,73.11676524,1176050.0
2014-03-17,73.11676524,73.13274007,73.11676524,73.11676524,504744.0
2014-03-18,73.11676524,73.13274007,73.11676524,73.11676524,106406.0
2014-03-19,73.11676524,73.13274007,73.11676524,73.13258032,97953.0
2014-03-20,73.11676524,73.13274007,73.11676524,73.11676524,71636.0
2014-03-21,73.13274007,73.13274007,73.11676524,73.13274007,138217.0
2014-03-24,73.11676524,73.13274007,73.11676524,73.13274007,254332.0
2014-03-25,73.13274007,73.13274007,73.11676524,73.13274007,73600.0
2014-03-26,73.13274007,73.13274007,73.11676524,73.11676524,874318.0
2014-03-27,73.11676524,73.13274007,73.11676524,73.11676524,66095.0
2014-03-28,73.11676524,73.13274007,73.11676524,73.11676524,195515.0
2014-03-31,73.13274007,73.13274007,73.11676524,73.11676524,425910.0
2014-04-01,73.11676524,73.13274007,73.11676524,73.11676524,1279352.0
2014-04-02,73.11676524,73.13274007,73.11676524,73.11676524,455218.0
2014-04-03,73.11676524,73.13274007,73.11676524,73.13274007,131733.0
2014-04-04,73.11676524,73.13274007,73.11676524,73.11676524,80728.0
2014-04-07,73.11676524,73.13274007,73.11676524,73.11676524,1296303.0
2014-04-08,73.13274007,73.13274007,73.11676524,73.11676524,402037.0
2014-04-09,73.11676524,73.13274007,73.11676524,73.11676524,99615.0
2014-04-10,73.11676524,73.13274007,73.11676524,73.11676524,65994.0
2014-04-11,73.11676524,73.13274007,73.11676524,73.11676524,166603.0
2014-04-14,73.11676524,73.13274007,73.11676524,73.11676524,299614.0
2014-04-15,73.11676524,73.13274007,73.11676524,73.11676524,226824.0
2014-04-16,73.11676524,73.13274007,73.11676524,73.11676524,88365.0
2014-04-17,73.13274007,73.13274007,73.11676524,73.13274007,136850.0
2014-04-21,73.10079042,73.11676524,73.10079042,73.10877783,127046.0
2014-04-22,73.10079042,73.11676524,73.10079042,73.10079042,92536.0
2014-04-23,73.11676524,73.11676524,73.10079042,73.10877783,188493.0
2014-04-24,73.10079042,73.11676524,73.10079042,73.11676524,262250.0
2014-04-25,73.10079042,73.11676524,73.10079042,73.10877783,110904.0
2014-04-28,73.11676524,73.13274007,73.11676524,73.11676524,81103.0
2014-04-29,73.13274007,73.13274007,73.11676524,73.11676524,101073.0
2014-04-30,73.11676524,73.13274007,73.11676524,73.11676524,230591.0
2014-05-01,73.11676524,73.11676524,73.10079042,73.10079042,152938.0
2014-05-02,73.10079042,73.11676524,73.10079042,73.10877783,71857.0
2014-05-05,73.10079042,73.11676524,73.10079042,73.11676524,164597.0
2014-05-06,73.11676524,73.11676524,73.10079042,73.10079042,74805.0
2014-05-07,73.10079042,73.11676524,73.10079042,73.10079042,75904.0
2014-05-08,73.11660549,73.11676524,73.10079042,73.10079042,125318.0
2014-05-09,73.10079042,73.11676524,73.10079042,73.11676524,71673.0
2014-05-12,73.10079042,73.11676524,73.10079042,73.10079042,896240.0
2014-05-13,73.10079042,73.11676524,73.10079042,73.10877783,173433.0
2014-05-14,73.10079042,73.11676524,73.10079042,73.11676524,217879.0
2014-05-15,73.10079042,73.11676524,73.10079042,73.10877783,192986.0
2014-05-16,73.10079042,73.11676524,73.10079042,73.11676524,62542.0
2014-05-19,73.10079042,73.11676524,73.10079042,73.11676524,265740.0
2014-05-20,73.10079042,73.11676524,73.10079042,73.11676524,94860.0
2014-05-21,73.11676524,73.11676524,73.10079042,73.10079042,65451.0
2014-05-22,73.10079042,73.11676524,73.10079042,73.10079042,130953.0
2014-05-23,73.11676524,73.11676524,73.10079042,73.11676524,101492.0
2014-05-27,73.10079042,73.11676524,73.10079042,73.10079042,86979.0
2014-05-28,73.11676524,73.11676524,73.10079042,73.11676524,89279.0
2014-05-29,73.11676524,73.11676524,73.10079042,73.10079042,90172.0
2014-05-30,73.10079042,73.11676524,73.10079042,73.11676524,212984.0
2014-06-02,73.10079042,73.11676524,73.10079042,73.10079042,65987.0
2014-06-03,73.10079042,73.11676524,73.10079042,73.10079042,135946.0
2014-06-04,73.11676524,73.11676524,73.10079042,73.10079042,157997.0
2014-06-05,73.11676524,73.11676524,73.10079042,73.10079042,147978.0
2014-06-06,73.11676524,73.11676524,73.10079042,73.10079042,142940.0
2014-06-09,73.10079042,73.11676524,73.10079042,73.11676524,80626.0
2014-06-10,73.10079042,73.11676524,73.10079042,73.11676524,153770.0
2014-06-11,73.10079042,73.11676524,73.10079042,73.10079042,64075.0
2014-06-12,73.10079042,73.11676524,73.10079042,73.11181305,96356.0
2014-06-13,73.0848156,73.10079042,73.0848156,73.10079042,382656.0
2014-06-16,73.0848156,73.11676524,73.0848156,73.11676524,601038.0
2014-06-17,73.10079042,73.11676524,73.10079042,73.10079042,108481.0
2014-06-18,73.10079042,73.11676524,73.10079042,73.11676524,205962.0
2014-06-19,73.10079042,73.11676524,73.10079042,73.11676524,75690.0
2014-06-20,73.11676524,73.11676524,73.10079042,73.11676524,116849.0
2014-06-23,73.10079042,73.11676524,73.10079042,73.11676524,143390.0
2014-06-24,73.11676524,73.11676524,73.10079042,73.11676524,86908.0
2014-06-25,73.10079042,73.11676524,73.10079042,73.10079042,56801.0
2014-06-26,73.11676524,73.11676524,73.10079042,73.10079042,120601.0
2014-06-27,73.11676524,73.11676524,73.10079042,73.11676524,210547.0
2014-06-30,73.10079042,73.11676524,73.10079042,73.10079042,89303.0
2014-07-01,73.10079042,73.11676524,73.10079042,73.11676524,145628.0
2014-07-02,73.10079042,73.11676524,73.10079042,73.11676524,217785.0
2014-07-03,73.10079042,73.11676524,73.10079042,73.10079042,74107.0
2014-07-07,73.10079042,73.11676524,73.10079042,73.11676524,357206.0
2014-07-08,73.11676524,73.11676524,73.10079042,73.11676524,230920.0
2014-07-09,73.11676524,73.11676524,73.10079042,73.10079042,84157.0
2014-07-10,73.10079042,73.11676524,73.10079042,73.10079042,444408.0
2014-07-11,73.10079042,73.11676524,73.0848156,73.10079042,63333.0
2014-07-14,73.10079042,73.10079042,73.0848156,73.10079042,137462.0
2014-07-15,73.0848156,73.10079042,73.0848156,73.09280301,122135.0
2014-07-16,73.0848156,73.10079042,73.0848156,73.10079042,89259.0
2014-07-17,73.0848156,73.10079042,73.0848156,73.09280301,69446.0
2014-07-18,73.10079042,73.10079042,73.0848156,73.0848156,99174.0
2014-07-21,73.0848156,73.10079042,73.0848156,73.10079042,190314.0
2014-07-22,73.10079042,73.10079042,73.0848156,73.0848156,347519.0
2014-07-23,73.0848156,73.10079042,73.0848156,73.10079042,167394.0
2014-07-24,73.10079042,73.10079042,73.0848156,73.10079042,441046.0
2014-07-25,73.0848156,73.10079042,73.0848156,73.10079042,73170.0
2014-07-28,73.0848156,73.10079042,73.0848156,73.10079042,73147.0
2014-07-29,73.10079042,73.10079042,73.0848156,73.10079042,123882.0
2014-07-30,73.10079042,73.10079042,73.0848156,73.10079042,48512.0
2014-07-31,73.10079042,73.10079042,73.0848156,73.0848156,185043.0
2014-08-01,73.10079042,73.10079042,73.0848156,73.10079042,809652.0
2014-08-04,73.0848156,73.10079042,73.0848156,73.10079042,385760.0
2014-08-05,73.0848156,73.10079042,73.0848156,73.0848156,175364.0
2014-08-06,73.0848156,73.10079042,73.0848156,73.0848156,108558.0
2014-08-07,73.0848156,73.10079042,73.0848156,73.10079042,115560.0
2014-08-08,73.10079042,73.10079042,73.0848156,73.0848156,351597.0
2014-08-11,73.10079042,73.10079042,73.0848156,73.0848156,475705.0
2014-08-12,73.0848156,73.10079042,73.0848156,73.0848156,103959.0
2014-08-13,73.0848156,73.10079042,73.0848156,73.10079042,234715.0
2014-08-14,73.10079042,73.10079042,73.0848156,73.0848156,463713.0
2014-08-15,73.10079042,73.10079042,73.0848156,73.10079042,222988.0
2014-08-18,73.0848156,73.10079042,73.0848156,73.0848156,526838.0
2014-08-19,73.0848156,73.10079042,73.0848156,73.10079042,502558.0
2014-08-20,73.0848156,73.10079042,73.0848156,73.0848156,63651.0
2014-08-21,73.0848156,73.10079042,73.0848156,73.10079042,214705.0
2014-08-22,73.10079042,73.10079042,73.0848156,73.10079042,84069.0
2014-08-25,73.0848156,73.10079042,73.0848156,73.10079042,587278.0
2014-08-26,73.0848156,73.10079042,73.0848156,73.10079042,100355.0
2014-08-27,73.0848156,73.10079042,73.0848156,73.0848156,348061.0
2014-08-28,73.0848156,73.10079042,73.0848156,73.10079042,145077.0
2014-08-29,73.0848156,73.10079042,73.0848156,73.10079042,66957.0
2014-09-02,73.0848156,73.10079042,73.0848156,73.0848156,598382.0
2014-09-03,73.0848156,73.10079042,73.0848156,73.10079042,39450.0
2014-09-04,73.0848156,73.10079042,73.0848156,73.0848156,105260.0
2014-09-05,73.10079042,73.10079042,73.0848156,73.10079042,105208.0
2014-09-08,73.10079042,73.10079042,73.0848156,73.0848156,116702.0
2014-09-09,73.0848156,73.10079042,73.0848156,73.0848156,64600.0
2014-09-10,73.0848156,73.10079042,73.0848156,73.09280301,78334.0
2014-09-11,73.0848156,73.10079042,73.0848156,73.0848156,70420.0
2014-09-12,73.0848156,73.10079042,73.0848156,73.0848156,163740.0
2014-09-15,73.0848156,73.10079042,73.0848156,73.0848156,143233.0
2014-09-16,73.10079042,73.10079042,73.0848156,73.0848156,115404.0
2014-09-17,73.10079042,73.10079042,73.0848156,73.0848156,359324.0
2014-09-18,73.10079042,73.10079042,73.0848156,73.10079042,92080.0
2014-09-19,73.0848156,73.10079042,73.0848156,73.10079042,146073.0
2014-09-22,73.0848156,73.10079042,73.0848156,73.10079042,1013777.0
2014-09-23,73.0848156,73.10079042,73.0848156,73.10079042,112085.0
2014-09-24,73.10079042,73.10079042,73.0848156,73.10079042,65156.0
2014-09-25,73.0848156,73.10079042,73.0848156,73.10079042,109706.0
2014-09-26,73.0848156,73.10079042,73.0848156,73.10079042,54732.0
2014-09-29,73.10079042,73.10079042,73.0848156,73.0848156,139611.0
2014-09-30,73.0848156,73.10079042,73.0848156,73.10079042,251144.0
2014-10-01,73.10079042,73.10079042,73.0848156,73.10079042,663434.0
2014-10-02,73.0848156,73.10079042,73.0848156,73.10079042,269909.0
2014-10-03,73.10079042,73.10079042,73.06884077,73.06884077,650114.0
2014-10-06,73.06884077,73.0848156,73.06884077,73.06884077,237076.0
2014-10-07,73.0848156,73.0848156,73.06884077,73.0848156,134131.0
2014-10-08,73.0848156,73.0848156,73.06884077,73.0848156,147563.0
2014-10-09,73.06884077,73.0848156,73.06884077,73.0848156,978266.0
2014-10-10,73.06884077,73.0848156,73.06884077,73.0848156,581077.0
2014-10-13,73.0848156,73.0848156,73.06884077,73.0848156,722254.0
2014-10-14,73.06884077,73.0848156,73.06884077,73.06884077,424145.0
2014-10-15,73.06884077,73.0848156,73.06884077,73.06884077,369582.0
2014-10-16,73.0848156,73.0848156,73.06884077,73.0848156,601088.0
2014-10-17,73.0848156,73.0848156,73.06884077,73.0848156,683327.0
2014-10-20,73.0848156,73.09280301,73.06884077,73.0848156,4556619.0
2014-10-21,73.0848156,73.0848156,73.06884077,73.06884077,2076600.0
2014-10-22,73.06884077,73.0848156,73.06884077,73.0848156,1261132.0
2014-10-23,73.06884077,73.0848156,73.06884077,73.06884077,218108.0
2014-10-24,73.06884077,73.0848156,73.06884077,73.06884077,197176.0
2014-10-27,73.06884077,73.0848156,73.06884077,73.06884077,1660871.0
2014-10-28,73.07682819,73.0848156,73.06884077,73.06884077,2536018.0
2014-10-29,73.07682819,73.0848156,73.06884077,73.0848156,725951.0
2014-10-30,73.06884077,73.0848156,73.06884077,73.06884077,284928.0
2014-10-31,73.06884077,73.0848156,73.06884077,73.0848156,1133194.0
2014-11-03,73.0848156,73.0848156,73.06884077,73.06884077,9501179.0
2014-11-04,73.06884077,73.0848156,73.06884077,73.07682819,322331.0
2014-11-05,73.0848156,73.0848156,73.06884077,73.06884077,663095.0
2014-11-06,73.0848156,73.0848156,73.06884077,73.0848156,407219.0
2014-11-07,73.0848156,73.0848156,73.06884077,73.07155649,114012.0
2014-11-10,73.0848156,73.0848156,73.06884077,73.0848156,185557.0
2014-11-11,73.06884077,73.0848156,73.06884077,73.0848156,128395.0
2014-11-12,73.0848156,73.0848156,73.06884077,73.0848156,644984.0
2014-11-13,73.0848156,73.0848156,73.06884077,73.06884077,245252.0
2014-11-14,73.06884077,73.0848156,73.06884077,73.06884077,231885.0
2014-11-17,73.0848156,73.0848156,73.06884077,73.0848156,126499.0
2014-11-18,73.06884077,73.0848156,73.06884077,73.06884077,794675.0
2014-11-19,73.0848156,73.0848156,73.06884077,73.06884077,272732.0
2014-11-20,73.06884077,73.0848156,73.06884077,73.06884077,275988.0
2014-11-21,73.06884077,73.0848156,73.06884077,73.06884077,292708.0
2014-11-24,73.06884077,73.0848156,73.06884077,73.0848156,891544.0
2014-11-25,73.06884077,73.0848156,73.06884077,73.0848156,208979.0
2014-11-26,73.06884077,73.0848156,73.06884077,73.06884077,897091.0
2014-11-28,73.06884077,73.0848156,73.06884077,73.0848156,383221.0
2014-12-01,73.06884077,73.0848156,73.06884077,73.06884077,424598.0
2014-12-02,73.0848156,73.0848156,73.06884077,73.06884077,179133.0
2014-12-03,73.06884077,73.0848156,73.06884077,73.06884077,685872.0
2014-12-04,73.06884077,73.06884077,73.05286595,73.06884077,298649.0
2014-12-05,73.06884077,73.0848156,73.05286595,73.0848156,540688.0
2014-12-08,73.0848156,73.0848156,73.06884077,73.07682819,511479.0
2014-12-09,73.0848156,73.0848156,73.06884077,73.06900052,672131.0
2014-12-10,73.06884077,73.0848156,73.06884077,73.06884077,1242790.0
2014-12-11,73.06884077,73.0848156,73.06884077,73.06884077,409413.0
2014-12-12,73.06884077,73.0848156,73.05286595,73.0848156,1708079.0
2014-12-15,73.0848156,73.0848156,73.05286595,73.05286595,1886216.0
2014-12-16,73.06884077,73.06884077,73.05286595,73.05286595,1782467.0
2014-12-17,73.0848156,73.0848156,73.05286595,73.05286595,2119953.0
2014-12-18,73.05286595,73.06884077,73.05286595,73.06884077,3397240.0
2014-12-19,73.05286595,73.06884077,73.05286595,73.05286595,692269.0
2014-12-22,73.05286595,73.06884077,73.05286595,73.05286595,5710211.0
2014-12-23,73.06884077,73.06884077,73.05286595,73.05286595,1548392.0
2014-12-24,73.05286595,73.06884077,73.05286595,73.06884077,769028.0
2014-12-26,73.05286595,73.06884077,73.05286595,73.05286595,147508.0
2014-12-29,73.05286595,73.06884077,73.05286595,73.05286595,1374007.0
2014-12-30,73.06884077,73.06884077,73.05286595,73.05286595,1417932.0
2014-12-31,73.06884077,73.06884077,73.05286595,73.06884077,348109.0
2015-01-02,73.05286595,73.06884077,73.05286595,73.05286595,340982.0
2015-01-05,73.05286595,73.06884077,73.05286595,73.06884077,2518329.0
2015-01-06,73.05286595,73.06884077,73.05286595,73.05286595,541250.0
2015-01-07,73.06884077,73.06884077,73.05286595,73.05286595,153810.0
2015-01-08,73.06884077,73.06884077,73.05286595,73.05286595,236432.0
2015-01-09,73.06884077,73.06884077,73.05286595,73.05286595,109672.0
2015-01-12,73.05286595,73.06884077,73.05286595,73.05286595,221023.0
2015-01-13,73.06884077,73.06884077,73.05286595,73.05286595,517292.0
2015-01-14,73.05286595,73.06884077,73.05286595,73.05286595,57475.0
2015-01-15,73.05286595,73.06884077,73.05286595,73.05286595,270170.0
2015-01-16,73.05286595,73.06884077,73.05286595,73.05286595,738943.0
2015-01-20,73.05286595,73.06884077,73.05286595,73.05286595,629383.0
2015-01-21,73.05286595,73.06884077,73.05286595,73.06884077,952387.0
2015-01-22,73.05286595,73.06884077,73.05286595,73.05286595,1430973.0
2015-01-23,73.05286595,73.06884077,73.05286595,73.06884077,508000.0
2015-01-26,73.06884077,73.06884077,73.05286595,73.06884077,320616.0
2015-01-27,73.05286595,73.06884077,73.05286595,73.06884077,191422.0
2015-01-28,73.05286595,73.06884077,73.05286595,73.05286595,268893.0
2015-01-29,73.03689113,73.06884077,73.03689113,73.05286595,554552.0
2015-01-30,73.05286595,73.06884077,73.05286595,73.05286595,205699.0
2015-02-02,73.06884077,73.06884077,73.05286595,73.05286595,3557487.0
2015-02-03,73.05286595,73.06884077,73.05286595,73.06884077,266084.0
2015-02-04,73.05286595,73.06884077,73.05286595,73.05286595,214178.0
2015-02-05,73.05286595,73.06884077,73.05286595,73.05286595,414793.0
2015-02-06,73.06884077,73.06884077,73.05286595,73.05286595,291738.0
2015-02-09,73.05286595,73.05286595,73.03689113,73.03689113,147068.0
2015-02-10,73.05286595,73.05286595,73.03689113,73.05286595,170448.0
2015-02-11,73.03689113,73.05286595,73.03689113,73.03689113,493192.0
2015-02-12,73.03689113,73.05286595,73.03689113,73.03689113,87110.0
2015-02-13,73.03689113,73.05286595,73.03689113,73.05286595,383123.0
2015-02-17,73.05286595,73.05286595,73.03689113,73.05286595,402424.0
2015-02-18,73.05286595,73.05286595,73.03689113,73.05286595,143060.0
2015-02-19,73.03689113,73.05286595,73.03689113,73.05286595,167205.0
2015-02-20,73.03689113,73.05286595,73.03689113,73.03689113,145458.0
2015-02-23,73.05286595,73.05286595,73.03689113,73.05286595,607673.0
2015-02-24,73.03689113,73.05286595,73.03689113,73.03689113,330274.0
2015-02-25,73.03689113,73.05286595,73.03689113,73.05286595,522858.0
2015-02-26,73.03689113,73.05286595,73.03689113,73.03689113,167015.0
2015-02-27,73.05286595,73.05286595,73.03689113,73.05286595,200447.0
2015-03-02,73.03689113,73.05286595,73.03689113,73.03689113,462633.0
2015-03-03,73.05286595,73.05286595,73.03689113,73.05286595,503183.0
2015-03-04,73.03689113,73.05286595,73.03689113,73.05286595,124480.0
2015-03-05,73.03689113,73.05286595,73.03689113,73.05286595,130439.0
2015-03-06,73.03689113,73.05286595,73.03689113,73.03689113,262503.0
2015-03-09,73.05286595,73.05286595,73.03689113,73.05286595,986471.0
2015-03-10,73.05286595,73.05286595,73.03689113,73.05286595,232159.0
2015-03-11,73.03689113,73.05286595,73.03689113,73.04487854,170034.0
2015-03-12,73.05286595,73.05286595,73.03689113,73.03689113,812314.0
2015-03-13,73.03689113,73.05286595,73.03689113,73.05286595,415639.0
2015-03-16,73.03689113,73.05286595,73.03689113,73.05286595,491351.0
2015-03-17,73.03689113,73.05286595,73.03689113,73.05286595,429340.0
2015-03-18,73.03689113,73.05286595,73.03689113,73.04487854,672572.0
2015-03-19,73.03689113,73.05286595,73.03689113,73.05286595,459725.0
2015-03-20,73.03689113,73.05286595,73.03689113,73.05286595,183428.0
2015-03-23,73.03689113,73.05286595,73.03689113,73.03689113,552402.0
2015-03-24,73.03689113,73.05286595,73.03689113,73.05286595,590439.0
2015-03-25,73.03689113,73.05286595,73.03689113,73.03689113,983274.0
2015-03-26,73.03689113,73.05286595,73.03689113,73.03689113,782947.0
2015-03-27,73.03689113,73.05286595,73.03689113,73.0434408,254329.0
2015-03-30,73.05286595,73.05286595,73.0209163,73.0209163,648391.0
2015-03-31,73.0209163,73.05286595,73.0209163,73.05286595,704390.0
2015-04-01,73.03689113,73.03689113,73.0209163,73.0209163,598039.0
2015-04-02,73.0209163,73.03689113,73.0209163,73.03689113,126506.0
2015-04-06,73.03689113,73.03689113,73.0209163,73.03689113,302546.0
2015-04-07,73.05286595,73.05286595,73.03689113,73.05286595,128104.0
2015-04-08,73.05286595,73.05286595,73.03689113,73.05286595,244912.0
2015-04-09,73.03689113,73.05286595,73.0209163,73.03689113,257732.0
2015-04-10,73.0209163,73.03689113,73.0209163,73.03689113,159809.0
2015-04-13,73.0209163,73.03689113,73.0209163,73.0209163,84540.0
2015-04-14,73.03689113,73.03689113,73.0209163,73.03689113,72509.0
2015-04-15,73.0209163,73.03689113,73.0209163,73.0209163,105941.0
2015-04-16,73.0209163,73.03689113,73.0209163,73.03689113,187446.0
2015-04-17,73.0209163,73.03689113,73.0209163,73.0209163,182565.0
2015-04-20,73.03689113,73.03689113,73.0209163,73.0209163,130501.0
2015-04-21,73.0209163,73.03689113,73.0209163,73.03689113,125836.0
2015-04-22,73.03689113,73.03689113,73.0209163,73.0209163,186368.0
2015-04-23,73.0209163,73.03689113,73.0209163,73.0209163,132170.0
2015-04-24,73.0209163,73.03689113,73.0209163,73.0209163,119594.0
2015-04-27,73.0209163,73.03689113,73.0209163,73.03689113,79480.0
2015-04-28,73.0209163,73.03689113,73.0209163,73.03689113,79656.0
2015-04-29,73.03689113,73.03689113,73.0209163,73.03689113,182614.0
2015-04-30,73.0209163,73.03689113,73.0209163,73.03689113,388630.0
2015-05-01,73.0209163,73.03689113,73.0209163,73.0209163,365686.0
2015-05-04,73.03689113,73.03689113,73.0209163,73.03689113,296228.0
2015-05-05,73.03689113,73.03689113,73.0209163,73.03689113,326731.0
2015-05-06,73.03689113,73.03689113,73.0209163,73.03689113,442562.0
2015-05-07,73.03689113,73.03689113,73.0209163,73.0209163,112864.0
2015-05-08,73.0209163,73.03689113,73.0209163,73.03689113,289751.0
2015-05-11,73.0209163,73.03689113,73.0209163,73.0209163,1544130.0
2015-05-12,73.0209163,73.03689113,73.0209163,73.03689113,72435.0
2015-05-13,73.0209163,73.03689113,73.0209163,73.03689113,173612.0
2015-05-14,73.0209163,73.03689113,73.0209163,73.0209163,175943.0
2015-05-15,73.03689113,73.03689113,73.0209163,73.0209163,101670.0
2015-05-18,73.03689113,73.03689113,73.0209163,73.0209163,135015.0
2015-05-19,73.03689113,73.03689113,73.0209163,73.0209163,470264.0
2015-05-20,73.0209163,73.03689113,73.0209163,73.0209163,119041.0
2015-05-21,73.0209163,73.03689113,73.0209163,73.03689113,651747.0
2015-05-22,73.0209163,73.03689113,73.0209163,73.02890372,152313.0
2015-05-26,73.03689113,73.03689113,73.0209163,73.03689113,503598.0
2015-05-27,73.0209163,73.03689113,73.0209163,73.03689113,351211.0
2015-05-28,73.03689113,73.03689113,73.0209163,73.0209163,148955.0
2015-05-29,73.03689113,73.03689113,73.0209163,73.0209163,181060.0
2015-06-01,73.03689113,73.03689113,73.0209163,73.0209163,352116.0
2015-06-02,73.03689113,73.03689113,73.0209163,73.03689113,169684.0
2015-06-03,73.03689113,73.03689113,73.0209163,73.03689113,2925686.0
2015-06-04,73.03689113,73.03689113,73.0209163,73.0209163,241392.0
2015-06-05,73.03689113,73.03689113,73.00494148,73.0209163,360725.0
2015-06-08,73.0209163,73.0209163,73.00494148,73.00494148,209169.0
2015-06-09,73.0209163,73.0209163,73.00494148,73.00494148,143873.0
2015-06-10,73.00494148,73.0209163,73.00494148,73.0209163,664379.0
2015-06-11,73.0209163,73.03689113,73.0209163,73.03689113,330078.0
2015-06-12,73.03689113,73.03689113,73.0209163,73.0209163,66876.0
2015-06-15,73.03689113,73.03689113,73.0209163,73.02890372,170798.0
2015-06-16,73.00494148,73.0209163,73.00494148,73.00494148,177714.0
2015-06-17,73.0209163,73.03689113,73.0209163,73.03689113,315575.0
2015-06-18,73.03689113,73.03689113,73.00494148,73.00494148,207990.0
2015-06-19,73.01292889,73.0209163,73.00494148,73.01005342,59063.0
2015-06-22,73.00494148,73.0209163,73.00494148,73.0209163,253563.0
2015-06-23,73.00494148,73.0209163,73.00494148,73.00494148,423773.0
2015-06-24,73.0209163,73.0209163,73.00494148,73.00494148,60747.0
2015-06-25,73.0209163,73.0209163,73.00494148,73.0209163,240027.0
2015-06-26,73.00494148,73.03689113,73.00494148,73.00494148,113443.0
2015-06-29,73.00494148,73.0209163,73.00494148,73.0209163,2018159.0
2015-06-30,73.0209163,73.0209163,73.00494148,73.0209163,362987.0
2015-07-01,73.0209163,73.0209163,73.00494148,73.0209163,555652.0
2015-07-02,73.0209163,73.0209163,73.00494148,73.0209163,623316.0
2015-07-06,73.00494148,73.0209163,73.00494148,73.0209163,178395.0
2015-07-07,73.00494148,73.0209163,73.00494148,73.00494148,430261.0
2015-07-08,73.0209163,73.0209163,73.00494148,73.00494148,408128.0
2015-07-09,73.00494148,73.0209163,73.00494148,73.01276914,228880.0
2015-07-10,73.0209163,73.0209163,73.00494148,73.00494148,208643.0
2015-07-13,73.00494148,73.0209163,73.00494148,73.00494148,438211.0
2015-07-14,73.00494148,73.0209163,73.00494148,73.0209163,482909.0
2015-07-15,73.0209163,73.0209163,73.00494148,73.00494148,77244.0
2015-07-16,73.00494148,73.0209163,73.00494148,73.00494148,679994.0
2015-07-17,73.0209163,73.0209163,73.00494148,73.0209163,347198.0
2015-07-20,73.00494148,73.0209163,73.00494148,73.00494148,299394.0
2015-07-21,73.0209163,73.0209163,73.00494148,73.0209163,530506.0
2015-07-22,73.0209163,73.0209163,73.00494148,73.00494148,940993.0
2015-07-23,73.00494148,73.0209163,73.00494148,73.00494148,111076.0
2015-07-24,73.00494148,73.0209163,73.00494148,73.0209163,148269.0
2015-07-27,73.00494148,73.0209163,73.00494148,73.00494148,436891.0
2015-07-28,73.0209163,73.0209163,73.00494148,73.00494148,471909.0
2015-07-29,73.0209163,73.0209163,73.00494148,73.0209163,264423.0
2015-07-30,73.00494148,73.0209163,73.00494148,73.0209163,125528.0
2015-07-31,73.00494148,73.0209163,73.00494148,73.0209163,788857.0
2015-08-03,73.0209163,73.0209163,73.00494148,73.0209163,501726.0
2015-08-04,73.00494148,73.0209163,73.00494148,73.00494148,2544569.0
2015-08-05,73.00494148,73.0209163,73.00494148,73.00494148,235716.0
2015-08-06,73.0209163,73.0209163,73.00494148,73.00494148,147711.0
2015-08-07,73.0209163,73.0209163,73.00494148,73.00494148,86680.0
2015-08-10,73.00494148,73.0209163,73.00494148,73.0209163,396251.0
2015-08-11,73.00494148,73.0209163,73.00494148,73.00494148,31083.0
2015-08-12,73.0209163,73.0209163,73.00494148,73.00494148,258282.0
2015-08-13,73.0209163,73.0209163,73.00494148,73.00494148,57472.0
2015-08-14,73.00494148,73.00494148,72.98896666,72.98896666,275205.0
2015-08-17,72.98896666,73.00494148,72.98896666,72.98896666,198959.0
2015-08-18,72.98896666,73.0209163,72.98896666,73.00494148,196707.0
2015-08-19,73.00494148,73.0209163,73.00494148,73.0209163,219181.0
2015-08-20,72.98896666,73.00494148,72.98896666,72.99695407,117124.0
2015-08-21,73.0209163,73.0209163,73.00494148,73.00494148,1321456.0
2015-08-24,73.0209163,73.03689113,73.00494148,73.00494148,3923226.0
2015-08-25,73.00494148,73.0209163,73.00494148,73.00494148,3951685.0
2015-08-26,73.00494148,73.0209163,73.00494148,73.0209163,1379666.0
2015-08-27,73.0209163,73.0209163,73.00494148,73.00494148,303351.0
2015-08-28,73.01292889,73.0209163,73.00494148,73.0209163,2947146.0
2015-08-31,73.0209163,73.0209163,73.00494148,73.0209163,2775459.0
2015-09-01,73.0209163,73.0209163,73.00494148,73.0209163,1368354.0
2015-09-02,73.00494148,73.0209163,73.00494148,73.00494148,610680.0
2015-09-03,73.0209163,73.0209163,73.00494148,73.0209163,313503.0
2015-09-04,73.00494148,73.0209163,73.00494148,73.00494148,461570.0
2015-09-08,73.00494148,73.0209163,73.00494148,73.00494148,1896252.0
2015-09-09,73.00494148,73.0209163,73.00494148,73.00494148,223493.0
2015-09-10,73.00494148,73.02075656,72.98896666,72.98896666,432758.0
2015-09-11,72.98896666,73.00494148,72.98896666,73.00494148,273415.0
2015-09-14,72.98896666,73.00494148,72.98896666,73.00494148,457048.0
2015-09-15,73.0209163,73.0209163,72.98896666,72.98896666,201956.0
2015-09-16,72.98896666,73.00494148,72.98896666,72.98896666,321429.0
2015-09-17,72.98896666,73.00494148,72.98896666,72.98896666,425011.0
2015-09-18,73.00494148,73.00494148,72.98896666,72.98896666,390493.0
2015-09-21,72.98896666,73.00494148,72.98896666,73.00494148,281424.0
2015-09-22,73.00494148,73.00494148,72.98896666,73.00494148,180831.0
2015-09-23,73.00494148,73.00494148,72.98896666,72.98896666,223504.0
2015-09-24,73.00494148,73.00494148,72.98896666,72.98896666,462763.0
2015-09-25,72.98896666,73.00494148,72.98896666,72.98896666,554538.0
2015-09-28,73.00494148,73.00494148,72.98896666,73.00494148,267090.0
2015-09-29,72.98896666,73.00494148,72.98896666,73.00494148,1344366.0
2015-09-30,73.00494148,73.00494148,72.98896666,72.98896666,494796.0
2015-10-01,72.98896666,73.00494148,72.98896666,73.00494148,2686648.0
2015-10-02,73.00494148,73.00494148,72.98896666,73.00494148,2358452.0
2015-10-05,72.98896666,73.00494148,72.98896666,72.98896666,696855.0
2015-10-06,72.98896666,73.00494148,72.98896666,72.98896666,1357725.0
2015-10-07,72.98896666,73.00494148,72.98896666,72.98896666,716558.0
2015-10-08,72.98896666,73.00494148,72.98896666,72.98896666,275093.0
2015-10-09,72.98896666,73.00494148,72.98896666,72.98896666,774933.0
2015-10-12,73.00494148,73.00494148,72.97299184,72.98896666,3216293.0
2015-10-13,72.98896666,72.98896666,72.97299184,72.98896666,736389.0
2015-10-14,72.98896666,72.98896666,72.97299184,72.98896666,370545.0
2015-10-15,72.98896666,73.00494148,72.98896666,72.98896666,151868.0
2015-10-16,73.00494148,73.00494148,72.98896666,72.98896666,577954.0
2015-10-19,72.98896666,73.00494148,72.97299184,72.98896666,917179.0
2015-10-20,72.98896666,72.98896666,72.97299184,72.97299184,546738.0
2015-10-21,72.97299184,72.98896666,72.97299184,72.98097925,277096.0
2015-10-22,72.98896666,72.98896666,72.97299184,72.98896666,327093.0
2015-10-23,72.97299184,72.98896666,72.97299184,72.98896666,743549.0
2015-10-26,72.98896666,72.98896666,72.97299184,72.97299184,1571870.0
2015-10-27,72.97299184,72.98896666,72.97299184,72.97299184,231425.0
2015-10-28,72.97299184,72.98896666,72.97299184,72.97299184,817915.0
2015-10-29,72.98896666,72.98896666,72.97299184,72.97299184,428998.0
2015-10-30,72.97299184,72.98896666,72.97299184,72.97299184,697886.0
2015-11-02,72.97299184,72.98896666,72.95701701,72.97299184,8863434.0
2015-11-03,72.98097925,72.98896666,72.97299184,72.98896666,532209.0
2015-11-04,72.97299184,72.98896666,72.97299184,72.97299184,1298097.0
2015-11-05,72.97299184,72.98896666,72.97299184,72.97299184,155985.0
2015-11-06,72.97299184,72.98896666,72.97299184,72.97299184,955999.0
2015-11-09,72.97299184,72.98896666,72.97299184,72.98896666,341653.0
2015-11-10,72.98896666,72.98896666,72.97299184,72.97299184,1268392.0
2015-11-11,72.97299184,72.98896666,72.97299184,72.98896666,268415.0
2015-11-12,72.97299184,72.98896666,72.97299184,72.98896666,107291.0
2015-11-13,72.98896666,72.98896666,72.97299184,72.97299184,357698.0
2015-11-16,72.98896666,72.98896666,72.97299184,72.98896666,1754810.0
2015-11-17,72.97299184,72.98896666,72.97299184,72.97299184,230105.0
2015-11-18,72.97299184,72.98896666,72.97299184,72.97299184,454094.0
2015-11-19,72.98896666,72.98896666,72.97299184,72.98896666,116100.0
2015-11-20,72.98896666,72.98896666,72.97299184,72.97299184,536218.0
2015-11-23,72.97299184,72.98896666,72.97299184,72.98896666,1124568.0
2015-11-24,72.97299184,72.98896666,72.97299184,72.97299184,686551.0
2015-11-25,72.97299184,72.98896666,72.97299184,72.97299184,695719.0
2015-11-27,72.97299184,72.98896666,72.97299184,72.98097925,3610830.0
2015-11-30,72.98896666,72.98896666,72.97299184,72.98896666,153540.0
2015-12-01,72.98896666,72.98896666,72.97299184,72.97299184,183758.0
2015-12-02,72.98896666,72.98896666,72.97299184,72.97299184,520788.0
2015-12-03,72.98896666,72.98896666,72.97299184,72.98896666,529315.0
2015-12-04,72.98896666,72.98896666,72.97299184,72.98896666,398828.0
2015-12-07,72.97299184,72.98896666,72.97299184,72.98896666,239769.0
2015-12-08,72.98896666,72.98896666,72.97299184,72.97299184,101127.0
2015-12-09,72.97299184,72.97299184,72.95701701,72.95701701,411719.0
2015-12-10,72.98896666,72.98896666,72.97299184,72.97299184,581693.0
2015-12-11,72.97299184,72.98896666,72.97299184,72.98896666,673260.0
2015-12-14,72.97299184,72.98896666,72.97299184,72.98896666,4853359.0
2015-12-15,72.97299184,72.98896666,72.97299184,72.97299184,2550350.0
2015-12-16,72.98896666,72.98896666,72.97299184,72.98896666,623385.0
2015-12-17,72.97299184,72.98896666,72.97299184,72.97299184,1134559.0
2015-12-18,72.97299184,72.98896666,72.97299184,72.98896666,877504.0
2015-12-21,72.97299184,72.98896666,72.97299184,72.97299184,1594499.0
2015-12-22,72.97299184,72.98896666,72.97299184,72.97299184,988408.0
2015-12-23,72.98896666,72.98896666,72.97299184,72.97299184,247918.0
2015-12-24,72.97299184,72.98896666,72.97299184,72.98097925,521072.0
2015-12-28,72.98896666,72.98896666,72.97299184,72.97299184,243728.0
2015-12-29,72.98896666,72.98896666,72.97299184,72.97299184,173067.0
2015-12-30,72.98896666,72.98896666,72.97299184,72.98896666,299115.0
2015-12-31,72.98896666,72.98896666,72.97299184,72.97299184,447803.0
2016-01-04,72.98896666,72.98896666,72.97299184,72.98896666,1065786.0
2016-01-05,72.97299184,72.98896666,72.97299184,72.98896666,4878434.0
2016-01-06,72.97299184,72.97299184,72.95701701,72.95701701,377412.0
2016-01-07,72.98896666,72.98896666,72.97299184,72.97299184,651342.0
2016-01-08,72.97299184,72.98896666,72.97299184,72.97299184,585641.0
2016-01-11,72.97299184,72.98896666,72.97299184,72.97299184,1457550.0
2016-01-12,72.95701701,72.98896666,72.95701701,72.98896666,441903.0
2016-01-13,72.97299184,72.98896666,72.95701701,72.97299184,2031474.0
2016-01-14,72.98896666,72.98896666,72.95701701,72.95701701,1757429.0
2016-01-15,72.95701701,72.97299184,72.95701701,72.95701701,601563.0
2016-01-19,72.97299184,72.97299184,72.95701701,72.97299184,4424439.0
2016-01-20,72.97299184,72.98896666,72.97299184,72.97299184,738683.0
2016-01-21,72.97299184,72.98896666,72.97299184,72.98896666,1290659.0
2016-01-22,72.98896666,72.98896666,72.95701701,72.95701701,1004368.0
2016-01-25,72.97299184,72.97299184,72.95701701,72.97299184,605273.0
2016-01-26,72.97299184,72.97299184,72.95701701,72.95701701,311776.0
2016-01-27,72.97299184,72.97299184,72.95701701,72.97299184,1668317.0
2016-01-28,72.95701701,72.97299184,72.95701701,72.97299184,163792.0
2016-01-29,72.95701701,72.98896666,72.95701701,72.98896666,793210.0
2016-02-01,72.97299184,72.98896666,72.95701701,72.95701701,844902.0
2016-02-02,72.95701701,72.97299184,72.95701701,72.95701701,1627284.0
2016-02-03,72.97299184,72.98896666,72.95701701,72.97299184,2395643.0
2016-02-04,72.97299184,72.98896666,72.97299184,72.98896666,275470.0
2016-02-05,72.98896666,72.98896666,72.97299184,72.98896666,324210.0
2016-02-08,72.98896666,72.98896666,72.97299184,72.97299184,599455.0
2016-02-09,72.98097925,72.98896666,72.97299184,72.98896666,869537.0
2016-02-10,72.97299184,72.98896666,72.97299184,72.97299184,610948.0
2016-02-11,72.98896666,72.98896666,72.97299184,72.98097925,465462.0
2016-02-12,72.98896666,72.98896666,72.97299184,72.97299184,438831.0
2016-02-16,72.98896666,72.98896666,72.97299184,72.97299184,392659.0
2016-02-17,72.98896666,72.98896666,72.97299184,72.97299184,1282246.0
2016-02-18,72.98896666,72.98896666,72.97299184,72.98896666,712270.0
2016-02-19,72.98896666,72.98896666,72.97299184,72.98896666,911127.0
2016-02-22,72.98896666,72.98896666,72.97299184,72.98880691,201576.0
2016-02-23,72.98896666,72.98896666,72.97299184,72.97299184,1000439.0
2016-02-24,72.98896666,72.98896666,72.97299184,72.98896666,664956.0
2016-02-25,72.97299184,72.98896666,72.97299184,72.97299184,1243207.0
2016-02-26,72.97299184,72.98896666,72.97299184,72.97299184,883238.0
2016-02-29,72.98896666,72.98896666,72.97299184,72.98896666,1613207.0
2016-03-01,72.97299184,72.98896666,72.97299184,72.98896666,630606.0
2016-03-02,72.98896666,72.98896666,72.97299184,72.97299184,1869965.0
2016-03-03,72.97299184,72.98896666,72.97299184,72.98896666,1296956.0
2016-03-04,72.98896666,72.98896666,72.97299184,72.98896666,2205542.0
2016-03-07,72.98896666,72.98896666,72.97299184,72.98896666,908680.0
2016-03-08,72.97299184,72.98896666,72.97299184,72.97315158,542184.0
2016-03-09,72.97299184,72.98896666,72.97299184,72.98896666,661391.0
2016-03-10,72.97299184,72.98896666,72.97299184,72.98896666,198507.0
2016-03-11,72.97299184,72.98896666,72.97299184,72.97299184,383621.0
2016-03-14,72.97299184,72.98896666,72.97299184,72.97299184,292677.0
2016-03-15,72.98896666,72.98896666,72.97299184,72.97299184,2669318.0
2016-03-16,72.97299184,72.98896666,72.97299184,72.98896666,306256.0
2016-03-17,72.98896666,73.00494148,72.97299184,72.97299184,199474.0
2016-03-18,72.98896666,72.98896666,72.97299184,72.97299184,598814.0
2016-03-21,72.97299184,72.98896666,72.97299184,72.98896666,1510582.0
2016-03-22,72.97299184,72.98896666,72.97299184,72.98097925,286656.0
2016-03-23,72.97299184,72.98896666,72.97299184,72.97299184,260387.0
2016-03-24,72.97299184,72.98896666,72.97299184,72.98896666,711334.0
2016-03-28,72.98896666,73.00494148,72.98896666,72.98896666,347954.0
2016-03-29,72.98896666,73.00494148,72.98896666,72.98896666,631269.0
2016-03-30,73.00494148,73.00494148,72.98896666,72.98896666,264002.0
2016-03-31,72.98896666,73.00494148,72.98896666,72.98896666,2956785.0
2016-04-01,72.98896666,73.00494148,72.98896666,72.98896666,942488.0
2016-04-04,72.98896666,73.00494148,72.98896666,72.98896666,1619200.0
2016-04-05,73.00494148,73.00494148,72.98896666,73.00494148,1829951.0
2016-04-06,72.98896666,73.00494148,72.98896666,73.00494148,1081775.0
2016-04-07,72.98896666,73.00494148,72.98896666,72.98896666,1306988.0
2016-04-08,72.98896666,73.00494148,72.98896666,73.00494148,191969.0
2016-04-11,72.98896666,73.00494148,72.98896666,72.98896666,587153.0
2016-04-12,72.99695407,73.00494148,72.98896666,72.98896666,169605.0
2016-04-13,72.98896666,73.00494148,72.98896666,73.00494148,182392.0
2016-04-14,72.98896666,73.00494148,72.98896666,73.00494148,143952.0
2016-04-15,73.00494148,73.00494148,72.98896666,72.98896666,219011.0
2016-04-18,72.98896666,73.00494148,72.98896666,73.00494148,1972046.0
2016-04-19,72.98896666,73.00494148,72.98896666,73.00494148,138402.0
2016-04-20,73.00494148,73.00494148,72.98896666,73.00494148,199337.0
2016-04-21,73.00494148,73.00494148,72.98896666,72.98896666,446302.0
2016-04-22,73.00494148,73.00494148,72.98896666,73.00494148,388428.0
2016-04-25,72.98896666,73.00494148,72.98896666,72.98896666,515327.0
2016-04-26,72.98896666,73.00494148,72.98896666,73.00494148,249982.0
2016-04-27,73.00494148,73.00494148,72.98896666,73.00494148,104067.0
2016-04-28,72.98896666,73.00494148,72.98896666,73.00494148,274184.0
2016-04-29,73.00494148,73.0209163,73.00494148,73.0209163,722107.0
2016-05-02,73.0209163,73.0209163,73.00494148,73.00494148,370027.0
2016-05-03,73.00494148,73.0209163,73.00494148,73.0209163,665865.0
2016-05-04,73.00494148,73.0209163,73.00494148,73.00494148,700419.0
2016-05-05,73.00494148,73.0209163,73.00494148,73.00494148,578497.0
2016-05-06,73.00494148,73.0209163,73.00494148,73.0209163,2157175.0
2016-05-09,73.0209163,73.0209163,73.00494148,73.0209163,108871.0
2016-05-10,73.00494148,73.0209163,73.00494148,73.0209163,875047.0
2016-05-11,73.00494148,73.00494148,72.98896666,72.98896666,156794.0
2016-05-12,73.00494148,73.00494148,72.98896666,72.98896666,189903.0
2016-05-13,72.98896666,73.00494148,72.98896666,72.98896666,512867.0
2016-05-16,72.98896666,73.00494148,72.98896666,72.98896666,184521.0
2016-05-17,73.00494148,73.00494148,72.98896666,72.98896666,410199.0
2016-05-18,73.00494148,73.0209163,72.99695407,73.00494148,1319686.0
2016-05-19,72.98896666,73.00494148,72.98896666,72.98896666,122158.0
2016-05-20,73.00494148,73.0209163,72.98896666,73.00494148,389411.0
2016-05-23,73.00494148,73.0209163,72.98896666,73.0209163,827427.0
2016-05-24,73.00494148,73.0209163,72.98896666,72.98896666,612811.0
2016-05-25,73.00494148,73.00494148,72.98896666,73.00494148,242095.0
2016-05-26,73.00494148,73.0209163,72.98896666,73.00494148,284145.0
2016-05-27,73.00494148,73.0209163,73.00494148,73.0209163,270380.0
2016-05-31,73.0209163,73.0209163,72.98896666,73.0209163,498862.0
2016-06-01,73.00494148,73.0209163,73.00494148,73.0209163,578392.0
2016-06-02,73.00494148,73.0209163,73.00494148,73.00494148,175644.0
2016-06-03,73.0209163,73.03689113,73.00494148,73.0209163,735673.0
2016-06-06,73.0209163,73.03689113,73.0209163,73.03689113,365534.0
2016-06-07,73.0209163,73.03689113,73.0209163,73.03689113,154610.0
2016-06-08,73.0209163,73.03689113,73.0209163,73.03689113,250538.0
2016-06-09,73.03689113,73.03689113,73.00494148,73.00494148,1767232.0
2016-06-10,73.00494148,73.0209163,73.00494148,73.00494148,278103.0
2016-06-13,73.0209163,73.0209163,73.00494148,73.00494148,159077.0
2016-06-14,73.00494148,73.0209163,73.00494148,73.00494148,771286.0
2016-06-15,73.0209163,73.0209163,73.00494148,73.00494148,683114.0
2016-06-16,73.0209163,73.03689113,73.00494148,73.0209163,876420.0
2016-06-17,73.0209163,73.03689113,73.00494148,73.00494148,463257.0
2016-06-20,73.00494148,73.0209163,73.00494148,73.0209163,130917.0
2016-06-21,73.0209163,73.03689113,73.00494148,73.0209163,965723.0
2016-06-22,73.0209163,73.0209163,73.00494148,73.0209163,171246.0
2016-06-23,73.00494148,73.0209163,73.00494148,73.0209163,1232703.0
2016-06-24,73.00494148,73.0209163,73.00494148,73.00494148,640819.0
2016-06-27,73.00494148,73.03689113,73.00494148,73.00494148,3124255.0
2016-06-28,73.0209163,73.03689113,73.00494148,73.00494148,794053.0
2016-06-29,73.03689113,73.03689113,73.00494148,73.00494148,1667554.0
2016-06-30,73.0209163,73.03689113,73.00494148,73.00494148,690171.0
2016-07-01,73.0209163,73.03689113,73.00494148,73.03689113,511571.0
2016-07-05,73.0209163,73.03689113,73.00494148,73.03689113,1129208.0
2016-07-06,73.03689113,73.03689113,73.00494148,73.0209163,734458.0
2016-07-07,73.0209163,73.03689113,73.0209163,73.03689113,199969.0
2016-07-08,73.03689113,73.03689113,73.00494148,73.0209163,724194.0
2016-07-11,73.03689113,73.03689113,73.00494148,73.03689113,580127.0
2016-07-12,73.0209163,73.0209163,73.00494148,73.00494148,1158203.0
2016-07-13,73.00494148,73.0209163,73.00494148,73.0209163,422500.0
2016-07-14,73.0209163,73.03689113,73.00494148,73.03689113,2044229.0
2016-07-15,73.0209163,73.03689113,73.0209163,73.0209163,93385.0
2016-07-18,73.0209163,73.03369616,73.0209163,73.0209163,167095.0
2016-07-19,73.0209163,73.03689113,73.0209163,73.03689113,447382.0
2016-07-20,73.0209163,73.03689113,73.0209163,73.03689113,167490.0
2016-07-21,73.0209163,73.03689113,73.0209163,73.03689113,116702.0
2016-07-22,73.0209163,73.03689113,73.0209163,73.03689113,180446.0
2016-07-25,73.0209163,73.03689113,73.0209163,73.0209163,129065.0
2016-07-26,73.0209163,73.03689113,73.0209163,73.0209163,180693.0
2016-07-27,73.03689113,73.03689113,73.0209163,73.03689113,220309.0
2016-07-28,73.0209163,73.03689113,73.0209163,73.0209163,136706.0
2016-07-29,73.02890372,73.03689113,73.0209163,73.03689113,83981.0
2016-08-01,73.0209163,73.03689113,73.0209163,73.0209163,96995.0
2016-08-02,73.02251379,73.03689113,73.0209163,73.03689113,267119.0
2016-08-03,73.0209163,73.03689113,73.0209163,73.0209163,659019.0
2016-08-04,73.0209163,73.03689113,73.0209163,73.0209163,128770.0
2016-08-05,73.0209163,73.03689113,73.0209163,73.0209163,192217.0
2016-08-08,73.0209163,73.03689113,73.0209163,73.0209163,161405.0
2016-08-09,73.03689113,73.03689113,73.0209163,73.0209163,1148812.0
2016-08-10,73.0209163,73.03689113,73.0209163,73.0209163,100430.0
2016-08-11,73.0209163,73.03689113,73.0209163,73.0209163,98910.0
2016-08-12,73.03689113,73.03689113,73.0209163,73.0209163,101147.0
2016-08-15,73.0209163,73.03689113,73.0209163,73.0209163,296648.0
2016-08-16,73.0209163,73.03689113,73.0209163,73.0209163,100993.0
2016-08-17,73.0209163,73.03689113,73.0209163,73.0209163,342807.0
2016-08-18,73.0209163,73.03689113,73.0209163,73.03689113,109361.0
2016-08-19,73.0209163,73.03689113,73.0209163,73.0209163,120205.0
2016-08-22,73.0209163,73.03689113,73.0209163,73.0209163,1466207.0
2016-08-23,73.03689113,73.03689113,73.0209163,73.0209163,124263.0
2016-08-24,73.0209163,73.03689113,73.0209163,73.03689113,85093.0
2016-08-25,73.03689113,73.03689113,73.0209163,73.0209163,154069.0
2016-08-26,73.0209163,73.03689113,73.0209163,73.0209163,182065.0
2016-08-29,73.03689113,73.05286595,73.0209163,73.03689113,330370.0
2016-08-30,73.03689113,73.05286595,73.02666724,73.03689113,299471.0
2016-08-31,73.03689113,73.05286595,73.0209163,73.03689113,190012.0
2016-09-01,73.03689113,73.05286595,73.0209163,73.03689113,174335.0
2016-09-02,73.03689113,73.05286595,73.03689113,73.05286595,307008.0
2016-09-06,73.03689113,73.05286595,73.03689113,73.05286595,352498.0
2016-09-07,73.05286595,73.05286595,73.03689113,73.03689113,790671.0
2016-09-08,73.03689113,73.05286595,73.0209163,73.03689113,497147.0
2016-09-09,73.05286595,73.05286595,73.03689113,73.05286595,342822.0
2016-09-12,73.05286595,73.05286595,73.0209163,73.0209163,724981.0
2016-09-13,73.05286595,73.05286595,73.0209163,73.03689113,264627.0
2016-09-14,73.05286595,73.05286595,73.03689113,73.03689113,202532.0
2016-09-15,73.03689113,73.05286595,73.0209163,73.03689113,374139.0
2016-09-16,73.05286595,73.05286595,73.03689113,73.03689113,425972.0
2016-09-19,73.05286595,73.05286595,73.03689113,73.03689113,1269572.0
2016-09-20,73.03689113,73.05286595,73.03689113,73.03689113,706782.0
2016-09-21,73.03689113,73.05286595,73.03689113,73.03689113,536154.0
2016-09-22,73.05286595,73.05286595,73.03689113,73.05286595,514943.0
2016-09-23,73.05286595,73.06884077,73.03689113,73.05286595,369245.0
2016-09-26,73.03689113,73.05286595,73.03689113,73.05286595,433403.0
2016-09-27,73.05286595,73.05286595,73.03689113,73.03689113,453787.0
2016-09-28,73.03689113,73.05286595,73.03689113,73.03689113,481202.0
2016-09-29,73.03689113,73.05286595,73.03689113,73.03689113,878117.0
2016-09-30,73.03689113,73.05286595,73.03689113,73.05286595,458353.0
2016-10-03,73.05286595,73.05286595,73.03689113,73.03689113,231792.0
2016-10-04,73.03689113,73.05286595,73.03689113,73.05286595,392424.0
2016-10-05,73.03689113,73.05286595,73.03689113,73.05286595,518482.0
2016-10-06,73.05286595,73.05286595,73.03689113,73.05286595,193848.0
2016-10-07,73.05286595,73.05286595,73.03689113,73.05286595,139564.0
2016-10-10,73.05286595,73.05286595,73.03689113,73.05286595,67033.0
2016-10-11,73.05286595,73.05286595,73.03689113,73.03689113,374891.0
2016-10-12,73.03689113,73.05286595,73.03689113,73.05286595,411548.0
2016-10-13,73.05286595,73.05286595,73.03689113,73.03689113,156272.0
2016-10-14,73.03689113,73.05286595,73.03689113,73.03689113,130090.0
2016-10-17,73.05286595,73.05286595,73.03689113,73.03689113,237800.0
2016-10-18,73.03689113,73.05286595,73.03689113,73.03689113,180365.0
2016-10-19,73.03689113,73.05286595,73.03689113,73.05286595,138126.0
2016-10-20,73.05286595,73.05286595,73.03689113,73.03689113,261886.0
2016-10-21,73.03689113,73.05286595,73.03689113,73.03689113,424136.0
2016-10-24,73.05286595,73.05286595,73.03689113,73.03689113,106816.0
2016-10-25,73.05286595,73.05286595,73.03689113,73.03689113,175371.0
2016-10-26,73.03689113,73.05286595,73.03689113,73.05286595,200882.0
2016-10-27,73.05286595,73.05286595,73.03689113,73.03689113,184210.0
2016-10-28,73.06884077,73.06884077,73.03689113,73.05286595,546565.0
2016-10-31,73.05286595,73.06884077,73.05286595,73.06884077,735435.0
2016-11-01,73.06884077,73.06884077,73.05286595,73.05286595,1208598.0
2016-11-02,73.06884077,73.06884077,73.05286595,73.06884077,499739.0
2016-11-03,73.06884077,73.06884077,73.05286595,73.05286595,212412.0
2016-11-04,73.05286595,73.06884077,73.05286595,73.06884077,554121.0
2016-11-07,73.06884077,73.06884077,73.05286595,73.05286595,1122214.0
2016-11-08,73.05286595,73.06884077,73.05286595,73.06884077,360460.0
2016-11-09,73.05286595,73.06884077,73.03689113,73.03689113,596828.0
2016-11-10,73.03689113,73.05286595,73.03689113,73.03689113,966309.0
2016-11-11,73.05286595,73.05286595,73.00494148,73.00494148,1164260.0
2016-11-14,73.03689113,73.05286595,73.03689113,73.03689113,735513.0
2016-11-15,73.05286595,73.05286595,73.03689113,73.05286595,1437106.0
2016-11-16,73.05286595,73.05286595,73.03689113,73.05286595,611851.0
2016-11-17,73.05286595,73.06884077,73.03689113,73.06884077,906647.0
2016-11-18,73.05286595,73.06884077,73.05286595,73.05286595,554568.0
2016-11-21,73.06884077,73.06884077,73.03689113,73.03689113,234790.0
2016-11-22,73.05286595,73.05286595,73.03689113,73.03689113,1102711.0
2016-11-23,73.03689113,73.05286595,73.03689113,73.03689113,454931.0
2016-11-25,73.05286595,73.05286595,73.03689113,73.05286595,171327.0
2016-11-28,73.06884077,73.06884077,73.03689113,73.03689113,122878.0
2016-11-29,73.05286595,73.06884077,73.03689113,73.03689113,122440.0
2016-11-30,73.03689113,73.05286595,73.03689113,73.03689113,503137.0
2016-12-01,73.03854725,73.0705116,73.03854725,73.0705116,2137529.0
2016-12-02,73.0705116,73.0705116,73.05452942,73.05452942,411625.0
2016-12-05,73.0705116,73.0705116,73.05452942,73.05452942,897089.0
2016-12-06,73.05452942,73.0705116,73.05452942,73.0705116,278859.0
2016-12-07,73.05452942,73.0705116,73.05452942,73.0705116,431432.0
2016-12-08,73.05452942,73.0705116,73.05452942,73.0705116,463698.0
2016-12-09,73.0705116,73.0705116,73.05452942,73.0705116,389977.0
2016-12-12,73.05452942,73.0705116,73.05452942,73.05452942,212831.0
2016-12-13,73.03854725,73.0705116,73.03854725,73.0705116,531828.0
2016-12-14,73.0705116,73.0705116,73.05452942,73.0705116,219142.0
2016-12-15,73.0705116,73.0705116,73.05452942,73.0705116,221836.0
2016-12-16,73.0705116,73.0705116,73.05452942,73.05452942,220902.0
2016-12-19,73.05452942,73.0705116,73.05452942,73.0705116,188733.0
2016-12-20,73.05452942,73.0705116,73.05452942,73.05452942,308112.0
2016-12-21,73.0705116,73.0705116,73.05452942,73.0705116,217837.0
2016-12-22,73.0705116,73.0705116,73.05452942,73.05452942,263062.0
2016-12-23,73.05452942,73.0705116,73.05452942,73.05452942,237989.0
2016-12-27,73.05452942,73.0705116,73.05452942,73.0705116,231866.0
2016-12-28,73.06948382,73.06948382,73.05349838,73.06948382,190212.0
2016-12-29,73.08546927,73.08546927,73.05349838,73.08546927,286667.0
2016-12-30,73.06948382,73.06948382,73.05349838,73.05349838,156605.0
2017-01-03,73.08546927,73.08546927,73.06948382,73.08546927,1769523.0
2017-01-04,73.08546927,73.08546927,73.06948382,73.08546927,522739.0
2017-01-05,73.08546927,73.08546927,73.06948382,73.06948382,627514.0
2017-01-06,73.08546927,73.08546927,73.06948382,73.08546927,321570.0
2017-01-09,73.06948382,73.08546927,73.06948382,73.08546927,198585.0
2017-01-10,73.08546927,73.08546927,73.06948382,73.06948382,138991.0
2017-01-11,73.06948382,73.08546927,73.06948382,73.08546927,707258.0
2017-01-12,73.06948382,73.08546927,73.06948382,73.08546927,221373.0
2017-01-13,73.06948382,73.08546927,73.06948382,73.08546927,159800.0
2017-01-17,73.06948382,73.08546927,73.06948382,73.08546927,353240.0
2017-01-18,73.06948382,73.08546927,73.06948382,73.06948382,235390.0
2017-01-19,73.08546927,73.08546927,73.06948382,73.06948382,188708.0
2017-01-20,73.06948382,73.08546927,73.06948382,73.08546927,153631.0
2017-01-23,73.06948382,73.08546927,73.06948382,73.06948382,507189.0
2017-01-24,73.06948382,73.08546927,73.06948382,73.06948382,588302.0
2017-01-25,73.06948382,73.08546927,73.06948382,73.08546927,440095.0
2017-01-26,73.08546927,73.10145472,73.06948382,73.10145472,357347.0
2017-01-27,73.08546927,73.10145472,73.06948382,73.06948382,228001.0
2017-01-30,73.06948382,73.10145472,73.06948382,73.10145472,272660.0
2017-01-31,73.08546927,73.10145472,73.08546927,73.08546927,173776.0
2017-02-01,73.07356949,73.10554917,73.07356949,73.08955933,264025.0
2017-02-02,73.07356949,73.10554917,73.07356949,73.08955933,288019.0
2017-02-03,73.08955933,73.10554917,73.07356949,73.07356949,414680.0
2017-02-06,73.08955933,73.10554917,73.07372939,73.10554917,206575.0
2017-02-07,73.10554917,73.10554917,73.08955933,73.10554917,446836.0
2017-02-08,73.08955933,73.10554917,73.08955933,73.10554917,265091.0
2017-02-09,73.08955933,73.10554917,73.08955933,73.09755425,336533.0
2017-02-10,73.10554917,73.10554917,73.08955933,73.08955933,566057.0
2017-02-13,73.08955933,73.10554917,73.08955933,73.08955933,190993.0
2017-02-14,73.10554917,73.10554917,73.08955933,73.10554917,124513.0
2017-02-15,73.10554917,73.10554917,73.08955933,73.08955933,374354.0
2017-02-16,73.08955933,73.10554917,73.08955933,73.08955933,122377.0
2017-02-17,73.10554917,73.10554917,73.08955933,73.10554917,154311.0
2017-02-21,73.08955933,73.10554917,73.08955933,73.08955933,296999.0
2017-02-22,73.08955933,73.10554917,73.08955933,73.08955933,270342.0
2017-02-23,73.08955933,73.10554917,73.08955933,73.08955933,402352.0
2017-02-24,73.10554917,73.12153901,73.08955933,73.08955933,725453.0
2017-02-27,73.08955933,73.12153901,73.08955933,73.08955933,177670.0
2017-02-28,73.12153901,73.12153901,73.10554917,73.12153901,175169.0
2017-03-01,73.09303929,73.10903339,73.09303929,73.09303929,230945.0
2017-03-02,73.09303929,73.10903339,73.09303929,73.09303929,185852.0
2017-03-03,73.10903339,73.10903339,73.09303929,73.10903339,332061.0
2017-03-06,73.09303929,73.12502749,73.09303929,73.12502749,193983.0
2017-03-07,73.12502749,73.12502749,73.09303929,73.09303929,95599.0
2017-03-08,73.10903339,73.10903339,73.09303929,73.09303929,179946.0
2017-03-09,73.09303929,73.10903339,73.09303929,73.09303929,298197.0
2017-03-10,73.10903339,73.10903339,73.09303929,73.10903339,423813.0
2017-03-13,73.10903339,73.10903339,73.09303929,73.09303929,300989.0
2017-03-14,73.09303929,73.10903339,73.09303929,73.09303929,350677.0
2017-03-15,73.09303929,73.10903339,73.09303929,73.10903339,740332.0
2017-03-16,73.09303929,73.12502749,73.09303929,73.12502749,298298.0
2017-03-17,73.09303929,73.12502749,73.09303929,73.12502749,182933.0
2017-03-20,73.09303929,73.12502749,73.09303929,73.1087135,147191.0
2017-03-21,73.12502749,73.12502749,73.09303929,73.12502749,650286.0
2017-03-22,73.09303929,73.12502749,73.09303929,73.12502749,555560.0
2017-03-23,73.12502749,73.12502749,73.10903339,73.10903339,339548.0
2017-03-24,73.10903339,73.12502749,73.10903339,73.12502749,184745.0
2017-03-27,73.09303929,73.12502749,73.09303929,73.12502749,386839.0
2017-03-28,73.12502749,73.12502749,73.10903339,73.12502749,894351.0
2017-03-29,73.12502749,73.12502749,73.10903339,73.12502749,83389.0
2017-03-30,73.12502749,73.12502749,73.10903339,73.12502749,539403.0
2017-03-31,73.14102159,73.14102159,73.10903339,73.10903339,526628.0
2017-04-03,73.10013606,73.13213437,73.10013606,73.11613521,2097913.0
2017-04-04,73.11613521,73.13213437,73.11613521,73.11613521,714494.0
2017-04-05,73.13213437,73.13213437,73.11613521,73.11613521,581733.0
2017-04-06,73.11613521,73.13213437,73.11613521,73.11613521,246549.0
2017-04-07,73.13213437,73.13213437,73.11613521,73.11613521,129317.0
2017-04-10,73.14813352,73.14813352,73.11613521,73.11613521,429073.0
2017-04-11,73.13213437,73.13213437,73.11613521,73.13213437,161031.0
2017-04-12,73.14813352,73.14813352,73.11613521,73.11613521,270500.0
2017-04-13,73.11613521,73.14813352,73.11613521,73.13213437,953325.0
2017-04-17,73.11613521,73.14813352,73.11613521,73.13213437,753176.0
2017-04-18,73.13213437,73.14813352,73.13213437,73.14813352,100437.0
2017-04-19,73.13213437,73.14813352,73.13213437,73.14813352,114101.0
2017-04-20,73.13213437,73.14813352,73.13213437,73.14813352,243749.0
2017-04-21,73.14813352,73.16413267,73.14813352,73.14813352,250680.0
2017-04-24,73.14813352,73.14813352,73.13213437,73.13213437,479142.0
2017-04-25,73.14813352,73.14813352,73.13213437,73.13213437,405758.0
2017-04-26,73.13213437,73.14813352,73.13213437,73.14813352,355461.0
2017-04-27,73.13213437,73.14813352,73.13213437,73.13213437,376887.0
2017-04-28,73.14013394,73.16413267,73.13213437,73.16413267,212354.0
2017-05-01,73.17475816,73.17475816,73.1427482,73.15875318,390278.0
2017-05-02,73.1427482,73.15875318,73.1427482,73.1427482,70899.0
2017-05-03,73.1427482,73.15875318,73.1427482,73.1427482,226512.0
2017-05-04,73.1427482,73.15875318,73.1427482,73.15875318,163452.0
2017-05-05,73.1427482,73.15875318,73.1427482,73.1427482,254063.0
2017-05-08,73.15075069,73.17475816,73.1427482,73.15875318,217522.0
2017-05-09,73.17475816,73.17475816,73.15875318,73.15875318,493405.0
2017-05-10,73.17475816,73.17475816,73.15875318,73.17475816,309450.0
2017-05-11,73.15875318,73.19076313,73.15875318,73.17475816,397175.0
2017-05-12,73.17475816,73.19076313,73.15875318,73.15875318,129256.0
2017-05-15,73.17475816,73.19076313,73.17475816,73.17475816,376600.0
2017-05-16,73.17475816,73.19076313,73.17475816,73.17475816,166191.0
2017-05-17,73.17475816,73.19076313,73.17475816,73.19076313,1395324.0
2017-05-18,73.17475816,73.19076313,73.17475816,73.19076313,1384918.0
2017-05-19,73.17475816,73.19076313,73.17475816,73.17475816,106683.0
2017-05-22,73.17475816,73.19076313,73.17475816,73.19076313,63920.0
2017-05-23,73.17475816,73.19076313,73.17475816,73.19076313,195176.0
2017-05-24,73.17475816,73.19076313,73.17475816,73.17475816,306983.0
2017-05-25,73.17475816,73.19076313,73.17475816,73.19076313,136335.0
2017-05-26,73.17475816,73.20676811,73.17475816,73.20676811,143637.0
2017-05-30,73.19076313,73.20676811,73.17475816,73.17475816,190431.0
2017-05-31,73.19076313,73.19076313,73.17475816,73.17475816,319577.0
2017-06-01,73.18602456,73.20203901,73.18602456,73.20203901,225119.0
2017-06-02,73.18602456,73.20203901,73.18602456,73.18602456,417892.0
2017-06-05,73.18602456,73.20203901,73.18602456,73.20203901,275791.0
2017-06-06,73.18602456,73.20203901,73.18602456,73.18602456,136339.0
2017-06-07,73.18602456,73.21805345,73.18602456,73.21805345,257791.0
2017-06-08,73.21805345,73.21805345,73.20203901,73.20203901,252484.0
2017-06-09,73.20203901,73.21805345,73.20203901,73.21805345,184684.0
2017-06-12,73.21805345,73.21805345,73.20203901,73.20203901,199583.0
2017-06-13,73.20203901,73.21805345,73.20203901,73.21805345,552572.0
2017-06-14,73.21805345,73.2340679,73.20203901,73.20203901,64366.0
2017-06-15,73.20203901,73.21805345,73.20203901,73.20203901,380806.0
2017-06-16,73.20203901,73.2340679,73.20203901,73.2340679,502716.0
2017-06-19,73.21805345,73.2340679,73.21805345,73.21805345,289709.0
2017-06-20,73.2340679,73.2340679,73.21805345,73.21805345,121047.0
2017-06-21,73.2340679,73.2340679,73.21805345,73.2340679,140596.0
2017-06-22,73.2340679,73.25008235,73.21805345,73.25008235,219976.0
2017-06-23,73.25008235,73.25008235,73.2340679,73.2340679,67295.0
2017-06-26,73.21805345,73.25008235,73.21805345,73.21805345,297830.0
2017-06-27,73.2340679,73.2340679,73.21805345,73.21805345,125004.0
2017-06-28,73.2340679,73.25008235,73.21805345,73.25008235,179208.0
2017-06-29,73.21805345,73.25008235,73.21805345,73.2340679,466117.0
2017-06-30,73.2340679,73.2660968,73.2340679,73.25008235,615318.0
2017-07-03,73.24238018,73.25840345,73.24238018,73.25840345,186107.0
2017-07-05,73.25840345,73.25840345,73.24238018,73.24238018,369385.0
2017-07-06,73.24238018,73.25840345,73.24238018,73.25840345,445495.0
2017-07-07,73.24238018,73.25840345,73.24238018,73.25840345,140961.0
2017-07-10,73.24238018,73.25840345,73.24238018,73.25840345,185585.0
2017-07-11,73.25840345,73.25840345,73.24238018,73.25840345,136888.0
2017-07-12,73.24238018,73.25840345,73.24238018,73.24238018,403181.0
2017-07-13,73.25840345,73.27442672,73.24238018,73.24238018,137284.0
2017-07-14,73.24238018,73.27442672,73.24238018,73.27442672,255960.0
2017-07-17,73.25840345,73.27442672,73.25840345,73.25840345,588917.0
2017-07-18,73.25840345,73.27442672,73.25840345,73.25840345,61162.0
2017-07-19,73.25840345,73.27442672,73.25840345,73.25840345,99336.0
2017-07-20,73.25840345,73.27442672,73.25840345,73.25840345,71961.0
2017-07-21,73.25840345,73.27442672,73.25840345,73.25840345,210982.0
2017-07-24,73.25840345,73.27442672,73.25840345,73.25840345,140578.0
2017-07-25,73.25840345,73.29045,73.25840345,73.25840345,265872.0
2017-07-26,73.25840345,73.29045,73.25840345,73.27442672,232090.0
2017-07-27,73.29045,73.29045,73.27442672,73.29045,221678.0
2017-07-28,73.27442672,73.29045,73.27442672,73.27442672,159619.0
2017-07-31,73.30647327,73.30647327,73.27442672,73.27442672,449596.0
2017-08-01,73.27712036,73.29315474,73.27712036,73.29315474,315590.0
2017-08-02,73.29315474,73.30918912,73.27712036,73.30918912,263820.0
2017-08-03,73.27712036,73.30918912,73.27712036,73.30918912,158393.0
2017-08-04,73.29315474,73.30918912,73.27712036,73.30918912,350694.0
2017-08-07,73.27712036,73.30918912,73.27712036,73.30918912,130414.0
2017-08-08,73.30918912,73.30918912,73.29315474,73.30918912,309823.0
2017-08-09,73.30918912,73.30918912,73.29315474,73.30918912,142194.0
2017-08-10,73.29315474,73.30918912,73.29315474,73.30918912,111157.0
2017-08-11,73.30918912,73.32522351,73.29395646,73.32522351,211363.0
2017-08-14,73.32522351,73.32522351,73.30918912,73.30918912,331157.0
2017-08-15,73.30918912,73.32522351,73.30918912,73.32522351,192580.0
2017-08-16,73.32522351,73.32522351,73.30918912,73.30918912,141266.0
2017-08-17,73.30918912,73.32522351,73.30918912,73.32522351,363041.0
2017-08-18,73.32522351,73.32522351,73.30918912,73.30918912,230886.0
2017-08-21,73.32538385,73.34125789,73.32522351,73.32522351,483812.0
2017-08-22,73.32522351,73.34125789,73.32522351,73.34125789,208781.0
2017-08-23,73.34125789,73.34125789,73.32522351,73.34125789,292744.0
2017-08-24,73.32522351,73.34125789,73.32522351,73.34125789,1055478.0
2017-08-25,73.32522351,73.34125789,73.32522351,73.32522351,310538.0
2017-08-28,73.34125789,73.34125789,73.32522351,73.34125789,102044.0
2017-08-29,73.34125789,73.35729227,73.32522351,73.34125789,130470.0
2017-08-30,73.34125789,73.35729227,73.34125789,73.34125789,291132.0
2017-08-31,73.34125789,73.35729227,73.34125789,73.35729227,1212829.0
2017-09-01,73.36196793,73.36196793,73.345922,73.36196793,373460.0
2017-09-05,73.36196793,73.36196793,73.32987608,73.32987608,437828.0
2017-09-06,73.345922,73.36196793,73.345922,73.36196793,927894.0
2017-09-07,73.36196793,73.36196793,73.345922,73.36196793,159375.0
2017-09-08,73.345922,73.36196793,73.345922,73.345922,514530.0
2017-09-11,73.36196793,73.36196793,73.345922,73.345922,130955.0
2017-09-12,73.345922,73.37801385,73.345922,73.36999089,258116.0
2017-09-13,73.36196793,73.37801385,73.36196793,73.37801385,438190.0
2017-09-14,73.36196793,73.37801385,73.36196793,73.36196793,238794.0
2017-09-15,73.37801385,73.37801385,73.36196793,73.36196793,96544.0
2017-09-18,73.37801385,73.39405977,73.36196793,73.36196793,276403.0
2017-09-19,73.37801385,73.39405977,73.36196793,73.39405977,61304.0
2017-09-20,73.39405977,73.39405977,73.37801385,73.39405977,129395.0
2017-09-21,73.37801385,73.39405977,73.37801385,73.39405977,107998.0
2017-09-22,73.39405977,73.39405977,73.37801385,73.39405977,133322.0
2017-09-25,73.39405977,73.39405977,73.37801385,73.39405977,158195.0
2017-09-26,73.37801385,73.39405977,73.37801385,73.39405977,255816.0
2017-09-27,73.39405977,73.39405977,73.37801385,73.39405977,229285.0
2017-09-28,73.37801385,73.39405977,73.37801385,73.37801385,76566.0
2017-09-29,73.38603681,73.4101057,73.37801385,73.4101057,173124.0
2017-10-02,73.41293486,73.41293486,73.39687778,73.41293486,158787.0
2017-10-03,73.39687778,73.41293486,73.39687778,73.41293486,429233.0
2017-10-04,73.39687778,73.41293486,73.39687778,73.39687778,1119397.0
2017-10-05,73.39687778,73.41293486,73.39687778,73.41293486,186271.0
2017-10-06,73.41293486,73.41293486,73.39687778,73.39687778,205440.0
2017-10-09,73.39687778,73.41293486,73.39687778,73.39687778,141254.0
2017-10-10,73.39687778,73.41293486,73.39687778,73.39687778,264059.0
2017-10-11,73.41293486,73.41293486,73.39687778,73.39687778,148307.0
2017-10-12,73.41293486,73.42899193,73.39687778,73.42899193,244474.0
2017-10-13,73.42899193,73.42899193,73.41293486,73.42899193,78447.0
2017-10-16,73.41293486,73.42899193,73.41293486,73.41293486,189911.0
2017-10-17,73.41293486,73.445049,73.41293486,73.42899193,227497.0
2017-10-18,73.42899193,73.445049,73.42899193,73.42899193,64158.0
2017-10-19,73.42899193,73.445049,73.41293486,73.42899193,199841.0
2017-10-20,73.42899193,73.445049,73.42899193,73.445049,57144.0
2017-10-23,73.445049,73.445049,73.42899193,73.42899193,136266.0
2017-10-24,73.42899193,73.46110607,73.42899193,73.46110607,157373.0
2017-10-25,73.445049,73.46110607,73.445049,73.46110607,293916.0
2017-10-26,73.445049,73.46110607,73.445049,73.46110607,301070.0
2017-10-27,73.445049,73.46110607,73.445049,73.46110607,1063485.0
2017-10-30,73.445049,73.46110607,73.445049,73.445049,286937.0
2017-10-31,73.445049,73.46110607,73.445049,73.46110607,430347.0
2017-11-01,73.46852702,73.46852702,73.45245779,73.46852702,586087.0
2017-11-02,73.46852702,73.46852702,73.45245779,73.45245779,137405.0
2017-11-03,73.45245779,73.46852702,73.45245779,73.45245779,222532.0
2017-11-06,73.45245779,73.46852702,73.45245779,73.46852702,95227.0
2017-11-07,73.45245779,73.46852702,73.45245779,73.46852702,89964.0
2017-11-08,73.46852702,73.46852702,73.45245779,73.46852702,238771.0
2017-11-09,73.46852702,73.46852702,73.45245779,73.45245779,518035.0
2017-11-10,73.46852702,73.48459625,73.45245779,73.46852702,277981.0
2017-11-13,73.48459625,73.48459625,73.46852702,73.46852702,229792.0
2017-11-14,73.48459625,73.48459625,73.46852702,73.46852702,119433.0
2017-11-15,73.46852702,73.48459625,73.46852702,73.46852702,278745.0
2017-11-16,73.46852702,73.48459625,73.46836633,73.48459625,232887.0
2017-11-17,73.46852702,73.48459625,73.46852702,73.46852702,164538.0
2017-11-20,73.46852702,73.50066548,73.46852702,73.48459625,372460.0
2017-11-21,73.48459625,73.50066548,73.46852702,73.50066548,259081.0
2017-11-22,73.48459625,73.50066548,73.48459625,73.50066548,153621.0
2017-11-24,73.50066548,73.51673472,73.48459625,73.48459625,577027.0
2017-11-27,73.48459625,73.50066548,73.48459625,73.48459625,373912.0
2017-11-28,73.48459625,73.51673472,73.48459625,73.51673472,244710.0
2017-11-29,73.50066548,73.51673472,73.48459625,73.50066548,366307.0
2017-11-30,73.51673472,73.51673472,73.50066548,73.50066548,288234.0
2017-12-01,73.51313663,73.51313663,73.50509626,73.50509626,283202.0
2017-12-04,73.50509626,73.51313663,73.50509626,73.51313663,142684.0
2017-12-05,73.51313663,73.52117701,73.50509626,73.52117701,532494.0
2017-12-06,73.52117701,73.52117701,73.51313663,73.51313663,544935.0
2017-12-07,73.51313663,73.52117701,73.51313663,73.52117701,145075.0
2017-12-08,73.52117701,73.52921738,73.51313663,73.52921738,196250.0
2017-12-11,73.52921738,73.52921738,73.52117701,73.52117701,138895.0
2017-12-12,73.53725775,73.53725775,73.52117701,73.52921738,184995.0
2017-12-13,73.52921738,73.52921738,73.52117701,73.52117701,375082.0
2017-12-14,73.52921738,73.53725775,73.52198104,73.52921738,143245.0
2017-12-15,73.52921738,73.53725775,73.52921738,73.53725775,389614.0
2017-12-18,73.52921738,73.54529813,73.52921738,73.54529813,288479.0
2017-12-19,73.53883144,73.54687902,73.53078385,73.54687902,287642.0
2017-12-20,73.53078385,73.54687902,73.53078385,73.54687902,614222.0
2017-12-21,73.53883144,73.55492661,73.53883144,73.54687902,233765.0
2017-12-22,73.55492661,73.56297419,73.54687902,73.56297419,1997569.0
2017-12-26,73.56297419,73.56297419,73.55492661,73.55492661,498320.0
2017-12-27,73.56297419,73.57102178,73.55492661,73.57102178,320119.0
2017-12-28,73.56297419,73.57102178,73.56297419,73.57102178,366172.0
2017-12-29,73.56297419,73.57906936,73.55492661,73.55492661,415001.0
2018-01-02,73.56297419,73.57906936,73.56297419,73.56297419,790043.0
2018-01-03,73.57906936,73.57906936,73.57102178,73.57906936,218308.0
2018-01-04,73.58711695,73.58711695,73.57102178,73.58711695,1098129.0
2018-01-05,73.57906936,73.58711695,73.57906936,73.58711695,247630.0
2018-01-08,73.57906936,73.59516453,73.57906936,73.59516453,199817.0
2018-01-09,73.57906936,73.59516453,73.57906936,73.59516453,186330.0
2018-01-10,73.58711695,73.59516453,73.58711695,73.59516453,222418.0
2018-01-11,73.59516453,73.60321212,73.58711695,73.58711695,163803.0
2018-01-12,73.60321212,73.6112597,73.59516453,73.6112597,531342.0
2018-01-16,73.59516453,73.60321212,73.59516453,73.59516453,280328.0
2018-01-17,73.59516453,73.6112597,73.59516453,73.6112597,229022.0
2018-01-18,73.60321212,73.6112597,73.60321212,73.6112597,238903.0
2018-01-19,73.6112597,73.61930729,73.6112597,73.61930729,273305.0
2018-01-22,73.62735487,73.62735487,73.61930729,73.62735487,285186.0
2018-01-23,73.62735487,73.62735487,73.61930729,73.62735487,706889.0
2018-01-24,73.63540246,73.63540246,73.61930729,73.63540246,214644.0
2018-01-25,73.63540246,73.63540246,73.62735487,73.63540246,493166.0
2018-01-26,73.63540246,73.65149763,73.63540246,73.65149763,430651.0
2018-01-29,73.65149763,73.65149763,73.63540246,73.63540246,696392.0
2018-01-30,73.62735487,73.65149763,73.62735487,73.64345004,581330.0
2018-01-31,73.64345004,73.65149763,73.64345004,73.65149763,258890.0
2018-02-01,73.63229163,73.65653769,73.63229163,73.64840197,1016441.0
2018-02-02,73.65645714,73.65645714,73.64840197,73.65645714,459118.0
2018-02-05,73.66451231,73.66451231,73.64840197,73.64840197,757045.0
2018-02-06,73.6403468,73.66451231,73.6403468,73.65645714,1558608.0
2018-02-07,73.64840197,73.70478815,73.63229163,73.66451231,1294947.0
2018-02-08,73.64840197,73.67256747,73.64840197,73.65645714,1547196.0
2018-02-09,73.64840197,73.67256747,73.64840197,73.67256747,2932570.0
2018-02-12,73.67256747,73.67256747,73.66451231,73.67256747,2039339.0
2018-02-13,73.65645714,73.68062264,73.65645714,73.67256747,4352436.0
2018-02-14,73.66451231,73.67256747,73.66451231,73.67256747,549724.0
2018-02-15,73.68062264,73.68062264,73.66451231,73.68062264,924879.0
2018-02-16,73.67256747,73.68867781,73.67256747,73.68867781,920462.0
2018-02-20,73.68062264,73.68867781,73.67256747,73.68867781,590118.0
2018-02-21,73.68867781,73.68867781,73.68062264,73.68062264,1012408.0
2018-02-22,73.68867781,73.69673298,73.68062264,73.68867781,468652.0
2018-02-23,73.69673298,73.70478815,73.68867781,73.70478815,2653552.0
2018-02-26,73.69673298,73.70478815,73.68867781,73.68867781,2981637.0
2018-02-27,73.68867781,73.70478815,73.68867781,73.70478815,373580.0
2018-02-28,73.70478815,73.71284331,73.69673298,73.71284331,882236.0
2018-03-01,73.70419822,73.72032253,73.70419822,73.72032253,1260483.0
2018-03-02,73.71226038,73.72838468,73.71226038,73.72838468,1353872.0
2018-03-05,73.72838468,73.72838468,73.71226038,73.72838468,849195.0
2018-03-06,73.72838468,73.72838468,73.71226038,73.72838468,232692.0
2018-03-07,73.72032253,73.72838468,73.72032253,73.72838468,978694.0
2018-03-08,73.72032253,73.72838468,73.72032253,73.72032253,257355.0
2018-03-09,73.72838468,73.74450899,73.72838468,73.73644683,596475.0
2018-03-12,73.74450899,73.74450899,73.72838468,73.74450899,506372.0
2018-03-13,73.72838468,73.74450899,73.72838468,73.74450899,469423.0
2018-03-14,73.72838468,73.74450899,73.72838468,73.74450899,245044.0
2018-03-15,73.74450899,73.74450899,73.73644683,73.73644683,863792.0
2018-03-16,73.74450899,73.75257114,73.74450899,73.75257114,1216937.0
2018-03-19,73.74450899,73.76063329,73.74450899,73.75257114,466091.0
2018-03-20,73.75257114,73.76063329,73.74450899,73.74450899,444527.0
2018-03-21,73.75257114,73.76063329,73.75257114,73.76063329,336255.0
2018-03-22,73.75257114,73.76869544,73.75257114,73.76869544,305560.0
2018-03-23,73.76869544,73.7767576,73.76869544,73.7767576,633077.0
2018-03-26,73.76869544,73.7767576,73.76869544,73.76869544,451257.0
2018-03-27,73.78481975,73.78481975,73.76869544,73.78481975,1357329.0
2018-03-28,73.78481975,73.7928819,73.78481975,73.7928819,3030199.0
2018-03-29,73.7928819,73.80900621,73.7928819,73.80900621,740914.0
2018-04-02,73.8049325,73.8049325,73.78878969,73.8049325,1681613.0
2018-04-03,73.8049325,73.8049325,73.7968611,73.7968611,1893630.0
2018-04-04,73.7968611,73.81300391,73.7968611,73.81300391,3535404.0
2018-04-05,73.82107531,73.82107531,73.81300391,73.82107531,2245751.0
2018-04-06,73.82107531,73.82107531,73.81300391,73.82107531,310425.0
2018-04-09,73.82914672,73.82914672,73.82107531,73.82914672,238545.0
2018-04-10,73.82914672,73.82914672,73.82107531,73.82107531,491308.0
2018-04-11,73.83721812,73.83721812,73.82914672,73.83721812,249314.0
2018-04-12,73.82914672,73.83721812,73.82914672,73.83721812,8103725.0
2018-04-13,73.83721812,73.84528953,73.83721812,73.83721812,287865.0
2018-04-16,73.85336094,73.85336094,73.83721812,73.85336094,321265.0
2018-04-17,73.84528953,73.85336094,73.84528953,73.85336094,3474958.0
2018-04-18,73.85336094,73.85336094,73.84528953,73.84528953,277901.0
2018-04-19,73.86143234,73.86143234,73.85336094,73.86143234,473240.0
2018-04-20,73.85336094,73.86950375,73.85336094,73.86143234,263977.0
2018-04-23,73.86143234,73.86950375,73.86143234,73.86143234,1126076.0
2018-04-24,73.86143234,73.87757515,73.86143234,73.86950375,1031569.0
2018-04-25,73.86950375,73.87757515,73.86950375,73.87757515,1001683.0
2018-04-26,73.87757515,73.89371796,73.87757515,73.88564656,1484483.0
2018-04-27,73.88564656,73.89371796,73.88564656,73.89371796,295805.0
2018-04-30,73.89371796,73.89371796,73.88564656,73.88564656,325886.0
2018-05-01,73.88347248,73.89963423,73.88347248,73.89155335,1429828.0
2018-05-02,73.89155335,73.89963423,73.89155335,73.89963423,398211.0
2018-05-03,73.90771511,73.90771511,73.89963423,73.89963423,3642703.0
2018-05-04,73.91579599,73.91579599,73.90771511,73.91579599,1208094.0
2018-05-07,73.90771511,73.91579599,73.90771511,73.91579599,365503.0
2018-05-08,73.91579599,73.92387687,73.91579599,73.92387687,432923.0
2018-05-09,73.90771511,73.92387687,73.90771511,73.92387687,808232.0
2018-05-10,73.92387687,73.93195775,73.92387687,73.92387687,4673602.0
2018-05-11,73.94003863,73.94003863,73.92387687,73.92387687,348873.0
2018-05-14,73.92387687,73.94003863,73.92387687,73.92387687,897594.0
2018-05-15,73.93195775,73.94003863,73.93195775,73.94003863,1825814.0
2018-05-16,73.94003863,73.9481195,73.93195775,73.9481195,1147731.0
2018-05-17,73.9481195,73.9481195,73.94003863,73.9481195,2799439.0
2018-05-18,73.95620038,73.95620038,73.9481195,73.95620038,1550139.0
2018-05-21,73.95620038,73.96428126,73.9481195,73.95620038,509505.0
2018-05-22,73.96428126,73.96428126,73.95620038,73.95620038,587955.0
2018-05-23,73.97236214,73.97236214,73.95620038,73.96428126,244877.0
2018-05-24,73.97236214,73.98044302,73.97236214,73.98044302,259992.0
2018-05-25,73.98044302,73.9885239,73.98044302,73.9885239,479545.0
2018-05-29,73.98044302,73.9885239,73.98044302,73.9885239,845670.0
2018-05-30,73.98044302,73.9885239,73.98044302,73.98044302,450404.0
2018-05-31,74.00468565,74.00468565,73.9885239,73.99660477,901820.0
2018-06-01,74.00176407,74.00176407,73.99367202,74.00176407,707447.0
2018-06-04,74.00176407,74.00985611,74.00176407,74.00985611,1174206.0
2018-06-05,74.00985611,74.00985611,74.00176407,74.00985611,726920.0
2018-06-06,74.00985611,74.00985611,74.00176407,74.00176407,594219.0
2018-06-07,74.00985611,74.02604021,74.00985611,74.00985611,1595148.0
2018-06-08,74.02604021,74.02604021,74.01794816,74.02604021,323303.0
2018-06-11,74.02604021,74.03413225,74.01794816,74.03413225,871763.0
2018-06-12,74.03413225,74.03413225,74.02604021,74.03413225,1142091.0
2018-06-13,74.02604021,74.0422243,74.02604021,74.02604021,244088.0
2018-06-14,74.0422243,74.05031635,74.0422243,74.05031635,440920.0
2018-06-15,74.05031635,74.05031635,74.0422243,74.05031635,255438.0
2018-06-18,74.05840839,74.05840839,74.0422243,74.0422243,1502886.0
2018-06-19,74.05840839,74.05840839,74.05031635,74.05840839,207792.0
2018-06-20,74.06650044,74.06650044,74.05031635,74.05031635,616056.0
2018-06-21,74.07459248,74.07459248,74.05840839,74.05840839,782599.0
2018-06-22,74.07459248,74.07459248,74.06650044,74.06650044,289437.0
2018-06-25,74.08268453,74.08268453,74.07459248,74.08268453,1069712.0
2018-06-26,74.07459248,74.09077658,74.07459248,74.07459248,908587.0
2018-06-27,74.09077658,74.09077658,74.08268453,74.09077658,326072.0
2018-06-28,74.09077658,74.09886862,74.09077658,74.09077658,467083.0
2018-06-29,74.10696067,74.10696067,74.09886862,74.10696067,811569.0
2018-07-02,74.10448029,74.11258357,74.09637701,74.09637701,1826915.0
2018-07-03,74.10448029,74.11258357,74.10448029,74.11258357,1022351.0
2018-07-05,74.11258357,74.12068684,74.11258357,74.11258357,1033632.0
2018-07-06,74.12068684,74.12879012,74.12068684,74.12879012,1050600.0
2018-07-09,74.12068684,74.1368934,74.12068684,74.12879012,388208.0
2018-07-10,74.1368934,74.1368934,74.12068684,74.1368934,468065.0
2018-07-11,74.12879012,74.1368934,74.12879012,74.1368934,960692.0
2018-07-12,74.1368934,74.15309996,74.1368934,74.1368934,639171.0
2018-07-13,74.15309996,74.15309996,74.14499668,74.14499668,628898.0
2018-07-16,74.15309996,74.15309996,74.14499668,74.15309996,377769.0
2018-07-17,74.16120324,74.16120324,74.14499668,74.15309996,862829.0
2018-07-18,74.15309996,74.16120324,74.15309996,74.16120324,437408.0
2018-07-19,74.16120324,74.17740979,74.16120324,74.16930651,352208.0
2018-07-20,74.17740979,74.17740979,74.16930651,74.17740979,1845041.0
2018-07-23,74.18551307,74.18551307,74.16930651,74.16930651,293176.0
2018-07-24,74.17740979,74.18551307,74.17740979,74.18551307,450081.0
2018-07-25,74.18551307,74.18551307,74.17740979,74.17740979,316207.0
2018-07-26,74.20171963,74.20171963,74.18551307,74.18551307,269606.0
2018-07-27,74.20171963,74.20171963,74.19361635,74.20171963,457511.0
2018-07-30,74.20982291,74.20982291,74.19361635,74.19361635,377104.0
2018-07-31,74.20982291,74.20982291,74.20171963,74.20982291,778693.0
2018-08-01,74.20570948,74.21382471,74.20570948,74.21382471,1117523.0
2018-08-02,74.22193995,74.22193995,74.21382471,74.22193995,691814.0
2018-08-03,74.22193995,74.23005518,74.22193995,74.22193995,353513.0
2018-08-06,74.23817042,74.23817042,74.22193995,74.23005518,710183.0
2018-08-07,74.23817042,74.23817042,74.22193995,74.23817042,660816.0
2018-08-08,74.23817042,74.23817042,74.23005518,74.23005518,741375.0
2018-08-09,74.23817042,74.24628565,74.23817042,74.23817042,340516.0
2018-08-10,74.25440089,74.25440089,74.24628565,74.25440089,287403.0
2018-08-13,74.26251612,74.26251612,74.25440089,74.26251612,664544.0
2018-08-14,74.26251612,74.26251612,74.24628565,74.24628565,339761.0
2018-08-15,74.25440089,74.26251612,74.25440089,74.26251612,533002.0
2018-08-16,74.27063136,74.27874659,74.26251612,74.26251612,539797.0
2018-08-17,74.27063136,74.27874659,74.27063136,74.27063136,656641.0
2018-08-20,74.27063136,74.27874659,74.27063136,74.27063136,600912.0
2018-08-21,74.28686183,74.28686183,74.27874659,74.27874659,354116.0
2018-08-22,74.28686183,74.28686183,74.27874659,74.27874659,735744.0
2018-08-23,74.3030923,74.3030923,74.28686183,74.3030923,1007004.0
2018-08-24,74.3030923,74.3030923,74.29497706,74.3030923,229818.0
2018-08-27,74.3030923,74.31120753,74.29497706,74.31120753,323791.0
2018-08-28,74.3030923,74.31120753,74.3030923,74.31120753,610686.0
2018-08-29,74.31932277,74.31932277,74.3030923,74.3030923,908750.0
2018-08-30,74.31932277,74.33555324,74.31932277,74.33555324,748464.0
2018-08-31,74.327438,74.33555324,74.327438,74.327438,494872.0
2018-09-04,74.32608981,74.33421732,74.32608981,74.33421732,973863.0
2018-09-05,74.33421732,74.34234483,74.32608981,74.32608981,883308.0
2018-09-06,74.35047234,74.35047234,74.34234483,74.34234483,1809454.0
2018-09-07,74.35047234,74.35859985,74.35047234,74.35859985,472548.0
2018-09-10,74.35047234,74.35859985,74.35047234,74.35859985,593173.0
2018-09-11,74.35047234,74.36672737,74.35047234,74.36672737,1580326.0
2018-09-12,74.35859985,74.36672737,74.35859985,74.36672737,757782.0
2018-09-13,74.38298239,74.38298239,74.36672737,74.36672737,458720.0
2018-09-14,74.38298239,74.38298239,74.37485488,74.37485488,1126491.0
2018-09-17,74.37485488,74.3911099,74.37485488,74.3911099,639145.0
2018-09-18,74.3911099,74.3911099,74.38298239,74.3911099,457459.0
2018-09-19,74.38298239,74.3911099,74.38298239,74.3911099,942313.0
2018-09-20,74.39923741,74.40736492,74.39923741,74.40736492,449050.0
2018-09-21,74.39923741,74.40736492,74.39923741,74.40736492,274451.0
2018-09-24,74.40736492,74.41549243,74.40736492,74.41549243,1329606.0
2018-09-25,74.40736492,74.41549243,74.40736492,74.41549243,662392.0
2018-09-26,74.42361994,74.42361994,74.41549243,74.41549243,257005.0
2018-09-27,74.43174745,74.43174745,74.42361994,74.43174745,343144.0
2018-09-28,74.42361994,74.43174745,74.42361994,74.43174745,409842.0
2018-10-01,74.43651212,74.43651212,74.42837164,74.43651212,3788878.0
2018-10-02,74.43651212,74.4446526,74.43651212,74.4446526,584767.0
2018-10-03,74.4446526,74.4446526,74.43651212,74.4446526,380099.0
2018-10-04,74.46093355,74.46093355,74.45279307,74.46093355,1154561.0
2018-10-05,74.46907402,74.46907402,74.46093355,74.46907402,4664357.0
2018-10-08,74.46907402,74.46907402,74.46093355,74.46907402,638857.0
2018-10-09,74.46907402,74.46907402,74.46093355,74.46093355,506438.0
2018-10-10,74.4772145,74.4772145,74.46907402,74.4772145,2091075.0
2018-10-11,74.48535498,74.48535498,74.4772145,74.48535498,1687589.0
2018-10-12,74.48535498,74.49349545,74.48535498,74.48535498,741456.0
2018-10-15,74.49349545,74.49349545,74.48535498,74.49349545,4029326.0
2018-10-16,74.49349545,74.50163593,74.49349545,74.50163593,1265511.0
2018-10-17,74.49349545,74.50163593,74.49349545,74.50163593,6981345.0
2018-10-18,74.5097764,74.5097764,74.50163593,74.50163593,733912.0
2018-10-19,74.5097764,74.51791688,74.5097764,74.5097764,693432.0
2018-10-22,74.5097764,74.52605736,74.5097764,74.52605736,746865.0
2018-10-23,74.5097764,74.52605736,74.5097764,74.52605736,1982619.0
2018-10-24,74.53419783,74.53419783,74.52605736,74.53419783,1071634.0
2018-10-25,74.53419783,74.55047878,74.53419783,74.54233831,3574773.0
2018-10-26,74.55047878,74.55047878,74.54233831,74.55047878,6698855.0
2018-10-29,74.55047878,74.55047878,74.54233831,74.55047878,1477394.0
2018-10-30,74.55861926,74.55861926,74.55047878,74.55047878,1303065.0
2018-10-31,74.55861926,74.55861926,74.55047878,74.55861926,2389399.0
2018-11-01,74.57525384,74.57525384,74.56709998,74.57525384,2666627.0
2018-11-02,74.56709998,74.57525384,74.56709998,74.57525384,2036711.0
2018-11-05,74.57525384,74.58340771,74.57525384,74.58340771,2684090.0
2018-11-06,74.58340771,74.58340771,74.57525384,74.58340771,1105174.0
2018-11-07,74.59156157,74.59156157,74.58340771,74.59156157,1135074.0
2018-11-08,74.59971544,74.61602317,74.59971544,74.59971544,1624815.0
2018-11-09,74.6078693,74.61602317,74.59971544,74.61602317,3348310.0
2018-11-12,74.61602317,74.61602317,74.6078693,74.6078693,601500.0
2018-11-13,74.6078693,74.61602317,74.6078693,74.61602317,802167.0
2018-11-14,74.61602317,74.61602317,74.6078693,74.6078693,2459485.0
2018-11-15,74.6323309,74.6323309,74.62417704,74.6323309,1448315.0
2018-11-16,74.64048477,74.64048477,74.6323309,74.64048477,7584284.0
2018-11-19,74.64048477,74.64048477,74.6323309,74.6323309,1754277.0
2018-11-20,74.64863863,74.64863863,74.64048477,74.64863863,5355447.0
2018-11-21,74.67310023,74.67310023,74.6567925,74.66494636,1683191.0
2018-11-23,74.66494636,74.67310023,74.6567925,74.66494636,544497.0
2018-11-26,74.67310023,74.67310023,74.66494636,74.67310023,945320.0
2018-11-27,74.67310023,74.68125409,74.66494636,74.67310023,701262.0
2018-11-28,74.67310023,74.68125409,74.67310023,74.68125409,1464015.0
2018-11-29,74.68940796,74.69756182,74.68940796,74.68940796,5720162.0
2018-11-30,74.70571569,74.70571569,74.68940796,74.69756182,1795613.0
2018-12-03,74.69526211,74.70342999,74.69526211,74.69526211,2369713.0
2018-12-04,74.70342999,74.70342999,74.69526211,74.70342999,1610615.0
2018-12-06,74.71976575,74.72793363,74.71159787,74.71976575,4606197.0
2018-12-07,74.72793363,74.72793363,74.71976575,74.72793363,1924591.0
2018-12-10,74.73610151,74.73610151,74.72793363,74.73610151,1474750.0
2018-12-11,74.73610151,74.73610151,74.72793363,74.72793363,1734605.0
2018-12-12,74.74426939,74.74426939,74.73610151,74.74426939,959255.0
2018-12-13,74.75243727,74.75243727,74.74426939,74.75243727,1409965.0
2018-12-14,74.75243727,74.76060515,74.75243727,74.76060515,939253.0
2018-12-17,74.76060515,74.76877303,74.75243727,74.76877303,3563376.0
2018-12-18,74.76877303,74.76877303,74.76060515,74.76877303,2394730.0
2018-12-19,74.77695522,74.77695522,74.76059086,74.76059086,2636344.0
2018-12-20,74.77695522,74.78513741,74.77695522,74.77695522,2938699.0
2018-12-21,74.79331959,74.79331959,74.78513741,74.79331959,2612322.0
2018-12-24,74.80150177,74.80150177,74.79331959,74.80150177,2979166.0
2018-12-26,74.80150177,74.80150177,74.79331959,74.79331959,2752293.0
2018-12-27,74.80968395,74.81786613,74.80968395,74.81786613,3096138.0
2018-12-28,74.82604831,74.82604831,74.81786613,74.82604831,1835789.0
2018-12-31,74.83423049,74.83423049,74.81786613,74.83423049,3489987.0
2019-01-02,74.84241268,74.84241268,74.82604831,74.82604831,15671570.0
2019-01-03,74.84241268,74.85877704,74.84241268,74.85059486,3316247.0
2019-01-04,74.85877704,74.85877704,74.84241268,74.85877704,5482951.0
2019-01-07,74.85059486,74.85877704,74.85059486,74.85877704,2840431.0
2019-01-08,74.85877704,74.85877704,74.85059486,74.85877704,1923062.0
2019-01-09,74.86695922,74.86695922,74.85877704,74.85877704,1486932.0
2019-01-10,74.88332358,74.88332358,74.86695922,74.86695922,1865894.0
2019-01-11,74.88332358,74.88332358,74.8751414,74.88332358,1329218.0
2019-01-14,74.89150576,74.89150576,74.8751414,74.8751414,1986851.0
2019-01-15,74.89150576,74.89150576,74.88332358,74.89150576,1177766.0
2019-01-16,74.89968794,74.89968794,74.89150576,74.89968794,1310084.0
2019-01-17,74.90787013,74.91605231,74.90787013,74.91605231,809392.0
2019-01-18,74.91605231,74.92423449,74.90787013,74.91605231,1950722.0
2019-01-22,74.91605231,74.92423449,74.90787013,74.92423449,1930680.0
2019-01-23,74.93241667,74.93241667,74.92423449,74.92423449,1637681.0
2019-01-24,74.94059885,74.94878103,74.94059885,74.94878103,1200830.0
2019-01-25,74.94059885,74.94878103,74.94059885,74.94059885,2123699.0
2019-01-28,74.95696321,74.95696321,74.94878103,74.94878103,1286086.0
2019-01-29,74.94878103,74.95696321,74.94878103,74.94878103,964997.0
2019-01-30,74.95696321,74.9651454,74.95696321,74.9651454,1785287.0
2019-01-31,74.9651454,74.98150976,74.9651454,74.9651454,4576751.0
2019-02-01,74.98089162,74.98089162,74.9726934,74.9726934,2534553.0
2019-02-04,74.9726934,74.98089162,74.9726934,74.98089162,3375527.0
2019-02-05,74.98089162,74.98908984,74.98089162,74.98089162,2471294.0
2019-02-06,74.98908984,74.99728805,74.98908984,74.99728805,2135740.0
2019-02-07,74.99728805,75.00548627,74.99728805,74.99728805,1894037.0
2019-02-08,75.01368449,75.01368449,75.00548627,75.01368449,584748.0
2019-02-11,75.01368449,75.01368449,75.00548627,75.00548627,1328213.0
2019-02-12,75.01368449,75.0218827,75.01368449,75.0218827,986373.0
2019-02-13,75.0218827,75.0218827,75.01368449,75.0218827,818799.0
2019-02-14,75.03827914,75.04647735,75.03827914,75.03827914,2038560.0
2019-02-15,75.04647735,75.04647735,75.03827914,75.03827914,1547699.0
2019-02-19,75.05467557,75.05467557,75.04647735,75.05467557,1858686.0
2019-02-20,75.05467557,75.05467557,75.04647735,75.05467557,4086704.0
2019-02-21,75.071072,75.071072,75.06287379,75.06287379,1288206.0
2019-02-22,75.071072,75.07927022,75.071072,75.07927022,3265502.0
2019-02-25,75.07927022,75.07927022,75.071072,75.071072,1026527.0
2019-02-26,75.07927022,75.08746844,75.07927022,75.07927022,1202434.0
2019-02-27,75.08746844,75.08746844,75.07927022,75.08746844,1260324.0
2019-02-28,75.09566665,75.10386487,75.09566665,75.10386487,1073797.0
2019-03-01,75.11207813,75.11207813,75.10386468,75.11207813,2044163.0
2019-03-04,75.10386468,75.11207813,75.10386468,75.10386468,1554545.0
2019-03-05,75.11207813,75.12029159,75.11207813,75.11207813,2614088.0
2019-03-06,75.12029159,75.12029159,75.11207813,75.12029159,706147.0
2019-03-07,75.13671851,75.13671851,75.12850505,75.13671851,1106452.0
2019-03-08,75.14493197,75.14493197,75.13671851,75.14493197,1065422.0
2019-03-11,75.14493197,75.14493197,75.13671851,75.14493197,861088.0
2019-03-12,75.15314543,75.15314543,75.14493197,75.15314543,938255.0
2019-03-13,75.16135888,75.16135888,75.15314543,75.16135888,1796524.0
2019-03-14,75.16135888,75.16957234,75.16135888,75.16135888,520146.0
2019-03-15,75.16957234,75.1777858,75.16135888,75.16957234,1115400.0
2019-03-18,75.16957234,75.1777858,75.16957234,75.1777858,1144149.0
2019-03-19,75.18599926,75.18599926,75.1777858,75.1777858,3794353.0
2019-03-20,75.18599926,75.18599926,75.1777858,75.1777858,1988536.0
2019-03-21,75.19421272,75.20242618,75.19421272,75.20242618,1957560.0
2019-03-22,75.20242618,75.20242618,75.19421272,75.20242618,2049594.0
2019-03-25,75.21063964,75.21063964,75.20242618,75.20242618,1231820.0
2019-03-26,75.21063964,75.21885309,75.21063964,75.21063964,661562.0
2019-03-27,75.21063964,75.21885309,75.21063964,75.21885309,2214078.0
2019-03-28,75.23528001,75.23528001,75.22706655,75.23528001,924149.0
2019-03-29,75.23528001,75.24349347,75.23528001,75.23528001,1576091.0
2019-04-01,75.23985291,75.24808214,75.23985291,75.24808214,2419239.0
2019-04-02,75.24808214,75.24808214,75.23985291,75.23985291,1138752.0
2019-04-03,75.24808214,75.25631137,75.24808214,75.24808214,1422420.0
2019-04-04,75.2645406,75.27276983,75.2645406,75.27276983,1207991.0
2019-04-05,75.2645406,75.27276983,75.2645406,75.27276983,655711.0
2019-04-08,75.28099906,75.28099906,75.27276983,75.27276983,1349185.0
2019-04-09,75.27276983,75.28099906,75.27276983,75.28099906,1437995.0
2019-04-10,75.28922829,75.28922829,75.28099906,75.28099906,2261559.0
2019-04-11,75.29745752,75.30568675,75.29745752,75.30568675,674925.0
2019-04-12,75.29745752,75.30568675,75.29745752,75.30568675,890658.0
2019-04-15,75.30568675,75.31391598,75.30568675,75.31391598,1087901.0
2019-04-16,75.31391598,75.31391598,75.30568675,75.31391598,767859.0
2019-04-17,75.33037444,75.33860367,75.33037444,75.33037444,691584.0
2019-04-18,75.33860367,75.33860367,75.33037444,75.33860367,2976386.0
2019-04-22,75.33860367,75.3468329,75.33860367,75.33860367,1171425.0
2019-04-23,75.33860367,75.3468329,75.33860367,75.33860367,912094.0
2019-04-24,75.35506213,75.35506213,75.3468329,75.35506213,1103543.0
2019-04-25,75.37152059,75.37152059,75.36329136,75.37152059,1838460.0
2019-04-26,75.37152059,75.37152059,75.36329136,75.36329136,2449407.0
2019-04-29,75.37152059,75.37974982,75.37152059,75.37152059,667707.0
2019-04-30,75.37974982,75.37974982,75.37152059,75.37974982,1161446.0
2019-05-01,75.38289874,75.38289874,75.37465387,75.38289874,1237597.0
2019-05-02,75.3993885,75.3993885,75.39114362,75.39114362,856065.0
2019-05-03,75.3993885,75.40763337,75.3993885,75.3993885,1443502.0
2019-05-06,75.40763337,75.40763337,75.3993885,75.40763337,879780.0
2019-05-07,75.41587825,75.41587825,75.40763337,75.41587825,1217874.0
2019-05-08,75.41587825,75.41587825,75.40763337,75.41587825,980925.0
2019-05-09,75.432368,75.432368,75.42412312,75.42412312,2029937.0
2019-05-10,75.44061287,75.44061287,75.432368,75.44061287,966623.0
2019-05-13,75.44061287,75.44061287,75.432368,75.432368,1953020.0
2019-05-14,75.44885775,75.44885775,75.44061287,75.44061287,1097194.0
2019-05-15,75.44885775,75.44885775,75.44061287,75.44885775,1062063.0
2019-05-16,75.45710263,75.4653475,75.45710263,75.45710263,1681578.0
2019-05-17,75.47359238,75.47359238,75.4653475,75.4653475,339273.0
2019-05-20,75.48183725,75.48183725,75.47359238,75.47359238,524345.0
2019-05-21,75.48183725,75.48183725,75.47359238,75.47359238,673667.0
2019-05-22,75.49008213,75.49008213,75.48183725,75.49008213,1218455.0
2019-05-23,75.498327,75.50657188,75.498327,75.50657188,1198911.0
2019-05-24,75.50657188,75.51481676,75.50657188,75.50657188,1337064.0
2019-05-28,75.51481676,75.51481676,75.50657188,75.51481676,981300.0
2019-05-29,75.52306163,75.52306163,75.51481676,75.51481676,4239629.0
2019-05-30,75.53130651,75.53955138,75.53130651,75.53955138,1223283.0
2019-05-31,75.53955138,75.53955138,75.53130651,75.53955138,2770320.0
2019-06-03,75.53637136,75.54463212,75.53637136,75.53637136,3486934.0
2019-06-04,75.54463212,75.55289287,75.54463212,75.55289287,9008810.0
2019-06-05,75.55289287,75.55289287,75.54463212,75.55289287,2028741.0
2019-06-06,75.56115363,75.57767515,75.56115363,75.57767515,7013275.0
2019-06-07,75.57767515,75.57767515,75.56941439,75.56941439,2299035.0
2019-06-10,75.58593591,75.58593591,75.57767515,75.58593591,2795328.0
2019-06-11,75.57767515,75.58593591,75.57767515,75.57767515,1563691.0
2019-06-12,75.58593591,75.59419666,75.58593591,75.58593591,2308831.0
2019-06-13,75.60245742,75.61071818,75.60245742,75.61071818,4044355.0
2019-06-14,75.61897894,75.61897894,75.61071818,75.61897894,601267.0
2019-06-17,75.61897894,75.6272397,75.61897894,75.61897894,3386041.0
2019-06-18,75.61897894,75.6272397,75.61897894,75.61897894,3183130.0
2019-06-19,75.6272397,75.63550045,75.6272397,75.63550045,521312.0
2019-06-20,75.64376121,75.65202197,75.64376121,75.64376121,2524070.0
2019-06-21,75.64376121,75.65202197,75.64376121,75.64376121,2016657.0
2019-06-24,75.65202197,75.66028273,75.65202197,75.65202197,1223675.0
2019-06-25,75.66028273,75.66028273,75.65202197,75.65202197,826603.0
2019-06-26,75.66028273,75.66854349,75.66028273,75.66854349,1006382.0
2019-06-27,75.66854349,75.67680424,75.66854349,75.66854349,615763.0
2019-06-28,75.685065,75.685065,75.67680424,75.67680424,1113010.0
2019-07-01,75.68100626,75.68928193,75.67273059,75.67273059,4008160.0
2019-07-02,75.68100626,75.68928193,75.68100626,75.68100626,5031655.0
2019-07-03,75.70583327,75.70583327,75.6975576,75.70583327,1988645.0
2019-07-05,75.6975576,75.70583327,75.6975576,75.6975576,1294535.0
2019-07-08,75.70583327,75.70583327,75.6975576,75.6975576,3557022.0
2019-07-09,75.70583327,75.70583327,75.6975576,75.70583327,1612390.0
2019-07-10,75.70583327,75.71410894,75.70583327,75.71410894,1257225.0
2019-07-11,75.72238461,75.73066028,75.72238461,75.73066028,1230413.0
2019-07-12,75.73893596,75.73893596,75.73066028,75.73893596,792939.0
2019-07-15,75.73893596,75.73893596,75.73066028,75.73893596,520964.0
2019-07-16,75.73893596,75.74721163,75.73893596,75.74721163,731478.0
2019-07-17,75.74721163,75.74721163,75.73893596,75.74721163,650731.0
2019-07-18,75.7554873,75.77203864,75.7554873,75.77203864,1229460.0
2019-07-19,75.76376297,75.77203864,75.76376297,75.77203864,1509228.0
2019-07-22,75.76376297,75.77203864,75.76376297,75.77203864,524414.0
2019-07-23,75.76376297,75.77203864,75.76376297,75.76376297,1703357.0
2019-07-24,75.77203864,75.78031431,75.77203864,75.78031431,793901.0
2019-07-25,75.78031431,75.79686565,75.78031431,75.79686565,1428370.0
2019-07-26,75.79686565,75.79686565,75.78858998,75.78858998,1202754.0
2019-07-29,75.80514132,75.80514132,75.79686565,75.80514132,871334.0
2019-07-30,75.79686565,75.80514132,75.79686565,75.80514132,2294153.0
2019-07-31,75.81341699,75.81341699,75.80514132,75.81341699,3291124.0
2019-08-01,75.82544252,75.83373217,75.81715287,75.83373217,5657356.0
2019-08-02,75.83373217,75.83373217,75.82544252,75.83373217,5480615.0
2019-08-05,75.83373217,75.84202182,75.82544252,75.82544252,2182891.0
2019-08-06,75.83373217,75.84202182,75.83373217,75.83373217,4954980.0
2019-08-07,75.83373217,75.85031147,75.83373217,75.85031147,2365093.0
2019-08-08,75.85860113,75.85860113,75.85031147,75.85860113,1279002.0
2019-08-09,75.85031147,75.85860113,75.85031147,75.85031147,2542210.0
2019-08-12,75.85860113,75.86689078,75.85860113,75.86689078,2547351.0
2019-08-13,75.85860113,75.87518043,75.85860113,75.87518043,904681.0
2019-08-14,75.87518043,75.88347008,75.86689078,75.86689078,1988091.0
2019-08-15,75.89175973,75.90004938,75.88347008,75.90004938,2998276.0
2019-08-16,75.90004938,75.90004938,75.89175973,75.89175973,2471493.0
2019-08-19,75.90833903,75.90833903,75.89175973,75.89175973,4950525.0
2019-08-20,75.90004938,75.90004938,75.89175973,75.90004938,1675468.0
2019-08-21,75.90004938,75.90833903,75.89175973,75.89175973,1433729.0
2019-08-22,75.90833903,75.91662869,75.90833903,75.91662869,1162711.0
2019-08-23,75.91662869,75.91662869,75.90004938,75.90833903,10788823.0
2019-08-26,75.92491834,75.92491834,75.91662869,75.91662869,2234679.0
2019-08-27,75.92491834,75.92491834,75.91662869,75.92491834,1616940.0
2019-08-28,75.92491834,75.92491834,75.91662869,75.91662869,3861848.0
2019-08-29,75.93320799,75.94149764,75.93320799,75.93320799,2276777.0
2019-08-30,75.94149764,75.94978729,75.94149764,75.94149764,3418088.0
2019-09-03,75.95678194,75.95678194,75.94847702,75.95678194,4846777.0
2019-09-04,75.95678194,75.95678194,75.94847702,75.94847702,1895866.0
2019-09-05,75.96508686,75.96508686,75.95678194,75.95678194,4888826.0
2019-09-06,75.96508686,75.97339178,75.95678194,75.96508686,2094686.0
2019-09-09,75.96508686,75.97339178,75.96508686,75.96508686,1064404.0
2019-09-10,75.9816967,75.9816967,75.96923932,75.9816967,2325231.0
2019-09-11,75.97339178,75.9816967,75.97339178,75.97339178,1437351.0
2019-09-12,75.99000161,75.99830653,75.99000161,75.99000161,1867484.0
2019-09-13,75.99830653,75.99830653,75.99000161,75.99000161,1638255.0
2019-09-16,75.99830653,76.00661145,75.99000161,75.99000161,1119287.0
2019-09-17,75.99830653,76.00661145,75.99000161,75.99830653,1033921.0
2019-09-18,76.00661145,76.01491637,75.99830653,76.01491637,1094527.0
2019-09-19,76.03152621,76.03152621,76.01491637,76.01491637,1980570.0
2019-09-20,76.02322129,76.02322129,76.01491637,76.02322129,2298560.0
2019-09-23,76.02322129,76.03983112,76.02322129,76.03983112,1669943.0
2019-09-24,76.03983112,76.03983112,76.03152621,76.03983112,1661750.0
2019-09-25,76.03983112,76.03983112,76.03152621,76.03983112,1362695.0
2019-09-26,76.04813604,76.05644096,76.04813604,76.05644096,1741087.0
2019-09-27,76.06474588,76.06474588,76.04813604,76.05644096,1033039.0
2019-09-30,76.05644096,76.06474588,76.05644096,76.06474588,3144750.0
2019-10-01,76.07058963,76.07058963,76.06227227,76.06227227,2016765.0
2019-10-02,76.07058963,76.07058963,76.06227227,76.06227227,2410697.0
2019-10-03,76.07890699,76.08722435,76.07890699,76.08722435,1101292.0
2019-10-04,76.07890699,76.08722435,76.07890699,76.08722435,926586.0
2019-10-07,76.09554171,76.09554171,76.08722435,76.09554171,687190.0
2019-10-08,76.09554171,76.09554171,76.08722435,76.09554171,1216598.0
2019-10-09,76.10385908,76.10385908,76.09554171,76.09554171,1713977.0
2019-10-10,76.1204938,76.1204938,76.11217644,76.11217644,1408402.0
2019-10-11,76.1204938,76.1204938,76.11217644,76.1204938,1446113.0
2019-10-14,76.11217644,76.12881116,76.06227227,76.11217644,2720505.0
2019-10-15,76.11217644,76.1204938,76.11217644,76.1204938,1630503.0
2019-10-16,76.1204938,76.12881116,76.1204938,76.12881116,1620546.0
2019-10-17,76.12881116,76.13712852,76.12881116,76.13712852,1351374.0
2019-10-18,76.12881116,76.13712852,76.12881116,76.13712852,3141636.0
2019-10-21,76.14544588,76.14544588,76.13712852,76.14544588,820876.0
2019-10-22,76.14544588,76.14544588,76.13712852,76.14544588,1822092.0
2019-10-23,76.13712852,76.14544588,76.13712852,76.14544588,707750.0
2019-10-24,76.15376325,76.16208061,76.15376325,76.16208061,735780.0
2019-10-25,76.15376325,76.16208061,76.15376325,76.16208061,858781.0
2019-10-28,76.16208061,76.16208061,76.15376325,76.15376325,1938921.0
2019-10-29,76.16208061,76.17039797,76.16208061,76.17039797,487602.0
2019-10-30,76.17039797,76.17871533,76.16208061,76.17871533,1026436.0
2019-10-31,76.17871533,76.18703269,76.17871533,76.18703269,1240975.0
2019-11-01,76.18593056,76.19426053,76.18593056,76.18593056,5615469.0
2019-11-04,76.18593056,76.19426053,76.18593056,76.19426053,2305944.0
2019-11-05,76.18593056,76.19426053,76.18593056,76.18593056,1253360.0
2019-11-06,76.19426053,76.2025905,76.19426053,76.19426053,1095841.0
2019-11-07,76.2025905,76.21092048,76.2025905,76.21092048,1335797.0
2019-11-08,76.21092048,76.21092048,76.2025905,76.21092048,728265.0
2019-11-11,76.21092048,76.21092048,76.2025905,76.21092048,464743.0
2019-11-12,76.21925045,76.21925045,76.21092048,76.21925045,1818383.0
2019-11-13,76.21925045,76.21925045,76.21092048,76.21925045,1170714.0
2019-11-14,76.21925045,76.22758042,76.21925045,76.22758042,3100363.0
2019-11-15,76.22758042,76.22758042,76.21925045,76.21925045,2225761.0
2019-11-18,76.22758042,76.23591039,76.22758042,76.23591039,1611108.0
2019-11-19,76.23174541,76.23591039,76.22758042,76.22758042,928816.0
2019-11-20,76.23591039,76.23591039,76.22758042,76.23591039,2396434.0
2019-11-21,76.23591039,76.24424037,76.23591039,76.23591039,976650.0
2019-11-22,76.24424037,76.25257034,76.24424037,76.24424037,1197977.0
2019-11-25,76.24424037,76.25257034,76.24424037,76.24424037,955097.0
2019-11-26,76.25257034,76.26090031,76.25257034,76.25257034,952047.0
2019-11-27,76.26090031,76.26923028,76.26090031,76.26923028,776279.0
2019-11-29,76.26090031,76.26923028,76.26090031,76.26923028,687546.0
2019-12-02,76.26689834,76.27523899,76.26689834,76.27523899,985980.0
2019-12-03,76.27523899,76.27523899,76.26689834,76.26689834,2004273.0
2019-12-04,76.27523899,76.28357964,76.27523899,76.27523899,1007958.0
2019-12-05,76.29192029,76.29192029,76.28357964,76.29192029,866099.0
2019-12-06,76.28357964,76.29192029,76.28357964,76.29192029,1171348.0
2019-12-09,76.29192029,76.30026094,76.29192029,76.30026094,776185.0
2019-12-10,76.30026094,76.30026094,76.29192029,76.30026094,1040687.0
2019-12-11,76.30026094,76.30026094,76.29192029,76.30026094,1288616.0
2019-12-12,76.31694224,76.31694224,76.30860159,76.31694224,601856.0
2019-12-13,76.30860159,76.31694224,76.30026094,76.30026094,753143.0
2019-12-16,76.30860159,76.31694224,76.30860159,76.31694224,702757.0
2019-12-17,76.31694224,76.32528289,76.30860159,76.30860159,2352993.0
2019-12-18,76.32528289,76.32528289,76.31694224,76.32528289,1059947.0
2019-12-19,76.32528289,76.33362354,76.32528289,76.33362354,1412949.0
2019-12-20,76.33785445,76.33785445,76.3295033,76.33785445,1375764.0
2019-12-23,76.3295033,76.33785445,76.3295033,76.33785445,2846579.0
2019-12-24,76.3462056,76.3462056,76.33785445,76.3462056,1042650.0
2019-12-26,76.33785445,76.35455675,76.33785445,76.35455675,956573.0
2019-12-27,76.3462056,76.35455675,76.3462056,76.3462056,1325813.0
2019-12-30,76.3629079,76.3629079,76.35455675,76.35455675,1381586.0
2019-12-31,76.37125905,76.37125905,76.35455675,76.35455675,1406382.0
2020-01-02,76.37125905,76.3796102,76.3629079,76.3796102,3167468.0
2020-01-03,76.3796102,76.3796102,76.37125905,76.3796102,853176.0
2020-01-06,76.3796102,76.38796135,76.37125905,76.37125905,2471905.0
2020-01-07,76.3796102,76.3796102,76.37125905,76.37125905,1267391.0
2020-01-08,76.3796102,76.38796135,76.3796102,76.38796135,1286106.0
2020-01-09,76.3963125,76.3963125,76.38796135,76.3963125,984306.0
2020-01-10,76.38796135,76.3963125,76.38796135,76.3963125,1137145.0
2020-01-13,76.3963125,76.3963125,76.38796135,76.3963125,1459520.0
2020-01-14,76.3963125,76.40466365,76.3963125,76.3963125,1056107.0
2020-01-15,76.40466365,76.40466365,76.3963125,76.40466365,862337.0
2020-01-16,76.40466365,76.42136594,76.40466365,76.42136594,1104232.0
2020-01-17,76.42136594,76.42136594,76.41301479,76.41301479,1323163.0
2020-01-21,76.42136594,76.42136594,76.41301479,76.42136594,3170786.0
2020-01-22,76.42136594,76.42136594,76.41301479,76.42136594,1156887.0
2020-01-23,76.42971709,76.43806824,76.42971709,76.42971709,893082.0
2020-01-24,76.43806824,76.43806824,76.42971709,76.42971709,1243714.0
2020-01-27,76.42971709,76.43806824,76.42971709,76.43806824,1463477.0
2020-01-28,76.43806824,76.44641939,76.43806824,76.43806824,1707971.0
2020-01-29,76.43806824,76.44641939,76.43806824,76.44641939,845238.0
2020-01-30,76.44641939,76.45477054,76.44641939,76.44641939,787255.0
2020-01-31,76.45477054,76.45477054,76.44641939,76.44641939,1760687.0
2020-02-03,76.46173928,76.46173928,76.45337824,76.45337824,1826467.0
2020-02-04,76.46173928,76.46173928,76.45337824,76.45337824,1013704.0
2020-02-05,76.46173928,76.47010033,76.45337824,76.47010033,1015890.0
2020-02-06,76.47010033,76.47846137,76.47010033,76.47846137,1156031.0
2020-02-07,76.47846137,76.47846137,76.47010033,76.47846137,873085.0
2020-02-10,76.47846137,76.48682241,76.47010033,76.47010033,636000.0
2020-02-11,76.47010033,76.47846137,76.47010033,76.47846137,1153132.0
2020-02-12,76.47846137,76.48682241,76.47846137,76.48682241,823581.0
2020-02-13,76.49518346,76.49518346,76.48682241,76.49518346,1231136.0
2020-02-14,76.5035445,76.5035445,76.48682241,76.49518346,1200794.0
2020-02-18,76.49518346,76.5035445,76.49518346,76.5035445,895108.0
2020-02-19,76.5035445,76.5035445,76.49518346,76.5035445,1327288.0
2020-02-20,76.51190554,76.51190554,76.5035445,76.5035445,2327915.0
2020-02-21,76.51190554,76.52026659,76.51190554,76.52026659,865148.0
2020-02-24,76.52026659,76.52026659,76.51190554,76.51190554,3162717.0
2020-02-25,76.52026659,76.52026659,76.51190554,76.51190554,4337324.0
2020-02-26,76.52862763,76.52862763,76.52026659,76.52862763,4843582.0
2020-02-27,76.52862763,76.54534971,76.52862763,76.54534971,7014534.0
2020-02-28,76.53698867,76.54534971,76.53698867,76.53698867,10080488.0
2020-03-02,76.55146918,76.56820906,76.55146918,76.55983912,8320656.0
2020-03-03,76.55983912,76.59331888,76.55146918,76.576579,6196286.0
2020-03-04,76.59331888,76.61005876,76.58494894,76.61005876,7400312.0
2020-03-05,76.6184287,76.62679864,76.61005876,76.62679864,4722164.0
2020-03-06,76.6184287,76.64353852,76.6184287,76.62679864,4562184.0
2020-03-09,76.65190846,76.69375816,76.63516858,76.6602784,14090055.0
2020-03-10,76.64353852,76.67701828,76.63516858,76.64353852,10764325.0
2020-03-11,76.64353852,76.67701828,76.64353852,76.6602784,19939911.0
2020-03-12,76.64353852,80.32212705,76.64353852,76.66864834,20352217.0
2020-03-13,76.66864834,76.69375816,76.6602784,76.68538822,11068994.0
2020-03-16,76.7021281,76.7021281,76.66864834,76.69375816,11009095.0
2020-03-17,76.7021281,76.7021281,76.66864834,76.69375816,10016912.0
2020-03-18,76.71049804,76.72723791,76.68538822,76.71049804,11352332.0
2020-03-19,76.7021281,76.71049804,76.66864834,76.69375816,10002902.0
2020-03-20,76.69375816,76.71886798,76.68538822,76.71886798,14884715.0
2020-03-23,76.68538822,76.7021281,76.67701828,76.7021281,7880872.0
2020-03-24,76.68538822,76.7021281,76.65190846,76.7021281,7108393.0
2020-03-25,76.69375816,76.7021281,76.68538822,76.7021281,6265865.0
2020-03-26,76.68538822,76.7021281,76.68538822,76.7021281,5907793.0
2020-03-27,76.7021281,76.7021281,76.68538822,76.68538822,5413791.0
2020-03-30,76.69375816,76.69375816,76.68538822,76.68538822,4208628.0
2020-03-31,76.69375816,76.69375816,76.67701828,76.69375816,6838273.0
2020-04-01,76.6956595,76.6956595,76.67891006,76.68728478,3865760.0
2020-04-02,76.68728478,76.6956595,76.67891006,76.6956595,4489336.0
2020-04-03,76.67891006,76.68728478,76.67053534,76.67053534,4371174.0
2020-04-06,76.68728478,76.68728478,76.67053534,76.67891006,3804183.0
2020-04-07,76.68728478,76.68728478,76.66216063,76.66216063,4866153.0
2020-04-08,76.67053534,76.67891006,76.67053534,76.67053534,3326624.0
2020-04-09,76.67053534,76.67891006,76.65378591,76.65378591,7432675.0
2020-04-13,76.65378591,76.67891006,76.65378591,76.67053534,4806720.0
2020-04-14,76.65378591,76.67891006,76.65378591,76.67891006,7368801.0
2020-04-15,76.67053534,76.67891006,76.66216063,76.67053534,5840078.0
2020-04-16,76.67053534,76.67891006,76.66216063,76.66216063,5563276.0
2020-04-17,76.67053534,76.67891006,76.67053534,76.67891006,4217441.0
2020-04-20,76.67891006,76.67891006,76.67053534,76.67053534,5258700.0
2020-04-21,76.68728478,76.68728478,76.67053534,76.67053534,3527183.0
2020-04-22,76.67891006,76.67891006,76.67053534,76.67053534,2065224.0
2020-04-23,76.67891006,76.67891006,76.67053534,76.67891006,1929009.0
2020-04-24,76.67891006,76.67891006,76.67053534,76.67053534,1618099.0
2020-04-27,76.67053534,76.67891006,76.66216063,76.67053534,2245095.0
2020-04-28,76.67891006,76.67891006,76.67053534,76.67053534,2744830.0
2020-04-29,76.67891006,76.67891006,76.66216063,76.66216063,5313536.0
2020-04-30,76.66216063,76.67891006,76.66216063,76.67891006,7305696.0
2020-05-01,76.68254383,76.68254383,76.66579177,76.66579177,3710250.0
2020-05-04,76.68254383,76.68254383,76.66579177,76.66579177,5973478.0
2020-05-05,76.66579177,76.68254383,76.66579177,76.66579177,2949254.0
2020-05-06,76.68254383,76.68254383,76.66579177,76.6741678,1716338.0
2020-05-07,76.68254383,76.68254383,76.66579177,76.66579177,2271181.0
2020-05-08,76.66579177,76.68254383,76.66579177,76.66579177,3101013.0
2020-05-11,76.66579177,76.6741678,76.66579177,76.6741678,3903990.0
2020-05-12,76.66579177,76.6741678,76.66579177,76.6741678,3110453.0
2020-05-13,76.6741678,76.6741678,76.66579177,76.6741678,3524835.0
2020-05-14,76.6741678,76.68254383,76.66579177,76.68254383,4505199.0
2020-05-15,76.6741678,76.6741678,76.66579177,76.66579177,2361844.0
2020-05-18,76.66579177,76.6741678,76.66579177,76.66579177,2297586.0
2020-05-19,76.6741678,76.6741678,76.66579177,76.66579177,6505816.0
2020-05-20,76.6741678,76.6741678,76.66579177,76.66579177,1722441.0
2020-05-21,76.66579177,76.6741678,76.66579177,76.6741678,2400878.0
2020-05-22,76.6741678,76.6741678,76.66579177,76.66579177,1935619.0
2020-05-26,76.6741678,76.6741678,76.66579177,76.6741678,4214248.0
2020-05-27,76.66579177,76.6741678,76.66579177,76.66579177,3887387.0
2020-05-28,76.66579177,76.6741678,76.66579177,76.66579177,5061249.0
2020-05-29,76.66579177,76.6741678,76.66579177,76.66579177,3715787.0
2020-06-01,76.66579177,76.6741678,76.64962604,76.6741678,2919604.0
2020-06-02,76.6741678,76.6741678,76.66579177,76.6741678,4644616.0
2020-06-03,76.66579177,76.6741678,76.65741574,76.6741678,5447734.0
2020-06-04,76.6741678,76.6741678,76.66579177,76.6741678,3574649.0
2020-06-05,76.66579177,76.6741678,76.65741574,76.65741574,4809184.0
2020-06-08,76.6741678,76.6741678,76.65741574,76.66579177,3937411.0
2020-06-09,76.66579177,76.6741678,76.65741574,76.66579177,8989102.0
2020-06-10,76.65741574,76.6741678,76.65741574,76.6741678,3090157.0
2020-06-11,76.66579177,76.6741678,76.65741574,76.65741574,10544871.0
2020-06-12,76.6741678,76.6741678,76.65741574,76.6741678,8819413.0
2020-06-15,76.6741678,76.6741678,76.66579177,76.66997979,3392788.0
2020-06-16,76.66579177,76.6741678,76.65741574,76.6741678,2417325.0
2020-06-17,76.66579177,76.6741678,76.65741574,76.6741678,3992000.0
2020-06-18,76.6741678,76.6741678,76.66579177,76.66579177,1837777.0
2020-06-19,76.66579177,76.6741678,76.66579177,76.66579177,3115509.0
2020-06-22,76.66579177,76.6741678,76.66579177,76.66579177,3091930.0
2020-06-23,76.66579177,76.6741678,76.66579177,76.66579177,2897993.0
2020-06-24,76.66579177,76.6741678,76.66579177,76.66579177,3778995.0
2020-06-25,76.66579177,76.6741678,76.66579177,76.6741678,1767498.0
2020-06-26,76.66579177,76.6741678,76.66579177,76.66579177,1350094.0
2020-06-29,76.66579177,76.6741678,76.66579177,76.66579177,2431527.0
2020-06-30,76.66579177,76.6741678,76.66579177,76.66579177,3381091.0
2020-07-01,76.66579177,76.6741678,76.65808583,76.66579177,3159993.0
2020-07-02,76.6741678,76.6741678,76.66579177,76.6741678,2639728.0
2020-07-06,76.66579177,76.6741678,76.66579177,76.66579177,4064740.0
2020-07-07,76.66579177,76.6741678,76.66579177,76.66579177,2092687.0
2020-07-08,76.6741678,76.6741678,76.66579177,76.66579177,4376841.0
2020-07-09,76.66579177,76.6741678,76.66579177,76.66579177,1516626.0
2020-07-10,76.6741678,76.6741678,76.66579177,76.6741678,1241818.0
2020-07-13,76.66579177,76.6741678,76.66579177,76.6741678,2126684.0
2020-07-14,76.6741678,76.6741678,76.66579177,76.6741678,1326013.0
2020-07-15,76.66579177,76.6741678,76.66579177,76.6741678,2793085.0
2020-07-16,76.6741678,76.6741678,76.65800207,76.66579177,2395938.0
2020-07-17,76.66579177,76.6741678,76.66579177,76.6741678,2551357.0
2020-07-20,76.6741678,76.6741678,76.66579177,76.6741678,1276653.0
2020-07-21,76.6741678,76.6741678,76.66579177,76.6741678,1882701.0
2020-07-22,76.66579177,76.6741678,76.66579177,76.66579177,1479219.0
2020-07-23,76.66579177,76.6741678,76.66579177,76.6741678,1118340.0
2020-07-24,76.6741678,76.6741678,76.66579177,76.66579177,1009931.0
2020-07-27,76.66579177,76.6741678,76.66579177,76.66579177,1412413.0
2020-07-28,76.66579177,76.6741678,76.66579177,76.6741678,2012867.0
2020-07-29,76.66579177,76.6741678,76.66579177,76.6741678,1418142.0
2020-07-30,76.6741678,76.6741678,76.66579177,76.66579177,2403337.0
2020-07-31,76.66579177,76.6741678,76.66579177,76.6741678,1099834.0
2020-08-03,76.66579177,76.68195751,76.66579177,76.66579177,1564813.0
2020-08-04,76.6741678,76.6741678,76.66579177,76.6741678,1654735.0
2020-08-05,76.66579177,76.6741678,76.66579177,76.66579177,1980238.0
2020-08-06,76.66579177,76.6741678,76.66579177,76.66579177,1591365.0
2020-08-07,76.6741678,76.6741678,76.66579177,76.6741678,2105431.0
2020-08-10,76.66579177,76.6741678,76.66579177,76.6741678,887593.0
2020-08-11,76.66579177,76.6741678,76.66579177,76.66579177,1734276.0
2020-08-12,76.66579177,76.6741678,76.66579177,76.66579177,2876274.0
2020-08-13,76.6741678,76.6741678,76.66579177,76.6741678,2350776.0
2020-08-14,76.66579177,76.6741678,76.66579177,76.66579177,1206033.0
2020-08-17,76.6741678,76.68229255,76.66579177,76.66579177,2250098.0
2020-08-18,76.6741678,76.6741678,76.66579177,76.6741678,3536186.0
2020-08-19,76.6741678,76.6741678,76.66579177,76.6741678,1785472.0
2020-08-20,76.66579177,76.6741678,76.66579177,76.6741678,1091012.0
2020-08-21,76.6741678,76.6741678,76.66579177,76.6741678,1877075.0
2020-08-24,76.66579177,76.6741678,76.66579177,76.6741678,1276831.0
2020-08-25,76.66579177,76.6741678,76.66579177,76.66579177,1318266.0
2020-08-26,76.66579177,76.6741678,76.66579177,76.66579177,1058441.0
2020-08-27,76.66579177,76.6741678,76.66579177,76.66579177,1314512.0
2020-08-28,76.66579177,76.6741678,76.66579177,76.6741678,1023040.0
2020-08-31,76.66579177,76.6741678,76.66579177,76.6741678,1467208.0
2020-09-01,76.6741678,76.6741678,76.65791831,76.6741678,1091454.0
2020-09-02,76.6741678,76.6741678,76.66579177,76.6741678,1549970.0
2020-09-03,76.6741678,76.6741678,76.66579177,76.66579177,1942643.0
2020-09-04,76.66579177,76.6741678,76.66579177,76.6741678,1946149.0
2020-09-08,76.66579177,76.6741678,76.65741574,76.6741678,3647906.0
2020-09-09,76.6741678,76.6741678,76.66579177,76.66579177,2261177.0
2020-09-10,76.66579177,76.6741678,76.66579177,76.66579177,1667228.0
2020-09-11,76.6741678,76.6741678,76.65741574,76.65741574,1213418.0
2020-09-14,76.66579177,76.6741678,76.65741574,76.6741678,2103874.0
2020-09-15,76.66579177,76.66579177,76.65741574,76.65741574,1513286.0
2020-09-16,76.65741574,76.6741678,76.65741574,76.6741678,1248379.0
2020-09-17,76.66579177,76.6741678,76.65741574,76.6741678,2402663.0
2020-09-18,76.66579177,76.6741678,76.65741574,76.65741574,841761.0
2020-09-21,76.65741574,76.6741678,76.65741574,76.65741574,1606005.0
2020-09-22,76.6741678,76.6741678,76.65741574,76.65741574,1571557.0
2020-09-23,76.66579177,76.6741678,76.65741574,76.65741574,2503274.0
2020-09-24,76.66579177,76.6741678,76.66579177,76.66579177,2325836.0
2020-09-25,76.66579177,76.6741678,76.65741574,76.65741574,1971196.0
2020-09-28,76.66579177,76.6741678,76.65741574,76.66579177,4095153.0
2020-09-29,76.65741574,76.66579177,76.65741574,76.66579177,2004624.0
2020-09-30,76.66579177,76.66579177,76.65741574,76.65741574,2508144.0
2020-10-01,76.65741574,76.6741678,76.6501286,76.65741574,1030690.0
2020-10-02,76.66579177,76.66579177,76.65741574,76.65741574,2053794.0
2020-10-05,76.66579177,76.66579177,76.65741574,76.65741574,1286081.0
2020-10-06,76.65741574,76.66579177,76.65741574,76.66579177,2457583.0
2020-10-07,76.65741574,76.66579177,76.65741574,76.65741574,945290.0
2020-10-08,76.65741574,76.66579177,76.65741574,76.65741574,832109.0
2020-10-09,76.65741574,76.66579177,76.65741574,76.65741574,965391.0
2020-10-12,76.65741574,76.66579177,76.65741574,76.66579177,2242468.0
2020-10-13,76.66579177,76.66579177,76.65741574,76.65741574,1903924.0
2020-10-14,76.65741574,76.66579177,76.65741574,76.65741574,1505220.0
2020-10-15,76.66579177,76.66579177,76.65741574,76.65741574,1188766.0
2020-10-16,76.66579177,76.66579177,76.65741574,76.66579177,1253461.0
2020-10-19,76.66579177,76.66579177,76.65741574,76.66579177,788899.0
2020-10-20,76.65741574,76.66579177,76.65741574,76.65741574,1401503.0
2020-10-21,76.65741574,76.66579177,76.65741574,76.65741574,1065134.0
2020-10-22,76.65741574,76.66579177,76.65741574,76.66579177,926878.0
2020-10-23,76.66579177,76.66579177,76.65741574,76.66579177,995901.0
2020-10-26,76.65741574,76.66579177,76.65741574,76.66579177,3162437.0
2020-10-27,76.65741574,76.66579177,76.65741574,76.65741574,1034726.0
2020-10-28,76.66579177,76.66579177,76.65741574,76.65741574,2147580.0
2020-10-29,76.65741574,76.66579177,76.65741574,76.66579177,2664188.0
2020-10-30,76.66579177,76.66579177,76.65741574,76.66579177,2486271.0
2020-11-02,76.65741574,76.66579177,76.65741574,76.66579177,1380483.0
2020-11-03,76.65741574,76.66579177,76.65741574,76.66579177,920076.0
2020-11-04,76.66579177,76.66579177,76.65741574,76.65741574,2331140.0
2020-11-05,76.65741574,76.66579177,76.65741574,76.66579177,2171361.0
2020-11-06,76.66579177,76.66579177,76.65741574,76.65741574,1638900.0
2020-11-09,76.66579177,76.66579177,76.65741574,76.66579177,3195702.0
2020-11-10,76.65741574,76.66579177,76.65741574,76.65741574,2775736.0
2020-11-11,76.65741574,76.66579177,76.65741574,76.65741574,960475.0
2020-11-12,76.66579177,76.66579177,76.65741574,76.65741574,1124965.0
2020-11-13,76.65741574,76.66579177,76.65741574,76.66579177,1039083.0
2020-11-16,76.65741574,76.66579177,76.65741574,76.66579177,1092449.0
2020-11-17,76.65741574,76.66579177,76.65741574,76.66579177,1679159.0
2020-11-18,76.66579177,76.66579177,76.65741574,76.66579177,2600192.0
2020-11-19,76.66579177,76.66579177,76.65741574,76.66579177,1110422.0
2020-11-20,76.65741574,76.66579177,76.65741574,76.66579177,896172.0
2020-11-23,76.66579177,76.66579177,76.65741574,76.66579177,1082434.0
2020-11-24,76.65741574,76.66579177,76.65741574,76.66579177,2148138.0
2020-11-25,76.65741574,76.66579177,76.65741574,76.65741574,991869.0
2020-11-27,76.65741574,76.66579177,76.65741574,76.66579177,525059.0
2020-11-30,76.65741574,76.66579177,76.65741574,76.65741574,1224757.0
2020-12-01,76.65176239,76.66851504,76.65176239,76.65176239,2887933.0
2020-12-02,76.65176239,76.66851504,76.65176239,76.66013871,3397440.0
2020-12-03,76.66013871,76.66851504,76.66013871,76.66013871,1342723.0
2020-12-04,76.66013871,76.66851504,76.66013871,76.66851504,1282972.0
2020-12-07,76.66013871,76.66851504,76.65176239,76.65176239,1714923.0
2020-12-08,76.65176239,76.66851504,76.65176239,76.65176239,2136150.0
2020-12-09,76.66013871,76.66013871,76.65176239,76.65176239,2411340.0
2020-12-10,76.66013871,76.66013871,76.65176239,76.65176239,802797.0
2020-12-11,76.65176239,76.66013871,76.65176239,76.66013871,807374.0
2020-12-14,76.65176239,76.66013871,76.65176239,76.65176239,1270336.0
2020-12-15,76.65176239,76.66013871,76.65176239,76.65176239,1236547.0
2020-12-16,76.65176239,76.66013871,76.65176239,76.66013871,1036594.0
2020-12-17,76.65176239,76.66013871,76.65176239,76.66013871,1051844.0
2020-12-18,76.66013871,76.66013871,76.65176239,76.66013871,1041449.0
2020-12-21,76.65176239,76.66013871,76.65176239,76.66013871,1352868.0
2020-12-22,76.66013871,76.66013871,76.65176239,76.66013871,1140750.0
2020-12-23,76.65176239,76.66013871,76.65176239,76.65176239,1066137.0
2020-12-24,76.66013871,76.66013871,76.65176239,76.66013871,580479.0
2020-12-28,76.65176239,76.66013871,76.65176239,76.66013871,794580.0
2020-12-29,76.66013871,76.66013871,76.65176239,76.66013871,1590401.0
2020-12-30,76.65176239,76.66013871,76.65176239,76.65176239,1219427.0
2020-12-31,76.65176239,76.66013871,76.65176239,76.66013871,1343889.0
2021-01-04,76.66013871,76.66013871,76.65176239,76.66013871,1588007.0
2021-01-05,76.65176239,76.66013871,76.65176239,76.65176239,940252.0
2021-01-06,76.65519668,76.66013871,76.65176239,76.66013871,1710926.0
2021-01-07,76.65176239,76.66013871,76.65176239,76.66013871,1249366.0
2021-01-08,76.65176239,76.66013871,76.65176239,76.65176239,1767550.0
2021-01-11,76.65176239,76.66013871,76.65176239,76.66013871,1128775.0
2021-01-12,76.66013871,76.66013871,76.65176239,76.65176239,4098770.0
2021-01-13,76.65176239,76.66013871,76.65176239,76.65176239,3257329.0
2021-01-14,76.65176239,76.66013871,76.65176239,76.66013871,2009296.0
2021-01-15,76.65176239,76.66013871,76.65176239,76.66013871,2250395.0
2021-01-19,76.65176239,76.66013871,76.65176239,76.66013871,1974638.0
2021-01-20,76.65176239,76.66013871,76.65176239,76.66013871,641949.0
2021-01-21,76.65176239,76.66013871,76.65176239,76.66013871,867110.0
2021-01-22,76.65176239,76.66013871,76.65176239,76.65176239,780882.0
2021-01-25,76.65176239,76.66013871,76.65176239,76.66013871,921381.0
2021-01-26,76.65176239,76.66013871,76.65176239,76.65176239,1878350.0
2021-01-27,76.66013871,76.66013871,76.65176239,76.65176239,1615400.0
2021-01-28,76.65452657,76.66013871,76.65176239,76.66013871,1965630.0
2021-01-29,76.65176239,76.66013871,76.65176239,76.66013871,3702258.0
2021-02-01,76.66013871,76.66585304,76.65176239,76.66013871,1563057.0
2021-02-02,76.65176239,76.66013871,76.65176239,76.65176239,1099455.0
2021-02-03,76.66013871,76.66013871,76.65176239,76.65176239,1207858.0
2021-02-04,76.65176239,76.66013871,76.65176239,76.66013871,944087.0
2021-02-05,76.66013871,76.66013871,76.65176239,76.66013871,726367.0
2021-02-08,76.65176239,76.66013871,76.65176239,76.66013871,1505252.0
2021-02-09,76.65176239,76.66013871,76.65176239,76.66013871,1270048.0
2021-02-10,76.66013871,76.66013871,76.65176239,76.65176239,1424715.0
2021-02-11,76.65176239,76.66013871,76.65176239,76.66013871,696928.0
2021-02-12,76.65176239,76.66013871,76.65176239,76.65176239,900936.0
2021-02-16,76.65176239,76.66013871,76.65176239,76.66013871,1026318.0
2021-02-17,76.65176239,76.66013871,76.65176239,76.66013871,781445.0
2021-02-18,76.65176239,76.66013871,76.65176239,76.65176239,1406470.0
2021-02-19,76.65176239,76.66013871,76.65176239,76.66013871,805203.0
2021-02-22,76.65176239,76.66013871,76.65176239,76.65176239,1284601.0
2021-02-23,76.65176239,76.66013871,76.65176239,76.65176239,1170013.0
2021-02-24,76.65176239,76.65176239,76.64338606,76.64338606,861621.0
2021-02-25,76.64338606,76.65176239,76.64338606,76.65176239,1370957.0
2021-02-26,76.65176239,76.65176239,76.64338606,76.65176239,1971144.0
2021-03-01,76.65176239,76.65176239,76.64338606,76.64338606,1288717.0
2021-03-02,76.65176239,76.65176239,76.64338606,76.64338606,1588391.0
2021-03-03,76.64338606,76.65176239,76.64338606,76.65176239,1801436.0
2021-03-04,76.65176239,76.65176239,76.64338606,76.65176239,1452397.0
2021-03-05,76.64338606,76.65176239,76.64338606,76.65176239,1248985.0
2021-03-08,76.64338606,76.65176239,76.64338606,76.64338606,1075512.0
2021-03-09,76.64338606,76.65176239,76.64338606,76.64338606,1518625.0
2021-03-10,76.64338606,76.65176239,76.64338606,76.64338606,1100573.0
2021-03-11,76.64338606,76.65176239,76.64338606,76.65176239,659436.0
2021-03-12,76.64338606,76.65176239,76.64338606,76.64338606,737721.0
2021-03-15,76.64338606,76.65176239,76.64338606,76.64338606,976445.0
2021-03-16,76.64338606,76.65176239,76.64338606,76.64338606,1145041.0
2021-03-17,76.64338606,76.65176239,76.64338606,76.65176239,1021848.0
2021-03-18,76.64338606,76.65176239,76.64338606,76.64338606,955697.0
2021-03-19,76.65176239,76.65176239,76.64338606,76.64338606,704323.0
2021-03-22,76.64338606,76.65176239,76.64338606,76.64338606,676608.0
2021-03-23,76.65176239,76.65176239,76.64338606,76.65176239,1691338.0
2021-03-24,76.64338606,76.65176239,76.64338606,76.64338606,510501.0
2021-03-25,76.64338606,76.65176239,76.64338606,76.64338606,1224201.0
2021-03-26,76.64338606,76.65176239,76.64338606,76.64338606,797874.0
2021-03-29,76.64338606,76.65176239,76.64338606,76.64338606,925728.0
2021-03-30,76.64338606,76.65176239,76.64338606,76.65176239,606717.0
2021-03-31,76.64338606,76.65176239,76.64338606,76.64338606,882380.0
2021-04-01,76.65176239,76.65176239,76.63082157,76.65176239,2289169.0
2021-04-05,76.64338606,76.64338606,76.63500973,76.64338606,1014779.0
2021-04-06,76.63500973,76.64338606,76.63500973,76.63500973,672132.0
2021-04-07,76.64338606,76.64338606,76.63500973,76.63500973,1039707.0
2021-04-08,76.63500973,76.64338606,76.63500973,76.64338606,2910519.0
2021-04-09,76.63500973,76.64338606,76.63500973,76.63500973,735823.0
2021-04-12,76.63500973,76.64338606,76.63500973,76.63500973,866896.0
2021-04-13,76.64338606,76.64338606,76.63500973,76.63500973,2840834.0
2021-04-14,76.63500973,76.64338606,76.63500973,76.63500973,645218.0
2021-04-15,76.64338606,76.64338606,76.63500973,76.64338606,794054.0
2021-04-16,76.63500973,76.64338606,76.63500973,76.64338606,2055242.0
2021-04-19,76.63500973,76.64338606,76.63500973,76.63500973,754266.0
2021-04-20,76.63500973,76.64338606,76.63500973,76.63500973,1548574.0
2021-04-21,76.63500973,76.64338606,76.63500973,76.63500973,980029.0
2021-04-22,76.63500973,76.64338606,76.63500973,76.64338606,1226571.0
2021-04-23,76.64338606,76.64338606,76.63500973,76.64338606,495487.0
2021-04-26,76.63500973,76.64338606,76.63500973,76.63500973,1061383.0
2021-04-27,76.63500973,76.64338606,76.63500973,76.64338606,787857.0
2021-04-28,76.63500973,76.64338606,76.63500973,76.63500973,999188.0
2021-04-29,76.63500973,76.64338606,76.63500973,76.63500973,899781.0
2021-04-30,76.63500973,76.64338606,76.63500973,76.64338606,1064322.0
2021-05-03,76.63500973,76.64338606,76.63500973,76.64338606,1169066.0
2021-05-04,76.63500973,76.64338606,76.63500973,76.63500973,2178225.0
2021-05-05,76.63500973,76.64338606,76.63500973,76.64338606,775672.0
2021-05-06,76.63500973,76.64338606,76.63500973,76.64338606,1066557.0
2021-05-07,76.62663341,76.63500973,76.62663341,76.63500973,1829271.0
2021-05-10,76.62663341,76.63500973,76.62663341,76.63500973,723714.0
2021-05-11,76.62663341,76.63500973,76.62663341,76.63500973,1157087.0
2021-05-12,76.63500973,76.63500973,76.62663341,76.62663341,915682.0
2021-05-13,76.62663341,76.64338606,76.62663341,76.62663341,5954557.0
2021-05-14,76.62663341,76.63500973,76.62663341,76.62663341,1662908.0
2021-05-17,76.62663341,76.63500973,76.62663341,76.63500973,867108.0
2021-05-18,76.63500973,76.63500973,76.62663341,76.63500973,1047245.0
2021-05-19,76.62663341,76.63500973,76.62663341,76.62663341,1675326.0
2021-05-20,76.62663341,76.63500973,76.62663341,76.62663341,852442.0
2021-05-21,76.62663341,76.63500973,76.62663341,76.63500973,785922.0
2021-05-24,76.62663341,76.63500973,76.62663341,76.62663341,1014302.0
2021-05-25,76.62663341,76.63500973,76.62663341,76.62663341,686886.0
2021-05-26,76.63500973,76.63500973,76.62663341,76.62663341,998261.0
2021-05-27,76.62663341,76.63500973,76.62663341,76.63500973,675624.0
2021-05-28,76.62663341,76.63500973,76.62663341,76.63500973,928630.0
2021-06-01,76.62663341,76.63500973,76.62663341,76.62663341,1121196.0
2021-06-02,76.63500973,76.63500973,76.62663341,76.62663341,1752693.0
2021-06-03,76.62663341,76.63500973,76.62663341,76.62663341,517373.0
2021-06-04,76.62663341,76.63500973,76.62663341,76.63500973,962356.0
2021-06-07,76.62663341,76.63500973,76.61825708,76.61825708,983568.0
2021-06-08,76.61825708,76.62663341,76.61825708,76.61825708,833495.0
2021-06-09,76.62663341,76.62663341,76.61825708,76.61825708,1122636.0
2021-06-10,76.61825708,76.62663341,76.61825708,76.61825708,858018.0
2021-06-11,76.61825708,76.62663341,76.61825708,76.62663341,732345.0
2021-06-14,76.61825708,76.62663341,76.61825708,76.61825708,439290.0
2021-06-15,76.61825708,76.62663341,76.61825708,76.61825708,1008622.0
2021-06-16,76.61825708,76.62663341,76.61825708,76.62663341,575399.0
2021-06-17,76.62663341,76.62663341,76.61825708,76.61825708,1458857.0
2021-06-18,76.61825708,76.62663341,76.61825708,76.62663341,885270.0
2021-06-21,76.62663341,76.62663341,76.61825708,76.61825708,846728.0
2021-06-22,76.61825708,76.62663341,76.61825708,76.61825708,385991.0
2021-06-23,76.61825708,76.62663341,76.61825708,76.61825708,651815.0
2021-06-24,76.61825708,76.62663341,76.61825708,76.62663341,912391.0
2021-06-25,76.61825708,76.62663341,76.61825708,76.62663341,1276520.0
2021-06-28,76.62663341,76.62663341,76.61825708,76.61825708,592670.0
2021-06-29,76.61825708,76.62663341,76.61825708,76.61825708,887137.0
2021-06-30,76.62663341,76.62663341,76.61825708,76.61825708,555263.0
2021-07-01,76.61825708,76.62663341,76.61825708,76.62663341,584003.0
2021-07-02,76.61825708,76.61825708,76.60988075,76.61825708,638770.0
2021-07-06,76.60988075,76.61825708,76.60988075,76.60988075,654213.0
2021-07-07,76.60988075,76.61825708,76.60988075,76.60988075,820699.0
2021-07-08,76.60988075,76.61825708,76.60988075,76.61825708,934211.0
2021-07-09,76.61825708,76.61825708,76.60988075,76.61825708,632929.0
2021-07-12,76.60988075,76.61825708,76.60988075,76.61825708,709371.0
2021-07-13,76.60988075,76.61825708,76.60988075,76.61825708,1037709.0
2021-07-14,76.60988075,76.61825708,76.60988075,76.60988075,583514.0
2021-07-15,76.60988075,76.61825708,76.60988075,76.61825708,961817.0
2021-07-16,76.60988075,76.61825708,76.60988075,76.61825708,618640.0
2021-07-19,76.60988075,76.61825708,76.60988075,76.60988075,2751185.0
2021-07-20,76.60988075,76.61825708,76.60988075,76.60988075,1726432.0
2021-07-21,76.60988075,76.61825708,76.60988075,76.60988075,1123145.0
2021-07-22,76.60988075,76.61825708,76.60988075,76.61825708,680523.0
2021-07-23,76.60988075,76.61825708,76.60988075,76.60988075,1078252.0
2021-07-26,76.60988075,76.61825708,76.60988075,76.61825708,712527.0
2021-07-27,76.61825708,76.61825708,76.60988075,76.60988075,878730.0
2021-07-28,76.60988075,76.61825708,76.60988075,76.60988075,1342123.0
2021-07-29,76.60988075,76.61825708,76.60988075,76.61825708,903397.0
2021-07-30,76.60988075,76.61825708,76.60988075,76.60988075,410792.0
2021-08-02,76.60988075,76.61825708,76.60988075,76.60988075,597734.0
2021-08-03,76.60988075,76.61825708,76.60988075,76.60988075,745059.0
2021-08-04,76.60988075,76.61825708,76.60988075,76.60988075,1067746.0
2021-08-05,76.60988075,76.61825708,76.60988075,76.60988075,488296.0
2021-08-06,76.60988075,76.61825708,76.60988075,76.61825708,694220.0
2021-08-09,76.60988075,76.61825708,76.60988075,76.61825708,1642880.0
2021-08-10,76.61825708,76.61825708,76.60988075,76.60988075,937181.0
2021-08-11,76.60988075,76.61825708,76.60988075,76.60988075,1080508.0
2021-08-12,76.60988075,76.61825708,76.60988075,76.60988075,616541.0
2021-08-13,76.61825708,76.61825708,76.60988075,76.61825708,1124656.0
2021-08-16,76.60988075,76.61825708,76.60150443,76.60150443,1689680.0
2021-08-17,76.61825708,76.61825708,76.60150443,76.60150443,1564055.0
2021-08-18,76.60150443,76.61825708,76.60150443,76.60150443,925739.0
2021-08-19,76.60150443,76.61825708,76.60150443,76.61825708,1720576.0
2021-08-20,76.60988075,76.61825708,76.60150443,76.61825708,796178.0
2021-08-23,76.60988075,76.60988075,76.60150443,76.60150443,470734.0
2021-08-24,76.60150443,76.60988075,76.60150443,76.60150443,808173.0
2021-08-25,76.60150443,76.60988075,76.60150443,76.60150443,555163.0
2021-08-26,76.60988075,76.60988075,76.60150443,76.60988075,785762.0
2021-08-27,76.60988075,76.60988075,76.60150443,76.60988075,479850.0
2021-08-30,76.60988075,76.60988075,76.60150443,76.60988075,617915.0
2021-08-31,76.60150443,76.60988075,76.60150443,76.60150443,1021285.0
2021-09-01,76.60988075,76.60988075,76.60150443,76.60150443,1076935.0
2021-09-02,76.60150443,76.61825708,76.60150443,76.61825708,673751.0
2021-09-03,76.60988075,76.60988075,76.60150443,76.60150443,496299.0
2021-09-07,76.60988075,76.60988075,76.60150443,76.60150443,1597092.0
2021-09-08,76.60150443,76.60988075,76.60150443,76.60150443,1053484.0
2021-09-09,76.60150443,76.60988075,76.60150443,76.60150443,735522.0
2021-09-10,76.60150443,76.60988075,76.60150443,76.60988075,521662.0
2021-09-13,76.60150443,76.60988075,76.60150443,76.60988075,5164615.0
2021-09-14,76.60988075,76.60988075,76.60150443,76.60150443,4534279.0
2021-09-15,76.60150443,76.60988075,76.60150443,76.60150443,1465480.0
2021-09-16,76.60988075,76.60988075,76.60150443,76.60988075,1322626.0
2021-09-17,76.60150443,76.60988075,76.60150443,76.60150443,810942.0
2021-09-20,76.60150443,76.60988075,76.60150443,76.60988075,1087121.0
2021-09-21,76.60150443,76.60988075,76.60150443,76.60150443,1462343.0
2021-09-22,76.60150443,76.60988075,76.60150443,76.60150443,1062239.0
2021-09-23,76.60150443,76.60988075,76.60150443,76.60988075,1108446.0
2021-09-24,76.60988075,76.60988075,76.60150443,76.60150443,1912114.0
2021-09-27,76.60988075,76.60988075,76.5931281,76.60150443,2605888.0
2021-09-28,76.60988075,76.60988075,76.5931281,76.60150443,978754.0
2021-09-29,76.60150443,76.60988075,76.60150443,76.60988075,787593.0
2021-09-30,76.60150443,76.60988075,76.60150443,76.60988075,777692.0
2021-10-01,76.60988075,76.60988075,76.5931281,76.60988075,1484680.0
2021-10-04,76.60150443,76.60150443,76.5931281,76.5931281,757484.0
2021-10-05,76.5931281,76.60150443,76.5931281,76.60150443,537807.0
2021-10-06,76.5931281,76.60150443,76.5931281,76.60150443,1394867.0
2021-10-07,76.5931281,76.60150443,76.5931281,76.60150443,775374.0
2021-10-08,76.60150443,76.60150443,76.5931281,76.60150443,487554.0
2021-10-11,76.5931281,76.60150443,76.5931281,76.60150443,622199.0
2021-10-12,76.5931281,76.60150443,76.5931281,76.60150443,580231.0
2021-10-13,76.5931281,76.60150443,76.5931281,76.60150443,934211.0
2021-10-14,76.60150443,76.60150443,76.5931281,76.5931281,610462.0
2021-10-15,76.5931281,76.60150443,76.5931281,76.60150443,798672.0
2021-10-18,76.5931281,76.60150443,76.5931281,76.5931281,650094.0
2021-10-19,76.5931281,76.60150443,76.5931281,76.5931281,585451.0
2021-10-20,76.60150443,76.60150443,76.5931281,76.5931281,2241499.0
2021-10-21,76.5931281,76.60150443,76.5931281,76.5931281,733494.0
2021-10-22,76.5931281,76.60150443,76.58475178,76.5931281,720963.0
2021-10-25,76.60150443,76.60150443,76.5931281,76.60150443,674138.0
2021-10-26,76.5931281,76.60150443,76.58475178,76.58475178,1092606.0
2021-10-27,76.5931281,76.60150443,76.58475178,76.58475178,779574.0
2021-10-28,76.5931281,76.60150443,76.5931281,76.60150443,663821.0
2021-10-29,76.5931281,76.60150443,76.58475178,76.60150443,886944.0
2021-11-01,76.5931281,76.60150443,76.5931281,76.60150443,1121835.0
2021-11-02,76.5931281,76.60150443,76.58475178,76.58475178,699367.0
2021-11-03,76.5931281,76.5931281,76.58475178,76.58475178,1099457.0
2021-11-04,76.5931281,76.60150443,76.58475178,76.5931281,791500.0
2021-11-05,76.5931281,76.5931281,76.58475178,76.5931281,829074.0
2021-11-08,76.5931281,76.60150443,76.58475178,76.60150443,1379295.0
2021-11-09,76.5931281,76.5931281,76.58475178,76.58475178,962777.0
2021-11-10,76.5931281,76.60150443,76.58475178,76.58475178,1147633.0
2021-11-11,76.5931281,76.5931281,76.58475178,76.5931281,789270.0
2021-11-12,76.58475178,76.5931281,76.58475178,76.5931281,558608.0
2021-11-15,76.5931281,76.5931281,76.58475178,76.5931281,670800.0
2021-11-16,76.5931281,76.5931281,76.58475178,76.58475178,1105894.0
2021-11-17,76.58475178,76.5931281,76.58475178,76.58475178,1197200.0
2021-11-18,76.58475178,76.5931281,76.58475178,76.5931281,801973.0
2021-11-19,76.5931281,76.5931281,76.58475178,76.5931281,1430268.0
2021-11-22,76.58475178,76.5931281,76.58475178,76.5931281,778859.0
2021-11-23,76.58475178,76.5931281,76.58475178,76.58475178,771457.0
2021-11-24,76.58475178,76.5931281,76.58475178,76.5931281,676966.0
2021-11-26,76.58475178,76.5931281,76.58475178,76.58475178,735830.0
2021-11-29,76.58475178,76.5931281,76.58475178,76.5931281,1067129.0
2021-11-30,76.5931281,76.5931281,76.58475178,76.58475178,2554800.0
2021-12-01,76.5931281,76.5931281,76.58475178,76.5931281,1989361.0
2021-12-02,76.5931281,76.5931281,76.58475178,76.5931281,1502392.0
2021-12-03,76.5931281,76.5931281,76.58475178,76.58475178,717928.0
2021-12-06,76.5931281,76.5931281,76.58475178,76.58475178,796680.0
2021-12-07,76.5931281,76.5931281,76.58475178,76.58475178,617896.0
2021-12-08,76.58475178,76.5931281,76.58475178,76.5931281,1446597.0
2021-12-09,76.58475178,76.5931281,76.58475178,76.58475178,1110692.0
2021-12-10,76.5931281,76.5931281,76.58475178,76.5931281,935323.0
2021-12-13,76.58475178,76.5931281,76.58475178,76.5931281,462637.0
2021-12-14,76.5931281,76.5931281,76.58475178,76.5931281,817245.0
2021-12-15,76.58475178,76.5931281,76.58475178,76.5931281,1653884.0
2021-12-16,76.58475178,76.5931281,76.58475178,76.58475178,809563.0
2021-12-17,76.5931281,76.5931281,76.58475178,76.5931281,1063885.0
2021-12-20,76.58475178,76.5931281,76.58475178,76.58475178,2235072.0
2021-12-21,76.58475178,76.5931281,76.57637545,76.57637545,2372256.0
2021-12-22,76.58475178,76.5931281,76.57637545,76.57637545,1001906.0
2021-12-23,76.57637545,76.58475178,76.57637545,76.57637545,571440.0
2021-12-27,76.57637545,76.58475178,76.57637545,76.58475178,730397.0
2021-12-28,76.58475178,76.58475178,76.57637545,76.57637545,1933107.0
2021-12-29,76.57637545,76.58475178,76.57637545,76.57637545,1246326.0
2021-12-30,76.57637545,76.58475178,76.57637545,76.58475178,836968.0
2021-12-31,76.57637545,76.58475178,76.57637545,76.58475178,871356.0
2022-01-03,76.58475178,76.58475178,76.57637545,76.57637545,1763954.0
2022-01-04,76.57637545,76.58475178,76.57637545,76.58475178,2511866.0
2022-01-05,76.58475178,76.58475178,76.57637545,76.58475178,1637334.0
2022-01-06,76.58475178,76.58475178,76.57637545,76.58475178,1077863.0
2022-01-07,76.58475178,76.58475178,76.57637545,76.58475178,766929.0
2022-01-10,76.57637545,76.58475178,76.57637545,76.57637545,1846827.0
2022-01-11,76.57637545,76.57637545,76.56799912,76.56799912,1847537.0
2022-01-12,76.57637545,76.58475178,76.57637545,76.57637545,959742.0
2022-01-13,76.57637545,76.58475178,76.57637545,76.58475178,1056470.0
2022-01-14,76.57637545,76.58475178,76.57637545,76.58475178,563968.0
2022-01-18,76.58475178,76.58475178,76.56799912,76.56799912,3068086.0
2022-01-19,76.58475178,76.58475178,76.57637545,76.58475178,2074856.0
2022-01-20,76.58475178,76.58475178,76.57637545,76.58475178,1628710.0
2022-01-21,76.57637545,76.58475178,76.56799912,76.57637545,2937724.0
2022-01-24,76.56799912,76.58475178,76.56799912,76.58475178,4854902.0
2022-01-25,76.57637545,76.58475178,76.56799912,76.56799912,4776822.0
2022-01-26,76.56799912,76.58307651,76.56799912,76.57637545,3694420.0
2022-01-27,76.56799912,76.58475178,76.56799912,76.58475178,6218713.0
2022-01-28,76.57637545,76.58475178,76.56799912,76.56799912,4811083.0
2022-01-31,76.57637545,76.5858407,76.56799912,76.58475178,26333328.0
2022-02-01,76.56799912,76.58475178,76.56799912,76.57637545,6452697.0
2022-02-02,76.57637545,76.58475178,76.57637545,76.58475178,2119831.0
2022-02-03,76.57637545,76.58475178,76.56799912,76.58475178,2322977.0
2022-02-04,76.57637545,76.57637545,76.56799912,76.56799912,6725993.0
2022-02-07,76.57637545,76.57637545,76.56799912,76.56799912,1667495.0
2022-02-08,76.57637545,76.57637545,76.56799912,76.57637545,24173903.0
2022-02-09,76.56799912,76.57637545,76.56799912,76.56799912,4386781.0
2022-02-10,76.56799912,76.57637545,76.5596228,76.56799912,6107148.0
2022-02-11,76.56799912,76.57637545,76.5596228,76.56799912,3164565.0
2022-02-14,76.56799912,76.57637545,76.5596228,76.5596228,1876418.0
2022-02-15,76.56799912,76.57637545,76.56799912,76.57637545,923130.0
2022-02-16,76.57637545,76.57637545,76.56799912,76.57637545,1057544.0
2022-02-17,76.57637545,76.57637545,76.56799912,76.56799912,2324934.0
2022-02-18,76.57637545,76.57637545,76.56799912,76.57637545,1485372.0
2022-02-22,76.56799912,76.57637545,76.56799912,76.57637545,2188480.0
2022-02-23,76.56799912,76.57637545,76.56799912,76.56799912,11535012.0
2022-02-24,76.57637545,76.58475178,76.56799912,76.56799912,8393431.0
2022-02-25,76.57637545,76.57637545,76.56799912,76.56799912,1846508.0
2022-02-28,76.57637545,76.57637545,76.56799912,76.56799912,1769274.0
2022-03-01,76.57637545,76.57637545,76.56799912,76.56799912,4195949.0
2022-03-02,76.57637545,76.57637545,76.56799912,76.56799912,2298795.0
2022-03-03,76.57637545,76.57637545,76.56799912,76.57637545,2265532.0
2022-03-04,76.56799912,76.57637545,76.56799912,76.57637545,1237781.0
2022-03-07,76.5596228,76.57637545,76.5596228,76.57637545,15932139.0
2022-03-08,76.57637545,76.57637545,76.56799912,76.57637545,7738708.0
2022-03-09,76.57637545,76.57637545,76.56799912,76.57637545,2580692.0
2022-03-10,76.57637545,76.57637545,76.56799912,76.57637545,2353081.0
2022-03-11,76.57637545,76.57637545,76.56799912,76.56799912,805083.0
2022-03-14,76.56799912,76.57637545,76.56799912,76.57637545,3886760.0
2022-03-15,76.57637545,76.57637545,76.5596228,76.5596228,6259725.0
2022-03-16,76.56799912,76.57637545,76.5596228,76.57637545,1773220.0
2022-03-17,76.56799912,76.57637545,76.56799912,76.57637545,5463376.0
2022-03-18,76.57637545,76.57637545,76.56799912,76.56799912,3115342.0
2022-03-21,76.56799912,76.57637545,76.56799912,76.56799912,3961402.0
2022-03-22,76.57637545,76.57637545,76.56799912,76.56799912,3440149.0
2022-03-23,76.56799912,76.58475178,76.56799912,76.58475178,2205557.0
2022-03-24,76.57637545,76.58475178,76.57637545,76.58475178,1749551.0
2022-03-25,76.58475178,76.58475178,76.56799912,76.56799912,2840144.0
2022-03-28,76.57637545,76.57637545,76.56799912,76.56799912,2839375.0
2022-03-29,76.57637545,76.58475178,76.56799912,76.56799912,4356421.0
2022-03-30,76.56799912,76.58475178,76.56799912,76.58475178,5278355.0
2022-03-31,76.58475178,76.58475178,76.57637545,76.58475178,4311591.0
2022-04-01,76.57637545,76.58475178,76.56799912,76.58475178,2302479.0
2022-04-04,76.56799912,76.57637545,76.56799912,76.57637545,2478592.0
2022-04-05,76.56799912,76.57637545,76.56799912,76.56799912,2060903.0
2022-04-06,76.57637545,76.57637545,76.56799912,76.57637545,2698868.0
2022-04-07,76.56799912,76.57637545,76.56799912,76.57637545,2615047.0
2022-04-08,76.56799912,76.57637545,76.56799912,76.56799912,4726233.0
2022-04-11,76.57637545,76.57637545,76.56799912,76.57637545,3597076.0
2022-04-12,76.56799912,76.57637545,76.56799912,76.57637545,5780445.0
2022-04-13,76.56799912,76.57637545,76.56799912,76.57637545,3719154.0
2022-04-14,76.56799912,76.57637545,76.56799912,76.56799912,1612695.0
2022-04-18,76.56799912,76.57637545,76.56799912,76.57637545,2689015.0
2022-04-19,76.56799912,76.57637545,76.56799912,76.56799912,3194934.0
2022-04-20,76.56799912,76.58475178,76.56799912,76.58475178,1901727.0
2022-04-21,76.58475178,76.58475178,76.57637545,76.58475178,3573678.0
2022-04-22,76.56799912,76.58475178,76.56799912,76.57637545,2183289.0
2022-04-25,76.56799912,76.58475178,76.56799912,76.58475178,10561917.0
2022-04-26,76.57637545,76.58475178,76.57637545,76.57637545,4266944.0
2022-04-27,76.57637545,76.58475178,76.57637545,76.57637545,7534822.0
2022-04-28,76.57637545,76.5931281,76.57637545,76.5931281,5876873.0
2022-04-29,76.58475178,76.58475178,76.57637545,76.57637545,2678683.0
2022-05-02,76.5931281,76.5931281,76.57637545,76.58475178,7420849.0
2022-05-03,76.5931281,76.5931281,76.57637545,76.57637545,5964338.0
2022-05-04,76.57637545,76.5931281,76.57637545,76.5931281,3019440.0
2022-05-05,76.5931281,76.5931281,76.58475178,76.5931281,4886780.0
2022-05-06,76.58475178,76.5931281,76.58475178,76.5931281,4785765.0
2022-05-09,76.60150443,76.60150443,76.58475178,76.58475178,8826980.0
2022-05-10,76.5931281,76.60150443,76.58475178,76.58475178,8261231.0
2022-05-11,76.58475178,76.60150443,76.58475178,76.58475178,6387065.0
2022-05-12,76.5931281,76.60150443,76.58475178,76.5931281,9010979.0
2022-05-13,76.58475178,76.60150443,76.58475178,76.60150443,14920587.0
2022-05-16,76.5931281,76.5931281,76.58475178,76.5931281,2700385.0
2022-05-17,76.58475178,76.60150443,76.58475178,76.5931281,2456574.0
2022-05-18,76.5931281,76.60150443,76.58475178,76.5931281,4456327.0
2022-05-19,76.60150443,76.60988075,76.5931281,76.60988075,4009022.0
2022-05-20,76.60150443,76.60988075,76.5931281,76.60988075,3051648.0
2022-05-23,76.60150443,76.60988075,76.60150443,76.60988075,2073249.0
2022-05-24,76.60988075,76.60988075,76.60150443,76.60150443,3355304.0
2022-05-25,76.60150443,76.60988075,76.60150443,76.60988075,1700715.0
2022-05-26,76.60150443,76.62663341,76.60150443,76.62663341,3220490.0
2022-05-27,76.61825708,76.61825708,76.60150443,76.60988075,2958531.0
2022-05-31,76.61825708,76.61825708,76.59714874,76.60150443,19779318.0
2022-06-01,76.61937867,76.61937867,76.60102823,76.60262027,18526178.0
2022-06-02,76.61099947,76.61937867,76.60262027,76.61937867,1281963.0
2022-06-03,76.61099947,76.61937867,76.60262027,76.60262027,3103992.0
2022-06-06,76.61099947,76.61099947,76.60262027,76.61099947,1593377.0
2022-06-07,76.61099947,76.61937867,76.60262027,76.60262027,1682072.0
2022-06-08,76.61937867,76.61937867,76.61099947,76.61099947,2004563.0
2022-06-09,76.61937867,76.61937867,76.61099947,76.61937867,1762579.0
2022-06-10,76.61937867,76.61937867,76.60262027,76.60262027,7140378.0
2022-06-13,76.61099947,76.61259152,76.60262027,76.61099947,37231486.0
2022-06-14,76.60262027,76.60262027,76.59424108,76.60262027,8434316.0
2022-06-15,76.60262027,76.61099947,76.59424108,76.61099947,2895195.0
2022-06-16,76.61099947,76.62775786,76.60262027,76.62775786,5284129.0
2022-06-17,76.61937867,76.62775786,76.61937867,76.61937867,3422310.0
2022-06-21,76.62775786,76.63613706,76.61937867,76.63613706,5266288.0
2022-06-22,76.63613706,76.64451626,76.62775786,76.64451626,2871247.0
2022-06-23,76.64451626,76.64451626,76.63613706,76.64451626,4669524.0
2022-06-24,76.64451626,76.64451626,76.62775786,76.62775786,3544219.0
2022-06-27,76.63613706,76.63613706,76.62775786,76.62775786,7641929.0
2022-06-28,76.63613706,76.64451626,76.63613706,76.64451626,2885276.0
2022-06-29,76.62775786,76.65289546,76.62775786,76.65289546,1893586.0
2022-06-30,76.65289546,76.66127465,76.64451626,76.66127465,4423534.0
2022-07-01,76.65529243,76.66367647,76.63852435,76.65529243,35879424.0
2022-07-05,76.65529243,76.65529243,76.64690839,76.65529243,9036629.0
2022-07-06,76.65529243,76.65529243,76.64690839,76.65529243,3783225.0
2022-07-07,76.66367647,76.66367647,76.64690839,76.65529243,1840509.0
2022-07-08,76.65529243,76.65529243,76.64690839,76.64690839,1363881.0
2022-07-11,76.64690839,76.65529243,76.64690839,76.65529243,2316937.0
2022-07-12,76.65529243,76.65529243,76.64690839,76.64690839,15559677.0
2022-07-13,76.64690839,76.65529243,76.63014031,76.64690839,12606516.0
2022-07-14,76.63852435,76.65529243,76.63852435,76.65529243,5037654.0
2022-07-15,76.65529243,76.65529243,76.64690839,76.64690839,6939634.0
2022-07-18,76.64690839,76.65529243,76.63852435,76.64690839,3639676.0
2022-07-19,76.65529243,76.65529243,76.64690839,76.64690839,6771199.0
2022-07-20,76.65529243,76.66367647,76.64690839,76.64690839,4695792.0
2022-07-21,76.65529243,76.67206051,76.64690839,76.67206051,3627931.0
2022-07-22,76.67206051,76.68044456,76.66367647,76.68044456,3511348.0
2022-07-25,76.67206051,76.67206051,76.66367647,76.67206051,3172032.0
2022-07-26,76.67206051,76.67206051,76.66367647,76.67206051,1477242.0
2022-07-27,76.67206051,76.68044456,76.66367647,76.67206051,2611151.0
2022-07-28,76.68044456,76.6888286,76.68044456,76.68044456,7732607.0
2022-07-29,76.68044456,76.69721264,76.68044456,76.6888286,6626569.0
2022-08-01,76.68608141,76.70286725,76.68608141,76.69447433,10760712.0
2022-08-02,76.69447433,76.70286725,76.69447433,76.70286725,3115625.0
2022-08-03,76.71126016,76.71126016,76.69447433,76.69447433,4216611.0
2022-08-04,76.71965308,76.728046,76.71126016,76.71126016,6491003.0
2022-08-05,76.728046,76.728046,76.71965308,76.728046,1852722.0
2022-08-08,76.71965308,76.73643891,76.71965308,76.73643891,2745546.0
2022-08-09,76.71965308,76.73643891,76.71965308,76.728046,3834297.0
2022-08-10,76.728046,76.74483183,76.728046,76.73643891,3782254.0
2022-08-11,76.74483183,76.75322475,76.73643891,76.73643891,6543746.0
2022-08-12,76.74483183,76.75322475,76.74483183,76.75322475,2110862.0
2022-08-15,76.74483183,76.75322475,76.74483183,76.74483183,5605739.0
2022-08-16,76.76161766,76.76161766,76.75322475,76.75322475,4336346.0
2022-08-17,76.76161766,76.77001058,76.75322475,76.75322475,3673499.0
2022-08-18,76.7784035,76.78679641,76.77001058,76.78679641,2227933.0
2022-08-19,76.7784035,76.78679641,76.77001058,76.78679641,4136832.0
2022-08-22,76.7784035,76.79518933,76.7784035,76.79518933,5597719.0
2022-08-23,76.79518933,76.79518933,76.7784035,76.7784035,6860334.0
2022-08-24,76.79518933,76.80358225,76.78688034,76.80358225,2585844.0
2022-08-25,76.80358225,76.81197516,76.80358225,76.81197516,3997726.0
2022-08-26,76.80358225,76.82036808,76.80358225,76.81197516,5442884.0
2022-08-29,76.81197516,76.82036808,76.81197516,76.81197516,7337569.0
2022-08-30,76.82036808,76.83236995,76.81197516,76.82036808,32133202.0
2022-08-31,76.828761,76.83715392,76.82036808,76.83715392,9405195.0
2022-09-01,76.85267012,76.85267012,76.84426449,76.85267012,8175109.0
2022-09-02,76.85267012,76.86107575,76.84426449,76.86107575,5871715.0
2022-09-06,76.85267012,76.86107575,76.85267012,76.86107575,7990857.0
2022-09-07,76.85267012,76.86948138,76.85267012,76.86948138,5180702.0
2022-09-08,76.88629264,76.88629264,76.86948138,76.88629264,4564663.0
2022-09-09,76.87788701,76.88629264,76.87788701,76.88629264,1905251.0
2022-09-12,76.88629264,76.89469827,76.87788701,76.87788701,5377049.0
2022-09-13,76.87788701,76.89469827,76.87788701,76.89469827,6223350.0
2022-09-14,76.89469827,76.89469827,76.88629264,76.89469827,4226926.0
2022-09-15,76.9031039,76.91991516,76.9031039,76.91991516,5787069.0
2022-09-16,76.91991516,76.91991516,76.91150953,76.91991516,3512330.0
2022-09-19,76.91991516,76.92832079,76.91150953,76.91991516,5158070.0
2022-09-20,76.92832079,76.92832079,76.91150953,76.91150953,3792708.0
2022-09-21,76.91991516,76.93672642,76.91991516,76.92832079,3739967.0
2022-09-22,76.94513205,76.96194331,76.93672642,76.96194331,10975057.0
2022-09-23,76.95353768,76.96194331,76.94513205,76.96194331,15103284.0
2022-09-26,76.96194331,76.96194331,76.94513205,76.94513205,7695770.0
2022-09-27,76.96194331,76.97034894,76.96194331,76.97034894,5871149.0
2022-09-28,76.97034894,76.97875456,76.96194331,76.97875456,6710111.0
2022-09-29,76.99556582,76.99556582,76.98716019,76.99556582,5973287.0
2022-09-30,76.99556582,76.99556582,76.97875456,76.99556582,9858399.0
2022-10-03,77.00004805,77.00004805,76.97478833,76.97478833,7300909.0
2022-10-04,77.00004805,77.00004805,76.98320824,77.00004805,6583107.0
2022-10-05,77.00004805,77.00846796,76.99162815,77.00004805,6425861.0
2022-10-06,77.02530777,77.02530777,77.01688787,77.01688787,3415672.0
2022-10-07,77.02050843,77.02530777,77.01688787,77.01688787,5033711.0
2022-10-10,77.03372768,77.03372768,77.02530777,77.02530777,5591104.0
2022-10-11,77.02530777,77.03372768,77.02530777,77.02530777,7847118.0
2022-10-12,77.03372768,77.03372768,77.02530777,77.02530777,4389339.0
2022-10-13,77.04214759,77.05056749,77.04214759,77.05056749,5012885.0
2022-10-14,77.05056749,77.05056749,77.04214759,77.05056749,3124280.0
2022-10-17,77.0589874,77.0589874,77.05056749,77.05056749,6373192.0
2022-10-18,77.05056749,77.0589874,77.05056749,77.05056749,4985930.0
2022-10-19,77.0589874,77.0589874,77.05056749,77.05056749,4334648.0
2022-10-20,77.06740731,77.08424712,77.06740731,77.08424712,4561899.0
2022-10-21,77.08424712,77.09266703,77.07582721,77.09266703,4658633.0
2022-10-24,77.08424712,77.09266703,77.08424712,77.08424712,2286675.0
2022-10-25,77.08424712,77.10108694,77.08424712,77.08424712,7035322.0
2022-10-26,77.09266703,77.10108694,77.09266703,77.10108694,8138626.0
2022-10-27,77.11792675,77.12634666,77.10950684,77.12634666,4473955.0
2022-10-28,77.12634666,77.12634666,77.11380099,77.11792675,25494561.0
2022-10-31,77.12634666,77.13476656,77.11792675,77.11792675,6145771.0
2022-11-01,77.13717691,77.14114326,77.1242652,77.1242652,6054480.0
2022-11-02,77.14536277,77.14958228,77.14114326,77.14958228,3272726.0
2022-11-03,77.16646034,77.17489936,77.15802131,77.17489936,8957807.0
2022-11-04,77.18333839,77.19177742,77.17489936,77.19177742,9427707.0
2022-11-07,77.19177742,77.19177742,77.18333839,77.18333839,6503873.0
2022-11-08,77.19177742,77.20021644,77.19177742,77.19177742,5842979.0
2022-11-09,77.22131401,77.23397255,77.2170945,77.23397255,3602526.0
2022-11-10,77.23397255,77.24241158,77.23397255,77.24241158,5835670.0
2022-11-11,77.23819206,77.24241158,77.23397255,77.23397255,6645404.0
2022-11-14,77.2508506,77.2508506,77.23397255,77.23397255,10435379.0
2022-11-15,77.2508506,77.2508506,77.24241158,77.2508506,9800775.0
2022-11-16,77.2508506,77.25928963,77.2508506,77.25928963,7824129.0
2022-11-17,77.27616768,77.28460671,77.27616768,77.28460671,4772984.0
2022-11-18,77.27616768,77.28460671,77.27616768,77.28460671,7062934.0
2022-11-21,77.29304574,77.29304574,77.28460671,77.29304574,3437283.0
2022-11-22,77.29304574,77.30992379,77.29304574,77.30992379,5261176.0
2022-11-23,77.31836282,77.33524087,77.31836282,77.32680184,4144440.0
2022-11-25,77.33524087,77.33524087,77.32680184,77.32680184,2543090.0
2022-11-28,77.33524087,77.3436799,77.33524087,77.33524087,4456155.0
2022-11-29,77.35211893,77.36055795,77.3436799,77.36055795,3754663.0
2022-11-30,77.35296283,77.36055795,77.35211893,77.36055795,5418275.0
2022-12-01,77.37773849,77.38620155,77.37773849,77.37773849,10968003.0
2022-12-02,77.39466461,77.39466461,77.38620155,77.38620155,10316345.0
2022-12-05,77.39466461,77.40312767,77.39466461,77.39466461,8943739.0
2022-12-06,77.41159073,77.42005378,77.40312767,77.42005378,9646932.0
2022-12-07,77.42851684,77.4369799,77.42005378,77.42005378,9798553.0
2022-12-08,77.44544296,77.47083213,77.44544296,77.47083213,3855858.0
2022-12-09,77.46236907,77.47083213,77.46236907,77.46236907,7718939.0
2022-12-12,77.47929519,77.47929519,77.47083213,77.47083213,4383623.0
2022-12-13,77.47929519,77.48775825,77.47083213,77.47083213,6645767.0
2022-12-14,77.48775825,77.4962213,77.47083213,77.4962213,6898429.0
2022-12-15,77.50468436,77.51314742,77.50468436,77.51314742,7772108.0
2022-12-16,77.52161048,77.52161048,77.51314742,77.51314742,4121690.0
2022-12-19,77.53119978,77.53119978,77.52271158,77.52271158,8627050.0
2022-12-20,77.53968798,77.53968798,77.53119978,77.53119978,5204285.0
2022-12-21,77.54817617,77.54817617,77.53968798,77.53968798,6471770.0
2022-12-22,77.57364077,77.59061716,77.57364077,77.59061716,6594154.0
2022-12-23,77.58212897,77.59061716,77.58212897,77.59061716,3683089.0
2022-12-27,77.59061716,77.59910536,77.59061716,77.59061716,4267948.0
2022-12-28,77.61608176,77.61608176,77.59910536,77.61608176,4123246.0
2022-12-29,77.64154635,77.65003455,77.64154635,77.65003455,5637384.0
2022-12-30,77.64154635,77.64154635,77.63305815,77.64154635,6536978.0
2023-01-03,77.65003455,77.65003455,77.64154635,77.65003455,12503054.0
2023-01-04,77.65003455,77.65852275,77.64154635,77.64154635,9074489.0
2023-01-05,77.66701095,77.67549914,77.65852275,77.66701095,6454130.0
2023-01-06,77.66701095,77.67549914,77.65852275,77.65852275,4623537.0
2023-01-09,77.66701095,77.67549914,77.66701095,77.67549914,9734546.0
2023-01-10,77.67549914,77.68398734,77.66701095,77.66701095,5606657.0
2023-01-11,77.67549914,77.68398734,77.66701095,77.66701095,8601349.0
2023-01-12,77.71794013,77.72642833,77.71794013,77.72642833,8086875.0
2023-01-13,77.72642833,77.73491653,77.72642833,77.73491653,5501731.0
2023-01-17,77.73491653,77.74340473,77.73491653,77.73491653,9495439.0
2023-01-18,77.74340473,77.75189292,77.74340473,77.74340473,4944801.0
2023-01-19,77.76886932,77.77735752,77.76886932,77.77735752,6491335.0
2023-01-20,77.78584572,77.78584572,77.77735752,77.78584572,4532379.0
2023-01-23,77.79433391,77.79433391,77.78584572,77.78584572,9166448.0
2023-01-24,77.80282211,77.80282211,77.79433391,77.79433391,5073702.0
2023-01-25,77.81131031,77.81979851,77.80282211,77.80282211,7570284.0
2023-01-26,77.8367749,77.8452631,77.8367749,77.8452631,5116540.0
2023-01-27,77.8537513,77.8537513,77.8452631,77.8537513,5232054.0
2023-01-30,77.8537513,77.8622395,77.8537513,77.8537513,4281510.0
2023-01-31,77.8622395,77.8707277,77.8622395,77.8622395,7362580.0
2023-02-01,77.88438574,77.88438574,77.86734694,77.86734694,9423976.0
2023-02-02,77.90142455,77.90994395,77.90142455,77.90142455,11984466.0
2023-02-03,77.91846336,77.91846336,77.90994395,77.91846336,8934696.0
2023-02-06,77.92698276,77.92698276,77.91846336,77.92698276,5928213.0
2023-02-07,77.93550216,77.93550216,77.92698276,77.93550216,4283241.0
2023-02-08,77.94402157,77.94402157,77.93550216,77.93550216,4101519.0
2023-02-09,77.96106037,77.96957978,77.96106037,77.96106037,4909424.0
2023-02-10,77.96957978,77.97809918,77.96957978,77.96957978,4580836.0
2023-02-13,77.98661858,77.98661858,77.97809918,77.98661858,8903955.0
2023-02-14,77.98661858,77.99513799,77.98661858,77.98661858,4056633.0
2023-02-15,78.00365739,78.00365739,77.99513799,78.00365739,4897020.0
2023-02-16,78.04625441,78.04625441,78.037735,78.04625441,5556380.0
2023-02-17,78.05477381,78.05477381,78.04625441,78.05477381,4398602.0
2023-02-21,78.06329321,78.06755292,78.05477381,78.05477381,17021270.0
2023-02-22,78.06329321,78.08033202,78.06329321,78.08033202,18697179.0
2023-02-23,78.10589023,78.10589023,78.09737083,78.10589023,4863169.0
2023-02-24,78.11440963,78.11440963,78.10589023,78.11440963,7735469.0
2023-02-27,78.11440963,78.12292904,78.11440963,78.12292904,7477368.0
2023-02-28,78.13144844,78.13144844,78.12292904,78.13144844,8086877.0
2023-03-01,78.14450581,78.14450581,78.13596262,78.13596262,11005645.0
2023-03-02,78.17013536,78.17013536,78.16159217,78.16159217,9639282.0
2023-03-03,78.17013536,78.17867854,78.17013536,78.17867854,7068260.0
2023-03-06,78.18722173,78.18722173,78.17867854,78.18722173,6131236.0
2023-03-07,78.19576491,78.2043081,78.18722173,78.18722173,4330695.0
2023-03-08,78.2043081,78.2043081,78.19576491,78.2043081,8207040.0
2023-03-09,78.22139446,78.22993765,78.22139446,78.22139446,6450460.0
2023-03-10,78.23848083,78.24702402,78.23848083,78.23848083,13475706.0
2023-03-13,78.28119675,78.28119675,78.2555672,78.2555672,21685163.0
2023-03-14,78.27265357,78.28119675,78.26411038,78.26411038,35715154.0
2023-03-15,78.29828312,78.30682631,78.28973994,78.30682631,11411672.0
2023-03-16,78.33245586,78.34099904,78.33245586,78.34099904,9346998.0
2023-03-17,78.33245586,78.35808541,78.33245586,78.35808541,8580305.0
2023-03-20,78.35808541,78.36662859,78.34954223,78.36662859,8169649.0
2023-03-21,78.35808541,78.37517178,78.35808541,78.36662859,7888533.0
2023-03-22,78.37517178,78.38371496,78.37517178,78.38371496,8202639.0
2023-03-23,78.40080133,78.4178877,78.40080133,78.4178877,5769458.0
2023-03-24,78.42643088,78.43497407,78.4178877,78.43497407,7399618.0
2023-03-27,78.42643088,78.43497407,78.42643088,78.42643088,6188622.0
2023-03-28,78.44351725,78.45206044,78.44351725,78.44351725,6215010.0
2023-03-29,78.44351725,78.46060362,78.44351725,78.44351725,4705650.0
2023-03-30,78.46060362,78.46914681,78.44351725,78.46060362,9284749.0
2023-03-31,78.46060362,78.46060362,78.44351725,78.44351725,11615498.0
2023-04-03,78.47101039,78.47101039,78.46243244,78.46243244,12448638.0
2023-04-04,78.47101039,78.47958833,78.47101039,78.47101039,10265808.0
2023-04-05,78.51390009,78.52247804,78.51390009,78.51390009,6913877.0
2023-04-06,78.53105598,78.53105598,78.52247804,78.52247804,4941406.0
2023-04-10,78.53963392,78.53963392,78.53105598,78.53105598,5741944.0
2023-04-11,78.53963392,78.54821186,78.53963392,78.53963392,7722550.0
2023-04-12,78.5567898,78.56536774,78.54821186,78.5567898,8786248.0
2023-04-13,78.59110157,78.59967951,78.59110157,78.59967951,8673892.0
2023-04-14,78.59967951,78.60825745,78.59110157,78.59967951,9391111.0
2023-04-17,78.60825745,78.61683539,78.60825745,78.61683539,5173786.0
2023-04-18,78.61683539,78.63399128,78.61683539,78.62541334,4540656.0
2023-04-19,78.64256922,78.64256922,78.63399128,78.63399128,5901933.0
2023-04-20,78.67688099,78.69403687,78.66830304,78.69403687,6034406.0
2023-04-21,78.68545893,78.68545893,78.67688099,78.68545893,5880897.0
2023-04-24,78.70261481,78.70261481,78.68545893,78.69403687,8195934.0
2023-04-25,78.69403687,78.70261481,78.68545893,78.68545893,4222514.0
2023-04-26,78.69403687,78.70261481,78.69403687,78.70261481,7365235.0
2023-04-27,78.72834864,78.73692658,78.71977069,78.72834864,5585429.0
2023-04-28,78.71977069,78.72834864,78.71977069,78.72834864,6539074.0
2023-05-01,78.73967629,78.74828737,78.73106522,78.73106522,11273342.0
2023-05-02,78.73967629,78.73967629,78.71384307,78.71384307,5495889.0
2023-05-03,78.73106522,78.73106522,78.72245414,78.72245414,5533058.0
2023-05-04,78.75689845,78.75689845,78.73967629,78.74828737,8052718.0
2023-05-05,78.76550952,78.78273167,78.75689845,78.76550952,7170198.0
2023-05-08,78.7741206,78.78273167,78.7741206,78.7741206,5508603.0
2023-05-09,78.79134275,78.79134275,78.78273167,78.78273167,6850301.0
2023-05-10,78.79995382,78.8085649,78.79134275,78.79134275,4831812.0
2023-05-11,78.8430092,78.85162028,78.83439813,78.8430092,6159808.0
2023-05-12,78.86023135,78.86023135,78.85162028,78.86023135,4328558.0
2023-05-15,78.86023135,78.86884243,78.86023135,78.86884243,4056073.0
2023-05-16,78.86884243,78.87745351,78.86023135,78.86023135,8530375.0
2023-05-17,78.87745351,78.88606458,78.87745351,78.87745351,5415399.0
2023-05-18,78.91189781,78.92050888,78.90328673,78.92050888,6433957.0
2023-05-19,78.92911996,78.92911996,78.91189781,78.92050888,6447435.0
2023-05-22,78.92911996,78.92911996,78.92050888,78.92911996,8404900.0
2023-05-23,78.92911996,78.93773104,78.92911996,78.92911996,5050528.0
2023-05-24,78.93773104,78.94634211,78.92911996,78.92911996,4762054.0
2023-05-25,78.98939749,78.98939749,78.98078641,78.98078641,5264007.0
2023-05-26,79.00661964,79.01523072,78.99800857,78.99800857,5923209.0
2023-05-30,79.01523072,79.02384179,79.00661964,79.00661964,11529270.0
2023-05-31,79.02384179,79.03245287,79.02384179,79.02384179,9807373.0
2023-06-01,79.0676773,79.0676773,79.0590313,79.0676773,10700452.0
2023-06-02,79.0763233,79.0763233,79.0590313,79.0763233,10257549.0
2023-06-05,79.0849693,79.0849693,79.0676773,79.0763233,10103633.0
2023-06-06,79.0936153,79.1022613,79.0849693,79.0936153,6120926.0
2023-06-07,79.1022613,79.1195533,79.1022613,79.1022613,6483083.0
2023-06-08,79.13684531,79.14549131,79.13684531,79.14549131,8802012.0
2023-06-09,79.14549131,79.15413731,79.14549131,79.15413731,6456740.0
2023-06-12,79.16278331,79.17142931,79.16278331,79.16278331,3781329.0
2023-06-13,79.17142931,79.18007531,79.17142931,79.18007531,6784247.0
2023-06-14,79.18872131,79.19736731,79.18007531,79.19736731,5756288.0
2023-06-15,79.23195131,79.24059732,79.23195131,79.23195131,9827278.0
2023-06-16,79.24924332,79.24924332,79.24059732,79.24059732,4765337.0
2023-06-20,79.24924332,79.25788932,79.24924332,79.25788932,6174256.0
2023-06-21,79.26653532,79.27518132,79.25788932,79.25788932,4945331.0
2023-06-22,79.29247332,79.30111932,79.29247332,79.29247332,4704645.0
2023-06-23,79.30111932,79.30976532,79.30111932,79.30111932,3851471.0
2023-06-26,79.31841132,79.32705732,79.30976532,79.30976532,7241346.0
2023-06-27,79.32705732,79.33570332,79.32705732,79.32705732,5476342.0
2023-06-28,79.34434932,79.34434932,79.33570332,79.33570332,4486792.0
2023-06-29,79.37028733,79.37893333,79.36164133,79.36164133,5728011.0
2023-06-30,79.38757933,79.39622533,79.38757933,79.38757933,8054807.0
2023-07-03,79.39868992,79.40737117,79.39868992,79.40737117,7158185.0
2023-07-05,79.41605242,79.42473366,79.40737117,79.41605242,7987862.0
2023-07-06,79.44209616,79.45077741,79.44209616,79.44209616,7569955.0
2023-07-07,79.45077741,79.45945865,79.45077741,79.45077741,6490997.0
2023-07-10,79.45945865,79.4681399,79.45945865,79.4681399,4185982.0
2023-07-11,79.47682115,79.4855024,79.47682115,79.47682115,5569134.0
2023-07-12,79.4855024,79.49418364,79.4855024,79.49418364,7188077.0
2023-07-13,79.52022739,79.52890863,79.52022739,79.52890863,5902610.0
2023-07-14,79.52890863,79.53758988,79.52890863,79.53758988,6505849.0
2023-07-17,79.54627113,79.54627113,79.53758988,79.54627113,3932615.0
2023-07-18,79.55495238,79.55495238,79.54627113,79.54627113,4791005.0
2023-07-19,79.56363362,79.57231487,79.56363362,79.56363362,5132137.0
2023-07-20,79.59835861,79.60703986,79.58967737,79.60703986,5047573.0
2023-07-21,79.60703986,79.61572111,79.60703986,79.60703986,4087140.0
2023-07-24,79.61572111,79.62440236,79.61572111,79.61572111,3752360.0
2023-07-25,79.6330836,79.6330836,79.62440236,79.62440236,4170511.0
2023-07-26,79.64176485,79.64176485,79.6330836,79.6330836,4699978.0
2023-07-27,79.66780859,79.67648984,79.66780859,79.67648984,4727801.0
2023-07-28,79.68517109,79.69385234,79.68517109,79.68517109,3714538.0
2023-07-31,79.69385234,79.70253358,79.69385234,79.69385234,6722741.0
2023-08-01,79.71451783,79.71451783,79.70579919,79.71451783,13371033.0
2023-08-02,79.72323647,79.72323647,79.71451783,79.72323647,8217435.0
2023-08-03,79.75811103,79.75811103,79.74939239,79.75811103,5729211.0
2023-08-04,79.76682967,79.77554831,79.76682967,79.77554831,6200044.0
2023-08-07,79.78426694,79.78426694,79.77554831,79.77554831,5977994.0
2023-08-08,79.79298558,79.79298558,79.78426694,79.79298558,6517873.0
2023-08-09,79.80170422,79.81042286,79.80170422,79.80170422,4293045.0
2023-08-10,79.82786014,79.84529742,79.82786014,79.84529742,5120647.0
2023-08-11,79.84529742,79.85401606,79.84529742,79.85401606,3669147.0
2023-08-14,79.85401606,79.8627347,79.85401606,79.8627347,6596068.0
2023-08-15,79.8627347,79.87145334,79.8627347,79.87145334,4853142.0
2023-08-16,79.88017198,79.88889061,79.88017198,79.88889061,7890326.0
2023-08-17,79.91504653,79.92376517,79.91504653,79.92376517,5621651.0
2023-08-18,79.93248381,79.93248381,79.92376517,79.93248381,6774433.0
2023-08-21,79.94120245,79.94120245,79.93248381,79.94120245,5959691.0
2023-08-22,79.95863973,79.95863973,79.94992109,79.94992109,5790320.0
2023-08-23,79.95863973,79.96735837,79.95863973,79.96735837,9529319.0
2023-08-24,79.99351428,80.00223292,79.99351428,79.99351428,6746698.0
2023-08-25,80.00223292,80.01095156,80.00223292,80.01095156,4882975.0
2023-08-28,80.0196702,80.02838884,80.0196702,80.02838884,4264068.0
2023-08-29,80.03710748,80.03710748,80.0196702,80.0196702,9168234.0
2023-08-30,80.03710748,80.04582612,80.02838884,80.03710748,6427024.0
2023-08-31,80.08070068,80.08941931,80.08070068,80.08941931,7771549.0
2023-09-01,80.10141371,80.10228943,80.09353221,80.10228943,21540522.0
2023-09-05,80.11892815,80.11980387,80.11104665,80.11980387,8316301.0
2023-09-06,80.12856109,80.12856109,80.11980387,80.11980387,6524802.0
2023-09-07,80.15483275,80.16358997,80.15483275,80.16358997,6808090.0
2023-09-08,80.16358997,80.17234719,80.16358997,80.17234719,6420359.0
2023-09-11,80.18986163,80.18986163,80.17234719,80.17234719,8027074.0
2023-09-12,80.18986163,80.19861885,80.18986163,80.19861885,9948398.0
2023-09-13,80.19861885,80.20737607,80.19861885,80.20737607,4696195.0
2023-09-14,80.23364773,80.24240495,80.23364773,80.23364773,4214826.0
2023-09-15,80.25116217,80.25116217,80.24240495,80.25116217,4688759.0
2023-09-18,80.26867661,80.26867661,80.25991939,80.25991939,7376159.0
2023-09-19,80.26867661,80.27743383,80.26867661,80.26867661,4357493.0
2023-09-20,80.27743383,80.28619105,80.27743383,80.27743383,5946196.0
2023-09-21,80.31246271,80.32121993,80.31246271,80.32121993,7526646.0
2023-09-22,80.32997715,80.33873437,80.32997715,80.32997715,15684404.0
2023-09-25,80.34749159,80.34749159,80.33873437,80.33873437,7491954.0
2023-09-26,80.34749159,80.35624881,80.34749159,80.34749159,7130600.0
2023-09-27,80.37376325,80.37376325,80.35624881,80.37376325,7669707.0
2023-09-28,80.39127769,80.40879212,80.39127769,80.4000349,8426352.0
2023-09-29,80.40879212,80.41754934,80.40879212,80.40879212,9081532.0
2023-10-02,80.43016383,80.43016383,80.42136884,80.42136884,22550368.0
2023-10-03,80.43895882,80.43895882,80.43016383,80.43895882,10648812.0
2023-10-04,80.43895882,80.44775381,80.43895882,80.44775381,26575749.0
2023-10-05,80.49172875,80.50052373,80.49172875,80.50052373,8295301.0
2023-10-06,80.50931872,80.50931872,80.50052373,80.50052373,9856139.0
2023-10-09,80.50931872,80.51811371,80.50052373,80.50931872,5972285.0
2023-10-10,80.51811371,80.5269087,80.50931872,80.50931872,8463658.0
2023-10-11,80.51811371,80.5269087,80.51811371,80.5269087,6839359.0
2023-10-12,80.56208865,80.56208865,80.55329366,80.56208865,7528682.0
2023-10-13,80.57088364,80.57967863,80.57088364,80.57967863,15044288.0
2023-10-16,80.5972686,80.5972686,80.57967863,80.58847361,8181787.0
2023-10-17,80.5972686,80.60606359,80.5972686,80.5972686,5363207.0
2023-10-18,80.60606359,80.61485858,80.60606359,80.60606359,6069544.0
2023-10-19,80.64124354,80.65003853,80.64124354,80.64124354,4551547.0
2023-10-20,80.65883352,80.65883352,80.65003853,80.65883352,4887085.0
2023-10-23,80.67642349,80.67642349,80.6676285,80.6676285,14352697.0
2023-10-24,80.68521848,80.68521848,80.67642349,80.67642349,12544151.0
2023-10-25,80.69401347,80.69401347,80.68521848,80.68521848,12375965.0
2023-10-26,80.72919342,80.72919342,80.72039843,80.72039843,9919980.0
2023-10-27,80.73798841,80.75557838,80.73798841,80.74678339,28351222.0
2023-10-30,80.74678339,80.75557838,80.74678339,80.75557838,25136882.0
2023-10-31,80.75557838,80.76437337,80.75557838,80.75557838,16748409.0
2023-11-01,80.78003706,80.78003706,80.77120284,80.78003706,25791850.0
2023-11-02,80.80742311,80.8153739,80.80653969,80.80653969,11970792.0
2023-11-03,80.8153739,80.82420812,80.8153739,80.8153739,13721127.0
2023-11-06,80.82862522,80.83304233,80.82420812,80.82420812,28039215.0
2023-11-07,80.84187654,80.85071075,80.84187654,80.84187654,6950988.0
2023-11-08,80.85512786,80.85954497,80.85071075,80.85071075,9180829.0
2023-11-09,80.8860476,80.89488182,80.8860476,80.89488182,11886828.0
2023-11-10,80.90371603,80.91255024,80.90371603,80.90371603,5574226.0
2023-11-13,80.91255024,80.92138445,80.91255024,80.91255024,6166730.0
2023-11-14,80.92138445,80.93021866,80.92138445,80.92138445,11126530.0
2023-11-15,80.94788709,80.94788709,80.93905288,80.93905288,10552705.0
2023-11-16,80.97438973,80.98322394,80.97438973,80.97438973,7802852.0
2023-11-17,80.98322394,80.99205815,80.98322394,80.99205815,6794144.0
2023-11-20,80.99647526,81.00089236,80.99205815,80.99205815,8516563.0
2023-11-21,81.027395,81.027395,81.01856079,81.01856079,13067070.0
2023-11-22,81.06273185,81.06273185,81.05389764,81.05389764,7628016.0
2023-11-24,81.06273185,81.07156606,81.06273185,81.06273185,2838982.0
2023-11-27,81.07156606,81.08040027,81.07156606,81.07156606,9166036.0
2023-11-28,81.08923449,81.0980687,81.08923449,81.08923449,7244736.0
2023-11-29,81.0980687,81.10690291,81.0980687,81.0980687,6942212.0
2023-11-30,81.13340555,81.14223976,81.13340555,81.13340555,18629938.0
2023-12-01,81.15928305,81.15928305,81.15040833,81.15040833,21247844.0
2023-12-04,81.15928305,81.16815776,81.15040833,81.15040833,15502991.0
2023-12-05,81.17703248,81.17703248,81.16815776,81.16815776,6463431.0
2023-12-06,81.17703248,81.1859072,81.17703248,81.17703248,6941736.0
2023-12-07,81.21253135,81.22140606,81.21253135,81.21253135,7369288.0
2023-12-08,81.23028078,81.2391555,81.23028078,81.23028078,5730106.0
2023-12-11,81.24803021,81.24803021,81.2391555,81.24803021,5613480.0
2023-12-12,81.25690493,81.25690493,81.24803021,81.24803021,7885886.0
2023-12-13,81.25690493,81.26577965,81.25690493,81.25690493,6781752.0
2023-12-14,81.2924038,81.30127851,81.2924038,81.2924038,13475435.0
2023-12-15,81.31015323,81.31902795,81.31015323,81.31902795,6917564.0
2023-12-18,81.32914689,81.32914689,81.32023117,81.32914689,8910931.0
2023-12-19,81.33360475,81.34252046,81.32914689,81.32914689,6977328.0
2023-12-20,81.34697832,81.35589403,81.34697832,81.34697832,8098694.0
2023-12-21,81.39155689,81.4004726,81.39155689,81.4004726,5055220.0
2023-12-22,81.4004726,81.40938832,81.4004726,81.40938832,7471575.0
2023-12-26,81.42721975,81.42721975,81.41830403,81.42721975,4638805.0
2023-12-27,81.42721975,81.43613546,81.42721975,81.42721975,4717657.0
2023-12-28,81.47179832,81.48071403,81.47179832,81.48071403,5605061.0
2023-12-29,81.48962975,81.48962975,81.48071403,81.48071403,5588567.0
2024-01-02,81.48962975,81.49854546,81.48962975,81.48962975,9445457.0
2024-01-03,81.49854546,81.51637689,81.49854546,81.51637689,6793453.0
2024-01-04,81.54312403,81.55203975,81.54312403,81.54312403,5840204.0
2024-01-05,81.56095546,81.56095546,81.55203975,81.55203975,4991770.0
2024-01-08,81.56095546,81.56987118,81.56095546,81.56095546,4889873.0
2024-01-09,81.57432903,81.57878689,81.56987118,81.56987118,5080805.0
2024-01-10,81.58770261,81.59661832,81.58770261,81.58770261,8798589.0
2024-01-11,81.63228118,81.64119689,81.63228118,81.63228118,5947134.0
2024-01-12,81.64119689,81.65011261,81.64119689,81.65011261,5049228.0
2024-01-16,81.65902832,81.66794404,81.65902832,81.65902832,6485231.0
2024-01-17,81.66794404,81.67685975,81.66794404,81.67685975,5915682.0
2024-01-18,81.70360689,81.71252261,81.70360689,81.71252261,5270513.0
2024-01-19,81.72143832,81.72143832,81.71252261,81.72143832,5444552.0
2024-01-22,81.73035404,81.73926975,81.73035404,81.73035404,6114020.0
2024-01-23,81.73926975,81.74818547,81.73926975,81.73926975,4961785.0
2024-01-24,81.74907704,81.75710118,81.74818547,81.74818547,6486095.0
2024-01-25,81.79276404,81.79276404,81.78384832,81.79276404,6059517.0
2024-01-26,81.80167975,81.80167975,81.79276404,81.80167975,5612929.0
2024-01-29,81.81059547,81.81951118,81.81059547,81.81059547,5646110.0
2024-01-30,81.81951118,81.8284269,81.81951118,81.81951118,30704159.0
2024-01-31,81.83288475,81.83734261,81.8284269,81.8284269,10964444.0
2024-02-01,81.86994527,81.87890064,81.86994527,81.86994527,14759198.0
2024-02-02,81.887856,81.887856,81.87890064,81.887856,8157678.0
2024-02-05,81.89681137,81.89681137,81.887856,81.887856,6923421.0
2024-02-06,81.90576673,81.90576673,81.89681137,81.90576673,5037906.0
2024-02-07,81.92367746,81.92367746,81.9147221,81.9147221,8475361.0
2024-02-08,81.95949892,81.95949892,81.95054356,81.95054356,5406347.0
2024-02-09,81.95949892,81.96845428,81.95949892,81.95949892,5087015.0
2024-02-12,81.97740965,81.97740965,81.96845428,81.97740965,7216834.0
2024-02-13,81.97740965,81.98636501,81.97740965,81.97740965,7655093.0
2024-02-14,81.99532038,82.00427574,81.99532038,81.99532038,6028047.0
2024-02-15,82.04905257,82.04905257,82.0400972,82.0400972,4800582.0
2024-02-16,82.04905257,82.05800793,82.04905257,82.05800793,6052632.0
2024-02-20,82.07591866,82.07591866,82.0669633,82.0669633,4841054.0
2024-02-21,82.07591866,82.08487403,82.07591866,82.07591866,5167987.0
2024-02-22,82.11174012,82.12069549,82.11174012,82.12069549,7474034.0
2024-02-23,82.12069549,82.12965085,82.12069549,82.12965085,5608617.0
2024-02-26,82.13412853,82.13860622,82.12965085,82.12965085,4644794.0
2024-02-27,82.14756158,82.15651695,82.14756158,82.14756158,6027487.0
2024-02-28,82.15651695,82.16547231,82.15651695,82.15651695,3917619.0
2024-02-29,82.19233841,82.20129377,82.19233841,82.19233841,13028942.0
2024-03-01,82.20593295,82.2149231,82.20593295,82.2149231,13095372.0
2024-03-04,82.21941818,82.22391325,82.2149231,82.22391325,8628321.0
2024-03-05,82.2329034,82.2329034,82.22391325,82.22391325,10329533.0
2024-03-06,82.2508837,82.2508837,82.24189355,82.24189355,6751956.0
2024-03-07,82.2868443,82.2868443,82.27785415,82.27785415,4388642.0
2024-03-08,82.2868443,82.29583445,82.2868443,82.2868443,4298947.0
2024-03-11,82.3048246,82.3048246,82.29583445,82.29583445,5117938.0
2024-03-12,82.31381475,82.3228049,82.31381475,82.3228049,4136599.0
2024-03-13,82.33179505,82.33179505,82.3228049,82.3228049,4478385.0
2024-03-14,82.3587655,82.36775565,82.3587655,82.3587655,4602968.0
2024-03-15,82.3767458,82.3767458,82.36775565,82.3767458,4445587.0
2024-03-18,82.38573595,82.38573595,82.3767458,82.38573595,5594431.0
2024-03-19,82.3947261,82.40371625,82.3947261,82.40371625,5681897.0
2024-03-20,82.40371625,82.4127064,82.40371625,82.4127064,4398241.0
2024-03-21,82.43967686,82.44866701,82.43967686,82.43967686,7534914.0
2024-03-22,82.44866701,82.45765716,82.44866701,82.44866701,4686398.0
2024-03-25,82.47563746,82.47563746,82.46664731,82.46664731,4049959.0
2024-03-26,82.47563746,82.48462761,82.47563746,82.47563746,4275961.0
2024-03-27,82.52058821,82.52957836,82.52058821,82.52957836,5350734.0
2024-03-28,82.52957836,82.53856851,82.52957836,82.52957836,10199202.0
2024-04-01,82.55190584,82.5609358,82.55190584,82.55190584,14208235.0
2024-04-02,82.56545078,82.56996577,82.5609358,82.56996577,8902535.0
2024-04-03,82.57899573,82.57899573,82.56996577,82.56996577,8433880.0
2024-04-04,82.60608561,82.61511557,82.60608561,82.60608561,6620414.0
2024-04-05,82.62414553,82.62414553,82.61511557,82.62414553,5463180.0
2024-04-08,82.63769047,82.64220546,82.63317549,82.63317549,4983819.0
2024-04-09,82.64220546,82.65123542,82.64220546,82.64220546,5578078.0
2024-04-10,82.65123542,82.66026538,82.65123542,82.66026538,4799657.0
2024-04-11,82.68735526,82.69638522,82.68735526,82.68735526,5081524.0
2024-04-12,82.69638522,82.70541518,82.69638522,82.69638522,7030175.0
2024-04-15,82.70541518,82.71444515,82.70541518,82.71444515,7376723.0
2024-04-16,82.73250507,82.73250507,82.72347511,82.72347511,8427001.0
2024-04-17,82.74153503,82.74153503,82.73250507,82.73250507,10975341.0
2024-04-18,82.76862491,82.77765487,82.76862491,82.77765487,7379151.0
2024-04-19,82.78668484,82.78668484,82.77765487,82.78668484,6855085.0
2024-04-22,82.80022978,82.80474476,82.7957148,82.80474476,6628445.0
2024-04-23,82.81377472,82.81377472,82.80474476,82.81377472,5991946.0
2024-04-24,82.81377472,82.82280468,82.81377472,82.81377472,7103529.0
2024-04-25,82.85892453,82.85892453,82.84989456,82.85892453,5351054.0
2024-04-26,82.86795449,82.86795449,82.85892453,82.85892453,6842826.0
2024-04-29,82.87698445,82.88601441,82.87698445,82.87698445,7880036.0
2024-04-30,82.88601441,82.89504437,82.88601441,82.88601441,13723641.0
2024-05-01,82.90645436,82.91098848,82.90192024,82.90192024,13814723.0
2024-05-02,82.94726148,82.94726148,82.93819323,82.94726148,8928181.0
2024-05-03,82.95632972,82.95632972,82.94726148,82.95632972,7417903.0
2024-05-06,82.96539797,82.96539797,82.95632972,82.95632972,8050964.0
2024-05-07,82.97446622,82.97446622,82.96539797,82.96539797,5471718.0
2024-05-08,82.98353447,82.99260271,82.98353447,82.98353447,4992461.0
2024-05-09,83.01980746,83.0288757,83.01980746,83.0288757,5300426.0
2024-05-10,83.0288757,83.03794395,83.0288757,83.0288757,4157590.0
2024-05-13,83.03794395,83.0470122,83.03794395,83.0470122,4583692.0
2024-05-14,83.0651487,83.0651487,83.05608045,83.05608045,6834419.0
2024-05-15,83.07421694,83.07421694,83.0651487,83.0651487,6416111.0
2024-05-16,83.11048993,83.11048993,83.10142169,83.10142169,8627377.0
2024-05-17,83.11955818,83.11955818,83.11048993,83.11048993,4260460.0
2024-05-20,83.12862643,83.13769468,83.12862643,83.12862643,4460536.0
2024-05-21,83.14676292,83.14676292,83.13769468,83.13769468,3358350.0
2024-05-22,83.15583117,83.16489942,83.14676292,83.15583117,5629592.0
2024-05-23,83.20117241,83.21024066,83.20117241,83.21024066,5209963.0
2024-05-24,83.21024066,83.21930891,83.21024066,83.21930891,4187414.0
2024-05-28,83.21024066,83.21930891,83.21024066,83.21024066,4940918.0
2024-05-29,83.21930891,83.22837715,83.21930891,83.22837715,4961205.0
2024-05-30,83.2374454,83.24651365,83.2374454,83.24651365,5727284.0
2024-05-31,83.26465014,83.27371839,83.26465014,83.26465014,12454843.0
2024-06-03,83.29565361,83.29656445,83.2783476,83.2783476,15275151.0
2024-06-04,83.29201024,83.30567288,83.28745602,83.29656445,8302257.0
2024-06-05,83.3147813,83.3147813,83.30567288,83.30567288,8099310.0
2024-06-06,83.32388973,83.32388973,83.3147813,83.3147813,4720806.0
2024-06-07,83.35121501,83.36032344,83.35121501,83.35121501,5032614.0
2024-06-10,83.36032344,83.36943187,83.36032344,83.36943187,4095844.0
2024-06-11,83.38764872,83.38764872,83.37854029,83.37854029,4831680.0
2024-06-12,83.39675715,83.39675715,83.38764872,83.39675715,6373619.0
2024-06-13,83.414974,83.414974,83.40586557,83.40586557,5132557.0
2024-06-14,83.43319086,83.45140771,83.43319086,83.45140771,5226529.0
2024-06-17,83.46051614,83.46051614,83.45140771,83.46051614,5333222.0
2024-06-18,83.46962456,83.47873299,83.46962456,83.47873299,6273184.0
2024-06-20,83.48784142,83.49694984,83.48784142,83.49694984,5238822.0
2024-06-21,83.52427512,83.53338355,83.52427512,83.52427512,5431875.0
2024-06-24,83.54249198,83.54249198,83.53338355,83.54249198,5280395.0
2024-06-25,83.55160041,83.56070883,83.54249198,83.54249198,3547887.0
2024-06-26,83.55160041,83.56070883,83.55160041,83.55160041,4098083.0
2024-06-27,83.56981726,83.57892569,83.56981726,83.56981726,4487234.0
2024-06-28,83.59714254,83.60625097,83.59714254,83.59714254,10410825.0
2024-07-01,83.62659736,83.62659736,83.61744985,83.62659736,11882656.0
2024-07-02,83.63574488,83.63574488,83.62659736,83.63574488,8228057.0
2024-07-03,83.66318743,83.66318743,83.65403991,83.66318743,4240077.0
2024-07-05,83.6997775,83.6997775,83.69062998,83.69062998,4316494.0
2024-07-08,83.6997775,83.71807253,83.6997775,83.70892501,4748083.0
2024-07-09,83.71807253,83.72722005,83.70892501,83.70892501,4323263.0
2024-07-10,83.73636756,83.73636756,83.71807253,83.72722005,4653501.0
2024-07-11,83.73636756,83.74551508,83.73636756,83.73636756,5960308.0
2024-07-12,83.77295763,83.78210515,83.77295763,83.77295763,5871959.0
2024-07-15,83.78210515,83.79125266,83.78210515,83.79125266,6130484.0
2024-07-16,83.80040018,83.80040018,83.79125266,83.79125266,5457006.0
2024-07-17,83.8095477,83.81869521,83.80040018,83.81869521,7883424.0
2024-07-18,83.81869521,83.82784273,83.8095477,83.82784273,5746039.0
2024-07-19,83.8644328,83.8644328,83.85528528,83.85528528,4604884.0
2024-07-22,83.8644328,83.87358031,83.8644328,83.87358031,6777721.0
2024-07-23,83.87358031,83.89187535,83.87358031,83.87358031,8687910.0
2024-07-24,83.90102286,83.90102286,83.89187535,83.90102286,5548031.0
2024-07-25,83.90102286,83.91017038,83.90102286,83.90102286,5926523.0
2024-07-26,83.94676045,83.94676045,83.92846541,83.94676045,4299275.0
2024-07-29,83.95590796,83.95590796,83.94676045,83.94676045,4097449.0
2024-07-30,83.96505548,83.96505548,83.95590796,83.95590796,6748041.0
2024-07-31,83.96505548,83.974203,83.96505548,83.974203,12395013.0
2024-08-01,83.98551384,83.99470162,83.98551384,83.99470162,18244894.0
2024-08-02,84.03145275,84.04064053,84.02226497,84.04064053,14492034.0
2024-08-05,84.04064053,84.04982831,84.04064053,84.04064053,21054236.0
2024-08-06,84.04982831,84.0590161,84.04982831,84.0590161,9774271.0
2024-08-07,84.06820388,84.07739166,84.0590161,84.07739166,14277119.0
2024-08-08,84.07739166,84.08657944,84.07739166,84.08657944,6945964.0
2024-08-09,84.10495501,84.11414279,84.10495501,84.10495501,7714465.0
2024-08-12,84.11414279,84.13251835,84.11414279,84.13251835,6167053.0
2024-08-13,84.13251835,84.14170613,84.13251835,84.14170613,7486712.0
2024-08-14,84.14170613,84.1600817,84.14170613,84.15089392,5103806.0
2024-08-15,84.1600817,84.16926948,84.15089392,84.1600817,6864965.0
2024-08-16,84.18764504,84.20602061,84.18764504,84.20602061,8828859.0
2024-08-19,84.21520839,84.21520839,84.20602061,84.20602061,5960003.0
2024-08-20,84.21520839,84.22439617,84.21520839,84.22439617,5868897.0
2024-08-21,84.24277173,84.24277173,84.23349207,84.24277173,4315703.0
2024-08-22,84.24277173,84.25195952,84.24277173,84.24277173,5643979.0
2024-08-23,84.27952286,84.28871064,84.27952286,84.27952286,6458023.0
2024-08-26,84.28871064,84.29789842,84.28871064,84.28871064,6712331.0
2024-08-27,84.30708621,84.30708621,84.29789842,84.30708621,6549617.0
2024-08-28,84.31627399,84.31627399,84.30708621,84.31627399,6373558.0
2024-08-29,84.32546177,84.33464955,84.31627399,84.31627399,4766820.0
2024-08-30,84.36680679,84.37140068,84.3622129,84.3622129,12422235.0
2024-09-03,84.38628546,84.39551305,84.37705788,84.39551305,18003278.0
2024-09-04,84.40474064,84.40474064,84.39551305,84.40474064,6427394.0
2024-09-05,84.41396823,84.42319581,84.40474064,84.41396823,7293030.0
2024-09-06,84.46010616,84.46010616,84.45087858,84.46010616,7105225.0
2024-09-09,84.46933375,84.46933375,84.46010616,84.46010616,5391773.0
2024-09-10,84.46933375,84.48778892,84.46933375,84.48778892,4815259.0
2024-09-11,84.48778892,84.49701651,84.48778892,84.48778892,7429469.0
2024-09-12,84.49701651,84.5062441,84.49701651,84.49701651,5189827.0
2024-09-13,84.53392686,84.54315445,84.53392686,84.54315445,8183467.0
2024-09-16,84.55238203,84.56160962,84.55238203,84.56160962,6037391.0
2024-09-17,84.5800648,84.5800648,84.57083721,84.57083721,9658206.0
2024-09-18,84.5800648,84.59851997,84.5800648,84.58929238,7621151.0
2024-09-19,84.59851997,84.60774756,84.59851997,84.60774756,8001060.0
2024-09-20,84.63543032,84.64465791,84.63543032,84.64465791,6438670.0
2024-09-23,84.65388549,84.65388549,84.64465791,84.65388549,6998757.0
2024-09-24,84.66311308,84.67234067,84.66311308,84.66311308,11580222.0
2024-09-25,84.67234067,84.68156826,84.67234067,84.68156826,5875805.0
2024-09-26,84.68156826,84.69079584,84.68156826,84.68156826,4937719.0
2024-09-27,84.70925102,84.71847861,84.70925102,84.70925102,8616730.0
2024-09-30,84.71847861,84.72770619,84.71847861,84.71847861,11440961.0
2024-10-01,84.73819346,84.73819346,84.7289284,84.73819346,13695697.0
2024-10-02,84.74745851,84.74745851,84.73819346,84.74745851,7391816.0
2024-10-03,84.75672357,84.76598862,84.75672357,84.76598862,5394932.0
2024-10-04,84.78915126,84.79378379,84.78451873,84.78451873,6248676.0
2024-10-07,84.79378379,84.80304884,84.79378379,84.80304884,6735471.0
2024-10-08,84.8123139,84.8123139,84.80304884,84.80304884,5266476.0
2024-10-09,84.8123139,84.82157895,84.8123139,84.8123139,6200816.0
2024-10-10,84.83084401,84.83084401,84.82157895,84.82157895,4717768.0
2024-10-11,84.86790423,84.86790423,84.85400665,84.86790423,6011019.0
2024-10-14,84.86790423,84.87716928,84.85863917,84.85863917,4174902.0
2024-10-15,84.87716928,84.88643434,84.86790423,84.88643434,5906416.0
2024-10-16,84.89569939,84.89569939,84.88643434,84.88643434,5757294.0
2024-10-17,84.90496445,84.90496445,84.89569939,84.90496445,4395799.0
2024-10-18,84.94202467,84.94202467,84.92349456,84.93275961,5286810.0
2024-10-21,84.94202467,84.95128972,84.93275961,84.95128972,5874668.0
2024-10-22,84.96055478,84.96055478,84.95128972,84.96055478,4191457.0
2024-10-23,84.96981983,84.96981983,84.96055478,84.96055478,5462296.0
2024-10-24,84.97908489,84.97908489,84.96981983,84.96981983,4688959.0
2024-10-25,84.997615,85.00688005,84.997615,85.00688005,6048352.0
2024-10-28,85.01614511,85.01614511,85.00688005,85.00688005,5718610.0
2024-10-29,85.02541016,85.03467522,85.01614511,85.02541016,4704757.0
2024-10-30,85.03467522,85.04394028,85.03467522,85.03467522,4965759.0
2024-10-31,85.04394028,85.05320533,85.04394028,85.05320533,12141684.0
2024-11-01,85.08904137,85.08904137,85.07973999,85.08904137,15201456.0
2024-11-04,85.10764414,85.10764414,85.09834275,85.10764414,9477075.0
2024-11-05,85.10764414,85.11694552,85.10764414,85.10764414,4689473.0
2024-11-06,85.11694552,85.1262469,85.11694552,85.1262469,9978203.0
2024-11-07,85.1262469,85.13554828,85.1262469,85.13554828,7827884.0
2024-11-08,85.16810312,85.18205519,85.16345243,85.18205519,8280947.0
2024-11-11,85.17275381,85.18205519,85.17275381,85.17275381,8165699.0
2024-11-12,85.18205519,85.19135657,85.18205519,85.18205519,5526251.0
2024-11-13,85.19135657,85.20065795,85.19135657,85.20065795,4860484.0
2024-11-14,85.20995934,85.20995934,85.20065795,85.20065795,6138386.0
2024-11-15,85.23786348,85.23786348,85.2285621,85.2285621,9715678.0
2024-11-18,85.24716486,85.25646625,85.23786348,85.23786348,7411016.0
2024-11-19,85.25646625,85.26576763,85.24716486,85.26576763,7470650.0
2024-11-20,85.26576763,85.27506901,85.26576763,85.27506901,5538237.0
2024-11-21,85.28437039,85.28437039,85.27506901,85.28437039,5889666.0
2024-11-22,85.30297316,85.31227454,85.30297316,85.31227454,6694305.0
2024-11-25,85.31227454,85.32157592,85.31227454,85.32157592,5107671.0
2024-11-26,85.32157592,85.3308773,85.32157592,85.32157592,6691983.0
2024-11-27,85.34017868,85.34948006,85.34017868,85.34948006,6120741.0
2024-11-29,85.36808283,85.38668559,85.36808283,85.36808283,9410504.0
2024-12-02,85.39101843,85.39101843,85.38168302,85.39101843,12973949.0
2024-12-03,85.40035384,85.40968926,85.40035384,85.40968926,5673466.0
2024-12-04,85.42836008,85.42836008,85.41902467,85.41902467,5963411.0
2024-12-05,85.43769549,85.43769549,85.42836008,85.42836008,5880194.0
2024-12-06,85.46570173,85.46570173,85.45636632,85.46570173,5706612.0
2024-12-09,85.47503714,85.48437256,85.47503714,85.47503714,8793111.0
2024-12-10,85.48437256,85.49370797,85.48437256,85.49370797,5400294.0
2024-12-11,85.49370797,85.50304338,85.49370797,85.50304338,5845891.0
2024-12-12,85.51237879,85.52171421,85.51237879,85.52171421,4770228.0
2024-12-13,85.54972044,85.54972044,85.54038503,85.54972044,6271898.0
2024-12-16,85.55905586,85.55905586,85.54972044,85.55905586,6761745.0
2024-12-17,85.56839127,85.56839127,85.55905586,85.56839127,5827373.0
2024-12-18,85.56839127,85.57772668,85.56839127,85.56839127,9268213.0
2024-12-19,85.58976238,85.58976238,85.58038781,85.58038781,13876413.0
2024-12-20,85.6085115,85.61788607,85.6085115,85.61788607,12689995.0
2024-12-23,85.61788607,85.62726063,85.61788607,85.61788607,6572846.0
2024-12-24,85.63663519,85.64600976,85.63663519,85.63663519,4145575.0
2024-12-26,85.65538432,85.65538432,85.64600976,85.65538432,6209339.0
2024-12-27,85.69288257,85.69288257,85.68350801,85.69288257,6143543.0
2024-12-30,85.69288257,85.70225713,85.69288257,85.69288257,8990109.0
2024-12-31,85.72100626,85.72100626,85.7116317,85.7116317,7301458.0
2025-01-02,85.72569354,85.73038082,85.72100626,85.73038082,10756930.0
2025-01-03,85.75381723,85.75381723,85.73975539,85.73975539,7837946.0
2025-01-06,85.74912995,85.75850451,85.74912995,85.74912995,7827119.0
2025-01-07,85.76787908,85.77725364,85.75850451,85.76787908,6956798.0
2025-01-08,85.7866282,85.7866282,85.77725364,85.7866282,6673080.0
2025-01-10,85.82412646,85.82412646,85.81475189,85.81475189,10112191.0
2025-01-13,85.82412646,85.83350102,85.82412646,85.82412646,7854368.0
2025-01-14,85.83350102,85.84287558,85.83350102,85.84287558,6078338.0
2025-01-15,85.85225015,85.85225015,85.84287558,85.85225015,7253802.0
2025-01-16,85.86162471,85.86162471,85.85225015,85.85225015,6997772.0
2025-01-17,85.8897484,85.89912296,85.8897484,85.89912296,7745463.0
2025-01-21,85.89912296,85.90849753,85.89912296,85.89912296,10266168.0
2025-01-22,85.90849753,85.91787209,85.90849753,85.91787209,6019215.0
2025-01-23,85.92724665,85.92724665,85.91787209,85.91787209,6561518.0
2025-01-24,85.95537034,85.95537034,85.94599578,85.95537034,7242209.0
2025-01-27,85.95537034,85.96474491,85.95537034,85.96474491,7909563.0
2025-01-28,85.97411947,85.97411947,85.96474491,85.96474491,6485527.0
2025-01-29,85.98349403,85.98349403,85.97411947,85.97411947,5688820.0
2025-01-30,85.99286859,85.99286859,85.98349403,85.98349403,7369880.0
2025-01-31,86.01161772,86.02099228,86.01161772,86.01161772,13675867.0
2025-02-03,86.03591328,86.03591328,86.02650531,86.03591328,17508899.0
2025-02-04,86.04532125,86.04532125,86.03591328,86.03591328,9295883.0
2025-02-05,86.04532125,86.05472923,86.04532125,86.04532125,6249634.0
2025-02-06,86.0641372,86.0641372,86.05472923,86.0641372,8308294.0
2025-02-07,86.09236112,86.09236112,86.08295315,86.08295315,6391119.0
2025-02-10,86.10176909,86.10176909,86.09236112,86.09236112,5466481.0
2025-02-11,86.10176909,86.11117706,86.10176909,86.10176909,6959355.0
2025-02-12,86.11117706,86.12058504,86.11117706,86.11117706,6275670.0
2025-02-13,86.12999301,86.12999301,86.12058504,86.12999301,6340489.0
2025-02-14,86.15821693,86.1676249,86.15821693,86.15821693,6058947.0
2025-02-18,86.1676249,86.17703288,86.1676249,86.17703288,8777164.0
2025-02-19,86.18644085,86.18644085,86.17703288,86.18644085,5685822.0
2025-02-20,86.19584882,86.20525679,86.19584882,86.20525679,5454920.0
2025-02-21,86.22407274,86.23348071,86.22407274,86.23348071,7185895.0
2025-02-24,86.24288869,86.24288869,86.23348071,86.24288869,9061427.0
2025-02-25,86.25229666,86.25229666,86.24288869,86.24288869,8348278.0
2025-02-26,86.25700065,86.26170463,86.25229666,86.26170463,8610608.0
2025-02-27,86.27111261,86.27111261,86.26170463,86.27111261,6620550.0
2025-02-28,86.28992855,86.29933652,86.28992855,86.28992855,13721503.0
2025-03-03,86.30816895,86.30816895,86.2987312,86.30816895,17874415.0
2025-03-04,86.31760669,86.31760669,86.30816895,86.30816895,12187385.0
2025-03-05,86.31760669,86.32704443,86.31760669,86.31760669,11850807.0
2025-03-06,86.33648218,86.33648218,86.32704443,86.32704443,10301673.0
2025-03-07,86.35535767,86.36479541,86.35535767,86.36479541,10375693.0
2025-03-10,86.36479541,86.37423315,86.36479541,86.37423315,29758961.0
2025-03-11,86.37423315,86.3836709,86.37423315,86.3836709,19162992.0
2025-03-12,86.39310864,86.39310864,86.3836709,86.39310864,20095782.0
2025-03-13,86.39310864,86.41198413,86.39310864,86.41198413,14549104.0
2025-03-14,86.43085962,86.44029736,86.43085962,86.43085962,15908978.0
2025-03-17,86.44973511,86.44973511,86.44029736,86.44973511,9386370.0
2025-03-18,86.44973511,86.45917285,86.44973511,86.44973511,8773134.0
2025-03-19,86.45917285,86.46861059,86.45917285,86.45917285,8833157.0
2025-03-20,86.46861059,86.47804834,86.46861059,86.47804834,8490976.0
2025-03-21,86.50636157,86.50636157,86.49692383,86.50636157,6544310.0
2025-03-24,86.51579931,86.51579931,86.50636157,86.50636157,8056300.0
2025-03-25,86.51579931,86.52523706,86.51579931,86.51579931,18837101.0
2025-03-26,86.5346748,86.5346748,86.52523706,86.52523706,7207499.0
2025-03-27,86.5346748,86.54411255,86.5346748,86.54411255,8399330.0
2025-03-28,86.56298803,86.57242578,86.56298803,86.57242578,10052245.0
2025-03-31,86.57242578,86.58186352,86.57242578,86.57242578,22045840.0
2025-04-01,86.59267349,86.59267349,86.58320256,86.59267349,19110156.0
2025-04-02,86.59267349,86.60214441,86.59267349,86.60214441,9035476.0
2025-04-03,86.61161534,86.61161534,86.60214441,86.61161534,24029524.0
2025-04-04,86.64002812,86.64949904,86.63055719,86.64002812,33920185.0
2025-04-07,86.65423451,86.65896997,86.64002812,86.64949904,37205967.0
2025-04-08,86.64949904,86.67791182,86.64949904,86.66844089,21800865.0
2025-04-09,86.65896997,86.66844089,86.65896997,86.66844089,22907025.0
2025-04-10,86.66844089,86.67791182,86.66844089,86.67791182,23678142.0
2025-04-11,86.7063246,86.71579552,86.69685367,86.71579552,34807587.0
2025-04-14,86.71579552,86.71579552,86.7063246,86.71579552,18027069.0
2025-04-15,86.72526645,86.73473737,86.71579552,86.73473737,10082103.0
2025-04-16,86.73473737,86.7442083,86.73473737,86.7442083,12016201.0
2025-04-17,86.782092,86.79156293,86.77262108,86.782092,8243801.0
2025-04-21,86.782092,86.79156293,86.782092,86.79156293,10032163.0
2025-04-22,86.79156293,86.80103385,86.79156293,86.79156293,9201231.0
2025-04-23,86.81050478,86.81050478,86.80103385,86.81050478,8478518.0
2025-04-24,86.81050478,86.8199757,86.81050478,86.81050478,20381674.0
2025-04-25,86.83891756,86.84838848,86.83891756,86.84838848,11894109.0
2025-04-28,86.84838848,86.85785941,86.84838848,86.85785941,9934414.0
2025-04-29,86.85785941,86.86733033,86.85785941,86.85785941,19478867.0
2025-04-30,86.86733033,86.87680126,86.86733033,86.86733033,17498419.0
2025-05-01,86.88781925,86.88781925,86.87831604,86.88781925,15747591.0
2025-05-02,86.90682566,86.91632887,86.90682566,86.91632887,14267358.0
2025-05-05,86.92583207,86.92583207,86.91632887,86.91632887,26580773.0
2025-05-06,86.92583207,86.93533528,86.92583207,86.93533528,8429264.0
2025-05-07,86.93533528,86.94483849,86.93533528,86.93533528,6226615.0
2025-05-08,86.94483849,86.95434169,86.94483849,86.95434169,9354591.0
2025-05-09,86.98285131,86.98285131,86.97334811,86.98285131,9062438.0
2025-05-12,86.98285131,86.99235452,86.98285131,86.98285131,14491950.0
2025-05-13,87.00185773,87.00185773,86.99235452,87.00185773,23455708.0
2025-05-14,87.00185773,87.01136093,87.00185773,87.00185773,9141920.0
2025-05-15,87.02086414,87.02086414,87.01136093,87.01136093,6657063.0
2025-05-16,87.04937376,87.04937376,87.03987055,87.04937376,8755973.0
2025-05-19,87.04937376,87.05887697,87.04937376,87.04937376,7618150.0
2025-05-20,87.05887697,87.06838017,87.05887697,87.06838017,7925405.0
2025-05-21,87.07788338,87.08738659,87.07788338,87.07788338,12007364.0
2025-05-22,87.08738659,87.09688979,87.08738659,87.09688979,7876470.0
2025-05-23,87.12539941,87.13490262,87.12539941,87.13490262,14805890.0
2025-05-27,87.13490262,87.14440583,87.13490262,87.13490262,8996482.0
2025-05-28,87.14440583,87.15390903,87.14440583,87.14440583,9887592.0
2025-05-29,87.15390903,87.16341224,87.15390903,87.15390903,7530202.0
2025-05-30,87.18241865,87.19192186,87.18241865,87.18241865,19202143.0
2025-06-02,87.20760119,87.20760119,87.19806509,87.19806509,17013885.0
2025-06-03,87.20760119,87.21713728,87.20760119,87.21713728,8454734.0
2025-06-04,87.21713728,87.22667338,87.21713728,87.21713728,14872205.0
2025-06-05,87.22667338,87.23620948,87.22667338,87.22667338,7863576.0
2025-06-06,87.25528167,87.26481777,87.25528167,87.25528167,7582061.0
2025-06-09,87.26481777,87.27435386,87.26481777,87.27435386,8127967.0
2025-06-10,87.27435386,87.28388996,87.27435386,87.28388996,9514613.0
2025-06-11,87.28388996,87.29342605,87.28388996,87.28388996,7435673.0
2025-06-12,87.29342605,87.30296215,87.29342605,87.29342605,5315909.0
2025-06-13,87.32680239,87.33157044,87.32203434,87.33157044,6221318.0
2025-06-16,87.34110654,87.34110654,87.33157044,87.33157044,8456926.0
2025-06-17,87.34110654,87.35064263,87.34110654,87.35064263,5518281.0
2025-06-18,87.36017873,87.36971483,87.36017873,87.36971483,5063812.0
2025-06-20,87.39355507,87.39832311,87.38878702,87.38878702,6516931.0
2025-06-23,87.39832311,87.40785921,87.39832311,87.40785921,6474150.0
2025-06-24,87.40785921,87.41739531,87.40785921,87.40785921,16266628.0
2025-06-25,87.4269314,87.4269314,87.41739531,87.41739531,7119547.0
2025-06-26,87.4269314,87.4364675,87.4269314,87.4269314,7976074.0
2025-06-27,87.46507579,87.47461189,87.46507579,87.46507579,6878897.0
2025-06-30,87.47937993,87.48414798,87.47461189,87.47461189,16763414.0
2025-07-01,87.49031863,87.49031863,87.48075057,87.49031863,18374221.0
2025-07-02,87.49988668,87.49988668,87.49031863,87.49988668,6569183.0
2025-07-03,87.53815891,87.55729503,87.53815891,87.54772697,4860755.0
2025-07-07,87.54772697,87.55729503,87.54772697,87.55729503,11518445.0
2025-07-08,87.55729503,87.56686309,87.55729503,87.55729503,10532382.0
2025-07-09,87.56686309,87.57643114,87.56686309,87.56686309,10322884.0
2025-07-10,87.57643114,87.5859992,87.57643114,87.5859992,9514439.0
2025-07-11,87.60513532,87.61470338,87.60513532,87.60513532,5713912.0
2025-07-14,87.62427143,87.62427143,87.61470338,87.61470338,6587124.0
2025-07-15,87.62427143,87.63383949,87.62427143,87.62427143,6166514.0
2025-07-16,87.63383949,87.64340755,87.63383949,87.64340755,6745178.0
2025-07-17,87.65297561,87.65297561,87.64340755,87.64340755,6559948.0
2025-07-18,87.67211172,87.69124784,87.67211172,87.68167978,6681363.0
2025-07-21,87.69603186,87.70081589,87.69124784,87.70081589,6678707.0
2025-07-22,87.71038395,87.71038395,87.70081589,87.71038395,4792133.0
2025-07-23,87.71038395,87.71995201,87.71038395,87.71995201,6437313.0
2025-07-24,87.71995201,87.72952007,87.71995201,87.71995201,4807687.0
2025-07-25,87.74865618,87.75822424,87.74865618,87.74865618,5153871.0
2025-07-28,87.76587869,87.7677923,87.75822424,87.75822424,6305339.0
2025-07-29,87.7677923,87.77736035,87.7677923,87.7677923,7664348.0
2025-07-30,87.77736035,87.78692841,87.77736035,87.77736035,6895082.0
2025-07-31,87.78692841,87.79649647,87.78692841,87.78692841,11795120.0
2025-08-01,87.81985626,87.824657,87.81505553,87.824657,20144832.0
2025-08-04,87.83425847,87.83425847,87.824657,87.83425847,20328030.0
2025-08-05,87.84385994,87.84385994,87.83425847,87.83425847,8588430.0
2025-08-06,87.85346141,87.86306288,87.84385994,87.86306288,7208805.0
2025-08-07,87.86306288,87.87266435,87.86306288,87.86306288,7157927.0
2025-08-08,87.89666803,87.90146877,87.8918673,87.8918673,6243476.0
2025-08-11,87.90146877,87.91107024,87.90146877,87.90146877,8361380.0
2025-08-12,87.91107024,87.92067171,87.91107024,87.91107024,6601652.0
2025-08-13,87.92067171,87.93027318,87.92067171,87.92067171,6791520.0
2025-08-14,87.93987465,87.93987465,87.93027318,87.93027318,6475803.0
2025-08-15,87.96867906,87.96867906,87.95907759,87.96867906,5354597.0
2025-08-18,87.96867906,87.97828054,87.96867906,87.96867906,15606181.0
2025-08-19,87.98788201,87.98788201,87.97828054,87.98788201,11862669.0
2025-08-20,87.99748348,88.00708495,87.99748348,88.00708495,6916013.0
2025-08-21,88.00708495,88.01668642,88.00708495,88.00708495,4655992.0
2025-08-22,88.04549083,88.04549083,88.03588936,88.03588936,7468111.0
2025-08-25,88.04549083,88.05509231,88.04549083,88.04549083,7319848.0
2025-08-26,88.06469378,88.06469378,88.05509231,88.05509231,8729619.0
2025-08-27,88.06469378,88.07429525,88.06469378,88.06469378,4919409.0
2025-08-28,88.07429525,88.08389672,88.07429525,88.07429525,5490307.0
2025-08-29,88.11270113,88.1223026,88.11270113,88.11270113,11546491.0
2025-09-02,88.13389238,88.13389238,88.12425711,88.13389238,13477101.0
2025-09-03,88.14352766,88.14352766,88.13389238,88.14352766,7040690.0
2025-09-04,88.15316294,88.16279822,88.14352766,88.16279822,9180575.0
2025-09-05,88.18206878,88.19170406,88.18206878,88.19170406,10223048.0
2025-09-08,88.20133933,88.21097461,88.20133933,88.20133933,9201216.0
2025-09-09,88.21097461,88.21097461,88.20133933,88.21097461,8740752.0
2025-09-10,88.21097461,88.22060989,88.21097461,88.22060989,9027224.0
2025-09-11,88.22542753,88.23024517,88.22060989,88.23024517,9714279.0
2025-09-12,88.24951573,88.25915101,88.24951573,88.25915101,7154204.0
2025-09-15,88.25915101,88.26878628,88.25915101,88.26878628,8876159.0
2025-09-16,88.27842156,88.28805684,88.27842156,88.27842156,7036433.0
2025-09-17,88.28805684,88.29769212,88.28805684,88.28805684,5395879.0
2025-09-18,88.30250976,88.3073274,88.29769212,88.29769212,6032912.0
2025-09-19,88.33623323,88.33623323,88.32659795,88.33623323,6689775.0
2025-09-22,88.33623323,88.34586851,88.33623323,88.34586851,6255236.0
2025-09-23,88.34586851,88.35550379,88.34586851,88.34586851,7854733.0
2025-09-24,88.35550379,88.36513907,88.35550379,88.36513907,6711459.0
2025-09-25,88.36513907,88.37477435,88.36513907,88.36513907,11455135.0
2025-09-26,88.3940449,88.3940449,88.38440963,88.3940449,7888818.0
2025-09-29,88.3940449,88.40368018,88.3940449,88.40368018,6928540.0
2025-09-30,88.40368018,88.41331546,88.40368018,88.40368018,14165796.0
2025-10-01,88.42350701,88.42350701,88.41383902,88.42350701,15501352.0
2025-10-02,88.43317501,88.43317501,88.42350701,88.43317501,7225201.0
2025-10-03,88.462179,88.462179,88.45251101,88.45251101,6177597.0
2025-10-06,88.471847,88.471847,88.462179,88.471847,7041180.0
2025-10-07,88.471847,88.481515,88.471847,88.471847,7071890.0
2025-10-08,88.491183,88.491183,88.481515,88.491183,7236340.0
2025-10-09,88.491183,88.50085099,88.491183,88.491183,9389837.0
2025-10-10,88.52018699,88.52985499,88.52018699,88.52985499,14647983.0
2025-10-13,88.52985499,88.53952299,88.52018699,88.53952299,13286035.0
2025-10-14,88.54919098,88.54919098,88.53952299,88.53952299,8281841.0
2025-10-15,88.55885898,88.55885898,88.54919098,88.54919098,11747891.0
2025-10-16,88.55885898,88.55885898,88.54919098,88.55885898,7811843.0
2025-10-17,88.58786297,88.58786297,88.57819498,88.57819498,10183451.0
2025-10-20,88.59753097,88.59753097,88.58786297,88.59753097,8215427.0
2025-10-21,88.60719897,88.60719897,88.59753097,88.59753097,6989615.0
2025-10-22,88.61686697,88.61686697,88.60719897,88.61686697,13191440.0
2025-10-23,88.61686697,88.62653496,88.61686697,88.62653496,7399494.0
2025-10-24,88.65070496,88.65553896,88.64587096,88.65553896,8743117.0
2025-10-27,88.65553896,88.66520696,88.65553896,88.65553896,11472440.0
2025-10-28,88.67487495,88.67487495,88.66520696,88.66520696,13039430.0
2025-10-29,88.67487495,88.69421095,88.67487495,88.69421095,13416272.0
2025-10-30,88.69421095,88.70387895,88.69421095,88.69421095,7897153.0
2025-10-31,88.71354694,88.72321494,88.71354694,88.71354694,14371020.0
2025-11-03,88.72644875,88.72644875,88.72644875,88.72644875,17922825.0
2025-11-04,88.73614881,88.73614881,88.72644875,88.73614881,12162133.0
2025-11-05,88.75554893,88.75554893,88.74099884,88.74584887,7973159.0
2025-11-06,88.75554893,88.76524899,88.75554893,88.75554893,15915822.0
2025-11-07,88.78464911,88.79434917,88.78464911,88.78464911,11524997.0
2025-11-10,88.80404923,88.80404923,88.79434917,88.80404923,13043674.0
2025-11-11,88.80404923,88.80404923,88.79434917,88.79434917,6181174.0
2025-11-12,88.80404923,88.81374929,88.80404923,88.80404923,6371181.0
2025-11-13,88.8156893,88.82344935,88.81374929,88.81374929,6625925.0
2025-11-14,88.85254953,88.85254953,88.84284947,88.85254953,10192246.0
2025-11-17,88.85254953,88.86224959,88.85254953,88.85254953,9766975.0
2025-11-18,88.86709962,88.87194965,88.86224959,88.87194965,9642597.0
2025-11-19,88.88164971,88.88164971,88.87194965,88.87194965,6206233.0
2025-11-20,88.88164971,88.89134977,88.87194965,88.89134977,10933880.0
2025-11-21,88.91074989,88.91074989,88.90589986,88.91074989,9431841.0
2025-11-24,88.91074989,88.92044995,88.91074989,88.91074989,7347137.0
2025-11-25,88.93015001,88.93015001,88.92044995,88.93015001,8992406.0
2025-11-26,88.94955013,88.94955013,88.93985007,88.93985007,6749472.0
2025-11-28,88.96895025,88.97865031,88.96895025,88.96895025,10775168.0
2025-12-01,88.98960238,88.98960238,88.97987249,88.97987249,16856813.0
2025-12-02,88.99933228,89.00906217,88.98960238,89.00906217,7403391.0
2025-12-03,89.00906217,89.01879206,89.00906217,89.01879206,6530873.0
2025-12-04,89.02852195,89.03825185,89.02852195,89.02852195,7236673.0
2025-12-05,89.05771163,89.05771163,89.04798174,89.04798174,7308351.0
2025-12-08,89.05771163,89.06744153,89.05771163,89.05771163,7578991.0
2025-12-09,89.07717142,89.07717142,89.06744153,89.07717142,9285593.0
2025-12-10,89.07717142,89.08690131,89.07717142,89.07717142,6974239.0
2025-12-11,89.08690131,89.09663121,89.08690131,89.08690131,7144470.0
2025-12-12,89.12582089,89.12582089,89.11609099,89.12582089,6040672.0
2025-12-15,89.12582089,89.13555078,89.12582089,89.12582089,6058074.0
2025-12-16,89.13555078,89.14528067,89.13555078,89.13555078,7212176.0
2025-12-17,89.14528067,89.15014562,89.14528067,89.14528067,9641151.0
2025-12-18,89.16034868,89.16034868,89.15057982,89.16034868,10277304.0
2025-12-19,89.17988639,89.18965525,89.17988639,89.18965525,7581829.0
2025-12-22,89.18965525,89.1994241,89.18965525,89.18965525,11026869.0
2025-12-23,89.1994241,89.1994241,89.18965525,89.18965525,7111246.0
2025-12-24,89.21896182,89.21896182,89.20919296,89.21896182,5073527.0
2025-12-26,89.23849953,89.24826838,89.23849953,89.24826838,5588851.0
2025-12-29,89.24826838,89.25803724,89.24826838,89.24826838,7988908.0
2025-12-30,89.25803724,89.2678061,89.25803724,89.25803724,7852902.0
2025-12-31,89.27757495,89.27757495,89.2678061,89.2678061,11225947.0
2026-01-02,89.30688152,89.30688152,89.29711266,89.30688152,8517884.0
2026-01-05,89.30688152,89.31665038,89.30688152,89.30688152,11770220.0
2026-01-06,89.31665038,89.32641923,89.31665038,89.31665038,9135810.0
2026-01-07,89.32641923,89.33618809,89.32641923,89.33618809,8767154.0
2026-01-08,89.33618809,89.33618809,89.33618809,89.33618809,7116528.0
2026-01-09,89.3557258,89.36549466,89.3557258,89.3557258,7776620.0
2026-01-12,89.36549466,89.37526351,89.36549466,89.36549466,6189724.0
2026-01-13,89.37526351,89.38014794,89.37526351,89.37526351,7777437.0
2026-01-14,89.38503237,89.38503237,89.37526351,89.38503237,8005885.0
2026-01-15,89.39480122,89.39480122,89.38503237,89.38503237,8938430.0
2026-01-16,89.42410779,89.42410779,89.42410779,89.42410779,7648170.0
2026-01-20,89.43387665,89.43876108,89.42410779,89.42410779,9335066.0
2026-01-21,89.4436455,89.4436455,89.43387665,89.43387665,8153822.0
2026-01-22,89.44852993,89.45341436,89.4436455,89.4436455,7679160.0
2026-01-23,89.47295207,89.48272093,89.47295207,89.47295207,8147658.0
2026-01-26,89.48272093,89.48760536,89.47295207,89.47295207,10052839.0
2026-01-27,89.48272093,89.49248978,89.48272093,89.48272093,8178351.0
2026-01-28,89.49248978,89.50225864,89.49248978,89.49248978,6265487.0
2026-01-29,89.50225864,89.5120275,89.50225864,89.5120275,10237344.0
2026-01-30,89.52179635,89.53156521,89.52179635,89.53156521,14545830.0
2026-02-02,89.54521485,89.54521485,89.53541671,89.54521485,21391673.0
2026-02-03,89.54521485,89.555013,89.54521485,89.54521485,11836069.0
2026-02-04,89.555013,89.56481114,89.555013,89.56481114,9216570.0
2026-02-05,89.56481114,89.57460928,89.56481114,89.56481114,9393922.0
2026-02-06,89.59420556,89.59420556,89.59420556,89.59420556,12369829.0
2026-02-09,89.59420556,89.6040037,89.59420556,89.59420556,9180305.0
2026-02-10,89.61380184,89.61380184,89.6040037,89.6040037,7085342.0
2026-02-11,89.61380184,89.62359999,89.61380184,89.62359999,5732270.0
2026-02-12,89.63339813,89.63339813,89.62359999,89.62359999,6366270.0
2026-02-13,89.65299441,89.66279255,89.65299441,89.66279255,9832514.0
2026-02-17,89.67259069,89.67259069,89.66279255,89.67259069,6709963.0
2026-02-18,89.67259069,89.68238883,89.67259069,89.68238883,8752803.0
2026-02-19,89.68238883,89.69218698,89.68238883,89.68238883,4941787.0
2026-02-20,89.7215814,89.7215814,89.71178326,89.71178326,6518152.0
2026-02-23,89.7215814,89.7215814,89.71178326,89.71178326,7714949.0
2026-02-24,89.73137954,89.73137954,89.7215814,89.73137954,5476101.0
2026-02-25,89.74117768,89.74117768,89.73137954,89.74117768,6009103.0
2026-02-26,89.74117768,89.75097582,89.74117768,89.75097582,6447688.0
2026-02-27,89.77057211,89.78037025,89.77057211,89.77057211,11530646.0
2026-03-02,89.78344805,89.78344805,89.77362384,89.78344805,15489297.0
2026-03-03,89.79327226,89.79327226,89.78344805,89.79327226,11602918.0
2026-03-04,89.79818436,89.80309647,89.79327226,89.80309647,9932489.0
2026-03-05,89.81292068,89.81292068,89.80309647,89.81292068,9248953.0
2026-03-06,89.84239331,89.84239331,89.8325691,89.8325691,8733211.0
2026-03-09,89.85221752,89.85221752,89.84239331,89.84239331,13422931.0
2026-03-10,89.85221752,89.85221752,89.84239331,89.85221752,9226831.0
2026-03-11,89.85221752,89.86204172,89.85221752,89.85221752,6613371.0
2026-03-12,89.86204172,89.87186593,89.86204172,89.87186593,10138893.0
2026-03-13,89.90133856,89.90133856,89.89151435,89.90133856,11181989.0
2026-03-16,89.91116277,89.91116277,89.90133856,89.90133856,8509098.0
2026-03-17,89.91607488,89.92098698,89.91116277,89.91116277,7548340.0
2026-03-18,89.92098698,89.93081119,89.92098698,89.93081119,15874042.0
2026-03-19,89.93081119,89.93081119,89.92098698,89.93081119,14920974.0
2026-03-20,89.95537171,89.96028382,89.95045961,89.96028382,14839085.0
2026-03-23,89.97010803,89.97010803,89.96028382,89.97010803,30253899.0
2026-03-24,89.97010803,89.97993224,89.97010803,89.97993224,17380225.0
2026-03-25,89.97993224,89.98975644,89.97010803,89.97010803,16949531.0
2026-03-26,89.98975644,89.98975644,89.97993224,89.98975644,13198921.0
2026-03-27,90.00940486,90.01922907,90.00940486,90.01922907,11244001.0
2026-03-30,90.01922907,90.02905328,90.01922907,90.02905328,12479995.0
2026-03-31,90.02905328,90.03887749,90.02905328,90.02905328,20279772.0
2026-04-01,90.05236191,90.05236191,90.04250935,90.05236191,22095214.0
2026-04-02,90.08191958,90.09177213,90.07206702,90.07206702,11510320.0
2026-04-06,90.08191958,90.09177213,90.08191958,90.09177213,17291492.0
2026-04-07,90.10162469,90.10162469,90.09177213,90.10162469,9231608.0
2026-04-08,90.10655097,90.11147725,90.10162469,90.10162469,13839398.0
2026-04-09,90.11147725,90.1213298,90.11147725,90.11147725,15586488.0
2026-04-10,90.14103491,90.15088747,90.14103491,90.14103491,10595159.0
2026-04-13,90.15088747,90.16074003,90.14103491,90.14103491,9906239.0
2026-04-14,90.15088747,90.16074003,90.15088747,90.15088747,21667638.0
2026-04-15,90.16074003,90.17059258,90.16074003,90.16074003,18583608.0
2026-04-16,90.17059258,90.18044514,90.17059258,90.17059258,17779779.0
2026-04-17,90.20015025,90.20507653,90.19029769,90.20015025,13604094.0
2026-04-20,90.21000281,90.21000281,90.20015025,90.21000281,7961377.0
2026-04-21,90.21985536,90.21985536,90.21000281,90.21985536,8177563.0
2026-04-22,90.21985536,90.22970792,90.21985536,90.21985536,9669318.0
2026-04-23,90.22970792,90.23956047,90.22970792,90.23956047,6740989.0
2026-04-24,90.26911814,90.26911814,90.25926559,90.25926559,7270202.0
2026-04-27,90.26911814,90.2789707,90.26911814,90.26911814,8616049.0
2026-04-28,90.2789707,90.28882325,90.2789707,90.2789707,6500482.0
2026-04-29,90.28882325,90.28882325,90.2789707,90.2789707,9227133.0
2026-04-30,90.28882325,90.29867581,90.28882325,90.28882325,14975113.0
2026-05-01,90.32332017,90.328261,90.31837934,90.31837934,14126115.0
2026-05-04,90.328261,90.33814266,90.328261,90.33814266,10297737.0
2026-05-05,90.34802432,90.34802432,90.33814266,90.34802432,9783262.0
2026-05-06,90.33814266,90.34802432,90.33814266,90.33814266,8293501.0
2026-05-07,90.35296516,90.35790599,90.34802432,90.35790599,8040805.0
2026-05-08,90.37766931,90.38755097,90.37766931,90.37766931,8043370.0
2026-05-11,90.39743263,90.39743263,90.38755097,90.39743263,6150378.0
2026-05-12,90.40731429,90.40731429,90.39743263,90.40731429,7332067.0
2026-05-13,90.40731429,90.41719595,90.40731429,90.40731429,7467267.0
2026-05-14,90.41719595,90.42707761,90.41719595,90.42707761,6763993.0
2026-05-15,90.44684093,90.45672259,90.44684093,90.44684093,9441176.0
2026-05-18,90.45672259,90.46660425,90.44684093,90.44684093,7274132.0
2026-05-19,90.46660425,90.47648591,90.45672259,90.46660425,9718061.0
2026-05-20,90.47648591,90.48636758,90.47648591,90.48636758,8725732.0
2026-05-21,90.49624924,90.49624924,90.47648591,90.48636758,7791428.0
2026-05-22,90.51601256,90.51601256,90.5061309,90.5061309,10871606.0
2026-05-26,90.51601256,90.52589422,90.51601256,90.52589422,9903738.0
2026-05-27,90.53577588,90.53577588,90.52589422,90.53577588,6672225.0
2026-05-28,90.53577588,90.54565754,90.53577588,90.54565754,10206009.0
2026-05-29,90.56048003,90.57530252,90.5555392,90.57530252,16056544.0
2026-06-01,90.58442217,90.58442217,90.5745114,90.58442217,17997255.0
2026-06-02,90.58442217,90.58442217,90.5745114,90.5745114,9532599.0
2026-06-03,90.59433294,90.59433294,90.58442217,90.59433294,14556580.0
2026-06-04,90.6042437,90.6042437,90.59433294,90.59433294,7054637.0
2026-06-05,90.63397601,90.63397601,90.62406524,90.63397601,12907958.0
2026-06-08,90.64388678,90.64388678,90.63397601,90.64388678,11085863.0
2026-06-09,90.64388678,90.65379755,90.64388678,90.64388678,10442622.0
2026-06-10,90.66370831,90.66370831,90.65379755,90.65379755,8003168.0
2026-06-11,90.66370831,90.66370831,90.65379755,90.66370831,8700914.0
2026-06-12,90.69344062,90.69344062,90.68352985,90.69344062,18789540.0
2026-06-15,90.70335139,90.70335139,90.69344062,90.69344062,11771989.0
2026-06-16,90.71326215,90.71326215,90.70335139,90.70335139,10456491.0
2026-06-17,90.72317292,90.72317292,90.71326215,90.71326215,8300086.0
2026-06-18,90.74299446,90.75290523,90.74299446,90.75290523,7807760.0
2026-06-22,90.75786061,90.762816,90.75290523,90.75290523,10548857.0
2026-06-23,90.77272676,90.77272676,90.762816,90.762816,10017023.0
2026-06-24,90.78263753,90.78263753,90.77272676,90.77272676,10144807.0
2026-06-25,90.78263753,90.7925483,90.78263753,90.78263753,8458597.0
2026-06-26,90.81236984,90.81236984,90.80245907,90.81236984,7481130.0
2026-06-29,90.82228061,90.82228061,90.81236984,90.82228061,11999712.0
2026-06-30,90.82228061,90.83219137,90.82228061,90.82228061,15835720.0
2026-07-01,90.8497361,90.8497361,90.83979631,90.8497361,17069134.0
2026-07-02,90.87955549,90.88949529,90.86961569,90.88949529,10416106.0
2026-07-06,90.89943508,90.89943508,90.87955549,90.87955549,14904991.0
2026-07-07,90.89943508,90.89943508,90.88949529,90.89943508,9221700.0
2026-07-08,90.90937488,90.90937488,90.89943508,90.89943508,8695965.0
2026-07-09,90.90937488,90.91931468,90.90937488,90.90937488,6627229.0
2026-07-10,90.93919427,90.94913406,90.93919427,90.94913406,8434279.0
2026-07-13,90.95410396,90.95907386,90.94913406,90.94913406,6733012.0
2026-07-14,90.94913406,90.95907386,90.94913406,90.95907386,6089129.0
2026-07-15,90.96901366,90.96901366,90.95907386,90.96901366,11497161.0
2026-07-16,90.96901366,90.97895345,90.96901366,90.97895345,9655218.0
2026-07-17,90.99883304,91.00877284,90.98889325,90.99883304,15104640.0
2026-07-20,91.00877284,91.01871264,91.00877284,91.00877284,7275612.0
2026-07-21,91.01871264,91.01871264,91.00877284,91.00877284,6698366.0
2026-07-22,91.02865243,91.02865243,91.01871264,91.02865243,6641745.0
2026-07-23,91.03362233,91.03859223,91.02865243,91.02865243,8378477.0
2026-07-24,91.05847182,91.05847182,91.04853202,91.05847182,6414998.0
2026-07-27,91.05847182,91.06841162,91.05847182,91.06841162,9280945.0
2026-07-28,91.07835141,91.07835141,91.06841162,91.07835141,8817010.0
2026-07-29,91.07835141,91.08829121,91.07835141,91.08829121,6755149.0
2026-07-30,91.1032009,91.1081708,91.098231,91.098231,10448443.0
2026-07-31,91.12805039,91.13799019,91.1181106,91.12805039,14721053.0
2026-08-03,91.14096148,91.15093095,91.130992,91.14096148,21920441.0
2026-08-04,91.14096148,91.15093095,91.14096148,91.14096148,12643803.0
2026-08-05,91.1539218,91.16090043,91.15093095,91.15093095,10380639.0
2026-08-06,91.17086991,91.17086991,91.16090043,91.17086991,7547294.0
2026-08-07,91.19080886,91.20077834,91.18083939,91.20077834,8262941.0
2026-08-10,91.21074782,91.21074782,91.20077834,91.20077834,7700423.0
2026-08-11,91.2207173,91.2207173,91.20077834,91.21074782,7396014.0
2026-08-12,91.2207173,91.23068677,91.21074782,91.23068677,8753642.0
2026-08-13,91.23068677,91.23068677,91.2207173,91.23068677,6803741.0
2026-08-14,91.2605952,91.2605952,91.25062573,91.25062573,6063333.0
2026-08-17,91.2605952,91.27056468,91.2605952,91.27056468,7166629.0
2026-08-18,91.28053416,91.28053416,91.27056468,91.28053416,8747368.0
2026-08-19,91.28053416,91.29050364,91.28053416,91.29050364,8441014.0
2026-08-20,91.29050364,91.30047311,91.29050364,91.29050364,6654695.0
2026-08-21,91.31044259,91.32041207,91.31044259,91.32041207,7324104.0
2026-08-24,91.33038155,91.33038155,91.32041207,91.33038155,6038538.0
2026-08-25,91.33038155,91.34035102,91.33038155,91.34035102,7515715.0
2026-08-26,91.34035102,91.3503205,91.34035102,91.3503205,7363452.0
2026-08-27,91.3503205,91.36028998,91.3503205,91.3503205,7761984.0
2026-08-28,91.38022893,91.38022893,91.37025945,91.37025945,7214258.0
2026-08-31,91.38022893,91.39019841,91.38022893,91.38022893,13829343.0
2026-09-01,91.4,91.4,91.39,91.39,15247166.0
2026-09-02,91.4,91.4,91.39,91.4,4434046.0
