label,kind,window,start,end,is_baseline,feasible,cost_bps,cash_yield,data_dir,params.k,params.score,avg_misallocation,max_misallocation,avg_asset_deviation,max_asset_deviation,final_value,total_contributed,net_profit,net_profit_pct,cagr,xirr,sharpe,volatility,sortino,calmar,max_drawdown,max_drawdown_days,best_year,best_year_return,worst_year,worst_year_return,traded_value,total_fees,turnover,fee_drag,exposure.BIL.avg,exposure.BIL.min,exposure.DBC.avg,exposure.DBC.min,exposure.IEF.avg,exposure.IEF.min,exposure.IWM.avg,exposure.IWM.min,exposure.SPY.avg,exposure.SPY.min,exposure.TLT.avg,exposure.TLT.min,exposure.VEA.avg,exposure.VEA.min,exposure.VNQ.avg,exposure.VNQ.min,exposure.VWO.avg,exposure.VWO.min
ROT SPY+IWM+VEA+VWO+VNQ+DBC+IEF+TLT top3 1-3-6-12U can TIP/1 fb best(BIL+IEF),full,full,2008-08-01,2026-08-24,false,true,"{""*"": 6, ""ACWX"": 3, ""AGG"": 1, ""BIL"": 1, ""BND"": 1.5, ""BTAL"": 6, ""DBC"": 3, ""DBMF"": 3, ""EEM"": 1, ""EFA"": 1, ""IEF"": 1, ""IWM"": 1, ""KMLM"": 6, ""LQD"": 1.5, ""QQQ"": 1, ""SCZ"": 5, ""SHY"": 1, ""SPY"": 0.7, ""TIP"": 2, ""TLT"": 1, ""TQQQ"": 1.5, ""VEA"": 1.5, ""VEU"": 2, ""VNQ"": 1.5, ""VTI"": 1, ""VWO"": 2}",0.03000000,tests/data/2026-08-24-net15,3,1-3-6-12U,0.00149455,0.00973503,0.00104030,0.00475935,338973.32971366,118000.00000000,220973.32971366,1.87265534,0.09855597,0.09872522,0.84526896,0.11997707,1.20758796,0.49596450,-0.19871577,283,2020,0.24412676,2015,-0.05798892,17381187.85574404,2204.84070137,4.00459733,0.01868509,0.19958576,0.00000000,0.05065245,0.00000000,0.13954111,0.00000000,0.11189894,0.00000000,0.13011950,0.00000000,0.07505514,0.00000000,0.07214769,0.00000000,0.12276806,0.00000000,0.09669596,0.00000000
ROT SPY+IWM+VEA+VWO+VNQ+DBC+IEF+TLT top3 13612W can TIP/1 fb best(BIL+IEF),full,full,2008-08-01,2026-08-24,false,true,"{""*"": 6, ""ACWX"": 3, ""AGG"": 1, ""BIL"": 1, ""BND"": 1.5, ""BTAL"": 6, ""DBC"": 3, ""DBMF"": 3, ""EEM"": 1, ""EFA"": 1, ""IEF"": 1, ""IWM"": 1, ""KMLM"": 6, ""LQD"": 1.5, ""QQQ"": 1, ""SCZ"": 5, ""SHY"": 1, ""SPY"": 0.7, ""TIP"": 2, ""TLT"": 1, ""TQQQ"": 1.5, ""VEA"": 1.5, ""VEU"": 2, ""VNQ"": 1.5, ""VTI"": 1, ""VWO"": 2}",0.03000000,tests/data/2026-08-24-net15,3,13612W,0.00152044,0.00825090,0.00111580,0.00571212,234737.11591950,118000.00000000,116737.11591950,0.98929759,0.07033906,0.06593844,0.62098230,0.12161448,0.89080360,0.27514754,-0.25564124,1261,2009,0.29495670,2024,-0.10333645,24167658.85830178,3084.52720194,6.46782999,0.02614006,0.25633754,0.00000000,0.05218988,0.00000000,0.12728829,0.00000000,0.10573387,0.00000000,0.11164859,0.00000000,0.06435700,0.00000000,0.07982728,0.00000000,0.10125884,0.00000000,0.09976848,0.00000000
ROT SPY+IWM+VEA+VWO+VNQ+DBC+IEF+TLT top3 12M can TIP/1 fb best(BIL+IEF),full,full,2008-08-01,2026-08-24,false,true,"{""*"": 6, ""ACWX"": 3, ""AGG"": 1, ""BIL"": 1, ""BND"": 1.5, ""BTAL"": 6, ""DBC"": 3, ""DBMF"": 3, ""EEM"": 1, ""EFA"": 1, ""IEF"": 1, ""IWM"": 1, ""KMLM"": 6, ""LQD"": 1.5, ""QQQ"": 1, ""SCZ"": 5, ""SHY"": 1, ""SPY"": 0.7, ""TIP"": 2, ""TLT"": 1, ""TQQQ"": 1.5, ""VEA"": 1.5, ""VEU"": 2, ""VNQ"": 1.5, ""VTI"": 1, ""VWO"": 2}",0.03000000,tests/data/2026-08-24-net15,3,12M,0.00181109,0.00973503,0.00125257,0.00475935,273696.82160307,118000.00000000,155696.82160307,1.31946459,0.06717271,0.07978930,0.59648127,0.12166773,0.82654242,0.30453753,-0.22057286,749,2021,0.21246756,2011,-0.11188944,8492596.81863396,1059.71715712,2.43240772,0.00898065,0.19806691,0.00000000,0.05678674,0.00000000,0.15329243,0.00000000,0.10267191,0.00000000,0.13302712,0.00000000,0.08118861,0.00000000,0.05680231,0.00000000,0.12883571,0.00000000,0.08749057,0.00000000
ROT SPY+IWM+VEA+VWO+VNQ+DBC+IEF+TLT top4 1-3-6-12U can TIP/1 fb best(BIL+IEF),full,full,2008-08-01,2026-08-24,false,true,"{""*"": 6, ""ACWX"": 3, ""AGG"": 1, ""BIL"": 1, ""BND"": 1.5, ""BTAL"": 6, ""DBC"": 3, ""DBMF"": 3, ""EEM"": 1, ""EFA"": 1, ""IEF"": 1, ""IWM"": 1, ""KMLM"": 6, ""LQD"": 1.5, ""QQQ"": 1, ""SCZ"": 5, ""SHY"": 1, ""SPY"": 0.7, ""TIP"": 2, ""TLT"": 1, ""TQQQ"": 1.5, ""VEA"": 1.5, ""VEU"": 2, ""VNQ"": 1.5, ""VTI"": 1, ""VWO"": 2}",0.03000000,tests/data/2026-08-24-net15,4,1-3-6-12U,0.00190229,0.00905554,0.00117920,0.00592898,333047.79160092,118000.00000000,215047.79160092,1.82243891,0.09698777,0.09717787,0.89168300,0.11096043,1.26543067,0.66465959,-0.14592096,226,2021,0.23470618,2015,-0.03340772,15247858.01922716,1981.43910593,3.48310808,0.01679186,0.20151744,0.00000000,0.04836000,0.00000000,0.15751304,0.00000000,0.11486877,0.00000000,0.13185234,0.00000000,0.06545220,0.00000000,0.07944279,0.00000000,0.10469513,0.00000000,0.09435874,0.00000000
ROT SPY+IWM+VEA+VWO+VNQ+DBC+IEF+TLT top4 13612W can TIP/1 fb best(BIL+IEF),full,full,2008-08-01,2026-08-24,false,true,"{""*"": 6, ""ACWX"": 3, ""AGG"": 1, ""BIL"": 1, ""BND"": 1.5, ""BTAL"": 6, ""DBC"": 3, ""DBMF"": 3, ""EEM"": 1, ""EFA"": 1, ""IEF"": 1, ""IWM"": 1, ""KMLM"": 6, ""LQD"": 1.5, ""QQQ"": 1, ""SCZ"": 5, ""SHY"": 1, ""SPY"": 0.7, ""TIP"": 2, ""TLT"": 1, ""TQQQ"": 1.5, ""VEA"": 1.5, ""VEU"": 2, ""VNQ"": 1.5, ""VTI"": 1, ""VWO"": 2}",0.03000000,tests/data/2026-08-24-net15,4,13612W,0.00194520,0.01278020,0.00127020,0.00601431,227916.46087174,118000.00000000,109916.46087174,0.93149543,0.06950206,0.06325036,0.64873553,0.11378465,0.92718114,0.33364751,-0.20830984,1515,2009,0.31637690,2024,-0.07045910,21638541.45368359,2772.38389829,5.87097986,0.02349478,0.25901777,0.00000000,0.05296143,0.00000000,0.14260210,0.00000000,0.10336002,0.00000000,0.11338069,0.00000000,0.06200269,0.00000000,0.08748935,0.00000000,0.08742022,0.00000000,0.08975710,0.00000000
ROT SPY+IWM+VEA+VWO+VNQ+DBC+IEF+TLT top4 12M can TIP/1 fb best(BIL+IEF),full,full,2008-08-01,2026-08-24,false,true,"{""*"": 6, ""ACWX"": 3, ""AGG"": 1, ""BIL"": 1, ""BND"": 1.5, ""BTAL"": 6, ""DBC"": 3, ""DBMF"": 3, ""EEM"": 1, ""EFA"": 1, ""IEF"": 1, ""IWM"": 1, ""KMLM"": 6, ""LQD"": 1.5, ""QQQ"": 1, ""SCZ"": 5, ""SHY"": 1, ""SPY"": 0.7, ""TIP"": 2, ""TLT"": 1, ""TQQQ"": 1.5, ""VEA"": 1.5, ""VEU"": 2, ""VNQ"": 1.5, ""VTI"": 1, ""VWO"": 2}",0.03000000,tests/data/2026-08-24-net15,4,12M,0.00220617,0.00795487,0.00137440,0.00592898,274467.11948206,118000.00000000,156467.11948206,1.32599254,0.06895824,0.08004065,0.62920321,0.11715079,0.86743788,0.34434340,-0.20026007,677,2026,0.19608693,2011,-0.07939782,7599742.89596239,975.19960914,2.19551837,0.00826440,0.19921147,0.00000000,0.04949101,0.00000000,0.16789091,0.00000000,0.10104847,0.00000000,0.14199397,0.00000000,0.06314853,0.00000000,0.07021649,0.00000000,0.10925653,0.00000000,0.09551270,0.00000000
ROT SPY+IWM+VEA+VWO+VNQ+DBC+IEF+TLT top5 1-3-6-12U can TIP/1 fb best(BIL+IEF),full,full,2008-08-01,2026-08-24,false,true,"{""*"": 6, ""ACWX"": 3, ""AGG"": 1, ""BIL"": 1, ""BND"": 1.5, ""BTAL"": 6, ""DBC"": 3, ""DBMF"": 3, ""EEM"": 1, ""EFA"": 1, ""IEF"": 1, ""IWM"": 1, ""KMLM"": 6, ""LQD"": 1.5, ""QQQ"": 1, ""SCZ"": 5, ""SHY"": 1, ""SPY"": 0.7, ""TIP"": 2, ""TLT"": 1, ""TQQQ"": 1.5, ""VEA"": 1.5, ""VEU"": 2, ""VNQ"": 1.5, ""VTI"": 1, ""VWO"": 2}",0.03000000,tests/data/2026-08-24-net15,5,1-3-6-12U,0.00231451,0.01074192,0.00126322,0.00476232,315611.70560541,118000.00000000,197611.70560541,1.67467547,0.09072426,0.09244517,0.86748224,0.10692994,1.23359977,0.62684664,-0.14473118,256,2021,0.21217491,2015,-0.01107137,12460754.54943069,1579.49578492,3.02984646,0.01338556,0.20359273,0.00000000,0.05617480,0.00000000,0.16834272,0.00000000,0.11113942,0.00000000,0.12364094,0.00000000,0.06144679,0.00000000,0.08837552,0.00000000,0.09566585,0.00000000,0.08927305,0.00000000
ROT SPY+IWM+VEA+VWO+VNQ+DBC+IEF+TLT top5 13612W can TIP/1 fb best(BIL+IEF),full,full,2008-08-01,2026-08-24,false,true,"{""*"": 6, ""ACWX"": 3, ""AGG"": 1, ""BIL"": 1, ""BND"": 1.5, ""BTAL"": 6, ""DBC"": 3, ""DBMF"": 3, ""EEM"": 1, ""EFA"": 1, ""IEF"": 1, ""IWM"": 1, ""KMLM"": 6, ""LQD"": 1.5, ""QQQ"": 1, ""SCZ"": 5, ""SHY"": 1, ""SPY"": 0.7, ""TIP"": 2, ""TLT"": 1, ""TQQQ"": 1.5, ""VEA"": 1.5, ""VEU"": 2, ""VNQ"": 1.5, ""VTI"": 1, ""VWO"": 2}",0.03000000,tests/data/2026-08-24-net15,5,13612W,0.00217487,0.01020923,0.00126624,0.00661798,227391.00085696,118000.00000000,109391.00085696,0.92704238,0.06788523,0.06303953,0.66964127,0.10682215,0.95587893,0.42697934,-0.15898950,871,2009,0.31135676,2022,-0.04631504,19841709.15014109,2501.35152981,5.51752167,0.02119789,0.26246223,0.00000000,0.05984714,0.00000000,0.16100504,0.00000000,0.09362904,0.00000000,0.10716173,0.00000000,0.06150509,0.00000000,0.08654199,0.00000000,0.08462061,0.00000000,0.08099285,0.00000000
ROT SPY+IWM+VEA+VWO+VNQ+DBC+IEF+TLT top5 12M can TIP/1 fb best(BIL+IEF),full,full,2008-08-01,2026-08-24,false,true,"{""*"": 6, ""ACWX"": 3, ""AGG"": 1, ""BIL"": 1, ""BND"": 1.5, ""BTAL"": 6, ""DBC"": 3, ""DBMF"": 3, ""EEM"": 1, ""EFA"": 1, ""IEF"": 1, ""IWM"": 1, ""KMLM"": 6, ""LQD"": 1.5, ""QQQ"": 1, ""SCZ"": 5, ""SHY"": 1, ""SPY"": 0.7, ""TIP"": 2, ""TLT"": 1, ""TQQQ"": 1.5, ""VEA"": 1.5, ""VEU"": 2, ""VNQ"": 1.5, ""VTI"": 1, ""VWO"": 2}",0.03000000,tests/data/2026-08-24-net15,5,12M,0.00262452,0.00903120,0.00147722,0.00461000,245890.77814741,118000.00000000,127890.77814741,1.08382015,0.06276840,0.07015108,0.60558818,0.11094720,0.82671796,0.29191242,-0.21502478,454,2026,0.20795748,2011,-0.06059879,7056533.80841753,907.04332521,2.15283516,0.00768681,0.20266464,0.00000000,0.05248023,0.00000000,0.19132355,0.00000000,0.09363703,0.00000000,0.12800657,0.00000000,0.06239061,0.00000000,0.08009091,0.00000000,0.09562899,0.00000000,0.09112997,0.00000000
SPY12.5/IWM12.5/VEA12.5/VWO12.5/VNQ12.5/DBC12.5/IEF12.5/TLT12.5,full,full,2008-08-01,2026-08-24,true,true,"{""*"": 6, ""ACWX"": 3, ""AGG"": 1, ""BIL"": 1, ""BND"": 1.5, ""BTAL"": 6, ""DBC"": 3, ""DBMF"": 3, ""EEM"": 1, ""EFA"": 1, ""IEF"": 1, ""IWM"": 1, ""KMLM"": 6, ""LQD"": 1.5, ""QQQ"": 1, ""SCZ"": 5, ""SHY"": 1, ""SPY"": 0.7, ""TIP"": 2, ""TLT"": 1, ""TQQQ"": 1.5, ""VEA"": 1.5, ""VEU"": 2, ""VNQ"": 1.5, ""VTI"": 1, ""VWO"": 2}",0.03000000,tests/data/2026-08-24-net15,,,0.00500791,0.02246354,0.00182037,0.00681234,245279.67996113,118000.00000000,127279.67996113,1.07864136,0.06029386,0.06992585,0.48824154,0.14041450,0.68096041,0.15101336,-0.39926173,770,2009,0.20610474,2008,-0.23649354,521966.45597873,80.83338572,0.14885643,0.00068503,,,0.12480454,0.12310299,0.12419222,0.11818766,0.12415838,0.12060417,0.12351824,0.11962648,0.12423057,0.11842295,0.12473116,0.12277925,0.12464728,0.12234621,0.12470724,0.12265592
ROT SPY top1 1-3-6-12U can TIP/1 fb best(BIL+IEF),full,full,2008-08-01,2026-08-24,true,true,"{""*"": 6, ""ACWX"": 3, ""AGG"": 1, ""BIL"": 1, ""BND"": 1.5, ""BTAL"": 6, ""DBC"": 3, ""DBMF"": 3, ""EEM"": 1, ""EFA"": 1, ""IEF"": 1, ""IWM"": 1, ""KMLM"": 6, ""LQD"": 1.5, ""QQQ"": 1, ""SCZ"": 5, ""SHY"": 1, ""SPY"": 0.7, ""TIP"": 2, ""TLT"": 1, ""TQQQ"": 1.5, ""VEA"": 1.5, ""VEU"": 2, ""VNQ"": 1.5, ""VTI"": 1, ""VWO"": 2}",0.03000000,tests/data/2026-08-24-net15,,,0.00108716,0.00577868,0.00110787,0.00578100,467146.99224891,118000.00000000,349146.99224891,2.95887282,0.11582386,0.12651009,0.97629661,0.11989490,1.37381938,0.58175195,-0.19909492,690,2021,0.28440292,2011,-0.00690719,13849011.78206380,1188.12177337,2.63541148,0.01006883,0.20727625,0.00000000,,,0.14266142,0.00000000,,,0.64895446,0.00000000,,,,,,,,
SPY benchmark,full,full,2008-08-01,2026-08-24,true,true,"{""*"": 6, ""ACWX"": 3, ""AGG"": 1, ""BIL"": 1, ""BND"": 1.5, ""BTAL"": 6, ""DBC"": 3, ""DBMF"": 3, ""EEM"": 1, ""EFA"": 1, ""IEF"": 1, ""IWM"": 1, ""KMLM"": 6, ""LQD"": 1.5, ""QQQ"": 1, ""SCZ"": 5, ""SHY"": 1, ""SPY"": 0.7, ""TIP"": 2, ""TLT"": 1, ""TQQQ"": 1.5, ""VEA"": 1.5, ""VEU"": 2, ""VNQ"": 1.5, ""VTI"": 1, ""VWO"": 2}",0.03000000,tests/data/2026-08-24-net15,,,0.00118567,0.00889012,0.00118613,0.00889171,543905.09344089,118000.00000000,425905.09344089,3.60936520,0.12213318,0.13949487,0.68480703,0.19701936,0.96815068,0.25929511,-0.47101999,858,2013,0.31890063,2008,-0.27440154,117747.67921777,8.24233755,0.01981675,0.00006985,,,,,,,,,0.99881387,0.99110829,,,,,,,,
ROT SPY+IWM+VEA+VWO+VNQ+DBC+IEF+TLT top3 1-3-6-12U can TIP/1 fb best(BIL+IEF),fit,fit,2008-08-01,2022-12-30,false,true,"{""*"": 6, ""ACWX"": 3, ""AGG"": 1, ""BIL"": 1, ""BND"": 1.5, ""BTAL"": 6, ""DBC"": 3, ""DBMF"": 3, ""EEM"": 1, ""EFA"": 1, ""IEF"": 1, ""IWM"": 1, ""KMLM"": 6, ""LQD"": 1.5, ""QQQ"": 1, ""SCZ"": 5, ""SHY"": 1, ""SPY"": 0.7, ""TIP"": 2, ""TLT"": 1, ""TQQQ"": 1.5, ""VEA"": 1.5, ""VEU"": 2, ""VNQ"": 1.5, ""VTI"": 1, ""VWO"": 2}",0.03000000,tests/data/2026-08-24-net15,3,1-3-6-12U,0.00162985,0.00973503,0.00110904,0.00475935,218995.62305786,96000.00000000,122995.62305786,1.28120441,0.09796321,0.09735956,0.83445853,0.12086204,1.19355892,0.71752815,-0.13652873,189,2020,0.24412676,2015,-0.05798892,9261664.65630691,1150.28221909,3.79159475,0.01198211,0.18100018,0.00000000,0.05197585,0.00000000,0.17117961,0.00000000,0.10764778,0.00000000,0.11712967,0.00000000,0.09414431,0.00000000,0.04812175,0.00000000,0.14051370,0.00000000,0.08661788,0.00000000
ROT SPY+IWM+VEA+VWO+VNQ+DBC+IEF+TLT top3 13612W can TIP/1 fb best(BIL+IEF),fit,fit,2008-08-01,2022-12-30,false,true,"{""*"": 6, ""ACWX"": 3, ""AGG"": 1, ""BIL"": 1, ""BND"": 1.5, ""BTAL"": 6, ""DBC"": 3, ""DBMF"": 3, ""EEM"": 1, ""EFA"": 1, ""IEF"": 1, ""IWM"": 1, ""KMLM"": 6, ""LQD"": 1.5, ""QQQ"": 1, ""SCZ"": 5, ""SHY"": 1, ""SPY"": 0.7, ""TIP"": 2, ""TLT"": 1, ""TQQQ"": 1.5, ""VEA"": 1.5, ""VEU"": 2, ""VNQ"": 1.5, ""VTI"": 1, ""VWO"": 2}",0.03000000,tests/data/2026-08-24-net15,3,13612W,0.00157751,0.00825090,0.00112836,0.00571212,182779.18236390,96000.00000000,86779.18236390,0.90394982,0.07871391,0.07684542,0.67174455,0.12441469,0.97096651,0.40062834,-0.19647615,869,2009,0.29495670,2015,-0.05965659,14370774.33274000,1827.80978594,6.17724553,0.01903969,0.23485704,0.00000000,0.05390554,0.00000000,0.15388565,0.00000000,0.10762947,0.00000000,0.09980365,0.00000000,0.07494977,0.00000000,0.06160803,0.00000000,0.11161011,0.00000000,0.10010433,0.00000000
ROT SPY+IWM+VEA+VWO+VNQ+DBC+IEF+TLT top3 12M can TIP/1 fb best(BIL+IEF),fit,fit,2008-08-01,2022-12-30,false,true,"{""*"": 6, ""ACWX"": 3, ""AGG"": 1, ""BIL"": 1, ""BND"": 1.5, ""BTAL"": 6, ""DBC"": 3, ""DBMF"": 3, ""EEM"": 1, ""EFA"": 1, ""IEF"": 1, ""IWM"": 1, ""KMLM"": 6, ""LQD"": 1.5, ""QQQ"": 1, ""SCZ"": 5, ""SHY"": 1, ""SPY"": 0.7, ""TIP"": 2, ""TLT"": 1, ""TQQQ"": 1.5, ""VEA"": 1.5, ""VEU"": 2, ""VNQ"": 1.5, ""VTI"": 1, ""VWO"": 2}",0.03000000,tests/data/2026-08-24-net15,3,12M,0.00193653,0.00973503,0.00129325,0.00475935,163950.36566311,96000.00000000,67950.36566311,0.70781631,0.05516932,0.06433044,0.50512843,0.12091490,0.69399555,0.25011835,-0.22057286,749,2021,0.21246756,2011,-0.11188944,5386148.56331468,652.76082176,2.65575829,0.00679959,0.17331334,0.00000000,0.06159768,0.00000000,0.19228010,0.00000000,0.09608066,0.00000000,0.11892899,0.00000000,0.10183773,0.00000000,0.02694935,0.00000000,0.14812505,0.00000000,0.07892332,0.00000000
ROT SPY+IWM+VEA+VWO+VNQ+DBC+IEF+TLT top4 1-3-6-12U can TIP/1 fb best(BIL+IEF),fit,fit,2008-08-01,2022-12-30,false,true,"{""*"": 6, ""ACWX"": 3, ""AGG"": 1, ""BIL"": 1, ""BND"": 1.5, ""BTAL"": 6, ""DBC"": 3, ""DBMF"": 3, ""EEM"": 1, ""EFA"": 1, ""IEF"": 1, ""IWM"": 1, ""KMLM"": 6, ""LQD"": 1.5, ""QQQ"": 1, ""SCZ"": 5, ""SHY"": 1, ""SPY"": 0.7, ""TIP"": 2, ""TLT"": 1, ""TQQQ"": 1.5, ""VEA"": 1.5, ""VEU"": 2, ""VNQ"": 1.5, ""VTI"": 1, ""VWO"": 2}",0.03000000,tests/data/2026-08-24-net15,4,1-3-6-12U,0.00212303,0.00905554,0.00128342,0.00592898,217705.35626682,96000.00000000,121705.35626682,1.26776413,0.09695246,0.09669418,0.88601993,0.11157165,1.25896725,0.74712412,-0.12976754,192,2021,0.23470618,2015,-0.03340772,8587213.93833956,1073.57615543,3.43624144,0.01118308,0.18342301,0.00000000,0.04765517,0.00000000,0.18890933,0.00000000,0.11089249,0.00000000,0.12797919,0.00000000,0.08209900,0.00000000,0.05919943,0.00000000,0.11688133,0.00000000,0.08080156,0.00000000
ROT SPY+IWM+VEA+VWO+VNQ+DBC+IEF+TLT top4 13612W can TIP/1 fb best(BIL+IEF),fit,fit,2008-08-01,2022-12-30,false,true,"{""*"": 6, ""ACWX"": 3, ""AGG"": 1, ""BIL"": 1, ""BND"": 1.5, ""BTAL"": 6, ""DBC"": 3, ""DBMF"": 3, ""EEM"": 1, ""EFA"": 1, ""IEF"": 1, ""IWM"": 1, ""KMLM"": 6, ""LQD"": 1.5, ""QQQ"": 1, ""SCZ"": 5, ""SHY"": 1, ""SPY"": 0.7, ""TIP"": 2, ""TLT"": 1, ""TQQQ"": 1.5, ""VEA"": 1.5, ""VEU"": 2, ""VNQ"": 1.5, ""VTI"": 1, ""VWO"": 2}",0.03000000,tests/data/2026-08-24-net15,4,13612W,0.00206059,0.01278020,0.00132053,0.00601431,173783.11357434,96000.00000000,77783.11357434,0.81024077,0.07629313,0.07105357,0.68578009,0.11734562,0.98643341,0.53748819,-0.14194382,865,2009,0.31637690,2015,-0.05344210,13278210.32807002,1689.10103597,5.76262466,0.01759480,0.23821644,0.00000000,0.05342809,0.00000000,0.16732083,0.00000000,0.10226867,0.00000000,0.10920639,0.00000000,0.06766490,0.00000000,0.07652114,0.00000000,0.09665971,0.00000000,0.08659023,0.00000000
ROT SPY+IWM+VEA+VWO+VNQ+DBC+IEF+TLT top4 12M can TIP/1 fb best(BIL+IEF),fit,fit,2008-08-01,2022-12-30,false,true,"{""*"": 6, ""ACWX"": 3, ""AGG"": 1, ""BIL"": 1, ""BND"": 1.5, ""BTAL"": 6, ""DBC"": 3, ""DBMF"": 3, ""EEM"": 1, ""EFA"": 1, ""IEF"": 1, ""IWM"": 1, ""KMLM"": 6, ""LQD"": 1.5, ""QQQ"": 1, ""SCZ"": 5, ""SHY"": 1, ""SPY"": 0.7, ""TIP"": 2, ""TLT"": 1, ""TQQQ"": 1.5, ""VEA"": 1.5, ""VEU"": 2, ""VNQ"": 1.5, ""VTI"": 1, ""VWO"": 2}",0.03000000,tests/data/2026-08-24-net15,4,12M,0.00238911,0.00795487,0.00145967,0.00592898,156543.69189992,96000.00000000,60543.69189992,0.63066346,0.05416485,0.05896249,0.51021564,0.11691684,0.69486126,0.27047253,-0.20026007,677,2021,0.18621410,2011,-0.07939782,4823848.34214700,588.16067260,2.34921090,0.00612667,0.17331213,0.00000000,0.05051902,0.00000000,0.21059149,0.00000000,0.09215006,0.00000000,0.14220159,0.00000000,0.07920943,0.00000000,0.05052298,0.00000000,0.11827456,0.00000000,0.08080592,0.00000000
ROT SPY+IWM+VEA+VWO+VNQ+DBC+IEF+TLT top5 1-3-6-12U can TIP/1 fb best(BIL+IEF),fit,fit,2008-08-01,2022-12-30,false,true,"{""*"": 6, ""ACWX"": 3, ""AGG"": 1, ""BIL"": 1, ""BND"": 1.5, ""BTAL"": 6, ""DBC"": 3, ""DBMF"": 3, ""EEM"": 1, ""EFA"": 1, ""IEF"": 1, ""IWM"": 1, ""KMLM"": 6, ""LQD"": 1.5, ""QQQ"": 1, ""SCZ"": 5, ""SHY"": 1, ""SPY"": 0.7, ""TIP"": 2, ""TLT"": 1, ""TQQQ"": 1.5, ""VEA"": 1.5, ""VEU"": 2, ""VNQ"": 1.5, ""VTI"": 1, ""VWO"": 2}",0.03000000,tests/data/2026-08-24-net15,5,1-3-6-12U,0.00255682,0.01074192,0.00134939,0.00476232,198215.73114785,96000.00000000,102215.73114785,1.06474720,0.08660514,0.08608834,0.83000183,0.10707493,1.18070272,0.62962066,-0.13755130,192,2021,0.21217491,2015,-0.01107137,7534428.07987966,951.56573145,3.18332467,0.00991214,0.18602648,0.00000000,0.05312370,0.00000000,0.20191768,0.00000000,0.10941374,0.00000000,0.12061104,0.00000000,0.07360830,0.00000000,0.07503463,0.00000000,0.10151446,0.00000000,0.07615868,0.00000000
ROT SPY+IWM+VEA+VWO+VNQ+DBC+IEF+TLT top5 13612W can TIP/1 fb best(BIL+IEF),fit,fit,2008-08-01,2022-12-30,false,true,"{""*"": 6, ""ACWX"": 3, ""AGG"": 1, ""BIL"": 1, ""BND"": 1.5, ""BTAL"": 6, ""DBC"": 3, ""DBMF"": 3, ""EEM"": 1, ""EFA"": 1, ""IEF"": 1, ""IWM"": 1, ""KMLM"": 6, ""LQD"": 1.5, ""QQQ"": 1, ""SCZ"": 5, ""SHY"": 1, ""SPY"": 0.7, ""TIP"": 2, ""TLT"": 1, ""TQQQ"": 1.5, ""VEA"": 1.5, ""VEU"": 2, ""VNQ"": 1.5, ""VTI"": 1, ""VWO"": 2}",0.03000000,tests/data/2026-08-24-net15,5,13612W,0.00235163,0.01020923,0.00133311,0.00661798,165201.02599447,96000.00000000,69201.02599447,0.72084402,0.07088800,0.06521011,0.67602735,0.11041851,0.96967360,0.44586593,-0.15898950,871,2009,0.31135676,2022,-0.04631476,12284519.65751757,1559.10505739,5.47093033,0.01624068,0.24138779,0.00000000,0.05888855,0.00000000,0.18924433,0.00000000,0.09323794,0.00000000,0.10687794,0.00000000,0.06328772,0.00000000,0.07851559,0.00000000,0.08997477,0.00000000,0.07617397,0.00000000
ROT SPY+IWM+VEA+VWO+VNQ+DBC+IEF+TLT top5 12M can TIP/1 fb best(BIL+IEF),fit,fit,2008-08-01,2022-12-30,false,true,"{""*"": 6, ""ACWX"": 3, ""AGG"": 1, ""BIL"": 1, ""BND"": 1.5, ""BTAL"": 6, ""DBC"": 3, ""DBMF"": 3, ""EEM"": 1, ""EFA"": 1, ""IEF"": 1, ""IWM"": 1, ""KMLM"": 6, ""LQD"": 1.5, ""QQQ"": 1, ""SCZ"": 5, ""SHY"": 1, ""SPY"": 0.7, ""TIP"": 2, ""TLT"": 1, ""TQQQ"": 1.5, ""VEA"": 1.5, ""VEU"": 2, ""VNQ"": 1.5, ""VTI"": 1, ""VWO"": 2}",0.03000000,tests/data/2026-08-24-net15,5,12M,0.00283883,0.00903120,0.00155192,0.00461000,143215.12267508,96000.00000000,47215.12267508,0.49182419,0.04892833,0.04854411,0.48340539,0.11191409,0.65256511,0.22754741,-0.21502478,454,2021,0.16184603,2011,-0.06059879,4603880.55969379,588.74367712,2.29436081,0.00613275,0.17678234,0.00000000,0.04733796,0.00000000,0.23420964,0.00000000,0.08748325,0.00000000,0.12498577,0.00000000,0.07825874,0.00000000,0.06465219,0.00000000,0.10378513,0.00000000,0.07964305,0.00000000
SPY12.5/IWM12.5/VEA12.5/VWO12.5/VNQ12.5/DBC12.5/IEF12.5/TLT12.5,fit,fit,2008-08-01,2022-12-30,true,true,"{""*"": 6, ""ACWX"": 3, ""AGG"": 1, ""BIL"": 1, ""BND"": 1.5, ""BTAL"": 6, ""DBC"": 3, ""DBMF"": 3, ""EEM"": 1, ""EFA"": 1, ""IEF"": 1, ""IWM"": 1, ""KMLM"": 6, ""LQD"": 1.5, ""QQQ"": 1, ""SCZ"": 5, ""SHY"": 1, ""SPY"": 0.7, ""TIP"": 2, ""TLT"": 1, ""TQQQ"": 1.5, ""VEA"": 1.5, ""VEU"": 2, ""VNQ"": 1.5, ""VTI"": 1, ""VWO"": 2}",0.03000000,tests/data/2026-08-24-net15,,,0.00555214,0.02246354,0.00192285,0.00681234,144554.95293991,96000.00000000,48554.95293991,0.50578076,0.04620367,0.04963984,0.37896955,0.14843545,0.52533062,0.11572276,-0.39926173,770,2009,0.20610474,2008,-0.23649354,347582.39106762,52.79276060,0.16076339,0.00054992,,,0.12477098,0.12310299,0.12404258,0.11818766,0.12408487,0.12060417,0.12347549,0.11962648,0.12409486,0.11842295,0.12469944,0.12277925,0.12461431,0.12234621,0.12466267,0.12265592
ROT SPY top1 1-3-6-12U can TIP/1 fb best(BIL+IEF),fit,fit,2008-08-01,2022-12-30,true,true,"{""*"": 6, ""ACWX"": 3, ""AGG"": 1, ""BIL"": 1, ""BND"": 1.5, ""BTAL"": 6, ""DBC"": 3, ""DBMF"": 3, ""EEM"": 1, ""EFA"": 1, ""IEF"": 1, ""IWM"": 1, ""KMLM"": 6, ""LQD"": 1.5, ""QQQ"": 1, ""SCZ"": 5, ""SHY"": 1, ""SPY"": 0.7, ""TIP"": 2, ""TLT"": 1, ""TQQQ"": 1.5, ""VEA"": 1.5, ""VEU"": 2, ""VNQ"": 1.5, ""VTI"": 1, ""VWO"": 2}",0.03000000,tests/data/2026-08-24-net15,,,0.00118897,0.00577868,0.00121004,0.00578100,260909.61329191,96000.00000000,164909.61329191,1.71780847,0.10682673,0.11694120,0.89099508,0.12246838,1.24518998,0.53656182,-0.19909492,690,2021,0.28440292,2011,-0.00690719,7243865.91902269,626.78761764,2.65015045,0.00652904,0.18486489,0.00000000,,,0.17894525,0.00000000,,,0.63497983,0.00000000,,,,,,,,
SPY benchmark,fit,fit,2008-08-01,2022-12-30,true,true,"{""*"": 6, ""ACWX"": 3, ""AGG"": 1, ""BIL"": 1, ""BND"": 1.5, ""BTAL"": 6, ""DBC"": 3, ""DBMF"": 3, ""EEM"": 1, ""EFA"": 1, ""IEF"": 1, ""IWM"": 1, ""KMLM"": 6, ""LQD"": 1.5, ""QQQ"": 1, ""SCZ"": 5, ""SHY"": 1, ""SPY"": 0.7, ""TIP"": 2, ""TLT"": 1, ""TQQQ"": 1.5, ""VEA"": 1.5, ""VEU"": 2, ""VNQ"": 1.5, ""VTI"": 1, ""VWO"": 2}",0.03000000,tests/data/2026-08-24-net15,,,0.00130421,0.00889012,0.00130478,0.00889171,247061.64983602,96000.00000000,151061.64983602,1.57355885,0.09838770,0.11087006,0.55725352,0.20710070,0.78184460,0.20888222,-0.47101999,858,2013,0.31890063,2008,-0.27440154,95996.56474238,6.71975953,0.03060153,0.00007000,,,,,,,,,0.99869522,0.99110829,,,,,,,,
ROT SPY+IWM+VEA+VWO+VNQ+DBC+IEF+TLT top3 1-3-6-12U can TIP/1 fb best(BIL+IEF),test,test,2023-01-03,2026-08-24,false,true,"{""*"": 6, ""ACWX"": 3, ""AGG"": 1, ""BIL"": 1, ""BND"": 1.5, ""BTAL"": 6, ""DBC"": 3, ""DBMF"": 3, ""EEM"": 1, ""EFA"": 1, ""IEF"": 1, ""IWM"": 1, ""KMLM"": 6, ""LQD"": 1.5, ""QQQ"": 1, ""SCZ"": 5, ""SHY"": 1, ""SPY"": 0.7, ""TIP"": 2, ""TLT"": 1, ""TQQQ"": 1.5, ""VEA"": 1.5, ""VEU"": 2, ""VNQ"": 1.5, ""VTI"": 1, ""VWO"": 2}",0.03000000,tests/data/2026-08-24-net15,3,1-3-6-12U,0.01135667,0.03031148,0.00888905,0.02647785,41342.55125950,31500.00000000,9842.55125950,0.31246194,0.10021943,0.11614284,0.89182959,0.11512477,1.26866116,0.50965675,-0.19664102,283,2026,0.14492114,2024,0.02478248,723972.55838135,94.25197858,4.25935404,0.00299213,0.27207804,0.00000000,0.04541556,0.00000000,0.01506012,0.00000000,0.12672730,0.00000000,0.17438031,0.00000000,0.00000000,0.00000000,0.16623999,0.00000000,0.05277600,0.00000000,0.13591890,0.00000000
ROT SPY+IWM+VEA+VWO+VNQ+DBC+IEF+TLT top3 13612W can TIP/1 fb best(BIL+IEF),test,test,2023-01-03,2026-08-24,false,true,"{""*"": 6, ""ACWX"": 3, ""AGG"": 1, ""BIL"": 1, ""BND"": 1.5, ""BTAL"": 6, ""DBC"": 3, ""DBMF"": 3, ""EEM"": 1, ""EFA"": 1, ""IEF"": 1, ""IWM"": 1, ""KMLM"": 6, ""LQD"": 1.5, ""QQQ"": 1, ""SCZ"": 5, ""SHY"": 1, ""SPY"": 0.7, ""TIP"": 2, ""TLT"": 1, ""TQQQ"": 1.5, ""VEA"": 1.5, ""VEU"": 2, ""VNQ"": 1.5, ""VTI"": 1, ""VWO"": 2}",0.03000000,tests/data/2026-08-24-net15,3,13612W,0.01060366,0.03385957,0.00817270,0.02579043,36196.62557707,31500.00000000,4696.62557707,0.14909922,0.03736788,0.05867361,0.39382996,0.10866090,0.54461357,0.16716479,-0.22353916,669,2025,0.11819143,2024,-0.10370324,1048600.17187252,137.82550746,6.81143300,0.00437541,0.34003000,0.00000000,0.04538950,0.00000000,0.02266123,0.00000000,0.09724553,0.00000000,0.15238935,0.00000000,0.02238168,0.00000000,0.15091026,0.00000000,0.06007565,0.00000000,0.09823981,0.00000000
ROT SPY+IWM+VEA+VWO+VNQ+DBC+IEF+TLT top3 12M can TIP/1 fb best(BIL+IEF),test,test,2023-01-03,2026-08-24,false,true,"{""*"": 6, ""ACWX"": 3, ""AGG"": 1, ""BIL"": 1, ""BND"": 1.5, ""BTAL"": 6, ""DBC"": 3, ""DBMF"": 3, ""EEM"": 1, ""EFA"": 1, ""IEF"": 1, ""IWM"": 1, ""KMLM"": 6, ""LQD"": 1.5, ""QQQ"": 1, ""SCZ"": 5, ""SHY"": 1, ""SPY"": 0.7, ""TIP"": 2, ""TLT"": 1, ""TQQQ"": 1.5, ""VEA"": 1.5, ""VEU"": 2, ""VNQ"": 1.5, ""VTI"": 1, ""VWO"": 2}",0.03000000,tests/data/2026-08-24-net15,3,12M,0.01143172,0.03032806,0.00913789,0.02604243,43053.60116634,31500.00000000,11553.60116634,0.36678099,0.11467871,0.13395485,0.94900412,0.12300090,1.35813449,0.60288835,-0.19021550,235,2025,0.16871583,2023,0.00731450,351412.75247006,47.16032314,2.03969370,0.00149715,0.29426374,0.00000000,0.03783013,0.00000000,0.00000000,0.00000000,0.12720387,0.00000000,0.18204883,0.00000000,0.00000000,0.00000000,0.17366529,0.00000000,0.05259251,0.00000000,0.12093850,0.00000000
ROT SPY+IWM+VEA+VWO+VNQ+DBC+IEF+TLT top4 1-3-6-12U can TIP/1 fb best(BIL+IEF),test,test,2023-01-03,2026-08-24,false,true,"{""*"": 6, ""ACWX"": 3, ""AGG"": 1, ""BIL"": 1, ""BND"": 1.5, ""BTAL"": 6, ""DBC"": 3, ""DBMF"": 3, ""EEM"": 1, ""EFA"": 1, ""IEF"": 1, ""IWM"": 1, ""KMLM"": 6, ""LQD"": 1.5, ""QQQ"": 1, ""SCZ"": 5, ""SHY"": 1, ""SPY"": 0.7, ""TIP"": 2, ""TLT"": 1, ""TQQQ"": 1.5, ""VEA"": 1.5, ""VEU"": 2, ""VNQ"": 1.5, ""VTI"": 1, ""VWO"": 2}",0.03000000,tests/data/2026-08-24-net15,4,1-3-6-12U,0.01167206,0.03419969,0.00781868,0.02548609,40974.21476753,31500.00000000,9474.21476753,0.30076872,0.09688306,0.11223009,0.92137977,0.10715830,1.30195859,0.66918113,-0.14477853,226,2026,0.13708017,2024,0.00621362,596244.64765474,82.41624561,3.51718711,0.00261639,0.27194685,0.00000000,0.05103918,0.00000000,0.03357992,0.00000000,0.12792454,0.00000000,0.14187738,0.00000000,0.00000000,0.00000000,0.15840843,0.00000000,0.05639850,0.00000000,0.14711197,0.00000000
ROT SPY+IWM+VEA+VWO+VNQ+DBC+IEF+TLT top4 13612W can TIP/1 fb best(BIL+IEF),test,test,2023-01-03,2026-08-24,false,true,"{""*"": 6, ""ACWX"": 3, ""AGG"": 1, ""BIL"": 1, ""BND"": 1.5, ""BTAL"": 6, ""DBC"": 3, ""DBMF"": 3, ""EEM"": 1, ""EFA"": 1, ""IEF"": 1, ""IWM"": 1, ""KMLM"": 6, ""LQD"": 1.5, ""QQQ"": 1, ""SCZ"": 5, ""SHY"": 1, ""SPY"": 0.7, ""TIP"": 2, ""TLT"": 1, ""TQQQ"": 1.5, ""VEA"": 1.5, ""VEU"": 2, ""VNQ"": 1.5, ""VTI"": 1, ""VWO"": 2}",0.03000000,tests/data/2026-08-24-net15,4,13612W,0.01207428,0.03828724,0.00826324,0.02726258,36220.74694710,31500.00000000,4720.74694710,0.14986498,0.04265094,0.05895824,0.48108044,0.09710018,0.66437839,0.24014640,-0.17760392,328,2025,0.14488840,2024,-0.07051184,923460.20271921,122.02852610,5.86314903,0.00387392,0.33988679,0.00000000,0.05103459,0.00000000,0.04518752,0.00000000,0.10582443,0.00000000,0.12407423,0.00000000,0.03931091,0.00000000,0.13006796,0.00000000,0.05061317,0.00000000,0.10186078,0.00000000
ROT SPY+IWM+VEA+VWO+VNQ+DBC+IEF+TLT top4 12M can TIP/1 fb best(BIL+IEF),test,test,2023-01-03,2026-08-24,false,true,"{""*"": 6, ""ACWX"": 3, ""AGG"": 1, ""BIL"": 1, ""BND"": 1.5, ""BTAL"": 6, ""DBC"": 3, ""DBMF"": 3, ""EEM"": 1, ""EFA"": 1, ""IEF"": 1, ""IWM"": 1, ""KMLM"": 6, ""LQD"": 1.5, ""QQQ"": 1, ""SCZ"": 5, ""SHY"": 1, ""SPY"": 0.7, ""TIP"": 2, ""TLT"": 1, ""TQQQ"": 1.5, ""VEA"": 1.5, ""VEU"": 2, ""VNQ"": 1.5, ""VTI"": 1, ""VWO"": 2}",0.03000000,tests/data/2026-08-24-net15,4,12M,0.01231059,0.03635982,0.00864908,0.02651571,45010.30871877,31500.00000000,13510.30871877,0.42889869,0.12831395,0.15363228,1.10032773,0.11648840,1.59608721,0.79848628,-0.16069650,182,2026,0.19516133,2023,-0.00241439,326460.49658557,47.16343490,1.87371043,0.00149725,0.30019740,0.00000000,0.04538277,0.00000000,0.00000000,0.00000000,0.13393124,0.00000000,0.13485511,0.00000000,0.00000000,0.00000000,0.14711956,0.00000000,0.07332647,0.00000000,0.15285177,0.00000000
ROT SPY+IWM+VEA+VWO+VNQ+DBC+IEF+TLT top5 1-3-6-12U can TIP/1 fb best(BIL+IEF),test,test,2023-01-03,2026-08-24,false,true,"{""*"": 6, ""ACWX"": 3, ""AGG"": 1, ""BIL"": 1, ""BND"": 1.5, ""BTAL"": 6, ""DBC"": 3, ""DBMF"": 3, ""EEM"": 1, ""EFA"": 1, ""IEF"": 1, ""IWM"": 1, ""KMLM"": 6, ""LQD"": 1.5, ""QQQ"": 1, ""SCZ"": 5, ""SHY"": 1, ""SPY"": 0.7, ""TIP"": 2, ""TLT"": 1, ""TQQQ"": 1.5, ""VEA"": 1.5, ""VEU"": 2, ""VNQ"": 1.5, ""VTI"": 1, ""VWO"": 2}",0.03000000,tests/data/2026-08-24-net15,5,1-3-6-12U,0.01310290,0.03722453,0.00847181,0.02952473,41900.38843479,31500.00000000,10400.38843479,0.33017106,0.10656108,0.12201482,1.02303043,0.10491243,1.45398009,0.74789681,-0.14248099,256,2026,0.15557929,2024,0.02133105,471642.31175500,60.92279690,2.74761032,0.00193406,0.27198264,0.00000000,0.06803979,0.00000000,0.03601835,0.00000000,0.11585480,0.00000000,0.12915648,0.00000000,0.01340465,0.00000000,0.14012565,0.00000000,0.07207840,0.00000000,0.14020483,0.00000000
ROT SPY+IWM+VEA+VWO+VNQ+DBC+IEF+TLT top5 13612W can TIP/1 fb best(BIL+IEF),test,test,2023-01-03,2026-08-24,false,true,"{""*"": 6, ""ACWX"": 3, ""AGG"": 1, ""BIL"": 1, ""BND"": 1.5, ""BTAL"": 6, ""DBC"": 3, ""DBMF"": 3, ""EEM"": 1, ""EFA"": 1, ""IEF"": 1, ""IWM"": 1, ""KMLM"": 6, ""LQD"": 1.5, ""QQQ"": 1, ""SCZ"": 5, ""SHY"": 1, ""SPY"": 0.7, ""TIP"": 2, ""TLT"": 1, ""TQQQ"": 1.5, ""VEA"": 1.5, ""VEU"": 2, ""VNQ"": 1.5, ""VTI"": 1, ""VWO"": 2}",0.03000000,tests/data/2026-08-24-net15,5,13612W,0.01355112,0.04108527,0.00918570,0.02818017,37234.44677810,31500.00000000,5734.44677810,0.18204593,0.05492035,0.07078094,0.64408269,0.08971956,0.89460275,0.39016264,-0.14076270,330,2025,0.14867956,2024,-0.04125900,871492.96158086,110.13125758,5.41081757,0.00349623,0.34440366,0.00000000,0.06347448,0.00000000,0.04926530,0.00000000,0.09374027,0.00000000,0.10150573,0.00000000,0.05387402,0.00000000,0.11752460,0.00000000,0.06308968,0.00000000,0.09951279,0.00000000
ROT SPY+IWM+VEA+VWO+VNQ+DBC+IEF+TLT top5 12M can TIP/1 fb best(BIL+IEF),test,test,2023-01-03,2026-08-24,false,true,"{""*"": 6, ""ACWX"": 3, ""AGG"": 1, ""BIL"": 1, ""BND"": 1.5, ""BTAL"": 6, ""DBC"": 3, ""DBMF"": 3, ""EEM"": 1, ""EFA"": 1, ""IEF"": 1, ""IWM"": 1, ""KMLM"": 6, ""LQD"": 1.5, ""QQQ"": 1, ""SCZ"": 5, ""SHY"": 1, ""SPY"": 0.7, ""TIP"": 2, ""TLT"": 1, ""TQQQ"": 1.5, ""VEA"": 1.5, ""VEU"": 2, ""VNQ"": 1.5, ""VTI"": 1, ""VWO"": 2}",0.03000000,tests/data/2026-08-24-net15,5,12M,0.01284563,0.03423760,0.00833281,0.02566842,44082.40723395,31500.00000000,12582.40723395,0.39944150,0.11854801,0.14438933,1.12500378,0.10504341,1.61651172,0.86633463,-0.13683859,197,2026,0.20687451,2023,0.00101463,309434.19733384,39.98179986,1.80881685,0.00126926,0.30331225,0.00000000,0.07260123,0.00000000,0.02251986,0.00000000,0.11564741,0.00000000,0.13414768,0.00000000,0.00000000,0.00000000,0.14016316,0.00000000,0.06297925,0.00000000,0.13575967,0.00000000
SPY12.5/IWM12.5/VEA12.5/VWO12.5/VNQ12.5/DBC12.5/IEF12.5/TLT12.5,test,test,2023-01-03,2026-08-24,true,true,"{""*"": 6, ""ACWX"": 3, ""AGG"": 1, ""BIL"": 1, ""BND"": 1.5, ""BTAL"": 6, ""DBC"": 3, ""DBMF"": 3, ""EEM"": 1, ""EFA"": 1, ""IEF"": 1, ""IWM"": 1, ""KMLM"": 6, ""LQD"": 1.5, ""QQQ"": 1, ""SCZ"": 5, ""SHY"": 1, ""SPY"": 0.7, ""TIP"": 2, ""TLT"": 1, ""TQQQ"": 1.5, ""VEA"": 1.5, ""VEU"": 2, ""VNQ"": 1.5, ""VTI"": 1, ""VWO"": 2}",0.03000000,tests/data/2026-08-24-net15,,,0.02781964,0.05563441,0.01417311,0.02960415,42225.13867391,31500.00000000,10725.13867391,0.34048059,0.11486057,0.12540397,1.14901334,0.09945675,1.69128938,1.03520357,-0.11095457,251,2026,0.13826875,2024,0.05429318,41157.97238253,6.29734172,0.23572508,0.00019992,,,0.12451341,0.12345739,0.12285895,0.11914942,0.11972816,0.11332662,0.11165958,0.09539585,0.12274563,0.11666794,0.12372438,0.12199117,0.12303656,0.11920021,0.12390971,0.12201104
ROT SPY top1 1-3-6-12U can TIP/1 fb best(BIL+IEF),test,test,2023-01-03,2026-08-24,true,true,"{""*"": 6, ""ACWX"": 3, ""AGG"": 1, ""BIL"": 1, ""BND"": 1.5, ""BTAL"": 6, ""DBC"": 3, ""DBMF"": 3, ""EEM"": 1, ""EFA"": 1, ""IEF"": 1, ""IWM"": 1, ""KMLM"": 6, ""LQD"": 1.5, ""QQQ"": 1, ""SCZ"": 5, ""SHY"": 1, ""SPY"": 0.7, ""TIP"": 2, ""TLT"": 1, ""TQQQ"": 1.5, ""VEA"": 1.5, ""VEU"": 2, ""VNQ"": 1.5, ""VTI"": 1, ""VWO"": 2}",0.03000000,tests/data/2026-08-24-net15,,,0.00874667,0.02127131,0.00876741,0.02127131,45557.22711661,31500.00000000,14057.22711661,0.44626118,0.15135233,0.15900812,1.36587846,0.10804188,1.99356338,1.38106421,-0.10959109,202,2024,0.18910934,2023,0.09960898,490309.15290281,41.71859816,2.62267527,0.00132440,0.29446822,0.00000000,,,0.00000000,0.00000000,,,0.69676437,0.00000000,,,,,,,,
SPY benchmark,test,test,2023-01-03,2026-08-24,true,true,"{""*"": 6, ""ACWX"": 3, ""AGG"": 1, ""BIL"": 1, ""BND"": 1.5, ""BTAL"": 6, ""DBC"": 3, ""DBMF"": 3, ""EEM"": 1, ""EFA"": 1, ""IEF"": 1, ""IWM"": 1, ""KMLM"": 6, ""LQD"": 1.5, ""QQQ"": 1, ""SCZ"": 5, ""SHY"": 1, ""SPY"": 0.7, ""TIP"": 2, ""TLT"": 1, ""TQQQ"": 1.5, ""VEA"": 1.5, ""VEU"": 2, ""VNQ"": 1.5, ""VTI"": 1, ""VWO"": 2}",0.03000000,tests/data/2026-08-24-net15,,,0.01118127,0.02889993,0.01118276,0.02890110,51462.51865568,31500.00000000,19962.51865568,0.63373075,0.22151929,0.21396638,1.42521974,0.14894780,2.14327329,1.18927495,-0.18626415,127,2023,0.26134206,2026,0.12377263,31218.24766906,2.18527734,0.14948196,0.00006937,,,,,,,,,0.98881724,0.97109890,,,,,,,,
ROT SPY+IWM+VEA+VWO+VNQ+DBC+IEF+TLT top3 1-3-6-12U can TIP/1 fb best(BIL+IEF),sens,sens_2008-08-01,2008-08-01,2013-08-01,false,true,"{""*"": 6, ""ACWX"": 3, ""AGG"": 1, ""BIL"": 1, ""BND"": 1.5, ""BTAL"": 6, ""DBC"": 3, ""DBMF"": 3, ""EEM"": 1, ""EFA"": 1, ""IEF"": 1, ""IWM"": 1, ""KMLM"": 6, ""LQD"": 1.5, ""QQQ"": 1, ""SCZ"": 5, ""SHY"": 1, ""SPY"": 0.7, ""TIP"": 2, ""TLT"": 1, ""TQQQ"": 1.5, ""VEA"": 1.5, ""VEU"": 2, ""VNQ"": 1.5, ""VTI"": 1, ""VWO"": 2}",0.03000000,tests/data/2026-08-24-net15,3,1-3-6-12U,0.00241539,0.00973503,0.00151269,0.00475935,57742.26823639,40000.00000000,17742.26823639,0.44355671,0.12793264,0.11951974,0.85731202,0.15458657,1.24053169,0.93703818,-0.13652873,189,2009,0.20237916,2011,0.04081347,1019097.24657977,132.70268423,3.10930891,0.00331757,0.05454892,0.00000000,0.05452819,0.00000000,0.19067366,0.00000000,0.14709389,0.00000000,0.06534321,0.00000000,0.11429543,0.00000000,0.06547469,0.00000000,0.19648352,0.00000000,0.10911108,0.00000000
ROT SPY+IWM+VEA+VWO+VNQ+DBC+IEF+TLT top3 13612W can TIP/1 fb best(BIL+IEF),sens,sens_2008-08-01,2008-08-01,2013-08-01,false,true,"{""*"": 6, ""ACWX"": 3, ""AGG"": 1, ""BIL"": 1, ""BND"": 1.5, ""BTAL"": 6, ""DBC"": 3, ""DBMF"": 3, ""EEM"": 1, ""EFA"": 1, ""IEF"": 1, ""IWM"": 1, ""KMLM"": 6, ""LQD"": 1.5, ""QQQ"": 1, ""SCZ"": 5, ""SHY"": 1, ""SPY"": 0.7, ""TIP"": 2, ""TLT"": 1, ""TQQQ"": 1.5, ""VEA"": 1.5, ""VEU"": 2, ""VNQ"": 1.5, ""VTI"": 1, ""VWO"": 2}",0.03000000,tests/data/2026-08-24-net15,3,13612W,0.00242445,0.00825090,0.00165851,0.00571212,53858.22457184,40000.00000000,13858.22457184,0.34645561,0.09955715,0.09665035,0.65912602,0.16477965,0.96598546,0.50671368,-0.19647615,869,2009,0.29495670,2010,-0.02994829,1964596.44100162,251.16029753,6.50436711,0.00627901,0.16356952,0.00000000,0.04908021,0.00000000,0.16889966,0.00000000,0.12532660,0.00000000,0.07614648,0.00000000,0.08708286,0.00000000,0.08186797,0.00000000,0.13639469,0.00000000,0.10913792,0.00000000
ROT SPY+IWM+VEA+VWO+VNQ+DBC+IEF+TLT top3 12M can TIP/1 fb best(BIL+IEF),sens,sens_2008-08-01,2008-08-01,2013-08-01,false,true,"{""*"": 6, ""ACWX"": 3, ""AGG"": 1, ""BIL"": 1, ""BND"": 1.5, ""BTAL"": 6, ""DBC"": 3, ""DBMF"": 3, ""EEM"": 1, ""EFA"": 1, ""IEF"": 1, ""IWM"": 1, ""KMLM"": 6, ""LQD"": 1.5, ""QQQ"": 1, ""SCZ"": 5, ""SHY"": 1, ""SPY"": 0.7, ""TIP"": 2, ""TLT"": 1, ""TQQQ"": 1.5, ""VEA"": 1.5, ""VEU"": 2, ""VNQ"": 1.5, ""VTI"": 1, ""VWO"": 2}",0.03000000,tests/data/2026-08-24-net15,3,12M,0.00257664,0.00973503,0.00167830,0.00475935,47146.38553212,40000.00000000,7146.38553212,0.17865964,0.04372632,0.05322307,0.34955067,0.15872294,0.48281623,0.19823982,-0.22057286,749,2010,0.15659326,2011,-0.11188944,699773.84058438,91.52448139,2.58983563,0.00228811,0.04912902,0.00000000,0.07635672,0.00000000,0.25595802,0.00000000,0.13073900,0.00000000,0.04900827,0.00000000,0.09255380,0.00000000,0.03821285,0.00000000,0.21269593,0.00000000,0.09274325,0.00000000
ROT SPY+IWM+VEA+VWO+VNQ+DBC+IEF+TLT top4 1-3-6-12U can TIP/1 fb best(BIL+IEF),sens,sens_2008-08-01,2008-08-01,2013-08-01,false,true,"{""*"": 6, ""ACWX"": 3, ""AGG"": 1, ""BIL"": 1, ""BND"": 1.5, ""BTAL"": 6, ""DBC"": 3, ""DBMF"": 3, ""EEM"": 1, ""EFA"": 1, ""IEF"": 1, ""IWM"": 1, ""KMLM"": 6, ""LQD"": 1.5, ""QQQ"": 1, ""SCZ"": 5, ""SHY"": 1, ""SPY"": 0.7, ""TIP"": 2, ""TLT"": 1, ""TQQQ"": 1.5, ""VEA"": 1.5, ""VEU"": 2, ""VNQ"": 1.5, ""VTI"": 1, ""VWO"": 2}",0.03000000,tests/data/2026-08-24-net15,4,1-3-6-12U,0.00325669,0.00905554,0.00191017,0.00592898,58050.31967520,40000.00000000,18050.31967520,0.45125799,0.12380182,0.12127186,0.88425082,0.14392880,1.26687241,0.95402769,-0.12976754,192,2010,0.16132392,2011,0.02282571,952520.65236658,117.42145750,2.97020954,0.00293554,0.05727861,0.00000000,0.04091714,0.00000000,0.20409382,0.00000000,0.14287558,0.00000000,0.12226060,0.00000000,0.09383741,0.00000000,0.06959056,0.00000000,0.16366077,0.00000000,0.10219925,0.00000000
ROT SPY+IWM+VEA+VWO+VNQ+DBC+IEF+TLT top4 13612W can TIP/1 fb best(BIL+IEF),sens,sens_2008-08-01,2008-08-01,2013-08-01,false,true,"{""*"": 6, ""ACWX"": 3, ""AGG"": 1, ""BIL"": 1, ""BND"": 1.5, ""BTAL"": 6, ""DBC"": 3, ""DBMF"": 3, ""EEM"": 1, ""EFA"": 1, ""IEF"": 1, ""IWM"": 1, ""KMLM"": 6, ""LQD"": 1.5, ""QQQ"": 1, ""SCZ"": 5, ""SHY"": 1, ""SPY"": 0.7, ""TIP"": 2, ""TLT"": 1, ""TQQQ"": 1.5, ""VEA"": 1.5, ""VEU"": 2, ""VNQ"": 1.5, ""VTI"": 1, ""VWO"": 2}",0.03000000,tests/data/2026-08-24-net15,4,13612W,0.00306520,0.01278020,0.00189836,0.00601431,54013.57406875,40000.00000000,14013.57406875,0.35033935,0.10443170,0.09759411,0.71534301,0.15607992,1.04937262,0.73572557,-0.14194382,865,2009,0.31637690,2010,-0.01321686,1763595.75333454,219.91779114,5.74697077,0.00549794,0.16359741,0.00000000,0.04500054,0.00000000,0.18791404,0.00000000,0.11836529,0.00000000,0.09363210,0.00000000,0.07745049,0.00000000,0.09413133,0.00000000,0.12681144,0.00000000,0.08997242,0.00000000
ROT SPY+IWM+VEA+VWO+VNQ+DBC+IEF+TLT top4 12M can TIP/1 fb best(BIL+IEF),sens,sens_2008-08-01,2008-08-01,2013-08-01,false,true,"{""*"": 6, ""ACWX"": 3, ""AGG"": 1, ""BIL"": 1, ""BND"": 1.5, ""BTAL"": 6, ""DBC"": 3, ""DBMF"": 3, ""EEM"": 1, ""EFA"": 1, ""IEF"": 1, ""IWM"": 1, ""KMLM"": 6, ""LQD"": 1.5, ""QQQ"": 1, ""SCZ"": 5, ""SHY"": 1, ""SPY"": 0.7, ""TIP"": 2, ""TLT"": 1, ""TQQQ"": 1.5, ""VEA"": 1.5, ""VEU"": 2, ""VNQ"": 1.5, ""VTI"": 1, ""VWO"": 2}",0.03000000,tests/data/2026-08-24-net15,4,12M,0.00325930,0.00795487,0.00189261,0.00592898,49438.05886877,40000.00000000,9438.05886877,0.23595147,0.05691912,0.06867012,0.44150551,0.15169505,0.60762525,0.28422602,-0.20026007,677,2010,0.12070088,2011,-0.07939782,578643.14951820,69.77380705,2.11848138,0.00174435,0.04914078,0.00000000,0.05724038,0.00000000,0.26565174,0.00000000,0.11424487,0.00000000,0.11810100,0.00000000,0.07342545,0.00000000,0.06136882,0.00000000,0.16761080,0.00000000,0.08993701,0.00000000
ROT SPY+IWM+VEA+VWO+VNQ+DBC+IEF+TLT top5 1-3-6-12U can TIP/1 fb best(BIL+IEF),sens,sens_2008-08-01,2008-08-01,2013-08-01,false,true,"{""*"": 6, ""ACWX"": 3, ""AGG"": 1, ""BIL"": 1, ""BND"": 1.5, ""BTAL"": 6, ""DBC"": 3, ""DBMF"": 3, ""EEM"": 1, ""EFA"": 1, ""IEF"": 1, ""IWM"": 1, ""KMLM"": 6, ""LQD"": 1.5, ""QQQ"": 1, ""SCZ"": 5, ""SHY"": 1, ""SPY"": 0.7, ""TIP"": 2, ""TLT"": 1, ""TQQQ"": 1.5, ""VEA"": 1.5, ""VEU"": 2, ""VNQ"": 1.5, ""VTI"": 1, ""VWO"": 2}",0.03000000,tests/data/2026-08-24-net15,5,1-3-6-12U,0.00396703,0.01074192,0.00193629,0.00476232,54765.40918221,40000.00000000,14765.40918221,0.36913523,0.10742829,0.10212610,0.80105571,0.13978246,1.14833616,0.78100524,-0.13755130,192,2009,0.14144088,2011,0.01973575,889341.31486994,114.90864046,2.84899880,0.00287272,0.05895963,0.00000000,0.05232895,0.00000000,0.23202091,0.00000000,0.13380288,0.00000000,0.12041297,0.00000000,0.07800642,0.00000000,0.08177482,0.00000000,0.14063748,0.00000000,0.09805942,0.00000000
ROT SPY+IWM+VEA+VWO+VNQ+DBC+IEF+TLT top5 13612W can TIP/1 fb best(BIL+IEF),sens,sens_2008-08-01,2008-08-01,2013-08-01,false,true,"{""*"": 6, ""ACWX"": 3, ""AGG"": 1, ""BIL"": 1, ""BND"": 1.5, ""BTAL"": 6, ""DBC"": 3, ""DBMF"": 3, ""EEM"": 1, ""EFA"": 1, ""IEF"": 1, ""IWM"": 1, ""KMLM"": 6, ""LQD"": 1.5, ""QQQ"": 1, ""SCZ"": 5, ""SHY"": 1, ""SPY"": 0.7, ""TIP"": 2, ""TLT"": 1, ""TQQQ"": 1.5, ""VEA"": 1.5, ""VEU"": 2, ""VNQ"": 1.5, ""VTI"": 1, ""VWO"": 2}",0.03000000,tests/data/2026-08-24-net15,5,13612W,0.00365387,0.01020923,0.00197721,0.00661798,52488.05928296,40000.00000000,12488.05928296,0.31220148,0.09611578,0.08821458,0.69195278,0.14882267,1.01161340,0.60454171,-0.15898950,871,2009,0.31135676,2010,-0.03261446,1646533.15049539,211.13959523,5.45791846,0.00527849,0.16357905,0.00000000,0.05558051,0.00000000,0.21243222,0.00000000,0.10431899,0.00000000,0.11070747,0.00000000,0.06181850,0.00000000,0.08508487,0.00000000,0.11445368,0.00000000,0.08831402,0.00000000
ROT SPY+IWM+VEA+VWO+VNQ+DBC+IEF+TLT top5 12M can TIP/1 fb best(BIL+IEF),sens,sens_2008-08-01,2008-08-01,2013-08-01,false,true,"{""*"": 6, ""ACWX"": 3, ""AGG"": 1, ""BIL"": 1, ""BND"": 1.5, ""BTAL"": 6, ""DBC"": 3, ""DBMF"": 3, ""EEM"": 1, ""EFA"": 1, ""IEF"": 1, ""IWM"": 1, ""KMLM"": 6, ""LQD"": 1.5, ""QQQ"": 1, ""SCZ"": 5, ""SHY"": 1, ""SPY"": 0.7, ""TIP"": 2, ""TLT"": 1, ""TQQQ"": 1.5, ""VEA"": 1.5, ""VEU"": 2, ""VNQ"": 1.5, ""VTI"": 1, ""VWO"": 2}",0.03000000,tests/data/2026-08-24-net15,5,12M,0.00394344,0.00903120,0.00207699,0.00461000,49342.13327806,40000.00000000,9342.13327806,0.23355333,0.06155891,0.06803722,0.48947043,0.14324725,0.67303599,0.29141473,-0.21124160,685,2010,0.12236850,2011,-0.06059879,519649.31879434,64.11023136,1.86721173,0.00160276,0.04913557,0.00000000,0.04904005,0.00000000,0.30404606,0.00000000,0.10444473,0.00000000,0.12345630,0.00000000,0.08468782,0.00000000,0.06216552,0.00000000,0.13729424,0.00000000,0.08176904,0.00000000
SPY12.5/IWM12.5/VEA12.5/VWO12.5/VNQ12.5/DBC12.5/IEF12.5/TLT12.5,sens,sens_2008-08-01,2008-08-01,2013-08-01,true,true,"{""*"": 6, ""ACWX"": 3, ""AGG"": 1, ""BIL"": 1, ""BND"": 1.5, ""BTAL"": 6, ""DBC"": 3, ""DBMF"": 3, ""EEM"": 1, ""EFA"": 1, ""IEF"": 1, ""IWM"": 1, ""KMLM"": 6, ""LQD"": 1.5, ""QQQ"": 1, ""SCZ"": 5, ""SHY"": 1, ""SPY"": 0.7, ""TIP"": 2, ""TLT"": 1, ""TQQQ"": 1.5, ""VEA"": 1.5, ""VEU"": 2, ""VNQ"": 1.5, ""VTI"": 1, ""VWO"": 2}",0.03000000,tests/data/2026-08-24-net15,,,0.00865737,0.02246354,0.00276482,0.00681234,51033.01322861,40000.00000000,11033.01322861,0.27582533,0.04914267,0.07902750,0.34224891,0.19723532,0.48236339,0.12308385,-0.39926173,770,2009,0.20610474,2008,-0.23649354,65537.24566041,9.67690907,0.23089879,0.00024192,,,0.12450794,0.12310299,0.12324938,0.11818766,0.12372280,0.12060417,0.12308465,0.11962648,0.12344032,0.11842295,0.12449184,0.12277925,0.12450297,0.12234621,0.12433873,0.12265592
ROT SPY top1 1-3-6-12U can TIP/1 fb best(BIL+IEF),sens,sens_2008-08-01,2008-08-01,2013-08-01,true,true,"{""*"": 6, ""ACWX"": 3, ""AGG"": 1, ""BIL"": 1, ""BND"": 1.5, ""BTAL"": 6, ""DBC"": 3, ""DBMF"": 3, ""EEM"": 1, ""EFA"": 1, ""IEF"": 1, ""IWM"": 1, ""KMLM"": 6, ""LQD"": 1.5, ""QQQ"": 1, ""SCZ"": 5, ""SHY"": 1, ""SPY"": 0.7, ""TIP"": 2, ""TLT"": 1, ""TQQQ"": 1.5, ""VEA"": 1.5, ""VEU"": 2, ""VNQ"": 1.5, ""VTI"": 1, ""VWO"": 2}",0.03000000,tests/data/2026-08-24-net15,,,0.00179846,0.00577868,0.00181645,0.00578100,52895.02213423,40000.00000000,12895.02213423,0.32237555,0.08697638,0.09074143,0.63833833,0.14806309,0.89701300,0.43685886,-0.19909492,690,2013,0.15112132,2011,-0.00690719,688385.98037359,58.48462432,2.40543860,0.00146212,0.06547776,0.00000000,,,0.24535808,0.00000000,,,0.68734771,0.00000000,,,,,,,,
SPY benchmark,sens,sens_2008-08-01,2008-08-01,2013-08-01,true,true,"{""*"": 6, ""ACWX"": 3, ""AGG"": 1, ""BIL"": 1, ""BND"": 1.5, ""BTAL"": 6, ""DBC"": 3, ""DBMF"": 3, ""EEM"": 1, ""EFA"": 1, ""IEF"": 1, ""IWM"": 1, ""KMLM"": 6, ""LQD"": 1.5, ""QQQ"": 1, ""SCZ"": 5, ""SHY"": 1, ""SPY"": 0.7, ""TIP"": 2, ""TLT"": 1, ""TQQQ"": 1.5, ""VEA"": 1.5, ""VEU"": 2, ""VNQ"": 1.5, ""VTI"": 1, ""VWO"": 2}",0.03000000,tests/data/2026-08-24-net15,,,0.00213342,0.00889012,0.00213478,0.00889171,60376.45152601,40000.00000000,20376.45152601,0.50941129,0.08255229,0.13423134,0.43892042,0.25483723,0.62222940,0.17526281,-0.47101999,858,2009,0.25845458,2008,-0.27440154,39893.63339995,2.79255434,0.13782037,0.00006981,,,,,,,,,0.99786522,0.99110829,,,,,,,,
ROT SPY+IWM+VEA+VWO+VNQ+DBC+IEF+TLT top3 1-3-6-12U can TIP/1 fb best(BIL+IEF),sens,sens_2009-02-02,2009-02-02,2014-01-31,false,true,"{""*"": 6, ""ACWX"": 3, ""AGG"": 1, ""BIL"": 1, ""BND"": 1.5, ""BTAL"": 6, ""DBC"": 3, ""DBMF"": 3, ""EEM"": 1, ""EFA"": 1, ""IEF"": 1, ""IWM"": 1, ""KMLM"": 6, ""LQD"": 1.5, ""QQQ"": 1, ""SCZ"": 5, ""SHY"": 1, ""SPY"": 0.7, ""TIP"": 2, ""TLT"": 1, ""TQQQ"": 1.5, ""VEA"": 1.5, ""VEU"": 2, ""VNQ"": 1.5, ""VTI"": 1, ""VWO"": 2}",0.03000000,tests/data/2026-08-24-net15,3,1-3-6-12U,0.00257503,0.00689930,0.00152748,0.00503751,53945.55751761,39500.00000000,14445.55751761,0.36571032,0.11739455,0.10023297,0.81277073,0.15058713,1.17367450,0.86050085,-0.13642584,189,2009,0.24096330,2014,0.00000163,867487.65428352,111.91794151,2.68517355,0.00283337,0.13877291,0.00000000,0.04438567,0.00000000,0.11622656,0.00000000,0.14950575,0.00000000,0.06642441,0.00000000,0.10505377,0.00000000,0.06656065,0.00000000,0.19958216,0.00000000,0.11088280,0.00000000
ROT SPY+IWM+VEA+VWO+VNQ+DBC+IEF+TLT top3 13612W can TIP/1 fb best(BIL+IEF),sens,sens_2009-02-02,2009-02-02,2014-01-31,false,true,"{""*"": 6, ""ACWX"": 3, ""AGG"": 1, ""BIL"": 1, ""BND"": 1.5, ""BTAL"": 6, ""DBC"": 3, ""DBMF"": 3, ""EEM"": 1, ""EFA"": 1, ""IEF"": 1, ""IWM"": 1, ""KMLM"": 6, ""LQD"": 1.5, ""QQQ"": 1, ""SCZ"": 5, ""SHY"": 1, ""SPY"": 0.7, ""TIP"": 2, ""TLT"": 1, ""TQQQ"": 1.5, ""VEA"": 1.5, ""VEU"": 2, ""VNQ"": 1.5, ""VTI"": 1, ""VWO"": 2}",0.03000000,tests/data/2026-08-24-net15,3,13612W,0.00232236,0.00918002,0.00148627,0.00503751,53357.23917827,39500.00000000,13857.23917827,0.35081618,0.11430895,0.09667092,0.74485381,0.16324046,1.09757476,0.58147738,-0.19658365,869,2009,0.38024496,2010,-0.03002162,2001785.40125467,248.06877249,6.44119376,0.00628022,0.18316495,0.00000000,0.04439002,0.00000000,0.14958543,0.00000000,0.12177377,0.00000000,0.08299267,0.00000000,0.07737512,0.00000000,0.08876896,0.00000000,0.13860954,0.00000000,0.11094724,0.00000000
ROT SPY+IWM+VEA+VWO+VNQ+DBC+IEF+TLT top3 12M can TIP/1 fb best(BIL+IEF),sens,sens_2009-02-02,2009-02-02,2014-01-31,false,true,"{""*"": 6, ""ACWX"": 3, ""AGG"": 1, ""BIL"": 1, ""BND"": 1.5, ""BTAL"": 6, ""DBC"": 3, ""DBMF"": 3, ""EEM"": 1, ""EFA"": 1, ""IEF"": 1, ""IWM"": 1, ""KMLM"": 6, ""LQD"": 1.5, ""QQQ"": 1, ""SCZ"": 5, ""SHY"": 1, ""SPY"": 0.7, ""TIP"": 2, ""TLT"": 1, ""TQQQ"": 1.5, ""VEA"": 1.5, ""VEU"": 2, ""VNQ"": 1.5, ""VTI"": 1, ""VWO"": 2}",0.03000000,tests/data/2026-08-24-net15,3,12M,0.00280908,0.00847368,0.00178038,0.00588823,46240.87004186,39500.00000000,6740.87004186,0.17065494,0.05238086,0.05042827,0.40875989,0.15403738,0.56493094,0.23755090,-0.22050373,749,2010,0.15628961,2011,-0.11199357,621514.50680586,80.38468960,2.24116880,0.00203506,0.13321102,0.00000000,0.06103750,0.00000000,0.19381051,0.00000000,0.13282800,0.00000000,0.04973492,0.00000000,0.07727408,0.00000000,0.03883047,0.00000000,0.21623194,0.00000000,0.09420780,0.00000000
ROT SPY+IWM+VEA+VWO+VNQ+DBC+IEF+TLT top4 1-3-6-12U can TIP/1 fb best(BIL+IEF),sens,sens_2009-02-02,2009-02-02,2014-01-31,false,true,"{""*"": 6, ""ACWX"": 3, ""AGG"": 1, ""BIL"": 1, ""BND"": 1.5, ""BTAL"": 6, ""DBC"": 3, ""DBMF"": 3, ""EEM"": 1, ""EFA"": 1, ""IEF"": 1, ""IWM"": 1, ""KMLM"": 6, ""LQD"": 1.5, ""QQQ"": 1, ""SCZ"": 5, ""SHY"": 1, ""SPY"": 0.7, ""TIP"": 2, ""TLT"": 1, ""TQQQ"": 1.5, ""VEA"": 1.5, ""VEU"": 2, ""VNQ"": 1.5, ""VTI"": 1, ""VWO"": 2}",0.03000000,tests/data/2026-08-24-net15,4,1-3-6-12U,0.00339131,0.00942004,0.00183168,0.00594089,54465.78752560,39500.00000000,14965.78752560,0.37888070,0.11492090,0.10335302,0.84924848,0.13964477,1.21701548,0.88647970,-0.12963737,192,2009,0.19568428,2014,0.00000113,805917.15048157,98.91576270,2.52604495,0.00250420,0.14146974,0.00000000,0.03329462,0.00000000,0.12862015,0.00000000,0.14106482,0.00000000,0.12423013,0.00000000,0.08708918,0.00000000,0.07069984,0.00000000,0.16622886,0.00000000,0.10388388,0.00000000
ROT SPY+IWM+VEA+VWO+VNQ+DBC+IEF+TLT top4 13612W can TIP/1 fb best(BIL+IEF),sens,sens_2009-02-02,2009-02-02,2014-01-31,false,true,"{""*"": 6, ""ACWX"": 3, ""AGG"": 1, ""BIL"": 1, ""BND"": 1.5, ""BTAL"": 6, ""DBC"": 3, ""DBMF"": 3, ""EEM"": 1, ""EFA"": 1, ""IEF"": 1, ""IWM"": 1, ""KMLM"": 6, ""LQD"": 1.5, ""QQQ"": 1, ""SCZ"": 5, ""SHY"": 1, ""SPY"": 0.7, ""TIP"": 2, ""TLT"": 1, ""TQQQ"": 1.5, ""VEA"": 1.5, ""VEU"": 2, ""VNQ"": 1.5, ""VTI"": 1, ""VWO"": 2}",0.03000000,tests/data/2026-08-24-net15,4,13612W,0.00290026,0.00791465,0.00174481,0.00599354,53266.69994258,39500.00000000,13766.69994258,0.34852405,0.11550159,0.09611951,0.79553387,0.15195383,1.17828426,0.81476220,-0.14176111,865,2009,0.39195795,2010,-0.01315119,1812772.61469331,221.46170312,5.80084121,0.00560663,0.18312891,0.00000000,0.04160485,0.00000000,0.17029648,0.00000000,0.11625448,0.00000000,0.09938805,0.00000000,0.07040862,0.00000000,0.09982137,0.00000000,0.12057639,0.00000000,0.09555991,0.00000000
ROT SPY+IWM+VEA+VWO+VNQ+DBC+IEF+TLT top4 12M can TIP/1 fb best(BIL+IEF),sens,sens_2009-02-02,2009-02-02,2014-01-31,false,true,"{""*"": 6, ""ACWX"": 3, ""AGG"": 1, ""BIL"": 1, ""BND"": 1.5, ""BTAL"": 6, ""DBC"": 3, ""DBMF"": 3, ""EEM"": 1, ""EFA"": 1, ""IEF"": 1, ""IWM"": 1, ""KMLM"": 6, ""LQD"": 1.5, ""QQQ"": 1, ""SCZ"": 5, ""SHY"": 1, ""SPY"": 0.7, ""TIP"": 2, ""TLT"": 1, ""TQQQ"": 1.5, ""VEA"": 1.5, ""VEU"": 2, ""VNQ"": 1.5, ""VTI"": 1, ""VWO"": 2}",0.03000000,tests/data/2026-08-24-net15,4,12M,0.00369237,0.00783454,0.00208342,0.00588823,47972.50231634,39500.00000000,8472.50231634,0.21449373,0.05844493,0.06226167,0.45914245,0.14751991,0.63119460,0.29154980,-0.20046295,678,2010,0.12160552,2011,-0.07965613,509508.36989948,60.72781510,1.82904863,0.00153741,0.13322402,0.00000000,0.04575142,0.00000000,0.19507668,0.00000000,0.11613581,0.00000000,0.11987467,0.00000000,0.06205093,0.00000000,0.06238220,0.00000000,0.17039162,0.00000000,0.09140176,0.00000000
ROT SPY+IWM+VEA+VWO+VNQ+DBC+IEF+TLT top5 1-3-6-12U can TIP/1 fb best(BIL+IEF),sens,sens_2009-02-02,2009-02-02,2014-01-31,false,true,"{""*"": 6, ""ACWX"": 3, ""AGG"": 1, ""BIL"": 1, ""BND"": 1.5, ""BTAL"": 6, ""DBC"": 3, ""DBMF"": 3, ""EEM"": 1, ""EFA"": 1, ""IEF"": 1, ""IWM"": 1, ""KMLM"": 6, ""LQD"": 1.5, ""QQQ"": 1, ""SCZ"": 5, ""SHY"": 1, ""SPY"": 0.7, ""TIP"": 2, ""TLT"": 1, ""TQQQ"": 1.5, ""VEA"": 1.5, ""VEU"": 2, ""VNQ"": 1.5, ""VTI"": 1, ""VWO"": 2}",0.03000000,tests/data/2026-08-24-net15,5,1-3-6-12U,0.00416290,0.00936716,0.00210542,0.00570016,51525.56429456,39500.00000000,12025.56429456,0.30444467,0.09659601,0.08534338,0.74698184,0.13585918,1.06903904,0.70328430,-0.13734987,192,2009,0.17845153,2014,0.00000201,755052.18376770,97.18115980,2.45081238,0.00246028,0.14312983,0.00000000,0.04657891,0.00000000,0.15270933,0.00000000,0.13262492,0.00000000,0.12227605,0.00000000,0.07273244,0.00000000,0.08314661,0.00000000,0.14292961,0.00000000,0.09968146,0.00000000
ROT SPY+IWM+VEA+VWO+VNQ+DBC+IEF+TLT top5 13612W can TIP/1 fb best(BIL+IEF),sens,sens_2009-02-02,2009-02-02,2014-01-31,false,true,"{""*"": 6, ""ACWX"": 3, ""AGG"": 1, ""BIL"": 1, ""BND"": 1.5, ""BTAL"": 6, ""DBC"": 3, ""DBMF"": 3, ""EEM"": 1, ""EFA"": 1, ""IEF"": 1, ""IWM"": 1, ""KMLM"": 6, ""LQD"": 1.5, ""QQQ"": 1, ""SCZ"": 5, ""SHY"": 1, ""SPY"": 0.7, ""TIP"": 2, ""TLT"": 1, ""TQQQ"": 1.5, ""VEA"": 1.5, ""VEU"": 2, ""VNQ"": 1.5, ""VTI"": 1, ""VWO"": 2}",0.03000000,tests/data/2026-08-24-net15,5,13612W,0.00365711,0.01063692,0.00200097,0.00545433,51787.69485811,39500.00000000,12287.69485811,0.31108088,0.10491771,0.08698711,0.75543690,0.14627898,1.11261072,0.65902627,-0.15920111,871,2009,0.37826126,2010,-0.03302745,1698835.10340382,213.26904026,5.56735735,0.00539922,0.18313055,0.00000000,0.05325073,0.00000000,0.18949485,0.00000000,0.10273381,0.00000000,0.11553627,0.00000000,0.05623766,0.00000000,0.08981582,0.00000000,0.11302627,0.00000000,0.09305870,0.00000000
ROT SPY+IWM+VEA+VWO+VNQ+DBC+IEF+TLT top5 12M can TIP/1 fb best(BIL+IEF),sens,sens_2009-02-02,2009-02-02,2014-01-31,false,true,"{""*"": 6, ""ACWX"": 3, ""AGG"": 1, ""BIL"": 1, ""BND"": 1.5, ""BTAL"": 6, ""DBC"": 3, ""DBMF"": 3, ""EEM"": 1, ""EFA"": 1, ""IEF"": 1, ""IWM"": 1, ""KMLM"": 6, ""LQD"": 1.5, ""QQQ"": 1, ""SCZ"": 5, ""SHY"": 1, ""SPY"": 0.7, ""TIP"": 2, ""TLT"": 1, ""TQQQ"": 1.5, ""VEA"": 1.5, ""VEU"": 2, ""VNQ"": 1.5, ""VTI"": 1, ""VWO"": 2}",0.03000000,tests/data/2026-08-24-net15,5,12M,0.00412174,0.00914913,0.00206680,0.00588823,47544.07503792,39500.00000000,8044.07503792,0.20364747,0.05845588,0.05937160,0.47821313,0.13914724,0.65628860,0.27698761,-0.21104151,685,2010,0.12237072,2011,-0.06063500,457719.55070963,55.85427429,1.63296156,0.00141403,0.13322768,0.00000000,0.03989582,0.00000000,0.22915109,0.00000000,0.10598019,0.00000000,0.12557192,0.00000000,0.07620181,0.00000000,0.06316128,0.00000000,0.13955221,0.00000000,0.08312009,0.00000000
SPY12.5/IWM12.5/VEA12.5/VWO12.5/VNQ12.5/DBC12.5/IEF12.5/TLT12.5,sens,sens_2009-02-02,2009-02-02,2014-01-31,true,true,"{""*"": 6, ""ACWX"": 3, ""AGG"": 1, ""BIL"": 1, ""BND"": 1.5, ""BTAL"": 6, ""DBC"": 3, ""DBMF"": 3, ""EEM"": 1, ""EFA"": 1, ""IEF"": 1, ""IWM"": 1, ""KMLM"": 6, ""LQD"": 1.5, ""QQQ"": 1, ""SCZ"": 5, ""SHY"": 1, ""SPY"": 0.7, ""TIP"": 2, ""TLT"": 1, ""TQQQ"": 1.5, ""VEA"": 1.5, ""VEU"": 2, ""VNQ"": 1.5, ""VTI"": 1, ""VWO"": 2}",0.03000000,tests/data/2026-08-24-net15,,,0.00733506,0.01671408,0.00229184,0.00557828,55477.16322454,39500.00000000,15977.16322454,0.40448514,0.13444336,0.10934083,0.91589454,0.15008053,1.35712271,0.87370089,-0.15387801,56,2009,0.33408460,2014,-0.01164512,67528.81755346,9.99309137,0.20164834,0.00025299,,,0.12458678,0.12349291,0.12372425,0.11980070,0.12393809,0.12237164,0.12334042,0.11996243,0.12356839,0.11942172,0.12456646,0.12365167,0.12439155,0.12354677,0.12454545,0.12356662
ROT SPY top1 1-3-6-12U can TIP/1 fb best(BIL+IEF),sens,sens_2009-02-02,2009-02-02,2014-01-31,true,true,"{""*"": 6, ""ACWX"": 3, ""AGG"": 1, ""BIL"": 1, ""BND"": 1.5, ""BTAL"": 6, ""DBC"": 3, ""DBMF"": 3, ""EEM"": 1, ""EFA"": 1, ""IEF"": 1, ""IWM"": 1, ""KMLM"": 6, ""LQD"": 1.5, ""QQQ"": 1, ""SCZ"": 5, ""SHY"": 1, ""SPY"": 0.7, ""TIP"": 2, ""TLT"": 1, ""TQQQ"": 1.5, ""VEA"": 1.5, ""VEU"": 2, ""VNQ"": 1.5, ""VTI"": 1, ""VWO"": 2}",0.03000000,tests/data/2026-08-24-net15,,,0.00182246,0.00588610,0.00184065,0.00593689,49680.34811358,39500.00000000,10180.34811358,0.25773033,0.06652745,0.07354802,0.51986163,0.14390875,0.72682686,0.33410629,-0.19912061,690,2013,0.15070837,2011,-0.00685927,582948.83835235,49.51079915,2.07611180,0.00125344,0.14986888,0.00000000,,,0.14959298,0.00000000,,,0.69869749,0.00000000,,,,,,,,
SPY benchmark,sens,sens_2009-02-02,2009-02-02,2014-01-31,true,true,"{""*"": 6, ""ACWX"": 3, ""AGG"": 1, ""BIL"": 1, ""BND"": 1.5, ""BTAL"": 6, ""DBC"": 3, ""DBMF"": 3, ""EEM"": 1, ""EFA"": 1, ""IEF"": 1, ""IWM"": 1, ""KMLM"": 6, ""LQD"": 1.5, ""QQQ"": 1, ""SCZ"": 5, ""SHY"": 1, ""SPY"": 0.7, ""TIP"": 2, ""TLT"": 1, ""TQQQ"": 1.5, ""VEA"": 1.5, ""VEU"": 2, ""VNQ"": 1.5, ""VTI"": 1, ""VWO"": 2}",0.03000000,tests/data/2026-08-24-net15,,,0.00184368,0.00413854,0.00184487,0.00413988,68062.74252450,39500.00000000,28562.74252450,0.72310741,0.18714850,0.17650981,1.01543231,0.18611762,1.46842880,0.85974243,-0.21767974,67,2009,0.37482038,2014,-0.03518429,39386.13600502,2.75702952,0.11038732,0.00006980,,,,,,,,,0.99815513,0.99586012,,,,,,,,
ROT SPY+IWM+VEA+VWO+VNQ+DBC+IEF+TLT top3 1-3-6-12U can TIP/1 fb best(BIL+IEF),sens,sens_2009-08-03,2009-08-03,2014-08-01,false,true,"{""*"": 6, ""ACWX"": 3, ""AGG"": 1, ""BIL"": 1, ""BND"": 1.5, ""BTAL"": 6, ""DBC"": 3, ""DBMF"": 3, ""EEM"": 1, ""EFA"": 1, ""IEF"": 1, ""IWM"": 1, ""KMLM"": 6, ""LQD"": 1.5, ""QQQ"": 1, ""SCZ"": 5, ""SHY"": 1, ""SPY"": 0.7, ""TIP"": 2, ""TLT"": 1, ""TQQQ"": 1.5, ""VEA"": 1.5, ""VEU"": 2, ""VNQ"": 1.5, ""VTI"": 1, ""VWO"": 2}",0.03000000,tests/data/2026-08-24-net15,3,1-3-6-12U,0.00280488,0.00606185,0.00164394,0.00318834,49910.91938418,40000.00000000,9910.91938418,0.24777298,0.09270837,0.07182049,0.69897440,0.14115633,0.99569368,0.67960894,-0.13641428,189,2010,0.17107617,2014,-0.01515749,1043025.83783249,128.38149101,3.38091005,0.00320954,0.16378688,0.00000000,0.04364937,0.00000000,0.09806944,0.00000000,0.14138738,0.00000000,0.08154743,0.00000000,0.09251014,0.00000000,0.06543019,0.00000000,0.21265457,0.00000000,0.09812681,0.00000000
ROT SPY+IWM+VEA+VWO+VNQ+DBC+IEF+TLT top3 13612W can TIP/1 fb best(BIL+IEF),sens,sens_2009-08-03,2009-08-03,2014-08-01,false,true,"{""*"": 6, ""ACWX"": 3, ""AGG"": 1, ""BIL"": 1, ""BND"": 1.5, ""BTAL"": 6, ""DBC"": 3, ""DBMF"": 3, ""EEM"": 1, ""EFA"": 1, ""IEF"": 1, ""IWM"": 1, ""KMLM"": 6, ""LQD"": 1.5, ""QQQ"": 1, ""SCZ"": 5, ""SHY"": 1, ""SPY"": 0.7, ""TIP"": 2, ""TLT"": 1, ""TQQQ"": 1.5, ""VEA"": 1.5, ""VEU"": 2, ""VNQ"": 1.5, ""VTI"": 1, ""VWO"": 2}",0.03000000,tests/data/2026-08-24-net15,3,13612W,0.00297527,0.00937353,0.00199764,0.00510041,50774.95667494,40000.00000000,10774.95667494,0.26937392,0.07592424,0.07742369,0.58374433,0.14292435,0.82756977,0.38642717,-0.19647748,869,2012,0.14549126,2010,-0.02995355,2002023.62981756,241.35691592,7.03277194,0.00603392,0.18003137,0.00000000,0.03819154,0.00000000,0.13060964,0.00000000,0.11977650,0.00000000,0.08682000,0.00000000,0.08703093,0.00000000,0.08726044,0.00000000,0.16358536,0.00000000,0.10364631,0.00000000
ROT SPY+IWM+VEA+VWO+VNQ+DBC+IEF+TLT top3 12M can TIP/1 fb best(BIL+IEF),sens,sens_2009-08-03,2009-08-03,2014-08-01,false,true,"{""*"": 6, ""ACWX"": 3, ""AGG"": 1, ""BIL"": 1, ""BND"": 1.5, ""BTAL"": 6, ""DBC"": 3, ""DBMF"": 3, ""EEM"": 1, ""EFA"": 1, ""IEF"": 1, ""IWM"": 1, ""KMLM"": 6, ""LQD"": 1.5, ""QQQ"": 1, ""SCZ"": 5, ""SHY"": 1, ""SPY"": 0.7, ""TIP"": 2, ""TLT"": 1, ""TQQQ"": 1.5, ""VEA"": 1.5, ""VEU"": 2, ""VNQ"": 1.5, ""VTI"": 1, ""VWO"": 2}",0.03000000,tests/data/2026-08-24-net15,3,12M,0.00264323,0.00760910,0.00162015,0.00526296,44697.33179535,40000.00000000,4697.33179535,0.11743329,0.05360687,0.03593143,0.42195117,0.15083301,0.57965605,0.24319210,-0.22043016,749,2010,0.15708859,2011,-0.11193178,766643.16851688,94.73570027,2.70771523,0.00236839,0.19655732,0.00000000,0.06003809,0.00000000,0.10891358,0.00000000,0.13599198,0.00000000,0.05984164,0.00000000,0.07612218,0.00000000,0.04910991,0.00000000,0.21265087,0.00000000,0.09810290,0.00000000
ROT SPY+IWM+VEA+VWO+VNQ+DBC+IEF+TLT top4 1-3-6-12U can TIP/1 fb best(BIL+IEF),sens,sens_2009-08-03,2009-08-03,2014-08-01,false,true,"{""*"": 6, ""ACWX"": 3, ""AGG"": 1, ""BIL"": 1, ""BND"": 1.5, ""BTAL"": 6, ""DBC"": 3, ""DBMF"": 3, ""EEM"": 1, ""EFA"": 1, ""IEF"": 1, ""IWM"": 1, ""KMLM"": 6, ""LQD"": 1.5, ""QQQ"": 1, ""SCZ"": 5, ""SHY"": 1, ""SPY"": 0.7, ""TIP"": 2, ""TLT"": 1, ""TQQQ"": 1.5, ""VEA"": 1.5, ""VEU"": 2, ""VNQ"": 1.5, ""VTI"": 1, ""VWO"": 2}",0.03000000,tests/data/2026-08-24-net15,4,1-3-6-12U,0.00398349,0.01032445,0.00206075,0.00557462,50815.64876836,40000.00000000,10815.64876836,0.27039122,0.09609557,0.07768536,0.76347254,0.13158452,1.08136247,0.74197611,-0.12951302,192,2010,0.16088209,2014,-0.01694940,1010516.61129154,119.25728353,3.25721008,0.00298143,0.16379205,0.00000000,0.03271791,0.00000000,0.10615945,0.00000000,0.13439439,0.00000000,0.13001981,0.00000000,0.08562843,0.00000000,0.07362555,0.00000000,0.17571602,0.00000000,0.09393294,0.00000000
ROT SPY+IWM+VEA+VWO+VNQ+DBC+IEF+TLT top4 13612W can TIP/1 fb best(BIL+IEF),sens,sens_2009-08-03,2009-08-03,2014-08-01,false,true,"{""*"": 6, ""ACWX"": 3, ""AGG"": 1, ""BIL"": 1, ""BND"": 1.5, ""BTAL"": 6, ""DBC"": 3, ""DBMF"": 3, ""EEM"": 1, ""EFA"": 1, ""IEF"": 1, ""IWM"": 1, ""KMLM"": 6, ""LQD"": 1.5, ""QQQ"": 1, ""SCZ"": 5, ""SHY"": 1, ""SPY"": 0.7, ""TIP"": 2, ""TLT"": 1, ""TQQQ"": 1.5, ""VEA"": 1.5, ""VEU"": 2, ""VNQ"": 1.5, ""VTI"": 1, ""VWO"": 2}",0.03000000,tests/data/2026-08-24-net15,4,13612W,0.00384603,0.01019495,0.00210466,0.00727398,50788.26810326,40000.00000000,10788.26810326,0.26970670,0.07876187,0.07750932,0.63485464,0.13351511,0.90546227,0.55897851,-0.14090322,865,2012,0.12867175,2010,-0.01242359,1812759.53160475,220.42648972,6.32647883,0.00551066,0.18009761,0.00000000,0.04089385,0.00000000,0.14695260,0.00000000,0.11820397,0.00000000,0.10981527,0.00000000,0.07733187,0.00000000,0.09400075,0.00000000,0.13896251,0.00000000,0.08983167,0.00000000
ROT SPY+IWM+VEA+VWO+VNQ+DBC+IEF+TLT top4 12M can TIP/1 fb best(BIL+IEF),sens,sens_2009-08-03,2009-08-03,2014-08-01,false,true,"{""*"": 6, ""ACWX"": 3, ""AGG"": 1, ""BIL"": 1, ""BND"": 1.5, ""BTAL"": 6, ""DBC"": 3, ""DBMF"": 3, ""EEM"": 1, ""EFA"": 1, ""IEF"": 1, ""IWM"": 1, ""KMLM"": 6, ""LQD"": 1.5, ""QQQ"": 1, ""SCZ"": 5, ""SHY"": 1, ""SPY"": 0.7, ""TIP"": 2, ""TLT"": 1, ""TQQQ"": 1.5, ""VEA"": 1.5, ""VEU"": 2, ""VNQ"": 1.5, ""VTI"": 1, ""VWO"": 2}",0.03000000,tests/data/2026-08-24-net15,4,12M,0.00398021,0.01322353,0.00203642,0.00684598,46774.92239888,40000.00000000,6774.92239888,0.16937306,0.06180533,0.05068551,0.48821153,0.14426770,0.66700390,0.30848791,-0.20034926,678,2010,0.12112854,2011,-0.07960197,666515.31466928,77.49563622,2.32931145,0.00193739,0.19654766,0.00000000,0.04497393,0.00000000,0.11011063,0.00000000,0.11825754,0.00000000,0.12587828,0.00000000,0.06102310,0.00000000,0.06952742,0.00000000,0.17156826,0.00000000,0.09811087,0.00000000
ROT SPY+IWM+VEA+VWO+VNQ+DBC+IEF+TLT top5 1-3-6-12U can TIP/1 fb best(BIL+IEF),sens,sens_2009-08-03,2009-08-03,2014-08-01,false,true,"{""*"": 6, ""ACWX"": 3, ""AGG"": 1, ""BIL"": 1, ""BND"": 1.5, ""BTAL"": 6, ""DBC"": 3, ""DBMF"": 3, ""EEM"": 1, ""EFA"": 1, ""IEF"": 1, ""IWM"": 1, ""KMLM"": 6, ""LQD"": 1.5, ""QQQ"": 1, ""SCZ"": 5, ""SHY"": 1, ""SPY"": 0.7, ""TIP"": 2, ""TLT"": 1, ""TQQQ"": 1.5, ""VEA"": 1.5, ""VEU"": 2, ""VNQ"": 1.5, ""VTI"": 1, ""VWO"": 2}",0.03000000,tests/data/2026-08-24-net15,5,1-3-6-12U,0.00490561,0.01345403,0.00230345,0.00585672,49246.89458145,40000.00000000,9246.89458145,0.23117236,0.08536743,0.06745199,0.69571914,0.12993928,0.98596323,0.62421975,-0.13675862,192,2010,0.13743057,2014,-0.00661536,927758.43417404,112.71099724,3.07010640,0.00281777,0.16381082,0.00000000,0.04577701,0.00000000,0.12411435,0.00000000,0.12680673,0.00000000,0.12636334,0.00000000,0.07166794,0.00000000,0.08829921,0.00000000,0.15025009,0.00000000,0.09797513,0.00000000
ROT SPY+IWM+VEA+VWO+VNQ+DBC+IEF+TLT top5 13612W can TIP/1 fb best(BIL+IEF),sens,sens_2009-08-03,2009-08-03,2014-08-01,false,true,"{""*"": 6, ""ACWX"": 3, ""AGG"": 1, ""BIL"": 1, ""BND"": 1.5, ""BTAL"": 6, ""DBC"": 3, ""DBMF"": 3, ""EEM"": 1, ""EFA"": 1, ""IEF"": 1, ""IWM"": 1, ""KMLM"": 6, ""LQD"": 1.5, ""QQQ"": 1, ""SCZ"": 5, ""SHY"": 1, ""SPY"": 0.7, ""TIP"": 2, ""TLT"": 1, ""TQQQ"": 1.5, ""VEA"": 1.5, ""VEU"": 2, ""VNQ"": 1.5, ""VTI"": 1, ""VWO"": 2}",0.03000000,tests/data/2026-08-24-net15,5,13612W,0.00464622,0.01460738,0.00241470,0.00680323,49658.53693252,40000.00000000,9658.53693252,0.24146342,0.07138544,0.07016659,0.60516465,0.12740642,0.85888526,0.45141140,-0.15813831,871,2009,0.13209561,2010,-0.03197500,1732102.12104974,217.47794607,6.14887637,0.00543695,0.18007588,0.00000000,0.05557055,0.00000000,0.16981369,0.00000000,0.10427911,0.00000000,0.11986744,0.00000000,0.06509069,0.00000000,0.09160376,0.00000000,0.12077566,0.00000000,0.08821412,0.00000000
ROT SPY+IWM+VEA+VWO+VNQ+DBC+IEF+TLT top5 12M can TIP/1 fb best(BIL+IEF),sens,sens_2009-08-03,2009-08-03,2014-08-01,false,true,"{""*"": 6, ""ACWX"": 3, ""AGG"": 1, ""BIL"": 1, ""BND"": 1.5, ""BTAL"": 6, ""DBC"": 3, ""DBMF"": 3, ""EEM"": 1, ""EFA"": 1, ""IEF"": 1, ""IWM"": 1, ""KMLM"": 6, ""LQD"": 1.5, ""QQQ"": 1, ""SCZ"": 5, ""SHY"": 1, ""SPY"": 0.7, ""TIP"": 2, ""TLT"": 1, ""TQQQ"": 1.5, ""VEA"": 1.5, ""VEU"": 2, ""VNQ"": 1.5, ""VTI"": 1, ""VWO"": 2}",0.03000000,tests/data/2026-08-24-net15,5,12M,0.00437413,0.01033484,0.00213712,0.00614823,46667.77399757,40000.00000000,6667.77399757,0.16669435,0.06334071,0.04993995,0.52167903,0.13540650,0.71131329,0.30062857,-0.21069426,685,2010,0.12228789,2011,-0.06033620,616385.10473659,72.33559806,2.14572269,0.00180839,0.19652728,0.00000000,0.03922837,0.00000000,0.14376479,0.00000000,0.10749587,0.00000000,0.12990621,0.00000000,0.07801613,0.00000000,0.06863961,0.00000000,0.14377383,0.00000000,0.08825414,0.00000000
SPY12.5/IWM12.5/VEA12.5/VWO12.5/VNQ12.5/DBC12.5/IEF12.5/TLT12.5,sens,sens_2009-08-03,2009-08-03,2014-08-01,true,true,"{""*"": 6, ""ACWX"": 3, ""AGG"": 1, ""BIL"": 1, ""BND"": 1.5, ""BTAL"": 6, ""DBC"": 3, ""DBMF"": 3, ""EEM"": 1, ""EFA"": 1, ""IEF"": 1, ""IWM"": 1, ""KMLM"": 6, ""LQD"": 1.5, ""QQQ"": 1, ""SCZ"": 5, ""SHY"": 1, ""SPY"": 0.7, ""TIP"": 2, ""TLT"": 1, ""TQQQ"": 1.5, ""VEA"": 1.5, ""VEU"": 2, ""VNQ"": 1.5, ""VTI"": 1, ""VWO"": 2}",0.03000000,tests/data/2026-08-24-net15,,,0.00832412,0.01998335,0.00258088,0.00593761,53608.60784374,40000.00000000,13608.60784374,0.34021520,0.10498079,0.09519215,0.88067711,0.12184444,1.26458495,0.77290927,-0.13582550,278,2010,0.16445084,2011,0.02444841,61473.92475571,9.09325385,0.20000500,0.00022733,,,0.12454910,0.12329199,0.12347061,0.12011191,0.12375849,0.12107402,0.12299678,0.11906239,0.12353699,0.12131227,0.12456340,0.12333481,0.12436568,0.12332605,0.12443137,0.12284500
ROT SPY top1 1-3-6-12U can TIP/1 fb best(BIL+IEF),sens,sens_2009-08-03,2009-08-03,2014-08-01,true,true,"{""*"": 6, ""ACWX"": 3, ""AGG"": 1, ""BIL"": 1, ""BND"": 1.5, ""BTAL"": 6, ""DBC"": 3, ""DBMF"": 3, ""EEM"": 1, ""EFA"": 1, ""IEF"": 1, ""IWM"": 1, ""KMLM"": 6, ""LQD"": 1.5, ""QQQ"": 1, ""SCZ"": 5, ""SHY"": 1, ""SPY"": 0.7, ""TIP"": 2, ""TLT"": 1, ""TQQQ"": 1.5, ""VEA"": 1.5, ""VEU"": 2, ""VNQ"": 1.5, ""VTI"": 1, ""VWO"": 2}",0.03000000,tests/data/2026-08-24-net15,,,0.00194309,0.00607904,0.00196127,0.00608014,49204.32513424,40000.00000000,9204.32513424,0.23010813,0.07051458,0.06717004,0.55767440,0.13980873,0.77423908,0.35415185,-0.19910833,690,2013,0.15041336,2011,-0.00709225,737007.58843057,65.06830499,2.56564432,0.00162671,0.16377699,0.00000000,,,0.11459891,0.00000000,,,0.71966283,0.00000000,,,,,,,,
SPY benchmark,sens,sens_2009-08-03,2009-08-03,2014-08-01,true,true,"{""*"": 6, ""ACWX"": 3, ""AGG"": 1, ""BIL"": 1, ""BND"": 1.5, ""BTAL"": 6, ""DBC"": 3, ""DBMF"": 3, ""EEM"": 1, ""EFA"": 1, ""IEF"": 1, ""IWM"": 1, ""KMLM"": 6, ""LQD"": 1.5, ""QQQ"": 1, ""SCZ"": 5, ""SHY"": 1, ""SPY"": 0.7, ""TIP"": 2, ""TLT"": 1, ""TQQQ"": 1.5, ""VEA"": 1.5, ""VEU"": 2, ""VNQ"": 1.5, ""VTI"": 1, ""VWO"": 2}",0.03000000,tests/data/2026-08-24-net15,,,0.00196958,0.00607904,0.00197080,0.00608014,65621.58559364,40000.00000000,25621.58559364,0.64053964,0.15873379,0.16195534,0.99647405,0.16096789,1.40699612,0.84980067,-0.18678943,280,2013,0.31856490,2011,0.01594708,39926.12126796,2.79482849,0.11910496,0.00006987,,,,,,,,,0.99802920,0.99391986,,,,,,,,
ROT SPY+IWM+VEA+VWO+VNQ+DBC+IEF+TLT top3 1-3-6-12U can TIP/1 fb best(BIL+IEF),sens,sens_2010-02-01,2010-02-01,2015-01-30,false,true,"{""*"": 6, ""ACWX"": 3, ""AGG"": 1, ""BIL"": 1, ""BND"": 1.5, ""BTAL"": 6, ""DBC"": 3, ""DBMF"": 3, ""EEM"": 1, ""EFA"": 1, ""IEF"": 1, ""IWM"": 1, ""KMLM"": 6, ""LQD"": 1.5, ""QQQ"": 1, ""SCZ"": 5, ""SHY"": 1, ""SPY"": 0.7, ""TIP"": 2, ""TLT"": 1, ""TQQQ"": 1.5, ""VEA"": 1.5, ""VEU"": 2, ""VNQ"": 1.5, ""VTI"": 1, ""VWO"": 2}",0.03000000,tests/data/2026-08-24-net15,3,1-3-6-12U,0.00328622,0.01063264,0.00191733,0.00482186,50776.66713641,39500.00000000,11276.66713641,0.28548524,0.09254156,0.08066359,0.78402251,0.12251451,1.11535648,0.67996827,-0.13609688,189,2010,0.21311749,2014,0.02402253,1056663.61851765,127.33729519,3.56287468,0.00322373,0.16650062,0.00000000,0.04435987,0.00000000,0.11624942,0.00000000,0.13273191,0.00000000,0.10501929,0.00000000,0.11043740,0.00000000,0.03883666,0.00000000,0.21057297,0.00000000,0.07197005,0.00000000
ROT SPY+IWM+VEA+VWO+VNQ+DBC+IEF+TLT top3 13612W can TIP/1 fb best(BIL+IEF),sens,sens_2010-02-01,2010-02-01,2015-01-30,false,true,"{""*"": 6, ""ACWX"": 3, ""AGG"": 1, ""BIL"": 1, ""BND"": 1.5, ""BTAL"": 6, ""DBC"": 3, ""DBMF"": 3, ""EEM"": 1, ""EFA"": 1, ""IEF"": 1, ""IWM"": 1, ""KMLM"": 6, ""LQD"": 1.5, ""QQQ"": 1, ""SCZ"": 5, ""SHY"": 1, ""SPY"": 0.7, ""TIP"": 2, ""TLT"": 1, ""TQQQ"": 1.5, ""VEA"": 1.5, ""VEU"": 2, ""VNQ"": 1.5, ""VTI"": 1, ""VWO"": 2}",0.03000000,tests/data/2026-08-24-net15,3,13612W,0.00384118,0.01193589,0.00244810,0.00581042,50215.14862372,39500.00000000,10715.14862372,0.27126959,0.06169658,0.07706495,0.53391568,0.12737735,0.75268474,0.31438957,-0.19624244,869,2012,0.14529892,2010,-0.04788050,1909610.50516888,224.22659488,6.92630264,0.00567662,0.18295974,0.00000000,0.03323946,0.00000000,0.16603072,0.00000000,0.11615797,0.00000000,0.08809852,0.00000000,0.09933552,0.00000000,0.06652656,0.00000000,0.15510659,0.00000000,0.08863292,0.00000000
ROT SPY+IWM+VEA+VWO+VNQ+DBC+IEF+TLT top3 12M can TIP/1 fb best(BIL+IEF),sens,sens_2010-02-01,2010-02-01,2015-01-30,false,true,"{""*"": 6, ""ACWX"": 3, ""AGG"": 1, ""BIL"": 1, ""BND"": 1.5, ""BTAL"": 6, ""DBC"": 3, ""DBMF"": 3, ""EEM"": 1, ""EFA"": 1, ""IEF"": 1, ""IWM"": 1, ""KMLM"": 6, ""LQD"": 1.5, ""QQQ"": 1, ""SCZ"": 5, ""SHY"": 1, ""SPY"": 0.7, ""TIP"": 2, ""TLT"": 1, ""TQQQ"": 1.5, ""VEA"": 1.5, ""VEU"": 2, ""VNQ"": 1.5, ""VTI"": 1, ""VWO"": 2}",0.03000000,tests/data/2026-08-24-net15,3,12M,0.00329597,0.00971181,0.00199683,0.00538246,47472.84989960,39500.00000000,7972.84989960,0.20184430,0.06223938,0.05893306,0.48707516,0.14593963,0.66773383,0.28206533,-0.22065591,749,2010,0.19579372,2011,-0.11205642,669471.39037341,84.66698868,2.44399006,0.00214347,0.19980940,0.00000000,0.06101143,0.00000000,0.07183198,0.00000000,0.13262901,0.00000000,0.08285532,0.00000000,0.09387286,0.00000000,0.03881874,0.00000000,0.23276524,0.00000000,0.08308358,0.00000000
ROT SPY+IWM+VEA+VWO+VNQ+DBC+IEF+TLT top4 1-3-6-12U can TIP/1 fb best(BIL+IEF),sens,sens_2010-02-01,2010-02-01,2015-01-30,false,true,"{""*"": 6, ""ACWX"": 3, ""AGG"": 1, ""BIL"": 1, ""BND"": 1.5, ""BTAL"": 6, ""DBC"": 3, ""DBMF"": 3, ""EEM"": 1, ""EFA"": 1, ""IEF"": 1, ""IWM"": 1, ""KMLM"": 6, ""LQD"": 1.5, ""QQQ"": 1, ""SCZ"": 5, ""SHY"": 1, ""SPY"": 0.7, ""TIP"": 2, ""TLT"": 1, ""TQQQ"": 1.5, ""VEA"": 1.5, ""VEU"": 2, ""VNQ"": 1.5, ""VTI"": 1, ""VWO"": 2}",0.03000000,tests/data/2026-08-24-net15,4,1-3-6-12U,0.00441863,0.01302148,0.00233603,0.00753241,50673.45171652,39500.00000000,11173.45171652,0.28287220,0.09249122,0.08000489,0.83355403,0.11397061,1.18110172,0.71654215,-0.12907994,191,2010,0.19810349,2014,0.02071466,1080597.87817228,124.83861371,3.60551895,0.00316047,0.16652850,0.00000000,0.03325717,0.00000000,0.12863098,0.00000000,0.12837625,0.00000000,0.13192150,0.00000000,0.10355755,0.00000000,0.05405603,0.00000000,0.17445684,0.00000000,0.07476320,0.00000000
ROT SPY+IWM+VEA+VWO+VNQ+DBC+IEF+TLT top4 13612W can TIP/1 fb best(BIL+IEF),sens,sens_2010-02-01,2010-02-01,2015-01-30,false,true,"{""*"": 6, ""ACWX"": 3, ""AGG"": 1, ""BIL"": 1, ""BND"": 1.5, ""BTAL"": 6, ""DBC"": 3, ""DBMF"": 3, ""EEM"": 1, ""EFA"": 1, ""IEF"": 1, ""IWM"": 1, ""KMLM"": 6, ""LQD"": 1.5, ""QQQ"": 1, ""SCZ"": 5, ""SHY"": 1, ""SPY"": 0.7, ""TIP"": 2, ""TLT"": 1, ""TQQQ"": 1.5, ""VEA"": 1.5, ""VEU"": 2, ""VNQ"": 1.5, ""VTI"": 1, ""VWO"": 2}",0.03000000,tests/data/2026-08-24-net15,4,13612W,0.00420198,0.01042648,0.00241671,0.00464863,49998.85828407,39500.00000000,10498.85828407,0.26579388,0.06206439,0.07566881,0.57191268,0.11736992,0.81434784,0.43886486,-0.14142028,865,2012,0.12837409,2010,-0.02586373,1729435.45895098,204.94686634,6.26209340,0.00518853,0.18303710,0.00000000,0.03740067,0.00000000,0.18273111,0.00000000,0.11179009,0.00000000,0.11141905,0.00000000,0.08678667,0.00000000,0.07487332,0.00000000,0.12876283,0.00000000,0.07893385,0.00000000
ROT SPY+IWM+VEA+VWO+VNQ+DBC+IEF+TLT top4 12M can TIP/1 fb best(BIL+IEF),sens,sens_2010-02-01,2010-02-01,2015-01-30,false,true,"{""*"": 6, ""ACWX"": 3, ""AGG"": 1, ""BIL"": 1, ""BND"": 1.5, ""BTAL"": 6, ""DBC"": 3, ""DBMF"": 3, ""EEM"": 1, ""EFA"": 1, ""IEF"": 1, ""IWM"": 1, ""KMLM"": 6, ""LQD"": 1.5, ""QQQ"": 1, ""SCZ"": 5, ""SHY"": 1, ""SPY"": 0.7, ""TIP"": 2, ""TLT"": 1, ""TQQQ"": 1.5, ""VEA"": 1.5, ""VEU"": 2, ""VNQ"": 1.5, ""VTI"": 1, ""VWO"": 2}",0.03000000,tests/data/2026-08-24-net15,4,12M,0.00429504,0.01091914,0.00230260,0.00694287,48968.62852438,39500.00000000,9468.62852438,0.23971211,0.07085791,0.06894056,0.56018315,0.13975125,0.76541430,0.35429263,-0.19999827,677,2010,0.16210258,2011,-0.07917880,640314.85431218,75.17577010,2.27908799,0.00190318,0.19980480,0.00000000,0.04571042,0.00000000,0.07872045,0.00000000,0.12424846,0.00000000,0.14029994,0.00000000,0.07459590,0.00000000,0.05403070,0.00000000,0.18690031,0.00000000,0.09137189,0.00000000
ROT SPY+IWM+VEA+VWO+VNQ+DBC+IEF+TLT top5 1-3-6-12U can TIP/1 fb best(BIL+IEF),sens,sens_2010-02-01,2010-02-01,2015-01-30,false,true,"{""*"": 6, ""ACWX"": 3, ""AGG"": 1, ""BIL"": 1, ""BND"": 1.5, ""BTAL"": 6, ""DBC"": 3, ""DBMF"": 3, ""EEM"": 1, ""EFA"": 1, ""IEF"": 1, ""IWM"": 1, ""KMLM"": 6, ""LQD"": 1.5, ""QQQ"": 1, ""SCZ"": 5, ""SHY"": 1, ""SPY"": 0.7, ""TIP"": 2, ""TLT"": 1, ""TQQQ"": 1.5, ""VEA"": 1.5, ""VEU"": 2, ""VNQ"": 1.5, ""VTI"": 1, ""VWO"": 2}",0.03000000,tests/data/2026-08-24-net15,5,1-3-6-12U,0.00525126,0.01253881,0.00244121,0.00491267,49035.13714962,39500.00000000,9535.13714962,0.24139588,0.07937711,0.06937888,0.72193686,0.11501579,1.02222621,0.57980362,-0.13690344,192,2010,0.17536263,2011,0.01933850,957468.92899149,113.18011509,3.29487164,0.00286532,0.16653009,0.00000000,0.04320820,0.00000000,0.14929654,0.00000000,0.12575058,0.00000000,0.12184173,0.00000000,0.08596215,0.00000000,0.06975676,0.00000000,0.14928646,0.00000000,0.08308414,0.00000000
ROT SPY+IWM+VEA+VWO+VNQ+DBC+IEF+TLT top5 13612W can TIP/1 fb best(BIL+IEF),sens,sens_2010-02-01,2010-02-01,2015-01-30,false,true,"{""*"": 6, ""ACWX"": 3, ""AGG"": 1, ""BIL"": 1, ""BND"": 1.5, ""BTAL"": 6, ""DBC"": 3, ""DBMF"": 3, ""EEM"": 1, ""EFA"": 1, ""IEF"": 1, ""IWM"": 1, ""KMLM"": 6, ""LQD"": 1.5, ""QQQ"": 1, ""SCZ"": 5, ""SHY"": 1, ""SPY"": 0.7, ""TIP"": 2, ""TLT"": 1, ""TQQQ"": 1.5, ""VEA"": 1.5, ""VEU"": 2, ""VNQ"": 1.5, ""VTI"": 1, ""VWO"": 2}",0.03000000,tests/data/2026-08-24-net15,5,13612W,0.00480217,0.01356861,0.00250271,0.00515060,48544.71300939,39500.00000000,9044.71300939,0.22898008,0.05140425,0.06613366,0.50057505,0.11291311,0.70613966,0.32350962,-0.15889559,871,2013,0.10363289,2010,-0.04619936,1665183.20414094,203.06433718,6.15492846,0.00514087,0.18303173,0.00000000,0.04982825,0.00000000,0.20925745,0.00000000,0.10269208,0.00000000,0.11197562,0.00000000,0.07271868,0.00000000,0.07644875,0.00000000,0.11281169,0.00000000,0.07636953,0.00000000
ROT SPY+IWM+VEA+VWO+VNQ+DBC+IEF+TLT top5 12M can TIP/1 fb best(BIL+IEF),sens,sens_2010-02-01,2010-02-01,2015-01-30,false,true,"{""*"": 6, ""ACWX"": 3, ""AGG"": 1, ""BIL"": 1, ""BND"": 1.5, ""BTAL"": 6, ""DBC"": 3, ""DBMF"": 3, ""EEM"": 1, ""EFA"": 1, ""IEF"": 1, ""IWM"": 1, ""KMLM"": 6, ""LQD"": 1.5, ""QQQ"": 1, ""SCZ"": 5, ""SHY"": 1, ""SPY"": 0.7, ""TIP"": 2, ""TLT"": 1, ""TQQQ"": 1.5, ""VEA"": 1.5, ""VEU"": 2, ""VNQ"": 1.5, ""VTI"": 1, ""VWO"": 2}",0.03000000,tests/data/2026-08-24-net15,5,12M,0.00532883,0.01244489,0.00233506,0.00545176,47472.08571884,39500.00000000,7972.08571884,0.20182495,0.06478422,0.05892787,0.54237609,0.13187059,0.73917395,0.30703717,-0.21099797,685,2010,0.15879561,2011,-0.06074097,586695.93548992,69.22019377,2.09558702,0.00175241,0.19977829,0.00000000,0.03987869,0.00000000,0.10939387,0.00000000,0.11569411,0.00000000,0.13830623,0.00000000,0.08604767,0.00000000,0.05982272,0.00000000,0.15607324,0.00000000,0.08965679,0.00000000
SPY12.5/IWM12.5/VEA12.5/VWO12.5/VNQ12.5/DBC12.5/IEF12.5/TLT12.5,sens,sens_2010-02-01,2010-02-01,2015-01-30,true,true,"{""*"": 6, ""ACWX"": 3, ""AGG"": 1, ""BIL"": 1, ""BND"": 1.5, ""BTAL"": 6, ""DBC"": 3, ""DBMF"": 3, ""EEM"": 1, ""EFA"": 1, ""IEF"": 1, ""IWM"": 1, ""KMLM"": 6, ""LQD"": 1.5, ""QQQ"": 1, ""SCZ"": 5, ""SHY"": 1, ""SPY"": 0.7, ""TIP"": 2, ""TLT"": 1, ""TQQQ"": 1.5, ""VEA"": 1.5, ""VEU"": 2, ""VNQ"": 1.5, ""VTI"": 1, ""VWO"": 2}",0.03000000,tests/data/2026-08-24-net15,,,0.00903750,0.01978601,0.00287559,0.00631329,50611.91226983,39500.00000000,11111.91226983,0.28131423,0.09132652,0.07961157,0.81866319,0.11486565,1.17555982,0.67466503,-0.13536572,278,2010,0.19143847,2015,0.01191471,58243.82462225,8.91905950,0.19358996,0.00022580,,,0.12453538,0.12340958,0.12382668,0.12151259,0.12333402,0.12028824,0.12268312,0.11868671,0.12353596,0.12015719,0.12447034,0.12309260,0.12427620,0.12260250,0.12429737,0.12250850
ROT SPY top1 1-3-6-12U can TIP/1 fb best(BIL+IEF),sens,sens_2010-02-01,2010-02-01,2015-01-30,true,true,"{""*"": 6, ""ACWX"": 3, ""AGG"": 1, ""BIL"": 1, ""BND"": 1.5, ""BTAL"": 6, ""DBC"": 3, ""DBMF"": 3, ""EEM"": 1, ""EFA"": 1, ""IEF"": 1, ""IWM"": 1, ""KMLM"": 6, ""LQD"": 1.5, ""QQQ"": 1, ""SCZ"": 5, ""SHY"": 1, ""SPY"": 0.7, ""TIP"": 2, ""TLT"": 1, ""TQQQ"": 1.5, ""VEA"": 1.5, ""VEU"": 2, ""VNQ"": 1.5, ""VTI"": 1, ""VWO"": 2}",0.03000000,tests/data/2026-08-24-net15,,,0.00198210,0.00615028,0.00200334,0.00615164,48095.56633399,39500.00000000,8595.56633399,0.21760927,0.05875244,0.06313463,0.49146286,0.13472427,0.68335005,0.29496023,-0.19918766,690,2013,0.15054705,2015,-0.02955617,817038.21204956,71.58933953,2.90062642,0.00181239,0.16647296,0.00000000,,,0.13315325,0.00000000,,,0.69837046,0.00000000,,,,,,,,
SPY benchmark,sens,sens_2010-02-01,2010-02-01,2015-01-30,true,true,"{""*"": 6, ""ACWX"": 3, ""AGG"": 1, ""BIL"": 1, ""BND"": 1.5, ""BTAL"": 6, ""DBC"": 3, ""DBMF"": 3, ""EEM"": 1, ""EFA"": 1, ""IEF"": 1, ""IWM"": 1, ""KMLM"": 6, ""LQD"": 1.5, ""QQQ"": 1, ""SCZ"": 5, ""SHY"": 1, ""SPY"": 0.7, ""TIP"": 2, ""TLT"": 1, ""TQQQ"": 1.5, ""VEA"": 1.5, ""VEU"": 2, ""VNQ"": 1.5, ""VTI"": 1, ""VWO"": 2}",0.03000000,tests/data/2026-08-24-net15,,,0.00183138,0.00618024,0.00183262,0.00618139,63042.25758645,39500.00000000,23542.25758645,0.59600652,0.14804183,0.15129953,0.95150986,0.15838669,1.34697622,0.79231017,-0.18684833,280,2013,0.31877440,2015,-0.02956051,39365.26498371,2.75556855,0.11751542,0.00006976,,,,,,,,,0.99816738,0.99381861,,,,,,,,
ROT SPY+IWM+VEA+VWO+VNQ+DBC+IEF+TLT top3 1-3-6-12U can TIP/1 fb best(BIL+IEF),sens,sens_2010-08-02,2010-08-02,2015-07-31,false,true,"{""*"": 6, ""ACWX"": 3, ""AGG"": 1, ""BIL"": 1, ""BND"": 1.5, ""BTAL"": 6, ""DBC"": 3, ""DBMF"": 3, ""EEM"": 1, ""EFA"": 1, ""IEF"": 1, ""IWM"": 1, ""KMLM"": 6, ""LQD"": 1.5, ""QQQ"": 1, ""SCZ"": 5, ""SHY"": 1, ""SPY"": 0.7, ""TIP"": 2, ""TLT"": 1, ""TQQQ"": 1.5, ""VEA"": 1.5, ""VEU"": 2, ""VNQ"": 1.5, ""VTI"": 1, ""VWO"": 2}",0.03000000,tests/data/2026-08-24-net15,3,1-3-6-12U,0.00361039,0.01420138,0.00221126,0.00608889,43548.49607849,39500.00000000,4048.49607849,0.10249357,0.05126318,0.03121440,0.54243614,0.10175496,0.75569996,0.40064606,-0.12795128,599,2010,0.11050771,2015,-0.05753032,1227604.33152279,142.82517827,4.31325119,0.00361583,0.18315029,0.00000000,0.04434976,0.00000000,0.13287972,0.00000000,0.11043389,0.00000000,0.11588259,0.00000000,0.11592644,0.00000000,0.04439169,0.00000000,0.19393365,0.00000000,0.05540118,0.00000000
ROT SPY+IWM+VEA+VWO+VNQ+DBC+IEF+TLT top3 13612W can TIP/1 fb best(BIL+IEF),sens,sens_2010-08-02,2010-08-02,2015-07-31,false,true,"{""*"": 6, ""ACWX"": 3, ""AGG"": 1, ""BIL"": 1, ""BND"": 1.5, ""BTAL"": 6, ""DBC"": 3, ""DBMF"": 3, ""EEM"": 1, ""EFA"": 1, ""IEF"": 1, ""IWM"": 1, ""KMLM"": 6, ""LQD"": 1.5, ""QQQ"": 1, ""SCZ"": 5, ""SHY"": 1, ""SPY"": 0.7, ""TIP"": 2, ""TLT"": 1, ""TQQQ"": 1.5, ""VEA"": 1.5, ""VEU"": 2, ""VNQ"": 1.5, ""VTI"": 1, ""VWO"": 2}",0.03000000,tests/data/2026-08-24-net15,3,13612W,0.00335577,0.00900119,0.00213238,0.00681474,43975.37318376,39500.00000000,4475.37318376,0.11330059,0.03223960,0.03434383,0.34040669,0.11153354,0.47359103,0.17951223,-0.17959556,672,2012,0.14518479,2010,-0.07854275,2093024.41167104,242.59821649,7.57948171,0.00614173,0.19970153,0.00000000,0.03326504,0.00000000,0.17168320,0.00000000,0.10507082,0.00000000,0.08807803,0.00000000,0.09940940,0.00000000,0.07209897,0.00000000,0.14412198,0.00000000,0.08314237,0.00000000
ROT SPY+IWM+VEA+VWO+VNQ+DBC+IEF+TLT top3 12M can TIP/1 fb best(BIL+IEF),sens,sens_2010-08-02,2010-08-02,2015-07-31,false,true,"{""*"": 6, ""ACWX"": 3, ""AGG"": 1, ""BIL"": 1, ""BND"": 1.5, ""BTAL"": 6, ""DBC"": 3, ""DBMF"": 3, ""EEM"": 1, ""EFA"": 1, ""IEF"": 1, ""IWM"": 1, ""KMLM"": 6, ""LQD"": 1.5, ""QQQ"": 1, ""SCZ"": 5, ""SHY"": 1, ""SPY"": 0.7, ""TIP"": 2, ""TLT"": 1, ""TQQQ"": 1.5, ""VEA"": 1.5, ""VEU"": 2, ""VNQ"": 1.5, ""VTI"": 1, ""VWO"": 2}",0.03000000,tests/data/2026-08-24-net15,3,12M,0.00328981,0.00805236,0.00207562,0.00428424,43412.14895617,39500.00000000,3912.14895617,0.09904175,0.03152008,0.03020874,0.31860305,0.12023841,0.42292376,0.14299204,-0.22043242,749,2012,0.09951299,2011,-0.11193908,641973.05217118,78.44068787,2.43197263,0.00198584,0.19974482,0.00000000,0.06095206,0.00000000,0.10506417,0.00000000,0.10496841,0.00000000,0.09939811,0.00000000,0.11622535,0.00000000,0.03328744,0.00000000,0.22163454,0.00000000,0.05540937,0.00000000
ROT SPY+IWM+VEA+VWO+VNQ+DBC+IEF+TLT top4 1-3-6-12U can TIP/1 fb best(BIL+IEF),sens,sens_2010-08-02,2010-08-02,2015-07-31,false,true,"{""*"": 6, ""ACWX"": 3, ""AGG"": 1, ""BIL"": 1, ""BND"": 1.5, ""BTAL"": 6, ""DBC"": 3, ""DBMF"": 3, ""EEM"": 1, ""EFA"": 1, ""IEF"": 1, ""IWM"": 1, ""KMLM"": 6, ""LQD"": 1.5, ""QQQ"": 1, ""SCZ"": 5, ""SHY"": 1, ""SPY"": 0.7, ""TIP"": 2, ""TLT"": 1, ""TQQQ"": 1.5, ""VEA"": 1.5, ""VEU"": 2, ""VNQ"": 1.5, ""VTI"": 1, ""VWO"": 2}",0.03000000,tests/data/2026-08-24-net15,4,1-3-6-12U,0.00481744,0.00943287,0.00254419,0.00627059,45099.05082151,39500.00000000,5599.05082151,0.14174812,0.05716229,0.04244662,0.62911951,0.09568108,0.87592618,0.50618883,-0.11292682,496,2012,0.11169705,2015,-0.03313726,1212350.56929922,137.62701908,4.22799848,0.00348423,0.18310984,0.00000000,0.03321835,0.00000000,0.14527870,0.00000000,0.11997133,0.00000000,0.12785383,0.00000000,0.10739221,0.00000000,0.05820787,0.00000000,0.16197075,0.00000000,0.05814199,0.00000000
ROT SPY+IWM+VEA+VWO+VNQ+DBC+IEF+TLT top4 13612W can TIP/1 fb best(BIL+IEF),sens,sens_2010-08-02,2010-08-02,2015-07-31,false,true,"{""*"": 6, ""ACWX"": 3, ""AGG"": 1, ""BIL"": 1, ""BND"": 1.5, ""BTAL"": 6, ""DBC"": 3, ""DBMF"": 3, ""EEM"": 1, ""EFA"": 1, ""IEF"": 1, ""IWM"": 1, ""KMLM"": 6, ""LQD"": 1.5, ""QQQ"": 1, ""SCZ"": 5, ""SHY"": 1, ""SPY"": 0.7, ""TIP"": 2, ""TLT"": 1, ""TQQQ"": 1.5, ""VEA"": 1.5, ""VEU"": 2, ""VNQ"": 1.5, ""VTI"": 1, ""VWO"": 2}",0.03000000,tests/data/2026-08-24-net15,4,13612W,0.00422979,0.01299913,0.00227585,0.00662308,44200.94499446,39500.00000000,4700.94499446,0.11901127,0.03689328,0.03598594,0.40709208,0.10175174,0.57089124,0.26520411,-0.13911277,672,2012,0.12889150,2015,-0.05732371,1936027.00301105,229.30986827,6.97083277,0.00580531,0.19972514,0.00000000,0.04155986,0.00000000,0.18677783,0.00000000,0.10349876,0.00000000,0.10731340,0.00000000,0.08689622,0.00000000,0.07892527,0.00000000,0.12042537,0.00000000,0.07058189,0.00000000
ROT SPY+IWM+VEA+VWO+VNQ+DBC+IEF+TLT top4 12M can TIP/1 fb best(BIL+IEF),sens,sens_2010-08-02,2010-08-02,2015-07-31,false,true,"{""*"": 6, ""ACWX"": 3, ""AGG"": 1, ""BIL"": 1, ""BND"": 1.5, ""BTAL"": 6, ""DBC"": 3, ""DBMF"": 3, ""EEM"": 1, ""EFA"": 1, ""IEF"": 1, ""IWM"": 1, ""KMLM"": 6, ""LQD"": 1.5, ""QQQ"": 1, ""SCZ"": 5, ""SHY"": 1, ""SPY"": 0.7, ""TIP"": 2, ""TLT"": 1, ""TQQQ"": 1.5, ""VEA"": 1.5, ""VEU"": 2, ""VNQ"": 1.5, ""VTI"": 1, ""VWO"": 2}",0.03000000,tests/data/2026-08-24-net15,4,12M,0.00487854,0.01313347,0.00250143,0.00633187,44207.88281180,39500.00000000,4707.88281180,0.11918691,0.03903393,0.03603632,0.38824224,0.11611105,0.51588856,0.19480649,-0.20037287,678,2012,0.11915015,2011,-0.07972980,697361.35927436,83.45179434,2.56572451,0.00211270,0.19976166,0.00000000,0.04569256,0.00000000,0.12015780,0.00000000,0.09929737,0.00000000,0.14449357,0.00000000,0.09092179,0.00000000,0.04157075,0.00000000,0.17849352,0.00000000,0.07470727,0.00000000
ROT SPY+IWM+VEA+VWO+VNQ+DBC+IEF+TLT top5 1-3-6-12U can TIP/1 fb best(BIL+IEF),sens,sens_2010-08-02,2010-08-02,2015-07-31,false,true,"{""*"": 6, ""ACWX"": 3, ""AGG"": 1, ""BIL"": 1, ""BND"": 1.5, ""BTAL"": 6, ""DBC"": 3, ""DBMF"": 3, ""EEM"": 1, ""EFA"": 1, ""IEF"": 1, ""IWM"": 1, ""KMLM"": 6, ""LQD"": 1.5, ""QQQ"": 1, ""SCZ"": 5, ""SHY"": 1, ""SPY"": 0.7, ""TIP"": 2, ""TLT"": 1, ""TQQQ"": 1.5, ""VEA"": 1.5, ""VEU"": 2, ""VNQ"": 1.5, ""VTI"": 1, ""VWO"": 2}",0.03000000,tests/data/2026-08-24-net15,5,1-3-6-12U,0.00498464,0.01127748,0.00224898,0.00552551,45119.68493909,39500.00000000,5619.68493909,0.14227050,0.05681836,0.04259363,0.63189898,0.09457588,0.88536778,0.46213834,-0.12294665,599,2010,0.10081350,2015,-0.01062187,1031256.95467544,120.03875397,3.64181684,0.00303896,0.18313350,0.00000000,0.04314603,0.00000000,0.16930791,0.00000000,0.11899173,0.00000000,0.11878160,0.00000000,0.09263546,0.00000000,0.05985731,0.00000000,0.13942620,0.00000000,0.06970047,0.00000000
ROT SPY+IWM+VEA+VWO+VNQ+DBC+IEF+TLT top5 13612W can TIP/1 fb best(BIL+IEF),sens,sens_2010-08-02,2010-08-02,2015-07-31,false,true,"{""*"": 6, ""ACWX"": 3, ""AGG"": 1, ""BIL"": 1, ""BND"": 1.5, ""BTAL"": 6, ""DBC"": 3, ""DBMF"": 3, ""EEM"": 1, ""EFA"": 1, ""IEF"": 1, ""IWM"": 1, ""KMLM"": 6, ""LQD"": 1.5, ""QQQ"": 1, ""SCZ"": 5, ""SHY"": 1, ""SPY"": 0.7, ""TIP"": 2, ""TLT"": 1, ""TQQQ"": 1.5, ""VEA"": 1.5, ""VEU"": 2, ""VNQ"": 1.5, ""VTI"": 1, ""VWO"": 2}",0.03000000,tests/data/2026-08-24-net15,5,13612W,0.00529444,0.01798286,0.00265881,0.00720709,44205.50098940,39500.00000000,4705.50098940,0.11912661,0.03446747,0.03601903,0.39223245,0.09890100,0.54884961,0.23738739,-0.14519502,672,2013,0.10346627,2010,-0.04920946,1833495.46330777,220.84039809,6.69586496,0.00559090,0.19970887,0.00000000,0.04977120,0.00000000,0.21249361,0.00000000,0.09932822,0.00000000,0.10525990,0.00000000,0.07251936,0.00000000,0.07975087,0.00000000,0.10606578,0.00000000,0.06974256,0.00000000
ROT SPY+IWM+VEA+VWO+VNQ+DBC+IEF+TLT top5 12M can TIP/1 fb best(BIL+IEF),sens,sens_2010-08-02,2010-08-02,2015-07-31,false,true,"{""*"": 6, ""ACWX"": 3, ""AGG"": 1, ""BIL"": 1, ""BND"": 1.5, ""BTAL"": 6, ""DBC"": 3, ""DBMF"": 3, ""EEM"": 1, ""EFA"": 1, ""IEF"": 1, ""IWM"": 1, ""KMLM"": 6, ""LQD"": 1.5, ""QQQ"": 1, ""SCZ"": 5, ""SHY"": 1, ""SPY"": 0.7, ""TIP"": 2, ""TLT"": 1, ""TQQQ"": 1.5, ""VEA"": 1.5, ""VEU"": 2, ""VNQ"": 1.5, ""VTI"": 1, ""VWO"": 2}",0.03000000,tests/data/2026-08-24-net15,5,12M,0.00656824,0.01896458,0.00306980,0.00636443,44062.31278962,39500.00000000,4562.31278962,0.11550159,0.04181492,0.03497767,0.42249760,0.11188650,0.56319129,0.19881146,-0.21032449,685,2012,0.10936654,2011,-0.06029928,645054.62835581,76.94301374,2.36814352,0.00194792,0.19973506,0.00000000,0.03991174,0.00000000,0.15252049,0.00000000,0.10227948,0.00000000,0.13117202,0.00000000,0.09235955,0.00000000,0.04653683,0.00000000,0.14934066,0.00000000,0.07955357,0.00000000
SPY12.5/IWM12.5/VEA12.5/VWO12.5/VNQ12.5/DBC12.5/IEF12.5/TLT12.5,sens,sens_2010-08-02,2010-08-02,2015-07-31,true,true,"{""*"": 6, ""ACWX"": 3, ""AGG"": 1, ""BIL"": 1, ""BND"": 1.5, ""BTAL"": 6, ""DBC"": 3, ""DBMF"": 3, ""EEM"": 1, ""EFA"": 1, ""IEF"": 1, ""IWM"": 1, ""KMLM"": 6, ""LQD"": 1.5, ""QQQ"": 1, ""SCZ"": 5, ""SHY"": 1, ""SPY"": 0.7, ""TIP"": 2, ""TLT"": 1, ""TQQQ"": 1.5, ""VEA"": 1.5, ""VEU"": 2, ""VNQ"": 1.5, ""VTI"": 1, ""VWO"": 2}",0.03000000,tests/data/2026-08-24-net15,,,0.00973288,0.02126820,0.00307296,0.00620147,47157.49770137,39500.00000000,7657.49770137,0.19386070,0.06977674,0.05680981,0.68824035,0.10625376,0.98149007,0.51462120,-0.13558855,278,2012,0.12199664,2015,-0.00281442,60013.04703975,9.18521994,0.20589671,0.00023254,,,0.12450999,0.12318489,0.12339120,0.12016438,0.12349306,0.12057774,0.12260470,0.11879853,0.12322304,0.11912908,0.12448979,0.12329531,0.12414342,0.12274964,0.12440841,0.12341701
ROT SPY top1 1-3-6-12U can TIP/1 fb best(BIL+IEF),sens,sens_2010-08-02,2010-08-02,2015-07-31,true,true,"{""*"": 6, ""ACWX"": 3, ""AGG"": 1, ""BIL"": 1, ""BND"": 1.5, ""BTAL"": 6, ""DBC"": 3, ""DBMF"": 3, ""EEM"": 1, ""EFA"": 1, ""IEF"": 1, ""IWM"": 1, ""KMLM"": 6, ""LQD"": 1.5, ""QQQ"": 1, ""SCZ"": 5, ""SHY"": 1, ""SPY"": 0.7, ""TIP"": 2, ""TLT"": 1, ""TQQQ"": 1.5, ""VEA"": 1.5, ""VEU"": 2, ""VNQ"": 1.5, ""VTI"": 1, ""VWO"": 2}",0.03000000,tests/data/2026-08-24-net15,,,0.00223884,0.00763665,0.00226032,0.00767138,49383.58715128,39500.00000000,9883.58715128,0.25021740,0.07172309,0.07169673,0.62268600,0.12358406,0.87529474,0.41428795,-0.17312377,307,2013,0.15066343,2011,-0.00690411,889705.61689015,79.02926852,3.07198440,0.00200074,0.18315078,0.00000000,,,0.13306228,0.00000000,,,0.68152662,0.00000000,,,,,,,,
SPY benchmark,sens,sens_2010-08-02,2010-08-02,2015-07-31,true,true,"{""*"": 6, ""ACWX"": 3, ""AGG"": 1, ""BIL"": 1, ""BND"": 1.5, ""BTAL"": 6, ""DBC"": 3, ""DBMF"": 3, ""EEM"": 1, ""EFA"": 1, ""IEF"": 1, ""IWM"": 1, ""KMLM"": 6, ""LQD"": 1.5, ""QQQ"": 1, ""SCZ"": 5, ""SHY"": 1, ""SPY"": 0.7, ""TIP"": 2, ""TLT"": 1, ""TQQQ"": 1.5, ""VEA"": 1.5, ""VEU"": 2, ""VNQ"": 1.5, ""VTI"": 1, ""VWO"": 2}",0.03000000,tests/data/2026-08-24-net15,,,0.00222985,0.00809629,0.00223108,0.00809805,63065.08988616,39500.00000000,23565.08988616,0.59658455,0.15282114,0.15148205,1.03546430,0.14802633,1.47227460,0.81773911,-0.18688252,280,2013,0.31884906,2011,0.01615410,39387.97131543,2.75715799,0.11567058,0.00006980,,,,,,,,,0.99776892,0.99190195,,,,,,,,
ROT SPY+IWM+VEA+VWO+VNQ+DBC+IEF+TLT top3 1-3-6-12U can TIP/1 fb best(BIL+IEF),sens,sens_2011-02-01,2011-02-01,2016-02-01,false,true,"{""*"": 6, ""ACWX"": 3, ""AGG"": 1, ""BIL"": 1, ""BND"": 1.5, ""BTAL"": 6, ""DBC"": 3, ""DBMF"": 3, ""EEM"": 1, ""EFA"": 1, ""IEF"": 1, ""IWM"": 1, ""KMLM"": 6, ""LQD"": 1.5, ""QQQ"": 1, ""SCZ"": 5, ""SHY"": 1, ""SPY"": 0.7, ""TIP"": 2, ""TLT"": 1, ""TQQQ"": 1.5, ""VEA"": 1.5, ""VEU"": 2, ""VNQ"": 1.5, ""VTI"": 1, ""VWO"": 2}",0.03000000,tests/data/2026-08-24-net15,3,1-3-6-12U,0.00372528,0.01091826,0.00241759,0.00618737,43237.82780267,40000.00000000,3237.82780267,0.08094570,0.03354490,0.02513989,0.39861877,0.09407532,0.54699493,0.26288493,-0.12760297,599,2013,0.07947662,2015,-0.05780832,1091344.42206006,123.95912164,4.05311018,0.00309898,0.18011280,0.00000000,0.03808794,0.00000000,0.23988109,0.00000000,0.08672550,0.00000000,0.11377214,0.00000000,0.10324472,0.00000000,0.04364184,0.00000000,0.16350125,0.00000000,0.02727009,0.00000000
ROT SPY+IWM+VEA+VWO+VNQ+DBC+IEF+TLT top3 13612W can TIP/1 fb best(BIL+IEF),sens,sens_2011-02-01,2011-02-01,2016-02-01,false,true,"{""*"": 6, ""ACWX"": 3, ""AGG"": 1, ""BIL"": 1, ""BND"": 1.5, ""BTAL"": 6, ""DBC"": 3, ""DBMF"": 3, ""EEM"": 1, ""EFA"": 1, ""IEF"": 1, ""IWM"": 1, ""KMLM"": 6, ""LQD"": 1.5, ""QQQ"": 1, ""SCZ"": 5, ""SHY"": 1, ""SPY"": 0.7, ""TIP"": 2, ""TLT"": 1, ""TQQQ"": 1.5, ""VEA"": 1.5, ""VEU"": 2, ""VNQ"": 1.5, ""VTI"": 1, ""VWO"": 2}",0.03000000,tests/data/2026-08-24-net15,3,13612W,0.00340272,0.01003347,0.00220154,0.00534137,44818.56299644,40000.00000000,4818.56299644,0.12046407,0.04958153,0.03676486,0.52392565,0.10263058,0.74100733,0.37516743,-0.13215841,133,2012,0.14550558,2015,-0.05959260,2101677.57459765,237.74105817,7.34279739,0.00594353,0.21281892,0.00000000,0.03266029,0.00000000,0.22347879,0.00000000,0.09774415,0.00000000,0.08680132,0.00000000,0.09769931,0.00000000,0.05456308,0.00000000,0.12533362,0.00000000,0.06542985,0.00000000
ROT SPY+IWM+VEA+VWO+VNQ+DBC+IEF+TLT top3 12M can TIP/1 fb best(BIL+IEF),sens,sens_2011-02-01,2011-02-01,2016-02-01,false,true,"{""*"": 6, ""ACWX"": 3, ""AGG"": 1, ""BIL"": 1, ""BND"": 1.5, ""BTAL"": 6, ""DBC"": 3, ""DBMF"": 3, ""EEM"": 1, ""EFA"": 1, ""IEF"": 1, ""IWM"": 1, ""KMLM"": 6, ""LQD"": 1.5, ""QQQ"": 1, ""SCZ"": 5, ""SHY"": 1, ""SPY"": 0.7, ""TIP"": 2, ""TLT"": 1, ""TQQQ"": 1.5, ""VEA"": 1.5, ""VEU"": 2, ""VNQ"": 1.5, ""VTI"": 1, ""VWO"": 2}",0.03000000,tests/data/2026-08-24-net15,3,12M,0.00380141,0.01165894,0.00235334,0.00618737,43762.48201204,40000.00000000,3762.48201204,0.09406205,0.01996653,0.02904263,0.23457824,0.11075046,0.30782368,0.09073048,-0.22006423,749,2012,0.09941565,2011,-0.11959265,534107.19316333,64.49719747,2.08039165,0.00161243,0.19644456,0.00000000,0.05992854,0.00000000,0.21784377,0.00000000,0.07597232,0.00000000,0.09760885,0.00000000,0.10860343,0.00000000,0.03270948,0.00000000,0.18523755,0.00000000,0.02182678,0.00000000
ROT SPY+IWM+VEA+VWO+VNQ+DBC+IEF+TLT top4 1-3-6-12U can TIP/1 fb best(BIL+IEF),sens,sens_2011-02-01,2011-02-01,2016-02-01,false,true,"{""*"": 6, ""ACWX"": 3, ""AGG"": 1, ""BIL"": 1, ""BND"": 1.5, ""BTAL"": 6, ""DBC"": 3, ""DBMF"": 3, ""EEM"": 1, ""EFA"": 1, ""IEF"": 1, ""IWM"": 1, ""KMLM"": 6, ""LQD"": 1.5, ""QQQ"": 1, ""SCZ"": 5, ""SHY"": 1, ""SPY"": 0.7, ""TIP"": 2, ""TLT"": 1, ""TQQQ"": 1.5, ""VEA"": 1.5, ""VEU"": 2, ""VNQ"": 1.5, ""VTI"": 1, ""VWO"": 2}",0.03000000,tests/data/2026-08-24-net15,4,1-3-6-12U,0.00481299,0.01262057,0.00259950,0.00604645,44851.53627651,40000.00000000,4851.53627651,0.12128841,0.04330991,0.03700317,0.52724733,0.08794329,0.72557723,0.38280884,-0.11313717,496,2012,0.11214311,2015,-0.03341526,1091896.66216377,122.22047692,3.97416308,0.00305551,0.18010757,0.00000000,0.02854658,0.00000000,0.25344528,0.00000000,0.09765627,0.00000000,0.12149320,0.00000000,0.09346815,0.00000000,0.05312737,0.00000000,0.13462953,0.00000000,0.03267728,0.00000000
ROT SPY+IWM+VEA+VWO+VNQ+DBC+IEF+TLT top4 13612W can TIP/1 fb best(BIL+IEF),sens,sens_2011-02-01,2011-02-01,2016-02-01,false,true,"{""*"": 6, ""ACWX"": 3, ""AGG"": 1, ""BIL"": 1, ""BND"": 1.5, ""BTAL"": 6, ""DBC"": 3, ""DBMF"": 3, ""EEM"": 1, ""EFA"": 1, ""IEF"": 1, ""IWM"": 1, ""KMLM"": 6, ""LQD"": 1.5, ""QQQ"": 1, ""SCZ"": 5, ""SHY"": 1, ""SPY"": 0.7, ""TIP"": 2, ""TLT"": 1, ""TQQQ"": 1.5, ""VEA"": 1.5, ""VEU"": 2, ""VNQ"": 1.5, ""VTI"": 1, ""VWO"": 2}",0.03000000,tests/data/2026-08-24-net15,4,13612W,0.00414207,0.01455559,0.00242238,0.00868311,44584.20711595,40000.00000000,4584.20711595,0.11460518,0.04654663,0.03506631,0.54311013,0.09170411,0.77253561,0.43798075,-0.10627552,,2012,0.12880954,2015,-0.05331455,1941244.69709605,223.75371700,6.84605728,0.00559384,0.21277159,0.00000000,0.03679978,0.00000000,0.24104090,0.00000000,0.08961840,0.00000000,0.10551455,0.00000000,0.08536085,0.00000000,0.06544273,0.00000000,0.10611130,0.00000000,0.05313524,0.00000000
ROT SPY+IWM+VEA+VWO+VNQ+DBC+IEF+TLT top4 12M can TIP/1 fb best(BIL+IEF),sens,sens_2011-02-01,2011-02-01,2016-02-01,false,true,"{""*"": 6, ""ACWX"": 3, ""AGG"": 1, ""BIL"": 1, ""BND"": 1.5, ""BTAL"": 6, ""DBC"": 3, ""DBMF"": 3, ""EEM"": 1, ""EFA"": 1, ""IEF"": 1, ""IWM"": 1, ""KMLM"": 6, ""LQD"": 1.5, ""QQQ"": 1, ""SCZ"": 5, ""SHY"": 1, ""SPY"": 0.7, ""TIP"": 2, ""TLT"": 1, ""TQQQ"": 1.5, ""VEA"": 1.5, ""VEU"": 2, ""VNQ"": 1.5, ""VTI"": 1, ""VWO"": 2}",0.03000000,tests/data/2026-08-24-net15,4,12M,0.00487649,0.01513141,0.00263777,0.00730613,44494.65984020,40000.00000000,4494.65984020,0.11236650,0.02979078,0.03441504,0.32569106,0.10850520,0.42942423,0.14936970,-0.19944324,677,2012,0.11851638,2011,-0.09508150,582509.88984420,70.16426356,2.19908236,0.00175411,0.19643333,0.00000000,0.04488764,0.00000000,0.22477840,0.00000000,0.07727534,0.00000000,0.12561452,0.00000000,0.08520088,0.00000000,0.04087183,0.00000000,0.15104161,0.00000000,0.04899702,0.00000000
ROT SPY+IWM+VEA+VWO+VNQ+DBC+IEF+TLT top5 1-3-6-12U can TIP/1 fb best(BIL+IEF),sens,sens_2011-02-01,2011-02-01,2016-02-01,false,true,"{""*"": 6, ""ACWX"": 3, ""AGG"": 1, ""BIL"": 1, ""BND"": 1.5, ""BTAL"": 6, ""DBC"": 3, ""DBMF"": 3, ""EEM"": 1, ""EFA"": 1, ""IEF"": 1, ""IWM"": 1, ""KMLM"": 6, ""LQD"": 1.5, ""QQQ"": 1, ""SCZ"": 5, ""SHY"": 1, ""SPY"": 0.7, ""TIP"": 2, ""TLT"": 1, ""TQQQ"": 1.5, ""VEA"": 1.5, ""VEU"": 2, ""VNQ"": 1.5, ""VTI"": 1, ""VWO"": 2}",0.03000000,tests/data/2026-08-24-net15,5,1-3-6-12U,0.00543157,0.01575732,0.00280032,0.00821787,44618.50031659,40000.00000000,4618.50031659,0.11546251,0.03775128,0.03531539,0.46707888,0.08777251,0.64451859,0.30739888,-0.12280878,599,2012,0.08338272,2015,-0.01115768,926012.57856825,105.12090684,3.44149022,0.00262802,0.18007684,0.00000000,0.03259605,0.00000000,0.27133158,0.00000000,0.10093783,0.00000000,0.10658334,0.00000000,0.08112777,0.00000000,0.05548077,0.00000000,0.11743991,0.00000000,0.04896159,0.00000000
ROT SPY+IWM+VEA+VWO+VNQ+DBC+IEF+TLT top5 13612W can TIP/1 fb best(BIL+IEF),sens,sens_2011-02-01,2011-02-01,2016-02-01,false,true,"{""*"": 6, ""ACWX"": 3, ""AGG"": 1, ""BIL"": 1, ""BND"": 1.5, ""BTAL"": 6, ""DBC"": 3, ""DBMF"": 3, ""EEM"": 1, ""EFA"": 1, ""IEF"": 1, ""IWM"": 1, ""KMLM"": 6, ""LQD"": 1.5, ""QQQ"": 1, ""SCZ"": 5, ""SHY"": 1, ""SPY"": 0.7, ""TIP"": 2, ""TLT"": 1, ""TQQQ"": 1.5, ""VEA"": 1.5, ""VEU"": 2, ""VNQ"": 1.5, ""VTI"": 1, ""VWO"": 2}",0.03000000,tests/data/2026-08-24-net15,5,13612W,0.00563083,0.01817577,0.00300157,0.00895746,44693.44520581,40000.00000000,4693.44520581,0.11733613,0.04530143,0.03585909,0.54208807,0.08926813,0.76989000,0.44591060,-0.10159308,125,2013,0.10346323,2015,-0.03006315,1852976.22573703,217.19185588,6.59988904,0.00542980,0.21279331,0.00000000,0.04247430,0.00000000,0.26478109,0.00000000,0.08762391,0.00000000,0.09659786,0.00000000,0.07132539,0.00000000,0.06864259,0.00000000,0.09454193,0.00000000,0.05552698,0.00000000
ROT SPY+IWM+VEA+VWO+VNQ+DBC+IEF+TLT top5 12M can TIP/1 fb best(BIL+IEF),sens,sens_2011-02-01,2011-02-01,2016-02-01,false,true,"{""*"": 6, ""ACWX"": 3, ""AGG"": 1, ""BIL"": 1, ""BND"": 1.5, ""BTAL"": 6, ""DBC"": 3, ""DBMF"": 3, ""EEM"": 1, ""EFA"": 1, ""IEF"": 1, ""IWM"": 1, ""KMLM"": 6, ""LQD"": 1.5, ""QQQ"": 1, ""SCZ"": 5, ""SHY"": 1, ""SPY"": 0.7, ""TIP"": 2, ""TLT"": 1, ""TQQQ"": 1.5, ""VEA"": 1.5, ""VEU"": 2, ""VNQ"": 1.5, ""VTI"": 1, ""VWO"": 2}",0.03000000,tests/data/2026-08-24-net15,5,12M,0.00504885,0.01335873,0.00247572,0.00638300,44143.80402775,40000.00000000,4143.80402775,0.10359510,0.02783892,0.03185122,0.31090165,0.10705083,0.40981165,0.13257799,-0.20998147,685,2012,0.10979623,2011,-0.08267991,546428.18761675,65.21536736,2.07813825,0.00163038,0.19642282,0.00000000,0.03590121,0.00000000,0.25181114,0.00000000,0.08125977,0.00000000,0.11646590,0.00000000,0.08121246,0.00000000,0.04578920,0.00000000,0.12730714,0.00000000,0.05876042,0.00000000
SPY12.5/IWM12.5/VEA12.5/VWO12.5/VNQ12.5/DBC12.5/IEF12.5/TLT12.5,sens,sens_2011-02-01,2011-02-01,2016-02-01,true,true,"{""*"": 6, ""ACWX"": 3, ""AGG"": 1, ""BIL"": 1, ""BND"": 1.5, ""BTAL"": 6, ""DBC"": 3, ""DBMF"": 3, ""EEM"": 1, ""EFA"": 1, ""IEF"": 1, ""IWM"": 1, ""KMLM"": 6, ""LQD"": 1.5, ""QQQ"": 1, ""SCZ"": 5, ""SHY"": 1, ""SPY"": 0.7, ""TIP"": 2, ""TLT"": 1, ""TQQQ"": 1.5, ""VEA"": 1.5, ""VEU"": 2, ""VNQ"": 1.5, ""VTI"": 1, ""VWO"": 2}",0.03000000,tests/data/2026-08-24-net15,,,0.01012462,0.01999759,0.00350738,0.00662680,41468.43609902,40000.00000000,1468.43609902,0.03671090,0.02842822,0.01163511,0.31499395,0.10756778,0.44114918,0.17468345,-0.16274132,,2012,0.12243995,2015,-0.05716575,61505.70167159,9.54050500,0.22185170,0.00023851,,,0.12443790,0.12281626,0.12340925,0.11837320,0.12327498,0.11910520,0.12230467,0.11858927,0.12348358,0.12146615,0.12445845,0.12278013,0.12415860,0.12261366,0.12434431,0.12238775
ROT SPY top1 1-3-6-12U can TIP/1 fb best(BIL+IEF),sens,sens_2011-02-01,2011-02-01,2016-02-01,true,true,"{""*"": 6, ""ACWX"": 3, ""AGG"": 1, ""BIL"": 1, ""BND"": 1.5, ""BTAL"": 6, ""DBC"": 3, ""DBMF"": 3, ""EEM"": 1, ""EFA"": 1, ""IEF"": 1, ""IWM"": 1, ""KMLM"": 6, ""LQD"": 1.5, ""QQQ"": 1, ""SCZ"": 5, ""SHY"": 1, ""SPY"": 0.7, ""TIP"": 2, ""TLT"": 1, ""TQQQ"": 1.5, ""VEA"": 1.5, ""VEU"": 2, ""VNQ"": 1.5, ""VTI"": 1, ""VWO"": 2}",0.03000000,tests/data/2026-08-24-net15,,,0.00257480,0.00881308,0.00259489,0.00881440,48998.16451762,40000.00000000,8998.16451762,0.22495411,0.06281569,0.06572077,0.57334457,0.11885473,0.80392946,0.36375432,-0.17268713,307,2013,0.15032808,2011,-0.04457382,828333.70296998,74.76528692,2.91777360,0.00186913,0.18011570,0.00000000,,,0.22909290,0.00000000,,,0.58819651,0.00000000,,,,,,,,
SPY benchmark,sens,sens_2011-02-01,2011-02-01,2016-02-01,true,true,"{""*"": 6, ""ACWX"": 3, ""AGG"": 1, ""BIL"": 1, ""BND"": 1.5, ""BTAL"": 6, ""DBC"": 3, ""DBMF"": 3, ""EEM"": 1, ""EFA"": 1, ""IEF"": 1, ""IWM"": 1, ""KMLM"": 6, ""LQD"": 1.5, ""QQQ"": 1, ""SCZ"": 5, ""SHY"": 1, ""SPY"": 0.7, ""TIP"": 2, ""TLT"": 1, ""TQQQ"": 1.5, ""VEA"": 1.5, ""VEU"": 2, ""VNQ"": 1.5, ""VTI"": 1, ""VWO"": 2}",0.03000000,tests/data/2026-08-24-net15,,,0.00258936,0.00881308,0.00259061,0.00881440,53813.64294988,40000.00000000,13813.64294988,0.34534107,0.10067915,0.09632572,0.69767164,0.15510431,0.97672466,0.54066020,-0.18621520,280,2013,0.31820793,2016,-0.05008489,39961.42069024,2.79729945,0.12328906,0.00006993,,,,,,,,,0.99740939,0.99118560,,,,,,,,
ROT SPY+IWM+VEA+VWO+VNQ+DBC+IEF+TLT top3 1-3-6-12U can TIP/1 fb best(BIL+IEF),sens,sens_2011-08-01,2011-08-01,2016-08-01,false,true,"{""*"": 6, ""ACWX"": 3, ""AGG"": 1, ""BIL"": 1, ""BND"": 1.5, ""BTAL"": 6, ""DBC"": 3, ""DBMF"": 3, ""EEM"": 1, ""EFA"": 1, ""IEF"": 1, ""IWM"": 1, ""KMLM"": 6, ""LQD"": 1.5, ""QQQ"": 1, ""SCZ"": 5, ""SHY"": 1, ""SPY"": 0.7, ""TIP"": 2, ""TLT"": 1, ""TQQQ"": 1.5, ""VEA"": 1.5, ""VEU"": 2, ""VNQ"": 1.5, ""VTI"": 1, ""VWO"": 2}",0.03000000,tests/data/2026-08-24-net15,3,1-3-6-12U,0.00394853,0.01478871,0.00246846,0.00699338,46083.12329832,40000.00000000,6083.12329832,0.15207808,0.04585719,0.04579662,0.57747850,0.08390155,0.80721506,0.39707952,-0.11548617,550,2016,0.11690021,2015,-0.05796163,1138118.13925889,123.88502860,4.24000690,0.00309713,0.18007028,0.00000000,0.01087133,0.00000000,0.26151944,0.00000000,0.05974162,0.00000000,0.12469829,0.00000000,0.13566945,0.00000000,0.03816986,0.00000000,0.15801097,0.00000000,0.02726246,0.00000000
ROT SPY+IWM+VEA+VWO+VNQ+DBC+IEF+TLT top3 13612W can TIP/1 fb best(BIL+IEF),sens,sens_2011-08-01,2011-08-01,2016-08-01,false,true,"{""*"": 6, ""ACWX"": 3, ""AGG"": 1, ""BIL"": 1, ""BND"": 1.5, ""BTAL"": 6, ""DBC"": 3, ""DBMF"": 3, ""EEM"": 1, ""EFA"": 1, ""IEF"": 1, ""IWM"": 1, ""KMLM"": 6, ""LQD"": 1.5, ""QQQ"": 1, ""SCZ"": 5, ""SHY"": 1, ""SPY"": 0.7, ""TIP"": 2, ""TLT"": 1, ""TQQQ"": 1.5, ""VEA"": 1.5, ""VEU"": 2, ""VNQ"": 1.5, ""VTI"": 1, ""VWO"": 2}",0.03000000,tests/data/2026-08-24-net15,3,13612W,0.00342158,0.01266351,0.00230403,0.00735155,46357.30713218,40000.00000000,6357.30713218,0.15893268,0.06220224,0.04772206,0.65828796,0.09935478,0.95096058,0.47117218,-0.13201594,133,2012,0.14491380,2015,-0.05961994,2042808.41650836,236.69171603,7.12628963,0.00591729,0.19642327,0.00000000,0.03272171,0.00000000,0.23428560,0.00000000,0.09799035,0.00000000,0.08642950,0.00000000,0.10331241,0.00000000,0.04364317,0.00000000,0.12534525,0.00000000,0.07636176,0.00000000
ROT SPY+IWM+VEA+VWO+VNQ+DBC+IEF+TLT top3 12M can TIP/1 fb best(BIL+IEF),sens,sens_2011-08-01,2011-08-01,2016-08-01,false,true,"{""*"": 6, ""ACWX"": 3, ""AGG"": 1, ""BIL"": 1, ""BND"": 1.5, ""BTAL"": 6, ""DBC"": 3, ""DBMF"": 3, ""EEM"": 1, ""EFA"": 1, ""IEF"": 1, ""IWM"": 1, ""KMLM"": 6, ""LQD"": 1.5, ""QQQ"": 1, ""SCZ"": 5, ""SHY"": 1, ""SPY"": 0.7, ""TIP"": 2, ""TLT"": 1, ""TQQQ"": 1.5, ""VEA"": 1.5, ""VEU"": 2, ""VNQ"": 1.5, ""VTI"": 1, ""VWO"": 2}",0.03000000,tests/data/2026-08-24-net15,3,12M,0.00403342,0.01241667,0.00270137,0.00726360,46996.32925220,40000.00000000,6996.32925220,0.17490823,0.02992690,0.05216797,0.33985310,0.10248028,0.44856140,0.16734687,-0.17883154,618,2016,0.12350395,2011,-0.15200193,504453.56398909,59.54762751,1.95046094,0.00148869,0.19643814,0.00000000,0.02719347,0.00000000,0.26149893,0.00000000,0.05424336,0.00000000,0.09744661,0.00000000,0.13570437,0.00000000,0.02726258,0.00000000,0.17978723,0.00000000,0.01636996,0.00000000
ROT SPY+IWM+VEA+VWO+VNQ+DBC+IEF+TLT top4 1-3-6-12U can TIP/1 fb best(BIL+IEF),sens,sens_2011-08-01,2011-08-01,2016-08-01,false,true,"{""*"": 6, ""ACWX"": 3, ""AGG"": 1, ""BIL"": 1, ""BND"": 1.5, ""BTAL"": 6, ""DBC"": 3, ""DBMF"": 3, ""EEM"": 1, ""EFA"": 1, ""IEF"": 1, ""IWM"": 1, ""KMLM"": 6, ""LQD"": 1.5, ""QQQ"": 1, ""SCZ"": 5, ""SHY"": 1, ""SPY"": 0.7, ""TIP"": 2, ""TLT"": 1, ""TQQQ"": 1.5, ""VEA"": 1.5, ""VEU"": 2, ""VNQ"": 1.5, ""VTI"": 1, ""VWO"": 2}",0.03000000,tests/data/2026-08-24-net15,4,1-3-6-12U,0.00478816,0.01570265,0.00270644,0.00746388,46626.36703787,40000.00000000,6626.36703787,0.16565918,0.05241285,0.04960105,0.70714727,0.07653571,0.99664844,0.63877683,-0.08205190,201,2012,0.11167552,2015,-0.03329563,1073211.83886703,123.13001555,3.89763921,0.00307825,0.18010067,0.00000000,0.01227156,0.00000000,0.28175198,0.00000000,0.07738918,0.00000000,0.11737014,0.00000000,0.11798615,0.00000000,0.04087299,0.00000000,0.13063595,0.00000000,0.03679698,0.00000000
ROT SPY+IWM+VEA+VWO+VNQ+DBC+IEF+TLT top4 13612W can TIP/1 fb best(BIL+IEF),sens,sens_2011-08-01,2011-08-01,2016-08-01,false,true,"{""*"": 6, ""ACWX"": 3, ""AGG"": 1, ""BIL"": 1, ""BND"": 1.5, ""BTAL"": 6, ""DBC"": 3, ""DBMF"": 3, ""EEM"": 1, ""EFA"": 1, ""IEF"": 1, ""IWM"": 1, ""KMLM"": 6, ""LQD"": 1.5, ""QQQ"": 1, ""SCZ"": 5, ""SHY"": 1, ""SPY"": 0.7, ""TIP"": 2, ""TLT"": 1, ""TQQQ"": 1.5, ""VEA"": 1.5, ""VEU"": 2, ""VNQ"": 1.5, ""VTI"": 1, ""VWO"": 2}",0.03000000,tests/data/2026-08-24-net15,4,13612W,0.00431932,0.01255870,0.00245487,0.00709280,46326.53656678,40000.00000000,6326.53656678,0.15816341,0.05872505,0.04750652,0.67902658,0.09020494,0.98311506,0.54451463,-0.10784844,,2012,0.12835483,2015,-0.05330040,1895400.64865258,222.56024989,6.68636428,0.00556401,0.19645834,0.00000000,0.03682166,0.00000000,0.24528037,0.00000000,0.08942680,0.00000000,0.10124336,0.00000000,0.09349466,0.00000000,0.06131357,0.00000000,0.10617969,0.00000000,0.06540037,0.00000000
ROT SPY+IWM+VEA+VWO+VNQ+DBC+IEF+TLT top4 12M can TIP/1 fb best(BIL+IEF),sens,sens_2011-08-01,2011-08-01,2016-08-01,false,true,"{""*"": 6, ""ACWX"": 3, ""AGG"": 1, ""BIL"": 1, ""BND"": 1.5, ""BTAL"": 6, ""DBC"": 3, ""DBMF"": 3, ""EEM"": 1, ""EFA"": 1, ""IEF"": 1, ""IWM"": 1, ""KMLM"": 6, ""LQD"": 1.5, ""QQQ"": 1, ""SCZ"": 5, ""SHY"": 1, ""SPY"": 0.7, ""TIP"": 2, ""TLT"": 1, ""TQQQ"": 1.5, ""VEA"": 1.5, ""VEU"": 2, ""VNQ"": 1.5, ""VTI"": 1, ""VWO"": 2}",0.03000000,tests/data/2026-08-24-net15,4,12M,0.00543188,0.01836870,0.00305363,0.00845192,47648.43353719,40000.00000000,7648.43353719,0.19121084,0.04347687,0.05664623,0.47939584,0.09929918,0.63524850,0.27867419,-0.15601325,520,2016,0.12038074,2011,-0.11013884,556332.08750861,65.22544305,2.07908474,0.00163064,0.19641093,0.00000000,0.02038469,0.00000000,0.26111068,0.00000000,0.05699746,0.00000000,0.14168186,0.00000000,0.10570861,0.00000000,0.03269796,0.00000000,0.14684859,0.00000000,0.03270617,0.00000000
ROT SPY+IWM+VEA+VWO+VNQ+DBC+IEF+TLT top5 1-3-6-12U can TIP/1 fb best(BIL+IEF),sens,sens_2011-08-01,2011-08-01,2016-08-01,false,true,"{""*"": 6, ""ACWX"": 3, ""AGG"": 1, ""BIL"": 1, ""BND"": 1.5, ""BTAL"": 6, ""DBC"": 3, ""DBMF"": 3, ""EEM"": 1, ""EFA"": 1, ""IEF"": 1, ""IWM"": 1, ""KMLM"": 6, ""LQD"": 1.5, ""QQQ"": 1, ""SCZ"": 5, ""SHY"": 1, ""SPY"": 0.7, ""TIP"": 2, ""TLT"": 1, ""TQQQ"": 1.5, ""VEA"": 1.5, ""VEU"": 2, ""VNQ"": 1.5, ""VTI"": 1, ""VWO"": 2}",0.03000000,tests/data/2026-08-24-net15,5,1-3-6-12U,0.00535925,0.01397713,0.00265084,0.00783554,46692.90421396,40000.00000000,6692.90421396,0.16732261,0.04758775,0.05006413,0.64501260,0.07679865,0.91240965,0.55122383,-0.08633109,141,2016,0.09722571,2011,-0.02059831,932937.13446745,109.80018026,3.45176376,0.00274500,0.18008729,0.00000000,0.01634018,0.00000000,0.29720689,0.00000000,0.09098875,0.00000000,0.11006819,0.00000000,0.10074344,0.00000000,0.03923412,0.00000000,0.11421712,0.00000000,0.04572083,0.00000000
ROT SPY+IWM+VEA+VWO+VNQ+DBC+IEF+TLT top5 13612W can TIP/1 fb best(BIL+IEF),sens,sens_2011-08-01,2011-08-01,2016-08-01,false,true,"{""*"": 6, ""ACWX"": 3, ""AGG"": 1, ""BIL"": 1, ""BND"": 1.5, ""BTAL"": 6, ""DBC"": 3, ""DBMF"": 3, ""EEM"": 1, ""EFA"": 1, ""IEF"": 1, ""IWM"": 1, ""KMLM"": 6, ""LQD"": 1.5, ""QQQ"": 1, ""SCZ"": 5, ""SHY"": 1, ""SPY"": 0.7, ""TIP"": 2, ""TLT"": 1, ""TQQQ"": 1.5, ""VEA"": 1.5, ""VEU"": 2, ""VNQ"": 1.5, ""VTI"": 1, ""VWO"": 2}",0.03000000,tests/data/2026-08-24-net15,5,13612W,0.00496973,0.01848114,0.00270853,0.00739789,47096.53372121,40000.00000000,7096.53372121,0.17741334,0.06095129,0.05285992,0.73269100,0.08595953,1.06816565,0.59748935,-0.10201234,125,2013,0.10325983,2015,-0.03002635,1797659.66327429,213.13106819,6.37980650,0.00532828,0.19642973,0.00000000,0.04253246,0.00000000,0.27449005,0.00000000,0.08768424,0.00000000,0.09710265,0.00000000,0.08117057,0.00000000,0.06537228,0.00000000,0.09135517,0.00000000,0.05883249,0.00000000
ROT SPY+IWM+VEA+VWO+VNQ+DBC+IEF+TLT top5 12M can TIP/1 fb best(BIL+IEF),sens,sens_2011-08-01,2011-08-01,2016-08-01,false,true,"{""*"": 6, ""ACWX"": 3, ""AGG"": 1, ""BIL"": 1, ""BND"": 1.5, ""BTAL"": 6, ""DBC"": 3, ""DBMF"": 3, ""EEM"": 1, ""EFA"": 1, ""IEF"": 1, ""IWM"": 1, ""KMLM"": 6, ""LQD"": 1.5, ""QQQ"": 1, ""SCZ"": 5, ""SHY"": 1, ""SPY"": 0.7, ""TIP"": 2, ""TLT"": 1, ""TQQQ"": 1.5, ""VEA"": 1.5, ""VEU"": 2, ""VNQ"": 1.5, ""VTI"": 1, ""VWO"": 2}",0.03000000,tests/data/2026-08-24-net15,5,12M,0.00604965,0.01648582,0.00285341,0.00648578,46903.21137695,40000.00000000,6903.21137695,0.17258028,0.03914308,0.05152369,0.44290715,0.09771390,0.58654015,0.23797668,-0.16448284,520,2016,0.11113934,2011,-0.10082495,521633.54188442,61.00283965,1.96733500,0.00152507,0.19647737,0.00000000,0.01631361,0.00000000,0.30063213,0.00000000,0.06177001,0.00000000,0.11934903,0.00000000,0.09714740,0.00000000,0.03594175,0.00000000,0.12383845,0.00000000,0.04246009,0.00000000
SPY12.5/IWM12.5/VEA12.5/VWO12.5/VNQ12.5/DBC12.5/IEF12.5/TLT12.5,sens,sens_2011-08-01,2011-08-01,2016-08-01,true,true,"{""*"": 6, ""ACWX"": 3, ""AGG"": 1, ""BIL"": 1, ""BND"": 1.5, ""BTAL"": 6, ""DBC"": 3, ""DBMF"": 3, ""EEM"": 1, ""EFA"": 1, ""IEF"": 1, ""IWM"": 1, ""KMLM"": 6, ""LQD"": 1.5, ""QQQ"": 1, ""SCZ"": 5, ""SHY"": 1, ""SPY"": 0.7, ""TIP"": 2, ""TLT"": 1, ""TQQQ"": 1.5, ""VEA"": 1.5, ""VEU"": 2, ""VNQ"": 1.5, ""VTI"": 1, ""VWO"": 2}",0.03000000,tests/data/2026-08-24-net15,,,0.01034559,0.02463672,0.00334119,0.00699572,46148.23527438,40000.00000000,6148.23527438,0.15370588,0.04818141,0.04625485,0.49236447,0.10751407,0.69755557,0.29591758,-0.16282038,,2012,0.12208299,2015,-0.05727778,58254.30324062,9.24636044,0.21303510,0.00023116,,,0.12448860,0.12271363,0.12339425,0.11950718,0.12321300,0.11938737,0.12251126,0.11800428,0.12311714,0.11844703,0.12440753,0.12324284,0.12412089,0.12241323,0.12439809,0.12259721
ROT SPY top1 1-3-6-12U can TIP/1 fb best(BIL+IEF),sens,sens_2011-08-01,2011-08-01,2016-08-01,true,true,"{""*"": 6, ""ACWX"": 3, ""AGG"": 1, ""BIL"": 1, ""BND"": 1.5, ""BTAL"": 6, ""DBC"": 3, ""DBMF"": 3, ""EEM"": 1, ""EFA"": 1, ""IEF"": 1, ""IWM"": 1, ""KMLM"": 6, ""LQD"": 1.5, ""QQQ"": 1, ""SCZ"": 5, ""SHY"": 1, ""SPY"": 0.7, ""TIP"": 2, ""TLT"": 1, ""TQQQ"": 1.5, ""VEA"": 1.5, ""VEU"": 2, ""VNQ"": 1.5, ""VTI"": 1, ""VWO"": 2}",0.03000000,tests/data/2026-08-24-net15,,,0.00273842,0.00795622,0.00275983,0.00803855,51708.18473989,40000.00000000,11708.18473989,0.29270462,0.08010946,0.08329013,0.72239383,0.11628878,1.01959289,0.62555044,-0.12806235,170,2013,0.15017153,2011,-0.03786662,833156.29429416,74.75851328,2.87431489,0.00186896,0.18010284,0.00000000,,,0.24551452,0.00000000,,,0.57162281,0.00000000,,,,,,,,
SPY benchmark,sens,sens_2011-08-01,2011-08-01,2016-08-01,true,true,"{""*"": 6, ""ACWX"": 3, ""AGG"": 1, ""BIL"": 1, ""BND"": 1.5, ""BTAL"": 6, ""DBC"": 3, ""DBMF"": 3, ""EEM"": 1, ""EFA"": 1, ""IEF"": 1, ""IWM"": 1, ""KMLM"": 6, ""LQD"": 1.5, ""QQQ"": 1, ""SCZ"": 5, ""SHY"": 1, ""SPY"": 0.7, ""TIP"": 2, ""TLT"": 1, ""TQQQ"": 1.5, ""VEA"": 1.5, ""VEU"": 2, ""VNQ"": 1.5, ""VTI"": 1, ""VWO"": 2}",0.03000000,tests/data/2026-08-24-net15,,,0.00255321,0.00761710,0.00255444,0.00761873,58709.80574865,40000.00000000,18709.80574865,0.46774514,0.12915015,0.12494806,0.86178676,0.15527662,1.21516008,0.90846777,-0.14216261,87,2013,0.31795880,2011,-0.01633885,39980.69873875,2.79864891,0.12085010,0.00006997,,,,,,,,,0.99744556,0.99238127,,,,,,,,
ROT SPY+IWM+VEA+VWO+VNQ+DBC+IEF+TLT top3 1-3-6-12U can TIP/1 fb best(BIL+IEF),sens,sens_2012-02-01,2012-02-01,2017-02-01,false,true,"{""*"": 6, ""ACWX"": 3, ""AGG"": 1, ""BIL"": 1, ""BND"": 1.5, ""BTAL"": 6, ""DBC"": 3, ""DBMF"": 3, ""EEM"": 1, ""EFA"": 1, ""IEF"": 1, ""IWM"": 1, ""KMLM"": 6, ""LQD"": 1.5, ""QQQ"": 1, ""SCZ"": 5, ""SHY"": 1, ""SPY"": 0.7, ""TIP"": 2, ""TLT"": 1, ""TQQQ"": 1.5, ""VEA"": 1.5, ""VEU"": 2, ""VNQ"": 1.5, ""VTI"": 1, ""VWO"": 2}",0.03000000,tests/data/2026-08-24-net15,3,1-3-6-12U,0.00398931,0.01637367,0.00258593,0.00896004,44329.31001712,40000.00000000,4329.31001712,0.10823275,0.03636695,0.03318865,0.47545329,0.08244262,0.65470871,0.31553429,-0.11525513,550,2016,0.09416723,2015,-0.05751819,1222456.01638218,142.10063801,4.58273048,0.00355252,0.21276815,0.00000000,0.01092152,0.00000000,0.22898588,0.00000000,0.07596676,0.00000000,0.12988831,0.00000000,0.10303148,0.00000000,0.03817514,0.00000000,0.14712938,0.00000000,0.04910309,0.00000000
ROT SPY+IWM+VEA+VWO+VNQ+DBC+IEF+TLT top3 13612W can TIP/1 fb best(BIL+IEF),sens,sens_2012-02-01,2012-02-01,2017-02-01,false,true,"{""*"": 6, ""ACWX"": 3, ""AGG"": 1, ""BIL"": 1, ""BND"": 1.5, ""BTAL"": 6, ""DBC"": 3, ""DBMF"": 3, ""EEM"": 1, ""EFA"": 1, ""IEF"": 1, ""IWM"": 1, ""KMLM"": 6, ""LQD"": 1.5, ""QQQ"": 1, ""SCZ"": 5, ""SHY"": 1, ""SPY"": 0.7, ""TIP"": 2, ""TLT"": 1, ""TQQQ"": 1.5, ""VEA"": 1.5, ""VEU"": 2, ""VNQ"": 1.5, ""VTI"": 1, ""VWO"": 2}",0.03000000,tests/data/2026-08-24-net15,3,13612W,0.00354572,0.01424941,0.00245356,0.00821597,43825.46555103,40000.00000000,3825.46555103,0.09563664,0.04476950,0.02948989,0.54274073,0.08799622,0.77154781,0.36938595,-0.12119979,,2013,0.10186917,2015,-0.05968053,1916863.22610523,226.12300031,6.90692311,0.00565308,0.23459308,0.00000000,0.03276480,0.00000000,0.20162692,0.00000000,0.10873268,0.00000000,0.08654627,0.00000000,0.07596027,0.00000000,0.04363733,0.00000000,0.11434658,0.00000000,0.09818112,0.00000000
ROT SPY+IWM+VEA+VWO+VNQ+DBC+IEF+TLT top3 12M can TIP/1 fb best(BIL+IEF),sens,sens_2012-02-01,2012-02-01,2017-02-01,false,true,"{""*"": 6, ""ACWX"": 3, ""AGG"": 1, ""BIL"": 1, ""BND"": 1.5, ""BTAL"": 6, ""DBC"": 3, ""DBMF"": 3, ""EEM"": 1, ""EFA"": 1, ""IEF"": 1, ""IWM"": 1, ""KMLM"": 6, ""LQD"": 1.5, ""QQQ"": 1, ""SCZ"": 5, ""SHY"": 1, ""SPY"": 0.7, ""TIP"": 2, ""TLT"": 1, ""TQQQ"": 1.5, ""VEA"": 1.5, ""VEU"": 2, ""VNQ"": 1.5, ""VTI"": 1, ""VWO"": 2}",0.03000000,tests/data/2026-08-24-net15,3,12M,0.00418245,0.01233953,0.00277075,0.00722488,44537.33077101,40000.00000000,4537.33077101,0.11343327,0.04431878,0.03470407,0.58524281,0.07968622,0.79191581,0.37535590,-0.11807136,,2013,0.07653291,2015,-0.00120408,642669.40836651,74.42827565,2.33575912,0.00186071,0.19642118,0.00000000,0.01092741,0.00000000,0.24512330,0.00000000,0.06502905,0.00000000,0.10814900,0.00000000,0.12486781,0.00000000,0.02725772,0.00000000,0.17433573,0.00000000,0.04368428,0.00000000
ROT SPY+IWM+VEA+VWO+VNQ+DBC+IEF+TLT top4 1-3-6-12U can TIP/1 fb best(BIL+IEF),sens,sens_2012-02-01,2012-02-01,2017-02-01,false,true,"{""*"": 6, ""ACWX"": 3, ""AGG"": 1, ""BIL"": 1, ""BND"": 1.5, ""BTAL"": 6, ""DBC"": 3, ""DBMF"": 3, ""EEM"": 1, ""EFA"": 1, ""IEF"": 1, ""IWM"": 1, ""KMLM"": 6, ""LQD"": 1.5, ""QQQ"": 1, ""SCZ"": 5, ""SHY"": 1, ""SPY"": 0.7, ""TIP"": 2, ""TLT"": 1, ""TQQQ"": 1.5, ""VEA"": 1.5, ""VEU"": 2, ""VNQ"": 1.5, ""VTI"": 1, ""VWO"": 2}",0.03000000,tests/data/2026-08-24-net15,4,1-3-6-12U,0.00492908,0.01688520,0.00277430,0.00765774,45838.94175534,40000.00000000,5838.94175534,0.14597354,0.04952343,0.04403591,0.68363376,0.07496708,0.95015021,0.62008324,-0.07986577,507,2016,0.09662068,2015,-0.03307330,1149704.41239052,137.04429801,4.19643237,0.00342611,0.21278502,0.00000000,0.01229055,0.00000000,0.24517324,0.00000000,0.09340394,0.00000000,0.11722379,0.00000000,0.09767955,0.00000000,0.04496435,0.00000000,0.11838246,0.00000000,0.05312949,0.00000000
ROT SPY+IWM+VEA+VWO+VNQ+DBC+IEF+TLT top4 13612W can TIP/1 fb best(BIL+IEF),sens,sens_2012-02-01,2012-02-01,2017-02-01,false,true,"{""*"": 6, ""ACWX"": 3, ""AGG"": 1, ""BIL"": 1, ""BND"": 1.5, ""BTAL"": 6, ""DBC"": 3, ""DBMF"": 3, ""EEM"": 1, ""EFA"": 1, ""IEF"": 1, ""IWM"": 1, ""KMLM"": 6, ""LQD"": 1.5, ""QQQ"": 1, ""SCZ"": 5, ""SHY"": 1, ""SPY"": 0.7, ""TIP"": 2, ""TLT"": 1, ""TQQQ"": 1.5, ""VEA"": 1.5, ""VEU"": 2, ""VNQ"": 1.5, ""VTI"": 1, ""VWO"": 2}",0.03000000,tests/data/2026-08-24-net15,4,13612W,0.00449611,0.01434669,0.00268741,0.00819757,43700.29220435,40000.00000000,3700.29220435,0.09250731,0.04144209,0.02856469,0.52553002,0.08416872,0.74596764,0.38433946,-0.10782678,,2013,0.09161692,2015,-0.05327342,1813624.03029651,216.11517127,6.58400764,0.00540288,0.23728680,0.00000000,0.03680670,0.00000000,0.20857346,0.00000000,0.09759125,0.00000000,0.09693090,0.00000000,0.07312118,0.00000000,0.06948556,0.00000000,0.09387425,0.00000000,0.08177115,0.00000000
ROT SPY+IWM+VEA+VWO+VNQ+DBC+IEF+TLT top4 12M can TIP/1 fb best(BIL+IEF),sens,sens_2012-02-01,2012-02-01,2017-02-01,false,true,"{""*"": 6, ""ACWX"": 3, ""AGG"": 1, ""BIL"": 1, ""BND"": 1.5, ""BTAL"": 6, ""DBC"": 3, ""DBMF"": 3, ""EEM"": 1, ""EFA"": 1, ""IEF"": 1, ""IWM"": 1, ""KMLM"": 6, ""LQD"": 1.5, ""QQQ"": 1, ""SCZ"": 5, ""SHY"": 1, ""SPY"": 0.7, ""TIP"": 2, ""TLT"": 1, ""TQQQ"": 1.5, ""VEA"": 1.5, ""VEU"": 2, ""VNQ"": 1.5, ""VTI"": 1, ""VWO"": 2}",0.03000000,tests/data/2026-08-24-net15,4,12M,0.00536962,0.01855355,0.00292711,0.00772816,45426.10824540,40000.00000000,5426.10824540,0.13565271,0.05130579,0.04110372,0.71144863,0.07436545,0.97146548,0.51682786,-0.09927056,,2013,0.09943619,2015,-0.01298617,637648.91466077,74.81735732,2.29290693,0.00187043,0.19640963,0.00000000,0.01228515,0.00000000,0.25298522,0.00000000,0.06506512,0.00000000,0.14166042,0.00000000,0.09740303,0.00000000,0.03270098,0.00000000,0.13883341,0.00000000,0.05726571,0.00000000
ROT SPY+IWM+VEA+VWO+VNQ+DBC+IEF+TLT top5 1-3-6-12U can TIP/1 fb best(BIL+IEF),sens,sens_2012-02-01,2012-02-01,2017-02-01,false,true,"{""*"": 6, ""ACWX"": 3, ""AGG"": 1, ""BIL"": 1, ""BND"": 1.5, ""BTAL"": 6, ""DBC"": 3, ""DBMF"": 3, ""EEM"": 1, ""EFA"": 1, ""IEF"": 1, ""IWM"": 1, ""KMLM"": 6, ""LQD"": 1.5, ""QQQ"": 1, ""SCZ"": 5, ""SHY"": 1, ""SPY"": 0.7, ""TIP"": 2, ""TLT"": 1, ""TQQQ"": 1.5, ""VEA"": 1.5, ""VEU"": 2, ""VNQ"": 1.5, ""VTI"": 1, ""VWO"": 2}",0.03000000,tests/data/2026-08-24-net15,5,1-3-6-12U,0.00625488,0.02272997,0.00313010,0.01024101,45021.19164838,40000.00000000,5021.19164838,0.12552979,0.04037612,0.03820303,0.59258276,0.07121745,0.82430142,0.60518488,-0.06671701,396,2016,0.07955127,2015,-0.01129356,1006258.29077740,121.92648835,3.73218593,0.00304816,0.21282824,0.00000000,0.01636946,0.00000000,0.26136477,0.00000000,0.09739389,0.00000000,0.11255255,0.00000000,0.08433310,0.00000000,0.04576786,0.00000000,0.10755493,0.00000000,0.05554505,0.00000000
ROT SPY+IWM+VEA+VWO+VNQ+DBC+IEF+TLT top5 13612W can TIP/1 fb best(BIL+IEF),sens,sens_2012-02-01,2012-02-01,2017-02-01,false,true,"{""*"": 6, ""ACWX"": 3, ""AGG"": 1, ""BIL"": 1, ""BND"": 1.5, ""BTAL"": 6, ""DBC"": 3, ""DBMF"": 3, ""EEM"": 1, ""EFA"": 1, ""IEF"": 1, ""IWM"": 1, ""KMLM"": 6, ""LQD"": 1.5, ""QQQ"": 1, ""SCZ"": 5, ""SHY"": 1, ""SPY"": 0.7, ""TIP"": 2, ""TLT"": 1, ""TQQQ"": 1.5, ""VEA"": 1.5, ""VEU"": 2, ""VNQ"": 1.5, ""VTI"": 1, ""VWO"": 2}",0.03000000,tests/data/2026-08-24-net15,5,13612W,0.00526258,0.01886312,0.00274379,0.00758478,44265.31151448,40000.00000000,4265.31151448,0.10663279,0.04077610,0.03272106,0.54966810,0.07846165,0.78038338,0.48336546,-0.08435873,563,2013,0.10309904,2015,-0.03006920,1698258.53837768,204.76706236,6.20871848,0.00511918,0.23901977,0.00000000,0.04576995,0.00000000,0.23206753,0.00000000,0.09087287,0.00000000,0.09676507,0.00000000,0.06482237,0.00000000,0.07191871,0.00000000,0.08486154,0.00000000,0.06857872,0.00000000
ROT SPY+IWM+VEA+VWO+VNQ+DBC+IEF+TLT top5 12M can TIP/1 fb best(BIL+IEF),sens,sens_2012-02-01,2012-02-01,2017-02-01,false,true,"{""*"": 6, ""ACWX"": 3, ""AGG"": 1, ""BIL"": 1, ""BND"": 1.5, ""BTAL"": 6, ""DBC"": 3, ""DBMF"": 3, ""EEM"": 1, ""EFA"": 1, ""IEF"": 1, ""IWM"": 1, ""KMLM"": 6, ""LQD"": 1.5, ""QQQ"": 1, ""SCZ"": 5, ""SHY"": 1, ""SPY"": 0.7, ""TIP"": 2, ""TLT"": 1, ""TQQQ"": 1.5, ""VEA"": 1.5, ""VEU"": 2, ""VNQ"": 1.5, ""VTI"": 1, ""VWO"": 2}",0.03000000,tests/data/2026-08-24-net15,5,12M,0.00579539,0.02140781,0.00301407,0.01024101,46114.09832294,40000.00000000,6114.09832294,0.15285246,0.05161301,0.04597635,0.76855057,0.06869098,1.05786799,0.58805955,-0.08776833,611,2013,0.07963944,2015,-0.00642726,560802.08444789,65.95143542,2.04203071,0.00164879,0.19642044,0.00000000,0.00982393,0.00000000,0.28743990,0.00000000,0.07483660,0.00000000,0.11612731,0.00000000,0.09406667,0.00000000,0.03595145,0.00000000,0.12063708,0.00000000,0.05888095,0.00000000
SPY12.5/IWM12.5/VEA12.5/VWO12.5/VNQ12.5/DBC12.5/IEF12.5/TLT12.5,sens,sens_2012-02-01,2012-02-01,2017-02-01,true,true,"{""*"": 6, ""ACWX"": 3, ""AGG"": 1, ""BIL"": 1, ""BND"": 1.5, ""BTAL"": 6, ""DBC"": 3, ""DBMF"": 3, ""EEM"": 1, ""EFA"": 1, ""IEF"": 1, ""IWM"": 1, ""KMLM"": 6, ""LQD"": 1.5, ""QQQ"": 1, ""SCZ"": 5, ""SHY"": 1, ""SPY"": 0.7, ""TIP"": 2, ""TLT"": 1, ""TQQQ"": 1.5, ""VEA"": 1.5, ""VEU"": 2, ""VNQ"": 1.5, ""VTI"": 1, ""VWO"": 2}",0.03000000,tests/data/2026-08-24-net15,,,0.01156563,0.02551274,0.00397286,0.00853745,45367.05970129,40000.00000000,5367.05970129,0.13417649,0.04428725,0.04068225,0.52886776,0.08972010,0.74848290,0.27209218,-0.16276562,479,2016,0.09691461,2015,-0.05694596,56789.80837059,8.83852224,0.20983295,0.00022096,,,0.12445173,0.12326398,0.12305391,0.11806051,0.12332906,0.11987863,0.12192757,0.11646255,0.12282957,0.11739031,0.12444174,0.12338735,0.12405379,0.12250005,0.12434350,0.12228619
ROT SPY top1 1-3-6-12U can TIP/1 fb best(BIL+IEF),sens,sens_2012-02-01,2012-02-01,2017-02-01,true,true,"{""*"": 6, ""ACWX"": 3, ""AGG"": 1, ""BIL"": 1, ""BND"": 1.5, ""BTAL"": 6, ""DBC"": 3, ""DBMF"": 3, ""EEM"": 1, ""EFA"": 1, ""IEF"": 1, ""IWM"": 1, ""KMLM"": 6, ""LQD"": 1.5, ""QQQ"": 1, ""SCZ"": 5, ""SHY"": 1, ""SPY"": 0.7, ""TIP"": 2, ""TLT"": 1, ""TQQQ"": 1.5, ""VEA"": 1.5, ""VEU"": 2, ""VNQ"": 1.5, ""VTI"": 1, ""VWO"": 2}",0.03000000,tests/data/2026-08-24-net15,,,0.00225343,0.00791687,0.00227486,0.00791818,50946.75907867,40000.00000000,10946.75907867,0.27366898,0.08140794,0.07838259,0.92232178,0.08936515,1.35649970,0.86178129,-0.09446473,275,2013,0.15043507,2017,0.00066416,896004.67434942,79.60390591,3.06994372,0.00199010,0.21278357,0.00000000,,,0.21275496,0.00000000,,,0.57218661,0.00000000,,,,,,,,
SPY benchmark,sens,sens_2012-02-01,2012-02-01,2017-02-01,true,true,"{""*"": 6, ""ACWX"": 3, ""AGG"": 1, ""BIL"": 1, ""BND"": 1.5, ""BTAL"": 6, ""DBC"": 3, ""DBMF"": 3, ""EEM"": 1, ""EFA"": 1, ""IEF"": 1, ""IWM"": 1, ""KMLM"": 6, ""LQD"": 1.5, ""QQQ"": 1, ""SCZ"": 5, ""SHY"": 1, ""SPY"": 0.7, ""TIP"": 2, ""TLT"": 1, ""TQQQ"": 1.5, ""VEA"": 1.5, ""VEU"": 2, ""VNQ"": 1.5, ""VTI"": 1, ""VWO"": 2}",0.03000000,tests/data/2026-08-24-net15,,,0.00270871,0.00791687,0.00270993,0.00791818,58550.35470668,40000.00000000,18550.35470668,0.46375887,0.13379772,0.12395386,1.05171844,0.12738311,1.51500831,1.01859625,-0.13135501,334,2013,0.31864250,2015,0.00934858,39995.87869846,2.79971151,0.12158069,0.00006999,,,,,,,,,0.99729007,0.99208182,,,,,,,,
ROT SPY+IWM+VEA+VWO+VNQ+DBC+IEF+TLT top3 1-3-6-12U can TIP/1 fb best(BIL+IEF),sens,sens_2012-08-01,2012-08-01,2017-08-01,false,true,"{""*"": 6, ""ACWX"": 3, ""AGG"": 1, ""BIL"": 1, ""BND"": 1.5, ""BTAL"": 6, ""DBC"": 3, ""DBMF"": 3, ""EEM"": 1, ""EFA"": 1, ""IEF"": 1, ""IWM"": 1, ""KMLM"": 6, ""LQD"": 1.5, ""QQQ"": 1, ""SCZ"": 5, ""SHY"": 1, ""SPY"": 0.7, ""TIP"": 2, ""TLT"": 1, ""TQQQ"": 1.5, ""VEA"": 1.5, ""VEU"": 2, ""VNQ"": 1.5, ""VTI"": 1, ""VWO"": 2}",0.03000000,tests/data/2026-08-24-net15,3,1-3-6-12U,0.00356453,0.01768895,0.00251135,0.01013489,45122.34220786,40000.00000000,5122.34220786,0.12805856,0.04081842,0.03897889,0.53093626,0.08184319,0.73350730,0.35383054,-0.11536148,550,2016,0.09402247,2015,-0.05786745,1191254.84721830,141.42370066,4.47685274,0.00353559,0.24547717,0.00000000,0.01091963,0.00000000,0.21265014,0.00000000,0.08143610,0.00000000,0.13529554,0.00000000,0.07622234,0.00000000,0.04363702,0.00000000,0.11983654,0.00000000,0.07091923,0.00000000
ROT SPY+IWM+VEA+VWO+VNQ+DBC+IEF+TLT top3 13612W can TIP/1 fb best(BIL+IEF),sens,sens_2012-08-01,2012-08-01,2017-08-01,false,true,"{""*"": 6, ""ACWX"": 3, ""AGG"": 1, ""BIL"": 1, ""BND"": 1.5, ""BTAL"": 6, ""DBC"": 3, ""DBMF"": 3, ""EEM"": 1, ""EFA"": 1, ""IEF"": 1, ""IWM"": 1, ""KMLM"": 6, ""LQD"": 1.5, ""QQQ"": 1, ""SCZ"": 5, ""SHY"": 1, ""SPY"": 0.7, ""TIP"": 2, ""TLT"": 1, ""TQQQ"": 1.5, ""VEA"": 1.5, ""VEU"": 2, ""VNQ"": 1.5, ""VTI"": 1, ""VWO"": 2}",0.03000000,tests/data/2026-08-24-net15,3,13612W,0.00340580,0.01064676,0.00255552,0.00900642,45567.77233435,40000.00000000,5567.77233435,0.13919431,0.05074351,0.04216560,0.63155467,0.08416771,0.89727281,0.41879465,-0.12116561,,2013,0.10174241,2015,-0.05969189,1868761.81277089,219.32357990,6.85887529,0.00548309,0.25093739,0.00000000,0.03277372,0.00000000,0.18532541,0.00000000,0.09775916,0.00000000,0.09725204,0.00000000,0.05992795,0.00000000,0.06546164,0.00000000,0.09256440,0.00000000,0.11452696,0.00000000
ROT SPY+IWM+VEA+VWO+VNQ+DBC+IEF+TLT top3 12M can TIP/1 fb best(BIL+IEF),sens,sens_2012-08-01,2012-08-01,2017-08-01,false,true,"{""*"": 6, ""ACWX"": 3, ""AGG"": 1, ""BIL"": 1, ""BND"": 1.5, ""BTAL"": 6, ""DBC"": 3, ""DBMF"": 3, ""EEM"": 1, ""EFA"": 1, ""IEF"": 1, ""IWM"": 1, ""KMLM"": 6, ""LQD"": 1.5, ""QQQ"": 1, ""SCZ"": 5, ""SHY"": 1, ""SPY"": 0.7, ""TIP"": 2, ""TLT"": 1, ""TQQQ"": 1.5, ""VEA"": 1.5, ""VEU"": 2, ""VNQ"": 1.5, ""VTI"": 1, ""VWO"": 2}",0.03000000,tests/data/2026-08-24-net15,3,12M,0.00392658,0.01768895,0.00266102,0.01013489,45085.83880645,40000.00000000,5085.83880645,0.12714597,0.03988924,0.03871641,0.51966519,0.08190848,0.70748626,0.33803587,-0.11800298,,2013,0.07641389,2015,-0.00095614,667010.00274221,78.60856090,2.49050852,0.00196521,0.22909835,0.00000000,0.01092320,0.00000000,0.21260990,0.00000000,0.08679739,0.00000000,0.12978361,0.00000000,0.09245881,0.00000000,0.02724069,0.00000000,0.14164658,0.00000000,0.06549015,0.00000000
ROT SPY+IWM+VEA+VWO+VNQ+DBC+IEF+TLT top4 1-3-6-12U can TIP/1 fb best(BIL+IEF),sens,sens_2012-08-01,2012-08-01,2017-08-01,false,true,"{""*"": 6, ""ACWX"": 3, ""AGG"": 1, ""BIL"": 1, ""BND"": 1.5, ""BTAL"": 6, ""DBC"": 3, ""DBMF"": 3, ""EEM"": 1, ""EFA"": 1, ""IEF"": 1, ""IWM"": 1, ""KMLM"": 6, ""LQD"": 1.5, ""QQQ"": 1, ""SCZ"": 5, ""SHY"": 1, ""SPY"": 0.7, ""TIP"": 2, ""TLT"": 1, ""TQQQ"": 1.5, ""VEA"": 1.5, ""VEU"": 2, ""VNQ"": 1.5, ""VTI"": 1, ""VWO"": 2}",0.03000000,tests/data/2026-08-24-net15,4,1-3-6-12U,0.00471012,0.02093266,0.00294139,0.01076248,46958.77164982,40000.00000000,6958.77164982,0.17396929,0.05437108,0.05192998,0.75096249,0.07435173,1.05045074,0.67966979,-0.07999632,507,2016,0.09650176,2015,-0.03346687,1092535.82670256,132.50600386,4.01371685,0.00331265,0.24546991,0.00000000,0.01638293,0.00000000,0.22485944,0.00000000,0.09755059,0.00000000,0.11711076,0.00000000,0.07732055,0.00000000,0.05719738,0.00000000,0.09392238,0.00000000,0.06543728,0.00000000
ROT SPY+IWM+VEA+VWO+VNQ+DBC+IEF+TLT top4 13612W can TIP/1 fb best(BIL+IEF),sens,sens_2012-08-01,2012-08-01,2017-08-01,false,true,"{""*"": 6, ""ACWX"": 3, ""AGG"": 1, ""BIL"": 1, ""BND"": 1.5, ""BTAL"": 6, ""DBC"": 3, ""DBMF"": 3, ""EEM"": 1, ""EFA"": 1, ""IEF"": 1, ""IWM"": 1, ""KMLM"": 6, ""LQD"": 1.5, ""QQQ"": 1, ""SCZ"": 5, ""SHY"": 1, ""SPY"": 0.7, ""TIP"": 2, ""TLT"": 1, ""TQQQ"": 1.5, ""VEA"": 1.5, ""VEU"": 2, ""VNQ"": 1.5, ""VTI"": 1, ""VWO"": 2}",0.03000000,tests/data/2026-08-24-net15,4,13612W,0.00416977,0.01336178,0.00262737,0.00690448,45122.87974400,40000.00000000,5122.87974400,0.12807199,0.05059698,0.03898275,0.65909688,0.07990785,0.93924668,0.46974652,-0.10771124,,2013,0.09149832,2015,-0.05320128,1772051.15686245,213.93159792,6.47514238,0.00534829,0.25365723,0.00000000,0.04091770,0.00000000,0.19209072,0.00000000,0.09357218,0.00000000,0.10121803,0.00000000,0.06104317,0.00000000,0.07762477,0.00000000,0.08162409,0.00000000,0.09401950,0.00000000
ROT SPY+IWM+VEA+VWO+VNQ+DBC+IEF+TLT top4 12M can TIP/1 fb best(BIL+IEF),sens,sens_2012-08-01,2012-08-01,2017-08-01,false,true,"{""*"": 6, ""ACWX"": 3, ""AGG"": 1, ""BIL"": 1, ""BND"": 1.5, ""BTAL"": 6, ""DBC"": 3, ""DBMF"": 3, ""EEM"": 1, ""EFA"": 1, ""IEF"": 1, ""IWM"": 1, ""KMLM"": 6, ""LQD"": 1.5, ""QQQ"": 1, ""SCZ"": 5, ""SHY"": 1, ""SPY"": 0.7, ""TIP"": 2, ""TLT"": 1, ""TQQQ"": 1.5, ""VEA"": 1.5, ""VEU"": 2, ""VNQ"": 1.5, ""VTI"": 1, ""VWO"": 2}",0.03000000,tests/data/2026-08-24-net15,4,12M,0.00512767,0.02093266,0.00306643,0.01076248,45721.22168777,40000.00000000,5721.22168777,0.14303054,0.04854984,0.04325655,0.66021109,0.07640272,0.90259382,0.48934508,-0.09921390,,2013,0.09959758,2015,-0.01289715,653616.82553192,79.16680868,2.39989615,0.00197917,0.22911874,0.00000000,0.02047725,0.00000000,0.22483582,0.00000000,0.08122254,0.00000000,0.13726389,0.00000000,0.07320489,0.00000000,0.04085331,0.00000000,0.11428545,0.00000000,0.07358667,0.00000000
ROT SPY+IWM+VEA+VWO+VNQ+DBC+IEF+TLT top5 1-3-6-12U can TIP/1 fb best(BIL+IEF),sens,sens_2012-08-01,2012-08-01,2017-08-01,false,true,"{""*"": 6, ""ACWX"": 3, ""AGG"": 1, ""BIL"": 1, ""BND"": 1.5, ""BTAL"": 6, ""DBC"": 3, ""DBMF"": 3, ""EEM"": 1, ""EFA"": 1, ""IEF"": 1, ""IWM"": 1, ""KMLM"": 6, ""LQD"": 1.5, ""QQQ"": 1, ""SCZ"": 5, ""SHY"": 1, ""SPY"": 0.7, ""TIP"": 2, ""TLT"": 1, ""TQQQ"": 1.5, ""VEA"": 1.5, ""VEU"": 2, ""VNQ"": 1.5, ""VTI"": 1, ""VWO"": 2}",0.03000000,tests/data/2026-08-24-net15,5,1-3-6-12U,0.00586110,0.02312432,0.00312967,0.00971421,46236.64987334,40000.00000000,6236.64987334,0.15591625,0.04890019,0.04689571,0.72561297,0.06925679,1.01771981,0.73425961,-0.06659795,396,2016,0.07986123,2015,-0.01094940,984633.60048071,120.79422150,3.63211607,0.00301986,0.24553048,0.00000000,0.02288687,0.00000000,0.23858122,0.00000000,0.09410805,0.00000000,0.10929695,0.00000000,0.07150817,0.00000000,0.05557220,0.00000000,0.09123646,0.00000000,0.06538350,0.00000000
ROT SPY+IWM+VEA+VWO+VNQ+DBC+IEF+TLT top5 13612W can TIP/1 fb best(BIL+IEF),sens,sens_2012-08-01,2012-08-01,2017-08-01,false,true,"{""*"": 6, ""ACWX"": 3, ""AGG"": 1, ""BIL"": 1, ""BND"": 1.5, ""BTAL"": 6, ""DBC"": 3, ""DBMF"": 3, ""EEM"": 1, ""EFA"": 1, ""IEF"": 1, ""IWM"": 1, ""KMLM"": 6, ""LQD"": 1.5, ""QQQ"": 1, ""SCZ"": 5, ""SHY"": 1, ""SPY"": 0.7, ""TIP"": 2, ""TLT"": 1, ""TQQQ"": 1.5, ""VEA"": 1.5, ""VEU"": 2, ""VNQ"": 1.5, ""VTI"": 1, ""VWO"": 2}",0.03000000,tests/data/2026-08-24-net15,5,13612W,0.00516981,0.02544821,0.00295374,0.00971421,45518.73814292,40000.00000000,5518.73814292,0.13796845,0.05146811,0.04181625,0.72652383,0.07289769,1.04007050,0.61077847,-0.08426641,560,2013,0.10320251,2015,-0.03000294,1709667.34134864,207.39154631,6.22535007,0.00518479,0.25855335,0.00000000,0.04578720,0.00000000,0.21887721,0.00000000,0.08773588,0.00000000,0.09670965,0.00000000,0.05516010,0.00000000,0.07844043,0.00000000,0.07826775,0.00000000,0.07523754,0.00000000
ROT SPY+IWM+VEA+VWO+VNQ+DBC+IEF+TLT top5 12M can TIP/1 fb best(BIL+IEF),sens,sens_2012-08-01,2012-08-01,2017-08-01,false,true,"{""*"": 6, ""ACWX"": 3, ""AGG"": 1, ""BIL"": 1, ""BND"": 1.5, ""BTAL"": 6, ""DBC"": 3, ""DBMF"": 3, ""EEM"": 1, ""EFA"": 1, ""IEF"": 1, ""IWM"": 1, ""KMLM"": 6, ""LQD"": 1.5, ""QQQ"": 1, ""SCZ"": 5, ""SHY"": 1, ""SPY"": 0.7, ""TIP"": 2, ""TLT"": 1, ""TQQQ"": 1.5, ""VEA"": 1.5, ""VEU"": 2, ""VNQ"": 1.5, ""VTI"": 1, ""VWO"": 2}",0.03000000,tests/data/2026-08-24-net15,5,12M,0.00587640,0.02698671,0.00293235,0.00971421,46743.84860518,40000.00000000,6743.84860518,0.16859622,0.05058613,0.05043936,0.73647678,0.07054454,1.01881501,0.57841218,-0.08745688,609,2013,0.07922243,2015,-0.00675626,582477.13930383,70.72359070,2.15142646,0.00176809,0.22908596,0.00000000,0.01637272,0.00000000,0.24856900,0.00000000,0.08410620,0.00000000,0.11280233,0.00000000,0.07459844,0.00000000,0.04901874,0.00000000,0.10762941,0.00000000,0.07191875,0.00000000
SPY12.5/IWM12.5/VEA12.5/VWO12.5/VNQ12.5/DBC12.5/IEF12.5/TLT12.5,sens,sens_2012-08-01,2012-08-01,2017-08-01,true,true,"{""*"": 6, ""ACWX"": 3, ""AGG"": 1, ""BIL"": 1, ""BND"": 1.5, ""BTAL"": 6, ""DBC"": 3, ""DBMF"": 3, ""EEM"": 1, ""EFA"": 1, ""IEF"": 1, ""IWM"": 1, ""KMLM"": 6, ""LQD"": 1.5, ""QQQ"": 1, ""SCZ"": 5, ""SHY"": 1, ""SPY"": 0.7, ""TIP"": 2, ""TLT"": 1, ""TQQQ"": 1.5, ""VEA"": 1.5, ""VEU"": 2, ""VNQ"": 1.5, ""VTI"": 1, ""VWO"": 2}",0.03000000,tests/data/2026-08-24-net15,,,0.01139166,0.02652152,0.00396927,0.00812545,47188.61165235,40000.00000000,7188.61165235,0.17971529,0.05429878,0.05351692,0.66391189,0.08531287,0.94050919,0.33423681,-0.16245603,479,2016,0.09738484,2015,-0.05723983,54119.05774975,8.50634212,0.19978045,0.00021266,,,0.12449703,0.12309071,0.12310415,0.11735646,0.12299190,0.11961683,0.12211724,0.11687455,0.12312849,0.11836531,0.12441865,0.12356339,0.12405721,0.12233159,0.12429025,0.12247032
ROT SPY top1 1-3-6-12U can TIP/1 fb best(BIL+IEF),sens,sens_2012-08-01,2012-08-01,2017-08-01,true,true,"{""*"": 6, ""ACWX"": 3, ""AGG"": 1, ""BIL"": 1, ""BND"": 1.5, ""BTAL"": 6, ""DBC"": 3, ""DBMF"": 3, ""EEM"": 1, ""EFA"": 1, ""IEF"": 1, ""IWM"": 1, ""KMLM"": 6, ""LQD"": 1.5, ""QQQ"": 1, ""SCZ"": 5, ""SHY"": 1, ""SPY"": 0.7, ""TIP"": 2, ""TLT"": 1, ""TQQQ"": 1.5, ""VEA"": 1.5, ""VEU"": 2, ""VNQ"": 1.5, ""VTI"": 1, ""VWO"": 2}",0.03000000,tests/data/2026-08-24-net15,,,0.00259728,0.00933463,0.00261738,0.00933606,52911.21961239,40000.00000000,12911.21961239,0.32278049,0.09569241,0.09084641,1.13154814,0.08408187,1.66456672,1.29679708,-0.07379135,110,2013,0.14988513,2015,0.01333766,861271.22799045,76.21652580,2.90231487,0.00190541,0.24546804,0.00000000,,,0.19637473,0.00000000,,,0.55553985,0.00000000,,,,,,,,
SPY benchmark,sens,sens_2012-08-01,2012-08-01,2017-08-01,true,true,"{""*"": 6, ""ACWX"": 3, ""AGG"": 1, ""BIL"": 1, ""BND"": 1.5, ""BTAL"": 6, ""DBC"": 3, ""DBMF"": 3, ""EEM"": 1, ""EFA"": 1, ""IEF"": 1, ""IWM"": 1, ""KMLM"": 6, ""LQD"": 1.5, ""QQQ"": 1, ""SCZ"": 5, ""SHY"": 1, ""SPY"": 0.7, ""TIP"": 2, ""TLT"": 1, ""TQQQ"": 1.5, ""VEA"": 1.5, ""VEU"": 2, ""VNQ"": 1.5, ""VTI"": 1, ""VWO"": 2}",0.03000000,tests/data/2026-08-24-net15,,,0.00299711,0.00933463,0.00299832,0.00933606,60330.68384494,40000.00000000,20330.68384494,0.50826710,0.14377677,0.13398779,1.16915985,0.12150561,1.68136793,1.09357233,-0.13147440,334,2013,0.31728057,2015,0.00923565,39829.87258730,2.78809108,0.12134696,0.00006970,,,,,,,,,0.99700168,0.99066394,,,,,,,,
ROT SPY+IWM+VEA+VWO+VNQ+DBC+IEF+TLT top3 1-3-6-12U can TIP/1 fb best(BIL+IEF),sens,sens_2013-02-01,2013-02-01,2018-02-01,false,true,"{""*"": 6, ""ACWX"": 3, ""AGG"": 1, ""BIL"": 1, ""BND"": 1.5, ""BTAL"": 6, ""DBC"": 3, ""DBMF"": 3, ""EEM"": 1, ""EFA"": 1, ""IEF"": 1, ""IWM"": 1, ""KMLM"": 6, ""LQD"": 1.5, ""QQQ"": 1, ""SCZ"": 5, ""SHY"": 1, ""SPY"": 0.7, ""TIP"": 2, ""TLT"": 1, ""TQQQ"": 1.5, ""VEA"": 1.5, ""VEU"": 2, ""VNQ"": 1.5, ""VTI"": 1, ""VWO"": 2}",0.03000000,tests/data/2026-08-24-net15,3,1-3-6-12U,0.00421988,0.01818036,0.00297404,0.01120293,47680.37336384,40000.00000000,7680.37336384,0.19200933,0.04505349,0.05683663,0.60061505,0.07857279,0.82910724,0.39130710,-0.11513589,550,2016,0.09399792,2015,-0.05773192,1294193.23512410,156.03170323,4.96314257,0.00390079,0.26171354,0.00000000,0.01092244,0.00000000,0.20725066,0.00000000,0.07598640,0.00000000,0.13495997,0.00000000,0.06513676,0.00000000,0.05453575,0.00000000,0.10336504,0.00000000,0.08186419,0.00000000
ROT SPY+IWM+VEA+VWO+VNQ+DBC+IEF+TLT top3 13612W can TIP/1 fb best(BIL+IEF),sens,sens_2013-02-01,2013-02-01,2018-02-01,false,true,"{""*"": 6, ""ACWX"": 3, ""AGG"": 1, ""BIL"": 1, ""BND"": 1.5, ""BTAL"": 6, ""DBC"": 3, ""DBMF"": 3, ""EEM"": 1, ""EFA"": 1, ""IEF"": 1, ""IWM"": 1, ""KMLM"": 6, ""LQD"": 1.5, ""QQQ"": 1, ""SCZ"": 5, ""SHY"": 1, ""SPY"": 0.7, ""TIP"": 2, ""TLT"": 1, ""TQQQ"": 1.5, ""VEA"": 1.5, ""VEU"": 2, ""VNQ"": 1.5, ""VTI"": 1, ""VWO"": 2}",0.03000000,tests/data/2026-08-24-net15,3,13612W,0.00377509,0.01175644,0.00270027,0.00921588,47271.10424229,40000.00000000,7271.10424229,0.18177761,0.04887850,0.05403590,0.63421949,0.08039941,0.89215017,0.40454641,-0.12082298,920,2017,0.09781850,2015,-0.05934711,1923055.52924984,237.69983733,7.29636730,0.00594250,0.28352044,0.00000000,0.03822626,0.00000000,0.17993733,0.00000000,0.08677759,0.00000000,0.09179074,0.00000000,0.05974389,0.00000000,0.05998955,0.00000000,0.08704522,0.00000000,0.10912402,0.00000000
ROT SPY+IWM+VEA+VWO+VNQ+DBC+IEF+TLT top3 12M can TIP/1 fb best(BIL+IEF),sens,sens_2013-02-01,2013-02-01,2018-02-01,false,true,"{""*"": 6, ""ACWX"": 3, ""AGG"": 1, ""BIL"": 1, ""BND"": 1.5, ""BTAL"": 6, ""DBC"": 3, ""DBMF"": 3, ""EEM"": 1, ""EFA"": 1, ""IEF"": 1, ""IWM"": 1, ""KMLM"": 6, ""LQD"": 1.5, ""QQQ"": 1, ""SCZ"": 5, ""SHY"": 1, ""SPY"": 0.7, ""TIP"": 2, ""TLT"": 1, ""TQQQ"": 1.5, ""VEA"": 1.5, ""VEU"": 2, ""VNQ"": 1.5, ""VTI"": 1, ""VWO"": 2}",0.03000000,tests/data/2026-08-24-net15,3,12M,0.00401674,0.01818036,0.00290205,0.01120293,48125.49744729,40000.00000000,8125.49744729,0.20313744,0.05106274,0.05985704,0.67381495,0.07855292,0.91776713,0.43292208,-0.11794903,517,2017,0.10966043,2015,-0.00128497,794639.17083458,94.08808547,2.99156549,0.00235220,0.26171082,0.00000000,0.01092347,0.00000000,0.20713966,0.00000000,0.07053450,0.00000000,0.12976270,0.00000000,0.08149774,0.00000000,0.04363142,0.00000000,0.10890763,0.00000000,0.08184861,0.00000000
ROT SPY+IWM+VEA+VWO+VNQ+DBC+IEF+TLT top4 1-3-6-12U can TIP/1 fb best(BIL+IEF),sens,sens_2013-02-01,2013-02-01,2018-02-01,false,true,"{""*"": 6, ""ACWX"": 3, ""AGG"": 1, ""BIL"": 1, ""BND"": 1.5, ""BTAL"": 6, ""DBC"": 3, ""DBMF"": 3, ""EEM"": 1, ""EFA"": 1, ""IEF"": 1, ""IWM"": 1, ""KMLM"": 6, ""LQD"": 1.5, ""QQQ"": 1, ""SCZ"": 5, ""SHY"": 1, ""SPY"": 0.7, ""TIP"": 2, ""TLT"": 1, ""TQQQ"": 1.5, ""VEA"": 1.5, ""VEU"": 2, ""VNQ"": 1.5, ""VTI"": 1, ""VWO"": 2}",0.03000000,tests/data/2026-08-24-net15,4,1-3-6-12U,0.00495750,0.01549118,0.00313391,0.00996646,50043.40910670,40000.00000000,10043.40910670,0.25108523,0.05876158,0.07257678,0.82934806,0.07203353,1.15809886,0.73482450,-0.07996682,507,2017,0.11789882,2015,-0.03326675,1205819.15363595,148.68176151,4.53193004,0.00371704,0.26169396,0.00000000,0.02048082,0.00000000,0.22072889,0.00000000,0.09364412,0.00000000,0.11703819,0.00000000,0.06490707,0.00000000,0.06539278,0.00000000,0.07753345,0.00000000,0.07358090,0.00000000
ROT SPY+IWM+VEA+VWO+VNQ+DBC+IEF+TLT top4 13612W can TIP/1 fb best(BIL+IEF),sens,sens_2013-02-01,2013-02-01,2018-02-01,false,true,"{""*"": 6, ""ACWX"": 3, ""AGG"": 1, ""BIL"": 1, ""BND"": 1.5, ""BTAL"": 6, ""DBC"": 3, ""DBMF"": 3, ""EEM"": 1, ""EFA"": 1, ""IEF"": 1, ""IWM"": 1, ""KMLM"": 6, ""LQD"": 1.5, ""QQQ"": 1, ""SCZ"": 5, ""SHY"": 1, ""SPY"": 0.7, ""TIP"": 2, ""TLT"": 1, ""TQQQ"": 1.5, ""VEA"": 1.5, ""VEU"": 2, ""VNQ"": 1.5, ""VTI"": 1, ""VWO"": 2}",0.03000000,tests/data/2026-08-24-net15,4,13612W,0.00436410,0.01861284,0.00293290,0.01007089,47064.09016280,40000.00000000,7064.09016280,0.17660225,0.04683125,0.05261049,0.64553337,0.07535167,0.90871925,0.43468704,-0.10773555,951,2017,0.09361060,2015,-0.05318481,1764562.07057266,218.25115715,6.72357309,0.00545628,0.28622417,0.00000000,0.04503947,0.00000000,0.18812620,0.00000000,0.07710391,0.00000000,0.10115783,0.00000000,0.06090447,0.00000000,0.07359326,0.00000000,0.07340779,0.00000000,0.09001293,0.00000000
ROT SPY+IWM+VEA+VWO+VNQ+DBC+IEF+TLT top4 12M can TIP/1 fb best(BIL+IEF),sens,sens_2013-02-01,2013-02-01,2018-02-01,false,true,"{""*"": 6, ""ACWX"": 3, ""AGG"": 1, ""BIL"": 1, ""BND"": 1.5, ""BTAL"": 6, ""DBC"": 3, ""DBMF"": 3, ""EEM"": 1, ""EFA"": 1, ""IEF"": 1, ""IWM"": 1, ""KMLM"": 6, ""LQD"": 1.5, ""QQQ"": 1, ""SCZ"": 5, ""SHY"": 1, ""SPY"": 0.7, ""TIP"": 2, ""TLT"": 1, ""TQQQ"": 1.5, ""VEA"": 1.5, ""VEU"": 2, ""VNQ"": 1.5, ""VTI"": 1, ""VWO"": 2}",0.03000000,tests/data/2026-08-24-net15,4,12M,0.00495176,0.01887346,0.00317001,0.00957320,48178.35776899,40000.00000000,8178.35776899,0.20445894,0.05244074,0.06021398,0.72820305,0.07400947,0.99180822,0.52793032,-0.09933269,373,2017,0.10661201,2015,-0.01327735,790244.98475502,93.98648355,2.96802863,0.00234966,0.26168946,0.00000000,0.02048122,0.00000000,0.22073365,0.00000000,0.07720756,0.00000000,0.13337539,0.00000000,0.06102883,0.00000000,0.04904015,0.00000000,0.08967761,0.00000000,0.08178805,0.00000000
ROT SPY+IWM+VEA+VWO+VNQ+DBC+IEF+TLT top5 1-3-6-12U can TIP/1 fb best(BIL+IEF),sens,sens_2013-02-01,2013-02-01,2018-02-01,false,true,"{""*"": 6, ""ACWX"": 3, ""AGG"": 1, ""BIL"": 1, ""BND"": 1.5, ""BTAL"": 6, ""DBC"": 3, ""DBMF"": 3, ""EEM"": 1, ""EFA"": 1, ""IEF"": 1, ""IWM"": 1, ""KMLM"": 6, ""LQD"": 1.5, ""QQQ"": 1, ""SCZ"": 5, ""SHY"": 1, ""SPY"": 0.7, ""TIP"": 2, ""TLT"": 1, ""TQQQ"": 1.5, ""VEA"": 1.5, ""VEU"": 2, ""VNQ"": 1.5, ""VTI"": 1, ""VWO"": 2}",0.03000000,tests/data/2026-08-24-net15,5,1-3-6-12U,0.00595194,0.01755374,0.00327078,0.00861431,48895.87343244,40000.00000000,8895.87343244,0.22239684,0.05245698,0.06502267,0.80293983,0.06647795,1.11841635,0.78730069,-0.06662890,396,2017,0.09958999,2015,-0.01132803,1078910.45507925,131.17850423,4.06713864,0.00327946,0.26167803,0.00000000,0.02948348,0.00000000,0.23197275,0.00000000,0.09409883,0.00000000,0.10634057,0.00000000,0.06490491,0.00000000,0.06208597,0.00000000,0.07157224,0.00000000,0.07187344,0.00000000
ROT SPY+IWM+VEA+VWO+VNQ+DBC+IEF+TLT top5 13612W can TIP/1 fb best(BIL+IEF),sens,sens_2013-02-01,2013-02-01,2018-02-01,false,true,"{""*"": 6, ""ACWX"": 3, ""AGG"": 1, ""BIL"": 1, ""BND"": 1.5, ""BTAL"": 6, ""DBC"": 3, ""DBMF"": 3, ""EEM"": 1, ""EFA"": 1, ""IEF"": 1, ""IWM"": 1, ""KMLM"": 6, ""LQD"": 1.5, ""QQQ"": 1, ""SCZ"": 5, ""SHY"": 1, ""SPY"": 0.7, ""TIP"": 2, ""TLT"": 1, ""TQQQ"": 1.5, ""VEA"": 1.5, ""VEU"": 2, ""VNQ"": 1.5, ""VTI"": 1, ""VWO"": 2}",0.03000000,tests/data/2026-08-24-net15,5,13612W,0.00530974,0.02505539,0.00306763,0.01009000,46514.74651212,40000.00000000,6514.74651212,0.16286866,0.04620690,0.04879898,0.68591890,0.06941793,0.96655338,0.54879810,-0.08419654,557,2017,0.07694684,2015,-0.02984065,1745302.24985128,214.24152769,6.58002012,0.00535604,0.29111513,0.00000000,0.04256129,0.00000000,0.21576863,0.00000000,0.07785880,0.00000000,0.09008442,0.00000000,0.05850060,0.00000000,0.07513787,0.00000000,0.07162701,0.00000000,0.07197249,0.00000000
ROT SPY+IWM+VEA+VWO+VNQ+DBC+IEF+TLT top5 12M can TIP/1 fb best(BIL+IEF),sens,sens_2013-02-01,2013-02-01,2018-02-01,false,true,"{""*"": 6, ""ACWX"": 3, ""AGG"": 1, ""BIL"": 1, ""BND"": 1.5, ""BTAL"": 6, ""DBC"": 3, ""DBMF"": 3, ""EEM"": 1, ""EFA"": 1, ""IEF"": 1, ""IWM"": 1, ""KMLM"": 6, ""LQD"": 1.5, ""QQQ"": 1, ""SCZ"": 5, ""SHY"": 1, ""SPY"": 0.7, ""TIP"": 2, ""TLT"": 1, ""TQQQ"": 1.5, ""VEA"": 1.5, ""VEU"": 2, ""VNQ"": 1.5, ""VTI"": 1, ""VWO"": 2}",0.03000000,tests/data/2026-08-24-net15,5,12M,0.00588282,0.01802727,0.00326710,0.00861431,48396.23526155,40000.00000000,8396.23526155,0.20990588,0.05154106,0.06168127,0.77025544,0.06833029,1.06028722,0.59171826,-0.08710406,611,2017,0.10428130,2015,-0.00656107,774393.09356469,97.15943699,2.90338285,0.00242899,0.26170418,0.00000000,0.02293043,0.00000000,0.23533781,0.00000000,0.08113349,0.00000000,0.10615901,0.00000000,0.06479606,0.00000000,0.05230137,0.00000000,0.09125726,0.00000000,0.07847102,0.00000000
SPY12.5/IWM12.5/VEA12.5/VWO12.5/VNQ12.5/DBC12.5/IEF12.5/TLT12.5,sens,sens_2013-02-01,2013-02-01,2018-02-01,true,true,"{""*"": 6, ""ACWX"": 3, ""AGG"": 1, ""BIL"": 1, ""BND"": 1.5, ""BTAL"": 6, ""DBC"": 3, ""DBMF"": 3, ""EEM"": 1, ""EFA"": 1, ""IEF"": 1, ""IWM"": 1, ""KMLM"": 6, ""LQD"": 1.5, ""QQQ"": 1, ""SCZ"": 5, ""SHY"": 1, ""SPY"": 0.7, ""TIP"": 2, ""TLT"": 1, ""TQQQ"": 1.5, ""VEA"": 1.5, ""VEU"": 2, ""VNQ"": 1.5, ""VTI"": 1, ""VWO"": 2}",0.03000000,tests/data/2026-08-24-net15,,,0.01242763,0.02807985,0.00439168,0.00932995,48557.54544620,40000.00000000,8557.54544620,0.21393864,0.05337827,0.06276360,0.66111394,0.08406503,0.93133807,0.32910738,-0.16219104,479,2017,0.13733260,2015,-0.05768841,52662.87611821,8.13946780,0.19720012,0.00020349,,,0.12460352,0.12336142,0.12329115,0.11957339,0.12277050,0.11782814,0.12133783,0.11567005,0.12317762,0.11722384,0.12433929,0.12285537,0.12375543,0.12170677,0.12429363,0.12255552
ROT SPY top1 1-3-6-12U can TIP/1 fb best(BIL+IEF),sens,sens_2013-02-01,2013-02-01,2018-02-01,true,true,"{""*"": 6, ""ACWX"": 3, ""AGG"": 1, ""BIL"": 1, ""BND"": 1.5, ""BTAL"": 6, ""DBC"": 3, ""DBMF"": 3, ""EEM"": 1, ""EFA"": 1, ""IEF"": 1, ""IWM"": 1, ""KMLM"": 6, ""LQD"": 1.5, ""QQQ"": 1, ""SCZ"": 5, ""SHY"": 1, ""SPY"": 0.7, ""TIP"": 2, ""TLT"": 1, ""TQQQ"": 1.5, ""VEA"": 1.5, ""VEU"": 2, ""VNQ"": 1.5, ""VTI"": 1, ""VWO"": 2}",0.03000000,tests/data/2026-08-24-net15,,,0.00240466,0.00602655,0.00242889,0.00602705,55744.83483787,40000.00000000,15744.83483787,0.39362087,0.09797210,0.10785541,1.23915040,0.07794223,1.80853985,1.75477242,-0.05583180,30,2017,0.13921737,2015,0.01345761,1017117.32898092,88.90684325,3.51531178,0.00222267,0.26180592,0.00000000,,,0.19642881,0.00000000,,,0.53933639,0.00000000,,,,,,,,
SPY benchmark,sens,sens_2013-02-01,2013-02-01,2018-02-01,true,true,"{""*"": 6, ""ACWX"": 3, ""AGG"": 1, ""BIL"": 1, ""BND"": 1.5, ""BTAL"": 6, ""DBC"": 3, ""DBMF"": 3, ""EEM"": 1, ""EFA"": 1, ""IEF"": 1, ""IWM"": 1, ""KMLM"": 6, ""LQD"": 1.5, ""QQQ"": 1, ""SCZ"": 5, ""SHY"": 1, ""SPY"": 0.7, ""TIP"": 2, ""TLT"": 1, ""TQQQ"": 1.5, ""VEA"": 1.5, ""VEU"": 2, ""VNQ"": 1.5, ""VTI"": 1, ""VWO"": 2}",0.03000000,tests/data/2026-08-24-net15,,,0.00270261,0.00811844,0.00270383,0.00811954,63839.33682064,40000.00000000,23839.33682064,0.59598342,0.15142842,0.15257384,1.25464228,0.11804886,1.79382281,1.14937107,-0.13174894,334,2013,0.24100638,2015,0.00916596,39946.37535396,2.79624627,0.12466169,0.00006991,,,,,,,,,0.99729617,0.99188046,,,,,,,,
ROT SPY+IWM+VEA+VWO+VNQ+DBC+IEF+TLT top3 1-3-6-12U can TIP/1 fb best(BIL+IEF),sens,sens_2013-08-01,2013-08-01,2018-08-01,false,true,"{""*"": 6, ""ACWX"": 3, ""AGG"": 1, ""BIL"": 1, ""BND"": 1.5, ""BTAL"": 6, ""DBC"": 3, ""DBMF"": 3, ""EEM"": 1, ""EFA"": 1, ""IEF"": 1, ""IWM"": 1, ""KMLM"": 6, ""LQD"": 1.5, ""QQQ"": 1, ""SCZ"": 5, ""SHY"": 1, ""SPY"": 0.7, ""TIP"": 2, ""TLT"": 1, ""TQQQ"": 1.5, ""VEA"": 1.5, ""VEU"": 2, ""VNQ"": 1.5, ""VTI"": 1, ""VWO"": 2}",0.03000000,tests/data/2026-08-24-net15,3,1-3-6-12U,0.00412668,0.01117327,0.00312301,0.00887395,45379.87465829,40000.00000000,5379.87465829,0.13449687,0.03165380,0.04083058,0.42240743,0.08175977,0.57213977,0.27457211,-0.11528410,550,2016,0.09412318,2015,-0.05804055,1477397.82187837,188.66636472,5.66311521,0.00471666,0.26165309,0.00000000,0.02729908,0.00000000,0.20704893,0.00000000,0.07612015,0.00000000,0.12958928,0.00000000,0.06516377,0.00000000,0.04909666,0.00000000,0.09256195,0.00000000,0.08728804,0.00000000
ROT SPY+IWM+VEA+VWO+VNQ+DBC+IEF+TLT top3 13612W can TIP/1 fb best(BIL+IEF),sens,sens_2013-08-01,2013-08-01,2018-08-01,false,true,"{""*"": 6, ""ACWX"": 3, ""AGG"": 1, ""BIL"": 1, ""BND"": 1.5, ""BTAL"": 6, ""DBC"": 3, ""DBMF"": 3, ""EEM"": 1, ""EFA"": 1, ""IEF"": 1, ""IWM"": 1, ""KMLM"": 6, ""LQD"": 1.5, ""QQQ"": 1, ""SCZ"": 5, ""SHY"": 1, ""SPY"": 0.7, ""TIP"": 2, ""TLT"": 1, ""TQQQ"": 1.5, ""VEA"": 1.5, ""VEU"": 2, ""VNQ"": 1.5, ""VTI"": 1, ""VWO"": 2}",0.03000000,tests/data/2026-08-24-net15,3,13612W,0.00349064,0.00994660,0.00267337,0.00826689,47747.98411076,40000.00000000,7747.98411076,0.19369960,0.04796304,0.05735652,0.63336856,0.07894240,0.89865485,0.39613440,-0.12107769,944,2017,0.09788911,2015,-0.05955209,2019897.71973762,257.37831046,7.66108173,0.00643446,0.28359525,0.00000000,0.04915752,0.00000000,0.17987892,0.00000000,0.09235278,0.00000000,0.08098383,0.00000000,0.05973002,0.00000000,0.05453222,0.00000000,0.08166836,0.00000000,0.11453493,0.00000000
ROT SPY+IWM+VEA+VWO+VNQ+DBC+IEF+TLT top3 12M can TIP/1 fb best(BIL+IEF),sens,sens_2013-08-01,2013-08-01,2018-08-01,false,true,"{""*"": 6, ""ACWX"": 3, ""AGG"": 1, ""BIL"": 1, ""BND"": 1.5, ""BTAL"": 6, ""DBC"": 3, ""DBMF"": 3, ""EEM"": 1, ""EFA"": 1, ""IEF"": 1, ""IWM"": 1, ""KMLM"": 6, ""LQD"": 1.5, ""QQQ"": 1, ""SCZ"": 5, ""SHY"": 1, ""SPY"": 0.7, ""TIP"": 2, ""TLT"": 1, ""TQQQ"": 1.5, ""VEA"": 1.5, ""VEU"": 2, ""VNQ"": 1.5, ""VTI"": 1, ""VWO"": 2}",0.03000000,tests/data/2026-08-24-net15,3,12M,0.00397348,0.01279461,0.00290551,0.00868041,44934.24409234,40000.00000000,4934.24409234,0.12335610,0.03321651,0.03762939,0.43983012,0.08201618,0.58646627,0.28171995,-0.11790613,517,2017,0.10960313,2015,-0.00063647,1014968.81152487,121.50614104,3.83739905,0.00303765,0.26156239,0.00000000,0.02730836,0.00000000,0.20715787,0.00000000,0.06522050,0.00000000,0.13534089,0.00000000,0.08136072,0.00000000,0.03819527,0.00000000,0.09251038,0.00000000,0.08733875,0.00000000
ROT SPY+IWM+VEA+VWO+VNQ+DBC+IEF+TLT top4 1-3-6-12U can TIP/1 fb best(BIL+IEF),sens,sens_2013-08-01,2013-08-01,2018-08-01,false,true,"{""*"": 6, ""ACWX"": 3, ""AGG"": 1, ""BIL"": 1, ""BND"": 1.5, ""BTAL"": 6, ""DBC"": 3, ""DBMF"": 3, ""EEM"": 1, ""EFA"": 1, ""IEF"": 1, ""IWM"": 1, ""KMLM"": 6, ""LQD"": 1.5, ""QQQ"": 1, ""SCZ"": 5, ""SHY"": 1, ""SPY"": 0.7, ""TIP"": 2, ""TLT"": 1, ""TQQQ"": 1.5, ""VEA"": 1.5, ""VEU"": 2, ""VNQ"": 1.5, ""VTI"": 1, ""VWO"": 2}",0.03000000,tests/data/2026-08-24-net15,4,1-3-6-12U,0.00506915,0.01659429,0.00316386,0.00888054,47650.11544704,40000.00000000,7650.11544704,0.19125289,0.04491399,0.05668909,0.62330343,0.07507038,0.84871430,0.45994018,-0.09765181,,2017,0.11771286,2015,-0.03333604,1387973.70904984,174.99645398,5.20576833,0.00437491,0.26165838,0.00000000,0.03686265,0.00000000,0.22075423,0.00000000,0.09347854,0.00000000,0.11310831,0.00000000,0.06488104,0.00000000,0.05318235,0.00000000,0.07735645,0.00000000,0.07360070,0.00000000
ROT SPY+IWM+VEA+VWO+VNQ+DBC+IEF+TLT top4 13612W can TIP/1 fb best(BIL+IEF),sens,sens_2013-08-01,2013-08-01,2018-08-01,false,true,"{""*"": 6, ""ACWX"": 3, ""AGG"": 1, ""BIL"": 1, ""BND"": 1.5, ""BTAL"": 6, ""DBC"": 3, ""DBMF"": 3, ""EEM"": 1, ""EFA"": 1, ""IEF"": 1, ""IWM"": 1, ""KMLM"": 6, ""LQD"": 1.5, ""QQQ"": 1, ""SCZ"": 5, ""SHY"": 1, ""SPY"": 0.7, ""TIP"": 2, ""TLT"": 1, ""TQQQ"": 1.5, ""VEA"": 1.5, ""VEU"": 2, ""VNQ"": 1.5, ""VTI"": 1, ""VWO"": 2}",0.03000000,tests/data/2026-08-24-net15,4,13612W,0.00445480,0.01600598,0.00309779,0.00904063,46826.14912631,40000.00000000,6826.14912631,0.17065373,0.04439360,0.05101788,0.62723301,0.07362393,0.88525062,0.41207352,-0.10773222,951,2017,0.09347652,2015,-0.05314155,1854167.82923908,233.82469099,7.03856192,0.00584562,0.28633280,0.00000000,0.05734224,0.00000000,0.18805000,0.00000000,0.08122065,0.00000000,0.09667498,0.00000000,0.06099016,0.00000000,0.06138701,0.00000000,0.06946772,0.00000000,0.09400916,0.00000000
ROT SPY+IWM+VEA+VWO+VNQ+DBC+IEF+TLT top4 12M can TIP/1 fb best(BIL+IEF),sens,sens_2013-08-01,2013-08-01,2018-08-01,false,true,"{""*"": 6, ""ACWX"": 3, ""AGG"": 1, ""BIL"": 1, ""BND"": 1.5, ""BTAL"": 6, ""DBC"": 3, ""DBMF"": 3, ""EEM"": 1, ""EFA"": 1, ""IEF"": 1, ""IWM"": 1, ""KMLM"": 6, ""LQD"": 1.5, ""QQQ"": 1, ""SCZ"": 5, ""SHY"": 1, ""SPY"": 0.7, ""TIP"": 2, ""TLT"": 1, ""TQQQ"": 1.5, ""VEA"": 1.5, ""VEU"": 2, ""VNQ"": 1.5, ""VTI"": 1, ""VWO"": 2}",0.03000000,tests/data/2026-08-24-net15,4,12M,0.00459709,0.01111723,0.00303284,0.00767053,44678.90951317,40000.00000000,4678.90951317,0.11697274,0.03119479,0.03578154,0.43323964,0.07799571,0.57406142,0.31193150,-0.10000525,,2017,0.10675899,2015,-0.01328451,1038203.39424686,125.18107883,3.93642629,0.00312953,0.26155130,0.00000000,0.03275213,0.00000000,0.22069644,0.00000000,0.07736426,0.00000000,0.13362708,0.00000000,0.06104539,0.00000000,0.04497163,0.00000000,0.07340066,0.00000000,0.08996118,0.00000000
ROT SPY+IWM+VEA+VWO+VNQ+DBC+IEF+TLT top5 1-3-6-12U can TIP/1 fb best(BIL+IEF),sens,sens_2013-08-01,2013-08-01,2018-08-01,false,true,"{""*"": 6, ""ACWX"": 3, ""AGG"": 1, ""BIL"": 1, ""BND"": 1.5, ""BTAL"": 6, ""DBC"": 3, ""DBMF"": 3, ""EEM"": 1, ""EFA"": 1, ""IEF"": 1, ""IWM"": 1, ""KMLM"": 6, ""LQD"": 1.5, ""QQQ"": 1, ""SCZ"": 5, ""SHY"": 1, ""SPY"": 0.7, ""TIP"": 2, ""TLT"": 1, ""TQQQ"": 1.5, ""VEA"": 1.5, ""VEU"": 2, ""VNQ"": 1.5, ""VTI"": 1, ""VWO"": 2}",0.03000000,tests/data/2026-08-24-net15,5,1-3-6-12U,0.00598976,0.01922699,0.00360278,0.01021983,46584.22373737,40000.00000000,6584.22373737,0.16460559,0.04171607,0.04933479,0.61909349,0.07003239,0.84139740,0.46182137,-0.09032945,,2017,0.09944668,2015,-0.01130662,1313722.75023881,163.51259948,4.91898160,0.00408781,0.26487915,0.00000000,0.04258213,0.00000000,0.22867615,0.00000000,0.09422613,0.00000000,0.10582313,0.00000000,0.06179132,0.00000000,0.05887105,0.00000000,0.06845008,0.00000000,0.06866676,0.00000000
ROT SPY+IWM+VEA+VWO+VNQ+DBC+IEF+TLT top5 13612W can TIP/1 fb best(BIL+IEF),sens,sens_2013-08-01,2013-08-01,2018-08-01,false,true,"{""*"": 6, ""ACWX"": 3, ""AGG"": 1, ""BIL"": 1, ""BND"": 1.5, ""BTAL"": 6, ""DBC"": 3, ""DBMF"": 3, ""EEM"": 1, ""EFA"": 1, ""IEF"": 1, ""IWM"": 1, ""KMLM"": 6, ""LQD"": 1.5, ""QQQ"": 1, ""SCZ"": 5, ""SHY"": 1, ""SPY"": 0.7, ""TIP"": 2, ""TLT"": 1, ""TQQQ"": 1.5, ""VEA"": 1.5, ""VEU"": 2, ""VNQ"": 1.5, ""VTI"": 1, ""VWO"": 2}",0.03000000,tests/data/2026-08-24-net15,5,13612W,0.00497591,0.01921656,0.00297966,0.00928140,46128.51416462,40000.00000000,6128.51416462,0.15321285,0.04237303,0.04614174,0.64207655,0.06831647,0.90836858,0.50260439,-0.08430692,563,2017,0.07710122,2015,-0.03010998,1831203.38276790,227.95983705,6.91516647,0.00569900,0.29127395,0.00000000,0.05238897,0.00000000,0.20916331,0.00000000,0.07788595,0.00000000,0.08695712,0.00000000,0.06505445,0.00000000,0.06861955,0.00000000,0.06845042,0.00000000,0.07516188,0.00000000
ROT SPY+IWM+VEA+VWO+VNQ+DBC+IEF+TLT top5 12M can TIP/1 fb best(BIL+IEF),sens,sens_2013-08-01,2013-08-01,2018-08-01,false,true,"{""*"": 6, ""ACWX"": 3, ""AGG"": 1, ""BIL"": 1, ""BND"": 1.5, ""BTAL"": 6, ""DBC"": 3, ""DBMF"": 3, ""EEM"": 1, ""EFA"": 1, ""IEF"": 1, ""IWM"": 1, ""KMLM"": 6, ""LQD"": 1.5, ""QQQ"": 1, ""SCZ"": 5, ""SHY"": 1, ""SPY"": 0.7, ""TIP"": 2, ""TLT"": 1, ""TQQQ"": 1.5, ""VEA"": 1.5, ""VEU"": 2, ""VNQ"": 1.5, ""VTI"": 1, ""VWO"": 2}",0.03000000,tests/data/2026-08-24-net15,5,12M,0.00609053,0.01856136,0.00340005,0.00907506,45603.98178012,40000.00000000,5603.98178012,0.14009954,0.03703137,0.04242917,0.53355879,0.07323645,0.71802793,0.40990406,-0.09034156,,2017,0.10427953,2015,-0.00604415,1008195.58445518,129.22534364,3.77736417,0.00323063,0.26157885,0.00000000,0.03602768,0.00000000,0.23210095,0.00000000,0.08101797,0.00000000,0.10603176,0.00000000,0.05841053,0.00000000,0.05230858,0.00000000,0.07811987,0.00000000,0.08828092,0.00000000
SPY12.5/IWM12.5/VEA12.5/VWO12.5/VNQ12.5/DBC12.5/IEF12.5/TLT12.5,sens,sens_2013-08-01,2013-08-01,2018-08-01,true,true,"{""*"": 6, ""ACWX"": 3, ""AGG"": 1, ""BIL"": 1, ""BND"": 1.5, ""BTAL"": 6, ""DBC"": 3, ""DBMF"": 3, ""EEM"": 1, ""EFA"": 1, ""IEF"": 1, ""IWM"": 1, ""KMLM"": 6, ""LQD"": 1.5, ""QQQ"": 1, ""SCZ"": 5, ""SHY"": 1, ""SPY"": 0.7, ""TIP"": 2, ""TLT"": 1, ""TQQQ"": 1.5, ""VEA"": 1.5, ""VEU"": 2, ""VNQ"": 1.5, ""VTI"": 1, ""VWO"": 2}",0.03000000,tests/data/2026-08-24-net15,,,0.01357440,0.03219384,0.00488299,0.01182520,47351.74341884,40000.00000000,7351.74341884,0.18379359,0.05089148,0.05464625,0.63618846,0.08357571,0.89394021,0.31467773,-0.16172572,479,2017,0.13724057,2015,-0.05688834,51925.24920261,7.99926785,0.19213248,0.00019998,,,0.12464409,0.12354408,0.12298433,0.11835031,0.12234689,0.11701132,0.12093803,0.11317480,0.12300789,0.11885982,0.12431097,0.12296246,0.12380209,0.12142063,0.12438794,0.12245543
ROT SPY top1 1-3-6-12U can TIP/1 fb best(BIL+IEF),sens,sens_2013-08-01,2013-08-01,2018-08-01,true,true,"{""*"": 6, ""ACWX"": 3, ""AGG"": 1, ""BIL"": 1, ""BND"": 1.5, ""BTAL"": 6, ""DBC"": 3, ""DBMF"": 3, ""EEM"": 1, ""EFA"": 1, ""IEF"": 1, ""IWM"": 1, ""KMLM"": 6, ""LQD"": 1.5, ""QQQ"": 1, ""SCZ"": 5, ""SHY"": 1, ""SPY"": 0.7, ""TIP"": 2, ""TLT"": 1, ""TQQQ"": 1.5, ""VEA"": 1.5, ""VEU"": 2, ""VNQ"": 1.5, ""VTI"": 1, ""VWO"": 2}",0.03000000,tests/data/2026-08-24-net15,,,0.00269430,0.00818350,0.00272287,0.00818409,53637.01732472,40000.00000000,13637.01732472,0.34092543,0.08278070,0.09531949,0.99155161,0.08382747,1.39046185,0.82075130,-0.10085966,180,2017,0.13951865,2013,-0.00040637,1250238.80987509,108.52370797,4.35230940,0.00271309,0.26167749,0.00000000,,,0.19639052,0.00000000,,,0.53920911,0.00000000,,,,,,,,
SPY benchmark,sens,sens_2013-08-01,2013-08-01,2018-08-01,true,true,"{""*"": 6, ""ACWX"": 3, ""AGG"": 1, ""BIL"": 1, ""BND"": 1.5, ""BTAL"": 6, ""DBC"": 3, ""DBMF"": 3, ""EEM"": 1, ""EFA"": 1, ""IEF"": 1, ""IWM"": 1, ""KMLM"": 6, ""LQD"": 1.5, ""QQQ"": 1, ""SCZ"": 5, ""SHY"": 1, ""SPY"": 0.7, ""TIP"": 2, ""TLT"": 1, ""TQQQ"": 1.5, ""VEA"": 1.5, ""VEU"": 2, ""VNQ"": 1.5, ""VTI"": 1, ""VWO"": 2}",0.03000000,tests/data/2026-08-24-net15,,,0.00410002,0.01234951,0.00410126,0.01235086,59055.66688410,40000.00000000,19055.66688410,0.47639167,0.12317587,0.12695332,1.00707535,0.12296623,1.41514018,0.93930837,-0.13113465,334,2017,0.21293615,2015,0.00932312,39965.74522936,2.79760217,0.12882831,0.00006994,,,,,,,,,0.99589874,0.98764914,,,,,,,,
ROT SPY+IWM+VEA+VWO+VNQ+DBC+IEF+TLT top3 1-3-6-12U can TIP/1 fb best(BIL+IEF),sens,sens_2014-02-03,2014-02-03,2019-02-01,false,true,"{""*"": 6, ""ACWX"": 3, ""AGG"": 1, ""BIL"": 1, ""BND"": 1.5, ""BTAL"": 6, ""DBC"": 3, ""DBMF"": 3, ""EEM"": 1, ""EFA"": 1, ""IEF"": 1, ""IWM"": 1, ""KMLM"": 6, ""LQD"": 1.5, ""QQQ"": 1, ""SCZ"": 5, ""SHY"": 1, ""SPY"": 0.7, ""TIP"": 2, ""TLT"": 1, ""TQQQ"": 1.5, ""VEA"": 1.5, ""VEU"": 2, ""VNQ"": 1.5, ""VTI"": 1, ""VWO"": 2}",0.03000000,tests/data/2026-08-24-net15,3,1-3-6-12U,0.00455004,0.01571709,0.00322939,0.00978964,45654.92527501,40000.00000000,5654.92527501,0.14137313,0.03492867,0.04277321,0.45580410,0.08291361,0.61845814,0.30339374,-0.11512654,550,2016,0.09414622,2015,-0.05767724,1529853.07012041,191.05864685,5.78063055,0.00477647,0.21265545,0.00000000,0.02730100,0.00000000,0.22891698,0.00000000,0.08133013,0.00000000,0.13486769,0.00000000,0.07064475,0.00000000,0.04905270,0.00000000,0.10338521,0.00000000,0.08724091,0.00000000
ROT SPY+IWM+VEA+VWO+VNQ+DBC+IEF+TLT top3 13612W can TIP/1 fb best(BIL+IEF),sens,sens_2014-02-03,2014-02-03,2019-02-01,false,true,"{""*"": 6, ""ACWX"": 3, ""AGG"": 1, ""BIL"": 1, ""BND"": 1.5, ""BTAL"": 6, ""DBC"": 3, ""DBMF"": 3, ""EEM"": 1, ""EFA"": 1, ""IEF"": 1, ""IWM"": 1, ""KMLM"": 6, ""LQD"": 1.5, ""QQQ"": 1, ""SCZ"": 5, ""SHY"": 1, ""SPY"": 0.7, ""TIP"": 2, ""TLT"": 1, ""TQQQ"": 1.5, ""VEA"": 1.5, ""VEU"": 2, ""VNQ"": 1.5, ""VTI"": 1, ""VWO"": 2}",0.03000000,tests/data/2026-08-24-net15,3,13612W,0.00410340,0.01181839,0.00307240,0.01020318,47527.93301643,40000.00000000,7527.93301643,0.18819833,0.04663430,0.05583107,0.62617478,0.07763732,0.88283307,0.38575782,-0.12089008,944,2018,0.11185470,2015,-0.05938826,2049261.10171656,257.23636266,7.71106984,0.00643091,0.25098364,0.00000000,0.04915323,0.00000000,0.19618921,0.00000000,0.09756201,0.00000000,0.08072253,0.00000000,0.05965863,0.00000000,0.04909610,0.00000000,0.09245279,0.00000000,0.12000262,0.00000000
ROT SPY+IWM+VEA+VWO+VNQ+DBC+IEF+TLT top3 12M can TIP/1 fb best(BIL+IEF),sens,sens_2014-02-03,2014-02-03,2019-02-01,false,true,"{""*"": 6, ""ACWX"": 3, ""AGG"": 1, ""BIL"": 1, ""BND"": 1.5, ""BTAL"": 6, ""DBC"": 3, ""DBMF"": 3, ""EEM"": 1, ""EFA"": 1, ""IEF"": 1, ""IWM"": 1, ""KMLM"": 6, ""LQD"": 1.5, ""QQQ"": 1, ""SCZ"": 5, ""SHY"": 1, ""SPY"": 0.7, ""TIP"": 2, ""TLT"": 1, ""TQQQ"": 1.5, ""VEA"": 1.5, ""VEU"": 2, ""VNQ"": 1.5, ""VTI"": 1, ""VWO"": 2}",0.03000000,tests/data/2026-08-24-net15,3,12M,0.00448533,0.01626614,0.00303378,0.01147463,45966.29358865,40000.00000000,5966.29358865,0.14915734,0.04098207,0.04497875,0.52555284,0.08303448,0.70232330,0.34798900,-0.11776828,516,2017,0.10952498,2019,-0.00458414,1090872.63277139,130.55114243,4.06827468,0.00326378,0.22908501,0.00000000,0.03276522,0.00000000,0.21252039,0.00000000,0.07059541,0.00000000,0.14047227,0.00000000,0.08679964,0.00000000,0.03814458,0.00000000,0.09784573,0.00000000,0.08725130,0.00000000
ROT SPY+IWM+VEA+VWO+VNQ+DBC+IEF+TLT top4 1-3-6-12U can TIP/1 fb best(BIL+IEF),sens,sens_2014-02-03,2014-02-03,2019-02-01,false,true,"{""*"": 6, ""ACWX"": 3, ""AGG"": 1, ""BIL"": 1, ""BND"": 1.5, ""BTAL"": 6, ""DBC"": 3, ""DBMF"": 3, ""EEM"": 1, ""EFA"": 1, ""IEF"": 1, ""IWM"": 1, ""KMLM"": 6, ""LQD"": 1.5, ""QQQ"": 1, ""SCZ"": 5, ""SHY"": 1, ""SPY"": 0.7, ""TIP"": 2, ""TLT"": 1, ""TQQQ"": 1.5, ""VEA"": 1.5, ""VEU"": 2, ""VNQ"": 1.5, ""VTI"": 1, ""VWO"": 2}",0.03000000,tests/data/2026-08-24-net15,4,1-3-6-12U,0.00583731,0.02519534,0.00350417,0.01285951,48173.40689108,40000.00000000,8173.40689108,0.20433517,0.05017535,0.06021841,0.68045115,0.07626414,0.92840967,0.51367793,-0.09767862,342,2017,0.11780214,2015,-0.03300331,1469501.98253312,184.05703051,5.40337552,0.00460143,0.21269100,0.00000000,0.04094703,0.00000000,0.24103641,0.00000000,0.09753668,0.00000000,0.11670117,0.00000000,0.06890679,0.00000000,0.05314909,0.00000000,0.08549765,0.00000000,0.07764518,0.00000000
ROT SPY+IWM+VEA+VWO+VNQ+DBC+IEF+TLT top4 13612W can TIP/1 fb best(BIL+IEF),sens,sens_2014-02-03,2014-02-03,2019-02-01,false,true,"{""*"": 6, ""ACWX"": 3, ""AGG"": 1, ""BIL"": 1, ""BND"": 1.5, ""BTAL"": 6, ""DBC"": 3, ""DBMF"": 3, ""EEM"": 1, ""EFA"": 1, ""IEF"": 1, ""IWM"": 1, ""KMLM"": 6, ""LQD"": 1.5, ""QQQ"": 1, ""SCZ"": 5, ""SHY"": 1, ""SPY"": 0.7, ""TIP"": 2, ""TLT"": 1, ""TQQQ"": 1.5, ""VEA"": 1.5, ""VEU"": 2, ""VNQ"": 1.5, ""VTI"": 1, ""VWO"": 2}",0.03000000,tests/data/2026-08-24-net15,4,13612W,0.00519220,0.01904980,0.00324140,0.01136974,46669.53169886,40000.00000000,6669.53169886,0.16673829,0.04406085,0.04990833,0.63580697,0.07191426,0.89277397,0.40933556,-0.10763994,951,2017,0.09366532,2015,-0.05303563,1901189.18365345,234.33116157,7.16819071,0.00585828,0.25371667,0.00000000,0.05732348,0.00000000,0.20430473,0.00000000,0.08524905,0.00000000,0.10066417,0.00000000,0.06488986,0.00000000,0.05722816,0.00000000,0.07734234,0.00000000,0.09401906,0.00000000
ROT SPY+IWM+VEA+VWO+VNQ+DBC+IEF+TLT top4 12M can TIP/1 fb best(BIL+IEF),sens,sens_2014-02-03,2014-02-03,2019-02-01,false,true,"{""*"": 6, ""ACWX"": 3, ""AGG"": 1, ""BIL"": 1, ""BND"": 1.5, ""BTAL"": 6, ""DBC"": 3, ""DBMF"": 3, ""EEM"": 1, ""EFA"": 1, ""IEF"": 1, ""IWM"": 1, ""KMLM"": 6, ""LQD"": 1.5, ""QQQ"": 1, ""SCZ"": 5, ""SHY"": 1, ""SPY"": 0.7, ""TIP"": 2, ""TLT"": 1, ""TQQQ"": 1.5, ""VEA"": 1.5, ""VEU"": 2, ""VNQ"": 1.5, ""VTI"": 1, ""VWO"": 2}",0.03000000,tests/data/2026-08-24-net15,4,12M,0.00549119,0.01896539,0.00340061,0.01186863,45276.08365218,40000.00000000,5276.08365218,0.13190209,0.03675403,0.04007039,0.49610958,0.07911271,0.65875204,0.36772178,-0.09995066,,2017,0.10673175,2015,-0.01261778,1108260.48270418,133.08963552,4.15126002,0.00332724,0.22908038,0.00000000,0.03685007,0.00000000,0.22864732,0.00000000,0.08141680,0.00000000,0.13726179,0.00000000,0.06478910,0.00000000,0.04905916,0.00000000,0.07745225,0.00000000,0.08991539,0.00000000
ROT SPY+IWM+VEA+VWO+VNQ+DBC+IEF+TLT top5 1-3-6-12U can TIP/1 fb best(BIL+IEF),sens,sens_2014-02-03,2014-02-03,2019-02-01,false,true,"{""*"": 6, ""ACWX"": 3, ""AGG"": 1, ""BIL"": 1, ""BND"": 1.5, ""BTAL"": 6, ""DBC"": 3, ""DBMF"": 3, ""EEM"": 1, ""EFA"": 1, ""IEF"": 1, ""IWM"": 1, ""KMLM"": 6, ""LQD"": 1.5, ""QQQ"": 1, ""SCZ"": 5, ""SHY"": 1, ""SPY"": 0.7, ""TIP"": 2, ""TLT"": 1, ""TQQQ"": 1.5, ""VEA"": 1.5, ""VEU"": 2, ""VNQ"": 1.5, ""VTI"": 1, ""VWO"": 2}",0.03000000,tests/data/2026-08-24-net15,5,1-3-6-12U,0.00680648,0.02440797,0.00370843,0.01019805,46582.36472391,40000.00000000,6582.36472391,0.16455912,0.04434914,0.04930114,0.64471706,0.07128486,0.87716558,0.49033668,-0.09044630,,2017,0.09917553,2015,-0.01113281,1418260.51983656,174.32384527,5.24203203,0.00435810,0.21594795,0.00000000,0.04584915,0.00000000,0.24820301,0.00000000,0.09712228,0.00000000,0.11242348,0.00000000,0.06796081,0.00000000,0.05882467,0.00000000,0.07495162,0.00000000,0.07186244,0.00000000
ROT SPY+IWM+VEA+VWO+VNQ+DBC+IEF+TLT top5 13612W can TIP/1 fb best(BIL+IEF),sens,sens_2014-02-03,2014-02-03,2019-02-01,false,true,"{""*"": 6, ""ACWX"": 3, ""AGG"": 1, ""BIL"": 1, ""BND"": 1.5, ""BTAL"": 6, ""DBC"": 3, ""DBMF"": 3, ""EEM"": 1, ""EFA"": 1, ""IEF"": 1, ""IWM"": 1, ""KMLM"": 6, ""LQD"": 1.5, ""QQQ"": 1, ""SCZ"": 5, ""SHY"": 1, ""SPY"": 0.7, ""TIP"": 2, ""TLT"": 1, ""TQQQ"": 1.5, ""VEA"": 1.5, ""VEU"": 2, ""VNQ"": 1.5, ""VTI"": 1, ""VWO"": 2}",0.03000000,tests/data/2026-08-24-net15,5,13612W,0.00594234,0.02187966,0.00337294,0.01321074,46421.76838830,40000.00000000,6421.76838830,0.16054421,0.04333643,0.04817963,0.67297942,0.06633734,0.94436819,0.51601470,-0.08398294,557,2017,0.07702166,2015,-0.02982350,1875824.77413557,231.98642946,7.06435763,0.00579966,0.25860869,0.00000000,0.05566712,0.00000000,0.22543615,0.00000000,0.08111342,0.00000000,0.08974155,0.00000000,0.06807847,0.00000000,0.06861044,0.00000000,0.07156361,0.00000000,0.07516933,0.00000000
ROT SPY+IWM+VEA+VWO+VNQ+DBC+IEF+TLT top5 12M can TIP/1 fb best(BIL+IEF),sens,sens_2014-02-03,2014-02-03,2019-02-01,false,true,"{""*"": 6, ""ACWX"": 3, ""AGG"": 1, ""BIL"": 1, ""BND"": 1.5, ""BTAL"": 6, ""DBC"": 3, ""DBMF"": 3, ""EEM"": 1, ""EFA"": 1, ""IEF"": 1, ""IWM"": 1, ""KMLM"": 6, ""LQD"": 1.5, ""QQQ"": 1, ""SCZ"": 5, ""SHY"": 1, ""SPY"": 0.7, ""TIP"": 2, ""TLT"": 1, ""TQQQ"": 1.5, ""VEA"": 1.5, ""VEU"": 2, ""VNQ"": 1.5, ""VTI"": 1, ""VWO"": 2}",0.03000000,tests/data/2026-08-24-net15,5,12M,0.00566707,0.01859417,0.00323823,0.00981373,45337.54383331,40000.00000000,5337.54383331,0.13343860,0.03863184,0.04051033,0.54311461,0.07501126,0.73014975,0.42780053,-0.09030339,,2017,0.10416266,2015,-0.00693083,1099008.07540827,139.65077251,4.07397881,0.00349127,0.22910981,0.00000000,0.03930476,0.00000000,0.24177026,0.00000000,0.08443434,0.00000000,0.10961972,0.00000000,0.06142438,0.00000000,0.05558771,0.00000000,0.08481196,0.00000000,0.08823343,0.00000000
SPY12.5/IWM12.5/VEA12.5/VWO12.5/VNQ12.5/DBC12.5/IEF12.5/TLT12.5,sens,sens_2014-02-03,2014-02-03,2019-02-01,true,true,"{""*"": 6, ""ACWX"": 3, ""AGG"": 1, ""BIL"": 1, ""BND"": 1.5, ""BTAL"": 6, ""DBC"": 3, ""DBMF"": 3, ""EEM"": 1, ""EFA"": 1, ""IEF"": 1, ""IWM"": 1, ""KMLM"": 6, ""LQD"": 1.5, ""QQQ"": 1, ""SCZ"": 5, ""SHY"": 1, ""SPY"": 0.7, ""TIP"": 2, ""TLT"": 1, ""TQQQ"": 1.5, ""VEA"": 1.5, ""VEU"": 2, ""VNQ"": 1.5, ""VTI"": 1, ""VWO"": 2}",0.03000000,tests/data/2026-08-24-net15,,,0.01379304,0.02757315,0.00488488,0.01166741,45518.52745477,40000.00000000,5518.52745477,0.13796319,0.04442928,0.04180255,0.55268098,0.08526950,0.77028089,0.27483055,-0.16166062,479,2017,0.13710354,2018,-0.07796248,52770.43525266,8.08519022,0.19468433,0.00020213,,,0.12460441,0.12301095,0.12307749,0.11814276,0.12240420,0.11814079,0.12065397,0.11333259,0.12311285,0.11929787,0.12440589,0.12319166,0.12367862,0.12115593,0.12426617,0.12246540
ROT SPY top1 1-3-6-12U can TIP/1 fb best(BIL+IEF),sens,sens_2014-02-03,2014-02-03,2019-02-01,true,true,"{""*"": 6, ""ACWX"": 3, ""AGG"": 1, ""BIL"": 1, ""BND"": 1.5, ""BTAL"": 6, ""DBC"": 3, ""DBMF"": 3, ""EEM"": 1, ""EFA"": 1, ""IEF"": 1, ""IWM"": 1, ""KMLM"": 6, ""LQD"": 1.5, ""QQQ"": 1, ""SCZ"": 5, ""SHY"": 1, ""SPY"": 0.7, ""TIP"": 2, ""TLT"": 1, ""TQQQ"": 1.5, ""VEA"": 1.5, ""VEU"": 2, ""VNQ"": 1.5, ""VTI"": 1, ""VWO"": 2}",0.03000000,tests/data/2026-08-24-net15,,,0.00355592,0.01047753,0.00358714,0.01056045,54585.53036529,40000.00000000,14585.53036529,0.36463826,0.09247745,0.10102964,1.08602319,0.08480418,1.52825092,0.91785954,-0.10075338,180,2017,0.13928754,2019,0.00683263,1408197.31449509,122.86005981,4.76629896,0.00307150,0.21273304,0.00000000,,,0.21259201,0.00000000,,,0.57108781,0.00000000,,,,,,,,
SPY benchmark,sens,sens_2014-02-03,2014-02-03,2019-02-01,true,true,"{""*"": 6, ""ACWX"": 3, ""AGG"": 1, ""BIL"": 1, ""BND"": 1.5, ""BTAL"": 6, ""DBC"": 3, ""DBMF"": 3, ""EEM"": 1, ""EFA"": 1, ""IEF"": 1, ""IWM"": 1, ""KMLM"": 6, ""LQD"": 1.5, ""QQQ"": 1, ""SCZ"": 5, ""SHY"": 1, ""SPY"": 0.7, ""TIP"": 2, ""TLT"": 1, ""TQQQ"": 1.5, ""VEA"": 1.5, ""VEU"": 2, ""VNQ"": 1.5, ""VTI"": 1, ""VWO"": 2}",0.03000000,tests/data/2026-08-24-net15,,,0.00324088,0.01146887,0.00324212,0.01147033,54699.99105805,40000.00000000,14699.99105805,0.36749978,0.10995768,0.10171656,0.85529186,0.13228268,1.19737040,0.56568981,-0.19437804,,2017,0.21307951,2018,-0.04832750,39848.27103665,2.78937897,0.12746140,0.00006973,,,,,,,,,0.99675788,0.98852967,,,,,,,,
ROT SPY+IWM+VEA+VWO+VNQ+DBC+IEF+TLT top3 1-3-6-12U can TIP/1 fb best(BIL+IEF),sens,sens_2014-08-01,2014-08-01,2019-08-01,false,true,"{""*"": 6, ""ACWX"": 3, ""AGG"": 1, ""BIL"": 1, ""BND"": 1.5, ""BTAL"": 6, ""DBC"": 3, ""DBMF"": 3, ""EEM"": 1, ""EFA"": 1, ""IEF"": 1, ""IWM"": 1, ""KMLM"": 6, ""LQD"": 1.5, ""QQQ"": 1, ""SCZ"": 5, ""SHY"": 1, ""SPY"": 0.7, ""TIP"": 2, ""TLT"": 1, ""TQQQ"": 1.5, ""VEA"": 1.5, ""VEU"": 2, ""VNQ"": 1.5, ""VTI"": 1, ""VWO"": 2}",0.03000000,tests/data/2026-08-24-net15,3,1-3-6-12U,0.00407423,0.01233026,0.00280491,0.00956126,46480.47062586,40000.00000000,6480.47062586,0.16201177,0.04474429,0.04861505,0.55723383,0.08520265,0.75534081,0.38971447,-0.11481300,550,2016,0.09437903,2015,-0.05721027,1469724.64758894,179.81484467,5.42115402,0.00449537,0.18005359,0.00000000,0.02730485,0.00000000,0.20703643,0.00000000,0.08144953,0.00000000,0.14607086,0.00000000,0.09783947,0.00000000,0.04363303,0.00000000,0.12519142,0.00000000,0.08729357,0.00000000
ROT SPY+IWM+VEA+VWO+VNQ+DBC+IEF+TLT top3 13612W can TIP/1 fb best(BIL+IEF),sens,sens_2014-08-01,2014-08-01,2019-08-01,false,true,"{""*"": 6, ""ACWX"": 3, ""AGG"": 1, ""BIL"": 1, ""BND"": 1.5, ""BTAL"": 6, ""DBC"": 3, ""DBMF"": 3, ""EEM"": 1, ""EFA"": 1, ""IEF"": 1, ""IWM"": 1, ""KMLM"": 6, ""LQD"": 1.5, ""QQQ"": 1, ""SCZ"": 5, ""SHY"": 1, ""SPY"": 0.7, ""TIP"": 2, ""TLT"": 1, ""TQQQ"": 1.5, ""VEA"": 1.5, ""VEU"": 2, ""VNQ"": 1.5, ""VTI"": 1, ""VWO"": 2}",0.03000000,tests/data/2026-08-24-net15,3,13612W,0.00403109,0.01099441,0.00305617,0.00700797,45632.65643019,40000.00000000,5632.65643019,0.14081641,0.03424532,0.04263726,0.45799558,0.08075936,0.63187333,0.28387302,-0.12063606,920,2018,0.11166650,2015,-0.05922275,2070071.86915398,260.02504917,7.76680392,0.00650063,0.25089505,0.00000000,0.04914062,0.00000000,0.17973691,0.00000000,0.10325011,0.00000000,0.10249427,0.00000000,0.06513437,0.00000000,0.04361028,0.00000000,0.08705163,0.00000000,0.11457910,0.00000000
ROT SPY+IWM+VEA+VWO+VNQ+DBC+IEF+TLT top3 12M can TIP/1 fb best(BIL+IEF),sens,sens_2014-08-01,2014-08-01,2019-08-01,false,true,"{""*"": 6, ""ACWX"": 3, ""AGG"": 1, ""BIL"": 1, ""BND"": 1.5, ""BTAL"": 6, ""DBC"": 3, ""DBMF"": 3, ""EEM"": 1, ""EFA"": 1, ""IEF"": 1, ""IWM"": 1, ""KMLM"": 6, ""LQD"": 1.5, ""QQQ"": 1, ""SCZ"": 5, ""SHY"": 1, ""SPY"": 0.7, ""TIP"": 2, ""TLT"": 1, ""TQQQ"": 1.5, ""VEA"": 1.5, ""VEU"": 2, ""VNQ"": 1.5, ""VTI"": 1, ""VWO"": 2}",0.03000000,tests/data/2026-08-24-net15,3,12M,0.00507157,0.01599242,0.00341963,0.01263678,47661.11632188,40000.00000000,7661.11632188,0.19152791,0.05764173,0.05676954,0.70098242,0.08527203,0.94588515,0.48842664,-0.11801512,517,2017,0.10942366,2015,-0.00055400,1150681.92795597,132.83696064,4.17629438,0.00332092,0.16370134,0.00000000,0.03277121,0.00000000,0.21245412,0.00000000,0.07060545,0.00000000,0.15632849,0.00000000,0.10841628,0.00000000,0.03268001,0.00000000,0.13067637,0.00000000,0.08726037,0.00000000
ROT SPY+IWM+VEA+VWO+VNQ+DBC+IEF+TLT top4 1-3-6-12U can TIP/1 fb best(BIL+IEF),sens,sens_2014-08-01,2014-08-01,2019-08-01,false,true,"{""*"": 6, ""ACWX"": 3, ""AGG"": 1, ""BIL"": 1, ""BND"": 1.5, ""BTAL"": 6, ""DBC"": 3, ""DBMF"": 3, ""EEM"": 1, ""EFA"": 1, ""IEF"": 1, ""IWM"": 1, ""KMLM"": 6, ""LQD"": 1.5, ""QQQ"": 1, ""SCZ"": 5, ""SHY"": 1, ""SPY"": 0.7, ""TIP"": 2, ""TLT"": 1, ""TQQQ"": 1.5, ""VEA"": 1.5, ""VEU"": 2, ""VNQ"": 1.5, ""VTI"": 1, ""VWO"": 2}",0.03000000,tests/data/2026-08-24-net15,4,1-3-6-12U,0.00641823,0.02038802,0.00373144,0.01389834,47921.84481038,40000.00000000,7921.84481038,0.19804612,0.05629421,0.05854453,0.73921550,0.07836693,1.00672117,0.57870804,-0.09727567,342,2017,0.11733469,2015,-0.03311880,1472666.94937727,184.15449348,5.27019678,0.00460386,0.18007946,0.00000000,0.04096052,0.00000000,0.22870317,0.00000000,0.09739820,0.00000000,0.12865718,0.00000000,0.08512989,0.00000000,0.04909162,0.00000000,0.10179499,0.00000000,0.08171544,0.00000000
ROT SPY+IWM+VEA+VWO+VNQ+DBC+IEF+TLT top4 13612W can TIP/1 fb best(BIL+IEF),sens,sens_2014-08-01,2014-08-01,2019-08-01,false,true,"{""*"": 6, ""ACWX"": 3, ""AGG"": 1, ""BIL"": 1, ""BND"": 1.5, ""BTAL"": 6, ""DBC"": 3, ""DBMF"": 3, ""EEM"": 1, ""EFA"": 1, ""IEF"": 1, ""IWM"": 1, ""KMLM"": 6, ""LQD"": 1.5, ""QQQ"": 1, ""SCZ"": 5, ""SHY"": 1, ""SPY"": 0.7, ""TIP"": 2, ""TLT"": 1, ""TQQQ"": 1.5, ""VEA"": 1.5, ""VEU"": 2, ""VNQ"": 1.5, ""VTI"": 1, ""VWO"": 2}",0.03000000,tests/data/2026-08-24-net15,4,13612W,0.00523244,0.02584885,0.00349899,0.01217113,44905.21469138,40000.00000000,4905.21469138,0.12263037,0.03031402,0.03742341,0.43867801,0.07451446,0.60219395,0.28181602,-0.10756669,951,2017,0.09338198,2015,-0.05312302,1936377.87822329,244.37463534,7.32493872,0.00610937,0.25350172,0.00000000,0.05729919,0.00000000,0.19605890,0.00000000,0.08540637,0.00000000,0.10481261,0.00000000,0.06887830,0.00000000,0.05724734,0.00000000,0.07341407,0.00000000,0.09807676,0.00000000
ROT SPY+IWM+VEA+VWO+VNQ+DBC+IEF+TLT top4 12M can TIP/1 fb best(BIL+IEF),sens,sens_2014-08-01,2014-08-01,2019-08-01,false,true,"{""*"": 6, ""ACWX"": 3, ""AGG"": 1, ""BIL"": 1, ""BND"": 1.5, ""BTAL"": 6, ""DBC"": 3, ""DBMF"": 3, ""EEM"": 1, ""EFA"": 1, ""IEF"": 1, ""IWM"": 1, ""KMLM"": 6, ""LQD"": 1.5, ""QQQ"": 1, ""SCZ"": 5, ""SHY"": 1, ""SPY"": 0.7, ""TIP"": 2, ""TLT"": 1, ""TQQQ"": 1.5, ""VEA"": 1.5, ""VEU"": 2, ""VNQ"": 1.5, ""VTI"": 1, ""VWO"": 2}",0.03000000,tests/data/2026-08-24-net15,4,12M,0.00652836,0.02133289,0.00382971,0.01473562,48047.40610241,40000.00000000,8047.40610241,0.20118515,0.05621898,0.05939608,0.72549784,0.07992219,0.97311518,0.56187587,-0.10005588,497,2017,0.10649477,2015,-0.01281537,1022725.79296283,122.01870357,3.74509673,0.00305047,0.16370914,0.00000000,0.03685316,0.00000000,0.23667504,0.00000000,0.08131088,0.00000000,0.15698618,0.00000000,0.08530912,0.00000000,0.04495379,0.00000000,0.10186221,0.00000000,0.08577803,0.00000000
ROT SPY+IWM+VEA+VWO+VNQ+DBC+IEF+TLT top5 1-3-6-12U can TIP/1 fb best(BIL+IEF),sens,sens_2014-08-01,2014-08-01,2019-08-01,false,true,"{""*"": 6, ""ACWX"": 3, ""AGG"": 1, ""BIL"": 1, ""BND"": 1.5, ""BTAL"": 6, ""DBC"": 3, ""DBMF"": 3, ""EEM"": 1, ""EFA"": 1, ""IEF"": 1, ""IWM"": 1, ""KMLM"": 6, ""LQD"": 1.5, ""QQQ"": 1, ""SCZ"": 5, ""SHY"": 1, ""SPY"": 0.7, ""TIP"": 2, ""TLT"": 1, ""TQQQ"": 1.5, ""VEA"": 1.5, ""VEU"": 2, ""VNQ"": 1.5, ""VTI"": 1, ""VWO"": 2}",0.03000000,tests/data/2026-08-24-net15,5,1-3-6-12U,0.00741501,0.02585019,0.00394031,0.01278546,47198.17310316,40000.00000000,7198.17310316,0.17995433,0.05239978,0.05359513,0.74398637,0.07227104,1.01548679,0.58017505,-0.09031719,426,2017,0.09911465,2015,-0.01149390,1404099.17482222,172.64660890,5.09493563,0.00431617,0.18335157,0.00000000,0.04585953,0.00000000,0.23501741,0.00000000,0.10675113,0.00000000,0.12169845,0.00000000,0.08441599,0.00000000,0.05555430,0.00000000,0.08801769,0.00000000,0.07187099,0.00000000
ROT SPY+IWM+VEA+VWO+VNQ+DBC+IEF+TLT top5 13612W can TIP/1 fb best(BIL+IEF),sens,sens_2014-08-01,2014-08-01,2019-08-01,false,true,"{""*"": 6, ""ACWX"": 3, ""AGG"": 1, ""BIL"": 1, ""BND"": 1.5, ""BTAL"": 6, ""DBC"": 3, ""DBMF"": 3, ""EEM"": 1, ""EFA"": 1, ""IEF"": 1, ""IWM"": 1, ""KMLM"": 6, ""LQD"": 1.5, ""QQQ"": 1, ""SCZ"": 5, ""SHY"": 1, ""SPY"": 0.7, ""TIP"": 2, ""TLT"": 1, ""TQQQ"": 1.5, ""VEA"": 1.5, ""VEU"": 2, ""VNQ"": 1.5, ""VTI"": 1, ""VWO"": 2}",0.03000000,tests/data/2026-08-24-net15,5,13612W,0.00549217,0.01693426,0.00329892,0.01230787,45213.23485242,40000.00000000,5213.23485242,0.13033087,0.03335370,0.03964085,0.51218875,0.06877610,0.70707379,0.39785879,-0.08383300,557,2017,0.07717231,2015,-0.02956613,1853010.05709465,231.93320316,6.98792282,0.00579833,0.25850490,0.00000000,0.05238853,0.00000000,0.21888229,0.00000000,0.08429528,0.00000000,0.09339985,0.00000000,0.06826557,0.00000000,0.06539942,0.00000000,0.07493541,0.00000000,0.07836791,0.00000000
ROT SPY+IWM+VEA+VWO+VNQ+DBC+IEF+TLT top5 12M can TIP/1 fb best(BIL+IEF),sens,sens_2014-08-01,2014-08-01,2019-08-01,false,true,"{""*"": 6, ""ACWX"": 3, ""AGG"": 1, ""BIL"": 1, ""BND"": 1.5, ""BTAL"": 6, ""DBC"": 3, ""DBMF"": 3, ""EEM"": 1, ""EFA"": 1, ""IEF"": 1, ""IWM"": 1, ""KMLM"": 6, ""LQD"": 1.5, ""QQQ"": 1, ""SCZ"": 5, ""SHY"": 1, ""SPY"": 0.7, ""TIP"": 2, ""TLT"": 1, ""TQQQ"": 1.5, ""VEA"": 1.5, ""VEU"": 2, ""VNQ"": 1.5, ""VTI"": 1, ""VWO"": 2}",0.03000000,tests/data/2026-08-24-net15,5,12M,0.00784760,0.02614339,0.00426549,0.01422454,47491.55486291,40000.00000000,7491.55486291,0.18728887,0.05459551,0.05561026,0.74128318,0.07569338,1.00587002,0.60540471,-0.09018018,507,2017,0.10436469,2015,-0.00643372,1037986.67929967,132.28795298,3.77504844,0.00330720,0.16372255,0.00000000,0.03930434,0.00000000,0.25153024,0.00000000,0.09055493,0.00000000,0.12468247,0.00000000,0.08094192,0.00000000,0.05231286,0.00000000,0.10091182,0.00000000,0.08815636,0.00000000
SPY12.5/IWM12.5/VEA12.5/VWO12.5/VNQ12.5/DBC12.5/IEF12.5/TLT12.5,sens,sens_2014-08-01,2014-08-01,2019-08-01,true,true,"{""*"": 6, ""ACWX"": 3, ""AGG"": 1, ""BIL"": 1, ""BND"": 1.5, ""BTAL"": 6, ""DBC"": 3, ""DBMF"": 3, ""EEM"": 1, ""EFA"": 1, ""IEF"": 1, ""IWM"": 1, ""KMLM"": 6, ""LQD"": 1.5, ""QQQ"": 1, ""SCZ"": 5, ""SHY"": 1, ""SPY"": 0.7, ""TIP"": 2, ""TLT"": 1, ""TQQQ"": 1.5, ""VEA"": 1.5, ""VEU"": 2, ""VNQ"": 1.5, ""VTI"": 1, ""VWO"": 2}",0.03000000,tests/data/2026-08-24-net15,,,0.01373512,0.03242053,0.00504553,0.01494446,46419.48432940,40000.00000000,6419.48432940,0.16048711,0.03947336,0.04818852,0.49426399,0.08591741,0.68819682,0.24462640,-0.16136182,479,2017,0.13731293,2018,-0.07810511,53931.32041662,8.05583222,0.20193825,0.00020140,,,0.12463449,0.12309648,0.12312224,0.11904063,0.12256501,0.11645371,0.12079144,0.11005554,0.12272957,0.11669751,0.12426541,0.12255574,0.12384088,0.12062149,0.12431240,0.12204258
ROT SPY top1 1-3-6-12U can TIP/1 fb best(BIL+IEF),sens,sens_2014-08-01,2014-08-01,2019-08-01,true,true,"{""*"": 6, ""ACWX"": 3, ""AGG"": 1, ""BIL"": 1, ""BND"": 1.5, ""BTAL"": 6, ""DBC"": 3, ""DBMF"": 3, ""EEM"": 1, ""EFA"": 1, ""IEF"": 1, ""IWM"": 1, ""KMLM"": 6, ""LQD"": 1.5, ""QQQ"": 1, ""SCZ"": 5, ""SHY"": 1, ""SPY"": 0.7, ""TIP"": 2, ""TLT"": 1, ""TQQQ"": 1.5, ""VEA"": 1.5, ""VEU"": 2, ""VNQ"": 1.5, ""VTI"": 1, ""VWO"": 2}",0.03000000,tests/data/2026-08-24-net15,,,0.00317082,0.01325875,0.00320156,0.01334101,55032.10160559,40000.00000000,15032.10160559,0.37580254,0.10230847,0.10374790,1.14704874,0.08847973,1.61249369,1.01445896,-0.10085028,180,2017,0.13939890,2015,0.01341601,1432811.93021523,123.97537992,4.70056918,0.00309938,0.18007580,0.00000000,,,0.19621148,0.00000000,,,0.62051115,0.00000000,,,,,,,,
SPY benchmark,sens,sens_2014-08-01,2014-08-01,2019-08-01,true,true,"{""*"": 6, ""ACWX"": 3, ""AGG"": 1, ""BIL"": 1, ""BND"": 1.5, ""BTAL"": 6, ""DBC"": 3, ""DBMF"": 3, ""EEM"": 1, ""EFA"": 1, ""IEF"": 1, ""IWM"": 1, ""KMLM"": 6, ""LQD"": 1.5, ""QQQ"": 1, ""SCZ"": 5, ""SHY"": 1, ""SPY"": 0.7, ""TIP"": 2, ""TLT"": 1, ""TQQQ"": 1.5, ""VEA"": 1.5, ""VEU"": 2, ""VNQ"": 1.5, ""VTI"": 1, ""VWO"": 2}",0.03000000,tests/data/2026-08-24-net15,,,0.00417362,0.01142976,0.00417488,0.01143062,56390.78164622,40000.00000000,16390.78164622,0.40976954,0.10757852,0.11175898,0.83653986,0.13291462,1.17305203,0.55476485,-0.19391733,204,2017,0.21291794,2018,-0.04797436,39850.44483428,2.78953114,0.12997485,0.00006974,,,,,,,,,0.99582512,0.98856938,,,,,,,,
ROT SPY+IWM+VEA+VWO+VNQ+DBC+IEF+TLT top3 1-3-6-12U can TIP/1 fb best(BIL+IEF),sens,sens_2015-02-02,2015-02-02,2020-01-31,false,true,"{""*"": 6, ""ACWX"": 3, ""AGG"": 1, ""BIL"": 1, ""BND"": 1.5, ""BTAL"": 6, ""DBC"": 3, ""DBMF"": 3, ""EEM"": 1, ""EFA"": 1, ""IEF"": 1, ""IWM"": 1, ""KMLM"": 6, ""LQD"": 1.5, ""QQQ"": 1, ""SCZ"": 5, ""SHY"": 1, ""SPY"": 0.7, ""TIP"": 2, ""TLT"": 1, ""TQQQ"": 1.5, ""VEA"": 1.5, ""VEU"": 2, ""VNQ"": 1.5, ""VTI"": 1, ""VWO"": 2}",0.03000000,tests/data/2026-08-24-net15,3,1-3-6-12U,0.00462381,0.02018661,0.00301342,0.01489276,45369.69679280,39500.00000000,5869.69679280,0.14859992,0.03312667,0.04433007,0.41961100,0.08667285,0.56288730,0.31562029,-0.10495735,519,2016,0.09400021,2015,-0.09499665,1370009.70800265,167.86608276,5.13200814,0.00424977,0.18308417,0.00000000,0.02775218,0.00000000,0.21036445,0.00000000,0.09367892,0.00000000,0.13200400,0.00000000,0.09922480,0.00000000,0.04992373,0.00000000,0.11611840,0.00000000,0.08317274,0.00000000
ROT SPY+IWM+VEA+VWO+VNQ+DBC+IEF+TLT top3 13612W can TIP/1 fb best(BIL+IEF),sens,sens_2015-02-02,2015-02-02,2020-01-31,false,true,"{""*"": 6, ""ACWX"": 3, ""AGG"": 1, ""BIL"": 1, ""BND"": 1.5, ""BTAL"": 6, ""DBC"": 3, ""DBMF"": 3, ""EEM"": 1, ""EFA"": 1, ""IEF"": 1, ""IWM"": 1, ""KMLM"": 6, ""LQD"": 1.5, ""QQQ"": 1, ""SCZ"": 5, ""SHY"": 1, ""SPY"": 0.7, ""TIP"": 2, ""TLT"": 1, ""TQQQ"": 1.5, ""VEA"": 1.5, ""VEU"": 2, ""VNQ"": 1.5, ""VTI"": 1, ""VWO"": 2}",0.03000000,tests/data/2026-08-24-net15,3,13612W,0.00455354,0.01999645,0.00313918,0.00921090,44746.61077482,39500.00000000,5246.61077482,0.13282559,0.02727850,0.03988994,0.36547351,0.08313602,0.49887399,0.23159243,-0.11778667,851,2018,0.11145717,2015,-0.09474614,1938358.51200023,244.59442644,7.27897887,0.00619226,0.23838585,0.00000000,0.05551605,0.00000000,0.15499155,0.00000000,0.10487096,0.00000000,0.11523380,0.00000000,0.06609542,0.00000000,0.05542165,0.00000000,0.09400498,0.00000000,0.11085111,0.00000000
ROT SPY+IWM+VEA+VWO+VNQ+DBC+IEF+TLT top3 12M can TIP/1 fb best(BIL+IEF),sens,sens_2015-02-02,2015-02-02,2020-01-31,false,true,"{""*"": 6, ""ACWX"": 3, ""AGG"": 1, ""BIL"": 1, ""BND"": 1.5, ""BTAL"": 6, ""DBC"": 3, ""DBMF"": 3, ""EEM"": 1, ""EFA"": 1, ""IEF"": 1, ""IWM"": 1, ""KMLM"": 6, ""LQD"": 1.5, ""QQQ"": 1, ""SCZ"": 5, ""SHY"": 1, ""SPY"": 0.7, ""TIP"": 2, ""TLT"": 1, ""TQQQ"": 1.5, ""VEA"": 1.5, ""VEU"": 2, ""VNQ"": 1.5, ""VTI"": 1, ""VWO"": 2}",0.03000000,tests/data/2026-08-24-net15,3,12M,0.00553367,0.02096712,0.00361341,0.01212587,46194.16988540,39500.00000000,6694.16988540,0.16947266,0.04046888,0.05011806,0.50874824,0.08515907,0.67819009,0.34433613,-0.11752724,516,2017,0.10925061,2015,-0.04634974,1039808.74901307,117.94334441,3.88732164,0.00298591,0.16641571,0.00000000,0.03329637,0.00000000,0.23237221,0.00000000,0.07712811,0.00000000,0.13701450,0.00000000,0.11010777,0.00000000,0.02772550,0.00000000,0.13276949,0.00000000,0.07760220,0.00000000
ROT SPY+IWM+VEA+VWO+VNQ+DBC+IEF+TLT top4 1-3-6-12U can TIP/1 fb best(BIL+IEF),sens,sens_2015-02-02,2015-02-02,2020-01-31,false,true,"{""*"": 6, ""ACWX"": 3, ""AGG"": 1, ""BIL"": 1, ""BND"": 1.5, ""BTAL"": 6, ""DBC"": 3, ""DBMF"": 3, ""EEM"": 1, ""EFA"": 1, ""IEF"": 1, ""IWM"": 1, ""KMLM"": 6, ""LQD"": 1.5, ""QQQ"": 1, ""SCZ"": 5, ""SHY"": 1, ""SPY"": 0.7, ""TIP"": 2, ""TLT"": 1, ""TQQQ"": 1.5, ""VEA"": 1.5, ""VEU"": 2, ""VNQ"": 1.5, ""VTI"": 1, ""VWO"": 2}",0.03000000,tests/data/2026-08-24-net15,4,1-3-6-12U,0.00675223,0.02509016,0.00384159,0.00969214,46954.17065219,39500.00000000,7454.17065219,0.18871318,0.04874193,0.05536827,0.64001985,0.07932029,0.86181320,0.50005725,-0.09747269,392,2017,0.11748792,2015,-0.05861696,1295681.65899834,163.47052865,4.67755991,0.00413849,0.18297402,0.00000000,0.04161915,0.00000000,0.22413401,0.00000000,0.09861004,0.00000000,0.13088268,0.00000000,0.08257188,0.00000000,0.05816240,0.00000000,0.09534416,0.00000000,0.07890069,0.00000000
ROT SPY+IWM+VEA+VWO+VNQ+DBC+IEF+TLT top4 13612W can TIP/1 fb best(BIL+IEF),sens,sens_2015-02-02,2015-02-02,2020-01-31,false,true,"{""*"": 6, ""ACWX"": 3, ""AGG"": 1, ""BIL"": 1, ""BND"": 1.5, ""BTAL"": 6, ""DBC"": 3, ""DBMF"": 3, ""EEM"": 1, ""EFA"": 1, ""IEF"": 1, ""IWM"": 1, ""KMLM"": 6, ""LQD"": 1.5, ""QQQ"": 1, ""SCZ"": 5, ""SHY"": 1, ""SPY"": 0.7, ""TIP"": 2, ""TLT"": 1, ""TQQQ"": 1.5, ""VEA"": 1.5, ""VEU"": 2, ""VNQ"": 1.5, ""VTI"": 1, ""VWO"": 2}",0.03000000,tests/data/2026-08-24-net15,4,13612W,0.00559208,0.01786056,0.00372233,0.00903393,45212.71507891,39500.00000000,5712.71507891,0.14462570,0.02904292,0.04321684,0.41649104,0.07564494,0.56797286,0.27748835,-0.10466358,947,2017,0.09339651,2015,-0.08894526,1736415.03287063,222.06912538,6.56971256,0.00562200,0.24125436,0.00000000,0.06243735,0.00000000,0.17014961,0.00000000,0.09076293,0.00000000,0.11056492,0.00000000,0.06996820,0.00000000,0.07068472,0.00000000,0.07456451,0.00000000,0.10395126,0.00000000
ROT SPY+IWM+VEA+VWO+VNQ+DBC+IEF+TLT top4 12M can TIP/1 fb best(BIL+IEF),sens,sens_2015-02-02,2015-02-02,2020-01-31,false,true,"{""*"": 6, ""ACWX"": 3, ""AGG"": 1, ""BIL"": 1, ""BND"": 1.5, ""BTAL"": 6, ""DBC"": 3, ""DBMF"": 3, ""EEM"": 1, ""EFA"": 1, ""IEF"": 1, ""IWM"": 1, ""KMLM"": 6, ""LQD"": 1.5, ""QQQ"": 1, ""SCZ"": 5, ""SHY"": 1, ""SPY"": 0.7, ""TIP"": 2, ""TLT"": 1, ""TQQQ"": 1.5, ""VEA"": 1.5, ""VEU"": 2, ""VNQ"": 1.5, ""VTI"": 1, ""VWO"": 2}",0.03000000,tests/data/2026-08-24-net15,4,12M,0.00696489,0.02509016,0.00405665,0.00985092,46881.91416964,39500.00000000,7381.91416964,0.18688390,0.04334106,0.05487255,0.57775743,0.07886610,0.76843886,0.43535478,-0.09955342,497,2019,0.11251711,2015,-0.05580179,912356.14868342,108.03497574,3.40179478,0.00273506,0.16641215,0.00000000,0.03746361,0.00000000,0.24891441,0.00000000,0.07836153,0.00000000,0.15537036,0.00000000,0.08651948,0.00000000,0.04574181,0.00000000,0.09944222,0.00000000,0.07477623,0.00000000
ROT SPY+IWM+VEA+VWO+VNQ+DBC+IEF+TLT top5 1-3-6-12U can TIP/1 fb best(BIL+IEF),sens,sens_2015-02-02,2015-02-02,2020-01-31,false,true,"{""*"": 6, ""ACWX"": 3, ""AGG"": 1, ""BIL"": 1, ""BND"": 1.5, ""BTAL"": 6, ""DBC"": 3, ""DBMF"": 3, ""EEM"": 1, ""EFA"": 1, ""IEF"": 1, ""IWM"": 1, ""KMLM"": 6, ""LQD"": 1.5, ""QQQ"": 1, ""SCZ"": 5, ""SHY"": 1, ""SPY"": 0.7, ""TIP"": 2, ""TLT"": 1, ""TQQQ"": 1.5, ""VEA"": 1.5, ""VEU"": 2, ""VNQ"": 1.5, ""VTI"": 1, ""VWO"": 2}",0.03000000,tests/data/2026-08-24-net15,5,1-3-6-12U,0.00741802,0.02343209,0.00419817,0.01149268,46273.15695799,39500.00000000,6773.15695799,0.17147233,0.04512024,0.05066747,0.64103026,0.07304561,0.86622248,0.50307742,-0.08968847,426,2017,0.09926783,2015,-0.04242468,1256196.25271914,154.45542027,4.61067254,0.00391026,0.18632595,0.00000000,0.04662590,0.00000000,0.22574575,0.00000000,0.10220162,0.00000000,0.12364967,0.00000000,0.08247496,0.00000000,0.06647427,0.00000000,0.08928568,0.00000000,0.06975175,0.00000000
ROT SPY+IWM+VEA+VWO+VNQ+DBC+IEF+TLT top5 13612W can TIP/1 fb best(BIL+IEF),sens,sens_2015-02-02,2015-02-02,2020-01-31,false,true,"{""*"": 6, ""ACWX"": 3, ""AGG"": 1, ""BIL"": 1, ""BND"": 1.5, ""BTAL"": 6, ""DBC"": 3, ""DBMF"": 3, ""EEM"": 1, ""EFA"": 1, ""IEF"": 1, ""IWM"": 1, ""KMLM"": 6, ""LQD"": 1.5, ""QQQ"": 1, ""SCZ"": 5, ""SHY"": 1, ""SPY"": 0.7, ""TIP"": 2, ""TLT"": 1, ""TQQQ"": 1.5, ""VEA"": 1.5, ""VEU"": 2, ""VNQ"": 1.5, ""VTI"": 1, ""VWO"": 2}",0.03000000,tests/data/2026-08-24-net15,5,13612W,0.00618056,0.01851155,0.00341387,0.00926899,44883.64321717,39500.00000000,5383.64321717,0.13629476,0.03052501,0.04087141,0.46343306,0.07023664,0.63422806,0.37249856,-0.08194665,554,2017,0.07709195,2015,-0.06746163,1643085.80934391,208.45180663,6.20145654,0.00527726,0.24613638,0.00000000,0.05656896,0.00000000,0.19252265,0.00000000,0.08545437,0.00000000,0.10137395,0.00000000,0.06935417,0.00000000,0.07971842,0.00000000,0.07959772,0.00000000,0.08302677,0.00000000
ROT SPY+IWM+VEA+VWO+VNQ+DBC+IEF+TLT top5 12M can TIP/1 fb best(BIL+IEF),sens,sens_2015-02-02,2015-02-02,2020-01-31,false,true,"{""*"": 6, ""ACWX"": 3, ""AGG"": 1, ""BIL"": 1, ""BND"": 1.5, ""BTAL"": 6, ""DBC"": 3, ""DBMF"": 3, ""EEM"": 1, ""EFA"": 1, ""IEF"": 1, ""IWM"": 1, ""KMLM"": 6, ""LQD"": 1.5, ""QQQ"": 1, ""SCZ"": 5, ""SHY"": 1, ""SPY"": 0.7, ""TIP"": 2, ""TLT"": 1, ""TQQQ"": 1.5, ""VEA"": 1.5, ""VEU"": 2, ""VNQ"": 1.5, ""VTI"": 1, ""VWO"": 2}",0.03000000,tests/data/2026-08-24-net15,5,12M,0.00728517,0.02788787,0.00387568,0.01118668,46644.91719704,39500.00000000,7144.91719704,0.18088398,0.04641731,0.05324157,0.64778140,0.07434974,0.86797425,0.51682335,-0.08981271,507,2019,0.11165959,2015,-0.03891662,961244.19345445,123.58847149,3.53859036,0.00312882,0.16650030,0.00000000,0.03995992,0.00000000,0.26541422,0.00000000,0.08222106,0.00000000,0.12405207,0.00000000,0.07907483,0.00000000,0.05317766,0.00000000,0.09928490,0.00000000,0.08299464,0.00000000
SPY12.5/IWM12.5/VEA12.5/VWO12.5/VNQ12.5/DBC12.5/IEF12.5/TLT12.5,sens,sens_2015-02-02,2015-02-02,2020-01-31,true,true,"{""*"": 6, ""ACWX"": 3, ""AGG"": 1, ""BIL"": 1, ""BND"": 1.5, ""BTAL"": 6, ""DBC"": 3, ""DBMF"": 3, ""EEM"": 1, ""EFA"": 1, ""IEF"": 1, ""IWM"": 1, ""KMLM"": 6, ""LQD"": 1.5, ""QQQ"": 1, ""SCZ"": 5, ""SHY"": 1, ""SPY"": 0.7, ""TIP"": 2, ""TLT"": 1, ""TQQQ"": 1.5, ""VEA"": 1.5, ""VEU"": 2, ""VNQ"": 1.5, ""VTI"": 1, ""VWO"": 2}",0.03000000,tests/data/2026-08-24-net15,,,0.01422767,0.03919783,0.00510948,0.01321852,47613.52099289,39500.00000000,8113.52099289,0.20540559,0.04856905,0.05985912,0.59962944,0.08518201,0.83400352,0.30134620,-0.16117359,479,2019,0.20197140,2018,-0.07784486,53551.47363322,7.86244844,0.19769449,0.00019905,,,0.12467645,0.12376315,0.12294910,0.11836829,0.12205974,0.11661241,0.12088743,0.11178148,0.12305938,0.11524464,0.12432476,0.12285148,0.12352488,0.11991276,0.12428721,0.12271732
ROT SPY top1 1-3-6-12U can TIP/1 fb best(BIL+IEF),sens,sens_2015-02-02,2015-02-02,2020-01-31,true,true,"{""*"": 6, ""ACWX"": 3, ""AGG"": 1, ""BIL"": 1, ""BND"": 1.5, ""BTAL"": 6, ""DBC"": 3, ""DBMF"": 3, ""EEM"": 1, ""EFA"": 1, ""IEF"": 1, ""IWM"": 1, ""KMLM"": 6, ""LQD"": 1.5, ""QQQ"": 1, ""SCZ"": 5, ""SHY"": 1, ""SPY"": 0.7, ""TIP"": 2, ""TLT"": 1, ""TQQQ"": 1.5, ""VEA"": 1.5, ""VEU"": 2, ""VNQ"": 1.5, ""VTI"": 1, ""VWO"": 2}",0.03000000,tests/data/2026-08-24-net15,,,0.00355163,0.01370636,0.00358010,0.01370745,57200.44937659,39500.00000000,17700.44937659,0.44811264,0.11289751,0.11934951,1.22102121,0.09106123,1.68830899,1.12343949,-0.10049274,180,2019,0.15386724,2020,-0.00039856,1215891.24956218,105.17010812,3.96662373,0.00266253,0.18310968,0.00000000,,,0.18286063,0.00000000,,,0.63044960,0.00000000,,,,,,,,
SPY benchmark,sens,sens_2015-02-02,2015-02-02,2020-01-31,true,true,"{""*"": 6, ""ACWX"": 3, ""AGG"": 1, ""BIL"": 1, ""BND"": 1.5, ""BTAL"": 6, ""DBC"": 3, ""DBMF"": 3, ""EEM"": 1, ""EFA"": 1, ""IEF"": 1, ""IWM"": 1, ""KMLM"": 6, ""LQD"": 1.5, ""QQQ"": 1, ""SCZ"": 5, ""SHY"": 1, ""SPY"": 0.7, ""TIP"": 2, ""TLT"": 1, ""TQQQ"": 1.5, ""VEA"": 1.5, ""VEU"": 2, ""VNQ"": 1.5, ""VTI"": 1, ""VWO"": 2}",0.03000000,tests/data/2026-08-24-net15,,,0.00389532,0.01370636,0.00389659,0.01370745,58414.08257023,39500.00000000,18914.08257023,0.47883753,0.11612405,0.12621189,0.89379930,0.13288066,1.24233839,0.59900589,-0.19386128,204,2019,0.30827267,2018,-0.04814720,39384.33677672,2.75690357,0.12765071,0.00006980,,,,,,,,,0.99610341,0.98629255,,,,,,,,
ROT SPY+IWM+VEA+VWO+VNQ+DBC+IEF+TLT top3 1-3-6-12U can TIP/1 fb best(BIL+IEF),sens,sens_2015-08-03,2015-08-03,2020-07-31,false,true,"{""*"": 6, ""ACWX"": 3, ""AGG"": 1, ""BIL"": 1, ""BND"": 1.5, ""BTAL"": 6, ""DBC"": 3, ""DBMF"": 3, ""EEM"": 1, ""EFA"": 1, ""IEF"": 1, ""IWM"": 1, ""KMLM"": 6, ""LQD"": 1.5, ""QQQ"": 1, ""SCZ"": 5, ""SHY"": 1, ""SPY"": 0.7, ""TIP"": 2, ""TLT"": 1, ""TQQQ"": 1.5, ""VEA"": 1.5, ""VEU"": 2, ""VNQ"": 1.5, ""VTI"": 1, ""VWO"": 2}",0.03000000,tests/data/2026-08-24-net15,3,1-3-6-12U,0.00473384,0.01290046,0.00333456,0.00832046,49348.77687437,39500.00000000,9848.77687437,0.24933612,0.06949531,0.07143789,0.75830126,0.09454902,1.04337547,0.63362433,-0.10967905,179,2016,0.09364707,2015,-0.00300266,1314008.47316972,160.77121382,4.67464874,0.00407016,0.16637699,0.00000000,0.02774688,0.00000000,0.22704708,0.00000000,0.08841953,0.00000000,0.14259129,0.00000000,0.11586152,0.00000000,0.04434208,0.00000000,0.10522198,0.00000000,0.07761120,0.00000000
ROT SPY+IWM+VEA+VWO+VNQ+DBC+IEF+TLT top3 13612W can TIP/1 fb best(BIL+IEF),sens,sens_2015-08-03,2015-08-03,2020-07-31,false,true,"{""*"": 6, ""ACWX"": 3, ""AGG"": 1, ""BIL"": 1, ""BND"": 1.5, ""BTAL"": 6, ""DBC"": 3, ""DBMF"": 3, ""EEM"": 1, ""EFA"": 1, ""IEF"": 1, ""IWM"": 1, ""KMLM"": 6, ""LQD"": 1.5, ""QQQ"": 1, ""SCZ"": 5, ""SHY"": 1, ""SPY"": 0.7, ""TIP"": 2, ""TLT"": 1, ""TQQQ"": 1.5, ""VEA"": 1.5, ""VEU"": 2, ""VNQ"": 1.5, ""VTI"": 1, ""VWO"": 2}",0.03000000,tests/data/2026-08-24-net15,3,13612W,0.00441639,0.01305105,0.00309598,0.00761890,51233.28008927,39500.00000000,11733.28008927,0.29704507,0.07517353,0.08356242,0.81972302,0.09383662,1.17376033,0.86315444,-0.08709163,144,2018,0.11153693,2015,0.00159017,1917098.87933380,242.04451404,6.79838060,0.00612771,0.20512997,0.00000000,0.05550847,0.00000000,0.17717641,0.00000000,0.10481402,0.00000000,0.13196093,0.00000000,0.07715240,0.00000000,0.04990098,0.00000000,0.08298537,0.00000000,0.11088552,0.00000000
ROT SPY+IWM+VEA+VWO+VNQ+DBC+IEF+TLT top3 12M can TIP/1 fb best(BIL+IEF),sens,sens_2015-08-03,2015-08-03,2020-07-31,false,true,"{""*"": 6, ""ACWX"": 3, ""AGG"": 1, ""BIL"": 1, ""BND"": 1.5, ""BTAL"": 6, ""DBC"": 3, ""DBMF"": 3, ""EEM"": 1, ""EFA"": 1, ""IEF"": 1, ""IWM"": 1, ""KMLM"": 6, ""LQD"": 1.5, ""QQQ"": 1, ""SCZ"": 5, ""SHY"": 1, ""SPY"": 0.7, ""TIP"": 2, ""TLT"": 1, ""TQQQ"": 1.5, ""VEA"": 1.5, ""VEU"": 2, ""VNQ"": 1.5, ""VTI"": 1, ""VWO"": 2}",0.03000000,tests/data/2026-08-24-net15,3,12M,0.00485826,0.01339997,0.00315904,0.00702913,47075.74090522,39500.00000000,7575.74090522,0.19179091,0.05449299,0.05622596,0.63343289,0.09026220,0.83118757,0.37056232,-0.14705487,,2017,0.10954194,2015,-0.00300266,1037847.36814803,116.00402490,3.77705642,0.00293681,0.16643345,0.00000000,0.03331319,0.00000000,0.23226661,0.00000000,0.07717848,0.00000000,0.14290362,0.00000000,0.12149748,0.00000000,0.02771148,0.00000000,0.11618145,0.00000000,0.07762114,0.00000000
ROT SPY+IWM+VEA+VWO+VNQ+DBC+IEF+TLT top4 1-3-6-12U can TIP/1 fb best(BIL+IEF),sens,sens_2015-08-03,2015-08-03,2020-07-31,false,true,"{""*"": 6, ""ACWX"": 3, ""AGG"": 1, ""BIL"": 1, ""BND"": 1.5, ""BTAL"": 6, ""DBC"": 3, ""DBMF"": 3, ""EEM"": 1, ""EFA"": 1, ""IEF"": 1, ""IWM"": 1, ""KMLM"": 6, ""LQD"": 1.5, ""QQQ"": 1, ""SCZ"": 5, ""SHY"": 1, ""SPY"": 0.7, ""TIP"": 2, ""TLT"": 1, ""TQQQ"": 1.5, ""VEA"": 1.5, ""VEU"": 2, ""VNQ"": 1.5, ""VTI"": 1, ""VWO"": 2}",0.03000000,tests/data/2026-08-24-net15,4,1-3-6-12U,0.00606371,0.02158528,0.00364160,0.01006051,51339.92295066,39500.00000000,11839.92295066,0.29974488,0.08125983,0.08423609,0.95139571,0.08605797,1.32102971,0.83272392,-0.09758316,342,2017,0.11749910,2015,-0.00300266,1249499.32456415,158.18713592,4.34176874,0.00400474,0.16639918,0.00000000,0.04162278,0.00000000,0.24911908,0.00000000,0.08644621,0.00000000,0.13523013,0.00000000,0.09500418,0.00000000,0.05401043,0.00000000,0.08712336,0.00000000,0.07893613,0.00000000
ROT SPY+IWM+VEA+VWO+VNQ+DBC+IEF+TLT top4 13612W can TIP/1 fb best(BIL+IEF),sens,sens_2015-08-03,2015-08-03,2020-07-31,false,true,"{""*"": 6, ""ACWX"": 3, ""AGG"": 1, ""BIL"": 1, ""BND"": 1.5, ""BTAL"": 6, ""DBC"": 3, ""DBMF"": 3, ""EEM"": 1, ""EFA"": 1, ""IEF"": 1, ""IWM"": 1, ""KMLM"": 6, ""LQD"": 1.5, ""QQQ"": 1, ""SCZ"": 5, ""SHY"": 1, ""SPY"": 0.7, ""TIP"": 2, ""TLT"": 1, ""TQQQ"": 1.5, ""VEA"": 1.5, ""VEU"": 2, ""VNQ"": 1.5, ""VTI"": 1, ""VWO"": 2}",0.03000000,tests/data/2026-08-24-net15,4,13612W,0.00613664,0.02383682,0.00377139,0.01168618,51227.56254188,39500.00000000,11727.56254188,0.29690032,0.07366079,0.08352627,0.84316919,0.08903845,1.19333041,0.76157726,-0.09672137,138,2017,0.09360954,2015,0.00159017,1728530.05871448,220.84192678,6.18285164,0.00559093,0.20785260,0.00000000,0.05824368,0.00000000,0.18269088,0.00000000,0.09868223,0.00000000,0.12287676,0.00000000,0.07840280,0.00000000,0.07065042,0.00000000,0.07050834,0.00000000,0.10389147,0.00000000
ROT SPY+IWM+VEA+VWO+VNQ+DBC+IEF+TLT top4 12M can TIP/1 fb best(BIL+IEF),sens,sens_2015-08-03,2015-08-03,2020-07-31,false,true,"{""*"": 6, ""ACWX"": 3, ""AGG"": 1, ""BIL"": 1, ""BND"": 1.5, ""BTAL"": 6, ""DBC"": 3, ""DBMF"": 3, ""EEM"": 1, ""EFA"": 1, ""IEF"": 1, ""IWM"": 1, ""KMLM"": 6, ""LQD"": 1.5, ""QQQ"": 1, ""SCZ"": 5, ""SHY"": 1, ""SPY"": 0.7, ""TIP"": 2, ""TLT"": 1, ""TQQQ"": 1.5, ""VEA"": 1.5, ""VEU"": 2, ""VNQ"": 1.5, ""VTI"": 1, ""VWO"": 2}",0.03000000,tests/data/2026-08-24-net15,4,12M,0.00665769,0.02164616,0.00380853,0.01019199,45767.64863703,39500.00000000,6267.64863703,0.15867465,0.04987614,0.04715729,0.58051773,0.09107592,0.74345023,0.28265253,-0.17645744,,2019,0.11185542,2020,-0.03387623,900813.20701656,104.64929999,3.26614651,0.00264935,0.16640138,0.00000000,0.03747559,0.00000000,0.25314396,0.00000000,0.07821310,0.00000000,0.15969400,0.00000000,0.09491224,0.00000000,0.04575444,0.00000000,0.09122118,0.00000000,0.06649475,0.00000000
ROT SPY+IWM+VEA+VWO+VNQ+DBC+IEF+TLT top5 1-3-6-12U can TIP/1 fb best(BIL+IEF),sens,sens_2015-08-03,2015-08-03,2020-07-31,false,true,"{""*"": 6, ""ACWX"": 3, ""AGG"": 1, ""BIL"": 1, ""BND"": 1.5, ""BTAL"": 6, ""DBC"": 3, ""DBMF"": 3, ""EEM"": 1, ""EFA"": 1, ""IEF"": 1, ""IWM"": 1, ""KMLM"": 6, ""LQD"": 1.5, ""QQQ"": 1, ""SCZ"": 5, ""SHY"": 1, ""SPY"": 0.7, ""TIP"": 2, ""TLT"": 1, ""TQQQ"": 1.5, ""VEA"": 1.5, ""VEU"": 2, ""VNQ"": 1.5, ""VTI"": 1, ""VWO"": 2}",0.03000000,tests/data/2026-08-24-net15,5,1-3-6-12U,0.00697509,0.02347064,0.00381752,0.00967619,49463.21453903,39500.00000000,9963.21453903,0.25223328,0.06919489,0.07218635,0.87223772,0.08045834,1.20931669,0.76721644,-0.09018953,426,2017,0.09869275,2015,-0.00300266,1204188.41856537,147.67285134,4.29421481,0.00373855,0.16963630,0.00000000,0.04658893,0.00000000,0.25232958,0.00000000,0.09225210,0.00000000,0.12419370,0.00000000,0.08904079,0.00000000,0.06647701,0.00000000,0.08268971,0.00000000,0.06977344,0.00000000
ROT SPY+IWM+VEA+VWO+VNQ+DBC+IEF+TLT top5 13612W can TIP/1 fb best(BIL+IEF),sens,sens_2015-08-03,2015-08-03,2020-07-31,false,true,"{""*"": 6, ""ACWX"": 3, ""AGG"": 1, ""BIL"": 1, ""BND"": 1.5, ""BTAL"": 6, ""DBC"": 3, ""DBMF"": 3, ""EEM"": 1, ""EFA"": 1, ""IEF"": 1, ""IWM"": 1, ""KMLM"": 6, ""LQD"": 1.5, ""QQQ"": 1, ""SCZ"": 5, ""SHY"": 1, ""SPY"": 0.7, ""TIP"": 2, ""TLT"": 1, ""TQQQ"": 1.5, ""VEA"": 1.5, ""VEU"": 2, ""VNQ"": 1.5, ""VTI"": 1, ""VWO"": 2}",0.03000000,tests/data/2026-08-24-net15,5,13612W,0.00691097,0.02190812,0.00393064,0.01175381,50902.64226634,39500.00000000,11402.64226634,0.28867449,0.07169324,0.08146547,0.88429582,0.08215683,1.24866308,0.86724887,-0.08266744,131,2020,0.08576709,2015,0.00159017,1599881.36853495,203.33852176,5.76624784,0.00514781,0.21288893,0.00000000,0.05324839,0.00000000,0.20936450,0.00000000,0.08870785,0.00000000,0.11076171,0.00000000,0.07917444,0.00000000,0.07971190,0.00000000,0.07612478,0.00000000,0.08304608,0.00000000
ROT SPY+IWM+VEA+VWO+VNQ+DBC+IEF+TLT top5 12M can TIP/1 fb best(BIL+IEF),sens,sens_2015-08-03,2015-08-03,2020-07-31,false,true,"{""*"": 6, ""ACWX"": 3, ""AGG"": 1, ""BIL"": 1, ""BND"": 1.5, ""BTAL"": 6, ""DBC"": 3, ""DBMF"": 3, ""EEM"": 1, ""EFA"": 1, ""IEF"": 1, ""IWM"": 1, ""KMLM"": 6, ""LQD"": 1.5, ""QQQ"": 1, ""SCZ"": 5, ""SHY"": 1, ""SPY"": 0.7, ""TIP"": 2, ""TLT"": 1, ""TQQQ"": 1.5, ""VEA"": 1.5, ""VEU"": 2, ""VNQ"": 1.5, ""VTI"": 1, ""VWO"": 2}",0.03000000,tests/data/2026-08-24-net15,5,12M,0.00690417,0.01825443,0.00371527,0.00838580,43479.58193392,39500.00000000,3979.58193392,0.10074891,0.04025070,0.03069266,0.47008386,0.09334007,0.59326005,0.18781827,-0.21430664,,2019,0.11146895,2020,-0.08335065,955524.19539428,122.22416515,3.47028512,0.00309428,0.16637830,0.00000000,0.03994465,0.00000000,0.27226629,0.00000000,0.07583586,0.00000000,0.12739938,0.00000000,0.08561498,0.00000000,0.05648652,0.00000000,0.09272639,0.00000000,0.07640843,0.00000000
SPY12.5/IWM12.5/VEA12.5/VWO12.5/VNQ12.5/DBC12.5/IEF12.5/TLT12.5,sens,sens_2015-08-03,2015-08-03,2020-07-31,true,true,"{""*"": 6, ""ACWX"": 3, ""AGG"": 1, ""BIL"": 1, ""BND"": 1.5, ""BTAL"": 6, ""DBC"": 3, ""DBMF"": 3, ""EEM"": 1, ""EFA"": 1, ""IEF"": 1, ""IWM"": 1, ""KMLM"": 6, ""LQD"": 1.5, ""QQQ"": 1, ""SCZ"": 5, ""SHY"": 1, ""SPY"": 0.7, ""TIP"": 2, ""TLT"": 1, ""TQQQ"": 1.5, ""VEA"": 1.5, ""VEU"": 2, ""VNQ"": 1.5, ""VTI"": 1, ""VWO"": 2}",0.03000000,tests/data/2026-08-24-net15,,,0.01480075,0.03991628,0.00567735,0.01714740,47275.75249800,39500.00000000,7775.75249800,0.19685449,0.05348192,0.05759174,0.49721264,0.11926441,0.65099397,0.21576434,-0.24787189,,2019,0.20096164,2018,-0.07789242,60272.79533916,8.75092754,0.21867106,0.00022154,,,0.12475201,0.12397366,0.12300739,0.11708959,0.12229180,0.11752627,0.11994764,0.10785260,0.12278645,0.11728779,0.12442420,0.12274635,0.12373376,0.12031221,0.12425252,0.12289371
ROT SPY top1 1-3-6-12U can TIP/1 fb best(BIL+IEF),sens,sens_2015-08-03,2015-08-03,2020-07-31,true,true,"{""*"": 6, ""ACWX"": 3, ""AGG"": 1, ""BIL"": 1, ""BND"": 1.5, ""BTAL"": 6, ""DBC"": 3, ""DBMF"": 3, ""EEM"": 1, ""EFA"": 1, ""IEF"": 1, ""IWM"": 1, ""KMLM"": 6, ""LQD"": 1.5, ""QQQ"": 1, ""SCZ"": 5, ""SHY"": 1, ""SPY"": 0.7, ""TIP"": 2, ""TLT"": 1, ""TQQQ"": 1.5, ""VEA"": 1.5, ""VEU"": 2, ""VNQ"": 1.5, ""VTI"": 1, ""VWO"": 2}",0.03000000,tests/data/2026-08-24-net15,,,0.00380379,0.01148279,0.00383069,0.01148360,59133.84149493,39500.00000000,19633.84149493,0.49705928,0.12250024,0.13027660,1.13117935,0.10734082,1.51595861,0.91277010,-0.13420711,107,2019,0.15354389,2015,-0.00300266,1201783.57243832,103.35299346,3.87791282,0.00261653,0.16638694,0.00000000,,,0.19947699,0.00000000,,,0.63030538,0.00000000,,,,,,,,
SPY benchmark,sens,sens_2015-08-03,2015-08-03,2020-07-31,true,true,"{""*"": 6, ""ACWX"": 3, ""AGG"": 1, ""BIL"": 1, ""BND"": 1.5, ""BTAL"": 6, ""DBC"": 3, ""DBMF"": 3, ""EEM"": 1, ""EFA"": 1, ""IEF"": 1, ""IWM"": 1, ""KMLM"": 6, ""LQD"": 1.5, ""QQQ"": 1, ""SCZ"": 5, ""SHY"": 1, ""SPY"": 0.7, ""TIP"": 2, ""TLT"": 1, ""TQQQ"": 1.5, ""VEA"": 1.5, ""VEU"": 2, ""VNQ"": 1.5, ""VTI"": 1, ""VWO"": 2}",0.03000000,tests/data/2026-08-24-net15,,,0.00386416,0.01131653,0.00386543,0.01135114,57181.94879933,39500.00000000,17681.94879933,0.44764427,0.11096904,0.11929578,0.64986098,0.18994732,0.89140297,0.32934188,-0.33694177,,2019,0.30739197,2018,-0.04832282,39260.79290882,2.74825550,0.12734461,0.00006958,,,,,,,,,0.99613457,0.98864886,,,,,,,,
ROT SPY+IWM+VEA+VWO+VNQ+DBC+IEF+TLT top3 1-3-6-12U can TIP/1 fb best(BIL+IEF),sens,sens_2016-02-01,2016-02-01,2021-02-01,false,true,"{""*"": 6, ""ACWX"": 3, ""AGG"": 1, ""BIL"": 1, ""BND"": 1.5, ""BTAL"": 6, ""DBC"": 3, ""DBMF"": 3, ""EEM"": 1, ""EFA"": 1, ""IEF"": 1, ""IWM"": 1, ""KMLM"": 6, ""LQD"": 1.5, ""QQQ"": 1, ""SCZ"": 5, ""SHY"": 1, ""SPY"": 0.7, ""TIP"": 2, ""TLT"": 1, ""TQQQ"": 1.5, ""VEA"": 1.5, ""VEU"": 2, ""VNQ"": 1.5, ""VTI"": 1, ""VWO"": 2}",0.03000000,tests/data/2026-08-24-net15,3,1-3-6-12U,0.00615624,0.02141442,0.00413834,0.01333858,59631.23374956,40000.00000000,19631.23374956,0.49078084,0.11029297,0.12998211,1.04500240,0.10560212,1.47011677,1.00735834,-0.10948733,179,2020,0.24399167,2021,0.04487443,1270198.58931092,155.77627821,4.44411159,0.00389441,0.16357881,0.00000000,0.02730576,0.00000000,0.12502879,0.00000000,0.11392222,0.00000000,0.17218978,0.00000000,0.11937006,0.00000000,0.05452326,0.00000000,0.10335984,0.00000000,0.11451583,0.00000000
ROT SPY+IWM+VEA+VWO+VNQ+DBC+IEF+TLT top3 13612W can TIP/1 fb best(BIL+IEF),sens,sens_2016-02-01,2016-02-01,2021-02-01,false,true,"{""*"": 6, ""ACWX"": 3, ""AGG"": 1, ""BIL"": 1, ""BND"": 1.5, ""BTAL"": 6, ""DBC"": 3, ""DBMF"": 3, ""EEM"": 1, ""EFA"": 1, ""IEF"": 1, ""IWM"": 1, ""KMLM"": 6, ""LQD"": 1.5, ""QQQ"": 1, ""SCZ"": 5, ""SHY"": 1, ""SPY"": 0.7, ""TIP"": 2, ""TLT"": 1, ""TQQQ"": 1.5, ""VEA"": 1.5, ""VEU"": 2, ""VNQ"": 1.5, ""VTI"": 1, ""VWO"": 2}",0.03000000,tests/data/2026-08-24-net15,3,13612W,0.00543912,0.02120345,0.00370971,0.01489264,61303.97081666,40000.00000000,21303.97081666,0.53259927,0.11876587,0.13911232,1.11028962,0.10631219,1.60870701,1.36190516,-0.08720569,144,2020,0.25885785,2016,0.03323576,1854538.35869676,236.70308980,6.35907488,0.00591758,0.16897527,0.00000000,0.06002436,0.00000000,0.10896658,0.00000000,0.13002125,0.00000000,0.15084143,0.00000000,0.08148143,0.00000000,0.06542293,0.00000000,0.08162709,0.00000000,0.14713124,0.00000000
ROT SPY+IWM+VEA+VWO+VNQ+DBC+IEF+TLT top3 12M can TIP/1 fb best(BIL+IEF),sens,sens_2016-02-01,2016-02-01,2021-02-01,false,true,"{""*"": 6, ""ACWX"": 3, ""AGG"": 1, ""BIL"": 1, ""BND"": 1.5, ""BTAL"": 6, ""DBC"": 3, ""DBMF"": 3, ""EEM"": 1, ""EFA"": 1, ""IEF"": 1, ""IWM"": 1, ""KMLM"": 6, ""LQD"": 1.5, ""QQQ"": 1, ""SCZ"": 5, ""SHY"": 1, ""SPY"": 0.7, ""TIP"": 2, ""TLT"": 1, ""TQQQ"": 1.5, ""VEA"": 1.5, ""VEU"": 2, ""VNQ"": 1.5, ""VTI"": 1, ""VWO"": 2}",0.03000000,tests/data/2026-08-24-net15,3,12M,0.00583140,0.01389902,0.00407195,0.01149060,49355.76426118,40000.00000000,9355.76426118,0.23389411,0.06212081,0.06804740,0.68945829,0.09395513,0.91037458,0.42141370,-0.14741051,193,2017,0.10927814,2016,-0.00994866,1062258.80634747,124.30389065,3.85717086,0.00310760,0.16368038,0.00000000,0.03275038,0.00000000,0.14136203,0.00000000,0.08664658,0.00000000,0.17781824,0.00000000,0.15208844,0.00000000,0.02724553,0.00000000,0.11438192,0.00000000,0.09815682,0.00000000
ROT SPY+IWM+VEA+VWO+VNQ+DBC+IEF+TLT top4 1-3-6-12U can TIP/1 fb best(BIL+IEF),sens,sens_2016-02-01,2016-02-01,2021-02-01,false,true,"{""*"": 6, ""ACWX"": 3, ""AGG"": 1, ""BIL"": 1, ""BND"": 1.5, ""BTAL"": 6, ""DBC"": 3, ""DBMF"": 3, ""EEM"": 1, ""EFA"": 1, ""IEF"": 1, ""IWM"": 1, ""KMLM"": 6, ""LQD"": 1.5, ""QQQ"": 1, ""SCZ"": 5, ""SHY"": 1, ""SPY"": 0.7, ""TIP"": 2, ""TLT"": 1, ""TQQQ"": 1.5, ""VEA"": 1.5, ""VEU"": 2, ""VNQ"": 1.5, ""VTI"": 1, ""VWO"": 2}",0.03000000,tests/data/2026-08-24-net15,4,1-3-6-12U,0.00735562,0.02676022,0.00447496,0.01113388,58529.00734564,40000.00000000,18529.00734564,0.46322518,0.10997277,0.12383576,1.12888336,0.09670262,1.58019495,1.12498998,-0.09775445,392,2020,0.20903337,2021,0.03650631,1211453.50060571,154.17127768,4.15056072,0.00385428,0.16358670,0.00000000,0.04503511,0.00000000,0.15491925,0.00000000,0.10952891,0.00000000,0.15677334,0.00000000,0.09743500,0.00000000,0.07357061,0.00000000,0.08551447,0.00000000,0.10623440,0.00000000
ROT SPY+IWM+VEA+VWO+VNQ+DBC+IEF+TLT top4 13612W can TIP/1 fb best(BIL+IEF),sens,sens_2016-02-01,2016-02-01,2021-02-01,false,true,"{""*"": 6, ""ACWX"": 3, ""AGG"": 1, ""BIL"": 1, ""BND"": 1.5, ""BTAL"": 6, ""DBC"": 3, ""DBMF"": 3, ""EEM"": 1, ""EFA"": 1, ""IEF"": 1, ""IWM"": 1, ""KMLM"": 6, ""LQD"": 1.5, ""QQQ"": 1, ""SCZ"": 5, ""SHY"": 1, ""SPY"": 0.7, ""TIP"": 2, ""TLT"": 1, ""TQQQ"": 1.5, ""VEA"": 1.5, ""VEU"": 2, ""VNQ"": 1.5, ""VTI"": 1, ""VWO"": 2}",0.03000000,tests/data/2026-08-24-net15,4,13612W,0.00642123,0.01879504,0.00399726,0.01101587,59741.11358713,40000.00000000,19741.11358713,0.49352784,0.11127704,0.13058907,1.10468769,0.10019268,1.57193450,1.14671162,-0.09704013,138,2020,0.23291103,2016,0.03326853,1662033.44317551,218.34873222,5.74197919,0.00545872,0.17593936,0.00000000,0.06551928,0.00000000,0.11442859,0.00000000,0.12170104,0.00000000,0.14491048,0.00000000,0.08116798,0.00000000,0.08985539,0.00000000,0.06927373,0.00000000,0.13071871,0.00000000
ROT SPY+IWM+VEA+VWO+VNQ+DBC+IEF+TLT top4 12M can TIP/1 fb best(BIL+IEF),sens,sens_2016-02-01,2016-02-01,2021-02-01,false,true,"{""*"": 6, ""ACWX"": 3, ""AGG"": 1, ""BIL"": 1, ""BND"": 1.5, ""BTAL"": 6, ""DBC"": 3, ""DBMF"": 3, ""EEM"": 1, ""EFA"": 1, ""IEF"": 1, ""IWM"": 1, ""KMLM"": 6, ""LQD"": 1.5, ""QQQ"": 1, ""SCZ"": 5, ""SHY"": 1, ""SPY"": 0.7, ""TIP"": 2, ""TLT"": 1, ""TQQQ"": 1.5, ""VEA"": 1.5, ""VEU"": 2, ""VNQ"": 1.5, ""VTI"": 1, ""VWO"": 2}",0.03000000,tests/data/2026-08-24-net15,4,12M,0.00798502,0.02683784,0.00451832,0.01223628,50072.98377033,40000.00000000,10072.98377033,0.25182459,0.06657012,0.07274521,0.73225770,0.09423227,0.95073228,0.37877794,-0.17574972,326,2019,0.11236447,2016,0.01174013,855116.21467255,99.71832481,3.09870910,0.00249296,0.16366715,0.00000000,0.03681407,0.00000000,0.16701306,0.00000000,0.08907833,0.00000000,0.18511864,0.00000000,0.11764871,0.00000000,0.04901770,0.00000000,0.08966210,0.00000000,0.09396263,0.00000000
ROT SPY+IWM+VEA+VWO+VNQ+DBC+IEF+TLT top5 1-3-6-12U can TIP/1 fb best(BIL+IEF),sens,sens_2016-02-01,2016-02-01,2021-02-01,false,true,"{""*"": 6, ""ACWX"": 3, ""AGG"": 1, ""BIL"": 1, ""BND"": 1.5, ""BTAL"": 6, ""DBC"": 3, ""DBMF"": 3, ""EEM"": 1, ""EFA"": 1, ""IEF"": 1, ""IWM"": 1, ""KMLM"": 6, ""LQD"": 1.5, ""QQQ"": 1, ""SCZ"": 5, ""SHY"": 1, ""SPY"": 0.7, ""TIP"": 2, ""TLT"": 1, ""TQQQ"": 1.5, ""VEA"": 1.5, ""VEU"": 2, ""VNQ"": 1.5, ""VTI"": 1, ""VWO"": 2}",0.03000000,tests/data/2026-08-24-net15,5,1-3-6-12U,0.00934015,0.03119209,0.00489325,0.01485766,57273.63291604,40000.00000000,17273.63291604,0.43184082,0.10030511,0.11670359,1.11308460,0.08960643,1.56507560,1.11465581,-0.08998752,426,2020,0.20482824,2018,0.03686095,1159502.26170050,145.70410730,4.07725570,0.00364260,0.16690492,0.00000000,0.05893295,0.00000000,0.15647149,0.00000000,0.10977543,0.00000000,0.14366910,0.00000000,0.09379837,0.00000000,0.08820936,0.00000000,0.08140620,0.00000000,0.09144659,0.00000000
ROT SPY+IWM+VEA+VWO+VNQ+DBC+IEF+TLT top5 13612W can TIP/1 fb best(BIL+IEF),sens,sens_2016-02-01,2016-02-01,2021-02-01,false,true,"{""*"": 6, ""ACWX"": 3, ""AGG"": 1, ""BIL"": 1, ""BND"": 1.5, ""BTAL"": 6, ""DBC"": 3, ""DBMF"": 3, ""EEM"": 1, ""EFA"": 1, ""IEF"": 1, ""IWM"": 1, ""KMLM"": 6, ""LQD"": 1.5, ""QQQ"": 1, ""SCZ"": 5, ""SHY"": 1, ""SPY"": 0.7, ""TIP"": 2, ""TLT"": 1, ""TQQQ"": 1.5, ""VEA"": 1.5, ""VEU"": 2, ""VNQ"": 1.5, ""VTI"": 1, ""VWO"": 2}",0.03000000,tests/data/2026-08-24-net15,5,13612W,0.00773529,0.02497937,0.00447099,0.01082015,58419.34059059,40000.00000000,18419.34059059,0.46048351,0.10551950,0.12321839,1.14673705,0.09123414,1.62782769,1.27330966,-0.08287026,131,2020,0.21982696,2021,0.03930643,1507726.75207352,196.81996552,5.25675159,0.00492050,0.18319616,0.00000000,0.06874945,0.00000000,0.14057112,0.00000000,0.10994100,0.00000000,0.13121546,0.00000000,0.08419464,0.00000000,0.09484560,0.00000000,0.07486792,0.00000000,0.10462367,0.00000000
ROT SPY+IWM+VEA+VWO+VNQ+DBC+IEF+TLT top5 12M can TIP/1 fb best(BIL+IEF),sens,sens_2016-02-01,2016-02-01,2021-02-01,false,true,"{""*"": 6, ""ACWX"": 3, ""AGG"": 1, ""BIL"": 1, ""BND"": 1.5, ""BTAL"": 6, ""DBC"": 3, ""DBMF"": 3, ""EEM"": 1, ""EFA"": 1, ""IEF"": 1, ""IWM"": 1, ""KMLM"": 6, ""LQD"": 1.5, ""QQQ"": 1, ""SCZ"": 5, ""SHY"": 1, ""SPY"": 0.7, ""TIP"": 2, ""TLT"": 1, ""TQQQ"": 1.5, ""VEA"": 1.5, ""VEU"": 2, ""VNQ"": 1.5, ""VTI"": 1, ""VWO"": 2}",0.03000000,tests/data/2026-08-24-net15,5,12M,0.00871045,0.03225819,0.00469189,0.01444804,46065.51948267,40000.00000000,6065.51948267,0.15163799,0.04888175,0.04563516,0.54733565,0.09576282,0.69558671,0.22820864,-0.21419762,,2019,0.11155173,2020,-0.03733388,918237.62954097,117.13964413,3.37344773,0.00292849,0.16361785,0.00000000,0.03926640,0.00000000,0.19561023,0.00000000,0.08410325,0.00000000,0.14722520,0.00000000,0.10701720,0.00000000,0.06530624,0.00000000,0.09112356,0.00000000,0.09798326,0.00000000
SPY12.5/IWM12.5/VEA12.5/VWO12.5/VNQ12.5/DBC12.5/IEF12.5/TLT12.5,sens,sens_2016-02-01,2016-02-01,2021-02-01,true,true,"{""*"": 6, ""ACWX"": 3, ""AGG"": 1, ""BIL"": 1, ""BND"": 1.5, ""BTAL"": 6, ""DBC"": 3, ""DBMF"": 3, ""EEM"": 1, ""EFA"": 1, ""IEF"": 1, ""IWM"": 1, ""KMLM"": 6, ""LQD"": 1.5, ""QQQ"": 1, ""SCZ"": 5, ""SHY"": 1, ""SPY"": 0.7, ""TIP"": 2, ""TLT"": 1, ""TQQQ"": 1.5, ""VEA"": 1.5, ""VEU"": 2, ""VNQ"": 1.5, ""VTI"": 1, ""VWO"": 2}",0.03000000,tests/data/2026-08-24-net15,,,0.01403130,0.03519001,0.00509476,0.01391010,54410.74208285,40000.00000000,14410.74208285,0.36026855,0.09993281,0.09987999,0.86779773,0.11801071,1.14335067,0.40231692,-0.24839327,195,2019,0.20117743,2018,-0.07799978,61972.10836177,8.87371779,0.21335120,0.00022184,,,0.12471397,0.12399979,0.12294751,0.11816330,0.12234244,0.11770622,0.12046687,0.11108990,0.12290540,0.11599041,0.12432498,0.12281765,0.12383631,0.12206256,0.12442792,0.12330008
ROT SPY top1 1-3-6-12U can TIP/1 fb best(BIL+IEF),sens,sens_2016-02-01,2016-02-01,2021-02-01,true,true,"{""*"": 6, ""ACWX"": 3, ""AGG"": 1, ""BIL"": 1, ""BND"": 1.5, ""BTAL"": 6, ""DBC"": 3, ""DBMF"": 3, ""EEM"": 1, ""EFA"": 1, ""IEF"": 1, ""IWM"": 1, ""KMLM"": 6, ""LQD"": 1.5, ""QQQ"": 1, ""SCZ"": 5, ""SHY"": 1, ""SPY"": 0.7, ""TIP"": 2, ""TLT"": 1, ""TQQQ"": 1.5, ""VEA"": 1.5, ""VEU"": 2, ""VNQ"": 1.5, ""VTI"": 1, ""VWO"": 2}",0.03000000,tests/data/2026-08-24-net15,,,0.00343678,0.01074651,0.00346311,0.01074750,65676.79872867,40000.00000000,25676.79872867,0.64191997,0.14976881,0.16193976,1.23732797,0.11868340,1.66975970,1.11654450,-0.13413599,107,2020,0.24398445,2021,0.00623729,1048174.50608756,90.05488192,3.28066940,0.00225137,0.16363883,0.00000000,,,0.09803424,0.00000000,,,0.73486383,0.00000000,,,,,,,,
SPY benchmark,sens,sens_2016-02-01,2016-02-01,2021-02-01,true,true,"{""*"": 6, ""ACWX"": 3, ""AGG"": 1, ""BIL"": 1, ""BND"": 1.5, ""BTAL"": 6, ""DBC"": 3, ""DBMF"": 3, ""EEM"": 1, ""EFA"": 1, ""IEF"": 1, ""IWM"": 1, ""KMLM"": 6, ""LQD"": 1.5, ""QQQ"": 1, ""SCZ"": 5, ""SHY"": 1, ""SPY"": 0.7, ""TIP"": 2, ""TLT"": 1, ""TQQQ"": 1.5, ""VEA"": 1.5, ""VEU"": 2, ""VNQ"": 1.5, ""VTI"": 1, ""VWO"": 2}",0.03000000,tests/data/2026-08-24-net15,,,0.00434388,0.01370193,0.00434509,0.01370291,65423.19648180,40000.00000000,25423.19648180,0.63557991,0.16028002,0.16065453,0.88979704,0.18712422,1.22409836,0.47497371,-0.33745029,173,2019,0.30779357,2018,-0.04783567,39943.71637547,2.79606015,0.12146451,0.00006990,,,,,,,,,0.99565491,0.98629709,,,,,,,,
ROT SPY+IWM+VEA+VWO+VNQ+DBC+IEF+TLT top3 1-3-6-12U can TIP/1 fb best(BIL+IEF),sens,sens_2016-08-01,2016-08-01,2021-07-30,false,true,"{""*"": 6, ""ACWX"": 3, ""AGG"": 1, ""BIL"": 1, ""BND"": 1.5, ""BTAL"": 6, ""DBC"": 3, ""DBMF"": 3, ""EEM"": 1, ""EFA"": 1, ""IEF"": 1, ""IWM"": 1, ""KMLM"": 6, ""LQD"": 1.5, ""QQQ"": 1, ""SCZ"": 5, ""SHY"": 1, ""SPY"": 0.7, ""TIP"": 2, ""TLT"": 1, ""TQQQ"": 1.5, ""VEA"": 1.5, ""VEU"": 2, ""VNQ"": 1.5, ""VTI"": 1, ""VWO"": 2}",0.03000000,tests/data/2026-08-24-net15,3,1-3-6-12U,0.00584410,0.01901233,0.00380011,0.01196706,61505.51995065,39500.00000000,22005.51995065,0.55710177,0.11437596,0.14328636,1.00831669,0.11390460,1.41819876,1.04336498,-0.10962219,179,2020,0.24404812,2016,-0.02003358,1184204.34241751,151.06914889,4.06264557,0.00382454,0.16637585,0.00000000,0.05550618,0.00000000,0.08850874,0.00000000,0.14303193,0.00000000,0.17530321,0.00000000,0.09395105,0.00000000,0.06098573,0.00000000,0.08851888,0.00000000,0.12192412,0.00000000
ROT SPY+IWM+VEA+VWO+VNQ+DBC+IEF+TLT top3 13612W can TIP/1 fb best(BIL+IEF),sens,sens_2016-08-01,2016-08-01,2021-07-30,false,true,"{""*"": 6, ""ACWX"": 3, ""AGG"": 1, ""BIL"": 1, ""BND"": 1.5, ""BTAL"": 6, ""DBC"": 3, ""DBMF"": 3, ""EEM"": 1, ""EFA"": 1, ""IEF"": 1, ""IWM"": 1, ""KMLM"": 6, ""LQD"": 1.5, ""QQQ"": 1, ""SCZ"": 5, ""SHY"": 1, ""SPY"": 0.7, ""TIP"": 2, ""TLT"": 1, ""TQQQ"": 1.5, ""VEA"": 1.5, ""VEU"": 2, ""VNQ"": 1.5, ""VTI"": 1, ""VWO"": 2}",0.03000000,tests/data/2026-08-24-net15,3,13612W,0.00623029,0.01889139,0.00443505,0.01276739,62171.52327758,39500.00000000,22671.52327758,0.57396261,0.12423440,0.14683068,1.15721216,0.10611842,1.67952194,1.42645728,-0.08709297,144,2020,0.25920226,2016,-0.01769372,1849483.28863343,239.50025860,6.14770344,0.00606330,0.20508760,0.00000000,0.06106295,0.00000000,0.08864294,0.00000000,0.13180649,0.00000000,0.14721124,0.00000000,0.06621914,0.00000000,0.07206813,0.00000000,0.08304997,0.00000000,0.13855129,0.00000000
ROT SPY+IWM+VEA+VWO+VNQ+DBC+IEF+TLT top3 12M can TIP/1 fb best(BIL+IEF),sens,sens_2016-08-01,2016-08-01,2021-07-30,false,true,"{""*"": 6, ""ACWX"": 3, ""AGG"": 1, ""BIL"": 1, ""BND"": 1.5, ""BTAL"": 6, ""DBC"": 3, ""DBMF"": 3, ""EEM"": 1, ""EFA"": 1, ""IEF"": 1, ""IWM"": 1, ""KMLM"": 6, ""LQD"": 1.5, ""QQQ"": 1, ""SCZ"": 5, ""SHY"": 1, ""SPY"": 0.7, ""TIP"": 2, ""TLT"": 1, ""TQQQ"": 1.5, ""VEA"": 1.5, ""VEU"": 2, ""VNQ"": 1.5, ""VTI"": 1, ""VWO"": 2}",0.03000000,tests/data/2026-08-24-net15,3,12M,0.00697086,0.02019919,0.00466723,0.01348881,51599.67470992,39500.00000000,12099.67470992,0.30632088,0.06524963,0.08593762,0.66230102,0.10361394,0.88719666,0.44825783,-0.14556272,193,2021,0.12932050,2016,-0.09131455,956190.36045173,115.03668521,3.49910138,0.00291232,0.16622351,0.00000000,0.04994525,0.00000000,0.08853224,0.00000000,0.11562863,0.00000000,0.19667602,0.00000000,0.13239917,0.00000000,0.02771419,0.00000000,0.09400486,0.00000000,0.12186580,0.00000000
ROT SPY+IWM+VEA+VWO+VNQ+DBC+IEF+TLT top4 1-3-6-12U can TIP/1 fb best(BIL+IEF),sens,sens_2016-08-01,2016-08-01,2021-07-30,false,true,"{""*"": 6, ""ACWX"": 3, ""AGG"": 1, ""BIL"": 1, ""BND"": 1.5, ""BTAL"": 6, ""DBC"": 3, ""DBMF"": 3, ""EEM"": 1, ""EFA"": 1, ""IEF"": 1, ""IWM"": 1, ""KMLM"": 6, ""LQD"": 1.5, ""QQQ"": 1, ""SCZ"": 5, ""SHY"": 1, ""SPY"": 0.7, ""TIP"": 2, ""TLT"": 1, ""TQQQ"": 1.5, ""VEA"": 1.5, ""VEU"": 2, ""VNQ"": 1.5, ""VTI"": 1, ""VWO"": 2}",0.03000000,tests/data/2026-08-24-net15,4,1-3-6-12U,0.00805926,0.02481543,0.00485423,0.01189557,61954.12678452,39500.00000000,22454.12678452,0.56845891,0.12419975,0.14567757,1.17717691,0.10412062,1.65992310,1.28273513,-0.09682416,342,2020,0.20866747,2016,0.00509887,1124697.89834504,143.04220710,3.76029170,0.00362132,0.16628284,0.00000000,0.06243151,0.00000000,0.11202404,0.00000000,0.13138445,0.00000000,0.15894834,0.00000000,0.07845544,0.00000000,0.08310586,0.00000000,0.08299733,0.00000000,0.11626456,0.00000000
ROT SPY+IWM+VEA+VWO+VNQ+DBC+IEF+TLT top4 13612W can TIP/1 fb best(BIL+IEF),sens,sens_2016-08-01,2016-08-01,2021-07-30,false,true,"{""*"": 6, ""ACWX"": 3, ""AGG"": 1, ""BIL"": 1, ""BND"": 1.5, ""BTAL"": 6, ""DBC"": 3, ""DBMF"": 3, ""EEM"": 1, ""EFA"": 1, ""IEF"": 1, ""IWM"": 1, ""KMLM"": 6, ""LQD"": 1.5, ""QQQ"": 1, ""SCZ"": 5, ""SHY"": 1, ""SPY"": 0.7, ""TIP"": 2, ""TLT"": 1, ""TQQQ"": 1.5, ""VEA"": 1.5, ""VEU"": 2, ""VNQ"": 1.5, ""VTI"": 1, ""VWO"": 2}",0.03000000,tests/data/2026-08-24-net15,4,13612W,0.00746136,0.03094414,0.00490464,0.01455952,60363.97977896,39500.00000000,20863.97977896,0.52820202,0.11446261,0.13712902,1.14025623,0.09943462,1.62371427,1.18224604,-0.09681793,138,2020,0.23255106,2016,-0.02286852,1657518.25976971,217.55861372,5.58677798,0.00550781,0.21208452,0.00000000,0.06660406,0.00000000,0.09144170,0.00000000,0.12356154,0.00000000,0.14630731,0.00000000,0.07012696,0.00000000,0.09143247,0.00000000,0.07054317,0.00000000,0.12037210,0.00000000
ROT SPY+IWM+VEA+VWO+VNQ+DBC+IEF+TLT top4 12M can TIP/1 fb best(BIL+IEF),sens,sens_2016-08-01,2016-08-01,2021-07-30,false,true,"{""*"": 6, ""ACWX"": 3, ""AGG"": 1, ""BIL"": 1, ""BND"": 1.5, ""BTAL"": 6, ""DBC"": 3, ""DBMF"": 3, ""EEM"": 1, ""EFA"": 1, ""IEF"": 1, ""IWM"": 1, ""KMLM"": 6, ""LQD"": 1.5, ""QQQ"": 1, ""SCZ"": 5, ""SHY"": 1, ""SPY"": 0.7, ""TIP"": 2, ""TLT"": 1, ""TQQQ"": 1.5, ""VEA"": 1.5, ""VEU"": 2, ""VNQ"": 1.5, ""VTI"": 1, ""VWO"": 2}",0.03000000,tests/data/2026-08-24-net15,4,12M,0.00907008,0.02681350,0.00522303,0.01562314,50972.10773831,39500.00000000,11472.10773831,0.29043311,0.06467665,0.08197032,0.66075673,0.10295763,0.86945095,0.36718811,-0.17614036,326,2019,0.11115219,2016,-0.06807777,780892.81603920,93.74577940,2.84999195,0.00237331,0.16632942,0.00000000,0.04992903,0.00000000,0.12025867,0.00000000,0.11109895,0.00000000,0.18722693,0.00000000,0.10313484,0.00000000,0.06230925,0.00000000,0.07434760,0.00000000,0.11626161,0.00000000
ROT SPY+IWM+VEA+VWO+VNQ+DBC+IEF+TLT top5 1-3-6-12U can TIP/1 fb best(BIL+IEF),sens,sens_2016-08-01,2016-08-01,2021-07-30,false,true,"{""*"": 6, ""ACWX"": 3, ""AGG"": 1, ""BIL"": 1, ""BND"": 1.5, ""BTAL"": 6, ""DBC"": 3, ""DBMF"": 3, ""EEM"": 1, ""EFA"": 1, ""IEF"": 1, ""IWM"": 1, ""KMLM"": 6, ""LQD"": 1.5, ""QQQ"": 1, ""SCZ"": 5, ""SHY"": 1, ""SPY"": 0.7, ""TIP"": 2, ""TLT"": 1, ""TQQQ"": 1.5, ""VEA"": 1.5, ""VEU"": 2, ""VNQ"": 1.5, ""VTI"": 1, ""VWO"": 2}",0.03000000,tests/data/2026-08-24-net15,5,1-3-6-12U,0.00960912,0.03224095,0.00559580,0.01646565,60177.71621856,39500.00000000,20677.71621856,0.52348649,0.11069844,0.13611425,1.13588132,0.09659238,1.60493904,1.23550408,-0.08959779,171,2020,0.20448954,2016,-0.01636319,1006834.78270993,128.57486793,3.46133470,0.00325506,0.16962809,0.00000000,0.07324488,0.00000000,0.11614198,0.00000000,0.12116068,0.00000000,0.14877722,0.00000000,0.07930223,0.00000000,0.10297886,0.00000000,0.07947030,0.00000000,0.09964275,0.00000000
ROT SPY+IWM+VEA+VWO+VNQ+DBC+IEF+TLT top5 13612W can TIP/1 fb best(BIL+IEF),sens,sens_2016-08-01,2016-08-01,2021-07-30,false,true,"{""*"": 6, ""ACWX"": 3, ""AGG"": 1, ""BIL"": 1, ""BND"": 1.5, ""BTAL"": 6, ""DBC"": 3, ""DBMF"": 3, ""EEM"": 1, ""EFA"": 1, ""IEF"": 1, ""IWM"": 1, ""KMLM"": 6, ""LQD"": 1.5, ""QQQ"": 1, ""SCZ"": 5, ""SHY"": 1, ""SPY"": 0.7, ""TIP"": 2, ""TLT"": 1, ""TQQQ"": 1.5, ""VEA"": 1.5, ""VEU"": 2, ""VNQ"": 1.5, ""VTI"": 1, ""VWO"": 2}",0.03000000,tests/data/2026-08-24-net15,5,13612W,0.00878484,0.02172856,0.00491787,0.01413444,58172.40257238,39500.00000000,18672.40257238,0.47271905,0.10281312,0.12500326,1.11762866,0.09134939,1.57697374,1.24097978,-0.08284834,131,2020,0.21981824,2016,-0.02506711,1479032.94702492,193.92782925,5.07422971,0.00490957,0.21952722,0.00000000,0.06990088,0.00000000,0.11293139,0.00000000,0.11149117,0.00000000,0.13279118,0.00000000,0.07236242,0.00000000,0.09632908,0.00000000,0.07617717,0.00000000,0.09964422,0.00000000
ROT SPY+IWM+VEA+VWO+VNQ+DBC+IEF+TLT top5 12M can TIP/1 fb best(BIL+IEF),sens,sens_2016-08-01,2016-08-01,2021-07-30,false,true,"{""*"": 6, ""ACWX"": 3, ""AGG"": 1, ""BIL"": 1, ""BND"": 1.5, ""BTAL"": 6, ""DBC"": 3, ""DBMF"": 3, ""EEM"": 1, ""EFA"": 1, ""IEF"": 1, ""IWM"": 1, ""KMLM"": 6, ""LQD"": 1.5, ""QQQ"": 1, ""SCZ"": 5, ""SHY"": 1, ""SPY"": 0.7, ""TIP"": 2, ""TLT"": 1, ""TQQQ"": 1.5, ""VEA"": 1.5, ""VEU"": 2, ""VNQ"": 1.5, ""VTI"": 1, ""VWO"": 2}",0.03000000,tests/data/2026-08-24-net15,5,12M,0.00952358,0.04004672,0.00531908,0.01760042,47184.93735913,39500.00000000,7684.93735913,0.19455538,0.04856581,0.05701721,0.51269938,0.10296210,0.65921762,0.22635914,-0.21455201,454,2019,0.11114279,2020,-0.03872282,785950.59422447,101.91226076,2.94395626,0.00258006,0.16630214,0.00000000,0.05658773,0.00000000,0.13942951,0.00000000,0.10130570,0.00000000,0.15237625,0.00000000,0.09568543,0.00000000,0.08307234,0.00000000,0.07938220,0.00000000,0.11629851,0.00000000
SPY12.5/IWM12.5/VEA12.5/VWO12.5/VNQ12.5/DBC12.5/IEF12.5/TLT12.5,sens,sens_2016-08-01,2016-08-01,2021-07-30,true,true,"{""*"": 6, ""ACWX"": 3, ""AGG"": 1, ""BIL"": 1, ""BND"": 1.5, ""BTAL"": 6, ""DBC"": 3, ""DBMF"": 3, ""EEM"": 1, ""EFA"": 1, ""IEF"": 1, ""IWM"": 1, ""KMLM"": 6, ""LQD"": 1.5, ""QQQ"": 1, ""SCZ"": 5, ""SHY"": 1, ""SPY"": 0.7, ""TIP"": 2, ""TLT"": 1, ""TQQQ"": 1.5, ""VEA"": 1.5, ""VEU"": 2, ""VNQ"": 1.5, ""VTI"": 1, ""VWO"": 2}",0.03000000,tests/data/2026-08-24-net15,,,0.01656199,0.04860289,0.00636377,0.01687780,55073.89649142,39500.00000000,15573.89649142,0.39427586,0.09143645,0.10712375,0.80452186,0.11746736,1.05510238,0.36682124,-0.24926707,196,2019,0.20019674,2018,-0.07825316,60580.59628441,8.58021264,0.21389016,0.00021722,,,0.12472750,0.12412990,0.12279196,0.11775730,0.12176546,0.11577085,0.11932924,0.10812220,0.12264159,0.11493264,0.12429738,0.12245160,0.12357762,0.11909221,0.12430385,0.12238183
ROT SPY top1 1-3-6-12U can TIP/1 fb best(BIL+IEF),sens,sens_2016-08-01,2016-08-01,2021-07-30,true,true,"{""*"": 6, ""ACWX"": 3, ""AGG"": 1, ""BIL"": 1, ""BND"": 1.5, ""BTAL"": 6, ""DBC"": 3, ""DBMF"": 3, ""EEM"": 1, ""EFA"": 1, ""IEF"": 1, ""IWM"": 1, ""KMLM"": 6, ""LQD"": 1.5, ""QQQ"": 1, ""SCZ"": 5, ""SHY"": 1, ""SPY"": 0.7, ""TIP"": 2, ""TLT"": 1, ""TQQQ"": 1.5, ""VEA"": 1.5, ""VEU"": 2, ""VNQ"": 1.5, ""VTI"": 1, ""VWO"": 2}",0.03000000,tests/data/2026-08-24-net15,,,0.00396027,0.01560793,0.00398531,0.01564238,71154.15958607,39500.00000000,31654.15958607,0.80137113,0.16966180,0.19153821,1.36407460,0.12029471,1.86347095,1.26888065,-0.13370982,107,2020,0.24484490,2016,0.01979262,865809.99079997,74.11213186,2.64763563,0.00187626,0.16640051,0.00000000,,,0.06657808,0.00000000,,,0.76303609,0.00000000,,,,,,,,
SPY benchmark,sens,sens_2016-08-01,2016-08-01,2021-07-30,true,true,"{""*"": 6, ""ACWX"": 3, ""AGG"": 1, ""BIL"": 1, ""BND"": 1.5, ""BTAL"": 6, ""DBC"": 3, ""DBMF"": 3, ""EEM"": 1, ""EFA"": 1, ""IEF"": 1, ""IWM"": 1, ""KMLM"": 6, ""LQD"": 1.5, ""QQQ"": 1, ""SCZ"": 5, ""SHY"": 1, ""SPY"": 0.7, ""TIP"": 2, ""TLT"": 1, ""TQQQ"": 1.5, ""VEA"": 1.5, ""VEU"": 2, ""VNQ"": 1.5, ""VTI"": 1, ""VWO"": 2}",0.03000000,tests/data/2026-08-24-net15,,,0.00497303,0.01560793,0.00497428,0.01564238,69561.00982740,39500.00000000,30061.00982740,0.76103822,0.16880920,0.18399657,0.93167959,0.18627290,1.28397578,0.50155997,-0.33656833,173,2019,0.30685026,2018,-0.04825694,39512.68606207,2.76588802,0.12107160,0.00007002,,,,,,,,,0.99502572,0.98435762,,,,,,,,
ROT SPY+IWM+VEA+VWO+VNQ+DBC+IEF+TLT top3 1-3-6-12U can TIP/1 fb best(BIL+IEF),sens,sens_2017-02-01,2017-02-01,2022-02-01,false,true,"{""*"": 6, ""ACWX"": 3, ""AGG"": 1, ""BIL"": 1, ""BND"": 1.5, ""BTAL"": 6, ""DBC"": 3, ""DBMF"": 3, ""EEM"": 1, ""EFA"": 1, ""IEF"": 1, ""IWM"": 1, ""KMLM"": 6, ""LQD"": 1.5, ""QQQ"": 1, ""SCZ"": 5, ""SHY"": 1, ""SPY"": 0.7, ""TIP"": 2, ""TLT"": 1, ""TQQQ"": 1.5, ""VEA"": 1.5, ""VEU"": 2, ""VNQ"": 1.5, ""VTI"": 1, ""VWO"": 2}",0.03000000,tests/data/2026-08-24-net15,3,1-3-6-12U,0.00667699,0.02945679,0.00453352,0.01865744,63428.04321324,40000.00000000,23428.04321324,0.58570108,0.13040550,0.15043059,1.11522256,0.11605731,1.57809226,1.19420904,-0.10919822,179,2020,0.24399899,2022,-0.01952949,1228202.82587553,153.38562755,3.95612634,0.00383464,0.14726089,0.00000000,0.08192137,0.00000000,0.08714170,0.00000000,0.12991189,0.00000000,0.18793605,0.00000000,0.08672407,0.00000000,0.05995925,0.00000000,0.10893325,0.00000000,0.10348795,0.00000000
ROT SPY+IWM+VEA+VWO+VNQ+DBC+IEF+TLT top3 13612W can TIP/1 fb best(BIL+IEF),sens,sens_2017-02-01,2017-02-01,2022-02-01,false,true,"{""*"": 6, ""ACWX"": 3, ""AGG"": 1, ""BIL"": 1, ""BND"": 1.5, ""BTAL"": 6, ""DBC"": 3, ""DBMF"": 3, ""EEM"": 1, ""EFA"": 1, ""IEF"": 1, ""IWM"": 1, ""KMLM"": 6, ""LQD"": 1.5, ""QQQ"": 1, ""SCZ"": 5, ""SHY"": 1, ""SPY"": 0.7, ""TIP"": 2, ""TLT"": 1, ""TQQQ"": 1.5, ""VEA"": 1.5, ""VEU"": 2, ""VNQ"": 1.5, ""VTI"": 1, ""VWO"": 2}",0.03000000,tests/data/2026-08-24-net15,3,13612W,0.00578263,0.01771215,0.00415233,0.01381219,58459.94707861,40000.00000000,18459.94707861,0.46149868,0.11978077,0.12348732,1.10399686,0.10783439,1.58674516,1.36867595,-0.08751580,144,2020,0.25799410,2022,-0.01940843,2036855.40950791,269.73066019,6.44688611,0.00674327,0.19080290,0.00000000,0.07098082,0.00000000,0.08718887,0.00000000,0.11910731,0.00000000,0.16673866,0.00000000,0.07056993,0.00000000,0.07084878,0.00000000,0.10352144,0.00000000,0.11438666,0.00000000
ROT SPY+IWM+VEA+VWO+VNQ+DBC+IEF+TLT top3 12M can TIP/1 fb best(BIL+IEF),sens,sens_2017-02-01,2017-02-01,2022-02-01,false,true,"{""*"": 6, ""ACWX"": 3, ""AGG"": 1, ""BIL"": 1, ""BND"": 1.5, ""BTAL"": 6, ""DBC"": 3, ""DBMF"": 3, ""EEM"": 1, ""EFA"": 1, ""IEF"": 1, ""IWM"": 1, ""KMLM"": 6, ""LQD"": 1.5, ""QQQ"": 1, ""SCZ"": 5, ""SHY"": 1, ""SPY"": 0.7, ""TIP"": 2, ""TLT"": 1, ""TQQQ"": 1.5, ""VEA"": 1.5, ""VEU"": 2, ""VNQ"": 1.5, ""VTI"": 1, ""VWO"": 2}",0.03000000,tests/data/2026-08-24-net15,3,12M,0.00732009,0.02945679,0.00496175,0.01865744,54486.17123821,40000.00000000,14486.17123821,0.36215428,0.09254467,0.10036605,0.88132474,0.10702788,1.20574341,0.63444766,-0.14586652,193,2021,0.21148397,2022,-0.01674162,893869.54843790,107.73421825,3.07069253,0.00269336,0.16354062,0.00000000,0.08191245,0.00000000,0.08153438,0.00000000,0.11892041,0.00000000,0.20391969,0.00000000,0.11411287,0.00000000,0.02727146,0.00000000,0.10344576,0.00000000,0.09798591,0.00000000
ROT SPY+IWM+VEA+VWO+VNQ+DBC+IEF+TLT top4 1-3-6-12U can TIP/1 fb best(BIL+IEF),sens,sens_2017-02-01,2017-02-01,2022-02-01,false,true,"{""*"": 6, ""ACWX"": 3, ""AGG"": 1, ""BIL"": 1, ""BND"": 1.5, ""BTAL"": 6, ""DBC"": 3, ""DBMF"": 3, ""EEM"": 1, ""EFA"": 1, ""IEF"": 1, ""IWM"": 1, ""KMLM"": 6, ""LQD"": 1.5, ""QQQ"": 1, ""SCZ"": 5, ""SHY"": 1, ""SPY"": 0.7, ""TIP"": 2, ""TLT"": 1, ""TQQQ"": 1.5, ""VEA"": 1.5, ""VEU"": 2, ""VNQ"": 1.5, ""VTI"": 1, ""VWO"": 2}",0.03000000,tests/data/2026-08-24-net15,4,1-3-6-12U,0.00740983,0.02223166,0.00470358,0.01555100,61744.29075778,40000.00000000,21744.29075778,0.54360727,0.12905899,0.14152396,1.18425829,0.10747504,1.66808170,1.32166875,-0.09764851,392,2021,0.23428175,2022,-0.02417876,1108752.74260865,141.28993955,3.53860524,0.00353225,0.14724586,0.00000000,0.08187619,0.00000000,0.11010253,0.00000000,0.12963964,0.00000000,0.17274683,0.00000000,0.07311832,0.00000000,0.08175713,0.00000000,0.09804575,0.00000000,0.09801497,0.00000000
ROT SPY+IWM+VEA+VWO+VNQ+DBC+IEF+TLT top4 13612W can TIP/1 fb best(BIL+IEF),sens,sens_2017-02-01,2017-02-01,2022-02-01,false,true,"{""*"": 6, ""ACWX"": 3, ""AGG"": 1, ""BIL"": 1, ""BND"": 1.5, ""BTAL"": 6, ""DBC"": 3, ""DBMF"": 3, ""EEM"": 1, ""EFA"": 1, ""IEF"": 1, ""IWM"": 1, ""KMLM"": 6, ""LQD"": 1.5, ""QQQ"": 1, ""SCZ"": 5, ""SHY"": 1, ""SPY"": 0.7, ""TIP"": 2, ""TLT"": 1, ""TQQQ"": 1.5, ""VEA"": 1.5, ""VEU"": 2, ""VNQ"": 1.5, ""VTI"": 1, ""VWO"": 2}",0.03000000,tests/data/2026-08-24-net15,4,13612W,0.00738510,0.03053984,0.00476036,0.01663333,55977.58612899,40000.00000000,15977.58612899,0.39943965,0.10714812,0.10922196,1.04808137,0.10218882,1.47396935,1.07145479,-0.10000246,,2020,0.23318742,2022,-0.02424627,1883653.19528882,250.26914687,6.04684033,0.00625673,0.19632099,0.00000000,0.07370860,0.00000000,0.09402648,0.00000000,0.11762238,0.00000000,0.15997807,0.00000000,0.06519204,0.00000000,0.09800913,0.00000000,0.08557981,0.00000000,0.10211016,0.00000000
ROT SPY+IWM+VEA+VWO+VNQ+DBC+IEF+TLT top4 12M can TIP/1 fb best(BIL+IEF),sens,sens_2017-02-01,2017-02-01,2022-02-01,false,true,"{""*"": 6, ""ACWX"": 3, ""AGG"": 1, ""BIL"": 1, ""BND"": 1.5, ""BTAL"": 6, ""DBC"": 3, ""DBMF"": 3, ""EEM"": 1, ""EFA"": 1, ""IEF"": 1, ""IWM"": 1, ""KMLM"": 6, ""LQD"": 1.5, ""QQQ"": 1, ""SCZ"": 5, ""SHY"": 1, ""SPY"": 0.7, ""TIP"": 2, ""TLT"": 1, ""TQQQ"": 1.5, ""VEA"": 1.5, ""VEU"": 2, ""VNQ"": 1.5, ""VTI"": 1, ""VWO"": 2}",0.03000000,tests/data/2026-08-24-net15,4,12M,0.00936014,0.02223166,0.00589968,0.01569110,52488.98281031,40000.00000000,12488.98281031,0.31222457,0.08233523,0.08814617,0.79239415,0.10722023,1.06226874,0.46868388,-0.17567326,326,2021,0.18521032,2022,-0.03366728,718002.61792043,88.70467193,2.49017816,0.00221762,0.16348353,0.00000000,0.06960708,0.00000000,0.11020672,0.00000000,0.12132630,0.00000000,0.19173332,0.00000000,0.08942320,0.00000000,0.06533020,0.00000000,0.08564523,0.00000000,0.09385277,0.00000000
ROT SPY+IWM+VEA+VWO+VNQ+DBC+IEF+TLT top5 1-3-6-12U can TIP/1 fb best(BIL+IEF),sens,sens_2017-02-01,2017-02-01,2022-02-01,false,true,"{""*"": 6, ""ACWX"": 3, ""AGG"": 1, ""BIL"": 1, ""BND"": 1.5, ""BTAL"": 6, ""DBC"": 3, ""DBMF"": 3, ""EEM"": 1, ""EFA"": 1, ""IEF"": 1, ""IWM"": 1, ""KMLM"": 6, ""LQD"": 1.5, ""QQQ"": 1, ""SCZ"": 5, ""SHY"": 1, ""SPY"": 0.7, ""TIP"": 2, ""TLT"": 1, ""TQQQ"": 1.5, ""VEA"": 1.5, ""VEU"": 2, ""VNQ"": 1.5, ""VTI"": 1, ""VWO"": 2}",0.03000000,tests/data/2026-08-24-net15,5,1-3-6-12U,0.00914572,0.02877427,0.00524906,0.01957752,58966.58244187,40000.00000000,18966.58244187,0.47416456,0.11454417,0.12632970,1.12289382,0.10122860,1.58594314,1.27431112,-0.08988713,171,2021,0.21063530,2022,-0.03813557,1019522.77474281,131.70826519,3.31303636,0.00329271,0.15042175,0.00000000,0.08839563,0.00000000,0.11106731,0.00000000,0.12597588,0.00000000,0.15303460,0.00000000,0.07459951,0.00000000,0.11437618,0.00000000,0.08804397,0.00000000,0.08489811,0.00000000
ROT SPY+IWM+VEA+VWO+VNQ+DBC+IEF+TLT top5 13612W can TIP/1 fb best(BIL+IEF),sens,sens_2017-02-01,2017-02-01,2022-02-01,false,true,"{""*"": 6, ""ACWX"": 3, ""AGG"": 1, ""BIL"": 1, ""BND"": 1.5, ""BTAL"": 6, ""DBC"": 3, ""DBMF"": 3, ""EEM"": 1, ""EFA"": 1, ""IEF"": 1, ""IWM"": 1, ""KMLM"": 6, ""LQD"": 1.5, ""QQQ"": 1, ""SCZ"": 5, ""SHY"": 1, ""SPY"": 0.7, ""TIP"": 2, ""TLT"": 1, ""TQQQ"": 1.5, ""VEA"": 1.5, ""VEU"": 2, ""VNQ"": 1.5, ""VTI"": 1, ""VWO"": 2}",0.03000000,tests/data/2026-08-24-net15,5,13612W,0.00841576,0.03202378,0.00463358,0.01957752,53661.25619469,40000.00000000,13661.25619469,0.34153140,0.09376095,0.09537030,1.00134283,0.09399422,1.39691853,0.86710485,-0.10813105,,2020,0.22073678,2022,-0.03836489,1731275.78100206,224.19987290,5.66696162,0.00560500,0.20275049,0.00000000,0.07858097,0.00000000,0.11762034,0.00000000,0.10975696,0.00000000,0.13763209,0.00000000,0.07110489,0.00000000,0.10452436,0.00000000,0.08466036,0.00000000,0.08489067,0.00000000
ROT SPY+IWM+VEA+VWO+VNQ+DBC+IEF+TLT top5 12M can TIP/1 fb best(BIL+IEF),sens,sens_2017-02-01,2017-02-01,2022-02-01,false,true,"{""*"": 6, ""ACWX"": 3, ""AGG"": 1, ""BIL"": 1, ""BND"": 1.5, ""BTAL"": 6, ""DBC"": 3, ""DBMF"": 3, ""EEM"": 1, ""EFA"": 1, ""IEF"": 1, ""IWM"": 1, ""KMLM"": 6, ""LQD"": 1.5, ""QQQ"": 1, ""SCZ"": 5, ""SHY"": 1, ""SPY"": 0.7, ""TIP"": 2, ""TLT"": 1, ""TQQQ"": 1.5, ""VEA"": 1.5, ""VEU"": 2, ""VNQ"": 1.5, ""VTI"": 1, ""VWO"": 2}",0.03000000,tests/data/2026-08-24-net15,5,12M,0.01034375,0.02877427,0.00598096,0.01957752,47838.44921171,40000.00000000,7838.44921171,0.19596123,0.05606123,0.05791146,0.56601601,0.10654351,0.73809644,0.26262542,-0.21346461,454,2021,0.16080927,2020,-0.03745149,701194.16538968,92.15044233,2.55783250,0.00230376,0.16679828,0.00000000,0.07202592,0.00000000,0.12713030,0.00000000,0.10294812,0.00000000,0.15562361,0.00000000,0.08127577,0.00000000,0.10452196,0.00000000,0.08130017,0.00000000,0.09799726,0.00000000
SPY12.5/IWM12.5/VEA12.5/VWO12.5/VNQ12.5/DBC12.5/IEF12.5/TLT12.5,sens,sens_2017-02-01,2017-02-01,2022-02-01,true,true,"{""*"": 6, ""ACWX"": 3, ""AGG"": 1, ""BIL"": 1, ""BND"": 1.5, ""BTAL"": 6, ""DBC"": 3, ""DBMF"": 3, ""EEM"": 1, ""EFA"": 1, ""IEF"": 1, ""IWM"": 1, ""KMLM"": 6, ""LQD"": 1.5, ""QQQ"": 1, ""SCZ"": 5, ""SHY"": 1, ""SPY"": 0.7, ""TIP"": 2, ""TLT"": 1, ""TQQQ"": 1.5, ""VEA"": 1.5, ""VEU"": 2, ""VNQ"": 1.5, ""VTI"": 1, ""VWO"": 2}",0.03000000,tests/data/2026-08-24-net15,,,0.01520299,0.03466657,0.00596579,0.01765272,53841.26214922,40000.00000000,13841.26214922,0.34603155,0.08934256,0.09646651,0.78553620,0.11796532,1.03430870,0.36135883,-0.24724056,195,2019,0.19954399,2018,-0.07719435,62030.93866435,9.24128320,0.21236018,0.00023103,,,0.12465641,0.12377125,0.12319455,0.11727038,0.12198433,0.11663973,0.11967486,0.10734728,0.12287801,0.11767677,0.12427880,0.12252079,0.12383082,0.12190044,0.12429578,0.12268340
ROT SPY top1 1-3-6-12U can TIP/1 fb best(BIL+IEF),sens,sens_2017-02-01,2017-02-01,2022-02-01,true,true,"{""*"": 6, ""ACWX"": 3, ""AGG"": 1, ""BIL"": 1, ""BND"": 1.5, ""BTAL"": 6, ""DBC"": 3, ""DBMF"": 3, ""EEM"": 1, ""EFA"": 1, ""IEF"": 1, ""IWM"": 1, ""KMLM"": 6, ""LQD"": 1.5, ""QQQ"": 1, ""SCZ"": 5, ""SHY"": 1, ""SPY"": 0.7, ""TIP"": 2, ""TLT"": 1, ""TQQQ"": 1.5, ""VEA"": 1.5, ""VEU"": 2, ""VNQ"": 1.5, ""VTI"": 1, ""VWO"": 2}",0.03000000,tests/data/2026-08-24-net15,,,0.00495581,0.01766547,0.00497901,0.01769985,69684.84127896,40000.00000000,29684.84127896,0.74212103,0.17166599,0.18173303,1.32696242,0.12546554,1.81521453,1.28517221,-0.13357431,107,2021,0.28348129,2022,-0.05268754,836475.32436137,71.47513478,2.42740108,0.00178688,0.14711121,0.00000000,,,0.06543317,0.00000000,,,0.78247662,0.00000000,,,,,,,,
SPY benchmark,sens,sens_2017-02-01,2017-02-01,2022-02-01,true,true,"{""*"": 6, ""ACWX"": 3, ""AGG"": 1, ""BIL"": 1, ""BND"": 1.5, ""BTAL"": 6, ""DBC"": 3, ""DBMF"": 3, ""EEM"": 1, ""EFA"": 1, ""IEF"": 1, ""IWM"": 1, ""KMLM"": 6, ""LQD"": 1.5, ""QQQ"": 1, ""SCZ"": 5, ""SHY"": 1, ""SPY"": 0.7, ""TIP"": 2, ""TLT"": 1, ""TQQQ"": 1.5, ""VEA"": 1.5, ""VEU"": 2, ""VNQ"": 1.5, ""VTI"": 1, ""VWO"": 2}",0.03000000,tests/data/2026-08-24-net15,,,0.00483667,0.01766547,0.00483789,0.01769985,67888.64369327,40000.00000000,27888.64369327,0.69721609,0.16436871,0.17301840,0.89948799,0.18940977,1.23948906,0.48721422,-0.33736436,173,2019,0.30752781,2018,-0.04759580,39655.78435873,2.77590491,0.11780750,0.00006940,,,,,,,,,0.99516211,0.98230015,,,,,,,,
ROT SPY+IWM+VEA+VWO+VNQ+DBC+IEF+TLT top3 1-3-6-12U can TIP/1 fb best(BIL+IEF),sens,sens_2017-08-01,2017-08-01,2022-08-01,false,true,"{""*"": 6, ""ACWX"": 3, ""AGG"": 1, ""BIL"": 1, ""BND"": 1.5, ""BTAL"": 6, ""DBC"": 3, ""DBMF"": 3, ""EEM"": 1, ""EFA"": 1, ""IEF"": 1, ""IWM"": 1, ""KMLM"": 6, ""LQD"": 1.5, ""QQQ"": 1, ""SCZ"": 5, ""SHY"": 1, ""SPY"": 0.7, ""TIP"": 2, ""TLT"": 1, ""TQQQ"": 1.5, ""VEA"": 1.5, ""VEU"": 2, ""VNQ"": 1.5, ""VTI"": 1, ""VWO"": 2}",0.03000000,tests/data/2026-08-24-net15,3,1-3-6-12U,0.00637422,0.02332359,0.00445649,0.01973691,63964.18477352,40000.00000000,23964.18477352,0.59910462,0.13531317,0.15336353,1.15670193,0.11569470,1.64629783,1.23587516,-0.10948774,179,2021,0.24301703,2017,0.03152492,1259685.10498669,159.07635561,3.92602240,0.00397691,0.21274578,0.00000000,0.08192600,0.00000000,0.08708828,0.00000000,0.10836338,0.00000000,0.17158692,0.00000000,0.08684568,0.00000000,0.05444409,0.00000000,0.11430024,0.00000000,0.07627890,0.00000000
ROT SPY+IWM+VEA+VWO+VNQ+DBC+IEF+TLT top3 13612W can TIP/1 fb best(BIL+IEF),sens,sens_2017-08-01,2017-08-01,2022-08-01,false,true,"{""*"": 6, ""ACWX"": 3, ""AGG"": 1, ""BIL"": 1, ""BND"": 1.5, ""BTAL"": 6, ""DBC"": 3, ""DBMF"": 3, ""EEM"": 1, ""EFA"": 1, ""IEF"": 1, ""IWM"": 1, ""KMLM"": 6, ""LQD"": 1.5, ""QQQ"": 1, ""SCZ"": 5, ""SHY"": 1, ""SPY"": 0.7, ""TIP"": 2, ""TLT"": 1, ""TQQQ"": 1.5, ""VEA"": 1.5, ""VEU"": 2, ""VNQ"": 1.5, ""VTI"": 1, ""VWO"": 2}",0.03000000,tests/data/2026-08-24-net15,3,13612W,0.00600617,0.01814273,0.00444059,0.01587246,56673.33434678,40000.00000000,16673.33434678,0.41683336,0.11033378,0.11338689,1.03342841,0.10698408,1.47789296,1.26176127,-0.08744426,144,2020,0.25735021,2022,0.00720732,1859295.92678344,249.42749147,5.89828750,0.00623569,0.25096006,0.00000000,0.07644115,0.00000000,0.08709523,0.00000000,0.10795837,0.00000000,0.15032613,0.00000000,0.07051028,0.00000000,0.05453066,0.00000000,0.10889231,0.00000000,0.08720924,0.00000000
ROT SPY+IWM+VEA+VWO+VNQ+DBC+IEF+TLT top3 12M can TIP/1 fb best(BIL+IEF),sens,sens_2017-08-01,2017-08-01,2022-08-01,false,true,"{""*"": 6, ""ACWX"": 3, ""AGG"": 1, ""BIL"": 1, ""BND"": 1.5, ""BTAL"": 6, ""DBC"": 3, ""DBMF"": 3, ""EEM"": 1, ""EFA"": 1, ""IEF"": 1, ""IWM"": 1, ""KMLM"": 6, ""LQD"": 1.5, ""QQQ"": 1, ""SCZ"": 5, ""SHY"": 1, ""SPY"": 0.7, ""TIP"": 2, ""TLT"": 1, ""TQQQ"": 1.5, ""VEA"": 1.5, ""VEU"": 2, ""VNQ"": 1.5, ""VTI"": 1, ""VWO"": 2}",0.03000000,tests/data/2026-08-24-net15,3,12M,0.00716484,0.02332359,0.00500485,0.01973691,54022.58867684,40000.00000000,14022.58867684,0.35056472,0.08980381,0.09766182,0.84044972,0.10966284,1.14961188,0.61434305,-0.14617861,193,2021,0.21103774,2022,0.01936853,838389.08967034,102.23718776,2.85514098,0.00255593,0.21255496,0.00000000,0.08739023,0.00000000,0.08148467,0.00000000,0.09191409,0.00000000,0.19307743,0.00000000,0.11400247,0.00000000,0.02717222,0.00000000,0.11437644,0.00000000,0.07082769,0.00000000
ROT SPY+IWM+VEA+VWO+VNQ+DBC+IEF+TLT top4 1-3-6-12U can TIP/1 fb best(BIL+IEF),sens,sens_2017-08-01,2017-08-01,2022-08-01,false,true,"{""*"": 6, ""ACWX"": 3, ""AGG"": 1, ""BIL"": 1, ""BND"": 1.5, ""BTAL"": 6, ""DBC"": 3, ""DBMF"": 3, ""EEM"": 1, ""EFA"": 1, ""IEF"": 1, ""IWM"": 1, ""KMLM"": 6, ""LQD"": 1.5, ""QQQ"": 1, ""SCZ"": 5, ""SHY"": 1, ""SPY"": 0.7, ""TIP"": 2, ""TLT"": 1, ""TQQQ"": 1.5, ""VEA"": 1.5, ""VEU"": 2, ""VNQ"": 1.5, ""VTI"": 1, ""VWO"": 2}",0.03000000,tests/data/2026-08-24-net15,4,1-3-6-12U,0.00776751,0.02984781,0.00489121,0.02002929,61120.50633468,40000.00000000,21120.50633468,0.52801266,0.12745912,0.13829734,1.18682357,0.10599326,1.67479632,1.31066841,-0.09724742,392,2021,0.23394958,2022,0.02266608,1087959.01845336,139.58770825,3.41414411,0.00348969,0.21663390,0.00000000,0.07777572,0.00000000,0.11015934,0.00000000,0.10936954,0.00000000,0.15612665,0.00000000,0.07314665,0.00000000,0.06944852,0.00000000,0.10190374,0.00000000,0.07762564,0.00000000
ROT SPY+IWM+VEA+VWO+VNQ+DBC+IEF+TLT top4 13612W can TIP/1 fb best(BIL+IEF),sens,sens_2017-08-01,2017-08-01,2022-08-01,false,true,"{""*"": 6, ""ACWX"": 3, ""AGG"": 1, ""BIL"": 1, ""BND"": 1.5, ""BTAL"": 6, ""DBC"": 3, ""DBMF"": 3, ""EEM"": 1, ""EFA"": 1, ""IEF"": 1, ""IWM"": 1, ""KMLM"": 6, ""LQD"": 1.5, ""QQQ"": 1, ""SCZ"": 5, ""SHY"": 1, ""SPY"": 0.7, ""TIP"": 2, ""TLT"": 1, ""TQQQ"": 1.5, ""VEA"": 1.5, ""VEU"": 2, ""VNQ"": 1.5, ""VTI"": 1, ""VWO"": 2}",0.03000000,tests/data/2026-08-24-net15,4,13612W,0.00653331,0.02923421,0.00435836,0.01867606,54442.34025860,40000.00000000,14442.34025860,0.36105851,0.10040317,0.10019916,1.00106404,0.10081492,1.40199707,1.00674196,-0.09973079,,2020,0.23200831,2022,-0.00244781,1722770.22499754,230.06052602,5.53961321,0.00575151,0.25779482,0.00000000,0.07773374,0.00000000,0.09797682,0.00000000,0.10550191,0.00000000,0.14436605,0.00000000,0.06091942,0.00000000,0.08175723,0.00000000,0.08568363,0.00000000,0.08166797,0.00000000
ROT SPY+IWM+VEA+VWO+VNQ+DBC+IEF+TLT top4 12M can TIP/1 fb best(BIL+IEF),sens,sens_2017-08-01,2017-08-01,2022-08-01,false,true,"{""*"": 6, ""ACWX"": 3, ""AGG"": 1, ""BIL"": 1, ""BND"": 1.5, ""BTAL"": 6, ""DBC"": 3, ""DBMF"": 3, ""EEM"": 1, ""EFA"": 1, ""IEF"": 1, ""IWM"": 1, ""KMLM"": 6, ""LQD"": 1.5, ""QQQ"": 1, ""SCZ"": 5, ""SHY"": 1, ""SPY"": 0.7, ""TIP"": 2, ""TLT"": 1, ""TQQQ"": 1.5, ""VEA"": 1.5, ""VEU"": 2, ""VNQ"": 1.5, ""VTI"": 1, ""VWO"": 2}",0.03000000,tests/data/2026-08-24-net15,4,12M,0.00840849,0.03002461,0.00520005,0.02002929,50693.77725876,40000.00000000,10693.77725876,0.26734443,0.07440513,0.07686070,0.71118646,0.10954728,0.95488970,0.42520856,-0.17498502,326,2021,0.18540630,2022,-0.03069629,681467.39726916,84.84859644,2.35554081,0.00212121,0.21267052,0.00000000,0.06549701,0.00000000,0.10984490,0.00000000,0.10132816,0.00000000,0.18012942,0.00000000,0.08930093,0.00000000,0.06536456,0.00000000,0.09385872,0.00000000,0.07356695,0.00000000
ROT SPY+IWM+VEA+VWO+VNQ+DBC+IEF+TLT top5 1-3-6-12U can TIP/1 fb best(BIL+IEF),sens,sens_2017-08-01,2017-08-01,2022-08-01,false,true,"{""*"": 6, ""ACWX"": 3, ""AGG"": 1, ""BIL"": 1, ""BND"": 1.5, ""BTAL"": 6, ""DBC"": 3, ""DBMF"": 3, ""EEM"": 1, ""EFA"": 1, ""IEF"": 1, ""IWM"": 1, ""KMLM"": 6, ""LQD"": 1.5, ""QQQ"": 1, ""SCZ"": 5, ""SHY"": 1, ""SPY"": 0.7, ""TIP"": 2, ""TLT"": 1, ""TQQQ"": 1.5, ""VEA"": 1.5, ""VEU"": 2, ""VNQ"": 1.5, ""VTI"": 1, ""VWO"": 2}",0.03000000,tests/data/2026-08-24-net15,5,1-3-6-12U,0.00890249,0.02776308,0.00501525,0.01686449,58266.00569112,40000.00000000,18266.00569112,0.45665014,0.11313453,0.12250956,1.12670608,0.09970073,1.59387609,1.26455266,-0.08946605,171,2021,0.21067367,2022,-0.00106384,970068.19573938,126.15912169,3.10364832,0.00315398,0.22242727,0.00000000,0.08185589,0.00000000,0.11094877,0.00000000,0.10973304,0.00000000,0.14025025,0.00000000,0.07133409,0.00000000,0.09801488,0.00000000,0.08791471,0.00000000,0.06857822,0.00000000
ROT SPY+IWM+VEA+VWO+VNQ+DBC+IEF+TLT top5 13612W can TIP/1 fb best(BIL+IEF),sens,sens_2017-08-01,2017-08-01,2022-08-01,false,true,"{""*"": 6, ""ACWX"": 3, ""AGG"": 1, ""BIL"": 1, ""BND"": 1.5, ""BTAL"": 6, ""DBC"": 3, ""DBMF"": 3, ""EEM"": 1, ""EFA"": 1, ""IEF"": 1, ""IWM"": 1, ""KMLM"": 6, ""LQD"": 1.5, ""QQQ"": 1, ""SCZ"": 5, ""SHY"": 1, ""SPY"": 0.7, ""TIP"": 2, ""TLT"": 1, ""TQQQ"": 1.5, ""VEA"": 1.5, ""VEU"": 2, ""VNQ"": 1.5, ""VTI"": 1, ""VWO"": 2}",0.03000000,tests/data/2026-08-24-net15,5,13612W,0.00751348,0.02703538,0.00415892,0.01364244,52063.97233143,40000.00000000,12063.97233143,0.30159931,0.08707432,0.08557333,0.94952968,0.09259116,1.31778067,0.80676794,-0.10792982,,2020,0.21956429,2022,-0.02477760,1576387.92273454,206.49792741,5.17000782,0.00516245,0.26188183,0.00000000,0.08185859,0.00000000,0.11757530,0.00000000,0.09998800,0.00000000,0.12508140,0.00000000,0.06798539,0.00000000,0.08811861,0.00000000,0.08141586,0.00000000,0.06852134,0.00000000
ROT SPY+IWM+VEA+VWO+VNQ+DBC+IEF+TLT top5 12M can TIP/1 fb best(BIL+IEF),sens,sens_2017-08-01,2017-08-01,2022-08-01,false,true,"{""*"": 6, ""ACWX"": 3, ""AGG"": 1, ""BIL"": 1, ""BND"": 1.5, ""BTAL"": 6, ""DBC"": 3, ""DBMF"": 3, ""EEM"": 1, ""EFA"": 1, ""IEF"": 1, ""IWM"": 1, ""KMLM"": 6, ""LQD"": 1.5, ""QQQ"": 1, ""SCZ"": 5, ""SHY"": 1, ""SPY"": 0.7, ""TIP"": 2, ""TLT"": 1, ""TQQQ"": 1.5, ""VEA"": 1.5, ""VEU"": 2, ""VNQ"": 1.5, ""VTI"": 1, ""VWO"": 2}",0.03000000,tests/data/2026-08-24-net15,5,12M,0.01011400,0.02398431,0.00571648,0.01774134,46551.35267399,40000.00000000,6551.35267399,0.16378382,0.04703162,0.04910292,0.48291661,0.10732941,0.62928698,0.22101818,-0.21279523,454,2021,0.16024835,2020,-0.03682829,637558.82031170,83.58800242,2.34178631,0.00208970,0.22244109,0.00000000,0.06872330,0.00000000,0.12721417,0.00000000,0.08679830,0.00000000,0.14601266,0.00000000,0.08101798,0.00000000,0.09470387,0.00000000,0.08132023,0.00000000,0.08162099,0.00000000
SPY12.5/IWM12.5/VEA12.5/VWO12.5/VNQ12.5/DBC12.5/IEF12.5/TLT12.5,sens,sens_2017-08-01,2017-08-01,2022-08-01,true,true,"{""*"": 6, ""ACWX"": 3, ""AGG"": 1, ""BIL"": 1, ""BND"": 1.5, ""BTAL"": 6, ""DBC"": 3, ""DBMF"": 3, ""EEM"": 1, ""EFA"": 1, ""IEF"": 1, ""IWM"": 1, ""KMLM"": 6, ""LQD"": 1.5, ""QQQ"": 1, ""SCZ"": 5, ""SHY"": 1, ""SPY"": 0.7, ""TIP"": 2, ""TLT"": 1, ""TQQQ"": 1.5, ""VEA"": 1.5, ""VEU"": 2, ""VNQ"": 1.5, ""VTI"": 1, ""VWO"": 2}",0.03000000,tests/data/2026-08-24-net15,,,0.01692610,0.03934320,0.00690708,0.01567778,47967.30984641,40000.00000000,7967.30984641,0.19918275,0.06049708,0.05884457,0.53194837,0.12552689,0.69781598,0.24557047,-0.24635322,195,2019,0.19830812,2022,-0.09664854,62854.21189852,9.49475641,0.21786341,0.00023737,,,0.12469428,0.12382284,0.12307053,0.11890758,0.12185034,0.11524570,0.11877253,0.10932222,0.12258903,0.11672019,0.12415562,0.12180650,0.12363456,0.11925775,0.12430351,0.12229124
ROT SPY top1 1-3-6-12U can TIP/1 fb best(BIL+IEF),sens,sens_2017-08-01,2017-08-01,2022-08-01,true,true,"{""*"": 6, ""ACWX"": 3, ""AGG"": 1, ""BIL"": 1, ""BND"": 1.5, ""BTAL"": 6, ""DBC"": 3, ""DBMF"": 3, ""EEM"": 1, ""EFA"": 1, ""IEF"": 1, ""IWM"": 1, ""KMLM"": 6, ""LQD"": 1.5, ""QQQ"": 1, ""SCZ"": 5, ""SHY"": 1, ""SPY"": 0.7, ""TIP"": 2, ""TLT"": 1, ""TQQQ"": 1.5, ""VEA"": 1.5, ""VEU"": 2, ""VNQ"": 1.5, ""VTI"": 1, ""VWO"": 2}",0.03000000,tests/data/2026-08-24-net15,,,0.00453044,0.01731609,0.00455520,0.01739788,67302.70318332,40000.00000000,27302.70318332,0.68256758,0.16440671,0.17028638,1.25916425,0.12758731,1.73031217,1.22999599,-0.13366443,107,2021,0.28369519,2022,-0.01698714,929811.24052576,79.61946665,2.66328152,0.00199049,0.21269266,0.00000000,,,0.06546042,0.00000000,,,0.71729172,0.00000000,,,,,,,,
SPY benchmark,sens,sens_2017-08-01,2017-08-01,2022-08-01,true,true,"{""*"": 6, ""ACWX"": 3, ""AGG"": 1, ""BIL"": 1, ""BND"": 1.5, ""BTAL"": 6, ""DBC"": 3, ""DBMF"": 3, ""EEM"": 1, ""EFA"": 1, ""IEF"": 1, ""IWM"": 1, ""KMLM"": 6, ""LQD"": 1.5, ""QQQ"": 1, ""SCZ"": 5, ""SHY"": 1, ""SPY"": 0.7, ""TIP"": 2, ""TLT"": 1, ""TQQQ"": 1.5, ""VEA"": 1.5, ""VEU"": 2, ""VNQ"": 1.5, ""VTI"": 1, ""VWO"": 2}",0.03000000,tests/data/2026-08-24-net15,,,0.00567179,0.01726200,0.00567302,0.01726346,57679.95735120,40000.00000000,17679.95735120,0.44199893,0.12261582,0.11917992,0.67069589,0.20391546,0.91850765,0.36507313,-0.33586647,173,2019,0.30600973,2022,-0.12940981,39647.54496354,2.77532815,0.11978779,0.00006938,,,,,,,,,0.99432698,0.98273654,,,,,,,,
ROT SPY+IWM+VEA+VWO+VNQ+DBC+IEF+TLT top3 1-3-6-12U can TIP/1 fb best(BIL+IEF),sens,sens_2018-02-01,2018-02-01,2023-02-01,false,true,"{""*"": 6, ""ACWX"": 3, ""AGG"": 1, ""BIL"": 1, ""BND"": 1.5, ""BTAL"": 6, ""DBC"": 3, ""DBMF"": 3, ""EEM"": 1, ""EFA"": 1, ""IEF"": 1, ""IWM"": 1, ""KMLM"": 6, ""LQD"": 1.5, ""QQQ"": 1, ""SCZ"": 5, ""SHY"": 1, ""SPY"": 0.7, ""TIP"": 2, ""TLT"": 1, ""TQQQ"": 1.5, ""VEA"": 1.5, ""VEU"": 2, ""VNQ"": 1.5, ""VTI"": 1, ""VWO"": 2}",0.03000000,tests/data/2026-08-24-net15,3,1-3-6-12U,0.00690741,0.02461132,0.00469342,0.01978143,60665.91326242,40000.00000000,20665.91326242,0.51664783,0.11847437,0.13571725,1.04465001,0.11353597,1.47852883,1.08681549,-0.10901057,179,2021,0.24313924,2018,-0.01060594,997872.86761253,126.41773308,3.08999413,0.00316044,0.27824077,0.00000000,0.08191935,0.00000000,0.08689853,0.00000000,0.09733960,0.00000000,0.15514517,0.00000000,0.08663750,0.00000000,0.03266930,0.00000000,0.11420488,0.00000000,0.05999810,0.00000000
ROT SPY+IWM+VEA+VWO+VNQ+DBC+IEF+TLT top3 13612W can TIP/1 fb best(BIL+IEF),sens,sens_2018-02-01,2018-02-01,2023-02-01,false,true,"{""*"": 6, ""ACWX"": 3, ""AGG"": 1, ""BIL"": 1, ""BND"": 1.5, ""BTAL"": 6, ""DBC"": 3, ""DBMF"": 3, ""EEM"": 1, ""EFA"": 1, ""IEF"": 1, ""IWM"": 1, ""KMLM"": 6, ""LQD"": 1.5, ""QQQ"": 1, ""SCZ"": 5, ""SHY"": 1, ""SPY"": 0.7, ""TIP"": 2, ""TLT"": 1, ""TQQQ"": 1.5, ""VEA"": 1.5, ""VEU"": 2, ""VNQ"": 1.5, ""VTI"": 1, ""VWO"": 2}",0.03000000,tests/data/2026-08-24-net15,3,13612W,0.00552613,0.02109011,0.00389115,0.01441340,52655.41915309,40000.00000000,12655.41915309,0.31638548,0.08941473,0.08919210,0.84889902,0.10791182,1.20319392,1.02423764,-0.08729881,144,2020,0.25893207,2022,-0.02074100,1684788.59214606,221.51908249,5.43480232,0.00553798,0.31638820,0.00000000,0.06551244,0.00000000,0.08711016,0.00000000,0.10295541,0.00000000,0.12877964,0.00000000,0.06496896,0.00000000,0.04362984,0.00000000,0.11415892,0.00000000,0.07090757,0.00000000
ROT SPY+IWM+VEA+VWO+VNQ+DBC+IEF+TLT top3 12M can TIP/1 fb best(BIL+IEF),sens,sens_2018-02-01,2018-02-01,2023-02-01,false,true,"{""*"": 6, ""ACWX"": 3, ""AGG"": 1, ""BIL"": 1, ""BND"": 1.5, ""BTAL"": 6, ""DBC"": 3, ""DBMF"": 3, ""EEM"": 1, ""EFA"": 1, ""IEF"": 1, ""IWM"": 1, ""KMLM"": 6, ""LQD"": 1.5, ""QQQ"": 1, ""SCZ"": 5, ""SHY"": 1, ""SPY"": 0.7, ""TIP"": 2, ""TLT"": 1, ""TQQQ"": 1.5, ""VEA"": 1.5, ""VEU"": 2, ""VNQ"": 1.5, ""VTI"": 1, ""VWO"": 2}",0.03000000,tests/data/2026-08-24-net15,3,12M,0.00756610,0.02717472,0.00484805,0.02017329,51795.41279028,40000.00000000,11795.41279028,0.29488532,0.07243956,0.08381122,0.70174971,0.10817921,0.95404774,0.49407121,-0.14661765,193,2021,0.21107769,2018,-0.00465798,645001.19017967,79.38002388,2.22560496,0.00198450,0.26189614,0.00000000,0.08736124,0.00000000,0.08125336,0.00000000,0.09180287,0.00000000,0.17672314,0.00000000,0.11376158,0.00000000,0.01085474,0.00000000,0.11419987,0.00000000,0.05455147,0.00000000
ROT SPY+IWM+VEA+VWO+VNQ+DBC+IEF+TLT top4 1-3-6-12U can TIP/1 fb best(BIL+IEF),sens,sens_2018-02-01,2018-02-01,2023-02-01,false,true,"{""*"": 6, ""ACWX"": 3, ""AGG"": 1, ""BIL"": 1, ""BND"": 1.5, ""BTAL"": 6, ""DBC"": 3, ""DBMF"": 3, ""EEM"": 1, ""EFA"": 1, ""IEF"": 1, ""IWM"": 1, ""KMLM"": 6, ""LQD"": 1.5, ""QQQ"": 1, ""SCZ"": 5, ""SHY"": 1, ""SPY"": 0.7, ""TIP"": 2, ""TLT"": 1, ""TQQQ"": 1.5, ""VEA"": 1.5, ""VEU"": 2, ""VNQ"": 1.5, ""VTI"": 1, ""VWO"": 2}",0.03000000,tests/data/2026-08-24-net15,4,1-3-6-12U,0.00780586,0.03375275,0.00466143,0.02312456,57832.85006474,40000.00000000,17832.85006474,0.44582125,0.10729890,0.11995164,1.03507507,0.10385050,1.45268067,1.20810801,-0.08881565,167,2021,0.23473765,2023,0.00235433,845542.29707911,108.72236419,2.67479245,0.00271806,0.28225317,0.00000000,0.07367264,0.00000000,0.10995911,0.00000000,0.09723903,0.00000000,0.14004895,0.00000000,0.07296738,0.00000000,0.05304287,0.00000000,0.10166788,0.00000000,0.06130723,0.00000000
ROT SPY+IWM+VEA+VWO+VNQ+DBC+IEF+TLT top4 13612W can TIP/1 fb best(BIL+IEF),sens,sens_2018-02-01,2018-02-01,2023-02-01,false,true,"{""*"": 6, ""ACWX"": 3, ""AGG"": 1, ""BIL"": 1, ""BND"": 1.5, ""BTAL"": 6, ""DBC"": 3, ""DBMF"": 3, ""EEM"": 1, ""EFA"": 1, ""IEF"": 1, ""IWM"": 1, ""KMLM"": 6, ""LQD"": 1.5, ""QQQ"": 1, ""SCZ"": 5, ""SHY"": 1, ""SPY"": 0.7, ""TIP"": 2, ""TLT"": 1, ""TQQQ"": 1.5, ""VEA"": 1.5, ""VEU"": 2, ""VNQ"": 1.5, ""VTI"": 1, ""VWO"": 2}",0.03000000,tests/data/2026-08-24-net15,4,13612W,0.00728403,0.02587598,0.00457414,0.01719843,50573.80178148,40000.00000000,10573.80178148,0.26434504,0.07729176,0.07602212,0.79078813,0.10072054,1.09862501,0.77741264,-0.09942179,,2020,0.23191069,2022,-0.03197118,1572253.33204199,205.44352599,5.18730199,0.00513609,0.32316642,0.00000000,0.06141708,0.00000000,0.09791413,0.00000000,0.10507703,0.00000000,0.12399632,0.00000000,0.05660568,0.00000000,0.06537766,0.00000000,0.08963272,0.00000000,0.06946929,0.00000000
ROT SPY+IWM+VEA+VWO+VNQ+DBC+IEF+TLT top4 12M can TIP/1 fb best(BIL+IEF),sens,sens_2018-02-01,2018-02-01,2023-02-01,false,true,"{""*"": 6, ""ACWX"": 3, ""AGG"": 1, ""BIL"": 1, ""BND"": 1.5, ""BTAL"": 6, ""DBC"": 3, ""DBMF"": 3, ""EEM"": 1, ""EFA"": 1, ""IEF"": 1, ""IWM"": 1, ""KMLM"": 6, ""LQD"": 1.5, ""QQQ"": 1, ""SCZ"": 5, ""SHY"": 1, ""SPY"": 0.7, ""TIP"": 2, ""TLT"": 1, ""TQQQ"": 1.5, ""VEA"": 1.5, ""VEU"": 2, ""VNQ"": 1.5, ""VTI"": 1, ""VWO"": 2}",0.03000000,tests/data/2026-08-24-net15,4,12M,0.01022405,0.03375275,0.00624446,0.02312456,48911.39830101,40000.00000000,8911.39830101,0.22278496,0.05797812,0.06513353,0.57737819,0.10789213,0.77108802,0.33248279,-0.17437931,325,2021,0.18518605,2022,-0.02048418,513835.10904883,64.91649498,1.81081163,0.00162291,0.26171476,0.00000000,0.06549356,0.00000000,0.10977944,0.00000000,0.08873511,0.00000000,0.16690520,0.00000000,0.08909374,0.00000000,0.05306879,0.00000000,0.09365813,0.00000000,0.06130221,0.00000000
ROT SPY+IWM+VEA+VWO+VNQ+DBC+IEF+TLT top5 1-3-6-12U can TIP/1 fb best(BIL+IEF),sens,sens_2018-02-01,2018-02-01,2023-02-01,false,true,"{""*"": 6, ""ACWX"": 3, ""AGG"": 1, ""BIL"": 1, ""BND"": 1.5, ""BTAL"": 6, ""DBC"": 3, ""DBMF"": 3, ""EEM"": 1, ""EFA"": 1, ""IEF"": 1, ""IWM"": 1, ""KMLM"": 6, ""LQD"": 1.5, ""QQQ"": 1, ""SCZ"": 5, ""SHY"": 1, ""SPY"": 0.7, ""TIP"": 2, ""TLT"": 1, ""TQQQ"": 1.5, ""VEA"": 1.5, ""VEU"": 2, ""VNQ"": 1.5, ""VTI"": 1, ""VWO"": 2}",0.03000000,tests/data/2026-08-24-net15,5,1-3-6-12U,0.00982650,0.04379466,0.00541649,0.02354133,55440.50778645,40000.00000000,15440.50778645,0.38601269,0.09515828,0.10607129,0.98118707,0.09765760,1.38190871,1.06979667,-0.08894987,171,2021,0.21062634,2018,-0.01114302,756624.89171175,99.70556048,2.44323558,0.00249264,0.28804749,0.00000000,0.07201349,0.00000000,0.11082873,0.00000000,0.09618888,0.00000000,0.12724231,0.00000000,0.06776772,0.00000000,0.08490896,0.00000000,0.08768315,0.00000000,0.05545775,0.00000000
ROT SPY+IWM+VEA+VWO+VNQ+DBC+IEF+TLT top5 13612W can TIP/1 fb best(BIL+IEF),sens,sens_2018-02-01,2018-02-01,2023-02-01,false,true,"{""*"": 6, ""ACWX"": 3, ""AGG"": 1, ""BIL"": 1, ""BND"": 1.5, ""BTAL"": 6, ""DBC"": 3, ""DBMF"": 3, ""EEM"": 1, ""EFA"": 1, ""IEF"": 1, ""IWM"": 1, ""KMLM"": 6, ""LQD"": 1.5, ""QQQ"": 1, ""SCZ"": 5, ""SHY"": 1, ""SPY"": 0.7, ""TIP"": 2, ""TLT"": 1, ""TQQQ"": 1.5, ""VEA"": 1.5, ""VEU"": 2, ""VNQ"": 1.5, ""VTI"": 1, ""VWO"": 2}",0.03000000,tests/data/2026-08-24-net15,5,13612W,0.00836770,0.02779735,0.00488478,0.01816904,49369.41163605,40000.00000000,9369.41163605,0.23423529,0.07194074,0.06816783,0.80345418,0.09186199,1.10938147,0.67126645,-0.10717165,,2020,0.21905123,2022,-0.04517162,1457400.01433606,188.42373228,4.86253019,0.00471059,0.32727140,0.00000000,0.06874022,0.00000000,0.11426456,0.00000000,0.09341992,0.00000000,0.10790876,0.00000000,0.06487706,0.00000000,0.07511177,0.00000000,0.08124571,0.00000000,0.05873781,0.00000000
ROT SPY+IWM+VEA+VWO+VNQ+DBC+IEF+TLT top5 12M can TIP/1 fb best(BIL+IEF),sens,sens_2018-02-01,2018-02-01,2023-02-01,false,true,"{""*"": 6, ""ACWX"": 3, ""AGG"": 1, ""BIL"": 1, ""BND"": 1.5, ""BTAL"": 6, ""DBC"": 3, ""DBMF"": 3, ""EEM"": 1, ""EFA"": 1, ""IEF"": 1, ""IWM"": 1, ""KMLM"": 6, ""LQD"": 1.5, ""QQQ"": 1, ""SCZ"": 5, ""SHY"": 1, ""SPY"": 0.7, ""TIP"": 2, ""TLT"": 1, ""TQQQ"": 1.5, ""VEA"": 1.5, ""VEU"": 2, ""VNQ"": 1.5, ""VTI"": 1, ""VWO"": 2}",0.03000000,tests/data/2026-08-24-net15,5,12M,0.01112315,0.04379466,0.00625802,0.02354133,45574.02008717,40000.00000000,5574.02008717,0.13935050,0.03504635,0.04217664,0.37947472,0.10575491,0.49251587,0.16525418,-0.21207545,454,2021,0.15984726,2020,-0.03658001,469490.72729159,62.11956578,1.75126209,0.00155299,0.27171284,0.00000000,0.06544277,0.00000000,0.12693695,0.00000000,0.07691498,0.00000000,0.13573179,0.00000000,0.07754544,0.00000000,0.08486554,0.00000000,0.07794858,0.00000000,0.07175124,0.00000000
SPY12.5/IWM12.5/VEA12.5/VWO12.5/VNQ12.5/DBC12.5/IEF12.5/TLT12.5,sens,sens_2018-02-01,2018-02-01,2023-02-01,true,true,"{""*"": 6, ""ACWX"": 3, ""AGG"": 1, ""BIL"": 1, ""BND"": 1.5, ""BTAL"": 6, ""DBC"": 3, ""DBMF"": 3, ""EEM"": 1, ""EFA"": 1, ""IEF"": 1, ""IWM"": 1, ""KMLM"": 6, ""LQD"": 1.5, ""QQQ"": 1, ""SCZ"": 5, ""SHY"": 1, ""SPY"": 0.7, ""TIP"": 2, ""TLT"": 1, ""TQQQ"": 1.5, ""VEA"": 1.5, ""VEU"": 2, ""VNQ"": 1.5, ""VTI"": 1, ""VWO"": 2}",0.03000000,tests/data/2026-08-24-net15,,,0.01745000,0.05228477,0.00693605,0.02416647,46456.39240586,40000.00000000,6456.39240586,0.16140981,0.04676854,0.04839728,0.40737857,0.13482622,0.54478170,0.19033270,-0.24571993,191,2019,0.19774201,2022,-0.16008435,64232.17030940,9.47882514,0.22826866,0.00023697,,,0.12467447,0.12401984,0.12269400,0.11829398,0.12181955,0.11476465,0.11896351,0.10083353,0.12265215,0.11754651,0.12420683,0.12150595,0.12333820,0.12044242,0.12419769,0.12210204
ROT SPY top1 1-3-6-12U can TIP/1 fb best(BIL+IEF),sens,sens_2018-02-01,2018-02-01,2023-02-01,true,true,"{""*"": 6, ""ACWX"": 3, ""AGG"": 1, ""BIL"": 1, ""BND"": 1.5, ""BTAL"": 6, ""DBC"": 3, ""DBMF"": 3, ""EEM"": 1, ""EFA"": 1, ""IEF"": 1, ""IWM"": 1, ""KMLM"": 6, ""LQD"": 1.5, ""QQQ"": 1, ""SCZ"": 5, ""SHY"": 1, ""SPY"": 0.7, ""TIP"": 2, ""TLT"": 1, ""TQQQ"": 1.5, ""VEA"": 1.5, ""VEU"": 2, ""VNQ"": 1.5, ""VTI"": 1, ""VWO"": 2}",0.03000000,tests/data/2026-08-24-net15,,,0.00396025,0.01683869,0.00398068,0.01687310,62641.13254903,40000.00000000,22641.13254903,0.56602831,0.14117695,0.14631214,1.11070186,0.12631583,1.51943361,1.05674342,-0.13359624,107,2021,0.28362936,2022,-0.00662150,715352.78786547,61.02439691,2.07988641,0.00152561,0.27823438,0.00000000,,,0.06544674,0.00000000,,,0.65233820,0.00000000,,,,,,,,
SPY benchmark,sens,sens_2018-02-01,2018-02-01,2023-02-01,true,true,"{""*"": 6, ""ACWX"": 3, ""AGG"": 1, ""BIL"": 1, ""BND"": 1.5, ""BTAL"": 6, ""DBC"": 3, ""DBMF"": 3, ""EEM"": 1, ""EFA"": 1, ""IEF"": 1, ""IWM"": 1, ""KMLM"": 6, ""LQD"": 1.5, ""QQQ"": 1, ""SCZ"": 5, ""SHY"": 1, ""SPY"": 0.7, ""TIP"": 2, ""TLT"": 1, ""TQQQ"": 1.5, ""VEA"": 1.5, ""VEU"": 2, ""VNQ"": 1.5, ""VTI"": 1, ""VWO"": 2}",0.03000000,tests/data/2026-08-24-net15,,,0.00592179,0.02149889,0.00592305,0.02150041,53979.00772981,40000.00000000,13979.00772981,0.34947519,0.09438543,0.09731505,0.52762368,0.21539118,0.72830389,0.27960967,-0.33756139,175,2019,0.30616340,2022,-0.18254655,39822.34094941,2.78756387,0.12607203,0.00006969,,,,,,,,,0.99407695,0.97849959,,,,,,,,
ROT SPY+IWM+VEA+VWO+VNQ+DBC+IEF+TLT top3 1-3-6-12U can TIP/1 fb best(BIL+IEF),sens,sens_2018-08-01,2018-08-01,2023-08-01,false,true,"{""*"": 6, ""ACWX"": 3, ""AGG"": 1, ""BIL"": 1, ""BND"": 1.5, ""BTAL"": 6, ""DBC"": 3, ""DBMF"": 3, ""EEM"": 1, ""EFA"": 1, ""IEF"": 1, ""IWM"": 1, ""KMLM"": 6, ""LQD"": 1.5, ""QQQ"": 1, ""SCZ"": 5, ""SHY"": 1, ""SPY"": 0.7, ""TIP"": 2, ""TLT"": 1, ""TQQQ"": 1.5, ""VEA"": 1.5, ""VEU"": 2, ""VNQ"": 1.5, ""VTI"": 1, ""VWO"": 2}",0.03000000,tests/data/2026-08-24-net15,3,1-3-6-12U,0.00650285,0.03231440,0.00429768,0.01856971,59254.82248406,40000.00000000,19254.82248406,0.48137056,0.12720472,0.12807651,1.16551710,0.10799631,1.68513510,1.16004528,-0.10965496,179,2021,0.24274149,2023,0.01243891,1071396.91323070,131.26209233,3.19437795,0.00328155,0.31108707,0.00000000,0.06553248,0.00000000,0.09214253,0.00000000,0.08630332,0.00000000,0.15056427,0.00000000,0.08637640,0.00000000,0.03273570,0.00000000,0.11418861,0.00000000,0.05453344,0.00000000
ROT SPY+IWM+VEA+VWO+VNQ+DBC+IEF+TLT top3 13612W can TIP/1 fb best(BIL+IEF),sens,sens_2018-08-01,2018-08-01,2023-08-01,false,true,"{""*"": 6, ""ACWX"": 3, ""AGG"": 1, ""BIL"": 1, ""BND"": 1.5, ""BTAL"": 6, ""DBC"": 3, ""DBMF"": 3, ""EEM"": 1, ""EFA"": 1, ""IEF"": 1, ""IWM"": 1, ""KMLM"": 6, ""LQD"": 1.5, ""QQQ"": 1, ""SCZ"": 5, ""SHY"": 1, ""SPY"": 0.7, ""TIP"": 2, ""TLT"": 1, ""TQQQ"": 1.5, ""VEA"": 1.5, ""VEU"": 2, ""VNQ"": 1.5, ""VTI"": 1, ""VWO"": 2}",0.03000000,tests/data/2026-08-24-net15,3,13612W,0.00596009,0.02620132,0.00417966,0.01733205,48054.31596686,40000.00000000,8054.31596686,0.20135790,0.07004267,0.05944351,0.68546187,0.10742274,0.96524867,0.55877542,-0.12535031,,2020,0.25833629,2023,-0.04256199,1674340.08041238,213.92095028,5.47609168,0.00534802,0.33284796,0.00000000,0.05460396,0.00000000,0.09243391,0.00000000,0.08669565,0.00000000,0.13379154,0.00000000,0.07036556,0.00000000,0.05452236,0.00000000,0.10331968,0.00000000,0.06540030,0.00000000
ROT SPY+IWM+VEA+VWO+VNQ+DBC+IEF+TLT top3 12M can TIP/1 fb best(BIL+IEF),sens,sens_2018-08-01,2018-08-01,2023-08-01,false,true,"{""*"": 6, ""ACWX"": 3, ""AGG"": 1, ""BIL"": 1, ""BND"": 1.5, ""BTAL"": 6, ""DBC"": 3, ""DBMF"": 3, ""EEM"": 1, ""EFA"": 1, ""IEF"": 1, ""IWM"": 1, ""KMLM"": 6, ""LQD"": 1.5, ""QQQ"": 1, ""SCZ"": 5, ""SHY"": 1, ""SPY"": 0.7, ""TIP"": 2, ""TLT"": 1, ""TQQQ"": 1.5, ""VEA"": 1.5, ""VEU"": 2, ""VNQ"": 1.5, ""VTI"": 1, ""VWO"": 2}",0.03000000,tests/data/2026-08-24-net15,3,12M,0.00704809,0.02948560,0.00484385,0.01893746,52103.32463715,40000.00000000,12103.32463715,0.30258312,0.08752267,0.08583338,0.88857314,0.10032669,1.23195507,0.61038553,-0.14338917,193,2021,0.21092051,2023,0.02256496,500352.02021936,61.99350913,1.66399534,0.00154984,0.32743515,0.00000000,0.07644086,0.00000000,0.08148859,0.00000000,0.08072531,0.00000000,0.15527018,0.00000000,0.11370185,0.00000000,0.00000000,0.00000000,0.11425496,0.00000000,0.04361326,0.00000000
ROT SPY+IWM+VEA+VWO+VNQ+DBC+IEF+TLT top4 1-3-6-12U can TIP/1 fb best(BIL+IEF),sens,sens_2018-08-01,2018-08-01,2023-08-01,false,true,"{""*"": 6, ""ACWX"": 3, ""AGG"": 1, ""BIL"": 1, ""BND"": 1.5, ""BTAL"": 6, ""DBC"": 3, ""DBMF"": 3, ""EEM"": 1, ""EFA"": 1, ""IEF"": 1, ""IWM"": 1, ""KMLM"": 6, ""LQD"": 1.5, ""QQQ"": 1, ""SCZ"": 5, ""SHY"": 1, ""SPY"": 0.7, ""TIP"": 2, ""TLT"": 1, ""TQQQ"": 1.5, ""VEA"": 1.5, ""VEU"": 2, ""VNQ"": 1.5, ""VTI"": 1, ""VWO"": 2}",0.03000000,tests/data/2026-08-24-net15,4,1-3-6-12U,0.00785343,0.03114409,0.00468054,0.02206915,56274.03960500,40000.00000000,16274.03960500,0.40685099,0.11291937,0.11107891,1.14329089,0.09801198,1.64046190,1.27943554,-0.08825718,167,2021,0.23338932,2023,0.00776511,889000.95527668,111.29059050,2.73233113,0.00278226,0.31522596,0.00000000,0.06139311,0.00000000,0.11803939,0.00000000,0.08080341,0.00000000,0.13583977,0.00000000,0.07293901,0.00000000,0.05312934,0.00000000,0.09347823,0.00000000,0.06126707,0.00000000
ROT SPY+IWM+VEA+VWO+VNQ+DBC+IEF+TLT top4 13612W can TIP/1 fb best(BIL+IEF),sens,sens_2018-08-01,2018-08-01,2023-08-01,false,true,"{""*"": 6, ""ACWX"": 3, ""AGG"": 1, ""BIL"": 1, ""BND"": 1.5, ""BTAL"": 6, ""DBC"": 3, ""DBMF"": 3, ""EEM"": 1, ""EFA"": 1, ""IEF"": 1, ""IWM"": 1, ""KMLM"": 6, ""LQD"": 1.5, ""QQQ"": 1, ""SCZ"": 5, ""SHY"": 1, ""SPY"": 0.7, ""TIP"": 2, ""TLT"": 1, ""TQQQ"": 1.5, ""VEA"": 1.5, ""VEU"": 2, ""VNQ"": 1.5, ""VTI"": 1, ""VWO"": 2}",0.03000000,tests/data/2026-08-24-net15,4,13612W,0.00751663,0.02433135,0.00461413,0.01518996,46651.00249913,40000.00000000,6651.00249913,0.16627506,0.06239716,0.04980546,0.65215947,0.10083834,0.90050730,0.47008779,-0.13273511,,2020,0.23116407,2023,-0.03849926,1557683.15851992,197.88644453,5.18576910,0.00494716,0.33966554,0.00000000,0.04912957,0.00000000,0.10592316,0.00000000,0.09314841,0.00000000,0.12366972,0.00000000,0.06059787,0.00000000,0.07356728,0.00000000,0.08143344,0.00000000,0.06529197,0.00000000
ROT SPY+IWM+VEA+VWO+VNQ+DBC+IEF+TLT top4 12M can TIP/1 fb best(BIL+IEF),sens,sens_2018-08-01,2018-08-01,2023-08-01,false,true,"{""*"": 6, ""ACWX"": 3, ""AGG"": 1, ""BIL"": 1, ""BND"": 1.5, ""BTAL"": 6, ""DBC"": 3, ""DBMF"": 3, ""EEM"": 1, ""EFA"": 1, ""IEF"": 1, ""IWM"": 1, ""KMLM"": 6, ""LQD"": 1.5, ""QQQ"": 1, ""SCZ"": 5, ""SHY"": 1, ""SPY"": 0.7, ""TIP"": 2, ""TLT"": 1, ""TQQQ"": 1.5, ""VEA"": 1.5, ""VEU"": 2, ""VNQ"": 1.5, ""VTI"": 1, ""VWO"": 2}",0.03000000,tests/data/2026-08-24-net15,4,12M,0.00886898,0.03241923,0.00529097,0.02206915,49369.18669307,40000.00000000,9369.18669307,0.23422967,0.07259812,0.06823566,0.74774165,0.10077013,1.01295903,0.41344462,-0.17559333,326,2021,0.18488620,2022,-0.01962749,381520.32244486,48.67299608,1.30543268,0.00121682,0.32737764,0.00000000,0.05729292,0.00000000,0.10980026,0.00000000,0.07259327,0.00000000,0.15159224,0.00000000,0.08901445,0.00000000,0.04080604,0.00000000,0.09362440,0.00000000,0.04901288,0.00000000
ROT SPY+IWM+VEA+VWO+VNQ+DBC+IEF+TLT top5 1-3-6-12U can TIP/1 fb best(BIL+IEF),sens,sens_2018-08-01,2018-08-01,2023-08-01,false,true,"{""*"": 6, ""ACWX"": 3, ""AGG"": 1, ""BIL"": 1, ""BND"": 1.5, ""BTAL"": 6, ""DBC"": 3, ""DBMF"": 3, ""EEM"": 1, ""EFA"": 1, ""IEF"": 1, ""IWM"": 1, ""KMLM"": 6, ""LQD"": 1.5, ""QQQ"": 1, ""SCZ"": 5, ""SHY"": 1, ""SPY"": 0.7, ""TIP"": 2, ""TLT"": 1, ""TQQQ"": 1.5, ""VEA"": 1.5, ""VEU"": 2, ""VNQ"": 1.5, ""VTI"": 1, ""VWO"": 2}",0.03000000,tests/data/2026-08-24-net15,5,1-3-6-12U,0.00912716,0.03193656,0.00519241,0.02272045,54061.26208879,40000.00000000,14061.26208879,0.35153155,0.10127873,0.09791103,1.08942490,0.09271567,1.56555705,1.13730277,-0.08905168,171,2021,0.21027531,2023,0.00467748,816757.01278693,102.93363755,2.56649740,0.00257334,0.31764118,0.00000000,0.05891684,0.00000000,0.12044464,0.00000000,0.08391531,0.00000000,0.12051504,0.00000000,0.07091668,0.00000000,0.08165110,0.00000000,0.08129998,0.00000000,0.05554222,0.00000000
ROT SPY+IWM+VEA+VWO+VNQ+DBC+IEF+TLT top5 13612W can TIP/1 fb best(BIL+IEF),sens,sens_2018-08-01,2018-08-01,2023-08-01,false,true,"{""*"": 6, ""ACWX"": 3, ""AGG"": 1, ""BIL"": 1, ""BND"": 1.5, ""BTAL"": 6, ""DBC"": 3, ""DBMF"": 3, ""EEM"": 1, ""EFA"": 1, ""IEF"": 1, ""IWM"": 1, ""KMLM"": 6, ""LQD"": 1.5, ""QQQ"": 1, ""SCZ"": 5, ""SHY"": 1, ""SPY"": 0.7, ""TIP"": 2, ""TLT"": 1, ""TQQQ"": 1.5, ""VEA"": 1.5, ""VEU"": 2, ""VNQ"": 1.5, ""VTI"": 1, ""VWO"": 2}",0.03000000,tests/data/2026-08-24-net15,5,13612W,0.00811603,0.02653832,0.00466901,0.01626294,45365.78785279,40000.00000000,5365.78785279,0.13414470,0.05617186,0.04073419,0.63777449,0.09262948,0.87407171,0.40226131,-0.13964023,,2020,0.21959327,2022,-0.04526969,1453190.05747787,184.16545131,4.90384080,0.00460414,0.34374872,0.00000000,0.05893613,0.00000000,0.12068272,0.00000000,0.08390801,0.00000000,0.10794149,0.00000000,0.06164699,0.00000000,0.07837065,0.00000000,0.07457621,0.00000000,0.06202066,0.00000000
ROT SPY+IWM+VEA+VWO+VNQ+DBC+IEF+TLT top5 12M can TIP/1 fb best(BIL+IEF),sens,sens_2018-08-01,2018-08-01,2023-08-01,false,true,"{""*"": 6, ""ACWX"": 3, ""AGG"": 1, ""BIL"": 1, ""BND"": 1.5, ""BTAL"": 6, ""DBC"": 3, ""DBMF"": 3, ""EEM"": 1, ""EFA"": 1, ""IEF"": 1, ""IWM"": 1, ""KMLM"": 6, ""LQD"": 1.5, ""QQQ"": 1, ""SCZ"": 5, ""SHY"": 1, ""SPY"": 0.7, ""TIP"": 2, ""TLT"": 1, ""TQQQ"": 1.5, ""VEA"": 1.5, ""VEU"": 2, ""VNQ"": 1.5, ""VTI"": 1, ""VWO"": 2}",0.03000000,tests/data/2026-08-24-net15,5,12M,0.00964990,0.02943628,0.00544772,0.02272045,46240.32757615,40000.00000000,6240.32757615,0.15600819,0.04717339,0.04693292,0.51417208,0.09957099,0.67210255,0.22329691,-0.21125858,454,2021,0.16063729,2020,-0.03625245,344747.62372037,45.46801164,1.25619558,0.00113670,0.33708296,0.00000000,0.05235783,0.00000000,0.12678592,0.00000000,0.06440264,0.00000000,0.12342496,0.00000000,0.07784430,0.00000000,0.07179761,0.00000000,0.07787922,0.00000000,0.05875628,0.00000000
SPY12.5/IWM12.5/VEA12.5/VWO12.5/VNQ12.5/DBC12.5/IEF12.5/TLT12.5,sens,sens_2018-08-01,2018-08-01,2023-08-01,true,true,"{""*"": 6, ""ACWX"": 3, ""AGG"": 1, ""BIL"": 1, ""BND"": 1.5, ""BTAL"": 6, ""DBC"": 3, ""DBMF"": 3, ""EEM"": 1, ""EFA"": 1, ""IEF"": 1, ""IWM"": 1, ""KMLM"": 6, ""LQD"": 1.5, ""QQQ"": 1, ""SCZ"": 5, ""SHY"": 1, ""SPY"": 0.7, ""TIP"": 2, ""TLT"": 1, ""TQQQ"": 1.5, ""VEA"": 1.5, ""VEU"": 2, ""VNQ"": 1.5, ""VTI"": 1, ""VWO"": 2}",0.03000000,tests/data/2026-08-24-net15,,,0.01876427,0.04900698,0.00748924,0.02369740,45862.93067902,40000.00000000,5862.93067902,0.14657327,0.04828551,0.04427172,0.41797279,0.13503254,0.56134816,0.19594493,-0.24642388,195,2019,0.19804642,2022,-0.15913358,61426.30574544,9.19368828,0.21827006,0.00022984,,,0.12464068,0.12381354,0.12276086,0.11747825,0.12144471,0.11255000,0.11810248,0.10130260,0.12279345,0.11666326,0.12415465,0.12150229,0.12323654,0.11962286,0.12409879,0.12241035
ROT SPY top1 1-3-6-12U can TIP/1 fb best(BIL+IEF),sens,sens_2018-08-01,2018-08-01,2023-08-01,true,true,"{""*"": 6, ""ACWX"": 3, ""AGG"": 1, ""BIL"": 1, ""BND"": 1.5, ""BTAL"": 6, ""DBC"": 3, ""DBMF"": 3, ""EEM"": 1, ""EFA"": 1, ""IEF"": 1, ""IWM"": 1, ""KMLM"": 6, ""LQD"": 1.5, ""QQQ"": 1, ""SCZ"": 5, ""SHY"": 1, ""SPY"": 0.7, ""TIP"": 2, ""TLT"": 1, ""TQQQ"": 1.5, ""VEA"": 1.5, ""VEU"": 2, ""VNQ"": 1.5, ""VTI"": 1, ""VWO"": 2}",0.03000000,tests/data/2026-08-24-net15,,,0.00420039,0.01633621,0.00421819,0.01633680,61414.34272661,40000.00000000,21414.34272661,0.53535857,0.14606976,0.13990377,1.18934662,0.12111020,1.65490948,1.09487682,-0.13341205,107,2021,0.28284841,2022,-0.00645253,780838.72417147,66.52341787,2.24045506,0.00166309,0.31101486,0.00000000,,,0.06545092,0.00000000,,,0.61931603,0.00000000,,,,,,,,
SPY benchmark,sens,sens_2018-08-01,2018-08-01,2023-08-01,true,true,"{""*"": 6, ""ACWX"": 3, ""AGG"": 1, ""BIL"": 1, ""BND"": 1.5, ""BTAL"": 6, ""DBC"": 3, ""DBMF"": 3, ""EEM"": 1, ""EFA"": 1, ""IEF"": 1, ""IWM"": 1, ""KMLM"": 6, ""LQD"": 1.5, ""QQQ"": 1, ""SCZ"": 5, ""SHY"": 1, ""SPY"": 0.7, ""TIP"": 2, ""TLT"": 1, ""TQQQ"": 1.5, ""VEA"": 1.5, ""VEU"": 2, ""VNQ"": 1.5, ""VTI"": 1, ""VWO"": 2}",0.03000000,tests/data/2026-08-24-net15,,,0.00604774,0.01558648,0.00604899,0.01558703,57936.27652094,40000.00000000,17936.27652094,0.44840691,0.11719960,0.12065771,0.62860427,0.21297746,0.87438736,0.34886244,-0.33594789,173,2019,0.30594202,2022,-0.18346882,40020.28749555,2.80142012,0.12581845,0.00007004,,,,,,,,,0.99395101,0.98441297,,,,,,,,
ROT SPY+IWM+VEA+VWO+VNQ+DBC+IEF+TLT top3 1-3-6-12U can TIP/1 fb best(BIL+IEF),sens,sens_2019-02-01,2019-02-01,2024-02-01,false,true,"{""*"": 6, ""ACWX"": 3, ""AGG"": 1, ""BIL"": 1, ""BND"": 1.5, ""BTAL"": 6, ""DBC"": 3, ""DBMF"": 3, ""EEM"": 1, ""EFA"": 1, ""IEF"": 1, ""IWM"": 1, ""KMLM"": 6, ""LQD"": 1.5, ""QQQ"": 1, ""SCZ"": 5, ""SHY"": 1, ""SPY"": 0.7, ""TIP"": 2, ""TLT"": 1, ""TQQQ"": 1.5, ""VEA"": 1.5, ""VEU"": 2, ""VNQ"": 1.5, ""VTI"": 1, ""VWO"": 2}",0.03000000,tests/data/2026-08-24-net15,3,1-3-6-12U,0.00732454,0.02573375,0.00485858,0.02042172,59020.51763617,40000.00000000,19020.51763617,0.47551294,0.13263085,0.12666194,1.19519866,0.10938671,1.72876225,1.21709179,-0.10897358,179,2021,0.24198016,2024,-0.01260545,1112191.74668555,140.39364383,3.27909190,0.00350984,0.31119124,0.00000000,0.06552001,0.00000000,0.07588706,0.00000000,0.08651952,0.00000000,0.15487883,0.00000000,0.08636604,0.00000000,0.04363321,0.00000000,0.10867833,0.00000000,0.05996790,0.00000000
ROT SPY+IWM+VEA+VWO+VNQ+DBC+IEF+TLT top3 13612W can TIP/1 fb best(BIL+IEF),sens,sens_2019-02-01,2019-02-01,2024-02-01,false,true,"{""*"": 6, ""ACWX"": 3, ""AGG"": 1, ""BIL"": 1, ""BND"": 1.5, ""BTAL"": 6, ""DBC"": 3, ""DBMF"": 3, ""EEM"": 1, ""EFA"": 1, ""IEF"": 1, ""IWM"": 1, ""KMLM"": 6, ""LQD"": 1.5, ""QQQ"": 1, ""SCZ"": 5, ""SHY"": 1, ""SPY"": 0.7, ""TIP"": 2, ""TLT"": 1, ""TQQQ"": 1.5, ""VEA"": 1.5, ""VEU"": 2, ""VNQ"": 1.5, ""VTI"": 1, ""VWO"": 2}",0.03000000,tests/data/2026-08-24-net15,3,13612W,0.00637289,0.02454947,0.00443341,0.01813625,48851.92873637,40000.00000000,8851.92873637,0.22129822,0.07695762,0.06474599,0.73387172,0.10933707,1.04045902,0.61409344,-0.12531907,,2020,0.25959294,2024,-0.02799330,1639820.62713197,206.89708253,5.40272013,0.00517243,0.33291408,0.00000000,0.05460149,0.00000000,0.06521132,0.00000000,0.08650491,0.00000000,0.13877348,0.00000000,0.07585356,0.00000000,0.06542331,0.00000000,0.10889023,0.00000000,0.06539753,0.00000000
ROT SPY+IWM+VEA+VWO+VNQ+DBC+IEF+TLT top3 12M can TIP/1 fb best(BIL+IEF),sens,sens_2019-02-01,2019-02-01,2024-02-01,false,true,"{""*"": 6, ""ACWX"": 3, ""AGG"": 1, ""BIL"": 1, ""BND"": 1.5, ""BTAL"": 6, ""DBC"": 3, ""DBMF"": 3, ""EEM"": 1, ""EFA"": 1, ""IEF"": 1, ""IWM"": 1, ""KMLM"": 6, ""LQD"": 1.5, ""QQQ"": 1, ""SCZ"": 5, ""SHY"": 1, ""SPY"": 0.7, ""TIP"": 2, ""TLT"": 1, ""TQQQ"": 1.5, ""VEA"": 1.5, ""VEU"": 2, ""VNQ"": 1.5, ""VTI"": 1, ""VWO"": 2}",0.03000000,tests/data/2026-08-24-net15,3,12M,0.00853951,0.02484093,0.00558902,0.02000582,49446.87851763,40000.00000000,9446.87851763,0.23617196,0.07614384,0.06868733,0.77048528,0.10218508,1.06534972,0.53067869,-0.14348388,193,2021,0.21027639,2024,0.00074899,675578.16597740,81.07959394,2.25582069,0.00202699,0.31111850,0.00000000,0.06552356,0.00000000,0.08114633,0.00000000,0.08101814,0.00000000,0.15985725,0.00000000,0.11333563,0.00000000,0.01637185,0.00000000,0.11401557,0.00000000,0.04905048,0.00000000
ROT SPY+IWM+VEA+VWO+VNQ+DBC+IEF+TLT top4 1-3-6-12U can TIP/1 fb best(BIL+IEF),sens,sens_2019-02-01,2019-02-01,2024-02-01,false,true,"{""*"": 6, ""ACWX"": 3, ""AGG"": 1, ""BIL"": 1, ""BND"": 1.5, ""BTAL"": 6, ""DBC"": 3, ""DBMF"": 3, ""EEM"": 1, ""EFA"": 1, ""IEF"": 1, ""IWM"": 1, ""KMLM"": 6, ""LQD"": 1.5, ""QQQ"": 1, ""SCZ"": 5, ""SHY"": 1, ""SPY"": 0.7, ""TIP"": 2, ""TLT"": 1, ""TQQQ"": 1.5, ""VEA"": 1.5, ""VEU"": 2, ""VNQ"": 1.5, ""VTI"": 1, ""VWO"": 2}",0.03000000,tests/data/2026-08-24-net15,4,1-3-6-12U,0.00823150,0.02649513,0.00498867,0.01913261,56954.40895057,40000.00000000,16954.40895057,0.42386022,0.11951651,0.11493257,1.18683136,0.09945328,1.70997611,1.36895374,-0.08730500,167,2021,0.23278623,2024,-0.01083081,883206.58016785,111.03387341,2.70005105,0.00277585,0.31526188,0.00000000,0.05321770,0.00000000,0.10581938,0.00000000,0.08077710,0.00000000,0.13976344,0.00000000,0.07280855,0.00000000,0.06541265,0.00000000,0.09335941,0.00000000,0.06531932,0.00000000
ROT SPY+IWM+VEA+VWO+VNQ+DBC+IEF+TLT top4 13612W can TIP/1 fb best(BIL+IEF),sens,sens_2019-02-01,2019-02-01,2024-02-01,false,true,"{""*"": 6, ""ACWX"": 3, ""AGG"": 1, ""BIL"": 1, ""BND"": 1.5, ""BTAL"": 6, ""DBC"": 3, ""DBMF"": 3, ""EEM"": 1, ""EFA"": 1, ""IEF"": 1, ""IWM"": 1, ""KMLM"": 6, ""LQD"": 1.5, ""QQQ"": 1, ""SCZ"": 5, ""SHY"": 1, ""SPY"": 0.7, ""TIP"": 2, ""TLT"": 1, ""TQQQ"": 1.5, ""VEA"": 1.5, ""VEU"": 2, ""VNQ"": 1.5, ""VTI"": 1, ""VWO"": 2}",0.03000000,tests/data/2026-08-24-net15,4,13612W,0.00931830,0.03549920,0.00581107,0.02239821,47933.01634930,40000.00000000,7933.01634930,0.19832541,0.07122073,0.05856865,0.72362729,0.10249358,1.00690665,0.53621976,-0.13282004,,2020,0.23270188,2022,-0.03181493,1467014.42573018,187.83661349,4.93277030,0.00469592,0.33970473,0.00000000,0.04910930,0.00000000,0.07733546,0.00000000,0.09282565,0.00000000,0.13059255,0.00000000,0.06460180,0.00000000,0.08170047,0.00000000,0.08539676,0.00000000,0.06936104,0.00000000
ROT SPY+IWM+VEA+VWO+VNQ+DBC+IEF+TLT top4 12M can TIP/1 fb best(BIL+IEF),sens,sens_2019-02-01,2019-02-01,2024-02-01,false,true,"{""*"": 6, ""ACWX"": 3, ""AGG"": 1, ""BIL"": 1, ""BND"": 1.5, ""BTAL"": 6, ""DBC"": 3, ""DBMF"": 3, ""EEM"": 1, ""EFA"": 1, ""IEF"": 1, ""IWM"": 1, ""KMLM"": 6, ""LQD"": 1.5, ""QQQ"": 1, ""SCZ"": 5, ""SHY"": 1, ""SPY"": 0.7, ""TIP"": 2, ""TLT"": 1, ""TQQQ"": 1.5, ""VEA"": 1.5, ""VEU"": 2, ""VNQ"": 1.5, ""VTI"": 1, ""VWO"": 2}",0.03000000,tests/data/2026-08-24-net15,4,12M,0.01002085,0.03245744,0.00567599,0.02067921,46162.09418367,40000.00000000,6162.09418367,0.15405235,0.05939431,0.04634112,0.61704833,0.10213859,0.83258030,0.34333071,-0.17299445,325,2021,0.18495506,2022,-0.02069142,585722.61969562,70.88714554,2.01329512,0.00177218,0.31530074,0.00000000,0.04912410,0.00000000,0.10956137,0.00000000,0.07686222,0.00000000,0.15509633,0.00000000,0.08840442,0.00000000,0.04501107,0.00000000,0.09750786,0.00000000,0.05309223,0.00000000
ROT SPY+IWM+VEA+VWO+VNQ+DBC+IEF+TLT top5 1-3-6-12U can TIP/1 fb best(BIL+IEF),sens,sens_2019-02-01,2019-02-01,2024-02-01,false,true,"{""*"": 6, ""ACWX"": 3, ""AGG"": 1, ""BIL"": 1, ""BND"": 1.5, ""BTAL"": 6, ""DBC"": 3, ""DBMF"": 3, ""EEM"": 1, ""EFA"": 1, ""IEF"": 1, ""IWM"": 1, ""KMLM"": 6, ""LQD"": 1.5, ""QQQ"": 1, ""SCZ"": 5, ""SHY"": 1, ""SPY"": 0.7, ""TIP"": 2, ""TLT"": 1, ""TQQQ"": 1.5, ""VEA"": 1.5, ""VEU"": 2, ""VNQ"": 1.5, ""VTI"": 1, ""VWO"": 2}",0.03000000,tests/data/2026-08-24-net15,5,1-3-6-12U,0.01080314,0.03476804,0.00617713,0.01955503,55600.70267558,40000.00000000,15600.70267558,0.39001757,0.11261784,0.10703164,1.17663430,0.09465409,1.70464859,1.25705932,-0.08958832,171,2021,0.21011989,2024,-0.01210090,779936.72884098,98.44263693,2.43665499,0.00246107,0.31773291,0.00000000,0.05239459,0.00000000,0.10729654,0.00000000,0.08713695,0.00000000,0.12260551,0.00000000,0.06734575,0.00000000,0.08821337,0.00000000,0.08439621,0.00000000,0.06204849,0.00000000
ROT SPY+IWM+VEA+VWO+VNQ+DBC+IEF+TLT top5 13612W can TIP/1 fb best(BIL+IEF),sens,sens_2019-02-01,2019-02-01,2024-02-01,false,true,"{""*"": 6, ""ACWX"": 3, ""AGG"": 1, ""BIL"": 1, ""BND"": 1.5, ""BTAL"": 6, ""DBC"": 3, ""DBMF"": 3, ""EEM"": 1, ""EFA"": 1, ""IEF"": 1, ""IWM"": 1, ""KMLM"": 6, ""LQD"": 1.5, ""QQQ"": 1, ""SCZ"": 5, ""SHY"": 1, ""SPY"": 0.7, ""TIP"": 2, ""TLT"": 1, ""TQQQ"": 1.5, ""VEA"": 1.5, ""VEU"": 2, ""VNQ"": 1.5, ""VTI"": 1, ""VWO"": 2}",0.03000000,tests/data/2026-08-24-net15,5,13612W,0.00952904,0.03412317,0.00538578,0.01942976,47220.39724462,40000.00000000,7220.39724462,0.18050993,0.06544089,0.05370057,0.71593415,0.09498881,0.99240347,0.46687158,-0.14016894,,2020,0.21883830,2022,-0.04567642,1313197.88898831,166.88107718,4.50929695,0.00417203,0.34396464,0.00000000,0.05565221,0.00000000,0.09118700,0.00000000,0.09017849,0.00000000,0.11361827,0.00000000,0.06463133,0.00000000,0.08812116,0.00000000,0.07783555,0.00000000,0.06523432,0.00000000
ROT SPY+IWM+VEA+VWO+VNQ+DBC+IEF+TLT top5 12M can TIP/1 fb best(BIL+IEF),sens,sens_2019-02-01,2019-02-01,2024-02-01,false,true,"{""*"": 6, ""ACWX"": 3, ""AGG"": 1, ""BIL"": 1, ""BND"": 1.5, ""BTAL"": 6, ""DBC"": 3, ""DBMF"": 3, ""EEM"": 1, ""EFA"": 1, ""IEF"": 1, ""IWM"": 1, ""KMLM"": 6, ""LQD"": 1.5, ""QQQ"": 1, ""SCZ"": 5, ""SHY"": 1, ""SPY"": 0.7, ""TIP"": 2, ""TLT"": 1, ""TQQQ"": 1.5, ""VEA"": 1.5, ""VEU"": 2, ""VNQ"": 1.5, ""VTI"": 1, ""VWO"": 2}",0.03000000,tests/data/2026-08-24-net15,5,12M,0.01159911,0.04079309,0.00645207,0.01926538,43789.44565819,40000.00000000,3789.44565819,0.09473614,0.03767479,0.02924126,0.41888113,0.10059114,0.54584345,0.17749932,-0.21225313,454,2021,0.16104220,2020,-0.03677137,547612.66172844,71.20883505,1.99123882,0.00178022,0.32745086,0.00000000,0.04908523,0.00000000,0.12677202,0.00000000,0.06732774,0.00000000,0.12554609,0.00000000,0.07727137,0.00000000,0.07514655,0.00000000,0.07774034,0.00000000,0.06204001,0.00000000
SPY12.5/IWM12.5/VEA12.5/VWO12.5/VNQ12.5/DBC12.5/IEF12.5/TLT12.5,sens,sens_2019-02-01,2019-02-01,2024-02-01,true,true,"{""*"": 6, ""ACWX"": 3, ""AGG"": 1, ""BIL"": 1, ""BND"": 1.5, ""BTAL"": 6, ""DBC"": 3, ""DBMF"": 3, ""EEM"": 1, ""EFA"": 1, ""IEF"": 1, ""IWM"": 1, ""KMLM"": 6, ""LQD"": 1.5, ""QQQ"": 1, ""SCZ"": 5, ""SHY"": 1, ""SPY"": 0.7, ""TIP"": 2, ""TLT"": 1, ""TQQQ"": 1.5, ""VEA"": 1.5, ""VEU"": 2, ""VNQ"": 1.5, ""VTI"": 1, ""VWO"": 2}",0.03000000,tests/data/2026-08-24-net15,,,0.01792900,0.03766709,0.00766383,0.01783970,45798.55631706,40000.00000000,5798.55631706,0.14496391,0.05494133,0.04377610,0.46444007,0.13510397,0.62809464,0.22470283,-0.24450660,191,2021,0.15029310,2022,-0.15947105,61016.47296919,9.20936198,0.21637420,0.00023023,,,0.12465555,0.12405602,0.12280781,0.11705549,0.12159582,0.11685295,0.11810102,0.10716030,0.12278863,0.11743284,0.12418327,0.12194871,0.12364619,0.12023349,0.12428914,0.12278501
ROT SPY top1 1-3-6-12U can TIP/1 fb best(BIL+IEF),sens,sens_2019-02-01,2019-02-01,2024-02-01,true,true,"{""*"": 6, ""ACWX"": 3, ""AGG"": 1, ""BIL"": 1, ""BND"": 1.5, ""BTAL"": 6, ""DBC"": 3, ""DBMF"": 3, ""EEM"": 1, ""EFA"": 1, ""IEF"": 1, ""IWM"": 1, ""KMLM"": 6, ""LQD"": 1.5, ""QQQ"": 1, ""SCZ"": 5, ""SHY"": 1, ""SPY"": 0.7, ""TIP"": 2, ""TLT"": 1, ""TQQQ"": 1.5, ""VEA"": 1.5, ""VEU"": 2, ""VNQ"": 1.5, ""VTI"": 1, ""VWO"": 2}",0.03000000,tests/data/2026-08-24-net15,,,0.00506025,0.01729864,0.00507512,0.01733303,62957.17512482,40000.00000000,22957.17512482,0.57392938,0.15477838,0.14799737,1.24599669,0.12165737,1.73703716,1.15239941,-0.13430967,107,2021,0.28347624,2022,-0.00667581,729927.66221140,61.79813668,2.10176360,0.00154495,0.31121536,0.00000000,,,0.04892543,0.00000000,,,0.63478409,0.00000000,,,,,,,,
SPY benchmark,sens,sens_2019-02-01,2019-02-01,2024-02-01,true,true,"{""*"": 6, ""ACWX"": 3, ""AGG"": 1, ""BIL"": 1, ""BND"": 1.5, ""BTAL"": 6, ""DBC"": 3, ""DBMF"": 3, ""EEM"": 1, ""EFA"": 1, ""IEF"": 1, ""IWM"": 1, ""KMLM"": 6, ""LQD"": 1.5, ""QQQ"": 1, ""SCZ"": 5, ""SHY"": 1, ""SPY"": 0.7, ""TIP"": 2, ""TLT"": 1, ""TQQQ"": 1.5, ""VEA"": 1.5, ""VEU"": 2, ""VNQ"": 1.5, ""VTI"": 1, ""VWO"": 2}",0.03000000,tests/data/2026-08-24-net15,,,0.00676386,0.01804122,0.00676507,0.01804186,60499.36665999,40000.00000000,20499.36665999,0.51248417,0.14065054,0.13482648,0.73905424,0.20768928,1.03037540,0.41968136,-0.33513648,173,2021,0.28274028,2022,-0.18330939,39628.26112561,2.77397828,0.12123263,0.00006935,,,,,,,,,0.99323493,0.98195814,,,,,,,,
ROT SPY+IWM+VEA+VWO+VNQ+DBC+IEF+TLT top3 1-3-6-12U can TIP/1 fb best(BIL+IEF),sens,sens_2019-08-01,2019-08-01,2024-08-01,false,true,"{""*"": 6, ""ACWX"": 3, ""AGG"": 1, ""BIL"": 1, ""BND"": 1.5, ""BTAL"": 6, ""DBC"": 3, ""DBMF"": 3, ""EEM"": 1, ""EFA"": 1, ""IEF"": 1, ""IWM"": 1, ""KMLM"": 6, ""LQD"": 1.5, ""QQQ"": 1, ""SCZ"": 5, ""SHY"": 1, ""SPY"": 0.7, ""TIP"": 2, ""TLT"": 1, ""TQQQ"": 1.5, ""VEA"": 1.5, ""VEU"": 2, ""VNQ"": 1.5, ""VTI"": 1, ""VWO"": 2}",0.03000000,tests/data/2026-08-24-net15,3,1-3-6-12U,0.00724659,0.03082469,0.00499482,0.01814759,56442.76423703,40000.00000000,16442.76423703,0.41106911,0.12845692,0.11198660,1.14256269,0.11144500,1.65687381,1.19238123,-0.10773142,179,2020,0.24275166,2024,-0.00456283,1305433.38307682,170.07392190,3.83828984,0.00425185,0.32756594,0.00000000,0.07098769,0.00000000,0.05953593,0.00000000,0.10281471,0.00000000,0.16583502,0.00000000,0.05915327,0.00000000,0.05995774,0.00000000,0.08141195,0.00000000,0.06545306,0.00000000
ROT SPY+IWM+VEA+VWO+VNQ+DBC+IEF+TLT top3 13612W can TIP/1 fb best(BIL+IEF),sens,sens_2019-08-01,2019-08-01,2024-08-01,false,true,"{""*"": 6, ""ACWX"": 3, ""AGG"": 1, ""BIL"": 1, ""BND"": 1.5, ""BTAL"": 6, ""DBC"": 3, ""DBMF"": 3, ""EEM"": 1, ""EFA"": 1, ""IEF"": 1, ""IWM"": 1, ""KMLM"": 6, ""LQD"": 1.5, ""QQQ"": 1, ""SCZ"": 5, ""SHY"": 1, ""SPY"": 0.7, ""TIP"": 2, ""TLT"": 1, ""TQQQ"": 1.5, ""VEA"": 1.5, ""VEU"": 2, ""VNQ"": 1.5, ""VTI"": 1, ""VWO"": 2}",0.03000000,tests/data/2026-08-24-net15,3,13612W,0.00666665,0.02523775,0.00489983,0.01943543,45606.48839567,40000.00000000,5606.48839567,0.14016221,0.06942113,0.04242198,0.67794047,0.10778406,0.96503815,0.55598567,-0.12486136,,2020,0.25544247,2024,-0.07055405,1846134.28642033,231.99780126,6.10164057,0.00579995,0.36569205,0.00000000,0.06006911,0.00000000,0.05979332,0.00000000,0.08099415,0.00000000,0.13857776,0.00000000,0.06495754,0.00000000,0.07084302,0.00000000,0.09239173,0.00000000,0.05995488,0.00000000
ROT SPY+IWM+VEA+VWO+VNQ+DBC+IEF+TLT top3 12M can TIP/1 fb best(BIL+IEF),sens,sens_2019-08-01,2019-08-01,2024-08-01,false,true,"{""*"": 6, ""ACWX"": 3, ""AGG"": 1, ""BIL"": 1, ""BND"": 1.5, ""BTAL"": 6, ""DBC"": 3, ""DBMF"": 3, ""EEM"": 1, ""EFA"": 1, ""IEF"": 1, ""IWM"": 1, ""KMLM"": 6, ""LQD"": 1.5, ""QQQ"": 1, ""SCZ"": 5, ""SHY"": 1, ""SPY"": 0.7, ""TIP"": 2, ""TLT"": 1, ""TQQQ"": 1.5, ""VEA"": 1.5, ""VEU"": 2, ""VNQ"": 1.5, ""VTI"": 1, ""VWO"": 2}",0.03000000,tests/data/2026-08-24-net15,3,12M,0.00824052,0.02779744,0.00536641,0.01956855,50693.77213393,40000.00000000,10693.77213393,0.26734430,0.08138676,0.07681948,0.80682505,0.10388849,1.11894455,0.56232073,-0.14473371,193,2021,0.21007316,2023,0.00703941,808012.89209061,96.97209911,2.71532878,0.00242430,0.34388339,0.00000000,0.06550144,0.00000000,0.06488184,0.00000000,0.09175736,0.00000000,0.16037518,0.00000000,0.09157127,0.00000000,0.03820007,0.00000000,0.08111457,0.00000000,0.05444956,0.00000000
ROT SPY+IWM+VEA+VWO+VNQ+DBC+IEF+TLT top4 1-3-6-12U can TIP/1 fb best(BIL+IEF),sens,sens_2019-08-01,2019-08-01,2024-08-01,false,true,"{""*"": 6, ""ACWX"": 3, ""AGG"": 1, ""BIL"": 1, ""BND"": 1.5, ""BTAL"": 6, ""DBC"": 3, ""DBMF"": 3, ""EEM"": 1, ""EFA"": 1, ""IEF"": 1, ""IWM"": 1, ""KMLM"": 6, ""LQD"": 1.5, ""QQQ"": 1, ""SCZ"": 5, ""SHY"": 1, ""SPY"": 0.7, ""TIP"": 2, ""TLT"": 1, ""TQQQ"": 1.5, ""VEA"": 1.5, ""VEU"": 2, ""VNQ"": 1.5, ""VTI"": 1, ""VWO"": 2}",0.03000000,tests/data/2026-08-24-net15,4,1-3-6-12U,0.00784389,0.03145733,0.00480204,0.01772033,53980.39941154,40000.00000000,13980.39941154,0.34950999,0.11486139,0.09735365,1.11921741,0.10201556,1.60855768,1.29050559,-0.08900495,167,2021,0.23376174,2024,-0.02002994,1071985.90464728,139.32599507,3.25984204,0.00348315,0.33161263,0.00000000,0.05730291,0.00000000,0.08542655,0.00000000,0.09296665,0.00000000,0.14403606,0.00000000,0.05230231,0.00000000,0.08174642,0.00000000,0.07729360,0.00000000,0.06943716,0.00000000
ROT SPY+IWM+VEA+VWO+VNQ+DBC+IEF+TLT top4 13612W can TIP/1 fb best(BIL+IEF),sens,sens_2019-08-01,2019-08-01,2024-08-01,false,true,"{""*"": 6, ""ACWX"": 3, ""AGG"": 1, ""BIL"": 1, ""BND"": 1.5, ""BTAL"": 6, ""DBC"": 3, ""DBMF"": 3, ""EEM"": 1, ""EFA"": 1, ""IEF"": 1, ""IWM"": 1, ""KMLM"": 6, ""LQD"": 1.5, ""QQQ"": 1, ""SCZ"": 5, ""SHY"": 1, ""SPY"": 0.7, ""TIP"": 2, ""TLT"": 1, ""TQQQ"": 1.5, ""VEA"": 1.5, ""VEU"": 2, ""VNQ"": 1.5, ""VTI"": 1, ""VWO"": 2}",0.03000000,tests/data/2026-08-24-net15,4,13612W,0.00728483,0.03170852,0.00462637,0.01882716,45483.85149891,40000.00000000,5483.85149891,0.13709629,0.06703525,0.04154867,0.69234968,0.10133852,0.96888282,0.50430167,-0.13292689,,2020,0.23340446,2024,-0.04375927,1684121.76126711,215.09347797,5.67207777,0.00537734,0.37247386,0.00000000,0.05322868,0.00000000,0.07323016,0.00000000,0.08866140,0.00000000,0.12799292,0.00000000,0.05678760,0.00000000,0.08581437,0.00000000,0.07325998,0.00000000,0.06121026,0.00000000
ROT SPY+IWM+VEA+VWO+VNQ+DBC+IEF+TLT top4 12M can TIP/1 fb best(BIL+IEF),sens,sens_2019-08-01,2019-08-01,2024-08-01,false,true,"{""*"": 6, ""ACWX"": 3, ""AGG"": 1, ""BIL"": 1, ""BND"": 1.5, ""BTAL"": 6, ""DBC"": 3, ""DBMF"": 3, ""EEM"": 1, ""EFA"": 1, ""IEF"": 1, ""IWM"": 1, ""KMLM"": 6, ""LQD"": 1.5, ""QQQ"": 1, ""SCZ"": 5, ""SHY"": 1, ""SPY"": 0.7, ""TIP"": 2, ""TLT"": 1, ""TQQQ"": 1.5, ""VEA"": 1.5, ""VEU"": 2, ""VNQ"": 1.5, ""VTI"": 1, ""VWO"": 2}",0.03000000,tests/data/2026-08-24-net15,4,12M,0.01044752,0.03657486,0.00649027,0.01985565,48354.25469245,40000.00000000,8354.25469245,0.20885637,0.06349421,0.06142640,0.64479280,0.10411220,0.87501002,0.36722156,-0.17290437,325,2021,0.18357956,2022,-0.02013084,721639.70506506,88.29595888,2.54498486,0.00220740,0.34791601,0.00000000,0.04911827,0.00000000,0.08124979,0.00000000,0.08883224,0.00000000,0.15027900,0.00000000,0.06850540,0.00000000,0.06128733,0.00000000,0.07704593,0.00000000,0.06529590,0.00000000
ROT SPY+IWM+VEA+VWO+VNQ+DBC+IEF+TLT top5 1-3-6-12U can TIP/1 fb best(BIL+IEF),sens,sens_2019-08-01,2019-08-01,2024-08-01,false,true,"{""*"": 6, ""ACWX"": 3, ""AGG"": 1, ""BIL"": 1, ""BND"": 1.5, ""BTAL"": 6, ""DBC"": 3, ""DBMF"": 3, ""EEM"": 1, ""EFA"": 1, ""IEF"": 1, ""IWM"": 1, ""KMLM"": 6, ""LQD"": 1.5, ""QQQ"": 1, ""SCZ"": 5, ""SHY"": 1, ""SPY"": 0.7, ""TIP"": 2, ""TLT"": 1, ""TQQQ"": 1.5, ""VEA"": 1.5, ""VEU"": 2, ""VNQ"": 1.5, ""VTI"": 1, ""VWO"": 2}",0.03000000,tests/data/2026-08-24-net15,5,1-3-6-12U,0.01041471,0.04085397,0.00572552,0.02488395,54051.48947364,40000.00000000,14051.48947364,0.35128724,0.11072920,0.09778475,1.12294513,0.09800301,1.61902825,1.27106237,-0.08711548,171,2021,0.20990361,2024,0.00394375,892050.70360311,114.93327801,2.78414713,0.00287333,0.33406673,0.00000000,0.05894368,0.00000000,0.08780256,0.00000000,0.09296222,0.00000000,0.12319164,0.00000000,0.04793999,0.00000000,0.10124866,0.00000000,0.07480171,0.00000000,0.06860019,0.00000000
ROT SPY+IWM+VEA+VWO+VNQ+DBC+IEF+TLT top5 13612W can TIP/1 fb best(BIL+IEF),sens,sens_2019-08-01,2019-08-01,2024-08-01,false,true,"{""*"": 6, ""ACWX"": 3, ""AGG"": 1, ""BIL"": 1, ""BND"": 1.5, ""BTAL"": 6, ""DBC"": 3, ""DBMF"": 3, ""EEM"": 1, ""EFA"": 1, ""IEF"": 1, ""IWM"": 1, ""KMLM"": 6, ""LQD"": 1.5, ""QQQ"": 1, ""SCZ"": 5, ""SHY"": 1, ""SPY"": 0.7, ""TIP"": 2, ""TLT"": 1, ""TQQQ"": 1.5, ""VEA"": 1.5, ""VEU"": 2, ""VNQ"": 1.5, ""VTI"": 1, ""VWO"": 2}",0.03000000,tests/data/2026-08-24-net15,5,13612W,0.01021658,0.04085397,0.00623188,0.02488395,45646.50014221,40000.00000000,5646.50014221,0.14116250,0.06274448,0.04270642,0.69332513,0.09439157,0.96135877,0.45070961,-0.13921266,,2020,0.21805857,2022,-0.04545891,1530660.01235741,193.49982187,5.28926688,0.00483750,0.37650073,0.00000000,0.05892079,0.00000000,0.08128228,0.00000000,0.08694108,0.00000000,0.10967849,0.00000000,0.06127706,0.00000000,0.08487770,0.00000000,0.07156018,0.00000000,0.05869395,0.00000000
ROT SPY+IWM+VEA+VWO+VNQ+DBC+IEF+TLT top5 12M can TIP/1 fb best(BIL+IEF),sens,sens_2019-08-01,2019-08-01,2024-08-01,false,true,"{""*"": 6, ""ACWX"": 3, ""AGG"": 1, ""BIL"": 1, ""BND"": 1.5, ""BTAL"": 6, ""DBC"": 3, ""DBMF"": 3, ""EEM"": 1, ""EFA"": 1, ""IEF"": 1, ""IWM"": 1, ""KMLM"": 6, ""LQD"": 1.5, ""QQQ"": 1, ""SCZ"": 5, ""SHY"": 1, ""SPY"": 0.7, ""TIP"": 2, ""TLT"": 1, ""TQQQ"": 1.5, ""VEA"": 1.5, ""VEU"": 2, ""VNQ"": 1.5, ""VTI"": 1, ""VWO"": 2}",0.03000000,tests/data/2026-08-24-net15,5,12M,0.01179473,0.03676266,0.00678379,0.02087769,45518.75059573,40000.00000000,5518.75059573,0.13796876,0.04047942,0.04179742,0.44391625,0.10118766,0.58186384,0.19442756,-0.20819795,391,2021,0.16152570,2020,-0.03419187,682063.79469691,89.75789720,2.52268594,0.00224395,0.36017948,0.00000000,0.05566629,0.00000000,0.09716837,0.00000000,0.07075788,0.00000000,0.12190057,0.00000000,0.05780532,0.00000000,0.08811179,0.00000000,0.06485702,0.00000000,0.07173421,0.00000000
SPY12.5/IWM12.5/VEA12.5/VWO12.5/VNQ12.5/DBC12.5/IEF12.5/TLT12.5,sens,sens_2019-08-01,2019-08-01,2024-08-01,true,true,"{""*"": 6, ""ACWX"": 3, ""AGG"": 1, ""BIL"": 1, ""BND"": 1.5, ""BTAL"": 6, ""DBC"": 3, ""DBMF"": 3, ""EEM"": 1, ""EFA"": 1, ""IEF"": 1, ""IWM"": 1, ""KMLM"": 6, ""LQD"": 1.5, ""QQQ"": 1, ""SCZ"": 5, ""SHY"": 1, ""SPY"": 0.7, ""TIP"": 2, ""TLT"": 1, ""TQQQ"": 1.5, ""VEA"": 1.5, ""VEU"": 2, ""VNQ"": 1.5, ""VTI"": 1, ""VWO"": 2}",0.03000000,tests/data/2026-08-24-net15,,,0.02004335,0.05213055,0.00931619,0.02363304,46860.41797110,40000.00000000,6860.41797110,0.17151045,0.05563652,0.05122545,0.46622010,0.13646536,0.63068969,0.22848151,-0.24350558,195,2021,0.14974670,2022,-0.15841973,58475.31201147,8.85813507,0.21174180,0.00022145,,,0.12466188,0.12399688,0.12320480,0.11841233,0.12131185,0.11360891,0.11620478,0.10136696,0.12283013,0.11619573,0.12434639,0.12277472,0.12322600,0.11830557,0.12416731,0.12200318
ROT SPY top1 1-3-6-12U can TIP/1 fb best(BIL+IEF),sens,sens_2019-08-01,2019-08-01,2024-08-01,true,true,"{""*"": 6, ""ACWX"": 3, ""AGG"": 1, ""BIL"": 1, ""BND"": 1.5, ""BTAL"": 6, ""DBC"": 3, ""DBMF"": 3, ""EEM"": 1, ""EFA"": 1, ""IEF"": 1, ""IWM"": 1, ""KMLM"": 6, ""LQD"": 1.5, ""QQQ"": 1, ""SCZ"": 5, ""SHY"": 1, ""SPY"": 0.7, ""TIP"": 2, ""TLT"": 1, ""TQQQ"": 1.5, ""VEA"": 1.5, ""VEU"": 2, ""VNQ"": 1.5, ""VTI"": 1, ""VWO"": 2}",0.03000000,tests/data/2026-08-24-net15,,,0.00588566,0.02679971,0.00590059,0.02683377,62997.78974391,40000.00000000,22997.78974391,0.57494474,0.16015737,0.14823441,1.28165255,0.12200131,1.79658440,1.20245078,-0.13319245,107,2021,0.28356033,2022,-0.00657851,833639.85499629,70.62945657,2.38622896,0.00176574,0.32754957,0.00000000,,,0.03273127,0.00000000,,,0.63381857,0.00000000,,,,,,,,
SPY benchmark,sens,sens_2019-08-01,2019-08-01,2024-08-01,true,true,"{""*"": 6, ""ACWX"": 3, ""AGG"": 1, ""BIL"": 1, ""BND"": 1.5, ""BTAL"": 6, ""DBC"": 3, ""DBMF"": 3, ""EEM"": 1, ""EFA"": 1, ""IEF"": 1, ""IWM"": 1, ""KMLM"": 6, ""LQD"": 1.5, ""QQQ"": 1, ""SCZ"": 5, ""SHY"": 1, ""SPY"": 0.7, ""TIP"": 2, ""TLT"": 1, ""TQQQ"": 1.5, ""VEA"": 1.5, ""VEU"": 2, ""VNQ"": 1.5, ""VTI"": 1, ""VWO"": 2}",0.03000000,tests/data/2026-08-24-net15,,,0.00745786,0.02679971,0.00745908,0.02683377,62569.20847111,40000.00000000,22569.20847111,0.56423021,0.14394596,0.14597332,0.75297959,0.20782032,1.05100474,0.42971257,-0.33498196,173,2021,0.28215037,2022,-0.18337078,39740.30012142,2.78182101,0.12292923,0.00006955,,,,,,,,,0.99254092,0.97316623,,,,,,,,
ROT SPY+IWM+VEA+VWO+VNQ+DBC+IEF+TLT top3 1-3-6-12U can TIP/1 fb best(BIL+IEF),sens,sens_2020-02-03,2020-02-03,2025-01-31,false,true,"{""*"": 6, ""ACWX"": 3, ""AGG"": 1, ""BIL"": 1, ""BND"": 1.5, ""BTAL"": 6, ""DBC"": 3, ""DBMF"": 3, ""EEM"": 1, ""EFA"": 1, ""IEF"": 1, ""IWM"": 1, ""KMLM"": 6, ""LQD"": 1.5, ""QQQ"": 1, ""SCZ"": 5, ""SHY"": 1, ""SPY"": 0.7, ""TIP"": 2, ""TLT"": 1, ""TQQQ"": 1.5, ""VEA"": 1.5, ""VEU"": 2, ""VNQ"": 1.5, ""VTI"": 1, ""VWO"": 2}",0.03000000,tests/data/2026-08-24-net15,3,1-3-6-12U,0.00815305,0.03500887,0.00581201,0.02190816,54745.70976422,39500.00000000,15245.70976422,0.38596734,0.12949728,0.10500829,1.12372441,0.11443227,1.62627336,1.29646069,-0.09988523,204,2020,0.27307735,2025,0.00349883,1309399.27459234,169.88430738,3.88272529,0.00430087,0.34965442,0.00000000,0.07216006,0.00000000,0.04406197,0.00000000,0.10417161,0.00000000,0.17332446,0.00000000,0.03803488,0.00000000,0.06097166,0.00000000,0.08291265,0.00000000,0.06651698,0.00000000
ROT SPY+IWM+VEA+VWO+VNQ+DBC+IEF+TLT top3 13612W can TIP/1 fb best(BIL+IEF),sens,sens_2020-02-03,2020-02-03,2025-01-31,false,true,"{""*"": 6, ""ACWX"": 3, ""AGG"": 1, ""BIL"": 1, ""BND"": 1.5, ""BTAL"": 6, ""DBC"": 3, ""DBMF"": 3, ""EEM"": 1, ""EFA"": 1, ""IEF"": 1, ""IWM"": 1, ""KMLM"": 6, ""LQD"": 1.5, ""QQQ"": 1, ""SCZ"": 5, ""SHY"": 1, ""SPY"": 0.7, ""TIP"": 2, ""TLT"": 1, ""TQQQ"": 1.5, ""VEA"": 1.5, ""VEU"": 2, ""VNQ"": 1.5, ""VTI"": 1, ""VWO"": 2}",0.03000000,tests/data/2026-08-24-net15,3,13612W,0.00688907,0.03079139,0.00500358,0.02081751,42358.67802999,39500.00000000,2858.67802999,0.07237160,0.05847860,0.02230642,0.57232075,0.11010660,0.80890715,0.37954930,-0.15407379,,2020,0.31313161,2024,-0.10324488,1869546.76077637,230.83870503,6.33534846,0.00584402,0.40493809,0.00000000,0.05549837,0.00000000,0.05502105,0.00000000,0.08247832,0.00000000,0.13516174,0.00000000,0.04395428,0.00000000,0.06648223,0.00000000,0.08862388,0.00000000,0.06089196,0.00000000
ROT SPY+IWM+VEA+VWO+VNQ+DBC+IEF+TLT top3 12M can TIP/1 fb best(BIL+IEF),sens,sens_2020-02-03,2020-02-03,2025-01-31,false,true,"{""*"": 6, ""ACWX"": 3, ""AGG"": 1, ""BIL"": 1, ""BND"": 1.5, ""BTAL"": 6, ""DBC"": 3, ""DBMF"": 3, ""EEM"": 1, ""EFA"": 1, ""IEF"": 1, ""IWM"": 1, ""KMLM"": 6, ""LQD"": 1.5, ""QQQ"": 1, ""SCZ"": 5, ""SHY"": 1, ""SPY"": 0.7, ""TIP"": 2, ""TLT"": 1, ""TQQQ"": 1.5, ""VEA"": 1.5, ""VEU"": 2, ""VNQ"": 1.5, ""VTI"": 1, ""VWO"": 2}",0.03000000,tests/data/2026-08-24-net15,3,12M,0.00866740,0.03293203,0.00610471,0.02168292,51109.56162377,39500.00000000,11609.56162377,0.29391295,0.08617305,0.08270874,0.80491444,0.11051496,1.11741736,0.59919023,-0.14381585,193,2021,0.20914831,2023,0.00686127,757692.91256455,93.96317633,2.54704839,0.00237881,0.34956116,0.00000000,0.06658411,0.00000000,0.04390174,0.00000000,0.11583246,0.00000000,0.17832559,0.00000000,0.06553478,0.00000000,0.03881384,0.00000000,0.07183912,0.00000000,0.06091452,0.00000000
ROT SPY+IWM+VEA+VWO+VNQ+DBC+IEF+TLT top4 1-3-6-12U can TIP/1 fb best(BIL+IEF),sens,sens_2020-02-03,2020-02-03,2025-01-31,false,true,"{""*"": 6, ""ACWX"": 3, ""AGG"": 1, ""BIL"": 1, ""BND"": 1.5, ""BTAL"": 6, ""DBC"": 3, ""DBMF"": 3, ""EEM"": 1, ""EFA"": 1, ""IEF"": 1, ""IWM"": 1, ""KMLM"": 6, ""LQD"": 1.5, ""QQQ"": 1, ""SCZ"": 5, ""SHY"": 1, ""SPY"": 0.7, ""TIP"": 2, ""TLT"": 1, ""TQQQ"": 1.5, ""VEA"": 1.5, ""VEU"": 2, ""VNQ"": 1.5, ""VTI"": 1, ""VWO"": 2}",0.03000000,tests/data/2026-08-24-net15,4,1-3-6-12U,0.00800258,0.04050242,0.00492067,0.02234385,52439.33273161,39500.00000000,12939.33273161,0.32757804,0.11516581,0.09102928,1.08222952,0.10614919,1.55072686,1.17846479,-0.09772528,202,2020,0.23996564,2025,0.00349958,1039943.01211604,134.67209759,3.19333560,0.00340942,0.35373302,0.00000000,0.05825061,0.00000000,0.07003559,0.00000000,0.10285773,0.00000000,0.13798319,0.00000000,0.03263756,0.00000000,0.07890145,0.00000000,0.07864867,0.00000000,0.07891788,0.00000000
ROT SPY+IWM+VEA+VWO+VNQ+DBC+IEF+TLT top4 13612W can TIP/1 fb best(BIL+IEF),sens,sens_2020-02-03,2020-02-03,2025-01-31,false,true,"{""*"": 6, ""ACWX"": 3, ""AGG"": 1, ""BIL"": 1, ""BND"": 1.5, ""BTAL"": 6, ""DBC"": 3, ""DBMF"": 3, ""EEM"": 1, ""EFA"": 1, ""IEF"": 1, ""IWM"": 1, ""KMLM"": 6, ""LQD"": 1.5, ""QQQ"": 1, ""SCZ"": 5, ""SHY"": 1, ""SPY"": 0.7, ""TIP"": 2, ""TLT"": 1, ""TQQQ"": 1.5, ""VEA"": 1.5, ""VEU"": 2, ""VNQ"": 1.5, ""VTI"": 1, ""VWO"": 2}",0.03000000,tests/data/2026-08-24-net15,4,13612W,0.00873328,0.04191272,0.00568170,0.02182780,42274.40241530,39500.00000000,2774.40241530,0.07023804,0.05188751,0.02166951,0.54101255,0.10363196,0.75238035,0.37594723,-0.13801807,,2020,0.28229419,2024,-0.06957120,1733580.99314276,214.87827631,6.04214114,0.00543996,0.41182966,0.00000000,0.04991536,0.00000000,0.06597909,0.00000000,0.09025338,0.00000000,0.12069867,0.00000000,0.04915641,0.00000000,0.07895458,0.00000000,0.07043244,0.00000000,0.05398840,0.00000000
ROT SPY+IWM+VEA+VWO+VNQ+DBC+IEF+TLT top4 12M can TIP/1 fb best(BIL+IEF),sens,sens_2020-02-03,2020-02-03,2025-01-31,false,true,"{""*"": 6, ""ACWX"": 3, ""AGG"": 1, ""BIL"": 1, ""BND"": 1.5, ""BTAL"": 6, ""DBC"": 3, ""DBMF"": 3, ""EEM"": 1, ""EFA"": 1, ""IEF"": 1, ""IWM"": 1, ""KMLM"": 6, ""LQD"": 1.5, ""QQQ"": 1, ""SCZ"": 5, ""SHY"": 1, ""SPY"": 0.7, ""TIP"": 2, ""TLT"": 1, ""TQQQ"": 1.5, ""VEA"": 1.5, ""VEU"": 2, ""VNQ"": 1.5, ""VTI"": 1, ""VWO"": 2}",0.03000000,tests/data/2026-08-24-net15,4,12M,0.00991394,0.02775228,0.00635643,0.01775301,48472.48667939,39500.00000000,8972.48667939,0.22715156,0.06622072,0.06559588,0.63914175,0.11003940,0.86800313,0.39541693,-0.16747062,287,2021,0.18303185,2022,-0.02033027,647760.60127821,80.69822132,2.28298442,0.00204299,0.35367028,0.00000000,0.04990637,0.00000000,0.06176366,0.00000000,0.10691368,0.00000000,0.14885352,0.00000000,0.04909158,0.00000000,0.06231356,0.00000000,0.07449381,0.00000000,0.08305770,0.00000000
ROT SPY+IWM+VEA+VWO+VNQ+DBC+IEF+TLT top5 1-3-6-12U can TIP/1 fb best(BIL+IEF),sens,sens_2020-02-03,2020-02-03,2025-01-31,false,true,"{""*"": 6, ""ACWX"": 3, ""AGG"": 1, ""BIL"": 1, ""BND"": 1.5, ""BTAL"": 6, ""DBC"": 3, ""DBMF"": 3, ""EEM"": 1, ""EFA"": 1, ""IEF"": 1, ""IWM"": 1, ""KMLM"": 6, ""LQD"": 1.5, ""QQQ"": 1, ""SCZ"": 5, ""SHY"": 1, ""SPY"": 0.7, ""TIP"": 2, ""TLT"": 1, ""TQQQ"": 1.5, ""VEA"": 1.5, ""VEU"": 2, ""VNQ"": 1.5, ""VTI"": 1, ""VWO"": 2}",0.03000000,tests/data/2026-08-24-net15,5,1-3-6-12U,0.01000672,0.03366110,0.00647015,0.02213818,51989.61454950,39500.00000000,12489.61454950,0.31619277,0.10828514,0.08823744,1.06187412,0.10192552,1.52589774,1.25971742,-0.08595986,511,2020,0.22500461,2025,0.00349985,880674.18975550,111.96448340,2.77078091,0.00283454,0.35626022,0.00000000,0.05991077,0.00000000,0.07292082,0.00000000,0.09855315,0.00000000,0.11775743,0.00000000,0.03586814,0.00000000,0.09953082,0.00000000,0.06941786,0.00000000,0.07974569,0.00000000
ROT SPY+IWM+VEA+VWO+VNQ+DBC+IEF+TLT top5 13612W can TIP/1 fb best(BIL+IEF),sens,sens_2020-02-03,2020-02-03,2025-01-31,false,true,"{""*"": 6, ""ACWX"": 3, ""AGG"": 1, ""BIL"": 1, ""BND"": 1.5, ""BTAL"": 6, ""DBC"": 3, ""DBMF"": 3, ""EEM"": 1, ""EFA"": 1, ""IEF"": 1, ""IWM"": 1, ""KMLM"": 6, ""LQD"": 1.5, ""QQQ"": 1, ""SCZ"": 5, ""SHY"": 1, ""SPY"": 0.7, ""TIP"": 2, ""TLT"": 1, ""TQQQ"": 1.5, ""VEA"": 1.5, ""VEU"": 2, ""VNQ"": 1.5, ""VTI"": 1, ""VWO"": 2}",0.03000000,tests/data/2026-08-24-net15,5,13612W,0.01067830,0.04142120,0.00642267,0.02112894,43043.79380942,39500.00000000,3543.79380942,0.08971630,0.05338178,0.02744008,0.59567795,0.09508155,0.82641819,0.38775549,-0.13766866,,2020,0.26686455,2022,-0.04402902,1590455.75117108,195.31847257,5.61031820,0.00494477,0.41614742,0.00000000,0.05656622,0.00000000,0.07269989,0.00000000,0.08472268,0.00000000,0.10126959,0.00000000,0.05899385,0.00000000,0.07626390,0.00000000,0.06618443,0.00000000,0.05641998,0.00000000
ROT SPY+IWM+VEA+VWO+VNQ+DBC+IEF+TLT top5 12M can TIP/1 fb best(BIL+IEF),sens,sens_2020-02-03,2020-02-03,2025-01-31,false,true,"{""*"": 6, ""ACWX"": 3, ""AGG"": 1, ""BIL"": 1, ""BND"": 1.5, ""BTAL"": 6, ""DBC"": 3, ""DBMF"": 3, ""EEM"": 1, ""EFA"": 1, ""IEF"": 1, ""IWM"": 1, ""KMLM"": 6, ""LQD"": 1.5, ""QQQ"": 1, ""SCZ"": 5, ""SHY"": 1, ""SPY"": 0.7, ""TIP"": 2, ""TLT"": 1, ""TQQQ"": 1.5, ""VEA"": 1.5, ""VEU"": 2, ""VNQ"": 1.5, ""VTI"": 1, ""VWO"": 2}",0.03000000,tests/data/2026-08-24-net15,5,12M,0.01224365,0.03767305,0.00749807,0.02431349,45976.85361787,39500.00000000,6476.85361787,0.16397098,0.04237151,0.04858140,0.44212767,0.10711157,0.58242283,0.21878511,-0.19366723,350,2021,0.15880742,2022,-0.02157213,587362.64281917,77.22352552,2.17517048,0.00195503,0.36606899,0.00000000,0.05654366,0.00000000,0.07598224,0.00000000,0.08473565,0.00000000,0.12022878,0.00000000,0.04217180,0.00000000,0.09952195,0.00000000,0.06281551,0.00000000,0.07966550,0.00000000
SPY12.5/IWM12.5/VEA12.5/VWO12.5/VNQ12.5/DBC12.5/IEF12.5/TLT12.5,sens,sens_2020-02-03,2020-02-03,2025-01-31,true,true,"{""*"": 6, ""ACWX"": 3, ""AGG"": 1, ""BIL"": 1, ""BND"": 1.5, ""BTAL"": 6, ""DBC"": 3, ""DBMF"": 3, ""EEM"": 1, ""EFA"": 1, ""IEF"": 1, ""IWM"": 1, ""KMLM"": 6, ""LQD"": 1.5, ""QQQ"": 1, ""SCZ"": 5, ""SHY"": 1, ""SPY"": 0.7, ""TIP"": 2, ""TLT"": 1, ""TQQQ"": 1.5, ""VEA"": 1.5, ""VEU"": 2, ""VNQ"": 1.5, ""VTI"": 1, ""VWO"": 2}",0.03000000,tests/data/2026-08-24-net15,,,0.02177566,0.04069583,0.00999782,0.02374707,45751.63023762,39500.00000000,6251.63023762,0.15826912,0.04823740,0.04700361,0.41394790,0.13675198,0.56004984,0.19908165,-0.24229956,196,2021,0.14925844,2022,-0.15892395,56401.81283898,8.60120119,0.20766299,0.00021775,,,0.12467428,0.12411634,0.12313915,0.11900284,0.12071002,0.11465027,0.11561929,0.10125293,0.12254496,0.11460538,0.12416428,0.12293661,0.12322846,0.11930995,0.12414035,0.12233475
ROT SPY top1 1-3-6-12U can TIP/1 fb best(BIL+IEF),sens,sens_2020-02-03,2020-02-03,2025-01-31,true,true,"{""*"": 6, ""ACWX"": 3, ""AGG"": 1, ""BIL"": 1, ""BND"": 1.5, ""BTAL"": 6, ""DBC"": 3, ""DBMF"": 3, ""EEM"": 1, ""EFA"": 1, ""IEF"": 1, ""IWM"": 1, ""KMLM"": 6, ""LQD"": 1.5, ""QQQ"": 1, ""SCZ"": 5, ""SHY"": 1, ""SPY"": 0.7, ""TIP"": 2, ""TLT"": 1, ""TQQQ"": 1.5, ""VEA"": 1.5, ""VEU"": 2, ""VNQ"": 1.5, ""VTI"": 1, ""VWO"": 2}",0.03000000,tests/data/2026-08-24-net15,,,0.00538882,0.02149309,0.00540534,0.02157502,62337.14629108,39500.00000000,22837.14629108,0.57815560,0.15615921,0.14747808,1.25296512,0.12202746,1.76248302,1.17278483,-0.13315248,107,2021,0.28316209,2022,-0.00679378,827498.29503678,70.13883066,2.43107651,0.00177567,0.34959509,0.00000000,,,0.03323861,0.00000000,,,0.61176095,0.00000000,,,,,,,,
SPY benchmark,sens,sens_2020-02-03,2020-02-03,2025-01-31,true,true,"{""*"": 6, ""ACWX"": 3, ""AGG"": 1, ""BIL"": 1, ""BND"": 1.5, ""BTAL"": 6, ""DBC"": 3, ""DBMF"": 3, ""EEM"": 1, ""EFA"": 1, ""IEF"": 1, ""IWM"": 1, ""KMLM"": 6, ""LQD"": 1.5, ""QQQ"": 1, ""SCZ"": 5, ""SHY"": 1, ""SPY"": 0.7, ""TIP"": 2, ""TLT"": 1, ""TQQQ"": 1.5, ""VEA"": 1.5, ""VEU"": 2, ""VNQ"": 1.5, ""VTI"": 1, ""VWO"": 2}",0.03000000,tests/data/2026-08-24-net15,,,0.00729611,0.02289149,0.00729736,0.02289235,63988.52896790,39500.00000000,24488.52896790,0.61996276,0.14582329,0.15608670,0.75880350,0.20859099,1.06144882,0.43494699,-0.33526680,173,2021,0.28240809,2022,-0.18256323,39011.99263467,2.73083948,0.12144871,0.00006914,,,,,,,,,0.99270264,0.97710765,,,,,,,,
ROT SPY+IWM+VEA+VWO+VNQ+DBC+IEF+TLT top3 1-3-6-12U can TIP/1 fb best(BIL+IEF),sens,sens_2020-08-03,2020-08-03,2025-08-01,false,true,"{""*"": 6, ""ACWX"": 3, ""AGG"": 1, ""BIL"": 1, ""BND"": 1.5, ""BTAL"": 6, ""DBC"": 3, ""DBMF"": 3, ""EEM"": 1, ""EFA"": 1, ""IEF"": 1, ""IWM"": 1, ""KMLM"": 6, ""LQD"": 1.5, ""QQQ"": 1, ""SCZ"": 5, ""SHY"": 1, ""SPY"": 0.7, ""TIP"": 2, ""TLT"": 1, ""TQQQ"": 1.5, ""VEA"": 1.5, ""VEU"": 2, ""VNQ"": 1.5, ""VTI"": 1, ""VWO"": 2}",0.03000000,tests/data/2026-08-24-net15,3,1-3-6-12U,0.00780420,0.02868486,0.00606255,0.02677743,51969.39771595,40000.00000000,11969.39771595,0.29923494,0.11415766,0.08501321,0.98804194,0.11661551,1.42300778,0.57693621,-0.19786878,,2021,0.24164583,2025,0.01150524,1339835.94079726,175.64531002,4.16701968,0.00439113,0.34372571,0.00000000,0.07637941,0.00000000,0.01091899,0.00000000,0.10774822,0.00000000,0.17566818,0.00000000,0.00546057,0.00000000,0.08720318,0.00000000,0.08150177,0.00000000,0.10354855,0.00000000
ROT SPY+IWM+VEA+VWO+VNQ+DBC+IEF+TLT top3 13612W can TIP/1 fb best(BIL+IEF),sens,sens_2020-08-03,2020-08-03,2025-08-01,false,true,"{""*"": 6, ""ACWX"": 3, ""AGG"": 1, ""BIL"": 1, ""BND"": 1.5, ""BTAL"": 6, ""DBC"": 3, ""DBMF"": 3, ""EEM"": 1, ""EFA"": 1, ""IEF"": 1, ""IWM"": 1, ""KMLM"": 6, ""LQD"": 1.5, ""QQQ"": 1, ""SCZ"": 5, ""SHY"": 1, ""SPY"": 0.7, ""TIP"": 2, ""TLT"": 1, ""TQQQ"": 1.5, ""VEA"": 1.5, ""VEU"": 2, ""VNQ"": 1.5, ""VTI"": 1, ""VWO"": 2}",0.03000000,tests/data/2026-08-24-net15,3,13612W,0.00656361,0.02886881,0.00527847,0.02677743,41357.59691240,40000.00000000,1357.59691240,0.03393992,0.03627541,0.01078262,0.37800964,0.11078132,0.52390749,0.14272247,-0.25416749,,2020,0.15874032,2024,-0.10252988,1759279.74327484,222.30739633,6.48396430,0.00555768,0.39818180,0.00000000,0.06550125,0.00000000,0.01629431,0.00000000,0.08081905,0.00000000,0.13306481,0.00000000,0.02720699,0.00000000,0.09812891,0.00000000,0.09245940,0.00000000,0.08171593,0.00000000
ROT SPY+IWM+VEA+VWO+VNQ+DBC+IEF+TLT top3 12M can TIP/1 fb best(BIL+IEF),sens,sens_2020-08-03,2020-08-03,2025-08-01,false,true,"{""*"": 6, ""ACWX"": 3, ""AGG"": 1, ""BIL"": 1, ""BND"": 1.5, ""BTAL"": 6, ""DBC"": 3, ""DBMF"": 3, ""EEM"": 1, ""EFA"": 1, ""IEF"": 1, ""IWM"": 1, ""KMLM"": 6, ""LQD"": 1.5, ""QQQ"": 1, ""SCZ"": 5, ""SHY"": 1, ""SPY"": 0.7, ""TIP"": 2, ""TLT"": 1, ""TQQQ"": 1.5, ""VEA"": 1.5, ""VEU"": 2, ""VNQ"": 1.5, ""VTI"": 1, ""VWO"": 2}",0.03000000,tests/data/2026-08-24-net15,3,12M,0.00845689,0.03617524,0.00656328,0.02723248,51099.51608141,40000.00000000,11099.51608141,0.27748790,0.08763041,0.07949523,0.76574915,0.11929965,1.09796135,0.45865155,-0.19106097,235,2021,0.20823967,2023,0.00701599,742407.12702487,95.44849402,2.51235017,0.00238621,0.34387837,0.00000000,0.06546496,0.00000000,0.01085387,0.00000000,0.11893595,0.00000000,0.18572580,0.00000000,0.03242039,0.00000000,0.06001484,0.00000000,0.08160335,0.00000000,0.09261969,0.00000000
ROT SPY+IWM+VEA+VWO+VNQ+DBC+IEF+TLT top4 1-3-6-12U can TIP/1 fb best(BIL+IEF),sens,sens_2020-08-03,2020-08-03,2025-08-01,false,true,"{""*"": 6, ""ACWX"": 3, ""AGG"": 1, ""BIL"": 1, ""BND"": 1.5, ""BTAL"": 6, ""DBC"": 3, ""DBMF"": 3, ""EEM"": 1, ""EFA"": 1, ""IEF"": 1, ""IWM"": 1, ""KMLM"": 6, ""LQD"": 1.5, ""QQQ"": 1, ""SCZ"": 5, ""SHY"": 1, ""SPY"": 0.7, ""TIP"": 2, ""TLT"": 1, ""TQQQ"": 1.5, ""VEA"": 1.5, ""VEU"": 2, ""VNQ"": 1.5, ""VTI"": 1, ""VWO"": 2}",0.03000000,tests/data/2026-08-24-net15,4,1-3-6-12U,0.00858977,0.03893921,0.00593263,0.02457022,50631.78031121,40000.00000000,10631.78031121,0.26579451,0.09914703,0.07649167,0.94689211,0.10607828,1.33999301,0.68396278,-0.14495969,226,2021,0.23011719,2024,0.00521721,1136279.20991178,150.69542648,3.68496609,0.00376739,0.34786963,0.00000000,0.06954513,0.00000000,0.03254486,0.00000000,0.10876613,0.00000000,0.13883707,0.00000000,0.00810228,0.00000000,0.10211703,0.00000000,0.08143937,0.00000000,0.10215240,0.00000000
ROT SPY+IWM+VEA+VWO+VNQ+DBC+IEF+TLT top4 13612W can TIP/1 fb best(BIL+IEF),sens,sens_2020-08-03,2020-08-03,2025-08-01,false,true,"{""*"": 6, ""ACWX"": 3, ""AGG"": 1, ""BIL"": 1, ""BND"": 1.5, ""BTAL"": 6, ""DBC"": 3, ""DBMF"": 3, ""EEM"": 1, ""EFA"": 1, ""IEF"": 1, ""IWM"": 1, ""KMLM"": 6, ""LQD"": 1.5, ""QQQ"": 1, ""SCZ"": 5, ""SHY"": 1, ""SPY"": 0.7, ""TIP"": 2, ""TLT"": 1, ""TQQQ"": 1.5, ""VEA"": 1.5, ""VEU"": 2, ""VNQ"": 1.5, ""VTI"": 1, ""VWO"": 2}",0.03000000,tests/data/2026-08-24-net15,4,13612W,0.00914401,0.02805189,0.00639962,0.02015141,41731.00240692,40000.00000000,1731.00240692,0.04327506,0.03268284,0.01368863,0.37618033,0.09870055,0.51466099,0.15881714,-0.20578910,,2020,0.13839182,2024,-0.07018393,1647877.58876844,210.20114179,6.18875187,0.00525503,0.40502860,0.00000000,0.06138329,0.00000000,0.04077991,0.00000000,0.09282101,0.00000000,0.11759371,0.00000000,0.03662508,0.00000000,0.09794712,0.00000000,0.06919635,0.00000000,0.06941977,0.00000000
ROT SPY+IWM+VEA+VWO+VNQ+DBC+IEF+TLT top4 12M can TIP/1 fb best(BIL+IEF),sens,sens_2020-08-03,2020-08-03,2025-08-01,false,true,"{""*"": 6, ""ACWX"": 3, ""AGG"": 1, ""BIL"": 1, ""BND"": 1.5, ""BTAL"": 6, ""DBC"": 3, ""DBMF"": 3, ""EEM"": 1, ""EFA"": 1, ""IEF"": 1, ""IWM"": 1, ""KMLM"": 6, ""LQD"": 1.5, ""QQQ"": 1, ""SCZ"": 5, ""SHY"": 1, ""SPY"": 0.7, ""TIP"": 2, ""TLT"": 1, ""TQQQ"": 1.5, ""VEA"": 1.5, ""VEU"": 2, ""VNQ"": 1.5, ""VTI"": 1, ""VWO"": 2}",0.03000000,tests/data/2026-08-24-net15,4,12M,0.00948553,0.03666717,0.00620372,0.02131018,50288.97872730,40000.00000000,10288.97872730,0.25722447,0.08145961,0.07427379,0.74927874,0.11338377,1.07856666,0.50104567,-0.16257920,182,2021,0.18291073,2022,-0.01857400,613227.72730284,79.36527171,2.12988883,0.00198413,0.34786041,0.00000000,0.05317395,0.00000000,0.01597779,0.00000000,0.10912116,0.00000000,0.15459162,0.00000000,0.02409728,0.00000000,0.08583577,0.00000000,0.08961909,0.00000000,0.11021596,0.00000000
ROT SPY+IWM+VEA+VWO+VNQ+DBC+IEF+TLT top5 1-3-6-12U can TIP/1 fb best(BIL+IEF),sens,sens_2020-08-03,2020-08-03,2025-08-01,false,true,"{""*"": 6, ""ACWX"": 3, ""AGG"": 1, ""BIL"": 1, ""BND"": 1.5, ""BTAL"": 6, ""DBC"": 3, ""DBMF"": 3, ""EEM"": 1, ""EFA"": 1, ""IEF"": 1, ""IWM"": 1, ""KMLM"": 6, ""LQD"": 1.5, ""QQQ"": 1, ""SCZ"": 5, ""SHY"": 1, ""SPY"": 0.7, ""TIP"": 2, ""TLT"": 1, ""TQQQ"": 1.5, ""VEA"": 1.5, ""VEU"": 2, ""VNQ"": 1.5, ""VTI"": 1, ""VWO"": 2}",0.03000000,tests/data/2026-08-24-net15,5,1-3-6-12U,0.00978097,0.04235225,0.00607284,0.02643640,50012.47352144,40000.00000000,10012.47352144,0.25031184,0.09419078,0.07247446,0.92857313,0.10293090,1.31935315,0.65603059,-0.14357681,,2021,0.20879667,2022,0.00978502,930412.98288554,120.20676613,3.05176310,0.00300517,0.35041339,0.00000000,0.06867724,0.00000000,0.03252050,0.00000000,0.10319398,0.00000000,0.11913731,0.00000000,0.01927035,0.00000000,0.11761571,0.00000000,0.08138624,0.00000000,0.09797400,0.00000000
ROT SPY+IWM+VEA+VWO+VNQ+DBC+IEF+TLT top5 13612W can TIP/1 fb best(BIL+IEF),sens,sens_2020-08-03,2020-08-03,2025-08-01,false,true,"{""*"": 6, ""ACWX"": 3, ""AGG"": 1, ""BIL"": 1, ""BND"": 1.5, ""BTAL"": 6, ""DBC"": 3, ""DBMF"": 3, ""EEM"": 1, ""EFA"": 1, ""IEF"": 1, ""IWM"": 1, ""KMLM"": 6, ""LQD"": 1.5, ""QQQ"": 1, ""SCZ"": 5, ""SHY"": 1, ""SPY"": 0.7, ""TIP"": 2, ""TLT"": 1, ""TQQQ"": 1.5, ""VEA"": 1.5, ""VEU"": 2, ""VNQ"": 1.5, ""VTI"": 1, ""VWO"": 2}",0.03000000,tests/data/2026-08-24-net15,5,13612W,0.01037968,0.04414715,0.00614344,0.02796730,42868.86280752,40000.00000000,2868.86280752,0.07172157,0.03454205,0.02239253,0.42607628,0.08929613,0.58185232,0.22735228,-0.15193183,,2020,0.11420752,2022,-0.04471923,1511870.15900122,186.68812458,5.72832553,0.00466720,0.41238405,0.00000000,0.07195086,0.00000000,0.04562287,0.00000000,0.08643254,0.00000000,0.09985495,0.00000000,0.04526792,0.00000000,0.09133432,0.00000000,0.06819327,0.00000000,0.06852401,0.00000000
ROT SPY+IWM+VEA+VWO+VNQ+DBC+IEF+TLT top5 12M can TIP/1 fb best(BIL+IEF),sens,sens_2020-08-03,2020-08-03,2025-08-01,false,true,"{""*"": 6, ""ACWX"": 3, ""AGG"": 1, ""BIL"": 1, ""BND"": 1.5, ""BTAL"": 6, ""DBC"": 3, ""DBMF"": 3, ""EEM"": 1, ""EFA"": 1, ""IEF"": 1, ""IWM"": 1, ""KMLM"": 6, ""LQD"": 1.5, ""QQQ"": 1, ""SCZ"": 5, ""SHY"": 1, ""SPY"": 0.7, ""TIP"": 2, ""TLT"": 1, ""TQQQ"": 1.5, ""VEA"": 1.5, ""VEU"": 2, ""VNQ"": 1.5, ""VTI"": 1, ""VWO"": 2}",0.03000000,tests/data/2026-08-24-net15,5,12M,0.01234026,0.04453003,0.00752551,0.02771959,48137.58047748,40000.00000000,8137.58047748,0.20343951,0.06484188,0.06002078,0.67283754,0.10125916,0.95449941,0.46630772,-0.13905385,197,2021,0.16131714,2022,-0.01955212,593489.38557836,78.27584161,2.12587927,0.00195690,0.36000245,0.00000000,0.05888675,0.00000000,0.03879586,0.00000000,0.09311047,0.00000000,0.12463093,0.00000000,0.02205987,0.00000000,0.11748630,0.00000000,0.07477590,0.00000000,0.09788992,0.00000000
SPY12.5/IWM12.5/VEA12.5/VWO12.5/VNQ12.5/DBC12.5/IEF12.5/TLT12.5,sens,sens_2020-08-03,2020-08-03,2025-08-01,true,true,"{""*"": 6, ""ACWX"": 3, ""AGG"": 1, ""BIL"": 1, ""BND"": 1.5, ""BTAL"": 6, ""DBC"": 3, ""DBMF"": 3, ""EEM"": 1, ""EFA"": 1, ""IEF"": 1, ""IWM"": 1, ""KMLM"": 6, ""LQD"": 1.5, ""QQQ"": 1, ""SCZ"": 5, ""SHY"": 1, ""SPY"": 0.7, ""TIP"": 2, ""TLT"": 1, ""TQQQ"": 1.5, ""VEA"": 1.5, ""VEU"": 2, ""VNQ"": 1.5, ""VTI"": 1, ""VWO"": 2}",0.03000000,tests/data/2026-08-24-net15,,,0.02125417,0.05074323,0.00978955,0.02301383,46975.62223315,40000.00000000,6975.62223315,0.17439056,0.05667972,0.05207077,0.53674901,0.11539658,0.77057012,0.25865392,-0.21913342,1050,2021,0.15057445,2022,-0.15893086,53924.78086300,8.26575315,0.19891647,0.00020664,,,0.12464661,0.12412848,0.12292081,0.11668333,0.12144883,0.11264596,0.11597891,0.10198617,0.12233624,0.11411824,0.12416339,0.12179487,0.12319541,0.11903311,0.12405232,0.12230592
ROT SPY top1 1-3-6-12U can TIP/1 fb best(BIL+IEF),sens,sens_2020-08-03,2020-08-03,2025-08-01,true,true,"{""*"": 6, ""ACWX"": 3, ""AGG"": 1, ""BIL"": 1, ""BND"": 1.5, ""BTAL"": 6, ""DBC"": 3, ""DBMF"": 3, ""EEM"": 1, ""EFA"": 1, ""IEF"": 1, ""IWM"": 1, ""KMLM"": 6, ""LQD"": 1.5, ""QQQ"": 1, ""SCZ"": 5, ""SHY"": 1, ""SPY"": 0.7, ""TIP"": 2, ""TLT"": 1, ""TQQQ"": 1.5, ""VEA"": 1.5, ""VEU"": 2, ""VNQ"": 1.5, ""VTI"": 1, ""VWO"": 2}",0.03000000,tests/data/2026-08-24-net15,,,0.00563238,0.02102007,0.00565011,0.02102097,60885.86165064,40000.00000000,20885.86165064,0.52214654,0.14969119,0.13708576,1.30265794,0.11224474,1.89761962,1.35221852,-0.11070044,202,2021,0.28259028,2022,-0.00670879,991848.25972429,84.07367030,3.00036547,0.00210184,0.36012502,0.00000000,,,0.00000000,0.00000000,,,0.63422487,0.00000000,,,,,,,,
SPY benchmark,sens,sens_2020-08-03,2020-08-03,2025-08-01,true,true,"{""*"": 6, ""ACWX"": 3, ""AGG"": 1, ""BIL"": 1, ""BND"": 1.5, ""BTAL"": 6, ""DBC"": 3, ""DBMF"": 3, ""EEM"": 1, ""EFA"": 1, ""IEF"": 1, ""IWM"": 1, ""KMLM"": 6, ""LQD"": 1.5, ""QQQ"": 1, ""SCZ"": 5, ""SHY"": 1, ""SPY"": 0.7, ""TIP"": 2, ""TLT"": 1, ""TQQQ"": 1.5, ""VEA"": 1.5, ""VEU"": 2, ""VNQ"": 1.5, ""VTI"": 1, ""VWO"": 2}",0.03000000,tests/data/2026-08-24-net15,,,0.00747683,0.02102007,0.00747805,0.02102097,62954.30253153,40000.00000000,22954.30253153,0.57385756,0.14885855,0.14815106,0.88766887,0.17376829,1.28579249,0.60762935,-0.24498249,709,2021,0.28259028,2022,-0.18282204,39898.65810144,2.79290607,0.12346881,0.00006982,,,,,,,,,0.99252195,0.97897903,,,,,,,,
ROT SPY+IWM+VEA+VWO+VNQ+DBC+IEF+TLT top3 1-3-6-12U can TIP/1 fb best(BIL+IEF),sens,sens_2021-02-01,2021-02-01,2026-01-30,false,true,"{""*"": 6, ""ACWX"": 3, ""AGG"": 1, ""BIL"": 1, ""BND"": 1.5, ""BTAL"": 6, ""DBC"": 3, ""DBMF"": 3, ""EEM"": 1, ""EFA"": 1, ""IEF"": 1, ""IWM"": 1, ""KMLM"": 6, ""LQD"": 1.5, ""QQQ"": 1, ""SCZ"": 5, ""SHY"": 1, ""SPY"": 0.7, ""TIP"": 2, ""TLT"": 1, ""TQQQ"": 1.5, ""VEA"": 1.5, ""VEU"": 2, ""VNQ"": 1.5, ""VTI"": 1, ""VWO"": 2}",0.03000000,tests/data/2026-08-24-net15,3,1-3-6-12U,0.00802740,0.04543731,0.00637045,0.03111597,53674.78960324,39500.00000000,14174.78960324,0.35885543,0.10066144,0.09865677,0.91614122,0.11182669,1.30917215,0.51053418,-0.19716887,283,2021,0.18722928,2024,0.02593149,1147102.66372116,148.90380956,3.91537028,0.00376972,0.34945943,0.00000000,0.07762875,0.00000000,0.01106900,0.00000000,0.10432818,0.00000000,0.16707217,0.00000000,0.00000000,0.00000000,0.09971793,0.00000000,0.08286470,0.00000000,0.09979066,0.00000000
ROT SPY+IWM+VEA+VWO+VNQ+DBC+IEF+TLT top3 13612W can TIP/1 fb best(BIL+IEF),sens,sens_2021-02-01,2021-02-01,2026-01-30,false,true,"{""*"": 6, ""ACWX"": 3, ""AGG"": 1, ""BIL"": 1, ""BND"": 1.5, ""BTAL"": 6, ""DBC"": 3, ""DBMF"": 3, ""EEM"": 1, ""EFA"": 1, ""IEF"": 1, ""IWM"": 1, ""KMLM"": 6, ""LQD"": 1.5, ""QQQ"": 1, ""SCZ"": 5, ""SHY"": 1, ""SPY"": 0.7, ""TIP"": 2, ""TLT"": 1, ""TQQQ"": 1.5, ""VEA"": 1.5, ""VEU"": 2, ""VNQ"": 1.5, ""VTI"": 1, ""VWO"": 2}",0.03000000,tests/data/2026-08-24-net15,3,13612W,0.00681379,0.03160100,0.00540180,0.02593803,43516.38985990,39500.00000000,4016.38985990,0.10168076,0.02347443,0.03096029,0.27500118,0.10448702,0.37658280,0.09264380,-0.25338375,1260,2025,0.11733336,2024,-0.10241031,1527478.07988318,195.57541613,6.16257536,0.00495128,0.40476369,0.00000000,0.06656520,0.00000000,0.01663547,0.00000000,0.08221868,0.00000000,0.13497201,0.00000000,0.02216034,0.00000000,0.09974048,0.00000000,0.09403083,0.00000000,0.07203372,0.00000000
ROT SPY+IWM+VEA+VWO+VNQ+DBC+IEF+TLT top3 12M can TIP/1 fb best(BIL+IEF),sens,sens_2021-02-01,2021-02-01,2026-01-30,false,true,"{""*"": 6, ""ACWX"": 3, ""AGG"": 1, ""BIL"": 1, ""BND"": 1.5, ""BTAL"": 6, ""DBC"": 3, ""DBMF"": 3, ""EEM"": 1, ""EFA"": 1, ""IEF"": 1, ""IWM"": 1, ""KMLM"": 6, ""LQD"": 1.5, ""QQQ"": 1, ""SCZ"": 5, ""SHY"": 1, ""SPY"": 0.7, ""TIP"": 2, ""TLT"": 1, ""TQQQ"": 1.5, ""VEA"": 1.5, ""VEU"": 2, ""VNQ"": 1.5, ""VTI"": 1, ""VWO"": 2}",0.03000000,tests/data/2026-08-24-net15,3,12M,0.00877157,0.03520694,0.00684044,0.03066309,55666.47713169,39500.00000000,16166.47713169,0.40927790,0.10691635,0.11051558,0.91213825,0.11951183,1.31220886,0.55925486,-0.19117644,235,2021,0.18249840,2023,0.00711116,607630.70846615,77.88725608,2.07535379,0.00197183,0.34949874,0.00000000,0.06654198,0.00000000,0.00000000,0.00000000,0.11479200,0.00000000,0.18340210,0.00000000,0.00000000,0.00000000,0.08871436,0.00000000,0.08298882,0.00000000,0.10526796,0.00000000
ROT SPY+IWM+VEA+VWO+VNQ+DBC+IEF+TLT top4 1-3-6-12U can TIP/1 fb best(BIL+IEF),sens,sens_2021-02-01,2021-02-01,2026-01-30,false,true,"{""*"": 6, ""ACWX"": 3, ""AGG"": 1, ""BIL"": 1, ""BND"": 1.5, ""BTAL"": 6, ""DBC"": 3, ""DBMF"": 3, ""EEM"": 1, ""EFA"": 1, ""IEF"": 1, ""IWM"": 1, ""KMLM"": 6, ""LQD"": 1.5, ""QQQ"": 1, ""SCZ"": 5, ""SHY"": 1, ""SPY"": 0.7, ""TIP"": 2, ""TLT"": 1, ""TQQQ"": 1.5, ""VEA"": 1.5, ""VEU"": 2, ""VNQ"": 1.5, ""VTI"": 1, ""VWO"": 2}",0.03000000,tests/data/2026-08-24-net15,4,1-3-6-12U,0.01010617,0.04061932,0.00690825,0.02671522,52978.59295741,39500.00000000,13478.59295741,0.34123020,0.09616072,0.09441550,0.96121043,0.10112336,1.36314168,0.66468367,-0.14467140,226,2021,0.18870662,2024,0.00537230,939963.12365062,126.91209506,3.25020071,0.00321296,0.35360014,0.00000000,0.07068419,0.00000000,0.02482391,0.00000000,0.11077656,0.00000000,0.13580102,0.00000000,0.00410428,0.00000000,0.10794244,0.00000000,0.08245267,0.00000000,0.09967302,0.00000000
ROT SPY+IWM+VEA+VWO+VNQ+DBC+IEF+TLT top4 13612W can TIP/1 fb best(BIL+IEF),sens,sens_2021-02-01,2021-02-01,2026-01-30,false,true,"{""*"": 6, ""ACWX"": 3, ""AGG"": 1, ""BIL"": 1, ""BND"": 1.5, ""BTAL"": 6, ""DBC"": 3, ""DBMF"": 3, ""EEM"": 1, ""EFA"": 1, ""IEF"": 1, ""IWM"": 1, ""KMLM"": 6, ""LQD"": 1.5, ""QQQ"": 1, ""SCZ"": 5, ""SHY"": 1, ""SPY"": 0.7, ""TIP"": 2, ""TLT"": 1, ""TQQQ"": 1.5, ""VEA"": 1.5, ""VEU"": 2, ""VNQ"": 1.5, ""VTI"": 1, ""VWO"": 2}",0.03000000,tests/data/2026-08-24-net15,4,13612W,0.00967077,0.03311632,0.00663011,0.02300238,45192.12467712,39500.00000000,5692.12467712,0.14410442,0.02951184,0.04308490,0.35849171,0.09359321,0.49067754,0.14384008,-0.20517119,1512,2025,0.14570667,2024,-0.07008290,1354647.68941700,174.11582754,5.44866140,0.00440800,0.40743168,0.00000000,0.05824835,0.00000000,0.04136304,0.00000000,0.09406551,0.00000000,0.11564500,0.00000000,0.03304732,0.00000000,0.10377372,0.00000000,0.07024484,0.00000000,0.06644979,0.00000000
ROT SPY+IWM+VEA+VWO+VNQ+DBC+IEF+TLT top4 12M can TIP/1 fb best(BIL+IEF),sens,sens_2021-02-01,2021-02-01,2026-01-30,false,true,"{""*"": 6, ""ACWX"": 3, ""AGG"": 1, ""BIL"": 1, ""BND"": 1.5, ""BTAL"": 6, ""DBC"": 3, ""DBMF"": 3, ""EEM"": 1, ""EFA"": 1, ""IEF"": 1, ""IWM"": 1, ""KMLM"": 6, ""LQD"": 1.5, ""QQQ"": 1, ""SCZ"": 5, ""SHY"": 1, ""SPY"": 0.7, ""TIP"": 2, ""TLT"": 1, ""TQQQ"": 1.5, ""VEA"": 1.5, ""VEU"": 2, ""VNQ"": 1.5, ""VTI"": 1, ""VWO"": 2}",0.03000000,tests/data/2026-08-24-net15,4,12M,0.01022038,0.03412790,0.00669108,0.02340067,53929.31524752,39500.00000000,14429.31524752,0.36529912,0.08953049,0.10019467,0.81051035,0.11412634,1.16428770,0.55672714,-0.16081575,182,2025,0.17762623,2022,-0.02019635,585618.57645224,81.15364268,2.08759356,0.00205452,0.35349012,0.00000000,0.05822360,0.00000000,0.00000000,0.00000000,0.11839709,0.00000000,0.15275911,0.00000000,0.00000000,0.00000000,0.10791405,0.00000000,0.09097377,0.00000000,0.10799844,0.00000000
ROT SPY+IWM+VEA+VWO+VNQ+DBC+IEF+TLT top5 1-3-6-12U can TIP/1 fb best(BIL+IEF),sens,sens_2021-02-01,2021-02-01,2026-01-30,false,true,"{""*"": 6, ""ACWX"": 3, ""AGG"": 1, ""BIL"": 1, ""BND"": 1.5, ""BTAL"": 6, ""DBC"": 3, ""DBMF"": 3, ""EEM"": 1, ""EFA"": 1, ""IEF"": 1, ""IWM"": 1, ""KMLM"": 6, ""LQD"": 1.5, ""QQQ"": 1, ""SCZ"": 5, ""SHY"": 1, ""SPY"": 0.7, ""TIP"": 2, ""TLT"": 1, ""TQQQ"": 1.5, ""VEA"": 1.5, ""VEU"": 2, ""VNQ"": 1.5, ""VTI"": 1, ""VWO"": 2}",0.03000000,tests/data/2026-08-24-net15,5,1-3-6-12U,0.01106733,0.04168414,0.00717824,0.02579641,52994.60115908,39500.00000000,13494.60115908,0.34163547,0.09160448,0.09451360,0.93806943,0.09892734,1.33236066,0.63797985,-0.14358523,256,2021,0.16181490,2022,0.01080524,751674.15432518,96.98203624,2.63778921,0.00245524,0.35606209,0.00000000,0.07650667,0.00000000,0.02652455,0.00000000,0.10428654,0.00000000,0.11738302,0.00000000,0.01318787,0.00000000,0.11613961,0.00000000,0.08246505,0.00000000,0.09634868,0.00000000
ROT SPY+IWM+VEA+VWO+VNQ+DBC+IEF+TLT top5 13612W can TIP/1 fb best(BIL+IEF),sens,sens_2021-02-01,2021-02-01,2026-01-30,false,true,"{""*"": 6, ""ACWX"": 3, ""AGG"": 1, ""BIL"": 1, ""BND"": 1.5, ""BTAL"": 6, ""DBC"": 3, ""DBMF"": 3, ""EEM"": 1, ""EFA"": 1, ""IEF"": 1, ""IWM"": 1, ""KMLM"": 6, ""LQD"": 1.5, ""QQQ"": 1, ""SCZ"": 5, ""SHY"": 1, ""SPY"": 0.7, ""TIP"": 2, ""TLT"": 1, ""TQQQ"": 1.5, ""VEA"": 1.5, ""VEU"": 2, ""VNQ"": 1.5, ""VTI"": 1, ""VWO"": 2}",0.03000000,tests/data/2026-08-24-net15,5,13612W,0.01122622,0.04636236,0.00733817,0.03280110,46710.82842535,39500.00000000,7210.82842535,0.18255262,0.03544569,0.05371356,0.45235059,0.08526317,0.62136490,0.23457545,-0.15110570,1469,2025,0.15044423,2022,-0.04407731,1284269.48921577,160.83174486,5.13284015,0.00407169,0.41246348,0.00000000,0.06984804,0.00000000,0.04633570,0.00000000,0.08487408,0.00000000,0.09733826,0.00000000,0.04279161,0.00000000,0.09613639,0.00000000,0.07255256,0.00000000,0.06637837,0.00000000
ROT SPY+IWM+VEA+VWO+VNQ+DBC+IEF+TLT top5 12M can TIP/1 fb best(BIL+IEF),sens,sens_2021-02-01,2021-02-01,2026-01-30,false,true,"{""*"": 6, ""ACWX"": 3, ""AGG"": 1, ""BIL"": 1, ""BND"": 1.5, ""BTAL"": 6, ""DBC"": 3, ""DBMF"": 3, ""EEM"": 1, ""EFA"": 1, ""IEF"": 1, ""IWM"": 1, ""KMLM"": 6, ""LQD"": 1.5, ""QQQ"": 1, ""SCZ"": 5, ""SHY"": 1, ""SPY"": 0.7, ""TIP"": 2, ""TLT"": 1, ""TQQQ"": 1.5, ""VEA"": 1.5, ""VEU"": 2, ""VNQ"": 1.5, ""VTI"": 1, ""VWO"": 2}",0.03000000,tests/data/2026-08-24-net15,5,12M,0.01175861,0.05225441,0.00766300,0.03211394,52209.68288070,39500.00000000,12709.68288070,0.32176412,0.07923127,0.08967092,0.80091905,0.10196723,1.13713147,0.57222378,-0.13846204,197,2025,0.15574695,2022,-0.01911012,560645.51449554,72.45085623,2.03696972,0.00183420,0.36600490,0.00000000,0.07646372,0.00000000,0.01657264,0.00000000,0.10135709,0.00000000,0.12314375,0.00000000,0.00325602,0.00000000,0.12926784,0.00000000,0.07591808,0.00000000,0.09623604,0.00000000
SPY12.5/IWM12.5/VEA12.5/VWO12.5/VNQ12.5/DBC12.5/IEF12.5/TLT12.5,sens,sens_2021-02-01,2021-02-01,2026-01-30,true,true,"{""*"": 6, ""ACWX"": 3, ""AGG"": 1, ""BIL"": 1, ""BND"": 1.5, ""BTAL"": 6, ""DBC"": 3, ""DBMF"": 3, ""EEM"": 1, ""EFA"": 1, ""IEF"": 1, ""IWM"": 1, ""KMLM"": 6, ""LQD"": 1.5, ""QQQ"": 1, ""SCZ"": 5, ""SHY"": 1, ""SPY"": 0.7, ""TIP"": 2, ""TLT"": 1, ""TQQQ"": 1.5, ""VEA"": 1.5, ""VEU"": 2, ""VNQ"": 1.5, ""VTI"": 1, ""VWO"": 2}",0.03000000,tests/data/2026-08-24-net15,,,0.02322378,0.06433401,0.01050775,0.02703411,48810.54184371,39500.00000000,9310.54184371,0.23570992,0.05200314,0.06788740,0.50841454,0.11240680,0.73081272,0.24090659,-0.21586432,1050,2025,0.13566986,2022,-0.15546167,48561.78319244,7.49355192,0.18580818,0.00018971,,,0.12456187,0.12377304,0.12261190,0.11478228,0.12095277,0.11224665,0.11517958,0.09796589,0.12244723,0.11487272,0.12397565,0.12206695,0.12303608,0.11819786,0.12400784,0.12111633
ROT SPY top1 1-3-6-12U can TIP/1 fb best(BIL+IEF),sens,sens_2021-02-01,2021-02-01,2026-01-30,true,true,"{""*"": 6, ""ACWX"": 3, ""AGG"": 1, ""BIL"": 1, ""BND"": 1.5, ""BTAL"": 6, ""DBC"": 3, ""DBMF"": 3, ""EEM"": 1, ""EFA"": 1, ""IEF"": 1, ""IWM"": 1, ""KMLM"": 6, ""LQD"": 1.5, ""QQQ"": 1, ""SCZ"": 5, ""SHY"": 1, ""SPY"": 0.7, ""TIP"": 2, ""TLT"": 1, ""TQQQ"": 1.5, ""VEA"": 1.5, ""VEU"": 2, ""VNQ"": 1.5, ""VTI"": 1, ""VWO"": 2}",0.03000000,tests/data/2026-08-24-net15,,,0.00607887,0.02689138,0.00609686,0.02689235,61403.69596914,39500.00000000,21903.69596914,0.55452395,0.14285367,0.14261684,1.33432044,0.10446144,1.96129734,1.29063325,-0.11068494,202,2021,0.27214844,2022,-0.00603566,830714.84616059,70.38406626,2.60711269,0.00178188,0.36600120,0.00000000,,,0.00000000,0.00000000,,,0.62790195,0.00000000,,,,,,,,
SPY benchmark,sens,sens_2021-02-01,2021-02-01,2026-01-30,true,true,"{""*"": 6, ""ACWX"": 3, ""AGG"": 1, ""BIL"": 1, ""BND"": 1.5, ""BTAL"": 6, ""DBC"": 3, ""DBMF"": 3, ""EEM"": 1, ""EFA"": 1, ""IEF"": 1, ""IWM"": 1, ""KMLM"": 6, ""LQD"": 1.5, ""QQQ"": 1, ""SCZ"": 5, ""SHY"": 1, ""SPY"": 0.7, ""TIP"": 2, ""TLT"": 1, ""TQQQ"": 1.5, ""VEA"": 1.5, ""VEU"": 2, ""VNQ"": 1.5, ""VTI"": 1, ""VWO"": 2}",0.03000000,tests/data/2026-08-24-net15,,,0.00944948,0.02689138,0.00945074,0.02689235,63778.61078368,39500.00000000,24278.61078368,0.61464837,0.14234835,0.15510806,0.87568897,0.16862442,1.27271435,0.58902201,-0.24166899,709,2021,0.27214844,2022,-0.18001032,39131.72430750,2.73922070,0.12354852,0.00006935,,,,,,,,,0.99054926,0.97310765,,,,,,,,
ROT SPY+IWM+VEA+VWO+VNQ+DBC+IEF+TLT top3 1-3-6-12U can TIP/1 fb best(BIL+IEF),sens,sens_2021-08-02,2021-08-02,2026-07-31,false,true,"{""*"": 6, ""ACWX"": 3, ""AGG"": 1, ""BIL"": 1, ""BND"": 1.5, ""BTAL"": 6, ""DBC"": 3, ""DBMF"": 3, ""EEM"": 1, ""EFA"": 1, ""IEF"": 1, ""IWM"": 1, ""KMLM"": 6, ""LQD"": 1.5, ""QQQ"": 1, ""SCZ"": 5, ""SHY"": 1, ""SPY"": 0.7, ""TIP"": 2, ""TLT"": 1, ""TQQQ"": 1.5, ""VEA"": 1.5, ""VEU"": 2, ""VNQ"": 1.5, ""VTI"": 1, ""VWO"": 2}",0.03000000,tests/data/2026-08-24-net15,3,1-3-6-12U,0.00824313,0.03920774,0.00661602,0.03196712,55373.05586666,39500.00000000,15873.05586666,0.40184952,0.10116236,0.10883840,0.93738854,0.10959667,1.34259744,0.51135030,-0.19783378,283,2026,0.14374099,2024,0.02411417,1082706.65563488,144.57636338,3.72357681,0.00366016,0.34943133,0.00000000,0.07212315,0.00000000,0.01107124,0.00000000,0.09895377,0.00000000,0.16124777,0.00000000,0.00000000,0.00000000,0.12195578,0.00000000,0.07706765,0.00000000,0.09986454,0.00000000
ROT SPY+IWM+VEA+VWO+VNQ+DBC+IEF+TLT top3 13612W can TIP/1 fb best(BIL+IEF),sens,sens_2021-08-02,2021-08-02,2026-07-31,false,true,"{""*"": 6, ""ACWX"": 3, ""AGG"": 1, ""BIL"": 1, ""BND"": 1.5, ""BTAL"": 6, ""DBC"": 3, ""DBMF"": 3, ""EEM"": 1, ""EFA"": 1, ""IEF"": 1, ""IWM"": 1, ""KMLM"": 6, ""LQD"": 1.5, ""QQQ"": 1, ""SCZ"": 5, ""SHY"": 1, ""SPY"": 0.7, ""TIP"": 2, ""TLT"": 1, ""TQQQ"": 1.5, ""VEA"": 1.5, ""VEU"": 2, ""VNQ"": 1.5, ""VTI"": 1, ""VWO"": 2}",0.03000000,tests/data/2026-08-24-net15,3,13612W,0.00840574,0.04090019,0.00643806,0.03229766,44856.32808798,39500.00000000,5356.32808798,0.13560324,0.02023220,0.04070686,0.24325099,0.10559358,0.33076963,0.07966253,-0.25397389,1261,2025,0.11741764,2024,-0.10357881,1622917.62952232,213.34997494,6.59949488,0.00540127,0.40465076,0.00000000,0.06100038,0.00000000,0.01662678,0.00000000,0.08231783,0.00000000,0.14507305,0.00000000,0.02205961,0.00000000,0.11076679,0.00000000,0.07697014,0.00000000,0.07205975,0.00000000
ROT SPY+IWM+VEA+VWO+VNQ+DBC+IEF+TLT top3 12M can TIP/1 fb best(BIL+IEF),sens,sens_2021-08-02,2021-08-02,2026-07-31,false,true,"{""*"": 6, ""ACWX"": 3, ""AGG"": 1, ""BIL"": 1, ""BND"": 1.5, ""BTAL"": 6, ""DBC"": 3, ""DBMF"": 3, ""EEM"": 1, ""EFA"": 1, ""IEF"": 1, ""IWM"": 1, ""KMLM"": 6, ""LQD"": 1.5, ""QQQ"": 1, ""SCZ"": 5, ""SHY"": 1, ""SPY"": 0.7, ""TIP"": 2, ""TLT"": 1, ""TQQQ"": 1.5, ""VEA"": 1.5, ""VEU"": 2, ""VNQ"": 1.5, ""VTI"": 1, ""VWO"": 2}",0.03000000,tests/data/2026-08-24-net15,3,12M,0.00876453,0.03687618,0.00678902,0.03037091,55356.73248305,39500.00000000,15856.73248305,0.40143627,0.09866063,0.10874230,0.84941581,0.11959864,1.21350037,0.51789315,-0.19050384,235,2025,0.16916276,2023,0.00689679,577372.08521364,76.90290010,1.98953562,0.00194691,0.34925444,0.00000000,0.07208179,0.00000000,0.00000000,0.00000000,0.10924499,0.00000000,0.16730262,0.00000000,0.00000000,0.00000000,0.12196377,0.00000000,0.08265845,0.00000000,0.08870651,0.00000000
ROT SPY+IWM+VEA+VWO+VNQ+DBC+IEF+TLT top4 1-3-6-12U can TIP/1 fb best(BIL+IEF),sens,sens_2021-08-02,2021-08-02,2026-07-31,false,true,"{""*"": 6, ""ACWX"": 3, ""AGG"": 1, ""BIL"": 1, ""BND"": 1.5, ""BTAL"": 6, ""DBC"": 3, ""DBMF"": 3, ""EEM"": 1, ""EFA"": 1, ""IEF"": 1, ""IWM"": 1, ""KMLM"": 6, ""LQD"": 1.5, ""QQQ"": 1, ""SCZ"": 5, ""SHY"": 1, ""SPY"": 0.7, ""TIP"": 2, ""TLT"": 1, ""TQQQ"": 1.5, ""VEA"": 1.5, ""VEU"": 2, ""VNQ"": 1.5, ""VTI"": 1, ""VWO"": 2}",0.03000000,tests/data/2026-08-24-net15,4,1-3-6-12U,0.01040273,0.05714460,0.00715952,0.03470821,54019.84217731,39500.00000000,14519.84217731,0.36759094,0.08968188,0.10078190,0.90388355,0.10102231,1.27877576,0.62253646,-0.14405884,226,2026,0.13508893,2024,0.00562861,855811.22082279,120.42162068,3.00915770,0.00304865,0.35340650,0.00000000,0.06651520,0.00000000,0.02480861,0.00000000,0.11037991,0.00000000,0.13170704,0.00000000,0.00413980,0.00000000,0.12046507,0.00000000,0.07016813,0.00000000,0.10797137,0.00000000
ROT SPY+IWM+VEA+VWO+VNQ+DBC+IEF+TLT top4 13612W can TIP/1 fb best(BIL+IEF),sens,sens_2021-08-02,2021-08-02,2026-07-31,false,true,"{""*"": 6, ""ACWX"": 3, ""AGG"": 1, ""BIL"": 1, ""BND"": 1.5, ""BTAL"": 6, ""DBC"": 3, ""DBMF"": 3, ""EEM"": 1, ""EFA"": 1, ""IEF"": 1, ""IWM"": 1, ""KMLM"": 6, ""LQD"": 1.5, ""QQQ"": 1, ""SCZ"": 5, ""SHY"": 1, ""SPY"": 0.7, ""TIP"": 2, ""TLT"": 1, ""TQQQ"": 1.5, ""VEA"": 1.5, ""VEU"": 2, ""VNQ"": 1.5, ""VTI"": 1, ""VWO"": 2}",0.03000000,tests/data/2026-08-24-net15,4,13612W,0.00968520,0.04173283,0.00667256,0.02862504,44725.49286091,39500.00000000,5225.49286091,0.13229096,0.01886927,0.03976862,0.24676715,0.09393537,0.33337815,0.09209077,-0.20489857,1512,2025,0.14569241,2024,-0.06996345,1441697.38412445,189.68478391,5.80610539,0.00480215,0.40730624,0.00000000,0.05818465,0.00000000,0.04130701,0.00000000,0.09034746,0.00000000,0.11587734,0.00000000,0.03296220,0.00000000,0.10784879,0.00000000,0.06170974,0.00000000,0.07470867,0.00000000
ROT SPY+IWM+VEA+VWO+VNQ+DBC+IEF+TLT top4 12M can TIP/1 fb best(BIL+IEF),sens,sens_2021-08-02,2021-08-02,2026-07-31,false,true,"{""*"": 6, ""ACWX"": 3, ""AGG"": 1, ""BIL"": 1, ""BND"": 1.5, ""BTAL"": 6, ""DBC"": 3, ""DBMF"": 3, ""EEM"": 1, ""EFA"": 1, ""IEF"": 1, ""IWM"": 1, ""KMLM"": 6, ""LQD"": 1.5, ""QQQ"": 1, ""SCZ"": 5, ""SHY"": 1, ""SPY"": 0.7, ""TIP"": 2, ""TLT"": 1, ""TQQQ"": 1.5, ""VEA"": 1.5, ""VEU"": 2, ""VNQ"": 1.5, ""VTI"": 1, ""VWO"": 2}",0.03000000,tests/data/2026-08-24-net15,4,12M,0.01117872,0.05714460,0.00770486,0.03470821,56973.66370412,39500.00000000,17473.66370412,0.44237123,0.09740362,0.11813686,0.88055988,0.11321733,1.26782026,0.60297624,-0.16153807,182,2025,0.17646657,2022,-0.01677224,518289.04044941,73.97527264,1.82054437,0.00187279,0.35345300,0.00000000,0.06650629,0.00000000,0.00000000,0.00000000,0.11834571,0.00000000,0.13546031,0.00000000,0.00000000,0.00000000,0.11628644,0.00000000,0.09072954,0.00000000,0.10801798,0.00000000
ROT SPY+IWM+VEA+VWO+VNQ+DBC+IEF+TLT top5 1-3-6-12U can TIP/1 fb best(BIL+IEF),sens,sens_2021-08-02,2021-08-02,2026-07-31,false,true,"{""*"": 6, ""ACWX"": 3, ""AGG"": 1, ""BIL"": 1, ""BND"": 1.5, ""BTAL"": 6, ""DBC"": 3, ""DBMF"": 3, ""EEM"": 1, ""EFA"": 1, ""IEF"": 1, ""IWM"": 1, ""KMLM"": 6, ""LQD"": 1.5, ""QQQ"": 1, ""SCZ"": 5, ""SHY"": 1, ""SPY"": 0.7, ""TIP"": 2, ""TLT"": 1, ""TQQQ"": 1.5, ""VEA"": 1.5, ""VEU"": 2, ""VNQ"": 1.5, ""VTI"": 1, ""VWO"": 2}",0.03000000,tests/data/2026-08-24-net15,5,1-3-6-12U,0.01256463,0.06137282,0.00828884,0.03995175,54792.63418299,39500.00000000,15292.63418299,0.38715530,0.08869929,0.10540529,0.91191993,0.09890531,1.29054199,0.62283788,-0.14241152,256,2026,0.15459773,2022,0.01041082,653494.16884417,86.12327940,2.31240293,0.00218034,0.35587799,0.00000000,0.07313345,0.00000000,0.02648267,0.00000000,0.10416892,0.00000000,0.11598698,0.00000000,0.01319363,0.00000000,0.11951021,0.00000000,0.07607260,0.00000000,0.10298130,0.00000000
ROT SPY+IWM+VEA+VWO+VNQ+DBC+IEF+TLT top5 13612W can TIP/1 fb best(BIL+IEF),sens,sens_2021-08-02,2021-08-02,2026-07-31,false,true,"{""*"": 6, ""ACWX"": 3, ""AGG"": 1, ""BIL"": 1, ""BND"": 1.5, ""BTAL"": 6, ""DBC"": 3, ""DBMF"": 3, ""EEM"": 1, ""EFA"": 1, ""IEF"": 1, ""IWM"": 1, ""KMLM"": 6, ""LQD"": 1.5, ""QQQ"": 1, ""SCZ"": 5, ""SHY"": 1, ""SPY"": 0.7, ""TIP"": 2, ""TLT"": 1, ""TQQQ"": 1.5, ""VEA"": 1.5, ""VEU"": 2, ""VNQ"": 1.5, ""VTI"": 1, ""VWO"": 2}",0.03000000,tests/data/2026-08-24-net15,5,13612W,0.01033562,0.06503486,0.00651259,0.03881801,46096.78576785,39500.00000000,6596.78576785,0.16700723,0.02641419,0.04947673,0.34564845,0.08655226,0.46822356,0.17801343,-0.14838312,1466,2025,0.15054453,2022,-0.04305366,1365541.19117149,172.70941953,5.41257719,0.00437239,0.41249337,0.00000000,0.06984091,0.00000000,0.04643295,0.00000000,0.08136247,0.00000000,0.09482421,0.00000000,0.04616533,0.00000000,0.09948718,0.00000000,0.06592987,0.00000000,0.07307133,0.00000000
ROT SPY+IWM+VEA+VWO+VNQ+DBC+IEF+TLT top5 12M can TIP/1 fb best(BIL+IEF),sens,sens_2021-08-02,2021-08-02,2026-07-31,false,true,"{""*"": 6, ""ACWX"": 3, ""AGG"": 1, ""BIL"": 1, ""BND"": 1.5, ""BTAL"": 6, ""DBC"": 3, ""DBMF"": 3, ""EEM"": 1, ""EFA"": 1, ""IEF"": 1, ""IWM"": 1, ""KMLM"": 6, ""LQD"": 1.5, ""QQQ"": 1, ""SCZ"": 5, ""SHY"": 1, ""SPY"": 0.7, ""TIP"": 2, ""TLT"": 1, ""TQQQ"": 1.5, ""VEA"": 1.5, ""VEU"": 2, ""VNQ"": 1.5, ""VTI"": 1, ""VWO"": 2}",0.03000000,tests/data/2026-08-24-net15,5,12M,0.01309131,0.06137282,0.00886427,0.03995175,55399.09234784,39500.00000000,15899.09234784,0.40250867,0.08707975,0.10899162,0.87109205,0.10219991,1.24376018,0.63063445,-0.13808277,197,2026,0.17100006,2022,-0.01805979,487178.95797320,63.41708719,1.75127958,0.00160550,0.36590272,0.00000000,0.07979514,0.00000000,0.01656811,0.00000000,0.10124547,0.00000000,0.12180674,0.00000000,0.00000000,0.00000000,0.12935343,0.00000000,0.07587517,0.00000000,0.09634142,0.00000000
SPY12.5/IWM12.5/VEA12.5/VWO12.5/VNQ12.5/DBC12.5/IEF12.5/TLT12.5,sens,sens_2021-08-02,2021-08-02,2026-07-31,true,true,"{""*"": 6, ""ACWX"": 3, ""AGG"": 1, ""BIL"": 1, ""BND"": 1.5, ""BTAL"": 6, ""DBC"": 3, ""DBMF"": 3, ""EEM"": 1, ""EFA"": 1, ""IEF"": 1, ""IWM"": 1, ""KMLM"": 6, ""LQD"": 1.5, ""QQQ"": 1, ""SCZ"": 5, ""SHY"": 1, ""SPY"": 0.7, ""TIP"": 2, ""TLT"": 1, ""TQQQ"": 1.5, ""VEA"": 1.5, ""VEU"": 2, ""VNQ"": 1.5, ""VTI"": 1, ""VWO"": 2}",0.03000000,tests/data/2026-08-24-net15,,,0.02495185,0.05450081,0.01226954,0.02615004,50514.06759104,39500.00000000,11014.06759104,0.27883715,0.04945228,0.07900792,0.48764874,0.11224038,0.70199084,0.23270313,-0.21251229,1045,2025,0.13427071,2022,-0.15248420,53400.51375387,8.20190475,0.20352549,0.00020764,,,0.12446504,0.12344865,0.12279986,0.11461756,0.12041219,0.10431040,0.11383779,0.09884996,0.12269820,0.11495807,0.12405690,0.12155929,0.12303020,0.11711783,0.12374444,0.12096629
ROT SPY top1 1-3-6-12U can TIP/1 fb best(BIL+IEF),sens,sens_2021-08-02,2021-08-02,2026-07-31,true,true,"{""*"": 6, ""ACWX"": 3, ""AGG"": 1, ""BIL"": 1, ""BND"": 1.5, ""BTAL"": 6, ""DBC"": 3, ""DBMF"": 3, ""EEM"": 1, ""EFA"": 1, ""IEF"": 1, ""IWM"": 1, ""KMLM"": 6, ""LQD"": 1.5, ""QQQ"": 1, ""SCZ"": 5, ""SHY"": 1, ""SPY"": 0.7, ""TIP"": 2, ""TLT"": 1, ""TQQQ"": 1.5, ""VEA"": 1.5, ""VEU"": 2, ""VNQ"": 1.5, ""VTI"": 1, ""VWO"": 2}",0.03000000,tests/data/2026-08-24-net15,,,0.00685517,0.03230763,0.00687311,0.03230880,61011.75379802,39500.00000000,21511.75379802,0.54460136,0.12638673,0.14057075,1.17393396,0.10660312,1.71398467,1.14820929,-0.11007290,202,2024,0.18974956,2022,-0.00519972,689104.61091099,58.36718693,2.22792004,0.00147765,0.36591756,0.00000000,,,0.00000000,0.00000000,,,0.62720933,0.00000000,,,,,,,,
SPY benchmark,sens,sens_2021-08-02,2021-08-02,2026-07-31,true,true,"{""*"": 6, ""ACWX"": 3, ""AGG"": 1, ""BIL"": 1, ""BND"": 1.5, ""BTAL"": 6, ""DBC"": 3, ""DBMF"": 3, ""EEM"": 1, ""EFA"": 1, ""IEF"": 1, ""IWM"": 1, ""KMLM"": 6, ""LQD"": 1.5, ""QQQ"": 1, ""SCZ"": 5, ""SHY"": 1, ""SPY"": 0.7, ""TIP"": 2, ""TLT"": 1, ""TQQQ"": 1.5, ""VEA"": 1.5, ""VEU"": 2, ""VNQ"": 1.5, ""VTI"": 1, ""VWO"": 2}",0.03000000,tests/data/2026-08-24-net15,,,0.01070832,0.03230763,0.01070961,0.03230880,63337.05772800,39500.00000000,23837.05772800,0.60346982,0.12432491,0.15288049,0.77696418,0.16991752,1.12546271,0.51107221,-0.24326291,709,2023,0.25523814,2022,-0.18224523,38951.22358046,2.72658565,0.12504158,0.00006903,,,,,,,,,0.98929039,0.96769120,,,,,,,,
