label,kind,window,start,end,is_baseline,feasible,cost_bps,cash_yield,data_dir,params.k,params.score,avg_misallocation,max_misallocation,avg_asset_deviation,max_asset_deviation,final_value,total_contributed,net_profit,net_profit_pct,cagr,xirr,sharpe,volatility,sortino,calmar,max_drawdown,max_drawdown_days,best_year,best_year_return,worst_year,worst_year_return,traded_value,total_fees,turnover,fee_drag,exposure.BIL.avg,exposure.BIL.min,exposure.DBC.avg,exposure.DBC.min,exposure.IEF.avg,exposure.IEF.min,exposure.IWM.avg,exposure.IWM.min,exposure.SPY.avg,exposure.SPY.min,exposure.TLT.avg,exposure.TLT.min,exposure.VEA.avg,exposure.VEA.min,exposure.VNQ.avg,exposure.VNQ.min,exposure.VWO.avg,exposure.VWO.min
ROT SPY+IWM+VEA+VWO+VNQ+DBC+IEF+TLT top3 1-3-6-12U can TIP/1 fb best(BIL+IEF),full,full,2012-01-03,2026-08-24,false,true,"{""*"": 6, ""ACWX"": 3, ""AGG"": 1, ""BIL"": 1, ""BND"": 1.5, ""BTAL"": 6, ""DBC"": 3, ""DBMF"": 3, ""EEM"": 1, ""EFA"": 1, ""IEF"": 1, ""IWM"": 1, ""KMLM"": 6, ""LQD"": 1.5, ""QQQ"": 1, ""SCZ"": 5, ""SHY"": 1, ""SPY"": 0.7, ""TIP"": 2, ""TLT"": 1, ""TQQQ"": 1.5, ""VEA"": 1.5, ""VEU"": 2, ""VNQ"": 1.5, ""VTI"": 1, ""VWO"": 2}",0.03000000,tests/data/2026-08-24-net15,3,1-3-6-12U,0.00240717,0.01297063,0.00167127,0.00727216,231448.17586060,97500.00000000,133948.17586060,1.37382744,0.08840551,0.10034249,0.87766851,0.10280535,1.24065880,0.44487712,-0.19871895,283,2020,0.24402534,2015,-0.05769429,10358251.54729135,1315.83499455,4.04138769,0.01349574,0.24412466,0.00000000,0.04354985,0.00000000,0.11527585,0.00000000,0.10191520,0.00000000,0.15810360,0.00000000,0.06788873,0.00000000,0.07569532,0.00000000,0.10584312,0.00000000,0.08515347,0.00000000
ROT SPY+IWM+VEA+VWO+VNQ+DBC+IEF+TLT top3 13612W can TIP/1 fb best(BIL+IEF),full,full,2012-01-03,2026-08-24,false,true,"{""*"": 6, ""ACWX"": 3, ""AGG"": 1, ""BIL"": 1, ""BND"": 1.5, ""BTAL"": 6, ""DBC"": 3, ""DBMF"": 3, ""EEM"": 1, ""EFA"": 1, ""IEF"": 1, ""IWM"": 1, ""KMLM"": 6, ""LQD"": 1.5, ""QQQ"": 1, ""SCZ"": 5, ""SHY"": 1, ""SPY"": 0.7, ""TIP"": 2, ""TLT"": 1, ""TQQQ"": 1.5, ""VEA"": 1.5, ""VEU"": 2, ""VNQ"": 1.5, ""VTI"": 1, ""VWO"": 2}",0.03000000,tests/data/2026-08-24-net15,3,13612W,0.00226271,0.01209336,0.00161945,0.00678287,168606.40196380,97500.00000000,71106.40196380,0.72929643,0.06814334,0.06483965,0.70755911,0.10056445,0.99968593,0.26677127,-0.25543734,1261,2020,0.25966818,2024,-0.10314321,14682835.59413864,1880.77136284,6.39946377,0.01928996,0.28192956,0.00000000,0.04922389,0.00000000,0.10774187,0.00000000,0.10374852,0.00000000,0.12794180,0.00000000,0.05848704,0.00000000,0.07758260,0.00000000,0.09452310,0.00000000,0.09649086,0.00000000
ROT SPY+IWM+VEA+VWO+VNQ+DBC+IEF+TLT top3 12M can TIP/1 fb best(BIL+IEF),full,full,2012-01-03,2026-08-24,false,true,"{""*"": 6, ""ACWX"": 3, ""AGG"": 1, ""BIL"": 1, ""BND"": 1.5, ""BTAL"": 6, ""DBC"": 3, ""DBMF"": 3, ""EEM"": 1, ""EFA"": 1, ""IEF"": 1, ""IWM"": 1, ""KMLM"": 6, ""LQD"": 1.5, ""QQQ"": 1, ""SCZ"": 5, ""SHY"": 1, ""SPY"": 0.7, ""TIP"": 2, ""TLT"": 1, ""TQQQ"": 1.5, ""VEA"": 1.5, ""VEU"": 2, ""VNQ"": 1.5, ""VTI"": 1, ""VWO"": 2}",0.03000000,tests/data/2026-08-24-net15,3,12M,0.00273082,0.01262103,0.00187307,0.00742805,208243.98907434,97500.00000000,110743.98907434,1.13583579,0.08040327,0.08862158,0.80960136,0.10223614,1.12572676,0.41816426,-0.19227677,235,2021,0.21215053,2015,-0.00116724,5585914.94572458,696.27908045,2.40947188,0.00714132,0.24412249,0.00000000,0.04354531,0.00000000,0.11518753,0.00000000,0.09435422,0.00000000,0.15990160,0.00000000,0.08485430,0.00000000,0.06245041,0.00000000,0.11524624,0.00000000,0.07758050,0.00000000
ROT SPY+IWM+VEA+VWO+VNQ+DBC+IEF+TLT top4 1-3-6-12U can TIP/1 fb best(BIL+IEF),full,full,2012-01-03,2026-08-24,false,true,"{""*"": 6, ""ACWX"": 3, ""AGG"": 1, ""BIL"": 1, ""BND"": 1.5, ""BTAL"": 6, ""DBC"": 3, ""DBMF"": 3, ""EEM"": 1, ""EFA"": 1, ""IEF"": 1, ""IWM"": 1, ""KMLM"": 6, ""LQD"": 1.5, ""QQQ"": 1, ""SCZ"": 5, ""SHY"": 1, ""SPY"": 0.7, ""TIP"": 2, ""TLT"": 1, ""TQQQ"": 1.5, ""VEA"": 1.5, ""VEU"": 2, ""VNQ"": 1.5, ""VTI"": 1, ""VWO"": 2}",0.03000000,tests/data/2026-08-24-net15,4,1-3-6-12U,0.00304715,0.01627992,0.00179833,0.00655232,227548.94870007,97500.00000000,130048.94870007,1.33383537,0.09127781,0.09846454,0.97309824,0.09460807,1.37152828,0.62591852,-0.14583017,226,2021,0.23470508,2015,-0.03352553,9017597.08166460,1181.82455579,3.47299992,0.01212128,0.24555677,0.00000000,0.04543765,0.00000000,0.13323933,0.00000000,0.10884154,0.00000000,0.13944607,0.00000000,0.06064868,0.00000000,0.08371507,0.00000000,0.09205606,0.00000000,0.08797246,0.00000000
ROT SPY+IWM+VEA+VWO+VNQ+DBC+IEF+TLT top4 13612W can TIP/1 fb best(BIL+IEF),full,full,2012-01-03,2026-08-24,false,true,"{""*"": 6, ""ACWX"": 3, ""AGG"": 1, ""BIL"": 1, ""BND"": 1.5, ""BTAL"": 6, ""DBC"": 3, ""DBMF"": 3, ""EEM"": 1, ""EFA"": 1, ""IEF"": 1, ""IWM"": 1, ""KMLM"": 6, ""LQD"": 1.5, ""QQQ"": 1, ""SCZ"": 5, ""SHY"": 1, ""SPY"": 0.7, ""TIP"": 2, ""TLT"": 1, ""TQQQ"": 1.5, ""VEA"": 1.5, ""VEU"": 2, ""VNQ"": 1.5, ""VTI"": 1, ""VWO"": 2}",0.03000000,tests/data/2026-08-24-net15,4,13612W,0.00299116,0.01308091,0.00188178,0.00768585,162919.72263439,97500.00000000,65419.72263439,0.67097151,0.06326145,0.06092364,0.70601997,0.09327852,0.98871869,0.30412211,-0.20801332,1515,2020,0.23432675,2024,-0.07039716,12984008.56511723,1671.64870422,5.80824478,0.01714511,0.28530480,0.00000000,0.05252568,0.00000000,0.11908532,0.00000000,0.10171842,0.00000000,0.12373916,0.00000000,0.05936421,0.00000000,0.08937496,0.00000000,0.07790591,0.00000000,0.08792732,0.00000000
ROT SPY+IWM+VEA+VWO+VNQ+DBC+IEF+TLT top4 12M can TIP/1 fb best(BIL+IEF),full,full,2012-01-03,2026-08-24,false,true,"{""*"": 6, ""ACWX"": 3, ""AGG"": 1, ""BIL"": 1, ""BND"": 1.5, ""BTAL"": 6, ""DBC"": 3, ""DBMF"": 3, ""EEM"": 1, ""EFA"": 1, ""IEF"": 1, ""IWM"": 1, ""KMLM"": 6, ""LQD"": 1.5, ""QQQ"": 1, ""SCZ"": 5, ""SHY"": 1, ""SPY"": 0.7, ""TIP"": 2, ""TLT"": 1, ""TQQQ"": 1.5, ""VEA"": 1.5, ""VEU"": 2, ""VNQ"": 1.5, ""VTI"": 1, ""VWO"": 2}",0.03000000,tests/data/2026-08-24-net15,4,12M,0.00325770,0.02055819,0.00189213,0.00892885,207096.41253503,97500.00000000,109596.41253503,1.12406577,0.08062115,0.08800550,0.83743507,0.09865318,1.15993047,0.45743260,-0.17624706,326,2026,0.19590125,2022,-0.02123986,4916574.79672805,636.67017625,2.17282119,0.00652995,0.24554132,0.00000000,0.04117857,0.00000000,0.12749126,0.00000000,0.09753095,0.00000000,0.15490107,0.00000000,0.06636473,0.00000000,0.07377803,0.00000000,0.10054099,0.00000000,0.08939059,0.00000000
ROT SPY+IWM+VEA+VWO+VNQ+DBC+IEF+TLT top5 1-3-6-12U can TIP/1 fb best(BIL+IEF),full,full,2012-01-03,2026-08-24,false,true,"{""*"": 6, ""ACWX"": 3, ""AGG"": 1, ""BIL"": 1, ""BND"": 1.5, ""BTAL"": 6, ""DBC"": 3, ""DBMF"": 3, ""EEM"": 1, ""EFA"": 1, ""IEF"": 1, ""IWM"": 1, ""KMLM"": 6, ""LQD"": 1.5, ""QQQ"": 1, ""SCZ"": 5, ""SHY"": 1, ""SPY"": 0.7, ""TIP"": 2, ""TLT"": 1, ""TQQQ"": 1.5, ""VEA"": 1.5, ""VEU"": 2, ""VNQ"": 1.5, ""VTI"": 1, ""VWO"": 2}",0.03000000,tests/data/2026-08-24-net15,5,1-3-6-12U,0.00374394,0.02333454,0.00201922,0.00950867,220162.84003895,97500.00000000,122662.84003895,1.25808041,0.08544278,0.09480975,0.95463664,0.09039523,1.34958227,0.59096653,-0.14458143,256,2021,0.21176353,2015,-0.01108662,7417451.23051488,942.32795544,2.99012344,0.00966490,0.24752280,0.00000000,0.05337566,0.00000000,0.13932357,0.00000000,0.10726649,0.00000000,0.12813305,0.00000000,0.05982964,0.00000000,0.08964272,0.00000000,0.08829275,0.00000000,0.08283466,0.00000000
ROT SPY+IWM+VEA+VWO+VNQ+DBC+IEF+TLT top5 13612W can TIP/1 fb best(BIL+IEF),full,full,2012-01-03,2026-08-24,false,true,"{""*"": 6, ""ACWX"": 3, ""AGG"": 1, ""BIL"": 1, ""BND"": 1.5, ""BTAL"": 6, ""DBC"": 3, ""DBMF"": 3, ""EEM"": 1, ""EFA"": 1, ""IEF"": 1, ""IWM"": 1, ""KMLM"": 6, ""LQD"": 1.5, ""QQQ"": 1, ""SCZ"": 5, ""SHY"": 1, ""SPY"": 0.7, ""TIP"": 2, ""TLT"": 1, ""TQQQ"": 1.5, ""VEA"": 1.5, ""VEU"": 2, ""VNQ"": 1.5, ""VTI"": 1, ""VWO"": 2}",0.03000000,tests/data/2026-08-24-net15,5,13612W,0.00368931,0.02553322,0.00208949,0.00881196,164022.74532206,97500.00000000,66522.74532206,0.68228457,0.06223670,0.06169504,0.74619665,0.08609601,1.04391762,0.40295898,-0.15444923,1469,2020,0.22079067,2022,-0.04613459,11983812.93868866,1512.50334072,5.44367596,0.01551285,0.28951404,0.00000000,0.06017202,0.00000000,0.13600150,0.00000000,0.09486192,0.00000000,0.10988092,0.00000000,0.06209857,0.00000000,0.08963017,0.00000000,0.07698536,0.00000000,0.07710701,0.00000000
ROT SPY+IWM+VEA+VWO+VNQ+DBC+IEF+TLT top5 12M can TIP/1 fb best(BIL+IEF),full,full,2012-01-03,2026-08-24,false,true,"{""*"": 6, ""ACWX"": 3, ""AGG"": 1, ""BIL"": 1, ""BND"": 1.5, ""BTAL"": 6, ""DBC"": 3, ""DBMF"": 3, ""EEM"": 1, ""EFA"": 1, ""IEF"": 1, ""IWM"": 1, ""KMLM"": 6, ""LQD"": 1.5, ""QQQ"": 1, ""SCZ"": 5, ""SHY"": 1, ""SPY"": 0.7, ""TIP"": 2, ""TLT"": 1, ""TQQQ"": 1.5, ""VEA"": 1.5, ""VEU"": 2, ""VNQ"": 1.5, ""VTI"": 1, ""VWO"": 2}",0.03000000,tests/data/2026-08-24-net15,5,12M,0.00391323,0.01993381,0.00219826,0.00746046,185389.66705508,97500.00000000,87889.66705508,0.90143248,0.06929828,0.07559200,0.76812633,0.09312255,1.04535897,0.32205390,-0.21517604,454,2026,0.20804275,2020,-0.03793295,4550117.42218970,586.19360682,2.15735582,0.00601224,0.24977397,0.00000000,0.04770132,0.00000000,0.15181581,0.00000000,0.09036133,0.00000000,0.13245020,0.00000000,0.06203855,0.00000000,0.08509223,0.00000000,0.08945533,0.00000000,0.08737290,0.00000000
SPY12.5/IWM12.5/VEA12.5/VWO12.5/VNQ12.5/DBC12.5/IEF12.5/TLT12.5,full,full,2012-01-03,2026-08-24,true,true,"{""*"": 6, ""ACWX"": 3, ""AGG"": 1, ""BIL"": 1, ""BND"": 1.5, ""BTAL"": 6, ""DBC"": 3, ""DBMF"": 3, ""EEM"": 1, ""EFA"": 1, ""IEF"": 1, ""IWM"": 1, ""KMLM"": 6, ""LQD"": 1.5, ""QQQ"": 1, ""SCZ"": 5, ""SHY"": 1, ""SPY"": 0.7, ""TIP"": 2, ""TLT"": 1, ""TQQQ"": 1.5, ""VEA"": 1.5, ""VEU"": 2, ""VNQ"": 1.5, ""VTI"": 1, ""VWO"": 2}",0.03000000,tests/data/2026-08-24-net15,,,0.00723039,0.02604444,0.00272503,0.00827485,177895.82964882,97500.00000000,80395.82964882,0.82457261,0.06686675,0.07093030,0.65072067,0.10886792,0.89897971,0.26799135,-0.24951084,195,2019,0.20173822,2022,-0.16134303,326196.39392009,50.66288893,0.15072591,0.00051962,,,0.12480790,0.12302805,0.12397291,0.11807057,0.12370298,0.12064159,0.12277276,0.11672515,0.12385316,0.11824255,0.12462684,0.12354171,0.12437260,0.12203077,0.12465808,0.12264666
ROT SPY top1 1-3-6-12U can TIP/1 fb best(BIL+IEF),full,full,2012-01-03,2026-08-24,true,true,"{""*"": 6, ""ACWX"": 3, ""AGG"": 1, ""BIL"": 1, ""BND"": 1.5, ""BTAL"": 6, ""DBC"": 3, ""DBMF"": 3, ""EEM"": 1, ""EFA"": 1, ""IEF"": 1, ""IWM"": 1, ""KMLM"": 6, ""LQD"": 1.5, ""QQQ"": 1, ""SCZ"": 5, ""SHY"": 1, ""SPY"": 0.7, ""TIP"": 2, ""TLT"": 1, ""TQQQ"": 1.5, ""VEA"": 1.5, ""VEU"": 2, ""VNQ"": 1.5, ""VTI"": 1, ""VWO"": 2}",0.03000000,tests/data/2026-08-24-net15,,,0.00146525,0.00887397,0.00148633,0.00887535,325114.34203370,97500.00000000,227614.34203370,2.33450607,0.12982449,0.13743004,1.19676035,0.10707235,1.69942747,0.96685472,-0.13427507,107,2021,0.28424573,2022,-0.00680651,8691390.06628179,744.42477629,2.61798579,0.00763513,0.24983617,0.00000000,,,0.09651349,0.00000000,,,0.65216401,0.00000000,,,,,,,,
SPY benchmark,full,full,2012-01-03,2026-08-24,true,true,"{""*"": 6, ""ACWX"": 3, ""AGG"": 1, ""BIL"": 1, ""BND"": 1.5, ""BTAL"": 6, ""DBC"": 3, ""DBMF"": 3, ""EEM"": 1, ""EFA"": 1, ""IEF"": 1, ""IWM"": 1, ""KMLM"": 6, ""LQD"": 1.5, ""QQQ"": 1, ""SCZ"": 5, ""SHY"": 1, ""SPY"": 0.7, ""TIP"": 2, ""TLT"": 1, ""TQQQ"": 1.5, ""VEA"": 1.5, ""VEU"": 2, ""VNQ"": 1.5, ""VTI"": 1, ""VWO"": 2}",0.03000000,tests/data/2026-08-24-net15,,,0.00165763,0.00887397,0.00165813,0.00887535,353051.02493906,97500.00000000,255551.02493906,2.62103615,0.14643292,0.14631590,0.91192795,0.16527492,1.29098146,0.43404677,-0.33736669,173,2013,0.31819168,2022,-0.18365542,97233.05567962,6.80631390,0.02779235,0.00006981,,,,,,,,,0.99834187,0.99112465,,,,,,,,
ROT SPY+IWM+VEA+VWO+VNQ+DBC+IEF+TLT top3 1-3-6-12U can TIP/1 fb best(BIL+IEF),fit,fit,2012-01-03,2022-12-30,false,true,"{""*"": 6, ""ACWX"": 3, ""AGG"": 1, ""BIL"": 1, ""BND"": 1.5, ""BTAL"": 6, ""DBC"": 3, ""DBMF"": 3, ""EEM"": 1, ""EFA"": 1, ""IEF"": 1, ""IWM"": 1, ""KMLM"": 6, ""LQD"": 1.5, ""QQQ"": 1, ""SCZ"": 5, ""SHY"": 1, ""SPY"": 0.7, ""TIP"": 2, ""TLT"": 1, ""TQQQ"": 1.5, ""VEA"": 1.5, ""VEU"": 2, ""VNQ"": 1.5, ""VTI"": 1, ""VWO"": 2}",0.03000000,tests/data/2026-08-24-net15,3,1-3-6-12U,0.00282886,0.01297063,0.00192544,0.00727216,143318.25845705,75500.00000000,67818.25845705,0.89825508,0.08430760,0.09901018,0.87655924,0.09791148,1.23587506,0.73090588,-0.11534673,550,2020,0.24402534,2015,-0.05769429,4913279.63099346,608.50107432,3.81113288,0.00805962,0.23462637,0.00000000,0.04291679,0.00000000,0.14865207,0.00000000,0.09303340,0.00000000,0.15042697,0.00000000,0.09051831,0.00000000,0.04539458,0.00000000,0.12346133,0.00000000,0.06809942,0.00000000
ROT SPY+IWM+VEA+VWO+VNQ+DBC+IEF+TLT top3 13612W can TIP/1 fb best(BIL+IEF),fit,fit,2012-01-03,2022-12-30,false,true,"{""*"": 6, ""ACWX"": 3, ""AGG"": 1, ""BIL"": 1, ""BND"": 1.5, ""BTAL"": 6, ""DBC"": 3, ""DBMF"": 3, ""EEM"": 1, ""EFA"": 1, ""IEF"": 1, ""IWM"": 1, ""KMLM"": 6, ""LQD"": 1.5, ""QQQ"": 1, ""SCZ"": 5, ""SHY"": 1, ""SPY"": 0.7, ""TIP"": 2, ""TLT"": 1, ""TQQQ"": 1.5, ""VEA"": 1.5, ""VEU"": 2, ""VNQ"": 1.5, ""VTI"": 1, ""VWO"": 2}",0.03000000,tests/data/2026-08-24-net15,3,13612W,0.00256507,0.01209336,0.00181244,0.00678287,125053.05682647,75500.00000000,49553.05682647,0.65633188,0.07838767,0.07846223,0.82485270,0.09733193,1.17648064,0.64710281,-0.12113634,944,2020,0.25966818,2015,-0.05958121,7803690.09004010,997.13777901,5.99188006,0.01320712,0.26231174,0.00000000,0.05048377,0.00000000,0.13608565,0.00000000,0.10557241,0.00000000,0.11783799,0.00000000,0.07041616,0.00000000,0.05297118,0.00000000,0.10584481,0.00000000,0.09584492,0.00000000
ROT SPY+IWM+VEA+VWO+VNQ+DBC+IEF+TLT top3 12M can TIP/1 fb best(BIL+IEF),fit,fit,2012-01-03,2022-12-30,false,true,"{""*"": 6, ""ACWX"": 3, ""AGG"": 1, ""BIL"": 1, ""BND"": 1.5, ""BTAL"": 6, ""DBC"": 3, ""DBMF"": 3, ""EEM"": 1, ""EFA"": 1, ""IEF"": 1, ""IWM"": 1, ""KMLM"": 6, ""LQD"": 1.5, ""QQQ"": 1, ""SCZ"": 5, ""SHY"": 1, ""SPY"": 0.7, ""TIP"": 2, ""TLT"": 1, ""TQQQ"": 1.5, ""VEA"": 1.5, ""VEU"": 2, ""VNQ"": 1.5, ""VTI"": 1, ""VWO"": 2}",0.03000000,tests/data/2026-08-24-net15,3,12M,0.00309216,0.01262103,0.00206546,0.00742805,120111.68324429,75500.00000000,44611.68324429,0.59088322,0.06887593,0.07234393,0.75832128,0.09373186,1.03708891,0.46931628,-0.14675803,193,2021,0.21215053,2015,-0.00116724,3263356.74451851,391.67183075,2.67260176,0.00518771,0.22704223,0.00000000,0.04543768,0.00000000,0.15358337,0.00000000,0.08298055,0.00000000,0.15042026,0.00000000,0.11313907,0.00000000,0.02521624,0.00000000,0.13600220,0.00000000,0.06305883,0.00000000
ROT SPY+IWM+VEA+VWO+VNQ+DBC+IEF+TLT top4 1-3-6-12U can TIP/1 fb best(BIL+IEF),fit,fit,2012-01-03,2022-12-30,false,true,"{""*"": 6, ""ACWX"": 3, ""AGG"": 1, ""BIL"": 1, ""BND"": 1.5, ""BTAL"": 6, ""DBC"": 3, ""DBMF"": 3, ""EEM"": 1, ""EFA"": 1, ""IEF"": 1, ""IWM"": 1, ""KMLM"": 6, ""LQD"": 1.5, ""QQQ"": 1, ""SCZ"": 5, ""SHY"": 1, ""SPY"": 0.7, ""TIP"": 2, ""TLT"": 1, ""TQQQ"": 1.5, ""VEA"": 1.5, ""VEU"": 2, ""VNQ"": 1.5, ""VTI"": 1, ""VWO"": 2}",0.03000000,tests/data/2026-08-24-net15,4,1-3-6-12U,0.00349519,0.01627992,0.00197483,0.00655232,142540.20405195,75500.00000000,67040.20405195,0.88794972,0.08937715,0.09819353,1.00140206,0.08958935,1.41028202,0.91372772,-0.09781596,392,2021,0.23470508,2015,-0.03352553,4553176.80039643,572.67152003,3.41133095,0.00758505,0.23653446,0.00000000,0.04354250,0.00000000,0.16630463,0.00000000,0.10165365,0.00000000,0.13704082,0.00000000,0.08086490,0.00000000,0.05862208,0.00000000,0.10382028,0.00000000,0.06808265,0.00000000
ROT SPY+IWM+VEA+VWO+VNQ+DBC+IEF+TLT top4 13612W can TIP/1 fb best(BIL+IEF),fit,fit,2012-01-03,2022-12-30,false,true,"{""*"": 6, ""ACWX"": 3, ""AGG"": 1, ""BIL"": 1, ""BND"": 1.5, ""BTAL"": 6, ""DBC"": 3, ""DBMF"": 3, ""EEM"": 1, ""EFA"": 1, ""IEF"": 1, ""IWM"": 1, ""KMLM"": 6, ""LQD"": 1.5, ""QQQ"": 1, ""SCZ"": 5, ""SHY"": 1, ""SPY"": 0.7, ""TIP"": 2, ""TLT"": 1, ""TQQQ"": 1.5, ""VEA"": 1.5, ""VEU"": 2, ""VNQ"": 1.5, ""VTI"": 1, ""VWO"": 2}",0.03000000,tests/data/2026-08-24-net15,4,13612W,0.00331396,0.01308091,0.00205218,0.00768585,118040.58352754,75500.00000000,42540.58352754,0.56345144,0.07002604,0.06969784,0.78568880,0.09157439,1.10645476,0.64994139,-0.10774208,951,2020,0.23432675,2015,-0.05322410,7150435.31981684,914.91288427,5.63503041,0.01211805,0.26682020,0.00000000,0.05299504,0.00000000,0.14365121,0.00000000,0.09980172,0.00000000,0.12178030,0.00000000,0.06591964,0.00000000,0.07563849,0.00000000,0.08684313,0.00000000,0.08317394,0.00000000
ROT SPY+IWM+VEA+VWO+VNQ+DBC+IEF+TLT top4 12M can TIP/1 fb best(BIL+IEF),fit,fit,2012-01-03,2022-12-30,false,true,"{""*"": 6, ""ACWX"": 3, ""AGG"": 1, ""BIL"": 1, ""BND"": 1.5, ""BTAL"": 6, ""DBC"": 3, ""DBMF"": 3, ""EEM"": 1, ""EFA"": 1, ""IEF"": 1, ""IWM"": 1, ""KMLM"": 6, ""LQD"": 1.5, ""QQQ"": 1, ""SCZ"": 5, ""SHY"": 1, ""SPY"": 0.7, ""TIP"": 2, ""TLT"": 1, ""TQQQ"": 1.5, ""VEA"": 1.5, ""VEU"": 2, ""VNQ"": 1.5, ""VTI"": 1, ""VWO"": 2}",0.03000000,tests/data/2026-08-24-net15,4,12M,0.00371331,0.02055819,0.00206720,0.00892885,113323.14626713,75500.00000000,37823.14626713,0.50096882,0.06486989,0.06347711,0.73454887,0.09135419,0.99361228,0.36806227,-0.17624706,326,2021,0.18620712,2022,-0.02123945,2862272.79212878,349.71222672,2.35237833,0.00463195,0.22704837,0.00000000,0.03975645,0.00000000,0.16998834,0.00000000,0.08471076,0.00000000,0.15955366,0.00000000,0.08848631,0.00000000,0.04916304,0.00000000,0.10947109,0.00000000,0.06808357,0.00000000
ROT SPY+IWM+VEA+VWO+VNQ+DBC+IEF+TLT top5 1-3-6-12U can TIP/1 fb best(BIL+IEF),fit,fit,2012-01-03,2022-12-30,false,true,"{""*"": 6, ""ACWX"": 3, ""AGG"": 1, ""BIL"": 1, ""BND"": 1.5, ""BTAL"": 6, ""DBC"": 3, ""DBMF"": 3, ""EEM"": 1, ""EFA"": 1, ""IEF"": 1, ""IWM"": 1, ""KMLM"": 6, ""LQD"": 1.5, ""QQQ"": 1, ""SCZ"": 5, ""SHY"": 1, ""SPY"": 0.7, ""TIP"": 2, ""TLT"": 1, ""TQQQ"": 1.5, ""VEA"": 1.5, ""VEU"": 2, ""VNQ"": 1.5, ""VTI"": 1, ""VWO"": 2}",0.03000000,tests/data/2026-08-24-net15,5,1-3-6-12U,0.00432859,0.02333454,0.00225079,0.00950867,132429.37741100,75500.00000000,56929.37741100,0.75403149,0.07836175,0.08712560,0.93599858,0.08450313,1.32009414,0.86487809,-0.09060439,426,2021,0.21176353,2015,-0.01108662,4048110.43691206,512.55077317,3.15444129,0.00678875,0.23915708,0.00000000,0.04844845,0.00000000,0.17365937,0.00000000,0.10374202,0.00000000,0.12577813,0.00000000,0.07523537,0.00000000,0.07259061,0.00000000,0.09351236,0.00000000,0.06351187,0.00000000
ROT SPY+IWM+VEA+VWO+VNQ+DBC+IEF+TLT top5 13612W can TIP/1 fb best(BIL+IEF),fit,fit,2012-01-03,2022-12-30,false,true,"{""*"": 6, ""ACWX"": 3, ""AGG"": 1, ""BIL"": 1, ""BND"": 1.5, ""BTAL"": 6, ""DBC"": 3, ""DBMF"": 3, ""EEM"": 1, ""EFA"": 1, ""IEF"": 1, ""IWM"": 1, ""KMLM"": 6, ""LQD"": 1.5, ""QQQ"": 1, ""SCZ"": 5, ""SHY"": 1, ""SPY"": 0.7, ""TIP"": 2, ""TLT"": 1, ""TQQQ"": 1.5, ""VEA"": 1.5, ""VEU"": 2, ""VNQ"": 1.5, ""VTI"": 1, ""VWO"": 2}",0.03000000,tests/data/2026-08-24-net15,5,13612W,0.00409007,0.02553322,0.00221525,0.00881196,113352.61073273,75500.00000000,37852.61073273,0.50135908,0.06433532,0.06351683,0.78162743,0.08441330,1.09653079,0.59333163,-0.10843062,,2020,0.22079067,2022,-0.04613412,6658682.79073439,847.96506441,5.34073248,0.01123133,0.27092512,0.00000000,0.05902318,0.00000000,0.16469533,0.00000000,0.09480109,0.00000000,0.11063045,0.00000000,0.06464815,0.00000000,0.08014513,0.00000000,0.08147196,0.00000000,0.06950994,0.00000000
ROT SPY+IWM+VEA+VWO+VNQ+DBC+IEF+TLT top5 12M can TIP/1 fb best(BIL+IEF),fit,fit,2012-01-03,2022-12-30,false,true,"{""*"": 6, ""ACWX"": 3, ""AGG"": 1, ""BIL"": 1, ""BND"": 1.5, ""BTAL"": 6, ""DBC"": 3, ""DBMF"": 3, ""EEM"": 1, ""EFA"": 1, ""IEF"": 1, ""IWM"": 1, ""KMLM"": 6, ""LQD"": 1.5, ""QQQ"": 1, ""SCZ"": 5, ""SHY"": 1, ""SPY"": 0.7, ""TIP"": 2, ""TLT"": 1, ""TQQQ"": 1.5, ""VEA"": 1.5, ""VEU"": 2, ""VNQ"": 1.5, ""VTI"": 1, ""VWO"": 2}",0.03000000,tests/data/2026-08-24-net15,5,12M,0.00433640,0.01993381,0.00232559,0.00746046,103124.75589306,75500.00000000,27624.75589306,0.36589081,0.05322972,0.04900061,0.63359633,0.08809129,0.84117305,0.24737755,-0.21517604,454,2021,0.16140794,2020,-0.03793295,2741839.96636286,351.59554271,2.34827995,0.00465689,0.23155382,0.00000000,0.03936919,0.00000000,0.19486129,0.00000000,0.08123985,0.00000000,0.13016977,0.00000000,0.08271807,0.00000000,0.06654176,0.00000000,0.09810593,0.00000000,0.07107793,0.00000000
SPY12.5/IWM12.5/VEA12.5/VWO12.5/VNQ12.5/DBC12.5/IEF12.5/TLT12.5,fit,fit,2012-01-03,2022-12-30,true,true,"{""*"": 6, ""ACWX"": 3, ""AGG"": 1, ""BIL"": 1, ""BND"": 1.5, ""BTAL"": 6, ""DBC"": 3, ""DBMF"": 3, ""EEM"": 1, ""EFA"": 1, ""IEF"": 1, ""IWM"": 1, ""KMLM"": 6, ""LQD"": 1.5, ""QQQ"": 1, ""SCZ"": 5, ""SHY"": 1, ""SPY"": 0.7, ""TIP"": 2, ""TLT"": 1, ""TQQQ"": 1.5, ""VEA"": 1.5, ""VEU"": 2, ""VNQ"": 1.5, ""VTI"": 1, ""VWO"": 2}",0.03000000,tests/data/2026-08-24-net15,,,0.00815922,0.02604444,0.00289434,0.00827485,99747.22829998,75500.00000000,24247.22829998,0.32115534,0.05052394,0.04385526,0.50042999,0.11094915,0.68003734,0.20249196,-0.24951084,195,2019,0.20173822,2022,-0.16134136,201682.81503826,30.61486380,0.16703220,0.00040549,,,0.12477345,0.12302805,0.12376057,0.11807057,0.12355646,0.12064159,0.12272134,0.11672515,0.12359481,0.11824255,0.12456020,0.12354171,0.12427477,0.12203077,0.12459654,0.12264666
ROT SPY top1 1-3-6-12U can TIP/1 fb best(BIL+IEF),fit,fit,2012-01-03,2022-12-30,true,true,"{""*"": 6, ""ACWX"": 3, ""AGG"": 1, ""BIL"": 1, ""BND"": 1.5, ""BTAL"": 6, ""DBC"": 3, ""DBMF"": 3, ""EEM"": 1, ""EFA"": 1, ""IEF"": 1, ""IWM"": 1, ""KMLM"": 6, ""LQD"": 1.5, ""QQQ"": 1, ""SCZ"": 5, ""SHY"": 1, ""SPY"": 0.7, ""TIP"": 2, ""TLT"": 1, ""TQQQ"": 1.5, ""VEA"": 1.5, ""VEU"": 2, ""VNQ"": 1.5, ""VTI"": 1, ""VWO"": 2}",0.03000000,tests/data/2026-08-24-net15,,,0.00162626,0.00887397,0.00164790,0.00887535,176253.02249803,75500.00000000,100753.02249803,1.33447712,0.12256816,0.12984724,1.14100262,0.10642080,1.60583341,0.91281394,-0.13427507,107,2021,0.28424573,2022,-0.00680624,4149085.45546553,358.42328182,2.61951722,0.00474733,0.23465931,0.00000000,,,0.12868466,0.00000000,,,0.63500813,0.00000000,,,,,,,,
SPY benchmark,fit,fit,2012-01-03,2022-12-30,true,true,"{""*"": 6, ""ACWX"": 3, ""AGG"": 1, ""BIL"": 1, ""BND"": 1.5, ""BTAL"": 6, ""DBC"": 3, ""DBMF"": 3, ""EEM"": 1, ""EFA"": 1, ""IEF"": 1, ""IWM"": 1, ""KMLM"": 6, ""LQD"": 1.5, ""QQQ"": 1, ""SCZ"": 5, ""SHY"": 1, ""SPY"": 0.7, ""TIP"": 2, ""TLT"": 1, ""TQQQ"": 1.5, ""VEA"": 1.5, ""VEU"": 2, ""VNQ"": 1.5, ""VTI"": 1, ""VWO"": 2}",0.03000000,tests/data/2026-08-24-net15,,,0.00181713,0.00887397,0.00181778,0.00887535,155037.99589010,75500.00000000,79537.99589010,1.05348339,0.12272174,0.11077065,0.76728635,0.16992121,1.07071696,0.36376365,-0.33736669,173,2013,0.31819168,2022,-0.18365528,75481.94120423,5.28373588,0.04442562,0.00006998,,,,,,,,,0.99818222,0.99112465,,,,,,,,
ROT SPY+IWM+VEA+VWO+VNQ+DBC+IEF+TLT top3 1-3-6-12U can TIP/1 fb best(BIL+IEF),test,test,2023-01-03,2026-08-24,false,true,"{""*"": 6, ""ACWX"": 3, ""AGG"": 1, ""BIL"": 1, ""BND"": 1.5, ""BTAL"": 6, ""DBC"": 3, ""DBMF"": 3, ""EEM"": 1, ""EFA"": 1, ""IEF"": 1, ""IWM"": 1, ""KMLM"": 6, ""LQD"": 1.5, ""QQQ"": 1, ""SCZ"": 5, ""SHY"": 1, ""SPY"": 0.7, ""TIP"": 2, ""TLT"": 1, ""TQQQ"": 1.5, ""VEA"": 1.5, ""VEU"": 2, ""VNQ"": 1.5, ""VTI"": 1, ""VWO"": 2}",0.03000000,tests/data/2026-08-24-net15,3,1-3-6-12U,0.01135667,0.03031148,0.00888905,0.02647785,41342.55125950,31500.00000000,9842.55125950,0.31246194,0.10021943,0.11614284,0.89182959,0.11512477,1.26866116,0.50965675,-0.19664102,283,2026,0.14492114,2024,0.02478248,723972.55838135,94.25197858,4.25935404,0.00299213,0.27207804,0.00000000,0.04541556,0.00000000,0.01506012,0.00000000,0.12672730,0.00000000,0.17438031,0.00000000,0.00000000,0.00000000,0.16623999,0.00000000,0.05277600,0.00000000,0.13591890,0.00000000
ROT SPY+IWM+VEA+VWO+VNQ+DBC+IEF+TLT top3 13612W can TIP/1 fb best(BIL+IEF),test,test,2023-01-03,2026-08-24,false,true,"{""*"": 6, ""ACWX"": 3, ""AGG"": 1, ""BIL"": 1, ""BND"": 1.5, ""BTAL"": 6, ""DBC"": 3, ""DBMF"": 3, ""EEM"": 1, ""EFA"": 1, ""IEF"": 1, ""IWM"": 1, ""KMLM"": 6, ""LQD"": 1.5, ""QQQ"": 1, ""SCZ"": 5, ""SHY"": 1, ""SPY"": 0.7, ""TIP"": 2, ""TLT"": 1, ""TQQQ"": 1.5, ""VEA"": 1.5, ""VEU"": 2, ""VNQ"": 1.5, ""VTI"": 1, ""VWO"": 2}",0.03000000,tests/data/2026-08-24-net15,3,13612W,0.01060366,0.03385957,0.00817270,0.02579043,36196.62557707,31500.00000000,4696.62557707,0.14909922,0.03736788,0.05867361,0.39382996,0.10866090,0.54461357,0.16716479,-0.22353916,669,2025,0.11819143,2024,-0.10370324,1048600.17187252,137.82550746,6.81143300,0.00437541,0.34003000,0.00000000,0.04538950,0.00000000,0.02266123,0.00000000,0.09724553,0.00000000,0.15238935,0.00000000,0.02238168,0.00000000,0.15091026,0.00000000,0.06007565,0.00000000,0.09823981,0.00000000
ROT SPY+IWM+VEA+VWO+VNQ+DBC+IEF+TLT top3 12M can TIP/1 fb best(BIL+IEF),test,test,2023-01-03,2026-08-24,false,true,"{""*"": 6, ""ACWX"": 3, ""AGG"": 1, ""BIL"": 1, ""BND"": 1.5, ""BTAL"": 6, ""DBC"": 3, ""DBMF"": 3, ""EEM"": 1, ""EFA"": 1, ""IEF"": 1, ""IWM"": 1, ""KMLM"": 6, ""LQD"": 1.5, ""QQQ"": 1, ""SCZ"": 5, ""SHY"": 1, ""SPY"": 0.7, ""TIP"": 2, ""TLT"": 1, ""TQQQ"": 1.5, ""VEA"": 1.5, ""VEU"": 2, ""VNQ"": 1.5, ""VTI"": 1, ""VWO"": 2}",0.03000000,tests/data/2026-08-24-net15,3,12M,0.01143172,0.03032806,0.00913789,0.02604243,43053.60116634,31500.00000000,11553.60116634,0.36678099,0.11467871,0.13395485,0.94900412,0.12300090,1.35813449,0.60288835,-0.19021550,235,2025,0.16871583,2023,0.00731450,351412.75247006,47.16032314,2.03969370,0.00149715,0.29426374,0.00000000,0.03783013,0.00000000,0.00000000,0.00000000,0.12720387,0.00000000,0.18204883,0.00000000,0.00000000,0.00000000,0.17366529,0.00000000,0.05259251,0.00000000,0.12093850,0.00000000
ROT SPY+IWM+VEA+VWO+VNQ+DBC+IEF+TLT top4 1-3-6-12U can TIP/1 fb best(BIL+IEF),test,test,2023-01-03,2026-08-24,false,true,"{""*"": 6, ""ACWX"": 3, ""AGG"": 1, ""BIL"": 1, ""BND"": 1.5, ""BTAL"": 6, ""DBC"": 3, ""DBMF"": 3, ""EEM"": 1, ""EFA"": 1, ""IEF"": 1, ""IWM"": 1, ""KMLM"": 6, ""LQD"": 1.5, ""QQQ"": 1, ""SCZ"": 5, ""SHY"": 1, ""SPY"": 0.7, ""TIP"": 2, ""TLT"": 1, ""TQQQ"": 1.5, ""VEA"": 1.5, ""VEU"": 2, ""VNQ"": 1.5, ""VTI"": 1, ""VWO"": 2}",0.03000000,tests/data/2026-08-24-net15,4,1-3-6-12U,0.01167206,0.03419969,0.00781868,0.02548609,40974.21476753,31500.00000000,9474.21476753,0.30076872,0.09688306,0.11223009,0.92137977,0.10715830,1.30195859,0.66918113,-0.14477853,226,2026,0.13708017,2024,0.00621362,596244.64765474,82.41624561,3.51718711,0.00261639,0.27194685,0.00000000,0.05103918,0.00000000,0.03357992,0.00000000,0.12792454,0.00000000,0.14187738,0.00000000,0.00000000,0.00000000,0.15840843,0.00000000,0.05639850,0.00000000,0.14711197,0.00000000
ROT SPY+IWM+VEA+VWO+VNQ+DBC+IEF+TLT top4 13612W can TIP/1 fb best(BIL+IEF),test,test,2023-01-03,2026-08-24,false,true,"{""*"": 6, ""ACWX"": 3, ""AGG"": 1, ""BIL"": 1, ""BND"": 1.5, ""BTAL"": 6, ""DBC"": 3, ""DBMF"": 3, ""EEM"": 1, ""EFA"": 1, ""IEF"": 1, ""IWM"": 1, ""KMLM"": 6, ""LQD"": 1.5, ""QQQ"": 1, ""SCZ"": 5, ""SHY"": 1, ""SPY"": 0.7, ""TIP"": 2, ""TLT"": 1, ""TQQQ"": 1.5, ""VEA"": 1.5, ""VEU"": 2, ""VNQ"": 1.5, ""VTI"": 1, ""VWO"": 2}",0.03000000,tests/data/2026-08-24-net15,4,13612W,0.01207428,0.03828724,0.00826324,0.02726258,36220.74694710,31500.00000000,4720.74694710,0.14986498,0.04265094,0.05895824,0.48108044,0.09710018,0.66437839,0.24014640,-0.17760392,328,2025,0.14488840,2024,-0.07051184,923460.20271921,122.02852610,5.86314903,0.00387392,0.33988679,0.00000000,0.05103459,0.00000000,0.04518752,0.00000000,0.10582443,0.00000000,0.12407423,0.00000000,0.03931091,0.00000000,0.13006796,0.00000000,0.05061317,0.00000000,0.10186078,0.00000000
ROT SPY+IWM+VEA+VWO+VNQ+DBC+IEF+TLT top4 12M can TIP/1 fb best(BIL+IEF),test,test,2023-01-03,2026-08-24,false,true,"{""*"": 6, ""ACWX"": 3, ""AGG"": 1, ""BIL"": 1, ""BND"": 1.5, ""BTAL"": 6, ""DBC"": 3, ""DBMF"": 3, ""EEM"": 1, ""EFA"": 1, ""IEF"": 1, ""IWM"": 1, ""KMLM"": 6, ""LQD"": 1.5, ""QQQ"": 1, ""SCZ"": 5, ""SHY"": 1, ""SPY"": 0.7, ""TIP"": 2, ""TLT"": 1, ""TQQQ"": 1.5, ""VEA"": 1.5, ""VEU"": 2, ""VNQ"": 1.5, ""VTI"": 1, ""VWO"": 2}",0.03000000,tests/data/2026-08-24-net15,4,12M,0.01231059,0.03635982,0.00864908,0.02651571,45010.30871877,31500.00000000,13510.30871877,0.42889869,0.12831395,0.15363228,1.10032773,0.11648840,1.59608721,0.79848628,-0.16069650,182,2026,0.19516133,2023,-0.00241439,326460.49658557,47.16343490,1.87371043,0.00149725,0.30019740,0.00000000,0.04538277,0.00000000,0.00000000,0.00000000,0.13393124,0.00000000,0.13485511,0.00000000,0.00000000,0.00000000,0.14711956,0.00000000,0.07332647,0.00000000,0.15285177,0.00000000
ROT SPY+IWM+VEA+VWO+VNQ+DBC+IEF+TLT top5 1-3-6-12U can TIP/1 fb best(BIL+IEF),test,test,2023-01-03,2026-08-24,false,true,"{""*"": 6, ""ACWX"": 3, ""AGG"": 1, ""BIL"": 1, ""BND"": 1.5, ""BTAL"": 6, ""DBC"": 3, ""DBMF"": 3, ""EEM"": 1, ""EFA"": 1, ""IEF"": 1, ""IWM"": 1, ""KMLM"": 6, ""LQD"": 1.5, ""QQQ"": 1, ""SCZ"": 5, ""SHY"": 1, ""SPY"": 0.7, ""TIP"": 2, ""TLT"": 1, ""TQQQ"": 1.5, ""VEA"": 1.5, ""VEU"": 2, ""VNQ"": 1.5, ""VTI"": 1, ""VWO"": 2}",0.03000000,tests/data/2026-08-24-net15,5,1-3-6-12U,0.01310290,0.03722453,0.00847181,0.02952473,41900.38843479,31500.00000000,10400.38843479,0.33017106,0.10656108,0.12201482,1.02303043,0.10491243,1.45398009,0.74789681,-0.14248099,256,2026,0.15557929,2024,0.02133105,471642.31175500,60.92279690,2.74761032,0.00193406,0.27198264,0.00000000,0.06803979,0.00000000,0.03601835,0.00000000,0.11585480,0.00000000,0.12915648,0.00000000,0.01340465,0.00000000,0.14012565,0.00000000,0.07207840,0.00000000,0.14020483,0.00000000
ROT SPY+IWM+VEA+VWO+VNQ+DBC+IEF+TLT top5 13612W can TIP/1 fb best(BIL+IEF),test,test,2023-01-03,2026-08-24,false,true,"{""*"": 6, ""ACWX"": 3, ""AGG"": 1, ""BIL"": 1, ""BND"": 1.5, ""BTAL"": 6, ""DBC"": 3, ""DBMF"": 3, ""EEM"": 1, ""EFA"": 1, ""IEF"": 1, ""IWM"": 1, ""KMLM"": 6, ""LQD"": 1.5, ""QQQ"": 1, ""SCZ"": 5, ""SHY"": 1, ""SPY"": 0.7, ""TIP"": 2, ""TLT"": 1, ""TQQQ"": 1.5, ""VEA"": 1.5, ""VEU"": 2, ""VNQ"": 1.5, ""VTI"": 1, ""VWO"": 2}",0.03000000,tests/data/2026-08-24-net15,5,13612W,0.01355112,0.04108527,0.00918570,0.02818017,37234.44677810,31500.00000000,5734.44677810,0.18204593,0.05492035,0.07078094,0.64408269,0.08971956,0.89460275,0.39016264,-0.14076270,330,2025,0.14867956,2024,-0.04125900,871492.96158086,110.13125758,5.41081757,0.00349623,0.34440366,0.00000000,0.06347448,0.00000000,0.04926530,0.00000000,0.09374027,0.00000000,0.10150573,0.00000000,0.05387402,0.00000000,0.11752460,0.00000000,0.06308968,0.00000000,0.09951279,0.00000000
ROT SPY+IWM+VEA+VWO+VNQ+DBC+IEF+TLT top5 12M can TIP/1 fb best(BIL+IEF),test,test,2023-01-03,2026-08-24,false,true,"{""*"": 6, ""ACWX"": 3, ""AGG"": 1, ""BIL"": 1, ""BND"": 1.5, ""BTAL"": 6, ""DBC"": 3, ""DBMF"": 3, ""EEM"": 1, ""EFA"": 1, ""IEF"": 1, ""IWM"": 1, ""KMLM"": 6, ""LQD"": 1.5, ""QQQ"": 1, ""SCZ"": 5, ""SHY"": 1, ""SPY"": 0.7, ""TIP"": 2, ""TLT"": 1, ""TQQQ"": 1.5, ""VEA"": 1.5, ""VEU"": 2, ""VNQ"": 1.5, ""VTI"": 1, ""VWO"": 2}",0.03000000,tests/data/2026-08-24-net15,5,12M,0.01284563,0.03423760,0.00833281,0.02566842,44082.40723395,31500.00000000,12582.40723395,0.39944150,0.11854801,0.14438933,1.12500378,0.10504341,1.61651172,0.86633463,-0.13683859,197,2026,0.20687451,2023,0.00101463,309434.19733384,39.98179986,1.80881685,0.00126926,0.30331225,0.00000000,0.07260123,0.00000000,0.02251986,0.00000000,0.11564741,0.00000000,0.13414768,0.00000000,0.00000000,0.00000000,0.14016316,0.00000000,0.06297925,0.00000000,0.13575967,0.00000000
SPY12.5/IWM12.5/VEA12.5/VWO12.5/VNQ12.5/DBC12.5/IEF12.5/TLT12.5,test,test,2023-01-03,2026-08-24,true,true,"{""*"": 6, ""ACWX"": 3, ""AGG"": 1, ""BIL"": 1, ""BND"": 1.5, ""BTAL"": 6, ""DBC"": 3, ""DBMF"": 3, ""EEM"": 1, ""EFA"": 1, ""IEF"": 1, ""IWM"": 1, ""KMLM"": 6, ""LQD"": 1.5, ""QQQ"": 1, ""SCZ"": 5, ""SHY"": 1, ""SPY"": 0.7, ""TIP"": 2, ""TLT"": 1, ""TQQQ"": 1.5, ""VEA"": 1.5, ""VEU"": 2, ""VNQ"": 1.5, ""VTI"": 1, ""VWO"": 2}",0.03000000,tests/data/2026-08-24-net15,,,0.02781964,0.05563441,0.01417311,0.02960415,42225.13867391,31500.00000000,10725.13867391,0.34048059,0.11486057,0.12540397,1.14901334,0.09945675,1.69128938,1.03520357,-0.11095457,251,2026,0.13826875,2024,0.05429318,41157.97238253,6.29734172,0.23572508,0.00019992,,,0.12451341,0.12345739,0.12285895,0.11914942,0.11972816,0.11332662,0.11165958,0.09539585,0.12274563,0.11666794,0.12372438,0.12199117,0.12303656,0.11920021,0.12390971,0.12201104
ROT SPY top1 1-3-6-12U can TIP/1 fb best(BIL+IEF),test,test,2023-01-03,2026-08-24,true,true,"{""*"": 6, ""ACWX"": 3, ""AGG"": 1, ""BIL"": 1, ""BND"": 1.5, ""BTAL"": 6, ""DBC"": 3, ""DBMF"": 3, ""EEM"": 1, ""EFA"": 1, ""IEF"": 1, ""IWM"": 1, ""KMLM"": 6, ""LQD"": 1.5, ""QQQ"": 1, ""SCZ"": 5, ""SHY"": 1, ""SPY"": 0.7, ""TIP"": 2, ""TLT"": 1, ""TQQQ"": 1.5, ""VEA"": 1.5, ""VEU"": 2, ""VNQ"": 1.5, ""VTI"": 1, ""VWO"": 2}",0.03000000,tests/data/2026-08-24-net15,,,0.00874667,0.02127131,0.00876741,0.02127131,45557.22711661,31500.00000000,14057.22711661,0.44626118,0.15135233,0.15900812,1.36587846,0.10804188,1.99356338,1.38106421,-0.10959109,202,2024,0.18910934,2023,0.09960898,490309.15290281,41.71859816,2.62267527,0.00132440,0.29446822,0.00000000,,,0.00000000,0.00000000,,,0.69676437,0.00000000,,,,,,,,
SPY benchmark,test,test,2023-01-03,2026-08-24,true,true,"{""*"": 6, ""ACWX"": 3, ""AGG"": 1, ""BIL"": 1, ""BND"": 1.5, ""BTAL"": 6, ""DBC"": 3, ""DBMF"": 3, ""EEM"": 1, ""EFA"": 1, ""IEF"": 1, ""IWM"": 1, ""KMLM"": 6, ""LQD"": 1.5, ""QQQ"": 1, ""SCZ"": 5, ""SHY"": 1, ""SPY"": 0.7, ""TIP"": 2, ""TLT"": 1, ""TQQQ"": 1.5, ""VEA"": 1.5, ""VEU"": 2, ""VNQ"": 1.5, ""VTI"": 1, ""VWO"": 2}",0.03000000,tests/data/2026-08-24-net15,,,0.01118127,0.02889993,0.01118276,0.02890110,51462.51865568,31500.00000000,19962.51865568,0.63373075,0.22151929,0.21396638,1.42521974,0.14894780,2.14327329,1.18927495,-0.18626415,127,2023,0.26134206,2026,0.12377263,31218.24766906,2.18527734,0.14948196,0.00006937,,,,,,,,,0.98881724,0.97109890,,,,,,,,
ROT SPY+IWM+VEA+VWO+VNQ+DBC+IEF+TLT top3 1-3-6-12U can TIP/1 fb best(BIL+IEF),sens,sens_2012-01-03,2012-01-03,2017-01-03,false,true,"{""*"": 6, ""ACWX"": 3, ""AGG"": 1, ""BIL"": 1, ""BND"": 1.5, ""BTAL"": 6, ""DBC"": 3, ""DBMF"": 3, ""EEM"": 1, ""EFA"": 1, ""IEF"": 1, ""IWM"": 1, ""KMLM"": 6, ""LQD"": 1.5, ""QQQ"": 1, ""SCZ"": 5, ""SHY"": 1, ""SPY"": 0.7, ""TIP"": 2, ""TLT"": 1, ""TQQQ"": 1.5, ""VEA"": 1.5, ""VEU"": 2, ""VNQ"": 1.5, ""VTI"": 1, ""VWO"": 2}",0.03000000,tests/data/2026-08-24-net15,3,1-3-6-12U,0.00392109,0.01297063,0.00259592,0.00727216,44536.04059814,40000.00000000,4536.04059814,0.11340101,0.04054717,0.03466264,0.52134905,0.08301335,0.71912062,0.35152423,-0.11534673,550,2016,0.09398718,2015,-0.05769429,1167733.94236871,132.66522041,4.33296056,0.00331663,0.21278281,0.00000000,0.00546232,0.00000000,0.23435959,0.00000000,0.07058136,0.00000000,0.12983493,0.00000000,0.10869375,0.00000000,0.03816040,0.00000000,0.15253957,0.00000000,0.04362561,0.00000000
ROT SPY+IWM+VEA+VWO+VNQ+DBC+IEF+TLT top3 13612W can TIP/1 fb best(BIL+IEF),sens,sens_2012-01-03,2012-01-03,2017-01-03,false,true,"{""*"": 6, ""ACWX"": 3, ""AGG"": 1, ""BIL"": 1, ""BND"": 1.5, ""BTAL"": 6, ""DBC"": 3, ""DBMF"": 3, ""EEM"": 1, ""EFA"": 1, ""IEF"": 1, ""IWM"": 1, ""KMLM"": 6, ""LQD"": 1.5, ""QQQ"": 1, ""SCZ"": 5, ""SHY"": 1, ""SPY"": 0.7, ""TIP"": 2, ""TLT"": 1, ""TQQQ"": 1.5, ""VEA"": 1.5, ""VEU"": 2, ""VNQ"": 1.5, ""VTI"": 1, ""VWO"": 2}",0.03000000,tests/data/2026-08-24-net15,3,13612W,0.00347625,0.01209336,0.00241054,0.00678287,44504.03280485,40000.00000000,4504.03280485,0.11260082,0.05399061,0.03443011,0.63718170,0.08889969,0.91077198,0.44570117,-0.12113634,,2012,0.14929266,2015,-0.05958121,1919111.08274350,226.66689293,6.76794844,0.00566667,0.23449185,0.00000000,0.03275997,0.00000000,0.20715120,0.00000000,0.10311935,0.00000000,0.08115961,0.00000000,0.08149878,0.00000000,0.04364266,0.00000000,0.11988704,0.00000000,0.09274881,0.00000000
ROT SPY+IWM+VEA+VWO+VNQ+DBC+IEF+TLT top3 12M can TIP/1 fb best(BIL+IEF),sens,sens_2012-01-03,2012-01-03,2017-01-03,false,true,"{""*"": 6, ""ACWX"": 3, ""AGG"": 1, ""BIL"": 1, ""BND"": 1.5, ""BTAL"": 6, ""DBC"": 3, ""DBMF"": 3, ""EEM"": 1, ""EFA"": 1, ""IEF"": 1, ""IWM"": 1, ""KMLM"": 6, ""LQD"": 1.5, ""QQQ"": 1, ""SCZ"": 5, ""SHY"": 1, ""SPY"": 0.7, ""TIP"": 2, ""TLT"": 1, ""TQQQ"": 1.5, ""VEA"": 1.5, ""VEU"": 2, ""VNQ"": 1.5, ""VTI"": 1, ""VWO"": 2}",0.03000000,tests/data/2026-08-24-net15,3,12M,0.00384640,0.01262103,0.00250083,0.00742805,44033.87507386,40000.00000000,4033.87507386,0.10084688,0.04508616,0.03099597,0.59483850,0.07963109,0.80434010,0.38168751,-0.11812322,,2012,0.10314686,2015,-0.00116724,660960.45292669,76.40533937,2.37465265,0.00191013,0.19640199,0.00000000,0.00546419,0.00000000,0.25052863,0.00000000,0.05982657,0.00000000,0.10837657,0.00000000,0.13036333,0.00000000,0.02727299,0.00000000,0.17971642,0.00000000,0.03818085,0.00000000
ROT SPY+IWM+VEA+VWO+VNQ+DBC+IEF+TLT top4 1-3-6-12U can TIP/1 fb best(BIL+IEF),sens,sens_2012-01-03,2012-01-03,2017-01-03,false,true,"{""*"": 6, ""ACWX"": 3, ""AGG"": 1, ""BIL"": 1, ""BND"": 1.5, ""BTAL"": 6, ""DBC"": 3, ""DBMF"": 3, ""EEM"": 1, ""EFA"": 1, ""IEF"": 1, ""IWM"": 1, ""KMLM"": 6, ""LQD"": 1.5, ""QQQ"": 1, ""SCZ"": 5, ""SHY"": 1, ""SPY"": 0.7, ""TIP"": 2, ""TLT"": 1, ""TQQQ"": 1.5, ""VEA"": 1.5, ""VEU"": 2, ""VNQ"": 1.5, ""VTI"": 1, ""VWO"": 2}",0.03000000,tests/data/2026-08-24-net15,4,1-3-6-12U,0.00474440,0.01627992,0.00255905,0.00655232,46231.63294984,40000.00000000,6231.63294984,0.15579082,0.05539493,0.04675918,0.75447242,0.07538017,1.05082733,0.69030162,-0.08024743,507,2012,0.11051548,2015,-0.03352553,1099508.64605886,129.39313695,3.95984223,0.00323483,0.21281939,0.00000000,0.00819158,0.00000000,0.24943190,0.00000000,0.08939614,0.00000000,0.11745217,0.00000000,0.10146166,0.00000000,0.04496359,0.00000000,0.12243401,0.00000000,0.04906848,0.00000000
ROT SPY+IWM+VEA+VWO+VNQ+DBC+IEF+TLT top4 13612W can TIP/1 fb best(BIL+IEF),sens,sens_2012-01-03,2012-01-03,2017-01-03,false,true,"{""*"": 6, ""ACWX"": 3, ""AGG"": 1, ""BIL"": 1, ""BND"": 1.5, ""BTAL"": 6, ""DBC"": 3, ""DBMF"": 3, ""EEM"": 1, ""EFA"": 1, ""IEF"": 1, ""IWM"": 1, ""KMLM"": 6, ""LQD"": 1.5, ""QQQ"": 1, ""SCZ"": 5, ""SHY"": 1, ""SPY"": 0.7, ""TIP"": 2, ""TLT"": 1, ""TQQQ"": 1.5, ""VEA"": 1.5, ""VEU"": 2, ""VNQ"": 1.5, ""VTI"": 1, ""VWO"": 2}",0.03000000,tests/data/2026-08-24-net15,4,13612W,0.00446047,0.01308091,0.00270542,0.00768585,44243.31187188,40000.00000000,4243.31187188,0.10608280,0.04914826,0.03253004,0.61064737,0.08459456,0.86929586,0.45616588,-0.10774208,,2012,0.12727415,2015,-0.05322410,1801896.11675848,214.71412147,6.42421777,0.00536785,0.23741442,0.00000000,0.03684614,0.00000000,0.21259475,0.00000000,0.09357634,0.00000000,0.09684864,0.00000000,0.07723010,0.00000000,0.06542407,0.00000000,0.09791239,0.00000000,0.07763121,0.00000000
ROT SPY+IWM+VEA+VWO+VNQ+DBC+IEF+TLT top4 12M can TIP/1 fb best(BIL+IEF),sens,sens_2012-01-03,2012-01-03,2017-01-03,false,true,"{""*"": 6, ""ACWX"": 3, ""AGG"": 1, ""BIL"": 1, ""BND"": 1.5, ""BTAL"": 6, ""DBC"": 3, ""DBMF"": 3, ""EEM"": 1, ""EFA"": 1, ""IEF"": 1, ""IWM"": 1, ""KMLM"": 6, ""LQD"": 1.5, ""QQQ"": 1, ""SCZ"": 5, ""SHY"": 1, ""SPY"": 0.7, ""TIP"": 2, ""TLT"": 1, ""TQQQ"": 1.5, ""VEA"": 1.5, ""VEU"": 2, ""VNQ"": 1.5, ""VTI"": 1, ""VWO"": 2}",0.03000000,tests/data/2026-08-24-net15,4,12M,0.00483260,0.02055819,0.00259519,0.00892885,45117.45004814,40000.00000000,5117.45004814,0.12793625,0.05353151,0.03885907,0.74183955,0.07415512,1.01233299,0.53896391,-0.09932300,,2012,0.11798212,2015,-0.01276102,656534.41050642,76.95658960,2.32926910,0.00192391,0.19640482,0.00000000,0.00819102,0.00000000,0.25741451,0.00000000,0.06098832,0.00000000,0.14183339,0.00000000,0.10161790,0.00000000,0.03268130,0.00000000,0.14284602,0.00000000,0.05316846,0.00000000
ROT SPY+IWM+VEA+VWO+VNQ+DBC+IEF+TLT top5 1-3-6-12U can TIP/1 fb best(BIL+IEF),sens,sens_2012-01-03,2012-01-03,2017-01-03,false,true,"{""*"": 6, ""ACWX"": 3, ""AGG"": 1, ""BIL"": 1, ""BND"": 1.5, ""BTAL"": 6, ""DBC"": 3, ""DBMF"": 3, ""EEM"": 1, ""EFA"": 1, ""IEF"": 1, ""IWM"": 1, ""KMLM"": 6, ""LQD"": 1.5, ""QQQ"": 1, ""SCZ"": 5, ""SHY"": 1, ""SPY"": 0.7, ""TIP"": 2, ""TLT"": 1, ""TQQQ"": 1.5, ""VEA"": 1.5, ""VEU"": 2, ""VNQ"": 1.5, ""VTI"": 1, ""VWO"": 2}",0.03000000,tests/data/2026-08-24-net15,5,1-3-6-12U,0.00609282,0.02333454,0.00303895,0.00950867,45470.38675541,40000.00000000,5470.38675541,0.13675967,0.04760398,0.04138143,0.68682511,0.07158575,0.95836474,0.71471377,-0.06660565,396,2016,0.07976897,2015,-0.01108662,950358.60978490,114.03711916,3.47023651,0.00285093,0.21279915,0.00000000,0.01307923,0.00000000,0.26451360,0.00000000,0.09728207,0.00000000,0.11295201,0.00000000,0.08768175,0.00000000,0.04248886,0.00000000,0.11077183,0.00000000,0.05230553,0.00000000
ROT SPY+IWM+VEA+VWO+VNQ+DBC+IEF+TLT top5 13612W can TIP/1 fb best(BIL+IEF),sens,sens_2012-01-03,2012-01-03,2017-01-03,false,true,"{""*"": 6, ""ACWX"": 3, ""AGG"": 1, ""BIL"": 1, ""BND"": 1.5, ""BTAL"": 6, ""DBC"": 3, ""DBMF"": 3, ""EEM"": 1, ""EFA"": 1, ""IEF"": 1, ""IWM"": 1, ""KMLM"": 6, ""LQD"": 1.5, ""QQQ"": 1, ""SCZ"": 5, ""SHY"": 1, ""SPY"": 0.7, ""TIP"": 2, ""TLT"": 1, ""TQQQ"": 1.5, ""VEA"": 1.5, ""VEU"": 2, ""VNQ"": 1.5, ""VTI"": 1, ""VWO"": 2}",0.03000000,tests/data/2026-08-24-net15,5,13612W,0.00566183,0.02553322,0.00295740,0.00881196,44796.46044888,40000.00000000,4796.46044888,0.11991151,0.04920381,0.03654867,0.64949127,0.07889993,0.92533777,0.58362699,-0.08430694,563,2013,0.10359498,2015,-0.03005242,1678718.76237772,201.32721888,6.01887947,0.00503318,0.23895032,0.00000000,0.04251676,0.00000000,0.23526091,0.00000000,0.09097077,0.00000000,0.09651063,0.00000000,0.06812681,0.00000000,0.06862746,0.00000000,0.08800035,0.00000000,0.06531512,0.00000000
ROT SPY+IWM+VEA+VWO+VNQ+DBC+IEF+TLT top5 12M can TIP/1 fb best(BIL+IEF),sens,sens_2012-01-03,2012-01-03,2017-01-03,false,true,"{""*"": 6, ""ACWX"": 3, ""AGG"": 1, ""BIL"": 1, ""BND"": 1.5, ""BTAL"": 6, ""DBC"": 3, ""DBMF"": 3, ""EEM"": 1, ""EFA"": 1, ""IEF"": 1, ""IWM"": 1, ""KMLM"": 6, ""LQD"": 1.5, ""QQQ"": 1, ""SCZ"": 5, ""SHY"": 1, ""SPY"": 0.7, ""TIP"": 2, ""TLT"": 1, ""TQQQ"": 1.5, ""VEA"": 1.5, ""VEU"": 2, ""VNQ"": 1.5, ""VTI"": 1, ""VWO"": 2}",0.03000000,tests/data/2026-08-24-net15,5,12M,0.00550480,0.01993381,0.00280667,0.00746046,46002.27232551,40000.00000000,6002.27232551,0.15005681,0.05498959,0.04514778,0.81783527,0.06846066,1.12636442,0.62838020,-0.08751006,611,2012,0.10989637,2015,-0.00658943,565412.21901843,65.76093768,2.03188721,0.00164402,0.19636892,0.00000000,0.00655396,0.00000000,0.29407595,0.00000000,0.07154578,0.00000000,0.11631225,0.00000000,0.09732409,0.00000000,0.03267282,0.00000000,0.12403648,0.00000000,0.05558483,0.00000000
SPY12.5/IWM12.5/VEA12.5/VWO12.5/VNQ12.5/DBC12.5/IEF12.5/TLT12.5,sens,sens_2012-01-03,2012-01-03,2017-01-03,true,true,"{""*"": 6, ""ACWX"": 3, ""AGG"": 1, ""BIL"": 1, ""BND"": 1.5, ""BTAL"": 6, ""DBC"": 3, ""DBMF"": 3, ""EEM"": 1, ""EFA"": 1, ""IEF"": 1, ""IWM"": 1, ""KMLM"": 6, ""LQD"": 1.5, ""QQQ"": 1, ""SCZ"": 5, ""SHY"": 1, ""SPY"": 0.7, ""TIP"": 2, ""TLT"": 1, ""TQQQ"": 1.5, ""VEA"": 1.5, ""VEU"": 2, ""VNQ"": 1.5, ""VTI"": 1, ""VWO"": 2}",0.03000000,tests/data/2026-08-24-net15,,,0.01134729,0.02604444,0.00376041,0.00827485,45524.41227861,40000.00000000,5524.41227861,0.13811031,0.05075561,0.04176589,0.59678024,0.08990810,0.84686659,0.31147601,-0.16295190,479,2012,0.10693593,2015,-0.05706088,57678.05214805,9.00603412,0.20935918,0.00022515,,,0.12461122,0.12302805,0.12305214,0.11807057,0.12319230,0.12064159,0.12214764,0.11672515,0.12294398,0.11824255,0.12437622,0.12354171,0.12395536,0.12203077,0.12437035,0.12264666
ROT SPY top1 1-3-6-12U can TIP/1 fb best(BIL+IEF),sens,sens_2012-01-03,2012-01-03,2017-01-03,true,true,"{""*"": 6, ""ACWX"": 3, ""AGG"": 1, ""BIL"": 1, ""BND"": 1.5, ""BTAL"": 6, ""DBC"": 3, ""DBMF"": 3, ""EEM"": 1, ""EFA"": 1, ""IEF"": 1, ""IWM"": 1, ""KMLM"": 6, ""LQD"": 1.5, ""QQQ"": 1, ""SCZ"": 5, ""SHY"": 1, ""SPY"": 0.7, ""TIP"": 2, ""TLT"": 1, ""TQQQ"": 1.5, ""VEA"": 1.5, ""VEU"": 2, ""VNQ"": 1.5, ""VTI"": 1, ""VWO"": 2}",0.03000000,tests/data/2026-08-24-net15,,,0.00223804,0.00887397,0.00225811,0.00887535,51747.76333135,40000.00000000,11747.76333135,0.29369408,0.08952319,0.08339888,1.00113159,0.08985970,1.47758245,0.94395469,-0.09483843,275,2013,0.15051623,2017,0.00043750,824302.47826184,73.64470626,2.78240322,0.00184112,0.21283665,0.00000000,,,0.21292328,0.00000000,,,0.57198195,0.00000000,,,,,,,,
SPY benchmark,sens,sens_2012-01-03,2012-01-03,2017-01-03,true,true,"{""*"": 6, ""ACWX"": 3, ""AGG"": 1, ""BIL"": 1, ""BND"": 1.5, ""BTAL"": 6, ""DBC"": 3, ""DBMF"": 3, ""EEM"": 1, ""EFA"": 1, ""IEF"": 1, ""IWM"": 1, ""KMLM"": 6, ""LQD"": 1.5, ""QQQ"": 1, ""SCZ"": 5, ""SHY"": 1, ""SPY"": 0.7, ""TIP"": 2, ""TLT"": 1, ""TQQQ"": 1.5, ""VEA"": 1.5, ""VEU"": 2, ""VNQ"": 1.5, ""VTI"": 1, ""VWO"": 2}",0.03000000,tests/data/2026-08-24-net15,,,0.00239049,0.00887397,0.00239169,0.00887535,59070.77871491,40000.00000000,19070.77871491,0.47676947,0.13984583,0.12676115,1.09225606,0.12755911,1.57511286,1.06101226,-0.13180416,334,2013,0.31819168,2017,0.00763075,39853.28689682,2.78973008,0.11934910,0.00006974,,,,,,,,,0.99760831,0.99112465,,,,,,,,
ROT SPY+IWM+VEA+VWO+VNQ+DBC+IEF+TLT top3 1-3-6-12U can TIP/1 fb best(BIL+IEF),sens,sens_2012-07-03,2012-07-03,2017-07-03,false,true,"{""*"": 6, ""ACWX"": 3, ""AGG"": 1, ""BIL"": 1, ""BND"": 1.5, ""BTAL"": 6, ""DBC"": 3, ""DBMF"": 3, ""EEM"": 1, ""EFA"": 1, ""IEF"": 1, ""IWM"": 1, ""KMLM"": 6, ""LQD"": 1.5, ""QQQ"": 1, ""SCZ"": 5, ""SHY"": 1, ""SPY"": 0.7, ""TIP"": 2, ""TLT"": 1, ""TQQQ"": 1.5, ""VEA"": 1.5, ""VEU"": 2, ""VNQ"": 1.5, ""VTI"": 1, ""VWO"": 2}",0.03000000,tests/data/2026-08-24-net15,3,1-3-6-12U,0.00376410,0.01339346,0.00262407,0.00804731,45371.38127725,40000.00000000,5371.38127725,0.13428453,0.04330281,0.04072712,0.55866234,0.08209639,0.77226037,0.37565843,-0.11527176,550,2016,0.09420004,2015,-0.05770110,1219593.92979948,144.82988855,4.56078916,0.00362075,0.22912434,0.00000000,0.01092103,0.00000000,0.21815066,0.00000000,0.08147623,0.00000000,0.13517136,0.00000000,0.08148907,0.00000000,0.04361698,0.00000000,0.12526895,0.00000000,0.07097548,0.00000000
ROT SPY+IWM+VEA+VWO+VNQ+DBC+IEF+TLT top3 13612W can TIP/1 fb best(BIL+IEF),sens,sens_2012-07-03,2012-07-03,2017-07-03,false,true,"{""*"": 6, ""ACWX"": 3, ""AGG"": 1, ""BIL"": 1, ""BND"": 1.5, ""BTAL"": 6, ""DBC"": 3, ""DBMF"": 3, ""EEM"": 1, ""EFA"": 1, ""IEF"": 1, ""IWM"": 1, ""KMLM"": 6, ""LQD"": 1.5, ""QQQ"": 1, ""SCZ"": 5, ""SHY"": 1, ""SPY"": 0.7, ""TIP"": 2, ""TLT"": 1, ""TQQQ"": 1.5, ""VEA"": 1.5, ""VEU"": 2, ""VNQ"": 1.5, ""VTI"": 1, ""VWO"": 2}",0.03000000,tests/data/2026-08-24-net15,3,13612W,0.00385219,0.01300864,0.00259671,0.00969704,45466.65319008,40000.00000000,5466.65319008,0.13666633,0.04894589,0.04140706,0.60977687,0.08438944,0.86566962,0.40482042,-0.12090767,,2013,0.10153246,2015,-0.05931709,1820021.89113007,213.21121257,6.68824741,0.00533028,0.25092284,0.00000000,0.03277124,0.00000000,0.18539248,0.00000000,0.10308693,0.00000000,0.09176125,0.00000000,0.06515336,0.00000000,0.05997702,0.00000000,0.09799069,0.00000000,0.10902790,0.00000000
ROT SPY+IWM+VEA+VWO+VNQ+DBC+IEF+TLT top3 12M can TIP/1 fb best(BIL+IEF),sens,sens_2012-07-03,2012-07-03,2017-07-03,false,true,"{""*"": 6, ""ACWX"": 3, ""AGG"": 1, ""BIL"": 1, ""BND"": 1.5, ""BTAL"": 6, ""DBC"": 3, ""DBMF"": 3, ""EEM"": 1, ""EFA"": 1, ""IEF"": 1, ""IWM"": 1, ""KMLM"": 6, ""LQD"": 1.5, ""QQQ"": 1, ""SCZ"": 5, ""SHY"": 1, ""SPY"": 0.7, ""TIP"": 2, ""TLT"": 1, ""TQQQ"": 1.5, ""VEA"": 1.5, ""VEU"": 2, ""VNQ"": 1.5, ""VTI"": 1, ""VWO"": 2}",0.03000000,tests/data/2026-08-24-net15,3,12M,0.00395153,0.01339346,0.00277321,0.00699296,45313.43965639,40000.00000000,5313.43965639,0.13283599,0.04229285,0.04031293,0.54647124,0.08216399,0.74448207,0.35811173,-0.11809958,,2013,0.07674791,2015,-0.00090224,683399.58664892,80.54712052,2.53981927,0.00201368,0.21262985,0.00000000,0.01091814,0.00000000,0.21821285,0.00000000,0.08672880,0.00000000,0.12980340,0.00000000,0.09786228,0.00000000,0.02729527,0.00000000,0.14706227,0.00000000,0.06551085,0.00000000
ROT SPY+IWM+VEA+VWO+VNQ+DBC+IEF+TLT top4 1-3-6-12U can TIP/1 fb best(BIL+IEF),sens,sens_2012-07-03,2012-07-03,2017-07-03,false,true,"{""*"": 6, ""ACWX"": 3, ""AGG"": 1, ""BIL"": 1, ""BND"": 1.5, ""BTAL"": 6, ""DBC"": 3, ""DBMF"": 3, ""EEM"": 1, ""EFA"": 1, ""IEF"": 1, ""IWM"": 1, ""KMLM"": 6, ""LQD"": 1.5, ""QQQ"": 1, ""SCZ"": 5, ""SHY"": 1, ""SPY"": 0.7, ""TIP"": 2, ""TLT"": 1, ""TQQQ"": 1.5, ""VEA"": 1.5, ""VEU"": 2, ""VNQ"": 1.5, ""VTI"": 1, ""VWO"": 2}",0.03000000,tests/data/2026-08-24-net15,4,1-3-6-12U,0.00481990,0.02099613,0.00280555,0.00832185,47230.35635549,40000.00000000,7230.35635549,0.18075891,0.05638316,0.05375600,0.77465199,0.07456572,1.08452697,0.70363505,-0.08013125,507,2016,0.09656562,2015,-0.03346746,1118596.92065545,135.63961391,4.09454854,0.00339099,0.22910850,0.00000000,0.01638222,0.00000000,0.22895871,0.00000000,0.09760542,0.00000000,0.12142993,0.00000000,0.08111400,0.00000000,0.05723180,0.00000000,0.09787871,0.00000000,0.06543215,0.00000000
ROT SPY+IWM+VEA+VWO+VNQ+DBC+IEF+TLT top4 13612W can TIP/1 fb best(BIL+IEF),sens,sens_2012-07-03,2012-07-03,2017-07-03,false,true,"{""*"": 6, ""ACWX"": 3, ""AGG"": 1, ""BIL"": 1, ""BND"": 1.5, ""BTAL"": 6, ""DBC"": 3, ""DBMF"": 3, ""EEM"": 1, ""EFA"": 1, ""IEF"": 1, ""IWM"": 1, ""KMLM"": 6, ""LQD"": 1.5, ""QQQ"": 1, ""SCZ"": 5, ""SHY"": 1, ""SPY"": 0.7, ""TIP"": 2, ""TLT"": 1, ""TQQQ"": 1.5, ""VEA"": 1.5, ""VEU"": 2, ""VNQ"": 1.5, ""VTI"": 1, ""VWO"": 2}",0.03000000,tests/data/2026-08-24-net15,4,13612W,0.00443113,0.01984738,0.00266478,0.00800947,45218.56983589,40000.00000000,5218.56983589,0.13046425,0.04998299,0.03963369,0.64871457,0.08033617,0.92490970,0.46317590,-0.10791363,,2013,0.09155100,2015,-0.05342320,1726976.31678354,206.32082303,6.31067123,0.00515802,0.25362574,0.00000000,0.03684817,0.00000000,0.19222082,0.00000000,0.09740271,0.00000000,0.10109013,0.00000000,0.06506099,0.00000000,0.07357439,0.00000000,0.08572898,0.00000000,0.08995570,0.00000000
ROT SPY+IWM+VEA+VWO+VNQ+DBC+IEF+TLT top4 12M can TIP/1 fb best(BIL+IEF),sens,sens_2012-07-03,2012-07-03,2017-07-03,false,true,"{""*"": 6, ""ACWX"": 3, ""AGG"": 1, ""BIL"": 1, ""BND"": 1.5, ""BTAL"": 6, ""DBC"": 3, ""DBMF"": 3, ""EEM"": 1, ""EFA"": 1, ""IEF"": 1, ""IWM"": 1, ""KMLM"": 6, ""LQD"": 1.5, ""QQQ"": 1, ""SCZ"": 5, ""SHY"": 1, ""SPY"": 0.7, ""TIP"": 2, ""TLT"": 1, ""TQQQ"": 1.5, ""VEA"": 1.5, ""VEU"": 2, ""VNQ"": 1.5, ""VTI"": 1, ""VWO"": 2}",0.03000000,tests/data/2026-08-24-net15,4,12M,0.00478675,0.02099613,0.00281351,0.00832185,45946.26972456,40000.00000000,5946.26972456,0.14865674,0.05034189,0.04480958,0.68052596,0.07666711,0.93095416,0.50731218,-0.09923257,,2013,0.09947651,2015,-0.01284170,668970.68573162,81.03449440,2.44681588,0.00202586,0.21278597,0.00000000,0.02047808,0.00000000,0.22891571,0.00000000,0.08130831,0.00000000,0.14182216,0.00000000,0.07703142,0.00000000,0.04086660,0.00000000,0.11835319,0.00000000,0.07362801,0.00000000
ROT SPY+IWM+VEA+VWO+VNQ+DBC+IEF+TLT top5 1-3-6-12U can TIP/1 fb best(BIL+IEF),sens,sens_2012-07-03,2012-07-03,2017-07-03,false,true,"{""*"": 6, ""ACWX"": 3, ""AGG"": 1, ""BIL"": 1, ""BND"": 1.5, ""BTAL"": 6, ""DBC"": 3, ""DBMF"": 3, ""EEM"": 1, ""EFA"": 1, ""IEF"": 1, ""IWM"": 1, ""KMLM"": 6, ""LQD"": 1.5, ""QQQ"": 1, ""SCZ"": 5, ""SHY"": 1, ""SPY"": 0.7, ""TIP"": 2, ""TLT"": 1, ""TQQQ"": 1.5, ""VEA"": 1.5, ""VEU"": 2, ""VNQ"": 1.5, ""VTI"": 1, ""VWO"": 2}",0.03000000,tests/data/2026-08-24-net15,5,1-3-6-12U,0.00595111,0.01939220,0.00306925,0.00996039,46335.39951046,40000.00000000,6335.39951046,0.15838499,0.04855668,0.04754548,0.71804031,0.06955916,1.00687362,0.72726907,-0.06676577,396,2016,0.07985006,2015,-0.01097785,1007334.35365988,123.45030608,3.71928091,0.00308626,0.22909907,0.00000000,0.02289109,0.00000000,0.24194054,0.00000000,0.09724274,0.00000000,0.11260261,0.00000000,0.07475093,0.00000000,0.05554391,0.00000000,0.09454693,0.00000000,0.06539573,0.00000000
ROT SPY+IWM+VEA+VWO+VNQ+DBC+IEF+TLT top5 13612W can TIP/1 fb best(BIL+IEF),sens,sens_2012-07-03,2012-07-03,2017-07-03,false,true,"{""*"": 6, ""ACWX"": 3, ""AGG"": 1, ""BIL"": 1, ""BND"": 1.5, ""BTAL"": 6, ""DBC"": 3, ""DBMF"": 3, ""EEM"": 1, ""EFA"": 1, ""IEF"": 1, ""IWM"": 1, ""KMLM"": 6, ""LQD"": 1.5, ""QQQ"": 1, ""SCZ"": 5, ""SHY"": 1, ""SPY"": 0.7, ""TIP"": 2, ""TLT"": 1, ""TQQQ"": 1.5, ""VEA"": 1.5, ""VEU"": 2, ""VNQ"": 1.5, ""VTI"": 1, ""VWO"": 2}",0.03000000,tests/data/2026-08-24-net15,5,13612W,0.00526035,0.02252406,0.00278439,0.00996039,45602.26847904,40000.00000000,5602.26847904,0.14005671,0.05054828,0.04237260,0.70729921,0.07372408,1.01415086,0.60021704,-0.08421667,557,2013,0.10338930,2015,-0.02993451,1661132.89460171,200.47440276,6.05346864,0.00501186,0.25857886,0.00000000,0.04251220,0.00000000,0.21901680,0.00000000,0.08777326,0.00000000,0.09653734,0.00000000,0.05837554,0.00000000,0.07844634,0.00000000,0.08152795,0.00000000,0.07191159,0.00000000
ROT SPY+IWM+VEA+VWO+VNQ+DBC+IEF+TLT top5 12M can TIP/1 fb best(BIL+IEF),sens,sens_2012-07-03,2012-07-03,2017-07-03,false,true,"{""*"": 6, ""ACWX"": 3, ""AGG"": 1, ""BIL"": 1, ""BND"": 1.5, ""BTAL"": 6, ""DBC"": 3, ""DBMF"": 3, ""EEM"": 1, ""EFA"": 1, ""IEF"": 1, ""IWM"": 1, ""KMLM"": 6, ""LQD"": 1.5, ""QQQ"": 1, ""SCZ"": 5, ""SHY"": 1, ""SPY"": 0.7, ""TIP"": 2, ""TLT"": 1, ""TQQQ"": 1.5, ""VEA"": 1.5, ""VEU"": 2, ""VNQ"": 1.5, ""VTI"": 1, ""VWO"": 2}",0.03000000,tests/data/2026-08-24-net15,5,12M,0.00604770,0.02254072,0.00315447,0.01023889,46973.95365968,40000.00000000,6973.95365968,0.17434884,0.05232022,0.05198817,0.75856750,0.07068255,1.04935624,0.59748230,-0.08756782,611,2013,0.07921053,2015,-0.00630167,597559.36392877,72.51771708,2.20127218,0.00181294,0.21273962,0.00000000,0.01637658,0.00000000,0.25493633,0.00000000,0.08451785,0.00000000,0.11572386,0.00000000,0.07787661,0.00000000,0.04902731,0.00000000,0.11082902,0.00000000,0.07190303,0.00000000
SPY12.5/IWM12.5/VEA12.5/VWO12.5/VNQ12.5/DBC12.5/IEF12.5/TLT12.5,sens,sens_2012-07-03,2012-07-03,2017-07-03,true,true,"{""*"": 6, ""ACWX"": 3, ""AGG"": 1, ""BIL"": 1, ""BND"": 1.5, ""BTAL"": 6, ""DBC"": 3, ""DBMF"": 3, ""EEM"": 1, ""EFA"": 1, ""IEF"": 1, ""IWM"": 1, ""KMLM"": 6, ""LQD"": 1.5, ""QQQ"": 1, ""SCZ"": 5, ""SHY"": 1, ""SPY"": 0.7, ""TIP"": 2, ""TLT"": 1, ""TQQQ"": 1.5, ""VEA"": 1.5, ""VEU"": 2, ""VNQ"": 1.5, ""VTI"": 1, ""VWO"": 2}",0.03000000,tests/data/2026-08-24-net15,,,0.01150519,0.02297477,0.00383201,0.00848604,46432.96417327,40000.00000000,6432.96417327,0.16082410,0.04994371,0.04822802,0.61219801,0.08581098,0.86644270,0.30740790,-0.16246724,479,2016,0.09710953,2015,-0.05752196,53666.88263737,8.52777280,0.19843560,0.00021319,,,0.12455497,0.12363287,0.12353578,0.12004370,0.12287530,0.11820569,0.12177188,0.11696331,0.12302006,0.11651396,0.12439962,0.12316765,0.12386548,0.12213343,0.12446830,0.12357996
ROT SPY top1 1-3-6-12U can TIP/1 fb best(BIL+IEF),sens,sens_2012-07-03,2012-07-03,2017-07-03,true,true,"{""*"": 6, ""ACWX"": 3, ""AGG"": 1, ""BIL"": 1, ""BND"": 1.5, ""BTAL"": 6, ""DBC"": 3, ""DBMF"": 3, ""EEM"": 1, ""EFA"": 1, ""IEF"": 1, ""IWM"": 1, ""KMLM"": 6, ""LQD"": 1.5, ""QQQ"": 1, ""SCZ"": 5, ""SHY"": 1, ""SPY"": 0.7, ""TIP"": 2, ""TLT"": 1, ""TQQQ"": 1.5, ""VEA"": 1.5, ""VEU"": 2, ""VNQ"": 1.5, ""VTI"": 1, ""VWO"": 2}",0.03000000,tests/data/2026-08-24-net15,,,0.00237071,0.00970890,0.00239084,0.00971039,53214.31029242,40000.00000000,13214.31029242,0.33035776,0.09600193,0.09263577,1.11275281,0.08589424,1.64578708,1.30162905,-0.07375521,110,2013,0.15041279,2015,0.01342249,879512.00018155,77.82788289,2.96583443,0.00194570,0.22915169,0.00000000,,,0.19646474,0.00000000,,,0.57199274,0.00000000,,,,,,,,
SPY benchmark,sens,sens_2012-07-03,2012-07-03,2017-07-03,true,true,"{""*"": 6, ""ACWX"": 3, ""AGG"": 1, ""BIL"": 1, ""BND"": 1.5, ""BTAL"": 6, ""DBC"": 3, ""DBMF"": 3, ""EEM"": 1, ""EFA"": 1, ""IEF"": 1, ""IWM"": 1, ""KMLM"": 6, ""LQD"": 1.5, ""QQQ"": 1, ""SCZ"": 5, ""SHY"": 1, ""SPY"": 0.7, ""TIP"": 2, ""TLT"": 1, ""TQQQ"": 1.5, ""VEA"": 1.5, ""VEU"": 2, ""VNQ"": 1.5, ""VTI"": 1, ""VWO"": 2}",0.03000000,tests/data/2026-08-24-net15,,,0.00260592,0.00970890,0.00260714,0.00971039,59584.96777047,40000.00000000,19584.96777047,0.48962419,0.13937750,0.12977229,1.12857229,0.12256502,1.62712006,1.05788608,-0.13175095,334,2013,0.31798024,2015,0.00918003,39976.79686136,2.79837578,0.12194151,0.00006996,,,,,,,,,0.99739286,0.99028961,,,,,,,,
ROT SPY+IWM+VEA+VWO+VNQ+DBC+IEF+TLT top3 1-3-6-12U can TIP/1 fb best(BIL+IEF),sens,sens_2013-01-03,2013-01-03,2018-01-03,false,true,"{""*"": 6, ""ACWX"": 3, ""AGG"": 1, ""BIL"": 1, ""BND"": 1.5, ""BTAL"": 6, ""DBC"": 3, ""DBMF"": 3, ""EEM"": 1, ""EFA"": 1, ""IEF"": 1, ""IWM"": 1, ""KMLM"": 6, ""LQD"": 1.5, ""QQQ"": 1, ""SCZ"": 5, ""SHY"": 1, ""SPY"": 0.7, ""TIP"": 2, ""TLT"": 1, ""TQQQ"": 1.5, ""VEA"": 1.5, ""VEU"": 2, ""VNQ"": 1.5, ""VTI"": 1, ""VWO"": 2}",0.03000000,tests/data/2026-08-24-net15,3,1-3-6-12U,0.00401873,0.01832984,0.00291954,0.01084995,46237.55930732,40000.00000000,6237.55930732,0.15593898,0.04205281,0.04681733,0.56629793,0.07820091,0.78067151,0.36457822,-0.11534647,550,2016,0.09427422,2015,-0.05789749,1337629.73939331,161.68025817,5.08784018,0.00404201,0.26172524,0.00000000,0.01091691,0.00000000,0.20737358,0.00000000,0.08140523,0.00000000,0.12955085,0.00000000,0.06518301,0.00000000,0.05456578,0.00000000,0.10340190,0.00000000,0.08181238,0.00000000
ROT SPY+IWM+VEA+VWO+VNQ+DBC+IEF+TLT top3 13612W can TIP/1 fb best(BIL+IEF),sens,sens_2013-01-03,2013-01-03,2018-01-03,false,true,"{""*"": 6, ""ACWX"": 3, ""AGG"": 1, ""BIL"": 1, ""BND"": 1.5, ""BTAL"": 6, ""DBC"": 3, ""DBMF"": 3, ""EEM"": 1, ""EFA"": 1, ""IEF"": 1, ""IWM"": 1, ""KMLM"": 6, ""LQD"": 1.5, ""QQQ"": 1, ""SCZ"": 5, ""SHY"": 1, ""SPY"": 0.7, ""TIP"": 2, ""TLT"": 1, ""TQQQ"": 1.5, ""VEA"": 1.5, ""VEU"": 2, ""VNQ"": 1.5, ""VTI"": 1, ""VWO"": 2}",0.03000000,tests/data/2026-08-24-net15,3,13612W,0.00383696,0.01470493,0.00276836,0.00967590,45832.74642392,40000.00000000,5832.74642392,0.14581866,0.04432837,0.04396745,0.58156024,0.08016520,0.81702587,0.36582609,-0.12117335,944,2017,0.09778977,2015,-0.05969211,1900484.09207792,233.21767681,7.17227482,0.00583044,0.26721246,0.00000000,0.03822641,0.00000000,0.17990115,0.00000000,0.09215175,0.00000000,0.09177050,0.00000000,0.05976542,0.00000000,0.06541953,0.00000000,0.08712345,0.00000000,0.11452247,0.00000000
ROT SPY+IWM+VEA+VWO+VNQ+DBC+IEF+TLT top3 12M can TIP/1 fb best(BIL+IEF),sens,sens_2013-01-03,2013-01-03,2018-01-03,false,true,"{""*"": 6, ""ACWX"": 3, ""AGG"": 1, ""BIL"": 1, ""BND"": 1.5, ""BTAL"": 6, ""DBC"": 3, ""DBMF"": 3, ""EEM"": 1, ""EFA"": 1, ""IEF"": 1, ""IWM"": 1, ""KMLM"": 6, ""LQD"": 1.5, ""QQQ"": 1, ""SCZ"": 5, ""SHY"": 1, ""SPY"": 0.7, ""TIP"": 2, ""TLT"": 1, ""TQQQ"": 1.5, ""VEA"": 1.5, ""VEU"": 2, ""VNQ"": 1.5, ""VTI"": 1, ""VWO"": 2}",0.03000000,tests/data/2026-08-24-net15,3,12M,0.00443618,0.01783402,0.00309069,0.00990422,46662.31773685,40000.00000000,6662.31773685,0.16655794,0.04745735,0.04978230,0.63364862,0.07804180,0.86143526,0.40226570,-0.11797513,517,2017,0.10960834,2015,-0.00056279,829703.46650982,98.91797969,3.10050248,0.00247295,0.26176648,0.00000000,0.01092686,0.00000000,0.20727590,0.00000000,0.07053509,0.00000000,0.12389349,0.00000000,0.08144993,0.00000000,0.04358093,0.00000000,0.11429115,0.00000000,0.08181545,0.00000000
ROT SPY+IWM+VEA+VWO+VNQ+DBC+IEF+TLT top4 1-3-6-12U can TIP/1 fb best(BIL+IEF),sens,sens_2013-01-03,2013-01-03,2018-01-03,false,true,"{""*"": 6, ""ACWX"": 3, ""AGG"": 1, ""BIL"": 1, ""BND"": 1.5, ""BTAL"": 6, ""DBC"": 3, ""DBMF"": 3, ""EEM"": 1, ""EFA"": 1, ""IEF"": 1, ""IWM"": 1, ""KMLM"": 6, ""LQD"": 1.5, ""QQQ"": 1, ""SCZ"": 5, ""SHY"": 1, ""SPY"": 0.7, ""TIP"": 2, ""TLT"": 1, ""TQQQ"": 1.5, ""VEA"": 1.5, ""VEU"": 2, ""VNQ"": 1.5, ""VTI"": 1, ""VWO"": 2}",0.03000000,tests/data/2026-08-24-net15,4,1-3-6-12U,0.00462986,0.01501185,0.00273400,0.00821015,48791.65538024,40000.00000000,8791.65538024,0.21979138,0.05678237,0.06427146,0.80620927,0.07175300,1.12506840,0.70760447,-0.08024592,507,2017,0.11779125,2015,-0.03366943,1221371.88452945,148.72750774,4.55650750,0.00371819,0.26184438,0.00000000,0.02047693,0.00000000,0.22083563,0.00000000,0.09334210,0.00000000,0.11323781,0.00000000,0.06503100,0.00000000,0.06539680,0.00000000,0.08159344,0.00000000,0.07356989,0.00000000
ROT SPY+IWM+VEA+VWO+VNQ+DBC+IEF+TLT top4 13612W can TIP/1 fb best(BIL+IEF),sens,sens_2013-01-03,2013-01-03,2018-01-03,false,true,"{""*"": 6, ""ACWX"": 3, ""AGG"": 1, ""BIL"": 1, ""BND"": 1.5, ""BTAL"": 6, ""DBC"": 3, ""DBMF"": 3, ""EEM"": 1, ""EFA"": 1, ""IEF"": 1, ""IWM"": 1, ""KMLM"": 6, ""LQD"": 1.5, ""QQQ"": 1, ""SCZ"": 5, ""SHY"": 1, ""SPY"": 0.7, ""TIP"": 2, ""TLT"": 1, ""TQQQ"": 1.5, ""VEA"": 1.5, ""VEU"": 2, ""VNQ"": 1.5, ""VTI"": 1, ""VWO"": 2}",0.03000000,tests/data/2026-08-24-net15,4,13612W,0.00450596,0.01427899,0.00297714,0.00740868,45725.41512177,40000.00000000,5725.41512177,0.14313538,0.04300507,0.04320784,0.59927442,0.07501007,0.84213287,0.39992005,-0.10753416,951,2017,0.09352219,2015,-0.05296389,1739084.30379233,213.98202842,6.58664715,0.00534955,0.26988205,0.00000000,0.04504339,0.00000000,0.18801034,0.00000000,0.08118892,0.00000000,0.10100074,0.00000000,0.06102216,0.00000000,0.07768177,0.00000000,0.07751673,0.00000000,0.09408197,0.00000000
ROT SPY+IWM+VEA+VWO+VNQ+DBC+IEF+TLT top4 12M can TIP/1 fb best(BIL+IEF),sens,sens_2013-01-03,2013-01-03,2018-01-03,false,true,"{""*"": 6, ""ACWX"": 3, ""AGG"": 1, ""BIL"": 1, ""BND"": 1.5, ""BTAL"": 6, ""DBC"": 3, ""DBMF"": 3, ""EEM"": 1, ""EFA"": 1, ""IEF"": 1, ""IWM"": 1, ""KMLM"": 6, ""LQD"": 1.5, ""QQQ"": 1, ""SCZ"": 5, ""SHY"": 1, ""SPY"": 0.7, ""TIP"": 2, ""TLT"": 1, ""TQQQ"": 1.5, ""VEA"": 1.5, ""VEU"": 2, ""VNQ"": 1.5, ""VTI"": 1, ""VWO"": 2}",0.03000000,tests/data/2026-08-24-net15,4,12M,0.00498208,0.01570200,0.00323963,0.00821015,47038.75392822,40000.00000000,7038.75392822,0.17596885,0.05091360,0.05238867,0.71267254,0.07353383,0.96889194,0.51328241,-0.09919217,373,2017,0.10660858,2015,-0.01283306,817548.72733249,97.60180482,3.04191659,0.00244005,0.26171827,0.00000000,0.02047332,0.00000000,0.22082279,0.00000000,0.07719894,0.00000000,0.12902369,0.00000000,0.06116401,0.00000000,0.04904614,0.00000000,0.09377710,0.00000000,0.08176657,0.00000000
ROT SPY+IWM+VEA+VWO+VNQ+DBC+IEF+TLT top5 1-3-6-12U can TIP/1 fb best(BIL+IEF),sens,sens_2013-01-03,2013-01-03,2018-01-03,false,true,"{""*"": 6, ""ACWX"": 3, ""AGG"": 1, ""BIL"": 1, ""BND"": 1.5, ""BTAL"": 6, ""DBC"": 3, ""DBMF"": 3, ""EEM"": 1, ""EFA"": 1, ""IEF"": 1, ""IWM"": 1, ""KMLM"": 6, ""LQD"": 1.5, ""QQQ"": 1, ""SCZ"": 5, ""SHY"": 1, ""SPY"": 0.7, ""TIP"": 2, ""TLT"": 1, ""TQQQ"": 1.5, ""VEA"": 1.5, ""VEU"": 2, ""VNQ"": 1.5, ""VTI"": 1, ""VWO"": 2}",0.03000000,tests/data/2026-08-24-net15,5,1-3-6-12U,0.00555741,0.01753175,0.00309953,0.01082559,47788.12976717,40000.00000000,7788.12976717,0.19470324,0.05128400,0.05751897,0.78922584,0.06619517,1.09907473,0.76990255,-0.06661102,396,2017,0.09945961,2015,-0.01112077,1110309.92906152,134.88542799,4.14954129,0.00337214,0.26171947,0.00000000,0.02621289,0.00000000,0.23212513,0.00000000,0.09408127,0.00000000,0.10626750,0.00000000,0.06499969,0.00000000,0.06209490,0.00000000,0.07496167,0.00000000,0.07194220,0.00000000
ROT SPY+IWM+VEA+VWO+VNQ+DBC+IEF+TLT top5 13612W can TIP/1 fb best(BIL+IEF),sens,sens_2013-01-03,2013-01-03,2018-01-03,false,true,"{""*"": 6, ""ACWX"": 3, ""AGG"": 1, ""BIL"": 1, ""BND"": 1.5, ""BTAL"": 6, ""DBC"": 3, ""DBMF"": 3, ""EEM"": 1, ""EFA"": 1, ""IEF"": 1, ""IWM"": 1, ""KMLM"": 6, ""LQD"": 1.5, ""QQQ"": 1, ""SCZ"": 5, ""SHY"": 1, ""SPY"": 0.7, ""TIP"": 2, ""TLT"": 1, ""TQQQ"": 1.5, ""VEA"": 1.5, ""VEU"": 2, ""VNQ"": 1.5, ""VTI"": 1, ""VWO"": 2}",0.03000000,tests/data/2026-08-24-net15,5,13612W,0.00545329,0.02400490,0.00296069,0.01080772,45790.26873239,40000.00000000,5790.26873239,0.14475672,0.04547249,0.04366703,0.67740062,0.06923450,0.95550525,0.53872453,-0.08440768,563,2013,0.08436673,2015,-0.03011339,1721659.68973942,210.58496290,6.44135984,0.00526462,0.27494093,0.00000000,0.04258518,0.00000000,0.21557530,0.00000000,0.08087072,0.00000000,0.09328910,0.00000000,0.05848384,0.00000000,0.07846383,0.00000000,0.07507527,0.00000000,0.07519857,0.00000000
ROT SPY+IWM+VEA+VWO+VNQ+DBC+IEF+TLT top5 12M can TIP/1 fb best(BIL+IEF),sens,sens_2013-01-03,2013-01-03,2018-01-03,false,true,"{""*"": 6, ""ACWX"": 3, ""AGG"": 1, ""BIL"": 1, ""BND"": 1.5, ""BTAL"": 6, ""DBC"": 3, ""DBMF"": 3, ""EEM"": 1, ""EFA"": 1, ""IEF"": 1, ""IWM"": 1, ""KMLM"": 6, ""LQD"": 1.5, ""QQQ"": 1, ""SCZ"": 5, ""SHY"": 1, ""SPY"": 0.7, ""TIP"": 2, ""TLT"": 1, ""TQQQ"": 1.5, ""VEA"": 1.5, ""VEU"": 2, ""VNQ"": 1.5, ""VTI"": 1, ""VWO"": 2}",0.03000000,tests/data/2026-08-24-net15,5,12M,0.00600556,0.02417040,0.00320441,0.01082559,47736.54986535,40000.00000000,7736.54986535,0.19341375,0.05239408,0.05716829,0.78511501,0.06804596,1.08230741,0.60437623,-0.08669116,609,2017,0.10439214,2015,-0.00634047,776755.94539393,95.90670545,2.88473045,0.00239767,0.26180025,0.00000000,0.01964813,0.00000000,0.23530951,0.00000000,0.08084233,0.00000000,0.10598975,0.00000000,0.06506712,0.00000000,0.05228451,0.00000000,0.09454959,0.00000000,0.07847735,0.00000000
SPY12.5/IWM12.5/VEA12.5/VWO12.5/VNQ12.5/DBC12.5/IEF12.5/TLT12.5,sens,sens_2013-01-03,2013-01-03,2018-01-03,true,true,"{""*"": 6, ""ACWX"": 3, ""AGG"": 1, ""BIL"": 1, ""BND"": 1.5, ""BTAL"": 6, ""DBC"": 3, ""DBMF"": 3, ""EEM"": 1, ""EFA"": 1, ""IEF"": 1, ""IWM"": 1, ""KMLM"": 6, ""LQD"": 1.5, ""QQQ"": 1, ""SCZ"": 5, ""SHY"": 1, ""SPY"": 0.7, ""TIP"": 2, ""TLT"": 1, ""TQQQ"": 1.5, ""VEA"": 1.5, ""VEU"": 2, ""VNQ"": 1.5, ""VTI"": 1, ""VWO"": 2}",0.03000000,tests/data/2026-08-24-net15,,,0.01243693,0.02492069,0.00437133,0.00945299,48681.63926772,40000.00000000,8681.63926772,0.21704098,0.05610949,0.06353762,0.69444084,0.08372121,0.97933747,0.34531802,-0.16248641,479,2017,0.13743328,2015,-0.05753251,51870.40663700,8.10132483,0.19323992,0.00020253,,,0.12460407,0.12287838,0.12351372,0.11971159,0.12282170,0.11894007,0.12106552,0.11554701,0.12306606,0.11880386,0.12444375,0.12317591,0.12373985,0.12187100,0.12430501,0.12301950
ROT SPY top1 1-3-6-12U can TIP/1 fb best(BIL+IEF),sens,sens_2013-01-03,2013-01-03,2018-01-03,true,true,"{""*"": 6, ""ACWX"": 3, ""AGG"": 1, ""BIL"": 1, ""BND"": 1.5, ""BTAL"": 6, ""DBC"": 3, ""DBMF"": 3, ""EEM"": 1, ""EFA"": 1, ""IEF"": 1, ""IWM"": 1, ""KMLM"": 6, ""LQD"": 1.5, ""QQQ"": 1, ""SCZ"": 5, ""SHY"": 1, ""SPY"": 0.7, ""TIP"": 2, ""TLT"": 1, ""TQQQ"": 1.5, ""VEA"": 1.5, ""VEU"": 2, ""VNQ"": 1.5, ""VTI"": 1, ""VWO"": 2}",0.03000000,tests/data/2026-08-24-net15,,,0.00264818,0.00668742,0.00267241,0.00668791,54415.97924219,40000.00000000,14415.97924219,0.36039948,0.09722693,0.09985941,1.23629572,0.07754770,1.80381412,1.74170930,-0.05582271,30,2017,0.13927586,2015,0.01335476,1051786.46635149,91.96779826,3.59319510,0.00229919,0.26169537,0.00000000,,,0.19638716,0.00000000,,,0.53924506,0.00000000,,,,,,,,
SPY benchmark,sens,sens_2013-01-03,2013-01-03,2018-01-03,true,true,"{""*"": 6, ""ACWX"": 3, ""AGG"": 1, ""BIL"": 1, ""BND"": 1.5, ""BTAL"": 6, ""DBC"": 3, ""DBMF"": 3, ""EEM"": 1, ""EFA"": 1, ""IEF"": 1, ""IWM"": 1, ""KMLM"": 6, ""LQD"": 1.5, ""QQQ"": 1, ""SCZ"": 5, ""SHY"": 1, ""SPY"": 0.7, ""TIP"": 2, ""TLT"": 1, ""TQQQ"": 1.5, ""VEA"": 1.5, ""VEU"": 2, ""VNQ"": 1.5, ""VTI"": 1, ""VWO"": 2}",0.03000000,tests/data/2026-08-24-net15,,,0.00287082,0.00832314,0.00287203,0.00832416,62544.27894207,40000.00000000,22544.27894207,0.56360697,0.15059183,0.14566483,1.25082739,0.11780405,1.78798867,1.14321205,-0.13172695,334,2013,0.28753949,2015,0.00897591,39936.41762853,2.79554923,0.12315887,0.00006989,,,,,,,,,0.99712797,0.99167584,,,,,,,,
ROT SPY+IWM+VEA+VWO+VNQ+DBC+IEF+TLT top3 1-3-6-12U can TIP/1 fb best(BIL+IEF),sens,sens_2013-07-03,2013-07-03,2018-07-03,false,true,"{""*"": 6, ""ACWX"": 3, ""AGG"": 1, ""BIL"": 1, ""BND"": 1.5, ""BTAL"": 6, ""DBC"": 3, ""DBMF"": 3, ""EEM"": 1, ""EFA"": 1, ""IEF"": 1, ""IWM"": 1, ""KMLM"": 6, ""LQD"": 1.5, ""QQQ"": 1, ""SCZ"": 5, ""SHY"": 1, ""SPY"": 0.7, ""TIP"": 2, ""TLT"": 1, ""TQQQ"": 1.5, ""VEA"": 1.5, ""VEU"": 2, ""VNQ"": 1.5, ""VTI"": 1, ""VWO"": 2}",0.03000000,tests/data/2026-08-24-net15,3,1-3-6-12U,0.00387553,0.01449214,0.00288209,0.00877829,44785.10042507,40000.00000000,4785.10042507,0.11962751,0.02854472,0.03651781,0.38889209,0.08084755,0.52715364,0.24747305,-0.11534476,550,2016,0.09424160,2015,-0.05800061,1474718.25040116,185.35431920,5.66095295,0.00463386,0.27801660,0.00000000,0.02730454,0.00000000,0.20706416,0.00000000,0.07055194,0.00000000,0.12440970,0.00000000,0.06529360,0.00000000,0.04911996,0.00000000,0.08703251,0.00000000,0.08728026,0.00000000
ROT SPY+IWM+VEA+VWO+VNQ+DBC+IEF+TLT top3 13612W can TIP/1 fb best(BIL+IEF),sens,sens_2013-07-03,2013-07-03,2018-07-03,false,true,"{""*"": 6, ""ACWX"": 3, ""AGG"": 1, ""BIL"": 1, ""BND"": 1.5, ""BTAL"": 6, ""DBC"": 3, ""DBMF"": 3, ""EEM"": 1, ""EFA"": 1, ""IEF"": 1, ""IWM"": 1, ""KMLM"": 6, ""LQD"": 1.5, ""QQQ"": 1, ""SCZ"": 5, ""SHY"": 1, ""SPY"": 0.7, ""TIP"": 2, ""TLT"": 1, ""TQQQ"": 1.5, ""VEA"": 1.5, ""VEU"": 2, ""VNQ"": 1.5, ""VTI"": 1, ""VWO"": 2}",0.03000000,tests/data/2026-08-24-net15,3,13612W,0.00363083,0.01162749,0.00281563,0.00893925,47147.07931921,40000.00000000,7147.07931921,0.17867698,0.04467508,0.05319001,0.59870972,0.07815625,0.84776429,0.36872552,-0.12116079,944,2017,0.09783695,2015,-0.05968736,1964344.42896622,252.45928424,7.46857114,0.00631148,0.28351854,0.00000000,0.04915588,0.00000000,0.17985678,0.00000000,0.09225877,0.00000000,0.08099392,0.00000000,0.05977534,0.00000000,0.05455622,0.00000000,0.08159532,0.00000000,0.11458455,0.00000000
ROT SPY+IWM+VEA+VWO+VNQ+DBC+IEF+TLT top3 12M can TIP/1 fb best(BIL+IEF),sens,sens_2013-07-03,2013-07-03,2018-07-03,false,true,"{""*"": 6, ""ACWX"": 3, ""AGG"": 1, ""BIL"": 1, ""BND"": 1.5, ""BTAL"": 6, ""DBC"": 3, ""DBMF"": 3, ""EEM"": 1, ""EFA"": 1, ""IEF"": 1, ""IWM"": 1, ""KMLM"": 6, ""LQD"": 1.5, ""QQQ"": 1, ""SCZ"": 5, ""SHY"": 1, ""SPY"": 0.7, ""TIP"": 2, ""TLT"": 1, ""TQQQ"": 1.5, ""VEA"": 1.5, ""VEU"": 2, ""VNQ"": 1.5, ""VTI"": 1, ""VWO"": 2}",0.03000000,tests/data/2026-08-24-net15,3,12M,0.00403274,0.01328726,0.00289816,0.00808543,44649.87078222,40000.00000000,4649.87078222,0.11624677,0.03141866,0.03553817,0.42297519,0.08095941,0.56445944,0.26664652,-0.11782888,517,2017,0.10956849,2013,-0.00083930,1030703.39779422,123.28158869,3.90139927,0.00308204,0.27797039,0.00000000,0.02184433,0.00000000,0.20721772,0.00000000,0.05970968,0.00000000,0.12979877,0.00000000,0.08141316,0.00000000,0.03818690,0.00000000,0.09253342,0.00000000,0.08726152,0.00000000
ROT SPY+IWM+VEA+VWO+VNQ+DBC+IEF+TLT top4 1-3-6-12U can TIP/1 fb best(BIL+IEF),sens,sens_2013-07-03,2013-07-03,2018-07-03,false,true,"{""*"": 6, ""ACWX"": 3, ""AGG"": 1, ""BIL"": 1, ""BND"": 1.5, ""BTAL"": 6, ""DBC"": 3, ""DBMF"": 3, ""EEM"": 1, ""EFA"": 1, ""IEF"": 1, ""IWM"": 1, ""KMLM"": 6, ""LQD"": 1.5, ""QQQ"": 1, ""SCZ"": 5, ""SHY"": 1, ""SPY"": 0.7, ""TIP"": 2, ""TLT"": 1, ""TQQQ"": 1.5, ""VEA"": 1.5, ""VEU"": 2, ""VNQ"": 1.5, ""VTI"": 1, ""VWO"": 2}",0.03000000,tests/data/2026-08-24-net15,4,1-3-6-12U,0.00478188,0.01512989,0.00332888,0.00920110,47366.65132366,40000.00000000,7366.65132366,0.18416628,0.04305870,0.05469939,0.60597185,0.07417145,0.82509021,0.44230731,-0.09735019,,2017,0.11778378,2015,-0.03294616,1414609.78765314,178.14206131,5.31965138,0.00445355,0.27808442,0.00000000,0.03276369,0.00000000,0.22054325,0.00000000,0.08951006,0.00000000,0.10886152,0.00000000,0.06516152,0.00000000,0.05317531,0.00000000,0.07342681,0.00000000,0.07364328,0.00000000
ROT SPY+IWM+VEA+VWO+VNQ+DBC+IEF+TLT top4 13612W can TIP/1 fb best(BIL+IEF),sens,sens_2013-07-03,2013-07-03,2018-07-03,false,true,"{""*"": 6, ""ACWX"": 3, ""AGG"": 1, ""BIL"": 1, ""BND"": 1.5, ""BTAL"": 6, ""DBC"": 3, ""DBMF"": 3, ""EEM"": 1, ""EFA"": 1, ""IEF"": 1, ""IWM"": 1, ""KMLM"": 6, ""LQD"": 1.5, ""QQQ"": 1, ""SCZ"": 5, ""SHY"": 1, ""SPY"": 0.7, ""TIP"": 2, ""TLT"": 1, ""TQQQ"": 1.5, ""VEA"": 1.5, ""VEU"": 2, ""VNQ"": 1.5, ""VTI"": 1, ""VWO"": 2}",0.03000000,tests/data/2026-08-24-net15,4,13612W,0.00429339,0.01494050,0.00279595,0.00917230,46433.74247647,40000.00000000,6433.74247647,0.16084356,0.04204884,0.04824002,0.60257977,0.07280316,0.85113200,0.39035143,-0.10772047,951,2017,0.09362298,2015,-0.05319458,1798585.36747355,226.59244219,6.83989856,0.00566481,0.28626765,0.00000000,0.05732152,0.00000000,0.18808399,0.00000000,0.08130275,0.00000000,0.09694447,0.00000000,0.06104504,0.00000000,0.06137237,0.00000000,0.06930502,0.00000000,0.09399533,0.00000000
ROT SPY+IWM+VEA+VWO+VNQ+DBC+IEF+TLT top4 12M can TIP/1 fb best(BIL+IEF),sens,sens_2013-07-03,2013-07-03,2018-07-03,false,true,"{""*"": 6, ""ACWX"": 3, ""AGG"": 1, ""BIL"": 1, ""BND"": 1.5, ""BTAL"": 6, ""DBC"": 3, ""DBMF"": 3, ""EEM"": 1, ""EFA"": 1, ""IEF"": 1, ""IWM"": 1, ""KMLM"": 6, ""LQD"": 1.5, ""QQQ"": 1, ""SCZ"": 5, ""SHY"": 1, ""SPY"": 0.7, ""TIP"": 2, ""TLT"": 1, ""TQQQ"": 1.5, ""VEA"": 1.5, ""VEU"": 2, ""VNQ"": 1.5, ""VTI"": 1, ""VWO"": 2}",0.03000000,tests/data/2026-08-24-net15,4,12M,0.00482788,0.01384466,0.00308573,0.00997158,44156.92227657,40000.00000000,4156.92227657,0.10392306,0.02826003,0.03194300,0.40033561,0.07710964,0.53015839,0.28201930,-0.10020602,,2017,0.10672639,2015,-0.01294623,1055736.76177431,127.13433394,4.00827631,0.00317836,0.27796938,0.00000000,0.02867067,0.00000000,0.22080400,0.00000000,0.07316492,0.00000000,0.12944540,0.00000000,0.06089458,0.00000000,0.04088518,0.00000000,0.07333279,0.00000000,0.08997236,0.00000000
ROT SPY+IWM+VEA+VWO+VNQ+DBC+IEF+TLT top5 1-3-6-12U can TIP/1 fb best(BIL+IEF),sens,sens_2013-07-03,2013-07-03,2018-07-03,false,true,"{""*"": 6, ""ACWX"": 3, ""AGG"": 1, ""BIL"": 1, ""BND"": 1.5, ""BTAL"": 6, ""DBC"": 3, ""DBMF"": 3, ""EEM"": 1, ""EFA"": 1, ""IEF"": 1, ""IWM"": 1, ""KMLM"": 6, ""LQD"": 1.5, ""QQQ"": 1, ""SCZ"": 5, ""SHY"": 1, ""SPY"": 0.7, ""TIP"": 2, ""TLT"": 1, ""TQQQ"": 1.5, ""VEA"": 1.5, ""VEU"": 2, ""VNQ"": 1.5, ""VTI"": 1, ""VWO"": 2}",0.03000000,tests/data/2026-08-24-net15,5,1-3-6-12U,0.00526849,0.02040004,0.00300795,0.00879115,46400.51316803,40000.00000000,6400.51316803,0.16001283,0.04035934,0.04800768,0.60486799,0.06945655,0.82229967,0.44822207,-0.09004317,,2017,0.09955887,2015,-0.01087298,1319418.22591080,164.08966207,4.94829133,0.00410224,0.28131448,0.00000000,0.03930732,0.00000000,0.22871291,0.00000000,0.09095935,0.00000000,0.10333358,0.00000000,0.06162052,0.00000000,0.05558644,0.00000000,0.06517431,0.00000000,0.06867862,0.00000000
ROT SPY+IWM+VEA+VWO+VNQ+DBC+IEF+TLT top5 13612W can TIP/1 fb best(BIL+IEF),sens,sens_2013-07-03,2013-07-03,2018-07-03,false,true,"{""*"": 6, ""ACWX"": 3, ""AGG"": 1, ""BIL"": 1, ""BND"": 1.5, ""BTAL"": 6, ""DBC"": 3, ""DBMF"": 3, ""EEM"": 1, ""EFA"": 1, ""IEF"": 1, ""IWM"": 1, ""KMLM"": 6, ""LQD"": 1.5, ""QQQ"": 1, ""SCZ"": 5, ""SHY"": 1, ""SPY"": 0.7, ""TIP"": 2, ""TLT"": 1, ""TQQQ"": 1.5, ""VEA"": 1.5, ""VEU"": 2, ""VNQ"": 1.5, ""VTI"": 1, ""VWO"": 2}",0.03000000,tests/data/2026-08-24-net15,5,13612W,0.00498533,0.01611121,0.00286495,0.00878639,46018.68451108,40000.00000000,6018.68451108,0.15046711,0.04130057,0.04532656,0.63225697,0.06767945,0.89500925,0.49009616,-0.08427035,563,2017,0.07712342,2015,-0.02994537,1776379.25395175,221.32488514,6.71681080,0.00553312,0.29113517,0.00000000,0.05237957,0.00000000,0.20930028,0.00000000,0.07795210,0.00000000,0.08693381,0.00000000,0.06504986,0.00000000,0.06869935,0.00000000,0.06835346,0.00000000,0.07514452,0.00000000
ROT SPY+IWM+VEA+VWO+VNQ+DBC+IEF+TLT top5 12M can TIP/1 fb best(BIL+IEF),sens,sens_2013-07-03,2013-07-03,2018-07-03,false,true,"{""*"": 6, ""ACWX"": 3, ""AGG"": 1, ""BIL"": 1, ""BND"": 1.5, ""BTAL"": 6, ""DBC"": 3, ""DBMF"": 3, ""EEM"": 1, ""EFA"": 1, ""IEF"": 1, ""IWM"": 1, ""KMLM"": 6, ""LQD"": 1.5, ""QQQ"": 1, ""SCZ"": 5, ""SHY"": 1, ""SPY"": 0.7, ""TIP"": 2, ""TLT"": 1, ""TQQQ"": 1.5, ""VEA"": 1.5, ""VEU"": 2, ""VNQ"": 1.5, ""VTI"": 1, ""VWO"": 2}",0.03000000,tests/data/2026-08-24-net15,5,12M,0.00530058,0.01747567,0.00301614,0.00895583,44832.50351731,40000.00000000,4832.50351731,0.12081259,0.03292343,0.03686055,0.48517969,0.07219561,0.65183364,0.36532463,-0.09012101,,2017,0.10398142,2018,-0.01998019,1024438.41012351,131.15252272,3.84408589,0.00327881,0.27795370,0.00000000,0.03276116,0.00000000,0.23226937,0.00000000,0.07780470,0.00000000,0.10323372,0.00000000,0.05836953,0.00000000,0.04907581,0.00000000,0.07821518,0.00000000,0.08498389,0.00000000
SPY12.5/IWM12.5/VEA12.5/VWO12.5/VNQ12.5/DBC12.5/IEF12.5/TLT12.5,sens,sens_2013-07-03,2013-07-03,2018-07-03,true,true,"{""*"": 6, ""ACWX"": 3, ""AGG"": 1, ""BIL"": 1, ""BND"": 1.5, ""BTAL"": 6, ""DBC"": 3, ""DBMF"": 3, ""EEM"": 1, ""EFA"": 1, ""IEF"": 1, ""IWM"": 1, ""KMLM"": 6, ""LQD"": 1.5, ""QQQ"": 1, ""SCZ"": 5, ""SHY"": 1, ""SPY"": 0.7, ""TIP"": 2, ""TLT"": 1, ""TQQQ"": 1.5, ""VEA"": 1.5, ""VEU"": 2, ""VNQ"": 1.5, ""VTI"": 1, ""VWO"": 2}",0.03000000,tests/data/2026-08-24-net15,,,0.01273398,0.03245007,0.00436763,0.00985279,47398.07916670,40000.00000000,7398.07916670,0.18495198,0.05397858,0.05491489,0.66874400,0.08394250,0.94390246,0.33353254,-0.16183901,479,2017,0.13728297,2015,-0.05708007,52546.75957883,8.05004816,0.19284844,0.00020125,,,0.12462099,0.12345381,0.12314738,0.11899544,0.12255304,0.11747899,0.12135230,0.11514721,0.12292446,0.11775707,0.12433127,0.12280457,0.12403859,0.12213554,0.12429464,0.12233118
ROT SPY top1 1-3-6-12U can TIP/1 fb best(BIL+IEF),sens,sens_2013-07-03,2013-07-03,2018-07-03,true,true,"{""*"": 6, ""ACWX"": 3, ""AGG"": 1, ""BIL"": 1, ""BND"": 1.5, ""BTAL"": 6, ""DBC"": 3, ""DBMF"": 3, ""EEM"": 1, ""EFA"": 1, ""IEF"": 1, ""IWM"": 1, ""KMLM"": 6, ""LQD"": 1.5, ""QQQ"": 1, ""SCZ"": 5, ""SHY"": 1, ""SPY"": 0.7, ""TIP"": 2, ""TLT"": 1, ""TQQQ"": 1.5, ""VEA"": 1.5, ""VEU"": 2, ""VNQ"": 1.5, ""VTI"": 1, ""VWO"": 2}",0.03000000,tests/data/2026-08-24-net15,,,0.00272078,0.00817787,0.00274938,0.00817845,51981.85412173,40000.00000000,11981.85412173,0.29954635,0.07497823,0.08498716,0.91207763,0.08313137,1.27382620,0.74314622,-0.10089297,,2017,0.13951688,2013,-0.00083930,1273338.09708924,110.55862795,4.45006770,0.00276397,0.27804046,0.00000000,,,0.19628635,0.00000000,,,0.52292381,0.00000000,,,,,,,,
SPY benchmark,sens,sens_2013-07-03,2013-07-03,2018-07-03,true,true,"{""*"": 6, ""ACWX"": 3, ""AGG"": 1, ""BIL"": 1, ""BND"": 1.5, ""BTAL"": 6, ""DBC"": 3, ""DBMF"": 3, ""EEM"": 1, ""EFA"": 1, ""IEF"": 1, ""IWM"": 1, ""KMLM"": 6, ""LQD"": 1.5, ""QQQ"": 1, ""SCZ"": 5, ""SHY"": 1, ""SPY"": 0.7, ""TIP"": 2, ""TLT"": 1, ""TQQQ"": 1.5, ""VEA"": 1.5, ""VEU"": 2, ""VNQ"": 1.5, ""VTI"": 1, ""VWO"": 2}",0.03000000,tests/data/2026-08-24-net15,,,0.00333273,0.01120590,0.00333396,0.01120708,58377.87129095,40000.00000000,18377.87129095,0.45944678,0.12783394,0.12304346,1.04054177,0.12299664,1.46440622,0.97652677,-0.13090674,334,2017,0.21310750,2015,0.00996807,39770.47898550,2.78393353,0.12552873,0.00006960,,,,,,,,,0.99666604,0.98879292,,,,,,,,
ROT SPY+IWM+VEA+VWO+VNQ+DBC+IEF+TLT top3 1-3-6-12U can TIP/1 fb best(BIL+IEF),sens,sens_2014-01-03,2014-01-03,2019-01-03,false,true,"{""*"": 6, ""ACWX"": 3, ""AGG"": 1, ""BIL"": 1, ""BND"": 1.5, ""BTAL"": 6, ""DBC"": 3, ""DBMF"": 3, ""EEM"": 1, ""EFA"": 1, ""IEF"": 1, ""IWM"": 1, ""KMLM"": 6, ""LQD"": 1.5, ""QQQ"": 1, ""SCZ"": 5, ""SHY"": 1, ""SPY"": 0.7, ""TIP"": 2, ""TLT"": 1, ""TQQQ"": 1.5, ""VEA"": 1.5, ""VEU"": 2, ""VNQ"": 1.5, ""VTI"": 1, ""VWO"": 2}",0.03000000,tests/data/2026-08-24-net15,3,1-3-6-12U,0.00446947,0.01688930,0.00320419,0.00997422,46256.29383898,40000.00000000,6256.29383898,0.15640735,0.03782294,0.04695561,0.49082185,0.08274544,0.66663877,0.32831187,-0.11520431,550,2016,0.09416468,2015,-0.05790056,1520251.19999948,190.04490654,5.73614504,0.00475112,0.22899519,0.00000000,0.02730390,0.00000000,0.22343190,0.00000000,0.08147321,0.00000000,0.13492165,0.00000000,0.06508606,0.00000000,0.04906067,0.00000000,0.09789929,0.00000000,0.08730314,0.00000000
ROT SPY+IWM+VEA+VWO+VNQ+DBC+IEF+TLT top3 13612W can TIP/1 fb best(BIL+IEF),sens,sens_2014-01-03,2014-01-03,2019-01-03,false,true,"{""*"": 6, ""ACWX"": 3, ""AGG"": 1, ""BIL"": 1, ""BND"": 1.5, ""BTAL"": 6, ""DBC"": 3, ""DBMF"": 3, ""EEM"": 1, ""EFA"": 1, ""IEF"": 1, ""IWM"": 1, ""KMLM"": 6, ""LQD"": 1.5, ""QQQ"": 1, ""SCZ"": 5, ""SHY"": 1, ""SPY"": 0.7, ""TIP"": 2, ""TLT"": 1, ""TQQQ"": 1.5, ""VEA"": 1.5, ""VEU"": 2, ""VNQ"": 1.5, ""VTI"": 1, ""VWO"": 2}",0.03000000,tests/data/2026-08-24-net15,3,13612W,0.00407176,0.01549257,0.00302269,0.01070650,48047.81053572,40000.00000000,8047.81053572,0.20119526,0.04831800,0.05928775,0.64919224,0.07741518,0.91613836,0.40053490,-0.12063368,920,2018,0.11154509,2015,-0.05921790,2014862.31907942,252.32690204,7.58778594,0.00630817,0.26719409,0.00000000,0.04914053,0.00000000,0.19609693,0.00000000,0.09236335,0.00000000,0.08080894,0.00000000,0.05962982,0.00000000,0.04905848,0.00000000,0.08704528,0.00000000,0.11451541,0.00000000
ROT SPY+IWM+VEA+VWO+VNQ+DBC+IEF+TLT top3 12M can TIP/1 fb best(BIL+IEF),sens,sens_2014-01-03,2014-01-03,2019-01-03,false,true,"{""*"": 6, ""ACWX"": 3, ""AGG"": 1, ""BIL"": 1, ""BND"": 1.5, ""BTAL"": 6, ""DBC"": 3, ""DBMF"": 3, ""EEM"": 1, ""EFA"": 1, ""IEF"": 1, ""IWM"": 1, ""KMLM"": 6, ""LQD"": 1.5, ""QQQ"": 1, ""SCZ"": 5, ""SHY"": 1, ""SPY"": 0.7, ""TIP"": 2, ""TLT"": 1, ""TQQQ"": 1.5, ""VEA"": 1.5, ""VEU"": 2, ""VNQ"": 1.5, ""VTI"": 1, ""VWO"": 2}",0.03000000,tests/data/2026-08-24-net15,3,12M,0.00431939,0.01465546,0.00318543,0.01068456,46293.36843559,40000.00000000,6293.36843559,0.15733421,0.04188234,0.04721537,0.53649878,0.08303687,0.71714758,0.35525253,-0.11789457,517,2017,0.10947945,2015,-0.00124296,1017482.03778659,122.81812476,3.79551484,0.00307045,0.24547446,0.00000000,0.03276233,0.00000000,0.20708890,0.00000000,0.07054400,0.00000000,0.14037209,0.00000000,0.08141551,0.00000000,0.03818603,0.00000000,0.09255248,0.00000000,0.08725142,0.00000000
ROT SPY+IWM+VEA+VWO+VNQ+DBC+IEF+TLT top4 1-3-6-12U can TIP/1 fb best(BIL+IEF),sens,sens_2014-01-03,2014-01-03,2019-01-03,false,true,"{""*"": 6, ""ACWX"": 3, ""AGG"": 1, ""BIL"": 1, ""BND"": 1.5, ""BTAL"": 6, ""DBC"": 3, ""DBMF"": 3, ""EEM"": 1, ""EFA"": 1, ""IEF"": 1, ""IWM"": 1, ""KMLM"": 6, ""LQD"": 1.5, ""QQQ"": 1, ""SCZ"": 5, ""SHY"": 1, ""SPY"": 0.7, ""TIP"": 2, ""TLT"": 1, ""TQQQ"": 1.5, ""VEA"": 1.5, ""VEU"": 2, ""VNQ"": 1.5, ""VTI"": 1, ""VWO"": 2}",0.03000000,tests/data/2026-08-24-net15,4,1-3-6-12U,0.00517482,0.01750407,0.00339680,0.01022688,48860.97791638,40000.00000000,8860.97791638,0.22152445,0.05320793,0.06474253,0.72012390,0.07613435,0.98385016,0.54350267,-0.09789820,,2017,0.11772282,2015,-0.03332875,1448304.78719473,180.75792809,5.32176645,0.00451895,0.22898445,0.00000000,0.04094260,0.00000000,0.23691733,0.00000000,0.09760786,0.00000000,0.11702563,0.00000000,0.06497133,0.00000000,0.05315592,0.00000000,0.08157731,0.00000000,0.07359099,0.00000000
ROT SPY+IWM+VEA+VWO+VNQ+DBC+IEF+TLT top4 13612W can TIP/1 fb best(BIL+IEF),sens,sens_2014-01-03,2014-01-03,2019-01-03,false,true,"{""*"": 6, ""ACWX"": 3, ""AGG"": 1, ""BIL"": 1, ""BND"": 1.5, ""BTAL"": 6, ""DBC"": 3, ""DBMF"": 3, ""EEM"": 1, ""EFA"": 1, ""IEF"": 1, ""IWM"": 1, ""KMLM"": 6, ""LQD"": 1.5, ""QQQ"": 1, ""SCZ"": 5, ""SHY"": 1, ""SPY"": 0.7, ""TIP"": 2, ""TLT"": 1, ""TQQQ"": 1.5, ""VEA"": 1.5, ""VEU"": 2, ""VNQ"": 1.5, ""VTI"": 1, ""VWO"": 2}",0.03000000,tests/data/2026-08-24-net15,4,13612W,0.00509946,0.02015275,0.00334197,0.00888180,46986.52891838,40000.00000000,6986.52891838,0.17466322,0.04358021,0.05203594,0.63142438,0.07173782,0.88633943,0.40501097,-0.10760255,951,2017,0.09332563,2015,-0.05310285,1857997.78761778,229.32879556,7.03363747,0.00573322,0.26995992,0.00000000,0.05730750,0.00000000,0.20439382,0.00000000,0.08103385,0.00000000,0.09662494,0.00000000,0.06494900,0.00000000,0.05725225,0.00000000,0.07340692,0.00000000,0.08990232,0.00000000
ROT SPY+IWM+VEA+VWO+VNQ+DBC+IEF+TLT top4 12M can TIP/1 fb best(BIL+IEF),sens,sens_2014-01-03,2014-01-03,2019-01-03,false,true,"{""*"": 6, ""ACWX"": 3, ""AGG"": 1, ""BIL"": 1, ""BND"": 1.5, ""BTAL"": 6, ""DBC"": 3, ""DBMF"": 3, ""EEM"": 1, ""EFA"": 1, ""IEF"": 1, ""IWM"": 1, ""KMLM"": 6, ""LQD"": 1.5, ""QQQ"": 1, ""SCZ"": 5, ""SHY"": 1, ""SPY"": 0.7, ""TIP"": 2, ""TLT"": 1, ""TQQQ"": 1.5, ""VEA"": 1.5, ""VEU"": 2, ""VNQ"": 1.5, ""VTI"": 1, ""VWO"": 2}",0.03000000,tests/data/2026-08-24-net15,4,12M,0.00554667,0.02120151,0.00347729,0.00976738,45571.30838195,40000.00000000,5571.30838195,0.13928271,0.03749095,0.04212048,0.50579836,0.07907719,0.67163197,0.37435684,-0.10014763,,2017,0.10664507,2015,-0.01298828,1037249.31083850,125.80049624,3.88656055,0.00314501,0.24544593,0.00000000,0.03685603,0.00000000,0.22060601,0.00000000,0.08132274,0.00000000,0.13695422,0.00000000,0.06091072,0.00000000,0.04908234,0.00000000,0.07329230,0.00000000,0.08994820,0.00000000
ROT SPY+IWM+VEA+VWO+VNQ+DBC+IEF+TLT top5 1-3-6-12U can TIP/1 fb best(BIL+IEF),sens,sens_2014-01-03,2014-01-03,2019-01-03,false,true,"{""*"": 6, ""ACWX"": 3, ""AGG"": 1, ""BIL"": 1, ""BND"": 1.5, ""BTAL"": 6, ""DBC"": 3, ""DBMF"": 3, ""EEM"": 1, ""EFA"": 1, ""IEF"": 1, ""IWM"": 1, ""KMLM"": 6, ""LQD"": 1.5, ""QQQ"": 1, ""SCZ"": 5, ""SHY"": 1, ""SPY"": 0.7, ""TIP"": 2, ""TLT"": 1, ""TQQQ"": 1.5, ""VEA"": 1.5, ""VEU"": 2, ""VNQ"": 1.5, ""VTI"": 1, ""VWO"": 2}",0.03000000,tests/data/2026-08-24-net15,5,1-3-6-12U,0.00648637,0.02472892,0.00378203,0.01145549,47199.05359715,40000.00000000,7199.05359715,0.17997634,0.04723280,0.05350045,0.68669003,0.07098818,0.93584838,0.52457826,-0.09003956,,2017,0.09943235,2015,-0.01086109,1392208.95734530,171.23952187,5.13556966,0.00428099,0.23229940,0.00000000,0.04584788,0.00000000,0.24488036,0.00000000,0.09751229,0.00000000,0.10880694,0.00000000,0.06484143,0.00000000,0.05887712,0.00000000,0.07171459,0.00000000,0.06868542,0.00000000
ROT SPY+IWM+VEA+VWO+VNQ+DBC+IEF+TLT top5 13612W can TIP/1 fb best(BIL+IEF),sens,sens_2014-01-03,2014-01-03,2019-01-03,false,true,"{""*"": 6, ""ACWX"": 3, ""AGG"": 1, ""BIL"": 1, ""BND"": 1.5, ""BTAL"": 6, ""DBC"": 3, ""DBMF"": 3, ""EEM"": 1, ""EFA"": 1, ""IEF"": 1, ""IWM"": 1, ""KMLM"": 6, ""LQD"": 1.5, ""QQQ"": 1, ""SCZ"": 5, ""SHY"": 1, ""SPY"": 0.7, ""TIP"": 2, ""TLT"": 1, ""TQQQ"": 1.5, ""VEA"": 1.5, ""VEU"": 2, ""VNQ"": 1.5, ""VTI"": 1, ""VWO"": 2}",0.03000000,tests/data/2026-08-24-net15,5,13612W,0.00542954,0.02202649,0.00323865,0.00942653,46781.42587241,40000.00000000,6781.42587241,0.16953565,0.04353956,0.05061661,0.67834268,0.06615069,0.95232747,0.51943900,-0.08382035,557,2017,0.07706418,2015,-0.02955433,1837175.78153863,227.30183320,6.93427956,0.00568255,0.27496454,0.00000000,0.05567199,0.00000000,0.22558349,0.00000000,0.07773942,0.00000000,0.08675950,0.00000000,0.06816689,0.00000000,0.06534069,0.00000000,0.06839369,0.00000000,0.07188163,0.00000000
ROT SPY+IWM+VEA+VWO+VNQ+DBC+IEF+TLT top5 12M can TIP/1 fb best(BIL+IEF),sens,sens_2014-01-03,2014-01-03,2019-01-03,false,true,"{""*"": 6, ""ACWX"": 3, ""AGG"": 1, ""BIL"": 1, ""BND"": 1.5, ""BTAL"": 6, ""DBC"": 3, ""DBMF"": 3, ""EEM"": 1, ""EFA"": 1, ""IEF"": 1, ""IWM"": 1, ""KMLM"": 6, ""LQD"": 1.5, ""QQQ"": 1, ""SCZ"": 5, ""SHY"": 1, ""SPY"": 0.7, ""TIP"": 2, ""TLT"": 1, ""TQQQ"": 1.5, ""VEA"": 1.5, ""VEU"": 2, ""VNQ"": 1.5, ""VTI"": 1, ""VWO"": 2}",0.03000000,tests/data/2026-08-24-net15,5,12M,0.00616943,0.01864741,0.00357799,0.00915717,45675.05564075,40000.00000000,5675.05564075,0.14187639,0.03978925,0.04285722,0.55954072,0.07485632,0.75276211,0.44212060,-0.08999636,,2017,0.10412784,2015,-0.00589655,1027587.36703757,132.57884002,3.80579547,0.00331447,0.24548872,0.00000000,0.03930499,0.00000000,0.23201284,0.00000000,0.08430729,0.00000000,0.10906387,0.00000000,0.05832778,0.00000000,0.05557886,0.00000000,0.08146682,0.00000000,0.08824451,0.00000000
SPY12.5/IWM12.5/VEA12.5/VWO12.5/VNQ12.5/DBC12.5/IEF12.5/TLT12.5,sens,sens_2014-01-03,2014-01-03,2019-01-03,true,true,"{""*"": 6, ""ACWX"": 3, ""AGG"": 1, ""BIL"": 1, ""BND"": 1.5, ""BTAL"": 6, ""DBC"": 3, ""DBMF"": 3, ""EEM"": 1, ""EFA"": 1, ""IEF"": 1, ""IWM"": 1, ""KMLM"": 6, ""LQD"": 1.5, ""QQQ"": 1, ""SCZ"": 5, ""SHY"": 1, ""SPY"": 0.7, ""TIP"": 2, ""TLT"": 1, ""TQQQ"": 1.5, ""VEA"": 1.5, ""VEU"": 2, ""VNQ"": 1.5, ""VTI"": 1, ""VWO"": 2}",0.03000000,tests/data/2026-08-24-net15,,,0.01425848,0.03204181,0.00521864,0.01129501,42393.90140182,40000.00000000,2393.90140182,0.05984754,0.02693474,0.01874636,0.35564837,0.08501028,0.49047405,0.16682620,-0.16145393,479,2017,0.13710763,2018,-0.07810784,54270.84352779,8.27745371,0.20106950,0.00020694,,,0.12464258,0.12352633,0.12311786,0.11750098,0.12234694,0.11733791,0.12043207,0.11370499,0.12281704,0.11937228,0.12430750,0.12215861,0.12373471,0.12137265,0.12433939,0.12279213
ROT SPY top1 1-3-6-12U can TIP/1 fb best(BIL+IEF),sens,sens_2014-01-03,2014-01-03,2019-01-03,true,true,"{""*"": 6, ""ACWX"": 3, ""AGG"": 1, ""BIL"": 1, ""BND"": 1.5, ""BTAL"": 6, ""DBC"": 3, ""DBMF"": 3, ""EEM"": 1, ""EFA"": 1, ""IEF"": 1, ""IWM"": 1, ""KMLM"": 6, ""LQD"": 1.5, ""QQQ"": 1, ""SCZ"": 5, ""SHY"": 1, ""SPY"": 0.7, ""TIP"": 2, ""TLT"": 1, ""TQQQ"": 1.5, ""VEA"": 1.5, ""VEU"": 2, ""VNQ"": 1.5, ""VTI"": 1, ""VWO"": 2}",0.03000000,tests/data/2026-08-24-net15,,,0.00258422,0.01002463,0.00261567,0.01002535,55133.54642202,40000.00000000,15133.54642202,0.37833866,0.09420849,0.10416460,1.10746741,0.08467172,1.56002718,0.93600916,-0.10064911,180,2017,0.13919092,2019,0.01006669,1348917.72749518,118.19165573,4.56597377,0.00295479,0.22911496,0.00000000,,,0.21255159,0.00000000,,,0.55571778,0.00000000,,,,,,,,
SPY benchmark,sens,sens_2014-01-03,2014-01-03,2019-01-03,true,true,"{""*"": 6, ""ACWX"": 3, ""AGG"": 1, ""BIL"": 1, ""BND"": 1.5, ""BTAL"": 6, ""DBC"": 3, ""DBMF"": 3, ""EEM"": 1, ""EFA"": 1, ""IEF"": 1, ""IWM"": 1, ""KMLM"": 6, ""LQD"": 1.5, ""QQQ"": 1, ""SCZ"": 5, ""SHY"": 1, ""SPY"": 0.7, ""TIP"": 2, ""TLT"": 1, ""TQQQ"": 1.5, ""VEA"": 1.5, ""VEU"": 2, ""VNQ"": 1.5, ""VTI"": 1, ""VWO"": 2}",0.03000000,tests/data/2026-08-24-net15,,,0.00365583,0.01291590,0.00365709,0.01291736,49038.74707454,40000.00000000,9038.74707454,0.22596868,0.07717736,0.06592361,0.63076599,0.13185498,0.86984000,0.39713771,-0.19433399,,2017,0.21301839,2018,-0.04830958,39846.10862632,2.78922760,0.13007717,0.00006973,,,,,,,,,0.99634291,0.98708264,,,,,,,,
ROT SPY+IWM+VEA+VWO+VNQ+DBC+IEF+TLT top3 1-3-6-12U can TIP/1 fb best(BIL+IEF),sens,sens_2014-07-03,2014-07-03,2019-07-03,false,true,"{""*"": 6, ""ACWX"": 3, ""AGG"": 1, ""BIL"": 1, ""BND"": 1.5, ""BTAL"": 6, ""DBC"": 3, ""DBMF"": 3, ""EEM"": 1, ""EFA"": 1, ""IEF"": 1, ""IWM"": 1, ""KMLM"": 6, ""LQD"": 1.5, ""QQQ"": 1, ""SCZ"": 5, ""SHY"": 1, ""SPY"": 0.7, ""TIP"": 2, ""TLT"": 1, ""TQQQ"": 1.5, ""VEA"": 1.5, ""VEU"": 2, ""VNQ"": 1.5, ""VTI"": 1, ""VWO"": 2}",0.03000000,tests/data/2026-08-24-net15,3,1-3-6-12U,0.00565851,0.02404654,0.00388346,0.01596343,46437.65486568,40000.00000000,6437.65486568,0.16094137,0.03907973,0.04827194,0.49117854,0.08565317,0.66393385,0.33903335,-0.11526809,550,2016,0.09389486,2015,-0.05807960,1484658.88671819,181.54296829,5.55366745,0.00453857,0.18006040,0.00000000,0.02730759,0.00000000,0.20699998,0.00000000,0.08667127,0.00000000,0.14509691,0.00000000,0.09221741,0.00000000,0.04361302,0.00000000,0.12507573,0.00000000,0.08724570,0.00000000
ROT SPY+IWM+VEA+VWO+VNQ+DBC+IEF+TLT top3 13612W can TIP/1 fb best(BIL+IEF),sens,sens_2014-07-03,2014-07-03,2019-07-03,false,true,"{""*"": 6, ""ACWX"": 3, ""AGG"": 1, ""BIL"": 1, ""BND"": 1.5, ""BTAL"": 6, ""DBC"": 3, ""DBMF"": 3, ""EEM"": 1, ""EFA"": 1, ""IEF"": 1, ""IWM"": 1, ""KMLM"": 6, ""LQD"": 1.5, ""QQQ"": 1, ""SCZ"": 5, ""SHY"": 1, ""SPY"": 0.7, ""TIP"": 2, ""TLT"": 1, ""TQQQ"": 1.5, ""VEA"": 1.5, ""VEU"": 2, ""VNQ"": 1.5, ""VTI"": 1, ""VWO"": 2}",0.03000000,tests/data/2026-08-24-net15,3,13612W,0.00443585,0.01829288,0.00324377,0.01460110,45867.35933771,40000.00000000,5867.35933771,0.14668398,0.03162998,0.04426235,0.42417268,0.08133014,0.58333894,0.26182188,-0.12080726,920,2018,0.11172928,2015,-0.05936815,2038696.35431403,255.94521695,7.72380706,0.00639863,0.25083154,0.00000000,0.04913372,0.00000000,0.17980872,0.00000000,0.10845092,0.00000000,0.09703714,0.00000000,0.05963771,0.00000000,0.04360976,0.00000000,0.08704662,0.00000000,0.11993226,0.00000000
ROT SPY+IWM+VEA+VWO+VNQ+DBC+IEF+TLT top3 12M can TIP/1 fb best(BIL+IEF),sens,sens_2014-07-03,2014-07-03,2019-07-03,false,true,"{""*"": 6, ""ACWX"": 3, ""AGG"": 1, ""BIL"": 1, ""BND"": 1.5, ""BTAL"": 6, ""DBC"": 3, ""DBMF"": 3, ""EEM"": 1, ""EFA"": 1, ""IEF"": 1, ""IWM"": 1, ""KMLM"": 6, ""LQD"": 1.5, ""QQQ"": 1, ""SCZ"": 5, ""SHY"": 1, ""SPY"": 0.7, ""TIP"": 2, ""TLT"": 1, ""TQQQ"": 1.5, ""VEA"": 1.5, ""VEU"": 2, ""VNQ"": 1.5, ""VTI"": 1, ""VWO"": 2}",0.03000000,tests/data/2026-08-24-net15,3,12M,0.00496942,0.02484221,0.00328161,0.01596343,47153.67408262,40000.00000000,7153.67408262,0.17884185,0.04764104,0.05324046,0.58383518,0.08622295,0.78254823,0.40369841,-0.11801147,517,2017,0.10938869,2015,-0.00104491,1128904.31145267,131.15096242,4.17767960,0.00327877,0.16377214,0.00000000,0.03276120,0.00000000,0.20715244,0.00000000,0.07595071,0.00000000,0.16177949,0.00000000,0.10306588,0.00000000,0.03815136,0.00000000,0.12508947,0.00000000,0.08727299,0.00000000
ROT SPY+IWM+VEA+VWO+VNQ+DBC+IEF+TLT top4 1-3-6-12U can TIP/1 fb best(BIL+IEF),sens,sens_2014-07-03,2014-07-03,2019-07-03,false,true,"{""*"": 6, ""ACWX"": 3, ""AGG"": 1, ""BIL"": 1, ""BND"": 1.5, ""BTAL"": 6, ""DBC"": 3, ""DBMF"": 3, ""EEM"": 1, ""EFA"": 1, ""IEF"": 1, ""IWM"": 1, ""KMLM"": 6, ""LQD"": 1.5, ""QQQ"": 1, ""SCZ"": 5, ""SHY"": 1, ""SPY"": 0.7, ""TIP"": 2, ""TLT"": 1, ""TQQQ"": 1.5, ""VEA"": 1.5, ""VEU"": 2, ""VNQ"": 1.5, ""VTI"": 1, ""VWO"": 2}",0.03000000,tests/data/2026-08-24-net15,4,1-3-6-12U,0.00647690,0.02702087,0.00388499,0.01614849,48162.94793089,40000.00000000,8162.94793089,0.20407370,0.05209829,0.06012397,0.68234791,0.07914581,0.92542697,0.53265071,-0.09780948,392,2017,0.11782483,2015,-0.03329715,1471410.51188098,183.96260690,5.33383653,0.00459907,0.18004691,0.00000000,0.04095643,0.00000000,0.22454323,0.00000000,0.10138130,0.00000000,0.12865334,0.00000000,0.08115490,0.00000000,0.05316641,0.00000000,0.10181286,0.00000000,0.08175596,0.00000000
ROT SPY+IWM+VEA+VWO+VNQ+DBC+IEF+TLT top4 13612W can TIP/1 fb best(BIL+IEF),sens,sens_2014-07-03,2014-07-03,2019-07-03,false,true,"{""*"": 6, ""ACWX"": 3, ""AGG"": 1, ""BIL"": 1, ""BND"": 1.5, ""BTAL"": 6, ""DBC"": 3, ""DBMF"": 3, ""EEM"": 1, ""EFA"": 1, ""IEF"": 1, ""IWM"": 1, ""KMLM"": 6, ""LQD"": 1.5, ""QQQ"": 1, ""SCZ"": 5, ""SHY"": 1, ""SPY"": 0.7, ""TIP"": 2, ""TLT"": 1, ""TQQQ"": 1.5, ""VEA"": 1.5, ""VEU"": 2, ""VNQ"": 1.5, ""VTI"": 1, ""VWO"": 2}",0.03000000,tests/data/2026-08-24-net15,4,13612W,0.00570674,0.02850252,0.00365844,0.01614849,45261.28928633,40000.00000000,5261.28928633,0.13153223,0.02815608,0.03994901,0.40857783,0.07494343,0.55892178,0.26208899,-0.10742946,951,2017,0.09360789,2015,-0.05305334,1894437.83107446,238.49833504,7.23734409,0.00596246,0.25359902,0.00000000,0.05732283,0.00000000,0.19207305,0.00000000,0.08903945,0.00000000,0.10449516,0.00000000,0.06496110,0.00000000,0.05721778,0.00000000,0.07340333,0.00000000,0.10211046,0.00000000
ROT SPY+IWM+VEA+VWO+VNQ+DBC+IEF+TLT top4 12M can TIP/1 fb best(BIL+IEF),sens,sens_2014-07-03,2014-07-03,2019-07-03,false,true,"{""*"": 6, ""ACWX"": 3, ""AGG"": 1, ""BIL"": 1, ""BND"": 1.5, ""BTAL"": 6, ""DBC"": 3, ""DBMF"": 3, ""EEM"": 1, ""EFA"": 1, ""IEF"": 1, ""IWM"": 1, ""KMLM"": 6, ""LQD"": 1.5, ""QQQ"": 1, ""SCZ"": 5, ""SHY"": 1, ""SPY"": 0.7, ""TIP"": 2, ""TLT"": 1, ""TQQQ"": 1.5, ""VEA"": 1.5, ""VEU"": 2, ""VNQ"": 1.5, ""VTI"": 1, ""VWO"": 2}",0.03000000,tests/data/2026-08-24-net15,4,12M,0.00683344,0.02785721,0.00398210,0.01614849,47866.22397246,40000.00000000,7866.22397246,0.19665560,0.04927644,0.05811450,0.63587132,0.08092661,0.84899829,0.49302090,-0.09994796,497,2017,0.10659467,2015,-0.01229191,1033400.10057587,123.21193794,3.84400391,0.00308030,0.16375604,0.00000000,0.03685138,0.00000000,0.23273521,0.00000000,0.08509831,0.00000000,0.15702462,0.00000000,0.08098899,0.00000000,0.04907986,0.00000000,0.09774413,0.00000000,0.08985352,0.00000000
ROT SPY+IWM+VEA+VWO+VNQ+DBC+IEF+TLT top5 1-3-6-12U can TIP/1 fb best(BIL+IEF),sens,sens_2014-07-03,2014-07-03,2019-07-03,false,true,"{""*"": 6, ""ACWX"": 3, ""AGG"": 1, ""BIL"": 1, ""BND"": 1.5, ""BTAL"": 6, ""DBC"": 3, ""DBMF"": 3, ""EEM"": 1, ""EFA"": 1, ""IEF"": 1, ""IWM"": 1, ""KMLM"": 6, ""LQD"": 1.5, ""QQQ"": 1, ""SCZ"": 5, ""SHY"": 1, ""SPY"": 0.7, ""TIP"": 2, ""TLT"": 1, ""TQQQ"": 1.5, ""VEA"": 1.5, ""VEU"": 2, ""VNQ"": 1.5, ""VTI"": 1, ""VWO"": 2}",0.03000000,tests/data/2026-08-24-net15,5,1-3-6-12U,0.00779100,0.03316464,0.00407178,0.01625953,47471.01445154,40000.00000000,7471.01445154,0.18677536,0.04891018,0.05541970,0.69115593,0.07306584,0.93924119,0.54327123,-0.09002903,426,2017,0.09914147,2015,-0.01084234,1403434.98043567,172.41383475,5.15220727,0.00431035,0.18335594,0.00000000,0.04585332,0.00000000,0.23174226,0.00000000,0.10671207,0.00000000,0.12171234,0.00000000,0.08087494,0.00000000,0.05881002,0.00000000,0.08793546,0.00000000,0.07516474,0.00000000
ROT SPY+IWM+VEA+VWO+VNQ+DBC+IEF+TLT top5 13612W can TIP/1 fb best(BIL+IEF),sens,sens_2014-07-03,2014-07-03,2019-07-03,false,true,"{""*"": 6, ""ACWX"": 3, ""AGG"": 1, ""BIL"": 1, ""BND"": 1.5, ""BTAL"": 6, ""DBC"": 3, ""DBMF"": 3, ""EEM"": 1, ""EFA"": 1, ""IEF"": 1, ""IWM"": 1, ""KMLM"": 6, ""LQD"": 1.5, ""QQQ"": 1, ""SCZ"": 5, ""SHY"": 1, ""SPY"": 0.7, ""TIP"": 2, ""TLT"": 1, ""TQQQ"": 1.5, ""VEA"": 1.5, ""VEU"": 2, ""VNQ"": 1.5, ""VTI"": 1, ""VWO"": 2}",0.03000000,tests/data/2026-08-24-net15,5,13612W,0.00644430,0.02604828,0.00362926,0.01625953,45646.71951751,40000.00000000,5646.71951751,0.14116799,0.03105787,0.04269839,0.47548535,0.06950685,0.65316589,0.36987450,-0.08396867,557,2017,0.07696353,2015,-0.02969920,1842114.15751788,230.18629520,7.02571168,0.00575466,0.25849285,0.00000000,0.05239375,0.00000000,0.21549306,0.00000000,0.08428276,0.00000000,0.09280158,0.00000000,0.06471541,0.00000000,0.06861374,0.00000000,0.07497446,0.00000000,0.08171953,0.00000000
ROT SPY+IWM+VEA+VWO+VNQ+DBC+IEF+TLT top5 12M can TIP/1 fb best(BIL+IEF),sens,sens_2014-07-03,2014-07-03,2019-07-03,false,true,"{""*"": 6, ""ACWX"": 3, ""AGG"": 1, ""BIL"": 1, ""BND"": 1.5, ""BTAL"": 6, ""DBC"": 3, ""DBMF"": 3, ""EEM"": 1, ""EFA"": 1, ""IEF"": 1, ""IWM"": 1, ""KMLM"": 6, ""LQD"": 1.5, ""QQQ"": 1, ""SCZ"": 5, ""SHY"": 1, ""SPY"": 0.7, ""TIP"": 2, ""TLT"": 1, ""TQQQ"": 1.5, ""VEA"": 1.5, ""VEU"": 2, ""VNQ"": 1.5, ""VTI"": 1, ""VWO"": 2}",0.03000000,tests/data/2026-08-24-net15,5,12M,0.00653290,0.02195571,0.00347923,0.01625953,47603.67454550,40000.00000000,7603.67454550,0.19009186,0.05042511,0.05632662,0.68122881,0.07664722,0.92102099,0.55944106,-0.09013481,507,2017,0.10404013,2015,-0.00650438,1033372.15135877,131.16618812,3.80091484,0.00327915,0.16373741,0.00000000,0.03930263,0.00000000,0.24502416,0.00000000,0.09391311,0.00000000,0.12571662,0.00000000,0.07785154,0.00000000,0.05555360,0.00000000,0.10087779,0.00000000,0.09145545,0.00000000
SPY12.5/IWM12.5/VEA12.5/VWO12.5/VNQ12.5/DBC12.5/IEF12.5/TLT12.5,sens,sens_2014-07-03,2014-07-03,2019-07-03,true,true,"{""*"": 6, ""ACWX"": 3, ""AGG"": 1, ""BIL"": 1, ""BND"": 1.5, ""BTAL"": 6, ""DBC"": 3, ""DBMF"": 3, ""EEM"": 1, ""EFA"": 1, ""IEF"": 1, ""IWM"": 1, ""KMLM"": 6, ""LQD"": 1.5, ""QQQ"": 1, ""SCZ"": 5, ""SHY"": 1, ""SPY"": 0.7, ""TIP"": 2, ""TLT"": 1, ""TQQQ"": 1.5, ""VEA"": 1.5, ""VEU"": 2, ""VNQ"": 1.5, ""VTI"": 1, ""VWO"": 2}",0.03000000,tests/data/2026-08-24-net15,,,0.01386424,0.03403691,0.00490224,0.01477070,47118.53700236,40000.00000000,7118.53700236,0.17796343,0.03927112,0.05299831,0.49145811,0.08603148,0.68377547,0.24351602,-0.16126708,479,2019,0.14634639,2018,-0.07821204,53505.88519461,8.01015444,0.20228199,0.00020025,,,0.12458541,0.12320186,0.12290269,0.11876245,0.12266121,0.11556463,0.12090526,0.11022930,0.12282036,0.11807254,0.12428282,0.12223547,0.12363684,0.12061787,0.12433773,0.12212583
ROT SPY top1 1-3-6-12U can TIP/1 fb best(BIL+IEF),sens,sens_2014-07-03,2014-07-03,2019-07-03,true,true,"{""*"": 6, ""ACWX"": 3, ""AGG"": 1, ""BIL"": 1, ""BND"": 1.5, ""BTAL"": 6, ""DBC"": 3, ""DBMF"": 3, ""EEM"": 1, ""EFA"": 1, ""IEF"": 1, ""IWM"": 1, ""KMLM"": 6, ""LQD"": 1.5, ""QQQ"": 1, ""SCZ"": 5, ""SHY"": 1, ""SPY"": 0.7, ""TIP"": 2, ""TLT"": 1, ""TQQQ"": 1.5, ""VEA"": 1.5, ""VEU"": 2, ""VNQ"": 1.5, ""VTI"": 1, ""VWO"": 2}",0.03000000,tests/data/2026-08-24-net15,,,0.00352236,0.01525139,0.00355313,0.01525306,55615.89860864,40000.00000000,15615.89860864,0.39039747,0.09889233,0.10712051,1.10813717,0.08880699,1.55269297,0.98198842,-0.10070621,180,2017,0.13915963,2015,0.01335178,1444534.90395820,124.99958251,4.81027139,0.00312499,0.18011122,0.00000000,,,0.19629310,0.00000000,,,0.62004256,0.00000000,,,,,,,,
SPY benchmark,sens,sens_2014-07-03,2014-07-03,2019-07-03,true,true,"{""*"": 6, ""ACWX"": 3, ""AGG"": 1, ""BIL"": 1, ""BND"": 1.5, ""BTAL"": 6, ""DBC"": 3, ""DBMF"": 3, ""EEM"": 1, ""EFA"": 1, ""IEF"": 1, ""IWM"": 1, ""KMLM"": 6, ""LQD"": 1.5, ""QQQ"": 1, ""SCZ"": 5, ""SHY"": 1, ""SPY"": 0.7, ""TIP"": 2, ""TLT"": 1, ""TQQQ"": 1.5, ""VEA"": 1.5, ""VEU"": 2, ""VNQ"": 1.5, ""VTI"": 1, ""VWO"": 2}",0.03000000,tests/data/2026-08-24-net15,,,0.00437642,0.01525139,0.00437770,0.01525306,56955.48498840,40000.00000000,16955.48498840,0.42388712,0.10378685,0.11493801,0.80901358,0.13324510,1.13249979,0.53398664,-0.19436226,204,2017,0.21277693,2018,-0.04797647,39764.95617225,2.78354693,0.13182634,0.00006959,,,,,,,,,0.99562230,0.98474694,,,,,,,,
ROT SPY+IWM+VEA+VWO+VNQ+DBC+IEF+TLT top3 1-3-6-12U can TIP/1 fb best(BIL+IEF),sens,sens_2015-01-05,2015-01-05,2020-01-03,false,true,"{""*"": 6, ""ACWX"": 3, ""AGG"": 1, ""BIL"": 1, ""BND"": 1.5, ""BTAL"": 6, ""DBC"": 3, ""DBMF"": 3, ""EEM"": 1, ""EFA"": 1, ""IEF"": 1, ""IWM"": 1, ""KMLM"": 6, ""LQD"": 1.5, ""QQQ"": 1, ""SCZ"": 5, ""SHY"": 1, ""SPY"": 0.7, ""TIP"": 2, ""TLT"": 1, ""TQQQ"": 1.5, ""VEA"": 1.5, ""VEU"": 2, ""VNQ"": 1.5, ""VTI"": 1, ""VWO"": 2}",0.03000000,tests/data/2026-08-24-net15,3,1-3-6-12U,0.00494499,0.01845515,0.00326041,0.00867790,47750.08699924,40000.00000000,7750.08699924,0.19375217,0.04574481,0.05730314,0.56605878,0.08553081,0.76672071,0.39709479,-0.11519872,550,2016,0.09399646,2015,-0.06733743,1419167.35819639,173.52870487,5.26352351,0.00433822,0.18007066,0.00000000,0.02730906,0.00000000,0.20693610,0.00000000,0.09227590,0.00000000,0.13471562,0.00000000,0.10308908,0.00000000,0.04910964,0.00000000,0.11976318,0.00000000,0.08173346,0.00000000
ROT SPY+IWM+VEA+VWO+VNQ+DBC+IEF+TLT top3 13612W can TIP/1 fb best(BIL+IEF),sens,sens_2015-01-05,2015-01-05,2020-01-03,false,true,"{""*"": 6, ""ACWX"": 3, ""AGG"": 1, ""BIL"": 1, ""BND"": 1.5, ""BTAL"": 6, ""DBC"": 3, ""DBMF"": 3, ""EEM"": 1, ""EFA"": 1, ""IEF"": 1, ""IWM"": 1, ""KMLM"": 6, ""LQD"": 1.5, ""QQQ"": 1, ""SCZ"": 5, ""SHY"": 1, ""SPY"": 0.7, ""TIP"": 2, ""TLT"": 1, ""TQQQ"": 1.5, ""VEA"": 1.5, ""VEU"": 2, ""VNQ"": 1.5, ""VTI"": 1, ""VWO"": 2}",0.03000000,tests/data/2026-08-24-net15,3,13612W,0.00450035,0.01758668,0.00348846,0.00864568,48216.15849375,40000.00000000,8216.15849375,0.20540396,0.04437975,0.06046052,0.56893310,0.08231844,0.78823560,0.36823704,-0.12051953,920,2018,0.11138626,2015,-0.06934428,2009559.86699699,253.18044478,7.48320211,0.00632951,0.23445757,0.00000000,0.05460295,0.00000000,0.16873573,0.00000000,0.10305842,0.00000000,0.11331914,0.00000000,0.06505020,0.00000000,0.05453453,0.00000000,0.09257081,0.00000000,0.10909534,0.00000000
ROT SPY+IWM+VEA+VWO+VNQ+DBC+IEF+TLT top3 12M can TIP/1 fb best(BIL+IEF),sens,sens_2015-01-05,2015-01-05,2020-01-03,false,true,"{""*"": 6, ""ACWX"": 3, ""AGG"": 1, ""BIL"": 1, ""BND"": 1.5, ""BTAL"": 6, ""DBC"": 3, ""DBMF"": 3, ""EEM"": 1, ""EFA"": 1, ""IEF"": 1, ""IWM"": 1, ""KMLM"": 6, ""LQD"": 1.5, ""QQQ"": 1, ""SCZ"": 5, ""SHY"": 1, ""SPY"": 0.7, ""TIP"": 2, ""TLT"": 1, ""TQQQ"": 1.5, ""VEA"": 1.5, ""VEU"": 2, ""VNQ"": 1.5, ""VTI"": 1, ""VWO"": 2}",0.03000000,tests/data/2026-08-24-net15,3,12M,0.00497869,0.02496971,0.00334680,0.01329621,47465.64065455,40000.00000000,7465.64065455,0.18664102,0.04892523,0.05536184,0.60742740,0.08457571,0.81347836,0.41567004,-0.11770208,517,2017,0.10933216,2015,-0.01156828,1075057.05709443,121.88993932,3.96660951,0.00304725,0.16369861,0.00000000,0.03275341,0.00000000,0.22877124,0.00000000,0.07606077,0.00000000,0.14010550,0.00000000,0.11388737,0.00000000,0.02726134,0.00000000,0.13612235,0.00000000,0.07632674,0.00000000
ROT SPY+IWM+VEA+VWO+VNQ+DBC+IEF+TLT top4 1-3-6-12U can TIP/1 fb best(BIL+IEF),sens,sens_2015-01-05,2015-01-05,2020-01-03,false,true,"{""*"": 6, ""ACWX"": 3, ""AGG"": 1, ""BIL"": 1, ""BND"": 1.5, ""BTAL"": 6, ""DBC"": 3, ""DBMF"": 3, ""EEM"": 1, ""EFA"": 1, ""IEF"": 1, ""IWM"": 1, ""KMLM"": 6, ""LQD"": 1.5, ""QQQ"": 1, ""SCZ"": 5, ""SHY"": 1, ""SPY"": 0.7, ""TIP"": 2, ""TLT"": 1, ""TQQQ"": 1.5, ""VEA"": 1.5, ""VEU"": 2, ""VNQ"": 1.5, ""VTI"": 1, ""VWO"": 2}",0.03000000,tests/data/2026-08-24-net15,4,1-3-6-12U,0.00594358,0.02463483,0.00349904,0.01284459,49331.86342160,40000.00000000,9331.86342160,0.23329659,0.05991642,0.06790342,0.78088072,0.07850935,1.06433441,0.61309067,-0.09772849,392,2017,0.11776533,2015,-0.03691273,1340474.82952566,168.95057636,4.80049606,0.00422376,0.18002418,0.00000000,0.04094248,0.00000000,0.22048324,0.00000000,0.10158647,0.00000000,0.13298275,0.00000000,0.08523639,0.00000000,0.05723623,0.00000000,0.09781673,0.00000000,0.07769953,0.00000000
ROT SPY+IWM+VEA+VWO+VNQ+DBC+IEF+TLT top4 13612W can TIP/1 fb best(BIL+IEF),sens,sens_2015-01-05,2015-01-05,2020-01-03,false,true,"{""*"": 6, ""ACWX"": 3, ""AGG"": 1, ""BIL"": 1, ""BND"": 1.5, ""BTAL"": 6, ""DBC"": 3, ""DBMF"": 3, ""EEM"": 1, ""EFA"": 1, ""IEF"": 1, ""IWM"": 1, ""KMLM"": 6, ""LQD"": 1.5, ""QQQ"": 1, ""SCZ"": 5, ""SHY"": 1, ""SPY"": 0.7, ""TIP"": 2, ""TLT"": 1, ""TQQQ"": 1.5, ""VEA"": 1.5, ""VEU"": 2, ""VNQ"": 1.5, ""VTI"": 1, ""VWO"": 2}",0.03000000,tests/data/2026-08-24-net15,4,13612W,0.00526045,0.02335091,0.00329429,0.00918695,48393.28599753,40000.00000000,8393.28599753,0.20983215,0.04486640,0.06165291,0.62397306,0.07486439,0.86461243,0.41875325,-0.10714280,951,2017,0.09323665,2015,-0.06306767,1798352.60530779,229.67915770,6.74675048,0.00574198,0.23730639,0.00000000,0.06141195,0.00000000,0.18389174,0.00000000,0.08914351,0.00000000,0.10882125,0.00000000,0.06895115,0.00000000,0.06952868,0.00000000,0.07344232,0.00000000,0.10217286,0.00000000
ROT SPY+IWM+VEA+VWO+VNQ+DBC+IEF+TLT top4 12M can TIP/1 fb best(BIL+IEF),sens,sens_2015-01-05,2015-01-05,2020-01-03,false,true,"{""*"": 6, ""ACWX"": 3, ""AGG"": 1, ""BIL"": 1, ""BND"": 1.5, ""BTAL"": 6, ""DBC"": 3, ""DBMF"": 3, ""EEM"": 1, ""EFA"": 1, ""IEF"": 1, ""IWM"": 1, ""KMLM"": 6, ""LQD"": 1.5, ""QQQ"": 1, ""SCZ"": 5, ""SHY"": 1, ""SPY"": 0.7, ""TIP"": 2, ""TLT"": 1, ""TQQQ"": 1.5, ""VEA"": 1.5, ""VEU"": 2, ""VNQ"": 1.5, ""VTI"": 1, ""VWO"": 2}",0.03000000,tests/data/2026-08-24-net15,4,12M,0.00700650,0.02819461,0.00414413,0.01531656,48377.99902126,40000.00000000,8377.99902126,0.20944998,0.05244404,0.06155016,0.69393303,0.07810091,0.92810867,0.52613135,-0.09967861,497,2019,0.11230671,2015,-0.02320680,941776.73361324,111.53737177,3.47029142,0.00278843,0.16375576,0.00000000,0.03684441,0.00000000,0.24872048,0.00000000,0.07707669,0.00000000,0.15689354,0.00000000,0.08925033,0.00000000,0.04498262,0.00000000,0.10189891,0.00000000,0.07353800,0.00000000
ROT SPY+IWM+VEA+VWO+VNQ+DBC+IEF+TLT top5 1-3-6-12U can TIP/1 fb best(BIL+IEF),sens,sens_2015-01-05,2015-01-05,2020-01-03,false,true,"{""*"": 6, ""ACWX"": 3, ""AGG"": 1, ""BIL"": 1, ""BND"": 1.5, ""BTAL"": 6, ""DBC"": 3, ""DBMF"": 3, ""EEM"": 1, ""EFA"": 1, ""IEF"": 1, ""IWM"": 1, ""KMLM"": 6, ""LQD"": 1.5, ""QQQ"": 1, ""SCZ"": 5, ""SHY"": 1, ""SPY"": 0.7, ""TIP"": 2, ""TLT"": 1, ""TQQQ"": 1.5, ""VEA"": 1.5, ""VEU"": 2, ""VNQ"": 1.5, ""VTI"": 1, ""VWO"": 2}",0.03000000,tests/data/2026-08-24-net15,5,1-3-6-12U,0.00721690,0.02582731,0.00370022,0.01137370,48192.10847550,40000.00000000,8192.10847550,0.20480271,0.05498910,0.06029830,0.77852721,0.07213848,1.06176396,0.61028632,-0.09010376,426,2017,0.09913690,2015,-0.01581659,1294547.01911584,159.14333922,4.70572939,0.00397858,0.18332545,0.00000000,0.04584304,0.00000000,0.22524139,0.00000000,0.10358643,0.00000000,0.12522783,0.00000000,0.08418758,0.00000000,0.06538657,0.00000000,0.09126030,0.00000000,0.06867879,0.00000000
ROT SPY+IWM+VEA+VWO+VNQ+DBC+IEF+TLT top5 13612W can TIP/1 fb best(BIL+IEF),sens,sens_2015-01-05,2015-01-05,2020-01-03,false,true,"{""*"": 6, ""ACWX"": 3, ""AGG"": 1, ""BIL"": 1, ""BND"": 1.5, ""BTAL"": 6, ""DBC"": 3, ""DBMF"": 3, ""EEM"": 1, ""EFA"": 1, ""IEF"": 1, ""IWM"": 1, ""KMLM"": 6, ""LQD"": 1.5, ""QQQ"": 1, ""SCZ"": 5, ""SHY"": 1, ""SPY"": 0.7, ""TIP"": 2, ""TLT"": 1, ""TQQQ"": 1.5, ""VEA"": 1.5, ""VEU"": 2, ""VNQ"": 1.5, ""VTI"": 1, ""VWO"": 2}",0.03000000,tests/data/2026-08-24-net15,5,13612W,0.00623386,0.02329901,0.00357606,0.00951513,47892.36983096,40000.00000000,7892.36983096,0.19730925,0.04585253,0.05827010,0.68109723,0.06939022,0.94947394,0.54928600,-0.08347659,557,2018,0.07681850,2015,-0.04000977,1703825.62947888,215.86722343,6.36736935,0.00539668,0.24209177,0.00000000,0.05566384,0.00000000,0.20586870,0.00000000,0.08393634,0.00000000,0.09973814,0.00000000,0.06800107,0.00000000,0.07840889,0.00000000,0.07826170,0.00000000,0.08173006,0.00000000
ROT SPY+IWM+VEA+VWO+VNQ+DBC+IEF+TLT top5 12M can TIP/1 fb best(BIL+IEF),sens,sens_2015-01-05,2015-01-05,2020-01-03,false,true,"{""*"": 6, ""ACWX"": 3, ""AGG"": 1, ""BIL"": 1, ""BND"": 1.5, ""BTAL"": 6, ""DBC"": 3, ""DBMF"": 3, ""EEM"": 1, ""EFA"": 1, ""IEF"": 1, ""IWM"": 1, ""KMLM"": 6, ""LQD"": 1.5, ""QQQ"": 1, ""SCZ"": 5, ""SHY"": 1, ""SPY"": 0.7, ""TIP"": 2, ""TLT"": 1, ""TQQQ"": 1.5, ""VEA"": 1.5, ""VEU"": 2, ""VNQ"": 1.5, ""VTI"": 1, ""VWO"": 2}",0.03000000,tests/data/2026-08-24-net15,5,12M,0.00717212,0.02557657,0.00390824,0.01137370,48579.63773427,40000.00000000,8579.63773427,0.21449094,0.05651691,0.06290297,0.78606781,0.07340696,1.06256945,0.62818442,-0.08996866,507,2019,0.11146915,2015,-0.01126955,993993.95036733,127.65024942,3.62220321,0.00319126,0.16374393,0.00000000,0.03931202,0.00000000,0.26446580,0.00000000,0.08429663,0.00000000,0.12489051,0.00000000,0.08109200,0.00000000,0.05234282,0.00000000,0.10097381,0.00000000,0.08167537,0.00000000
SPY12.5/IWM12.5/VEA12.5/VWO12.5/VNQ12.5/DBC12.5/IEF12.5/TLT12.5,sens,sens_2015-01-05,2015-01-05,2020-01-03,true,true,"{""*"": 6, ""ACWX"": 3, ""AGG"": 1, ""BIL"": 1, ""BND"": 1.5, ""BTAL"": 6, ""DBC"": 3, ""DBMF"": 3, ""EEM"": 1, ""EFA"": 1, ""IEF"": 1, ""IWM"": 1, ""KMLM"": 6, ""LQD"": 1.5, ""QQQ"": 1, ""SCZ"": 5, ""SHY"": 1, ""SPY"": 0.7, ""TIP"": 2, ""TLT"": 1, ""TQQQ"": 1.5, ""VEA"": 1.5, ""VEU"": 2, ""VNQ"": 1.5, ""VTI"": 1, ""VWO"": 2}",0.03000000,tests/data/2026-08-24-net15,,,0.01451502,0.02907121,0.00543040,0.01476517,49278.71749742,40000.00000000,9278.71749742,0.23196794,0.05693432,0.06755250,0.69215744,0.08529528,0.96763485,0.35588582,-0.15997918,479,2019,0.20089817,2018,-0.07837108,53300.93269244,7.92226313,0.19517209,0.00019806,,,0.12473370,0.12411454,0.12295976,0.11810212,0.12258296,0.11840054,0.12008951,0.11023483,0.12289427,0.11805652,0.12424447,0.12258039,0.12364032,0.12097585,0.12433670,0.12283608
ROT SPY top1 1-3-6-12U can TIP/1 fb best(BIL+IEF),sens,sens_2015-01-05,2015-01-05,2020-01-03,true,true,"{""*"": 6, ""ACWX"": 3, ""AGG"": 1, ""BIL"": 1, ""BND"": 1.5, ""BTAL"": 6, ""DBC"": 3, ""DBMF"": 3, ""EEM"": 1, ""EFA"": 1, ""IEF"": 1, ""IWM"": 1, ""KMLM"": 6, ""LQD"": 1.5, ""QQQ"": 1, ""SCZ"": 5, ""SHY"": 1, ""SPY"": 0.7, ""TIP"": 2, ""TLT"": 1, ""TQQQ"": 1.5, ""VEA"": 1.5, ""VEU"": 2, ""VNQ"": 1.5, ""VTI"": 1, ""VWO"": 2}",0.03000000,tests/data/2026-08-24-net15,,,0.00324001,0.01320083,0.00326804,0.01320188,58187.83259011,40000.00000000,18187.83259011,0.45469581,0.11352426,0.12194516,1.21369742,0.09215688,1.69043544,1.12862771,-0.10058610,180,2019,0.15346644,2020,0.00170685,1242302.01245405,107.45404201,4.06311878,0.00268635,0.18016876,0.00000000,,,0.17984608,0.00000000,,,0.63671712,0.00000000,,,,,,,,
SPY benchmark,sens,sens_2015-01-05,2015-01-05,2020-01-03,true,true,"{""*"": 6, ""ACWX"": 3, ""AGG"": 1, ""BIL"": 1, ""BND"": 1.5, ""BTAL"": 6, ""DBC"": 3, ""DBMF"": 3, ""EEM"": 1, ""EFA"": 1, ""IEF"": 1, ""IWM"": 1, ""KMLM"": 6, ""LQD"": 1.5, ""QQQ"": 1, ""SCZ"": 5, ""SHY"": 1, ""SPY"": 0.7, ""TIP"": 2, ""TLT"": 1, ""TQQQ"": 1.5, ""VEA"": 1.5, ""VEU"": 2, ""VNQ"": 1.5, ""VTI"": 1, ""VWO"": 2}",0.03000000,tests/data/2026-08-24-net15,,,0.00382762,0.01320083,0.00382889,0.01320188,59441.27275406,40000.00000000,19441.27275406,0.48603182,0.11686189,0.12896707,0.89463541,0.13360211,1.24787435,0.60289987,-0.19383301,204,2019,0.30821065,2018,-0.04793330,39874.05988105,2.79118419,0.12963557,0.00006978,,,,,,,,,0.99617111,0.98679812,,,,,,,,
ROT SPY+IWM+VEA+VWO+VNQ+DBC+IEF+TLT top3 1-3-6-12U can TIP/1 fb best(BIL+IEF),sens,sens_2015-07-06,2015-07-06,2020-07-02,false,true,"{""*"": 6, ""ACWX"": 3, ""AGG"": 1, ""BIL"": 1, ""BND"": 1.5, ""BTAL"": 6, ""DBC"": 3, ""DBMF"": 3, ""EEM"": 1, ""EFA"": 1, ""IEF"": 1, ""IWM"": 1, ""KMLM"": 6, ""LQD"": 1.5, ""QQQ"": 1, ""SCZ"": 5, ""SHY"": 1, ""SPY"": 0.7, ""TIP"": 2, ""TLT"": 1, ""TQQQ"": 1.5, ""VEA"": 1.5, ""VEU"": 2, ""VNQ"": 1.5, ""VTI"": 1, ""VWO"": 2}",0.03000000,tests/data/2026-08-24-net15,3,1-3-6-12U,0.00479167,0.01188360,0.00322625,0.00766065,48461.98051598,40000.00000000,8461.98051598,0.21154951,0.06307140,0.06219568,0.69464832,0.09447629,0.95508765,0.57341820,-0.10999197,,2016,0.09394274,2015,-0.00038555,1363404.28104107,166.36885421,4.85373296,0.00415922,0.18003012,0.00000000,0.02729269,0.00000000,0.22331143,0.00000000,0.08673642,0.00000000,0.14032295,0.00000000,0.11400110,0.00000000,0.04360926,0.00000000,0.10346558,0.00000000,0.07639036,0.00000000
ROT SPY+IWM+VEA+VWO+VNQ+DBC+IEF+TLT top3 13612W can TIP/1 fb best(BIL+IEF),sens,sens_2015-07-06,2015-07-06,2020-07-02,false,true,"{""*"": 6, ""ACWX"": 3, ""AGG"": 1, ""BIL"": 1, ""BND"": 1.5, ""BTAL"": 6, ""DBC"": 3, ""DBMF"": 3, ""EEM"": 1, ""EFA"": 1, ""IEF"": 1, ""IWM"": 1, ""KMLM"": 6, ""LQD"": 1.5, ""QQQ"": 1, ""SCZ"": 5, ""SHY"": 1, ""SPY"": 0.7, ""TIP"": 2, ""TLT"": 1, ""TQQQ"": 1.5, ""VEA"": 1.5, ""VEU"": 2, ""VNQ"": 1.5, ""VTI"": 1, ""VWO"": 2}",0.03000000,tests/data/2026-08-24-net15,3,13612W,0.00455439,0.01292650,0.00330176,0.00788996,49851.96963053,40000.00000000,9851.96963053,0.24629924,0.06676747,0.07141222,0.75259723,0.09142843,1.06634951,0.76570455,-0.08719744,144,2018,0.11181787,2015,0.00421322,1978754.17760225,249.27758750,7.03213196,0.00623194,0.21810915,0.00000000,0.05458505,0.00000000,0.17427008,0.00000000,0.10295950,0.00000000,0.12954027,0.00000000,0.07597296,0.00000000,0.04908256,0.00000000,0.08174841,0.00000000,0.10910761,0.00000000
ROT SPY+IWM+VEA+VWO+VNQ+DBC+IEF+TLT top3 12M can TIP/1 fb best(BIL+IEF),sens,sens_2015-07-06,2015-07-06,2020-07-02,false,true,"{""*"": 6, ""ACWX"": 3, ""AGG"": 1, ""BIL"": 1, ""BND"": 1.5, ""BTAL"": 6, ""DBC"": 3, ""DBMF"": 3, ""EEM"": 1, ""EFA"": 1, ""IEF"": 1, ""IWM"": 1, ""KMLM"": 6, ""LQD"": 1.5, ""QQQ"": 1, ""SCZ"": 5, ""SHY"": 1, ""SPY"": 0.7, ""TIP"": 2, ""TLT"": 1, ""TQQQ"": 1.5, ""VEA"": 1.5, ""VEU"": 2, ""VNQ"": 1.5, ""VTI"": 1, ""VWO"": 2}",0.03000000,tests/data/2026-08-24-net15,3,12M,0.00443552,0.01301818,0.00303285,0.00775382,46368.52632406,40000.00000000,6368.52632406,0.15921316,0.05037906,0.04783271,0.58878850,0.09044591,0.77214399,0.34245539,-0.14711130,,2017,0.10952703,2020,-0.01598776,1062967.05100123,118.85748766,3.85293252,0.00297144,0.16371773,0.00000000,0.03275005,0.00000000,0.24504183,0.00000000,0.07587889,0.00000000,0.14058219,0.00000000,0.11945604,0.00000000,0.02729702,0.00000000,0.11445198,0.00000000,0.07635450,0.00000000
ROT SPY+IWM+VEA+VWO+VNQ+DBC+IEF+TLT top4 1-3-6-12U can TIP/1 fb best(BIL+IEF),sens,sens_2015-07-06,2015-07-06,2020-07-02,false,true,"{""*"": 6, ""ACWX"": 3, ""AGG"": 1, ""BIL"": 1, ""BND"": 1.5, ""BTAL"": 6, ""DBC"": 3, ""DBMF"": 3, ""EEM"": 1, ""EFA"": 1, ""IEF"": 1, ""IWM"": 1, ""KMLM"": 6, ""LQD"": 1.5, ""QQQ"": 1, ""SCZ"": 5, ""SHY"": 1, ""SPY"": 0.7, ""TIP"": 2, ""TLT"": 1, ""TQQQ"": 1.5, ""VEA"": 1.5, ""VEU"": 2, ""VNQ"": 1.5, ""VTI"": 1, ""VWO"": 2}",0.03000000,tests/data/2026-08-24-net15,4,1-3-6-12U,0.00542854,0.01296830,0.00347812,0.00813661,50360.93155917,40000.00000000,10360.93155917,0.25902329,0.07460188,0.07472659,0.88343443,0.08559218,1.22221007,0.76840323,-0.09708689,342,2017,0.11760844,2015,-0.00038555,1297994.74233861,163.84043290,4.51275987,0.00409601,0.18013317,0.00000000,0.04093798,0.00000000,0.24502005,0.00000000,0.08527001,0.00000000,0.13303868,0.00000000,0.09361319,0.00000000,0.05318796,0.00000000,0.08566322,0.00000000,0.07766150,0.00000000
ROT SPY+IWM+VEA+VWO+VNQ+DBC+IEF+TLT top4 13612W can TIP/1 fb best(BIL+IEF),sens,sens_2015-07-06,2015-07-06,2020-07-02,false,true,"{""*"": 6, ""ACWX"": 3, ""AGG"": 1, ""BIL"": 1, ""BND"": 1.5, ""BTAL"": 6, ""DBC"": 3, ""DBMF"": 3, ""EEM"": 1, ""EFA"": 1, ""IEF"": 1, ""IWM"": 1, ""KMLM"": 6, ""LQD"": 1.5, ""QQQ"": 1, ""SCZ"": 5, ""SHY"": 1, ""SPY"": 0.7, ""TIP"": 2, ""TLT"": 1, ""TQQQ"": 1.5, ""VEA"": 1.5, ""VEU"": 2, ""VNQ"": 1.5, ""VTI"": 1, ""VWO"": 2}",0.03000000,tests/data/2026-08-24-net15,4,13612W,0.00548914,0.01459968,0.00357497,0.00874264,50243.98756751,40000.00000000,10243.98756751,0.25609969,0.06693940,0.07396785,0.79019998,0.08675713,1.10781114,0.69102200,-0.09687015,138,2017,0.09326917,2015,0.00421322,1787006.30135529,227.65437306,6.40951618,0.00569136,0.22091046,0.00000000,0.05732358,0.00000000,0.17968217,0.00000000,0.09721597,0.00000000,0.12091846,0.00000000,0.07738042,0.00000000,0.06951359,0.00000000,0.06930395,0.00000000,0.10219749,0.00000000
ROT SPY+IWM+VEA+VWO+VNQ+DBC+IEF+TLT top4 12M can TIP/1 fb best(BIL+IEF),sens,sens_2015-07-06,2015-07-06,2020-07-02,false,true,"{""*"": 6, ""ACWX"": 3, ""AGG"": 1, ""BIL"": 1, ""BND"": 1.5, ""BTAL"": 6, ""DBC"": 3, ""DBMF"": 3, ""EEM"": 1, ""EFA"": 1, ""IEF"": 1, ""IWM"": 1, ""KMLM"": 6, ""LQD"": 1.5, ""QQQ"": 1, ""SCZ"": 5, ""SHY"": 1, ""SPY"": 0.7, ""TIP"": 2, ""TLT"": 1, ""TQQQ"": 1.5, ""VEA"": 1.5, ""VEU"": 2, ""VNQ"": 1.5, ""VTI"": 1, ""VWO"": 2}",0.03000000,tests/data/2026-08-24-net15,4,12M,0.00580047,0.01545088,0.00366740,0.00914228,45382.49005951,40000.00000000,5382.49005951,0.13456225,0.04716780,0.04085355,0.55009781,0.09142690,0.70438837,0.26758441,-0.17627261,,2019,0.11239792,2020,-0.05884761,925604.09807764,107.47259886,3.33919146,0.00268681,0.16364816,0.00000000,0.03685182,0.00000000,0.26534111,0.00000000,0.07712451,0.00000000,0.15750692,0.00000000,0.09357304,0.00000000,0.04496610,0.00000000,0.08975331,0.00000000,0.06540336,0.00000000
ROT SPY+IWM+VEA+VWO+VNQ+DBC+IEF+TLT top5 1-3-6-12U can TIP/1 fb best(BIL+IEF),sens,sens_2015-07-06,2015-07-06,2020-07-02,false,true,"{""*"": 6, ""ACWX"": 3, ""AGG"": 1, ""BIL"": 1, ""BND"": 1.5, ""BTAL"": 6, ""DBC"": 3, ""DBMF"": 3, ""EEM"": 1, ""EFA"": 1, ""IEF"": 1, ""IWM"": 1, ""KMLM"": 6, ""LQD"": 1.5, ""QQQ"": 1, ""SCZ"": 5, ""SHY"": 1, ""SPY"": 0.7, ""TIP"": 2, ""TLT"": 1, ""TQQQ"": 1.5, ""VEA"": 1.5, ""VEU"": 2, ""VNQ"": 1.5, ""VTI"": 1, ""VWO"": 2}",0.03000000,tests/data/2026-08-24-net15,5,1-3-6-12U,0.00731909,0.02360818,0.00392017,0.01082667,48472.32839311,40000.00000000,8472.32839311,0.21180821,0.06238126,0.06226521,0.79941112,0.07966527,1.10231014,0.69530205,-0.08971822,426,2017,0.09902310,2015,-0.00038555,1249308.37547269,152.83239950,4.45822760,0.00382081,0.18330617,0.00000000,0.04583585,0.00000000,0.24820049,0.00000000,0.09063917,0.00000000,0.12177594,0.00000000,0.08743387,0.00000000,0.06537573,0.00000000,0.08141398,0.00000000,0.06865550,0.00000000
ROT SPY+IWM+VEA+VWO+VNQ+DBC+IEF+TLT top5 13612W can TIP/1 fb best(BIL+IEF),sens,sens_2015-07-06,2015-07-06,2020-07-02,false,true,"{""*"": 6, ""ACWX"": 3, ""AGG"": 1, ""BIL"": 1, ""BND"": 1.5, ""BTAL"": 6, ""DBC"": 3, ""DBMF"": 3, ""EEM"": 1, ""EFA"": 1, ""IEF"": 1, ""IWM"": 1, ""KMLM"": 6, ""LQD"": 1.5, ""QQQ"": 1, ""SCZ"": 5, ""SHY"": 1, ""SPY"": 0.7, ""TIP"": 2, ""TLT"": 1, ""TQQQ"": 1.5, ""VEA"": 1.5, ""VEU"": 2, ""VNQ"": 1.5, ""VTI"": 1, ""VWO"": 2}",0.03000000,tests/data/2026-08-24-net15,5,13612W,0.00619361,0.01580544,0.00353824,0.00903383,49773.68390867,40000.00000000,9773.68390867,0.24434210,0.06435213,0.07089960,0.81129172,0.08090464,1.13625650,0.77549954,-0.08298152,131,2017,0.07701514,2015,0.00421322,1655002.27234137,209.72324425,5.98126678,0.00524308,0.22587246,0.00000000,0.05238949,0.00000000,0.20569814,0.00000000,0.08731304,0.00000000,0.10921937,0.00000000,0.07806937,0.00000000,0.07849528,0.00000000,0.07494306,0.00000000,0.08174512,0.00000000
ROT SPY+IWM+VEA+VWO+VNQ+DBC+IEF+TLT top5 12M can TIP/1 fb best(BIL+IEF),sens,sens_2015-07-06,2015-07-06,2020-07-02,false,true,"{""*"": 6, ""ACWX"": 3, ""AGG"": 1, ""BIL"": 1, ""BND"": 1.5, ""BTAL"": 6, ""DBC"": 3, ""DBMF"": 3, ""EEM"": 1, ""EFA"": 1, ""IEF"": 1, ""IWM"": 1, ""KMLM"": 6, ""LQD"": 1.5, ""QQQ"": 1, ""SCZ"": 5, ""SHY"": 1, ""SPY"": 0.7, ""TIP"": 2, ""TLT"": 1, ""TQQQ"": 1.5, ""VEA"": 1.5, ""VEU"": 2, ""VNQ"": 1.5, ""VTI"": 1, ""VWO"": 2}",0.03000000,tests/data/2026-08-24-net15,5,12M,0.00650765,0.02035253,0.00365727,0.00929332,43230.17608400,40000.00000000,3230.17608400,0.08075440,0.03807864,0.02510431,0.44626063,0.09365794,0.56328110,0.17758851,-0.21442064,,2019,0.11108003,2020,-0.10434030,979727.43332568,125.29124580,3.53575263,0.00313228,0.16370121,0.00000000,0.03928386,0.00000000,0.28415696,0.00000000,0.07451271,0.00000000,0.12561835,0.00000000,0.08416842,0.00000000,0.05563582,0.00000000,0.09117420,0.00000000,0.07520634,0.00000000
SPY12.5/IWM12.5/VEA12.5/VWO12.5/VNQ12.5/DBC12.5/IEF12.5/TLT12.5,sens,sens_2015-07-06,2015-07-06,2020-07-02,true,true,"{""*"": 6, ""ACWX"": 3, ""AGG"": 1, ""BIL"": 1, ""BND"": 1.5, ""BTAL"": 6, ""DBC"": 3, ""DBMF"": 3, ""EEM"": 1, ""EFA"": 1, ""IEF"": 1, ""IWM"": 1, ""KMLM"": 6, ""LQD"": 1.5, ""QQQ"": 1, ""SCZ"": 5, ""SHY"": 1, ""SPY"": 0.7, ""TIP"": 2, ""TLT"": 1, ""TQQQ"": 1.5, ""VEA"": 1.5, ""VEU"": 2, ""VNQ"": 1.5, ""VTI"": 1, ""VWO"": 2}",0.03000000,tests/data/2026-08-24-net15,,,0.01385280,0.03077365,0.00546324,0.01224716,46301.16426853,40000.00000000,6301.16426853,0.15752911,0.04546200,0.04736043,0.43215976,0.11955270,0.56389097,0.18254865,-0.24904044,,2019,0.19996751,2018,-0.07823676,58736.35740308,8.66278414,0.21405983,0.00021657,,,0.12469724,0.12361380,0.12307535,0.11784030,0.12268425,0.11617002,0.12036222,0.11275284,0.12282203,0.11677378,0.12436077,0.12228267,0.12383406,0.12057444,0.12430787,0.12243971
ROT SPY top1 1-3-6-12U can TIP/1 fb best(BIL+IEF),sens,sens_2015-07-06,2015-07-06,2020-07-02,true,true,"{""*"": 6, ""ACWX"": 3, ""AGG"": 1, ""BIL"": 1, ""BND"": 1.5, ""BTAL"": 6, ""DBC"": 3, ""DBMF"": 3, ""EEM"": 1, ""EFA"": 1, ""IEF"": 1, ""IWM"": 1, ""KMLM"": 6, ""LQD"": 1.5, ""QQQ"": 1, ""SCZ"": 5, ""SHY"": 1, ""SPY"": 0.7, ""TIP"": 2, ""TLT"": 1, ""TQQQ"": 1.5, ""VEA"": 1.5, ""VEU"": 2, ""VNQ"": 1.5, ""VTI"": 1, ""VWO"": 2}",0.03000000,tests/data/2026-08-24-net15,,,0.00334009,0.00895699,0.00336813,0.00895775,57449.21798606,40000.00000000,17449.21798606,0.43623045,0.11316933,0.11789281,1.06396800,0.10608948,1.41795932,0.84294924,-0.13425403,107,2019,0.15357205,2015,-0.00038555,1247212.26470644,107.54986202,4.03805370,0.00268875,0.18011013,0.00000000,,,0.19623066,0.00000000,,,0.62029108,0.00000000,,,,,,,,
SPY benchmark,sens,sens_2015-07-06,2015-07-06,2020-07-02,true,true,"{""*"": 6, ""ACWX"": 3, ""AGG"": 1, ""BIL"": 1, ""BND"": 1.5, ""BTAL"": 6, ""DBC"": 3, ""DBMF"": 3, ""EEM"": 1, ""EFA"": 1, ""IEF"": 1, ""IWM"": 1, ""KMLM"": 6, ""LQD"": 1.5, ""QQQ"": 1, ""SCZ"": 5, ""SHY"": 1, ""SPY"": 0.7, ""TIP"": 2, ""TLT"": 1, ""TQQQ"": 1.5, ""VEA"": 1.5, ""VEU"": 2, ""VNQ"": 1.5, ""VTI"": 1, ""VWO"": 2}",0.03000000,tests/data/2026-08-24-net15,,,0.00415058,0.01469591,0.00415184,0.01469694,55750.26941665,40000.00000000,15750.26941665,0.39375674,0.10444333,0.10801829,0.61870231,0.18987379,0.84786384,0.30942092,-0.33754451,,2019,0.30794819,2018,-0.04791782,39865.36701110,2.79057569,0.12904449,0.00006976,,,,,,,,,0.99584816,0.98530306,,,,,,,,
ROT SPY+IWM+VEA+VWO+VNQ+DBC+IEF+TLT top3 1-3-6-12U can TIP/1 fb best(BIL+IEF),sens,sens_2016-01-04,2016-01-04,2020-12-31,false,true,"{""*"": 6, ""ACWX"": 3, ""AGG"": 1, ""BIL"": 1, ""BND"": 1.5, ""BTAL"": 6, ""DBC"": 3, ""DBMF"": 3, ""EEM"": 1, ""EFA"": 1, ""IEF"": 1, ""IWM"": 1, ""KMLM"": 6, ""LQD"": 1.5, ""QQQ"": 1, ""SCZ"": 5, ""SHY"": 1, ""SPY"": 0.7, ""TIP"": 2, ""TLT"": 1, ""TQQQ"": 1.5, ""VEA"": 1.5, ""VEU"": 2, ""VNQ"": 1.5, ""VTI"": 1, ""VWO"": 2}",0.03000000,tests/data/2026-08-24-net15,3,1-3-6-12U,0.00604560,0.01601299,0.00380391,0.00933733,57277.68047633,39500.00000000,17777.68047633,0.45006786,0.10646741,0.11981837,1.03154260,0.10325408,1.44628547,0.97407508,-0.10930103,179,2020,0.24313104,2018,0.04933432,1274095.14963943,156.68904500,4.44710750,0.00396681,0.16637606,0.00000000,0.02774894,0.00000000,0.14371309,0.00000000,0.10455047,0.00000000,0.17009236,0.00000000,0.12137681,0.00000000,0.04988819,0.00000000,0.10489713,0.00000000,0.10526170,0.00000000
ROT SPY+IWM+VEA+VWO+VNQ+DBC+IEF+TLT top3 13612W can TIP/1 fb best(BIL+IEF),sens,sens_2016-01-04,2016-01-04,2020-12-31,false,true,"{""*"": 6, ""ACWX"": 3, ""AGG"": 1, ""BIL"": 1, ""BND"": 1.5, ""BTAL"": 6, ""DBC"": 3, ""DBMF"": 3, ""EEM"": 1, ""EFA"": 1, ""IEF"": 1, ""IWM"": 1, ""KMLM"": 6, ""LQD"": 1.5, ""QQQ"": 1, ""SCZ"": 5, ""SHY"": 1, ""SPY"": 0.7, ""TIP"": 2, ""TLT"": 1, ""TQQQ"": 1.5, ""VEA"": 1.5, ""VEU"": 2, ""VNQ"": 1.5, ""VTI"": 1, ""VWO"": 2}",0.03000000,tests/data/2026-08-24-net15,3,13612W,0.00529943,0.01729981,0.00375057,0.01270006,58340.27083626,39500.00000000,18840.27083626,0.47696888,0.10806804,0.12582820,1.04100103,0.10374691,1.50314139,1.23594736,-0.08743741,144,2020,0.25911614,2016,0.03005315,1870432.22963830,234.29487873,6.48030846,0.00593152,0.18853322,0.00000000,0.05550599,0.00000000,0.11068570,0.00000000,0.12112241,0.00000000,0.15330151,0.00000000,0.08284047,0.00000000,0.06104029,0.00000000,0.08305304,0.00000000,0.13854713,0.00000000
ROT SPY+IWM+VEA+VWO+VNQ+DBC+IEF+TLT top3 12M can TIP/1 fb best(BIL+IEF),sens,sens_2016-01-04,2016-01-04,2020-12-31,false,true,"{""*"": 6, ""ACWX"": 3, ""AGG"": 1, ""BIL"": 1, ""BND"": 1.5, ""BTAL"": 6, ""DBC"": 3, ""DBMF"": 3, ""EEM"": 1, ""EFA"": 1, ""IEF"": 1, ""IWM"": 1, ""KMLM"": 6, ""LQD"": 1.5, ""QQQ"": 1, ""SCZ"": 5, ""SHY"": 1, ""SPY"": 0.7, ""TIP"": 2, ""TLT"": 1, ""TQQQ"": 1.5, ""VEA"": 1.5, ""VEU"": 2, ""VNQ"": 1.5, ""VTI"": 1, ""VWO"": 2}",0.03000000,tests/data/2026-08-24-net15,3,12M,0.00606275,0.01679681,0.00399816,0.01128504,48258.91960142,39500.00000000,8758.91960142,0.22174480,0.06295467,0.06421269,0.70563942,0.09261701,0.92878440,0.42745482,-0.14727796,193,2017,0.10936235,2016,0.01621733,1030370.93866068,118.35445377,3.71601729,0.00299632,0.16634604,0.00000000,0.03329723,0.00000000,0.16027209,0.00000000,0.07706079,0.00000000,0.16987653,0.00000000,0.14904913,0.00000000,0.02769600,0.00000000,0.11605101,0.00000000,0.09425116,0.00000000
ROT SPY+IWM+VEA+VWO+VNQ+DBC+IEF+TLT top4 1-3-6-12U can TIP/1 fb best(BIL+IEF),sens,sens_2016-01-04,2016-01-04,2020-12-31,false,true,"{""*"": 6, ""ACWX"": 3, ""AGG"": 1, ""BIL"": 1, ""BND"": 1.5, ""BTAL"": 6, ""DBC"": 3, ""DBMF"": 3, ""EEM"": 1, ""EFA"": 1, ""IEF"": 1, ""IWM"": 1, ""KMLM"": 6, ""LQD"": 1.5, ""QQQ"": 1, ""SCZ"": 5, ""SHY"": 1, ""SPY"": 0.7, ""TIP"": 2, ""TLT"": 1, ""TQQQ"": 1.5, ""VEA"": 1.5, ""VEU"": 2, ""VNQ"": 1.5, ""VTI"": 1, ""VWO"": 2}",0.03000000,tests/data/2026-08-24-net15,4,1-3-6-12U,0.00732831,0.02287456,0.00449017,0.01135547,56754.26410402,39500.00000000,17254.26410402,0.43681681,0.10822698,0.11682031,1.13709558,0.09428832,1.59008228,1.10852391,-0.09763162,392,2020,0.20920000,2018,0.06120240,1221332.93079332,153.75062098,4.16832870,0.00389242,0.16637123,0.00000000,0.04161763,0.00000000,0.17420862,0.00000000,0.10286436,0.00000000,0.15520033,0.00000000,0.09911320,0.00000000,0.06652528,0.00000000,0.08700361,0.00000000,0.09972086,0.00000000
ROT SPY+IWM+VEA+VWO+VNQ+DBC+IEF+TLT top4 13612W can TIP/1 fb best(BIL+IEF),sens,sens_2016-01-04,2016-01-04,2020-12-31,false,true,"{""*"": 6, ""ACWX"": 3, ""AGG"": 1, ""BIL"": 1, ""BND"": 1.5, ""BTAL"": 6, ""DBC"": 3, ""DBMF"": 3, ""EEM"": 1, ""EFA"": 1, ""IEF"": 1, ""IWM"": 1, ""KMLM"": 6, ""LQD"": 1.5, ""QQQ"": 1, ""SCZ"": 5, ""SHY"": 1, ""SPY"": 0.7, ""TIP"": 2, ""TLT"": 1, ""TQQQ"": 1.5, ""VEA"": 1.5, ""VEU"": 2, ""VNQ"": 1.5, ""VTI"": 1, ""VWO"": 2}",0.03000000,tests/data/2026-08-24-net15,4,13612W,0.00608955,0.01538094,0.00369223,0.01149889,57454.74836797,39500.00000000,17954.74836797,0.45455059,0.10309904,0.12082690,1.05167883,0.09785763,1.49368899,1.06551594,-0.09675974,138,2020,0.23397499,2016,0.03035485,1684483.92706278,219.05618795,5.87584319,0.00554573,0.19543622,0.00000000,0.06244109,0.00000000,0.11627688,0.00000000,0.11533394,0.00000000,0.14343206,0.00000000,0.08264595,0.00000000,0.08313834,0.00000000,0.07046907,0.00000000,0.12467077,0.00000000
ROT SPY+IWM+VEA+VWO+VNQ+DBC+IEF+TLT top4 12M can TIP/1 fb best(BIL+IEF),sens,sens_2016-01-04,2016-01-04,2020-12-31,false,true,"{""*"": 6, ""ACWX"": 3, ""AGG"": 1, ""BIL"": 1, ""BND"": 1.5, ""BTAL"": 6, ""DBC"": 3, ""DBMF"": 3, ""EEM"": 1, ""EFA"": 1, ""IEF"": 1, ""IWM"": 1, ""KMLM"": 6, ""LQD"": 1.5, ""QQQ"": 1, ""SCZ"": 5, ""SHY"": 1, ""SPY"": 0.7, ""TIP"": 2, ""TLT"": 1, ""TQQQ"": 1.5, ""VEA"": 1.5, ""VEU"": 2, ""VNQ"": 1.5, ""VTI"": 1, ""VWO"": 2}",0.03000000,tests/data/2026-08-24-net15,4,12M,0.00737321,0.02293358,0.00440727,0.01136989,48662.61085699,39500.00000000,9162.61085699,0.23196483,0.06603103,0.06690042,0.73454103,0.09296806,0.95000908,0.37427378,-0.17642440,326,2019,0.11236285,2018,0.03245289,857179.16005011,99.82859480,3.08577987,0.00252731,0.16635688,0.00000000,0.03743712,0.00000000,0.18670221,0.00000000,0.08230050,0.00000000,0.18005609,0.00000000,0.11564835,0.00000000,0.04570440,0.00000000,0.09119878,0.00000000,0.08718986,0.00000000
ROT SPY+IWM+VEA+VWO+VNQ+DBC+IEF+TLT top5 1-3-6-12U can TIP/1 fb best(BIL+IEF),sens,sens_2016-01-04,2016-01-04,2020-12-31,false,true,"{""*"": 6, ""ACWX"": 3, ""AGG"": 1, ""BIL"": 1, ""BND"": 1.5, ""BTAL"": 6, ""DBC"": 3, ""DBMF"": 3, ""EEM"": 1, ""EFA"": 1, ""IEF"": 1, ""IWM"": 1, ""KMLM"": 6, ""LQD"": 1.5, ""QQQ"": 1, ""SCZ"": 5, ""SHY"": 1, ""SPY"": 0.7, ""TIP"": 2, ""TLT"": 1, ""TQQQ"": 1.5, ""VEA"": 1.5, ""VEU"": 2, ""VNQ"": 1.5, ""VTI"": 1, ""VWO"": 2}",0.03000000,tests/data/2026-08-24-net15,5,1-3-6-12U,0.00789289,0.02853593,0.00454983,0.01187786,55282.08527586,39500.00000000,15782.08527586,0.39954646,0.09772534,0.10824951,1.10841300,0.08758403,1.55161645,1.08586692,-0.08999753,171,2020,0.20438506,2018,0.03683865,1197022.82852610,150.44418430,4.19435534,0.00380871,0.16963850,0.00000000,0.05324759,0.00000000,0.17583425,0.00000000,0.10540486,0.00000000,0.13985556,0.00000000,0.09572920,0.00000000,0.08314715,0.00000000,0.08280733,0.00000000,0.08639641,0.00000000
ROT SPY+IWM+VEA+VWO+VNQ+DBC+IEF+TLT top5 13612W can TIP/1 fb best(BIL+IEF),sens,sens_2016-01-04,2016-01-04,2020-12-31,false,true,"{""*"": 6, ""ACWX"": 3, ""AGG"": 1, ""BIL"": 1, ""BND"": 1.5, ""BTAL"": 6, ""DBC"": 3, ""DBMF"": 3, ""EEM"": 1, ""EFA"": 1, ""IEF"": 1, ""IWM"": 1, ""KMLM"": 6, ""LQD"": 1.5, ""QQQ"": 1, ""SCZ"": 5, ""SHY"": 1, ""SPY"": 0.7, ""TIP"": 2, ""TLT"": 1, ""TQQQ"": 1.5, ""VEA"": 1.5, ""VEU"": 2, ""VNQ"": 1.5, ""VTI"": 1, ""VWO"": 2}",0.03000000,tests/data/2026-08-24-net15,5,13612W,0.00734355,0.02269982,0.00410272,0.01078118,55951.17344857,39500.00000000,16451.17344857,0.41648540,0.09652652,0.11217055,1.08036009,0.08895844,1.52531422,1.16323612,-0.08298102,131,2020,0.22002848,2016,0.04224776,1556540.51910245,202.50864584,5.47756580,0.00512680,0.20283931,0.00000000,0.06325540,0.00000000,0.14282918,0.00000000,0.10531275,0.00000000,0.12733350,0.00000000,0.08559949,0.00000000,0.08969163,0.00000000,0.07613989,0.00000000,0.09959301,0.00000000
ROT SPY+IWM+VEA+VWO+VNQ+DBC+IEF+TLT top5 12M can TIP/1 fb best(BIL+IEF),sens,sens_2016-01-04,2016-01-04,2020-12-31,false,true,"{""*"": 6, ""ACWX"": 3, ""AGG"": 1, ""BIL"": 1, ""BND"": 1.5, ""BTAL"": 6, ""DBC"": 3, ""DBMF"": 3, ""EEM"": 1, ""EFA"": 1, ""IEF"": 1, ""IWM"": 1, ""KMLM"": 6, ""LQD"": 1.5, ""QQQ"": 1, ""SCZ"": 5, ""SHY"": 1, ""SPY"": 0.7, ""TIP"": 2, ""TLT"": 1, ""TQQQ"": 1.5, ""VEA"": 1.5, ""VEU"": 2, ""VNQ"": 1.5, ""VTI"": 1, ""VWO"": 2}",0.03000000,tests/data/2026-08-24-net15,5,12M,0.00775959,0.02002427,0.00397353,0.01174354,45064.07005714,39500.00000000,5564.07005714,0.14086253,0.05009213,0.04216800,0.56189765,0.09510351,0.71294380,0.23330557,-0.21470610,,2019,0.11091876,2020,-0.03758708,927403.87833280,118.40108056,3.37610935,0.00299750,0.16642391,0.00000000,0.03994380,0.00000000,0.21243043,0.00000000,0.07896789,0.00000000,0.14349239,0.00000000,0.10223572,0.00000000,0.06309699,0.00000000,0.09256337,0.00000000,0.09304936,0.00000000
SPY12.5/IWM12.5/VEA12.5/VWO12.5/VNQ12.5/DBC12.5/IEF12.5/TLT12.5,sens,sens_2016-01-04,2016-01-04,2020-12-31,true,true,"{""*"": 6, ""ACWX"": 3, ""AGG"": 1, ""BIL"": 1, ""BND"": 1.5, ""BTAL"": 6, ""DBC"": 3, ""DBMF"": 3, ""EEM"": 1, ""EFA"": 1, ""IEF"": 1, ""IWM"": 1, ""KMLM"": 6, ""LQD"": 1.5, ""QQQ"": 1, ""SCZ"": 5, ""SHY"": 1, ""SPY"": 0.7, ""TIP"": 2, ""TLT"": 1, ""TQQQ"": 1.5, ""VEA"": 1.5, ""VEU"": 2, ""VNQ"": 1.5, ""VTI"": 1, ""VWO"": 2}",0.03000000,tests/data/2026-08-24-net15,,,0.01410855,0.03098596,0.00525438,0.01157039,52674.92579722,39500.00000000,13174.92579722,0.33354243,0.09036847,0.09254129,0.78815990,0.11880108,1.03901430,0.36392463,-0.24831645,195,2019,0.20078197,2018,-0.07814928,59469.48756290,8.61442980,0.20768661,0.00021809,,,0.12470745,0.12404379,0.12299867,0.11935652,0.12250408,0.11782689,0.12053714,0.11342961,0.12276272,0.11916105,0.12437785,0.12346302,0.12374202,0.12054178,0.12425818,0.12316471
ROT SPY top1 1-3-6-12U can TIP/1 fb best(BIL+IEF),sens,sens_2016-01-04,2016-01-04,2020-12-31,true,true,"{""*"": 6, ""ACWX"": 3, ""AGG"": 1, ""BIL"": 1, ""BND"": 1.5, ""BTAL"": 6, ""DBC"": 3, ""DBMF"": 3, ""EEM"": 1, ""EFA"": 1, ""IEF"": 1, ""IWM"": 1, ""KMLM"": 6, ""LQD"": 1.5, ""QQQ"": 1, ""SCZ"": 5, ""SHY"": 1, ""SPY"": 0.7, ""TIP"": 2, ""TLT"": 1, ""TQQQ"": 1.5, ""VEA"": 1.5, ""VEU"": 2, ""VNQ"": 1.5, ""VTI"": 1, ""VWO"": 2}",0.03000000,tests/data/2026-08-24-net15,,,0.00356537,0.01246632,0.00359215,0.01254877,65832.16810451,39500.00000000,26332.16810451,0.66663717,0.15489399,0.16556692,1.29036869,0.11694201,1.74469430,1.15531489,-0.13407080,107,2020,0.24472138,2018,0.11250651,1082866.95599304,93.06831311,3.37967935,0.00235616,0.16648231,0.00000000,,,0.11637350,0.00000000,,,0.71355205,0.00000000,,,,,,,,
SPY benchmark,sens,sens_2016-01-04,2016-01-04,2020-12-31,true,true,"{""*"": 6, ""ACWX"": 3, ""AGG"": 1, ""BIL"": 1, ""BND"": 1.5, ""BTAL"": 6, ""DBC"": 3, ""DBMF"": 3, ""EEM"": 1, ""EFA"": 1, ""IEF"": 1, ""IWM"": 1, ""KMLM"": 6, ""LQD"": 1.5, ""QQQ"": 1, ""SCZ"": 5, ""SHY"": 1, ""SPY"": 0.7, ""TIP"": 2, ""TLT"": 1, ""TQQQ"": 1.5, ""VEA"": 1.5, ""VEU"": 2, ""VNQ"": 1.5, ""VTI"": 1, ""VWO"": 2}",0.03000000,tests/data/2026-08-24-net15,,,0.00438019,0.01116430,0.00438144,0.01116527,64313.55190754,39500.00000000,24813.55190754,0.62819119,0.15077401,0.15785704,0.84098770,0.18818934,1.15589326,0.44653035,-0.33765679,173,2019,0.30809701,2018,-0.04781253,39443.59218216,2.76105145,0.12267662,0.00006990,,,,,,,,,0.99561856,0.98883473,,,,,,,,
ROT SPY+IWM+VEA+VWO+VNQ+DBC+IEF+TLT top3 1-3-6-12U can TIP/1 fb best(BIL+IEF),sens,sens_2016-07-05,2016-07-05,2021-07-02,false,true,"{""*"": 6, ""ACWX"": 3, ""AGG"": 1, ""BIL"": 1, ""BND"": 1.5, ""BTAL"": 6, ""DBC"": 3, ""DBMF"": 3, ""EEM"": 1, ""EFA"": 1, ""IEF"": 1, ""IWM"": 1, ""KMLM"": 6, ""LQD"": 1.5, ""QQQ"": 1, ""SCZ"": 5, ""SHY"": 1, ""SPY"": 0.7, ""TIP"": 2, ""TLT"": 1, ""TQQQ"": 1.5, ""VEA"": 1.5, ""VEU"": 2, ""VNQ"": 1.5, ""VTI"": 1, ""VWO"": 2}",0.03000000,tests/data/2026-08-24-net15,3,1-3-6-12U,0.00542325,0.01659529,0.00371116,0.01073815,62344.02345959,40000.00000000,22344.02345959,0.55860059,0.11492110,0.14492370,1.02347275,0.11248047,1.43761352,1.04865601,-0.10958894,179,2020,0.24319161,2016,-0.01639694,1216694.55615451,155.12281590,4.20001777,0.00387807,0.16357955,0.00000000,0.05460764,0.00000000,0.09252496,0.00000000,0.14102407,0.00000000,0.17262019,0.00000000,0.09768538,0.00000000,0.05999057,0.00000000,0.09258285,0.00000000,0.11991164,0.00000000
ROT SPY+IWM+VEA+VWO+VNQ+DBC+IEF+TLT top3 13612W can TIP/1 fb best(BIL+IEF),sens,sens_2016-07-05,2016-07-05,2021-07-02,false,true,"{""*"": 6, ""ACWX"": 3, ""AGG"": 1, ""BIL"": 1, ""BND"": 1.5, ""BTAL"": 6, ""DBC"": 3, ""DBMF"": 3, ""EEM"": 1, ""EFA"": 1, ""IEF"": 1, ""IWM"": 1, ""KMLM"": 6, ""LQD"": 1.5, ""QQQ"": 1, ""SCZ"": 5, ""SHY"": 1, ""SPY"": 0.7, ""TIP"": 2, ""TLT"": 1, ""TQQQ"": 1.5, ""VEA"": 1.5, ""VEU"": 2, ""VNQ"": 1.5, ""VTI"": 1, ""VWO"": 2}",0.03000000,tests/data/2026-08-24-net15,3,13612W,0.00511827,0.02320580,0.00349701,0.01430959,62902.61907981,40000.00000000,22902.61907981,0.57256548,0.12205014,0.14788118,1.15167482,0.10475946,1.66971792,1.40365069,-0.08695193,144,2020,0.25974331,2016,-0.02807939,1895797.37674381,246.31779455,6.36635700,0.00615794,0.20165922,0.00000000,0.06550432,0.00000000,0.08723202,0.00000000,0.12979212,0.00000000,0.14580302,0.00000000,0.07049261,0.00000000,0.07091123,0.00000000,0.08716533,0.00000000,0.13625089,0.00000000
ROT SPY+IWM+VEA+VWO+VNQ+DBC+IEF+TLT top3 12M can TIP/1 fb best(BIL+IEF),sens,sens_2016-07-05,2016-07-05,2021-07-02,false,true,"{""*"": 6, ""ACWX"": 3, ""AGG"": 1, ""BIL"": 1, ""BND"": 1.5, ""BTAL"": 6, ""DBC"": 3, ""DBMF"": 3, ""EEM"": 1, ""EFA"": 1, ""IEF"": 1, ""IWM"": 1, ""KMLM"": 6, ""LQD"": 1.5, ""QQQ"": 1, ""SCZ"": 5, ""SHY"": 1, ""SPY"": 0.7, ""TIP"": 2, ""TLT"": 1, ""TQQQ"": 1.5, ""VEA"": 1.5, ""VEU"": 2, ""VNQ"": 1.5, ""VTI"": 1, ""VWO"": 2}",0.03000000,tests/data/2026-08-24-net15,3,12M,0.00647299,0.02069423,0.00405733,0.01011573,52718.79529677,40000.00000000,12718.79529677,0.31796988,0.06745641,0.08969608,0.69025098,0.10214822,0.92320140,0.46018232,-0.14658628,193,2021,0.13848332,2016,-0.08867655,977942.85883415,117.61776234,3.59032238,0.00294044,0.16356469,0.00000000,0.04911167,0.00000000,0.09235846,0.00000000,0.11352044,0.00000000,0.19423849,0.00000000,0.13562095,0.00000000,0.02726398,0.00000000,0.09793336,0.00000000,0.11987610,0.00000000
ROT SPY+IWM+VEA+VWO+VNQ+DBC+IEF+TLT top4 1-3-6-12U can TIP/1 fb best(BIL+IEF),sens,sens_2016-07-05,2016-07-05,2021-07-02,false,true,"{""*"": 6, ""ACWX"": 3, ""AGG"": 1, ""BIL"": 1, ""BND"": 1.5, ""BTAL"": 6, ""DBC"": 3, ""DBMF"": 3, ""EEM"": 1, ""EFA"": 1, ""IEF"": 1, ""IWM"": 1, ""KMLM"": 6, ""LQD"": 1.5, ""QQQ"": 1, ""SCZ"": 5, ""SHY"": 1, ""SPY"": 0.7, ""TIP"": 2, ""TLT"": 1, ""TQQQ"": 1.5, ""VEA"": 1.5, ""VEU"": 2, ""VNQ"": 1.5, ""VTI"": 1, ""VWO"": 2}",0.03000000,tests/data/2026-08-24-net15,4,1-3-6-12U,0.00714522,0.01949031,0.00444603,0.01596703,62368.63044379,40000.00000000,22368.63044379,0.55921576,0.12046530,0.14505450,1.15434136,0.10315507,1.62324342,1.23581108,-0.09747874,392,2020,0.20818598,2016,-0.00670608,1153696.08505269,147.41419875,3.90466339,0.00368535,0.16369360,0.00000000,0.06548444,0.00000000,0.11429410,0.00000000,0.12965337,0.00000000,0.15667882,0.00000000,0.08122803,0.00000000,0.08174604,0.00000000,0.08565519,0.00000000,0.11437399,0.00000000
ROT SPY+IWM+VEA+VWO+VNQ+DBC+IEF+TLT top4 13612W can TIP/1 fb best(BIL+IEF),sens,sens_2016-07-05,2016-07-05,2021-07-02,false,true,"{""*"": 6, ""ACWX"": 3, ""AGG"": 1, ""BIL"": 1, ""BND"": 1.5, ""BTAL"": 6, ""DBC"": 3, ""DBMF"": 3, ""EEM"": 1, ""EFA"": 1, ""IEF"": 1, ""IWM"": 1, ""KMLM"": 6, ""LQD"": 1.5, ""QQQ"": 1, ""SCZ"": 5, ""SHY"": 1, ""SPY"": 0.7, ""TIP"": 2, ""TLT"": 1, ""TQQQ"": 1.5, ""VEA"": 1.5, ""VEU"": 2, ""VNQ"": 1.5, ""VTI"": 1, ""VWO"": 2}",0.03000000,tests/data/2026-08-24-net15,4,13612W,0.00669418,0.01922281,0.00398663,0.01350156,61197.39040096,40000.00000000,21197.39040096,0.52993476,0.11547741,0.13877578,1.15982309,0.09840289,1.65071856,1.20087805,-0.09616082,138,2020,0.23395278,2016,-0.01726099,1700847.95244456,224.09405534,5.75042099,0.00560235,0.20859788,0.00000000,0.06956907,0.00000000,0.08987933,0.00000000,0.12155135,0.00000000,0.14477544,0.00000000,0.07303487,0.00000000,0.08981333,0.00000000,0.07343567,0.00000000,0.12258398,0.00000000
ROT SPY+IWM+VEA+VWO+VNQ+DBC+IEF+TLT top4 12M can TIP/1 fb best(BIL+IEF),sens,sens_2016-07-05,2016-07-05,2021-07-02,false,true,"{""*"": 6, ""ACWX"": 3, ""AGG"": 1, ""BIL"": 1, ""BND"": 1.5, ""BTAL"": 6, ""DBC"": 3, ""DBMF"": 3, ""EEM"": 1, ""EFA"": 1, ""IEF"": 1, ""IWM"": 1, ""KMLM"": 6, ""LQD"": 1.5, ""QQQ"": 1, ""SCZ"": 5, ""SHY"": 1, ""SPY"": 0.7, ""TIP"": 2, ""TLT"": 1, ""TQQQ"": 1.5, ""VEA"": 1.5, ""VEU"": 2, ""VNQ"": 1.5, ""VTI"": 1, ""VWO"": 2}",0.03000000,tests/data/2026-08-24-net15,4,12M,0.00790859,0.02556195,0.00444760,0.01358674,52850.62967060,40000.00000000,12850.62967060,0.32126574,0.07135379,0.09051381,0.73125697,0.10130276,0.96238036,0.40717521,-0.17524101,326,2021,0.13029372,2016,-0.05795563,804363.74852091,96.50987953,2.93252812,0.00241275,0.16358609,0.00000000,0.04909805,0.00000000,0.12207317,0.00000000,0.10915058,0.00000000,0.18943682,0.00000000,0.10559495,0.00000000,0.06123938,0.00000000,0.07744481,0.00000000,0.11443439,0.00000000
ROT SPY+IWM+VEA+VWO+VNQ+DBC+IEF+TLT top5 1-3-6-12U can TIP/1 fb best(BIL+IEF),sens,sens_2016-07-05,2016-07-05,2021-07-02,false,true,"{""*"": 6, ""ACWX"": 3, ""AGG"": 1, ""BIL"": 1, ""BND"": 1.5, ""BTAL"": 6, ""DBC"": 3, ""DBMF"": 3, ""EEM"": 1, ""EFA"": 1, ""IEF"": 1, ""IWM"": 1, ""KMLM"": 6, ""LQD"": 1.5, ""QQQ"": 1, ""SCZ"": 5, ""SHY"": 1, ""SPY"": 0.7, ""TIP"": 2, ""TLT"": 1, ""TQQQ"": 1.5, ""VEA"": 1.5, ""VEU"": 2, ""VNQ"": 1.5, ""VTI"": 1, ""VWO"": 2}",0.03000000,tests/data/2026-08-24-net15,5,1-3-6-12U,0.00906283,0.03473015,0.00454639,0.01814365,61562.53893674,40000.00000000,21562.53893674,0.53906347,0.11272053,0.14074502,1.16680623,0.09544802,1.64884979,1.25188794,-0.09004044,426,2020,0.20513071,2016,-0.01739905,1037309.41532951,133.00250355,3.58819099,0.00332506,0.16690086,0.00000000,0.07528753,0.00000000,0.11751936,0.00000000,0.11927152,0.00000000,0.15050386,0.00000000,0.08084168,0.00000000,0.10131224,0.00000000,0.08130117,0.00000000,0.09795457,0.00000000
ROT SPY+IWM+VEA+VWO+VNQ+DBC+IEF+TLT top5 13612W can TIP/1 fb best(BIL+IEF),sens,sens_2016-07-05,2016-07-05,2021-07-02,false,true,"{""*"": 6, ""ACWX"": 3, ""AGG"": 1, ""BIL"": 1, ""BND"": 1.5, ""BTAL"": 6, ""DBC"": 3, ""DBMF"": 3, ""EEM"": 1, ""EFA"": 1, ""IEF"": 1, ""IWM"": 1, ""KMLM"": 6, ""LQD"": 1.5, ""QQQ"": 1, ""SCZ"": 5, ""SHY"": 1, ""SPY"": 0.7, ""TIP"": 2, ""TLT"": 1, ""TQQQ"": 1.5, ""VEA"": 1.5, ""VEU"": 2, ""VNQ"": 1.5, ""VTI"": 1, ""VWO"": 2}",0.03000000,tests/data/2026-08-24-net15,5,13612W,0.00764098,0.02436824,0.00422083,0.01408522,59574.75747669,40000.00000000,19574.75747669,0.48936894,0.10571368,0.12989190,1.15976343,0.09015621,1.63755608,1.27856460,-0.08268153,131,2020,0.22029367,2016,-0.02167705,1522683.61577783,200.02540879,5.24342180,0.00500064,0.21593647,0.00000000,0.07201982,0.00000000,0.11426716,0.00000000,0.11000635,0.00000000,0.13151033,0.00000000,0.07451162,0.00000000,0.09478615,0.00000000,0.07802100,0.00000000,0.10123941,0.00000000
ROT SPY+IWM+VEA+VWO+VNQ+DBC+IEF+TLT top5 12M can TIP/1 fb best(BIL+IEF),sens,sens_2016-07-05,2016-07-05,2021-07-02,false,true,"{""*"": 6, ""ACWX"": 3, ""AGG"": 1, ""BIL"": 1, ""BND"": 1.5, ""BTAL"": 6, ""DBC"": 3, ""DBMF"": 3, ""EEM"": 1, ""EFA"": 1, ""IEF"": 1, ""IWM"": 1, ""KMLM"": 6, ""LQD"": 1.5, ""QQQ"": 1, ""SCZ"": 5, ""SHY"": 1, ""SPY"": 0.7, ""TIP"": 2, ""TLT"": 1, ""TQQQ"": 1.5, ""VEA"": 1.5, ""VEU"": 2, ""VNQ"": 1.5, ""VTI"": 1, ""VWO"": 2}",0.03000000,tests/data/2026-08-24-net15,5,12M,0.00988904,0.03806674,0.00536360,0.01814365,48717.73932504,40000.00000000,8717.73932504,0.21794348,0.05361255,0.06392003,0.56617548,0.10138641,0.72727390,0.25069641,-0.21385447,454,2021,0.11703132,2020,-0.03687501,806527.28736775,104.53825044,3.01644604,0.00261346,0.16359924,0.00000000,0.05565600,0.00000000,0.14340376,0.00000000,0.09988600,0.00000000,0.15294564,0.00000000,0.09724989,0.00000000,0.08160786,0.00000000,0.08145172,0.00000000,0.11427480,0.00000000
SPY12.5/IWM12.5/VEA12.5/VWO12.5/VNQ12.5/DBC12.5/IEF12.5/TLT12.5,sens,sens_2016-07-05,2016-07-05,2021-07-02,true,true,"{""*"": 6, ""ACWX"": 3, ""AGG"": 1, ""BIL"": 1, ""BND"": 1.5, ""BTAL"": 6, ""DBC"": 3, ""DBMF"": 3, ""EEM"": 1, ""EFA"": 1, ""IEF"": 1, ""IWM"": 1, ""KMLM"": 6, ""LQD"": 1.5, ""QQQ"": 1, ""SCZ"": 5, ""SHY"": 1, ""SPY"": 0.7, ""TIP"": 2, ""TLT"": 1, ""TQQQ"": 1.5, ""VEA"": 1.5, ""VEU"": 2, ""VNQ"": 1.5, ""VTI"": 1, ""VWO"": 2}",0.03000000,tests/data/2026-08-24-net15,,,0.01478289,0.03229836,0.00564841,0.01588619,56170.52391025,40000.00000000,16170.52391025,0.40426310,0.09586669,0.11050315,0.84156224,0.11698585,1.10488913,0.38750315,-0.24739590,195,2019,0.19968107,2018,-0.07727628,60511.18127037,8.70315254,0.21272527,0.00021758,,,0.12472187,0.12409050,0.12294255,0.11831812,0.12248210,0.11853505,0.12012402,0.10911381,0.12286378,0.11767682,0.12423776,0.12265933,0.12358224,0.12051868,0.12425945,0.12269338
ROT SPY top1 1-3-6-12U can TIP/1 fb best(BIL+IEF),sens,sens_2016-07-05,2016-07-05,2021-07-02,true,true,"{""*"": 6, ""ACWX"": 3, ""AGG"": 1, ""BIL"": 1, ""BND"": 1.5, ""BTAL"": 6, ""DBC"": 3, ""DBMF"": 3, ""EEM"": 1, ""EFA"": 1, ""IEF"": 1, ""IWM"": 1, ""KMLM"": 6, ""LQD"": 1.5, ""QQQ"": 1, ""SCZ"": 5, ""SHY"": 1, ""SPY"": 0.7, ""TIP"": 2, ""TLT"": 1, ""TQQQ"": 1.5, ""VEA"": 1.5, ""VEU"": 2, ""VNQ"": 1.5, ""VTI"": 1, ""VWO"": 2}",0.03000000,tests/data/2026-08-24-net15,,,0.00424141,0.01794132,0.00426607,0.01797569,72284.31083371,40000.00000000,32284.31083371,0.80710777,0.17628204,0.19426659,1.41557251,0.11980507,1.93544271,1.31419448,-0.13413695,107,2020,0.24396545,2016,0.06120774,903698.58965596,77.35375114,2.74088956,0.00193384,0.16364864,0.00000000,,,0.06550522,0.00000000,,,0.76658007,0.00000000,,,,,,,,
SPY benchmark,sens,sens_2016-07-05,2016-07-05,2021-07-02,true,true,"{""*"": 6, ""ACWX"": 3, ""AGG"": 1, ""BIL"": 1, ""BND"": 1.5, ""BTAL"": 6, ""DBC"": 3, ""DBMF"": 3, ""EEM"": 1, ""EFA"": 1, ""IEF"": 1, ""IWM"": 1, ""KMLM"": 6, ""LQD"": 1.5, ""QQQ"": 1, ""SCZ"": 5, ""SHY"": 1, ""SPY"": 0.7, ""TIP"": 2, ""TLT"": 1, ""TQQQ"": 1.5, ""VEA"": 1.5, ""VEU"": 2, ""VNQ"": 1.5, ""VTI"": 1, ""VWO"": 2}",0.03000000,tests/data/2026-08-24-net15,,,0.00428837,0.01794132,0.00428959,0.01797569,70801.76735332,40000.00000000,30801.76735332,0.77004418,0.17586286,0.18731559,0.96389823,0.18618663,1.32910053,0.52185180,-0.33699771,173,2019,0.30761491,2018,-0.04840182,39646.81537657,2.77527708,0.12020701,0.00006938,,,,,,,,,0.99571041,0.98202431,,,,,,,,
ROT SPY+IWM+VEA+VWO+VNQ+DBC+IEF+TLT top3 1-3-6-12U can TIP/1 fb best(BIL+IEF),sens,sens_2017-01-03,2017-01-03,2022-01-03,false,true,"{""*"": 6, ""ACWX"": 3, ""AGG"": 1, ""BIL"": 1, ""BND"": 1.5, ""BTAL"": 6, ""DBC"": 3, ""DBMF"": 3, ""EEM"": 1, ""EFA"": 1, ""IEF"": 1, ""IWM"": 1, ""KMLM"": 6, ""LQD"": 1.5, ""QQQ"": 1, ""SCZ"": 5, ""SHY"": 1, ""SPY"": 0.7, ""TIP"": 2, ""TLT"": 1, ""TQQQ"": 1.5, ""VEA"": 1.5, ""VEU"": 2, ""VNQ"": 1.5, ""VTI"": 1, ""VWO"": 2}",0.03000000,tests/data/2026-08-24-net15,3,1-3-6-12U,0.00632174,0.02556895,0.00417342,0.01534875,65182.88202876,40000.00000000,25182.88202876,0.62957205,0.13567287,0.15935661,1.16384935,0.11511384,1.64727703,1.23665760,-0.10970933,179,2020,0.24317915,2022,0.00059804,1149163.23034448,141.16836302,3.72241420,0.00352921,0.14720151,0.00000000,0.08192836,0.00000000,0.08716559,0.00000000,0.12969072,0.00000000,0.18841788,0.00000000,0.08685231,0.00000000,0.05989331,0.00000000,0.10893351,0.00000000,0.10354917,0.00000000
ROT SPY+IWM+VEA+VWO+VNQ+DBC+IEF+TLT top3 13612W can TIP/1 fb best(BIL+IEF),sens,sens_2017-01-03,2017-01-03,2022-01-03,false,true,"{""*"": 6, ""ACWX"": 3, ""AGG"": 1, ""BIL"": 1, ""BND"": 1.5, ""BTAL"": 6, ""DBC"": 3, ""DBMF"": 3, ""EEM"": 1, ""EFA"": 1, ""IEF"": 1, ""IWM"": 1, ""KMLM"": 6, ""LQD"": 1.5, ""QQQ"": 1, ""SCZ"": 5, ""SHY"": 1, ""SPY"": 0.7, ""TIP"": 2, ""TLT"": 1, ""TQQQ"": 1.5, ""VEA"": 1.5, ""VEU"": 2, ""VNQ"": 1.5, ""VTI"": 1, ""VWO"": 2}",0.03000000,tests/data/2026-08-24-net15,3,13612W,0.00504019,0.01670527,0.00345932,0.01356408,60098.33209126,40000.00000000,20098.33209126,0.50245830,0.12457063,0.13248893,1.15321479,0.10684565,1.65894921,1.43277095,-0.08694386,144,2020,0.25964209,2022,0.00058909,1984096.38041961,261.23908005,6.29884615,0.00653098,0.19080574,0.00000000,0.07099730,0.00000000,0.08719048,0.00000000,0.11930443,0.00000000,0.16717554,0.00000000,0.07055598,0.00000000,0.07088780,0.00000000,0.10347854,0.00000000,0.11449262,0.00000000
ROT SPY+IWM+VEA+VWO+VNQ+DBC+IEF+TLT top3 12M can TIP/1 fb best(BIL+IEF),sens,sens_2017-01-03,2017-01-03,2022-01-03,false,true,"{""*"": 6, ""ACWX"": 3, ""AGG"": 1, ""BIL"": 1, ""BND"": 1.5, ""BTAL"": 6, ""DBC"": 3, ""DBMF"": 3, ""EEM"": 1, ""EFA"": 1, ""IEF"": 1, ""IWM"": 1, ""KMLM"": 6, ""LQD"": 1.5, ""QQQ"": 1, ""SCZ"": 5, ""SHY"": 1, ""SPY"": 0.7, ""TIP"": 2, ""TLT"": 1, ""TQQQ"": 1.5, ""VEA"": 1.5, ""VEU"": 2, ""VNQ"": 1.5, ""VTI"": 1, ""VWO"": 2}",0.03000000,tests/data/2026-08-24-net15,3,12M,0.00653374,0.01763716,0.00437965,0.01492644,56053.81528999,40000.00000000,16053.81528999,0.40134538,0.10087559,0.10957601,0.95664087,0.10649062,1.31015094,0.68972755,-0.14625426,193,2021,0.21139794,2022,0.00058067,919551.20852038,110.54007613,3.14251064,0.00276350,0.16347817,0.00000000,0.08190845,0.00000000,0.08157806,0.00000000,0.12462239,0.00000000,0.19908877,0.00000000,0.11400842,0.00000000,0.02723816,0.00000000,0.09797047,0.00000000,0.10353706,0.00000000
ROT SPY+IWM+VEA+VWO+VNQ+DBC+IEF+TLT top4 1-3-6-12U can TIP/1 fb best(BIL+IEF),sens,sens_2017-01-03,2017-01-03,2022-01-03,false,true,"{""*"": 6, ""ACWX"": 3, ""AGG"": 1, ""BIL"": 1, ""BND"": 1.5, ""BTAL"": 6, ""DBC"": 3, ""DBMF"": 3, ""EEM"": 1, ""EFA"": 1, ""IEF"": 1, ""IWM"": 1, ""KMLM"": 6, ""LQD"": 1.5, ""QQQ"": 1, ""SCZ"": 5, ""SHY"": 1, ""SPY"": 0.7, ""TIP"": 2, ""TLT"": 1, ""TQQQ"": 1.5, ""VEA"": 1.5, ""VEU"": 2, ""VNQ"": 1.5, ""VTI"": 1, ""VWO"": 2}",0.03000000,tests/data/2026-08-24-net15,4,1-3-6-12U,0.00745235,0.02107659,0.00464627,0.01165733,63916.36913565,40000.00000000,23916.36913565,0.59790923,0.13597150,0.15284901,1.25324759,0.10633761,1.76703962,1.40206372,-0.09697954,342,2021,0.23395349,2022,0.00195886,1031300.13197424,129.84686759,3.30334697,0.00324617,0.14706754,0.00000000,0.08188366,0.00000000,0.11022371,0.00000000,0.12960292,0.00000000,0.17273366,0.00000000,0.07331846,0.00000000,0.08173264,0.00000000,0.09789665,0.00000000,0.09804610,0.00000000
ROT SPY+IWM+VEA+VWO+VNQ+DBC+IEF+TLT top4 13612W can TIP/1 fb best(BIL+IEF),sens,sens_2017-01-03,2017-01-03,2022-01-03,false,true,"{""*"": 6, ""ACWX"": 3, ""AGG"": 1, ""BIL"": 1, ""BND"": 1.5, ""BTAL"": 6, ""DBC"": 3, ""DBMF"": 3, ""EEM"": 1, ""EFA"": 1, ""IEF"": 1, ""IWM"": 1, ""KMLM"": 6, ""LQD"": 1.5, ""QQQ"": 1, ""SCZ"": 5, ""SHY"": 1, ""SPY"": 0.7, ""TIP"": 2, ""TLT"": 1, ""TQQQ"": 1.5, ""VEA"": 1.5, ""VEU"": 2, ""VNQ"": 1.5, ""VTI"": 1, ""VWO"": 2}",0.03000000,tests/data/2026-08-24-net15,4,13612W,0.00649732,0.02293220,0.00394826,0.01346619,57876.94866951,40000.00000000,17876.94866951,0.44692372,0.11341448,0.12008764,1.11342966,0.10117305,1.56702664,1.17289336,-0.09669632,138,2020,0.23411750,2022,0.00197165,1831563.18735951,242.33224831,5.89215984,0.00605831,0.19621139,0.00000000,0.07368108,0.00000000,0.09396705,0.00000000,0.11758689,0.00000000,0.16128510,0.00000000,0.06487139,0.00000000,0.09803713,0.00000000,0.08565445,0.00000000,0.10214161,0.00000000
ROT SPY+IWM+VEA+VWO+VNQ+DBC+IEF+TLT top4 12M can TIP/1 fb best(BIL+IEF),sens,sens_2017-01-03,2017-01-03,2022-01-03,false,true,"{""*"": 6, ""ACWX"": 3, ""AGG"": 1, ""BIL"": 1, ""BND"": 1.5, ""BTAL"": 6, ""DBC"": 3, ""DBMF"": 3, ""EEM"": 1, ""EFA"": 1, ""IEF"": 1, ""IWM"": 1, ""KMLM"": 6, ""LQD"": 1.5, ""QQQ"": 1, ""SCZ"": 5, ""SHY"": 1, ""SPY"": 0.7, ""TIP"": 2, ""TLT"": 1, ""TQQQ"": 1.5, ""VEA"": 1.5, ""VEU"": 2, ""VNQ"": 1.5, ""VTI"": 1, ""VWO"": 2}",0.03000000,tests/data/2026-08-24-net15,4,12M,0.00848288,0.02166557,0.00508737,0.01214255,55045.16269167,40000.00000000,15045.16269167,0.37612907,0.09452151,0.10362328,0.90650730,0.10593558,1.21797450,0.53743939,-0.17587381,326,2021,0.18536158,2022,0.00362834,714550.35772127,87.92079615,2.46649309,0.00219802,0.16360535,0.00000000,0.06958577,0.00000000,0.11016909,0.00000000,0.12518823,0.00000000,0.19248822,0.00000000,0.08944816,0.00000000,0.06129611,0.00000000,0.08168288,0.00000000,0.09802231,0.00000000
ROT SPY+IWM+VEA+VWO+VNQ+DBC+IEF+TLT top5 1-3-6-12U can TIP/1 fb best(BIL+IEF),sens,sens_2017-01-03,2017-01-03,2022-01-03,false,true,"{""*"": 6, ""ACWX"": 3, ""AGG"": 1, ""BIL"": 1, ""BND"": 1.5, ""BTAL"": 6, ""DBC"": 3, ""DBMF"": 3, ""EEM"": 1, ""EFA"": 1, ""IEF"": 1, ""IWM"": 1, ""KMLM"": 6, ""LQD"": 1.5, ""QQQ"": 1, ""SCZ"": 5, ""SHY"": 1, ""SPY"": 0.7, ""TIP"": 2, ""TLT"": 1, ""TQQQ"": 1.5, ""VEA"": 1.5, ""VEU"": 2, ""VNQ"": 1.5, ""VTI"": 1, ""VWO"": 2}",0.03000000,tests/data/2026-08-24-net15,5,1-3-6-12U,0.00954294,0.02799058,0.00542453,0.01380980,61981.77176032,40000.00000000,21981.77176032,0.54954429,0.12476903,0.14267669,1.23186641,0.09955905,1.74722982,1.39527251,-0.08942270,171,2021,0.21119050,2022,0.00413579,944742.19710791,121.45416112,3.08280460,0.00303635,0.15037798,0.00000000,0.08838627,0.00000000,0.11105282,0.00000000,0.12588814,0.00000000,0.15300794,0.00000000,0.07446544,0.00000000,0.11434179,0.00000000,0.08801015,0.00000000,0.08488571,0.00000000
ROT SPY+IWM+VEA+VWO+VNQ+DBC+IEF+TLT top5 13612W can TIP/1 fb best(BIL+IEF),sens,sens_2017-01-03,2017-01-03,2022-01-03,false,true,"{""*"": 6, ""ACWX"": 3, ""AGG"": 1, ""BIL"": 1, ""BND"": 1.5, ""BTAL"": 6, ""DBC"": 3, ""DBMF"": 3, ""EEM"": 1, ""EFA"": 1, ""IEF"": 1, ""IWM"": 1, ""KMLM"": 6, ""LQD"": 1.5, ""QQQ"": 1, ""SCZ"": 5, ""SHY"": 1, ""SPY"": 0.7, ""TIP"": 2, ""TLT"": 1, ""TQQQ"": 1.5, ""VEA"": 1.5, ""VEU"": 2, ""VNQ"": 1.5, ""VTI"": 1, ""VWO"": 2}",0.03000000,tests/data/2026-08-24-net15,5,13612W,0.00868358,0.03161471,0.00477829,0.01372405,56348.04936297,40000.00000000,16348.04936297,0.40870123,0.10382425,0.11129374,1.11792860,0.09224711,1.56544998,1.25420586,-0.08278087,131,2020,0.21978065,2022,0.00407171,1682967.00799274,217.36641314,5.51612018,0.00543416,0.20284574,0.00000000,0.07856978,0.00000000,0.11755008,0.00000000,0.10973157,0.00000000,0.13714416,0.00000000,0.07139199,0.00000000,0.10450574,0.00000000,0.08458632,0.00000000,0.08492839,0.00000000
ROT SPY+IWM+VEA+VWO+VNQ+DBC+IEF+TLT top5 12M can TIP/1 fb best(BIL+IEF),sens,sens_2017-01-03,2017-01-03,2022-01-03,false,true,"{""*"": 6, ""ACWX"": 3, ""AGG"": 1, ""BIL"": 1, ""BND"": 1.5, ""BTAL"": 6, ""DBC"": 3, ""DBMF"": 3, ""EEM"": 1, ""EFA"": 1, ""IEF"": 1, ""IWM"": 1, ""KMLM"": 6, ""LQD"": 1.5, ""QQQ"": 1, ""SCZ"": 5, ""SHY"": 1, ""SPY"": 0.7, ""TIP"": 2, ""TLT"": 1, ""TQQQ"": 1.5, ""VEA"": 1.5, ""VEU"": 2, ""VNQ"": 1.5, ""VTI"": 1, ""VWO"": 2}",0.03000000,tests/data/2026-08-24-net15,5,12M,0.00923908,0.02690983,0.00495780,0.01557838,50151.69607095,40000.00000000,10151.69607095,0.25379240,0.06775724,0.07321603,0.67383442,0.10572937,0.87983310,0.31649543,-0.21408602,454,2021,0.16068257,2020,-0.03734982,711558.47832048,93.85194385,2.58194840,0.00234630,0.16356598,0.00000000,0.07201229,0.00000000,0.12717595,0.00000000,0.10628103,0.00000000,0.15654165,0.00000000,0.08110281,0.00000000,0.10129187,0.00000000,0.08154606,0.00000000,0.10120820,0.00000000
SPY12.5/IWM12.5/VEA12.5/VWO12.5/VNQ12.5/DBC12.5/IEF12.5/TLT12.5,sens,sens_2017-01-03,2017-01-03,2022-01-03,true,true,"{""*"": 6, ""ACWX"": 3, ""AGG"": 1, ""BIL"": 1, ""BND"": 1.5, ""BTAL"": 6, ""DBC"": 3, ""DBMF"": 3, ""EEM"": 1, ""EFA"": 1, ""IEF"": 1, ""IWM"": 1, ""KMLM"": 6, ""LQD"": 1.5, ""QQQ"": 1, ""SCZ"": 5, ""SHY"": 1, ""SPY"": 0.7, ""TIP"": 2, ""TLT"": 1, ""TQQQ"": 1.5, ""VEA"": 1.5, ""VEU"": 2, ""VNQ"": 1.5, ""VTI"": 1, ""VWO"": 2}",0.03000000,tests/data/2026-08-24-net15,,,0.01522061,0.03421600,0.00604186,0.01442049,55788.26056714,40000.00000000,15788.26056714,0.39470651,0.09766360,0.10801851,0.85360655,0.11740391,1.12510328,0.39539477,-0.24700276,195,2019,0.20047293,2018,-0.07742894,60193.73049252,8.87558042,0.20574939,0.00022189,,,0.12471176,0.12414854,0.12312989,0.11858784,0.12231253,0.11522235,0.11969083,0.11057951,0.12272979,0.11667978,0.12428230,0.12250885,0.12366681,0.12097694,0.12425209,0.12257316
ROT SPY top1 1-3-6-12U can TIP/1 fb best(BIL+IEF),sens,sens_2017-01-03,2017-01-03,2022-01-03,true,true,"{""*"": 6, ""ACWX"": 3, ""AGG"": 1, ""BIL"": 1, ""BND"": 1.5, ""BTAL"": 6, ""DBC"": 3, ""DBMF"": 3, ""EEM"": 1, ""EFA"": 1, ""IEF"": 1, ""IWM"": 1, ""KMLM"": 6, ""LQD"": 1.5, ""QQQ"": 1, ""SCZ"": 5, ""SHY"": 1, ""SPY"": 0.7, ""TIP"": 2, ""TLT"": 1, ""TQQQ"": 1.5, ""VEA"": 1.5, ""VEU"": 2, ""VNQ"": 1.5, ""VTI"": 1, ""VWO"": 2}",0.03000000,tests/data/2026-08-24-net15,,,0.00416406,0.01427598,0.00418748,0.01427711,74670.05330243,40000.00000000,34670.05330243,0.86675133,0.18609613,0.20473302,1.44762645,0.12328730,1.98469245,1.38838130,-0.13403820,107,2021,0.28403265,2022,0.00576928,737745.91479177,63.38066780,2.15442473,0.00158452,0.14711502,0.00000000,,,0.06549231,0.00000000,,,0.78320519,0.00000000,,,,,,,,
SPY benchmark,sens,sens_2017-01-03,2017-01-03,2022-01-03,true,true,"{""*"": 6, ""ACWX"": 3, ""AGG"": 1, ""BIL"": 1, ""BND"": 1.5, ""BTAL"": 6, ""DBC"": 3, ""DBMF"": 3, ""EEM"": 1, ""EFA"": 1, ""IEF"": 1, ""IWM"": 1, ""KMLM"": 6, ""LQD"": 1.5, ""QQQ"": 1, ""SCZ"": 5, ""SHY"": 1, ""SPY"": 0.7, ""TIP"": 2, ""TLT"": 1, ""TQQQ"": 1.5, ""VEA"": 1.5, ""VEU"": 2, ""VNQ"": 1.5, ""VTI"": 1, ""VWO"": 2}",0.03000000,tests/data/2026-08-24-net15,,,0.00468473,0.01698335,0.00468596,0.01698468,72418.68531396,40000.00000000,32418.68531396,0.81046713,0.17924495,0.19446028,0.97214809,0.18806899,1.34124968,0.53135831,-0.33733348,173,2019,0.30750436,2018,-0.04757823,39723.78785113,2.78066515,0.11821748,0.00006952,,,,,,,,,0.99531404,0.98301532,,,,,,,,
ROT SPY+IWM+VEA+VWO+VNQ+DBC+IEF+TLT top3 1-3-6-12U can TIP/1 fb best(BIL+IEF),sens,sens_2017-07-03,2017-07-03,2022-07-01,false,true,"{""*"": 6, ""ACWX"": 3, ""AGG"": 1, ""BIL"": 1, ""BND"": 1.5, ""BTAL"": 6, ""DBC"": 3, ""DBMF"": 3, ""EEM"": 1, ""EFA"": 1, ""IEF"": 1, ""IWM"": 1, ""KMLM"": 6, ""LQD"": 1.5, ""QQQ"": 1, ""SCZ"": 5, ""SHY"": 1, ""SPY"": 0.7, ""TIP"": 2, ""TLT"": 1, ""TQQQ"": 1.5, ""VEA"": 1.5, ""VEU"": 2, ""VNQ"": 1.5, ""VTI"": 1, ""VWO"": 2}",0.03000000,tests/data/2026-08-24-net15,3,1-3-6-12U,0.00565929,0.01732605,0.00407236,0.01414693,64459.71699258,40000.00000000,24459.71699258,0.61149292,0.13587252,0.15606359,1.16010427,0.11565654,1.65117679,1.23720716,-0.10982197,179,2020,0.24281790,2017,0.03199506,1288105.82715145,162.67714364,4.04086873,0.00406693,0.21280605,0.00000000,0.08191966,0.00000000,0.08711876,0.00000000,0.10830198,0.00000000,0.17201190,0.00000000,0.08686250,0.00000000,0.05450472,0.00000000,0.11439830,0.00000000,0.07637025,0.00000000
ROT SPY+IWM+VEA+VWO+VNQ+DBC+IEF+TLT top3 13612W can TIP/1 fb best(BIL+IEF),sens,sens_2017-07-03,2017-07-03,2022-07-01,false,true,"{""*"": 6, ""ACWX"": 3, ""AGG"": 1, ""BIL"": 1, ""BND"": 1.5, ""BTAL"": 6, ""DBC"": 3, ""DBMF"": 3, ""EEM"": 1, ""EFA"": 1, ""IEF"": 1, ""IWM"": 1, ""KMLM"": 6, ""LQD"": 1.5, ""QQQ"": 1, ""SCZ"": 5, ""SHY"": 1, ""SPY"": 0.7, ""TIP"": 2, ""TLT"": 1, ""TQQQ"": 1.5, ""VEA"": 1.5, ""VEU"": 2, ""VNQ"": 1.5, ""VTI"": 1, ""VWO"": 2}",0.03000000,tests/data/2026-08-24-net15,3,13612W,0.00564421,0.02350813,0.00419264,0.02045475,57385.90923651,40000.00000000,17385.90923651,0.43464773,0.11259906,0.11759992,1.05002680,0.10714213,1.50251720,1.29953208,-0.08664585,144,2020,0.25927160,2022,0.01119714,1809837.69869436,245.72300259,5.74919438,0.00614308,0.26721027,0.00000000,0.07644039,0.00000000,0.08722200,0.00000000,0.10295971,0.00000000,0.14457188,0.00000000,0.07065139,0.00000000,0.05451569,0.00000000,0.10351856,0.00000000,0.08719557,0.00000000
ROT SPY+IWM+VEA+VWO+VNQ+DBC+IEF+TLT top3 12M can TIP/1 fb best(BIL+IEF),sens,sens_2017-07-03,2017-07-03,2022-07-01,false,true,"{""*"": 6, ""ACWX"": 3, ""AGG"": 1, ""BIL"": 1, ""BND"": 1.5, ""BTAL"": 6, ""DBC"": 3, ""DBMF"": 3, ""EEM"": 1, ""EFA"": 1, ""IEF"": 1, ""IWM"": 1, ""KMLM"": 6, ""LQD"": 1.5, ""QQQ"": 1, ""SCZ"": 5, ""SHY"": 1, ""SPY"": 0.7, ""TIP"": 2, ""TLT"": 1, ""TQQQ"": 1.5, ""VEA"": 1.5, ""VEU"": 2, ""VNQ"": 1.5, ""VTI"": 1, ""VWO"": 2}",0.03000000,tests/data/2026-08-24-net15,3,12M,0.00719176,0.02313782,0.00495846,0.01594400,54283.08802189,40000.00000000,14283.08802189,0.35707720,0.08990695,0.09932466,0.83989857,0.10974638,1.14856396,0.61379045,-0.14647825,193,2021,0.21076595,2022,0.01955413,857561.07562215,104.62937820,2.93349825,0.00261573,0.21259649,0.00000000,0.08735658,0.00000000,0.08157911,0.00000000,0.09172539,0.00000000,0.19315147,0.00000000,0.11399651,0.00000000,0.02720706,0.00000000,0.11429130,0.00000000,0.07086931,0.00000000
ROT SPY+IWM+VEA+VWO+VNQ+DBC+IEF+TLT top4 1-3-6-12U can TIP/1 fb best(BIL+IEF),sens,sens_2017-07-03,2017-07-03,2022-07-01,false,true,"{""*"": 6, ""ACWX"": 3, ""AGG"": 1, ""BIL"": 1, ""BND"": 1.5, ""BTAL"": 6, ""DBC"": 3, ""DBMF"": 3, ""EEM"": 1, ""EFA"": 1, ""IEF"": 1, ""IWM"": 1, ""KMLM"": 6, ""LQD"": 1.5, ""QQQ"": 1, ""SCZ"": 5, ""SHY"": 1, ""SPY"": 0.7, ""TIP"": 2, ""TLT"": 1, ""TQQQ"": 1.5, ""VEA"": 1.5, ""VEU"": 2, ""VNQ"": 1.5, ""VTI"": 1, ""VWO"": 2}",0.03000000,tests/data/2026-08-24-net15,4,1-3-6-12U,0.00750549,0.02080017,0.00468794,0.01331355,61603.03976758,40000.00000000,21603.03976758,0.54007599,0.12822081,0.14102257,1.19274928,0.10591595,1.68447796,1.32504015,-0.09676749,392,2021,0.23390933,2022,0.02262018,1115237.88868503,143.04833968,3.51613507,0.00357621,0.21679351,0.00000000,0.07778944,0.00000000,0.11013840,0.00000000,0.10938122,0.00000000,0.15620584,0.00000000,0.07316483,0.00000000,0.06946090,0.00000000,0.10188035,0.00000000,0.07763714,0.00000000
ROT SPY+IWM+VEA+VWO+VNQ+DBC+IEF+TLT top4 13612W can TIP/1 fb best(BIL+IEF),sens,sens_2017-07-03,2017-07-03,2022-07-01,false,true,"{""*"": 6, ""ACWX"": 3, ""AGG"": 1, ""BIL"": 1, ""BND"": 1.5, ""BTAL"": 6, ""DBC"": 3, ""DBMF"": 3, ""EEM"": 1, ""EFA"": 1, ""IEF"": 1, ""IWM"": 1, ""KMLM"": 6, ""LQD"": 1.5, ""QQQ"": 1, ""SCZ"": 5, ""SHY"": 1, ""SPY"": 0.7, ""TIP"": 2, ""TLT"": 1, ""TQQQ"": 1.5, ""VEA"": 1.5, ""VEU"": 2, ""VNQ"": 1.5, ""VTI"": 1, ""VWO"": 2}",0.03000000,tests/data/2026-08-24-net15,4,13612W,0.00719251,0.02480268,0.00458542,0.02055571,54879.76814136,40000.00000000,14879.76814136,0.37199420,0.10113680,0.10291324,1.00718415,0.10075409,1.41133415,1.01487209,-0.09965472,,2020,0.23445899,2022,-0.00100662,1672757.83887947,226.08498718,5.39115409,0.00565212,0.27405026,0.00000000,0.07777587,0.00000000,0.09391456,0.00000000,0.10129939,0.00000000,0.13999871,0.00000000,0.06075982,0.00000000,0.08161424,0.00000000,0.08158292,0.00000000,0.08174669,0.00000000
ROT SPY+IWM+VEA+VWO+VNQ+DBC+IEF+TLT top4 12M can TIP/1 fb best(BIL+IEF),sens,sens_2017-07-03,2017-07-03,2022-07-01,false,true,"{""*"": 6, ""ACWX"": 3, ""AGG"": 1, ""BIL"": 1, ""BND"": 1.5, ""BTAL"": 6, ""DBC"": 3, ""DBMF"": 3, ""EEM"": 1, ""EFA"": 1, ""IEF"": 1, ""IWM"": 1, ""KMLM"": 6, ""LQD"": 1.5, ""QQQ"": 1, ""SCZ"": 5, ""SHY"": 1, ""SPY"": 0.7, ""TIP"": 2, ""TLT"": 1, ""TQQQ"": 1.5, ""VEA"": 1.5, ""VEU"": 2, ""VNQ"": 1.5, ""VTI"": 1, ""VWO"": 2}",0.03000000,tests/data/2026-08-24-net15,4,12M,0.00864139,0.02316788,0.00506806,0.01451558,50880.70118166,40000.00000000,10880.70118166,0.27201753,0.07443846,0.07812939,0.70994347,0.10969525,0.95317812,0.42359563,-0.17573000,326,2021,0.18492036,2022,-0.03118803,700801.31168949,87.11889953,2.42936704,0.00217797,0.21269427,0.00000000,0.06549433,0.00000000,0.11003664,0.00000000,0.10090228,0.00000000,0.18020769,0.00000000,0.08934837,0.00000000,0.06532856,0.00000000,0.09383929,0.00000000,0.07347674,0.00000000
ROT SPY+IWM+VEA+VWO+VNQ+DBC+IEF+TLT top5 1-3-6-12U can TIP/1 fb best(BIL+IEF),sens,sens_2017-07-03,2017-07-03,2022-07-01,false,true,"{""*"": 6, ""ACWX"": 3, ""AGG"": 1, ""BIL"": 1, ""BND"": 1.5, ""BTAL"": 6, ""DBC"": 3, ""DBMF"": 3, ""EEM"": 1, ""EFA"": 1, ""IEF"": 1, ""IWM"": 1, ""KMLM"": 6, ""LQD"": 1.5, ""QQQ"": 1, ""SCZ"": 5, ""SHY"": 1, ""SPY"": 0.7, ""TIP"": 2, ""TLT"": 1, ""TQQQ"": 1.5, ""VEA"": 1.5, ""VEU"": 2, ""VNQ"": 1.5, ""VTI"": 1, ""VWO"": 2}",0.03000000,tests/data/2026-08-24-net15,5,1-3-6-12U,0.00977271,0.02650527,0.00547629,0.01619351,58565.24983949,40000.00000000,18565.24983949,0.46413125,0.11303221,0.12430633,1.12556719,0.09960706,1.59247334,1.26628809,-0.08926263,171,2021,0.21090278,2022,-0.00124794,993138.92916217,129.07479112,3.19595779,0.00322687,0.22245851,0.00000000,0.08183582,0.00000000,0.11093284,0.00000000,0.10938392,0.00000000,0.13970527,0.00000000,0.07120325,0.00000000,0.09809199,0.00000000,0.08796034,0.00000000,0.06861492,0.00000000
ROT SPY+IWM+VEA+VWO+VNQ+DBC+IEF+TLT top5 13612W can TIP/1 fb best(BIL+IEF),sens,sens_2017-07-03,2017-07-03,2022-07-01,false,true,"{""*"": 6, ""ACWX"": 3, ""AGG"": 1, ""BIL"": 1, ""BND"": 1.5, ""BTAL"": 6, ""DBC"": 3, ""DBMF"": 3, ""EEM"": 1, ""EFA"": 1, ""IEF"": 1, ""IWM"": 1, ""KMLM"": 6, ""LQD"": 1.5, ""QQQ"": 1, ""SCZ"": 5, ""SHY"": 1, ""SPY"": 0.7, ""TIP"": 2, ""TLT"": 1, ""TQQQ"": 1.5, ""VEA"": 1.5, ""VEU"": 2, ""VNQ"": 1.5, ""VTI"": 1, ""VWO"": 2}",0.03000000,tests/data/2026-08-24-net15,5,13612W,0.00846227,0.02414318,0.00494338,0.01433845,52637.21508628,40000.00000000,12637.21508628,0.31593038,0.08864714,0.08923179,0.96443456,0.09256274,1.33880630,0.82385684,-0.10760018,,2020,0.21960542,2022,-0.01983013,1526820.69807579,200.28423883,5.01625420,0.00500711,0.27802196,0.00000000,0.07856892,0.00000000,0.11418139,0.00000000,0.09680951,0.00000000,0.12093210,0.00000000,0.06797656,0.00000000,0.08824353,0.00000000,0.07821697,0.00000000,0.06852699,0.00000000
ROT SPY+IWM+VEA+VWO+VNQ+DBC+IEF+TLT top5 12M can TIP/1 fb best(BIL+IEF),sens,sens_2017-07-03,2017-07-03,2022-07-01,false,true,"{""*"": 6, ""ACWX"": 3, ""AGG"": 1, ""BIL"": 1, ""BND"": 1.5, ""BTAL"": 6, ""DBC"": 3, ""DBMF"": 3, ""EEM"": 1, ""EFA"": 1, ""IEF"": 1, ""IWM"": 1, ""KMLM"": 6, ""LQD"": 1.5, ""QQQ"": 1, ""SCZ"": 5, ""SHY"": 1, ""SPY"": 0.7, ""TIP"": 2, ""TLT"": 1, ""TQQQ"": 1.5, ""VEA"": 1.5, ""VEU"": 2, ""VNQ"": 1.5, ""VTI"": 1, ""VWO"": 2}",0.03000000,tests/data/2026-08-24-net15,5,12M,0.00855663,0.02232999,0.00483426,0.01515418,46658.78582051,40000.00000000,6658.78582051,0.16646965,0.04709440,0.04989434,0.48132276,0.10781611,0.62680924,0.22048316,-0.21359636,454,2021,0.16056240,2020,-0.03753277,656243.76436032,85.94159693,2.41474887,0.00214854,0.22250586,0.00000000,0.06876522,0.00000000,0.12722246,0.00000000,0.08722807,0.00000000,0.14675569,0.00000000,0.08113835,0.00000000,0.09474897,0.00000000,0.08143003,0.00000000,0.08161519,0.00000000
SPY12.5/IWM12.5/VEA12.5/VWO12.5/VNQ12.5/DBC12.5/IEF12.5/TLT12.5,sens,sens_2017-07-03,2017-07-03,2022-07-01,true,true,"{""*"": 6, ""ACWX"": 3, ""AGG"": 1, ""BIL"": 1, ""BND"": 1.5, ""BTAL"": 6, ""DBC"": 3, ""DBMF"": 3, ""EEM"": 1, ""EFA"": 1, ""IEF"": 1, ""IWM"": 1, ""KMLM"": 6, ""LQD"": 1.5, ""QQQ"": 1, ""SCZ"": 5, ""SHY"": 1, ""SPY"": 0.7, ""TIP"": 2, ""TLT"": 1, ""TQQQ"": 1.5, ""VEA"": 1.5, ""VEU"": 2, ""VNQ"": 1.5, ""VTI"": 1, ""VWO"": 2}",0.03000000,tests/data/2026-08-24-net15,,,0.01610238,0.04141356,0.00639395,0.01750277,46823.74814528,40000.00000000,6823.74814528,0.17059370,0.05758008,0.05104209,0.51159154,0.12484097,0.66870481,0.23339202,-0.24670973,195,2019,0.19997097,2022,-0.12737880,67428.95774031,9.83501653,0.23190667,0.00024588,,,0.12471260,0.12399356,0.12312060,0.11676172,0.12157019,0.11387651,0.11966995,0.10749723,0.12262069,0.11844227,0.12431203,0.12268678,0.12354107,0.11876460,0.12434691,0.12280728
ROT SPY top1 1-3-6-12U can TIP/1 fb best(BIL+IEF),sens,sens_2017-07-03,2017-07-03,2022-07-01,true,true,"{""*"": 6, ""ACWX"": 3, ""AGG"": 1, ""BIL"": 1, ""BND"": 1.5, ""BTAL"": 6, ""DBC"": 3, ""DBMF"": 3, ""EEM"": 1, ""EFA"": 1, ""IEF"": 1, ""IWM"": 1, ""KMLM"": 6, ""LQD"": 1.5, ""QQQ"": 1, ""SCZ"": 5, ""SHY"": 1, ""SPY"": 0.7, ""TIP"": 2, ""TLT"": 1, ""TQQQ"": 1.5, ""VEA"": 1.5, ""VEU"": 2, ""VNQ"": 1.5, ""VTI"": 1, ""VWO"": 2}",0.03000000,tests/data/2026-08-24-net15,,,0.00335598,0.00929928,0.00338083,0.00930049,67838.76518752,40000.00000000,27838.76518752,0.69596913,0.16459915,0.17308565,1.25794699,0.12772349,1.72832392,1.22518375,-0.13434650,107,2021,0.28395159,2022,-0.01744954,954509.26287265,81.71066871,2.75058685,0.00204277,0.21277019,0.00000000,,,0.06546482,0.00000000,,,0.71838417,0.00000000,,,,,,,,
SPY benchmark,sens,sens_2017-07-03,2017-07-03,2022-07-01,true,true,"{""*"": 6, ""ACWX"": 3, ""AGG"": 1, ""BIL"": 1, ""BND"": 1.5, ""BTAL"": 6, ""DBC"": 3, ""DBMF"": 3, ""EEM"": 1, ""EFA"": 1, ""IEF"": 1, ""IWM"": 1, ""KMLM"": 6, ""LQD"": 1.5, ""QQQ"": 1, ""SCZ"": 5, ""SHY"": 1, ""SPY"": 0.7, ""TIP"": 2, ""TLT"": 1, ""TQQQ"": 1.5, ""VEA"": 1.5, ""VEU"": 2, ""VNQ"": 1.5, ""VTI"": 1, ""VWO"": 2}",0.03000000,tests/data/2026-08-24-net15,,,0.00584130,0.01606926,0.00584253,0.01607070,54369.01966217,40000.00000000,14369.01966217,0.35922549,0.11140674,0.09984374,0.62410530,0.20232808,0.85103039,0.33176814,-0.33579697,173,2019,0.30803090,2022,-0.19139933,39932.74426649,2.79529210,0.11962748,0.00006988,,,,,,,,,0.99415747,0.98392930,,,,,,,,
ROT SPY+IWM+VEA+VWO+VNQ+DBC+IEF+TLT top3 1-3-6-12U can TIP/1 fb best(BIL+IEF),sens,sens_2018-01-03,2018-01-03,2023-01-03,false,true,"{""*"": 6, ""ACWX"": 3, ""AGG"": 1, ""BIL"": 1, ""BND"": 1.5, ""BTAL"": 6, ""DBC"": 3, ""DBMF"": 3, ""EEM"": 1, ""EFA"": 1, ""IEF"": 1, ""IWM"": 1, ""KMLM"": 6, ""LQD"": 1.5, ""QQQ"": 1, ""SCZ"": 5, ""SHY"": 1, ""SPY"": 0.7, ""TIP"": 2, ""TLT"": 1, ""TQQQ"": 1.5, ""VEA"": 1.5, ""VEU"": 2, ""VNQ"": 1.5, ""VTI"": 1, ""VWO"": 2}",0.03000000,tests/data/2026-08-24-net15,3,1-3-6-12U,0.00701478,0.02770616,0.00497241,0.01855443,61595.27678469,40000.00000000,21595.27678469,0.53988192,0.12688355,0.14062557,1.10508815,0.11418430,1.56739826,1.16383130,-0.10902229,179,2021,0.24289408,2023,0.00010959,1037958.90351964,131.48929607,3.18046496,0.00328723,0.26194413,0.00000000,0.08190886,0.00000000,0.08706135,0.00000000,0.09706798,0.00000000,0.16032937,0.00000000,0.08683986,0.00000000,0.03811620,0.00000000,0.11426940,0.00000000,0.06540862,0.00000000
ROT SPY+IWM+VEA+VWO+VNQ+DBC+IEF+TLT top3 13612W can TIP/1 fb best(BIL+IEF),sens,sens_2018-01-03,2018-01-03,2023-01-03,false,true,"{""*"": 6, ""ACWX"": 3, ""AGG"": 1, ""BIL"": 1, ""BND"": 1.5, ""BTAL"": 6, ""DBC"": 3, ""DBMF"": 3, ""EEM"": 1, ""EFA"": 1, ""IEF"": 1, ""IWM"": 1, ""KMLM"": 6, ""LQD"": 1.5, ""QQQ"": 1, ""SCZ"": 5, ""SHY"": 1, ""SPY"": 0.7, ""TIP"": 2, ""TLT"": 1, ""TQQQ"": 1.5, ""VEA"": 1.5, ""VEU"": 2, ""VNQ"": 1.5, ""VTI"": 1, ""VWO"": 2}",0.03000000,tests/data/2026-08-24-net15,3,13612W,0.00570682,0.02030766,0.00421373,0.01855443,52915.31691656,40000.00000000,12915.31691656,0.32288292,0.09516264,0.09072378,0.89458672,0.10834625,1.26898539,1.09145602,-0.08718871,144,2020,0.25868479,2022,-0.02102371,1663893.61405197,219.64162762,5.29186179,0.00549104,0.31634380,0.00000000,0.07097218,0.00000000,0.08721761,0.00000000,0.10284636,0.00000000,0.13385830,0.00000000,0.06509161,0.00000000,0.03818300,0.00000000,0.10881946,0.00000000,0.07089723,0.00000000
ROT SPY+IWM+VEA+VWO+VNQ+DBC+IEF+TLT top3 12M can TIP/1 fb best(BIL+IEF),sens,sens_2018-01-03,2018-01-03,2023-01-03,false,true,"{""*"": 6, ""ACWX"": 3, ""AGG"": 1, ""BIL"": 1, ""BND"": 1.5, ""BTAL"": 6, ""DBC"": 3, ""DBMF"": 3, ""EEM"": 1, ""EFA"": 1, ""IEF"": 1, ""IWM"": 1, ""KMLM"": 6, ""LQD"": 1.5, ""QQQ"": 1, ""SCZ"": 5, ""SHY"": 1, ""SPY"": 0.7, ""TIP"": 2, ""TLT"": 1, ""TQQQ"": 1.5, ""VEA"": 1.5, ""VEU"": 2, ""VNQ"": 1.5, ""VTI"": 1, ""VWO"": 2}",0.03000000,tests/data/2026-08-24-net15,3,12M,0.00731066,0.02846218,0.00489684,0.01941405,52473.29934402,40000.00000000,12473.29934402,0.31183248,0.08057577,0.08798341,0.76729411,0.10890879,1.04596319,0.54988040,-0.14653327,193,2021,0.21140310,2023,0.00010953,673901.24648172,82.82765103,2.29555018,0.00207069,0.24558246,0.00000000,0.08734547,0.00000000,0.08142383,0.00000000,0.09185435,0.00000000,0.18198416,0.00000000,0.11403654,0.00000000,0.01630732,0.00000000,0.11422957,0.00000000,0.05989605,0.00000000
ROT SPY+IWM+VEA+VWO+VNQ+DBC+IEF+TLT top4 1-3-6-12U can TIP/1 fb best(BIL+IEF),sens,sens_2018-01-03,2018-01-03,2023-01-03,false,true,"{""*"": 6, ""ACWX"": 3, ""AGG"": 1, ""BIL"": 1, ""BND"": 1.5, ""BTAL"": 6, ""DBC"": 3, ""DBMF"": 3, ""EEM"": 1, ""EFA"": 1, ""IEF"": 1, ""IWM"": 1, ""KMLM"": 6, ""LQD"": 1.5, ""QQQ"": 1, ""SCZ"": 5, ""SHY"": 1, ""SPY"": 0.7, ""TIP"": 2, ""TLT"": 1, ""TQQQ"": 1.5, ""VEA"": 1.5, ""VEU"": 2, ""VNQ"": 1.5, ""VTI"": 1, ""VWO"": 2}",0.03000000,tests/data/2026-08-24-net15,4,1-3-6-12U,0.00831865,0.03197517,0.00520891,0.01780279,58628.89599425,40000.00000000,18628.89599425,0.46572240,0.11468833,0.12434858,1.09432296,0.10436644,1.53837891,1.19252712,-0.09617251,342,2021,0.23312127,2023,0.00010955,885226.68997087,114.56212410,2.77147383,0.00286405,0.26589820,0.00000000,0.07775611,0.00000000,0.11001404,0.00000000,0.09686049,0.00000000,0.14366647,0.00000000,0.07302704,0.00000000,0.05713759,0.00000000,0.10192386,0.00000000,0.06536045,0.00000000
ROT SPY+IWM+VEA+VWO+VNQ+DBC+IEF+TLT top4 13612W can TIP/1 fb best(BIL+IEF),sens,sens_2018-01-03,2018-01-03,2023-01-03,false,true,"{""*"": 6, ""ACWX"": 3, ""AGG"": 1, ""BIL"": 1, ""BND"": 1.5, ""BTAL"": 6, ""DBC"": 3, ""DBMF"": 3, ""EEM"": 1, ""EFA"": 1, ""IEF"": 1, ""IWM"": 1, ""KMLM"": 6, ""LQD"": 1.5, ""QQQ"": 1, ""SCZ"": 5, ""SHY"": 1, ""SPY"": 0.7, ""TIP"": 2, ""TLT"": 1, ""TQQQ"": 1.5, ""VEA"": 1.5, ""VEU"": 2, ""VNQ"": 1.5, ""VTI"": 1, ""VWO"": 2}",0.03000000,tests/data/2026-08-24-net15,4,13612W,0.00725404,0.03468286,0.00449898,0.01706868,50680.12068479,40000.00000000,10680.12068479,0.26700302,0.08232532,0.07663994,0.83346651,0.10122745,1.15870767,0.82677155,-0.09957445,,2020,0.23211400,2022,-0.03218724,1549033.16037593,203.92521049,5.03939620,0.00509813,0.32317010,0.00000000,0.06547161,0.00000000,0.09802745,0.00000000,0.10101926,0.00000000,0.12801837,0.00000000,0.05662579,0.00000000,0.06542327,0.00000000,0.08550615,0.00000000,0.06942351,0.00000000
ROT SPY+IWM+VEA+VWO+VNQ+DBC+IEF+TLT top4 12M can TIP/1 fb best(BIL+IEF),sens,sens_2018-01-03,2018-01-03,2023-01-03,false,true,"{""*"": 6, ""ACWX"": 3, ""AGG"": 1, ""BIL"": 1, ""BND"": 1.5, ""BTAL"": 6, ""DBC"": 3, ""DBMF"": 3, ""EEM"": 1, ""EFA"": 1, ""IEF"": 1, ""IWM"": 1, ""KMLM"": 6, ""LQD"": 1.5, ""QQQ"": 1, ""SCZ"": 5, ""SHY"": 1, ""SPY"": 0.7, ""TIP"": 2, ""TLT"": 1, ""TQQQ"": 1.5, ""VEA"": 1.5, ""VEU"": 2, ""VNQ"": 1.5, ""VTI"": 1, ""VWO"": 2}",0.03000000,tests/data/2026-08-24-net15,4,12M,0.00871921,0.03315676,0.00527203,0.01759975,49453.02029942,40000.00000000,9453.02029942,0.23632551,0.06490088,0.06865831,0.63399154,0.10870099,0.84872491,0.37034811,-0.17524291,325,2021,0.18514071,2022,-0.02024569,534776.76379309,67.58605510,1.86211406,0.00168965,0.24552147,0.00000000,0.06548999,0.00000000,0.11001447,0.00000000,0.09271066,0.00000000,0.17206817,0.00000000,0.08927653,0.00000000,0.05718651,0.00000000,0.09362630,0.00000000,0.06536164,0.00000000
ROT SPY+IWM+VEA+VWO+VNQ+DBC+IEF+TLT top5 1-3-6-12U can TIP/1 fb best(BIL+IEF),sens,sens_2018-01-03,2018-01-03,2023-01-03,false,true,"{""*"": 6, ""ACWX"": 3, ""AGG"": 1, ""BIL"": 1, ""BND"": 1.5, ""BTAL"": 6, ""DBC"": 3, ""DBMF"": 3, ""EEM"": 1, ""EFA"": 1, ""IEF"": 1, ""IWM"": 1, ""KMLM"": 6, ""LQD"": 1.5, ""QQQ"": 1, ""SCZ"": 5, ""SHY"": 1, ""SPY"": 0.7, ""TIP"": 2, ""TLT"": 1, ""TQQQ"": 1.5, ""VEA"": 1.5, ""VEU"": 2, ""VNQ"": 1.5, ""VTI"": 1, ""VWO"": 2}",0.03000000,tests/data/2026-08-24-net15,5,1-3-6-12U,0.00932541,0.02612311,0.00549017,0.01734822,56096.72276418,40000.00000000,16096.72276418,0.40241807,0.10148449,0.10984018,1.03100665,0.09862828,1.45308022,1.12658138,-0.09008181,171,2021,0.21029252,2023,0.00010933,787982.68419957,103.68119915,2.52258886,0.00259203,0.27173200,0.00000000,0.07528797,0.00000000,0.11090705,0.00000000,0.09995955,0.00000000,0.12982180,0.00000000,0.06790225,0.00000000,0.08823046,0.00000000,0.08801002,0.00000000,0.05878831,0.00000000
ROT SPY+IWM+VEA+VWO+VNQ+DBC+IEF+TLT top5 13612W can TIP/1 fb best(BIL+IEF),sens,sens_2018-01-03,2018-01-03,2023-01-03,false,true,"{""*"": 6, ""ACWX"": 3, ""AGG"": 1, ""BIL"": 1, ""BND"": 1.5, ""BTAL"": 6, ""DBC"": 3, ""DBMF"": 3, ""EEM"": 1, ""EFA"": 1, ""IEF"": 1, ""IWM"": 1, ""KMLM"": 6, ""LQD"": 1.5, ""QQQ"": 1, ""SCZ"": 5, ""SHY"": 1, ""SPY"": 0.7, ""TIP"": 2, ""TLT"": 1, ""TQQQ"": 1.5, ""VEA"": 1.5, ""VEU"": 2, ""VNQ"": 1.5, ""VTI"": 1, ""VWO"": 2}",0.03000000,tests/data/2026-08-24-net15,5,13612W,0.00832118,0.03705192,0.00488608,0.01722812,49218.77252691,40000.00000000,9218.77252691,0.23046931,0.07386942,0.06711351,0.81942922,0.09232041,1.13082765,0.68528403,-0.10779388,,2020,0.21913343,2022,-0.04560278,1423218.54967971,185.70968752,4.70733882,0.00464274,0.32725239,0.00000000,0.07201831,0.00000000,0.11421889,0.00000000,0.09038212,0.00000000,0.11123170,0.00000000,0.06447001,0.00000000,0.07516719,0.00000000,0.07806817,0.00000000,0.05881428,0.00000000
ROT SPY+IWM+VEA+VWO+VNQ+DBC+IEF+TLT top5 12M can TIP/1 fb best(BIL+IEF),sens,sens_2018-01-03,2018-01-03,2023-01-03,false,true,"{""*"": 6, ""ACWX"": 3, ""AGG"": 1, ""BIL"": 1, ""BND"": 1.5, ""BTAL"": 6, ""DBC"": 3, ""DBMF"": 3, ""EEM"": 1, ""EFA"": 1, ""IEF"": 1, ""IWM"": 1, ""KMLM"": 6, ""LQD"": 1.5, ""QQQ"": 1, ""SCZ"": 5, ""SHY"": 1, ""SPY"": 0.7, ""TIP"": 2, ""TLT"": 1, ""TQQQ"": 1.5, ""VEA"": 1.5, ""VEU"": 2, ""VNQ"": 1.5, ""VTI"": 1, ""VWO"": 2}",0.03000000,tests/data/2026-08-24-net15,5,12M,0.00957421,0.02664922,0.00528575,0.01278418,45878.57830007,40000.00000000,5878.57830007,0.14696446,0.03961048,0.04429649,0.41785071,0.10687664,0.54297681,0.18593545,-0.21303349,454,2021,0.16080209,2020,-0.03730681,493770.85955460,65.07814886,1.82637828,0.00162695,0.25527343,0.00000000,0.06543253,0.00000000,0.12715960,0.00000000,0.08051826,0.00000000,0.13988148,0.00000000,0.08084044,0.00000000,0.08812231,0.00000000,0.07805269,0.00000000,0.07511791,0.00000000
SPY12.5/IWM12.5/VEA12.5/VWO12.5/VNQ12.5/DBC12.5/IEF12.5/TLT12.5,sens,sens_2018-01-03,2018-01-03,2023-01-03,true,true,"{""*"": 6, ""ACWX"": 3, ""AGG"": 1, ""BIL"": 1, ""BND"": 1.5, ""BTAL"": 6, ""DBC"": 3, ""DBMF"": 3, ""EEM"": 1, ""EFA"": 1, ""IEF"": 1, ""IWM"": 1, ""KMLM"": 6, ""LQD"": 1.5, ""QQQ"": 1, ""SCZ"": 5, ""SHY"": 1, ""SPY"": 0.7, ""TIP"": 2, ""TLT"": 1, ""TQQQ"": 1.5, ""VEA"": 1.5, ""VEU"": 2, ""VNQ"": 1.5, ""VTI"": 1, ""VWO"": 2}",0.03000000,tests/data/2026-08-24-net15,,,0.01730948,0.03931975,0.00696062,0.02020347,43416.46731293,40000.00000000,3416.46731293,0.08541168,0.03290785,0.02644526,0.30960832,0.13385610,0.41208217,0.13388128,-0.24579872,191,2019,0.19918015,2022,-0.15970209,64590.30570452,9.55498043,0.22910126,0.00023887,,,0.12465686,0.12379075,0.12305580,0.11996012,0.12153786,0.11272325,0.11878024,0.10479653,0.12265070,0.11735512,0.12430710,0.12150275,0.12356342,0.12063572,0.12413491,0.12200392
ROT SPY top1 1-3-6-12U can TIP/1 fb best(BIL+IEF),sens,sens_2018-01-03,2018-01-03,2023-01-03,true,true,"{""*"": 6, ""ACWX"": 3, ""AGG"": 1, ""BIL"": 1, ""BND"": 1.5, ""BTAL"": 6, ""DBC"": 3, ""DBMF"": 3, ""EEM"": 1, ""EFA"": 1, ""IEF"": 1, ""IWM"": 1, ""KMLM"": 6, ""LQD"": 1.5, ""QQQ"": 1, ""SCZ"": 5, ""SHY"": 1, ""SPY"": 0.7, ""TIP"": 2, ""TLT"": 1, ""TQQQ"": 1.5, ""VEA"": 1.5, ""VEU"": 2, ""VNQ"": 1.5, ""VTI"": 1, ""VWO"": 2}",0.03000000,tests/data/2026-08-24-net15,,,0.00488683,0.01631696,0.00490728,0.01639910,63681.07837070,40000.00000000,23681.07837070,0.59202696,0.14932740,0.15164401,1.16326052,0.12679085,1.59319352,1.11390656,-0.13405738,107,2021,0.28400770,2022,-0.00669764,745843.92769639,63.62620514,2.14357292,0.00159066,0.26201589,0.00000000,,,0.06537230,0.00000000,,,0.66770453,0.00000000,,,,,,,,
SPY benchmark,sens,sens_2018-01-03,2018-01-03,2023-01-03,true,true,"{""*"": 6, ""ACWX"": 3, ""AGG"": 1, ""BIL"": 1, ""BND"": 1.5, ""BTAL"": 6, ""DBC"": 3, ""DBMF"": 3, ""EEM"": 1, ""EFA"": 1, ""IEF"": 1, ""IWM"": 1, ""KMLM"": 6, ""LQD"": 1.5, ""QQQ"": 1, ""SCZ"": 5, ""SHY"": 1, ""SPY"": 0.7, ""TIP"": 2, ""TLT"": 1, ""TQQQ"": 1.5, ""VEA"": 1.5, ""VEU"": 2, ""VNQ"": 1.5, ""VTI"": 1, ""VWO"": 2}",0.03000000,tests/data/2026-08-24-net15,,,0.00599019,0.01202681,0.00599144,0.01202812,50772.82943411,40000.00000000,10772.82943411,0.26932074,0.08572069,0.07723556,0.49193175,0.21439699,0.67745590,0.25514055,-0.33597439,173,2019,0.30575270,2022,-0.18346109,39839.06163598,2.78873431,0.12439080,0.00006972,,,,,,,,,0.99400856,0.98797188,,,,,,,,
ROT SPY+IWM+VEA+VWO+VNQ+DBC+IEF+TLT top3 1-3-6-12U can TIP/1 fb best(BIL+IEF),sens,sens_2018-07-03,2018-07-03,2023-07-03,false,true,"{""*"": 6, ""ACWX"": 3, ""AGG"": 1, ""BIL"": 1, ""BND"": 1.5, ""BTAL"": 6, ""DBC"": 3, ""DBMF"": 3, ""EEM"": 1, ""EFA"": 1, ""IEF"": 1, ""IWM"": 1, ""KMLM"": 6, ""LQD"": 1.5, ""QQQ"": 1, ""SCZ"": 5, ""SHY"": 1, ""SPY"": 0.7, ""TIP"": 2, ""TLT"": 1, ""TQQQ"": 1.5, ""VEA"": 1.5, ""VEU"": 2, ""VNQ"": 1.5, ""VTI"": 1, ""VWO"": 2}",0.03000000,tests/data/2026-08-24-net15,3,1-3-6-12U,0.00711666,0.03099165,0.00496076,0.02313165,59682.92940243,40000.00000000,19682.92940243,0.49207324,0.12944940,0.13034286,1.17785531,0.10861578,1.70048495,1.17826033,-0.10986485,179,2021,0.24189143,2023,0.00919704,1108042.20192745,136.80463124,3.29480553,0.00342012,0.29475815,0.00000000,0.07098665,0.00000000,0.09235940,0.00000000,0.09171663,0.00000000,0.15499647,0.00000000,0.08668233,0.00000000,0.03273996,0.00000000,0.11407730,0.00000000,0.05453151,0.00000000
ROT SPY+IWM+VEA+VWO+VNQ+DBC+IEF+TLT top3 13612W can TIP/1 fb best(BIL+IEF),sens,sens_2018-07-03,2018-07-03,2023-07-03,false,true,"{""*"": 6, ""ACWX"": 3, ""AGG"": 1, ""BIL"": 1, ""BND"": 1.5, ""BTAL"": 6, ""DBC"": 3, ""DBMF"": 3, ""EEM"": 1, ""EFA"": 1, ""IEF"": 1, ""IWM"": 1, ""KMLM"": 6, ""LQD"": 1.5, ""QQQ"": 1, ""SCZ"": 5, ""SHY"": 1, ""SPY"": 0.7, ""TIP"": 2, ""TLT"": 1, ""TQQQ"": 1.5, ""VEA"": 1.5, ""VEU"": 2, ""VNQ"": 1.5, ""VTI"": 1, ""VWO"": 2}",0.03000000,tests/data/2026-08-24-net15,3,13612W,0.00648307,0.03084525,0.00439597,0.01577532,48291.94494624,40000.00000000,8291.94494624,0.20729862,0.07240541,0.06099456,0.70343804,0.10789316,0.99121017,0.57652825,-0.12558867,,2020,0.25784606,2023,-0.04560366,1739135.33711544,221.81154278,5.64964896,0.00554529,0.31648810,0.00000000,0.05462689,0.00000000,0.09243119,0.00000000,0.09173897,0.00000000,0.13929913,0.00000000,0.07015792,0.00000000,0.05454730,0.00000000,0.10874877,0.00000000,0.06541800,0.00000000
ROT SPY+IWM+VEA+VWO+VNQ+DBC+IEF+TLT top3 12M can TIP/1 fb best(BIL+IEF),sens,sens_2018-07-03,2018-07-03,2023-07-03,false,true,"{""*"": 6, ""ACWX"": 3, ""AGG"": 1, ""BIL"": 1, ""BND"": 1.5, ""BTAL"": 6, ""DBC"": 3, ""DBMF"": 3, ""EEM"": 1, ""EFA"": 1, ""IEF"": 1, ""IWM"": 1, ""KMLM"": 6, ""LQD"": 1.5, ""QQQ"": 1, ""SCZ"": 5, ""SHY"": 1, ""SPY"": 0.7, ""TIP"": 2, ""TLT"": 1, ""TQQQ"": 1.5, ""VEA"": 1.5, ""VEU"": 2, ""VNQ"": 1.5, ""VTI"": 1, ""VWO"": 2}",0.03000000,tests/data/2026-08-24-net15,3,12M,0.00713480,0.03099165,0.00491748,0.02313165,52286.48472470,40000.00000000,12286.48472470,0.30716212,0.08831453,0.08690514,0.88844280,0.10127026,1.23017090,0.61028881,-0.14470940,193,2021,0.21134780,2023,0.01928464,516469.96133427,63.84909750,1.71541673,0.00159623,0.31104838,0.00000000,0.08189411,0.00000000,0.08149859,0.00000000,0.08636535,0.00000000,0.16026343,0.00000000,0.11391240,0.00000000,0.00000000,0.00000000,0.11425851,0.00000000,0.04360257,0.00000000
ROT SPY+IWM+VEA+VWO+VNQ+DBC+IEF+TLT top4 1-3-6-12U can TIP/1 fb best(BIL+IEF),sens,sens_2018-07-03,2018-07-03,2023-07-03,false,true,"{""*"": 6, ""ACWX"": 3, ""AGG"": 1, ""BIL"": 1, ""BND"": 1.5, ""BTAL"": 6, ""DBC"": 3, ""DBMF"": 3, ""EEM"": 1, ""EFA"": 1, ""IEF"": 1, ""IWM"": 1, ""KMLM"": 6, ""LQD"": 1.5, ""QQQ"": 1, ""SCZ"": 5, ""SHY"": 1, ""SPY"": 0.7, ""TIP"": 2, ""TLT"": 1, ""TQQQ"": 1.5, ""VEA"": 1.5, ""VEU"": 2, ""VNQ"": 1.5, ""VTI"": 1, ""VWO"": 2}",0.03000000,tests/data/2026-08-24-net15,4,1-3-6-12U,0.00794620,0.03973371,0.00481483,0.02020444,56556.12527475,40000.00000000,16556.12527475,0.41390313,0.11400214,0.11262665,1.14687043,0.09860742,1.64394038,1.27698202,-0.08927466,167,2021,0.23377965,2023,0.00444683,911494.03067845,114.18644688,2.79805222,0.00285466,0.29879098,0.00000000,0.06548835,0.00000000,0.11812014,0.00000000,0.08484958,0.00000000,0.13967245,0.00000000,0.07290244,0.00000000,0.05318202,0.00000000,0.09775375,0.00000000,0.06126273,0.00000000
ROT SPY+IWM+VEA+VWO+VNQ+DBC+IEF+TLT top4 13612W can TIP/1 fb best(BIL+IEF),sens,sens_2018-07-03,2018-07-03,2023-07-03,false,true,"{""*"": 6, ""ACWX"": 3, ""AGG"": 1, ""BIL"": 1, ""BND"": 1.5, ""BTAL"": 6, ""DBC"": 3, ""DBMF"": 3, ""EEM"": 1, ""EFA"": 1, ""IEF"": 1, ""IWM"": 1, ""KMLM"": 6, ""LQD"": 1.5, ""QQQ"": 1, ""SCZ"": 5, ""SHY"": 1, ""SPY"": 0.7, ""TIP"": 2, ""TLT"": 1, ""TQQQ"": 1.5, ""VEA"": 1.5, ""VEU"": 2, ""VNQ"": 1.5, ""VTI"": 1, ""VWO"": 2}",0.03000000,tests/data/2026-08-24-net15,4,13612W,0.00732054,0.02703298,0.00456327,0.01634391,46894.81042084,40000.00000000,6894.81042084,0.17237026,0.06452900,0.05145302,0.66778728,0.10160389,0.92255327,0.48593726,-0.13279287,,2020,0.23366158,2023,-0.04164162,1622931.41749150,206.62126807,5.36312169,0.00516553,0.32335808,0.00000000,0.05320002,0.00000000,0.10608689,0.00000000,0.09713454,0.00000000,0.12753497,0.00000000,0.06089493,0.00000000,0.07360056,0.00000000,0.08545845,0.00000000,0.06535211,0.00000000
ROT SPY+IWM+VEA+VWO+VNQ+DBC+IEF+TLT top4 12M can TIP/1 fb best(BIL+IEF),sens,sens_2018-07-03,2018-07-03,2023-07-03,false,true,"{""*"": 6, ""ACWX"": 3, ""AGG"": 1, ""BIL"": 1, ""BND"": 1.5, ""BTAL"": 6, ""DBC"": 3, ""DBMF"": 3, ""EEM"": 1, ""EFA"": 1, ""IEF"": 1, ""IWM"": 1, ""KMLM"": 6, ""LQD"": 1.5, ""QQQ"": 1, ""SCZ"": 5, ""SHY"": 1, ""SPY"": 0.7, ""TIP"": 2, ""TLT"": 1, ""TQQQ"": 1.5, ""VEA"": 1.5, ""VEU"": 2, ""VNQ"": 1.5, ""VTI"": 1, ""VWO"": 2}",0.03000000,tests/data/2026-08-24-net15,4,12M,0.00884739,0.03273816,0.00546543,0.01928119,49562.77253463,40000.00000000,9562.77253463,0.23906931,0.07464453,0.06944977,0.76480987,0.10105694,1.03615861,0.42891818,-0.17402977,326,2021,0.18471818,2022,-0.02063689,392416.05586903,50.08780943,1.33612839,0.00125220,0.31108013,0.00000000,0.06139081,0.00000000,0.10977558,0.00000000,0.07654142,0.00000000,0.15554606,0.00000000,0.08910779,0.00000000,0.04489713,0.00000000,0.09372470,0.00000000,0.04907202,0.00000000
ROT SPY+IWM+VEA+VWO+VNQ+DBC+IEF+TLT top5 1-3-6-12U can TIP/1 fb best(BIL+IEF),sens,sens_2018-07-03,2018-07-03,2023-07-03,false,true,"{""*"": 6, ""ACWX"": 3, ""AGG"": 1, ""BIL"": 1, ""BND"": 1.5, ""BTAL"": 6, ""DBC"": 3, ""DBMF"": 3, ""EEM"": 1, ""EFA"": 1, ""IEF"": 1, ""IWM"": 1, ""KMLM"": 6, ""LQD"": 1.5, ""QQQ"": 1, ""SCZ"": 5, ""SHY"": 1, ""SPY"": 0.7, ""TIP"": 2, ""TLT"": 1, ""TQQQ"": 1.5, ""VEA"": 1.5, ""VEU"": 2, ""VNQ"": 1.5, ""VTI"": 1, ""VWO"": 2}",0.03000000,tests/data/2026-08-24-net15,5,1-3-6-12U,0.00953490,0.02849883,0.00507721,0.01424471,54354.57951906,40000.00000000,14354.57951906,0.35886449,0.10237869,0.09959906,1.09598351,0.09310735,1.57460145,1.15581888,-0.08857675,171,2021,0.21047751,2023,0.00142387,839579.04213219,105.80092034,2.63221862,0.00264502,0.30454512,0.00000000,0.06220177,0.00000000,0.12063050,0.00000000,0.08679933,0.00000000,0.12367381,0.00000000,0.07086155,0.00000000,0.08169901,0.00000000,0.08448976,0.00000000,0.05553412,0.00000000
ROT SPY+IWM+VEA+VWO+VNQ+DBC+IEF+TLT top5 13612W can TIP/1 fb best(BIL+IEF),sens,sens_2018-07-03,2018-07-03,2023-07-03,false,true,"{""*"": 6, ""ACWX"": 3, ""AGG"": 1, ""BIL"": 1, ""BND"": 1.5, ""BTAL"": 6, ""DBC"": 3, ""DBMF"": 3, ""EEM"": 1, ""EFA"": 1, ""IEF"": 1, ""IWM"": 1, ""KMLM"": 6, ""LQD"": 1.5, ""QQQ"": 1, ""SCZ"": 5, ""SHY"": 1, ""SPY"": 0.7, ""TIP"": 2, ""TLT"": 1, ""TQQQ"": 1.5, ""VEA"": 1.5, ""VEU"": 2, ""VNQ"": 1.5, ""VTI"": 1, ""VWO"": 2}",0.03000000,tests/data/2026-08-24-net15,5,13612W,0.00838985,0.02829107,0.00496252,0.01506837,45448.23856807,40000.00000000,5448.23856807,0.13620596,0.05661268,0.04128577,0.63912843,0.09316561,0.87629666,0.40585499,-0.13948991,,2020,0.21960723,2023,-0.04767029,1507423.76598906,191.41795790,5.06523489,0.00478545,0.32735124,0.00000000,0.06219671,0.00000000,0.12080298,0.00000000,0.08718524,0.00000000,0.11081863,0.00000000,0.06467840,0.00000000,0.07844245,0.00000000,0.07800651,0.00000000,0.06207331,0.00000000
ROT SPY+IWM+VEA+VWO+VNQ+DBC+IEF+TLT top5 12M can TIP/1 fb best(BIL+IEF),sens,sens_2018-07-03,2018-07-03,2023-07-03,false,true,"{""*"": 6, ""ACWX"": 3, ""AGG"": 1, ""BIL"": 1, ""BND"": 1.5, ""BTAL"": 6, ""DBC"": 3, ""DBMF"": 3, ""EEM"": 1, ""EFA"": 1, ""IEF"": 1, ""IWM"": 1, ""KMLM"": 6, ""LQD"": 1.5, ""QQQ"": 1, ""SCZ"": 5, ""SHY"": 1, ""SPY"": 0.7, ""TIP"": 2, ""TLT"": 1, ""TQQQ"": 1.5, ""VEA"": 1.5, ""VEU"": 2, ""VNQ"": 1.5, ""VTI"": 1, ""VWO"": 2}",0.03000000,tests/data/2026-08-24-net15,5,12M,0.00944923,0.02830102,0.00533751,0.01451570,46443.16362818,40000.00000000,6443.16362818,0.16107909,0.05030224,0.04831095,0.53833974,0.10090791,0.70410272,0.23567999,-0.21343448,454,2021,0.16064330,2020,-0.03741846,355946.18445915,46.96495579,1.28830993,0.00117412,0.32078955,0.00000000,0.05563219,0.00000000,0.12689568,0.00000000,0.06775488,0.00000000,0.12694911,0.00000000,0.07755945,0.00000000,0.07511853,0.00000000,0.07784384,0.00000000,0.06198914,0.00000000
SPY12.5/IWM12.5/VEA12.5/VWO12.5/VNQ12.5/DBC12.5/IEF12.5/TLT12.5,sens,sens_2018-07-03,2018-07-03,2023-07-03,true,true,"{""*"": 6, ""ACWX"": 3, ""AGG"": 1, ""BIL"": 1, ""BND"": 1.5, ""BTAL"": 6, ""DBC"": 3, ""DBMF"": 3, ""EEM"": 1, ""EFA"": 1, ""IEF"": 1, ""IWM"": 1, ""KMLM"": 6, ""LQD"": 1.5, ""QQQ"": 1, ""SCZ"": 5, ""SHY"": 1, ""SPY"": 0.7, ""TIP"": 2, ""TLT"": 1, ""TQQQ"": 1.5, ""VEA"": 1.5, ""VEU"": 2, ""VNQ"": 1.5, ""VTI"": 1, ""VWO"": 2}",0.03000000,tests/data/2026-08-24-net15,,,0.01818530,0.03824810,0.00754054,0.01834566,45036.15813313,40000.00000000,5036.15813313,0.12590395,0.04493533,0.03833318,0.39448952,0.13488887,0.52935621,0.18271117,-0.24593642,195,2019,0.19720624,2022,-0.15935289,64452.84136934,9.46990169,0.22833113,0.00023675,,,0.12465613,0.12368288,0.12278425,0.11806194,0.12207433,0.11346444,0.11824250,0.10665434,0.12233368,0.11676661,0.12419724,0.12164366,0.12346329,0.11941743,0.12405967,0.12163559
ROT SPY top1 1-3-6-12U can TIP/1 fb best(BIL+IEF),sens,sens_2018-07-03,2018-07-03,2023-07-03,true,true,"{""*"": 6, ""ACWX"": 3, ""AGG"": 1, ""BIL"": 1, ""BND"": 1.5, ""BTAL"": 6, ""DBC"": 3, ""DBMF"": 3, ""EEM"": 1, ""EFA"": 1, ""IEF"": 1, ""IWM"": 1, ""KMLM"": 6, ""LQD"": 1.5, ""QQQ"": 1, ""SCZ"": 5, ""SHY"": 1, ""SPY"": 0.7, ""TIP"": 2, ""TLT"": 1, ""TQQQ"": 1.5, ""VEA"": 1.5, ""VEU"": 2, ""VNQ"": 1.5, ""VTI"": 1, ""VWO"": 2}",0.03000000,tests/data/2026-08-24-net15,,,0.00478989,0.02286424,0.00480772,0.02289844,62398.40571584,40000.00000000,22398.40571584,0.55996014,0.15327491,0.14504619,1.23771620,0.12149234,1.72521332,1.14118008,-0.13431264,110,2021,0.28380398,2022,-0.00656905,810736.89927943,69.06976171,2.29684528,0.00172674,0.29473216,0.00000000,,,0.06546991,0.00000000,,,0.63499020,0.00000000,,,,,,,,
SPY benchmark,sens,sens_2018-07-03,2018-07-03,2023-07-03,true,true,"{""*"": 6, ""ACWX"": 3, ""AGG"": 1, ""BIL"": 1, ""BND"": 1.5, ""BTAL"": 6, ""DBC"": 3, ""DBMF"": 3, ""EEM"": 1, ""EFA"": 1, ""IEF"": 1, ""IWM"": 1, ""KMLM"": 6, ""LQD"": 1.5, ""QQQ"": 1, ""SCZ"": 5, ""SHY"": 1, ""SPY"": 0.7, ""TIP"": 2, ""TLT"": 1, ""TQQQ"": 1.5, ""VEA"": 1.5, ""VEU"": 2, ""VNQ"": 1.5, ""VTI"": 1, ""VWO"": 2}",0.03000000,tests/data/2026-08-24-net15,,,0.00662307,0.02286424,0.00662431,0.02289844,57483.56015721,40000.00000000,17483.56015721,0.43708900,0.11996352,0.11797416,0.64113422,0.21252607,0.89248723,0.35904377,-0.33411949,173,2019,0.30679729,2022,-0.18242534,39722.57226327,2.78058006,0.12311025,0.00006951,,,,,,,,,0.99337569,0.97710156,,,,,,,,
ROT SPY+IWM+VEA+VWO+VNQ+DBC+IEF+TLT top3 1-3-6-12U can TIP/1 fb best(BIL+IEF),sens,sens_2019-01-03,2019-01-03,2024-01-03,false,true,"{""*"": 6, ""ACWX"": 3, ""AGG"": 1, ""BIL"": 1, ""BND"": 1.5, ""BTAL"": 6, ""DBC"": 3, ""DBMF"": 3, ""EEM"": 1, ""EFA"": 1, ""IEF"": 1, ""IWM"": 1, ""KMLM"": 6, ""LQD"": 1.5, ""QQQ"": 1, ""SCZ"": 5, ""SHY"": 1, ""SPY"": 0.7, ""TIP"": 2, ""TLT"": 1, ""TQQQ"": 1.5, ""VEA"": 1.5, ""VEU"": 2, ""VNQ"": 1.5, ""VTI"": 1, ""VWO"": 2}",0.03000000,tests/data/2026-08-24-net15,3,1-3-6-12U,0.00655900,0.02130978,0.00443884,0.01368064,58752.90401862,40000.00000000,18752.90401862,0.46882260,0.12840403,0.12505980,1.17178888,0.10827186,1.69044591,1.16769981,-0.10996322,179,2021,0.24168847,2024,-0.02042365,1105142.18231084,138.17490761,3.27882540,0.00345437,0.31122153,0.00000000,0.06553190,0.00000000,0.09219119,0.00000000,0.08104297,0.00000000,0.15022382,0.00000000,0.08632849,0.00000000,0.03819214,0.00000000,0.10874227,0.00000000,0.05993314,0.00000000
ROT SPY+IWM+VEA+VWO+VNQ+DBC+IEF+TLT top3 13612W can TIP/1 fb best(BIL+IEF),sens,sens_2019-01-03,2019-01-03,2024-01-03,false,true,"{""*"": 6, ""ACWX"": 3, ""AGG"": 1, ""BIL"": 1, ""BND"": 1.5, ""BTAL"": 6, ""DBC"": 3, ""DBMF"": 3, ""EEM"": 1, ""EFA"": 1, ""IEF"": 1, ""IWM"": 1, ""KMLM"": 6, ""LQD"": 1.5, ""QQQ"": 1, ""SCZ"": 5, ""SHY"": 1, ""SPY"": 0.7, ""TIP"": 2, ""TLT"": 1, ""TQQQ"": 1.5, ""VEA"": 1.5, ""VEU"": 2, ""VNQ"": 1.5, ""VTI"": 1, ""VWO"": 2}",0.03000000,tests/data/2026-08-24-net15,3,13612W,0.00632081,0.02486761,0.00439813,0.01570556,49502.18597521,40000.00000000,9502.18597521,0.23755465,0.07732652,0.06899056,0.74303264,0.10829919,1.05164648,0.61965060,-0.12479052,,2020,0.25767812,2022,-0.02035802,1587498.85717147,201.33388099,5.25024321,0.00503335,0.33301558,0.00000000,0.05458787,0.00000000,0.07602680,0.00000000,0.08648791,0.00000000,0.13350308,0.00000000,0.07578343,0.00000000,0.05996547,0.00000000,0.10882877,0.00000000,0.06542333,0.00000000
ROT SPY+IWM+VEA+VWO+VNQ+DBC+IEF+TLT top3 12M can TIP/1 fb best(BIL+IEF),sens,sens_2019-01-03,2019-01-03,2024-01-03,false,true,"{""*"": 6, ""ACWX"": 3, ""AGG"": 1, ""BIL"": 1, ""BND"": 1.5, ""BTAL"": 6, ""DBC"": 3, ""DBMF"": 3, ""EEM"": 1, ""EFA"": 1, ""IEF"": 1, ""IWM"": 1, ""KMLM"": 6, ""LQD"": 1.5, ""QQQ"": 1, ""SCZ"": 5, ""SHY"": 1, ""SPY"": 0.7, ""TIP"": 2, ""TLT"": 1, ""TQQQ"": 1.5, ""VEA"": 1.5, ""VEU"": 2, ""VNQ"": 1.5, ""VTI"": 1, ""VWO"": 2}",0.03000000,tests/data/2026-08-24-net15,3,12M,0.00785147,0.03008466,0.00533299,0.02208445,48410.10479189,40000.00000000,8410.10479189,0.21025262,0.06953765,0.06173478,0.71511027,0.10135460,0.98504266,0.47561627,-0.14620536,193,2021,0.21121003,2024,-0.02161801,707179.93806984,84.41229952,2.36974655,0.00211031,0.32754827,0.00000000,0.06551016,0.00000000,0.08128538,0.00000000,0.07566335,0.00000000,0.15468329,0.00000000,0.11340982,0.00000000,0.01091833,0.00000000,0.11405485,0.00000000,0.04905032,0.00000000
ROT SPY+IWM+VEA+VWO+VNQ+DBC+IEF+TLT top4 1-3-6-12U can TIP/1 fb best(BIL+IEF),sens,sens_2019-01-03,2019-01-03,2024-01-03,false,true,"{""*"": 6, ""ACWX"": 3, ""AGG"": 1, ""BIL"": 1, ""BND"": 1.5, ""BTAL"": 6, ""DBC"": 3, ""DBMF"": 3, ""EEM"": 1, ""EFA"": 1, ""IEF"": 1, ""IWM"": 1, ""KMLM"": 6, ""LQD"": 1.5, ""QQQ"": 1, ""SCZ"": 5, ""SHY"": 1, ""SPY"": 0.7, ""TIP"": 2, ""TLT"": 1, ""TQQQ"": 1.5, ""VEA"": 1.5, ""VEU"": 2, ""VNQ"": 1.5, ""VTI"": 1, ""VWO"": 2}",0.03000000,tests/data/2026-08-24-net15,4,1-3-6-12U,0.00798817,0.03124140,0.00485524,0.02001356,56517.23001762,40000.00000000,16517.23001762,0.41293075,0.11444824,0.11230522,1.14830521,0.09877241,1.65047697,1.28452529,-0.08909770,167,2021,0.23362089,2024,-0.02008325,882608.35756731,110.67474587,2.71913245,0.00276687,0.31529270,0.00000000,0.05323633,0.00000000,0.11805861,0.00000000,0.07699540,0.00000000,0.13529076,0.00000000,0.07280341,0.00000000,0.06129826,0.00000000,0.09363160,0.00000000,0.06537502,0.00000000
ROT SPY+IWM+VEA+VWO+VNQ+DBC+IEF+TLT top4 13612W can TIP/1 fb best(BIL+IEF),sens,sens_2019-01-03,2019-01-03,2024-01-03,false,true,"{""*"": 6, ""ACWX"": 3, ""AGG"": 1, ""BIL"": 1, ""BND"": 1.5, ""BTAL"": 6, ""DBC"": 3, ""DBMF"": 3, ""EEM"": 1, ""EFA"": 1, ""IEF"": 1, ""IWM"": 1, ""KMLM"": 6, ""LQD"": 1.5, ""QQQ"": 1, ""SCZ"": 5, ""SHY"": 1, ""SPY"": 0.7, ""TIP"": 2, ""TLT"": 1, ""TQQQ"": 1.5, ""VEA"": 1.5, ""VEU"": 2, ""VNQ"": 1.5, ""VTI"": 1, ""VWO"": 2}",0.03000000,tests/data/2026-08-24-net15,4,13612W,0.00731907,0.03477893,0.00436233,0.01799080,47893.39251533,40000.00000000,7893.39251533,0.19733481,0.06915434,0.05824779,0.70853301,0.10185565,0.98297615,0.52136700,-0.13264042,,2020,0.23335241,2022,-0.03235860,1471763.39687762,187.89670886,4.95451504,0.00469742,0.33972762,0.00000000,0.04911734,0.00000000,0.08970290,0.00000000,0.09311198,0.00000000,0.12801646,0.00000000,0.06057520,0.00000000,0.07759323,0.00000000,0.08537591,0.00000000,0.06940567,0.00000000
ROT SPY+IWM+VEA+VWO+VNQ+DBC+IEF+TLT top4 12M can TIP/1 fb best(BIL+IEF),sens,sens_2019-01-03,2019-01-03,2024-01-03,false,true,"{""*"": 6, ""ACWX"": 3, ""AGG"": 1, ""BIL"": 1, ""BND"": 1.5, ""BTAL"": 6, ""DBC"": 3, ""DBMF"": 3, ""EEM"": 1, ""EFA"": 1, ""IEF"": 1, ""IWM"": 1, ""KMLM"": 6, ""LQD"": 1.5, ""QQQ"": 1, ""SCZ"": 5, ""SHY"": 1, ""SPY"": 0.7, ""TIP"": 2, ""TLT"": 1, ""TQQQ"": 1.5, ""VEA"": 1.5, ""VEU"": 2, ""VNQ"": 1.5, ""VTI"": 1, ""VWO"": 2}",0.03000000,tests/data/2026-08-24-net15,4,12M,0.00932979,0.03971267,0.00554420,0.01879222,45813.04510199,40000.00000000,5813.04510199,0.14532613,0.05582907,0.04383899,0.58593581,0.10172977,0.78846444,0.31968006,-0.17464046,326,2021,0.18507818,2022,-0.02009034,589766.68430956,70.91733596,2.03340566,0.00177293,0.32749236,0.00000000,0.04912740,0.00000000,0.10944014,0.00000000,0.07289575,0.00000000,0.15118949,0.00000000,0.08884818,0.00000000,0.04081995,0.00000000,0.09775058,0.00000000,0.05308655,0.00000000
ROT SPY+IWM+VEA+VWO+VNQ+DBC+IEF+TLT top5 1-3-6-12U can TIP/1 fb best(BIL+IEF),sens,sens_2019-01-03,2019-01-03,2024-01-03,false,true,"{""*"": 6, ""ACWX"": 3, ""AGG"": 1, ""BIL"": 1, ""BND"": 1.5, ""BTAL"": 6, ""DBC"": 3, ""DBMF"": 3, ""EEM"": 1, ""EFA"": 1, ""IEF"": 1, ""IWM"": 1, ""KMLM"": 6, ""LQD"": 1.5, ""QQQ"": 1, ""SCZ"": 5, ""SHY"": 1, ""SPY"": 0.7, ""TIP"": 2, ""TLT"": 1, ""TQQQ"": 1.5, ""VEA"": 1.5, ""VEU"": 2, ""VNQ"": 1.5, ""VTI"": 1, ""VWO"": 2}",0.03000000,tests/data/2026-08-24-net15,5,1-3-6-12U,0.01003045,0.03566974,0.00540879,0.01759432,55410.01824106,40000.00000000,15410.01824106,0.38525046,0.10923366,0.10581431,1.15298083,0.09388603,1.67029794,1.23162873,-0.08869041,171,2021,0.20997201,2024,-0.01891622,787225.66397727,98.43959245,2.47031870,0.00246099,0.31768370,0.00000000,0.05239953,0.00000000,0.12028980,0.00000000,0.08356234,0.00000000,0.12042613,0.00000000,0.06758140,0.00000000,0.08487846,0.00000000,0.08108603,0.00000000,0.06203485,0.00000000
ROT SPY+IWM+VEA+VWO+VNQ+DBC+IEF+TLT top5 13612W can TIP/1 fb best(BIL+IEF),sens,sens_2019-01-03,2019-01-03,2024-01-03,false,true,"{""*"": 6, ""ACWX"": 3, ""AGG"": 1, ""BIL"": 1, ""BND"": 1.5, ""BTAL"": 6, ""DBC"": 3, ""DBMF"": 3, ""EEM"": 1, ""EFA"": 1, ""IEF"": 1, ""IWM"": 1, ""KMLM"": 6, ""LQD"": 1.5, ""QQQ"": 1, ""SCZ"": 5, ""SHY"": 1, ""SPY"": 0.7, ""TIP"": 2, ""TLT"": 1, ""TQQQ"": 1.5, ""VEA"": 1.5, ""VEU"": 2, ""VNQ"": 1.5, ""VTI"": 1, ""VWO"": 2}",0.03000000,tests/data/2026-08-24-net15,5,13612W,0.00897934,0.03143008,0.00493363,0.01871831,47087.92981623,40000.00000000,7087.92981623,0.17719825,0.06325331,0.05274067,0.69928684,0.09419949,0.96716546,0.45352744,-0.13946964,,2020,0.22111241,2022,-0.04494698,1340116.61495520,169.89260136,4.60208020,0.00424732,0.34391264,0.00000000,0.05564044,0.00000000,0.10440056,0.00000000,0.08672660,0.00000000,0.11085737,0.00000000,0.06143171,0.00000000,0.08485547,0.00000000,0.07783433,0.00000000,0.06531233,0.00000000
ROT SPY+IWM+VEA+VWO+VNQ+DBC+IEF+TLT top5 12M can TIP/1 fb best(BIL+IEF),sens,sens_2019-01-03,2019-01-03,2024-01-03,false,true,"{""*"": 6, ""ACWX"": 3, ""AGG"": 1, ""BIL"": 1, ""BND"": 1.5, ""BTAL"": 6, ""DBC"": 3, ""DBMF"": 3, ""EEM"": 1, ""EFA"": 1, ""IEF"": 1, ""IWM"": 1, ""KMLM"": 6, ""LQD"": 1.5, ""QQQ"": 1, ""SCZ"": 5, ""SHY"": 1, ""SPY"": 0.7, ""TIP"": 2, ""TLT"": 1, ""TQQQ"": 1.5, ""VEA"": 1.5, ""VEU"": 2, ""VNQ"": 1.5, ""VTI"": 1, ""VWO"": 2}",0.03000000,tests/data/2026-08-24-net15,5,12M,0.01003030,0.02720674,0.00569258,0.01501801,43637.66696459,40000.00000000,3637.66696459,0.09094167,0.03568803,0.02809166,0.40330077,0.09942609,0.52520020,0.16976995,-0.21021408,454,2021,0.15977371,2020,-0.03723872,541328.13094857,69.58055870,1.97254416,0.00173951,0.33734321,0.00000000,0.04912164,0.00000000,0.12682670,0.00000000,0.06427045,0.00000000,0.12328078,0.00000000,0.07723597,0.00000000,0.07183326,0.00000000,0.07802587,0.00000000,0.06201049,0.00000000
SPY12.5/IWM12.5/VEA12.5/VWO12.5/VNQ12.5/DBC12.5/IEF12.5/TLT12.5,sens,sens_2019-01-03,2019-01-03,2024-01-03,true,true,"{""*"": 6, ""ACWX"": 3, ""AGG"": 1, ""BIL"": 1, ""BND"": 1.5, ""BTAL"": 6, ""DBC"": 3, ""DBMF"": 3, ""EEM"": 1, ""EFA"": 1, ""IEF"": 1, ""IWM"": 1, ""KMLM"": 6, ""LQD"": 1.5, ""QQQ"": 1, ""SCZ"": 5, ""SHY"": 1, ""SPY"": 0.7, ""TIP"": 2, ""TLT"": 1, ""TQQQ"": 1.5, ""VEA"": 1.5, ""VEU"": 2, ""VNQ"": 1.5, ""VTI"": 1, ""VWO"": 2}",0.03000000,tests/data/2026-08-24-net15,,,0.01852857,0.04019888,0.00768390,0.01840944,46613.25770969,40000.00000000,6613.25770969,0.16533144,0.06826519,0.04945334,0.55695739,0.13527657,0.75559192,0.28019835,-0.24363166,195,2019,0.20220629,2022,-0.16013404,62550.12629326,9.44953249,0.21502456,0.00023624,,,0.12467694,0.12399919,0.12268042,0.11699480,0.12188788,0.11624112,0.11783825,0.10659056,0.12247705,0.11692844,0.12427197,0.12327468,0.12339945,0.12023815,0.12423592,0.12207104
ROT SPY top1 1-3-6-12U can TIP/1 fb best(BIL+IEF),sens,sens_2019-01-03,2019-01-03,2024-01-03,true,true,"{""*"": 6, ""ACWX"": 3, ""AGG"": 1, ""BIL"": 1, ""BND"": 1.5, ""BTAL"": 6, ""DBC"": 3, ""DBMF"": 3, ""EEM"": 1, ""EFA"": 1, ""IEF"": 1, ""IWM"": 1, ""KMLM"": 6, ""LQD"": 1.5, ""QQQ"": 1, ""SCZ"": 5, ""SHY"": 1, ""SPY"": 0.7, ""TIP"": 2, ""TLT"": 1, ""TQQQ"": 1.5, ""VEA"": 1.5, ""VEU"": 2, ""VNQ"": 1.5, ""VTI"": 1, ""VWO"": 2}",0.03000000,tests/data/2026-08-24-net15,,,0.00455931,0.01451170,0.00457576,0.01451232,60804.13406841,40000.00000000,20804.13406841,0.52010335,0.14446052,0.13637337,1.17849129,0.12091884,1.63889844,1.08765853,-0.13281790,107,2021,0.28369394,2024,-0.01371508,764228.05470052,65.01577100,2.20709666,0.00162539,0.31121977,0.00000000,,,0.06530158,0.00000000,,,0.61890290,0.00000000,,,,,,,,
SPY benchmark,sens,sens_2019-01-03,2019-01-03,2024-01-03,true,true,"{""*"": 6, ""ACWX"": 3, ""AGG"": 1, ""BIL"": 1, ""BND"": 1.5, ""BTAL"": 6, ""DBC"": 3, ""DBMF"": 3, ""EEM"": 1, ""EFA"": 1, ""IEF"": 1, ""IWM"": 1, ""KMLM"": 6, ""LQD"": 1.5, ""QQQ"": 1, ""SCZ"": 5, ""SHY"": 1, ""SPY"": 0.7, ""TIP"": 2, ""TLT"": 1, ""TQQQ"": 1.5, ""VEA"": 1.5, ""VEU"": 2, ""VNQ"": 1.5, ""VTI"": 1, ""VWO"": 2}",0.03000000,tests/data/2026-08-24-net15,,,0.00587216,0.01874792,0.00587334,0.01874861,60616.98696768,40000.00000000,20616.98696768,0.51542467,0.15530550,0.13535588,0.79973859,0.20800019,1.11920167,0.46539218,-0.33370886,170,2019,0.33710726,2022,-0.18233140,39744.05943331,2.78208416,0.11612921,0.00006955,,,,,,,,,0.99412666,0.98125139,,,,,,,,
ROT SPY+IWM+VEA+VWO+VNQ+DBC+IEF+TLT top3 1-3-6-12U can TIP/1 fb best(BIL+IEF),sens,sens_2019-07-03,2019-07-03,2024-07-03,false,true,"{""*"": 6, ""ACWX"": 3, ""AGG"": 1, ""BIL"": 1, ""BND"": 1.5, ""BTAL"": 6, ""DBC"": 3, ""DBMF"": 3, ""EEM"": 1, ""EFA"": 1, ""IEF"": 1, ""IWM"": 1, ""KMLM"": 6, ""LQD"": 1.5, ""QQQ"": 1, ""SCZ"": 5, ""SHY"": 1, ""SPY"": 0.7, ""TIP"": 2, ""TLT"": 1, ""TQQQ"": 1.5, ""VEA"": 1.5, ""VEU"": 2, ""VNQ"": 1.5, ""VTI"": 1, ""VWO"": 2}",0.03000000,tests/data/2026-08-24-net15,3,1-3-6-12U,0.00686317,0.02718350,0.00487373,0.01909127,58606.63132928,40000.00000000,18606.63132928,0.46516578,0.13463564,0.12425802,1.19842155,0.11075461,1.73791132,1.23665298,-0.10887100,179,2021,0.24322735,2024,0.02671511,1255437.50908165,159.21129464,3.69703836,0.00398028,0.32759541,0.00000000,0.07098984,0.00000000,0.05971102,0.00000000,0.09757636,0.00000000,0.16605769,0.00000000,0.06439405,0.00000000,0.05997648,0.00000000,0.08144096,0.00000000,0.06535889,0.00000000
ROT SPY+IWM+VEA+VWO+VNQ+DBC+IEF+TLT top3 13612W can TIP/1 fb best(BIL+IEF),sens,sens_2019-07-03,2019-07-03,2024-07-03,false,true,"{""*"": 6, ""ACWX"": 3, ""AGG"": 1, ""BIL"": 1, ""BND"": 1.5, ""BTAL"": 6, ""DBC"": 3, ""DBMF"": 3, ""EEM"": 1, ""EFA"": 1, ""IEF"": 1, ""IWM"": 1, ""KMLM"": 6, ""LQD"": 1.5, ""QQQ"": 1, ""SCZ"": 5, ""SHY"": 1, ""SPY"": 0.7, ""TIP"": 2, ""TLT"": 1, ""TQQQ"": 1.5, ""VEA"": 1.5, ""VEU"": 2, ""VNQ"": 1.5, ""VTI"": 1, ""VWO"": 2}",0.03000000,tests/data/2026-08-24-net15,3,13612W,0.00635510,0.02404901,0.00462607,0.01810389,47214.86473261,40000.00000000,7214.86473261,0.18037162,0.07487324,0.05362459,0.72887913,0.10715105,1.03867281,0.59874807,-0.12504965,,2020,0.25629197,2024,-0.04102506,1832972.41630794,226.59371122,6.05321693,0.00566484,0.36578655,0.00000000,0.06007334,0.00000000,0.05973918,0.00000000,0.08078180,0.00000000,0.13904990,0.00000000,0.06481554,0.00000000,0.07635573,0.00000000,0.08696893,0.00000000,0.06001481,0.00000000
ROT SPY+IWM+VEA+VWO+VNQ+DBC+IEF+TLT top3 12M can TIP/1 fb best(BIL+IEF),sens,sens_2019-07-03,2019-07-03,2024-07-03,false,true,"{""*"": 6, ""ACWX"": 3, ""AGG"": 1, ""BIL"": 1, ""BND"": 1.5, ""BTAL"": 6, ""DBC"": 3, ""DBMF"": 3, ""EEM"": 1, ""EFA"": 1, ""IEF"": 1, ""IWM"": 1, ""KMLM"": 6, ""LQD"": 1.5, ""QQQ"": 1, ""SCZ"": 5, ""SHY"": 1, ""SPY"": 0.7, ""TIP"": 2, ""TLT"": 1, ""TQQQ"": 1.5, ""VEA"": 1.5, ""VEU"": 2, ""VNQ"": 1.5, ""VTI"": 1, ""VWO"": 2}",0.03000000,tests/data/2026-08-24-net15,3,12M,0.00818232,0.03303105,0.00541073,0.02212839,52058.47509743,40000.00000000,12058.47509743,0.30146188,0.08604620,0.08541753,0.85910664,0.10240313,1.19546506,0.60209540,-0.14291123,193,2021,0.20932679,2023,0.00691516,792507.96640142,93.92612143,2.66876398,0.00234815,0.34391912,0.00000000,0.06549574,0.00000000,0.06481491,0.00000000,0.08654667,0.00000000,0.15964666,0.00000000,0.09725127,0.00000000,0.03274859,0.00000000,0.08688175,0.00000000,0.05448865,0.00000000
ROT SPY+IWM+VEA+VWO+VNQ+DBC+IEF+TLT top4 1-3-6-12U can TIP/1 fb best(BIL+IEF),sens,sens_2019-07-03,2019-07-03,2024-07-03,false,true,"{""*"": 6, ""ACWX"": 3, ""AGG"": 1, ""BIL"": 1, ""BND"": 1.5, ""BTAL"": 6, ""DBC"": 3, ""DBMF"": 3, ""EEM"": 1, ""EFA"": 1, ""IEF"": 1, ""IWM"": 1, ""KMLM"": 6, ""LQD"": 1.5, ""QQQ"": 1, ""SCZ"": 5, ""SHY"": 1, ""SPY"": 0.7, ""TIP"": 2, ""TLT"": 1, ""TQQQ"": 1.5, ""VEA"": 1.5, ""VEU"": 2, ""VNQ"": 1.5, ""VTI"": 1, ""VWO"": 2}",0.03000000,tests/data/2026-08-24-net15,4,1-3-6-12U,0.00861980,0.02930557,0.00531625,0.01821653,55645.39891330,40000.00000000,15645.39891330,0.39113497,0.11880771,0.10722143,1.16424881,0.10102588,1.67613377,1.35505788,-0.08767722,167,2021,0.23348566,2024,0.00602233,1040387.49628164,132.18307527,3.17472212,0.00330458,0.33164879,0.00000000,0.05732772,0.00000000,0.08524058,0.00000000,0.08900145,0.00000000,0.14322137,0.00000000,0.05641893,0.00000000,0.08168745,0.00000000,0.07731145,0.00000000,0.06949159,0.00000000
ROT SPY+IWM+VEA+VWO+VNQ+DBC+IEF+TLT top4 13612W can TIP/1 fb best(BIL+IEF),sens,sens_2019-07-03,2019-07-03,2024-07-03,false,true,"{""*"": 6, ""ACWX"": 3, ""AGG"": 1, ""BIL"": 1, ""BND"": 1.5, ""BTAL"": 6, ""DBC"": 3, ""DBMF"": 3, ""EEM"": 1, ""EFA"": 1, ""IEF"": 1, ""IWM"": 1, ""KMLM"": 6, ""LQD"": 1.5, ""QQQ"": 1, ""SCZ"": 5, ""SHY"": 1, ""SPY"": 0.7, ""TIP"": 2, ""TLT"": 1, ""TQQQ"": 1.5, ""VEA"": 1.5, ""VEU"": 2, ""VNQ"": 1.5, ""VTI"": 1, ""VWO"": 2}",0.03000000,tests/data/2026-08-24-net15,4,13612W,0.00816597,0.02730783,0.00505082,0.01775841,46563.37962498,40000.00000000,6563.37962498,0.16408449,0.06929253,0.04911550,0.71740856,0.10065524,1.00401837,0.52223500,-0.13268457,,2020,0.23192542,2022,-0.03177191,1656074.67540994,209.20176915,5.59264933,0.00523004,0.37249762,0.00000000,0.05321269,0.00000000,0.07321175,0.00000000,0.08887958,0.00000000,0.12720664,0.00000000,0.05655512,0.00000000,0.08573072,0.00000000,0.06919085,0.00000000,0.06529336,0.00000000
ROT SPY+IWM+VEA+VWO+VNQ+DBC+IEF+TLT top4 12M can TIP/1 fb best(BIL+IEF),sens,sens_2019-07-03,2019-07-03,2024-07-03,false,true,"{""*"": 6, ""ACWX"": 3, ""AGG"": 1, ""BIL"": 1, ""BND"": 1.5, ""BTAL"": 6, ""DBC"": 3, ""DBMF"": 3, ""EEM"": 1, ""EFA"": 1, ""IEF"": 1, ""IWM"": 1, ""KMLM"": 6, ""LQD"": 1.5, ""QQQ"": 1, ""SCZ"": 5, ""SHY"": 1, ""SPY"": 0.7, ""TIP"": 2, ""TLT"": 1, ""TQQQ"": 1.5, ""VEA"": 1.5, ""VEU"": 2, ""VNQ"": 1.5, ""VTI"": 1, ""VWO"": 2}",0.03000000,tests/data/2026-08-24-net15,4,12M,0.01001938,0.03554232,0.00590423,0.01964720,47972.22844789,40000.00000000,7972.22844789,0.19930571,0.06083534,0.05879307,0.62915336,0.10243632,0.85248179,0.35437034,-0.17167164,325,2021,0.18415285,2022,-0.02003164,708124.85867320,85.50686207,2.49984296,0.00213767,0.34800074,0.00000000,0.04910503,0.00000000,0.08515017,0.00000000,0.08474043,0.00000000,0.15062821,0.00000000,0.07264597,0.00000000,0.05720541,0.00000000,0.07710540,0.00000000,0.06537736,0.00000000
ROT SPY+IWM+VEA+VWO+VNQ+DBC+IEF+TLT top5 1-3-6-12U can TIP/1 fb best(BIL+IEF),sens,sens_2019-07-03,2019-07-03,2024-07-03,false,true,"{""*"": 6, ""ACWX"": 3, ""AGG"": 1, ""BIL"": 1, ""BND"": 1.5, ""BTAL"": 6, ""DBC"": 3, ""DBMF"": 3, ""EEM"": 1, ""EFA"": 1, ""IEF"": 1, ""IWM"": 1, ""KMLM"": 6, ""LQD"": 1.5, ""QQQ"": 1, ""SCZ"": 5, ""SHY"": 1, ""SPY"": 0.7, ""TIP"": 2, ""TLT"": 1, ""TQQQ"": 1.5, ""VEA"": 1.5, ""VEU"": 2, ""VNQ"": 1.5, ""VTI"": 1, ""VWO"": 2}",0.03000000,tests/data/2026-08-24-net15,5,1-3-6-12U,0.01027730,0.03825773,0.00568685,0.01888725,54248.83225949,40000.00000000,14248.83225949,0.35622081,0.10811996,0.09889240,1.11060767,0.09686959,1.59967525,1.21992532,-0.08862834,171,2021,0.20990283,2024,0.00642260,885552.40295367,112.22239719,2.78291350,0.00280556,0.33401410,0.00000000,0.05894030,0.00000000,0.08788896,0.00000000,0.09323779,0.00000000,0.12310498,0.00000000,0.05127844,0.00000000,0.10128013,0.00000000,0.07467331,0.00000000,0.06527701,0.00000000
ROT SPY+IWM+VEA+VWO+VNQ+DBC+IEF+TLT top5 13612W can TIP/1 fb best(BIL+IEF),sens,sens_2019-07-03,2019-07-03,2024-07-03,false,true,"{""*"": 6, ""ACWX"": 3, ""AGG"": 1, ""BIL"": 1, ""BND"": 1.5, ""BTAL"": 6, ""DBC"": 3, ""DBMF"": 3, ""EEM"": 1, ""EFA"": 1, ""IEF"": 1, ""IWM"": 1, ""KMLM"": 6, ""LQD"": 1.5, ""QQQ"": 1, ""SCZ"": 5, ""SHY"": 1, ""SPY"": 0.7, ""TIP"": 2, ""TLT"": 1, ""TQQQ"": 1.5, ""VEA"": 1.5, ""VEU"": 2, ""VNQ"": 1.5, ""VTI"": 1, ""VWO"": 2}",0.03000000,tests/data/2026-08-24-net15,5,13612W,0.00946143,0.03408358,0.00510610,0.01870550,45733.40004919,40000.00000000,5733.40004919,0.14333500,0.06034385,0.04328357,0.67000669,0.09427772,0.92862820,0.43509370,-0.13869162,,2020,0.21881189,2022,-0.04467993,1507250.48204286,189.30197803,5.22155559,0.00473255,0.37652142,0.00000000,0.05892119,0.00000000,0.08117083,0.00000000,0.08659421,0.00000000,0.11087535,0.00000000,0.05808013,0.00000000,0.08486938,0.00000000,0.07145761,0.00000000,0.06199768,0.00000000
ROT SPY+IWM+VEA+VWO+VNQ+DBC+IEF+TLT top5 12M can TIP/1 fb best(BIL+IEF),sens,sens_2019-07-03,2019-07-03,2024-07-03,false,true,"{""*"": 6, ""ACWX"": 3, ""AGG"": 1, ""BIL"": 1, ""BND"": 1.5, ""BTAL"": 6, ""DBC"": 3, ""DBMF"": 3, ""EEM"": 1, ""EFA"": 1, ""IEF"": 1, ""IWM"": 1, ""KMLM"": 6, ""LQD"": 1.5, ""QQQ"": 1, ""SCZ"": 5, ""SHY"": 1, ""SPY"": 0.7, ""TIP"": 2, ""TLT"": 1, ""TQQQ"": 1.5, ""VEA"": 1.5, ""VEU"": 2, ""VNQ"": 1.5, ""VTI"": 1, ""VWO"": 2}",0.03000000,tests/data/2026-08-24-net15,5,12M,0.01113364,0.03997861,0.00608020,0.02130979,45551.57268645,40000.00000000,5551.57268645,0.13878932,0.03841026,0.04199253,0.42305258,0.10156018,0.55190243,0.17928357,-0.21424303,454,2021,0.15983874,2020,-0.03797757,676930.29691086,87.66235535,2.52005877,0.00219156,0.36018938,0.00000000,0.05564964,0.00000000,0.10046717,0.00000000,0.06752189,0.00000000,0.12281010,0.00000000,0.06075030,0.00000000,0.08486288,0.00000000,0.06474683,0.00000000,0.07184387,0.00000000
SPY12.5/IWM12.5/VEA12.5/VWO12.5/VNQ12.5/DBC12.5/IEF12.5/TLT12.5,sens,sens_2019-07-03,2019-07-03,2024-07-03,true,true,"{""*"": 6, ""ACWX"": 3, ""AGG"": 1, ""BIL"": 1, ""BND"": 1.5, ""BTAL"": 6, ""DBC"": 3, ""DBMF"": 3, ""EEM"": 1, ""EFA"": 1, ""IEF"": 1, ""IWM"": 1, ""KMLM"": 6, ""LQD"": 1.5, ""QQQ"": 1, ""SCZ"": 5, ""SHY"": 1, ""SPY"": 0.7, ""TIP"": 2, ""TLT"": 1, ""TQQQ"": 1.5, ""VEA"": 1.5, ""VEU"": 2, ""VNQ"": 1.5, ""VTI"": 1, ""VWO"": 2}",0.03000000,tests/data/2026-08-24-net15,,,0.02014892,0.05155649,0.00827029,0.01992246,46173.48449216,40000.00000000,6173.48449216,0.15433711,0.04952505,0.04638826,0.42544296,0.13558309,0.57484160,0.20436941,-0.24233105,191,2021,0.15066835,2022,-0.15888321,58541.37833775,8.83255716,0.21321069,0.00022081,,,0.12464890,0.12395090,0.12264470,0.11748656,0.12102203,0.11206037,0.11756238,0.10507754,0.12235731,0.11498962,0.12410883,0.12203352,0.12333749,0.12016727,0.12416591,0.12227782
ROT SPY top1 1-3-6-12U can TIP/1 fb best(BIL+IEF),sens,sens_2019-07-03,2019-07-03,2024-07-03,true,true,"{""*"": 6, ""ACWX"": 3, ""AGG"": 1, ""BIL"": 1, ""BND"": 1.5, ""BTAL"": 6, ""DBC"": 3, ""DBMF"": 3, ""EEM"": 1, ""EFA"": 1, ""IEF"": 1, ""IWM"": 1, ""KMLM"": 6, ""LQD"": 1.5, ""QQQ"": 1, ""SCZ"": 5, ""SHY"": 1, ""SPY"": 0.7, ""TIP"": 2, ""TLT"": 1, ""TQQQ"": 1.5, ""VEA"": 1.5, ""VEU"": 2, ""VNQ"": 1.5, ""VTI"": 1, ""VWO"": 2}",0.03000000,tests/data/2026-08-24-net15,,,0.00481556,0.01882444,0.00483048,0.01882524,64306.34861974,40000.00000000,24306.34861974,0.60765872,0.16103316,0.15492286,1.29567925,0.12118795,1.81896849,1.21599878,-0.13242871,107,2021,0.28247682,2022,-0.00646818,845181.37803927,71.61706414,2.43769770,0.00179043,0.32759922,0.00000000,,,0.03269102,0.00000000,,,0.63487928,0.00000000,,,,,,,,
SPY benchmark,sens,sens_2019-07-03,2019-07-03,2024-07-03,true,true,"{""*"": 6, ""ACWX"": 3, ""AGG"": 1, ""BIL"": 1, ""BND"": 1.5, ""BTAL"": 6, ""DBC"": 3, ""DBMF"": 3, ""EEM"": 1, ""EFA"": 1, ""IEF"": 1, ""IWM"": 1, ""KMLM"": 6, ""LQD"": 1.5, ""QQQ"": 1, ""SCZ"": 5, ""SHY"": 1, ""SPY"": 0.7, ""TIP"": 2, ""TLT"": 1, ""TQQQ"": 1.5, ""VEA"": 1.5, ""VEU"": 2, ""VNQ"": 1.5, ""VTI"": 1, ""VWO"": 2}",0.03000000,tests/data/2026-08-24-net15,,,0.00648914,0.01882444,0.00649037,0.01882524,63889.29601020,40000.00000000,23889.29601020,0.59723240,0.14498274,0.15276562,0.76045722,0.20664864,1.06215380,0.43559571,-0.33283784,173,2021,0.28279000,2022,-0.18309715,39924.31580107,2.79470211,0.12473889,0.00006987,,,,,,,,,0.99350963,0.98117476,,,,,,,,
ROT SPY+IWM+VEA+VWO+VNQ+DBC+IEF+TLT top3 1-3-6-12U can TIP/1 fb best(BIL+IEF),sens,sens_2020-01-03,2020-01-03,2025-01-03,false,true,"{""*"": 6, ""ACWX"": 3, ""AGG"": 1, ""BIL"": 1, ""BND"": 1.5, ""BTAL"": 6, ""DBC"": 3, ""DBMF"": 3, ""EEM"": 1, ""EFA"": 1, ""IEF"": 1, ""IWM"": 1, ""KMLM"": 6, ""LQD"": 1.5, ""QQQ"": 1, ""SCZ"": 5, ""SHY"": 1, ""SPY"": 0.7, ""TIP"": 2, ""TLT"": 1, ""TQQQ"": 1.5, ""VEA"": 1.5, ""VEU"": 2, ""VNQ"": 1.5, ""VTI"": 1, ""VWO"": 2}",0.03000000,tests/data/2026-08-24-net15,3,1-3-6-12U,0.00690315,0.02981970,0.00505356,0.02031476,55022.24385632,40000.00000000,15022.24385632,0.37555610,0.12248945,0.10344741,1.05709625,0.11591052,1.52127993,1.13030737,-0.10836826,179,2021,0.24108428,2025,0.00032800,1333372.70902187,173.37331640,3.98577857,0.00433433,0.34387423,0.00000000,0.07096079,0.00000000,0.04343628,0.00000000,0.10840950,0.00000000,0.17612243,0.00000000,0.03779795,0.00000000,0.06003034,0.00000000,0.08156527,0.00000000,0.07086090,0.00000000
ROT SPY+IWM+VEA+VWO+VNQ+DBC+IEF+TLT top3 13612W can TIP/1 fb best(BIL+IEF),sens,sens_2020-01-03,2020-01-03,2025-01-03,false,true,"{""*"": 6, ""ACWX"": 3, ""AGG"": 1, ""BIL"": 1, ""BND"": 1.5, ""BTAL"": 6, ""DBC"": 3, ""DBMF"": 3, ""EEM"": 1, ""EFA"": 1, ""IEF"": 1, ""IWM"": 1, ""KMLM"": 6, ""LQD"": 1.5, ""QQQ"": 1, ""SCZ"": 5, ""SHY"": 1, ""SPY"": 0.7, ""TIP"": 2, ""TLT"": 1, ""TQQQ"": 1.5, ""VEA"": 1.5, ""VEU"": 2, ""VNQ"": 1.5, ""VTI"": 1, ""VWO"": 2}",0.03000000,tests/data/2026-08-24-net15,3,13612W,0.00706445,0.02852633,0.00508099,0.02012142,42192.72558208,40000.00000000,2192.72558208,0.05481814,0.04635112,0.01720136,0.46422350,0.11111615,0.65137796,0.30228517,-0.15333574,,2020,0.24324298,2024,-0.10334123,1880732.12357556,233.80668120,6.47849582,0.00584517,0.39839393,0.00000000,0.06004831,0.00000000,0.05420875,0.00000000,0.08099940,0.00000000,0.13825772,0.00000000,0.04312401,0.00000000,0.06541279,0.00000000,0.08703738,0.00000000,0.06539060,0.00000000
ROT SPY+IWM+VEA+VWO+VNQ+DBC+IEF+TLT top3 12M can TIP/1 fb best(BIL+IEF),sens,sens_2020-01-03,2020-01-03,2025-01-03,false,true,"{""*"": 6, ""ACWX"": 3, ""AGG"": 1, ""BIL"": 1, ""BND"": 1.5, ""BTAL"": 6, ""DBC"": 3, ""DBMF"": 3, ""EEM"": 1, ""EFA"": 1, ""IEF"": 1, ""IWM"": 1, ""KMLM"": 6, ""LQD"": 1.5, ""QQQ"": 1, ""SCZ"": 5, ""SHY"": 1, ""SPY"": 0.7, ""TIP"": 2, ""TLT"": 1, ""TQQQ"": 1.5, ""VEA"": 1.5, ""VEU"": 2, ""VNQ"": 1.5, ""VTI"": 1, ""VWO"": 2}",0.03000000,tests/data/2026-08-24-net15,3,12M,0.00802128,0.03043298,0.00553347,0.02065320,51328.17825916,40000.00000000,11328.17825916,0.28320446,0.08396376,0.08074167,0.78781713,0.11029867,1.09142740,0.57962754,-0.14485812,193,2021,0.21086749,2023,0.00702944,779613.02439713,96.55539476,2.61319784,0.00241388,0.34385667,0.00000000,0.06549838,0.00000000,0.04313506,0.00000000,0.11907255,0.00000000,0.18152336,0.00000000,0.06470359,0.00000000,0.03819375,0.00000000,0.07609179,0.00000000,0.05987814,0.00000000
ROT SPY+IWM+VEA+VWO+VNQ+DBC+IEF+TLT top4 1-3-6-12U can TIP/1 fb best(BIL+IEF),sens,sens_2020-01-03,2020-01-03,2025-01-03,false,true,"{""*"": 6, ""ACWX"": 3, ""AGG"": 1, ""BIL"": 1, ""BND"": 1.5, ""BTAL"": 6, ""DBC"": 3, ""DBMF"": 3, ""EEM"": 1, ""EFA"": 1, ""IEF"": 1, ""IWM"": 1, ""KMLM"": 6, ""LQD"": 1.5, ""QQQ"": 1, ""SCZ"": 5, ""SHY"": 1, ""SPY"": 0.7, ""TIP"": 2, ""TLT"": 1, ""TQQQ"": 1.5, ""VEA"": 1.5, ""VEU"": 2, ""VNQ"": 1.5, ""VTI"": 1, ""VWO"": 2}",0.03000000,tests/data/2026-08-24-net15,4,1-3-6-12U,0.00886208,0.03592475,0.00542425,0.01750794,52611.54971732,40000.00000000,12611.54971732,0.31528874,0.10774074,0.08879820,1.00967449,0.10726926,1.43774884,1.10397657,-0.09759332,202,2021,0.23309302,2025,0.00032810,1062330.18743437,137.94363029,3.29109938,0.00344859,0.34798699,0.00000000,0.05728684,0.00000000,0.06892742,0.00000000,0.10503464,0.00000000,0.13910373,0.00000000,0.03197938,0.00000000,0.08168927,0.00000000,0.07742876,0.00000000,0.08166797,0.00000000
ROT SPY+IWM+VEA+VWO+VNQ+DBC+IEF+TLT top4 13612W can TIP/1 fb best(BIL+IEF),sens,sens_2020-01-03,2020-01-03,2025-01-03,false,true,"{""*"": 6, ""ACWX"": 3, ""AGG"": 1, ""BIL"": 1, ""BND"": 1.5, ""BTAL"": 6, ""DBC"": 3, ""DBMF"": 3, ""EEM"": 1, ""EFA"": 1, ""IEF"": 1, ""IWM"": 1, ""KMLM"": 6, ""LQD"": 1.5, ""QQQ"": 1, ""SCZ"": 5, ""SHY"": 1, ""SPY"": 0.7, ""TIP"": 2, ""TLT"": 1, ""TQQQ"": 1.5, ""VEA"": 1.5, ""VEU"": 2, ""VNQ"": 1.5, ""VTI"": 1, ""VWO"": 2}",0.03000000,tests/data/2026-08-24-net15,4,13612W,0.00825709,0.03101210,0.00537233,0.01890883,42224.67149318,40000.00000000,2224.67149318,0.05561679,0.04177269,0.01744556,0.44411687,0.10469451,0.61395506,0.30190494,-0.13836372,,2020,0.22614318,2024,-0.06974124,1753630.64126037,218.41753895,6.18968382,0.00546044,0.40516025,0.00000000,0.05318978,0.00000000,0.06505285,0.00000000,0.09297778,0.00000000,0.12311659,0.00000000,0.04828147,0.00000000,0.07759834,0.00000000,0.06924506,0.00000000,0.05706064,0.00000000
ROT SPY+IWM+VEA+VWO+VNQ+DBC+IEF+TLT top4 12M can TIP/1 fb best(BIL+IEF),sens,sens_2020-01-03,2020-01-03,2025-01-03,false,true,"{""*"": 6, ""ACWX"": 3, ""AGG"": 1, ""BIL"": 1, ""BND"": 1.5, ""BTAL"": 6, ""DBC"": 3, ""DBMF"": 3, ""EEM"": 1, ""EFA"": 1, ""IEF"": 1, ""IWM"": 1, ""KMLM"": 6, ""LQD"": 1.5, ""QQQ"": 1, ""SCZ"": 5, ""SHY"": 1, ""SPY"": 0.7, ""TIP"": 2, ""TLT"": 1, ""TQQQ"": 1.5, ""VEA"": 1.5, ""VEU"": 2, ""VNQ"": 1.5, ""VTI"": 1, ""VWO"": 2}",0.03000000,tests/data/2026-08-24-net15,4,12M,0.01047416,0.03888550,0.00678372,0.02140457,48578.37951824,40000.00000000,8578.37951824,0.21445949,0.06256416,0.06282304,0.61146883,0.10925244,0.82859104,0.36601815,-0.17093185,325,2021,0.18443774,2022,-0.02045512,666660.13950570,83.18992887,2.35051734,0.00207975,0.34790012,0.00000000,0.04907868,0.00000000,0.06081400,0.00000000,0.10914267,0.00000000,0.14992093,0.00000000,0.04828536,0.00000000,0.06537686,0.00000000,0.07736183,0.00000000,0.08162287,0.00000000
ROT SPY+IWM+VEA+VWO+VNQ+DBC+IEF+TLT top5 1-3-6-12U can TIP/1 fb best(BIL+IEF),sens,sens_2020-01-03,2020-01-03,2025-01-03,false,true,"{""*"": 6, ""ACWX"": 3, ""AGG"": 1, ""BIL"": 1, ""BND"": 1.5, ""BTAL"": 6, ""DBC"": 3, ""DBMF"": 3, ""EEM"": 1, ""EFA"": 1, ""IEF"": 1, ""IWM"": 1, ""KMLM"": 6, ""LQD"": 1.5, ""QQQ"": 1, ""SCZ"": 5, ""SHY"": 1, ""SPY"": 0.7, ""TIP"": 2, ""TLT"": 1, ""TQQQ"": 1.5, ""VEA"": 1.5, ""VEU"": 2, ""VNQ"": 1.5, ""VTI"": 1, ""VWO"": 2}",0.03000000,tests/data/2026-08-24-net15,5,1-3-6-12U,0.01011469,0.04584719,0.00616484,0.02690017,52397.68116748,40000.00000000,12397.68116748,0.30994203,0.10379163,0.08746847,1.01215098,0.10302640,1.44830850,1.18273264,-0.08775578,511,2021,0.20846161,2025,0.00032803,901208.15628460,114.72080906,2.84433208,0.00286802,0.35042118,0.00000000,0.05890524,0.00000000,0.07151948,0.00000000,0.09980485,0.00000000,0.11937173,0.00000000,0.03537425,0.00000000,0.10115990,0.00000000,0.07156046,0.00000000,0.08173939,0.00000000
ROT SPY+IWM+VEA+VWO+VNQ+DBC+IEF+TLT top5 13612W can TIP/1 fb best(BIL+IEF),sens,sens_2020-01-03,2020-01-03,2025-01-03,false,true,"{""*"": 6, ""ACWX"": 3, ""AGG"": 1, ""BIL"": 1, ""BND"": 1.5, ""BTAL"": 6, ""DBC"": 3, ""DBMF"": 3, ""EEM"": 1, ""EFA"": 1, ""IEF"": 1, ""IWM"": 1, ""KMLM"": 6, ""LQD"": 1.5, ""QQQ"": 1, ""SCZ"": 5, ""SHY"": 1, ""SPY"": 0.7, ""TIP"": 2, ""TLT"": 1, ""TQQQ"": 1.5, ""VEA"": 1.5, ""VEU"": 2, ""VNQ"": 1.5, ""VTI"": 1, ""VWO"": 2}",0.03000000,tests/data/2026-08-24-net15,5,13612W,0.00998811,0.04067016,0.00648554,0.02293826,42986.44023074,40000.00000000,2986.44023074,0.07466101,0.04376920,0.02321695,0.49230852,0.09670768,0.67831842,0.31412488,-0.13933693,,2020,0.21750861,2022,-0.04544299,1613897.04692560,199.11007852,5.76232551,0.00497775,0.40922652,0.00000000,0.05891839,0.00000000,0.07157796,0.00000000,0.08695315,0.00000000,0.10278039,0.00000000,0.05832718,0.00000000,0.07837727,0.00000000,0.06502849,0.00000000,0.05876728,0.00000000
ROT SPY+IWM+VEA+VWO+VNQ+DBC+IEF+TLT top5 12M can TIP/1 fb best(BIL+IEF),sens,sens_2020-01-03,2020-01-03,2025-01-03,false,true,"{""*"": 6, ""ACWX"": 3, ""AGG"": 1, ""BIL"": 1, ""BND"": 1.5, ""BTAL"": 6, ""DBC"": 3, ""DBMF"": 3, ""EEM"": 1, ""EFA"": 1, ""IEF"": 1, ""IWM"": 1, ""KMLM"": 6, ""LQD"": 1.5, ""QQQ"": 1, ""SCZ"": 5, ""SHY"": 1, ""SPY"": 0.7, ""TIP"": 2, ""TLT"": 1, ""TQQQ"": 1.5, ""VEA"": 1.5, ""VEU"": 2, ""VNQ"": 1.5, ""VTI"": 1, ""VWO"": 2}",0.03000000,tests/data/2026-08-24-net15,5,12M,0.01121517,0.04584719,0.00671949,0.02690017,45731.46419143,40000.00000000,5731.46419143,0.14328660,0.03626254,0.04323395,0.38878314,0.10648952,0.51043879,0.17484108,-0.20740285,389,2021,0.15922280,2020,-0.03158579,603221.03712275,79.48402373,2.24079478,0.00198710,0.36011472,0.00000000,0.05564736,0.00000000,0.07471865,0.00000000,0.08686499,0.00000000,0.12224401,0.00000000,0.04151266,0.00000000,0.10125911,0.00000000,0.06487518,0.00000000,0.08152533,0.00000000
SPY12.5/IWM12.5/VEA12.5/VWO12.5/VNQ12.5/DBC12.5/IEF12.5/TLT12.5,sens,sens_2020-01-03,2020-01-03,2025-01-03,true,true,"{""*"": 6, ""ACWX"": 3, ""AGG"": 1, ""BIL"": 1, ""BND"": 1.5, ""BTAL"": 6, ""DBC"": 3, ""DBMF"": 3, ""EEM"": 1, ""EFA"": 1, ""IEF"": 1, ""IWM"": 1, ""KMLM"": 6, ""LQD"": 1.5, ""QQQ"": 1, ""SCZ"": 5, ""SHY"": 1, ""SPY"": 0.7, ""TIP"": 2, ""TLT"": 1, ""TQQQ"": 1.5, ""VEA"": 1.5, ""VEU"": 2, ""VNQ"": 1.5, ""VTI"": 1, ""VWO"": 2}",0.03000000,tests/data/2026-08-24-net15,,,0.02021457,0.05597537,0.00885955,0.02015240,45697.74406588,40000.00000000,5697.74406588,0.14244360,0.04390645,0.04299508,0.38380588,0.13664416,0.51946069,0.18386304,-0.23879978,188,2021,0.14950775,2022,-0.15843541,60311.69356534,9.05988303,0.22191026,0.00022650,,,0.12464108,0.12390286,0.12281991,0.11644336,0.12143471,0.11519719,0.11709847,0.10484760,0.12234295,0.11326728,0.12402751,0.12201721,0.12333378,0.11790627,0.12408338,0.12161293
ROT SPY top1 1-3-6-12U can TIP/1 fb best(BIL+IEF),sens,sens_2020-01-03,2020-01-03,2025-01-03,true,true,"{""*"": 6, ""ACWX"": 3, ""AGG"": 1, ""BIL"": 1, ""BND"": 1.5, ""BTAL"": 6, ""DBC"": 3, ""DBMF"": 3, ""EEM"": 1, ""EFA"": 1, ""IEF"": 1, ""IWM"": 1, ""KMLM"": 6, ""LQD"": 1.5, ""QQQ"": 1, ""SCZ"": 5, ""SHY"": 1, ""SPY"": 0.7, ""TIP"": 2, ""TLT"": 1, ""TQQQ"": 1.5, ""VEA"": 1.5, ""VEU"": 2, ""VNQ"": 1.5, ""VTI"": 1, ""VWO"": 2}",0.03000000,tests/data/2026-08-24-net15,,,0.00512378,0.01928838,0.00514006,0.01937051,63225.66443337,40000.00000000,23225.66443337,0.58064161,0.15606968,0.14919197,1.24417561,0.12292184,1.74631141,1.16724961,-0.13370720,110,2021,0.28220560,2022,-0.00685093,847699.64342835,71.83291449,2.48415769,0.00179582,0.34395090,0.00000000,,,0.03271590,0.00000000,,,0.61819314,0.00000000,,,,,,,,
SPY benchmark,sens,sens_2020-01-03,2020-01-03,2025-01-03,true,true,"{""*"": 6, ""ACWX"": 3, ""AGG"": 1, ""BIL"": 1, ""BND"": 1.5, ""BTAL"": 6, ""DBC"": 3, ""DBMF"": 3, ""EEM"": 1, ""EFA"": 1, ""IEF"": 1, ""IWM"": 1, ""KMLM"": 6, ""LQD"": 1.5, ""QQQ"": 1, ""SCZ"": 5, ""SHY"": 1, ""SPY"": 0.7, ""TIP"": 2, ""TLT"": 1, ""TQQQ"": 1.5, ""VEA"": 1.5, ""VEU"": 2, ""VNQ"": 1.5, ""VTI"": 1, ""VWO"": 2}",0.03000000,tests/data/2026-08-24-net15,,,0.00727444,0.01837760,0.00727567,0.01837842,64098.60236288,40000.00000000,24098.60236288,0.60246506,0.14320158,0.15373261,0.74743375,0.20874618,1.04471353,0.42536576,-0.33665516,173,2021,0.28286123,2022,-0.18106724,39528.67319861,2.76700712,0.12301764,0.00006918,,,,,,,,,0.99272433,0.98162158,,,,,,,,
ROT SPY+IWM+VEA+VWO+VNQ+DBC+IEF+TLT top3 1-3-6-12U can TIP/1 fb best(BIL+IEF),sens,sens_2020-07-06,2020-07-06,2025-07-03,false,true,"{""*"": 6, ""ACWX"": 3, ""AGG"": 1, ""BIL"": 1, ""BND"": 1.5, ""BTAL"": 6, ""DBC"": 3, ""DBMF"": 3, ""EEM"": 1, ""EFA"": 1, ""IEF"": 1, ""IWM"": 1, ""KMLM"": 6, ""LQD"": 1.5, ""QQQ"": 1, ""SCZ"": 5, ""SHY"": 1, ""SPY"": 0.7, ""TIP"": 2, ""TLT"": 1, ""TQQQ"": 1.5, ""VEA"": 1.5, ""VEU"": 2, ""VNQ"": 1.5, ""VTI"": 1, ""VWO"": 2}",0.03000000,tests/data/2026-08-24-net15,3,1-3-6-12U,0.00656353,0.03389083,0.00500679,0.02313461,53604.34970562,40000.00000000,13604.34970562,0.34010874,0.12475245,0.09509596,1.07020758,0.11645650,1.54356906,0.62894792,-0.19835101,,2021,0.24292535,2025,0.02356630,1395271.36651573,182.76518291,4.26206791,0.00456913,0.34385550,0.00000000,0.07644107,0.00000000,0.01632318,0.00000000,0.10816751,0.00000000,0.17634898,0.00000000,0.01076270,0.00000000,0.08183800,0.00000000,0.08157836,0.00000000,0.09807945,0.00000000
ROT SPY+IWM+VEA+VWO+VNQ+DBC+IEF+TLT top3 13612W can TIP/1 fb best(BIL+IEF),sens,sens_2020-07-06,2020-07-06,2025-07-03,false,true,"{""*"": 6, ""ACWX"": 3, ""AGG"": 1, ""BIL"": 1, ""BND"": 1.5, ""BTAL"": 6, ""DBC"": 3, ""DBMF"": 3, ""EEM"": 1, ""EFA"": 1, ""IEF"": 1, ""IWM"": 1, ""KMLM"": 6, ""LQD"": 1.5, ""QQQ"": 1, ""SCZ"": 5, ""SHY"": 1, ""SPY"": 0.7, ""TIP"": 2, ""TLT"": 1, ""TQQQ"": 1.5, ""VEA"": 1.5, ""VEU"": 2, ""VNQ"": 1.5, ""VTI"": 1, ""VWO"": 2}",0.03000000,tests/data/2026-08-24-net15,3,13612W,0.00850129,0.03087870,0.00643634,0.02423476,42422.67450522,40000.00000000,2422.67450522,0.06056686,0.04445093,0.01899280,0.44720592,0.11134999,0.62273190,0.17504705,-0.25393702,,2020,0.18399030,2024,-0.10253274,1789900.58489520,223.39146863,6.50777550,0.00558479,0.39825686,0.00000000,0.06001603,0.00000000,0.01634871,0.00000000,0.08579430,0.00000000,0.13178535,0.00000000,0.02703374,0.00000000,0.09810226,0.00000000,0.09236925,0.00000000,0.08172903,0.00000000
ROT SPY+IWM+VEA+VWO+VNQ+DBC+IEF+TLT top3 12M can TIP/1 fb best(BIL+IEF),sens,sens_2020-07-06,2020-07-06,2025-07-03,false,true,"{""*"": 6, ""ACWX"": 3, ""AGG"": 1, ""BIL"": 1, ""BND"": 1.5, ""BTAL"": 6, ""DBC"": 3, ""DBMF"": 3, ""EEM"": 1, ""EFA"": 1, ""IEF"": 1, ""IWM"": 1, ""KMLM"": 6, ""LQD"": 1.5, ""QQQ"": 1, ""SCZ"": 5, ""SHY"": 1, ""SPY"": 0.7, ""TIP"": 2, ""TLT"": 1, ""TQQQ"": 1.5, ""VEA"": 1.5, ""VEU"": 2, ""VNQ"": 1.5, ""VTI"": 1, ""VWO"": 2}",0.03000000,tests/data/2026-08-24-net15,3,12M,0.00861477,0.03753395,0.00594447,0.02313461,52481.57977100,40000.00000000,12481.57977100,0.31203949,0.09712699,0.08816703,0.84113950,0.11885006,1.20778080,0.50729893,-0.19145909,,2021,0.20841355,2023,0.00697211,766192.47432640,98.52801602,2.56216696,0.00246320,0.34387791,0.00000000,0.06549234,0.00000000,0.01612216,0.00000000,0.11831705,0.00000000,0.18665253,0.00000000,0.03756838,0.00000000,0.05455304,0.00000000,0.08155852,0.00000000,0.08721746,0.00000000
ROT SPY+IWM+VEA+VWO+VNQ+DBC+IEF+TLT top4 1-3-6-12U can TIP/1 fb best(BIL+IEF),sens,sens_2020-07-06,2020-07-06,2025-07-03,false,true,"{""*"": 6, ""ACWX"": 3, ""AGG"": 1, ""BIL"": 1, ""BND"": 1.5, ""BTAL"": 6, ""DBC"": 3, ""DBMF"": 3, ""EEM"": 1, ""EFA"": 1, ""IEF"": 1, ""IWM"": 1, ""KMLM"": 6, ""LQD"": 1.5, ""QQQ"": 1, ""SCZ"": 5, ""SHY"": 1, ""SPY"": 0.7, ""TIP"": 2, ""TLT"": 1, ""TQQQ"": 1.5, ""VEA"": 1.5, ""VEU"": 2, ""VNQ"": 1.5, ""VTI"": 1, ""VWO"": 2}",0.03000000,tests/data/2026-08-24-net15,4,1-3-6-12U,0.00976945,0.03981622,0.00607090,0.02498403,52257.63171062,40000.00000000,12257.63171062,0.30644079,0.10838260,0.08676844,1.03276802,0.10524499,1.46576840,0.74555289,-0.14537211,,2021,0.23119383,2024,0.00579394,1144660.07676813,150.08685616,3.66859694,0.00375217,0.34787147,0.00000000,0.06546454,0.00000000,0.03650831,0.00000000,0.10840629,0.00000000,0.13831384,0.00000000,0.01218133,0.00000000,0.09805443,0.00000000,0.08141670,0.00000000,0.10197813,0.00000000
ROT SPY+IWM+VEA+VWO+VNQ+DBC+IEF+TLT top4 13612W can TIP/1 fb best(BIL+IEF),sens,sens_2020-07-06,2020-07-06,2025-07-03,false,true,"{""*"": 6, ""ACWX"": 3, ""AGG"": 1, ""BIL"": 1, ""BND"": 1.5, ""BTAL"": 6, ""DBC"": 3, ""DBMF"": 3, ""EEM"": 1, ""EFA"": 1, ""IEF"": 1, ""IWM"": 1, ""KMLM"": 6, ""LQD"": 1.5, ""QQQ"": 1, ""SCZ"": 5, ""SHY"": 1, ""SPY"": 0.7, ""TIP"": 2, ""TLT"": 1, ""TQQQ"": 1.5, ""VEA"": 1.5, ""VEU"": 2, ""VNQ"": 1.5, ""VTI"": 1, ""VWO"": 2}",0.03000000,tests/data/2026-08-24-net15,4,13612W,0.00735372,0.03094467,0.00493102,0.02105498,42981.91090742,40000.00000000,2981.91090742,0.07454777,0.04081207,0.02322890,0.45240824,0.09959986,0.62260193,0.19815919,-0.20595597,,2020,0.15713500,2024,-0.06949045,1684745.05083393,212.71600204,6.26867840,0.00531790,0.40513655,0.00000000,0.05730075,0.00000000,0.04085184,0.00000000,0.09264825,0.00000000,0.11929387,0.00000000,0.03656491,0.00000000,0.10216321,0.00000000,0.06925751,0.00000000,0.06936807,0.00000000
ROT SPY+IWM+VEA+VWO+VNQ+DBC+IEF+TLT top4 12M can TIP/1 fb best(BIL+IEF),sens,sens_2020-07-06,2020-07-06,2025-07-03,false,true,"{""*"": 6, ""ACWX"": 3, ""AGG"": 1, ""BIL"": 1, ""BND"": 1.5, ""BTAL"": 6, ""DBC"": 3, ""DBMF"": 3, ""EEM"": 1, ""EFA"": 1, ""IEF"": 1, ""IWM"": 1, ""KMLM"": 6, ""LQD"": 1.5, ""QQQ"": 1, ""SCZ"": 5, ""SHY"": 1, ""SPY"": 0.7, ""TIP"": 2, ""TLT"": 1, ""TQQQ"": 1.5, ""VEA"": 1.5, ""VEU"": 2, ""VNQ"": 1.5, ""VTI"": 1, ""VWO"": 2}",0.03000000,tests/data/2026-08-24-net15,4,12M,0.01056671,0.04151034,0.00699985,0.02333053,51765.10430434,40000.00000000,11765.10430434,0.29412761,0.09050710,0.08367269,0.82742341,0.11261274,1.19428637,0.56085158,-0.16137442,182,2021,0.18509910,2022,-0.01904615,608589.10531068,76.23741693,2.09418935,0.00190594,0.34792215,0.00000000,0.04910710,0.00000000,0.02400735,0.00000000,0.10897236,0.00000000,0.15362380,0.00000000,0.02834028,0.00000000,0.08170071,0.00000000,0.08956974,0.00000000,0.10616896,0.00000000
ROT SPY+IWM+VEA+VWO+VNQ+DBC+IEF+TLT top5 1-3-6-12U can TIP/1 fb best(BIL+IEF),sens,sens_2020-07-06,2020-07-06,2025-07-03,false,true,"{""*"": 6, ""ACWX"": 3, ""AGG"": 1, ""BIL"": 1, ""BND"": 1.5, ""BTAL"": 6, ""DBC"": 3, ""DBMF"": 3, ""EEM"": 1, ""EFA"": 1, ""IEF"": 1, ""IWM"": 1, ""KMLM"": 6, ""LQD"": 1.5, ""QQQ"": 1, ""SCZ"": 5, ""SHY"": 1, ""SPY"": 0.7, ""TIP"": 2, ""TLT"": 1, ""TQQQ"": 1.5, ""VEA"": 1.5, ""VEU"": 2, ""VNQ"": 1.5, ""VTI"": 1, ""VWO"": 2}",0.03000000,tests/data/2026-08-24-net15,5,1-3-6-12U,0.01045940,0.04891364,0.00628872,0.02263411,51581.32450657,40000.00000000,11581.32450657,0.28953311,0.10380619,0.08251048,1.01462979,0.10278227,1.44627776,0.72097563,-0.14398017,,2021,0.20870819,2022,0.00970236,940969.10336297,120.11438739,3.04809109,0.00300286,0.35036895,0.00000000,0.06544552,0.00000000,0.03552477,0.00000000,0.10270253,0.00000000,0.11927615,0.00000000,0.02248629,0.00000000,0.11416043,0.00000000,0.08148841,0.00000000,0.09805761,0.00000000
ROT SPY+IWM+VEA+VWO+VNQ+DBC+IEF+TLT top5 13612W can TIP/1 fb best(BIL+IEF),sens,sens_2020-07-06,2020-07-06,2025-07-03,false,true,"{""*"": 6, ""ACWX"": 3, ""AGG"": 1, ""BIL"": 1, ""BND"": 1.5, ""BTAL"": 6, ""DBC"": 3, ""DBMF"": 3, ""EEM"": 1, ""EFA"": 1, ""IEF"": 1, ""IWM"": 1, ""KMLM"": 6, ""LQD"": 1.5, ""QQQ"": 1, ""SCZ"": 5, ""SHY"": 1, ""SPY"": 0.7, ""TIP"": 2, ""TLT"": 1, ""TQQQ"": 1.5, ""VEA"": 1.5, ""VEU"": 2, ""VNQ"": 1.5, ""VTI"": 1, ""VWO"": 2}",0.03000000,tests/data/2026-08-24-net15,5,13612W,0.01131806,0.04180956,0.00683651,0.02338385,43967.15134225,40000.00000000,3967.15134225,0.09917878,0.04297420,0.03056533,0.51630506,0.08943849,0.70837539,0.28223441,-0.15226420,,2020,0.14254780,2022,-0.04431011,1558677.69386981,192.74106026,5.84044209,0.00481853,0.41239287,0.00000000,0.06871611,0.00000000,0.04567476,0.00000000,0.08606377,0.00000000,0.09926285,0.00000000,0.04836980,0.00000000,0.09141718,0.00000000,0.06820254,0.00000000,0.06852612,0.00000000
ROT SPY+IWM+VEA+VWO+VNQ+DBC+IEF+TLT top5 12M can TIP/1 fb best(BIL+IEF),sens,sens_2020-07-06,2020-07-06,2025-07-03,false,true,"{""*"": 6, ""ACWX"": 3, ""AGG"": 1, ""BIL"": 1, ""BND"": 1.5, ""BTAL"": 6, ""DBC"": 3, ""DBMF"": 3, ""EEM"": 1, ""EFA"": 1, ""IEF"": 1, ""IWM"": 1, ""KMLM"": 6, ""LQD"": 1.5, ""QQQ"": 1, ""SCZ"": 5, ""SHY"": 1, ""SPY"": 0.7, ""TIP"": 2, ""TLT"": 1, ""TQQQ"": 1.5, ""VEA"": 1.5, ""VEU"": 2, ""VNQ"": 1.5, ""VTI"": 1, ""VWO"": 2}",0.03000000,tests/data/2026-08-24-net15,5,12M,0.01265313,0.04352789,0.00786246,0.02665387,49189.50335804,40000.00000000,9189.50335804,0.22973758,0.07149440,0.06701986,0.73936003,0.10043398,1.04973600,0.51593774,-0.13857176,197,2021,0.15723234,2022,-0.02094694,575255.06814402,74.36985144,2.04944261,0.00185925,0.36010639,0.00000000,0.05562034,0.00000000,0.04534070,0.00000000,0.09308901,0.00000000,0.12422427,0.00000000,0.02536947,0.00000000,0.11421749,0.00000000,0.07479247,0.00000000,0.09456613,0.00000000
SPY12.5/IWM12.5/VEA12.5/VWO12.5/VNQ12.5/DBC12.5/IEF12.5/TLT12.5,sens,sens_2020-07-06,2020-07-06,2025-07-03,true,true,"{""*"": 6, ""ACWX"": 3, ""AGG"": 1, ""BIL"": 1, ""BND"": 1.5, ""BTAL"": 6, ""DBC"": 3, ""DBMF"": 3, ""EEM"": 1, ""EFA"": 1, ""IEF"": 1, ""IWM"": 1, ""KMLM"": 6, ""LQD"": 1.5, ""QQQ"": 1, ""SCZ"": 5, ""SHY"": 1, ""SPY"": 0.7, ""TIP"": 2, ""TLT"": 1, ""TQQQ"": 1.5, ""VEA"": 1.5, ""VEU"": 2, ""VNQ"": 1.5, ""VTI"": 1, ""VWO"": 2}",0.03000000,tests/data/2026-08-24-net15,,,0.02178641,0.04334306,0.01016556,0.02355980,47798.88393828,40000.00000000,7798.88393828,0.19497210,0.06305979,0.05768447,0.58980346,0.11514774,0.84845202,0.29059718,-0.21700071,1050,2021,0.14727087,2022,-0.15782856,58417.33681440,8.75284683,0.21374157,0.00021882,,,0.12459428,0.12391796,0.12307552,0.11704577,0.12047494,0.11293725,0.11561355,0.10144020,0.12297731,0.11868817,0.12412411,0.12224449,0.12321882,0.11867739,0.12413162,0.12170598
ROT SPY top1 1-3-6-12U can TIP/1 fb best(BIL+IEF),sens,sens_2020-07-06,2020-07-06,2025-07-03,true,true,"{""*"": 6, ""ACWX"": 3, ""AGG"": 1, ""BIL"": 1, ""BND"": 1.5, ""BTAL"": 6, ""DBC"": 3, ""DBMF"": 3, ""EEM"": 1, ""EFA"": 1, ""IEF"": 1, ""IWM"": 1, ""KMLM"": 6, ""LQD"": 1.5, ""QQQ"": 1, ""SCZ"": 5, ""SHY"": 1, ""SPY"": 0.7, ""TIP"": 2, ""TLT"": 1, ""TQQQ"": 1.5, ""VEA"": 1.5, ""VEU"": 2, ""VNQ"": 1.5, ""VTI"": 1, ""VWO"": 2}",0.03000000,tests/data/2026-08-24-net15,,,0.00651282,0.02579172,0.00653052,0.02579267,62527.97596544,40000.00000000,22527.97596544,0.56319940,0.15967025,0.14581636,1.37633559,0.11249726,2.01375395,1.44461933,-0.11052756,202,2021,0.28090630,2022,-0.00588387,1024181.30463989,86.84785806,3.05454287,0.00217120,0.36025524,0.00000000,,,0.00000000,0.00000000,,,0.63321424,0.00000000,,,,,,,,
SPY benchmark,sens,sens_2020-07-06,2020-07-06,2025-07-03,true,true,"{""*"": 6, ""ACWX"": 3, ""AGG"": 1, ""BIL"": 1, ""BND"": 1.5, ""BTAL"": 6, ""DBC"": 3, ""DBMF"": 3, ""EEM"": 1, ""EFA"": 1, ""IEF"": 1, ""IWM"": 1, ""KMLM"": 6, ""LQD"": 1.5, ""QQQ"": 1, ""SCZ"": 5, ""SHY"": 1, ""SPY"": 0.7, ""TIP"": 2, ""TLT"": 1, ""TQQQ"": 1.5, ""VEA"": 1.5, ""VEU"": 2, ""VNQ"": 1.5, ""VTI"": 1, ""VWO"": 2}",0.03000000,tests/data/2026-08-24-net15,,,0.00821265,0.02579172,0.00821385,0.02579267,64485.81743768,40000.00000000,24485.81743768,0.61214544,0.15825162,0.15604504,0.93254437,0.17415177,1.35268846,0.64639103,-0.24482335,709,2021,0.28090630,2022,-0.18316873,39974.71195154,2.79822984,0.12245502,0.00006996,,,,,,,,,0.99178615,0.97420733,,,,,,,,
ROT SPY+IWM+VEA+VWO+VNQ+DBC+IEF+TLT top3 1-3-6-12U can TIP/1 fb best(BIL+IEF),sens,sens_2021-01-04,2021-01-04,2026-01-02,false,true,"{""*"": 6, ""ACWX"": 3, ""AGG"": 1, ""BIL"": 1, ""BND"": 1.5, ""BTAL"": 6, ""DBC"": 3, ""DBMF"": 3, ""EEM"": 1, ""EFA"": 1, ""IEF"": 1, ""IWM"": 1, ""KMLM"": 6, ""LQD"": 1.5, ""QQQ"": 1, ""SCZ"": 5, ""SHY"": 1, ""SPY"": 0.7, ""TIP"": 2, ""TLT"": 1, ""TQQQ"": 1.5, ""VEA"": 1.5, ""VEU"": 2, ""VNQ"": 1.5, ""VTI"": 1, ""VWO"": 2}",0.03000000,tests/data/2026-08-24-net15,3,1-3-6-12U,0.00753814,0.03314226,0.00587353,0.02637662,53757.08966670,40000.00000000,13757.08966670,0.34392724,0.10543087,0.09597612,0.94376777,0.11332807,1.35216738,0.53346808,-0.19763295,283,2021,0.24852719,2026,0.01173912,1204020.40156746,155.88995256,4.02113479,0.00389725,0.34376032,0.00000000,0.07640122,0.00000000,0.01086725,0.00000000,0.10760096,0.00000000,0.17063728,0.00000000,0.00000000,0.00000000,0.09814408,0.00000000,0.08141101,0.00000000,0.10359825,0.00000000
ROT SPY+IWM+VEA+VWO+VNQ+DBC+IEF+TLT top3 13612W can TIP/1 fb best(BIL+IEF),sens,sens_2021-01-04,2021-01-04,2026-01-02,false,true,"{""*"": 6, ""ACWX"": 3, ""AGG"": 1, ""BIL"": 1, ""BND"": 1.5, ""BTAL"": 6, ""DBC"": 3, ""DBMF"": 3, ""EEM"": 1, ""EFA"": 1, ""IEF"": 1, ""IWM"": 1, ""KMLM"": 6, ""LQD"": 1.5, ""QQQ"": 1, ""SCZ"": 5, ""SHY"": 1, ""SPY"": 0.7, ""TIP"": 2, ""TLT"": 1, ""TQQQ"": 1.5, ""VEA"": 1.5, ""VEU"": 2, ""VNQ"": 1.5, ""VTI"": 1, ""VWO"": 2}",0.03000000,tests/data/2026-08-24-net15,3,13612W,0.00745348,0.02227754,0.00561972,0.01859803,43287.66088036,40000.00000000,3287.66088036,0.08219152,0.02673834,0.02550927,0.30192803,0.10641778,0.41504761,0.10514273,-0.25430514,,2025,0.11689489,2024,-0.10337412,1590410.86425975,204.03494404,6.29226289,0.00510087,0.39807289,0.00000000,0.06544543,0.00000000,0.01632205,0.00000000,0.08606594,0.00000000,0.13271506,0.00000000,0.02162899,0.00000000,0.10349511,0.00000000,0.09237831,0.00000000,0.07635727,0.00000000
ROT SPY+IWM+VEA+VWO+VNQ+DBC+IEF+TLT top3 12M can TIP/1 fb best(BIL+IEF),sens,sens_2021-01-04,2021-01-04,2026-01-02,false,true,"{""*"": 6, ""ACWX"": 3, ""AGG"": 1, ""BIL"": 1, ""BND"": 1.5, ""BTAL"": 6, ""DBC"": 3, ""DBMF"": 3, ""EEM"": 1, ""EFA"": 1, ""IEF"": 1, ""IWM"": 1, ""KMLM"": 6, ""LQD"": 1.5, ""QQQ"": 1, ""SCZ"": 5, ""SHY"": 1, ""SPY"": 0.7, ""TIP"": 2, ""TLT"": 1, ""TQQQ"": 1.5, ""VEA"": 1.5, ""VEU"": 2, ""VNQ"": 1.5, ""VTI"": 1, ""VWO"": 2}",0.03000000,tests/data/2026-08-24-net15,3,12M,0.00898661,0.03525015,0.00693271,0.02770160,55459.89992121,40000.00000000,15459.89992121,0.38649750,0.10775224,0.10619810,0.91450947,0.12010698,1.31845108,0.56135190,-0.19195133,235,2021,0.22003093,2023,0.00705723,636752.04661769,81.39216673,2.14767264,0.00203480,0.34364798,0.00000000,0.06550385,0.00000000,0.00000000,0.00000000,0.11850293,0.00000000,0.18572884,0.00000000,0.00530577,0.00000000,0.08726082,0.00000000,0.08148657,0.00000000,0.10355405,0.00000000
ROT SPY+IWM+VEA+VWO+VNQ+DBC+IEF+TLT top4 1-3-6-12U can TIP/1 fb best(BIL+IEF),sens,sens_2021-01-04,2021-01-04,2026-01-02,false,true,"{""*"": 6, ""ACWX"": 3, ""AGG"": 1, ""BIL"": 1, ""BND"": 1.5, ""BTAL"": 6, ""DBC"": 3, ""DBMF"": 3, ""EEM"": 1, ""EFA"": 1, ""IEF"": 1, ""IWM"": 1, ""KMLM"": 6, ""LQD"": 1.5, ""QQQ"": 1, ""SCZ"": 5, ""SHY"": 1, ""SPY"": 0.7, ""TIP"": 2, ""TLT"": 1, ""TQQQ"": 1.5, ""VEA"": 1.5, ""VEU"": 2, ""VNQ"": 1.5, ""VTI"": 1, ""VWO"": 2}",0.03000000,tests/data/2026-08-24-net15,4,1-3-6-12U,0.00887207,0.02932413,0.00568414,0.01530023,52739.91173768,40000.00000000,12739.91173768,0.31849779,0.09794592,0.08972501,0.96374258,0.10272050,1.36718900,0.67670242,-0.14474001,226,2021,0.23803794,2024,0.00613822,981349.09019416,132.09991054,3.33605989,0.00330250,0.34778593,0.00000000,0.06955383,0.00000000,0.02448905,0.00000000,0.11234718,0.00000000,0.13917108,0.00000000,0.00404064,0.00000000,0.11021999,0.00000000,0.08131966,0.00000000,0.10216525,0.00000000
ROT SPY+IWM+VEA+VWO+VNQ+DBC+IEF+TLT top4 13612W can TIP/1 fb best(BIL+IEF),sens,sens_2021-01-04,2021-01-04,2026-01-02,false,true,"{""*"": 6, ""ACWX"": 3, ""AGG"": 1, ""BIL"": 1, ""BND"": 1.5, ""BTAL"": 6, ""DBC"": 3, ""DBMF"": 3, ""EEM"": 1, ""EFA"": 1, ""IEF"": 1, ""IWM"": 1, ""KMLM"": 6, ""LQD"": 1.5, ""QQQ"": 1, ""SCZ"": 5, ""SHY"": 1, ""SPY"": 0.7, ""TIP"": 2, ""TLT"": 1, ""TQQQ"": 1.5, ""VEA"": 1.5, ""VEU"": 2, ""VNQ"": 1.5, ""VTI"": 1, ""VWO"": 2}",0.03000000,tests/data/2026-08-24-net15,4,13612W,0.00889995,0.03219325,0.00626193,0.02571225,44758.58778622,40000.00000000,4758.58778622,0.11896469,0.03053985,0.03632677,0.36449309,0.09522024,0.49932943,0.14806807,-0.20625547,1512,2025,0.14613586,2024,-0.07010513,1411061.94482035,181.03143684,5.59409950,0.00452579,0.40085444,0.00000000,0.05726325,0.00000000,0.04066432,0.00000000,0.09642733,0.00000000,0.11855529,0.00000000,0.03262882,0.00000000,0.10609918,0.00000000,0.06904653,0.00000000,0.06950150,0.00000000
ROT SPY+IWM+VEA+VWO+VNQ+DBC+IEF+TLT top4 12M can TIP/1 fb best(BIL+IEF),sens,sens_2021-01-04,2021-01-04,2026-01-02,false,true,"{""*"": 6, ""ACWX"": 3, ""AGG"": 1, ""BIL"": 1, ""BND"": 1.5, ""BTAL"": 6, ""DBC"": 3, ""DBMF"": 3, ""EEM"": 1, ""EFA"": 1, ""IEF"": 1, ""IWM"": 1, ""KMLM"": 6, ""LQD"": 1.5, ""QQQ"": 1, ""SCZ"": 5, ""SHY"": 1, ""SPY"": 0.7, ""TIP"": 2, ""TLT"": 1, ""TQQQ"": 1.5, ""VEA"": 1.5, ""VEU"": 2, ""VNQ"": 1.5, ""VTI"": 1, ""VWO"": 2}",0.03000000,tests/data/2026-08-24-net15,4,12M,0.01024047,0.03880181,0.00686267,0.02616489,53428.57482439,40000.00000000,13428.57482439,0.33571437,0.08944913,0.09396938,0.80563693,0.11482139,1.15833847,0.55190421,-0.16207365,182,2021,0.18747395,2022,-0.01876236,608167.85123943,84.17374392,2.14376902,0.00210434,0.34780067,0.00000000,0.05727236,0.00000000,0.00000000,0.00000000,0.12059025,0.00000000,0.15418238,0.00000000,0.00397932,0.00000000,0.10622863,0.00000000,0.08933592,0.00000000,0.11034659,0.00000000
ROT SPY+IWM+VEA+VWO+VNQ+DBC+IEF+TLT top5 1-3-6-12U can TIP/1 fb best(BIL+IEF),sens,sens_2021-01-04,2021-01-04,2026-01-02,false,true,"{""*"": 6, ""ACWX"": 3, ""AGG"": 1, ""BIL"": 1, ""BND"": 1.5, ""BTAL"": 6, ""DBC"": 3, ""DBMF"": 3, ""EEM"": 1, ""EFA"": 1, ""IEF"": 1, ""IWM"": 1, ""KMLM"": 6, ""LQD"": 1.5, ""QQQ"": 1, ""SCZ"": 5, ""SHY"": 1, ""SPY"": 0.7, ""TIP"": 2, ""TLT"": 1, ""TQQQ"": 1.5, ""VEA"": 1.5, ""VEU"": 2, ""VNQ"": 1.5, ""VTI"": 1, ""VWO"": 2}",0.03000000,tests/data/2026-08-24-net15,5,1-3-6-12U,0.01043777,0.04997483,0.00636226,0.02686515,52098.59198972,40000.00000000,12098.59198972,0.30246480,0.09101590,0.08572560,0.92219555,0.10017825,1.31236164,0.63130359,-0.14417136,256,2021,0.21160862,2026,0.00943703,783168.14307552,100.88191403,2.70269626,0.00252205,0.35025741,0.00000000,0.07850050,0.00000000,0.02603767,0.00000000,0.10596959,0.00000000,0.11917032,0.00000000,0.01301929,0.00000000,0.11740978,0.00000000,0.08115733,0.00000000,0.09801214,0.00000000
ROT SPY+IWM+VEA+VWO+VNQ+DBC+IEF+TLT top5 13612W can TIP/1 fb best(BIL+IEF),sens,sens_2021-01-04,2021-01-04,2026-01-02,false,true,"{""*"": 6, ""ACWX"": 3, ""AGG"": 1, ""BIL"": 1, ""BND"": 1.5, ""BTAL"": 6, ""DBC"": 3, ""DBMF"": 3, ""EEM"": 1, ""EFA"": 1, ""IEF"": 1, ""IWM"": 1, ""KMLM"": 6, ""LQD"": 1.5, ""QQQ"": 1, ""SCZ"": 5, ""SHY"": 1, ""SPY"": 0.7, ""TIP"": 2, ""TLT"": 1, ""TQQQ"": 1.5, ""VEA"": 1.5, ""VEU"": 2, ""VNQ"": 1.5, ""VTI"": 1, ""VWO"": 2}",0.03000000,tests/data/2026-08-24-net15,5,13612W,0.01069299,0.04997483,0.00625607,0.02686515,45779.98624459,40000.00000000,5779.98624459,0.14449966,0.03506836,0.04364097,0.44220622,0.08666423,0.60953685,0.23197482,-0.15117311,1469,2025,0.14940120,2022,-0.04410866,1332312.67886172,166.95945913,5.24204421,0.00417399,0.40562200,0.00000000,0.07194730,0.00000000,0.04562782,0.00000000,0.08628497,0.00000000,0.09996104,0.00000000,0.04212833,0.00000000,0.09780603,0.00000000,0.07138916,0.00000000,0.06848589,0.00000000
ROT SPY+IWM+VEA+VWO+VNQ+DBC+IEF+TLT top5 12M can TIP/1 fb best(BIL+IEF),sens,sens_2021-01-04,2021-01-04,2026-01-02,false,true,"{""*"": 6, ""ACWX"": 3, ""AGG"": 1, ""BIL"": 1, ""BND"": 1.5, ""BTAL"": 6, ""DBC"": 3, ""DBMF"": 3, ""EEM"": 1, ""EFA"": 1, ""IEF"": 1, ""IWM"": 1, ""KMLM"": 6, ""LQD"": 1.5, ""QQQ"": 1, ""SCZ"": 5, ""SHY"": 1, ""SPY"": 0.7, ""TIP"": 2, ""TLT"": 1, ""TQQQ"": 1.5, ""VEA"": 1.5, ""VEU"": 2, ""VNQ"": 1.5, ""VTI"": 1, ""VWO"": 2}",0.03000000,tests/data/2026-08-24-net15,5,12M,0.01176641,0.06791435,0.00742065,0.02686515,50999.13675663,40000.00000000,10999.13675663,0.27497842,0.07475411,0.07876069,0.75816646,0.10225544,1.07587355,0.53685604,-0.13924423,197,2021,0.16123915,2022,-0.01982456,577124.78517732,74.66686778,2.08164462,0.00186667,0.36001923,0.00000000,0.07530351,0.00000000,0.01941961,0.00000000,0.10222391,0.00000000,0.12489450,0.00000000,0.00631911,0.00000000,0.12720611,0.00000000,0.07481605,0.00000000,0.09801033,0.00000000
SPY12.5/IWM12.5/VEA12.5/VWO12.5/VNQ12.5/DBC12.5/IEF12.5/TLT12.5,sens,sens_2021-01-04,2021-01-04,2026-01-02,true,true,"{""*"": 6, ""ACWX"": 3, ""AGG"": 1, ""BIL"": 1, ""BND"": 1.5, ""BTAL"": 6, ""DBC"": 3, ""DBMF"": 3, ""EEM"": 1, ""EFA"": 1, ""IEF"": 1, ""IWM"": 1, ""KMLM"": 6, ""LQD"": 1.5, ""QQQ"": 1, ""SCZ"": 5, ""SHY"": 1, ""SPY"": 0.7, ""TIP"": 2, ""TLT"": 1, ""TQQQ"": 1.5, ""VEA"": 1.5, ""VEU"": 2, ""VNQ"": 1.5, ""VTI"": 1, ""VWO"": 2}",0.03000000,tests/data/2026-08-24-net15,,,0.02420283,0.06357965,0.01159409,0.03096585,48340.42978922,40000.00000000,8340.42978922,0.20851074,0.05124338,0.06131731,0.50168072,0.11248954,0.72180346,0.23810813,-0.21521056,1045,2021,0.15137058,2022,-0.15539560,53457.11143589,8.09866692,0.20268210,0.00020247,,,0.12456961,0.12386881,0.12253082,0.11594580,0.12035479,0.10912611,0.11381528,0.09403415,0.12298042,0.11710402,0.12403490,0.12209910,0.12343113,0.12093956,0.12407685,0.12164850
ROT SPY top1 1-3-6-12U can TIP/1 fb best(BIL+IEF),sens,sens_2021-01-04,2021-01-04,2026-01-02,true,true,"{""*"": 6, ""ACWX"": 3, ""AGG"": 1, ""BIL"": 1, ""BND"": 1.5, ""BTAL"": 6, ""DBC"": 3, ""DBMF"": 3, ""EEM"": 1, ""EFA"": 1, ""IEF"": 1, ""IWM"": 1, ""KMLM"": 6, ""LQD"": 1.5, ""QQQ"": 1, ""SCZ"": 5, ""SHY"": 1, ""SPY"": 0.7, ""TIP"": 2, ""TLT"": 1, ""TQQQ"": 1.5, ""VEA"": 1.5, ""VEU"": 2, ""VNQ"": 1.5, ""VTI"": 1, ""VWO"": 2}",0.03000000,tests/data/2026-08-24-net15,,,0.00658558,0.03041091,0.00660327,0.03044485,61945.05489344,40000.00000000,21945.05489344,0.54862637,0.14429647,0.14263528,1.33393597,0.10552442,1.95808300,1.30324255,-0.11072111,202,2021,0.29776361,2022,-0.00612165,854681.86183904,72.41722070,2.66587501,0.00181043,0.36009395,0.00000000,,,0.00000000,0.00000000,,,0.63330278,0.00000000,,,,,,,,
SPY benchmark,sens,sens_2021-01-04,2021-01-04,2026-01-02,true,true,"{""*"": 6, ""ACWX"": 3, ""AGG"": 1, ""BIL"": 1, ""BND"": 1.5, ""BTAL"": 6, ""DBC"": 3, ""DBMF"": 3, ""EEM"": 1, ""EFA"": 1, ""IEF"": 1, ""IWM"": 1, ""KMLM"": 6, ""LQD"": 1.5, ""QQQ"": 1, ""SCZ"": 5, ""SHY"": 1, ""SPY"": 0.7, ""TIP"": 2, ""TLT"": 1, ""TQQQ"": 1.5, ""VEA"": 1.5, ""VEU"": 2, ""VNQ"": 1.5, ""VTI"": 1, ""VWO"": 2}",0.03000000,tests/data/2026-08-24-net15,,,0.00949653,0.03041091,0.00949777,0.03044485,64333.39602357,40000.00000000,24333.39602357,0.60833490,0.14397790,0.15517280,0.88099039,0.16937800,1.28001830,0.59534032,-0.24184134,709,2021,0.29776361,2022,-0.18015495,39631.06851642,2.77417480,0.12464179,0.00006935,,,,,,,,,0.99050223,0.96955515,,,,,,,,
ROT SPY+IWM+VEA+VWO+VNQ+DBC+IEF+TLT top3 1-3-6-12U can TIP/1 fb best(BIL+IEF),sens,sens_2021-07-06,2021-07-06,2026-07-02,false,true,"{""*"": 6, ""ACWX"": 3, ""AGG"": 1, ""BIL"": 1, ""BND"": 1.5, ""BTAL"": 6, ""DBC"": 3, ""DBMF"": 3, ""EEM"": 1, ""EFA"": 1, ""IEF"": 1, ""IWM"": 1, ""KMLM"": 6, ""LQD"": 1.5, ""QQQ"": 1, ""SCZ"": 5, ""SHY"": 1, ""SPY"": 0.7, ""TIP"": 2, ""TLT"": 1, ""TQQQ"": 1.5, ""VEA"": 1.5, ""VEU"": 2, ""VNQ"": 1.5, ""VTI"": 1, ""VWO"": 2}",0.03000000,tests/data/2026-08-24-net15,3,1-3-6-12U,0.00751720,0.03562189,0.00576751,0.02971411,56763.78195895,40000.00000000,16763.78195895,0.41909455,0.10449425,0.11400314,0.96116575,0.11006388,1.37685914,0.52843135,-0.19774424,283,2026,0.15196910,2024,0.02528919,1114178.24484209,148.60195236,3.83878163,0.00371505,0.34367539,0.00000000,0.07637889,0.00000000,0.01084886,0.00000000,0.10267597,0.00000000,0.15942727,0.00000000,0.00000000,0.00000000,0.11996013,0.00000000,0.08132032,0.00000000,0.09815450,0.00000000
ROT SPY+IWM+VEA+VWO+VNQ+DBC+IEF+TLT top3 13612W can TIP/1 fb best(BIL+IEF),sens,sens_2021-07-06,2021-07-06,2026-07-02,false,true,"{""*"": 6, ""ACWX"": 3, ""AGG"": 1, ""BIL"": 1, ""BND"": 1.5, ""BTAL"": 6, ""DBC"": 3, ""DBMF"": 3, ""EEM"": 1, ""EFA"": 1, ""IEF"": 1, ""IWM"": 1, ""KMLM"": 6, ""LQD"": 1.5, ""QQQ"": 1, ""SCZ"": 5, ""SHY"": 1, ""SPY"": 0.7, ""TIP"": 2, ""TLT"": 1, ""TQQQ"": 1.5, ""VEA"": 1.5, ""VEU"": 2, ""VNQ"": 1.5, ""VTI"": 1, ""VWO"": 2}",0.03000000,tests/data/2026-08-24-net15,3,13612W,0.00838455,0.04363374,0.00641769,0.02971411,45422.44338088,40000.00000000,5422.44338088,0.13556108,0.02158984,0.04116129,0.25310825,0.10755462,0.34522446,0.08460377,-0.25518762,1261,2025,0.11746076,2024,-0.10282075,1663372.44270335,218.54360095,6.76824222,0.00546359,0.39808274,0.00000000,0.06547357,0.00000000,0.01630903,0.00000000,0.08636670,0.00000000,0.14256833,0.00000000,0.02169660,0.00000000,0.10898966,0.00000000,0.08119321,0.00000000,0.07086706,0.00000000
ROT SPY+IWM+VEA+VWO+VNQ+DBC+IEF+TLT top3 12M can TIP/1 fb best(BIL+IEF),sens,sens_2021-07-06,2021-07-06,2026-07-02,false,true,"{""*"": 6, ""ACWX"": 3, ""AGG"": 1, ""BIL"": 1, ""BND"": 1.5, ""BTAL"": 6, ""DBC"": 3, ""DBMF"": 3, ""EEM"": 1, ""EFA"": 1, ""IEF"": 1, ""IWM"": 1, ""KMLM"": 6, ""LQD"": 1.5, ""QQQ"": 1, ""SCZ"": 5, ""SHY"": 1, ""SPY"": 0.7, ""TIP"": 2, ""TLT"": 1, ""TQQQ"": 1.5, ""VEA"": 1.5, ""VEU"": 2, ""VNQ"": 1.5, ""VTI"": 1, ""VWO"": 2}",0.03000000,tests/data/2026-08-24-net15,3,12M,0.00838160,0.03596999,0.00643433,0.02459011,54602.58280771,40000.00000000,14602.58280771,0.36506457,0.09238345,0.10124266,0.79664695,0.12038630,1.13524292,0.48595482,-0.19010708,235,2025,0.16993860,2023,0.00704023,593226.09221170,78.74906071,2.05531154,0.00196873,0.34358852,0.00000000,0.07637197,0.00000000,0.00000000,0.00000000,0.11295527,0.00000000,0.17007716,0.00000000,0.00000000,0.00000000,0.12000299,0.00000000,0.08134439,0.00000000,0.08725547,0.00000000
ROT SPY+IWM+VEA+VWO+VNQ+DBC+IEF+TLT top4 1-3-6-12U can TIP/1 fb best(BIL+IEF),sens,sens_2021-07-06,2021-07-06,2026-07-02,false,true,"{""*"": 6, ""ACWX"": 3, ""AGG"": 1, ""BIL"": 1, ""BND"": 1.5, ""BTAL"": 6, ""DBC"": 3, ""DBMF"": 3, ""EEM"": 1, ""EFA"": 1, ""IEF"": 1, ""IWM"": 1, ""KMLM"": 6, ""LQD"": 1.5, ""QQQ"": 1, ""SCZ"": 5, ""SHY"": 1, ""SPY"": 0.7, ""TIP"": 2, ""TLT"": 1, ""TQQQ"": 1.5, ""VEA"": 1.5, ""VEU"": 2, ""VNQ"": 1.5, ""VTI"": 1, ""VWO"": 2}",0.03000000,tests/data/2026-08-24-net15,4,1-3-6-12U,0.00962761,0.03306033,0.00680880,0.02290864,55218.75848469,40000.00000000,15218.75848469,0.38046896,0.09268093,0.10492795,0.93011419,0.10112285,1.31520769,0.63842254,-0.14517176,226,2026,0.14279468,2024,0.00516064,879556.39601823,123.47145024,3.09968194,0.00308679,0.34753382,0.00000000,0.06951774,0.00000000,0.02443354,0.00000000,0.11298817,0.00000000,0.13404880,0.00000000,0.00405276,0.00000000,0.11844291,0.00000000,0.07309098,0.00000000,0.10622849,0.00000000
ROT SPY+IWM+VEA+VWO+VNQ+DBC+IEF+TLT top4 13612W can TIP/1 fb best(BIL+IEF),sens,sens_2021-07-06,2021-07-06,2026-07-02,false,true,"{""*"": 6, ""ACWX"": 3, ""AGG"": 1, ""BIL"": 1, ""BND"": 1.5, ""BTAL"": 6, ""DBC"": 3, ""DBMF"": 3, ""EEM"": 1, ""EFA"": 1, ""IEF"": 1, ""IWM"": 1, ""KMLM"": 6, ""LQD"": 1.5, ""QQQ"": 1, ""SCZ"": 5, ""SHY"": 1, ""SPY"": 0.7, ""TIP"": 2, ""TLT"": 1, ""TQQQ"": 1.5, ""VEA"": 1.5, ""VEU"": 2, ""VNQ"": 1.5, ""VTI"": 1, ""VWO"": 2}",0.03000000,tests/data/2026-08-24-net15,4,13612W,0.00985851,0.05161414,0.00706417,0.03393390,45228.40398856,40000.00000000,5228.40398856,0.13071010,0.01988744,0.03977136,0.25458564,0.09557295,0.34532393,0.09638882,-0.20632512,1512,2025,0.14573622,2024,-0.07014905,1477106.33975509,194.27119819,5.95473247,0.00485678,0.40073783,0.00000000,0.06135662,0.00000000,0.04073092,0.00000000,0.09275122,0.00000000,0.11731993,0.00000000,0.03250891,0.00000000,0.10618240,0.00000000,0.06494018,0.00000000,0.07355139,0.00000000
ROT SPY+IWM+VEA+VWO+VNQ+DBC+IEF+TLT top4 12M can TIP/1 fb best(BIL+IEF),sens,sens_2021-07-06,2021-07-06,2026-07-02,false,true,"{""*"": 6, ""ACWX"": 3, ""AGG"": 1, ""BIL"": 1, ""BND"": 1.5, ""BTAL"": 6, ""DBC"": 3, ""DBMF"": 3, ""EEM"": 1, ""EFA"": 1, ""IEF"": 1, ""IWM"": 1, ""KMLM"": 6, ""LQD"": 1.5, ""QQQ"": 1, ""SCZ"": 5, ""SHY"": 1, ""SPY"": 0.7, ""TIP"": 2, ""TLT"": 1, ""TQQQ"": 1.5, ""VEA"": 1.5, ""VEU"": 2, ""VNQ"": 1.5, ""VTI"": 1, ""VWO"": 2}",0.03000000,tests/data/2026-08-24-net15,4,12M,0.00983025,0.04012887,0.00648186,0.02644446,56518.30494676,40000.00000000,16518.30494676,0.41295762,0.09136531,0.11257669,0.82496341,0.11424224,1.18367337,0.56254682,-0.16241370,182,2025,0.17645687,2022,-0.01752377,534321.24972135,76.38528780,1.89608375,0.00190963,0.34773753,0.00000000,0.06949730,0.00000000,0.00000000,0.00000000,0.12039435,0.00000000,0.13845102,0.00000000,0.00000000,0.00000000,0.11435918,0.00000000,0.08938954,0.00000000,0.11031831,0.00000000
ROT SPY+IWM+VEA+VWO+VNQ+DBC+IEF+TLT top5 1-3-6-12U can TIP/1 fb best(BIL+IEF),sens,sens_2021-07-06,2021-07-06,2026-07-02,false,true,"{""*"": 6, ""ACWX"": 3, ""AGG"": 1, ""BIL"": 1, ""BND"": 1.5, ""BTAL"": 6, ""DBC"": 3, ""DBMF"": 3, ""EEM"": 1, ""EFA"": 1, ""IEF"": 1, ""IWM"": 1, ""KMLM"": 6, ""LQD"": 1.5, ""QQQ"": 1, ""SCZ"": 5, ""SHY"": 1, ""SPY"": 0.7, ""TIP"": 2, ""TLT"": 1, ""TQQQ"": 1.5, ""VEA"": 1.5, ""VEU"": 2, ""VNQ"": 1.5, ""VTI"": 1, ""VWO"": 2}",0.03000000,tests/data/2026-08-24-net15,5,1-3-6-12U,0.01210238,0.05200323,0.00796589,0.03649730,55537.82914763,40000.00000000,15537.82914763,0.38844573,0.08844194,0.10682127,0.90494970,0.09943472,1.28144803,0.61473816,-0.14386928,256,2026,0.15727864,2022,0.01141811,670446.14966766,88.56515084,2.39018003,0.00221413,0.35009683,0.00000000,0.07522904,0.00000000,0.02607478,0.00000000,0.10593299,0.00000000,0.11763304,0.00000000,0.01300142,0.00000000,0.11746012,0.00000000,0.07783098,0.00000000,0.10461065,0.00000000
ROT SPY+IWM+VEA+VWO+VNQ+DBC+IEF+TLT top5 13612W can TIP/1 fb best(BIL+IEF),sens,sens_2021-07-06,2021-07-06,2026-07-02,false,true,"{""*"": 6, ""ACWX"": 3, ""AGG"": 1, ""BIL"": 1, ""BND"": 1.5, ""BTAL"": 6, ""DBC"": 3, ""DBMF"": 3, ""EEM"": 1, ""EFA"": 1, ""IEF"": 1, ""IWM"": 1, ""KMLM"": 6, ""LQD"": 1.5, ""QQQ"": 1, ""SCZ"": 5, ""SHY"": 1, ""SPY"": 0.7, ""TIP"": 2, ""TLT"": 1, ""TQQQ"": 1.5, ""VEA"": 1.5, ""VEU"": 2, ""VNQ"": 1.5, ""VTI"": 1, ""VWO"": 2}",0.03000000,tests/data/2026-08-24-net15,5,13612W,0.01062545,0.05200323,0.00687453,0.03649730,46500.77834890,40000.00000000,6500.77834890,0.16251946,0.02549838,0.04878431,0.33044060,0.08825086,0.44855243,0.16728976,-0.15242042,1469,2025,0.14985253,2022,-0.04425015,1399249.63779653,177.21235389,5.57573999,0.00443031,0.40548224,0.00000000,0.07200968,0.00000000,0.04557058,0.00000000,0.08362755,0.00000000,0.09604431,0.00000000,0.04539499,0.00000000,0.09786422,0.00000000,0.06818671,0.00000000,0.07513734,0.00000000
ROT SPY+IWM+VEA+VWO+VNQ+DBC+IEF+TLT top5 12M can TIP/1 fb best(BIL+IEF),sens,sens_2021-07-06,2021-07-06,2026-07-02,false,true,"{""*"": 6, ""ACWX"": 3, ""AGG"": 1, ""BIL"": 1, ""BND"": 1.5, ""BTAL"": 6, ""DBC"": 3, ""DBMF"": 3, ""EEM"": 1, ""EFA"": 1, ""IEF"": 1, ""IWM"": 1, ""KMLM"": 6, ""LQD"": 1.5, ""QQQ"": 1, ""SCZ"": 5, ""SHY"": 1, ""SPY"": 0.7, ""TIP"": 2, ""TLT"": 1, ""TQQQ"": 1.5, ""VEA"": 1.5, ""VEU"": 2, ""VNQ"": 1.5, ""VTI"": 1, ""VWO"": 2}",0.03000000,tests/data/2026-08-24-net15,5,12M,0.01254801,0.04621031,0.00857056,0.03649730,55001.65942273,40000.00000000,15001.65942273,0.37504149,0.08101734,0.10363389,0.81075207,0.10294813,1.15203183,0.58216307,-0.13916606,197,2025,0.15347770,2022,-0.02116600,498330.03186077,65.14171834,1.81317061,0.00162854,0.35966985,0.00000000,0.08176308,0.00000000,0.01629845,0.00000000,0.10238512,0.00000000,0.12407233,0.00000000,0.00000000,0.00000000,0.13046705,0.00000000,0.07470861,0.00000000,0.09806669,0.00000000
SPY12.5/IWM12.5/VEA12.5/VWO12.5/VNQ12.5/DBC12.5/IEF12.5/TLT12.5,sens,sens_2021-07-06,2021-07-06,2026-07-02,true,true,"{""*"": 6, ""ACWX"": 3, ""AGG"": 1, ""BIL"": 1, ""BND"": 1.5, ""BTAL"": 6, ""DBC"": 3, ""DBMF"": 3, ""EEM"": 1, ""EFA"": 1, ""IEF"": 1, ""IWM"": 1, ""KMLM"": 6, ""LQD"": 1.5, ""QQQ"": 1, ""SCZ"": 5, ""SHY"": 1, ""SPY"": 0.7, ""TIP"": 2, ""TLT"": 1, ""TQQQ"": 1.5, ""VEA"": 1.5, ""VEU"": 2, ""VNQ"": 1.5, ""VTI"": 1, ""VWO"": 2}",0.03000000,tests/data/2026-08-24-net15,,,0.02385422,0.05668789,0.01135139,0.03037982,50987.73270330,40000.00000000,10987.73270330,0.27469332,0.05011415,0.07880770,0.49250367,0.11243361,0.70839143,0.23525764,-0.21301815,1045,2025,0.13451845,2022,-0.15214822,54126.61219813,8.39004567,0.20690780,0.00020975,,,0.12453133,0.12358011,0.12299828,0.11788500,0.12005274,0.10711320,0.11472605,0.09462018,0.12280674,0.11381363,0.12391671,0.12200039,0.12304076,0.11908582,0.12406965,0.12070368
ROT SPY top1 1-3-6-12U can TIP/1 fb best(BIL+IEF),sens,sens_2021-07-06,2021-07-06,2026-07-02,true,true,"{""*"": 6, ""ACWX"": 3, ""AGG"": 1, ""BIL"": 1, ""BND"": 1.5, ""BTAL"": 6, ""DBC"": 3, ""DBMF"": 3, ""EEM"": 1, ""EFA"": 1, ""IEF"": 1, ""IWM"": 1, ""KMLM"": 6, ""LQD"": 1.5, ""QQQ"": 1, ""SCZ"": 5, ""SHY"": 1, ""SPY"": 0.7, ""TIP"": 2, ""TLT"": 1, ""TQQQ"": 1.5, ""VEA"": 1.5, ""VEU"": 2, ""VNQ"": 1.5, ""VTI"": 1, ""VWO"": 2}",0.03000000,tests/data/2026-08-24-net15,,,0.00625337,0.03059232,0.00627106,0.03059363,61823.78556454,40000.00000000,21823.78556454,0.54559464,0.12789104,0.14220285,1.18665786,0.10655442,1.73409532,1.15137524,-0.11107676,202,2024,0.18879337,2022,-0.00666860,708310.90983988,59.96643230,2.29669565,0.00149916,0.35994555,0.00000000,,,0.00000000,0.00000000,,,0.63378339,0.00000000,,,,,,,,
SPY benchmark,sens,sens_2021-07-06,2021-07-06,2026-07-02,true,true,"{""*"": 6, ""ACWX"": 3, ""AGG"": 1, ""BIL"": 1, ""BND"": 1.5, ""BTAL"": 6, ""DBC"": 3, ""DBMF"": 3, ""EEM"": 1, ""EFA"": 1, ""IEF"": 1, ""IWM"": 1, ""KMLM"": 6, ""LQD"": 1.5, ""QQQ"": 1, ""SCZ"": 5, ""SHY"": 1, ""SPY"": 0.7, ""TIP"": 2, ""TLT"": 1, ""TQQQ"": 1.5, ""VEA"": 1.5, ""VEU"": 2, ""VNQ"": 1.5, ""VTI"": 1, ""VWO"": 2}",0.03000000,tests/data/2026-08-24-net15,,,0.00910463,0.03059232,0.00910591,0.03059363,64552.97874649,40000.00000000,24552.97874649,0.61382447,0.12809162,0.15654165,0.79552364,0.17018478,1.15423208,0.52709183,-0.24301576,709,2023,0.25758100,2022,-0.18012880,39530.83900651,2.76715873,0.12694097,0.00006918,,,,,,,,,0.99089409,0.96940637,,,,,,,,
